Tag,Notes,English,Japanese,German,French,Spanish,Portuguese,Russian,Italian,Chinese (Traditional),Chinese (Simplified),Korean,Polish,Ukrainian,Dutch,Turkish
L_ACC_BLAZINGAURA,,Blazing Aura,燃え盛るオーラ,Flammende Aura,Aura Flamboyante,Aura Ardiente,Aura Flamejante,Пылающая Аура,Aura Fiammeggiante,烈焰靈氣,烈焰光环,불타는 오라,Płomienna Aura,Палаюча Аура,Vlammende Aura,Alev Aurası
L_ACC_CHILLINGAURA,,Chilling Aura,凍てつくオーラ,Frostige Aura,Aura Glaciale,Aura Gélida,Aura Gélida,Леденящая Аура,Aura Gelida,寒冷氣場,寒冻光环,냉기의 기운,Mrożąca Aura,Крижана Аура,Ijzige Aura,Dondurucu Aura
L_ACC_EVILAURA,,Evil Aura,邪悪なオーラ,Böse Aura,Aura Maléfique,Aura Maligna,Aura Maligna,Злобная Аура,Aura Malvagia,邪惡氣息,邪恶光环,사악한 기운,Złowroga Aura,Злісна Аура,Kwaadaardige Aura,Kötülük Aurası
L_ACC_MAGICCIRCLEBLACK,,Magic Circle (Black),魔法陣（黒）,Magischer Kreis (Schwarz),Cercle Magique (Noir),Círculo Mágico (Negro),Círculo Mágico (Negro),Магический Круг (Чёрный),Cerchio Magico (Nero),魔法陣（黑）,魔法阵（黑）,마법 진(검은색),Magiczny Krąg (Czarny),Магічне Коло (Чорне),Magische Cirkel (Zwart),Büyü Çemberi (Siyah)
L_ACC_MAGICCIRCLEBLUE,,Magic Circle (Blue),魔法陣（青）,Magischer Kreis (Blau),Cercle Magique (Bleu),Círculo Mágico (Azul),Círculo Mágico (Azul),Магический Круг (Синий),Cerchio Magico (Blu),魔法陣（藍）,魔法阵（蓝）,마법 진(파랑),Magiczny Krąg (Niebieski),Магічне Коло (Синє),Magische Cirkel (Blauw),Büyü Çemberi (Mavi)
L_ACC_MAGICCIRCLEGREEN,,Magic Circle (Green),魔法陣（緑）,Magischer Kreis (Grün),Cercle Magique (Vert),Círculo Mágico (Verde),Círculo Mágico (Verde),Магический Круг (Зелёный),Cerchio Magico (Verde),魔法陣（綠）,魔法阵（绿）,마법 진(녹색),Magiczny Krąg (Zielony),Магічне Коло (Зелене),Magische Cirkel (Groen),Büyü Çemberi (Yeşil)
L_ACC_MAGICCIRCLEGOLD,,Magic Circle (Gold),魔法陣（金）,Magischer Kreis (Gold),Cercle Magique (Or),Círculo Mágico (Oro),Círculo Mágico (Ouro),Магический Круг (Золотой),Cerchio Magico (Oro),魔法陣（金）,魔法阵（金）,마법 진(금),Magiczny Krąg (Złoty),Магічне Коло (Золоте),Magische Cirkel (Goud),Sihir Çemberi (Altın)
L_ACC_MAGICCIRCLEPURPLE,,Magic Circle (Purple),魔法陣（紫）,Magischer Kreis (Lila),Cercle Magique (Violet),Círculo Mágico (Púrpura),Círculo Mágico (Roxo),Магический Круг (Фиолетовый),Cerchio Magico (Viola),魔法陣（紫）,魔法阵（紫）,마법 진(보라색),Magiczny Krąg (Fioletowy),Магічне Коло (Фіолетове),Magische Cirkel (Paars),Büyü Çemberi (Mor)
L_ACC_MAGICCIRCLERED,,Magic Circle (Red),魔法陣（赤）,Magischer Kreis (Rot),Cercle Magique (Rouge),Círculo Mágico (Rojo),Círculo Mágico (Vermelho),Магический Круг (Красный),Cerchio Magico (Rosso),魔法陣（紅）,魔法阵（红）,마법 진(적색),Magiczny Krąg (Czerwony),Магічне Коло (Червоне),Magische Cirkel (Rood),Büyü Çemberi (Kırmızı)
L_ACC_MAGICCIRCLEWHITE,,Magic Circle (White),魔法陣（白）,Magischer Kreis (Weiß),Cercle Magique (Blanc),Círculo Mágico (Blanco),Círculo Mágico (Branco),Магический Круг (Белый),Cerchio Magico (Bianco),魔法陣（白）,魔法阵（白）,마법 진(백색),Magiczny Krąg (Biały),Магічне Коло (Біле),Magische Cirkel (Wit),Büyü Çemberi (Beyaz)
L_ACC_MAGICCIRCLEYELLOW,,Magic Circle (Yellow),魔法陣（黄）,Magischer Kreis (Gelb),Cercle Magique (Jaune),Círculo Mágico (Amarillo),Círculo Mágico (Amarelo),Магический Круг (Жёлтый),Cerchio Magico (Giallo),魔法陣（黃色）,魔法阵（黄）,마법 진(노랑),Magiczny Krąg (Żółty),Магічне Коло (Жовте),Magische Cirkel (Geel),Büyü Çemberi (Sarı)
L_ACC_MYSTICAURA,,Mystic Aura,神秘のオーラ,Mystische Aura,Aura Mystique,Aura Mística,Aura Mística,Мистическая Аура,Aura Mistica,神秘靈氣,神秘光环,신비한 오라,Mistyczna Aura,Містична Аура,Mystieke Aura,Mistik Aura
L_ACC_PRISMATICAURA,,Prismatic Aura,プリズマティック・オーラ,Prismatische Aura,Aura Prismatique,Aura Prismática,Aura Prismática,Призматическая Аура,Aura Prismatica,稜鏡光環,棱彩光环,프리즘 오라,Pryzmatyczna Aura,Призматична Аура,Prismatische Aura,Prizmatik Aura
L_ACC_SHININGAURA,,Shining Aura,シャイニングオーラ,Strahlende Aura,Aura Éclatante,Aura Resplandeciente,Aura Resplandecente,Сияющая Аура,Aura Splendente,閃耀靈氣,闪耀光环,빛나는 오라,Lśniąca Aura,Сяюча Аура,Stralende Aura,Parlayan Aura
L_ACC_SHOCKINGAURA,,Shocking Aura,ショッキングオーラ,Schockende Aura,Aura Foudroyante,Aura Impactante,Aura Chocante,Шокирующая Аура,Aura Folgorante,震懾光環,震电光环,충격 오라,Porażająca Aura,Приголомшлива Аура,Schokkende Aura,Şok Aurası
L_ACC_SPARKLINGAURA,,Sparkling Aura,輝くオーラ,Funkelnde Aura,Aura Étincelante,Aura Resplandeciente,Aura Cintilante,Искрящаяся Аура,Aura Scintillante,閃爍光環,闪烁光环,반짝이는 오라,Iskrząca Aura,Іскриста Аура,Fonkelende Aura,Işıldayan Aura
L_ACC_TELLURICAURA,,Telluric Aura,テルル性のオーラ,Tellurische Aura,Aura Tellurique,Aura Telúrica,Aura Telúrica,Теллурическая Аура,Aura Tellurica,地脈靈氣,大地光环,지각 오라,Aura Telluryczna,Телурична Аура,Tellurische Aura,Yersel Aura
L_ACC_TOXICAURA,,Toxic Aura,毒のオーラ,Toxische Aura,Aura Toxique,Aura Tóxica,Aura Tóxica,Токсичная Аура,Aura Tossica,毒氣靈氣,毒性光环,독성 오라,Toksyczna Aura,Токсична Аура,Giftige Aura,Zehirli Aura
L_ACC_UMBRALAURA,,Umbral Aura,アンブラルオーラ,Schattenaura,Aura Ombrale,Aura Umbral,Aura Sombria,Теневая Аура,Aura Ombrosa,幽影靈氣,暗影光环,그림자 오라,Mroczna Aura,Тіньова Аура,Schemeraura,Gölgesel Aura
L_ACC_ANTLERLONG,,Antler (Long),枝角（長）,Geweih (Lang),Bois de cerf (Long),Cornamenta (Larga),Chifre (Longo),Рога (Длинные),Corno (Lungo),鹿角（長）,鹿角（长）,뿔 (장),Poroże (Długie),Роги (Довгі),Gewei (Lang),Boynuz (Uzun)
L_ACC_ANTLERTALL,,Antler (Tall),アントラー（トール）,Geweih (Hoch),Bois de cerf (Haut),Cornamenta (Alta),Chifre (Alto),Рога (Высокие),Corna (Alte),鹿角（高）,鹿角（高）,뿔 (높은),Poroże (Wysokie),Роги (Високі),Gewei (Lang),Boynuz (Uzun)
L_ACC_BROADHORN,,Broad Horn,ブロードホーン,Breites Horn,Corne Large,Cuerno Ancho,Chifre Largo,Широкий Рог,Corno Largo,寬角,宽角,넓은 뿔,Szeroki Róg,Широкий Ріг,Brede Hoorn,Geniş Boynuz
L_ACC_BUFFALOHORN,,Buffalo Horn,バッファローホーン,Büffelhorn,Corne de Bison,Cuerno de Búfalo,Chifre de Búfalo,Рог буйвола,Corno di Bufalo,水牛角,水牛角,버팔로 뿔,Róg Bawoła,Ріг бізона,Buffelhoren,Bufalo Boynuzu
L_ACC_BULLHORN,,Bull Horn,ブルホーン,Stierhorn,Corne de Taureau,Cuerno de Toro,Chifre de Touro,Бычий Рог,Corno di Toro,牛角,公牛角,황소 뿔,Róg Byka,Бичачий Ріг,Stierhoorn,Boğa Boynuzu
L_ACC_DEMONHORN,,Demon Horn,悪魔の角,Dämonenhorn,Corne de démon,Cuerno de Demonio,Chifre de Demônio,Рог демона,Corno Demoniaco,惡魔之角,恶魔角,악마의 뿔,Róg Demona,Ріг Демона,Demonhoorn,İblis Boynuzu
L_ACC_DOEANTLER,,Doe Antler,鹿の角,Hirschgeweih,Bois de Biche,Asta de Ciervo,Chifre de Cervo,Олений Рог,Corno di Cerva,鹿角,雌鹿角,사슴 뿔,Poroże Łani,Оленячий Ріг,Hertgewei,Geyik Boynuzu
L_ACC_DRAGONHORN,,Dragon Horn,ドラゴンホーン,Drachenhorn,Corne de Dragon,Cuerno de Dragón,Chifre de Dragão,Драконий Рог,Corno di Drago,龍角,龙角,드래곤 뿔,Smoczy Róg,Ріг Дракона,Drakenhoorn,Ejderha Boynuzu
L_ACC_IBEXHORN,,Ibex Horn,イベックスの角,Steinbockhorn,Corne d'Ibex,Cuerno de Íbice,Chifre de Íbex,Рог горного козла,Corno di Stambecco,野山羊角,羱羊角,아이벡스 뿔,Róg koziorożca,Ріг ібекса,Steenbokhoorn,Dağ Keçisi Boynuzu
L_ACC_LITTLECURLHORN,,Little Curl Horn,リトルカールホーン,Kleines Lockenhorn,Petite Corne Bouclée,Pequeño Cuerno Rizado,Pequeno Chifre Encaracolado,Маленький Витой Рог,Piccolo Corno Ricurvo,小捲角,小卷角,작은 곱슬 뿔,Mały Zakręcony Róg,Маленький Закручений Ріг,Kleine Krulhoorn,Küçük Kıvrık Boynuz
L_ACC_LITTLENUBHORN,,Little Nub Horn,小さな突起の角,Kleines Knubbel-Horn,Petite Corne de Bourgeon,Cuernecito Pequeño,Chifrezinho Pequeno,Маленький Рожок Нуба,Piccolo Corno Smussato,小嫩角,小嫩角,작은 싹 뿔,Mały Róg Kikuta,Маленький Ріжок Нуба,Kleine Stompe Hoorn,Küçük Yumru Boynuz
L_ACC_LITTLEPOINTHORN,,Little Point Horn,リトルポイントホーン,Kleines Spitzhorn,Petite Corne Pointue,Cuerno de Punta Pequeña,Pequeno Chifre Pontiagudo,Маленький Рогатый Мыс,Piccolo Corno Appuntito,小角尖,小尖角,작은 뿔 곶,Mały Róg Punktowy,Маленький Гострий Ріг,Kleine Puntige Hoorn,Küçük Nokta Boynuz
L_ACC_RAMHORN,,Ram Horn,ラムホーン,Widderhorn,Corne de bélier,Cuerno de Carnero,Chifre de Carneiro,Бараний Рог,Corno di Ariete,公羊角,公羊角,숫양 뿔,Róg Barana,Баранячий Ріг,Ramshoorn,Koç Boynuzu
L_ACC_SATYRHORN,,Satyr Horn,サテュロスの角,Satyrhorn,Corne de Satyre,Cuerno de Sátiro,Chifre de Sátiro,Рог сатира,Corno di Satiro,薩提爾之角,萨堤尔角,사티로스 뿔,Róg Satyra,Ріг Сатира,Satyrhoorn,Satir Boynuzu
L_ACC_SPIRALHORN,,Spiral Horn,スパイラルホーン,Spiralhorn,Corne en spirale,Cuerno Espiral,Chifre Espiral,Спиральный Рог,Corno a Spirale,螺旋角,螺旋角,나선 뿔,Spiralny Róg,Спіральний Ріг,Spiraalhoorn,Spiral Boynuz
L_ACC_UNICORNHORN,,Unicorn Horn,ユニコーンの角,Einhornhorn,Corne de licorne,Cuerno de Unicornio,Chifre de Unicórnio,Рог единорога,Corno di Unicorno,獨角獸之角,独角兽角,유니콘 뿔,Róg jednorożca,Ріг єдинорога,Eenhoornhoorn,Tek Boynuz Boynuzu
L_ACC_SANTABEARD,,Santa Beard,サンタひげ,Weihnachtsmannbart,Barbe de Père Noël,Barba de Santa,Barba de Papai Noel,Борода Санты,Barba di Babbo Natale,聖誕老人鬍子,圣诞老人的胡子,산타 수염,Broda Świętego Mikołaja,Борода Санти,Kerstmansbaard,Noel Baba Sakalı
L_ACC_REINDEERANTLER,,Reindeer Antler,トナカイの角,Rentiergeweih,Bois de Renne,Asta de Reno,Chifre de Rena,Олений рог,Corno di Renna,馴鹿角,驯鹿角,순록 뿔,Poroże Renifera,Оленячий ріг,Rendiergewei,Ren Geyiği Boynuzu
L_ACC_SANTAHATGREEN,,Santa Hat (Green),サンタ帽子（緑）,Weihnachtsmütze (Grün),Bonnet de Père Noël (Vert),Gorro de Santa (Verde),Gorro de Papai Noel (Verde),Шапка Санты (Зелёная),Cappello di Babbo Natale (Verde),聖誕帽（綠色）,圣诞帽（绿）,산타 모자 (초록색),Czapka Mikołaja (Zielona),Шапка Санти (Зелена),Kerstmuts (Groen),Noel Baba Şapkası (Yeşil)
L_ACC_SANTAHATRED,,Santa Hat (Red),サンタ帽子（赤）,Weihnachtsmannmütze (Rot),Bonnet de Père Noël (Rouge),Gorro de Santa (Rojo),Gorro de Papai Noel (Vermelho),Шапка Санты (Красная),Cappello di Babbo Natale (Rosso),聖誕帽（紅色）,圣诞帽（红）,산타 모자 (빨강),Czapka Mikołaja (Czerwona),Шапка Санти (Червона),Kerstmuts (Rood),Noel Baba Şapkası (Kırmızı)
L_ACC_GIFTBOX,,Gift Box,ギフトボックス,Geschenkbox,Cadeau,Caja de Regalo,Caixa de Presente,Подарочная коробка,Scrigno dei Doni,禮物盒,礼盒,선물 상자,Skrzynia Prezentów,Подарункова скринька,Geschenkkist,Hediye Kutusu
L_ACC_SNOWMAN,,Snowman,雪だるま,Schneemann,Bonhomme de neige,Muñeco de nieve,Boneco de neve,Снеговик,Pupazzo di neve,雪人,雪人,눈사람,Bałwan,Сніговик,Sneeuwpop,Kardan Adam
L_ACC_SCARF,,Scarf,スカーフ,Schal,Écharpe,Bufanda,Cachecol,Шарф,Sciarpa,圍巾,围巾,스카프,Szalik,Шарф,Sjaal,Atkı
L_ACC_CANDYCANEGREEN,,Candy Cane (Green),キャンディケーン（緑）,Zuckerstange (Grün),Sucre d'orge (Vert),Bastón de Caramelo (Verde),Bengala Doce (Verde),Леденец (Зелёный),Bastoncino di Zucchero (Verde),糖果手杖（綠）,拐杖糖（绿）,사탕 지팡이 (초록),Laska Cukrowa (Zielona),Льодяна Паличка (Зелена),Zuurstok (Groen),Şeker Bastonu (Yeşil)
L_ACC_CANDYCANERED,,Candy Cane (Red),キャンディケーン（赤）,Zuckerstange (Rot),Sucette en Forme de Canne (Rouge),Bastón de Caramelo (Rojo),Bengala de Doce (Vermelha),Леденец (Красный),Bastoncino di Zucchero (Rosso),拐杖糖（紅色）,拐杖糖（红）,사탕 지팡이 (빨강),Laska Cukrowa (Czerwona),Льодяникова Паличка (Червона),Zuurstok (Rood),Şeker Bastonu (Kırmızı)
L_ACC_HOLLY,,Holly,ホリー,Holly,Houx,Holly,Holly,Холли,Agrifoglio,霍莉,冬青,홀리,Holly,Холлі,Holly,Holly
L_ACC_WREATH,,Wreath,リース,Kranz,Couronne,Corona,Coroa,Венок,Corona,花環,花环,화환,Wieniec,Вінок,Krans,Çelenk
L_ACC_WREATHHALF,,Wreath (Half),リース（半分）,Kranz (Halb),Couronne (Moitié),Corona (Media),Coroa (Metade),Венок (Половина),Corona (Metà),花環（半）,花环（半）,화환 (반쪽),Wieniec (Połowa),Вінок (Половина),Krans (Half),Çelenk (Yarım)
L_ACC_SNOWFLAKESMALL,,Snowflake (Small),スノーフレイク（小）,Schneeflocke (Klein),Flocon de neige (Petit),Copo de Nieve (Pequeño),Floco de Neve (Pequeno),Снежинка (Малая),Fiocco di Neve (Piccolo),雪花（小）,雪花（小）,눈송이 (소형),Płatek Śniegu (Mały),Сніжинка (Мала),Sneeuwvlok (Klein),Kar Tanesi (Küçük)
L_ACC_ELECTRICARC,,Electric Arc,エレクトリックアーク,Elektrischer Bogen,Arc électrique,Arco Eléctrico,Arco Elétrico,Электрическая дуга,Arco Elettrico,電弧,电弧,전기 방전,Łuk Elektryczny,Електрична дуга,Elektrische Boog,Elektrik Arkı
L_ACC_GHOSTLYFLAME,,Ghostly Flame,幽霊の炎,Geisterhafte Flamme,Flamme Spectrale,Llama Fantasmal,Chama Fantasmagórica,Призрачное Пламя,Fiamma Spettrale,幽靈之焰,幽灵火焰,유령의 불꽃,Upiorny Płomień,Примарне Полум'я,Spookachtige Vlam,Hayaletimsi Alev
L_ACC_ELECTROBALL,,Electroball,エレクトロボール,Elektrokugel,Électrosphère,Electrobola,Eletrobola,Электрошар,Elettrosfera,電球,闪电球,일렉트로볼,Elektrokula,Електрокуля,Elektrobal,Elektro Top
L_ACC_FIREWHOOSH,,Fire Whoosh,ファイアウォッシュ,Feuer-Wusch,Souffle de Feu,Ráfaga de Fuego,Rajada de Fogo,Огненный Свист,Sibilo di Fuoco,火焰呼嘯,呼呼火焰,화염 휙,Świst Ognia,Свист Вогню,Vuurzoef,Ateş Vınlaması
L_ACC_FLAME,,Flame,炎,Flamme,Flamme,Llama,Chama,Пламя,Fiamma,烈焰,烈焰,화염,Płomień,Полум'я,Vlam,Alev
L_ACC_SNOWFLAKELARGE,,Snowflake (Large),スノーフレイク（大）,Schneeflocke (Groß),Flocon de neige (Grand),Copo de Nieve (Grande),Floco de Neve (Grande),Снежинка (Большая),Fiocco di Neve (Grande),雪花（大）,雪花（大）,눈송이 (대형),Płatek Śniegu (Duży),Сніжинка (Велика),Sneeuwvlok (Groot),Kar Tanesi (Büyük)
L_ACC_GROUNDFIREBLUE,,Ground Fire (Blue),グランドファイア（青）,Bodenfeuer (Blau),Feu de Sol (Bleu),Fuego Terrestre (Azul),Fogo Terrestre (Azul),Огонь по Земле (Синий),Fuoco di Terra (Blu),地面之火（藍）,地火（蓝）,지면 화염 (파랑),Ogień Naziemny (Niebieski),Вогонь по Землі (Синій),Grondvuur (Blauw),Yer Ateşi (Mavi)
L_ACC_GROUNDFIRERED,,Ground Fire (Red),グランドファイア（赤）,Bodenfeuer (Rot),Feu de Sol (Rouge),Fuego Terrestre (Rojo),Fogo Terrestre (Vermelho),Огонь по Земле (Красный),Fuoco di Terra (Rosso),地面之火（紅）,地火（红）,지면 화염 (적색),Ogień Naziemny (Czerwony),Вогонь по Землі (Червоний),Grondvuur (Rood),Yer Ateşi (Kırmızı)
L_ACC_GROUNDFIREPURPLE,,Ground Fire (Purple),グランドファイア（紫）,Bodenfeuer (Lila),Feu de Sol (Violet),Fuego Terrestre (Púrpura),Fogo Terrestre (Roxo),Огонь по Земле (Фиолетовый),Fuoco Terreno (Viola),地面之火（紫）,地火（紫）,지면 화염 (보라색),Ogień Naziemny (Fioletowy),Вогонь по Землі (Фіолетовий),Grondvuur (Paars),Yer Ateşi (Mor)
L_ACC_SPARKLESBLUE,,Sparkles (Blue),スパークル（青）,Funken (Blau),Étincelles (Bleu),Destellos (Azul),Brilhos (Azul),Искры (Синие),Scintille (Blu),閃光 (藍),闪光（蓝）,반짝임 (파란색),Iskierki (Niebieskie),Іскри (Сині),Fonkelingen (Blauw),Parıltılar (Mavi)
L_ACC_SPARKLESGREEN,,Sparkles (Green),スパークル（緑）,Funken (Grün),Étincelles (Vert),Destellos (Verde),Brilhos (Verde),Искры (Зелёные),Scintille (Verde),閃光 (綠色),闪光（绿）,반짝임 (초록),Iskierki (Zielone),Іскри (Зелені),Fonkelingen (Groen),Parıltılar (Yeşil)
L_ACC_SPARKLESPURPLE,,Sparkles (Purple),スパークル（紫）,Funken (Lila),Étincelles (Violet),Destellos (Púrpura),Brilhos (Roxo),Искры (Фиолетовые),Scintille (Viola),閃光 (紫色),闪光（紫）,반짝임 (보라색),Iskierki (Fioletowe),Іскри (Фіолетові),Fonkelingen (Paars),Parıltılar (Mor)
L_ACC_SPARKLESRED,,Sparkles (Red),スパークル（赤）,Funken (Rot),Étincelles (Rouge),Destellos (Rojo),Brilhos (Vermelho),Искры (Красные),Scintille (Rosso),閃光 (紅),闪光（红）,반짝임 (빨강),Iskierki (Czerwone),Іскри (Червоні),Fonkelingen (Rood),Kıvılcımlar (Kırmızı)
L_ACC_SPARKLESYELLOW,,Sparkles (Yellow),キラキラ（黄色）,Funken (Gelb),Étincelles (Jaune),Destellos (Amarillo),Brilhos (Amarelo),Искры (Жёлтые),Scintille (Gialle),閃光（黃色）,闪光（黄）,반짝임 (노란색),Iskierki (Żółte),Іскри (Жовті),Fonkelingen (Geel),Parıltılar (Sarı)
L_ACC_BLINDFOLD,,Blindfold,目隠し,Augenbinde,Bandeau,Venda,Venda,Повязка на глаза,Benda,眼罩,眼罩,눈가리개,Opaska na oczy,Пов'язка на очі,Blinddoek,Göz Bandı
L_ACC_BULGINGEYE,,Bulging Eye,膨らんだ目,Hervortretendes Auge,Œil exorbité,Ojo Saltón,Olho Saltado,Выпученный глаз,Occhio Sporgente,凸眼,凸出的眼睛,불거진 눈,Wybałuszone Oko,Опуклі Очі,Uitpuilend Oog,Pörtlek Göz
L_ACC_EYEPATCH,,Eye Patch,眼帯,Augenklappe,Cache-œil,Parche de Ojo,Tapa-olho,Повязка на глаз,Benda per l'occhio,眼罩,眼罩,안대,Opaska na oko,Пов'язка на око,Ooglapje,Göz Bandı
L_ACC_GLASSES,,Glasses,メガネ,Brille,Lunettes,Gafas,Óculos,Очки,Occhiali,眼鏡,眼镜,안경,Okulary,Окуляри,Bril,Gözlük
L_ACC_GLOWINGEYEBLUE,,Glowing Eye (Blue),輝く目（青）,Leuchtendes Auge (Blau),Œil Luisant (Bleu),Ojo Brillante (Azul),Olho Brilhante (Azul),Светящийся глаз (Синий),Occhio Luminoso (Blu),發光的眼睛（藍色）,燃焰之眼（蓝）,빛나는 눈 (파란색),Świecące Oko (Niebieskie),Сяюче Око (Синє),Gloeiend Oog (Blauw),Parlayan Göz (Mavi)
L_ACC_GLOWINGEYEGREEN,,Glowing Eye (Green),輝く目（緑）,Leuchtendes Auge (Grün),Œil Luisant (Vert),Ojo Brillante (Verde),Olho Brilhante (Verde),Светящийся глаз (зелёный),Occhio Luminoso (Verde),發光的眼睛（綠色）,燃焰之眼（绿）,빛나는 눈 (초록),Świecące Oko (Zielone),Сяюче Око (Зелене),Gloeiend Oog (Groen),Parlayan Göz (Yeşil)
L_ACC_GLOWINGEYEPURPLE,,Glowing Eye (Purple),輝く目（紫）,Leuchtendes Auge (Lila),Œil Luisant (Violet),Ojo Brillante (Púrpura),Olho Brilhante (Roxo),Светящийся глаз (Фиолетовый),Occhio Luminoso (Viola),發光的眼睛（紫色）,燃焰之眼（紫）,빛나는 눈 (보라색),Świecące Oko (Fioletowe),Сяюче Око (Фіолетове),Gloeiend Oog (Paars),Parlayan Göz (Mor)
L_ACC_GLOWINGEYERED,,Glowing Eye (Red),輝く目（赤）,Leuchtendes Auge (Rot),Œil Luisant (Rouge),Ojo Brillante (Rojo),Olho Brilhante (Vermelho),Светящийся глаз (красный),Occhio Luminoso (Rosso),發光的眼睛（紅）,燃焰之眼（红）,빛나는 눈 (빨강),Świecące Oko (Czerwone),Сяюче Око (Червоне),Gloeiend Oog (Rood),Parlayan Göz (Kırmızı)
L_ACC_GLOWINGEYEYELLOW,,Glowing Eye (Yellow),輝く目（黄色）,Leuchtendes Auge (Gelb),Œil Luisant (Jaune),Ojo Brillante (Amarillo),Olho Brilhante (Amarelo),Светящийся глаз (Жёлтый),Occhio Luminoso (Giallo),發光的眼睛（黃色）,燃焰之眼（黄）,빛나는 눈 (노란색),Świecące Oko (Żółte),Сяюче Око (Жовте),Gloeiend Oog (Geel),Parlayan Göz (Sarı)
L_ACC_GOGGLES,,Goggles,ゴーグル,Schutzbrille,Lunettes,Gafas,Óculos de Proteção,Очки,Occhiali protettivi,護目鏡,护目镜,고글,Gogle,Окуляри,Bril,Gözlük
L_ACC_MONOCLE,,Monocle,単眼鏡,Monokel,Monocle,Monóculo,Monóculo,Монокль,Monocolo,單片眼鏡,单片眼镜,단안경,Monokl,Монокль,Monocle,Monokl
L_ACC_MYSTICEYE,,Mystic Eye,神秘の眼,Mystisches Auge,Œil Mystique,Ojo Místico,Olho Místico,Мистический Глаз,Occhio Mistico,神秘之眼,神秘之眼,신비한 눈,Mistyczne Oko,Містичне Око,Mystiek Oog,Mistik Göz
L_ACC_RIDICULOUSSHADES,,Ridiculous Shades,突拍子もないサングラス,Lächerliche Sonnenbrille,Lunettes Ridicules,Gafas Ridículas,Óculos Ridículos,Нелепые Очки,Occhiali Ridicoli,荒謬眼鏡,滑稽的墨镜,우스꽝스러운 선글라스,Absurdalne Okulary,Безглузді Окуляри,Belachelijke Zonnebril,Saçma Gözlükler
L_ACC_ROBOTICEYE,,Robotic Eye,ロボットの目,Robotisches Auge,Œil Robotique,Ojo Robótico,Olho Robótico,Роботический глаз,Occhio Robotico,機械眼,机械眼,로봇 눈,Robotyczne Oko,Роботичне Око,Robotisch Oog,Robotik Göz
L_ACC_SHADES,,Shades,シェイド,Schatten,Ombres,Sombras,Sombras,Тени,Ombre,幽影,墨镜,그림자,Cienie,Тіні,Schimmen,Gölgeler
L_ACC_TECHVISOR,,Tech Visor,テックバイザー,Techvisier,Viseur Technique,Visor Tecnológico,Visor Tecnológico,Технический Визор,Visore Tecnologico,科技面罩,科技面罩,테크 바이저,Wizjer Techniczny,Технічний візор,Techbril,Teknoloji Vizörü
L_ACC_WIGGLING,,Wiggling,うごめく,Wackelnd,Gigotant,Meneándose,Balançando,Покачивание,Dondolante,扭動,扭动,꿈틀거리는,Wiercenie się,Погойдування,Wiebelen,Kıvranma
L_ACC_GARLAND,,Garland,ガーランド,Garland,Garland,Garland,Garland,Гарланд,Garland,加蘭德,花冠,갈란드,Garland,Гарланд,Garland,Garland
L_ACC_HALO,,Halo,ハロー,Halo,Halo,Halo,Halo,Ореол,Halo,光環,光环,헤일로,Halo,Ореол,Halo,Halo
L_ACC_JESTER,,Jester,ジェスター,Narr,Bouffon,Bufón,Bobo da Corte,Шут,Giullare,小丑,小丑,광대,Błazen,Блазень,Nar,Soytarı
L_ACC_HOOD,,Hood,フード,Kapuze,Capuche,Capucha,Capuz,Капюшон,Cappuccio,兜帽,兜帽,후드,Kaptur,Каптур,Kap,Başlık
L_ACC_HORNEDHELMET,,Horned Helmet,角付きヘルメット,Gehörnter Helm,Casque à Cornes,Casco con Cuernos,Elmo Cornudo,Рогатый Шлем,Elmo Cornuto,角盔,角盔,뿔 투구,Rogaty Hełm,Рогатий шолом,Gehoornde Helm,Boynuzlu Miğfer
L_ACC_SKULLMASK,,Skull Mask,スカルマスク,Totenkopfmaske,Masque Crânien,Máscara de Calavera,Máscara de Caveira,Маска Черепа,Maschera Teschio,骷髏面具,骷髅面具,해골 가면,Maska Czaszki,Маска Черепа,Schedel Masker,Kafatası Maskesi
L_ACC_WOODMASK,,Wood Mask,木の仮面,Holzmaske,Masque en Bois,Máscara de Madera,Máscara de Madeira,Деревянная Маска,Maschera di Legno,木製面具,木制面具,나무 가면,Drewniana Maska,Дерев'яна маска,Houten Masker,Ahşap Maske
L_ACC_MEDAL,,Medal,メダル,Medaille,Médaille,Medalla,Medalha,Медаль,Medaglia,勳章,勋章,메달,Medal,Медаль,Medaille,Madalya
L_ACC_LARGERIBBONBLUE,,Large Ribbon (Blue),大きなリボン（青）,Große Schleife (Blau),Grand Ruban (Bleu),Lazo Grande (Azul),Laço Grande (Azul),Большая Лента (Синяя),Nastro Grande (Blu),大型緞帶（藍色）,大蝴蝶结（蓝）,큰 리본 (파란색),Duża Wstążka (Niebieska),Велика Стрічка (Синя),Grote Lint (Blauw),Büyük Kurdele (Mavi)
L_ACC_LARGERIBBONBLACK,,Large Ribbon (Black),大きなリボン（黒）,Große Schleife (Schwarz),Grand Ruban (Noir),Lazo Grande (Negro),Laço Grande (Preto),Большая лента (Чёрная),Fiocco Grande (Nero),大型緞帶（黑色）,大蝴蝶结（黑）,큰 리본 (검정),Duża Wstążka (Czarna),Велика стрічка (чорна),Groot Lint (Zwart),Büyük Kurdele (Siyah)
L_ACC_LARGERIBBONGREEN,,Large Ribbon (Green),大きなリボン（緑）,Große Schleife (Grün),Grand Ruban (Vert),Lazo Grande (Verde),Laço Grande (Verde),Большая лента (зелёная),Nastro Grande (Verde),大型緞帶（綠色）,大蝴蝶结（绿）,큰 리본 (초록),Duża Wstążka (Zielona),Велика Стрічка (Зелена),Grote Lint (Groen),Büyük Kurdele (Yeşil)
L_ACC_LARGERIBBONPURPLE,,Large Ribbon (Purple),大きなリボン（紫）,Große Schleife (Lila),Grand Ruban (Violet),Lazo Grande (Morado),Laço Grande (Roxo),Большая лента (Фиолетовая),Nastro Grande (Viola),大型緞帶（紫色）,大蝴蝶结（紫）,큰 리본 (보라색),Duża Wstążka (Fioletowa),Велика Стрічка (Фіолетова),Groot Lint (Paars),Büyük Kurdele (Mor)
L_ACC_LARGERIBBONRED,,Large Ribbon (Red),大きなリボン（赤）,Große Schleife (Rot),Grand Ruban (Rouge),Lazo Grande (Rojo),Laço Grande (Vermelho),Большая Лента (Красная),Fiocco Grande (Rosso),大型緞帶（紅）,大蝴蝶结（红）,큰 리본 (빨강),Duża Wstążka (Czerwona),Велика Стрічка (Червона),Grote Lint (Rood),Büyük Kurdele (Kırmızı)
L_ACC_LARGERIBBONWHITE,,Large Ribbon (White),大きなリボン（白）,Große Schleife (Weiß),Grand Ruban (Blanc),Lazo Grande (Blanco),Laço Grande (Branco),Большая лента (Белая),Fiocco Grande (Bianco),大型緞帶（白色）,大蝴蝶结（白）,큰 리본 (흰색),Duża Wstążka (Biała),Велика стрічка (Біла),Groot Lint (Wit),Büyük Kurdele (Beyaz)
L_ACC_LARGERIBBONYELLOW,,Large Ribbon (Yellow),大きなリボン（黄色）,Große Schleife (Gelb),Grand Ruban (Jaune),Lazo Grande (Amarillo),Laço Grande (Amarelo),Большая лента (Жёлтая),Fiocco Grande (Giallo),大型緞帶（黃色）,大蝴蝶结（黄）,큰 리본 (노랑),Duża Wstążka (Żółta),Велика Стрічка (Жовта),Grote Lint (Geel),Büyük Kurdele (Sarı)
L_ACC_SMALLRIBBONBLUE,,Small Ribbon (Blue),小さなリボン（青）,Kleine Schleife (Blau),Petit Ruban (Bleu),Pequeño Lazo (Azul),Pequena Fita (Azul),Маленькая Лента (Синяя),Piccolo Nastro (Blu),小緞帶（藍）,小蝴蝶结（蓝）,작은 리본 (파란색),Mała Wstążka (Niebieska),Маленька стрічка (Синя),Kleine Lint (Blauw),Küçük Kurdele (Mavi)
L_ACC_SMALLRIBBONBLACK,,Small Ribbon (Black),小さなリボン（黒）,Kleine Schleife (Schwarz),Petit Ruban (Noir),Pequeño Lazo (Negro),Pequena Fita (Preta),Маленькая лента (Чёрная),Piccolo Nastro (Nero),小緞帶（黑色）,小蝴蝶结（黑）,작은 리본 (검정),Mała Wstążka (Czarna),Маленька стрічка (чорна),Kleine Lint (Zwart),Küçük Kurdele (Siyah)
L_ACC_SMALLRIBBONGREEN,,Small Ribbon (Green),小さなリボン（緑）,Kleine Schleife (Grün),Petit Ruban (Vert),Lazo Pequeño (Verde),Pequena Fita (Verde),Маленькая Лента (Зелёная),Piccolo Nastro (Verde),小緞帶（綠）,小蝴蝶结（绿）,작은 리본 (초록색),Mała Wstążka (Zielona),Маленька стрічка (зелена),Kleine Lint (Groen),Küçük Kurdele (Yeşil)
L_ACC_SMALLRIBBONPURPLE,,Small Ribbon (Purple),小さなリボン（紫）,Kleine Schleife (Lila),Petit Ruban (Violet),Pequeño Lazo (Púrpura),Pequena Fita (Roxa),Маленькая лента (Фиолетовая),Piccolo Nastro (Viola),小緞帶（紫色）,小蝴蝶结（紫）,작은 리본 (보라색),Mała Wstążka (Fioletowa),Маленька Стрічка (Фіолетова),Kleine Lint (Paars),Küçük Kurdele (Mor)
L_ACC_SMALLRIBBONRED,,Small Ribbon (Red),小さなリボン（赤）,Kleine Schleife (Rot),Petit Ruban (Rouge),Lazo Pequeño (Rojo),Pequena Fita (Vermelha),Маленькая Лента (Красная),Piccolo Nastro (Rosso),小緞帶（紅）,小蝴蝶结（红）,작은 리본 (빨강),Mała Wstążka (Czerwona),Маленька стрічка (Червона),Kleine Lint (Rood),Küçük Kurdele (Kırmızı)
L_ACC_SMALLRIBBONWHITE,,Small Ribbon (White),小さなリボン（白）,Kleine Schleife (Weiß),Petit Ruban (Blanc),Lazo Pequeño (Blanco),Pequena Fita (Branca),Маленькая лента (Белая),Piccolo Nastro (Bianco),小緞帶（白色）,小蝴蝶结（白）,작은 리본 (흰색),Mała Wstążka (Biała),Маленька стрічка (Біла),Kleine Lint (Wit),Küçük Kurdele (Beyaz)
L_ACC_SMALLRIBBONYELLOW,,Small Ribbon (Yellow),小さなリボン（黄色）,Kleine Schleife (Gelb),Petit Ruban (Jaune),Lazo Pequeño (Amarillo),Pequena Fita (Amarela),Маленькая лента (Жёлтая),Piccolo Nastro (Giallo),小緞帶（黃色）,小蝴蝶结（黄）,작은 리본 (노랑),Mała Wstążka (Żółta),Маленька стрічка (жовта),Kleine Lint (Geel),Küçük Kurdele (Sarı)
L_ACC_CRYSTALSMALL,,Crystal (Small),クリスタル（小）,Kristall (Klein),Cristal (Petit),Cristal (Pequeño),Cristal (Pequeno),Кристалл (Малый),Cristallo (Piccolo),水晶 (小),水晶（小）,수정 (소형),Kryształ (Mały),Кристал (Малий),Kristal (Klein),Kristal (Küçük)
L_ACC_STONESMALL,,Stone (Small),石ころ,Stein (Klein),Pierre (Petite),Piedra (Pequeña),Pedra (Pequena),Камень (Малый),Pietra (Piccola),石頭（小）,石头（小）,돌 (소형),Kamień (Mały),Камінь (Малий),Steen (Klein),Taş (Küçük)
L_ACC_STONEFLOOR,,Stone Floor,石の床,Steinboden,Sol de pierre,Suelo de Piedra,Piso de Pedra,Каменный пол,Pavimento di Pietra,石製地板,石头地,돌바닥,Kamienna Podłoga,Кам'яна підлога,Stenen Vloer,Taş Zemin
L_ACC_CRYSTALLONG,,Crystal (Long),クリスタル（長）,Kristall (Lang),Cristal (Long),Cristal (Largo),Cristal (Longo),Кристалл (Длинный),Cristallo (Lungo),水晶（長）,水晶（长）,수정 (긴),Kryształ (Długi),Кристал (Довгий),Kristal (Lang),Kristal (Uzun)
L_ACC_STONELONG,,Stone (Long),石（長）,Stein (Lang),Pierre (Long),Piedra (Larga),Pedra (Longa),Камень (Длинный),Pietra (Lunga),石頭（長）,石头（长）,돌 (긴),Kamień (Długi),Камінь (Довгий),Steen (Lang),Taş (Uzun)
L_ACC_CRYSTALLARGE,,Crystal (Large),大きな水晶,Kristall (Groß),Cristal (Grand),Cristal (Grande),Cristal (Grande),Кристалл (Большой),Cristallo (Grande),水晶（大）,水晶（大）,수정 (대형),Kryształ (Duży),Кристал (Великий),Kristal (Groot),Kristal (Büyük)
L_ACC_BANDAGE,,Bandage,包帯,Verband,Bandage,Venda,Bandagem,Повязка,Benda,繃帶,绷带,붕대,Bandaż,Бинт,Verband,Bandaj
L_ACC_BELL,,Bell,ベル,Glocke,Cloche,Campana,Sino,Колокол,Campana,鈴鐺,铃铛,종,Dzwon,Дзвін,Bel,Çan
L_ACC_CATBELL,,Catbell,キャットベル,Katzenglocke,Clochette de chat,Cascabel,Sino de Gato,Кошачий колокольчик,Campanello Felino,貓鈴,猫铃铛,고양이방울,Koci Dzwonek,Котячий дзвіночок,Katbel,Kediçanı
L_ACC_CORNFLOWER,,Cornflower,コーンフラワー,Kornblume,Bleuet,Aciano,Centáurea,Василёк,Fiordaliso,矢車菊,矢车菊,수레국화,Chaber,Волошка,Korenbloem,Peygamber Çiçeği
L_ACC_DANDELION,,Dandelion,タンポポ,Löwenzahn,Pissenlit,Diente de león,Dente-de-leão,Одуванчик,Tarassaco,蒲公英,蒲公英,민들레,Mniszek,Кульбаба,Paardenbloem,Karahindiba
L_ACC_BLUEFLAG,,Blue Flag,青旗,Blaue Flagge,Drapeau Bleu,Bandera Azul,Bandeira Azul,Синий флаг,Bandiera Blu,藍旗,蓝旗,파란 깃발,Niebieska Flaga,Синій прапор,Blauwe Vlag,Mavi Bayrak
L_ACC_BLACKFLAG,,Black Flag,黒旗,Schwarze Flagge,Drapeau Noir,Bandera Negra,Bandeira Negra,Чёрный флаг,Bandiera Nera,黑旗,黑旗,검은 깃발,Czarna Flaga,Чорний прапор,Zwarte Vlag,Kara Bayrak
L_ACC_CHECKEREDFLAG,,Checkered Flag,チェッカーフラッグ,Zielflagge,Drapeau à Damier,Bandera a Cuadros,Bandeira Quadriculada,Клетчатый флаг,Bandiera a Scacchi,方格旗,方格旗,체크무늬 깃발,Flaga w Szachownicę,Картатий прапор,Geblokte Vlag,Damalı Bayrak
L_ACC_GREENFLAG,,Green Flag,グリーンフラッグ,Grüne Flagge,Drapeau Vert,Bandera Verde,Bandeira Verde,Зелёный флаг,Bandiera Verde,綠旗,绿旗,녹색 깃발,Zielona Flaga,Зелений прапор,Groene Vlag,Yeşil Bayrak
L_ACC_PURPLEFLAG,,Purple Flag,パープルフラッグ,Violette Flagge,Drapeau Violet,Bandera Púrpura,Bandeira Roxa,Пурпурный флаг,Bandiera Viola,紫旗,紫旗,보라색 깃발,Purpurowa Flaga,Фіолетовий прапор,Paarse Vlag,Mor Bayrak
L_ACC_REDFLAG,,Red Flag,赤旗,Rote Flagge,Drapeau Rouge,Bandera Roja,Bandeira Vermelha,Красный Флаг,Bandiera Rossa,紅旗,红旗,적기,Czerwona Flaga,Червоний Прапор,Rode Vlag,Kırmızı Bayrak
L_ACC_RAINBOWFLAG,,Rainbow Flag,レインボーフラッグ,Regenbogenfahne,Drapeau Arc-en-ciel,Bandera Arcoíris,Bandeira do Arco-Íris,Радужный флаг,Bandiera Arcobaleno,彩虹旗,彩虹旗,무지개 깃발,Tęczowa Flaga,Веселкова прапор,Regenboogvlag,Gökkuşağı Bayrağı
L_ACC_FLOWERBUNCHSMALL,,Flower Bunch (Small),花束（小）,Blumenstrauß (Klein),Bouquet de Fleurs (Petit),Ramo de Flores (Pequeño),Buquê de Flores (Pequeno),Букет цветов (Маленький),Mazzetto di Fiori (Piccolo),花束（小）,花束（小）,꽃다발 (소형),Bukiet Kwiatów (Mały),Букет квітів (малий),Bloemenbos (Klein),Çiçek Demeti (Küçük)
L_ACC_GEMBLUE,,Gem (Blue),宝石（青）,Edelstein (Blau),Gemme (Bleue),Gema (Azul),Gema (Azul),Самоцвет (Синий),Gemma (Blu),寶石（藍）,宝石（蓝）,보석 (파랑),Klejnot (Niebieski),Самоцвіт (Синій),Edelsteen (Blauw),Mücevher (Mavi)
L_ACC_GEMBLACK,,Gem (Black),宝石（黒）,Edelstein (Schwarz),Gemme (Noire),Gema (Negra),Gema (Preta),Самоцвет (Черный),Gemma (Nera),寶石（黑）,宝石（黑）,보석 (검정),Klejnot (Czarny),Самоцвіт (Чорний),Edelsteen (Zwart),Mücevher (Siyah)
L_ACC_GEMGREEN,,Gem (Green),宝石（緑）,Edelstein (Grün),Gemme (Verte),Gema (Verde),Gema (Verde),Самоцвет (Зелёный),Gemma (Verde),寶石（綠）,宝石（绿）,보석 (녹색),Klejnot (Zielony),Самоцвіт (Зелений),Edelsteen (Groen),Mücevher (Yeşil)
L_ACC_GEMPURPLE,,Gem (Purple),宝石（紫）,Edelstein (Lila),Gemme (Violette),Gema (Púrpura),Gema (Roxa),Самоцвет (Фиолетовый),Gemma (Viola),寶石（紫）,宝石（紫）,보석 (보라색),Klejnot (Fioletowy),Самоцвіт (Фіолетовий),Edelsteen (Paars),Mücevher (Mor)
L_ACC_GEMRED,,Gem (Red),宝石（赤）,Edelstein (Rot),Gemme (Rouge),Gema (Roja),Gema (Vermelha),Самоцвет (Красный),Gemma (Rossa),寶石（紅）,宝石（红）,보석 (빨강),Klejnot (Czerwony),Самоцвіт (Червоний),Edelsteen (Rood),Mücevher (Kırmızı)
L_ACC_GEMWHITE,,Gem (White),宝石（白）,Edelstein (Weiß),Gemme (Blanche),Gema (Blanca),Gema (Branca),Самоцвет (Белый),Gemma (Bianca),寶石（白）,宝石（白）,보석 (백색),Klejnot (Biały),Самоцвіт (Білий),Edelsteen (Wit),Mücevher (Beyaz)
L_ACC_GEMYELLOW,,Gem (Yellow),宝石（黄）,Edelstein (Gelb),Gemme (Jaune),Gema (Amarilla),Gema (Amarela),Самоцвет (Жёлтый),Gemma (Gialla),寶石（黃）,宝石（黄）,보석 (노란색),Klejnot (Żółty),Самоцвіт (Жовтий),Edelsteen (Geel),Mücevher (Sarı)
L_ACC_LEAVESLARGE,,Leaves (Large),葉っぱ（大）,Blätter (Groß),Feuilles (Grandes),Hojas (Grandes),Folhas (Grandes),Листья (Большие),Foglie (Grandi),葉子（大）,树叶（大）,나뭇잎 (대형),Liście (Duże),Листя (Велике),Bladeren (Groot),Yapraklar (Büyük)
L_ACC_LEAVESSMALL,,Leaves (Small),葉っぱ（小）,Blätter (Klein),Feuilles (Petites),Hojas (Pequeñas),Folhas (Pequenas),Листья (Маленькие),Foglie (Piccole),樹葉（小）,树叶（小）,나뭇잎 (소형),Liście (Małe),Листя (Мале),Bladeren (Klein),Yapraklar (Küçük)
L_ACC_MOON,,Moon,月,Mond,Lune,Luna,Lua,Луна,Luna,月亮,月亮,달,Księżyc,Місяць,Maan,Ay
L_ACC_MUMMYWRAPSLARGE,,Mummy Wraps (Large),ミイラの包帯（大）,Mumienbinden (Groß),Bandelettes de Momie (Grande),Vendas de Momia (Grande),Ataduras de Múmia (Grande),Бинты Мумии (Большие),Bende di Mummia (Grandi),木乃伊繃帶（大）,木乃伊绷带（大）,미라 붕대 (대형),Bandaże Mumii (Duże),Бинти Мумії (Великі),Mummiewindsels (Groot),Mumya Sargıları (Büyük)
L_ACC_MUMMYWRAPSSMALL,,Mummy Wraps (Small),ミイラの包帯（小）,Mumienbinden (Klein),Bandelettes de Momie (Petit),Vendas de Momia (Pequeñas),Ataduras de Múmia (Pequeno),Обмотки Мумии (Малые),Bende di Mummia (Piccole),木乃伊繃帶（小）,木乃伊绷带（小）,미라 붕대 (소형),Bandaże Mumii (Małe),Бинти Мумії (Малі),Mummiewindsels (Klein),Mumya Sargıları (Küçük)
L_ACC_PANSY,,Pansy,パンジー,Stiefmütterchen,Pensée,Pensamiento,Amor-perfeito,Анютины глазки,Viola del pensiero,三色堇,三色堇,팬지,Bratek,Фіалка,Viooltje,Hercai
L_ACC_ROSE,,Rose,ローズ,Rose,Rose,Rosa,Rosa,Роза,Rosa,蘿絲,玫瑰,로즈,Róża,Роза,Roos,Gül
L_ACC_RUNEBLUE,,Rune (Blue),ルーン（青）,Rune (Blau),Rune (Bleue),Runa (Azul),Runa (Azul),Руна (Синяя),Runa (Blu),符文（藍）,符文（蓝）,룬 (파랑),Runa (Niebieska),Руна (Синя),Rune (Blauw),Rün (Mavi)
L_ACC_RUNEGREEN,,Rune (Green),ルーン（緑）,Rune (Grün),Rune (Verte),Runa (Verde),Runa (Verde),Руна (Зеленая),Runa (Verde),符文（綠）,符文（绿）,룬 (초록),Runa (Zielona),Руна (Зелена),Rune (Groen),Rün (Yeşil)
L_ACC_RUNEPURPLE,,Rune (Purple),ルーン（紫）,Rune (Lila),Rune (Violet),Runa (Púrpura),Runa (Roxa),Руна (Фиолетовая),Runa (Viola),符文（紫）,符文（紫）,룬 (보라색),Runa (Fioletowa),Руна (Фіолетова),Rune (Paars),Rün (Mor)
L_ACC_RUNERED,,Rune (Red),ルーン（赤）,Rune (Rot),Rune (Rouge),Runa (Roja),Runa (Vermelha),Руна (Красная),Runa (Rossa),符文（紅）,符文（红）,룬 (빨강),Runa (Czerwona),Руна (Червона),Rune (Rood),Rün (Kırmızı)
L_ACC_RUNEWHITE,,Rune (White),ルーン（白）,Rune (Weiß),Rune (Blanche),Runa (Blanca),Runa (Branca),Руна (Белая),Runa (Bianca),符文（白）,符文（白）,룬 (백색),Runa (Biała),Руна (Біла),Rune (Wit),Rün (Beyaz)
L_ACC_RUNEYELLOW,,Rune (Yellow),ルーン（黄）,Rune (Gelb),Rune (Jaune),Runa (Amarilla),Runa (Amarela),Руна (Жёлтая),Runa (Gialla),符文（黃色）,符文（黄）,룬 (노랑),Runa (Żółta),Руна (Жовта),Rune (Geel),Rün (Sarı)
L_ACC_SUN,,Sun,太陽,Sonne,Soleil,Sol,Sol,Солнце,Sole,太陽,太阳,태양,Słońce,Сонце,Zon,Güneş
L_ACC_VINESSMALL,,Vines (Small),ツタ（小）,Ranken (Klein),Vignes (Petites),Enredaderas (Pequeñas),Vinhas (Pequenas),Лозы (Малые),Rampicanti (Piccoli),藤蔓（小）,藤蔓（小）,덩굴 (소형),Pnącza (Małe),Лози (Малі),Klimop (Klein),Sarmaşıklar (Küçük)
L_ACC_VINESLARGE,,Vines (Large),ツタ（大）,Ranken (Groß),Vignes (Grandes),Enredaderas (Grandes),Vinhas (Grande),Лианы (Большие),Rampicanti (Grandi),藤蔓（大）,藤蔓（大）,덩굴 (대형),Pnącza (Duże),Виноградні лози (Великі),Lianen (Groot),Sarmaşıklar (Büyük)
L_ACC_WOODCHUNK,,Wood Chunk,木の塊,Holzstück,Morceau de bois,Trozo de madera,Pedaço de Madeira,Кусок дерева,Pezzo di Legno,木塊,木块,나무 조각,Kawałek drewna,Шматок деревини,Houtstuk,Odun Parçası
L_ACC_BAOBAO,"This is the name of a pet. Bao Bao, as in dumpling.",Bao Bao,バオバオ,Bao Bao,Bao Bao,Bao Bao,Bao Bao,Бао Бао,Bao Bao,寶寶,宝宝,바오 바오,Bao Bao,Бао Бао,Bao Bao,Bao Bao
L_ACC_FUNBOX,This is the name of a pet.,Funbox,ファンボックス,Funbox,Funbox,Funbox,Funbox,Фанбокс,Funbox,趣味盒,趣味盒子,펀박스,Funbox,Веселобокс,Funbox,Eğlence Kutusu
L_ACC_IMPIMPINGTONJR.,,Imp Impington Jr.,インプ・インピントン・ジュニア,Imp Impington Jr.,Imp Impington Jr.,Diablillo Impington Jr.,Diabrete Impington Jr.,Бесёнок Импингтон Младший,Imp Impington Jr.,小惡魔英彬頓二世,小小鬼英普顿,임프 임핑턴 주니어,Imp Impington Jr.,Біс Імпінгтон Молодший,Kobold Koboldson Jr.,Cin Cington Jr.
L_ACC_WISPY,This is the name of a pet.,Wispy,幽霊のような,Nebelhaft,Éthéré,Etéreo,Etéreo,Призрачный,Etereo,縹緲,小鬼火,가냘픈,Zwiewny,Примарний,Nevelig,Hafif
L_ACC_MOYKKY,This is the name of a pet.,Moykky,モイッキー,Moykky,Moykky,Moykky,Moykky,Мойккю,Moykky,摩伊基,莫伊基,모이키,Moykky,Мойккі,Moykky,Moykky
L_ACC_LITTLEFAMILIAR,,Little Familiar,リトルファミリア,Kleiner Vertrauter,Petit Familier,Pequeño Familiar,Pequeno Familiar,Маленький фамильяр,Piccolo Famiglio,小魔寵,小使魔,작은 사역마,Mały Chowaniec,Маленький Фамільяр,Kleine Vertrouweling,Küçük Dost
L_ACC_PITGUMMY,This is a gummy candy version of a Pit Worm creature.,Pit Gummy,ピットグミ,Gruben-Gummi,Gomme du Gouffre,Gominola de Foso,Goma de Poço,Ямная Жвачка,Gomma della Fossa,坑洞軟糖,深坑软糖,구덩이 젤리,Guma z Dołu,Ямкова Желейка,Putgummi,Çukur Jölesi
L_ACC_SKULLY,This is the name of a pet.,Skully,スカリー,Skully,Skully,Skully,Skully,Скалли,Skully,骷髏頭,小骷髅,스컬리,Skully,Череп,Skully,Skully
L_ACC_VIVICHAN,This is the name of a pet.,Vivi Chan,ヴィヴィちゃん,Vivi Chan,Vivi Chan,Vivi Chan,Vivi Chan,Виви Чан,Vivi Chan,薇薇醬,薇薇酱,비비 챈,Vivi Chan,Віві Чан,Vivi Chan,Vivi Chan
L_ACC_WILO,This is the name of a pet.,Wilo,ウィロ,Wilo,Wilo,Wilo,Wilo,Вило,Wilo,威洛,阿柳,윌로,Wilo,Віло,Wilo,Wilo
L_ACC_SPECKLE,This is the name of a pet.,Speckle,スペックル,Sprenkel,Moucheture,Mota,Salpico,Крапинка,Macchia,斑點,点点,반점,Plamka,Цятка,Spikkel,Benek
L_ACC_TINYKOBOLDFRIEND,,Tiny Kobold Friend,ちっちゃなコボルドの友達,Winziger Kobold-Freund,Petit Ami Kobold,Pequeño Amigo Kobold,Pequeno Amigo Kobold,Крошечный Друг-Кобольд,Piccolo Amico Koboldo,小小狗頭人夥伴,小狗头人伙伴,작은 코볼트 친구,Malutki Przyjaciel Kobold,Крихітний Друг-Кобольд,Kleine Kobold Vriend,Minik Kobold Dost
L_ACC_FLAGSTRIPED,,Flag (Striped),旗（縞模様）,Flagge (Gestreift),Drapeau (Rayé),Bandera (A rayas),Bandeira (Listrada),Флаг (Полосатый),Bandiera (A strisce),旗幟（條紋）,旗（条纹）,깃발 (줄무늬),Flaga (Pasiasta),Прапор (Смугастий),Vlag (Gestreept),Bayrak (Çizgili)
L_ACC_CHINSTRAPBLACK,,Chinstrap (Black),チンストラップ（黒）,Kinnriemen (Schwarz),Mentonnière (Noir),Barboquejo (Negro),Chinstrap (Preto),Подбородочный ремень (Чёрный),Sottogola (Nero),帶帽企鵝（黑色）,帽带（黑）,턱끈 (검정),Pasek podbródkowy (Czarny),Підборідний ремінь (Чорний),Kinband (Zwart),Çenealtı (Siyah)
L_ACC_CHINSTRAPBLONDE,,Chinstrap (Blonde),チンストラップ（ブロンド）,Kinnriemen (Blond),Mentonnière (Blonde),Barbilla (Rubio),Queixeira (Loira),Подбородочный ремень (Блонд),Sottogola (Biondo),帶帶企鵝（金髮）,帽带（金）,턱끈 (금발),Pasek podbródkowy (Blond),Підборідний ремінь (Блонд),Kinriem (Blond),Çenealtı Kayışı (Sarışın)
L_ACC_CHINSTRAPBROWN,,Chinstrap (Brown),チンストラップ（茶色）,Kinnriemen (Braun),Mentonnière (Marron),Barboquejo (Marrón),Chinstrap (Marrom),Подбородочный ремень (Коричневый),Sottogola (Marrone),頦帶企鵝（棕色）,帽带（棕）,턱끈펭귄 (갈색),Pasek podbródkowy (Brązowy),Підборідний ремінь (Коричневий),Kinband (Bruin),Çenealtı (Kahverengi)
L_ACC_CHINSTRAPRED,,Chinstrap (Red),チンストラップ（赤）,Kinnriemen (Rot),Mentonnière (Rouge),Barboquejo (Rojo),Chinstrap (Vermelho),Подбородочный ремень (Красный),Sottogola (Rosso),帶帽企鵝（紅）,帽带（红）,턱끈 (빨강),Pasek podbródkowy (Czerwony),Підборідний ремінь (Червоний),Kinband (Rood),Çene Kayışı (Kırmızı)
L_ACC_CHINSTRAPWHITE,,Chinstrap (White),チンストラップ（白）,Kinnriemen (Weiß),Mentonnière (Blanche),Barboquejo (Blanco),Chinstrap (Branco),Подбородочный ремень (Белый),Sottogola (Bianco),白色帽帶企鵝,帽带（白）,턱끈 (흰색),Pasek podbródkowy (Biały),Підборідний ремінь (Білий),Kinband (Wit),Çenealtı (Beyaz)
L_ACC_FLUFFYBEARDBLACK,,Fluffy Beard (Black),ふわふわのひげ（黒）,Flauschiger Bart (Schwarz),Barbe Duveteuse (Noir),Barba Esponjosa (Negro),Barba Fofa (Preta),Пушистая Борода (Черная),Barba Soffice (Nero),蓬鬆鬍子（黑色）,蓬松胡须（黑）,복슬복슬한 수염 (검정),Puchata Broda (Czarna),Пухнаста Борода (Чорна),Pluizige Baard (Zwart),Kabarık Sakal (Siyah)
L_ACC_FLUFFYBEARDBLONDE,,Fluffy Beard (Blonde),ふわふわのひげ（ブロンド）,Flauschiger Bart (Blond),Barbe Duveteuse (Blonde),Barba Esponjosa (Rubia),Barba Fofa (Loira),Пушистая Борода (Блонд),Barba Soffice (Bionda),蓬鬆鬍鬚（金色）,蓬松胡须（金）,복슬복슬한 수염 (금발),Puszysty Zarost (Blond),Пухнаста Борода (Блонд),Pluizige Baard (Blond),Kabarık Sakal (Sarışın)
L_ACC_FLUFFYBEARDBROWN,,Fluffy Beard (Brown),ふわふわのひげ（茶色）,Flauschiger Bart (Braun),Barbe Duveteuse (Marron),Barba Esponjosa (Marrón),Barba Fofa (Marrom),Пушистая Борода (Коричневая),Barba Soffice (Marrone),蓬鬆鬍鬚（棕色）,蓬松胡须（棕）,복슬복슬한 수염 (갈색),Puchata Broda (Brązowa),Пухнаста борода (коричнева),Pluizige Baard (Bruin),Kabarık Sakal (Kahverengi)
L_ACC_FLUFFYBEARDRED,,Fluffy Beard (Red),ふわふわのひげ（赤）,Flauschiger Bart (Rot),Barbe Duveteuse (Rouge),Barba Esponjosa (Roja),Barba Fofa (Vermelha),Пушистая Борода (Красная),Barba Soffice (Rossa),蓬鬆鬍鬚（紅）,蓬松胡须（红）,복슬복슬한 수염 (빨강),Puszysty Zarost (Czerwony),Пухнаста Борода (Червона),Pluizige Baard (Rood),Kabarık Sakal (Kırmızı)
L_ACC_FLUFFYBEARDWHITE,,Fluffy Beard (White),ふわふわのひげ（白）,Flauschiger Bart (Weiß),Barbe Duveteuse (Blanche),Barba Esponjosa (Blanca),Barba Fofa (Branca),Пушистая Борода (Белая),Barba Soffice (Bianca),蓬鬆鬍鬚（白色）,蓬松胡须（白）,복슬복슬한 수염 (하얀색),Puszysty Zarost (Biały),Пухнаста Борода (Біла),Pluizige Baard (Wit),Kabarık Sakal (Beyaz)
L_ACC_GOATEEBLACK,,Goatee (Black),ヤギひげ（黒）,Ziegenbart (Schwarz),Barbichette (Noire),Perilla (Negro),Cavanhaque (Preto),Козлиная бородка (Чёрная),Barba a punta (Nera),山羊鬍 (黑色),山羊胡（黑）,턱수염 (검정),Kozia bródka (Czarna),Борідка (Чорна),Sik (Zwart),Keçi Sakalı (Siyah)
L_ACC_GOATEEBLONDE,,Goatee (Blonde),ヤギひげ（ブロンド）,Spitzbart (Blond),Barbichette (Blonde),Perilla (Rubio),Cavanhaque (Loiro),Козлиная бородка (Блонд),Pizzetto (Biondo),山羊鬍（金色）,山羊胡（金）,턱수염 (금발),Kozia bródka (Blond),Борідка (Блонд),Sik (Blond),Keçi Sakalı (Sarışın)
L_ACC_GOATEEBROWN,,Goatee (Brown),ヤギひげ（茶色）,Ziegenbart (Braun),Barbichette (Marron),Perilla (Marrón),Cavanhaque (Marrom),Козлиная бородка (Коричневая),Pizzetto (Marrone),山羊鬍 (棕色),山羊胡（棕）,염소수염 (갈색),Kozia bródka (brązowa),Борідка (Коричнева),Sik (Bruin),Keçi Sakalı (Kahverengi)
L_ACC_GOATEERED,,Goatee (Red),ヤギひげ（赤）,Ziegenbart (Rot),Barbichette (Rouge),Perilla (Roja),Cavanhaque (Vermelho),Козлиная бородка (Красная),Pizzetto (Rosso),山羊鬍 (紅),山羊胡（红）,염소수염 (빨강),Kozia bródka (Czerwona),Борідка (Червона),Sik (Rood),Keçi Sakalı (Kırmızı)
L_ACC_GOATEEWHITE,,Goatee (White),ヤギヒゲ（白）,Spitzbart (Weiß),Barbichette (Blanche),Perilla (Blanca),Cavanhaque (Branco),Козлиная бородка (Белая),Pizzetto (Bianco),山羊鬍（白色）,山羊胡（白）,턱수염 (흰색),Kozia bródka (Biała),Борідка (Біла),Sik (Wit),Keçi Sakalı (Beyaz)
L_ACC_WILDBEARDBLACK,,Wild Beard (Black),ワイルドひげ（黒）,Wilder Bart (Schwarz),Barbe Sauvage (Noir),Barba Salvaje (Negro),Barba Selvagem (Preta),Дикая Борода (Чёрная),Barba Selvaggia (Nero),狂野鬍鬚（黑色）,狂野胡须（黑）,야생 수염 (검정),Dzika Broda (Czarna),Дикий Бородань (Чорний),Wilde Baard (Zwart),Vahşi Sakal (Siyah)
L_ACC_WILDBEARDBLONDE,,Wild Beard (Blonde),ワイルドひげ（ブロンド）,Wilder Bart (Blond),Barbe Sauvage (Blonde),Barba Salvaje (Rubia),Barba Selvagem (Loira),Дикая Борода (Светлая),Barba Selvaggia (Bionda),野性鬍鬚（金色）,狂野胡须（金）,야생 수염 (금발),Dziki Zarost (Blond),Дикий Бородань (Блондин),Wilde Baard (Blond),Vahşi Sakal (Sarışın)
L_ACC_WILDBEARDBROWN,,Wild Beard (Brown),ワイルドひげ（茶色）,Wilder Bart (Braun),Barbe Sauvage (Marron),Barba Salvaje (Marrón),Barba Selvagem (Marrom),Дикая Борода (Коричневая),Barba Selvaggia (Marrone),野性鬍鬚（棕色）,狂野胡须（棕）,야생 수염 (갈색),Dzika Broda (Brązowa),Дика Борода (Коричнева),Wilde Baard (Bruin),Vahşi Sakal (Kahverengi)
L_ACC_WILDBEARDRED,,Wild Beard (Red),ワイルドひげ（赤）,Wilder Bart (Rot),Barbe Sauvage (Rouge),Barba Salvaje (Rojo),Barba Selvagem (Vermelho),Дикая Борода (Красная),Barba Selvaggia (Rossa),狂野鬍鬚（紅）,狂野胡须（红）,야생 수염 (빨강),Dzika Broda (Czerwona),Дика Борода (Червона),Wilde Baard (Rood),Vahşi Sakal (Kırmızı)
L_ACC_WILDBEARDWHITE,,Wild Beard (White),ワイルドひげ（白）,Wilder Bart (Weiß),Barbe Sauvage (Blanche),Barba Salvaje (Blanca),Barba Selvagem (Branca),Дикая Борода (Белая),Barba Selvaggia (Bianca),狂野鬍鬚（白色）,狂野胡须（白）,야생 수염 (하얀색),Dziki Zarost (Biały),Дикий Бородань (Білий),Wilde Baard (Wit),Vahşi Sakal (Beyaz)
L_ACC_WIZARDBEARDBLACK,,Wizard Beard (Black),魔法使いの髭（黒）,Zauberbart (Schwarz),Barbe de Sorcier (Noir),Barba de Mago (Negro),Barba de Mago (Preta),Борода Волшебника (Чёрная),Barba da Mago (Nera),巫師鬍鬚（黑色）,巫师胡须（黑）,마법사 수염 (검정),Broda Czarodzieja (Czarna),Борода Чарівника (Чорна),Tovenaarsbaard (Zwart),Büyücü Sakalı (Siyah)
L_ACC_WIZARDBEARDBLONDE,,Wizard Beard (Blonde),魔法使いの髭（金髪）,Zaubererbart (Blond),Barbe de Sorcier (Blonde),Barba de Mago (Rubia),Barba de Mago (Loira),Борода Волшебника (Светлая),Barba da Mago (Bionda),巫師鬍鬚（金色）,巫师胡须（金）,마법사 수염 (금발),Broda Czarodzieja (Blond),Борода Чарівника (Білява),Tovenaarsbaard (Blond),Büyücü Sakalı (Sarı)
L_ACC_WIZARDBEARDBROWN,,Wizard Beard (Brown),魔法使いのひげ（茶色）,Zaubererbart (Braun),Barbe de Sorcier (Marron),Barba de Mago (Marrón),Barba de Mago (Marrom),Борода Волшебника (Коричневая),Barba da Mago (Marrone),巫師鬍鬚（棕色）,巫师胡须（棕）,마법사 수염 (갈색),Broda Czarodzieja (Brązowa),Борода Чарівника (Коричнева),Tovenaarsbaard (Bruin),Büyücü Sakalı (Kahverengi)
L_ACC_WIZARDBEARDRED,,Wizard Beard (Red),魔法使いの髭（赤）,Zaubererbart (Rot),Barbe de Sorcier (Rouge),Barba de Mago (Roja),Barba de Mago (Vermelha),Борода Волшебника (Красная),Barba da Mago (Rossa),巫師鬍鬚（紅）,巫师胡须（红）,마법사 수염 (빨강),Broda Czarodzieja (Czerwona),Борода Чарівника (Червона),Tovenaarsbaard (Rood),Büyücü Sakalı (Kırmızı)
L_ACC_WIZARDBEARDWHITE,,Wizard Beard (White),魔法使いの髭（白）,Zauberbart (Weiß),Barbe de Sorcier (Blanche),Barba de Mago (Blanca),Barba de Mago (Branca),Борода Волшебника (Белая),Barba da Mago (Bianca),巫師鬍鬚（白色）,巫师胡须（白）,마법사 수염 (흰색),Broda Czarodzieja (Biała),Борода Чарівника (Біла),Tovenaarsbaard (Wit),Büyücü Sakalı (Beyaz)
L_ACC_CAPENORMALBLACK,,Cape (Normal Black),マント（ノーマルブラック）,Umhang (Normal Schwarz),Cape (Noir Normal),Capa (Negro Normal),Capa (Preto Normal),Плащ (Обычный Чёрный),Mantello (Nero Normale),披風（普通黑）,披风（普通/黑）,망토 (일반 검정),Peleryna (Zwykła Czarna),Плащ (Звичайний чорний),Mantel (Normaal Zwart),Pelerin (Normal Siyah)
L_ACC_BLEEDINGCUTLARGEBLACK,,Bleeding Cut (Large Black),出血傷 (大・黒),Blutende Wunde (Groß Schwarz),Coupure Saignante (Grand Noir),Corte Sangrante (Negro Grande),Corte Sangrento (Grande Preto),Кровоточащий Порез (Большой Черный),Taglio Sanguinante (Grande Nero),流血傷口（大型黑色）,流血伤口（大/黑）,출혈 상처 (대형 검정),Krwawiące Cięcie (Duże Czarne),Кровоточива Рана (Велика Чорна),Bloedende Snee (Groot Zwart),Kanayan Kesik (Büyük Siyah)
L_ACC_BLEEDINGCUTLARGEBLUE,,Bleeding Cut (Large Blue),出血の傷 (大きな青),Blutende Wunde (Groß Blau),Coupure Saignante (Grand Bleu),Corte Sangrante (Azul Grande),Corte Sangrento (Azul Grande),Кровоточащий Порез (Большой Синий),Taglio Sanguinante (Grande Blu),流血傷口（大型藍色）,流血伤口（大/蓝）,출혈 상처 (대형 파랑),Krwawiące Cięcie (Duży Niebieski),Кровоточива Рана (Велика Синя),Bloedende Snede (Groot Blauw),Kanayan Kesik (Büyük Mavi)
L_ACC_BLEEDINGCUTLARGEGREEN,,Bleeding Cut (Large Green),出血傷 (大・緑),Blutende Wunde (Groß Grün),Coupure Saignante (Grand Vert),Corte Sangrante (Verde Grande),Corte Sangrento (Verde Grande),Кровоточащий порез (Большой зеленый),Taglio Sanguinante (Grande Verde),流血傷口（大型綠色）,流血伤口（大/绿）,출혈 상처 (대형 녹색),Krwawiące Cięcie (Duże Zielone),Кровоточива Рана (Велика Зелена),Bloedende Snede (Groot Groen),Kanayan Kesik (Büyük Yeşil)
L_ACC_BLEEDINGCUTLARGERED,,Bleeding Cut (Large Red),出血傷 (大赤),Blutende Wunde (Groß Rot),Coupure Saignante (Grand Rouge),Corte Sangrante (Rojo Grande),Corte Sangrento (Vermelho Grande),Кровоточащий порез (Большой красный),Taglio Sanguinante (Rosso Grande),流血傷口（大紅）,流血伤口（大/红）,출혈 상처 (대형 적색),Krwawiące Cięcie (Duże Czerwone),Кровоточива Рана (Велика Червона),Bloedende Snee (Groot Rood),Kanayan Kesik (Büyük Kırmızı)
L_ACC_BLEEDINGCUTMEDIUMBLACK,,Bleeding Cut (Medium Black),出血傷 (中黒),Blutende Wunde (Mittel Schwarz),Coupure Saignante (Noir Moyen),Corte Sangrante (Negro Medio),Corte Sangrento (Médio Preto),Кровоточащий Порез (Средний Чёрный),Taglio Sanguinante (Medio Nero),流血傷口（中型黑）,流血伤口（中/黑）,출혈 상처 (중간 검정),Krwawiące Cięcie (Średnie Czarne),Кровоточива Рана (Середній Чорний),Bloedende Snede (Medium Zwart),Kanayan Kesik (Orta Siyah)
L_ACC_BLEEDINGCUTMEDIUMBLUE,,Bleeding Cut (Medium Blue),出血の傷 (ミディアムブルー),Blutende Wunde (Mittelblau),Coupure Saignante (Bleu Moyen),Corte Sangrante (Azul Medio),Corte Sangrento (Azul Médio),Кровоточащий Порез (Средний Синий),Taglio Sanguinante (Blu Medio),流血傷口（中藍）,流血伤口（中/蓝）,출혈 상처 (중간 파랑),Krwawiące Cięcie (Średni Niebieski),Кровоточива Рана (Середній Синій),Bloedende Snede (Middelblauw),Kanayan Kesik (Orta Mavi)
L_ACC_BLEEDINGCUTMEDIUMGREEN,,Bleeding Cut (Medium Green),出血傷 (ミディアムグリーン),Blutende Wunde (Mittelgrün),Coupure Saignante (Vert Moyen),Corte Sangrante (Verde Medio),Corte Sangrento (Verde Médio),Кровоточащий Порез (Средний Зелёный),Taglio Sanguinante (Verde Medio),流血傷口（中綠）,流血伤口（中/绿）,출혈 상처 (중간 녹색),Krwawiące Cięcie (Średni Zielony),Кровоточива Рана (Середній Зелений),Bloedende Snede (Medium Groen),Kanayan Kesik (Orta Yeşil)
L_ACC_BLEEDINGCUTMEDIUMRED,,Bleeding Cut (Medium Red),出血傷 (中赤),Blutende Wunde (Mittelrot),Coupure Saignante (Rouge Moyen),Corte Sangrante (Rojo Medio),Corte Sangrento (Vermelho Médio),Кровоточащий Порез (Средний Красный),Taglio Sanguinante (Rosso Medio),流血傷口（中紅）,流血伤口（中/红）,출혈 상처 (중간 빨강),Krwawiące Cięcie (Średni Czerwony),Кровоточива Рана (Середній Червоний),Bloedende Snede (Medium Rood),Kanayan Kesik (Orta Kırmızı)
L_ACC_BLEEDINGCUTSMALLBLACK,,Bleeding Cut (Small Black),出血傷 (小・黒),Blutende Wunde (Klein Schwarz),Coupure Saignante (Petit Noir),Corte Sangrante (Negro Pequeño),Corte Sangrento (Pequeno Preto),Кровоточащий Порез (Малый Черный),Taglio Sanguinante (Piccolo Nero),流血傷口（小黑）,流血伤口（小/黑）,출혈 상처 (작은 검정),Krwawiące Cięcie (Mały Czarny),Кровоточива Рана (Малий Чорний),Bloedende Snee (Klein Zwart),Kanayan Kesik (Küçük Siyah)
L_ACC_BLEEDINGCUTSMALLBLUE,,Bleeding Cut (Small Blue),出血傷 (小青),Blutende Wunde (Klein Blau),Coupure Saignante (Petit Bleu),Corte Sangrante (Azul Pequeño),Corte Sangrento (Azul Pequeno),Кровоточащий Порез (Малый Синий),Taglio Sanguinante (Piccolo Blu),流血傷口（小藍）,流血伤口（小/蓝）,출혈 상처 (작은 파랑),Krwawiące Cięcie (Mały Niebieski),Кровоточива Рана (Мала Синя),Bloedende Snee (Klein Blauw),Kanayan Kesik (Küçük Mavi)
L_ACC_BLEEDINGCUTSMALLGREEN,,Bleeding Cut (Small Green),出血傷 (小・緑),Blutende Wunde (Klein Grün),Coupure Saignante (Petit Vert),Corte Sangrante (Verde Pequeño),Corte Sangrento (Verde Pequeno),Кровоточащий Порез (Малый Зелёный),Taglio Sanguinante (Verde Piccolo),流血傷口（小綠）,流血伤口（小/绿）,출혈 상처 (작은 초록),Krwawiące Cięcie (Małe Zielone),Кровоточива Рана (Мала Зелена),Bloedende Snee (Klein Groen),Kanayan Kesik (Küçük Yeşil)
L_ACC_BLEEDINGCUTSMALLRED,,Bleeding Cut (Small Red),出血傷 (小・赤),Blutende Wunde (Klein Rot),Coupure Saignante (Petit Rouge),Corte Sangrante (Rojo Pequeño),Corte Sangrento (Vermelho Pequeno),Кровоточащий порез (Малый красный),Taglio Sanguinante (Rosso Piccolo),流血傷口（小紅）,流血伤口（小/红）,출혈 상처 (작은 빨강),Krwawiące Cięcie (Małe Czerwone),Кровоточива Рана (Мала Червона),Bloedende Snee (Klein Rood),Kanayan Kesik (Küçük Kırmızı)
L_ACC_CAPENORMALBLUE,,Cape (Normal Blue),マント（ノーマルブルー）,Umhang (Normales Blau),Cape (Bleu Normal),Capa (Azul Normal),Capa (Azul Normal),Плащ (Обычный синий),Mantello (Blu Normale),披風（普通藍）,披风（普通/蓝）,망토 (일반 파랑),Peleryna (Zwykły Niebieski),Плащ (Звичайний синій),Mantel (Normaal Blauw),Pelerin (Normal Mavi)
L_ACC_CAPENORMALCYAN,,Cape (Normal Cyan),ケープ（ノーマルシアン）,Umhang (Normal Cyan),Cape (Cyan Normal),Capa (Cian Normal),Capa (Ciano Normal),Накидка (Обычная Бирюзовая),Mantello (Ciano Normale),披風（一般青色）,披风（普通/青）,망토 (일반 청록색),Peleryna (Normalny Cyjan),Плащ (Звичайний Блакитний),Mantel (Normaal Cyaan),Pelerin (Normal Camgöbeği)
L_ACC_CAPENORMALGREEN,,Cape (Normal Green),マント（通常の緑）,Umhang (Normales Grün),Cape (Vert Normal),Capa (Verde Normal),Capa (Verde Normal),Плащ (Обычный зелёный),Mantello (Verde Normale),披風（一般綠）,披风（普通/绿）,망토 (일반 녹색),Peleryna (Zwykła Zielona),Плащ (Звичайний зелений),Mantel (Normaal Groen),Pelerin (Normal Yeşil)
L_ACC_CAPENORMALGRAY,,Cape (Normal Gray),マント（ノーマルグレー）,Umhang (Normales Grau),Cape (Gris Normal),Capa (Gris Normal),Capa (Cinza Normal),Плащ (Обычный Серый),Mantello (Grigio Normale),披風（普通灰）,披风（普通/灰）,망토 (일반 회색),Peleryna (Zwykła Szara),Плащ (Звичайний сірий),Mantel (Normaal Grijs),Pelerin (Normal Gri)
L_ACC_CAPENORMALPINK,,Cape (Normal Pink),ケープ（ノーマルピンク）,Umhang (Normal Rosa),Cape (Rose Normal),Capa (Rosa Normal),Capa (Rosa Normal),Плащ (Обычный розовый),Mantello (Rosa Normale),披風（一般粉紅）,披风（普通/粉）,망토 (일반 핑크),Peleryna (Zwykły Róż),Плащ (Звичайний рожевий),Mantel (Normaal Roze),Pelerin (Normal Pembe)
L_ACC_CAPENORMALPURPLE,,Cape (Normal Purple),マント（通常紫）,Umhang (Normal Lila),Cape (Violet Normal),Capa (Púrpura Normal),Capa (Roxo Normal),Плащ (Обычный Фиолетовый),Mantello (Viola Normale),披風（普通紫）,披风（普通/紫）,망토 (일반 보라색),Peleryna (Zwykła Fioletowa),Плащ (Звичайний Фіолетовий),Mantel (Normaal Paars),Pelerin (Normal Mor)
L_ACC_CAPENORMALRED,,Cape (Normal Red),マント（通常の赤）,Umhang (Normal Rot),Cape (Rouge Normal),Capa (Rojo Normal),Capa (Vermelho Normal),Плащ (Обычный красный),Mantello (Rosso Normale),披風（普通紅）,披风（普通/红）,망토 (일반 빨강),Peleryna (Zwykła Czerwona),Плащ (Звичайний червоний),Mantel (Normaal Rood),Pelerin (Normal Kırmızı)
L_ACC_CAPENORMALWHITE,,Cape (Normal White),マント（ノーマルホワイト）,Umhang (Normal Weiß),Cape (Blanc Normal),Capa (Blanco Normal),Capa (Branco Normal),Плащ (Обычный Белый),Mantello (Bianco Normale),披風（普通白）,披风（普通/白）,망토 (일반 흰색),Peleryna (Zwykła Biała),Плащ (Звичайний Білий),Mantel (Normaal Wit),Pelerin (Normal Beyaz)
L_ACC_CAPENORMALYELLOW,,Cape (Normal Yellow),マント（普通の黄色）,Umhang (Normal Gelb),Cape (Jaune Normal),Capa (Amarillo Normal),Capa (Amarelo Normal),Плащ (Обычный Жёлтый),Mantello (Giallo Normale),披風（普通黃色）,披风（普通/黄）,망토 (일반 노랑),Peleryna (Zwykła Żółta),Плащ (Звичайний жовтий),Mantel (Normaal Geel),Pelerin (Normal Sarı)
L_ACC_CAPETATTEREDBLACK,,Cape (Tattered Black),ケープ（ぼろぼろの黒）,Umhang (Zerfetzter Schwarzer),Cape (Noir Déchiré),Capa (Negra Rasgada),Capa (Preta Esfarrapada),Накидка (Потрёпанная Чёрная),Mantello (Nero Logoro),斗篷（破舊黑色）,披风（破旧/黑）,망토 (낡은 검정색),Peleryna (Postrzępiona Czarna),Накидка (Потріпана Чорна),Mantel (Gescheurde Zwarte),Pelerin (Yırtık Siyah)
L_ACC_CAPETATTEREDBLUE,,Cape (Tattered Blue),ケープ（ぼろぼろの青）,Umhang (Zerschlissenes Blau),Cape (Bleue Déchirée),Capa (Azul Raída),Capa (Azul Esfarrapada),Накидка (Потрёпанная синяя),Mantello (Blu Logoro),披風（破舊藍色）,披风（破旧/蓝）,망토 (낡은 파란색),Peleryna (Postrzępiona Niebieska),Накидка (Потріпана Синя),Mantel (Gescheurde Blauwe),Pelerin (Yırtık Mavi)
L_ACC_CAPETATTEREDCYAN,,Cape (Tattered Cyan),ケープ（ボロボロの水色）,Umhang (Zerschlissenes Cyan),Cape (Cyan Élimée),Capa (Cian Raída),Capa (Ciano Esfarrapada),Накидка (Потрёпанная Бирюзовая),Mantello (Ciano Logoro),斗篷（破舊青藍色）,披风（破旧/青）,망토 (낡은 청록색),Peleryna (Postrzępiona Cyjanowa),Накидка (Потріпана Блакитна),Mantel (Gerafeld Cyaan),Pelerin (Yırtık Camgöbeği)
L_ACC_CAPETATTEREDGREEN,,Cape (Tattered Green),ケープ（ボロボロの緑）,Umhang (Zerschlissenes Grün),Cape (Verte Déchirée),Capa (Verde Raída),Capa (Verde Esfarrapada),Накидка (Потрёпанная зелёная),Mantello (Verde Logoro),斗篷（破舊綠色）,披风（破旧/绿）,망토 (낡은 녹색),Peleryna (Postrzępiona Zielona),Накидка (Потріпана Зелена),Mantel (Gescheurde Groene),Pelerin (Yırtık Pırtık Yeşil)
L_ACC_CAPETATTEREDGRAY,,Cape (Tattered Gray),ケープ（ぼろぼろの灰色）,Umhang (Zerschlissenes Grau),Cape (Grise Déchirée),Capa (Gris Raída),Capa (Cinza Esfarrapada),Накидка (Потрёпанная Серая),Mantello (Grigio Logoro),斗篷（破舊灰色）,披风（破旧/灰）,망토 (낡은 회색),Peleryna (Poszarpana Szara),Накидка (Потріпана сіра),Mantel (Gerafeld Grijs),Pelerin (Yırtık Gri)
L_ACC_CAPETATTEREDPINK,,Cape (Tattered Pink),ケープ（ぼろぼろのピンク）,Umhang (Zerfetzter Rosa),Cape (Rose Élimée),Capa (Rosa Desgarrada),Capa (Rosa Desgastada),Накидка (Потрёпанная розовая),Mantello (Rosa Logoro),披風（破爛粉紅）,披风（破旧/粉）,망토 (낡은 분홍색),Peleryna (Postrzępiona Różowa),Накидка (Потріпана рожева),Mantel (Gerafeld Roze),Pelerin (Yırtık Pembe)
L_ACC_CAPETATTEREDPURPLE,,Cape (Tattered Purple),ケープ（ぼろぼろの紫）,Umhang (Zerschlissenes Lila),Cape (Pourpre Déchiré),Capa (Púrpura Rasgada),Capa (Púrpura Esfarrapada),Накидка (Потрёпанная Пурпурная),Mantello (Viola Logoro),斗篷（破爛紫色）,披风（破旧/紫）,망토 (낡은 보라색),Peleryna (Postrzępiona Fioletowa),Накидка (Потріпана Пурпурова),Mantel (Gescheurde Paarse),Pelerin (Yırtık Mor)
L_ACC_CAPETATTEREDRED,,Cape (Tattered Red),マント（ぼろぼろの赤）,Umhang (Zerschlissenes Rot),Cape (Rouge Déchiré),Capa (Roja Rasgada),Capa (Vermelha Esfarrapada),Плащ (Потрёпанный красный),Mantello (Rosso Logoro),披風（破爛紅色）,披风（破旧/红）,망토 (낡은 붉은색),Peleryna (Postrzępiona Czerwona),Накидка (Потріпана Червона),Mantel (Gescheurde Rode),Pelerin (Yırtık Kırmızı)
L_ACC_CAPETATTEREDWHITE,,Cape (Tattered White),ケープ（ぼろぼろの白）,Umhang (Zerschlissenes Weiß),Cape (Blanc Usé),Capa (Blanca Raída),Capa (Branca Esfarrapada),Накидка (Потрёпанная белая),Mantello (Bianco Logoro),披風（破爛的白色）,披风（破旧/白）,망토 (낡은 흰색),Peleryna (Postrzępiona Biała),Накидка (Потріпана біла),Mantel (Gescheurde Witte),Pelerin (Yırtık Beyaz)
L_ACC_CAPETATTEREDYELLOW,,Cape (Tattered Yellow),ケープ（ぼろぼろの黄色）,Umhang (Zerfetztes Gelb),Cape (Jaune Élimée),Capa (Amarilla Raída),Capa (Amarela Esfarrapada),Накидка (Потрёпанная Жёлтая),Mantello (Giallo Logoro),斗篷（破舊黃色）,披风（破旧/黄）,망토 (누더기 노란색),Peleryna (Postrzępiona Żółta),Накидка (Потріпана Жовта),Mantel (Gerafeld Geel),Pelerin (Yırtık Sarı)
L_ACC_CAPEVAMPIRE,,Cape (Vampire),ケープ（ヴァンパイア）,Umhang (Vampir),Cape (Vampire),Capa (Vampiro),Capa (Vampiro),Плащ (Вампир),Mantello (Vampiro),披風（吸血鬼）,披风（吸血鬼）,망토 (뱀파이어),Peleryna (Wampir),Плащ (Вампір),Mantel (Vampier),Pelerin (Vampir)
L_ACC_CAPEVAMPIRECOLLAR,,Cape (Vampire Collar),ケープ（ヴァンパイアカラー）,Umhang (Vampirkragen),Cape (Collier de Vampire),Capa (Collar de Vampiro),Capa (Gola de Vampiro),Плащ (Воротник вампира),Mantello (Collare del Vampiro),披風（吸血鬼領）,披风（吸血鬼领子）,망토 (뱀파이어 칼라),Peleryna (Kołnierz Wampira),Плащ (Комір вампіра),Mantel (Vampierkraag),Pelerin (Vampir Yakası)
L_ACC_AFROBLACK,,Afro (Black),アフロ（黒）,Afro (Schwarz),Afro (Noir),Afro (Negro),Afro (Preto),Афро (Черный),Afro (Nero),爆炸頭（黑色）,爆炸头（黑）,아프로 (검정),Afro (Czarne),Афро (Чорне),Afro (Zwart),Afro (Siyah)
L_ACC_AFROBLONDE,,Afro (Blonde),アフロ（ブロンド）,Afro (Blond),Afro (Blonde),Afro (Rubio),Afro (Loiro),Афро (Блонд),Afro (Biondo),爆炸頭（金色）,爆炸头（金）,아프로 (금발),Afro (Blond),Афро (Блонд),Afro (Blond),Afro (Sarı)
L_ACC_AFROBROWN,,Afro (Brown),アフロ（茶色）,Afro (Braun),Afro (Marron),Afro (Marrón),Afro (Marrom),Афро (Коричневое),Afro (Marrone),爆炸頭（棕色）,爆炸头（棕）,아프로 (갈색),Afro (Brązowe),Афро (Коричневе),Afro (Bruin),Afro (Kahverengi)
L_ACC_AFRORED,,Afro (Red),アフロ（赤）,Afro (Rot),Afro (Rouge),Afro (Rojo),Afro (Vermelho),Афро (Красное),Afro (Rosso),爆炸頭（紅色）,爆炸头（红）,아프로 (빨강),Afro (Czerwone),Афро (Червоне),Afro (Rood),Afro (Kırmızı)
L_ACC_AFROWHITE,,Afro (White),アフロ（白）,Afro (Weiß),Afro (Blanc),Afro (Blanco),Afro (Branco),Афро (Белое),Afro (Bianco),爆炸頭（白色）,爆炸头（白）,아프로 (화이트),Afro (Białe),Афро (Біле),Afro (Wit),Afro (Beyaz)
L_ACC_BRAIDEDROWSBLACK,,Braided Rows (Black),編み込み列（黒）,Geflochtene Reihen (Schwarz),Rangs Tressés (Noir),Filas Trenzadas (Negro),Fileiras Trançadas (Preto),Заплетенные Ряды (Черный),Trecce a File (Nero),辮子排列（黑色）,脏辫（黑）,땋은 머리 (검정),Warkoczowe Rzędy (Czarne),Заплетені Ряди (Чорні),Gevlochten Rijen (Zwart),Örgülü Sıralar (Siyah)
L_ACC_BRAIDEDROWSBLONDE,,Braided Rows (Blonde),三つ編みの列（ブロンド）,Geflochtene Reihen (Blond),Rangs Tressés (Blond),Filas Trenzadas (Rubio),Tranças em Fileiras (Loiro),Заплетенные Ряды (Блонд),Trecce a File (Bionde),辮子排列（金色）,脏辫（金）,땋은 머리 (금발),Warkoczowe Rzędy (Blond),Заплетені ряди (Блонд),Gevlochten Rijen (Blond),Örgülü Sıralar (Sarışın)
L_ACC_BRAIDEDROWSBROWN,,Braided Rows (Brown),三つ編み列（茶色）,Geflochtene Reihen (Braun),Rangs Tressés (Marron),Filas Trenzadas (Marrón),Fileiras Trançadas (Marrom),Заплетенные Ряды (Коричневые),Trecce a File (Marrone),辮子排列（棕色）,脏辫（棕）,땋은 머리 (갈색),Warkoczowe Rzędy (Brązowe),Заплетені Ряди (Коричневі),Gevlochten Rijen (Bruin),Örgülü Sıralar (Kahverengi)
L_ACC_BRAIDEDROWSRED,,Braided Rows (Red),編み込み列（赤）,Geflochtene Reihen (Rot),Rangs Tressés (Rouge),Filas Trenzadas (Rojo),Fileiras Trançadas (Vermelho),Заплетенные Ряды (Красные),Trecce a File (Rosso),辮子排列（紅）,脏辫（红）,땋은 머리 (빨강),Warkoczowe Rzędy (Czerwone),Заплетені Ряди (Червоні),Gevlochten Rijen (Rood),Örgülü Sıralar (Kırmızı)
L_ACC_BRAIDEDROWSWHITE,,Braided Rows (White),編み込み列（白）,Geflochtene Reihen (Weiß),Rangs Tressés (Blanc),Filas Trenzadas (Blanco),Fileiras Trançadas (Branco),Заплетенные Ряды (Белые),Trecce Allineate (Bianco),辮子排列（白色）,脏辫（白）,땋은 머리 (흰색),Warkoczowe Rzędy (Białe),Заплетені Ряди (Білі),Gevlochten Rijen (Wit),Örgülü Sıralar (Beyaz)
L_ACC_EMOCURLBLACK,,Emo Curl (Black),エモカール（黒）,Emo-Locke (Schwarz),Boucle Emo (Noir),Rizo Emo (Negro),Cacho Emo (Preto),Эмо Локоны (Черные),Riccio Emo (Nero),情緒捲髮（黑色）,非主流发型（黑）,이모 컬 (블랙),Emo Loki (Czarne),Емо Локони (Чорні),Emo Krul (Zwart),Emo Kıvrımı (Siyah)
L_ACC_EMOCURLBLONDE,,Emo Curl (Blonde),エモカール（ブロンド）,Emo-Locke (Blond),Boucle Emo (Blonde),Rizo Emo (Rubio),Cacho Emo (Loiro),Эмо Локоны (Блонд),Riccio Emo (Biondo),情緒捲髮（金色）,非主流发型（金）,이모 컬 (금발),Emo Loki (Blond),Емо завиток (блонд),Emo Krul (Blond),Emo Kıvırcık (Sarışın)
L_ACC_EMOCURLBROWN,,Emo Curl (Brown),エモカール（ブラウン）,Emo-Locke (Braun),Boucle Émo (Marron),Rizo Emo (Marrón),Cacho Emo (Marrom),Эмо Локоны (Коричневые),Riccio Emo (Marrone),情緒捲髮（棕色）,非主流发型（棕）,이모 컬 (갈색),Emo Loki (Brązowe),Емо завиток (коричневий),Emo Krul (Bruin),Emo Kıvırcık (Kahverengi)
L_ACC_EMOCURLRED,,Emo Curl (Red),エモカール（赤）,Emo-Locke (Rot),Boucle Émo (Rouge),Rizo Emo (Rojo),Cacho Emo (Vermelho),Эмо Локон (Красный),Riccio Emo (Rosso),情緒捲髮（紅）,非主流发型（红）,이모 컬 (레드),Emo Loki (Czerwone),Емо Локони (Червоні),Emo Krul (Rood),Emo Kıvırcık (Kırmızı)
L_ACC_EMOCURLWHITE,,Emo Curl (White),エモカール（ホワイト）,Emo-Locke (Weiß),Boucle Emo (Blanc),Rizo Emo (Blanco),Cacho Emo (Branco),Эмо Локон (Белый),Riccio Emo (Bianco),情緒捲髮（白色）,非主流发型（白）,이모 컬 (화이트),Emo Loki (Biały),Емо Завиток (Білий),Emo Krul (Wit),Emo Kıvırcık (Beyaz)
L_ACC_LOOSEHAIRBLACK,,Loose Hair (Black),垂れ髪（黒）,Offenes Haar (Schwarz),Cheveux Détachés (Noir),Cabello Suelto (Negro),Cabelo Solto (Preto),Распущенные волосы (Черные),Capelli Sciolti (Neri),散髮（黑色）,披发（黑）,풀어진 머리 (검정),Rozpuszczone Włosy (Czarne),Розпущене волосся (чорне),Losse Haren (Zwart),Dağınık Saç (Siyah)
L_ACC_LOOSEHAIRBLONDE,,Loose Hair (Blonde),ほつれた髪（ブロンド）,Offenes Haar (Blond),Cheveux Détachés (Blond),Cabello Suelto (Rubio),Cabelo Solto (Loiro),Распущенные волосы (Светлые),Capelli Sciolti (Biondi),鬆散髮型（金色）,披发（金）,풀어헤친 머리 (금발),Rozpuszczone Włosy (Blond),Розпущене волосся (Блонд),Losse Haren (Blond),Açık Saç (Sarışın)
L_ACC_LOOSEHAIRBROWN,,Loose Hair (Brown),ほどけた髪 (茶色),Offenes Haar (Braun),Cheveux Détachés (Brun),Cabello Suelto (Marrón),Cabelo Solto (Castanho),Распущенные волосы (Коричневые),Capelli Sciolti (Marrone),鬆散髮型（棕色）,披发（棕）,풀어헤친 머리 (갈색),Rozpuszczone Włosy (Brązowe),Розпущене волосся (каштанове),Losse Haren (Bruin),Dağınık Saç (Kahverengi)
L_ACC_LOOSEHAIRRED,,Loose Hair (Red),垂れ髪（赤）,Offenes Haar (Rot),Cheveux Détachés (Rouge),Cabello Suelto (Rojo),Cabelo Solto (Vermelho),Распущенные Волосы (Красные),Capelli Sciolti (Rossi),鬆散髮型（紅色）,披发（红）,풀어헤친 머리 (빨강),Rozpuszczone Włosy (Czerwone),Розпущене волосся (червоне),Losse Haren (Rood),Dağınık Saç (Kırmızı)
L_ACC_LOOSEHAIRWHITE,,Loose Hair (White),白い髪（ほどけた）,Offenes Haar (Weiß),Cheveux Détachés (Blanc),Cabello Suelto (Blanco),Cabelo Solto (Branco),Распущенные волосы (белые),Capelli Sciolti (Bianchi),散落髮型（白色）,披发（白）,풀어헤친 머리 (흰색),Rozpuszczone Włosy (Białe),Розпущене волосся (біле),Losse Haren (Wit),Dağınık Saç (Beyaz)
L_ACC_MADSCIENTISTHAIRBLACK,,Mad Scientist Hair (Black),マッドサイエンティストの髪型（黒）,Verrücktes Wissenschaftlerhaar (Schwarz),Cheveux de Savant Fou (Noir),Pelo de Científico Loco (Negro),Cabelo de Cientista Maluco (Preto),Волосы Безумного Учёного (Чёрные),Capelli da Scienziato Pazzo (Nero),瘋狂科學家髮型（黑色）,疯狂科学家发型（黑）,미친 과학자 머리 (검정),Włosy Szalonego Naukowca (Czarne),Волосся Божевільного Вченого (Чорне),Gekke Wetenschapper Haar (Zwart),Çılgın Bilim İnsanı Saçı (Siyah)
L_ACC_MADSCIENTISTHAIRBLONDE,,Mad Scientist Hair (Blonde),マッドサイエンティストの髪型（ブロンド）,Verrücktes Wissenschaftlerhaar (Blond),Cheveux de Savant Fou (Blond),Pelo de Científico Loco (Rubio),Cabelo de Cientista Maluco (Loiro),Волосы Безумного Учёного (Блонд),Capelli da Scienziato Pazzo (Biondo),瘋狂科學家髮型（金色）,疯狂科学家发型（金）,미친 과학자 머리 (금발),Włosy Szalonego Naukowca (Blond),Волосся Божевільного Вченого (Блонд),Gekke Wetenschapper Haar (Blond),Deli Bilimci Saçı (Sarı)
L_ACC_MADSCIENTISTHAIRBROWN,,Mad Scientist Hair (Brown),マッドサイエンティストの髪型（茶色）,Verrücktes Wissenschaftlerhaar (Braun),Cheveux de Savant Fou (Brun),Pelo de Científico Loco (Marrón),Cabelo de Cientista Maluco (Castanho),Волосы Безумного Учёного (Коричневые),Capelli da Scienziato Pazzo (Marrone),瘋狂科學家髮型（棕色）,疯狂科学家发型（棕）,미친 과학자 머리 (갈색),Włosy Szalonego Naukowca (Brązowe),Волосся Божевільного Вченого (Коричневе),Gekke Wetenschapper Haar (Bruin),Deli Bilimci Saçı (Kahverengi)
L_ACC_MADSCIENTISTHAIRRED,,Mad Scientist Hair (Red),マッドサイエンティストの髪型（赤）,Verrücktes Wissenschaftlerhaar (Rot),Cheveux de Savant Fou (Rouge),Pelo de Científico Loco (Rojo),Cabelo de Cientista Maluco (Vermelho),Волосы Безумного Учёного (Красные),Capelli da Scienziato Pazzo (Rosso),瘋狂科學家髮型（紅色）,疯狂科学家发型（红）,미친 과학자 머리 (빨강),Włosy Szalonego Naukowca (Czerwone),Волосся Божевільного Вченого (Червоне),Gekke Wetenschapper Haar (Rood),Çılgın Bilim İnsanı Saçı (Kırmızı)
L_ACC_MADSCIENTISTHAIRWHITE,,Mad Scientist Hair (White),マッドサイエンティストの髪型（白）,Verrücktes Wissenschaftlerhaar (Weiß),Cheveux de Savant Fou (Blanc),Pelo de Científico Loco (Blanco),Cabelo de Cientista Maluco (Branco),Волосы Безумного Учёного (Белые),Capelli da Scienziato Pazzo (Bianco),瘋狂科學家髮型（白色）,疯狂科学家发型（白）,미친 과학자 머리 (흰색),Włosy Szalonego Naukowca (Białe),Волосся Божевільного Вченого (Біле),Gekke Wetenschapper Haar (Wit),Deli Bilimci Saçı (Beyaz)
L_ACC_PUMPKINPIEHAIRCUTBLACK,,Pumpkin Pie Haircut (Black),パンプキンパイヘアカット（ブラック）,Kürbiskuchen-Haarschnitt (Schwarz),Coupe Tarte à la Citrouille (Noir),Corte de Pelo Pastel de Calabaza (Negro),Corte de Cabelo Torta de Abóbora (Preto),Тыквенная Стрижка (Чёрная),Taglio di Capelli Torta di Zucca (Nero),南瓜派髮型（黑色）,南瓜派发型（黑）,호박 파이 헤어컷 (검정),Fryzura Dyniowy Placek (Czarna),Гарбузова Стрижка (Чорна),Pompoentaart Kapsel (Zwart),Balkabağı Pastası Saç Kesimi (Siyah)
L_ACC_PUMPKINPIEHAIRCUTBLONDE,,Pumpkin Pie Haircut (Blonde),パンプキンパイ・ヘアカット（ブロンド）,Kürbiskuchen-Frisur (Blond),Coupe Tarte à la Citrouille (Blonde),Corte de Pelo Pastel de Calabaza (Rubio),Corte de Cabelo Torta de Abóbora (Loiro),Тыквенная Стрижка (Блонд),Taglio di Capelli Torta di Zucca (Biondo),南瓜派髮型（金色）,南瓜派发型（金）,호박 파이 헤어컷 (금발),Fryzura Dyniowy Placek (Blond),Гарбузова Стрижка (Блонд),Pompoentaart Kapsel (Blond),Balkabağı Pastası Saç Kesimi (Sarışın)
L_ACC_PUMPKINPIEHAIRCUTBROWN,,Pumpkin Pie Haircut (Brown),パンプキンパイヘアカット（ブラウン）,Kürbiskuchen-Haarschnitt (Braun),Coupe Tarte à la Citrouille (Marron),Corte de Pelo Pastel de Calabaza (Marrón),Corte de Cabelo Torta de Abóbora (Marrom),Тыквенная Стрижка (Коричневая),Taglio di Capelli Torta di Zucca (Marrone),南瓜派髮型（棕色）,南瓜派发型（棕）,호박 파이 헤어컷 (갈색),Fryzura Dyniowy Placek (Brązowa),Гарбузова Стрижка (Коричнева),Pompoentaart Kapsel (Bruin),Balkabağı Pastası Saç Kesimi (Kahverengi)
L_ACC_PUMPKINPIEHAIRCUTRED,,Pumpkin Pie Haircut (Red),パンプキンパイヘアカット（赤）,Kürbiskuchen-Haarschnitt (Rot),Coupe Tarte à la Citrouille (Rouge),Corte de Pelo Pastel de Calabaza (Rojo),Corte de Cabelo Torta de Abóbora (Vermelho),Тыквенная Стрижка (Красная),Taglio di Capelli Torta di Zucca (Rosso),南瓜派髮型（紅）,南瓜派发型（红）,호박 파이 헤어컷 (빨강),Dyniowa Fryzura (Czerwona),Гарбузова Стрижка (Червона),Pompoentaart Kapsel (Rood),Balkabağı Pastası Saç Kesimi (Kırmızı)
L_ACC_PUMPKINPIEHAIRCUTWHITE,,Pumpkin Pie Haircut (White),パンプキンパイヘアカット（ホワイト）,Kürbiskuchen-Haarschnitt (Weiß),Coupe Tarte à la Citrouille (Blanc),Corte de Pelo Pastel de Calabaza (Blanco),Corte de Cabelo Torta de Abóbora (Branco),Тыквенная Стрижка (Белая),Taglio di Capelli Torta di Zucca (Bianco),南瓜派髮型（白色）,南瓜派发型（白）,호박 파이 헤어컷 (화이트),Fryzura Dyniowy Placek (Biała),Гарбузова Стрижка (Біла),Pompoentaart Kapsel (Wit),Balkabağı Pastası Saç Kesimi (Beyaz)
L_ACC_SPIKYHAIRBLACK,,Spiky Hair (Black),スパイキーヘア（黒）,Stacheliges Haar (Schwarz),Cheveux Hérissés (Noir),Pelo Puntiagudo (Negro),Cabelo Espetado (Preto),Колючие Волосы (Черные),Capelli a Punta (Neri),尖刺髮型（黑色）,刺头（黑）,뾰족한 머리카락 (검정),Kolczaste Włosy (Czarne),Шипувате волосся (чорне),Stekelig Haar (Zwart),Dikenli Saç (Siyah)
L_ACC_SPIKYHAIRBLONDE,,Spiky Hair (Blonde),スパイキーヘア（ブロンド）,Stacheliges Haar (Blond),Cheveux Hérissés (Blond),Pelo Puntiagudo (Rubio),Cabelo Espetado (Loiro),Колючие Волосы (Светлые),Capelli a Punta (Biondi),尖刺髮型（金色）,刺头（金）,뾰족한 머리 (금발),Kolczaste Włosy (Blond),Шипувате волосся (Блонд),Stekelig Haar (Blond),Dikenli Saç (Sarı)
L_ACC_SPIKYHAIRBROWN,,Spiky Hair (Brown),スパイキーヘア（茶）,Stacheliges Haar (Braun),Cheveux Hérissés (Brun),Pelo Puntiagudo (Marrón),Cabelo Espetado (Castanho),Колючие волосы (Коричневые),Capelli a Punta (Marroni),尖刺髮型（棕色）,刺头（棕）,뾰족한 머리카락 (갈색),Kolczaste Włosy (Brązowe),Шипувате волосся (коричневе),Stekelig Haar (Bruin),Dikenli Saç (Kahverengi)
L_ACC_SPIKYHAIRRED,,Spiky Hair (Red),スパイキーヘア（赤）,Stacheliges Haar (Rot),Cheveux Hérissés (Rouge),Pelo Puntiagudo (Rojo),Cabelo Espetado (Vermelho),Колючие Волосы (Красные),Capelli a Punta (Rossi),尖刺髮型（紅色）,刺头（红）,뾰족한 머리카락 (빨강),Kolczaste Włosy (Czerwone),Колючі Волосся (Червоні),Stekelig Haar (Rood),Dikenli Saç (Kırmızı)
L_ACC_SPIKYHAIRWHITE,,Spiky Hair (White),スパイキーヘア（白）,Stacheliges Haar (Weiß),Cheveux Hérissés (Blanc),Pelo Puntiagudo (Blanco),Cabelo Espetado (Branco),Колючие Волосы (Белые),Capelli a Punta (Bianchi),尖刺髮型（白色）,刺头（白）,뾰족한 머리카락 (흰색),Kolczaste Włosy (Białe),Шипувате волосся (біле),Stekelig Haar (Wit),Dikenli Saç (Beyaz)
L_ACC_UNBRUSHEDHAIRBLACK,,Unbrushed Hair (Black),手入れされていない髪 (黒),Ungekämmtes Haar (Schwarz),Cheveux Non Brossés (Noir),Cabello sin Cepillar (Negro),Cabelo Despenteado (Preto),Нерасчесанные Волосы (Черные),Capelli Spettinati (Nero),未梳理的頭髮（黑色）,乱发（黑）,빗질하지 않은 머리 (검정),Nieuczesane Włosy (Czarne),Нерозчесане волосся (чорне),Ongekamd Haar (Zwart),Taranmamış Saç (Siyah)
L_ACC_UNBRUSHEDHAIRBLONDE,,Unbrushed Hair (Blonde),手入れされていない髪 (ブロンド),Ungekämmtes Haar (Blond),Cheveux Non Brossés (Blond),Cabello sin Cepillar (Rubio),Cabelo Despenteado (Loiro),Нерасчесанные Волосы (Светлые),Capelli Spettinati (Biondi),未梳理的頭髮（金色）,乱发（金）,빗질하지 않은 머리 (금발),Nieuczesane Włosy (Blond),Нерозчесане волосся (Блонд),Ongekamd Haar (Blond),Taranmamış Saç (Sarı)
L_ACC_UNBRUSHEDHAIRBROWN,,Unbrushed Hair (Brown),手入れされていない髪 (茶色),Ungekämmtes Haar (Braun),Cheveux Non Brossés (Marron),Cabello sin Cepillar (Marrón),Cabelo Despenteado (Castanho),Нерасчесанные Волосы (Коричневые),Capelli Spettinati (Marrone),未梳理的頭髮（棕色）,乱发（棕）,빗질하지 않은 머리 (갈색),Nieuczesane Włosy (Brązowe),Нерозчесане волосся (коричневе),Ongekamd Haar (Bruin),Taranmamış Saç (Kahverengi)
L_ACC_UNBRUSHEDHAIRRED,,Unbrushed Hair (Red),手入れされていない髪 (赤),Ungekämmtes Haar (Rot),Cheveux Non Brossés (Rouge),Cabello sin Cepillar (Rojo),Cabelo Despenteado (Vermelho),Нерасчесанные Волосы (Красные),Capelli Spettinati (Rossi),未梳理的頭髮（紅色）,乱发（红）,빗질하지 않은 머리 (빨강),Nieuczesane Włosy (Czerwone),Нерозчесане волосся (червоне),Ongekamd Haar (Rood),Taranmamış Saç (Kırmızı)
L_ACC_UNBRUSHEDHAIRWHITE,,Unbrushed Hair (White),手入れされていない髪 (白),Ungekämmtes Haar (Weiß),Cheveux Non Brossés (Blanc),Cabello sin Cepillar (Blanco),Cabelo Despenteado (Branco),Нерасчесанные Волосы (Белые),Capelli Spettinati (Bianchi),未梳理的頭髮（白色）,乱发（白）,빗질하지 않은 머리 (하얀색),Nieuczesane Włosy (Białe),Нерозчесане волосся (біле),Ongekamd Haar (Wit),Taranmamış Saç (Beyaz)
L_ACC_WINDSWEPTHAIRBLACK,,Windswept Hair (Black),風に吹かれた髪 (黒),Windgepeitschtes Haar (Schwarz),Cheveux Ébouriffés (Noir),Cabello Agitado por el Viento (Negro),Cabelo Esvoaçante (Preto),Растрепанные Волосы (Черные),Capelli Mossi dal Vento (Nero),風拂髮型（黑色）,风拂发型（黑）,바람에 날리는 머리카락 (검정),Rozwiane Włosy (Czarne),Розвіяне вітром волосся (чорне),Windverwarde Haren (Zwart),Rüzgarda Savrulan Saç (Siyah)
L_ACC_WINDSWEPTHAIRBLONDE,,Windswept Hair (Blonde),風に吹かれた髪（ブロンド）,Windgepeitschtes Haar (Blond),Cheveux Balayés par le Vent (Blond),Cabello Agitado por el Viento (Rubio),Cabelo Esvoaçante (Loiro),Растрепанные Волосы (Светлые),Capelli Mossi dal Vento (Biondi),風拂髮型（金色）,风拂发型（金）,바람에 날리는 머리카락 (금발),Rozwiane Włosy (Blond),Розвіяне вітром волосся (блонд),Windverwarde Haren (Blond),Rüzgarda Savrulan Saç (Sarışın)
L_ACC_WINDSWEPTHAIRBROWN,,Windswept Hair (Brown),風に吹かれた髪 (茶色),Windgezaustes Haar (Braun),Cheveux Balayés par le Vent (Brun),Cabello Agitado por el Viento (Marrón),Cabelo Esvoaçante (Castanho),Растрепанные Волосы (Коричневые),Capelli Mossi dal Vento (Marrone),風拂髮型（棕色）,风拂发型（棕）,바람에 날리는 머리카락 (갈색),Rozwiane Włosy (Brązowe),Розвіяне вітром волосся (каштанове),Windverwarde Haren (Bruin),Rüzgarda Savrulan Saç (Kahverengi)
L_ACC_WINDSWEPTHAIRRED,,Windswept Hair (Red),風に吹かれた髪 (赤),Windgezaustes Haar (Rot),Cheveux Balayés par le Vent (Rouge),Cabello Agitado por el Viento (Rojo),Cabelo Esvoaçante (Vermelho),Растрепанные Волосы (Красные),Capelli Mossi dal Vento (Rosso),風拂髮型（紅）,风拂发型（红）,바람에 날리는 머리카락 (빨강),Rozwiane Włosy (Czerwone),Розвіяне вітром волосся (червоне),Windverwarde Haren (Rood),Rüzgarda Savrulan Saç (Kırmızı)
L_ACC_WINDSWEPTHAIRWHITE,,Windswept Hair (White),風に吹かれた髪（白）,Windverwehtes Haar (Weiß),Cheveux Balayés par le Vent (Blanc),Cabello Agitado por el Viento (Blanco),Cabelo Agitado pelo Vento (Branco),Развевающиеся волосы (белые),Capelli Mossi dal Vento (Bianco),風拂髮型（白色）,风拂发型（白）,바람에 날리는 머리카락 (흰색),Rozwiane Włosy (Białe),Розвіяне вітром волосся (біле),Windverwarde Haren (Wit),Rüzgarda Savrulan Saç (Beyaz)
L_ACC_COWBOYHATBLACK,,Cowboy Hat (Black),カウボーイハット（黒）,Cowboyhut (Schwarz),Chapeau de Cow-boy (Noir),Sombrero Vaquero (Negro),Chapéu de Cowboy (Preto),Ковбойская шляпа (Чёрная),Cappello da Cowboy (Nero),牛仔帽（黑色）,牛仔帽（黑）,카우보이 모자 (검정),Kowbojski Kapelusz (Czarny),Ковбойський капелюх (чорний),Cowboyhoed (Zwart),Kovboy Şapkası (Siyah)
L_ACC_COWBOYHATTAN,,Cowboy Hat (Tan),カウボーイハット（タン）,Cowboyhut (Hellbraun),Chapeau de Cow-boy (Beige),Sombrero Vaquero (Canela),Chapéu de Cowboy (Bege),Ковбойская шляпа (Загар),Cappello da Cowboy (Marrone Chiaro),牛仔帽（棕色）,牛仔帽（褐）,카우보이 모자 (황갈색),Kowbojski Kapelusz (Jasnobrązowy),Ковбойський капелюх (світло-коричневий),Cowboyhoed (Beige),Kovboy Şapkası (Açık Kahve)
L_ACC_COWBOYHATWHITE,,Cowboy Hat (White),カウボーイハット（白）,Cowboyhut (Weiß),Chapeau de Cow-boy (Blanc),Sombrero Vaquero (Blanco),Chapéu de Cowboy (Branco),Ковбойская шляпа (Белая),Cappello da Cowboy (Bianco),牛仔帽（白色）,牛仔帽（白）,카우보이 모자 (흰색),Kowbojski Kapelusz (Biały),Ковбойський капелюх (білий),Cowboyhoed (Wit),Kovboy Şapkası (Beyaz)
L_ACC_CROWNMETAL,,Crown (Metal),冠（金属）,Krone (Metall),Couronne (Métal),Corona (Metal),Coroa (Metal),Корона (Металл),Corona (Metallo),金屬皇冠,王冠（金属）,왕관 (금속),Korona (Metal),Корона (Метал),Kroon (Metaal),Taç (Metal)
L_ACC_CROWNMONSTER,,Crown (Monster),クラウン（モンスター）,Krone (Monster),Couronne (Monstre),Corona (Monstruo),Coroa (Monstro),Корона (Монстр),Corona (Mostro),王冠（怪物）,王冠（怪物）,왕관 (몬스터),Korona (Potwór),Корона (Монстр),Kroon (Monster),Taç (Canavar)
L_ACC_CROWNREGAL,,Crown (Regal),王冠（王家の）,Krone (Königlich),Couronne (Royale),Corona (Regia),Coroa (Régia),Корона (Королевская),Corona (Regale),王冠（華貴）,王冠（华贵）,왕관 (왕족의),Korona (Królewska),Корона (Королівська),Kroon (Koninklijk),Taç (Soylu)
L_ACC_CROWNTIARA,,Crown (Tiara),王冠（ティアラ）,Krone (Tiara),Couronne (Tiare),Corona (Tiara),Coroa (Tiara),Корона (Тиара),Corona (Tiara),皇冠（頭飾）,王冠（冠冕）,왕관 (티아라),Korona (Tiara),Корона (Тіара),Kroon (Tiara),Taç (Tiara)
L_ACC_CROWNWICKED,,Crown (Wicked),冠（邪悪）,Krone (Boshaft),Couronne (Maléfique),Corona (Malvada),Coroa (Maligna),Корона (Зловещая),Corona (Malvagia),王冠（邪惡）,王冠（邪恶）,왕관 (사악한),Korona (Złowroga),Корона (Зловісна),Kroon (Kwaadaardig),Taç (Kötücül)
L_ACC_PARTYHATBLUE,,Party Hat (Blue),パーティーハット（青）,Partyhut (Blau),Chapeau de fête (Bleu),Gorro de Fiesta (Azul),Chapéu de Festa (Azul),Праздничный колпак (Синий),Cappello da Festa (Blu),派對帽（藍）,派对帽（蓝）,파티 모자 (파랑),Czapeczka Imprezowa (Niebieska),Святкова шапочка (Синя),Feesthoedje (Blauw),Parti Şapkası (Mavi)
L_ACC_PARTYHATGREEN,,Party Hat (Green),パーティーハット（緑）,Partyhut (Grün),Chapeau de fête (Vert),Gorro de Fiesta (Verde),Chapéu de Festa (Verde),Праздничный колпак (Зелёный),Cappello da Festa (Verde),派對帽（綠色）,派对帽（绿）,파티 모자 (초록색),Czapeczka Imprezowa (Zielona),Святкова шапочка (зелена),Feesthoedje (Groen),Parti Şapkası (Yeşil)
L_ACC_PARTYHATPINK,,Party Hat (Pink),パーティーハット（ピンク）,Partyhut (Rosa),Chapeau de fête (Rose),Gorro de Fiesta (Rosa),Chapéu de Festa (Rosa),Праздничный колпак (розовый),Cappello da Festa (Rosa),派對帽（粉紅）,派对帽（粉）,파티 모자 (핑크),Czapeczka Imprezowa (Różowa),Святкова шапочка (рожева),Feesthoedje (Roze),Parti Şapkası (Pembe)
L_ACC_PARTYHATRED,,Party Hat (Red),パーティーハット（赤）,Partyhut (Rot),Chapeau de fête (Rouge),Gorro de Fiesta (Rojo),Chapéu de Festa (Vermelho),Праздничный колпак (Красный),Cappello da Festa (Rosso),派對帽（紅）,派对帽（红）,파티 모자 (빨강),Czapeczka Imprezowa (Czerwona),Святкова шапочка (Червона),Feesthoedje (Rood),Parti Şapkası (Kırmızı)
L_ACC_PARTYHATWHITE,,Party Hat (White),パーティーハット（白）,Partyhut (Weiß),Chapeau de fête (Blanc),Gorro de Fiesta (Blanco),Chapéu de Festa (Branco),Праздничный колпак (Белый),Cappello da Festa (Bianco),派對帽（白色）,派对帽（白）,파티 모자 (흰색),Czapeczka Imprezowa (Biała),Святкова шапочка (Біла),Feesthoedje (Wit),Parti Şapkası (Beyaz)
L_ACC_PIRATEHATBLACK,,Pirate Hat (Black),海賊の帽子（黒）,Piratenhut (Schwarz),Chapeau de Pirate (Noir),Sombrero Pirata (Negro),Chapéu de Pirata (Preto),Пиратская шляпа (Чёрная),Cappello da Pirata (Nero),海盜帽（黑色）,海盗帽（黑）,해적 모자 (검정),Piracki Kapelusz (Czarny),Піратський капелюх (чорний),Piratenhoed (Zwart),Korsan Şapkası (Siyah)
L_ACC_PIRATEHATRED,,Pirate Hat (Red),海賊の帽子（赤）,Piratenhut (Rot),Chapeau de Pirate (Rouge),Sombrero Pirata (Rojo),Chapéu de Pirata (Vermelho),Пиратская шляпа (красная),Cappello da Pirata (Rosso),海盜帽（紅色）,海盗帽（红）,해적 모자 (빨강),Piracki Kapelusz (Czerwony),Піратський капелюх (Червоний),Piratenhoed (Rood),Korsan Şapkası (Kırmızı)
L_ACC_STRAWHATDARK,,Straw Hat (Dark),麦わら帽子（黒）,Strohhut (Dunkel),Chapeau de Paille (Sombre),Sombrero de Paja (Oscuro),Chapéu de Palha (Escuro),Соломенная Шляпа (Тёмная),Cappello di Paglia (Scuro),草帽（暗）,草帽（深色）,짚모자 (다크),Słomiany Kapelusz (Ciemny),Солом'яний капелюх (Темний),Strohoed (Donker),Hasır Şapka (Karanlık)
L_ACC_STRAWHATLIGHT,,Straw Hat (Light),麦わら帽子（軽装）,Strohhut (Leicht),Chapeau de Paille (Léger),Sombrero de Paja (Ligero),Chapéu de Palha (Leve),Соломенная шляпа (Легкая),Cappello di Paglia (Leggero),草帽（輕型）,草帽（浅色）,밀짚모자 (경량),Słomiany Kapelusz (Lekki),Солом'яний капелюх (Легкий),Strohoed (Licht),Hasır Şapka (Hafif)
L_ACC_TOPHATBLACK,,Top Hat (Black),トップハット（黒）,Zylinder (Schwarz),Chapeau Haut-de-forme (Noir),Sombrero de Copa (Negro),Cartola (Preta),Цилиндр (Чёрный),Cilindro (Nero),高帽子（黑色）,礼帽（黑）,실크햇 (검정),Cylinder (Czarny),Циліндр (Чорний),Hoge Hoed (Zwart),Silindir Şapka (Siyah)
L_ACC_TOPHATWHITE,,Top Hat (White),白いシルクハット,Zylinder (Weiß),Chapeau haut-de-forme (Blanc),Sombrero de Copa (Blanco),Cartola (Branca),Цилиндр (Белый),Cappello a Cilindro (Bianco),白色禮帽,礼帽（白）,실크햇 (흰색),Cylinder (Biały),Циліндр (Білий),Hoge Hoed (Wit),Silindir Şapka (Beyaz)
L_ACC_WIZARDHATBLACK,,Wizard Hat (Black),魔法使いの帽子（黒）,Zauberhut (Schwarz),Chapeau de Mage (Noir),Sombrero de Mago (Negro),Chapéu de Mago (Preto),Шляпа Волшебника (Чёрная),Cappello da Mago (Nero),巫師帽（黑色）,巫师帽（黑）,마법사 모자 (검정),Kapelusz Czarodzieja (Czarny),Чаклунський капелюх (Чорний),Tovenaarshoed (Zwart),Büyücü Şapkası (Siyah)
L_ACC_WIZARDHATBLUE,,Wizard Hat (Blue),魔法使いの帽子（青）,Zauberhut (Blau),Chapeau de Mage (Bleu),Sombrero de Mago (Azul),Chapéu de Mago (Azul),Шляпа Волшебника (Синяя),Cappello da Mago (Blu),巫師帽（藍）,巫师帽（蓝）,마법사 모자 (파란색),Kapelusz Czarodzieja (Niebieski),Чаклунський капелюх (Синій),Tovenaarshoed (Blauw),Büyücü Şapkası (Mavi)
L_ACC_WIZARDHATGREEN,,Wizard Hat (Green),魔法使いの帽子（緑）,Zauberhut (Grün),Chapeau de Mage (Vert),Sombrero de Mago (Verde),Chapéu de Mago (Verde),Шляпа Волшебника (Зелёная),Cappello da Mago (Verde),巫師帽（綠）,巫师帽（绿）,마법사 모자 (초록색),Kapelusz Czarodzieja (Zielony),Чаклунський капелюх (Зелений),Tovenaarshoed (Groen),Büyücü Şapkası (Yeşil)
L_ACC_WIZARDHATPURPLE,,Wizard Hat (Purple),魔法使いの帽子（紫）,Zauberhut (Lila),Chapeau de Mage (Violet),Sombrero de Mago (Púrpura),Chapéu de Mago (Roxo),Шляпа волшебника (Фиолетовая),Cappello da Mago (Viola),巫師帽（紫色）,巫师帽（紫）,마법사 모자 (보라색),Kapelusz Czarodzieja (Fioletowy),Чаклунський капелюх (Фіолетовий),Tovenaarshoed (Paars),Büyücü Şapkası (Mor)
L_ACC_WIZARDHATRED,,Wizard Hat (Red),魔法使いの帽子（赤）,Zauberhut (Rot),Chapeau de Mage (Rouge),Sombrero de Mago (Rojo),Chapéu de Mago (Vermelho),Шляпа Волшебника (Красная),Cappello da Mago (Rosso),巫師帽（紅）,巫师帽（红）,마법사 모자 (빨강),Kapelusz Czarodzieja (Czerwony),Чаклунський капелюх (Червоний),Tovenaarshoed (Rood),Büyücü Şapkası (Kırmızı)
L_ACC_WIZARDHATWHITE,,Wizard Hat (White),魔法使いの帽子（白）,Zauberhut (Weiß),Chapeau de Mage (Blanc),Sombrero de Mago (Blanco),Chapéu de Mago (Branco),Шляпа Волшебника (Белая),Cappello da Mago (Bianco),巫師帽（白）,巫师帽（白）,마법사 모자 (흰색),Kapelusz Czarodzieja (Biały),Чаклунський капелюх (Білий),Tovenaarshoed (Wit),Büyücü Şapkası (Beyaz)
L_ACC_PUMPKINHEAD,,Pumpkin Head,カボチャ頭,Kürbiskopf,Tête de Citrouille,Cabeza de Calabaza,Cabeça de Abóbora,Тыквенная Голова,Testa di Zucca,南瓜頭,南瓜头,호박 머리,Dyniogłowy,Гарбузова Голова,Pompoen Hoofd,Balkabağı Kafa
L_ACC_EXECUTIONERHOOD,,Executioner Hood,処刑人の頭巾,Henkerkapuze,Capuche du Bourreau,Capucha del Verdugo,Capuz do Carrasco,Капюшон Палача,Cappuccio del Boia,劊子手頭罩,刽子手兜帽,집행인 두건,Kaptur Kata,Капюшон Ката,Beulskap,Cellat Başlığı
L_ACC_MASKCLOWN,,Mask (Clown),マスク（ピエロ）,Maske (Clown),Masque (Clown),Máscara (Payaso),Máscara (Palhaço),Маска (Клоун),Maschera (Clown),面具（小丑）,面具（小丑）,가면 (광대),Maska (Klaun),Маска (Клоун),Masker (Clown),Maske (Palyaço)
L_ACC_MASKBLACKDOMINO,,Mask (Black Domino),仮面（黒いドミノ）,Maske (Schwarzes Domino),Masque (Domino Noir),Máscara (Dominó Negro),Máscara (Dominó Negro),Маска (Черное Домино),Maschera (Domino Nero),面具（黑色多米諾）,面具（黑/舞会）,가면 (블랙 도미노),Maska (Czarne Domino),Маска (Чорне Доміно),Masker (Zwarte Domino),Maske (Siyah Domino)
L_ACC_MASKWHITEDOMINO,,Mask (White Domino),仮面（白いドミノ）,Maske (Weißes Domino),Masque (Domino Blanc),Máscara (Dominó Blanco),Máscara (Dominó Branco),Маска (Белое Домино),Maschera (Domino Bianco),面具（白色多米諾）,面具（白/舞会）,가면 (화이트 도미노),Maska (Biała Domino),Маска (Біле Доміно),Masker (Wit Domino),Maske (Beyaz Domino)
L_ACC_MASKGAS,,Mask (Gas),マスク（ガス）,Gasmaske,Masque à gaz,Máscara (Gas),Máscara (Gás),Противогаз,Maschera (Gas),防毒面具,面具（毒气）,마스크 (가스),Maska (Gazowa),Протигаз,Gasmasker,Gaz Maskesi
L_ACC_MASKHALF,,Mask (Half),マスク（ハーフ）,Maske (Halb),Masque (Moitié),Máscara (Media),Máscara (Metade),Маска (Половина),Maschera (Metà),面具（半）,面具（半）,가면 (반),Maska (Połowa),Маска (Половина),Masker (Half),Maske (Yarım)
L_ACC_MASKHALFSKULL,,Mask (Half Skull),仮面（半頭蓋骨）,Maske (Halbschädel),Masque (Demi-Crâne),Máscara (Media Calavera),Máscara (Meio Crânio),Маска (Половина Черепа),Maschera (Mezzo Teschio),面具（半骷髏）,面具（半/骷髅）,가면 (반쪽 해골),Maska (Połowa Czaszki),Маска (Напівчереп),Masker (Halve Schedel),Maske (Yarım Kafatası)
L_ACC_MASKHALFMETALSKULL,,Mask (Half Metal Skull),マスク（ハーフメタルスカル）,Maske (Halb-Metallschädel),Masque (Crâne Mi-Métallique),Máscara (Cráneo Metálico Parcial),Máscara (Crânio Meio Metálico),Маска (Полуметаллический Череп),Maschera (Teschio Metallico Parziale),面具（半金屬骷髏）,面具（半/金属骷髅）,가면 (반금속 해골),Maska (Półmetalowa Czaszka),Маска (Напівметалевий Череп),Masker (Half Metalen Schedel),Maske (Yarı Metal Kafatası)
L_ACC_MASKMIME,,Mask (Mime),マスク（マイム）,Maske (Mime),Masque (Mime),Máscara (Mimo),Máscara (Mímico),Маска (Мим),Maschera (Mimo),面具（模仿）,面具（哑剧）,가면 (마임),Maska (Mim),Маска (Мім),Masker (Mime),Maske (Taklitçi)
L_ACC_MASKPLAGUE,,Mask (Plague),仮面（疫病）,Maske (Seuche),Masque (Peste),Máscara (Plaga),Máscara (Praga),Маска (Чума),Maschera (Peste),瘟疫面具,面具（瘟疫）,마스크 (역병),Maska (Zaraza),Маска (Чума),Masker (Plaag),Maske (Veba)
L_ACC_MASKBLANKPORCELAIN,,Mask (Blank Porcelain),仮面（白磁）,Maske (Leeres Porzellan),Masque (Porcelaine Vierge),Máscara (Porcelana Vacía),Máscara (Porcelana Branca),Маска (Пустой Фарфор),Maschera (Porcellana Vuota),面具（空白瓷器）,面具（纯色/陶瓷）,가면 (공백 도자기),Maska (Pusta Porcelana),Маска (Порожня Порцеляна),Masker (Leeg Porselein),Maske (Boş Porselen)
L_ACC_MASKENRAGEDPORCELAIN,,Mask (Enraged Porcelain),仮面（激怒の磁器）,Maske (Wütende Porzellanmaske),Masque (Porcelaine Enragée),Máscara (Porcelana Enfurecida),Máscara (Porcelana Enfurecida),Маска (Разъяренный Фарфор),Maschera (Porcellana Infuriata),面具（狂怒瓷器）,面具（狂怒/陶瓷）,가면 (격노한 도자기),Maska (Rozwścieczona Porcelana),Маска (Розлючена Порцеляна),Masker (Woedend Porselein),Maske (Öfkeli Porselen)
L_ACC_MASKJOKERPORCELAIN,,Mask (Joker Porcelain),仮面（ジョーカー・ポーセリン）,Maske (Joker-Porzellan),Masque (Porcelaine de Joker),Máscara (Porcelana de Joker),Máscara (Porcelana Coringa),Маска (Фарфоровый Джокер),Maschera (Porcellana Joker),面具（小丑瓷器）,面具（小丑/陶瓷）,가면 (조커 포슬린),Maska (Porcelanowy Joker),Маска (Порцеляновий Джокер),Masker (Joker Porselein),Maske (Joker Porselen)
L_ACC_MASKMOURNFULPORCELAIN,,Mask (Mournful Porcelain),仮面（悲しみの磁器）,Maske (Trauerndes Porzellan),Masque (Porcelaine Funèbre),Máscara (Porcelana Lúgubre),Máscara (Porcelana Melancólica),Маска (Скорбный Фарфор),Maschera (Porcellana Luttuosa),面具（哀悼瓷器）,面具（悲伤/陶瓷）,가면 (애도의 도자기),Maska (Żałobna Porcelana),Маска (Скорботна Порцеляна),Masker (Treurend Porselein),Maske (Yaslı Porselen)
L_ACC_MASKNEUTRALPORCELAIN,,Mask (Neutral Porcelain),仮面（ニュートラル・ポーセリン）,Maske (Neutrales Porzellan),Masque (Porcelaine Neutre),Máscara (Porcelana Neutral),Máscara (Porcelana Neutra),Маска (Нейтральный Фарфор),Maschera (Porcellana Neutra),面具（中性瓷器）,面具（无表情/陶瓷）,가면 (중립 도자기),Maska (Neutralna Porcelana),Маска (Нейтральний Фарфор),Masker (Neutraal Porselein),Maske (Nötr Porselen)
L_ACC_CANDYBUCKET,,Candy Bucket,キャンディバケツ,Süßigkeiteneimer,Panier à bonbons,Cubo de Dulces,Balde de Doces,Ведро конфет,Secchio di Caramelle,糖果桶,糖果桶,사탕 바구니,Koszyk na Słodycze,Відерце з цукерками,Snoepemmer,Şeker Kovası
L_ACC_CLEAVER,,Cleaver,クリーバー,Hackmesser,Couperet,Cuchilla,Cutelo,Тесак,Mannaia,劈刀,菜刀,손도끼,Tasak,Тесак,Hakmes,Satır
L_ACC_GRAVESTONE,,Gravestone,墓石,Grabstein,Pierre tombale,Lápida,Lápide,Надгробие,Lapide,墓碑,墓碑,묘비,Nagrobek,Надгробок,Grafsteen,Mezar Taşı
L_ACC_NECKBOLT,,Neck Bolt,首のボルト,Nackenschraube,Boulon de cou,Perno de Cuello,Parafuso do Pescoço,Шейный болт,Bullone del Collo,頸部螺栓,颈螺栓,목 볼트,Śruba Szyi,Шийний болт,Nekbout,Boyun Cıvatası
L_ACC_VAMPIREFANGS,,Vampire Fangs,吸血鬼の牙,Vampirzähne,Crocs de Vampire,Colmillos de Vampiro,Presas de Vampiro,Клыки вампира,Zanne di Vampiro,吸血鬼獠牙,吸血鬼尖牙,흡혈귀 송곳니,Kły Wampira,Вампірські Ікла,Vampiertanden,Vampir Dişleri
L_ACC_MUSTACHEBROTHERLYBLACK,,Mustache (Brotherly Black),口ひげ（ブラザリーブラック）,Schnurrbart (Brüderliches Schwarz),Moustache (Noir Fraternel),Bigote (Negro Fraternal),Bigode (Preto Fraternal),Усы (Братский Чёрный),Baffi (Nero Fraterno),鬍鬚（兄弟黑）,胡子（亲切/黑）,콧수염 (형제의 검정),Wąsy (Braterska Czerń),Вуса (Братський чорний),Snor (Broederlijk Zwart),Bıyık (Kardeşçe Siyah)
L_ACC_MUSTACHEBROTHERLYBLONDE,,Mustache (Brotherly Blonde),口ひげ（ブラザリー・ブロンド）,Schnurrbart (Brüderliches Blond),Moustache (Blonde Fraternelle),Bigote (Rubio Fraternal),Bigode (Loiro Fraternal),Усы (Братский Блонд),Baffi (Biondo Fraterno),鬍鬚（兄弟情金髮）,胡子（亲切/金）,콧수염 (형제애 금발),Wąsy (Braterski Blond),Вуса (Братній Блондин),Snor (Broederlijke Blonde),Bıyık (Kardeşçe Sarışın)
L_ACC_MUSTACHEBROTHERLYBROWN,,Mustache (Brotherly Brown),口ひげ（ブラザリーブラウン）,Schnurrbart (Brüderliches Braun),Moustache (Brun Fraternel),Bigote (Marrón Fraternal),Bigode (Marrom Fraterno),Усы (Братский коричневый),Baffi (Marrone Fraterno),鬍鬚（兄弟棕）,胡子（亲切/棕）,콧수염 (형제애의 갈색),Wąsy (Braterski Brąz),Вуса (Братський коричневий),Snor (Broederlijk Bruin),Bıyık (Kardeşçe Kahverengi)
L_ACC_MUSTACHEBROTHERLYRED,,Mustache (Brotherly Red),口ひげ（ブラザリー・レッド）,Schnurrbart (Brüderliches Rot),Moustache (Rouge Fraternel),Bigote (Rojo Fraternal),Bigode (Vermelho Fraternal),Усы (Братский Красный),Baffi (Rosso Fraterno),鬍鬚（兄弟紅）,胡子（亲切/红）,콧수염 (형제의 붉은색),Wąsy (Braterska Czerwień),Вуса (Братерський Червоний),Snor (Broederlijk Rood),Bıyık (Kardeşçe Kırmızı)
L_ACC_MUSTACHEBROTHERLYWHITE,,Mustache (Brotherly White),口髭（兄弟の白）,Schnurrbart (Brüderliches Weiß),Moustache (Blanc Fraternel),Bigote (Blanco Fraternal),Bigode (Branco Fraternal),Усы (Братский белый),Baffi (Bianco Fraterno),鬍鬚（兄弟白）,胡子（亲切/白）,콧수염 (형제의 하얀색),Wąsy (Braterska Biel),Вуса (Братський білий),Snor (Broederlijk Wit),Bıyık (Kardeşçe Beyaz)
L_ACC_MUSTACHEDEVILISHBLACK,,Mustache (Devilish Black),口ひげ（デビリッシュブラック）,Schnurrbart (Teuflisch Schwarz),Moustache (Noir Diabolique),Bigote (Negro Diabólico),Bigode (Preto Diabólico),Усы (Дьявольский черный),Baffi (Nero Diabolico),鬍鬚（惡魔黑）,胡子（恶魔/黑）,콧수염 (악마적인 검정),Wąsy (Diabelska Czerń),Вуса (Диявольсько-чорні),Snor (Duivels Zwart),Bıyık (Şeytani Siyah)
L_ACC_MUSTACHEDEVILISHBLONDE,,Mustache (Devilish Blonde),口ひげ（デビリッシュ・ブロンド）,Schnurrbart (Teuflisches Blond),Moustache (Blond Diabolique),Bigote (Rubio Diabólico),Bigode (Loiro Diabólico),Усы (Дьявольский Блондин),Baffi (Biondo Diabolico),鬍鬚（惡魔金髮）,胡子（恶魔/金）,콧수염 (악마적인 금발),Wąsy (Diabelski Blondyn),Вуса (Диявольський Блондин),Snor (Duivelse Blonde),Bıyık (Şeytani Sarışın)
L_ACC_MUSTACHEDEVILISHBROWN,,Mustache (Devilish Brown),口ひげ（悪魔的ブラウン）,Schnurrbart (Teuflisches Braun),Moustache (Brun Diabolique),Bigote (Marrón Diabólico),Bigode (Marrom Diabólico),Усы (Дьявольский коричневый),Baffi (Marrone Diabolico),鬍鬚（惡魔棕）,胡子（恶魔/棕）,콧수염 (악마적인 갈색),Wąsy (Diabelski Brąz),Вуса (Диявольський коричневий),Snor (Duivels Bruin),Bıyık (Şeytani Kahverengi)
L_ACC_MUSTACHEDEVILISHRED,,Mustache (Devilish Red),口ひげ（デビリッシュレッド）,Schnurrbart (Teuflisches Rot),Moustache (Rouge Diabolique),Bigote (Rojo Diabólico),Bigode (Vermelho Diabólico),Усы (Дьявольский красный),Baffi (Rosso Diabolico),鬍鬚（惡魔紅）,胡子（恶魔/红）,콧수염 (악마의 붉은색),Wąsy (Diabelska Czerwień),Вуса (Диявольсько-червоні),Snor (Duivels Rood),Bıyık (Şeytani Kırmızı)
L_ACC_MUSTACHEDEVILISHWHITE,,Mustache (Devilish White),口ひげ（デビリッシュ・ホワイト）,Schnurrbart (Teuflisch Weiß),Moustache (Blanc Diabolique),Bigote (Blanco Diabólico),Bigode (Branco Diabólico),Усы (Дьявольский белый),Baffi (Bianco Diabolico),鬍鬚（惡魔白）,胡子（恶魔/白）,콧수염 (악마적인 흰색),Wąsy (Diabelska Biel),Вуса (Диявольсько-білі),Snor (Duivels Wit),Bıyık (Şeytani Beyaz)
L_ACC_MUSTACHEDIGNIFIEDBLACK,,Mustache (Dignified Black),口髭（威厳のある黒）,Schnurrbart (Würdevolles Schwarz),Moustache (Noir Distingué),Bigote (Negro Distinguido),Bigode (Preto Digno),Усы (Благородный черный),Baffi (Nero Dignitoso),鬍鬚（莊嚴黑）,胡子（庄严/黑）,콧수염 (품위 있는 검정),Wąsy (Dostojne Czarne),Вуса (Поважні чорні),Snor (Waardig Zwart),Bıyık (Vakur Siyah)
L_ACC_MUSTACHEDIGNIFIEDBLONDE,,Mustache (Dignified Blonde),口ひげ（威厳のある金髪）,Schnurrbart (Würdevoller Blonder),Moustache (Blonde Distinguée),Bigote (Rubio Distinguido),Bigode (Loiro Digno),Усы (Благородный блондин),Baffi (Biondo Distinto),鬍鬚（高貴金髮）,胡子（庄严/金）,콧수염 (품위 있는 금발),Wąsy (Dostojny Blondyn),Вуса (Поважний блондин),Snor (Waardige Blonde),Bıyık (Vakur Sarışın)
L_ACC_MUSTACHEDIGNIFIEDBROWN,,Mustache (Dignified Brown),口髭（風格ある茶色）,Schnurrbart (Würdevolles Braun),Moustache (Brun Distingué),Bigote (Marrón Distinguido),Bigode (Marrom Digno),Усы (Благородный коричневый),Baffi (Marrone Dignitoso),鬍鬚（高雅棕色）,胡子（庄严/棕）,콧수염 (품위 있는 갈색),Wąsy (Dostojny Brąz),Вуса (Поважні коричневі),Snor (Waardig Bruin),Bıyık (Asil Kahverengi)
L_ACC_MUSTACHEDIGNIFIEDRED,,Mustache (Dignified Red),口髭（威厳ある赤）,Schnurrbart (Würdevolles Rot),Moustache (Rouge Distingué),Bigote (Rojo Distinguido),Bigode (Vermelho Digno),Усы (Благородный красный),Baffi (Rosso Dignitoso),鬍鬚（莊嚴紅）,胡子（庄严/红）,콧수염 (품위 있는 빨강),Wąsy (Dostojne Czerwone),Вуса (Поважний червоний),Snor (Waardige Rood),Bıyık (Asil Kırmızı)
L_ACC_MUSTACHEDIGNIFIEDWHITE,,Mustache (Dignified White),口髭（威厳ある白）,Schnurrbart (Würdevolles Weiß),Moustache (Blanc Distingué),Bigote (Blanco Distinguido),Bigode (Branco Digno),Усы (Благородные белые),Baffi (Bianco Dignitoso),鬍鬚（莊嚴白）,胡子（庄严/白）,콧수염 (품위 있는 흰색),Wąsy (Dostojne Białe),Вуса (Поважні білі),Snor (Waardig Wit),Bıyık (Asil Beyaz)
L_ACC_MUSTACHEVILLAINOUSBLACK,,Mustache (Villainous Black),口ひげ（悪役の黒）,Schnurrbart (Teuflisches Schwarz),Moustache (Noir Maléfique),Bigote (Negro Villano),Bigode (Vilão Negro),Усы (Злодейские Черные),Baffi (Nero Malvagio),鬍鬚（邪惡黑）,胡子（恶棍/黑）,콧수염 (악당 검정),Wąsy (Złowieszczo Czarne),Вуса (Лиходійські чорні),Snor (Schurkenachtig Zwart),Bıyık (Kötücül Siyah)
L_ACC_MUSTACHEVILLAINOUSBLONDE,,Mustache (Villainous Blonde),口ひげ（悪役の金髪）,Schnurrbart (Finsterer Blonder),Moustache (Blonde Maléfique),Bigote (Rubio Villano),Bigode (Loiro Vilão),Усы (Злодейский Блондин),Baffi (Biondo Malvagio),鬍鬚（邪惡金髮）,胡子（恶棍/金）,콧수염 (악랄한 금발),Wąsy (Złowrogi Blondyn),Вуса (Злодійський Блондин),Snor (Schurkerige Blonde),Bıyık (Kötücül Sarışın)
L_ACC_MUSTACHEVILLAINOUSBROWN,,Mustache (Villainous Brown),口ひげ（悪役の茶色）,Schnurrbart (Schurkenbraun),Moustache (Brun Maléfique),Bigote (Marrón Villano),Bigode (Marrom Vilão),Усы (Злодейский коричневый),Baffi (Marrone Malvagio),鬍鬚（奸詐棕）,胡子（恶棍/棕）,콧수염 (악당 갈색),Wąsy (Złowieszczo Brązowe),Вуса (Лиходійський коричневий),Snor (Schurkenbruin),Bıyık (Kötücül Kahverengi)
L_ACC_MUSTACHEVILLAINOUSRED,,Mustache (Villainous Red),口ひげ（悪役の赤）,Schnurrbart (Schurkisches Rot),Moustache (Rouge Maléfique),Bigote (Rojo Villano),Bigode (Vermelho Vilão),Усы (Злодейский красный),Baffi (Rosso Malvagio),鬍鬚（邪惡紅）,胡子（恶棍/红）,콧수염 (악당의 붉은색),Wąsy (Złowieszcza Czerwień),Вуса (Лиходійські червоні),Snor (Schurkerig Rood),Bıyık (Kötücül Kırmızı)
L_ACC_MUSTACHEVILLAINOUSWHITE,,Mustache (Villainous White),口ひげ（悪役の白）,Schnurrbart (Schurkisch Weiß),Moustache (Blanc Maléfique),Bigote (Blanco Villano),Bigode (Branco Vilão),Усы (Злодейские Белые),Baffi (Bianco Malvagio),鬍鬚（邪惡白）,胡子（恶棍/白）,콧수염 (악당 백색),Wąsy (Złowieszczo Białe),Вуса (Лиходійські білі),Snor (Schurkenachtig Wit),Bıyık (Kötücül Beyaz)
L_ACC_MUSTACHEWALRUSBLACK,,Mustache (Walrus Black),口ひげ（セイウチブラック）,Schnurrbart (Walross Schwarz),Moustache (Noir Morse),Bigote (Negro Morsa),Bigode (Preto Morsa),Усы (Морж Чёрный),Baffi (Nero Tricheco),鬍鬚（海象黑）,胡子（海象/黑）,콧수염 (바다코끼리 검정),Wąsy (Czarne Morsowe),Вуса (Моржеві чорні),Snor (Walrus Zwart),Bıyık (Mors Siyahı)
L_ACC_MUSTACHEWALRUSBLONDE,,Mustache (Walrus Blonde),口ひげ（セイウチブロンド）,Schnurrbart (Walross Blond),Moustache (Blonde Morse),Bigote (Morsa Rubio),Bigode (Loiro Morsa),Усы (Моржовый блонд),Baffi (Biondo Tricheco),鬍鬚（海象金色）,胡子（海象/金）,콧수염 (바다코끼리 금발),Wąsy (Blond Mors),Вуса (Моржеві Білявi),Snor (Walrus Blond),Bıyık (Mors Sarışını)
L_ACC_MUSTACHEWALRUSBROWN,,Mustache (Walrus Brown),口ひげ（セイウチブラウン）,Schnurrbart (Walrossbraun),Moustache (Brun Morse),Bigote (Marrón Morsa),Bigode (Marrom Morsa),Усы (Морж коричневый),Baffi (Marrone Tricheco),鬍鬚（海象棕）,胡子（海象/棕）,콧수염 (바다코끼리 갈색),Wąsy (Brązowy Mors),Вуса (Моржевий коричневий),Snor (Walrusbruin),Bıyık (Mors Kahverengi)
L_ACC_MUSTACHEWALRUSRED,,Mustache (Walrus Red),口ひげ（セイウチレッド）,Schnurrbart (Walross-Rot),Moustache (Rouge Morse),Bigote (Rojo Morsa),Bigode (Vermelho Morsa),Усы (Моржовый красный),Baffi (Rosso Tricheco),鬍鬚（海象紅）,胡子（海象/红）,콧수염 (바다코끼리 레드),Wąsy (Morsowy Czerwony),Вуса (Моржеві червоні),Snor (Walrus Rood),Bıyık (Mors Kırmızısı)
L_ACC_MUSTACHEWALRUSWHITE,,Mustache (Walrus White),口ひげ（セイウチホワイト）,Schnurrbart (Walross Weiß),Moustache (Blanc Morse),Bigote (Blanco Morsa),Bigode (Branco de Morsa),Усы (Морж Белый),Baffi (Bianco Tricheco),鬍鬚（海象白）,胡子（海象/白）,콧수염 (바다코끼리 화이트),Wąsy (Biały Mors),Вуса (Білий морж),Snor (Walrus Wit),Bıyık (Mors Beyazı)
L_ACC_CURSIE,This is the name of a pet.,Cursie,カーシー,Fluchie,Maudite,Maldita,Maldição,Прокляша,Maledetta,詛咒,小诅咒,커시,Klątewka,Прокляття,Vloekje,Lanetli
L_ACC_MINIMOTHMAN,,Mini Moth Man,ミニ・モスマン,Mini Motten-Mann,Mini Homme Papillon de Nuit,Mini Hombre Polilla,Mini Homem-Mariposa,Мини Человек-Мотылёк,Mini Uomo Falena,迷你蛾人,迷你蛾人,미니 모스맨,Mini Człowiek Ćma,Міні Людина-Метелик,Mini Motman,Mini Güve Adam
L_ACC_POOLLARGEBLACK,,Pool (Large Black),プール（大型黒）,Becken (Groß Schwarz),Bassin (Grand Noir),Piscina (Grande Negra),Piscina (Grande Preta),Бассейн (Большой Чёрный),Piscina (Grande Nera),水池（大型黑色）,水池（大/黑）,수영장 (대형 검정),Basen (Duży Czarny),Басейн (Великий Чорний),Zwembad (Groot Zwart),Havuz (Büyük Siyah)
L_ACC_POOLLARGEBLUE,,Pool (Large Blue),プール（大型・青）,Becken (Großes Blaues),Bassin (Grand Bleu),Piscina (Azul Grande),Piscina (Azul Grande),Бассейн (Большой Синий),Piscina (Grande Blu),水池（大型藍色）,水池（大/蓝）,수영장 (대형 파란색),Basen (Duży Niebieski),Басейн (Великий Синій),Poel (Groot Blauw),Havuz (Büyük Mavi)
L_ACC_POOLLARGEGREEN,,Pool (Large Green),プール（大型・緑）,Becken (Groß Grün),Bassin (Grand Vert),Piscina (Verde Grande),Piscina (Verde Grande),Бассейн (Большой Зелёный),Piscina (Verde Grande),水池（大型綠色）,水池（大/绿）,수영장 (대형 초록),Basen (Duży Zielony),Басейн (Великий Зелений),Poel (Groot Groen),Havuz (Büyük Yeşil)
L_ACC_POOLLARGERED,,Pool (Large Red),プール（大型赤）,Becken (Groß Rot),Bassin (Grand Rouge),Piscina (Roja Grande),Piscina (Vermelha Grande),Бассейн (Большой Красный),Pozza (Rosso Grande),水池（大型紅色）,水池（大/红）,수영장 (대형 빨강),Basen (Duży Czerwony),Басейн (Великий Червоний),Poel (Groot Rood),Havuz (Büyük Kırmızı)
L_ACC_POOLMEDIUMBLACK,,Pool (Medium Black),プール（ミディアムブラック）,Pool (Mittel Schwarz),Bassin (Noir Moyen),Piscina (Negro Medio),Piscina (Preto Médio),Бассейн (Средний Чёрный),Piscina (Nero Medio),水池（中型黑色）,水池（中/黑）,수영장 (중간 검정),Basen (Średni Czarny),Басейн (Середній Чорний),Poel (Medium Zwart),Havuz (Orta Siyah)
L_ACC_POOLMEDIUMBLUE,,Pool (Medium Blue),プール（ミディアムブルー）,Becken (Mittelblau),Bassin (Bleu Moyen),Piscina (Azul Medio),Piscina (Azul Médio),Бассейн (Средне-синий),Piscina (Blu Medio),水池（中藍色）,水池（中/蓝）,수영장 (중간 파랑),Basen (Średni Niebieski),Басейн (Середньо-синій),Zwembad (Middenblauw),Havuz (Orta Mavi)
L_ACC_POOLMEDIUMGREEN,,Pool (Medium Green),プール（ミディアムグリーン）,Becken (Mittelgrün),Bassin (Vert Moyen),Piscina (Verde Medio),Piscina (Verde Médio),Бассейн (Средний Зелёный),Piscina (Verde Medio),水池（中綠色）,水池（中/绿）,수영장 (중간 녹색),Basen (Średni Zielony),Басейн (Середній Зелений),Poel (Middelgroen),Havuz (Orta Yeşil)
L_ACC_POOLMEDIUMRED,,Pool (Medium Red),プール（ミディアムレッド）,Becken (Mittelrot),Bassin (Rouge Moyen),Piscina (Rojo Medio),Piscina (Vermelho Médio),Бассейн (Средний Красный),Piscina (Rosso Medio),水池（中紅）,水池（中/红）,풀 (중간 빨강),Basen (Średni Czerwony),Басейн (Середній Червоний),Poel (Middelrood),Havuz (Orta Kırmızı)
L_ACC_POOLSMALLBLACK,,Pool (Small Black),プール（小・黒）,Becken (Klein Schwarz),Bassin (Petit Noir),Piscina (Negra Pequeña),Piscina (Pequena Preta),Бассейн (Маленький Чёрный),Piscina (Piccola Nera),水池（小型黑色）,水池（小/黑）,수영장 (작은 검정),Basen (Mały Czarny),Басейн (Малий Чорний),Poel (Klein Zwart),Havuz (Küçük Siyah)
L_ACC_POOLSMALLBLUE,,Pool (Small Blue),プール（小・青）,Becken (Kleines Blaues),Bassin (Petit Bleu),Piscina (Azul Pequeña),Piscina (Azul Pequena),Бассейн (Маленький Синий),Piscina (Piccola Blu),水池（小型藍色）,水池（小/蓝）,수영장 (작은 파란색),Sadzawka (Mała Niebieska),Басейн (Малий Синій),Poel (Klein Blauw),Havuz (Küçük Mavi)
L_ACC_POOLSMALLGREEN,,Pool (Small Green),プール（小・緑）,Becken (Klein Grün),Bassin (Petit Vert),Piscina (Verde Pequeña),Piscina (Verde Pequena),Бассейн (Маленький Зелёный),Piscina (Verde Piccola),水池（小型綠色）,水池（小/绿）,수영장 (작은 초록),Sadzawka (Mała Zielona),Басейн (Малий Зелений),Poel (Klein Groen),Havuz (Küçük Yeşil)
L_ACC_POOLSMALLRED,,Pool (Small Red),プール（小・赤）,Becken (Klein Rot),Bassin (Petit Rouge),Piscina (Pequeña Roja),Piscina (Pequena Vermelha),Бассейн (Малый Красный),Pozza (Piccola Rossa),水池（小紅）,水池（小/红）,수영장 (작은 빨강),Sadzawka (Mała Czerwona),Басейн (Малий Червоний),Poel (Klein Rood),Havuz (Küçük Kırmızı)
L_ACC_SPIKELONGCURVEDBLACK,,Spike (Long Curved Black),スパイク（長い湾曲した黒）,Stachel (Lang Gebogen Schwarz),Pointe (Longue Noire Courbée),Púa (Larga Curva Negra),Espinho (Longo Curvo Negro),Шип (Длинный Изогнутый Чёрный),Spuntone (Lungo Curvo Nero),尖刺（長彎黑）,尖刺（长/弯曲/黑）,스파이크 (길고 휘어진 검은색),Kolec (Długi Zakrzywiony Czarny),Шип (Довгий Вигнутий Чорний),Piek (Lang Gebogen Zwart),Çivi (Uzun Kıvrık Siyah)
L_ACC_SPIKELONGCURVEDBONE,,Spike (Long Curved Bone),スパイク（長い湾曲した骨）,Stachel (Langer gebogener Knochen),Pointe (Os Long Courbé),Púa (Hueso Largo Curvado),Espinho (Osso Longo Curvado),Шип (Длинная Изогнутая Кость),Spuntone (Osso Lungo Ricurvo),尖刺（長彎骨）,尖刺（长/弯曲/骨质）,가시 (긴 곡선형 뼈),Kolec (Długa Zakrzywiona Kość),Шип (Довга Вигнута Кістка),Stekel (Lange Gebogen Bot),Diken (Uzun Kıvrık Kemik)
L_ACC_SPIKELONGCURVEDGOLD,,Spike (Long Curved Gold),スパイク（長い湾曲した金）,Stachel (Lang Gebogen Gold),Pointe (Or Courbé Long),Púa (Oro Curvo Largo),Espinho (Ouro Curvo Longo),Шип (Длинный Изогнутый Золотой),Spuntone (Oro Curvo Lungo),尖刺（長彎金）,尖刺（长/弯曲/金）,스파이크 (긴 곡선형 금색),Kolec (Długi Zakrzywiony Złoty),Шип (Довгий Вигнутий Золотий),Spike (Lange Gebogen Goud),Çivi (Uzun Kıvrık Altın)
L_ACC_SPIKELONGCURVEDMETAL,,Spike (Long Curved Metal),スパイク（長い湾曲した金属）,Stachel (Langes gebogenes Metall),Pointe (Métal Courbé Long),Púa (Metal Curvo Largo),Espigão (Metal Curvo Longo),Шип (Длинный Изогнутый Металл),Spuntone (Metallo Curvo Lungo),尖刺（長彎金屬）,尖刺（长/弯曲/金属）,스파이크 (길고 휘어진 금속),Kolec (Długi Zakrzywiony Metal),Шип (Довгий Вигнутий Метал),Spies (Lang Gebogen Metaal),Çivi (Uzun Kıvrık Metal)
L_ACC_SPIKELONGPOINTBLACK,,Spike (Long Point Black),スパイク（ロングポイント・ブラック）,Stachel (Lange Schwarze Spitze),Pointe (Longue Pointe Noire),Punta (Punta Larga Negra),Espigão (Ponta Longa Preta),Шип (Длинный Черный Наконечник),Spike (Punta Lunga Nera),尖刺（長尖黑）,尖刺（长/尖锐/黑）,스파이크 (롱 포인트 블랙),Kolec (Długi Czarny Szpic),Шип (Довгий Чорний Наконечник),Spike (Lange Punt Zwart),Sivri Uç (Uzun Siyah Nokta)
L_ACC_SPIKELONGPOINTBONE,,Spike (Long Point Bone),スパイク（長い骨の先端）,Stachel (Langer Knochenspieß),Pointe (Os à Longue Pointe),Púa (Hueso de Punta Larga),Espinho (Osso de Ponta Longa),Шип (Длинная Костяная Игла),Spuntone (Osso a Punta Lunga),尖刺（長骨尖）,尖刺（长/尖锐/骨质）,가시 (긴 뾰족한 뼈),Kolec (Długa Kościana Szpica),Шип (Довга Кістяна Голка),Spies (Lange Punt Bot),Sivri Uç (Uzun Sivri Kemik)
L_ACC_SPIKELONGPOINTGOLD,,Spike (Long Point Gold),スパイク（ロングポイントゴールド）,Spike (Langer Punkt Gold),Pointe (Or Long Point),Punta (Oro de Punta Larga),Espigão (Ouro de Ponta Longa),Шип (Золото Длинного Острия),Spike (Punta Lunga d'Oro),尖刺（長尖金）,尖刺（长/尖锐/金）,스파이크 (롱 포인트 골드),Kolec (Złoto Długiego Szczytu),Шип (Золото Довгого Мису),Spike (Lange Punt Goud),Sivri Uç (Uzun Nokta Altını)
L_ACC_SPIKELONGPOINTMETAL,,Spike (Long Point Metal),スパイク（長い金属の先端）,Stachel (Lange Metallspitze),Pointe (Métal à Longue Pointe),Punta (Metal de Punta Larga),Espigão (Ponta Longa de Metal),Шип (Длинный Металлический Наконечник),Spuntone (Punta Metallica Lunga),尖刺（長尖金屬）,尖刺（长/尖锐/金属）,스파이크 (롱 포인트 메탈),Kolec (Długi Metalowy Szpikulec),Шип (Довгий Металевий Наконечник),Spike (Lange Punt Metaal),Sivri Uç (Uzun Metal Çıkıntı)
L_ACC_SPIKEMEDIUMCURVEDBLACK,,Spike (Medium Curved Black),スパイク（中型カーブ黒）,Stachel (Mittel Gebogen Schwarz),Pointe (Courbée Moyenne Noire),Púa (Mediana Curvada Negra),Espinho (Médio Curvo Preto),Шип (Средний Изогнутый Черный),Spuntone (Medio Curvo Nero),尖刺（中型彎曲黑色）,尖刺（中/弯曲/黑）,스파이크 (중간 곡선형 검정),Kolec (Średni Zakrzywiony Czarny),Шип (Середній Вигнутий Чорний),Spike (Middelgrote Gebogen Zwart),Diken (Orta Boy Kavisli Siyah)
L_ACC_SPIKEMEDIUMCURVEDBONE,,Spike (Medium Curved Bone),スパイク（中型湾曲骨）,Stachel (Mittlerer Gebogener Knochen),Pointe (Os Courbé Moyen),Púa (Hueso Curvo Mediano),Espinho (Osso Curvo Médio),Шип (Средняя Изогнутая Кость),Spuntone (Osso Ricurvo Medio),尖刺（中型彎骨）,尖刺（中/弯曲/骨质）,스파이크 (중간 곡선 뼈),Kolec (Średnia Zakrzywiona Kość),Шип (Середня Вигнута Кістка),Stekel (Middelgroot Gebogen Bot),Diken (Orta Boy Kavisli Kemik)
L_ACC_SPIKEMEDIUMCURVEDGOLD,,Spike (Medium Curved Gold),スパイク（中型カーブゴールド）,Stachel (Mittel Gebogen Gold),Pointe (Or Courbé Moyen),Púa (Oro Curvo Mediano),Espinho (Médio Curvo Dourado),Шип (Средний Изогнутый Золотой),Spuntone (Oro Curvo Medio),尖刺（中型彎曲金色）,尖刺（中/弯曲/金）,스파이크 (중간 곡선형 금색),Kolec (Średni Zakrzywiony Złoty),Шип (Середній Вигнутий Золотий),Spike (Middelgrote Gebogen Goud),Diken (Orta Boy Kıvrımlı Altın)
L_ACC_SPIKEMEDIUMCURVEDMETAL,,Spike (Medium Curved Metal),スパイク（中型の湾曲した金属）,Stachel (Mittlere Gebogene Metallspitze),Pointe (Métal Courbé Moyen),Púa (Metal Curvo Mediano),Espigão (Metal Curvo Médio),Шип (Средний Изогнутый Металлический),Spuntone (Metallo Curvo Medio),尖刺（中型彎曲金屬）,尖刺（中/弯曲/金属）,스파이크 (중간 곡선형 금속),Kolec (Średni Zakrzywiony Metal),Шип (Середній Вигнутий Металевий),Spies (Middelgrote Gebogen Metaal),Çivi (Orta Boy Kavisli Metal)
L_ACC_SPIKEMEDIUMPOINTBLACK,,Spike (Medium Point Black),スパイク（中型ポイント黒）,Stachel (Mittlere Schwarze Spitze),Pointe (Moyenne Noire),Púa (Punto Medio Negro),Espinho (Ponta Média Preta),Шип (Средний Черный Острие),Spike (Punta Media Nera),尖刺（中型黑色尖頭）,尖刺（中/尖锐/黑）,스파이크 (중간 크기 검정색),Kolec (Średni Czarny Szpic),Шип (Середній Чорний Наконечник),Spike (Middelgrote Zwarte Punt),Diken (Orta Boy Siyah)
L_ACC_SPIKEMEDIUMPOINTBONE,,Spike (Medium Point Bone),スパイク（中型の骨の突起）,Stachel (Mittlerer Knochenspieß),Pointe (Os Moyen Pointu),Púa (Hueso Puntiagudo Mediano),Espinho (Osso Pontiagudo Médio),Шип (Средняя Костяная Игла),Spuntone (Osso Appuntito Medio),尖刺（中型尖骨）,尖刺（中/尖锐/骨质）,가시 (중간 크기 뼈),Kolec (Średnia Kość Ostra),Шип (Середня Кістяна Голка),Spies (Middelgrote Puntige Bot),Sivri Uç (Orta Boy Kemik)
L_ACC_SPIKEMEDIUMPOINTGOLD,,Spike (Medium Point Gold),スパイク（ミディアムポイント ゴールド）,Spike (Mittlerer Goldspitz),Pointe (Or Moyen),Punta (Punto Medio Dorado),Espinho (Ponto Médio Dourado),Шип (Средний Золотой Наконечник),Spike (Punta Media Oro),尖刺（中型金色尖端）,尖刺（中/尖锐/金）,스파이크 (중간 포인트 골드),Kolec (Średni Złoty Szpic),Шип (Середній Золотий Наконечник),Spike (Middelgrote Gouden Punt),Sivri Uç (Orta Boy Altın)
L_ACC_SPIKEMEDIUMPOINTMETAL,,Spike (Medium Point Metal),スパイク（中型金属突起）,Stachel (Mittlerer Metallspitz),Pointe (Métal Pointu Moyen),Punta (Metal Puntiagudo Mediano),Espigão (Metal Pontiagudo Médio),Шип (Средний Металлический Наконечник),Spuntone (Metallo Appuntito Medio),尖刺（中型尖頭金屬）,尖刺（中/尖锐/金属）,스파이크 (중간 크기 금속 뾰족이),Kolec (Średni Metalowy Szpikulec),Шип (Середній Металевий Наконечник),Spike (Middelgrote Metalen Punt),Sivri Uç (Orta Boy Metal Çivi)
L_ACC_SPIKESHORTCURVEDBLACK,,Spike (Short Curved Black),スパイク（短い湾曲した黒）,Stachel (Kurz Gebogen Schwarz),Pointe (Courte Courbée Noire),Púa (Corta Curvada Negra),Espinho (Curvo Curto Preto),Шип (Короткий Изогнутый Черный),Spuntone (Corto Curvo Nero),尖刺（短彎黑）,尖刺（短/弯曲/黑）,스파이크 (짧은 곡선형 검정색),Kolec (Krótki Zakrzywiony Czarny),Шип (Короткий Вигнутий Чорний),Spike (Korte Gebogen Zwarte),Çivi (Kısa Kavisli Siyah)
L_ACC_SPIKESHORTCURVEDBONE,,Spike (Short Curved Bone),スパイク（短い湾曲した骨）,Stachel (Kurzer gebogener Knochen),Pointe (Os Courbe Court),Púa (Hueso Curvo Corto),Espinho (Osso Curvo Curto),Шип (Короткая Изогнутая Кость),Spuntone (Osso Curvo Corto),尖刺（短彎骨）,尖刺（短/弯曲/骨质）,스파이크 (짧은 곡선형 뼈),Kolec (Krótka Zakrzywiona Kość),Шип (Короткий Вигнутий Кістяний),Stekel (Korte Gebogen Bot),Diken (Kısa Kavisli Kemik)
L_ACC_SPIKESHORTCURVEDGOLD,,Spike (Short Curved Gold),スパイク（短い湾曲した金）,Stachel (Kurz Gebogen Gold),Pointe (Or Courbée Courte),Púa (Oro Curvo Corto),Espinho (Curvo Curto Dourado),Шип (Короткий Изогнутый Золотой),Spuntone (Oro Curvo Corto),尖刺（短彎金）,尖刺（短/弯曲/金）,스파이크 (짧은 곡선형 금색),Kolec (Krótki Zakrzywiony Złoty),Шип (Короткий Вигнутий Золотий),Spike (Korte Gebogen Goud),Diken (Kısa Kavisli Altın)
L_ACC_SPIKESHORTCURVEDMETAL,,Spike (Short Curved Metal),スパイク（短い湾曲した金属）,Stachel (Kurzes gebogenes Metall),Pointe (Métal Courbé Court),Púa (Metal Curvo Corto),Espigão (Metal Curvo Curto),Шип (Короткий Изогнутый Металл),Spuntone (Metallo Curvo Corto),尖刺（短彎金屬）,尖刺（短/弯曲/金属）,스파이크 (짧은 곡선형 금속),Kolec (Krótki Zakrzywiony Metal),Шип (Короткий Вигнутий Метал),Spijker (Korte Gebogen Metaal),Çivi (Kısa Kavisli Metal)
L_ACC_SPIKESHORTPOINTBLACK,,Spike (Short Point Black),スパイク（ショートポイント・ブラック）,Stachel (Kurze Schwarze Spitze),Pointe (Courte Pointe Noire),Púa (Punta Corta Negra),Espigão (Ponta Curta Preta),Шип (Короткий Черный Наконечник),Spuntone (Punta Corta Nera),尖刺（短尖黑）,尖刺（短/尖锐/黑）,스파이크 (짧은 검은색 뾰족),Kolec (Krótki Czarny Szpikulec),Шип (Короткий Гострий Чорний),Spike (Korte Zwarte Punt),Sivri Uç (Kısa Siyah Nokta)
L_ACC_SPIKESHORTPOINTBONE,,Spike (Short Point Bone),スパイク（短い尖った骨）,Stachel (Kurzer Spitzknochen),Pointe (Os Court Pointu),Púa (Hueso Puntiagudo Corto),Espinho (Osso Pontiagudo Curto),Шип (Короткая Костяная Игла),Spuntone (Osso Appuntito Corto),尖刺（短尖骨）,尖刺（短/尖锐/骨质）,스파이크 (짧은 뾰족 뼈),Kolec (Krótka Kościana Szpica),Шип (Коротка Гостра Кістка),Stekel (Korte Puntige Bot),Diken (Kısa Sivri Kemik)
L_ACC_SPIKESHORTPOINTGOLD,,Spike (Short Point Gold),スパイク（ショートポイントゴールド）,Stachel (Kurze Goldspitze),Pointe (Pointe Courte Or),Punta (Punta Corta Dorada),Espinho (Ponta Curta Dourada),Шип (Короткий Золотой Наконечник),Spuntone (Punta Corta Oro),尖刺（短尖金）,尖刺（短/尖锐/金）,스파이크 (숏 포인트 골드),Kolec (Krótki Złoty Szpikulec),Шип (Короткий Золотий Вістря),Spike (Korte Punt Goud),Sivri Uç (Kısa Altın Nokta)
L_ACC_SPIKESHORTPOINTMETAL,,Spike (Short Point Metal),スパイク（短い尖った金属）,Stachel (Kurze Metallspitze),Pointe (Métal Pointu Court),Punta (Metal Puntiagudo Corto),Espigão (Ponta Curta de Metal),Шип (Короткий Острый Металл),Spuntone (Metallo Appuntito Corto),尖刺（短尖金屬）,尖刺（短/尖锐/金属）,스파이크 (짧은 뾰족 금속),Kolec (Krótki Metalowy Szpikulec),Шип (Короткий Гострий Метал),Spike (Korte Puntige Metaal),Sivri Uç (Kısa Sivri Metal)
L_ACC_SPLATTERLARGEBLACK,,Splatter (Large Black),スプラッター（大・黒）,Spritzer (Groß Schwarz),Éclaboussure (Grande Noire),Salpicadura (Negro Grande),Respingar (Grande Preto),Брызги (Большие Черные),Schizzo (Nero Grande),濺血（大型黑色）,飞溅（大/黑）,튀김 (대형 검정),Rozbryzg (Duży Czarny),Бризки (Великі Чорні),Spetter (Groot Zwart),Sıçratma (Büyük Siyah)
L_ACC_SPLATTERLARGEBLUE,,Splatter (Large Blue),スプラッター（ラージブルー）,Spritzer (Großes Blau),Éclaboussure (Grand Bleu),Salpicadura (Azul Grande),Respingar (Azul Grande),Брызги (Большой Синий),Schizzo (Blu Grande),濺血（大型藍色）,飞溅（大/蓝）,튀김 (대형 파랑),Rozbryzg (Duży Niebieski),Бризки (Великі Сині),Spetter (Groot Blauw),Sıçratma (Büyük Mavi)
L_ACC_SPLATTERLARGEGREEN,,Splatter (Large Green),スプラッター（大・緑）,Spritzer (Groß Grün),Éclaboussure (Grand Vert),Salpicadura (Verde Grande),Respingo (Verde Grande),Брызги (Большие Зелёные),Schizzo (Verde Grande),濺射（大型綠色）,飞溅（大/绿）,튀김 (대형 초록),Rozbryzg (Duży Zielony),Бризки (Великі Зелені),Spetter (Groot Groen),Sıçratma (Büyük Yeşil)
L_ACC_SPLATTERLARGERED,,Splatter (Large Red),スプラッター（大・赤）,Blutspritzer (Groß Rot),Éclaboussure (Rouge Large),Salpicadura (Rojo Grande),Respingo (Vermelho Grande),Брызги (Большие Красные),Schizzo (Rosso Grande),濺血（大紅）,飞溅（大/红）,튀김 (대형 빨강),Rozbryzg (Duży Czerwony),Бризки (Великі Червоні),Spetter (Groot Rood),Sıçratma (Büyük Kırmızı)
L_ACC_SPLATTERMEDIUMBLACK,,Splatter (Medium Black),スプラッター（ミディアムブラック）,Spritzer (Mittel Schwarz),Éclaboussure (Noir Moyen),Salpicadura (Negro Medio),Respingar (Médio Preto),Брызги (Средний Чёрный),Schizzo (Nero Medio),濺血（中等黑色）,飞溅（中/黑）,튀김 (중간 검정),Rozbryzg (Średni Czarny),Бризки (Середній Чорний),Spetter (Medium Zwart),Sıçratma (Orta Siyah)
L_ACC_SPLATTERMEDIUMBLUE,,Splatter (Medium Blue),スプラッター（ミディアムブルー）,Spritzer (Mittelblau),Éclaboussure (Bleu Moyen),Salpicadura (Azul Medio),Respingar (Azul Médio),Брызги (Средний синий),Schizzi (Blu Medio),濺灑（中藍色）,飞溅（中/蓝）,튀김 (중간 파랑),Rozprysk (Średni Niebieski),Бризки (Середній синій),Spetter (Middenblauw),Sıçratma (Orta Mavi)
L_ACC_SPLATTERMEDIUMGREEN,,Splatter (Medium Green),スプラッター（ミディアムグリーン）,Spritzer (Mittelgrün),Éclaboussure (Vert Moyen),Salpicadura (Verde Medio),Respingar (Verde Médio),Брызги (Средний зелёный),Schizzi (Verde Medio),濺灑（中綠色）,飞溅（中/绿）,튀김 (중간 녹색),Rozbryzg (Średni Zielony),Бризки (Середній Зелений),Spetter (Middelgroen),Sıçratma (Orta Yeşil)
L_ACC_SPLATTERMEDIUMRED,,Splatter (Medium Red),スプラッター（ミディアムレッド）,Spritzer (Mittelrot),Éclaboussure (Rouge Moyen),Salpicadura (Rojo Medio),Respingar (Vermelho Médio),Брызги (Средний красный),Schizzo (Rosso Medio),濺血（中紅）,飞溅（中/红）,튀김 (중간 빨강),Rozbryzg (Średni Czerwony),Бризки (Середній Червоний),Spetter (Middelrood),Sıçratma (Orta Kırmızı)
L_ACC_SPLATTERSMALLBLACK,,Splatter (Small Black),スプラッター（小・黒）,Spritzer (Klein Schwarz),Éclaboussure (Petit Noir),Salpicadura (Negro Pequeño),Respingo (Pequeno Preto),Брызги (Малые Черные),Schizzo (Piccolo Nero),濺血（小黑）,飞溅（小/黑）,튀김 (작은 검정),Rozbryzg (Mały Czarny),Бризки (Малі Чорні),Spetter (Klein Zwart),Sıçratma (Küçük Siyah)
L_ACC_SPLATTERSMALLBLUE,,Splatter (Small Blue),スプラッター（小・青）,Spritzer (Kleines Blau),Éclaboussure (Petit Bleu),Salpicadura (Azul Pequeño),Respingo (Azul Pequeno),Брызги (Маленький Синий),Schizzo (Piccolo Blu),濺灑（小藍）,飞溅（小/蓝）,튀김 (작은 파랑),Rozprysk (Mały Niebieski),Бризки (Малі Сині),Spetter (Klein Blauw),Sıçratma (Küçük Mavi)
L_ACC_SPLATTERSMALLGREEN,,Splatter (Small Green),スプラッター（小・緑）,Spritzer (Klein Grün),Éclaboussure (Petit Vert),Salpicadura (Verde Pequeña),Respingo (Verde Pequeno),Брызги (Маленькие Зелёные),Schizzo (Verde Piccolo),濺射（小綠）,飞溅（小/绿）,튀김 (작은 초록),Rozbryzg (Mały Zielony),Бризки (Малі Зелені),Spetter (Klein Groen),Sıçratma (Küçük Yeşil)
L_ACC_SPLATTERSMALLRED,,Splatter (Small Red),スプラッター（小・赤）,Spritzer (Klein Rot),Éclaboussure (Petit Rouge),Salpicadura (Rojo Pequeño),Respingo (Vermelho Pequeno),Брызги (Малые Красные),Schizzo (Rosso Piccolo),濺血（小紅）,飞溅（小/红）,튀김 (작은 빨강),Rozprysk (Mały Czerwony),Бризки (Малі Червоні),Spetter (Klein Rood),Sıçratma (Küçük Kırmızı)
L_ACC_HANGINGBRAIDHAIRBLACK,,Hanging Braid Hair (Black),垂れ編み髪（黒）,Hängende Zopffrisur (Schwarz),Cheveux en Tresse Pendante (Noir),Trenza Colgante (Negro),Cabelo Trançado Pendurado (Preto),Висячая Коса (Черная),Treccia Pendente (Nero),垂掛辮子髮型（黑色）,垂辫（黑）,늘어진 땋은 머리 (검정),Wiszący Warkocz (Czarny),Висяча коса (чорна),Hangende Vlecht Haar (Zwart),Sarkık Örgü Saç (Siyah)
L_ACC_HANGINGBRAIDHAIRBLONDE,,Hanging Braid Hair (Blonde),ハンギングブレイドヘア（ブロンド）,Hängende Zopffrisur (Blond),Cheveux en Tresse Pendante (Blonde),Trenza Colgante (Rubia),Cabelo com Trança Pendurada (Loiro),Висячая коса (Блонд),Treccia Pendente (Bionda),垂墜辮子髮型（金色）,垂辫（金）,늘어진 땋은 머리 (금발),Wiszący Warkocz (Blond),Звисаюча коса (Блонд),Hangende Vlecht Haar (Blond),Sarkık Örgü Saç (Sarışın)
L_ACC_HANGINGBRAIDHAIRBROWN,,Hanging Braid Hair (Brown),垂れ下がった三つ編み髪（茶色）,Hängende Zopffrisur (Braun),Cheveux en Tresse Pendante (Marron),Trenza Colgante (Marrón),Cabelo Trançado Pendurado (Marrom),Висячая коса (Коричневая),Treccia Pendente (Marrone),垂掛辮子髮型（棕色）,垂辫（棕）,늘어진 땋은 머리 (갈색),Wiszący Warkocz (Brązowy),Висяча коса (коричнева),Hangende Vlecht Haar (Bruin),Asılı Örgü Saç (Kahverengi)
L_ACC_HANGINGBRAIDHAIRRED,,Hanging Braid Hair (Red),垂れ下がった三つ編み髪（赤）,Hängende Zopffrisur (Rot),Cheveux en Tresse Pendante (Rouge),Trenza Colgante (Rojo),Cabelo Trançado Pendurado (Vermelho),Висячая Коса (Красная),Treccia Pendente (Rossa),垂掛辮子髮型（紅色）,垂辫（红）,늘어진 땋은 머리 (빨강),Wiszący Warkocz (Czerwony),Висяча коса (Червона),Hangende Vlecht Haar (Rood),Sarkık Örgü Saç (Kırmızı)
L_ACC_HANGINGBRAIDHAIRWHITE,,Hanging Braid Hair (White),ハンギングブレイドヘア（白）,Hängende Zopffrisur (Weiß),Cheveux en Tresse Pendante (Blanc),Trenza Colgante (Blanco),Cabelo com Trança Pendurada (Branco),Висячая Коса (Белая),Treccia Pendente (Bianca),垂掛辮子髮型（白色）,垂辫（白）,늘어진 땋은 머리 (흰색),Wiszący Warkocz (Biały),Висяча коса (біла),Hangende Vlecht Haar (Wit),Sarkık Örgü Saç (Beyaz)
L_ACC_HOLYBLESSING,,Holy Blessing,神聖なる祝福,Heiliger Segen,Bénédiction Sacrée,Bendición Sagrada,Bênção Sagrada,Святое Благословение,Benedizione Sacra,神聖祝福,神圣祝福,신성한 축복,Święte Błogosławieństwo,Святе Благословення,Heilige Zegen,Kutsal Lütuf
