Tag,Notes,English,Japanese,German,French,Spanish,Portuguese,Russian,Italian,Chinese (Traditional),Chinese (Simplified),Korean,Polish,Ukrainian,Dutch,Turkish
L_B_HIST_FORFEITED,,Player forfeited the battle,プレイヤーは戦闘を放棄した,Spieler hat den Kampf aufgegeben,Le joueur a abandonné le combat,El jugador abandonó la batalla,Jogador desistiu da batalha,Игрок сдался в бою,Il giocatore ha abbandonato la battaglia,玩家放棄了戰鬥,玩家放弃了战斗,플레이어가 전투를 포기했습니다,Gracz poddał walkę,Гравець здався в бою,Speler heeft de strijd opgegeven,Oyuncu savaştan çekildi
L_B_INTRO_SINGULAR,1 = enemy name,A hostile {1} appeared.,敵の{1}が現れた。,Ein feindliches {1} ist erschienen.,Un {1} hostile est apparu.,Un {1} hostil apareció.,Um {1} hostil apareceu.,Появился враждебный {1}.,Un {1} ostile è apparso.,一個敵對的{1}出現了。,一个敌对的{1}出现了。,적대적인 {1}이(가) 나타났다.,Pojawił się wrogi {1}.,Ворожий {1} з'явився.,Een vijandige {1} verscheen.,Düşmanca bir {1} belirdi.
L_B_INTRO_PACK,,A hostile group of creatures appeared.,敵対的な生物の集団が現れた。,Eine feindliche Gruppe von Kreaturen ist erschienen.,Un groupe de créatures hostiles est apparu.,Un grupo hostil de criaturas apareció.,Um grupo hostil de criaturas apareceu.,Появилась враждебная группа существ.,Un gruppo ostile di creature è apparso.,一群敵對的生物出現了。,一群敌对的生物出现了。,적대적인 생물 무리가 나타났다.,Pojawiła się wroga grupa stworzeń.,Ворожа група істот з'явилася.,Een vijandige groep wezens verscheen.,Düşmanca bir yaratık grubu belirdi.
L_B_INTRO_FINAL,,The final battle has begun.,最終決戦が始まった。,Der letzte Kampf hat begonnen.,Le combat final a commencé.,La batalla final ha comenzado.,A batalha final começou.,Финальная битва началась.,La battaglia finale è iniziata.,最終決戰已經開始。,最终战开始了。,최종 전투가 시작되었다.,Ostateczna bitwa się rozpoczęła.,Фінальна битва почалася.,De laatste strijd is begonnen.,Son savaş başladı.
L_B_CALIBAN_APPEARED,,Caliban appeared.,カリバンが現れた。,Caliban erschien.,Caliban est apparu.,Caliban apareció.,Caliban apareceu.,Калибан появился.,Caliban è apparso.,卡利班出現了。,卡利班出现了。,칼리반이 나타났다.,Pojawił się Caliban.,Каліба́н з'явився.,Caliban verscheen.,Caliban belirdi.
L_B_BOSS_APPEARED,1 = boss name,{1} appeared.,{1}が現れた。,{1} erschien.,{1} est apparu.,{1} apareció.,{1} apareceu.,{1} появился.,{1} è apparso.,{1}出現了。,{1}出现了。,{1} 등장했다.,{1} pojawił się.,{1} з'явився.,{1} verscheen.,{1} belirdi.
L_B_SCYLLA_CHARYBDIS_APPEARED,,Scylla and Charybdis appeared.,スキュラとカリュブディスが現れた。,Scylla und Charybdis erschienen.,Scylla et Charybde sont apparues.,Escila y Caribdis aparecieron.,Cila e Caríbdis apareceram.,Сцилла и Харибда появились.,Scilla e Cariddi sono apparse.,斯庫拉和卡律布狄斯出現了。,斯库拉与卡律布狄斯出现了。,스킬라와 카립디스가 나타났다.,Scylla i Charybda pojawiły się.,Сцилла і Харібда з'явилися.,Scylla en Charybdis verschenen.,Scylla ve Charybdis belirdi.
L_B_JUDGMENT_MERCY_APPEARED,,Judgment and Mercy appeared.,審判と慈悲が現れた。,Urteil und Gnade erschienen.,Jugement et Miséricorde sont apparus.,Juicio y Misericordia aparecieron.,Julgamento e Misericórdia apareceram.,Появились Правосудие и Милосердие.,Giudizio e Misericordia sono apparsi.,審判與慈悲出現了。,审判与仁慈出现了。,심판과 자비가 나타났다.,Pojawiły się Osąd i Miłosierdzie.,Суд і Милосердя з'явилися.,Oordeel en Genade verschenen.,Yargı ve Merhamet belirdi.
L_B_NEMESIS_INTRO1,"1 = affix name, 2 = description",You've been attacked by a pack of Nemesis Creatures with the {1} affix: {2},ネメシス・クリーチャーの群れに襲われました。アフィックス{1}：{2},Du wurdest von einer Gruppe Nemesis-Kreaturen mit dem {1}-Affix angegriffen: {2},Vous avez été attaqué par une meute de Créatures Némésis avec l'affix {1} : {2},Has sido atacado por un grupo de Criaturas Némesis con el afijo {1}: {2},Você foi atacado por um bando de Criaturas Nemesis com o afixo {1}: {2},На вас напала стая Существ Немезиды с аффиксом {1}: {2},Sei stato attaccato da un branco di Creature Nemesi con l'affix {1}: {2},你遭到一群帶有{1}詞綴的復仇生物襲擊：{2},你被一群带有{1}词缀的宿敌生物袭击了：{2},당신은 {1} 접사를 가진 네메시스 생물 무리에게 공격받았습니다: {2},Zostałeś zaatakowany przez grupę Stworzeń Nemezis z afiksem {1}: {2},Вас атакувала зграя Істот Немезиди з афіксом {1}: {2},Je bent aangevallen door een groep Nemesis Wezens met het {1} affix: {2},Bir grup {1} özelliğine sahip Nemesis Yaratığı tarafından saldırıya uğradınız: {2}
L_B_NEMESIS_INTRO2,1 = affix name,You've been attacked by a pack of Nemesis Creatures with the {1} affix.,{1}アフィックスを持つネメシス・クリーチャーの群れに襲われた。,Du wurdest von einer Gruppe Nemesis-Kreaturen mit dem {1}-Affix angegriffen.,Vous avez été attaqué par une meute de Créatures Némésis avec l'affix {1}.,Has sido atacado por un grupo de Criaturas Némesis con el afijo {1}.,Você foi atacado por um bando de Criaturas Nêmesis com o afixo {1}.,Вы подверглись нападению стаи Существ Немезиды с аффиксом {1}.,Sei stato attaccato da un branco di Creature Nemesi con l'affinità {1}.,你遭到了一群帶有{1}詞綴的復仇生物的襲擊。,你被一群带有{1}词缀的宿敌生物袭击了。,당신은 {1} 접사를 가진 네메시스 생물 무리에게 공격받았습니다.,Zostałeś zaatakowany przez grupę Stworzeń Nemezis z afiksem {1}.,Вас атакувала зграя Істот Немезиди з афіксом {1}.,Je bent aangevallen door een groep Nemesis Wezens met het {1} affix.,Bir grup {1} özelliğine sahip Nemesis Yaratığı tarafından saldırıya uğradınız.
L_B_TREASUREGOLEM_INTRO,,"A peaceful, fun-loving Treasure Golem appeared.",平和で陽気な宝石ゴーレムが現れた。,"Ein friedlicher, vergnügter Schatzgolem erschien.",Un Golem Trésor pacifique et enjoué est apparu.,Un Gólem del Tesoro pacífico y divertido apareció.,Um Golem do Tesouro pacífico e brincalhão apareceu.,"Появился мирный, весёлый Сокровищный Голем.",Un pacifico e allegro Golem del Tesoro è apparso.,一隻和平、愛玩樂的寶藏魔像出現了。,一只平和的、爱玩乐的宝藏魔像出现了。,평화롭고 재미를 좋아하는 보물 골렘이 나타났다.,"Pojawił się spokojny, wesoły Golem Skarbów.","Мирний, життєрадісний Скарбовий Голем з'явився.","Een vredelievende, vrolijke Schatgolem verscheen.","Barışçıl, eğlenceyi seven bir Hazine Golemi belirdi."
L_B_ENEMY_FLED,1 = enemy name,The enemy {1} has fled from battle!,敵の{1}は戦闘から逃げ出した！,Der Gegner {1} ist aus dem Kampf geflohen!,L'ennemi {1} a fui le combat !,El enemigo {1} ha huido de la batalla!,O inimigo {1} fugiu da batalha!,Враг {1} сбежал с поля боя!,Il nemico {1} è fuggito dalla battaglia!,敵人{1}已逃離戰鬥！,敌人{1}逃离了战斗！,적 {1}이(가) 전투에서 도망쳤다!,Przeciwnik {1} uciekł z walki!,Ворог {1} втік з бою!,De vijand {1} is gevlucht uit het gevecht!,Düşman {1} savaştan kaçtı!
L_B_MSG_VICTORY,,You and your creatures are victorious!,あなたとあなたの生物たちは勝利した！,Du und deine Kreaturen sind siegreich!,Vous et vos créatures êtes victorieux !,¡Tú y tus criaturas han salido victoriosos!,Você e suas criaturas são vitoriosos!,Вы и ваши существа одержали победу!,Tu e le tue creature siete vittoriosi!,你和你的生物獲得了勝利！,你和你的生物胜利了！,당신과 당신의 생물들이 승리했습니다!,Ty i twoje stworzenia odnieśliście zwycięstwo!,Ви та ваші істоти здобули перемогу!,Jij en je wezens zijn zegevierend!,Sen ve yaratıkların zafer kazandınız!
L_B_WIPE_ARENA,,Your creatures are all dead. You have been removed from the arena.,あなたのクリーチャーはすべて死亡しました。あなたはアリーナから退場させられました。,Alle deine Kreaturen sind tot. Du wurdest aus der Arena entfernt.,Toutes vos créatures sont mortes. Vous avez été retiré de l'arène.,Todas tus criaturas están muertas. Has sido expulsado de la arena.,Todas as suas criaturas estão mortas. Você foi removido da arena.,Все ваши существа мертвы. Вас удалили с арены.,Le tue creature sono tutte morte. Sei stato rimosso dall'arena.,你的生物全都死亡了。你已被移出競技場。,你的生物全都死亡了。你已被移出竞技场。,당신의 생물들이 모두 죽었습니다. 당신은 투기장에서 제외되었습니다.,Wszystkie twoje stworzenia nie żyją. Zostałeś usunięty z areny.,Усі ваші істоти мертві. Вас видалено з арени.,Je wezens zijn allemaal dood. Je bent uit de arena verwijderd.,Tüm yaratıkların öldü. Arenadan çıkarıldın.
L_B_WIPE_NORMAL,,"Your creatures are all dead. In a panic, you cast a warding spell on your creatures and teleport to safety.",生き物たちは全て死んでしまった。慌てて、あなたは生き物たちに守りの呪文をかけ、安全な場所へとテレポートした。,Alle deine Kreaturen sind tot. In Panik wirkst du einen Schutzzauber auf deine Kreaturen und teleportierst dich in Sicherheit.,"Toutes vos créatures sont mortes. Pris de panique, vous lancez un sort de protection sur vos créatures et vous téléportez en lieu sûr.","Todas tus criaturas están muertas. En un ataque de pánico, lanzas un hechizo de protección sobre tus criaturas y te teletransportas a un lugar seguro.","Todas as suas criaturas estão mortas. Em pânico, você lança um feitiço de proteção em suas criaturas e se teletransporta para um lugar seguro.",Все ваши существа мертвы. В панике вы накладываете защитное заклинание на ваших существ и телепортируетесь в безопасное место.,"Le tue creature sono tutte morte. In preda al panico, lanci un incantesimo di protezione sulle tue creature e ti teletrasporti in salvo.",你的生物全都死了。在驚慌之中，你對你的生物施放了一個守護法術，並傳送到安全的地方。,你的生物全都死亡了。在惊慌中，你对你的生物施放了一个守护法术并传送到安全地带。,"당신의 생물들이 모두 죽었습니다. 당황한 나머지, 당신은 생물들에게 보호 주문을 걸고 안전한 곳으로 순간이동합니다.",Wszystkie twoje stworzenia nie żyją. W panice rzucasz zaklęcie ochronne na swoje stworzenia i teleportujesz się w bezpieczne miejsce.,Усі ваші істоти мертві. У паніці ви накладаєте захисне закляття на своїх істот і телепортуєтесь у безпечне місце.,Je wezens zijn allemaal dood. In paniek spreek je een beschermende spreuk uit over je wezens en teleporteer je naar veiligheid.,"Yaratıkların hepsi öldü. Panik içinde, yaratıklarının üzerine bir koruma büyüsü yapıp güvenli bir yere ışınlanıyorsun."
L_B_SNARE_FREED,,Freed!,解放された！,Befreit!,Libéré !,¡Liberado!,Libertado!,Освобожден!,Liberato!,解放！,挣脱！,해방됐다!,Uwolniony!,Звільнено!,Bevrijd!,Kurtuldun!
L_B_BURN_INTENSIFIED,,More Intense\nBurn!,より激しく\n燃え上がれ！,Intensiver\nBrennen!,Plus Intense\nBrûle !,Más Intenso\n¡Quema!,Mais Intenso\nQueime!,Более Интенсивно\nГори!,Più Intenso\nBrucia!,更加猛烈\n燃燒！,更猛烈的\n燃烧！,더 강렬하게\n불태워라!,Bardziej Intensywne\nSpal!,Більш Інтенсивно\nГори!,Intenser\nBrand!,Daha Yoğun\nYan!
L_B_POISON_INTENSIFIED,,More Intense\nPoison!,より強力な\n毒！,Intensiveres\nGift!,Plus Intense\nPoison !,Más Intenso\n¡Veneno!,Mais Intenso\nVeneno!,Более Сильный\nЯд!,Più Intenso\nVeleno!,更強烈的\n毒素！,更猛烈的\n中毒！,더 강렬한\n독!,Bardziej Intensywna\nTrucizna!,Більш Інтенсивна\nОтрута!,Intenser\nGif!,Daha Yoğun\nZehir!
L_B_BOMB_INTENSIFIED,,More Intense\nBomb!,より激しく\nボム！,Intensiver\nBombe!,Plus Intense\nBombe !,Más Intenso\n¡Bomba!,Mais Intenso\nBomba!,Более Интенсивно\nБомба!,Più Intenso\nBomba!,更加激烈\n爆炸！,更猛烈的\n炸弹！,더 강렬한\n폭탄!,Bardziej Intensywna\nBomba!,Більш Інтенсивна\nБомба!,Intenser\nBom!,Daha Yoğun\nBomba!
L_B_COND_REMOVED,1 = condition name,{1} Removed,{1}を削除しました,{1} Entfernt,{1} Supprimé,{1} Eliminado,{1} Removido,{1} Удалено,{1} Rimosso,{1} 已移除,{1}已移除,{1} 제거됨,{1} Usunięto,{1} Видалено,{1} Verwijderd,{1} Kaldırıldı
L_B_CONDITION_REMOVED,1 = condition name,{1} Removed,{1}を削除しました,{1} Entfernt,{1} Supprimé,{1} Eliminado,{1} Removido,{1} Удалено,{1} Rimosso,{1} 已移除,{1}已移除,{1} 제거됨,{1} Usunięto,{1} Видалено,{1} Verwijderd,{1} Kaldırıldı
L_B_CONDITION_REMOVED_LOG,"1 = creature's name, 2 = condition name",{1} condition removed: {2}.,{1}の状態異常が解除された：{2}。,{1} Zustand entfernt: {2}.,{1} condition supprimée : {2}.,{1} condición eliminada: {2}.,{1} condição removida: {2}.,{1} состояние снято: {2}.,{1} condizione rimossa: {2}.,{1} 狀態移除：{2}。,{1}状态移除：{2}。,{1} 상태 제거됨: {2}.,{1} stan usunięty: {2}.,{1} стан знято: {2}.,{1} conditie verwijderd: {2}.,{1} durumu kaldırıldı: {2}.
L_B_SLEEP_WOKE,,Woke up!,目覚めた！,Aufgewacht!,Réveillé !,¡Despertó!,Acordou!,Проснулся!,Svegliato!,醒來了！,苏醒！,깨어났다!,Obudzony!,Прокинувся!,Wakker geworden!,Uyandı!
L_B_SLEEPING,,Sleeping,睡眠中,Schlafend,Endormi,Durmiendo,Dormindo,Спящий,Dormire,睡眠中,睡眠中,수면 중,Spanie,Сон,Slapen,Uyuyor
L_B_SILENCE_REMOVED,,Silence\nRemoved,沈黙\n解除,Stille\nEntfernt,Silence\nSupprimé,Silencio\nEliminado,Silêncio\nRemovido,Тишина\nУдалено,Silenzio\nRimosso,沉默\n已移除,沉默\n已移除,침묵\n제거됨,Cisza\nUsunięto,Тиша\nВидалено,Stilte\nVerwijderd,Sessizlik\nKaldırıldı
L_B_NEMESIS,,Nemesis,ネメシス,Nemesis,Némésis,Némesis,Nêmesis,Немезида,Nemesi,宿敵,宿敌,천적,Nemezis,Немезида,Nemesis,Nemesis
L_B_NEM_THORNS,,Thorns,棘,Dornen,Épines,Espinas,Espinhos,Шипы,Spine,荊棘,荆棘,가시,Ciernie,Шипи,Doornen,Dikenler
L_B_NEM_VENGEANCE,,Vengeance,復讐,Rache,Vengeance,Venganza,Vingança,Месть,Vendetta,復仇,复仇,복수,Zemsta,Помста,Wraak,İntikam
L_B_NEM_MISERY,,Misery,悲惨,Elend,Misère,Miseria,Miséria,Страдание,Miseria,悲慘,悲惨,비참함,Udręka,Страждання,Ellende,Sefalet
L_B_NEM_FEEDBACK,,Feedback,フィードバック,Feedback,Retour,Comentarios,Feedback,Отзыв,Feedback,回饋,反噬,피드백,Informacja zwrotna,Відгук,Feedback,Geri Bildirim
L_B_NEM_HEARTY,,Hearty,豪快な,Herzhaft,Robuste,Sustancioso,Vigoroso,Сытный,Sostanzioso,豐盛,强健,든든한,Sycący,Ситний,Stevig,Güçlü
L_B_NEM_AGILE,,Agile,敏捷,Wendig,Agile,Ágil,Ágil,Ловкость,Agile,敏捷,敏捷,민첩한,Zwinny,Спритний,Behendig,Çevik
L_B_NEM_UNDYING,,Undying,不死,Unsterblich,Immortel,Inmortal,Imortal,Бессмертный,Immortale,不死,不死,불멸,Nieśmiertelny,Невмирущий,Onsterfelijk,Ölümsüz
L_B_NEM_BLESSED,,Blessed,祝福された,Gesegnet,Béni,Bendito,Abençoado,Благословенный,Benedetto,祝福,祝福,축복받은,Błogosławiony,Благословенний,Gezegend,Kutsanmış
L_B_NEM_CHAMPION,,Champion,チャンピオン,Champion,Champion,Campeón,Campeão,Чемпион,Campione,勇士,勇士,챔피언,Czempion,Чемпіон,Kampioen,Şampiyon
L_B_NEM_RESISTANT,,Resistant,耐性,Resistent,Résistant,Resistente,Resistente,Устойчивый,Resistente,抗性,抵抗,저항력 있는,Odporny,Стійкий,Resistent,Dirençli
L_B_NEM_PLAGUE,,Plague,疫病,Seuche,Peste,Plaga,Praga,Чума,Peste,瘟疫,瘟疫,역병,Zaraza,Чума,Plaag,Veba
L_B_NEM_BRUTAL,,Brutal,ブルータル,Brutal,Brutal,Brutal,Brutal,Жестокий,Brutale,殘暴,残暴,잔혹한,Brutalny,Жорстокий,Meedogenloos,Acımasız
L_B_NEM_PULSE,,Pulse,パルス,Puls,Impulsion,Pulso,Pulso,Импульс,Impulso,脈動,脉冲,맥동,Puls,Імпульс,Puls,Nabız
L_B_NEM_HEX,,Hex,ヘックス,Hex,Hex,Hex,Hex,Гекс,Hex,妖術,妖术,헥스,Klątwa,Гекс,Hex,Büyü
L_B_NEM_GREEDY,,Greedy,強欲,Gierig,Cupide,Codicioso,Ganancioso,Жадный,Avido,貪婪,贪婪,탐욕스러운,Chciwy,Жадібний,Hebzuchtig,Açgözlü
L_B_NEM_PROTECTED,,Protected,保護された,Geschützt,Protégé,Protegido,Protegido,Защищено,Protetto,受保護,保护,보호됨,Chroniony,Захищено,Beschermd,Korumalı
L_B_NEM_MACABRE,,Macabre,マカブル,Makaber,Macabre,Macabro,Macabro,Зловещий,Macabro,詭譎,骇人,섬뜩한,Makabryczny,Моторошний,Macaber,Korkunç
L_B_NEM_OBTUSE,,Obtuse,鈍角,Schwerfällig,Obtus,Obtuso,Obtuso,Тупой,Ottuso,遲鈍,迟钝,둔각,Niejasny,Тупий,Ondoorzichtig,Anlaşılmaz
L_B_NEM_BLINKING,,Blinking,点滅,Blinzeln,Clignotement,Parpadeo,Piscando,Мерцание,Lampeggiante,閃爍,闪烁,깜박임,Miganie,Блимання,Knipperen,Yanıp Sönme
L_B_NEM_GENIUS,,Genius,天才,Genie,Génie,Genio,Gênio,Гений,Genio,天才,天才,천재,Geniusz,Геній,Genie,Dahi
L_B_NEM_KNOWLEDGEABLE,,Knowledgeable,博識,Sachkundig,Érudit,Erudito,Conhecedor,Эрудированный,Erudito,博學,博学,박식한,Obeznany,Обізнаний,Kundig,Bilgili
L_B_NEM_DESC_THORNS,,"50% of damage taken by enemies is reflected, up to 100% of enemies' Current Health.",敵が受けたダメージの50%が反射され、敵の現在HPの100%まで反射できる。,"50% des von Feinden erlittenen Schadens wird reflektiert, bis zu 100% der aktuellen Gesundheit der Feinde.","50% des dégâts subis par les ennemis sont renvoyés, jusqu'à 100% de la Santé Actuelle des ennemis.","50% del daño recibido por los enemigos es reflejado, hasta un 100% de la Salud Actual de los enemigos.","50% do dano recebido pelos inimigos é refletido, até 100% da Saúde Atual dos inimigos.","50% полученного врагами урона отражается обратно, вплоть до 100% от текущего здоровья врагов.","Il 50% dei danni subiti dai nemici viene riflesso, fino al 100% della Salute Attuale dei nemici.",敵人受到的傷害的50%會被反彈，最多可達敵人當前生命值的100%。,敌人承受伤害的50%会被反弹，最多可达敌人当前生命值的100%。,"적이 받는 피해의 50%가 반사되며, 최대 적 현재 체력의 100%까지 반사됩니다.","50% obrażeń zadanych wrogom jest odbijane, maksymalnie do 100% obecnego zdrowia przeciwników.","50% отриманої ворогами шкоди відбивається, до 100% від поточного здоров'я ворогів.","50% van de schade die vijanden oplopen wordt teruggekaatst, tot maximaal 100% van de huidige gezondheid van vijanden.","Düşmanlar tarafından alınan hasarın %50'si, düşmanların Mevcut Sağlığının en fazla %100'üne kadar yansıtılır."
L_B_NEM_DESC_VENGEANCE,,"After an enemy dies, all other enemies gain 30% stats.",敵が死亡すると、他のすべての敵のステータスが30%上昇する。,"Nachdem ein Gegner stirbt, erhalten alle anderen Gegner 30% mehr auf ihre Werte.","Après la mort d'un ennemi, tous les autres ennemis gagnent 30% de statistiques.","Después de que un enemigo muere, todos los demás enemigos ganan un 30% de estadísticas.","Após a morte de um inimigo, todos os outros inimigos ganham 30% de atributos.",После смерти врага все остальные враги получают +30% к характеристикам.,"Quando un nemico muore, tutti gli altri nemici ottengono il 30% in più alle statistiche.",敵人死亡後，所有其他敵人獲得30%屬性提升。,敌人死亡后，所有其他敌人获得30%属性值。,적이 사망하면 다른 모든 적들의 능력치가 30% 증가합니다.,"Po śmierci wroga, wszyscy pozostali wrogowie zyskują 30% statystyk.",Після смерті ворога всі інші вороги отримують 30% до характеристик.,"Nadat een vijand sterft, krijgen alle andere vijanden 30% meer stats.","Bir düşman öldükten sonra, diğer tüm düşmanlar %30 istatistik kazanır."
L_B_NEM_DESC_MISERY,,Your creatures cannot gain buffs or stats.,あなたのクリーチャーはバフやステータスを獲得できない。,Deine Kreaturen können keine Buffs oder Attribute erhalten.,Vos créatures ne peuvent pas obtenir de bonus ou de statistiques.,Tus criaturas no pueden obtener beneficios o estadísticas.,Suas criaturas não podem ganhar bônus ou atributos.,Ваши существа не могут получать баффы или характеристики.,Le tue creature non possono ottenere potenziamenti o statistiche.,你的生物無法獲得增益或屬性。,你的生物无法获得增益或属性值。,당신의 생물은 버프나 스탯을 얻을 수 없습니다.,Twoje stworzenia nie mogą otrzymywać wzmocnień ani statystyk.,Ваші істоти не можуть отримувати бафи чи характеристики.,Je wezens kunnen geen buffs of stats krijgen.,Yaratıkların güçlendirme veya istatistik kazanamaz.
L_B_NEM_DESC_FEEDBACK,,"After your creatures cast a spell, they take damage equal to 20% of Maximum Health.",自分のクリーチャーが呪文を唱えた後、最大体力の20%に等しいダメージを受ける。,"Nachdem deine Kreaturen einen Zauber gewirkt haben, erleiden sie Schaden in Höhe von 20% ihrer maximalen Gesundheit.","Après que vos créatures lancent un sort, elles subissent des dégâts égaux à 20% de leur Santé Maximale.","Después de que tus criaturas lancen un hechizo, reciben daño igual al 20% de su Salud Máxima.","Após suas criaturas lançarem um feitiço, elas sofrem dano igual a 20% da Saúde Máxima.","После того как ваши существа произносят заклинание, они получают урон, равный 20% от максимального здоровья.","Dopo che le tue creature lanciano un incantesimo, subiscono danni pari al 20% della Salute Massima.",在你的生物施放法術後，他們會受到等同於最大生命值20%的傷害。,你的生物施放法术后，它承受等同于最大生命值20%的伤害。,"당신의 생물이 주문을 시전한 후, 최대 체력의 20%에 해당하는 피해를 입습니다.","Po rzuceniu zaklęcia przez twoje stworzenia, otrzymują one obrażenia równe 20% ich Maksymalnego Zdrowia.","Після того, як ваші істоти використовують заклинання, вони отримують шкоду, що дорівнює 20% від максимального здоров'я.","Nadat je wezens een spreuk hebben uitgesproken, nemen ze schade gelijk aan 20% van hun Maximale Gezondheid.","Yaratıkların bir büyü kullandıktan sonra, Maksimum Sağlığın %20'si kadar hasar alırlar."
L_B_NEM_DESC_HEARTY,,Enemies have 100% more Health and take 50% less damage.,敵の体力が100%増加し、受けるダメージが50%減少する。,Gegner haben 100% mehr Lebenspunkte und erleiden 50% weniger Schaden.,Les ennemis ont 100% de Santé en plus et subissent 50% de dégâts en moins.,Los enemigos tienen 100% más de Salud e infligen 50% menos de daño.,Inimigos têm 100% mais Vida e recebem 50% menos dano.,Враги имеют на 100% больше здоровья и получают на 50% меньше урона.,I nemici hanno il 100% di Salute in più e subiscono il 50% di danni in meno.,敵人擁有100%更多生命值並受到50%更少傷害。,敌人的生命值增加100%，承受的伤害减少50%。,적들의 체력이 100% 증가하고 50% 적은 피해를 받습니다.,Przeciwnicy mają o 100% więcej Zdrowia i otrzymują o 50% mniej obrażeń.,Вороги мають на 100% більше здоров'я та отримують на 50% менше шкоди.,Vijanden hebben 100% meer Gezondheid en krijgen 50% minder schade.,Düşmanların %100 daha fazla Canı var ve %50 daha az hasar alırlar.
L_B_NEM_DESC_AGILE,,Enemies start at the top of the {TIMELINE}.,敵は{TIMELINE}の先頭から始まります。,Gegner beginnen am oberen Ende der {TIMELINE}.,Les ennemis commencent en haut de la {TIMELINE}.,Los enemigos comienzan en la parte superior del {TIMELINE}.,Inimigos começam no topo da {TIMELINE}.,Враги начинают в верхней части {TIMELINE}.,I nemici iniziano in cima alla {TIMELINE}.,敵人從{TIMELINE}的頂端開始。,敌人开始时处于{TIMELINE}顶端。,적들은 {TIMELINE} 상단에서 시작합니다.,Wrogowie zaczynają na górze {TIMELINE}.,Вороги починають на верхній частині {TIMELINE}.,Vijanden beginnen bovenaan de {TIMELINE}.,Düşmanlar {TIMELINE} üst kısmında başlar.
L_B_NEM_DESC_UNDYING,,Enemies resurrect after a short period of time.,敵は短時間で復活します。,Gegner werden nach kurzer Zeit wiederbelebt.,Les ennemis ressuscitent après une courte période de temps.,Los enemigos resucitan después de un breve período de tiempo.,Inimigos ressuscitam após um curto período de tempo.,Враги воскресают через короткий промежуток времени.,I nemici resuscitano dopo un breve periodo di tempo.,敵人會在短時間內復活。,敌人会在短时间内复活。,적들은 짧은 시간 후에 부활합니다.,Wrogowie odradzają się po krótkim czasie.,Вороги відроджуються через короткий проміжок часу.,Vijanden herrijzen na een korte periode.,Düşmanlar kısa bir süre sonra yeniden canlanır.
L_B_NEM_DESC_BLESSED,,Enemies start with 5 buffs.,敵は5つのバフを持った状態で開始する。,Gegner beginnen mit 5 Buffs.,Les ennemis commencent avec 5 bonus.,Los enemigos comienzan con 5 mejoras.,Inimigos começam com 5 buffs.,Враги начинают с 5 баффами.,I nemici iniziano con 5 potenziamenti.,敵人開始時擁有5個增益效果。,敌人开始时拥有5个增益。,적들은 5개의 버프를 가지고 시작합니다.,Przeciwnicy zaczynają z 5 wzmocnieniami.,Вороги починають з 5 бафами.,Vijanden beginnen met 5 buffs.,Düşmanlar 5 güçlendirme ile başlar.
L_B_NEM_DESC_CHAMPION,,"Leader is immune to damage, debuffs, and stat reduction while allies are alive.",味方が生存している間、リーダーはダメージ、デバフ、能力値低下を受けない。,"Anführer ist immun gegen Schaden, Debuffs und Attributreduzierung, solange Verbündete am Leben sind.","Le chef est immunisé contre les dégâts, les affaiblissements et la réduction de statistiques tant que ses alliés sont en vie.","El líder es inmune al daño, a los perjuicios y a la reducción de estadísticas mientras sus aliados estén vivos.","O líder é imune a dano, debuffs e redução de atributos enquanto os aliados estiverem vivos.","Лидер невосприимчив к урону, дебаффам и снижению характеристик, пока живы союзники.","Il leader è immune ai danni, ai debuff e alla riduzione delle statistiche finché gli alleati sono in vita.",當隊友還活著時，隊長免疫傷害、減益效果和能力值降低。,盟友存活时，队长免疫伤害、减益和属性值降低。,"아군이 살아있는 동안 리더는 피해, 디버프, 능력치 감소에 면역됩니다.","Przywódca jest odporny na obrażenia, osłabienia i redukcję statystyk, dopóki jego sojusznicy żyją.","Лідер має імунітет до пошкоджень, дебафів та зниження характеристик, поки союзники живі.","Leider is immuun voor schade, verzwakkingen en statusvermindering zolang bondgenoten in leven zijn.","Lider, müttefikler hayatta olduğu sürece hasara, olumsuz etkilere ve istatistik düşüşlerine karşı bağışıklıdır."
L_B_NEM_DESC_RESISTANT,,Enemies cannot lose stats and are resistant to debuffs.,敵はステータスを失うことができず、デバフに対して耐性を持っています。,Gegner können keine Attribute verlieren und sind resistent gegen Debuffs.,Les ennemis ne peuvent pas perdre de stats et sont résistants aux affaiblissements.,Los enemigos no pueden perder estadísticas y son resistentes a los debuffs.,Inimigos não podem perder atributos e são resistentes a debuffs.,Враги не могут терять характеристики и устойчивы к дебаффам.,I nemici non possono perdere statistiche e sono resistenti ai debuff.,敵人無法降低屬性值，且對減益效果有抗性。,敌人不会损失属性值，并且抵抗减益。,적들은 스탯을 잃지 않으며 디버프에 저항력이 있습니다.,Wrogowie nie mogą tracić statystyk i są odporni na osłabienia.,Вороги не можуть втрачати характеристики та стійкі до дебафів.,Vijanden kunnen geen stats verliezen en zijn resistent tegen debuffs.,Düşmanlar istatistik kaybetmez ve zayıflatıcı etkilere karşı dirençlidir.
L_B_NEM_DESC_PLAGUE,,Your creatures are afflicted with a random debuff at the start of their turns.,自分のクリーチャーは、ターン開始時にランダムな弱体化効果を受ける。,Deine Kreaturen werden zu Beginn ihrer Züge mit einem zufälligen Debuff belegt.,Vos créatures sont affligées d'une altération d'état aléatoire au début de leur tour.,Tus criaturas son afectadas por un debuff aleatorio al comienzo de sus turnos.,Suas criaturas são afligidas com uma penalidade aleatória no início de seus turnos.,Ваши существа получают случайный дебафф в начале своего хода.,Le tue creature sono afflitte da un debuff casuale all'inizio dei loro turni.,你的生物在其回合開始時會受到隨機減益效果的影響。,你的生物在其回合开始时被施加随机减益。,당신의 생물들은 자신의 턴 시작 시 무작위 디버프에 걸립니다.,Twoje stworzenia są dotknięte losowym osłabieniem na początku swoich tur.,Ваші істоти отримують випадковий дебаф на початку свого ходу.,Je wezens worden aan het begin van hun beurten getroffen door een willekeurige verzwakking.,"Yaratıklarınız, turlarının başında rastgele bir zayıflatıcı etkiye maruz kalır."
L_B_NEM_DESC_BRUTAL,,Enemies deal 100% more damage and always deal critical damage.,敵は100%多くのダメージを与え、常にクリティカルダメージを与える。,Gegner verursachen 100% mehr Schaden und fügen immer kritischen Schaden zu.,Les ennemis infligent 100% de dégâts supplémentaires et infligent toujours des dégâts critiques.,Los enemigos infligen 100% más de daño y siempre asestan daño crítico.,Inimigos causam 100% mais dano e sempre causam dano crítico.,Враги наносят на 100% больше урона и всегда наносят критический урон.,I nemici infliggono il 100% di danni in più e infliggono sempre danni critici.,敵人造成的傷害提高100%，且總是造成暴擊傷害。,敌人造成的伤害增加100%，且始终造成暴击伤害。,적들이 100% 더 많은 피해를 주고 항상 치명타 피해를 입힙니다.,Wrogowie zadają 100% więcej obrażeń i zawsze zadają obrażenia krytyczne.,Вороги завдають на 100% більше шкоди і завжди завдають критичної шкоди.,Vijanden doen 100% meer schade en veroorzaken altijd kritieke schade.,Düşmanlar %100 daha fazla hasar verir ve her zaman kritik hasar verirler.
L_B_NEM_DESC_PULSE,,Your creatures take damage equal to 20% of Maximum Health at the start of their turns.,自分のクリーチャーは、ターン開始時に最大体力の20%に等しいダメージを受ける。,Deine Kreaturen erleiden zu Beginn ihrer Züge Schaden in Höhe von 20% ihrer maximalen Gesundheit.,Vos créatures subissent des dégâts égaux à 20% de leur Santé Maximale au début de leur tour.,Tus criaturas reciben daño igual al 20% de su Salud Máxima al comienzo de sus turnos.,Suas criaturas sofrem dano igual a 20% da Saúde Máxima no início de seus turnos.,"Ваши существа получают урон, равный 20% от максимального здоровья, в начале своего хода.",Le tue creature subiscono danni pari al 20% della Salute Massima all'inizio dei loro turni.,你的生物在其回合開始時受到等同於最大生命值20%的傷害。,你的生物在其回合开始时承受等同于最大生命值20%的伤害。,당신의 생물들은 자신의 턴 시작 시 최대 체력의 20%에 해당하는 피해를 입습니다.,Twoje stworzenia otrzymują obrażenia równe 20% Maksymalnego Zdrowia na początku swoich tur.,"Ваші істоти отримують пошкодження, що дорівнює 20% від Максимального Здоров'я, на початку свого ходу.",Je wezens krijgen schade gelijk aan 20% van hun Maximale Gezondheid aan het begin van hun beurten.,"Yaratıkların, sıraları başında Maksimum Sağlıklarının %20'si kadar hasar alır."
L_B_NEM_DESC_HEX,,Your creatures' spells consume 3 additional {STAT_charges}.,あなたの生物の呪文は追加で{STAT_charges}を3消費する。,Deine Kreaturen-Zauber verbrauchen 3 zusätzliche {STAT_charges}.,Les sorts de vos créatures consomment 3 {STAT_charges} supplémentaires.,Tus criaturas consumen 3 {STAT_charges} adicionales al lanzar hechizos.,As magias das suas criaturas consomem 3 {STAT_charges} adicionais.,Заклинания ваших существ потребляют на 3 дополнительных {STAT_charges}.,I tuoi incantesimi delle creature consumano 3 {STAT_charges} aggiuntivi.,你的生物的法術會額外消耗3點{STAT_charges}。,你的生物的法术额外消耗3点{STAT_charges}。,당신의 생물들의 주문은 추가로 3 {STAT_charges}를 소모합니다.,Zaklęcia twoich stworzeń zużywają dodatkowo 3 {STAT_charges}.,Заклинання ваших істот споживають на 3 додаткові {STAT_charges}.,Je wezens' spreuken verbruiken 3 extra {STAT_charges}.,Yaratıklarının büyüleri 3 ek {STAT_charges} harcar.
L_B_NEM_DESC_GREEDY,,Enemies drop extra items.,敵が追加アイテムをドロップする。,Gegner lassen zusätzliche Gegenstände fallen.,Les ennemis lâchent des objets supplémentaires.,Los enemigos sueltan objetos adicionales.,Inimigos soltam itens extras.,Враги выпускают дополнительные предметы.,I nemici lasciano oggetti extra.,敵人掉落額外物品。,敌人掉落额外物品。,적들이 추가 아이템을 드롭합니다.,Wrogowie upuszczają dodatkowe przedmioty.,Вороги випадають додаткові предмети.,Vijanden laten extra voorwerpen vallen.,Düşmanlar ekstra eşyalar düşürür.
L_B_NEM_DESC_PROTECTED,,Enemies cannot take damage that exceeds more than 25% of their Maximum Health.,敵は最大HPの25%を超えるダメージを受けることができない。,"Feinde können keinen Schaden erleiden, der mehr als 25% ihrer maximalen Gesundheit übersteigt.",Les ennemis ne peuvent pas subir de dégâts dépassant 25% de leur Santé Maximale.,Los enemigos no pueden recibir daño que exceda más del 25% de su Salud Máxima.,Inimigos não podem receber dano que exceda mais de 25% de sua Saúde Máxima.,"Враги не могут получить урон, превышающий 25% от их максимального здоровья.",I nemici non possono subire danni che superino il 25% della loro Salute Massima.,敵人無法承受超過其最大生命值25%的傷害。,敌人承受的伤害无法超过其最大生命值的25%。,적들은 자신의 최대 체력의 25%를 초과하는 피해를 받지 않습니다.,Wrogowie nie mogą otrzymać obrażeń przekraczających 25% ich Maksymalnego Zdrowia.,"Вороги не можуть отримати шкоду, що перевищує 25% від їхнього Максимального Здоров'я.",Vijanden kunnen geen schade ontvangen die meer dan 25% van hun Maximale Gezondheid overschrijdt.,"Düşmanlar, Maksimum Sağlıklarının %25'inden fazla hasar alamazlar."
L_B_NEM_DESC_MACABRE,,Your creatures start with 3 debuffs.,味方のクリーチャーは3つのデバフを持った状態で開始する。,Deine Kreaturen beginnen mit 3 Debuffs.,Vos créatures commencent avec 3 affaiblissements.,Tus criaturas comienzan con 3 debuffs.,Suas criaturas começam com 3 debuffs.,Ваши существа начинают с 3 дебаффами.,Le tue creature iniziano con 3 debuff.,你的生物開始時帶有3個減益效果。,你的生物开始时带有3个减益。,당신의 생물들은 3개의 디버프를 가지고 시작합니다.,Twoje stworzenia zaczynają z 3 osłabieniami.,Ваші істоти починають із 3 дебафами.,Je wezens beginnen met 3 verzwakkingen.,Yaratıkların 3 zayıflatma etkisiyle başlar.
L_B_NEM_DESC_OBTUSE,,Your creatures' attacks deal 90% less damage.,味方の生物の攻撃は90%少ないダメージを与える。,Deine Kreaturen verursachen 90% weniger Schaden.,Les attaques de vos créatures infligent 90% de dégâts en moins.,Tus criaturas infligen un 90% menos de daño con sus ataques.,Seus seres causam 90% menos dano com seus ataques.,Атаки ваших существ наносят на 90% меньше урона.,I tuoi mostri infliggono il 90% in meno di danni con i loro attacchi.,你的生物攻擊造成的傷害減少90%。,你的生物攻击造成的伤害减少90%。,당신의 생물들의 공격은 90% 적은 피해를 입힙니다.,Ataki twoich stworzeń zadają o 90% mniej obrażeń.,Атаки ваших істот завдають на 90% менше шкоди.,Je wezens' aanvallen doen 90% minder schade.,Yaratıklarının saldırıları %90 daha az hasar verir.
L_B_NEM_DESC_BLINKING,,Your creatures' spells deal 90% less damage.,自分のクリーチャーの呪文は90%少ないダメージを与える。,Deine Kreaturen verursachen mit Zaubern 90% weniger Schaden.,Les sorts de vos créatures infligent 90% de dégâts en moins.,Tus criaturas infligen un 90% menos de daño con sus hechizos.,Suas criaturas causam 90% menos dano com magias.,Заклинания ваших существ наносят на 90% меньше урона.,Le magie delle tue creature infliggono il 90% di danni in meno.,你的生物的法術造成的傷害減少90%。,你的生物的法术造成的伤害减少90%。,당신의 생물들의 주문은 90% 적은 피해를 입힙니다.,Zaklęcia twoich stworzeń zadają o 90% mniej obrażeń.,Закляття ваших істот завдають на 90% менше шкоди.,Je wezens' spreuken doen 90% minder schade.,Yaratıklarının büyüleri %90 daha az hasar verir.
L_B_NEM_DESC_GENIUS,,You and your creatures gain 30x experience points from defeating these creatures.,あなたとあなたの生物は、これらの生物を倒すことで30倍の経験値を獲得します。,Du und deine Kreaturen erhaltet 30x Erfahrungspunkte für das Besiegen dieser Kreaturen.,Vous et vos créatures gagnez 30x de points d'expérience en vainquant ces créatures.,Tú y tus criaturas ganáis 30x puntos de experiencia al derrotar a estas criaturas.,Você e suas criaturas ganham 30x pontos de experiência ao derrotar essas criaturas.,Вы и ваши существа получаете в 30 раз больше очков опыта за победу над этими существами.,Tu e le tue creature guadagnate 30x punti esperienza sconfiggendo queste creature.,你和你的生物從擊敗這些生物中獲得30倍經驗值。,击败这些生物后，你和你的生物获得30倍经验。,당신과 당신의 생물들은 이 생물들을 물리침으로써 30배의 경험치를 획득합니다.,Ty i twoje stworzenia otrzymujecie 30x punktów doświadczenia za pokonanie tych stworzeń.,Ви та ваші істоти отримуєте в 30 разів більше досвіду за перемогу над цими істотами.,Jij en je wezens krijgen 30x ervaringspunten voor het verslaan van deze wezens.,Sen ve yaratıkların bu yaratıkları yenmekten 30x deneyim puanı kazanır.
L_B_NEM_DESC_KNOWLEDGEABLE,,You gain 50x the normal amount of Knowledge from defeating these creatures.,これらの生物を倒すと通常の50倍の知識を獲得できます。,Du erhältst 50x die normale Menge an Wissen durch das Besiegen dieser Kreaturen.,Vous gagnez 50x la quantité normale de Connaissance en vainquant ces créatures.,Obtienes 50 veces la cantidad normal de Conocimiento al derrotar a estas criaturas.,Você ganha 50x a quantidade normal de Conhecimento ao derrotar essas criaturas.,"Вы получаете в 50 раз больше Знаний, чем обычно, за победу над этими существами.",Ottieni 50 volte la quantità normale di Conoscenza sconfiggendo queste creature.,擊敗這些生物時，你獲得的知識值為正常數量的50倍。,击败这些生物后，你获得50倍知识。,이 생물들을 물리치면 일반적인 양의 50배에 해당하는 지식을 얻습니다.,Zyskujesz 50x normalną ilość Wiedzy za pokonanie tych stworzeń.,Ви отримуєте в 50 разів більше Знань за перемогу над цими істотами.,Je krijgt 50x de normale hoeveelheid Kennis voor het verslaan van deze wezens.,Bu yaratıkları yenmekten normal miktarın 50 katı Bilgi kazanırsın.
L_B_TARGET_CHANGED,,Target Changed!,ターゲット変更！,Ziel gewechselt!,Cible changée !,¡Objetivo Cambiado!,Alvo Alterado!,Цель изменена!,Bersaglio Cambiato!,目標已更改！,目标已更改！,대상이 변경되었습니다!,Zmiana celu!,Ціль змінено!,Doelwit Veranderd!,Hedef Değişti!
L_B_ATTACK_FAILED,,Attack Failed!,攻撃失敗！,Angriff fehlgeschlagen!,Attaque Échouée !,¡Ataque Fallido!,Ataque Falhou!,Атака не удалась!,Attacco Fallito!,攻擊失敗！,攻击失败！,공격 실패!,Atak nieudany!,Атака не вдалася!,Aanval Mislukt!,Saldırı Başarısız!
L_B_ATTACK_RANDOMIZED,,Random Target!,ランダムターゲット！,Zufälliges Ziel!,Cible aléatoire !,¡Objetivo Aleatorio!,Alvo Aleatório!,Случайная цель!,Bersaglio Casuale!,隨機目標！,随机目标！,무작위 대상!,Losowy Cel!,Випадкова Ціль!,Willekeurig Doelwit!,Rastgele Hedef!
L_B_ATTACK_PROVOKED,"Provoke refers to the ""Provoke"" command in battle so please make sure this is consistent with UI translation.",Intercepted!\n(Provoke),迎撃！\n(挑発),Abgefangen!\n(Provozieren),Intercepté !\n(Provocation),¡Interceptado!\n(Provocar),Interceptado!\n(Provocar),Перехвачено!\n(Провокация),Intercettato!\n(Provocare),攔截！\n(挑釁),拦截！\n（挑衅）,차단됨!\n(도발),Przechwycono!\n(Prowokacja),Перехоплено!\n(Провокація),Onderschept!\n(Provoceer),Engellendi!\n(Kışkırt)
L_B_ATTACK_INTERCEPTED,,Intercepted!,迎撃！,Abgefangen!,Intercepté !,¡Interceptado!,Interceptado!,Перехвачено!,Intercettato!,攔截！,拦截！,차단됨!,Przechwycono!,Перехоплено!,Onderschept!,Engellendi!
L_B_DODGE,,Dodge!,回避！,Ausweichen!,Esquive !,¡Esquiva!,Esquiva!,Уворот!,Schiva!,閃避！,闪避！,회피!,Unik!,Ухиляйся!,Ontwijken!,Kaçın!
L_B_ATTACKS,1 = creature name,{1} attacks!,{1}の攻撃！,{1} greift an!,{1} attaque !,{1} ataca!,{1} ataca!,{1} атакует!,{1} attacca!,{1}攻擊！,{1}攻击！,{1} 공격합니다!,{1} atakuje!,{1} атакує!,{1} valt aan!,{1} saldırıyor!
L_B_ATTACKS_CONFUSED,1 = creature name,{1} attacks an ally due to its confusion!,{1}は混乱のため味方を攻撃した！,{1} greift aufgrund seiner Verwirrung einen Verbündeten an!,{1} attaque un allié à cause de sa confusion !,{1} ataca a un aliado debido a su confusión!,{1} ataca um aliado devido à sua confusão!,{1} атакует союзника из-за своего замешательства!,{1} attacca un alleato a causa della sua confusione!,{1}因混亂而攻擊了隊友！,{1}因困惑而攻击了盟友！,{1}(이)가 혼란으로 인해 아군을 공격합니다!,{1} atakuje sojusznika z powodu swojego zamroczenia!,{1} атакує союзника через свою розгубленість!,{1} valt een bondgenoot aan vanwege zijn verwarring!,{1} şaşkınlığı nedeniyle bir müttefikine saldırıyor!
L_B_CASTS,"1 = creature name, 2 = spell name",{1} casts {2}.,{1}は{2}を唱えた。,{1} wirkt {2}.,{1} lance {2}.,{1} lanza {2}.,{1} conjura {2}.,{1} применяет {2}.,{1} lancia {2}.,{1}施放{2}。,{1}施放{2}。,{1}(이)가 {2}(을)를 시전합니다.,{1} rzuca {2}.,{1} використовує {2}.,{1} werpt {2}.,{1} {2} büyüsünü yapıyor.
L_B_CAST_CONFUSED,"1 = creature name, 2 = spell name",{1} miscasts {2} due to its confusion!,{1}は混乱のため{2}を誤って唱えた！,{1} verfehlt {2} aufgrund seiner Verwirrung!,{1} rate {2} à cause de sa confusion !,{1} falla al lanzar {2} debido a su confusión!,{1} lança {2} incorretamente devido à sua confusão!,{1} неправильно использует {2} из-за замешательства!,{1} lancia male {2} a causa della sua confusione!,{1}因為混亂而施放失敗了{2}！,{1}因困惑而失误地施放了{2}！,{1}(이)가 혼란으로 인해 {2}(을)를 잘못 시전했다!,{1} źle rzuca {2} z powodu swojego zamętu!,{1} невдало використовує {2} через свою розгубленість!,{1} mislukt {2} door zijn verwarring!,{1} şaşkınlığı nedeniyle {2} büyüsünü yanlış yapıyor!
L_B_ATTACK_DODGED,1 = creature name,{1} dodged the attack.,{1}は攻撃を回避した。,{1} ist dem Angriff ausgewichen.,{1} a esquivé l'attaque.,{1} esquivó el ataque.,{1} esquivou-se do ataque.,{1} уклонился от атаки.,{1} ha schivato l'attacco.,{1}閃避了攻擊。,{1}闪避了攻击。,{1}이(가) 공격을 회피했다.,{1} uniknął ataku.,{1} ухилився від атаки.,{1} ontweek de aanval.,{1} saldırıdan kaçındı.
L_B_1_ATTACKED_2,"1 = attacking creature name, 2 = defending creature name",{1} attacked {2}.,{1}は{2}を攻撃した。,{1} hat {2} angegriffen.,{1} a attaqué {2}.,{1} atacó a {2}.,{1} atacou {2}.,{1} атаковал {2}.,{1} ha attaccato {2}.,{1}攻擊了{2}。,{1}攻击{2}。,{1}이(가) {2}을(를) 공격했다.,{1} zaatakował {2}.,{1} атакував {2}.,{1} viel {2} aan.,{1} {2}'ye saldırdı.
L_B_FLED,1 = creature name,The {1} fled from battle!,{1}は戦闘から逃げ出した！,Der {1} floh aus dem Kampf!,Le {1} a fui le combat !,¡El {1} huyó de la batalla!,O {1} fugiu da batalha!,{1} сбежал с поля боя!,Il {1} è fuggito dalla battaglia!,{1}逃離了戰鬥！,{1}逃离了战斗！,{1}이(가) 전투에서 도망쳤다!,{1} uciekł z walki!,{1} втік з бою!,De {1} vluchtte uit het gevecht!,{1} savaştan kaçtı!
L_B_CANT_DEFEND,,Can't Defend!,防御不可！,Kann nicht verteidigen!,Défense Impossible !,¡No puede defenderse!,Não Pode Defender!,Не может защищаться!,Non può difendersi!,無法防禦！,无法防御！,방어 불가!,Nie można się bronić!,Не можна захиститись!,Kan niet verdedigen!,Savunamaz!
L_B_DEFEND,,Defend!,防御！,Verteidigen!,Défendez !,¡Defiende!,Defender!,Защищайся!,Difenditi!,防禦！,防御！,방어!,Broń się!,Захищайся!,Verdedig!,Savun!
L_B_IS_DEFENDING,1 = creature name,{1} is defending.,{1}は防御している。,{1} verteidigt sich.,{1} se défend.,{1} está defendiendo.,{1} está defendendo.,{1} защищается.,{1} è in difesa.,{1}正在防禦。,{1}正在防御。,{1}이(가) 방어 중입니다.,{1} broni się.,{1} захищається.,{1} verdedigt zich.,{1} savunuyor.
L_B_CANT_PROVOKE,,Can't Provoke!,挑発できない！,Kann nicht provozieren!,Impossible de Provoquer !,¡No puede Provocar!,Não pode Provocar!,Невозможно спровоцировать!,Non provocabile!,無法挑釁！,无法挑衅！,도발 불가!,Nie można Sprowokować!,Неможливо спровокувати!,Kan niet Provoceren!,Kışkırtılamaz!
L_B_PROVOKE,,Provoke!,挑発！,Provozieren!,Provoquer !,¡Provocar!,Provocar!,Провоцировать!,Provocare!,挑釁！,挑衅！,도발!,Sprowokuj!,Спровокувати!,Provoceer!,Kışkırt!
L_B_IS_PROVOKING,1 = creature name,{1} is provoking.,{1}は挑発している。,{1} provoziert.,{1} provoque.,{1} está provocando.,{1} está provocando.,{1} провоцирует.,{1} sta provocando.,{1}正在挑釁。,{1}正在挑衅。,{1}이(가) 도발하고 있습니다.,{1} prowokuje.,{1} провокує.,{1} is provocerend.,{1} kışkırtıyor.
L_B_REDO_TURN,,Redo Turn!,やり直し！,Zug wiederholen!,Refaire le tour !,¡Rehacer Turno!,Refazer Turno!,Переиграть ход!,Rifai Turno!,重做回合！,重做回合！,턴 다시하기!,Powtórz turę!,Переробити хід!,Beurt Opnieuw!,Turu Yenile!
L_B_CAST_ERROR1,,"Creature can't cast this spell (no charges, Silenced, gem is sealed, etc.)",クリーチャーはこの呪文を唱えられません（チャージなし、沈黙状態、宝石が封印されている、など）,"Kreatur kann diesen Zauber nicht wirken (keine Ladungen, Verstummt, Zauberstein ist versiegelt usw.)","La créature ne peut pas lancer ce sort (pas de charges, Silence, gemme scellée, etc.)","La criatura no puede lanzar este hechizo (sin cargas, Silenciada, gema sellada, etc.)","Criatura não pode lançar este feitiço (sem cargas, Silenciada, gema está selada, etc.)","Существо не может произнести это заклинание (нет зарядов, Немота, камень запечатан и т.д.)","La creatura non può lanciare questo incantesimo (nessuna carica, Silenziata, gemma sigillata, ecc.)",生物無法施放此法術（無充能、被沉默、寶石被封印等）,生物无法施放此法术（无充能、沉默、宝石被封印等）,"생물이 이 주문을 시전할 수 없습니다 (충전량 없음, 침묵 상태, 보석이 봉인됨 등)","Stworzenie nie może rzucić tego zaklęcia (brak ładunków, Uciszenie, klejnot jest zapieczętowany, itp.)","Істота не може використати це закляття (немає зарядів, Оглушена, камінь запечатаний тощо)","Wezen kan deze spreuk niet uitvoeren (geen ladingen, Stilte, edelsteen is verzegeld, enz.)","Yaratık bu büyüyü yapamaz (şarj yok, Susturulmuş, taş mühürlü, vb.)"
L_B_CAST_ERROR2,,Creature can't cast this spell (we're all dead),このクリーチャーはこの呪文を唱えられない（私たちは全員死んでいる）,Kreatur kann diesen Zauber nicht wirken (wir sind alle tot),La créature ne peut pas lancer ce sort (nous sommes tous morts),La criatura no puede lanzar este hechizo (estamos todos muertos),Criatura não pode lançar esta magia (estamos todos mortos),Существо не может сотворить это заклинание (мы все мертвы),La creatura non può lanciare questo incantesimo (siamo tutti morti),生物無法施放此法術（我們都死定了）,生物无法施放此法术（我们都死了）,생물은 이 주문을 시전할 수 없다 (우린 모두 죽었어),Stworzenie nie może rzucić tego zaklęcia (wszyscy jesteśmy martwi),Істота не може використати це закляття (ми всі мертві),Schepsel kan deze spreuk niet uitspreken (we zijn allemaal dood),Yaratık bu büyüyü yapamaz (hepimiz öldük)
L_B_CAST_ERROR3,,Creature can't cast this spell (no targets),クリーチャーはこの呪文を唱えられません（対象がいません）,Kreatur kann diesen Zauber nicht wirken (keine Ziele),La créature ne peut pas lancer ce sort (pas de cibles),La criatura no puede lanzar este hechizo (sin objetivos),Criatura não pode lançar esta magia (sem alvos),Существо не может применить это заклинание (нет целей),La creatura non può lanciare questo incantesimo (nessun bersaglio),生物無法施放此法術（沒有目標）,生物无法施放此法术（没有目标）,생물이 이 주문을 시전할 수 없습니다 (대상 없음),Stworzenie nie może rzucić tego zaklęcia (brak celów),Істота не може застосувати це закляття (немає цілей),Wezen kan deze spreuk niet werpen (geen doelwitten),Yaratık bu büyüyü yapamaz (hedef yok)
L_B_CAST_ERROR4,,Creature can't cast this spell (Silenced),クリーチャーはこの呪文を唱えられない（沈黙状態）,Kreatur kann diesen Zauber nicht wirken (Verstummt),La créature ne peut pas lancer ce sort (Silence),La criatura no puede lanzar este hechizo (Silenciada),Criatura não pode lançar esta magia (Silenciada),Существо не может произнести это заклинание (Заглушено),La creatura non può lanciare questo incantesimo (Silenziata),生物無法施放此法術（沉默）,生物无法施放此法术（沉默）,생물이 이 주문을 시전할 수 없음 (침묵됨),Stworzenie nie może rzucić tego zaklęcia (Uciszone),Істота не може використати це закляття (Оглушена),Wezen kan deze spreuk niet uitspreken (Stilte),Yaratık bu büyüyü yapamaz (Susturulmuş)
L_B_CAST_FIZZLED,,Fizzled!,フィズル！,Verpufft!,Raté !,¡Falló!,Falhou!,Осечка!,Fallito!,失效了！,失效！,실패!,Spudłowane!,Зашипіло!,Mislukt!,Fiyasko!
L_B_CAST_BLOCKED,,Spell Blocked!,スペル無効化！,Zauber blockiert!,Sort bloqué !,¡Hechizo Bloqueado!,Magia Bloqueada!,Заклинание заблокировано!,Incantesimo Bloccato!,法術被阻擋！,法术被阻挡！,주문 막힘!,Zaklęcie Zablokowane!,Заклинання заблоковано!,Spreuk Geblokkeerd!,Büyü Engellendi!
L_B_FUTURE_CAST,,Cast\nNext Turn,キャスト\n次のターン,Wirken\nNächster Zug,Lancer\nTour Suivant,Lanzar\nSiguiente Turno,Lançar\nPróximo Turno,Применить\nСледующий ход,Cast\nProssimo Turno,施放\n下一回合,施法\n下一回合,시전\n다음 턴,Rzuć\nNastępna Tura,Застосувати\nНаступний хід,Cast\nVolgende Beurt,Büyü Yap\nSonraki Tur
L_B_FUTURE_ATTACK,,Attack\nNext Turn,攻撃\n次のターン,Angriff\nNächster Zug,Attaque\nTour Suivant,Atacar\nSiguiente Turno,Atacar\nPróximo Turno,Атака\nСледующий ход,Attacco\nTurno Successivo,攻擊\n下一回合,攻击\n下一回合,공격\n다음 턴,Atak\nNastępna Tura,Атака\nНаступний хід,Aanval\nVolgende Beurt,Saldır\nSonraki Tur
L_B_GAIN_STAT,"1 = creature name, 2 = amount, 3 = stat name",{1} gained {2} {3}.,{1}は{2} {3}を獲得した。,{1} erhielt {2} {3}.,{1} a gagné {2} {3}.,{1} ganó {2} {3}.,{1} ganhou {2} {3}.,{1} получил {2} {3}.,{1} ha ottenuto {2} {3}.,{1}獲得了{2}個{3}。,{1}获得了{2}点{3}。,{1}(이)가 {2} {3}(을)를 획득했습니다.,{1} zdobył {2} {3}.,{1} отримав {2} {3}.,{1} heeft {2} {3} verkregen.,{1} {2} {3} kazandı.
L_B_LOSE_STAT,"1 = creature name, 2 = amount, 3 = stat name",{1} lost {2} {3}.,{1}は{2} {3}を失った。,{1} verlor {2} {3}.,{1} a perdu {2} {3}.,{1} perdió {2} {3}.,{1} perdeu {2} {3}.,{1} потерял {2} {3}.,{1} ha perso {2} {3}.,{1}失去了{2}個{3}。,{1}损失了{2}点{3}。,{1}이(가) {2} {3}을(를) 잃었습니다.,{1} stracił {2} {3}.,{1} втратив {2} {3}.,{1} verloor {2} {3}.,{1} {2} {3} kaybetti.
L_B_BOMB_POTENCY,1 = amount,+{1}\nBomb Potency,+{1}\n爆弾威力,+{1}\nBombenstärke,+{1}\nPuissance de bombe,+{1}\nPotencia de Bomba,+{1}\nPotência de Bomba,+{1}\nМощность бомбы,+{1}\nPotenza Bomba,+{1}\n炸彈威力,+{1}\n炸弹效能,+{1}\n폭탄 위력,+{1}\nMoc Bomby,+{1}\nПотужність бомби,+{1}\nBomkracht,+{1}\nBomba Gücü
L_B_POTENCIES_AVERAGED,,Potencies\nAveraged,効力\n平均化された,Potenzen\nDurchschnittlich,Puissances\nMoyennées,Potencias\nPromediado,Potências\nMédia,Силы\nУсреднённые,Potenze\nMedia,效能\n平均值,效能\n平均化,효능\n평균화됨,Potencje\nUśrednione,Потужності\nУсереднені,Potenties\nGemiddeld,Güçler\nOrtalama
L_B_CONDITION_POTENCY,1 = amount,+{1}% Buff/Debuff\nPotency,+{1}% バフ/デバフ\n効果,+{1}% Buff/Debuff\nEffektstärke,+{1}% Puissance des\nBuff/Debuff,+{1}% Potencia de\nBeneficio/Perjuicio,+{1}% Potência de\nBônus/Penalidade,+{1}% Сила\nБаффов/Дебаффов,+{1}% Potenza\nBuff/Debuff,+{1}% 增益/減益\n效能,+{1}%增益/减益\n效能,+{1}% 버프/디버프\n효능,+{1}% Moc\nWzmocnień/Osłabień,+{1}% Сила\nПідсилень/Ослаблень,+{1}% Buff/Debuff\nKracht,+{1}% Güçlendirme/Zayıflatma\nEtkinliği
L_B_BUFFDEBUFF_REMOVED,,{1} Buff/Debuff\nRemoved,{1} バフ/デバフ\n解除,{1} Buff/Debuff\nEntfernt,{1} Buff/Debuff\nSupprimé,{1} Beneficio/Perjuicio\nEliminado,{1} Buff/Debuff\nRemovido,{1} Бафф/Дебафф\nУдален,{1} Buff/Debuff\nRimosso,{1} 增益/減益\n已移除,{1}增益/减益\n已移除,{1} 버프/디버프\n제거됨,{1} Buff/Debuff\nUsunięto,{1} Бафф/Дебафф\nВидалено,{1} Buff/Debuff\nVerwijderd,{1} Güçlendirme/Zayıflatma\nKaldırıldı
L_B_BOMB_AMPLIFIED,,Bomb\nAmplified,ボム\n増幅,Bombe\nVerstärkt,Bombe\nAmplifié,Bomba\nAmplificada,Bomba\nAmplificada,Бомба\nУсиленная,Bomba\nAmplificata,炸彈\n增幅,炸弹\n增幅,폭탄\n증폭됨,Bomba\nWzmocniona,Бомба\nПідсилена,Bom\nVersterkt,Bomba\nGüçlendirilmiş
L_B_HEALTH_INVERTED,,Health\Inverted,ヘルス\\反転,Gesundheit\\Invertiert,Santé\\Inversé,Salud\\Invertido,Saúde\\Invertido,Здоровье\\Инвертировано,Salute\\Invertito,生命值\\反轉,生命值\n反转,체력\\반전,Zdrowie\\Odwrócone,Здоров'я\\Інвертоване,Gezondheid\\Omgekeerd,Sağlık\\Ters
L_B_GEMS_UNSEALED,,Spell Gems\nUnsealed,スペルジェム\n開封済み,Zaubersteine\nEntsiegelt,Gemmes de Sort\nDéscellées,Gemas de Hechizo\nDeselladas,Gemas de Feitiço\nLiberadas,Самоцветы заклинаний\nРаспечатанные,Gemme Incantesimo\nDisigillate,法術寶石\n已解封,法术宝石\n已解封,주문 보석\n봉인 해제됨,Klejnoty Zaklęć\nOdpieczętowane,Самоцвіти заклинань\nВідкриті,Toversteen\nOntgrendeld,Büyü Taşları\nMühürsüz
L_B_GEMS_SEALED,,Spell Gems\nSealed,スペルジェム\n封印済み,Zaubersteine\nVersiegelt,Gemmes de Sort\nScellée,Gemas de Hechizo\nSellado,Gemas de Feitiço\nSelada,Самоцветы заклинаний\nЗапечатано,Gemme Incantesimo\nSigillata,法術寶石\n已封印,法术宝石\n已封印,주문 보석\n봉인됨,Klejnoty Zaklęć\nZapieczętowane,Магічні Самоцвіти\nЗапечатані,Toversieraden\nVerzegeld,Büyü Taşları\nMühürlü
L_B_ETH_GEMS_SEALED,,Ethereal Gems\nSealed,エーテルジェム\n封印済み,Ätherische Zaubersteine\nVersiegelt,Gemmes Éthérées\nScellé,Gemas Etéreas\nSellado,Gemas Etéreas\nSelado,Эфирные Самоцветы\nЗапечатаны,Gemme Eteree\nSigillato,虛幻寶石\n已封印,虚幻宝石\n已封印,에테르 보석\n봉인됨,Eteryczne Klejnoty\nZapieczętowane,Ефірні Самоцвіти\nЗапечатано,Etherische Edelstenen\nVerzegeld,Esrarengiz Taşlar\nMühürlü
L_B_ETH_GEMS_REPLACED,,Ethereal Gems\nReplaced,エーテルジェム\n交換済み,Ätherische Zaubersteine\nErsetzt,Gemmes Éthérées\nRemplacé,Gemas Etéreas\nReemplazado,Gemas Etéreas\nSubstituído,Эфирные Самоцветы\nЗаменено,Gemme Eteree\nSostituite,虛幻寶石\n已替換,虚幻宝石\n已替换,에테르 보석\n교체됨,Eteryczne Klejnoty\nZastąpiono,Ефірні Самоцвіти\nЗамінено,Etherische Edelstenen\nVervangen,Esrarengiz Taşlar\nDeğiştirildi
L_B_SPELL_SLOT_EMPOWERED,,Spell Slot\nEmpowered,スペルスロット\n強化,"Zauberslot
Verstärkt",Emplacement de Sort\nRenforcé,Espacio de Hechizo\nPotenciado,Espaço de Magia\nPotencializado,Ячейка заклинания\nУсиленное,Slot Incantesimo\nPotenziato,法術位\n強化,法术槽\n强化,주문 슬롯\n강화됨,Miejsce na Zaklęcie\nWzmocnione,Комірка заклинання\nПосилений,Spreukvak\nVersterkt,Büyü Yuvası\nGüçlendirilmiş
L_B_DEFENSE_SPEED_MINIMUM,,Defense/Speed Set To\nMinimum,防御力/速度を\n最低値に設定,Verteidigungs-/Geschwindigkeits-Set Auf\nMinimum,Défense/Vitesse Réglée Au\nMinimum,Conjunto de Defensa/Velocidad\nAl Mínimo,Conjunto de Defesa/Velocidade\nDefinido para Mínimo,Защита/Скорость Установлены\nНа Минимум,Difesa/Velocità Impostata Al\nMinimo,防禦/速度設定為\n最低,防御/速度设为\n最小值,방어력/속도 설정을\n최소로,Zestaw Obrony/Szybkości\nUstawiony Na Minimum,Захист/Швидкість Встановлено\nНа Мінімум,Verdediging/Snelheid Ingesteld Op\nMinimum,Savunma/Hız Seti\nMinimuma Ayarlandı
L_B_ATTACK_MINIMUM,,Attack Set To\nMinimum,攻撃を\n最小に設定,Angriff auf\nMinimum gesetzt,Attaque Réglée Au\nMinimum,Ataque Establecido Al\nMínimo,Conjunto de Ataque\nDefinido no Mínimo,Атака Установлена На\nМинимум,Attacco Impostato Al\nMinimo,攻擊設定為\n最小值,攻击设为\n最小值,공격이 최소로\n설정됨,Atak Ustawiony Na\nMinimum,Атаку Встановлено\nНа Мінімум,Aanval Ingesteld Op\nMinimum,Saldırı Minimuma\nAyarlandı
L_B_ATTACK_SET_TO_X,1 = amount,Attack Set To\n{1},攻撃を設定\n{1},Angriff auf\n{1} gesetzt,Ensemble d'attaque défini sur\n{1},Conjunto de Ataque Establecido a\n{1},Conjunto de Ataque Definido Para\n{1},Атака установлена на\n{1},Attacco Impostato Su\n{1},攻擊設定為\n{1},攻击设为\n{1},공격 설정\n{1},Zestaw Ataku Ustawiony Na\n{1},Атаку встановлено на\n{1},Aanval Ingesteld Op\n{1},Saldırı Şuna Ayarlandı\n{1}
L_B_INTELLIGENCE_MINIMUM,,Intelligence Set To\nMinimum,知能を\n最低値に設定,Intelligenz auf\nMinimum gesetzt,Intelligence Définie Au\nMinimum,Inteligencia Establecida Al\nMínimo,Inteligência Definida Para\nMínimo,Интеллект Установлен На\nМинимум,Intelligenza Impostata Al\nMinimo,智力設定為\n最低,智力设为\n最小值,지능이 최소로\n설정됨,Inteligencja Ustawiona Na\nMinimum,Інтелект Встановлено На\nМінімум,Intelligentie Ingesteld Op\nMinimum,Zeka Minimuma\nAyarlandı
L_B_DEFENSE_MINIMUM,,Defense Set To\nMinimum,防御力を\n最小値に設定,Verteidigung auf\nMinimum gesetzt,Défense Réglée Au\nMinimum,Defensa Establecida\nAl Mínimo,Defesa Definida\nNo Mínimo,Защита Установлена На\nМинимум,Difesa Impostata Al\nMinimo,防禦設定為\n最低,防御设为\n最小值,방어력 설정\n최소,Obrona Ustawiona Na\nMinimum,Захист Встановлено На\nМінімум,Verdediging Ingesteld Op\nMinimum,Savunma Ayarı\nMinimuma
L_B_SPEED_MINIMUM,,Speed Set To\nMinimum,速度設定\n最低,Geschwindigkeit auf\nMinimum gesetzt,Vitesse Réglée Sur\nMinimum,Velocidad Establecida A\nMínimo,Velocidade Definida Para\nMínimo,Скорость установлена на\nМинимум,Velocità Impostata Al\nMinimo,速度設定為\n最低,速度设为\n最小值,속도 설정\n최소,Prędkość Ustawiona Na\nMinimum,Швидкість встановлено\nна мінімум,Snelheid Ingesteld Op\nMinimum,Hız Ayarlandı\nMinimum
L_B_HEALTH_MINIMUM,,Health Set To\nMinimum,体力が最低値に\n設定された,Gesundheit auf\nMinimum gesetzt,Santé Définie Au\nMinimum,Salud Establecida Al\nMínimo,Saúde Definida Para\nMínimo,Здоровье установлено на\nминимум,Salute Impostata Al\nMinimo,生命值設為\n最低,生命值设为\n最小值,체력이 최소치로\n설정됨,Zdrowie Ustawione Na\nMinimum,Здоров'я встановлено\nна мінімум,Gezondheid Ingesteld Op\nMinimum,Can Minimum\nDeğere Ayarlandı
L_B_STATS_MINIMUM,,Stats Set To\nMinimum,ステータスを\n最小値に設定,Attribute auf\nMinimum Gesetzt,Stats Réglées Au\nMinimum,Stats Establecidas Al\nMínimo,Stats Definidos Para\nMínimo,Характеристики установлены\nна минимум,Stats Impostati Al\nMinimo,能力值設定為\n最低,属性值设为\n最小值,스탯이 최소치로\n설정됨,Statystyki Ustawione Na\nMinimum,Характеристики встановлено\nна мінімум,Stats Ingesteld Op\nMinimum,İstatistikler\nMinimuma Ayarlandı
L_B_BUFFS_REMOVED,,Buffs\nRemoved,バフ\n解除,Buffs\nEntfernt,Buffs\nSupprimés,Mejoras\nEliminadas,Buffs\nRemovidos,Баффы\nУдалены,Potenziamenti\nRimossi,增益\n已移除,增益\n已移除,버프\n제거됨,Buffy\nUsunięte,Бафи\nВидалено,Buffs\nVerwijderd,Güçlendirmeler\nKaldırıldı
L_B_DEBUFFS_REMOVED,,Debuffs\nRemoved,デバフ\n解除,Debuffs\nEntfernt,Affaiblissements\nRetirés,Debuffs\nEliminados,Debuffs\nRemovidos,Дебаффы\nУдалены,Debuff\nRimossi,減益效果\n已移除,减益\n已移除,디버프\n제거됨,Debuffy\nUsunięte,Дебафи\nВидалено,Debuffs\nVerwijderd,Zayıflatıcı Etkiler\nKaldırıldı
L_B_BUFFS_AND_DEBUFFS_REMOVED,,Buffs/Debuffs\nRemoved,バフ/デバフ\n解除,Buffs/Debuffs\nEntfernt,Buffs/Debuffs\nRetirés,Bufos/Perjuicios\nEliminados,Bônus/Penalidades\nRemovidos,Баффы/Дебаффы\nУдалены,Potenziamenti/Penalità\nRimossi,增益/減益\n已移除,增益/减益\n已移除,버프/디버프\n제거됨,Wzmocnienia/Osłabienia\nUsunięte,Бафи/Дебафи\nВидалено,Buffs/Debuffs\nVerwijderd,Güçlendirmeler/Zayıflatmalar\nKaldırıldı
L_BUFFS_AND_MINIONS_REMOVED,,Buffs/Minions\nRemoved,バフ/手下\n削除,Buffs/Diener\nEntfernt,Buffs/Sbires\nRetirés,Buffs/Esbirros\nEliminados,Bônus/Lacaios\nRemovidos,Баффы/Миньоны\nУдалены,Buff/Servitori\nRimossi,增益/僕從\n已移除,增益/仆从\n已移除,버프/하수인\n제거됨,Buffs/Miniony\nUsunięte,Бафи/Поплічники\nВидалено,Buffs/Handlangers\nVerwijderd,Güçlendirmeler/Yardakçılar\nKaldırıldı
L_B_CONDITIONS_REMOVED,,Buffs/Debuffs/Minions\nRemoved,バフ/デバフ/ミニオン\n削除,Buffs/Debuffs/Diener\nEntfernt,Buffs/Debuffs/Sbires\nRetirés,Mejoras/Perjuicios/Esbirros\nEliminados,Bônus/Penalidades/Lacaios\nRemovidos,Баффы/Дебаффы/Миньоны\nУдалены,Potenziamenti/Penalità/Servitori\nRimossi,增益/減益/僕從\n已移除,增益/减益/仆从\n已移除,버프/디버프/하수인\n제거됨,Wzmocnienia/Osłabienia/Sługusy\nUsunięte,Бафи/Дебафи/Поплічники\nВидалено,Buffs/Debuffs/Handlangers\nVerwijderd,Güçlendirmeler/Zayıflatmalar/Yardakçılar\nKaldırıldı
L_BUFF_STOLEN,,Buff Stolen!,バフが盗まれた！,Buff gestohlen!,Buff volé !,¡Beneficio robado!,Buff Roubado!,Бафф украден!,Buff Rubato!,增益被竊取！,增益被窃取！,버프 도둑맞음!,Skradziono wzmocnienie!,Бафф вкрадено!,Buff Gestolen!,Güçlendirme Çalındı!
L_B_DEBUFFS_REMOVED_COUNT,,{1} Debuff(s)\nRemoved,{1} デバフ解除,{1} Debuff(s)\nEntfernt,{1} Malus\nSupprimé(s),{1} Perjuicio(s)\nEliminado(s),{1} Debuff(s)\nRemovido(s),{1} Дебафф(ов)\nУдалено,{1} Debuff rimosso/i,{1} 減益效果\n已移除,{1}个减益\n已移除,{1} 디버프\n제거됨,{1} Osłabienie/a\nUsunięte,{1} Дебаф(ів)\nВидалено,{1} Debuff(s)\nVerwijderd,{1} Zayıflatma(lar)\nKaldırıldı
L_B_HEALTH_SET,1 = amount,Health Set\nto {1}%,体力が{1}%に\n設定された,Gesundheit auf\n{1}% gesetzt,Santé Définie\nà {1}%,Salud fijada\nal {1}%,Saúde Definida\npara {1}%,Здоровье установлено\nна {1}%,Salute Impostata\nal {1}%,生命值設定\n為 {1}%,生命值设为\n{1}%,체력이 {1}%로\n설정됨,Zdrowie Ustawione\nna {1}%,Здоров'я встановлено\nна {1}%,Gezondheid Ingesteld\nop {1}%,Can Değeri\n{1}% olarak ayarlandı
L_B_STAT_SET_TO_X,"1 = stat name, 2 = amount",{1} Set To\n{2},{1} 設定\n{2},{1} Eingestellt auf\n{2},{1} Défini à\n{2},{1} Establecido a\n{2},{1} Definido Para\n{2},{1} Установлено на\n{2},{1} Impostato Su\n{2},{1} 設定為\n{2},{1}设为\n{2},{1} 설정됨\n{2},{1} Ustawiono na\n{2},{1} Встановлено на\n{2},{1} Ingesteld Op\n{2},{1} Şuna Ayarlandı\n{2}
L_B_STAT_MINIMUM,1 = stat name,{1} Set To\nMinimum,{1} 最小値に\n設定,{1} Auf\nMinimum gesetzt,{1} Réglé Au\nMinimum,{1} Establecido Al\nMínimo,{1} Definido Para\nMínimo,{1} Установлено На\nМинимум,{1} Impostato Al\nMinimo,{1} 設為\n最小值,{1}设为\n最小值,{1} 최소값으로\n설정,{1} Ustawiono Na\nMinimum,{1} Встановлено на\nМінімум,{1} Ingesteld Op\nMinimum,{1} Minimuma\nAyarlandı
L_B_STATS_SET_TO_X,1 = amount,Stats Set To\n{1},ステータスを設定\n{1},Attribute auf\n{1} gesetzt,Stats définis sur\n{1},Stats Set To\n{1},Stats Definidos Para\n{1},Характеристики установлены на\n{1},Stats Impostati Su\n{1},能力值設定為\n{1},属性值设为\n{1},스탯 설정됨\n{1},Stats Set To\n{1},Характеристики встановлено на\n{1},Stats Ingesteld Op\n{1},İstatistikler Şuna Ayarlandı\n{1}
L_B_BUFF_DURATION,1 = amount,+{1} Buff\nDuration,+{1} バフ\n持続時間,+{1} Buff\nDauer,+{1} Bonus\nDurée,+{1} Mejora\nDuración,+{1} Buff\nDuração,+{1} Бафф\nДлительность,+{1} Buff\nDurata,+{1} 增益\n持續時間,+{1}增益\n持续时间,+{1} 버프\n지속시간,+{1} Wzmocnienie\nCzas trwania,+{1} Бафф\nТривалість,+{1} Buff\nDuur,+{1} Güçlendirme\nSüre
L_B_DEBUFF_DURATION_SUB,1 = amount,-{1} Debuff\nDuration,-{1} デバフ\n持続時間,-{1} Debuff\nDauer,-{1} Malus\nDurée,-{1} Debilitación\nDuración,-{1} Debuff\nDuração,-{1} Дебафф\nДлительность,-{1} Debuff\nDurata,-{1} 減益\n持續時間,-{1}减益\n持续时间,-{1} 디버프\n지속시간,-{1} Osłabienie\nCzas trwania,-{1} Дебаф\nТривалість,-{1} Verzwakking\nDuur,-{1} Zayıflatma\nSüre
L_B_DEBUFF_DURATION_SPECIFIC_ADD,"1 = amount, 2 = condition name",+{1} {2}\nDuration,+{1} {2}\n持続時間,+{1} {2}\nDauer,+{1} {2}\nDurée,+{1} {2}\nDuración,+{1} {2}\nDuração,+{1} {2}\nДлительность,+{1} {2}\nDurata,+{1} {2}\n持續時間,+{1}{2}\n持续时间,+{1} {2}\n지속시간,+{1} {2}\nCzas trwania,+{1} {2}\nТривалість,+{1} {2}\nDuur,+{1} {2}\nSüre
L_B_STATS_RESET,,Stats Reset,ステータスリセット,Attribute zurücksetzen,Réinitialisation des statistiques,Reinicio de Estadísticas,Redefinir Atributos,Сброс характеристик,Ripristino Statistiche,能力值重置,属性值重置,스탯 초기화,Resetowanie statystyk,Скидання характеристик,Statistieken Resetten,İstatistik Sıfırlama
L_B_BARRIER_MAXIMIZED,,Barrier\nMaximized,バリア\n最大化,Barriere\nMaximiert,Barrière\nMaximisé,Barrera\nMaximizada,Barreira\nMaximizada,Барьер\nМаксимизировано,Barriera\nMassimizzata,屏障\n最大化,屏障\n最大化,장벽\n최대화,Bariera\nMaksymalizowana,Бар'єр\nМаксимізований,Barrière\nGemaximaliseerd,Bariyer\nMaksimize Edilmiş
L_X_CHARGES,1 = amount,{1} Charges,{1}チャージ,{1} Ladungen,{1} Charges,{1} Cargas,{1} Cargas,{1} Заряды,{1} Cariche,{1} 次數,{1}充能,{1} 충전,{1} Ładunki,{1} Заряди,{1} Ladingen,{1} Şarj
L_X_CHARGES_CLASS,"1 = class name, 2 = amount",{1} Gems\n+{2} Charges,{1} 宝石\n+{2} チャージ,{1} Zaubersteine\n+{2} Ladungen,{1} Gemmes\n+{2} Charges,{1} Gemas\n+{2} Cargas,{1} Gemas\n+{2} Cargas,{1} Самоцветы\n+{2} Заряды,{1} Gemme\n+{2} Cariche,{1} 寶石\n+{2} 充能,{1}宝石\n+{2}充能,{1} 보석\n+{2} 충전량,{1} Klejnoty\n+{2} Ładunki,{1} Самоцвітів\n+{2} Зарядів,{1} Edelstenen\n+{2} Ladingen,{1} Mücevher\n+{2} Şarj
L_TURNS_RESET,,Turns = 0,ターン = 0,Züge = 0,Tours = 0,Turnos = 0,Turnos = 0,Ходы = 0,Turni = 0,回合數 = 0,回合数=0,턴 = 0,Tury = 0,Ходи = 0,Beurten = 0,Tur = 0
L_B_TURNS_ADD,1 = amount,+{1} Turns,+{1}ターン,+{1} Runden,+{1} Tours,+{1} Turnos,+{1} Turnos,+{1} Ходов,+{1} Turni,+{1}回合,+{1}回合数,+{1} 턴,+{1} Tury,+{1} Ходів,+{1} Beurten,+{1} Tur
L_MAX_MINION_STACKS,,Max Minion\nStacks,マックス・ミニオン\nスタック,Max. Diener\nStapel,Max Minion\nStacks,Max Minion\nAcumulaciones,Pilha Máxima\nde Lacaios,Макс. Миньонов\nСтаки,Max Minion\nStacks,最大僕從\n堆疊,最大仆从\n层数,최대 하수인\n중첩,Maks. Sługusów\nStosów,Макс. Поплічників\nСтоси,Max Minion\nStapels,Maksimum Yamak\nYığın
L_ADD_MINION_STACKS,1 = amount,+{1} Minion Stacks,+{1} ミニオンスタック,+{1} Diener-Stapel,+{1} Piles de Sbires,+{1} Acumulaciones de Esbirro,+{1} Pilhas de Lacaio,+{1} Стаки Миньонов,+{1} Cumuli di Servitori,+{1} 爪牙堆疊,+{1}仆从层数,+{1} 하수인 중첩,+{1} Stosy Sługusów,+{1} Стоси Посіпак,+{1} Handlanger Stapels,+{1} Uşak Yığını
L_ADD_CURRENT_HEALTH,1 = amount,+{1}\nCurrent Health,+{1}\n現在の体力,+{1}\nAktuelle Gesundheit,+{1}\nSanté actuelle,+{1}\nSalud actual,+{1}\nVida Atual,+{1}\nТекущее здоровье,+{1}\nSalute Attuale,+{1}\n目前生命值,+{1}\n当前生命值,+{1}\n현재 체력,+{1}\nObecne Zdrowie,+{1}\nПоточне здоров'я,+{1}\nHuidige Gezondheid,+{1}\nMevcut Can
L_NEXT_ATTACK_EXTRA_DAMAGE,1 = amount,Next Attack\n+{1}% Damage,次の攻撃\n+{1}%ダメージ,Nächster Angriff\n+{1}% Schaden,Prochaine Attaque\n+{1}% de Dégâts,Próximo Ataque\n+{1}% de Daño,Próximo Ataque\n+{1}% de Dano,Следующая Атака\n+{1}% Урона,Prossimo Attacco\n+{1}% Danno,下一次攻擊\n+{1}% 傷害,下一次攻击\n+{1}%伤害,다음 공격\n+{1}% 피해량,Następny Atak\n+{1}% Obrażeń,Наступна Атака\n+{1}% Шкоди,Volgende Aanval\n+{1}% Schade,Sonraki Saldırı\n+{1}% Hasar
L_ADD_INVERTED_POTENCY,1 = amount,+{1}% Inverted\nPotency,+{1}% 反転\n効力,+{1}% Umgekehrte\nWirksamkeit,+{1}% Puissance\ninversée,+{1}% Potencia\nInvertida,+{1}% Potência\nInvertida,+{1}% Обратная\nМощность,+{1}% Potenza\nInvertita,+{1}% 反轉\n效能,+{1}%反转\n效能,+{1}% 역전\n효능,+{1}% Odwrócona\nMoc,+{1}% Інвертована\nПотужність,+{1}% Omgekeerde\nKracht,+{1}% Ters\nGüç
L_ADD_BURN_POTENCY,1 = amount,+{1}% Burn\nPotency,+{1}% 火傷\n効力,+{1}% Verbrennungs\nWirksamkeit,+{1}% Puissance\nde Brûlure,+{1}% Potencia\nde Quemadura,+{1}% Potência\nde Queimadura,+{1}% Сила\nОжога,+{1}% Potenza\nBruciatura,+{1}% 燃燒\n效能,+{1}%燃烧\n效能,+{1}% 화상\n효능,+{1}% Moc\nPodpalenia,+{1}% Сила\nОпіку,+{1}% Brandkracht\nPotentie,+{1}% Yanma\nGücü
L_ADD_DEBUFF_POTENCY,1 = amount,+{1}% Debuff\nPotency,+{1}% デバフ\n効果,+{1}% Debuff\nEffektstärke,+{1}% Puissance\nde Malus,+{1}% Potencia\nde Debuff,+{1}% Potência\nde Debuff,+{1}% Сила\nДебаффов,+{1}% Potenza\nDebuff,+{1}% 減益\n效能,+{1}%减益\n效能,+{1}% 디버프\n효능,+{1}% Siła\nOsłabienia,+{1}% Сила\nДебафу,+{1}% Verzwakkingseffect\nKracht,+{1}% Zayıflatma\nGücü
L_B_INVERTED_POTENCY,,More Inverted\nPotency,反転強化\n効力,Mehr Invertiert\nWirksamkeit,Plus Inversé\nPuissance,Más Invertido\nPotencia,Mais Invertido\nPotência,Больше Инвертированной\nМощи,Più Potenza\nInvertita,更多反轉\n效能,反转效能\n增加,더 많은 역전된\n효능,Więcej Odwróconej\nMocy,Більше Інвертованої\nПотужності,Meer Omgekeerde\nKracht,Daha Ters\nGüç
L_B_WILD_RULE,"Denotes that an effect came from the ""Wild"" arena rules.",Wild Rule,ワイルドルール,Wilde Regel,Règle Sauvage,Regla Salvaje,Regra Selvagem,Дикое Правило,Regola Selvaggia,野性法則,狂野规则,와일드 룰,Dzika Zasada,Дике Правило,Wilde Regel,Vahşi Kural
L_B_FLOAT_PERKGAINED,1 = perk name,Perk Gained:\n{1},パーク獲得:\n{1},Vorteil erhalten:\n{1},Avantage Obtenu:\n{1},Ventaja Obtenida:\n{1},Vantagem Adquirida:\n{1},Получено умение:\n{1},Perk Ottenuto:\n{1},獲得特長：\n{1},获得专长：\n{1},특성 획득:\n{1},Zdobyto Atut:\n{1},Отримано перк:\n{1},Voordeel Verkregen:\n{1},Yetenek Kazanıldı:\n{1}
L_B_FLOAT_SKIN,,Ultra Rare!\nSkin!,ウルトラレア！\nスキン！,Ultra Selten!\nSkin!,Ultra Rare !\nSkin !,¡Ultra Raro!\nSkin!,Ultra Raro!\nSkin!,Ультра Редкий!\nСкин!,Ultra Raro!\nSkin!,超級稀有！\n外觀！,超级稀有！\n皮肤！,울트라 레어!\n스킨!,Ultra Rzadkie!\nSkórka!,Ультра рідкісний!\nСкін!,Ultra Zeldzaam!\nSkin!,Ultra Nadir!\nKostüm!
L_B_FATIGUE_ACCUMULATING,1 = amount,All the creatures on the battlefield will take {1}% more damage than normal because they are getting tired.,戦場のすべての生物は疲労のため、通常よりも{1}%多くのダメージを受ける。,"Alle Kreaturen auf dem Schlachtfeld erleiden {1}% mehr Schaden als normal, da sie müde werden.",Toutes les créatures sur le champ de bataille subiront {1}% de dégâts supplémentaires par rapport à la normale car elles se fatiguent.,Todas las criaturas en el campo de batalla recibirán {1}% más de daño de lo normal porque se están cansando.,Todas as criaturas no campo de batalha sofrerão {1}% mais dano que o normal porque estão ficando cansadas.,"Все существа на поле боя получат на {1}% больше урона, чем обычно, потому что они устают.",Tutte le creature sul campo di battaglia subiranno il {1}% di danni in più del normale perché si stanno stancando.,戰場上所有生物將受到比平常多{1}%的傷害，因為牠們正在疲憊中。,战场上的所有生物将承受比平常多{1}%的伤害，因为它们正在变得疲劳。,전장의 모든 생물들은 지쳐가고 있기 때문에 평소보다 {1}% 더 많은 피해를 입게 됩니다.,"Wszystkie stworzenia na polu bitwy otrzymają o {1}% więcej obrażeń niż normalnie, ponieważ się męczą.","Усі істоти на полі бою отримуватимуть на {1}% більше пошкоджень, ніж зазвичай, оскільки вони втомлюються.",Alle wezens op het slagveld zullen {1}% meer schade oplopen dan normaal omdat ze vermoeid raken.,Savaş alanındaki tüm yaratıklar yorgun düştükleri için normalden {1}% daha fazla hasar alacaklar.
L_B_EFFECT_CARDS,"This appears as an explanation for certain effects. For example, a spell may be prevented from the player's Apocalypse Cards, so it would show ""Apocalypse Cards"" here.",{1} Cards,{1}枚のカード,{1} Karten,{1} Cartes,{1} Cartas,{1} Cartas,{1} Карт,{1} Carte,{1} 卡牌,{1}卡牌,{1} 카드,{1} Karty,{1} Карт,{1} Kaarten,{1} Kart
L_B_FATIGUE,,Fatigue!,疲労！,Erschöpfung!,Fatigue !,¡Fatiga!,Fadiga!,Усталость!,Affaticamento!,疲勞！,疲劳！,피로!,Zmęczenie!,Втома!,Vermoeidheid!,Yorgunluk!
L_B_SAFE,,Safe!,セーフ！,Sicher!,Sauf !,¡A salvo!,Seguro!,Безопасно!,Salvo!,安全！,安全！,안전!,Bezpieczny!,Безпечно!,Veilig!,Güvende!
L_B_CLASS_CHANGE,1 = class name,{1}\nClass,{1}\nクラス,{1}\nKlasse,{1}\nClasse,{1}\nClase,{1}\nClasse,{1}\nКласс,{1}\nClasse,{1}\n職業,{1}\n系别,{1}\n직업,{1}\nKlasa,{1}\nКлас,{1}\nKlasse,{1}\nSınıf
L_B_SPELLS_FREE,,Spells Are\nFree,呪文は\n無料,Zauber sind\nKostenlos,Les Sorts Sont\nGratuits,Los Hechizos Son\nGratis,Magias São\nGratuitas,Заклинания\nБесплатны,Gli Incantesimi Sono\nGratuiti,法術是\n免費的,法术\n免费施放,주문은\n무료입니다,Zaklęcia Są\nDarmowe,Закляття\nБезкоштовні,Spreuken Zijn\nGratis,Büyüler\nBedava
L_B_TRAITS_REMOVED,,Extra Traits\nRemoved,追加特性\n削除,Zusätzliche Merkmale\nEntfernt,Traits supplémentaires\nSupprimés,Rasgos Extra\nEliminados,Características Extras\nRemovidas,Дополнительные черты\nУдалены,Tratti Extra\nRimossi,額外特質\n已移除,额外特性\n已移除,추가 특성\n제거됨,Dodatkowe Cechy\nUsunięte,Додаткові риси\nВидалено,Extra Eigenschappen\nVerwijderd,Ekstra Özellikler\nKaldırıldı
L_B_TRAITS_GAINED,,Extra Traits\nGained,追加特性\n獲得,Zusätzliche Merkmale\nErhalten,Traits Supplémentaires\nObtenus,Rasgos Extra\nObtenidos,Traços Extras\nObtidos,Дополнительные Черты\nПолучены,Tratti Extra\nOttenuti,額外特質\n獲得,额外特性\n已获得,추가 특성\n획득,Dodatkowe Cechy\nZdobyte,Додаткові риси\nОтримано,Extra Eigenschappen\nVerkregen,Ekstra Özellikler\nKazanıldı
L_B_ONDEATH_ACTIVATED,,On-Death\nActivated,死亡時\n発動,Bei Tod\nAktiviert,En cas de mort\nActivé,Al morir\nActivado,Ao Morrer\nAtivado,При смерти\nАктивировано,Attivato\nalla Morte,死亡時\n觸發,死亡时效果\n触发,사망 시\n활성화,Przy-Śmierci\nAktywowane,При смерті\nАктивовано,Bij Dood\nGeactiveerd,Ölümde\nEtkinleşir
L_B_ONRESURRECT_ACTIVATED,,On-Resurrect\nActivated,蘇生時\n発動,Bei-Wiederbelebung\nAktiviert,À la résurrection\nActivé,Al Resucitar\nActivado,Ao Ressuscitar\nAtivado,При-Воскрешении\nАктивировано,Al-Resurrezione\nAttivato,復活時\n啟動,复活时效果\n触发,부활 시\n활성화,Przy-Wskrzeszeniu\nAktywowane,При-Воскресінні\nАктивовано,Bij-Opwekking\nGeactiveerd,Diriltildiğinde\nEtkinleştirildi
L_B_MINIONS_REMOVED,,Minions\nRemoved,ミニオン\n削除,Diener\nEntfernt,Sbires\nRetirés,Esbirros\nEliminados,Lacaios\nRemovidos,Миньоны\nУдалены,Servitori\nRimossi,爪牙\n已移除,仆从\n已移除,하수인\n제거됨,Sługusy\nUsunięte,Міньйони\nВидалено,Trawanten\nVerwijderd,Yamaklar\nKaldırıldı
L_B_GEM_SEALED,1 = spell name,{1}\nSealed,{1}\n封印済み,{1}\nVersiegelt,{1}\nScellé,{1}\nSellado,{1}\nSelado,{1}\nЗапечатано,{1}\nSigillato,{1}\n已封印,{1}\n已封印,{1}\n봉인됨,{1}\nZapieczętowany,{1}\nЗапечатано,{1}\nVerzegeld,{1}\nMühürlü
L_B_ULTIMATE_GEMS_RECHARGED,,Ultimate Spell Gems\nRecharged,アルティメットスペルジェム\n再充填,"Ultimativzaubersteine
Aufgeladen",Gemmes de Sort Ultimes\nRechargées,Gemas de Hechizo Definitivas\nRecargadas,Gemas de Feitiço Supremas\nRecarregadas,Высшие Камни Заклинаний\nПерезаряжены,Gemme Incantesimo Supremo\nRicaricate,終極法術寶石\n已充能,终极法术宝石\n已重新充能,궁극의 주문 보석\n재충전됨,Najwyższe Klejnoty Zaklęć\nNaładowane,Найвищі Магічні Самоцвіти\nПерезаряджені,Ultieme Spreukstenen\nOpgeladen,Nihai Büyü Taşları\nYeniden Yüklendi
L_ARMY_OF_MINIONS,Occurs when a creature gains a ton of minions at once.,Army of Minions,手下の軍団,Armee der Diener,Armée de Sbires,Ejército de Esbirros,Exército de Lacaios,Армия Миньонов,Esercito di Servitori,小嘍囉軍團,仆从大军,하수인 군단,Armia Sługusów,Армія Поплічників,Leger van Handlangers,Küçük Askerler Ordusu
L_TIMELINE_SWAP,Occurs when a creature's position is swapped on the timeline.,Swapped\nPositions,位置\n交換,Positionen\ngetauscht,Positions\néchangées,Posiciones\nIntercambiadas,Posições\nTrocadas,Поменялись\nМестами,Posizioni\nScambiate,交換\n位置,交换\n位置,위치\n교환됨,Zamieniono\nPozycje,Поміняли\nПозиції,Posities\nVerwisseld,Yer\nDeğiştirildi
L_REALM_PROPERTY,,Realm Property,領域特性,Reichseigentum,Propriété du Royaume,Propiedad del Reino,Propriedade do Reino,Собственность Королевства,Proprietà del Regno,領域屬性,领域词条,영역 속성,Własność Krainy,Власність Королівства,Rijkseigendom,Diyar Özelliği
L_FALSE_GOD_RUNE,,False God Rune,偽神のルーン,Falsche-Gott-Rune,Rune du Faux Dieu,Runa del Dios Falso,Runa do Falso Deus,Руна Ложного Бога,Runa del Falso Dio,偽神符文,伪神符文,거짓 신의 룬,Runa Fałszywego Boga,Руна Фальшивого Бога,Valse God Rune,Sahte Tanrı Rünü
L_B_AEOLIAN_SHIELD,This is for a boss battle. A random class is periodically switched to the boss' weakness.,Vulnerable:\n{1},弱点：\n{1},Verwundbar:\n{1},Vulnérable:\n{1},Vulnerable:\n{1},Vulnerável:\n{1},Уязвимость:\n{1},Vulnerabile:\n{1},弱點：\n{1},弱点：\n{1},약점:\n{1},Podatny:\n{1},Вразливий:\n{1},Kwetsbaar:\n{1},Savunmasız:\n{1}
L_B_TURN_SKIPPED,,Turn Skipped,ターンスキップ,Zug übersprungen,Tour passé,Turno Saltado,Turno Pulado,Ход пропущен,Turno Saltato,回合跳過,回合已跳过,턴 스킵됨,Tura pominięta,Хід пропущено,Beurt Overgeslagen,Sıra Atlandı
L_B_PREVENTED,,Prevented!,防がれた！,Verhindert!,Empêché !,Evitado!,Impedido!,Предотвращено!,Impedito!,防禦成功！,已阻止！,방어!,Uniemożliwione!,Відвернено!,Voorkomen!,Engellendi!
L_B_BARRIER,Shows that a barrier absorbed damage. {1} is for the amount reduced from the barrier.,Barrier!\n(-{1}),バリア！\n(-{1}),Barriere!\n(-{1}),Barrière !\n(-{1}),¡Barrera!\n(-{1}),Barreira!\n(-{1}),Барьер!\n(-{1}),Barriera!\n(-{1}),屏障！\n(-{1}),屏障！\n(-{1}),방벽!\n(-{1}),Bariera!\n(-{1}),Бар'єр!\n(-{1}),Barrière!\n(-{1}),Bariyer!\n(-{1})
L_B_ARTIFACT,"This shown as the ""reason"" something happened in battle if it is related to the creature's equipped Artifact.",Artifact,アーティファクト,Artefakt,Artéfact,Artefacto,Artefato,Артефакт,Artefatto,神器,神器,유물,Artefakt,Артефакт,Artefact,Eser
L_B_STAT_GAIN_STOLEN,Occurs when a creature prevents another creature from gaining stats and steals them instead.,Stat Gains Stolen!,ステータス上昇が盗まれた！,Attribute-Zuwachs gestohlen!,Gains de stats volés !,¡Ganancias de estadísticas robadas!,Ganhos de Atributos Roubados!,Похищены прибавки к характеристикам!,Statistiche Rubate!,能力值增長被竊取！,属性值获得被窃取！,스탯 획득 도난!,Skradzione przyrosty statystyk!,Викрадено приріст характеристик!,Statistiekwinsten Gestolen!,Stat Kazanımları Çalındı!
L_B_SAVED,Occurs when something stops a creature from dying.,Saved!,セーブしました！,Gespeichert!,Sauvegardé !,Guardado!,Salvo!,Сохранено!,Salvato!,已儲存！,豁免！,저장됨!,Zapisano!,Збережено!,Opgeslagen!,Kaydedildi!
L_B_REBORN,,Reborn!,リボーン！,Wiedergeboren!,Ressuscité !,¡Renacido!,Renascido!,Возрождение!,Rinato!,重生！,重生！,부활!,Odrodzony!,Відроджений!,Herboren!,Yeniden Doğuş!
L_B_CRITICAL,Shows when a critical hit is made.,Critical,クリティカル,Kritisch,Critique,Crítico,Crítico,Критический,Critico,爆擊,暴击,치명타,Krytyczny,Критичний,Kritiek,Kritik
L_B_DAMAGE,"1 = creature name, = 2 amount",{1} took {2} damage.,{1}は{2}ダメージを受けた。,{1} erlitt {2} Schaden.,{1} a subi {2} dégâts.,{1} recibió {2} de daño.,{1} sofreu {2} de dano.,{1} получил {2} урона.,{1} ha subito {2} danni.,{1}受到了{2}點傷害。,{1}承受了{2}点伤害。,{1}(이)가 {2}의 피해를 입었다.,{1} otrzymał {2} obrażeń.,{1} отримав {2} пошкодження.,{1} kreeg {2} schade.,{1} {2} hasar aldı.
L_B_KILLED,1 = creature name,{1} was killed.,{1}は倒れた。,{1} wurde getötet.,{1} a été tué.,{1} ha muerto.,{1} foi morto.,{1} был убит.,{1} è stato ucciso.,{1}被殺死了。,{1}被杀死了。,{1}(이)가 사망했습니다.,{1} został zabity.,{1} був вбитий.,{1} werd gedood.,{1} öldürüldü.
L_B_CANT_RESURRECT,,Can't Resurrect,蘇生不可,Kann nicht wiederbelebt werden,Impossible de ressusciter,No se puede resucitar,Não Pode Ressuscitar,Нельзя Воскресить,Non Resuscitabile,無法復活,无法复活,부활 불가,Nie można wskrzesić,Не можна воскресити,Kan niet Herrijzen,Diriltilemiyor
L_B_EVOLVED,,Evolved!,進化した！,Entwickelt!,Évolué !,¡Evolucionado!,Evoluiu!,Эволюционировал!,Evoluto!,進化了！,进化！,진화했다!,Wyewoluował!,Еволюціонував!,Geëvolueerd!,Evrimleşti!
L_B_TRANSFORMED,,Transformed!,変身！,Verwandelt!,Transformé !,¡Transformado!,Transformado!,Превращение!,Trasformato!,變身！,变身！,변신!,Przemieniony!,Перетворено!,Getransformeerd!,Dönüştü!
L_B_HEALED,"1 = creature name, 2 = amount",{1} recovered {2} {L_HEALTH},{1}は{2} {L_HEALTH}を回復した,{1} hat {2} {L_HEALTH} wiederhergestellt,{1} a récupéré {2} {L_HEALTH},{1} recuperó {2} {L_HEALTH},{1} recuperou {2} {L_HEALTH},{1} восстановил {2} {L_HEALTH},{1} ha recuperato {2} {L_HEALTH},{1}恢復了{2}點{L_HEALTH},{1}恢复了{2}点{L_HEALTH},{1}(이)가 {2} {L_HEALTH}(을)를 회복했습니다,{1} odzyskał {2} {L_HEALTH},{1} відновив {2} {L_HEALTH},{1} herstelde {2} {L_HEALTH},{1} {2} {L_HEALTH} kazandı
L_B_KILLED_FLOAT,,Killed!,倒した！,Getötet!,Tué !,¡Eliminado!,Morto!,Убит!,Ucciso!,擊殺！,被杀死！,처치됨!,Zabity!,Вбито!,Gedood!,Öldürüldü!
L_B_OHKO,1 = creature name,{1} was one-hit killed.,{1}は一撃で倒された。,{1} wurde mit einem Schlag getötet.,{1} a été tué(e) en un coup.,{1} murió de un solo golpe.,{1} foi morto(a) com um golpe.,{1} был убит с одного удара.,{1} è stato ucciso con un colpo solo.,{1}被一擊必殺。,{1}被秒杀了。,{1}(이)가 일격에 쓰러졌다.,{1} został zabity jednym ciosem.,{1} був убитий одним ударом.,{1} werd in één klap gedood.,{1} tek vuruşta öldürüldü.
L_B_IMMUNE,,Immune,無効,Immun,Immunisé,Inmune,Imune,Иммунитет,Immune,免疫,免疫,면역,Odporny,Імунітет,Immuun,Bağışık
L_B_FIRSTPLACE,Occurs when a creature is put at the top of the timeline.,First Place!,一位！,Erster Platz!,Première Place !,¡Primer Lugar!,Primeiro Lugar!,Первое место!,Primo Posto!,第一名！,最顶端！,1등!,Pierwsze Miejsce!,Перше місце!,Eerste Plaats!,Birinci!
L_B_LASTPLACE,Occurs when a creature is put at the bottom of the timeline.,Last Place!,ビリ！,Letzter Platz!,Dernière Place !,¡Último Lugar!,Último Lugar!,Последнее место!,Ultimo Posto!,最後一名！,最底部！,꼴찌!,Ostatnie Miejsce!,Останнє місце!,Laatste Plaats!,Son Sıra!
L_B_BOTTOM_TIMELINE,1 = creature name,{1} was sent to the bottom of the {TIMELINE}.,{1}は{TIMELINE}の底へと送られた。,{1} wurde an das Ende der {TIMELINE} geschickt.,{1} a été envoyé(e) au fond de la {TIMELINE}.,{1} fue enviado al fondo de la {TIMELINE}.,{1} foi enviado para o fundo da {TIMELINE}.,{1} был отправлен в конец {TIMELINE}.,{1} è stato mandato in fondo alla {TIMELINE}.,{1}被送到了{TIMELINE}的底部。,{1}被送到了{TIMELINE}的底部。,{1}이(가) {TIMELINE}의 맨 아래로 보내졌습니다.,{1} został wysłany na dno {TIMELINE}.,{1} було відправлено на дно {TIMELINE}.,{1} werd naar de bodem van de {TIMELINE} gestuurd.,{1} {TIMELINE}'ın dibine gönderildi.
L_B_TOP_TIMELINE,1 = creature name,{1} was sent to the top of the {TIMELINE}.,{1}は{TIMELINE}の先頭に送られました。,{1} wurde an den Anfang der {TIMELINE} geschickt.,{1} a été envoyé au sommet de la {TIMELINE}.,{1} fue enviado a la cima de la {TIMELINE}.,{1} foi enviado para o topo da {TIMELINE}.,{1} был отправлен в начало {TIMELINE}.,{1} è stato inviato in cima alla {TIMELINE}.,{1}被送到{TIMELINE}的頂端。,{1}被送到了{TIMELINE}的顶端。,{1}이(가) {TIMELINE}의 맨 위로 보내졌습니다.,{1} został wysłany na szczyt {TIMELINE}.,{1} було відправлено на початок {TIMELINE}.,{1} werd naar de top van de {TIMELINE} gestuurd.,{1} {TIMELINE}'ın en üstüne gönderildi.
L_B_DROP_TIMELINE,"1 = creature name, 2 = num positions",{1} was sent {2} position(s) down the {TIMELINE}.,{1}は{TIMELINE}上で{2}ポジション下がった。,{1} wurde {2} Position(en) auf der {TIMELINE} nach unten verschoben.,{1} a été envoyé(e) {2} position(s) plus bas dans la {TIMELINE}.,{1} fue enviado {2} posición(es) hacia abajo en la {TIMELINE}.,{1} foi enviado {2} posição(ões) para baixo na {TIMELINE}.,{1} был отправлен на {2} позицию(й) вниз по {TIMELINE}.,{1} è stato spostato di {2} posizione/i indietro nella {TIMELINE}.,{1}被送到{TIMELINE}上向後{2}個位置。,{1}在{TIMELINE}上被下移了{2}个位置。,{1}(이)가 {TIMELINE}에서 {2}칸 아래로 이동했습니다.,{1} został przesunięty o {2} pozycję(pozycje) w dół {TIMELINE}.,{1} було відправлено на {2} позицію(ї) вниз по {TIMELINE}.,{1} werd {2} positie(s) omlaag gestuurd op de {TIMELINE}.,"{1}, {TIMELINE} üzerinde {2} pozisyon aşağı gönderildi."
L_B_DROP_POSITIONS,,Timeline Change,タイムライン変更,Zeitlinienänderung,Changement de Chronologie,Cambio de Línea Temporal,Mudança na Linha do Tempo,Изменение временной линии,Cambio Temporale,時間線變更,时间线变更,타임라인 변경,Zmiana Osi Czasu,Зміна часової лінії,Tijdlijn Verandering,Zaman Çizelgesi Değişimi
L_B_RESURRECT_LOG,"1 = creature name, 2 = amount",{1} resurrected with {2} {L_HEALTH}.,{1}は{2} {L_HEALTH}で復活した。,{1} wurde mit {2} {L_HEALTH} wiederbelebt.,{1} ressuscité avec {2} {L_HEALTH}.,{1} resucitado con {2} {L_HEALTH}.,{1} ressuscitou com {2} {L_HEALTH}.,{1} воскрешен с {2} {L_HEALTH}.,{1} resuscitato con {2} {L_HEALTH}.,{1}復活並恢復了{2}點{L_HEALTH}。,{1}以{2}点{L_HEALTH}复活。,{1}이(가) {2} {L_HEALTH}(으)로 부활했습니다.,{1} wskrzeszony z {2} {L_HEALTH}.,{1} воскрес із {2} {L_HEALTH}.,{1} is herrezen met {2} {L_HEALTH}.,{1} {2} {L_HEALTH} ile diriltildi.
L_B_MINION_GAINED,"1 = creature name, 2 = minion name",{1} gained minion: {2},{1}はミニオンを獲得した：{2},{1} erhielt Diener: {2},{1} a gagné un sbire : {2},{1} obtuvo esbirro: {2},{1} ganhou lacaio: {2},{1} получил миньона: {2},{1} ha ottenuto sgherro: {2},{1} 獲得手下：{2},{1}获得仆从：{2},{1}이(가) 하수인을 획득했습니다: {2},{1} zyskał sługę: {2},{1} отримав посіпаку: {2},{1} kreeg handlanger: {2},{1} yamak kazandı: {2}
L_B_BUFF_GAINED,"1 = creature name, 2 = buff name",{1} buffed: {2},{1}バフ付与: {2},{1} verstärkt: {2},{1} amélioré : {2},{1} mejorado: {2},{1} fortaleceu: {2},{1} усилен: {2},{1} potenziato: {2},{1} 獲得增益：{2},{1}获得增益：{2},{1} 버프 적용: {2},{1} wzmocniony: {2},{1} підсилив: {2},{1} versterkt: {2},{1} güçlendirdi: {2}
L_B_RESISTED_DEBUFF,,Resisted Debuff,耐性デバフ,Widerstandener Debuff,Affaiblissement résisté,Debilitación Resistida,Debuff Resistido,Сопротивление дебаффу,Debuff Resistito,抵抗減益,抵抗减益,저항된 디버프,Odporność na Osłabienie,Опір дебафу,Weerstane Verzwakking,Dirence Gösterilen Zayıflatma
L_B_DEBUFF_GAINED,"1 = creature name, 2 = debuff name",{1} debuffed: {2},{1}デバフ効果: {2},{1} geschwächt: {2},{1} affaibli : {2},{1} debilitado: {2},{1} debilitado: {2},{1} ослаблен: {2},{1} debuffato: {2},{1} 受到減益：{2},{1}被施加减益：{2},{1} 디버프 적용: {2},{1} osłabiony: {2},{1} послаблено: {2},{1} verzwakt: {2},{1} zayıflatıldı: {2}
L_B_MINIMUM_ATTACK,,{L_ATTACK} at\nMinimum,{L_ATTACK} で\n最小値,{L_ATTACK} auf\nMinimum,{L_ATTACK} au\nMinimum,{L_ATTACK} al\nMínimo,{L_ATTACK} no\nMínimo,{L_ATTACK} на\nМинимуме,{L_ATTACK} al\nMinimo,{L_ATTACK} 於\n最低值,{L_ATTACK}处于\n最小值,{L_ATTACK} 최소치에서,{L_ATTACK} na\nMinimum,{L_ATTACK} на\nМінімум,{L_ATTACK} op\nMinimum,{L_ATTACK} ile\nMinimum
L_B_MINIMUM_INTELLIGENCE,,{L_INTELLIGENCE} at\nMinimum,{L_INTELLIGENCE} 最低値,{L_INTELLIGENCE} bei\nMinimum,{L_INTELLIGENCE} au\nMinimum,{L_INTELLIGENCE} al\nMínimo,{L_INTELLIGENCE} no\nMínimo,{L_INTELLIGENCE} на\nМинимуме,{L_INTELLIGENCE} al\nMinimo,{L_INTELLIGENCE} 達到\n最低值,{L_INTELLIGENCE}处于\n最小值,{L_INTELLIGENCE} 최소치에서,{L_INTELLIGENCE} na\nMinimum,{L_INTELLIGENCE} на\nМінімум,{L_INTELLIGENCE} op\nMinimum,{L_INTELLIGENCE} zekâ\nMinimum
L_B_MINIMUM_DEFENSE,,{L_DEFENSE} at\nMinimum,{L_DEFENSE} 最低値,{L_DEFENSE} am\nMinimum,{L_DEFENSE} au\nMinimum,{L_DEFENSE} al\nMínimo,{L_DEFENSE} no\nMínimo,{L_DEFENSE} на\nминимуме,{L_DEFENSE} al\nMinimo,{L_DEFENSE} 處於\n最低值,{L_DEFENSE}处于\n最小值,{L_DEFENSE} 최소치에서,{L_DEFENSE} na\nMinimum,{L_DEFENSE} на\nмінімумі,{L_DEFENSE} op\nMinimum,{L_DEFENSE} at\nMinimum
L_B_MINIMUM_SPEED,,{L_SPEED} at\nMinimum,{L_SPEED} で\n最小値,{L_SPEED} auf\nMinimum,{L_SPEED} au\nMinimum,{L_SPEED} al\nMínimo,{L_SPEED} no\nMínimo,{L_SPEED} на\nМинимуме,{L_SPEED} al\nMinimo,{L_SPEED} 處於\n最低值,{L_SPEED}处于\n最小值,{L_SPEED} 최소치에서,{L_SPEED} na\nMinimum,{L_SPEED} на\nмінімумі,{L_SPEED} op\nMinimum,{L_SPEED} at\nMinimum
L_B_MINIMUM_MAXHEALTH,,{L_MAXHEALTH} at\nMinimum,{L_MAXHEALTH} の\n最低値,{L_MAXHEALTH} bei\nMinimum,{L_MAXHEALTH} au\nMinimum,{L_MAXHEALTH} al\nMínimo,{L_MAXHEALTH} no\nMínimo,{L_MAXHEALTH} при\nМинимуме,{L_MAXHEALTH} al\nMinimo,{L_MAXHEALTH} 於\n最低值,{L_MAXHEALTH}处于\n最小值,{L_MAXHEALTH} 최소치에서,{L_MAXHEALTH} na\nMinimum,{L_MAXHEALTH} при\nМінімумі,{L_MAXHEALTH} op\nMinimum,{L_MAXHEALTH} at\nMinimum
L_B_GAIN_TRAIT,"1 = creature name, 2 = trait name",{1} gained trait: {2}.,{1}は特性を獲得した：{2}。,{1} erhielt Merkmal: {2}.,{1} a obtenu le trait : {2}.,{1} ganó rasgo: {2}.,{1} ganhou característica: {2}.,{1} получил(а) особенность: {2}.,{1} ha ottenuto il tratto: {2}.,{1}獲得特質：{2}。,{1}获得特性：{2}。,{1}(이)가 특성을 획득했습니다: {2}.,{1} zyskał(a) cechę: {2}.,{1} отримав рису: {2}.,{1} heeft eigenschap verworven: {2}.,{1} özellik kazandı: {2}.
L_B_GAIN_TRAIT_FLOAT,1 = trait name,Gained Trait:\n{1},特性を獲得:\n{1},"Merkmal erhalten:
{1}",Trait obtenu :\n{1},Rasgo obtenido:\n{1},Traço Adquirido:\n{1},Получена черта:\n{1},Tratto Ottenuto:\n{1},獲得特質：\n{1},获得特性：\n{1},획득한 특성:\n{1},Zdobyta Cecha:\n{1},Отримано рису:\n{1},Eigenschap verkregen:\n{1},Kazanılan Özellik:\n{1}
L_B_GAIN_GEM,"1 = creature name, 2 = gem name",{1} gained gem: {2}.,{1}は宝石を獲得した：{2}。,{1} erhielt Zauberstein: {2}.,{1} a obtenu une gemme : {2}.,{1} obtuvo gema: {2}.,{1} ganhou gema: {2}.,{1} получил самоцвет: {2}.,{1} ha ottenuto gemma: {2}.,{1} 獲得寶石：{2}。,{1}获得宝石：{2}。,{1}님이 보석을 획득했습니다: {2}.,{1} zdobył klejnot: {2}.,{1} отримав дорогоцінний камінь: {2}.,{1} heeft edelsteen verkregen: {2}.,{1} değerli taş kazandı: {2}.
L_B_GAIN_GEM_FLOAT,1 = gem name,Gained Gem:\n{1},宝石を獲得:\n{1},Zauberstein erhalten:\n{1},Gemme obtenue :\n{1},Gema obtenida:\n{1},Gema Obtida:\n{1},Получен самоцвет:\n{1},Gemma ottenuta:\n{1},獲得寶石：\n{1},获得宝石：\n{1},획득한 보석:\n{1},Zdobyto Klejnot:\n{1},Отримано самоцвіт:\n{1},Verkregen Edelsteen:\n{1},Kazanılan Taş:\n{1}
L_B_TRAIT_DISABLED,,Trait\nDisabled,特性\n無効,Merkmal\nDeaktiviert,Trait\nDésactivé,Rasgo\nDesactivado,Característica\nDesativada,Черта\nОтключено,Tratto\nDisabilitato,特質\n已停用,特性\n已禁用,특성\n비활성화됨,Cecha\nWyłączona,Риса\nВимкнено,Eigenschap\nUitgeschakeld,Özellik\nDevre Dışı
L_B_BARRIER_POTENCY,,More Barrier\nPotency,バリア強化\n効力,Mehr Barriere\nWirksamkeit,Plus de Barrière\nPuissance,Más Barrera\nPotencia,Mais Barreira\nPotência,Больше Барьера\nМощность,Più Barriera\nPotenza,更多護盾\n效能,屏障效能\n增加,더 강한 방벽\n효능,Większa Bariera\nMoc,Більше Бар'єру\nПотужність,Meer Barrière\nKracht,Daha Fazla Bariyer\nGüç
L_B_TOO_MANY_TRAITS,1 = creature name,{1} has too many traits.,{1}の特性が多すぎます。,{1} hat zu viele Merkmale.,{1} a trop de traits.,{1} tiene demasiados rasgos.,{1} tem muitos traços.,{1} имеет слишком много черт.,{1} ha troppi tratti.,{1}的特質過多。,{1}有太多特性了。,{1}의 특성이 너무 많습니다.,{1} ma zbyt wiele cech.,{1} має забагато рис.,{1} heeft te veel eigenschappen.,{1} çok fazla özelliğe sahip.
L_B_TOO_MANY_GEMS,,Too Many\nGems,宝石が\n多すぎる,"Zu viele
Zaubersteine",Trop de\nGemmes,Demasiadas\nGemas,Gemas\nDemais,Слишком Много\nСамоцветов,Troppe\nGemme,太多\n寶石,太多\n宝石,너무 많은\n보석,Za Dużo\nKlejnotów,Забагато\nСамоцвітів,Te Veel\nEdelstenen,Çok Fazla\nMücevher
L_B_BOSS_IMMUNE,,Immune!\n(Boss),無効！\n(ボス),Immun!\n(Boss),Immunisé !\n(Boss),¡Inmune!\n(Jefe),Imune!\n(Chefe),Иммунитет!\n(Босс),Immune!\n(Boss),免疫！\n（首領）,免疫！\n（首领）,면역!\n(보스),Odporny!\n(Boss),Імунітет!\n(Бос),Immuun!\n(Baas),Bağışık!\n(Boss)
L_B_MSG_LISTER_VICTORY,,Lister: Oi! Oi'm gettin' toired o' all this nonsense. It's abaaht toim oi retoire for the evenin'. G'naaht!,リスター：おい！こんなバカげたことにはうんざりだぜ。そろそろ今夜は引き上げる時間だな。おやすみよ！,"Lister: Hoi! Isch werd' langsam müd' von dem janzen Quatsch. Es is' höchste Zeit, dass isch misch für'n Abend zurückzieh'. N'Acht!",Lister : Hé ! J'commence à en avoir marre d'toutes ces bêtises. Il est grand temps qu'j'me retire pour la soirée. Bonne nuit !,Lister: ¡Eh! Me estoy cansando de todas estas tonterías. Ya es hora de que me retire por esta noche. ¡Buenas noches!,Lister: Ei! Tô ficando cansado de toda essa bobagem. Tá na hora de eu me recolher pra noite. Boa noite!,Листер: Эй! Я устал от всей этой ерунды. Пора мне на вечер удалиться. Спокойной ночи!,Lister: Ehi! Mi sto stancando di tutte queste sciocchezze. È ora che mi ritiri per la serata. 'Notte!,李斯特：喂！我對這些胡鬧已經感到厭煩了。是時候我該休息一晚了。晚安！,利斯特：诶哟！偶也烦透这些乱七八糟的事啦。偶也该收工咧。晚安咯！,리스터: 이봐! 이 말도 안 되는 일에 지쳐가고 있다고. 이제 저녁을 위해 물러날 시간이야. 잘 자!,"Lister: Ej! Mam już dość tych bzdur. Najwyższa pora, żebym się na noc wycofał. Dobranoc!","Лістер: Гей! Я вже втомився від усього цього безглуздя. Мабуть, час мені відпочити на вечір. На добраніч!","Lister: Hé! Ik word het zat, al deze onzin. Het wordt tijd dat ik me voor de avond terugtrek. Welterusten!",Lister: Hey! Tüm bu saçmalıklardan bıktım usandım. Akşam için çekilme vaktim geldi. İyi geceler!
L_B_MSG_JOTUN_VICTORY,,Jotun: Enough of this! I grow tired of swatting these insignificant insects. Take your reward and begone from here.,ヨトゥン：もう十分だ！このつまらない虫けらを叩き潰すのにも飽きた。報酬を受け取って、さっさとここから出て行け。,"Jotun: Genug davon! Ich bin es leid, diese unbedeutenden Insekten zu erschlagen. Nehmt eure Belohnung und verschwindet von hier.",Jotun : Assez ! Je me lasse de chasser ces insectes insignifiants. Prenez votre récompense et disparaissez d'ici.,Jotun: ¡Basta ya! Me cansa aplastar a estos insectos insignificantes. Toma tu recompensa y lárgate de aquí.,Jotun: Chega disso! Estou cansado de esmagar esses insetos insignificantes. Peguem sua recompensa e sumam daqui.,Йотун: Довольно! Мне надоело отмахиваться от этих ничтожных насекомых. Забирайте свою награду и убирайтесь отсюда.,Jotun: Basta così! Sono stanco di schiacciare questi insetti insignificanti. Prendete la vostra ricompensa e andatevene da qui.,約頓：夠了！我厭倦了拍打這些微不足道的蟲子。拿走你的獎賞，然後從這裡滾開。,约顿：够了！我厌倦了拍打这些微不足道的虫子。拿上你的奖励从这里离开。,요툰: 이제 그만! 이 하찮은 벌레들을 때려잡는 데 지쳤다. 네 보상을 가지고 여기서 사라져라.,Jotun: Wystarczy tego! Męczy mnie już odganianie tych nieznaczących insektów. Weźcie swoją nagrodę i wynoście się stąd.,Йотун: Досить цього! Мені набридло відмахуватися від цих нікчемних комах. Беріть свою нагороду і забирайтеся звідси.,Jotun: Genoeg hiervan! Ik ben het zat om deze onbeduidende insecten weg te slaan. Neem je beloning en verdwijn van hier.,Jotun: Yeter artık! Bu önemsiz böcekleri ezmekten bıktım. Ödülünü al ve buradan defol.
L_B_MISC_NEMESIS,"1 = affix name, 2 = affix description",{1} (Nemesis): {2},{1} (ネメシス): {2},{1} (Nemesis): {2},{1} (Némésis): {2},{1} (Némesis): {2},{1} (Nêmesis): {2},{1} (Немезида): {2},{1} (Nemesis): {2},{1} (宿敵): {2},{1}（宿敌）：{2},{1} (네메시스): {2},{1} (Nemezis): {2},{1} (Немезида): {2},{1} (Nemesis): {2},{1} (Nemesis): {2}
L_B_MISC_ENEMIESFUSED,,Enemies Are Fused,敵が融合した,Gegner sind verschmolzen,Les Ennemis Sont Fusionnés,Los Enemigos Están Fusionados,Inimigos Estão Fundidos,Враги Слились,I nemici sono fusi,敵人已融合,敌人已融合,적들이 융합되었다,Wrogowie Są Połączeni,Вороги Об'єднані,Vijanden Zijn Gefuseerd,Düşmanlar Birleştirildi
L_B_MISC_NETHERBOSS,1 = boss name,Nether Boss: {1},ネザーボス: {1},Nether Boss: {1},Patron du Néant : {1},Jefe del Inframundo: {1},Chefe do Nether: {1},Босс Нижнего мира: {1},Nether Boss: {1},冥界首領：{1},下界首领：{1},네더 보스: {1},Nether Boss: {1},Пекельний Бос: {1},Nether Baas: {1},Yeraltı Patronu: {1}
L_B_MISC_REALMPROPERTIES,,Realm Properties,領域の特性,Reichseigenschaften,Propriétés du Royaume,Propiedades del Reino,Propriedades do Reino,Свойства Мира,Proprietà del Reame,領域屬性,领域词条,영역 속성,Właściwości Krainy,Властивості Світу,Rijkeigenschappen,Diyar Özellikleri
L_B_VERTRAAG_TIME1,Each of the following messages serves as a countdown before the player's party is wiped out.,"Vertraag, God of Time: Tick-tock, tick-tock…",ヴェルトラーグ、時の神：チックタック、チックタック…,"Vertraag, Gott der Zeit: Tick-tack, tick-tack…","Vertraag, Dieu du Temps : Tic-tac, tic-tac...","Vertraag, Dios del Tiempo: Tic-tac, tic-tac...","Vertraag, Deus do Tempo: Tique-taque, tique-taque...","Вертрааг, Бог Времени: Тик-так, тик-так…","Vertraag, Dio del Tempo: Tic-tac, tic-tac...",維特拉格，時間之神：滴答，滴答……,时间之神维特拉戈：滴答，滴答……,"베르트라그, 시간의 신: 똑딱, 똑딱…","Vertraag, Bóg Czasu: Tik-tak, tik-tak...","Вертрааг, Бог Часу: Тік-так, тік-так...","Vertraag, God van de Tijd: Tik-tak, tik-tak...","Vertraag, Zaman Tanrısı: Tik-tak, tik-tak..."
L_B_VERTRAAG_TIME2,,"Vertraag, God of Time: Life is far too short, isn't it?",ヴェルトラーグ、時の神：人生は短すぎるものだな？,"Vertraag, Gott der Zeit: Das Leben ist viel zu kurz, nicht wahr?","Vertraag, Dieu du Temps : La vie est bien trop courte, n'est-ce pas ?","Vertraag, Dios del Tiempo: La vida es demasiado corta, ¿no es así?","Vertraag, Deus do Tempo: A vida é curta demais, não é?","Вертрааг, Бог Времени: Жизнь слишком коротка, не так ли?","Vertraag, Dio del Tempo: La vita è davvero troppo breve, non è vero?",維特拉格，時間之神：生命實在太短暫了，不是嗎？,时间之神维特拉戈：生命实在太短暂了，不是吗？,"베르트라그, 시간의 신: 인생은 너무나 짧지, 그렇지 않나?","Vertraag, Bóg Czasu: Życie jest zdecydowanie zbyt krótkie, nieprawdaż?","Вертрааг, Бог Часу: Життя надто коротке, чи не так?","Vertraag, God van de Tijd: Het leven is veel te kort, nietwaar?","Vertraag, Zaman Tanrısı: Hayat çok kısa, değil mi?"
L_B_VERTRAAG_TIME3,,"Vertraag, God of Time: I'm afraid your time has come!",ヴェルトラーグ、時の神：残念だが、お前の時は来てしまった！,"Vertraag, Gott der Zeit: Ich fürchte, deine Zeit ist gekommen!","Vertraag, Dieu du Temps : J'ai bien peur que ton heure soit venue !","Vertraag, Dios del Tiempo: ¡Me temo que tu hora ha llegado!","Vertraag, Deus do Tempo: Receio que sua hora tenha chegado!","Вертрааг, Бог Времени: Боюсь, твое время пришло!","Vertraag, Dio del Tempo: Temo che il tuo tempo sia giunto!",維特拉格，時間之神：恐怕你的時間到了！,时间之神维特拉戈：恐怕你的时间到了！,"베르트라그, 시간의 신: 유감이지만 네 시간은 다 되었다!","Vertraag, Bóg Czasu: Obawiam się, że twój czas dobiegł końca!","Вертрааг, Бог Часу: Боюся, твій час настав!","Vertraag, God van de Tijd: Ik vrees dat je tijd gekomen is!","Vertraag, Zaman Tanrısı: Korkarım zamanın geldi!"
L_B_CALIBAN1,,"BEGONE, NON-BELIEVER.",消え失せろ、不信心者め。,"VERSCHWINDE, UNGLÄUBIGER.","DISPARAIS, MÉCRÉANT.","LARGO DE AQUÍ, INCRÉDULO.","DESAPAREÇA, DESCRENTE.","ПРОЧЬ, НЕВЕРУЮЩИЙ.","SPARISCI, MISCREDENTE.",走開，不信者。,走。开。，无。信。者。。,"사라져라, 불신자여.","PRECZ, NIEWIERNY.","ЗГИНЬ, НЕВІРНИЙ.","VERDWIJN, ONGELOVIGE.","DEFOL, İNANMAYAN."
L_B_CALIBAN2,,I WILL NOT GO DOWN SO EASILY.,私はそう簡単には倒れない。,ICH WERDE NICHT SO LEICHT UNTERGEHEN.,JE NE TOMBERAI PAS SI FACILEMENT.,NO CAERE TAN FÁCILMENTE.,EU NÃO CAIREI TÃO FACILMENTE.,Я НЕ СДАМСЯ ТАК ПРОСТО.,NON CADRÒ COSÌ FACILMENTE.,我不會這麼容易倒下。,我。不。会。这。么。轻。易。倒。下。。,나는 그렇게 쉽게 쓰러지지 않을 것이다.,NIE PODDAM SIĘ TAK ŁATWO.,Я НЕ ЗДАМСЯ ТАК ПРОСТО.,IK ZAL NIET ZO GEMAKKELIJK TEN ONDER GAAN.,KOLAY KOLAY YENİLMEYECEĞİM.
L_B_MSG_SELECTACTION,,It is your {1}'s turn. Select an action.,{1}の番です。アクションを選択してください。,Es ist der Zug deines {1}. Wähle eine Aktion.,C'est au tour de votre {1}. Sélectionnez une action.,Es el turno de tu {1}. Selecciona una acción.,É a vez do seu {1}. Selecione uma ação.,Ход вашего {1}. Выберите действие.,È il turno del tuo {1}. Seleziona un'azione.,輪到你的{1}行動了。請選擇一個動作。,轮到你的{1}了。选择一个行动。,{1}의 차례입니다. 행동을 선택하세요.,To jest tura twojego {1}. Wybierz akcję.,Хід вашого {1}. Оберіть дію.,Het is de beurt van je {1}. Selecteer een actie.,{1}'nin sırası. Bir eylem seç.
L_B_MSG_MACROFAILED,1 = creature name,Your {1}'s macro did not match any criteria. Select an action.,マクロの{1}はどの条件にも一致しませんでした。アクションを選択してください。,Dein {1}-Makro entsprach keinen Kriterien. Wähle eine Aktion.,Votre macro de {1} ne correspond à aucun critère. Sélectionnez une action.,Tu macro de {1} no coincidió con ningún criterio. Selecciona una acción.,Sua macro de {1} não correspondeu a nenhum critério. Selecione uma ação.,Макрос вашего {1} не соответствует ни одному критерию. Выберите действие.,Il macro del tuo {1} non ha soddisfatto alcun criterio. Seleziona un'azione.,你的{1}巨集不符合任何條件。請選擇一個動作。,你的{1}的宏不符合任何条件。选择一个行动。,당신의 {1}의 매크로가 어떤 조건과도 일치하지 않았습니다. 행동을 선택하세요.,Makro twojego {1} nie spełniło żadnych kryteriów. Wybierz działanie.,Макрос вашого {1} не відповідає жодним критеріям. Оберіть дію.,Je {1}'s macro voldeed aan geen enkel criterium. Selecteer een actie.,{1}'ın makrosu hiçbir kritere uymadı. Bir eylem seçin.
L_B_MSG_NOATTACK_SCORN,1 = creature name,Your {1} cannot attack while it is afflicted with {CONDNAME_DEBUFF_SCORN}.,{1}は{CONDNAME_DEBUFF_SCORN}の影響を受けている間、攻撃することができません。,"Dein {1} kann nicht angreifen, während es von {CONDNAME_DEBUFF_SCORN} betroffen ist.",Votre {1} ne peut pas attaquer tant qu'il est affligé par {CONDNAME_DEBUFF_SCORN}.,Tu {1} no puede atacar mientras esté afligido con {CONDNAME_DEBUFF_SCORN}.,Seu {1} não pode atacar enquanto estiver afligido com {CONDNAME_DEBUFF_SCORN}.,"Ваш {1} не может атаковать, пока на него действует {CONDNAME_DEBUFF_SCORN}.",Il tuo {1} non può attaccare mentre è afflitto da {CONDNAME_DEBUFF_SCORN}.,你的{1}在受到{CONDNAME_DEBUFF_SCORN}影響時無法攻擊。,你的{1}在带有{CONDNAME_DEBUFF_SCORN}时无法攻击。,당신의 {1}은(는) {CONDNAME_DEBUFF_SCORN} 상태에 걸려 있는 동안 공격할 수 없습니다.,"Twój {1} nie może atakować, gdy jest dotknięty {CONDNAME_DEBUFF_SCORN}.","Ваш {1} не може атакувати, поки він уражений {CONDNAME_DEBUFF_SCORN}.",Je {1} kan niet aanvallen zolang het getroffen is door {CONDNAME_DEBUFF_SCORN}.,{1} {CONDNAME_DEBUFF_SCORN} etkisi altındayken saldıramaz.
L_B_MSG_NOATTACK_TARTARITH,1 = creature name,Your {1} cannot attack because {GOD_DUNGEON} is preventing it from doing so.,あなたの{1}は{GOD_DUNGEON}に攻撃を阻まれているため、攻撃できません。,"Dein {1} kann nicht angreifen, weil {GOD_DUNGEON} es daran hindert.",Votre {1} ne peut pas attaquer car {GOD_DUNGEON} l'en empêche.,Tu {1} no puede atacar porque {GOD_DUNGEON} se lo está impidiendo.,Seu {1} não pode atacar porque {GOD_DUNGEON} está impedindo-o de fazê-lo.,"Ваш {1} не может атаковать, потому что {GOD_DUNGEON} не позволяет ему это сделать.",Il tuo {1} non può attaccare perché {GOD_DUNGEON} lo sta impedendo.,你的{1}無法攻擊，因為{GOD_DUNGEON}阻止了它的攻擊。,你的{1}无法攻击，因为{GOD_DUNGEON}正在阻止它这样做。,{1}은(는) {GOD_DUNGEON}이(가) 공격을 막고 있어 공격할 수 없습니다.,"Twój {1} nie może atakować, ponieważ {GOD_DUNGEON} uniemożliwia mu to.","Ваш {1} не може атакувати, оскільки {GOD_DUNGEON} не дозволяє йому це зробити.",Je {1} kan niet aanvallen omdat {GOD_DUNGEON} dit verhindert.,{1} saldıramaz çünkü {GOD_DUNGEON} bunu yapmasını engelliyor.
L_B_MSG_NOATTACK_ANOTHERMANSTRASH,1 = creature name,"Your {1} cannot manually perform actions because it has the ""Another Man's Trash"" trait.",あなたの{1}は「他人のゴミ」特性を持っているため、手動でアクションを実行できません。,"Dein {1} kann keine Aktionen manuell ausführen, da es das Merkmal „Eines anderen Mannes Müll“ besitzt.","Votre {1} ne peut pas effectuer d\'actions manuellement car il possède le trait ""Déchet d\'un Autre"".","Tu {1} no puede realizar acciones manualmente porque tiene el rasgo ""Basura de Otro Hombre"".","Seu {1} não pode realizar ações manualmente porque tem o traço ""Lixo de Outro Homem"".","Ваш {1} не может вручную выполнять действия, так как имеет особенность ""Чужой мусор"".","Il tuo {1} non può eseguire azioni manualmente perché ha il tratto ""Spazzatura Altrui"".",你的{1}因為擁有「他人的垃圾」特質，無法手動執行動作。,"由于拥有""他人的垃圾""特性，你的{1}无法手动行动。","당신의 {1}은(는) ""다른 이의 쓰레기"" 특성을 가지고 있어 수동으로 행동을 수행할 수 없습니다.","Twój {1} nie może ręcznie wykonywać działań, ponieważ posiada cechę ""Śmieci innego człowieka"".","Ваш {1} не може вручну виконувати дії, оскільки має рису ""Чуже сміття"".","Je {1} kan niet handmatig acties uitvoeren omdat het de eigenschap ""Andermans Afval"" heeft.","{1} ""Başkasının Çöpü"" özelliğine sahip olduğu için manuel olarak eylem gerçekleştiremez."
L_B_MSG_NODEFEND_REALM,1 = creature name,A realm property is preventing your {1} from manually defending.,領域特性により、{1}が手動で防御することができません。,"Eine Reichseigenschaft verhindert, dass dein {1} manuell verteidigt.",Une propriété du royaume empêche votre {1} de défendre manuellement.,Una propiedad del reino está impidiendo que tu {1} defienda manualmente.,Uma propriedade do reino está impedindo seu {1} de defender manualmente.,Свойство области не позволяет вашему {1} защищаться вручную.,Una proprietà del regno sta impedendo al tuo {1} di difendere manualmente.,一個領域屬性正在阻止你的{1}進行手動防禦。,一个领域词条正在阻止你的{1}手动防御。,영역 속성으로 인해 {1}이(가) 수동으로 방어할 수 없습니다.,Właściwość krainy uniemożliwia twojemu {1} ręczną obronę.,Властивість області перешкоджає вашому {1} захищатися вручну.,Een rijkeigenschap voorkomt dat je {1} handmatig kan verdedigen.,Bir diyar özelliği {1} biriminizin manuel savunma yapmasını engelliyor.
L_B_MSG_NOPROVOKE_REALM,1 = creature name,A realm property is preventing your {1} from manually provoking.,領域特性により、{1}が手動で挑発することができません。,"Eine Reichseigenschaft verhindert, dass dein {1} manuell provoziert.",Une propriété du royaume empêche votre {1} de provoquer manuellement.,Una propiedad del reino está impidiendo que tu {1} provoque manualmente.,Uma propriedade do reino está impedindo seu {1} de provocar manualmente.,Свойство области не позволяет вашему {1} провоцировать вручную.,Una proprietà del reame sta impedendo al tuo {1} di provocare manualmente.,一個領域特性正在阻止你的{1}手動挑釁。,一个领域词条正在阻止你的{1}手动挑衅。,영역 속성으로 인해 {1}이(가) 수동으로 도발할 수 없습니다.,Właściwość krainy uniemożliwia twojemu {1} ręczne prowokowanie.,Властивість області перешкоджає вашому {1} провокувати вручну.,Een rijkeigenschap voorkomt dat je {1} handmatig provoceert.,Bir diyar özelliği {1} biriminizin manuel olarak kışkırtmasını engelliyor.
L_B_MSG_NOCAST_SILENCE,1 = creature name,Your {1} cannot cast spells while it is afflicted with {CONDNAME_DEBUFF_SILENCE}.,{1}は{CONDNAME_DEBUFF_SILENCE}の状態異常にかかっている間、呪文を唱えることができません。,"Dein {1} kann keine Zauber wirken, während es von {CONDNAME_DEBUFF_SILENCE} betroffen ist.",Votre {1} ne peut pas lancer de sorts lorsqu'il est affligé par {CONDNAME_DEBUFF_SILENCE}.,Tu {1} no puede lanzar hechizos mientras está afectado por {CONDNAME_DEBUFF_SILENCE}.,Seu {1} não pode lançar magias enquanto estiver afligido com {CONDNAME_DEBUFF_SILENCE}.,"Ваш {1} не может произносить заклинания, пока на него действует {CONDNAME_DEBUFF_SILENCE}.",Il tuo {1} non può lanciare incantesimi mentre è afflitto da {CONDNAME_DEBUFF_SILENCE}.,你的{1}在受到{CONDNAME_DEBUFF_SILENCE}影響時無法施放法術。,你的{1}在带有{CONDNAME_DEBUFF_SILENCE}时无法施放法术。,당신의 {1}은(는) {CONDNAME_DEBUFF_SILENCE} 상태에 걸려 있는 동안 주문을 시전할 수 없습니다.,"Twój {1} nie może rzucać zaklęć, gdy jest dotknięty {CONDNAME_DEBUFF_SILENCE}.","Ваш {1} не може читати заклинання, поки на нього діє {CONDNAME_DEBUFF_SILENCE}.",Je {1} kan geen spreuken uitspreken terwijl het getroffen is door {CONDNAME_DEBUFF_SILENCE}.,{1} büyü yapamaz çünkü {CONDNAME_DEBUFF_SILENCE} etkisi altında.
L_B_MSG_NOCAST_TARTARITH,1 = creature name,Your {1} cannot cast spells because {GOD_DUNGEON} is preventing it from doing so.,あなたの{1}は{GOD_DUNGEON}によって妨げられているため、呪文を唱えることができません。,"Dein {1} kann keine Zauber wirken, weil {GOD_DUNGEON} es daran hindert.",Votre {1} ne peut pas lancer de sorts car {GOD_DUNGEON} l'en empêche.,Tu {1} no puede lanzar hechizos porque {GOD_DUNGEON} se lo impide.,Seu {1} não pode lançar magias porque {GOD_DUNGEON} está impedindo que o faça.,"Ваш {1} не может творить заклинания, потому что {GOD_DUNGEON} препятствует этому.",Il tuo {1} non può lanciare incantesimi perché {GOD_DUNGEON} lo sta impedendo.,你的{1}無法施放法術，因為{GOD_DUNGEON}正在阻止它這麼做。,你的{1}无法施放法术，因为{GOD_DUNGEON}正在阻止它这样做。,당신의 {1}은(는) {GOD_DUNGEON}이(가) 주문 시전을 막고 있어 주문을 시전할 수 없습니다.,"Twój {1} nie może rzucać zaklęć, ponieważ {GOD_DUNGEON} uniemożliwia mu to.","Ваш {1} не може творити закляття, оскільки {GOD_DUNGEON} перешкоджає цьому.",Je {1} kan geen spreuken uitspreken omdat {GOD_DUNGEON} dit verhindert.,{1} büyü yapamaz çünkü {GOD_DUNGEON} bunu yapmasını engelliyor.
L_B_MSG_NOCAST_GONFURIAN,1 = creature name,Your {1} cannot cast spells because {GOD_FOREIGNKINGDOM} is preventing it from doing so.,あなたの{1}は{GOD_FOREIGNKINGDOM}によって妨げられているため、呪文を唱えることができません。,"Dein {1} kann keine Zauber wirken, weil {GOD_FOREIGNKINGDOM} es daran hindert.",Votre {1} ne peut pas lancer de sorts car {GOD_FOREIGNKINGDOM} l'en empêche.,Tu {1} no puede lanzar hechizos porque {GOD_FOREIGNKINGDOM} se lo está impidiendo.,Seu {1} não pode lançar magias porque {GOD_FOREIGNKINGDOM} está impedindo que o faça.,"Ваш {1} не может творить заклинания, потому что {GOD_FOREIGNKINGDOM} не позволяет это делать.",Il tuo {1} non può lanciare incantesimi perché {GOD_FOREIGNKINGDOM} glielo impedisce.,你的{1}無法施放法術，因為{GOD_FOREIGNKINGDOM}正在阻止它這麼做。,你的{1}无法施放法术，因为{GOD_FOREIGNKINGDOM}正在阻止它这样做。,당신의 {1}은(는) {GOD_FOREIGNKINGDOM}이(가) 주문 시전을 막고 있어 주문을 시전할 수 없습니다.,"Twój {1} nie może rzucać zaklęć, ponieważ {GOD_FOREIGNKINGDOM} uniemożliwia mu to.","Ваш {1} не може творити закляття, бо {GOD_FOREIGNKINGDOM} не дозволяє цього робити.",Je {1} kan geen spreuken uitspreken omdat {GOD_FOREIGNKINGDOM} dit verhindert.,{1} büyü yapamıyor çünkü {GOD_FOREIGNKINGDOM} bunu yapmasını engelliyor.
L_B_MSG_NOCAST_TRAIT,1 = creature name,Your {1} cannot cast spells manually because its trait prevents it from doing so.,あなたの{1}は、その特性により呪文を手動で唱えることができません。,"Dein {1} kann keine Zauber manuell wirken, da sein Merkmal es daran hindert.",Votre {1} ne peut pas lancer de sorts manuellement car son trait l'en empêche.,Tu {1} no puede lanzar hechizos manualmente porque su rasgo se lo impide.,Seu {1} não pode lançar magias manualmente porque sua característica o impede de fazê-lo.,"Ваш {1} не может произносить заклинания вручную, поскольку его особенность не позволяет ему это делать.",Il tuo {1} non può lanciare incantesimi manualmente perché il suo tratto glielo impedisce.,你的{1}無法手動施放法術，因為其特性阻止了它這樣做。,你的{1}无法手动施放法术，因为其特性正在阻止它这样做。,당신의 {1}은(는) 특성으로 인해 주문을 수동으로 시전할 수 없습니다.,"Twój {1} nie może rzucać zaklęć ręcznie, ponieważ jego cecha uniemożliwia mu to.","Ваш {1} не може вручну використовувати заклинання, оскільки його особливість не дозволяє цього робити.",Je {1} kan geen spreuken handmatig uitspreken omdat zijn eigenschap dit verhindert.,{1} özelliği bunu yapmasını engellediği için büyüleri manuel olarak kullanamaz.
L_B_MSG_NOCAST_REALM,1 = creature name,A realm property is preventing your {1} from manually defending.,領域特性により、{1}が手動で防御することができません。,"Eine Reichseigenschaft verhindert, dass dein {1} manuell Zauber wirkt.",Une propriété du royaume empêche votre {1} de défendre manuellement.,Una propiedad del reino está impidiendo que tu {1} defienda manualmente.,Uma propriedade do reino está impedindo seu {1} de defender manualmente.,Свойство области не позволяет вашему {1} защищаться вручную.,Una proprietà del regno sta impedendo al tuo {1} di difendere manualmente.,一個領域屬性正在阻止你的{1}進行手動防禦。,一个领域词条正在阻止你的{1}手动防御。,영역 속성으로 인해 {1}이(가) 수동으로 방어할 수 없습니다.,Właściwość krainy uniemożliwia twojemu {1} ręczną obronę.,Властивість області перешкоджає вашому {1} захищатися вручну.,Een rijkeigenschap voorkomt dat je {1} handmatig kan verdedigen.,Bir diyar özelliği {1} biriminizin manuel savunma yapmasını engelliyor.
L_B_MSG_NOCAST_POWERFULDRAW,1 = creature name,Your {1} cannot cast spells (other than Arrow spells) manually because its trait prevents it from doing so.,あなたの{1}は特性により（アロー呪文以外の）呪文を手動で唱えることができません。,"Dein {1} kann keine Zauber (außer Pfeilzauber) manuell wirken, da sein Merkmal es daran hindert.",Votre {1} ne peut pas lancer de sorts (autres que les sorts de Flèche) manuellement car son trait l'en empêche.,Tu {1} no puede lanzar hechizos (excepto hechizos de Flecha) manualmente porque su rasgo se lo impide.,Seu {1} não pode lançar magias (exceto magias de Flecha) manualmente porque sua característica o impede de fazer isso.,"Ваш {1} не может произносить заклинания (кроме заклинаний Стрелы) вручную, поскольку его особенность не позволяет ему это делать.",Il tuo {1} non può lanciare incantesimi (tranne gli incantesimi Freccia) manualmente perché il suo tratto glielo impedisce.,你的{1}無法手動施放法術（除了箭矢法術外），因為其特性阻止了它這樣做。,你的{1}无法手动施放法术（除箭矢法术），因为其特性正在阻止它这样做。,당신의 {1}은(는) 특성으로 인해 수동으로 주문을 시전할 수 없습니다(화살 주문 제외).,"Twój {1} nie może rzucać zaklęć (innych niż zaklęcia Strzały) ręcznie, ponieważ jego cecha uniemożliwia mu to.","Ваш {1} не може вручну використовувати заклинання (окрім заклинань Стріли), оскільки його особливість не дозволяє цього робити.",Je {1} kan geen spreuken (behalve Pijlspreuken) handmatig uitvoeren omdat zijn eigenschap dit verhindert.,{1} özelliği bunu yapmasını engellediği için büyüleri (Ok büyüleri hariç) manuel olarak kullanamaz.
L_B_ACTIONLIMIT_ATTACKS,1 = creature name,{1} has already attacked too many times this turn.,{1}はこのターンですでに攻撃回数が多すぎます。,{1} hat in dieser Runde bereits zu oft angegriffen.,{1} a déjà attaqué trop de fois ce tour.,{1} ya ha atacado demasiadas veces en este turno.,{1} já atacou muitas vezes neste turno.,{1} уже атаковал слишком много раз в этот ход.,{1} ha già attaccato troppe volte in questo turno.,{1}在本回合已經攻擊太多次了。,{1}在本回合已经攻击过太多次了。,{1}은(는) 이번 턴에 이미 너무 많이 공격했습니다.,{1} zaatakował już zbyt wiele razy w tej turze.,{1} вже атакував забагато разів за цей хід.,{1} heeft deze beurt al te vaak aangevallen.,{1} bu turda çok fazla saldırı gerçekleştirdi.
L_B_ACTIONLIMIT_CASTS,1 = creature name,{1} has already cast too many times this turn.,{1}はこのターンですでに多くの詠唱を行っています。,{1} hat in diesem Zug bereits zu oft gezaubert.,{1} a déjà lancé trop de sorts ce tour-ci.,{1} ya ha lanzado demasiadas veces en este turno.,{1} já conjurou muitas vezes neste turno.,{1} уже слишком много раз колдовал в этот ход.,{1} ha già lanciato troppe volte in questo turno.,{1}在本回合已施放過太多次了。,{1}在本回合已经施法过太多次了。,{1}은(는) 이번 턴에 이미 너무 많이 시전했습니다.,{1} rzucił już zbyt wiele zaklęć w tej turze.,{1} вже використав забагато заклинань за цей хід.,{1} heeft deze beurt al te vaak gecast.,{1} bu turda çok fazla büyü yaptı.
L_B_ACTIONLIMIT_BUFFS,1 = creature name,{1} has already received too many buffs this turn.,{1}はこのターンですでに多すぎるバフを受けています。,{1} hat in dieser Runde bereits zu viele Buffs erhalten.,{1} a déjà reçu trop de bonus ce tour.,{1} ya ha recibido demasiados beneficios este turno.,{1} já recebeu muitos bônus neste turno.,{1} уже получил слишком много усилений в этом ходу.,{1} ha già ricevuto troppi potenziamenti in questo turno.,{1}在本回合已經獲得太多增益效果。,{1}在本回合已经获得了太多增益。,{1}은(는) 이번 턴에 이미 너무 많은 버프를 받았습니다.,{1} otrzymał już zbyt wiele wzmocnień w tej turze.,{1} вже отримав забагато підсилень у цьому ході.,{1} heeft deze beurt al te veel buffs ontvangen.,{1} bu turda zaten çok fazla güçlendirme aldı.
L_B_ACTIONLIMIT_DEBUFFS,1 = creature name,{1} has already received too many debuffs this turn.,{1}はこのターンですでに多すぎるデバフを受けています。,{1} hat in dieser Runde bereits zu viele Debuffs erhalten.,{1} a déjà reçu trop de débuffs ce tour.,{1} ya ha recibido demasiados perjuicios en este turno.,{1} já recebeu muitos debuffs neste turno.,{1} уже получил слишком много дебаффов в этом ходу.,{1} ha già ricevuto troppi debuff in questo turno.,{1}在本回合已經受到太多減益效果。,{1}在本回合已经获得了太多减益。,{1}은(는) 이번 턴에 이미 너무 많은 디버프를 받았습니다.,{1} otrzymał już zbyt wiele osłabień w tej turze.,{1} вже отримав забагато дебафів у цей хід.,{1} heeft deze beurt al te veel verzwakkingen ontvangen.,{1} bu turda zaten çok fazla zayıflatma etkisi aldı.
L_B_ACTIONLIMIT_MINIONS,1 = creature name,{1} has already received too many minions this turn.,{1}はこのターンですでに多すぎる手下を受け取っています。,{1} hat in diesem Zug bereits zu viele Diener erhalten.,{1} a déjà reçu trop de sbires ce tour.,{1} ya ha recibido demasiados esbirros este turno.,{1} já recebeu lacaios demais neste turno.,{1} уже получил слишком много миньонов в этом ходу.,{1} ha già ricevuto troppi servitori in questo turno.,{1}在本回合已經接收了太多的僕從。,{1}在本回合已经获得了太多仆从。,{1}은(는) 이번 턴에 이미 너무 많은 하수인을 받았습니다.,{1} otrzymał już zbyt wiele sługusów w tej turze.,{1} вже отримав забагато посіпак цього ходу.,{1} heeft deze beurt al te veel handlangers ontvangen.,{1} bu turda çok fazla yardakçı aldı.
L_B_ACTIONLIMIT_DAMAGE,1 = creature name,{1} has already been damaged too many times this turn.,{1}はこのターンですでに多くのダメージを受けています。,{1} hat in diesem Zug bereits zu oft Schaden erlitten.,{1} a déjà subi trop de dégâts durant ce tour.,{1} ya ha recibido demasiado daño en este turno.,{1} já sofreu danos muitas vezes neste turno.,{1} уже получил слишком много повреждений в этот ход.,{1} ha già subito troppi danni in questo turno.,{1}在本回合已經受到太多次傷害了。,{1}在本回合已经承受过太多次伤害了。,{1}은(는) 이번 턴에 이미 너무 많은 피해를 입었습니다.,{1} został już uszkodzony zbyt wiele razy w tej turze.,{1} вже отримав забагато пошкоджень у цей хід.,{1} heeft deze beurt al te veel schade opgelopen.,{1} bu turda zaten çok fazla hasar aldı.
L_B_ACTIONLIMIT_STATS,"1 = creature name, 2 = stat name",{1} has already gained {2} too many times this turn.,{1}はこのターンですでに{2}を獲得しすぎています。,{1} hat in diesem Zug bereits zu oft {2} erhalten.,{1} a déjà gagné {2} trop de fois ce tour.,{1} ya ha ganado {2} demasiadas veces en este turno.,{1} já ganhou {2} vezes demais neste turno.,{1} уже получил {2} слишком много раз за этот ход.,{1} ha già ottenuto {2} troppe volte in questo turno.,{1}在本回合已經獲得{2}太多次了。,{1}在本回合已经获得过太多次{2}了。,{1}(은)는 이번 턴에 이미 {2}(을)를 너무 많이 획득했습니다.,{1} już zyskał {2} zbyt wiele razy w tej turze.,{1} вже отримав {2} забагато разів за цей хід.,{1} heeft deze beurt al {2} te vaak verkregen.,{1} bu turda zaten çok fazla kez {2} kazandı.
L_B_ACTIONLIMIT_STATS_LOSS,"1 = creature name, 2 = stat name",{1} has already lost {2} too many times this turn.,{1}はこのターンですでに{2}を失いすぎています。,{1} hat in dieser Runde bereits zu oft {2} verloren.,{1} a déjà perdu {2} trop de fois ce tour-ci.,{1} ya ha perdido {2} demasiadas veces en este turno.,{1} já perdeu {2} vezes demais neste turno.,{1} уже проиграл {2} слишком много раз за этот ход.,{1} ha già perso contro {2} troppe volte in questo turno.,{1}在這回合已經失去{2}太多次了。,{1}在本回合已经损失过太多次{2}了。,{1}은(는) 이번 턴에 이미 {2}을(를) 너무 많이 잃었습니다.,{1} przegrał już zbyt wiele razy z {2} w tej turze.,{1} вже програв {2} забагато разів за цей хід.,{1} heeft deze beurt al {2} te vaak verloren.,{1} bu turda {2} ile zaten çok fazla kez kaybetti.
L_B_ACTIONLIMIT_HEAL,1 = creature name,{1} has already been healed too many times this turn.,{1}はこのターンですでに回復回数が多すぎます。,{1} wurde in diesem Zug bereits zu oft geheilt.,{1} a déjà été soigné trop de fois ce tour.,{1} ya ha sido curado demasiadas veces en este turno.,{1} já foi curado muitas vezes neste turno.,{1} уже был исцелен слишком много раз в этом ходу.,{1} è già stato curato troppe volte in questo turno.,{1}在這回合已經被治療太多次了。,{1}在本回合已经被治疗过太多次了。,{1}은(는) 이번 턴에 이미 너무 많이 치유되었습니다.,{1} został już uleczony zbyt wiele razy w tej turze.,{1} вже був зцілений забагато разів за цей хід.,{1} is deze beurt al te vaak genezen.,{1} bu turda zaten çok fazla iyileştirildi.
L_B_ACTIONLIMIT_RESURRECT,1 = creature name,{1} has already resurrected too many times this battle.,{1}はこの戦闘で既に何度も復活している。,{1} ist in diesem Kampf bereits zu oft wiederbelebt worden.,{1} est déjà ressuscité trop de fois durant ce combat.,{1} ya ha resucitado demasiadas veces en esta batalla.,{1} já ressuscitou muitas vezes nesta batalha.,{1} уже слишком много раз воскрешался в этом бою.,{1} è già resuscitato troppe volte in questa battaglia.,{1}在這場戰鬥中已經復活太多次了。,{1}在本场战斗中已经复活过太多次了。,{1}은(는) 이 전투에서 이미 너무 많이 부활했습니다.,{1} wskrzesił się już zbyt wiele razy podczas tej walki.,{1} вже відроджувався забагато разів у цій битві.,{1} is al te vaak herrezen tijdens dit gevecht.,{1} bu savaşta zaten çok fazla kez dirildi.
L_B_CHOOSE_SPELL,1 = creature name,Select a spell for your {1} to cast.,{1}が唱える呪文を選択してください。,"Wähle einen Zauber aus, den dein {1} wirken soll.",Sélectionnez un sort que votre {1} lancera.,Selecciona un hechizo para que tu {1} lance.,Selecione um feitiço para o seu {1} lançar.,"Выберите заклинание, которое ваш {1} должен произнести.",Seleziona un incantesimo da far lanciare al tuo {1}.,為你的{1}選擇要施放的法術。,为你的{1}选择一个要施放的法术。,{1}이(가) 시전할 주문을 선택하세요.,"Wybierz zaklęcie, które twój {1} ma rzucić.","Виберіть заклинання для вашого {1}, щоб застосувати.",Selecteer een spreuk die je {1} kan uitspreken.,{1} için kullanacağı bir büyü seç.
L_B_CHOOSE_SPELL_TARGET,1 = spell name,Select a creature to cast {1} on.,クリーチャーを選択して{1}を唱える。,"Wähle eine Kreatur aus, auf die du {1} wirkst.",Sélectionnez une créature sur laquelle lancer {1}.,Selecciona una criatura para lanzar {1}.,Selecione uma criatura para lançar {1}.,"Выберите существо, на которое нужно наложить {1}.",Seleziona una creatura su cui lanciare {1}.,選擇一個生物來施放{1}。,选择一个生物来施放{1}。,생물을 선택하여 {1}을(를) 시전합니다.,"Wybierz stworzenie, na które rzucisz {1}.","Виберіть істоту, на яку накласти {1}.",Selecteer een wezen om {1} op te werpen.,Üzerine {1} büyüsü yapmak için bir yaratık seç.
L_B_MARK_A,Appended to enemies' names if there are multiple copies of them. Example: Slime A and Slime B.,A,A,A,A,A,A,А,A,A,A,A,A,А,A,A
L_B_MARK_B,Appended to enemies' names if there are multiple copies of them. Example: Slime A and Slime B.,B,B,B,B,B,B,Б,B,B,B,B,B,Б,B,B
L_B_MARK_C,Appended to enemies' names if there are multiple copies of them. Example: Slime A and Slime B.,C,C,C,C,C,C,С,C,C,C,C,C,С,C,C
L_B_MARK_D,Appended to enemies' names if there are multiple copies of them. Example: Slime A and Slime B.,D,D,D,D,D,D,Г,D,D,D,D,D,Г,D,D
L_B_MARK_E,Appended to enemies' names if there are multiple copies of them. Example: Slime A and Slime B.,E,E,E,E,E,E,Е,E,E,E,E,E,Е,E,E
L_B_MARK_F,Appended to enemies' names if there are multiple copies of them. Example: Slime A and Slime B.,F,F,F,F,F,F,Ф,F,F,F,F,F,Ф,F,F
L_B_CHARGES_RANDOMIZED,,{STAT_charges}\nRandomized,{STAT_charges}\nランダム化,{STAT_charges}\nZufällig,{STAT_charges}\nAléatoire,{STAT_charges}\nAleatorizado,{STAT_charges}\nAleatório,{STAT_charges}\nСлучайный,{STAT_charges}\nCasuale,{STAT_charges}\n隨機化,{STAT_charges}\n随机化,{STAT_charges}\n랜덤화됨,{STAT_charges}\nLosowe,{STAT_charges}\nВипадкові,{STAT_charges}\nWillekeurig,{STAT_charges}\nRastgele
L_B_CHARGES_REDISTRIBUTED,,{STAT_charges}\nRedistributed,{STAT_charges}\n再分配,{STAT_charges}\nUmverteilt,{STAT_charges}\nRedistribué,{STAT_charges}\nRedistribuido,{STAT_charges}\nRedistribuído,{STAT_charges}\nПерераспределено,{STAT_charges}\nRidistribuiti,{STAT_charges}\n重新分配,{STAT_charges}\n重新分配,{STAT_charges}\n재분배됨,{STAT_charges}\nRozdzielone,{STAT_charges}\nПерерозподілено,{STAT_charges}\nHerverdeeld,{STAT_charges}\nYeniden Dağıtıldı
L_B_CHARGES_GAMBLED,,{STAT_charges}\nGambled,{STAT_charges}\nギャンブル,{STAT_charges}\nGewürfelt,{STAT_charges}\nJoué,{STAT_charges}\nApostado,{STAT_charges}\nApostado,{STAT_charges}\nСыграно в азартные игры,{STAT_charges}\nScommesso,{STAT_charges}\n賭博,{STAT_charges}\n已赌博,{STAT_charges}\n도박함,{STAT_charges}\nHazardowane,{STAT_charges}\nЗіграно в азартні ігри,{STAT_charges}\nGegokt,{STAT_charges}\nKumar Oynandı
L_B_MSG_NOFORFEIT_IRONMAN,,You cannot forfeit a battle in Ironman Mode.,アイアンマンモードでは戦闘を放棄することはできません。,Du kannst einen Kampf im Ironman-Modus nicht aufgeben.,Vous ne pouvez pas abandonner un combat en Mode Ironman.,No puedes abandonar una batalla en el Modo Ironman.,Você não pode abandonar uma batalha no Modo Ironman.,Вы не можете сдаться в бою в режиме Ironman.,Non puoi abbandonare una battaglia in modalità Ironman.,在鐵人模式中，你無法放棄戰鬥。,在铁人模式下，你无法放弃战斗。,아이언맨 모드에서는 전투를 포기할 수 없습니다.,Nie możesz poddać walki w trybie Ironman.,Ви не можете здатися в бою в режимі Ironman.,Je kunt een gevecht niet opgeven in Ironman-modus.,Demir Adam Modu'nda bir savaştan çekilemezsiniz.
L_B_CANT_ACT,,Can't Act!,行動不能！,Kann nicht handeln!,Ne peut pas agir !,¡No puede actuar!,Não Pode Agir!,Не может действовать!,Non può agire!,無法行動！,无法行动！,행동 불가!,Nie może działać!,Не може діяти!,Kan Niet Handelen!,Hareket Edemez!
L_B_ISLEVEL,,{1} is level {2}.,{1}はレベル{2}です。,{1} ist Stufe {2}.,{1} est niveau {2}.,{1} es nivel {2}.,{1} é nível {2}.,{1} имеет уровень {2}.,{1} è di livello {2}.,{1}是{2}級。,{1}的等级为{2}。,{1}의 레벨은 {2}입니다.,{1} ma poziom {2}.,{1} має рівень {2}.,{1} is niveau {2}.,{1} seviye {2}.
