Tag,Notes,English,Japanese,German,French,Spanish,Portuguese,Russian,Italian,Chinese (Traditional),Chinese (Simplified),Korean,Polish,Ukrainian,Dutch,Turkish
L_CARD_ENT1,,Your creatures recover 20% more {STAT_health} from {CONDNAME_BUFF_MEND}.,味方の生物は{CONDNAME_BUFF_MEND}から{STAT_health}を20%多く回復する。,Deine Kreaturen regenerieren 20% mehr {STAT_health} durch {CONDNAME_BUFF_MEND}.,Vos créatures récupèrent 20% de {STAT_health} supplémentaire grâce à {CONDNAME_BUFF_MEND}.,Tus criaturas recuperan un 20% más de {STAT_health} de {CONDNAME_BUFF_MEND}.,Suas criaturas recuperam 20% mais {STAT_health} de {CONDNAME_BUFF_MEND}.,Ваши существа восстанавливают на 20% больше {STAT_health} от {CONDNAME_BUFF_MEND}.,Le tue creature recuperano il 20% in più di {STAT_health} da {CONDNAME_BUFF_MEND}.,你的生物從{CONDNAME_BUFF_MEND}中恢復的{STAT_health}增加20%。,你的生物因{CONDNAME_BUFF_MEND}而恢复的{STAT_health}提高20%。,당신의 생물들은 {CONDNAME_BUFF_MEND}에서 20% 더 많은 {STAT_health}를 회복합니다.,Twoje stworzenia odzyskują o 20% więcej {STAT_health} z {CONDNAME_BUFF_MEND}.,Ваші істоти відновлюють на 20% більше {STAT_health} від {CONDNAME_BUFF_MEND}.,Je wezens herstellen 20% meer {STAT_health} van {CONDNAME_BUFF_MEND}.,Yaratıkların {CONDNAME_BUFF_MEND} sayesinde %20 daha fazla {STAT_health} kazanır.
L_CARD_ENT2,,Your creatures with {CONDNAME_BUFF_MEND} take 10% less damage.,自分の{CONDNAME_BUFF_MEND}を持つ生物は受けるダメージが10%減少する。,Deine Kreaturen mit {CONDNAME_BUFF_MEND} erleiden 10% weniger Schaden.,Vos créatures avec {CONDNAME_BUFF_MEND} subissent 10% de dégâts en moins.,Tus criaturas con {CONDNAME_BUFF_MEND} reciben 10% menos de daño.,Suas criaturas com {CONDNAME_BUFF_MEND} recebem 10% menos de dano.,Ваши существа с {CONDNAME_BUFF_MEND} получают на 10% меньше урона.,Le tue creature con {CONDNAME_BUFF_MEND} subiscono il 10% in meno di danni.,你的具有{CONDNAME_BUFF_MEND}的生物受到的傷害減少10%。,你拥有{CONDNAME_BUFF_MEND}的生物受到的伤害减少10%。,당신의 {CONDNAME_BUFF_MEND} 상태인 생물은 10% 적은 피해를 받습니다.,Twoje stworzenia z {CONDNAME_BUFF_MEND} otrzymują o 10% mniej obrażeń.,Ваші істоти з {CONDNAME_BUFF_MEND} отримують на 10% менше шкоди.,Je wezens met {CONDNAME_BUFF_MEND} krijgen 10% minder schade.,Mend {CONDNAME_BUFF_MEND} özelliğine sahip yaratıkların aldığı hasar %10 azalır.
L_CARD_ENT3,,Your creatures' {CONDNAME_BUFF_MEND} buffs last forever.,味方の生物の{CONDNAME_BUFF_MEND}バフは永続的に持続する。,Deine Kreaturen-{CONDNAME_BUFF_MEND}-Buffs halten ewig an.,Les améliorations {CONDNAME_BUFF_MEND} de vos créatures durent éternellement.,Tus criaturas conservan los beneficios de {CONDNAME_BUFF_MEND} para siempre.,As criaturas do seu {CONDNAME_BUFF_MEND} duram para sempre.,Баффы {CONDNAME_BUFF_MEND} ваших существ длятся вечно.,Le tue creature mantengono i bonus {CONDNAME_BUFF_MEND} per sempre.,你的生物的{CONDNAME_BUFF_MEND}增益效果永久持續。,你的生物的{CONDNAME_BUFF_MEND}增益永久持续。,당신의 생물들의 {CONDNAME_BUFF_MEND} 버프는 영원히 지속됩니다.,Efekty {CONDNAME_BUFF_MEND} twoich stworzeń trwają wiecznie.,Бафи {CONDNAME_BUFF_MEND} ваших істот тривають вічно.,Je wezens' {CONDNAME_BUFF_MEND} buffs duren voor altijd.,Yaratıklarının {CONDNAME_BUFF_MEND} güçlendirmeleri sonsuza kadar sürer.
L_CARD_PARAGON1,,Enemies with {CONDNAME_DEBUFF_SILENCE} deal 15% less damage.,{CONDNAME_DEBUFF_SILENCE}状態の敵は与えるダメージが15%減少する。,Gegner mit {CONDNAME_DEBUFF_SILENCE} verursachen 15% weniger Schaden.,Les ennemis avec {CONDNAME_DEBUFF_SILENCE} infligent 15% de dégâts en moins.,Los enemigos con {CONDNAME_DEBUFF_SILENCE} infligen un 15% menos de daño.,Inimigos com {CONDNAME_DEBUFF_SILENCE} causam 15% menos dano.,Враги с {CONDNAME_DEBUFF_SILENCE} наносят на 15% меньше урона.,I nemici con {CONDNAME_DEBUFF_SILENCE} infliggono il 15% di danni in meno.,帶有{CONDNAME_DEBUFF_SILENCE}的敵人造成的傷害減少15%。,带有{CONDNAME_DEBUFF_SILENCE}的敌人造成的伤害减少15%。,{CONDNAME_DEBUFF_SILENCE} 상태인 적은 15% 더 적은 피해를 입힙니다.,Wrogowie z {CONDNAME_DEBUFF_SILENCE} zadają o 15% mniej obrażeń.,Вороги з {CONDNAME_DEBUFF_SILENCE} завдають на 15% менше шкоди.,Vijanden met {CONDNAME_DEBUFF_SILENCE} doen 15% minder schade.,{CONDNAME_DEBUFF_SILENCE} etkisindeki düşmanlar %15 daha az hasar verir.
L_CARD_PARAGON2,,Increases the duration of enemies' {CONDNAME_DEBUFF_SILENCE} debuff by 1 turn.,敵の{CONDNAME_DEBUFF_SILENCE}デバフの持続時間を1ターン延長する。,Erhöht die Dauer des {CONDNAME_DEBUFF_SILENCE}-Debuffs von Gegnern um 1 Runde.,Augmente la durée du malus {CONDNAME_DEBUFF_SILENCE} des ennemis de 1 tour.,Aumenta la duración del perjuicio {CONDNAME_DEBUFF_SILENCE} de los enemigos en 1 turno.,Aumenta a duração do debuff {CONDNAME_DEBUFF_SILENCE} dos inimigos em 1 turno.,Увеличивает длительность дебаффа {CONDNAME_DEBUFF_SILENCE} противников на 1 ход.,Aumenta la durata del debuff {CONDNAME_DEBUFF_SILENCE} dei nemici di 1 turno.,延長敵人的{CONDNAME_DEBUFF_SILENCE}減益效果持續時間1回合。,延长敌人的{CONDNAME_DEBUFF_SILENCE}减益1回合。,적의 {CONDNAME_DEBUFF_SILENCE} 디버프 지속 시간을 1턴 증가시킵니다.,Zwiększa czas trwania osłabienia {CONDNAME_DEBUFF_SILENCE} przeciwników o 1 turę.,Збільшує тривалість дебафу {CONDNAME_DEBUFF_SILENCE} ворогів на 1 хід.,Verhoogt de duur van de {CONDNAME_DEBUFF_SILENCE} verzwakking van vijanden met 1 beurt.,Düşmanların {CONDNAME_DEBUFF_SILENCE} debuff süresini 1 tur artırır.
L_CARD_PARAGON3,,"After an enemy is afflicted with {CONDNAME_DEBUFF_SILENCE}, one of its Spell Gems is Sealed.",敵が{CONDNAME_DEBUFF_SILENCE}状態になると、その呪文石の1つが封印される。,"Nachdem ein Feind mit {CONDNAME_DEBUFF_SILENCE} belegt wurde, wird einer seiner Zaubersteine versiegelt.","Après qu'un ennemi est affligé par {CONDNAME_DEBUFF_SILENCE}, l'une de ses Gemmes de Sort est Scellée.","Después de que un enemigo es afligido con {CONDNAME_DEBUFF_SILENCE}, una de sus Gemas de Hechizo queda Sellada.","Depois que um inimigo é afligido com {CONDNAME_DEBUFF_SILENCE}, uma de suas Gemas de Feitiço é Selada.","После того как враг поражен {CONDNAME_DEBUFF_SILENCE}, один из его Камней Заклинаний запечатывается.","Dopo che un nemico è afflitto da {CONDNAME_DEBUFF_SILENCE}, una delle sue Gemme Incantesimo viene Sigillata.",敵人受到{CONDNAME_DEBUFF_SILENCE}影響後，其中一顆法術寶石會被封印。,敌人被施加{CONDNAME_DEBUFF_SILENCE}后，它的其中一个法术宝石会被封印。,"적이 {CONDNAME_DEBUFF_SILENCE}에 걸리면, 그 적의 주문 보석 중 하나가 봉인됩니다.","Po tym, jak przeciwnik zostanie dotknięty {CONDNAME_DEBUFF_SILENCE}, jeden z jego Klejnotów Zaklęć zostaje Zapieczętowany.","Після того, як ворог отримує {CONDNAME_DEBUFF_SILENCE}, одна з його Магічних Перлин запечатується.","Nadat een vijand is getroffen door {CONDNAME_DEBUFF_SILENCE}, wordt een van zijn Spreukstenen Verzegeld.","Bir düşman {CONDNAME_DEBUFF_SILENCE} etkisine maruz kaldıktan sonra, Büyü Taşlarından biri Mühürlenir."
L_CARD_REAPER1,,Your creatures have a 10% greater chance to deal critical damage.,自分のクリーチャーがクリティカルダメージを与える確率が10%上昇する。,"Deine Kreaturen haben eine um 10% höhere Chance, kritischen Schaden zu verursachen.",Vos créatures ont 10% de chances supplémentaires d'infliger des dégâts critiques.,Tus criaturas tienen un 10% más de probabilidad de infligir daño crítico.,Suas criaturas têm 10% a mais de chance de causar dano crítico.,Ваши существа имеют на 10% больше шансов нанести критический урон.,Le tue creature hanno una probabilità del 10% maggiore di infliggere danni critici.,你的生物有額外10%的機率造成爆擊傷害。,你的生物造成暴击伤害的几率提高10%。,당신의 생물들은 치명타 피해를 입힐 확률이 10% 증가합니다.,Twoje stworzenia mają o 10% większą szansę na zadanie obrażeń krytycznych.,Ваші істоти мають на 10% більший шанс завдати критичної шкоди.,Je wezens hebben 10% meer kans om kritieke schade toe te brengen.,Yaratıklarının kritik hasar verme şansı %10 daha fazla.
L_CARD_REAPER2,,Your creatures deal 25% more critical damage.,クリーチャーのクリティカルダメージが25%増加する。,Deine Kreaturen verursachen 25% mehr kritischen Schaden.,Vos créatures infligent 25% de dégâts critiques supplémentaires.,Tus criaturas infligen un 25% más de daño crítico.,Suas criaturas causam 25% a mais de dano crítico.,Ваши существа наносят на 25% больше критического урона.,Le tue creature infliggono il 25% in più di danno critico.,你的生物造成的爆擊傷害提高25%。,你的生物造成的暴击伤害提高25%。,당신의 생물들이 치명타 피해를 25% 더 줍니다.,Twoje stworzenia zadają o 25% więcej obrażeń krytycznych.,Ваші істоти завдають на 25% більше критичної шкоди.,Je wezens veroorzaken 25% meer kritieke schade.,Yaratıkların %25 daha fazla kritik hasar verir.
L_CARD_REAPER3,,Your creatures have a minimum 10% chance to deal critical damage.,自分のクリーチャーは最低10%の確率でクリティカルダメージを与える。,"Deine Kreaturen haben eine minimale Chance von 10%, kritischen Schaden zu verursachen.",Vos créatures ont un minimum de 10% de chances d'infliger des dégâts critiques.,Tus criaturas tienen un mínimo de 10% de probabilidad de infligir daño crítico.,Suas criaturas têm uma chance mínima de 10% de causar dano crítico.,Ваши существа имеют минимум 10% шанс нанести критический урон.,Le tue creature hanno una probabilità minima del 10% di infliggere danni critici.,你的生物有至少10%機率造成爆擊傷害。,你的生物有至少10%几率造成暴击伤害。,당신의 생물들은 최소 10% 확률로 치명타 피해를 입힙니다.,Twoje stworzenia mają minimalnie 10% szans na zadanie obrażeń krytycznych.,Ваші істоти мають мінімум 10% шанс завдати критичної шкоди.,Je wezens hebben een minimale kans van 10% om kritieke schade toe te brengen.,Yaratıklarının kritik hasar verme şansı en az %10'dur.
L_CARD_HARPY1,,Enemies with {CONDNAME_DEBUFF_BLIND} deal 10% less damage.,{CONDNAME_DEBUFF_BLIND}状態の敵は与えるダメージが10%減少する。,Gegner mit {CONDNAME_DEBUFF_BLIND} verursachen 10% weniger Schaden.,Les ennemis avec {CONDNAME_DEBUFF_BLIND} infligent 10% de dégâts en moins.,Los enemigos con {CONDNAME_DEBUFF_BLIND} infligen un 10% menos de daño.,Inimigos com {CONDNAME_DEBUFF_BLIND} causam 10% menos dano.,Враги с {CONDNAME_DEBUFF_BLIND} наносят на 10% меньше урона.,I nemici con {CONDNAME_DEBUFF_BLIND} infliggono il 10% in meno di danni.,帶有{CONDNAME_DEBUFF_BLIND}的敵人造成的傷害減少10%。,带有{CONDNAME_DEBUFF_BLIND}的敌人造成的伤害减少10%。,{CONDNAME_DEBUFF_BLIND} 상태인 적은 10% 더 적은 피해를 입힙니다.,Wrogowie z {CONDNAME_DEBUFF_BLIND} zadają o 10% mniej obrażeń.,Вороги з {CONDNAME_DEBUFF_BLIND} завдають на 10% менше шкоди.,Vijanden met {CONDNAME_DEBUFF_BLIND} doen 10% minder schade.,{CONDNAME_DEBUFF_BLIND} etkisindeki düşmanlar %10 daha az hasar verir.
L_CARD_HARPY2,,Enemies with {CONDNAME_DEBUFF_BLIND} take 10% more damage.,{CONDNAME_DEBUFF_BLIND}状態の敵は10%多くダメージを受ける。,Gegner mit {CONDNAME_DEBUFF_BLIND} erleiden 10% mehr Schaden.,Les ennemis avec {CONDNAME_DEBUFF_BLIND} subissent 10% de dégâts supplémentaires.,Los enemigos con {CONDNAME_DEBUFF_BLIND} reciben 10% más de daño.,Inimigos com {CONDNAME_DEBUFF_BLIND} recebem 10% a mais de dano.,Враги с {CONDNAME_DEBUFF_BLIND} получают на 10% больше урона.,I nemici con {CONDNAME_DEBUFF_BLIND} subiscono il 10% di danni in più.,帶有{CONDNAME_DEBUFF_BLIND}的敵人受到的傷害增加10%。,带有{CONDNAME_DEBUFF_BLIND}的敌人受到的伤害增加10%。,{CONDNAME_DEBUFF_BLIND} 상태인 적은 10% 더 많은 피해를 받습니다.,Wrogowie z {CONDNAME_DEBUFF_BLIND} otrzymują 10% więcej obrażeń.,Вороги з {CONDNAME_DEBUFF_BLIND} отримують на 10% більше шкоди.,Vijanden met {CONDNAME_DEBUFF_BLIND} krijgen 10% meer schade.,{CONDNAME_DEBUFF_BLIND} etkisindeki düşmanlar %10 daha fazla hasar alır.
L_CARD_HARPY3,,Enemies' {CONDNAME_DEBUFF_BLIND} debuff lasts forever.,敵の{CONDNAME_DEBUFF_BLIND}デバフは永久に持続する。,Gegner-{CONDNAME_DEBUFF_BLIND}-Debuff hält ewig an.,Les malus {CONDNAME_DEBUFF_BLIND} des ennemis durent éternellement.,Los debuffs de {CONDNAME_DEBUFF_BLIND} de los enemigos duran para siempre.,Debuff de {CONDNAME_DEBUFF_BLIND} dos inimigos dura para sempre.,Дебафф {CONDNAME_DEBUFF_BLIND} врагов длится вечно.,I nemici affetti da {CONDNAME_DEBUFF_BLIND} lo rimangono per sempre.,敵人的{CONDNAME_DEBUFF_BLIND}減益效果永久持續。,敌人的{CONDNAME_DEBUFF_BLIND}减益永久持续。,적의 {CONDNAME_DEBUFF_BLIND} 디버프가 영원히 지속됩니다.,Osłabienie {CONDNAME_DEBUFF_BLIND} przeciwników trwa wiecznie.,Дебаф {CONDNAME_DEBUFF_BLIND} ворогів триває вічно.,Vijanden hun {CONDNAME_DEBUFF_BLIND} verzwakking duurt voor altijd.,Düşmanların {CONDNAME_DEBUFF_BLIND} zayıflatması sonsuza kadar sürer.
L_CARD_IMP1,,Your creatures' {CLASS_Nature} spells deal 10% more damage.,自分のクリーチャーの{CLASS_Nature}呪文は10%多くのダメージを与える。,Deine Kreaturen verursachen mit {CLASS_Nature}-Zaubern 10% mehr Schaden.,Les sorts {CLASS_Nature} de vos créatures infligent 10% de dégâts supplémentaires.,Tus criaturas hacen un 10% más de daño con hechizos de {CLASS_Nature}.,Os feitiços de {CLASS_Nature} das suas criaturas causam 10% a mais de dano.,Заклинания {CLASS_Nature} ваших существ наносят на 10% больше урона.,Le magie {CLASS_Nature} delle tue creature infliggono il 10% di danno in più.,你的生物的{CLASS_Nature}法術造成的傷害提高10%。,你的生物的{CLASS_Nature}法术造成的伤害提高10%。,당신의 생물들의 {CLASS_Nature} 주문이 10% 더 많은 피해를 입힙니다.,Zaklęcia {CLASS_Nature} twoich stworzeń zadają o 10% więcej obrażeń.,Закляття {CLASS_Nature} ваших істот завдають на 10% більше шкоди.,Je wezens' {CLASS_Nature} spreuken doen 10% meer schade.,Yaratıklarının {CLASS_Nature} büyüleri %10 daha fazla hasar verir.
L_CARD_IMP2,,Your creatures' damaging {CLASS_Nature} spells ignore 10% of their enemies' {STAT_defense}.,味方の生物の与ダメージ{CLASS_Nature}呪文は、敵の{STAT_defense}の10%を無視する。,Deine Kreaturen ignorieren mit ihren schadenverursachenden {CLASS_Nature}-Zaubern 10% der {STAT_defense} ihrer Feinde.,Les sorts offensifs {CLASS_Nature} de vos créatures ignorent 10% de la {STAT_defense} de leurs ennemis.,Tus criaturas con hechizos dañinos de {CLASS_Nature} ignoran el 10% de la {STAT_defense} de sus enemigos.,As criaturas aliadas ignoram 10% da {STAT_defense} dos inimigos ao usar magias de dano de {CLASS_Nature}.,Разрушительные заклинания {CLASS_Nature} ваших существ игнорируют 10% {STAT_defense} их врагов.,Le magie offensive {CLASS_Nature} delle tue creature ignorano il 10% della {STAT_defense} dei loro nemici.,你的生物的傷害性{CLASS_Nature}法術會無視敵人10%的{STAT_defense}。,你的生物的伤害性{CLASS_Nature}法术无视敌人10%的{STAT_defense}。,당신의 생물들의 피해를 주는 {CLASS_Nature} 주문은 적의 {STAT_defense}를 10% 무시합니다.,Zadające obrażenia zaklęcia {CLASS_Nature} twoich stworzeń ignorują 10% {STAT_defense} przeciwników.,Руйнівні {CLASS_Nature} закляття ваших істот ігнорують 10% {STAT_defense} їхніх ворогів.,Je wezens' schadelijke {CLASS_Nature} spreuken negeren 10% van de {STAT_defense} van hun vijanden.,"Yaratıklarınızın hasar veren {CLASS_Nature} büyüleri, düşmanlarının {STAT_defense} değerinin %10'unu görmezden gelir."
L_CARD_IMP3,,Your creatures' {CLASS_Nature} spells have 10% additional {STAT_charges}.,自分のクリーチャーの{CLASS_Nature}呪文は{STAT_charges}が10%増加する。,Deine Kreaturen haben 10% zusätzliche {STAT_charges} bei {CLASS_Nature}-Zaubern.,Les sorts {CLASS_Nature} de vos créatures ont 10% de {STAT_charges} supplémentaires.,Tus criaturas tienen un 10% adicional de {STAT_charges} en hechizos de {CLASS_Nature}.,As criaturas do seu {CLASS_Nature} têm 10% de {STAT_charges} adicionais.,Заклинания {CLASS_Nature} ваших существ имеют на 10% больше {STAT_charges}.,Le magie {CLASS_Nature} delle tue creature hanno il 10% di {STAT_charges} aggiuntive.,你的生物的{CLASS_Nature}法術有額外10%的{STAT_charges}。,你的生物的{CLASS_Nature}法术有额外10%的{STAT_charges}。,당신의 생물들의 {CLASS_Nature} 주문은 10% 추가 {STAT_charges}를 가집니다.,Zaklęcia {CLASS_Nature} twoich stworzeń mają 10% dodatkowych {STAT_charges}.,Заклинання {CLASS_Nature} ваших істот мають на 10% більше {STAT_charges}.,Je wezens' {CLASS_Nature} spreuken hebben 10% extra {STAT_charges}.,Yaratıklarının {CLASS_Nature} büyüleri %10 ek {STAT_charges} kazanır.
L_CARD_SIREN1,,Enemies with {CONDNAME_DEBUFF_SLEEP} have a 25% chance to not wake up after they take damage from attacks.,{CONDNAME_DEBUFF_SLEEP}状態の敵は、攻撃によるダメージを受けても25%の確率で目覚めないことがあります。,"Feinde mit {CONDNAME_DEBUFF_SLEEP} haben eine 25% Chance, nach erlittenem Schaden durch Angriffe nicht aufzuwachen.",Les ennemis avec {CONDNAME_DEBUFF_SLEEP} ont 25% de chances de ne pas se réveiller après avoir subi des dégâts d'attaques.,Los enemigos con {CONDNAME_DEBUFF_SLEEP} tienen un 25% de probabilidad de no despertar después de recibir daño por ataques.,Inimigos com {CONDNAME_DEBUFF_SLEEP} têm 25% de chance de não acordar após sofrerem dano de ataques.,Враги с {CONDNAME_DEBUFF_SLEEP} имеют 25% шанс не проснуться после получения урона от атак.,I nemici con {CONDNAME_DEBUFF_SLEEP} hanno il 25% di probabilità di non svegliarsi dopo aver subito danni dagli attacchi.,帶有{CONDNAME_DEBUFF_SLEEP}的敵人在受到攻擊傷害後有25%的機率不會醒來。,带有{CONDNAME_DEBUFF_SLEEP}的敌人在受到攻击伤害后有25%的几率不会苏醒。,{CONDNAME_DEBUFF_SLEEP} 상태인 적은 공격으로 피해를 입은 후에도 25% 확률로 깨어나지 않습니다.,"Wrogowie z {CONDNAME_DEBUFF_SLEEP} mają 25% szans, że nie obudzą się po otrzymaniu obrażeń z ataków.",Вороги з {CONDNAME_DEBUFF_SLEEP} мають 25% шанс не прокинутися після отримання пошкоджень від атак.,Vijanden met {CONDNAME_DEBUFF_SLEEP} hebben 25% kans om niet wakker te worden nadat ze schade hebben opgelopen door aanvallen.,"Uyku {CONDNAME_DEBUFF_SLEEP} durumundaki düşmanların, saldırılardan hasar aldıktan sonra uyanmama ihtimali %25'tir."
L_CARD_SIREN2,,Enemies with {CONDNAME_DEBUFF_SLEEP} have a 25% chance to not wake up after they take damage from spells.,{CONDNAME_DEBUFF_SLEEP}状態の敵は、呪文によるダメージを受けた後に25%の確率で目覚めないことがあります。,"Feinde mit {CONDNAME_DEBUFF_SLEEP} haben eine 25% Chance, nach erlittenem Zauberschaden nicht aufzuwachen.",Les ennemis avec {CONDNAME_DEBUFF_SLEEP} ont 25% de chances de ne pas se réveiller après avoir subi des dégâts de sorts.,Los enemigos con {CONDNAME_DEBUFF_SLEEP} tienen un 25% de probabilidad de no despertar después de recibir daño de hechizos.,Inimigos com {CONDNAME_DEBUFF_SLEEP} têm 25% de chance de não acordar após sofrerem dano de magias.,Враги с {CONDNAME_DEBUFF_SLEEP} имеют 25% шанс не проснуться после получения урона от заклинаний.,I nemici con {CONDNAME_DEBUFF_SLEEP} hanno il 25% di probabilità di non svegliarsi dopo aver subito danni dagli incantesimi.,帶有{CONDNAME_DEBUFF_SLEEP}的敵人在受到法術傷害後有25%的機率不會醒來。,带有{CONDNAME_DEBUFF_SLEEP}的敌人在受到法术伤害后有25%的几率不会苏醒。,{CONDNAME_DEBUFF_SLEEP} 상태인 적은 주문으로 피해를 입은 후에도 25% 확률로 깨어나지 않습니다.,"Wrogowie z {CONDNAME_DEBUFF_SLEEP} mają 25% szans, że nie obudzą się po otrzymaniu obrażeń od zaklęć.",Вороги з {CONDNAME_DEBUFF_SLEEP} мають 25% шанс не прокинутися після отримання пошкоджень від заклинань.,Vijanden met {CONDNAME_DEBUFF_SLEEP} hebben 25% kans om niet wakker te worden nadat ze schade oplopen door spreuken.,"Uyku {CONDNAME_DEBUFF_SLEEP} durumundaki düşmanların, büyülerden hasar aldıktan sonra uyanmama şansı %25'tir."
L_CARD_SIREN3,,Enemies' {CONDNAME_DEBUFF_SLEEP} debuff lasts forever.,敵の{CONDNAME_DEBUFF_SLEEP}デバフは永久に持続する。,Gegner-{CONDNAME_DEBUFF_SLEEP}-Debuff hält ewig an.,Les malus {CONDNAME_DEBUFF_SLEEP} des ennemis durent éternellement.,Los debuffs de {CONDNAME_DEBUFF_SLEEP} de los enemigos duran para siempre.,Debuff de {CONDNAME_DEBUFF_SLEEP} dos inimigos dura para sempre.,Дебафф {CONDNAME_DEBUFF_SLEEP} врагов длится вечно.,I nemici affetti da {CONDNAME_DEBUFF_SLEEP} lo rimangono per sempre.,敵人的{CONDNAME_DEBUFF_SLEEP}減益效果永久持續。,敌人的{CONDNAME_DEBUFF_SLEEP}减益永久持续。,적의 {CONDNAME_DEBUFF_SLEEP} 디버프는 영원히 지속됩니다.,Osłabienie {CONDNAME_DEBUFF_SLEEP} przeciwników trwa wiecznie.,Дебаф {CONDNAME_DEBUFF_SLEEP} ворогів триває вічно.,Vijanden' {CONDNAME_DEBUFF_SLEEP} debuff duurt voor altijd.,Düşmanların {CONDNAME_DEBUFF_SLEEP} zayıflatması sonsuza kadar sürer.
L_CARD_MINOTAUR1,,You gain 30% more {RES_BRIMSTONE} from battles.,戦闘から得られる{RES_BRIMSTONE}が30%増加する。,Du erhältst 30% mehr {RES_BRIMSTONE} aus Kämpfen.,Vous gagnez 30% de {RES_BRIMSTONE} supplémentaire lors des combats.,Obtienes un 30% más de {RES_BRIMSTONE} de las batallas.,Você ganha 30% mais {RES_BRIMSTONE} em batalhas.,Вы получаете на 30% больше {RES_BRIMSTONE} из сражений.,Ottieni il 30% in più di {RES_BRIMSTONE} dalle battaglie.,你在戰鬥中獲得的{RES_BRIMSTONE}增加30%。,你在战斗中获得的{RES_BRIMSTONE}增加30%。,전투에서 {RES_BRIMSTONE}을(를) 30% 더 획득합니다.,Zyskujesz 30% więcej {RES_BRIMSTONE} z bitew.,Ви отримуєте на 30% більше {RES_BRIMSTONE} з битв.,Je krijgt 30% meer {RES_BRIMSTONE} uit gevechten.,Savaşlardan %30 daha fazla {RES_BRIMSTONE} kazanırsın.
L_CARD_MINOTAUR2,,Increases the base amount of {RES_BRIMSTONE} gained from battles by 15.,戦闘から獲得する{RES_BRIMSTONE}の基本量を15増加させる。,"Erhöht die Basismenge an {RES_BRIMSTONE}, die aus Kämpfen gewonnen wird, um 15.",Augmente la quantité de base de {RES_BRIMSTONE} obtenue lors des combats de 15.,Aumenta la cantidad base de {RES_BRIMSTONE} obtenida en batallas en un 15.,Aumenta a quantidade base de {RES_BRIMSTONE} obtida em batalhas em 15.,"Увеличивает базовое количество {RES_BRIMSTONE}, получаемого в боях, на 15.",Aumenta la quantità base di {RES_BRIMSTONE} ottenuta dalle battaglie del 15.,增加從戰鬥中獲得的基礎{RES_BRIMSTONE}數量15%。,从战斗中获取的基础{RES_BRIMSTONE}数量提高15。,전투에서 획득하는 {RES_BRIMSTONE}의 기본 양을 15만큼 증가시킵니다.,Zwiększa podstawową ilość {RES_BRIMSTONE} zdobywaną w bitwach o 15.,"Збільшує базову кількість {RES_BRIMSTONE}, отриману в боях, на 15.",Verhoogt de basishoeveelheid {RES_BRIMSTONE} verkregen uit gevechten met 15.,Savaşlardan kazanılan {RES_BRIMSTONE} temel miktarını %15 artırır.
L_CARD_MINOTAUR3,,You have a 15% chance to gain double {RES_BRIMSTONE} from battles.,戦闘で{RES_BRIMSTONE}を2倍獲得する確率が15%あります。,"Du hast eine 15% Chance, doppeltes {RES_BRIMSTONE} aus Kämpfen zu erhalten.",Vous avez 15% de chances d'obtenir le double de {RES_BRIMSTONE} lors des combats.,Tienes un 15% de probabilidad de obtener el doble de {RES_BRIMSTONE} en las batallas.,Você tem 15% de chance de ganhar o dobro de {RES_BRIMSTONE} nas batalhas.,У вас есть 15% шанс получить вдвое больше {RES_BRIMSTONE} из сражений.,Hai una probabilità del 15% di ottenere il doppio di {RES_BRIMSTONE} dalle battaglie.,你有 15% 的機會在戰鬥中獲得雙倍的{RES_BRIMSTONE}。,你有15%的概率从战斗中获取双倍{RES_BRIMSTONE}。,전투에서 {RES_BRIMSTONE}을(를) 두 배로 획득할 확률이 15%입니다.,Masz 15% szansy na podwojenie {RES_BRIMSTONE} z bitew.,У вас є 15% шанс отримати подвійну кількість {RES_BRIMSTONE} з битв.,Je hebt 15% kans om dubbele {RES_BRIMSTONE} te krijgen uit gevechten.,Savaşlardan çift {RES_BRIMSTONE} kazanmak için %15 şansın var.
L_CARD_SHAPESHIFTER1,,Your creatures deal 10% more damage to creatures that are weak against their class.,自分のクリーチャーは、そのクラスに弱いクリーチャーに対して10%多くのダメージを与える。,"Deine Kreaturen verursachen 10% mehr Schaden an Kreaturen, die gegen ihre Klasse schwach sind.",Vos créatures infligent 10% de dégâts supplémentaires aux créatures qui sont faibles contre leur classe.,Tus criaturas infligen un 10% más de daño a las criaturas que son débiles contra su clase.,Suas criaturas causam 10% a mais de dano a criaturas que são fracas contra a classe delas.,"Ваши существа наносят на 10% больше урона существам, которые слабы против их класса.",Le tue creature infliggono il 10% di danno in più alle creature deboli contro la loro classe.,你的生物對弱點屬性為其所屬職業的生物造成的傷害提高10%。,你的生物对它所克制系别的生物造成的伤害提高10%。,당신의 생물들은 자신의 클래스에 약한 생물들에게 10% 더 많은 피해를 입힙니다.,"Twoje stworzenia zadają o 10% więcej obrażeń stworzeniom, które są słabe przeciwko ich klasie.","Ваші істоти завдають на 10% більше шкоди істотам, які слабкі проти їхнього класу.",Je wezens doen 10% meer schade aan wezens die zwak zijn tegen hun klasse.,"Yaratıklarınız, kendi sınıflarına karşı zayıf olan yaratıklara %10 daha fazla hasar verir."
L_CARD_SHAPESHIFTER2,,Your creatures take 10% less damage from creatures that are strong against their class.,味方のクリーチャーは、そのクラスに対して強いクリーチャーから受けるダメージが10%減少する。,"Deine Kreaturen erleiden 10% weniger Schaden von Kreaturen, die stark gegen ihre Klasse sind.",Vos créatures subissent 10% de dégâts en moins de la part des créatures qui sont fortes contre leur classe.,Tus criaturas reciben un 10% menos de daño de las criaturas que son fuertes contra su clase.,Suas criaturas recebem 10% menos dano de criaturas que são fortes contra a classe delas.,"Ваши существа получают на 10% меньше урона от существ, которые сильны против их класса.",Le tue creature subiscono il 10% in meno di danni dalle creature che sono forti contro la loro classe.,你的生物受到對其職業有優勢的生物攻擊時，所受傷害減少10%。,你的生物受到克制它系别的生物的伤害减少10%。,당신의 생물들은 그들의 클래스에 강한 생물들로부터 10% 적은 피해를 받습니다.,"Twoje stworzenia otrzymują o 10% mniej obrażeń od stworzeń, które są silne przeciwko ich klasie.","Ваші істоти отримують на 10% менше шкоди від істот, які мають перевагу проти їхнього класу.",Je wezens krijgen 10% minder schade van wezens die sterk zijn tegen hun klasse.,"Yaratıklarınız, sınıflarına karşı güçlü olan yaratıklardan %10 daha az hasar alır."
L_CARD_SHAPESHIFTER3,,Doubles the potency of these effects.,これらの効果の効力を2倍にする。,Verdoppelt die Effektstärke dieser Effekte.,Double la puissance de ces effets.,Duplica la potencia de estos efectos.,Dobra a potência desses efeitos.,Удваивает силу этих эффектов.,Raddoppia la potenza di questi effetti.,使這些效果的效力加倍。,使这些效果的效能翻倍。,이러한 효과의 효능을 두 배로 증가시킵니다.,Podwaja skuteczność tych efektów.,Подвоює силу цих ефектів.,Verdubbelt de kracht van deze effecten.,Bu etkilerin gücünü iki katına çıkarır.
L_CARD_MUMMY1,,Enemies with {CONDNAME_DEBUFF_CURSED} take 10% more damage from this debuff.,{CONDNAME_DEBUFF_CURSED}状態の敵はこの弱体効果から10%多くのダメージを受ける。,Gegner mit {CONDNAME_DEBUFF_CURSED} erleiden 10% mehr Schaden durch diesen Debuff.,Les ennemis avec {CONDNAME_DEBUFF_CURSED} subissent 10% de dégâts supplémentaires de cet affaiblissement.,Los enemigos con {CONDNAME_DEBUFF_CURSED} reciben un 10% más de daño de este perjuicio.,Inimigos com {CONDNAME_DEBUFF_CURSED} recebem 10% a mais de dano deste debuff.,Враги с {CONDNAME_DEBUFF_CURSED} получают на 10% больше урона от этого дебаффа.,I nemici con {CONDNAME_DEBUFF_CURSED} subiscono il 10% di danno in più da questo debuff.,帶有{CONDNAME_DEBUFF_CURSED}的敵人受到此減益效果時會多承受10%的傷害。,带有{CONDNAME_DEBUFF_CURSED}的敌人受到此减益的伤害增加10%。,{CONDNAME_DEBUFF_CURSED} 상태의 적은 이 디버프로부터 10% 더 많은 피해를 받습니다.,Wrogowie z {CONDNAME_DEBUFF_CURSED} otrzymują 10% więcej obrażeń od tego osłabienia.,Вороги з {CONDNAME_DEBUFF_CURSED} отримують на 10% більше шкоди від цього дебафу.,Vijanden met {CONDNAME_DEBUFF_CURSED} krijgen 10% meer schade van deze debuff.,"{CONDNAME_DEBUFF_CURSED} etkisi altındaki düşmanlar, bu zayıflatıcı etkiden %10 daha fazla hasar alır."
L_CARD_MUMMY2,,"When enemies take damage from {CONDNAME_DEBUFF_CURSED}, there is a 20% chance this damage will be doubled.",{CONDNAME_DEBUFF_CURSED}からダメージを受けた敵は、20%の確率でそのダメージが2倍になります。,"Wenn Feinde Schaden durch {CONDNAME_DEBUFF_CURSED} erleiden, besteht eine 20% Chance, dass dieser Schaden verdoppelt wird.","Lorsque les ennemis subissent des dégâts de {CONDNAME_DEBUFF_CURSED}, il y a 20% de chances que ces dégâts soient doublés.","Cuando los enemigos reciben daño de {CONDNAME_DEBUFF_CURSED}, hay un 20% de probabilidad de que este daño se duplique.","Quando os inimigos recebem dano de {CONDNAME_DEBUFF_CURSED}, há 20% de chance desse dano ser dobrado.","Когда враги получают урон от {CONDNAME_DEBUFF_CURSED}, существует 20% шанс, что этот урон будет удвоен.","Quando i nemici subiscono danni da {CONDNAME_DEBUFF_CURSED}, c'è una probabilità del 20% che questi danni vengano raddoppiati.",當敵人受到{CONDNAME_DEBUFF_CURSED}傷害時，有20%機率使此傷害加倍。,当敌人受到{CONDNAME_DEBUFF_CURSED}造成的伤害时，该伤害有20%的概率翻倍。,"적이 {CONDNAME_DEBUFF_CURSED}로부터 피해를 받을 때, 20% 확률로 이 피해가 두 배가 됩니다.","Gdy wrogowie otrzymują obrażenia od {CONDNAME_DEBUFF_CURSED}, istnieje 20% szansa, że te obrażenia zostaną podwojone.","Коли вороги отримують пошкодження від {CONDNAME_DEBUFF_CURSED}, існує 20% шанс, що це пошкодження буде подвоєно.","Wanneer vijanden schade krijgen van {CONDNAME_DEBUFF_CURSED}, is er een kans van 20% dat deze schade wordt verdubbeld.","Düşmanlar {CONDNAME_DEBUFF_CURSED} nedeniyle hasar aldığında, bu hasarın ikiye katlanması için %20 şans vardır."
L_CARD_MUMMY3,,Doubles the potency of these effects.,これらの効果の効力を2倍にする。,Verdoppelt die Effektstärke dieser Effekte.,Double la puissance de ces effets.,Duplica la potencia de estos efectos.,Dobra a potência desses efeitos.,Удваивает силу этих эффектов.,Raddoppia la potenza di questi effetti.,使這些效果的效力加倍。,使这些效果的效能翻倍。,이러한 효과의 효능을 두 배로 증가시킵니다.,Podwaja skuteczność tych efektów.,Подвоює силу цих ефектів.,Verdubbelt de kracht van deze effecten.,Bu etkilerin gücünü iki katına çıkarır.
L_CARD_CLUTCHER1,,Your creatures have a 5% greater chance to Dodge attacks.,自分のクリーチャーは攻撃を回避する確率が5%上昇する。,"Deine Kreaturen haben eine um 5% höhere Chance, Angriffen auszuweichen.",Vos créatures ont 5% de chances supplémentaires d'Esquiver les attaques.,Tus criaturas tienen un 5% más de probabilidad de Esquivar ataques.,Suas criaturas têm 5% a mais de chance de Esquivar ataques.,Ваши существа имеют на 5% больше шансов Уклониться от атак.,Le tue creature hanno una probabilità del 5% maggiore di Schivare gli attacchi.,你的生物有額外5%的機率閃避攻擊。,你的生物闪避攻击的几率提高5%。,당신의 생물들은 공격을 회피할 확률이 5% 증가합니다.,Twoje stworzenia mają o 5% większą szansę na Unik przed atakami.,Ваші істоти мають на 5% більший шанс Ухилитися від атак.,Je wezens hebben 5% meer kans om aanvallen te Ontwijken.,Yaratıklarınızın saldırılardan Kaçınma şansı %5 daha fazla.
L_CARD_CLUTCHER2,,Your creatures have an independent 5% chance to Dodge attacks.,自分のクリーチャーは攻撃を回避する5%の独立した確率を持つ。,"Deine Kreaturen haben eine unabhängige 5% Chance, Angriffen auszuweichen.",Vos créatures ont une chance indépendante de 5% d'Esquiver les attaques.,Tus criaturas tienen un 5% de probabilidad independiente de Esquivar ataques.,Suas criaturas têm uma chance independente de 5% de Esquivar de ataques.,У ваших существ есть независимый 5% шанс Уклониться от атак.,Le tue creature hanno una probabilità indipendente del 5% di Schivare gli attacchi.,你的生物有獨立的5%機率閃避攻擊。,你的生物有5%的独立闪避攻击几率。,당신의 생물들은 공격을 회피할 독립적인 5% 확률을 가집니다.,Twoje stworzenia mają niezależną 5% szansę na Unik przed atakami.,Ваші істоти мають незалежний 5% шанс Ухилитися від атак.,Je wezens hebben een onafhankelijke kans van 5% om aanvallen te Ontwijken.,Yaratıklarınızın saldırılardan Kaçınma şansı bağımsız olarak %5'tir.
L_CARD_CLUTCHER3,,"When your creatures fail to Dodge attacks, they take 5% less damage.",生物が攻撃の回避に失敗した時、受けるダメージが5%減少する。,"Wenn deine Kreaturen Angriffen nicht ausweichen können, erleiden sie 5% weniger Schaden.","Lorsque vos créatures échouent à Esquiver des attaques, elles subissent 5% de dégâts en moins.","Cuando tus criaturas fallan al Esquivar ataques, reciben un 5% menos de daño.","Quando suas criaturas falham em Esquivar ataques, elas recebem 5% menos dano.","Когда ваши существа не могут Уклониться от атак, они получают на 5% меньше урона.","Quando le tue creature non riescono a Schivare gli attacchi, subiscono il 5% di danni in meno.",當你的生物未能閃避攻擊時，所受傷害減少5%。,当你的生物闪避失败时，它们受到的伤害减少5%。,"당신의 생물이 공격을 회피하지 못할 때, 받는 피해가 5% 감소합니다.","Gdy twoje stworzenia nie zdołają Uniknąć ataków, otrzymują o 5% mniej obrażeń.","Коли ваші істоти не можуть Ухилитися від атак, вони отримують на 5% менше шкоди.","Wanneer je wezens er niet in slagen om aanvallen te Ontwijken, nemen ze 5% minder schade.","Yaratıkların Saldırılardan Kaçamadığında, %5 daha az hasar alırlar."
L_CARD_PHOENIX1,,"When your creatures are resurrected, they recover 10% more {STAT_health}.",生き物が復活するとき、{STAT_health}が10%多く回復する。,"Wenn deine Kreaturen wiederbelebt werden, regenerieren sie 10% mehr {STAT_health}.","Lorsque vos créatures sont ressuscitées, elles récupèrent 10% de {STAT_health} supplémentaire.","Cuando tus criaturas son resucitadas, recuperan un 10% más de {STAT_health}.","Quando suas criaturas são ressuscitadas, elas recuperam 10% a mais de {STAT_health}.","Когда ваши существа воскрешаются, они восстанавливают на 10% больше {STAT_health}.","Quando le tue creature vengono resuscitate, recuperano il 10% in più di {STAT_health}.",當你的生物復活時，他們恢復的{STAT_health}增加10%。,当你的生物复活时，它们额外恢复10%{STAT_health}。,"당신의 생물이 부활할 때, {STAT_health}를 10% 더 회복합니다.","Kiedy twoje stworzenia są wskrzeszane, odzyskują o 10% więcej {STAT_health}.","Коли ваші істоти воскресають, вони відновлюють на 10% більше {STAT_health}.","Wanneer je wezens worden opgewekt, herstellen ze 10% meer {STAT_health}.","Yaratıkların diriltildiğinde, %10 daha fazla {STAT_health} kazanırlar."
L_CARD_PHOENIX2,,"When your creatures are resurrected, they recover 10% more {STAT_health}.",生き物が復活するとき、{STAT_health}が10%多く回復する。,"Wenn deine Kreaturen wiederbelebt werden, regenerieren sie 10% mehr {STAT_health}.","Lorsque vos créatures sont ressuscitées, elles récupèrent 10% de {STAT_health} supplémentaire.","Cuando tus criaturas son resucitadas, recuperan un 10% más de {STAT_health}.","Quando suas criaturas são ressuscitadas, elas recuperam 10% a mais de {STAT_health}.","Когда ваши существа воскрешаются, они восстанавливают на 10% больше {STAT_health}.","Quando le tue creature vengono resuscitate, recuperano il 10% in più di {STAT_health}.",當你的生物復活時，他們恢復的{STAT_health}增加10%。,当你的生物复活时，它们额外恢复10%{STAT_health}。,"당신의 생물이 부활할 때, {STAT_health}를 10% 더 회복합니다.","Kiedy twoje stworzenia są wskrzeszane, odzyskują o 10% więcej {STAT_health}.","Коли ваші істоти воскресають, вони відновлюють на 10% більше {STAT_health}.","Wanneer je wezens worden opgewekt, herstellen ze 10% meer {STAT_health}.","Yaratıkların diriltildiğinde, %10 daha fazla {STAT_health} kazanırlar."
L_CARD_PHOENIX3,,Your creatures can now be resurrected a maximum of 15 times per battle.,戦闘中、あなたの生物は最大15回まで復活できるようになりました。,Deine Kreaturen können nun maximal 15-mal pro Kampf wiederbelebt werden.,Vos créatures peuvent désormais être ressuscitées un maximum de 15 fois par combat.,Tus criaturas ahora pueden ser resucitadas un máximo de 15 veces por batalla.,Suas criaturas agora podem ser ressuscitadas no máximo 15 vezes por batalha.,Ваши существа теперь могут быть воскрешены максимум 15 раз за бой.,Le tue creature ora possono essere resuscitate un massimo di 15 volte per battaglia.,你的生物現在每場戰鬥最多可以復活15次。,你的生物在每场战斗中最多可以复活15次。,당신의 생물들은 이제 전투당 최대 15번까지 부활할 수 있습니다.,Twoje stworzenia mogą teraz zostać wskrzeszone maksymalnie 15 razy na bitwę.,Ваші істоти тепер можуть бути воскрешені максимум 15 разів за бій.,Je wezens kunnen nu maximaal 15 keer per gevecht worden opgewekt.,Yaratıklarınız artık savaş başına en fazla 15 kez diriltilecek.
L_CARD_MIMIC1,,Mimics drop 100% more loot.,ミミックはルートを100%多く落とす。,Mimics lassen 100% mehr Beute fallen.,Les mimiques lâchent 100% plus de butin.,Los mímicos sueltan un 100% más de botín.,Mímicos derrubam 100% mais espólio.,Мимики дают на 100% больше добычи.,I mimi rilasciano il 100% in più di bottino.,擬態怪掉落的戰利品增加100%。,宝箱怪掉落的战利品增加100%。,미믹이 100% 더 많은 전리품을 드롭합니다.,Mimiki upuszczają o 100% więcej łupów.,Міміки випадають на 100% більше здобичі.,Mimics laten 100% meer buit vallen.,Taklitçiler %100 daha fazla ganimet bırakır.
L_CARD_MIMIC2,,"When you fight a Mimic, it has a 25% chance to start the battle with 1 {STAT_health}.",ミミックと戦う時、25%の確率で戦闘開始時に{STAT_health}が1になっています。,"Wenn du gegen einen Mimik kämpfst, besteht eine 25% Chance, dass er den Kampf mit 1 {STAT_health} beginnt.","Lorsque vous combattez un Mimique, il a 25% de chances de commencer le combat avec 1 {STAT_health}.","Cuando luchas contra un Mímico, tiene un 25% de probabilidad de comenzar el combate con 1 {STAT_health}.","Quando você luta contra um Mímico, ele tem 25% de chance de começar a batalha com 1 {STAT_health}.","Когда вы сражаетесь с Мимиком, у него есть 25% шанс начать бой с 1 {STAT_health}.","Quando combatti un Mimic, ha il 25% di possibilità di iniziare la battaglia con 1 {STAT_health}.",當你與擬箱怪戰鬥時，牠有 25% 的機率在戰鬥開始時只有 1 {STAT_health}。,你与宝箱怪战斗时，有25%的概率使其在战斗开始时只拥有1点{STAT_health}。,"미믹과 싸울 때, 전투 시작 시 25% 확률로 미믹의 {STAT_health}이 1이 됩니다.","Kiedy walczysz z Mimkiem, istnieje 25% szans, że rozpocznie bitwę z 1 {STAT_health}.","Коли ви б'єтеся з Міміком, є 25% шанс, що він почне бій з 1 {STAT_health}.","Wanneer je tegen een Mimic vecht, heeft deze 25% kans om het gevecht te beginnen met 1 {STAT_health}.","Bir Mimic ile savaştığında, savaşa %25 ihtimalle 1 {STAT_health} ile başlama şansı vardır."
L_CARD_MIMIC3,,"After you defeat a Mimic, there is a 5% chance that a Treasure Golem will spawn.",ミミックを倒した後、5%の確率で宝物ゴーレムが出現します。,"Nachdem du einen Mimik besiegst, besteht eine 5% Chance, dass ein Schatzgolem erscheint.","Après avoir vaincu un Mimique, il y a 5% de chances qu'un Golem du Trésor apparaisse.","Después de derrotar a un Mímico, hay un 5% de probabilidad de que aparezca un Gólem del Tesoro.","Depois de derrotar um Mímico, há 5% de chance de que um Golem do Tesouro apareça.","После победы над Мимиком есть 5% шанс, что появится Сокровищный Голем.","Dopo aver sconfitto un Mimic, c'è una probabilità del 5% che appaia un Golem del Tesoro.",當你擊敗一個擬箱怪後，有 5% 的機率會生成一個寶藏魔像。,当你打倒宝箱怪后，有5%的概率会生成宝藏魔像。,미믹을 처치한 후에는 보물 골렘이 5% 확률로 출현할 수 있습니다.,"Po pokonaniu Mimika istnieje 5% szans, że pojawi się Skarbowy Golem.","Після перемоги над Міміком є 5% шанс, що з'явиться Скарбовий Голем.","Nadat je een Mimic verslaat, is er een kans van 5% dat een Schatgolem zal verschijnen.","Bir Taklitçi'yi yendikten sonra, %5 ihtimalle bir Hazine Golemi ortaya çıkacaktır."
L_CARD_DJINN1,,Your creatures' Spell Gems have 10% more {STAT_charges}.,自分のクリーチャーのスペルジェムの{STAT_charges}が10%増加する。,Deine Kreaturen-Zaubersteine haben 10% mehr {STAT_charges}.,Vos gemmes de sort de créatures ont 10% de {STAT_charges} en plus.,Tus criaturas tienen un 10% más de {STAT_charges} en sus Gemas de Hechizo.,Suas criaturas têm 10% mais {STAT_charges} nas Gemas de Feitiço.,У самоцветов заклинаний ваших существ на 10% больше {STAT_charges}.,Le Gemme Incantesimo delle tue creature hanno il 10% in più di {STAT_charges}.,你的生物的法術寶石有額外10%的{STAT_charges}。,你的生物的法术宝石额外拥有10%的{STAT_charges}。,당신의 생물들의 주문 보석은 10% 더 많은 {STAT_charges}를 가집니다.,Klejnoty Zaklęć twoich stworzeń mają o 10% więcej {STAT_charges}.,Самоцвіти заклинань ваших істот мають на 10% більше {STAT_charges}.,Je wezens' Spreuksieraden hebben 10% meer {STAT_charges}.,Yaratıklarının Büyü Taşları %10 daha fazla {STAT_charges} içerir.
L_CARD_DJINN2,,Your creatures' Spell Gems have 1 additional {STAT_charge}.,自分のクリーチャーのスペルジェムは追加で1{STAT_charge}を持つ。,Deine Kreaturen-Zaubersteine haben 1 zusätzliche {STAT_charge}.,Vos créatures ont 1 {STAT_charge} supplémentaire sur leurs Gemmes de Sort.,Tus criaturas tienen 1 {STAT_charge} adicional en sus Gemas de Hechizo.,Suas criaturas têm 1 {STAT_charge} adicional em suas Gemas de Feitiço.,У самоцветов заклинаний ваших существ на 1 {STAT_charge} больше.,Le Gemme Incantesimo delle tue creature hanno 1 {STAT_charge} aggiuntivo.,你的生物的法術寶石有額外 1 點{STAT_charge}。,你的生物的法术宝石额外拥有1点{STAT_charge}。,당신의 생물들의 주문 보석은 추가로 1 {STAT_charge}을 가집니다.,Klejnoty Zaklęć twoich stworzeń mają 1 dodatkowy {STAT_charge}.,Самоцвіти заклинань ваших істот мають 1 додатковий {STAT_charge}.,Je wezens' Spreukstenen hebben 1 extra {STAT_charge}.,Yaratıklarının Büyü Taşları 1 ek {STAT_charge} taşır.
L_CARD_DJINN3,,Your creatures' Ultimate Spell Gems have 1 additional {STAT_charge}.,あなたのクリーチャーのアルティメットスペルジェムは追加で1{STAT_charge}を持つ。,Deine Kreaturen-Ultimative Zaubersteine haben 1 zusätzliche {STAT_charge}.,Vos Gemmes de Sort Ultime de créatures ont 1 {STAT_charge} supplémentaire.,Tus criaturas tienen 1 {STAT_charge} adicional en sus Gemas de Hechizo Definitivo.,As criaturas do seu Gema de Feitiço Supremo têm 1 {STAT_charge} adicional.,У самоцветов предельного заклинания ваших существ на 1 дополнительный {STAT_charge}.,Le Gemme Incantesimo Supremo delle tue creature hanno 1 {STAT_charge} aggiuntivo.,你的生物的終極法術寶石有額外 1 點{STAT_charge}。,你的生物的终极法术宝石额外拥有1点{STAT_charge}。,당신의 생물들의 궁극 주문 보석은 추가로 1 {STAT_charge}을(를) 가집니다.,Klejnoty Ostatecznych Zaklęć twoich stworzeń mają 1 dodatkowy {STAT_charge}.,Самоцвіти Вищих Заклинань ваших істот мають 1 додатковий {STAT_charge}.,Je wezens' Ultieme Spreuksteen heeft 1 extra {STAT_charge}.,Yaratıklarının Nihai Büyü Taşları 1 ek {STAT_charge} içerir.
L_CARD_TROLL1,,Your creatures have 10% more {STAT_speed} while they're {ACTION_provoking}.,生物は{ACTION_provoking}の間、{STAT_speed}が10%増加します。,"Deine Kreaturen haben 10% mehr {STAT_speed}, während sie {ACTION_provoking} sind.",Vos créatures ont 10% de {STAT_speed} en plus lorsqu'elles {ACTION_provoking}.,Tus criaturas tienen un 10% más de {STAT_speed} mientras están {ACTION_provoking}.,Suas criaturas têm 10% mais {STAT_speed} enquanto estão {ACTION_provoking}.,"У ваших существ на 10% больше {STAT_speed}, пока они {ACTION_provoking}.",Le tue creature hanno il 10% in più di {STAT_speed} mentre stanno {ACTION_provoking}.,當你的生物處於{ACTION_provoking}狀態時，其{STAT_speed}提高10%。,当你的生物正在{ACTION_provoking}时，它们的{STAT_speed}提高10%。,당신의 생물들은 {ACTION_provoking} 상태일 때 {STAT_speed}가 10% 증가합니다.,"Twoje stworzenia mają o 10% więcej {STAT_speed}, gdy {ACTION_provoking}.","Ваші істоти мають на 10% більше {STAT_speed}, поки вони {ACTION_provoking}.",Je wezens hebben 10% meer {STAT_speed} terwijl ze {ACTION_provoking} zijn.,Yaratıkların {ACTION_provoking} durumundayken %10 daha fazla {STAT_speed} kazanır.
L_CARD_TROLL2,,Your creatures have 10% more {STAT_speed} while they're {ACTION_provoking}.,生物は{ACTION_provoking}の間、{STAT_speed}が10%増加します。,"Deine Kreaturen haben 10% mehr {STAT_speed}, während sie {ACTION_provoking} sind.",Vos créatures ont 10% de {STAT_speed} en plus lorsqu'elles {ACTION_provoking}.,Tus criaturas tienen un 10% más de {STAT_speed} mientras están {ACTION_provoking}.,Suas criaturas têm 10% a mais de {STAT_speed} enquanto estão {ACTION_provoking}.,"У ваших существ на 10% больше {STAT_speed}, пока они {ACTION_provoking}.",Le tue creature hanno il 10% in più di {STAT_speed} mentre stanno {ACTION_provoking}.,當你的生物處於{ACTION_provoking}狀態時，其{STAT_speed}提高10%。,当你的生物正在{ACTION_provoking}时，它们的{STAT_speed}提高10%。,당신의 생물들은 {ACTION_provoking} 상태일 때 {STAT_speed}가 10% 증가합니다.,"Twoje stworzenia mają o 10% więcej {STAT_speed}, gdy {ACTION_provoking}.","Ваші істоти мають на 10% більше {STAT_speed}, поки вони {ACTION_provoking}.",Je wezens hebben 10% meer {STAT_speed} terwijl ze {ACTION_provoking} zijn.,Yaratıkların {ACTION_provoking} durumdayken %10 daha fazla {STAT_speed} kazanır.
L_CARD_TROLL3,,Your creatures have 10% more {STAT_speed} while they're {ACTION_provoking}.,生物は{ACTION_provoking}の間、{STAT_speed}が10%増加します。,"Deine Kreaturen haben 10% mehr {STAT_speed}, während sie {ACTION_provoking} sind.",Vos créatures ont 10% de {STAT_speed} en plus lorsqu'elles {ACTION_provoking}.,Tus criaturas tienen un 10% más de {STAT_speed} mientras están {ACTION_provoking}.,Suas criaturas têm 10% mais {STAT_speed} enquanto estão {ACTION_provoking}.,"У ваших существ на 10% больше {STAT_speed}, пока они {ACTION_provoking}.",Le tue creature hanno il 10% in più di {STAT_speed} mentre stanno {ACTION_provoking}.,當你的生物處於{ACTION_provoking}狀態時，其{STAT_speed}提高10%。,当你的生物正在{ACTION_provoking}时，它们的{STAT_speed}提高10%。,당신의 생물들은 {ACTION_provoking} 상태일 때 {STAT_speed}가 10% 증가합니다.,"Twoje stworzenia mają o 10% więcej {STAT_speed}, gdy {ACTION_provoking}.","Ваші істоти мають на 10% більше {STAT_speed}, поки вони {ACTION_provoking}.",Je wezens hebben 10% meer {STAT_speed} terwijl ze {ACTION_provoking} zijn.,Yaratıkların {ACTION_provoking} durumundayken %10 daha fazla {STAT_speed} kazanır.
L_CARD_CARVER1,,Your creatures deal 10% more damage to {CLASS_Chaos} creatures.,あなたのクリーチャーは{CLASS_Chaos}クリーチャーに10%多くのダメージを与える。,Deine Kreaturen verursachen 10% mehr Schaden an {CLASS_Chaos} Kreaturen.,Vos créatures infligent 10% de dégâts supplémentaires aux créatures {CLASS_Chaos}.,Tus criaturas infligen un 10% más de daño a las criaturas {CLASS_Chaos}.,Suas criaturas causam 10% a mais de dano em criaturas {CLASS_Chaos}.,Ваши существа наносят на 10% больше урона существам {CLASS_Chaos}.,Le tue creature infliggono il 10% di danno in più alle creature {CLASS_Chaos}.,你的生物對{CLASS_Chaos}生物造成的傷害提高10%。,你的生物对{CLASS_Chaos}生物造成的伤害提高10%。,당신의 생물은 {CLASS_Chaos} 생물에게 10% 더 많은 피해를 입힙니다.,Twoje stworzenia zadają 10% więcej obrażeń stworzeniom {CLASS_Chaos}.,Ваші істоти завдають на 10% більше шкоди істотам {CLASS_Chaos}.,Je wezens doen 10% meer schade aan {CLASS_Chaos} wezens.,{CLASS_Chaos} yaratıklarına karşı yaratıklarınız %10 daha fazla hasar verir.
L_CARD_CARVER2,,Your creatures deal 10% more damage to {CLASS_Chaos} creatures.,あなたのクリーチャーは{CLASS_Chaos}クリーチャーに10%多くのダメージを与える。,Deine Kreaturen verursachen 10% mehr Schaden an {CLASS_Chaos} Kreaturen.,Vos créatures infligent 10% de dégâts supplémentaires aux créatures {CLASS_Chaos}.,Tus criaturas infligen un 10% más de daño a las criaturas {CLASS_Chaos}.,Suas criaturas causam 10% a mais de dano a criaturas {CLASS_Chaos}.,Ваши существа наносят на 10% больше урона существам {CLASS_Chaos}.,Le tue creature infliggono il 10% di danno in più alle creature {CLASS_Chaos}.,你的生物對{CLASS_Chaos}生物造成的傷害提高10%。,你的生物对{CLASS_Chaos}生物造成的伤害提高10%。,당신의 생물은 {CLASS_Chaos} 생물에게 10% 더 많은 피해를 입힙니다.,Twoje stworzenia zadają 10% więcej obrażeń stworzeniom {CLASS_Chaos}.,Ваші істоти завдають на 10% більше шкоди істотам {CLASS_Chaos}.,Je wezens doen 10% meer schade aan {CLASS_Chaos} wezens.,{CLASS_Chaos} yaratıklarına karşı yaratıklarınız %10 daha fazla hasar verir.
L_CARD_CARVER3,,Your creatures deal 10% more damage to {CLASS_Chaos} creatures.,あなたのクリーチャーは{CLASS_Chaos}クリーチャーに10%多くのダメージを与える。,Deine Kreaturen verursachen 10% mehr Schaden an {CLASS_Chaos} Kreaturen.,Vos créatures infligent 10% de dégâts supplémentaires aux créatures {CLASS_Chaos}.,Tus criaturas infligen un 10% más de daño a las criaturas {CLASS_Chaos}.,Suas criaturas causam 10% a mais de dano a criaturas {CLASS_Chaos}.,Ваши существа наносят на 10% больше урона существам {CLASS_Chaos}.,Le tue creature infliggono il 10% di danno in più alle creature {CLASS_Chaos}.,你的生物對{CLASS_Chaos}生物造成的傷害提高10%。,你的生物对{CLASS_Chaos}生物造成的伤害提高10%。,당신의 생물은 {CLASS_Chaos} 생물에게 10% 더 많은 피해를 입힙니다.,Twoje stworzenia zadają 10% więcej obrażeń stworzeniom {CLASS_Chaos}.,Ваші істоти завдають на 10% більше шкоди істотам {CLASS_Chaos}.,Je wezens doen 10% meer schade aan {CLASS_Chaos} wezens.,{CLASS_Chaos} yaratıklarına karşı yaratıklarınız %10 daha fazla hasar verir.
L_CARD_DRYAD1,,Your creatures take 15% less damage from attacks from {CLASS_Nature} creatures.,あなたのクリーチャーは{CLASS_Nature}クリーチャーからの攻撃によるダメージを15%軽減する。,Deine Kreaturen erleiden 15% weniger Schaden durch Angriffe von {CLASS_Nature} Kreaturen.,Vos créatures subissent 15% de dégâts en moins des attaques des créatures {CLASS_Nature}.,Tus criaturas reciben un 15% menos de daño de los ataques de criaturas de {CLASS_Nature}.,Suas criaturas recebem 15% menos dano de ataques de criaturas {CLASS_Nature}.,Ваши существа получают на 15% меньше урона от атак существ {CLASS_Nature}.,Le tue creature subiscono il 15% in meno di danni dagli attacchi delle creature {CLASS_Nature}.,你的生物受到來自{CLASS_Nature}生物攻擊時，所受傷害減少15%。,你的生物受到来自{CLASS_Nature}生物的攻击伤害减少15%。,당신의 생물은 {CLASS_Nature} 생물의 공격으로부터 받는 피해가 15% 감소합니다.,Twoje stworzenia otrzymują o 15% mniej obrażeń od ataków stworzeń {CLASS_Nature}.,Ваші істоти отримують на 15% менше шкоди від атак істот {CLASS_Nature}.,Je wezens krijgen 15% minder schade van aanvallen van {CLASS_Nature} wezens.,{CLASS_Nature} yaratıklarının saldırılarından yaratıklarınız %15 daha az hasar alır.
L_CARD_DRYAD2,,Your creatures take 15% less damage from attacks from {CLASS_Nature} creatures.,あなたのクリーチャーは{CLASS_Nature}クリーチャーからの攻撃によるダメージを15%軽減する。,Deine Kreaturen erleiden 15% weniger Schaden durch Angriffe von {CLASS_Nature} Kreaturen.,Vos créatures subissent 15% de dégâts en moins des attaques des créatures {CLASS_Nature}.,Tus criaturas reciben un 15% menos de daño de los ataques de criaturas de {CLASS_Nature}.,Suas criaturas recebem 15% menos dano de ataques de criaturas {CLASS_Nature}.,Ваши существа получают на 15% меньше урона от атак существ {CLASS_Nature}.,Le tue creature subiscono il 15% in meno di danni dagli attacchi delle creature {CLASS_Nature}.,你的生物受到來自{CLASS_Nature}生物攻擊時，所受傷害減少15%。,你的生物受到来自{CLASS_Nature}生物的攻击伤害减少15%。,당신의 생물은 {CLASS_Nature} 생물의 공격으로부터 받는 피해가 15% 감소합니다.,Twoje stworzenia otrzymują o 15% mniej obrażeń od ataków stworzeń {CLASS_Nature}.,Ваші істоти отримують на 15% менше шкоди від атак істот {CLASS_Nature}.,Je wezens krijgen 15% minder schade van aanvallen van {CLASS_Nature} wezens.,{CLASS_Nature} yaratıklarının saldırılarından yaratıklarınız %15 daha az hasar alır.
L_CARD_DRYAD3,,Your creatures take 15% less damage from attacks from {CLASS_Nature} creatures.,あなたのクリーチャーは{CLASS_Nature}クリーチャーからの攻撃によるダメージを15%軽減する。,Deine Kreaturen erleiden 15% weniger Schaden durch Angriffe von {CLASS_Nature} Kreaturen.,Vos créatures subissent 15% de dégâts en moins des attaques des créatures {CLASS_Nature}.,Tus criaturas reciben un 15% menos de daño de los ataques de criaturas de {CLASS_Nature}.,Suas criaturas recebem 15% menos dano de ataques de criaturas {CLASS_Nature}.,Ваши существа получают на 15% меньше урона от атак существ {CLASS_Nature}.,Le tue creature subiscono il 15% in meno di danni dagli attacchi delle creature {CLASS_Nature}.,你的生物受到來自{CLASS_Nature}生物攻擊時，所受傷害減少15%。,你的生物受到来自{CLASS_Nature}生物的攻击伤害减少15%。,당신의 생물은 {CLASS_Nature} 생물의 공격으로부터 받는 피해가 15% 감소합니다.,Twoje stworzenia otrzymują o 15% mniej obrażeń od ataków stworzeń {CLASS_Nature}.,Ваші істоти отримують на 15% менше шкоди від атак істот {CLASS_Nature}.,Je wezens krijgen 15% minder schade van aanvallen van {CLASS_Nature} wezens.,{CLASS_Nature} yaratıklarının saldırılarından yaratıklarınız %15 daha az hasar alır.
L_CARD_RAVEN1,,Your creatures have 5% more {STAT_intelligence}.,あなたの生物は{STAT_intelligence}が5%増加します。,Deine Kreaturen haben 5% mehr {STAT_intelligence}.,Vos créatures ont 5% de {STAT_intelligence} en plus.,Tus criaturas tienen un 5% más de {STAT_intelligence}.,Suas criaturas têm 5% mais {STAT_intelligence}.,У ваших существ на 5% больше {STAT_intelligence}.,Le tue creature hanno il 5% in più di {STAT_intelligence}.,你的生物獲得額外5%的{STAT_intelligence}。,你的生物拥有的{STAT_intelligence}增加5%。,당신의 생물들은 {STAT_intelligence}이(가) 5% 더 높습니다.,Twoje stworzenia mają o 5% więcej {STAT_intelligence}.,Ваші істоти мають на 5% більше {STAT_intelligence}.,Je wezens hebben 5% meer {STAT_intelligence}.,Yaratıkların %5 daha fazla {STAT_intelligence} sahibi.
L_CARD_RAVEN2,,Your creatures have 5% more {STAT_intelligence}.,あなたの生物は{STAT_intelligence}が5%増加します。,Deine Kreaturen haben 5% mehr {STAT_intelligence}.,Vos créatures ont 5% de {STAT_intelligence} en plus.,Tus criaturas tienen un 5% más de {STAT_intelligence}.,Suas criaturas têm 5% mais {STAT_intelligence}.,У ваших существ на 5% больше {STAT_intelligence}.,Le tue creature hanno il 5% in più di {STAT_intelligence}.,你的生物獲得額外5%的{STAT_intelligence}。,你的生物拥有的{STAT_intelligence}增加5%。,당신의 생물들은 {STAT_intelligence}이(가) 5% 더 높습니다.,Twoje stworzenia mają o 5% więcej {STAT_intelligence}.,Ваші істоти мають на 5% більше {STAT_intelligence}.,Je wezens hebben 5% meer {STAT_intelligence}.,Yaratıkların %5 daha fazla {STAT_intelligence} sahibi.
L_CARD_RAVEN3,,Your creatures have 5% more {STAT_intelligence}.,あなたの生物は{STAT_intelligence}が5%増加します。,Deine Kreaturen haben 5% mehr {STAT_intelligence}.,Vos créatures ont 5% de {STAT_intelligence} en plus.,Tus criaturas tienen un 5% más de {STAT_intelligence}.,Suas criaturas têm 5% mais {STAT_intelligence}.,У ваших существ на 5% больше {STAT_intelligence}.,Le tue creature hanno il 5% in più di {STAT_intelligence}.,你的生物獲得額外5%的{STAT_intelligence}。,你的生物拥有的{STAT_intelligence}增加5%。,당신의 생물들은 {STAT_intelligence}이(가) 5% 더 높습니다.,Twoje stworzenia mają o 5% więcej {STAT_intelligence}.,Ваші істоти мають на 5% більше {STAT_intelligence}.,Je wezens hebben 5% meer {STAT_intelligence}.,Yaratıklarının {STAT_intelligence} değeri %5 daha fazla.
L_CARD_AMARANTH1,,Your creatures have 5% more {STAT_defense}.,自分のクリーチャーの{STAT_defense}が5%上昇する。,Deine Kreaturen haben 5% mehr {STAT_defense}.,Vos créatures ont 5% de {STAT_defense} en plus.,Tus criaturas tienen un 5% más de {STAT_defense}.,Suas criaturas têm 5% a mais de {STAT_defense}.,У ваших существ на 5% больше {STAT_defense}.,Le tue creature hanno il 5% in più di {STAT_defense}.,你的生物獲得額外5%的{STAT_defense}。,你的生物拥有的{STAT_defense}增加5%。,당신의 생물들은 {STAT_defense}가 5% 더 높습니다.,Twoje stworzenia mają o 5% więcej {STAT_defense}.,Ваші істоти мають на 5% більше {STAT_defense}.,Je wezens hebben 5% meer {STAT_defense}.,Yaratıkların {STAT_defense} değeri %5 daha yüksek.
L_CARD_AMARANTH2,,Your creatures have 5% more {STAT_defense}.,あなたの生物は{STAT_defense}が5%増加する。,Deine Kreaturen haben 5% mehr {STAT_defense}.,Vos créatures ont 5% de {STAT_defense} en plus.,Tus criaturas tienen un 5% más de {STAT_defense}.,Suas criaturas têm 5% a mais de {STAT_defense}.,У ваших существ на 5% больше {STAT_defense}.,Le tue creature hanno il 5% in più di {STAT_defense}.,你的生物獲得額外5%的{STAT_defense}。,你的生物拥有的{STAT_defense}增加5%。,당신의 생물들은 {STAT_defense}가 5% 더 높습니다.,Twoje stworzenia mają o 5% więcej {STAT_defense}.,Ваші істоти мають на 5% більше {STAT_defense}.,Je wezens hebben 5% meer {STAT_defense}.,Yaratıkların {STAT_defense} değeri %5 daha yüksek.
L_CARD_AMARANTH3,,Your creatures have 5% more {STAT_defense}.,あなたの生物は{STAT_defense}が5%増加する。,Deine Kreaturen haben 5% mehr {STAT_defense}.,Vos créatures ont 5% de {STAT_defense} en plus.,Tus criaturas tienen un 5% más de {STAT_defense}.,Suas criaturas têm 5% a mais de {STAT_defense}.,У ваших существ на 5% больше {STAT_defense}.,Le tue creature hanno il 5% in più di {STAT_defense}.,你的生物獲得額外5%的{STAT_defense}。,你的生物拥有的{STAT_defense}增加5%。,당신의 생물들은 {STAT_defense}가 5% 더 높습니다.,Twoje stworzenia mają o 5% więcej {STAT_defense}.,Ваші істоти мають на 5% більше {STAT_defense}.,Je wezens hebben 5% meer {STAT_defense}.,Yaratıkların {STAT_defense} değeri %5 daha yüksek.
L_CARD_ASPECT1,,Your creatures with {CONDNAME_BUFF_AGILE} have a 5% greater chance to Dodge attacks.,自分の{CONDNAME_BUFF_AGILE}を持つ生物は攻撃を回避する確率が5%上昇する。,"Deine Kreaturen mit {CONDNAME_BUFF_AGILE} haben eine 5% höhere Chance, Angriffen auszuweichen.",Vos créatures avec {CONDNAME_BUFF_AGILE} ont 5% de chances supplémentaires d'Esquiver les attaques.,Tus criaturas con {CONDNAME_BUFF_AGILE} tienen un 5% más de probabilidad de Esquivar ataques.,Suas criaturas com {CONDNAME_BUFF_AGILE} têm 5% a mais de chance de Esquivar ataques.,Ваши существа с {CONDNAME_BUFF_AGILE} имеют на 5% больше шанса Уклониться от атак.,Le tue creature con {CONDNAME_BUFF_AGILE} hanno una probabilità del 5% maggiore di Schivare gli attacchi.,你的具有{CONDNAME_BUFF_AGILE}的生物有5%更高的機率閃避攻擊。,你拥有{CONDNAME_BUFF_AGILE}的生物闪避攻击的几率提高5%。,당신의 {CONDNAME_BUFF_AGILE} 상태인 생물은 공격을 회피할 확률이 5% 증가합니다.,Twoje stworzenia z {CONDNAME_BUFF_AGILE} mają o 5% większą szansę na Unik przed atakami.,Ваші істоти з {CONDNAME_BUFF_AGILE} мають на 5% більший шанс Ухилитися від атак.,Je wezens met {CONDNAME_BUFF_AGILE} hebben 5% meer kans om aanvallen te Ontwijken.,Çevik ({CONDNAME_BUFF_AGILE}) özelliğine sahip yaratıklarınızın saldırılardan Kaçınma şansı %5 daha fazladır.
L_CARD_ASPECT2,,Your creatures with {CONDNAME_BUFF_AGILE} take 10% less damage.,{CONDNAME_BUFF_AGILE}を持つあなたのクリーチャーは10%少ないダメージを受ける。,Deine Kreaturen mit {CONDNAME_BUFF_AGILE} erleiden 10% weniger Schaden.,Vos créatures avec {CONDNAME_BUFF_AGILE} subissent 10% de dégâts en moins.,Tus criaturas con {CONDNAME_BUFF_AGILE} reciben 10% menos de daño.,Suas criaturas com {CONDNAME_BUFF_AGILE} recebem 10% menos de dano.,Ваши существа с {CONDNAME_BUFF_AGILE} получают на 10% меньше урона.,Le tue creature con {CONDNAME_BUFF_AGILE} subiscono il 10% in meno di danni.,你的具有{CONDNAME_BUFF_AGILE}的生物受到的傷害減少10%。,你拥有{CONDNAME_BUFF_AGILE}的生物受到的伤害减少10%。,당신의 {CONDNAME_BUFF_AGILE} 상태인 생물은 10% 적은 피해를 받습니다.,Twoje stworzenia z {CONDNAME_BUFF_AGILE} otrzymują o 10% mniej obrażeń.,Ваші істоти з {CONDNAME_BUFF_AGILE} отримують на 10% менше шкоди.,Je wezens met {CONDNAME_BUFF_AGILE} krijgen 10% minder schade.,{CONDNAME_BUFF_AGILE} özelliğine sahip yaratıkların aldığı hasar %10 azalır.
L_CARD_ASPECT3,,Your creatures' {CONDNAME_BUFF_AGILE} buff lasts forever.,味方の生物の{CONDNAME_BUFF_AGILE}効果は永続する。,Dein Kreaturen-{CONDNAME_BUFF_AGILE}-Buff hält ewig an.,Votre bonus {CONDNAME_BUFF_AGILE} de créatures dure éternellement.,Tus criaturas conservan el beneficio {CONDNAME_BUFF_AGILE} para siempre.,O bônus de {CONDNAME_BUFF_AGILE} das suas criaturas dura para sempre.,Бафф {CONDNAME_BUFF_AGILE} ваших существ длится вечно.,Le creature con il buff {CONDNAME_BUFF_AGILE} durano per sempre.,你的生物的{CONDNAME_BUFF_AGILE}增益效果永久持續。,你的生物的{CONDNAME_BUFF_AGILE}增益永久持续。,당신의 생물의 {CONDNAME_BUFF_AGILE} 버프가 영원히 지속됩니다.,Efekt wzmacniający {CONDNAME_BUFF_AGILE} twoich stworzeń trwa wiecznie.,Бонус {CONDNAME_BUFF_AGILE} ваших істот триває вічно.,Je wezens' {CONDNAME_BUFF_AGILE} buff duurt voor altijd.,Yaratıklarının {CONDNAME_BUFF_AGILE} güçlendirmesi sonsuza kadar sürer.
L_CARD_BAT1,,Your creatures have 5% more {STAT_attack}.,あなたの生物は{STAT_attack}が5%増加する。,Deine Kreaturen haben 5% mehr {STAT_attack}.,Vos créatures ont 5% de {STAT_attack} en plus.,Tus criaturas tienen 5% más de {STAT_attack}.,Suas criaturas têm 5% a mais de {STAT_attack}.,У ваших существ на 5% больше {STAT_attack}.,Le tue creature hanno il 5% in più di {STAT_attack}.,你的生物獲得額外5%的{STAT_attack}。,你的生物拥有的{STAT_attack}增加5%。,당신의 생물들은 {STAT_attack}이(가) 5% 증가합니다.,Twoje stworzenia mają o 5% więcej {STAT_attack}.,Ваші істоти мають на 5% більше {STAT_attack}.,Je wezens hebben 5% meer {STAT_attack}.,Yaratıkların {STAT_attack} değeri %5 daha fazla.
L_CARD_BAT2,,Your creatures have 5% more {STAT_attack}.,あなたの生物は{STAT_attack}が5%増加する。,Deine Kreaturen haben 5% mehr {STAT_attack}.,Vos créatures ont 5% de {STAT_attack} en plus.,Tus criaturas tienen un 5% más de {STAT_attack}.,Suas criaturas têm 5% a mais de {STAT_attack}.,У ваших существ на 5% больше {STAT_attack}.,Le tue creature hanno il 5% in più di {STAT_attack}.,你的生物獲得額外5%的{STAT_attack}。,你的生物拥有的{STAT_attack}增加5%。,당신의 생물들은 {STAT_attack}이(가) 5% 증가합니다.,Twoje stworzenia mają o 5% więcej {STAT_attack}.,Ваші істоти мають на 5% більше {STAT_attack}.,Je wezens hebben 5% meer {STAT_attack}.,Yaratıkların {STAT_attack} değeri %5 daha fazla.
L_CARD_BAT3,,Your creatures have 5% more {STAT_attack}.,あなたの生物は{STAT_attack}が5%増加する。,Deine Kreaturen haben 5% mehr {STAT_attack}.,Vos créatures ont 5% de {STAT_attack} en plus.,Tus criaturas tienen un 5% más de {STAT_attack}.,Suas criaturas têm 5% a mais de {STAT_attack}.,У ваших существ на 5% больше {STAT_attack}.,Le tue creature hanno il 5% in più di {STAT_attack}.,你的生物獲得額外5%的{STAT_attack}。,你的生物拥有的{STAT_attack}增加5%。,당신의 생물들은 {STAT_attack}이(가) 5% 증가합니다.,Twoje stworzenia mają o 5% więcej {STAT_attack}.,Ваші істоти мають на 5% більше {STAT_attack}.,Je wezens hebben 5% meer {STAT_attack}.,Yaratıkların {STAT_attack} değeri %5 daha fazla.
L_CARD_EFREET1,,Enemies take 15% more damage from {CONDNAME_DEBUFF_BURNED}.,敵は{CONDNAME_DEBUFF_BURNED}から15%多くダメージを受ける。,Feinde erleiden 15% mehr Schaden durch {CONDNAME_DEBUFF_BURNED}.,Les ennemis subissent 15% de dégâts supplémentaires de {CONDNAME_DEBUFF_BURNED}.,Los enemigos reciben un 15% más de daño de {CONDNAME_DEBUFF_BURNED}.,Inimigos recebem 15% mais dano de {CONDNAME_DEBUFF_BURNED}.,Враги получают на 15% больше урона от {CONDNAME_DEBUFF_BURNED}.,I nemici subiscono il 15% di danno in più da {CONDNAME_DEBUFF_BURNED}.,敵人受到的{CONDNAME_DEBUFF_BURNED}傷害增加15%。,敌人受到来自{CONDNAME_DEBUFF_BURNED}的伤害增加15%。,적들은 {CONDNAME_DEBUFF_BURNED}에 의해 15% 더 많은 피해를 입습니다.,Wrogowie otrzymują 15% więcej obrażeń od {CONDNAME_DEBUFF_BURNED}.,Вороги отримують на 15% більше шкоди від {CONDNAME_DEBUFF_BURNED}.,Vijanden krijgen 15% meer schade van {CONDNAME_DEBUFF_BURNED}.,Düşmanlar {CONDNAME_DEBUFF_BURNED} etkisinden %15 daha fazla hasar alır.
L_CARD_EFREET2,,Increases the amount of {STAT_intelligence} added to the {CONDNAME_DEBUFF_BURNED} debuffs your creatures apply by 50%.,{STAT_intelligence}が{CONDNAME_DEBUFF_BURNED}デバフに与える効果を50%増加させます。,"Erhöht die Menge an {STAT_intelligence}, die zu den von deinen Kreaturen angewendeten {CONDNAME_DEBUFF_BURNED}-Schwächungen hinzugefügt wird, um 50%.",Augmente de 50% la quantité de {STAT_intelligence} ajoutée aux malus {CONDNAME_DEBUFF_BURNED} que vos créatures appliquent.,Aumenta en un 50% la cantidad de {STAT_intelligence} añadida a los perjuicios {CONDNAME_DEBUFF_BURNED} que aplican tus criaturas.,Aumenta em 50% a quantidade de {STAT_intelligence} adicionada aos debuffs de {CONDNAME_DEBUFF_BURNED} que suas criaturas aplicam.,"Увеличивает количество {STAT_intelligence}, добавляемое к дебаффам {CONDNAME_DEBUFF_BURNED}, которые накладывают ваши существа, на 50%.",Aumenta del 50% la quantità di {STAT_intelligence} aggiunta ai debuff {CONDNAME_DEBUFF_BURNED} che le tue creature applicano.,增加你的生物施加的{CONDNAME_DEBUFF_BURNED}減益效果中{STAT_intelligence}的數值50%。,你的生物对敌人施加{CONDNAME_DEBUFF_BURNED}减益时，起作用的{STAT_intelligence}提高50%。,{STAT_intelligence}가 당신의 생물이 적용하는 {CONDNAME_DEBUFF_BURNED} 디버프에 추가되는 양을 50% 증가시킵니다.,Zwiększa ilość {STAT_intelligence} dodawaną do debuffów {CONDNAME_DEBUFF_BURNED} nakładanych przez twoje stworzenia o 50%.,"Збільшує кількість {STAT_intelligence}, що додається до дебафів {CONDNAME_DEBUFF_BURNED}, які накладають ваші істоти, на 50%.",Verhoogt de hoeveelheid {STAT_intelligence} die wordt toegevoegd aan de {CONDNAME_DEBUFF_BURNED} debuffs die je wezens toepassen met 50%.,{STAT_intelligence} değerini {CONDNAME_DEBUFF_BURNED} zayıflatma etkilerine yaratıklarınızın uyguladığı %50 arttırır.
L_CARD_EFREET3,,Enemies' {CONDNAME_DEBUFF_BURNED} debuff lasts forever.,敵の{CONDNAME_DEBUFF_BURNED}デバフは永久に持続する。,Gegner-{CONDNAME_DEBUFF_BURNED}-Debuff hält ewig an.,Les malus {CONDNAME_DEBUFF_BURNED} des ennemis durent éternellement.,Los debuffs de {CONDNAME_DEBUFF_BURNED} de los enemigos duran para siempre.,Penalidade de {CONDNAME_DEBUFF_BURNED} dos inimigos dura para sempre.,Дебафф {CONDNAME_DEBUFF_BURNED} врагов длится вечно.,I nemici affetti da {CONDNAME_DEBUFF_BURNED} lo rimangono per sempre.,敵人的{CONDNAME_DEBUFF_BURNED}減益效果永久持續。,敌人的{CONDNAME_DEBUFF_BURNED}减益永久持续。,적의 {CONDNAME_DEBUFF_BURNED} 디버프가 영원히 지속됩니다.,Osłabienie {CONDNAME_DEBUFF_BURNED} przeciwników trwa wiecznie.,Дебаф {CONDNAME_DEBUFF_BURNED} ворогів триває вічно.,Vijanden hun {CONDNAME_DEBUFF_BURNED} verzwakking duurt voor altijd.,Düşmanların {CONDNAME_DEBUFF_BURNED} zayıflatması sonsuza kadar sürer.
L_CARD_LICH1,,Your creatures' {CLASS_Death} spells deal 10% more damage.,自分のクリーチャーの{CLASS_Death}呪文は10%多くのダメージを与える。,Deine Kreaturen verursachen mit {CLASS_Death}-Zaubern 10% mehr Schaden.,Les sorts {CLASS_Death} de vos créatures infligent 10% de dégâts supplémentaires.,Los hechizos de {CLASS_Death} de tus criaturas infligen un 10% más de daño.,As magias {CLASS_Death} das suas criaturas causam 10% mais de dano.,Заклинания {CLASS_Death} ваших существ наносят на 10% больше урона.,Le magie {CLASS_Death} delle tue creature infliggono il 10% di danno in più.,你的生物的{CLASS_Death}法術造成的傷害提高10%。,你的生物的{CLASS_Death}法术造成的伤害提高10%。,당신의 생물들의 {CLASS_Death} 주문이 10% 더 많은 피해를 입힙니다.,Zaklęcia {CLASS_Death} twoich stworzeń zadają o 10% więcej obrażeń.,Закляття {CLASS_Death} ваших істот завдають на 10% більше шкоди.,Je wezens' {CLASS_Death} spreuken doen 10% meer schade.,Yaratıklarının {CLASS_Death} büyüleri %10 daha fazla hasar verir.
L_CARD_LICH2,,Your creatures' damaging {CLASS_Death} spells ignore 10% of the enemies' {STAT_defense}.,味方のクリーチャーの{CLASS_Death}ダメージ呪文は、敵の{STAT_defense}の10%を無視する。,Deine Kreaturen ignorieren mit ihren schadenverursachenden {CLASS_Death}-Zaubern 10% der {STAT_defense} der Feinde.,Les sorts offensifs {CLASS_Death} de vos créatures ignorent 10% de la {STAT_defense} des ennemis.,Tus criaturas con hechizos dañinos de {CLASS_Death} ignoran el 10% de la {STAT_defense} de los enemigos.,As criaturas do seu grupo ignoram 10% da {STAT_defense} dos inimigos com magias de dano de {CLASS_Death}.,Урон от заклинаний {CLASS_Death} ваших существ игнорирует 10% {STAT_defense} противников.,Le magie offensive {CLASS_Death} delle tue creature ignorano il 10% della {STAT_defense} dei nemici.,你的生物的傷害性{CLASS_Death}法術無視敵人10%的{STAT_defense}。,你的生物的伤害性{CLASS_Death}法术无视敌人10%的{STAT_defense}。,당신의 생물들의 피해를 주는 {CLASS_Death} 주문은 적의 {STAT_defense}를 10% 무시합니다.,Niszczące zaklęcia {CLASS_Death} twoich stworzeń ignorują 10% {STAT_defense} przeciwników.,Руйнівні закляття {CLASS_Death} ваших істот ігнорують 10% {STAT_defense} ворогів.,Je wezens' schadelijke {CLASS_Death} spreuken negeren 10% van de {STAT_defense} van de vijanden.,"Yaratıklarınızın hasar veren {CLASS_Death} büyüleri, düşmanların {STAT_defense} değerinin %10'unu yok sayar."
L_CARD_LICH3,,Your creatures' damaging {CLASS_Death} spells have 10% additional {STAT_charges}.,あなたの生物の与ダメージの{CLASS_Death}呪文は10%追加の{STAT_charges}を持つ。,Deine Kreaturen haben 10% zusätzliche {STAT_charges} bei schadenverursachenden {CLASS_Death} Zaubern.,Les sorts offensifs {CLASS_Death} de vos créatures ont 10% de {STAT_charges} supplémentaires.,Tus criaturas con hechizos dañinos de {CLASS_Death} tienen un 10% adicional de {STAT_charges}.,As criaturas que causam dano com magias {CLASS_Death} têm 10% de {STAT_charges} adicionais.,Наносящие урон {CLASS_Death} заклинания ваших существ имеют на 10% больше {STAT_charges}.,Le magie di danno {CLASS_Death} delle tue creature hanno il 10% di {STAT_charges} aggiuntivi.,你的生物的傷害性{CLASS_Death}法術有10%額外的{STAT_charges}。,你的生物的伤害性{CLASS_Death}法术拥有额外10%的{STAT_charges}。,당신의 생물들의 피해를 주는 {CLASS_Death} 주문은 10% 추가 {STAT_charges}를 가집니다.,Niszczące zaklęcia {CLASS_Death} twoich stworzeń mają 10% dodatkowych {STAT_charges}.,Руйнівні закляття {CLASS_Death} ваших істот мають на 10% більше {STAT_charges}.,Je wezens' schadelijke {CLASS_Death} spreuken hebben 10% extra {STAT_charges}.,Yaratıklarının hasar veren {CLASS_Death} büyüleri %10 ek {STAT_charges} kazanır.
L_CARD_ANGEL1,,Your creatures deal 10% more damage to {CLASS_Life} creatures.,{CLASS_Life}の生物に対して、あなたの生物は10%多くのダメージを与える。,Deine Kreaturen verursachen 10% mehr Schaden an {CLASS_Life} Kreaturen.,Vos créatures infligent 10% de dégâts supplémentaires aux créatures {CLASS_Life}.,Tus criaturas infligen un 10% más de daño a las criaturas {CLASS_Life}.,Suas criaturas causam 10% a mais de dano a criaturas {CLASS_Life}.,Ваши существа наносят на 10% больше урона существам {CLASS_Life}.,Le tue creature infliggono il 10% di danno in più alle creature {CLASS_Life}.,你的生物對{CLASS_Life}生物造成的傷害提高10%。,你的生物对{CLASS_Life}生物造成的伤害提高10%。,당신의 생물은 {CLASS_Life} 생물에게 10% 더 많은 피해를 입힙니다.,Twoje stworzenia zadają 10% więcej obrażeń stworzeniom {CLASS_Life}.,Ваші істоти завдають на 10% більше шкоди істотам {CLASS_Life}.,Je wezens doen 10% meer schade aan {CLASS_Life} wezens.,{CLASS_Life} yaratıklarına karşı yaratıklarınız %10 daha fazla hasar verir.
L_CARD_ANGEL2,,Your creatures deal 10% more damage to {CLASS_Life} creatures.,{CLASS_Life}の生物に対して、あなたの生物は10%多くのダメージを与える。,Deine Kreaturen verursachen 10% mehr Schaden an {CLASS_Life} Kreaturen.,Vos créatures infligent 10% de dégâts supplémentaires aux créatures {CLASS_Life}.,Tus criaturas infligen un 10% más de daño a las criaturas {CLASS_Life}.,Suas criaturas causam 10% a mais de dano a criaturas {CLASS_Life}.,Ваши существа наносят на 10% больше урона существам {CLASS_Life}.,Le tue creature infliggono il 10% di danno in più alle creature {CLASS_Life}.,你的生物對{CLASS_Life}生物造成的傷害提高10%。,你的生物对{CLASS_Life}生物造成的伤害提高10%。,당신의 생물은 {CLASS_Life} 생물에게 10% 더 많은 피해를 입힙니다.,Twoje stworzenia zadają 10% więcej obrażeń stworzeniom {CLASS_Life}.,Ваші істоти завдають на 10% більше шкоди істотам {CLASS_Life}.,Je wezens doen 10% meer schade aan {CLASS_Life} wezens.,{CLASS_Life} yaratıklarına karşı yaratıklarınız %10 daha fazla hasar verir.
L_CARD_ANGEL3,,Your creatures deal 10% more damage to {CLASS_Life} creatures.,あなたの生物は{CLASS_Life}の生物に10%多くのダメージを与える。,Deine Kreaturen verursachen 10% mehr Schaden an {CLASS_Life} Kreaturen.,Vos créatures infligent 10% de dégâts supplémentaires aux créatures {CLASS_Life}.,Tus criaturas infligen un 10% más de daño a las criaturas {CLASS_Life}.,Suas criaturas causam 10% a mais de dano a criaturas {CLASS_Life}.,Ваши существа наносят на 10% больше урона существам {CLASS_Life}.,Le tue creature infliggono il 10% di danno in più alle creature {CLASS_Life}.,你的生物對{CLASS_Life}生物造成的傷害提高10%。,你的生物对{CLASS_Life}生物造成的伤害提高10%。,당신의 생물은 {CLASS_Life} 생물에게 10% 더 많은 피해를 입힙니다.,Twoje stworzenia zadają 10% więcej obrażeń stworzeniom {CLASS_Life}.,Ваші істоти завдають на 10% більше шкоди істотам {CLASS_Life}.,Je wezens doen 10% meer schade aan {CLASS_Life} wezens.,{CLASS_Life} yaratıklarına karşı yaratıklarınız %10 daha fazla hasar verir.
L_CARD_OCCULTIST1,,Your creatures' {CLASS_Sorcery} spells deal 10% more damage.,自分のクリーチャーの{CLASS_Sorcery}呪文は10%多くのダメージを与える。,Deine Kreaturen verursachen mit {CLASS_Sorcery}-Zaubern 10% mehr Schaden.,Les sorts de {CLASS_Sorcery} de vos créatures infligent 10% de dégâts supplémentaires.,Tus criaturas hacen un 10% más de daño con hechizos de {CLASS_Sorcery}.,As criaturas do seu {CLASS_Sorcery} causam 10% a mais de dano com magias.,Заклинания {CLASS_Sorcery} ваших существ наносят на 10% больше урона.,Le magie {CLASS_Sorcery} delle tue creature infliggono il 10% di danno in più.,你的生物的{CLASS_Sorcery}法術造成的傷害提高10%。,你的生物的{CLASS_Sorcery}法术造成的伤害提高10%。,당신의 생물들의 {CLASS_Sorcery} 주문이 10% 더 많은 피해를 입힙니다.,Zaklęcia {CLASS_Sorcery} twoich stworzeń zadają o 10% więcej obrażeń.,Закляття {CLASS_Sorcery} ваших істот завдають на 10% більше шкоди.,Je wezens' {CLASS_Sorcery} spreuken doen 10% meer schade.,Yaratıklarının {CLASS_Sorcery} büyüleri %10 daha fazla hasar verir.
L_CARD_OCCULTIST2,,Your creatures' damaging {CLASS_Sorcery} spells ignore 10% of their enemies' {STAT_defense}.,自分のクリーチャーの与ダメージ{CLASS_Sorcery}呪文は、敵の{STAT_defense}の10%を無視する。,Deine Kreaturen ignorieren mit ihren schadenverursachenden {CLASS_Sorcery}-Zaubern 10% der {STAT_defense} ihrer Feinde.,Les sorts offensifs de {CLASS_Sorcery} de vos créatures ignorent 10% de la {STAT_defense} de leurs ennemis.,Tus criaturas con hechizos de daño de {CLASS_Sorcery} ignoran el 10% de la {STAT_defense} de sus enemigos.,As criaturas do seu grupo ignoram 10% da {STAT_defense} dos inimigos com seus feitiços de dano de {CLASS_Sorcery}.,Разрушительные заклинания {CLASS_Sorcery} ваших существ игнорируют 10% {STAT_defense} их врагов.,Le magie {CLASS_Sorcery} dannose delle tue creature ignorano il 10% della {STAT_defense} dei loro nemici.,你的生物的傷害性{CLASS_Sorcery}法術會無視敵人10%的{STAT_defense}。,你的生物的伤害性{CLASS_Sorcery}法术无视敌人10%的{STAT_defense}。,당신의 생물들의 피해를 주는 {CLASS_Sorcery} 주문은 적의 {STAT_defense}를 10% 무시합니다.,Niszczące zaklęcia {CLASS_Sorcery} twoich stworzeń ignorują 10% {STAT_defense} przeciwników.,Руйнівні закляття {CLASS_Sorcery} ваших істот ігнорують 10% {STAT_defense} їхніх ворогів.,Je wezens' schadelijke {CLASS_Sorcery} spreuken negeren 10% van de {STAT_defense} van hun vijanden.,"Yaratıklarınızın hasar veren {CLASS_Sorcery} büyüleri, düşmanlarının {STAT_defense} değerinin %10'unu görmezden gelir."
L_CARD_OCCULTIST3,,Your creatures' {CLASS_Sorcery} spells have 10% additional {STAT_charges}.,自分のクリーチャーの{CLASS_Sorcery}呪文は10%追加の{STAT_charges}を持つ。,Deine Kreaturen haben 10% zusätzliche {STAT_charges} bei {CLASS_Sorcery}-Zaubern.,Les sorts de {CLASS_Sorcery} de vos créatures ont 10% de {STAT_charges} supplémentaires.,Tus criaturas tienen un 10% adicional de {STAT_charges} en sus hechizos de {CLASS_Sorcery}.,As criaturas do seu {CLASS_Sorcery} têm 10% de {STAT_charges} adicionais.,Заклинания {CLASS_Sorcery} ваших существ имеют на 10% больше {STAT_charges}.,Le magie {CLASS_Sorcery} delle tue creature hanno il 10% di {STAT_charges} aggiuntive.,你的生物的{CLASS_Sorcery}法術有額外10%的{STAT_charges}。,你的生物的{CLASS_Sorcery}法术有额外10%的{STAT_charges}。,당신의 생물들의 {CLASS_Sorcery} 주문은 10% 추가 {STAT_charges}를 가집니다.,Zaklęcia {CLASS_Sorcery} twoich stworzeń mają 10% dodatkowych {STAT_charges}.,Заклинання {CLASS_Sorcery} ваших істот мають на 10% більше {STAT_charges}.,Je wezens' {CLASS_Sorcery} spreuken hebben 10% extra {STAT_charges}.,Yaratıklarının {CLASS_Sorcery} büyüleri %10 ek {STAT_charges} sahiptir.
L_CARD_DRAGON1,,Your creatures deal 10% more damage to {CLASS_Sorcery} creatures.,あなたのクリーチャーは{CLASS_Sorcery}クリーチャーに10%多くのダメージを与える。,Deine Kreaturen verursachen 10% mehr Schaden an {CLASS_Sorcery} Kreaturen.,Vos créatures infligent 10% de dégâts supplémentaires aux créatures {CLASS_Sorcery}.,Tus criaturas infligen un 10% más de daño a las criaturas de {CLASS_Sorcery}.,Suas criaturas causam 10% a mais de dano a criaturas {CLASS_Sorcery}.,Ваши существа наносят на 10% больше урона существам {CLASS_Sorcery}.,Le tue creature infliggono il 10% di danno in più alle creature {CLASS_Sorcery}.,你的生物對{CLASS_Sorcery}生物造成的傷害提高10%。,你的生物对{CLASS_Sorcery}生物造成的伤害提高10%。,당신의 생물은 {CLASS_Sorcery} 생물에게 10% 더 많은 피해를 입힙니다.,Twoje stworzenia zadają 10% więcej obrażeń stworzeniom {CLASS_Sorcery}.,Ваші істоти завдають на 10% більше шкоди істотам {CLASS_Sorcery}.,Je wezens doen 10% meer schade aan {CLASS_Sorcery} wezens.,Yaratıkların {CLASS_Sorcery} yaratıklarına %10 daha fazla hasar verir.
L_CARD_DRAGON2,,Your creatures deal 10% more damage to {CLASS_Sorcery} creatures.,あなたのクリーチャーは{CLASS_Sorcery}クリーチャーに10%多くのダメージを与える。,Deine Kreaturen verursachen 10% mehr Schaden an {CLASS_Sorcery} Kreaturen.,Vos créatures infligent 10% de dégâts supplémentaires aux créatures {CLASS_Sorcery}.,Tus criaturas infligen un 10% más de daño a las criaturas de {CLASS_Sorcery}.,Suas criaturas causam 10% a mais de dano a criaturas {CLASS_Sorcery}.,Ваши существа наносят на 10% больше урона существам {CLASS_Sorcery}.,Le tue creature infliggono il 10% di danno in più alle creature {CLASS_Sorcery}.,你的生物對{CLASS_Sorcery}生物造成的傷害提高10%。,你的生物对{CLASS_Sorcery}生物造成的伤害提高10%。,당신의 생물은 {CLASS_Sorcery} 생물에게 10% 더 많은 피해를 입힙니다.,Twoje stworzenia zadają 10% więcej obrażeń stworzeniom {CLASS_Sorcery}.,Ваші істоти завдають на 10% більше шкоди істотам {CLASS_Sorcery}.,Je wezens doen 10% meer schade aan {CLASS_Sorcery} wezens.,Yaratıkların {CLASS_Sorcery} yaratıklarına %10 daha fazla hasar verir.
L_CARD_DRAGON3,,Your creatures deal 10% more damage to {CLASS_Sorcery} creatures.,あなたのクリーチャーは{CLASS_Sorcery}クリーチャーに10%多くのダメージを与える。,Deine Kreaturen verursachen 10% mehr Schaden an {CLASS_Sorcery} Kreaturen.,Vos créatures infligent 10% de dégâts supplémentaires aux créatures {CLASS_Sorcery}.,Tus criaturas infligen un 10% más de daño a las criaturas de {CLASS_Sorcery}.,Suas criaturas causam 10% a mais de dano a criaturas {CLASS_Sorcery}.,Ваши существа наносят на 10% больше урона существам {CLASS_Sorcery}.,Le tue creature infliggono il 10% di danno in più alle creature {CLASS_Sorcery}.,你的生物對{CLASS_Sorcery}生物造成的傷害提高10%。,你的生物对{CLASS_Sorcery}生物造成的伤害提高10%。,당신의 생물은 {CLASS_Sorcery} 생물에게 10% 더 많은 피해를 입힙니다.,Twoje stworzenia zadają 10% więcej obrażeń stworzeniom {CLASS_Sorcery}.,Ваші істоти завдають на 10% більше шкоди істотам {CLASS_Sorcery}.,Je wezens doen 10% meer schade aan {CLASS_Sorcery} wezens.,Yaratıkların {CLASS_Sorcery} yaratıklarına %10 daha fazla hasar verir.
L_CARD_GOLEM1,,You gain 30% more {RES_ESSENCE} from battles.,戦闘から得られる{RES_ESSENCE}が30%増加する。,Du erhältst 30% mehr {RES_ESSENCE} aus Kämpfen.,Vous gagnez 30% de {RES_ESSENCE} en plus lors des combats.,Obtienes un 30% más de {RES_ESSENCE} de las batallas.,Você ganha 30% mais {RES_ESSENCE} em batalhas.,Вы получаете на 30% больше {RES_ESSENCE} из сражений.,Ottieni il 30% in più di {RES_ESSENCE} dalle battaglie.,你在戰鬥中獲得的{RES_ESSENCE}增加30%。,你在战斗中获得的{RES_ESSENCE}增加30%。,전투에서 {RES_ESSENCE}를 30% 더 획득합니다.,Zyskujesz 30% więcej {RES_ESSENCE} z bitew.,Ви отримуєте на 30% більше {RES_ESSENCE} з битв.,Je krijgt 30% meer {RES_ESSENCE} uit gevechten.,Savaşlardan %30 daha fazla {RES_ESSENCE} kazanırsın.
L_CARD_GOLEM2,,Increases the base amount of {RES_ESSENCE} gained from battles by 15.,戦闘から獲得する{RES_ESSENCE}の基本量を15増加させる。,"Erhöht die Basismenge an {RES_ESSENCE}, die aus Kämpfen gewonnen wird, um 15.",Augmente de 15 la quantité de base de {RES_ESSENCE} obtenue lors des combats.,Aumenta la cantidad base de {RES_ESSENCE} obtenida en batallas en un 15.,Aumenta a quantidade base de {RES_ESSENCE} obtida em batalhas em 15.,"Увеличивает базовое количество {RES_ESSENCE}, получаемого в боях, на 15.",Aumenta la quantità base di {RES_ESSENCE} ottenuta dalle battaglie del 15.,增加從戰鬥中獲得的基礎{RES_ESSENCE}數量15%。,从战斗中获取的基础{RES_ESSENCE}数量提高15。,전투에서 획득하는 {RES_ESSENCE}의 기본 양을 15만큼 증가시킵니다.,Zwiększa podstawową ilość {RES_ESSENCE} zdobywaną w bitwach o 15.,"Збільшує базову кількість {RES_ESSENCE}, отриману в боях, на 15.",Verhoogt de basishoeveelheid {RES_ESSENCE} verkregen uit gevechten met 15.,Savaşlardan kazanılan {RES_ESSENCE} temel miktarını %15 artırır.
L_CARD_GOLEM3,,You have a 15% chance to gain double {RES_ESSENCE} from battles.,戦闘から{RES_ESSENCE}を2倍獲得する確率が15%あります。,"Du hast eine 15% Chance, doppeltes {RES_ESSENCE} aus Kämpfen zu erhalten.",Vous avez 15% de chances d'obtenir le double de {RES_ESSENCE} lors des combats.,Tienes un 15% de probabilidad de obtener el doble de {RES_ESSENCE} en las batallas.,Você tem 15% de chance de ganhar o dobro de {RES_ESSENCE} nas batalhas.,У вас есть 15% шанс получить вдвое больше {RES_ESSENCE} из сражений.,Hai una probabilità del 15% di ottenere il doppio di {RES_ESSENCE} dalle battaglie.,你有15%的機會在戰鬥中獲得雙倍{RES_ESSENCE}。,你有15%的概率从战斗中获取双倍{RES_ESSENCE}。,전투에서 {RES_ESSENCE}를 두 배로 획득할 확률이 15% 있습니다.,Masz 15% szansy na zdobycie podwójnej ilości {RES_ESSENCE} z bitew.,У вас є 15% шанс отримати подвійну кількість {RES_ESSENCE} з битв.,Je hebt 15% kans om dubbele {RES_ESSENCE} te krijgen uit gevechten.,Savaşlardan çift {RES_ESSENCE} kazanmak için %15 şansın var.
L_CARD_DEVIL1,,Your creatures deal 5% more damage.,自分のクリーチャーが与えるダメージが5%増加する。,Deine Kreaturen verursachen 5% mehr Schaden.,Vos créatures infligent 5% de dégâts supplémentaires.,Tus criaturas infligen un 5% más de daño.,Suas criaturas causam 5% a mais de dano.,Ваши существа наносят на 5% больше урона.,Le tue creature infliggono il 5% di danno in più.,你的生物造成的傷害提高5%。,你的生物造成的伤害提高5%。,당신의 생물들이 5% 더 많은 피해를 입힙니다.,Twoje stworzenia zadają o 5% więcej obrażeń.,Ваші істоти завдають на 5% більше шкоди.,Je wezens doen 5% meer schade.,Yaratıkların %5 daha fazla hasar verir.
L_CARD_DEVIL2,,Your creatures deal 5% more damage.,自分のクリーチャーが与えるダメージが5%増加する。,Deine Kreaturen verursachen 5% mehr Schaden.,Vos créatures infligent 5% de dégâts supplémentaires.,Tus criaturas infligen un 5% más de daño.,Suas criaturas causam 5% mais dano.,Ваши существа наносят на 5% больше урона.,Le tue creature infliggono il 5% di danno in più.,你的生物造成的傷害提高5%。,你的生物造成的伤害提高5%。,당신의 생물들이 5% 더 많은 피해를 입힙니다.,Twoje stworzenia zadają o 5% więcej obrażeń.,Ваші істоти завдають на 5% більше шкоди.,Je wezens doen 5% meer schade.,Yaratıkların %5 daha fazla hasar verir.
L_CARD_DEVIL3,,Your creatures deal 5% more damage.,自分のクリーチャーが与えるダメージが5%増加する。,Deine Kreaturen verursachen 5% mehr Schaden.,Vos créatures infligent 5% de dégâts supplémentaires.,Tus criaturas infligen un 5% más de daño.,Suas criaturas causam 5% mais dano.,Ваши существа наносят на 5% больше урона.,Le tue creature infliggono il 5% di danno in più.,你的生物造成的傷害提高5%。,你的生物造成的伤害提高5%。,당신의 생물들이 5% 더 많은 피해를 입힙니다.,Twoje stworzenia zadają o 5% więcej obrażeń.,Ваші істоти завдають на 5% більше шкоди.,Je wezens doen 5% meer schade.,Yaratıkların %5 daha fazla hasar verir.
L_CARD_BROWNIE1,,Your creatures' {CONDNAME_BUFF_SPLASH} buff deals 10% more damage to adjacent creatures.,自分のクリーチャーの{CONDNAME_BUFF_SPLASH}バフは、隣接するクリーチャーに10%多くのダメージを与える。,Dein {CONDNAME_BUFF_SPLASH}-Buff deiner Kreaturen verursacht 10% mehr Schaden an benachbarten Kreaturen.,Votre bonus {CONDNAME_BUFF_SPLASH} des créatures inflige 10% de dégâts supplémentaires aux créatures adjacentes.,Tus criaturas con el beneficio {CONDNAME_BUFF_SPLASH} infligen un 10% más de daño a las criaturas adyacentes.,As criaturas afetadas pelo seu buff {CONDNAME_BUFF_SPLASH} causam 10% a mais de dano às criaturas adjacentes.,Усиление {CONDNAME_BUFF_SPLASH} ваших существ наносит на 10% больше урона соседним существам.,Le creature con il buff {CONDNAME_BUFF_SPLASH} infliggono il 10% di danni in più alle creature adiacenti.,你的生物的{CONDNAME_BUFF_SPLASH}增益效果對相鄰生物造成的傷害提高10%。,你的生物的{CONDNAME_BUFF_SPLASH}增益对相邻生物造成的伤害提高10%。,당신 생물의 {CONDNAME_BUFF_SPLASH} 버프가 인접한 생물에게 10% 더 많은 피해를 입힙니다.,Efekt wzmocnienia {CONDNAME_BUFF_SPLASH} twoich stworzeń zadaje o 10% więcej obrażeń sąsiednim stworzeniom.,Бафф {CONDNAME_BUFF_SPLASH} ваших істот завдає на 10% більше шкоди сусіднім істотам.,Je wezens' {CONDNAME_BUFF_SPLASH} buff veroorzaakt 10% meer schade aan aangrenzende wezens.,"Yaratıklarının {CONDNAME_BUFF_SPLASH} güçlendirmesi, bitişik yaratıklara %10 daha fazla hasar verir."
L_CARD_BROWNIE2,,Your creatures' {CONDNAME_BUFF_SPLASH} buff deals its damage to 1 additional enemy.,味方の生物の{CONDNAME_BUFF_SPLASH}バフは、追加で1体の敵にダメージを与える。,Dein Kreaturen-{CONDNAME_BUFF_SPLASH}-Buff verursacht seinen Schaden an 1 zusätzlichen Gegner.,Votre bonus {CONDNAME_BUFF_SPLASH} de créatures inflige ses dégâts à 1 ennemi supplémentaire.,Tus criaturas con el beneficio {CONDNAME_BUFF_SPLASH} infligen su daño a 1 enemigo adicional.,As criaturas com o bônus {CONDNAME_BUFF_SPLASH} causam seu dano a 1 inimigo adicional.,Усиление {CONDNAME_BUFF_SPLASH} ваших существ наносит урон 1 дополнительному врагу.,Le tue creature infliggono il danno del loro buff {CONDNAME_BUFF_SPLASH} a 1 nemico aggiuntivo.,你的生物的{CONDNAME_BUFF_SPLASH}增益效果對額外1名敵人造成傷害。,你的生物的{CONDNAME_BUFF_SPLASH}增益额外对1个敌人造成伤害。,당신 생물의 {CONDNAME_BUFF_SPLASH} 버프가 추가 적 1명에게 피해를 입힙니다.,Efekt {CONDNAME_BUFF_SPLASH} twoich stworzeń zadaje obrażenia 1 dodatkowemu wrogowi.,Бафф {CONDNAME_BUFF_SPLASH} ваших істот завдає своєї шкоди 1 додатковому ворогу.,Je wezens' {CONDNAME_BUFF_SPLASH} buff doet zijn schade aan 1 extra vijand.,Yaratıklarının {CONDNAME_BUFF_SPLASH} güçlendirmesi hasarını 1 ek düşmana verir.
L_CARD_BROWNIE3,,Your creatures' {CONDNAME_BUFF_SPLASH} buff has a 10% chance to activate twice.,味方の生物の{CONDNAME_BUFF_SPLASH}バフが10%の確率で2回発動する。,"Dein Kreaturen-{CONDNAME_BUFF_SPLASH}-Buff hat eine 10% Chance, zweimal zu aktivieren.",Votre bonus {CONDNAME_BUFF_SPLASH} de créatures a 10% de chances de s'activer deux fois.,Las criaturas con tu mejora {CONDNAME_BUFF_SPLASH} tienen un 10% de probabilidad de activarse dos veces.,As criaturas com seu bônus {CONDNAME_BUFF_SPLASH} têm 10% de chance de ativar duas vezes.,Бафф {CONDNAME_BUFF_SPLASH} ваших существ имеет 10% шанс активироваться дважды.,Le tue creature hanno una probabilità del 10% che il buff {CONDNAME_BUFF_SPLASH} si attivi due volte.,你的生物的{CONDNAME_BUFF_SPLASH}增益效果有10%的機會觸發兩次。,你的生物的{CONDNAME_BUFF_SPLASH}增益有10%几率触发两次。,당신의 생물의 {CONDNAME_BUFF_SPLASH} 버프가 10% 확률로 두 번 발동됩니다.,Efekt {CONDNAME_BUFF_SPLASH} twoich stworzeń ma 10% szans na aktywację dwa razy.,Ваші істоти мають 10% шанс активувати бафф {CONDNAME_BUFF_SPLASH} двічі.,Je wezens' {CONDNAME_BUFF_SPLASH} buff heeft 10% kans om twee keer te activeren.,Yaratıklarının {CONDNAME_BUFF_SPLASH} güçlendirmesinin %10 şansla iki kez etkinleşme ihtimali var.
L_CARD_WYVERN1,,Your creatures take 5% less damage from spells.,自分のクリーチャーは呪文からのダメージを5%軽減する。,Deine Kreaturen erleiden 5% weniger Schaden durch Zauber.,Vos créatures subissent 5% de dégâts en moins des sorts.,Tus criaturas reciben un 5% menos de daño de los hechizos.,Suas criaturas recebem 5% menos dano de magias.,Ваши существа получают на 5% меньше урона от заклинаний.,Le tue creature subiscono il 5% in meno di danni dagli incantesimi.,你的生物受到法術傷害減少5%。,你的生物受到的法术伤害减少5%。,당신의 생물들은 주문으로부터 받는 피해가 5% 감소합니다.,Twoje stworzenia otrzymują 5% mniej obrażeń od zaklęć.,Ваші істоти отримують на 5% менше пошкоджень від заклинань.,Je wezens nemen 5% minder schade van spreuken.,Yaratıkların büyülerden %5 daha az hasar alır.
L_CARD_WYVERN2,,Your creatures take 5% less damage from spells.,自分のクリーチャーは呪文からのダメージを5%軽減する。,Deine Kreaturen erleiden 5% weniger Schaden durch Zauber.,Vos créatures subissent 5% de dégâts en moins des sorts.,Tus criaturas reciben un 5% menos de daño de hechizos.,Suas criaturas recebem 5% menos dano de magias.,Ваши существа получают на 5% меньше урона от заклинаний.,Le tue creature subiscono il 5% in meno di danni dagli incantesimi.,你的生物受到法術傷害減少5%。,你的生物受到的法术伤害减少5%。,당신의 생물들은 주문으로부터 받는 피해가 5% 감소합니다.,Twoje stworzenia otrzymują 5% mniej obrażeń od zaklęć.,Ваші істоти отримують на 5% менше пошкоджень від заклинань.,Je wezens nemen 5% minder schade van spreuken.,Yaratıkların büyülerden %5 daha az hasar alır.
L_CARD_WYVERN3,,Your creatures take 5% less damage from spells.,自分のクリーチャーは呪文からのダメージを5%軽減する。,Deine Kreaturen erleiden 5% weniger Schaden durch Zauber.,Vos créatures subissent 5% de dégâts en moins des sorts.,Tus criaturas reciben un 5% menos de daño de los hechizos.,Suas criaturas recebem 5% menos dano de magias.,Ваши существа получают на 5% меньше урона от заклинаний.,Le tue creature subiscono il 5% in meno di danni dagli incantesimi.,你的生物受到法術傷害減少5%。,你的生物受到的法术伤害减少5%。,당신의 생물들은 주문으로부터 받는 피해가 5% 감소합니다.,Twoje stworzenia otrzymują 5% mniej obrażeń od zaklęć.,Ваші істоти отримують на 5% менше пошкоджень від заклинань.,Je wezens nemen 5% minder schade van spreuken.,Yaratıkların büyülerden %5 daha az hasar alır.
L_CARD_SLIME1,,Enemies that are {CONDNAME_DEBUFF_CONFUSED} have a 10% greater chance to {ACTION_attack} their allies.,{CONDNAME_DEBUFF_CONFUSED}状態の敵は、味方を{ACTION_attack}する確率が10%上昇します。,"Gegner, die {CONDNAME_DEBUFF_CONFUSED} sind, haben eine 10% höhere Chance, ihre Verbündeten zu {ACTION_attack}.",Les ennemis qui sont {CONDNAME_DEBUFF_CONFUSED} ont 10% plus de chances d'{ACTION_attack} leurs alliés.,Los enemigos que están {CONDNAME_DEBUFF_CONFUSED} tienen un 10% más de probabilidad de {ACTION_attack} a sus aliados.,Inimigos que estão {CONDNAME_DEBUFF_CONFUSED} têm 10% mais chances de {ACTION_attack} seus aliados.,"Враги, находящиеся под эффектом {CONDNAME_DEBUFF_CONFUSED}, имеют на 10% больше шансов {ACTION_attack} своих союзников.",I nemici che sono {CONDNAME_DEBUFF_CONFUSED} hanno una probabilità del 10% maggiore di {ACTION_attack} i propri alleati.,處於{CONDNAME_DEBUFF_CONFUSED}狀態的敵人有10%更高的機率{ACTION_attack}他們的盟友。,带有{CONDNAME_DEBUFF_CONFUSED}的敌人{ACTION_attack}其盟友的几率提高10%。,{CONDNAME_DEBUFF_CONFUSED} 상태인 적은 아군을 {ACTION_attack}할 확률이 10% 증가합니다.,"Wrogowie, którzy są {CONDNAME_DEBUFF_CONFUSED} mają o 10% większą szansę na {ACTION_attack} swoich sojuszników.","Вороги, які {CONDNAME_DEBUFF_CONFUSED}, мають на 10% більший шанс {ACTION_attack} своїх союзників.",Vijanden die {CONDNAME_DEBUFF_CONFUSED} zijn hebben 10% meer kans om hun bondgenoten te {ACTION_attack}.,{CONDNAME_DEBUFF_CONFUSED} olan düşmanların müttefiklerine {ACTION_attack} yapma olasılığı %10 daha fazladır.
L_CARD_SLIME2,,Enemies that are {CONDNAME_DEBUFF_CONFUSED} have a 10% greater chance to {ACTION_cast} harmful spells on their allies.,{CONDNAME_DEBUFF_CONFUSED}状態の敵は、味方に有害な呪文を{ACTION_cast}する確率が10%上昇します。,"Feinde, die {CONDNAME_DEBUFF_CONFUSED} sind, haben eine 10% höhere Chance, schädliche Zauber auf ihre Verbündeten zu {ACTION_cast}.",Les ennemis qui sont {CONDNAME_DEBUFF_CONFUSED} ont 10% plus de chances de {ACTION_cast} des sorts nuisibles sur leurs alliés.,Los enemigos que están {CONDNAME_DEBUFF_CONFUSED} tienen un 10% más de probabilidad de {ACTION_cast} hechizos dañinos sobre sus aliados.,Inimigos que estão {CONDNAME_DEBUFF_CONFUSED} têm 10% mais chance de {ACTION_cast} magias prejudiciais em seus aliados.,"Враги, находящиеся под эффектом {CONDNAME_DEBUFF_CONFUSED}, имеют на 10% больше шансов {ACTION_cast} вредоносные заклинания на своих союзников.",I nemici che sono {CONDNAME_DEBUFF_CONFUSED} hanno una probabilità del 10% maggiore di {ACTION_cast} incantesimi dannosi sui loro alleati.,處於{CONDNAME_DEBUFF_CONFUSED}狀態的敵人有10%更高的機率對自己的盟友{ACTION_cast}有害法術。,带有{CONDNAME_DEBUFF_CONFUSED}的敌人对其盟友{ACTION_cast}有害法术的几率提高10%。,{CONDNAME_DEBUFF_CONFUSED} 상태의 적은 아군에게 해로운 주문을 {ACTION_cast}할 확률이 10% 증가합니다.,"Wrogowie, którzy są {CONDNAME_DEBUFF_CONFUSED} mają o 10% większą szansę na {ACTION_cast} szkodliwych zaklęć na swoich sojuszników.","Вороги, які {CONDNAME_DEBUFF_CONFUSED}, мають на 10% більший шанс {ACTION_cast} шкідливі закляття на своїх союзників.",Vijanden die {CONDNAME_DEBUFF_CONFUSED} zijn hebben 10% meer kans om schadelijke spreuken op hun bondgenoten te {ACTION_cast}.,"{CONDNAME_DEBUFF_CONFUSED} olan düşmanların, müttefiklerine zararlı büyüler {ACTION_cast} yapma olasılığı %10 daha fazladır."
L_CARD_SLIME3,,"After an enemy's {CONDNAME_DEBUFF_CONFUSED} debuff activates, the duration of this debuff increases by 1.",敵の{CONDNAME_DEBUFF_CONFUSED}デバフが発動した後、このデバフの持続時間が1増加する。,"Nachdem der {CONDNAME_DEBUFF_CONFUSED}-Malus eines Gegners aktiviert wird, erhöht sich die Dauer dieses Malus um 1.","Après l'activation du malus {CONDNAME_DEBUFF_CONFUSED} d'un ennemi, la durée de ce malus augmente de 1.","Después de que se active el perjuicio {CONDNAME_DEBUFF_CONFUSED} de un enemigo, la duración de este perjuicio aumenta en 1.","Após a ativação do debuff {CONDNAME_DEBUFF_CONFUSED} de um inimigo, a duração desse debuff aumenta em 1.","После активации дебаффа {CONDNAME_DEBUFF_CONFUSED} врага, длительность этого дебаффа увеличивается на 1.","Dopo che il debuff {CONDNAME_DEBUFF_CONFUSED} di un nemico si attiva, la durata di questo debuff aumenta di 1.",在敵人的{CONDNAME_DEBUFF_CONFUSED}減益效果觸發後，此減益效果的持續時間增加1回合。,当敌人的{CONDNAME_DEBUFF_CONFUSED}减益触发后，其持续时间加1。,"적의 {CONDNAME_DEBUFF_CONFUSED} 디버프가 활성화된 후, 이 디버프의 지속 시간이 1 증가합니다.","Po aktywacji osłabienia {CONDNAME_DEBUFF_CONFUSED} przeciwnika, czas trwania tego osłabienia zwiększa się o 1.","Після активації дебафу {CONDNAME_DEBUFF_CONFUSED} ворога, тривалість цього дебафу збільшується на 1.","Nadat de {CONDNAME_DEBUFF_CONFUSED} verzwakking van een vijand activeert, neemt de duur van deze verzwakking toe met 1.","Bir düşmanın {CONDNAME_DEBUFF_CONFUSED} zayıflatması etkinleştikten sonra, bu zayıflatmanın süresi 1 artar."
L_CARD_UNICORN1,,Your creatures take 15% less damage from attacks from {CLASS_Life} creatures.,あなたのクリーチャーは{CLASS_Life}クリーチャーからの攻撃によるダメージを15%軽減する。,Deine Kreaturen erleiden 15% weniger Schaden durch Angriffe von {CLASS_Life} Kreaturen.,Vos créatures subissent 15% de dégâts en moins des attaques des créatures {CLASS_Life}.,Tus criaturas reciben un 15% menos de daño de los ataques de criaturas de {CLASS_Life}.,Suas criaturas recebem 15% menos dano de ataques de criaturas {CLASS_Life}.,Ваши существа получают на 15% меньше урона от атак существ {CLASS_Life}.,Le tue creature subiscono il 15% in meno di danni dagli attacchi delle creature {CLASS_Life}.,你的生物受到來自{CLASS_Life}生物攻擊時，所受傷害減少15%。,你的生物受到来自{CLASS_Life}生物的攻击伤害减少15%。,당신의 생물은 {CLASS_Life} 생물의 공격으로부터 받는 피해가 15% 감소합니다.,Twoje stworzenia otrzymują o 15% mniej obrażeń od ataków stworzeń {CLASS_Life}.,Ваші істоти отримують на 15% менше шкоди від атак істот {CLASS_Life}.,Je wezens krijgen 15% minder schade van aanvallen van {CLASS_Life} wezens.,{CLASS_Life} yaratıklarının saldırılarından yaratıklarınız %15 daha az hasar alır.
L_CARD_UNICORN2,,Your creatures take 15% less damage from attacks from {CLASS_Life} creatures.,あなたのクリーチャーは{CLASS_Life}クリーチャーからの攻撃によるダメージを15%軽減する。,Deine Kreaturen erleiden 15% weniger Schaden durch Angriffe von {CLASS_Life} Kreaturen.,Vos créatures subissent 15% de dégâts en moins des attaques des créatures {CLASS_Life}.,Tus criaturas reciben un 15% menos de daño de los ataques de criaturas de {CLASS_Life}.,Suas criaturas recebem 15% menos dano de ataques de criaturas {CLASS_Life}.,Ваши существа получают на 15% меньше урона от атак существ {CLASS_Life}.,Le tue creature subiscono il 15% in meno di danni dagli attacchi delle creature {CLASS_Life}.,你的生物受到來自{CLASS_Life}生物攻擊時，所受傷害減少15%。,你的生物受到来自{CLASS_Life}生物的攻击伤害减少15%。,당신의 생물은 {CLASS_Life} 생물의 공격으로부터 받는 피해가 15% 감소합니다.,Twoje stworzenia otrzymują o 15% mniej obrażeń od ataków stworzeń {CLASS_Life}.,Ваші істоти отримують на 15% менше шкоди від атак істот {CLASS_Life}.,Je wezens krijgen 15% minder schade van aanvallen van {CLASS_Life} wezens.,{CLASS_Life} yaratıklarının saldırılarından yaratıklarınız %15 daha az hasar alır.
L_CARD_UNICORN3,,Your creatures take 15% less damage from attacks from {CLASS_Life} creatures.,あなたのクリーチャーは{CLASS_Life}クリーチャーからの攻撃によるダメージを15%軽減する。,Deine Kreaturen erleiden 15% weniger Schaden durch Angriffe von {CLASS_Life} Kreaturen.,Vos créatures subissent 15% de dégâts en moins des attaques des créatures {CLASS_Life}.,Tus criaturas reciben un 15% menos de daño de los ataques de criaturas de {CLASS_Life}.,Suas criaturas recebem 15% menos dano de ataques de criaturas {CLASS_Life}.,Ваши существа получают на 15% меньше урона от атак существ {CLASS_Life}.,Le tue creature subiscono il 15% in meno di danni dagli attacchi delle creature {CLASS_Life}.,你的生物受到來自{CLASS_Life}生物攻擊時，所受傷害減少15%。,你的生物受到来自{CLASS_Life}生物的攻击伤害减少15%。,당신의 생물은 {CLASS_Life} 생물의 공격으로부터 받는 피해가 15% 감소합니다.,Twoje stworzenia otrzymują o 15% mniej obrażeń od ataków stworzeń {CLASS_Life}.,Ваші істоти отримують на 15% менше шкоди від атак істот {CLASS_Life}.,Je wezens krijgen 15% minder schade van aanvallen van {CLASS_Life} wezens.,{CLASS_Life} yaratıklarının saldırılarından yaratıklarınız %15 daha az hasar alır.
L_CARD_DOOMFORTRESS1,,Your creatures take 10% less damage while they're {ACTION_provoking}.,生物が{ACTION_provoking}している間、受けるダメージが10%減少します。,"Deine Kreaturen erleiden 10% weniger Schaden, während sie {ACTION_provoking}.",Vos créatures subissent 10% de dégâts en moins lorsqu'elles {ACTION_provoking}.,Tus criaturas reciben un 10% menos de daño mientras están {ACTION_provoking}.,Suas criaturas recebem 10% menos dano enquanto estão {ACTION_provoking}.,"Ваши существа получают на 10% меньше урона, пока они {ACTION_provoking}.",Le tue creature subiscono il 10% in meno di danni mentre stanno {ACTION_provoking}.,當你的生物處於{ACTION_provoking}狀態時，受到的傷害減少10%。,当你的生物正在{ACTION_provoking}时，它受到的伤害减少10%。,당신의 생물은 {ACTION_provoking} 상태일 때 10% 적은 피해를 받습니다.,"Twoje stworzenia otrzymują o 10% mniej obrażeń, gdy {ACTION_provoking}.","Ваші істоти отримують на 10% менше шкоди, поки вони {ACTION_provoking}.",Je wezens krijgen 10% minder schade terwijl ze {ACTION_provoking}.,Yaratıkların {ACTION_provoking} durumundayken %10 daha az hasar alır.
L_CARD_DOOMFORTRESS2,,Your creatures take 10% less damage while they're {ACTION_provoking}.,生物が{ACTION_provoking}している間、受けるダメージが10%減少します。,"Deine Kreaturen erleiden 10% weniger Schaden, während sie {ACTION_provoking}.",Vos créatures subissent 10% de dégâts en moins lorsqu'elles {ACTION_provoking}.,Tus criaturas reciben 10% menos de daño mientras están {ACTION_provoking}.,Suas criaturas recebem 10% menos dano enquanto estão {ACTION_provoking}.,"Ваши существа получают на 10% меньше урона, пока они {ACTION_provoking}.",Le tue creature subiscono il 10% in meno di danni mentre stanno {ACTION_provoking}.,當你的生物處於{ACTION_provoking}狀態時，受到的傷害減少10%。,当你的生物正在{ACTION_provoking}时，它受到的伤害减少10%。,당신의 생물은 {ACTION_provoking} 상태일 때 10% 적은 피해를 받습니다.,"Twoje stworzenia otrzymują o 10% mniej obrażeń, gdy {ACTION_provoking}.","Ваші істоти отримують на 10% менше шкоди, поки вони {ACTION_provoking}.",Je wezens krijgen 10% minder schade terwijl ze {ACTION_provoking}.,Yaratıkların {ACTION_provoking} durumundayken %10 daha az hasar alır.
L_CARD_DOOMFORTRESS3,,Your creatures take 10% less damage while they're {ACTION_provoking}.,生物が{ACTION_provoking}している間、受けるダメージが10%減少します。,"Deine Kreaturen erleiden 10% weniger Schaden, während sie {ACTION_provoking} sind.",Vos créatures subissent 10% de dégâts en moins lorsqu'elles {ACTION_provoking}.,Tus criaturas reciben 10% menos de daño mientras están {ACTION_provoking}.,Suas criaturas recebem 10% menos dano enquanto estão {ACTION_provoking}.,"Ваши существа получают на 10% меньше урона, пока они {ACTION_provoking}.",Le tue creature subiscono il 10% in meno di danni mentre stanno {ACTION_provoking}.,當你的生物處於{ACTION_provoking}狀態時，受到的傷害減少10%。,当你的生物正在{ACTION_provoking}时，它受到的伤害减少10%。,당신의 생물은 {ACTION_provoking} 상태일 때 10% 적은 피해를 받습니다.,"Twoje stworzenia otrzymują o 10% mniej obrażeń, gdy {ACTION_provoking}.","Ваші істоти отримують на 10% менше шкоди, поки вони {ACTION_provoking}.",Je wezens krijgen 10% minder schade terwijl ze {ACTION_provoking}.,Yaratıkların {ACTION_provoking} durumundayken %10 daha az hasar alır.
L_CARD_SMOG1,,Enemies take 15% more damage from {CONDNAME_DEBUFF_POISON}.,敵は{CONDNAME_DEBUFF_POISON}から15%多くのダメージを受ける。,Feinde erleiden 15% mehr Schaden durch {CONDNAME_DEBUFF_POISON}.,Les ennemis subissent 15% de dégâts supplémentaires de {CONDNAME_DEBUFF_POISON}.,Los enemigos reciben un 15% más de daño de {CONDNAME_DEBUFF_POISON}.,Inimigos recebem 15% mais dano de {CONDNAME_DEBUFF_POISON}.,Враги получают на 15% больше урона от {CONDNAME_DEBUFF_POISON}.,I nemici subiscono il 15% in più di danno da {CONDNAME_DEBUFF_POISON}.,敵人受到的{CONDNAME_DEBUFF_POISON}傷害增加15%。,敌人受到来自{CONDNAME_DEBUFF_POISON}的伤害增加15%。,적들은 {CONDNAME_DEBUFF_POISON}에 의한 피해를 15% 더 받습니다.,Wrogowie otrzymują 15% więcej obrażeń od {CONDNAME_DEBUFF_POISON}.,Вороги отримують на 15% більше шкоди від {CONDNAME_DEBUFF_POISON}.,Vijanden krijgen 15% meer schade van {CONDNAME_DEBUFF_POISON}.,Düşmanlar {CONDNAME_DEBUFF_POISON} etkisinden %15 daha fazla hasar alır.
L_CARD_SMOG2,,Increases the amount of {STAT_attack} added to the {CONDNAME_DEBUFF_POISON} debuffs your creatures apply by 50%.,{STAT_attack}を{CONDNAME_DEBUFF_POISON}デバフに追加する量をクリーチャーが50%増加させます。,"Erhöht die Menge an {STAT_attack}, die zu den von deinen Kreaturen angewendeten {CONDNAME_DEBUFF_POISON}-Debuffs hinzugefügt wird, um 50%.",Augmente de 50% la quantité de {STAT_attack} ajoutée aux affaiblissements {CONDNAME_DEBUFF_POISON} que vos créatures appliquent.,Aumenta en un 50% la cantidad de {STAT_attack} añadido a los perjuicios {CONDNAME_DEBUFF_POISON} que aplican tus criaturas.,Aumenta em 50% a quantidade de {STAT_attack} adicionada aos debuffs de {CONDNAME_DEBUFF_POISON} que suas criaturas aplicam.,"Увеличивает количество {STAT_attack}, добавляемое к дебаффам {CONDNAME_DEBUFF_POISON}, которые накладывают ваши существа, на 50%.",Aumenta del 50% la quantità di {STAT_attack} aggiunta ai debuff {CONDNAME_DEBUFF_POISON} applicati dalle tue creature.,增加你的生物施加的{CONDNAME_DEBUFF_POISON}減益效果中{STAT_attack}的數值50%。,你的生物对敌人施加{CONDNAME_DEBUFF_POISON}减益时，起作用的{STAT_attack}提高50%。,{STAT_attack}이(가) 생물이 적용하는 {CONDNAME_DEBUFF_POISON} 디버프에 추가되는 양을 50% 증가시킵니다.,Zwiększa ilość {STAT_attack} dodawaną do debuffów {CONDNAME_DEBUFF_POISON} nakładanych przez twoje stworzenia o 50%.,"Збільшує кількість {STAT_attack}, що додається до дебафів {CONDNAME_DEBUFF_POISON}, які накладають ваші істоти, на 50%.",Verhoogt de hoeveelheid {STAT_attack} die wordt toegevoegd aan de {CONDNAME_DEBUFF_POISON} debuffs die je wezens toepassen met 50%.,{STAT_attack} istatistiğinin yaratıklarınızın uyguladığı {CONDNAME_DEBUFF_POISON} zayıflatma etkilerine eklenen miktarını %50 artırır.
L_CARD_SMOG3,,Enemies' {CONDNAME_DEBUFF_POISON} debuff lasts forever.,敵の{CONDNAME_DEBUFF_POISON}デバフは永久に持続する。,Gegner-{CONDNAME_DEBUFF_POISON}-Debuff hält ewig an.,Les malus {CONDNAME_DEBUFF_POISON} des ennemis durent éternellement.,Los debuffs de {CONDNAME_DEBUFF_POISON} de los enemigos duran para siempre.,Debuff de {CONDNAME_DEBUFF_POISON} dos inimigos dura para sempre.,Дебафф {CONDNAME_DEBUFF_POISON} врагов длится вечно.,I nemici affetti da {CONDNAME_DEBUFF_POISON} lo rimangono per sempre.,敵人的{CONDNAME_DEBUFF_POISON}減益效果永久持續。,敌人的{CONDNAME_DEBUFF_POISON}减益永久持续。,적의 {CONDNAME_DEBUFF_POISON} 디버프가 영원히 지속됩니다.,Osłabienie {CONDNAME_DEBUFF_POISON} przeciwników trwa wiecznie.,Дебаф {CONDNAME_DEBUFF_POISON} ворогів триває вічно.,Vijanden' {CONDNAME_DEBUFF_POISON} verzwakking duurt voor altijd.,Düşmanların {CONDNAME_DEBUFF_POISON} zayıflatması sonsuza kadar sürer.
L_CARD_STORM1,,Your creatures take 15% less damage from {CLASS_Nature} spells.,あなたの生物は{CLASS_Nature}呪文からのダメージを15%軽減する。,Deine Kreaturen erleiden 15% weniger Schaden durch {CLASS_Nature}-Zauber.,Vos créatures subissent 15% de dégâts en moins des sorts de {CLASS_Nature}.,Tus criaturas reciben un 15% menos de daño de los hechizos de {CLASS_Nature}.,Suas criaturas recebem 15% menos dano de magias {CLASS_Nature}.,Ваши существа получают на 15% меньше урона от заклинаний {CLASS_Nature}.,Le tue creature subiscono il 15% in meno di danni dagli incantesimi {CLASS_Nature}.,你的生物受到的{CLASS_Nature}法術傷害減少15%。,你的生物受到来自{CLASS_Nature}法术伤害减少15%。,당신의 생물들은 {CLASS_Nature} 주문으로부터 15% 적은 피해를 받습니다.,Twoje stworzenia otrzymują o 15% mniej obrażeń od zaklęć {CLASS_Nature}.,Ваші істоти отримують на 15% менше шкоди від заклинань {CLASS_Nature}.,Je wezens nemen 15% minder schade van {CLASS_Nature} spreuken.,Yaratıkların {CLASS_Nature} büyülerinden %15 daha az hasar alır.
L_CARD_STORM2,,Your creatures take 15% less damage from {CLASS_Nature} spells.,あなたの生物は{CLASS_Nature}呪文からのダメージを15%軽減する。,Deine Kreaturen erleiden 15% weniger Schaden durch {CLASS_Nature}-Zauber.,Vos créatures subissent 15% de dégâts en moins des sorts de {CLASS_Nature}.,Tus criaturas reciben un 15% menos de daño de los hechizos de {CLASS_Nature}.,Suas criaturas recebem 15% menos dano de magias {CLASS_Nature}.,Ваши существа получают на 15% меньше урона от заклинаний {CLASS_Nature}.,Le tue creature subiscono il 15% in meno di danni dagli incantesimi {CLASS_Nature}.,你的生物受到的{CLASS_Nature}法術傷害減少15%。,你的生物受到来自{CLASS_Nature}法术伤害减少15%。,당신의 생물들은 {CLASS_Nature} 주문으로부터 받는 피해가 15% 감소합니다.,Twoje stworzenia otrzymują o 15% mniej obrażeń od zaklęć {CLASS_Nature}.,Ваші істоти отримують на 15% менше шкоди від заклинань {CLASS_Nature}.,Je wezens nemen 15% minder schade van {CLASS_Nature} spreuken.,Yaratıkların {CLASS_Nature} büyülerinden %15 daha az hasar alır.
L_CARD_STORM3,,Your creatures take 15% less damage from {CLASS_Nature} spells.,あなたの生物は{CLASS_Nature}呪文からのダメージを15%軽減する。,Deine Kreaturen erleiden 15% weniger Schaden durch {CLASS_Nature}-Zauber.,Vos créatures subissent 15% de dégâts en moins des sorts de {CLASS_Nature}.,Tus criaturas reciben un 15% menos de daño de los hechizos de {CLASS_Nature}.,Suas criaturas recebem 15% menos dano de magias {CLASS_Nature}.,Ваши существа получают на 15% меньше урона от заклинаний {CLASS_Nature}.,Le tue creature subiscono il 15% in meno di danni dagli incantesimi {CLASS_Nature}.,你的生物受到的{CLASS_Nature}法術傷害減少15%。,你的生物受到来自{CLASS_Nature}法术伤害减少15%。,당신의 생물들은 {CLASS_Nature} 주문으로부터 15% 적은 피해를 받습니다.,Twoje stworzenia otrzymują o 15% mniej obrażeń od zaklęć {CLASS_Nature}.,Ваші істоти отримують на 15% менше шкоди від заклинань {CLASS_Nature}.,Je wezens nemen 15% minder schade van {CLASS_Nature} spreuken.,Yaratıkların {CLASS_Nature} büyülerinden %15 daha az hasar alır.
L_CARD_PHASEWARRIOR1,,You gain 5% more resources from resource nodes in realms.,領域内の資源ノードから得られる資源が5%増加します。,Du erhältst 5% mehr Ressourcen von Ressourcenknoten in Reichen.,Vous gagnez 5% de ressources supplémentaires des nœuds de ressources dans les royaumes.,Obtienes un 5% más de recursos de los nodos de recursos en los reinos.,Você ganha 5% mais recursos de nós de recursos nos reinos.,Вы получаете на 5% больше ресурсов из ресурсных узлов в мирах.,Ottieni il 5% in più di risorse dai nodi di risorse nei reami.,在領域中，你從資源節點獲得的資源增加5%。,你从领域中的资源节点处获取的资源量增加5%。,영역에서 자원 노드로부터 5% 더 많은 자원을 획득합니다.,Otrzymujesz 5% więcej zasobów z węzłów zasobów w królestwach.,Ви отримуєте на 5% більше ресурсів з вузлів ресурсів у світах.,Je krijgt 5% meer grondstoffen van grondstofbronnen in rijken.,Alemlerdeki kaynak noktalarından %5 daha fazla kaynak elde edersin.
L_CARD_PHASEWARRIOR2,,You gain 5% more resources from resource nodes in realms.,領域内の資源ノードから得られる資源が5%増加します。,Du erhältst 5% mehr Ressourcen von Ressourcenknoten in Reichen.,Vous gagnez 5% de ressources supplémentaires des nœuds de ressources dans les royaumes.,Obtienes un 5% más de recursos de los nodos de recursos en los reinos.,Você ganha 5% mais recursos de nós de recursos nos reinos.,Вы получаете на 5% больше ресурсов из ресурсных узлов в мирах.,Ottieni il 5% in più di risorse dai nodi di risorse nei reami.,在領域中，你從資源節點獲得的資源增加5%。,你从领域中的资源节点处获取的资源量增加5%。,영역에서 자원 노드로부터 5% 더 많은 자원을 획득합니다.,Otrzymujesz 5% więcej zasobów z węzłów zasobów w królestwach.,Ви отримуєте на 5% більше ресурсів з вузлів ресурсів у світах.,Je krijgt 5% meer grondstoffen van grondstofbronnen in rijken.,Alemlerdeki kaynak noktalarından %5 daha fazla kaynak elde edersin.
L_CARD_PHASEWARRIOR3,,You gain 5% more resources from resource nodes in realms.,領域内の資源ノードから得られる資源が5%増加します。,Du erhältst 5% mehr Ressourcen von Ressourcenknoten in Reichen.,Vous gagnez 5% de ressources supplémentaires des nœuds de ressources dans les royaumes.,Obtienes un 5% más de recursos de los nodos de recursos en los reinos.,Você ganha 5% mais recursos de nós de recursos nos reinos.,Вы получаете на 5% больше ресурсов из ресурсных узлов в мирах.,Ottieni il 5% in più di risorse dai nodi di risorse nei reami.,在領域中，你從資源節點獲得的資源增加5%。,你从领域中的资源节点处获取的资源量增加5%。,영역에서 자원 노드로부터 5% 더 많은 자원을 획득합니다.,Zyskujesz 5% więcej zasobów z węzłów zasobów w królestwach.,Ви отримуєте на 5% більше ресурсів з вузлів ресурсів у світах.,Je krijgt 5% meer grondstoffen van grondstofbronnen in rijken.,Alemlerdeki kaynak noktalarından %5 daha fazla kaynak kazanırsın.
L_CARD_PILWIZ1,,Enemies take 15% more damage from {CONDNAME_DEBUFF_BLEED}.,敵は{CONDNAME_DEBUFF_BLEED}から15%多くのダメージを受ける。,Feinde erleiden 15% mehr Schaden durch {CONDNAME_DEBUFF_BLEED}.,Les ennemis subissent 15% de dégâts supplémentaires de {CONDNAME_DEBUFF_BLEED}.,Los enemigos reciben un 15% más de daño de {CONDNAME_DEBUFF_BLEED}.,Inimigos recebem 15% a mais de dano de {CONDNAME_DEBUFF_BLEED}.,Враги получают на 15% больше урона от {CONDNAME_DEBUFF_BLEED}.,I nemici subiscono il 15% di danno in più da {CONDNAME_DEBUFF_BLEED}.,敵人受到的{CONDNAME_DEBUFF_BLEED}傷害增加15%。,敌人受到来自{CONDNAME_DEBUFF_BLEED}的伤害增加15%。,적들은 {CONDNAME_DEBUFF_BLEED}에 의한 피해를 15% 더 받습니다.,Wrogowie otrzymują 15% więcej obrażeń od {CONDNAME_DEBUFF_BLEED}.,Вороги отримують на 15% більше шкоди від {CONDNAME_DEBUFF_BLEED}.,Vijanden krijgen 15% meer schade van {CONDNAME_DEBUFF_BLEED}.,Düşmanlar {CONDNAME_DEBUFF_BLEED} etkisinden %15 daha fazla hasar alır.
L_CARD_PILWIZ2,,Enemies have a 10% chance to take double damage from {CONDNAME_DEBUFF_BLEED}.,敵は{CONDNAME_DEBUFF_BLEED}から10%の確率で二倍のダメージを受ける。,"Gegner haben eine 10% Chance, doppelten Schaden durch {CONDNAME_DEBUFF_BLEED} zu erleiden.",Les ennemis ont 10% de chances de subir des dégâts doublés de {CONDNAME_DEBUFF_BLEED}.,Los enemigos tienen un 10% de probabilidad de recibir daño doble de {CONDNAME_DEBUFF_BLEED}.,Inimigos têm 10% de chance de receber dano duplo de {CONDNAME_DEBUFF_BLEED}.,У врагов есть 10% шанс получить двойной урон от {CONDNAME_DEBUFF_BLEED}.,I nemici hanno il 10% di probabilità di subire danni doppi da {CONDNAME_DEBUFF_BLEED}.,敵人有 10% 的機率從{CONDNAME_DEBUFF_BLEED}中受到雙倍傷害。,敌人有10%概率受到双倍的{CONDNAME_DEBUFF_BLEED}伤害。,적들은 {CONDNAME_DEBUFF_BLEED}에 의해 두 배의 피해를 입을 확률이 10%입니다.,Wrogowie mają 10% szans na otrzymanie podwójnych obrażeń od {CONDNAME_DEBUFF_BLEED}.,Вороги мають 10% шанс отримати подвійну шкоду від {CONDNAME_DEBUFF_BLEED}.,Vijanden hebben 10% kans om dubbele schade te krijgen van {CONDNAME_DEBUFF_BLEED}.,Düşmanların {CONDNAME_DEBUFF_BLEED} etkisinden iki kat hasar alma olasılığı %10'dur.
L_CARD_PILWIZ3,,Enemies' {CONDNAME_DEBUFF_BLEED} debuff lasts forever.,敵の{CONDNAME_DEBUFF_BLEED}デバフは永久に持続する。,Gegner-{CONDNAME_DEBUFF_BLEED}-Debuff hält ewig an.,Les débuffs {CONDNAME_DEBUFF_BLEED} des ennemis durent éternellement.,Los debuffs de {CONDNAME_DEBUFF_BLEED} de los enemigos duran para siempre.,Penalidade de {CONDNAME_DEBUFF_BLEED} dos inimigos dura para sempre.,Дебафф {CONDNAME_DEBUFF_BLEED} врагов длится вечно.,I nemici affetti dal debuff {CONDNAME_DEBUFF_BLEED} lo mantengono per sempre.,敵人的{CONDNAME_DEBUFF_BLEED}減益效果永久持續。,敌人的{CONDNAME_DEBUFF_BLEED}减益永久持续。,적의 {CONDNAME_DEBUFF_BLEED} 디버프는 영원히 지속됩니다.,Osłabienie {CONDNAME_DEBUFF_BLEED} przeciwników trwa wiecznie.,Дебаф {CONDNAME_DEBUFF_BLEED} ворогів триває вічно.,Vijanden hun {CONDNAME_DEBUFF_BLEED} verzwakking duurt voor altijd.,Düşmanların {CONDNAME_DEBUFF_BLEED} zayıflatması sonsuza kadar sürer.
L_CARD_GHOUL1,,Your creatures have 5% more {STAT_speed}.,自分のクリーチャーの{STAT_speed}が5%上昇する。,Deine Kreaturen haben 5% mehr {STAT_speed}.,Vos créatures ont 5% de {STAT_speed} en plus.,Tus criaturas tienen 5% más de {STAT_speed}.,Suas criaturas têm 5% a mais de {STAT_speed}.,У ваших существ на 5% больше {STAT_speed}.,Le tue creature hanno il 5% in più di {STAT_speed}.,你的生物獲得額外5%的{STAT_speed}。,你的生物拥有的{STAT_speed}增加5%。,당신의 생물들은 {STAT_speed}이(가) 5% 더 높습니다.,Twoje stworzenia mają o 5% więcej {STAT_speed}.,Ваші істоти мають на 5% більше {STAT_speed}.,Je wezens hebben 5% meer {STAT_speed}.,Yaratıkların {STAT_speed} değeri %5 daha fazla.
L_CARD_GHOUL2,,Your creatures have 5% more {STAT_speed}.,自分のクリーチャーの{STAT_speed}が5%上昇する。,Deine Kreaturen haben 5% mehr {STAT_speed}.,Vos créatures ont 5% de {STAT_speed} en plus.,Tus criaturas tienen 5% más de {STAT_speed}.,Suas criaturas têm 5% a mais de {STAT_speed}.,У ваших существ на 5% больше {STAT_speed}.,Le tue creature hanno il 5% in più di {STAT_speed}.,你的生物獲得額外5%的{STAT_speed}。,你的生物拥有的{STAT_speed}增加5%。,당신의 생물들은 {STAT_speed}이(가) 5% 더 높습니다.,Twoje stworzenia mają o 5% więcej {STAT_speed}.,Ваші істоти мають на 5% більше {STAT_speed}.,Je wezens hebben 5% meer {STAT_speed}.,Yaratıkların {STAT_speed} değeri %5 daha fazla.
L_CARD_GHOUL3,,Your creatures have 5% more {STAT_speed}.,自分のクリーチャーの{STAT_speed}が5%上昇する。,Deine Kreaturen haben 5% mehr {STAT_speed}.,Vos créatures ont 5% de {STAT_speed} en plus.,Tus criaturas tienen un 5% más de {STAT_speed}.,Suas criaturas têm 5% a mais de {STAT_speed}.,У ваших существ на 5% больше {STAT_speed}.,Le tue creature hanno il 5% in più di {STAT_speed}.,你的生物獲得額外5%的{STAT_speed}。,你的生物拥有的{STAT_speed}增加5%。,당신의 생물들은 {STAT_speed}이(가) 5% 더 높습니다.,Twoje stworzenia mają o 5% więcej {STAT_speed}.,Ваші істоти мають на 5% більше {STAT_speed}.,Je wezens hebben 5% meer {STAT_speed}.,Yaratıkların {STAT_speed} değeri %5 daha fazla.
L_CARD_MITE1,,Your creatures gain 10% more {STAT_speed} from stat-boosting effects.,自分のクリーチャーは能力値上昇効果から得る{STAT_speed}が10%増加する。,Deine Kreaturen erhalten 10% mehr {STAT_speed} durch attributssteigernde Effekte.,Vos créatures gagnent 10% de {STAT_speed} supplémentaire grâce aux effets d'amélioration de statistiques.,Tus criaturas ganan un 10% más de {STAT_speed} de los efectos que aumentan estadísticas.,Suas criaturas ganham 10% a mais de {STAT_speed} de efeitos que aumentam atributos.,"Ваши существа получают на 10% больше {STAT_speed} от эффектов, повышающих характеристики.",Le tue creature ottengono il 10% in più di {STAT_speed} dagli effetti che aumentano le statistiche.,你的生物從能力提升效果中獲得的{STAT_speed}增加10%。,你的生物从属性值提升效果中获得的{STAT_speed}增加10%。,당신의 생물들은 능력치 증가 효과로부터 10% 더 많은 {STAT_speed}를 얻습니다.,Twoje stworzenia zyskują 10% więcej {STAT_speed} z efektów zwiększających statystyki.,Ваші істоти отримують на 10% більше {STAT_speed} від ефектів підвищення характеристик.,Je wezens krijgen 10% meer {STAT_speed} van statistiek-versterkende effecten.,"Yaratıkların, istatistik artırıcı etkilerden %10 daha fazla {STAT_speed} kazanır."
L_CARD_MITE2,,Your creatures gain 10% more {STAT_speed} from stat-boosting effects.,自分のクリーチャーは能力値上昇効果から得る{STAT_speed}が10%増加する。,Deine Kreaturen erhalten 10% mehr {STAT_speed} durch attributssteigernde Effekte.,Vos créatures gagnent 10% de {STAT_speed} supplémentaire grâce aux effets d'amélioration de statistiques.,Tus criaturas ganan un 10% más de {STAT_speed} de los efectos que aumentan estadísticas.,Suas criaturas ganham 10% a mais de {STAT_speed} de efeitos que aumentam atributos.,"Ваши существа получают на 10% больше {STAT_speed} от эффектов, повышающих характеристики.",Le tue creature ottengono il 10% in più di {STAT_speed} dagli effetti che aumentano le statistiche.,你的生物從能力提升效果中獲得的{STAT_speed}增加10%。,你的生物从属性值提升效果中获得的{STAT_speed}增加10%。,당신의 생물들은 능력치 증가 효과로부터 10% 더 많은 {STAT_speed}를 얻습니다.,Twoje stworzenia zyskują 10% więcej {STAT_speed} z efektów zwiększających statystyki.,Ваші істоти отримують на 10% більше {STAT_speed} від ефектів підвищення характеристик.,Je wezens krijgen 10% meer {STAT_speed} van statistiek-versterkende effecten.,"Yaratıkların, istatistik artırıcı etkilerden %10 daha fazla {STAT_speed} kazanır."
L_CARD_MITE3,,Your creatures gain 10% more {STAT_speed} from stat-boosting effects.,自分のクリーチャーは能力値上昇効果から得る{STAT_speed}が10%増加する。,Deine Kreaturen erhalten 10% mehr {STAT_speed} durch attributssteigernde Effekte.,Vos créatures gagnent 10% de {STAT_speed} supplémentaire grâce aux effets d'amélioration de statistiques.,Tus criaturas ganan un 10% más de {STAT_speed} de los efectos que aumentan estadísticas.,Suas criaturas ganham 10% a mais de {STAT_speed} de efeitos que aumentam atributos.,"Ваши существа получают на 10% больше {STAT_speed} от эффектов, повышающих характеристики.",Le tue creature ottengono il 10% in più di {STAT_speed} dagli effetti che aumentano le statistiche.,你的生物從能力提升效果中獲得的{STAT_speed}增加10%。,你的生物从属性值提升效果中获得的{STAT_speed}增加10%。,당신의 생물들은 능력치 증가 효과로부터 10% 더 많은 {STAT_speed}를 얻습니다.,Twoje stworzenia zyskują 10% więcej {STAT_speed} z efektów zwiększających statystyki.,Ваші істоти отримують на 10% більше {STAT_speed} від ефектів підвищення характеристик.,Je wezens krijgen 10% meer {STAT_speed} van statistiek-versterkende effecten.,"Yaratıkların, istatistik artırıcı etkilerden %10 daha fazla {STAT_speed} kazanır."
L_CARD_DOOMGUARD1,,Your creatures with {CONDNAME_BUFF_TAUNT} take 15% less damage.,{CONDNAME_BUFF_TAUNT}を持つあなたのクリーチャーは受けるダメージが15%減少する。,Deine Kreaturen mit {CONDNAME_BUFF_TAUNT} erleiden 15% weniger Schaden.,Vos créatures avec {CONDNAME_BUFF_TAUNT} subissent 15% de dégâts en moins.,Tus criaturas con {CONDNAME_BUFF_TAUNT} reciben un 15% menos de daño.,Suas criaturas com {CONDNAME_BUFF_TAUNT} recebem 15% menos dano.,Ваши существа с {CONDNAME_BUFF_TAUNT} получают на 15% меньше урона.,Le tue creature con {CONDNAME_BUFF_TAUNT} subiscono il 15% di danni in meno.,你的具有{CONDNAME_BUFF_TAUNT}的生物受到的傷害減少15%。,你拥有{CONDNAME_BUFF_TAUNT}的生物受到的伤害减少15%。,당신의 {CONDNAME_BUFF_TAUNT} 상태인 생물은 15% 적은 피해를 받습니다.,Twoje stworzenia z {CONDNAME_BUFF_TAUNT} otrzymują o 15% mniej obrażeń.,Ваші істоти з {CONDNAME_BUFF_TAUNT} отримують на 15% менше шкоди.,Je wezens met {CONDNAME_BUFF_TAUNT} krijgen 15% minder schade.,Siper özelliğine sahip yaratıklarınız %15 daha az hasar alır.
L_CARD_DOOMGUARD2,,Your creatures with {CONDNAME_BUFF_TAUNT} have 15% more {STAT_speed}.,「{CONDNAME_BUFF_TAUNT}」を持つあなたのクリーチャーは{STAT_speed}が15%増加する。,Deine Kreaturen mit {CONDNAME_BUFF_TAUNT} haben 15% mehr {STAT_speed}.,Vos créatures avec {CONDNAME_BUFF_TAUNT} ont 15% de {STAT_speed} en plus.,Tus criaturas con {CONDNAME_BUFF_TAUNT} tienen un 15% más de {STAT_speed}.,Suas criaturas com {CONDNAME_BUFF_TAUNT} têm 15% a mais de {STAT_speed}.,Ваши существа с {CONDNAME_BUFF_TAUNT} имеют на 15% больше {STAT_speed}.,Le tue creature con {CONDNAME_BUFF_TAUNT} hanno il 15% in più di {STAT_speed}.,你的具有{CONDNAME_BUFF_TAUNT}的生物擁有15%更多{STAT_speed}。,你拥有{CONDNAME_BUFF_TAUNT}的生物拥有的{STAT_speed}增加15%。,당신의 {CONDNAME_BUFF_TAUNT} 상태인 생물들은 {STAT_speed}이(가) 15% 증가합니다.,Twoje stworzenia z {CONDNAME_BUFF_TAUNT} mają o 15% więcej {STAT_speed}.,Ваші істоти з {CONDNAME_BUFF_TAUNT} мають на 15% більше {STAT_speed}.,Je wezens met {CONDNAME_BUFF_TAUNT} hebben 15% meer {STAT_speed}.,{CONDNAME_BUFF_TAUNT} özelliğine sahip yaratıklarınızın {STAT_speed} değeri %15 daha fazladır.
L_CARD_DOOMGUARD3,,Your creatures with {CONDNAME_BUFF_TAUNT} have a 15% chance for effects that occur after they {ACTION_provoke} to occur an additional time.,あなたの{CONDNAME_BUFF_TAUNT}を持つ生物は、{ACTION_provoke}した後に発生する効果が追加で1回発生する確率が15%上昇します。,"Deine Kreaturen mit {CONDNAME_BUFF_TAUNT} haben eine 15% Chance, dass Effekte, die auftreten, nachdem sie {ACTION_provoke}, ein zusätzliches Mal auftreten.",Vos créatures avec {CONDNAME_BUFF_TAUNT} ont 15% de chances que les effets qui se produisent après qu'elles {ACTION_provoke} se produisent une fois de plus.,Tus criaturas con {CONDNAME_BUFF_TAUNT} tienen un 15% de probabilidad de que los efectos que ocurren después de que {ACTION_provoke} ocurran una vez adicional.,Suas criaturas com {CONDNAME_BUFF_TAUNT} têm 15% de chance para que efeitos que ocorrem após elas {ACTION_provoke} ocorram uma vez adicional.,"У ваших существ с {CONDNAME_BUFF_TAUNT} есть 15% шанс, что эффекты, которые происходят после того, как они {ACTION_provoke}, произойдут дополнительный раз.",Le tue creature con {CONDNAME_BUFF_TAUNT} hanno il 15% di possibilità che gli effetti che si verificano dopo che {ACTION_provoke} si verifichino una volta in più.,你的具有{CONDNAME_BUFF_TAUNT}的生物有15%的機率使{ACTION_provoke}後發生的效果額外觸發一次。,你拥有{CONDNAME_BUFF_TAUNT}的生物有15%的几率额外触发一次{ACTION_provoke}后发动的效果。,당신의 {CONDNAME_BUFF_TAUNT} 상태인 생물은 {ACTION_provoke} 후에 발생하는 효과가 추가로 한 번 더 발생할 확률이 15% 있습니다.,"Twoje stworzenia z {CONDNAME_BUFF_TAUNT} mają 15% szans, że efekty występujące po tym, jak {ACTION_provoke}, wystąpią dodatkowy raz.","Ваші істоти з {CONDNAME_BUFF_TAUNT} мають 15% шанс, що ефекти, які відбуваються після того, як вони {ACTION_provoke}, відбудуться ще один раз.",Je wezens met {CONDNAME_BUFF_TAUNT} hebben 15% kans dat effecten die optreden nadat ze {ACTION_provoke} nog een keer optreden.,"Taunt özelliğine sahip yaratıklarınızın, provoke ettikten sonra gerçekleşen etkilerin %15 ihtimalle bir kez daha gerçekleşme şansı vardır."
L_CARD_GARGOYLE1,,Your creatures take 15% less damage from {CLASS_Chaos} spells.,あなたのクリーチャーは{CLASS_Chaos}呪文からのダメージを15%軽減する。,Deine Kreaturen erleiden 15% weniger Schaden durch {CLASS_Chaos}-Zauber.,Vos créatures subissent 15% de dégâts en moins des sorts {CLASS_Chaos}.,Tus criaturas reciben un 15% menos de daño de los hechizos de {CLASS_Chaos}.,Suas criaturas recebem 15% menos dano de magias {CLASS_Chaos}.,Ваши существа получают на 15% меньше урона от заклинаний {CLASS_Chaos}.,Le tue creature subiscono il 15% in meno di danni dagli incantesimi {CLASS_Chaos}.,你的生物受到的{CLASS_Chaos}法術傷害減少15%。,你的生物受到来自{CLASS_Chaos}法术伤害减少15%。,당신의 생물들은 {CLASS_Chaos} 주문으로부터 15% 적은 피해를 받습니다.,Twoje stworzenia otrzymują o 15% mniej obrażeń od zaklęć {CLASS_Chaos}.,Ваші істоти отримують на 15% менше шкоди від заклинань {CLASS_Chaos}.,Je wezens nemen 15% minder schade van {CLASS_Chaos} spreuken.,Yaratıkların {CLASS_Chaos} büyülerinden %15 daha az hasar alır.
L_CARD_GARGOYLE2,,Your creatures take 15% less damage from {CLASS_Chaos} spells.,あなたの生物は{CLASS_Chaos}呪文からのダメージを15%軽減する。,Deine Kreaturen erleiden 15% weniger Schaden durch {CLASS_Chaos}-Zauber.,Vos créatures subissent 15% de dégâts en moins des sorts {CLASS_Chaos}.,Tus criaturas reciben un 15% menos de daño de los hechizos de {CLASS_Chaos}.,Suas criaturas recebem 15% menos dano de magias {CLASS_Chaos}.,Ваши существа получают на 15% меньше урона от заклинаний {CLASS_Chaos}.,Le tue creature subiscono il 15% in meno di danni dagli incantesimi {CLASS_Chaos}.,你的生物受到的{CLASS_Chaos}法術傷害減少15%。,你的生物受到来自{CLASS_Chaos}法术伤害减少15%。,당신의 생물들은 {CLASS_Chaos} 주문으로부터 15% 적은 피해를 받습니다.,Twoje stworzenia otrzymują o 15% mniej obrażeń od zaklęć {CLASS_Chaos}.,Ваші істоти отримують на 15% менше шкоди від заклинань {CLASS_Chaos}.,Je wezens nemen 15% minder schade van {CLASS_Chaos} spreuken.,Yaratıkların {CLASS_Chaos} büyülerinden %15 daha az hasar alır.
L_CARD_GARGOYLE3,,Your creatures take 15% less damage from {CLASS_Chaos} spells.,あなたのクリーチャーは{CLASS_Chaos}呪文からのダメージを15%軽減する。,Deine Kreaturen erleiden 15% weniger Schaden durch {CLASS_Chaos}-Zauber.,Vos créatures subissent 15% de dégâts en moins des sorts {CLASS_Chaos}.,Tus criaturas reciben un 15% menos de daño de los hechizos de {CLASS_Chaos}.,Suas criaturas recebem 15% menos dano de magias {CLASS_Chaos}.,Ваши существа получают на 15% меньше урона от заклинаний {CLASS_Chaos}.,Le tue creature subiscono il 15% in meno di danni dagli incantesimi {CLASS_Chaos}.,你的生物受到的{CLASS_Chaos}法術傷害減少15%。,你的生物受到来自{CLASS_Chaos}法术伤害减少15%。,당신의 생물들은 {CLASS_Chaos} 주문으로부터 15% 적은 피해를 받습니다.,Twoje stworzenia otrzymują o 15% mniej obrażeń od zaklęć {CLASS_Chaos}.,Ваші істоти отримують на 15% менше шкоди від заклинань {CLASS_Chaos}.,Je wezens nemen 15% minder schade van {CLASS_Chaos} spreuken.,Yaratıkların {CLASS_Chaos} büyülerinden %15 daha az hasar alır.
L_CARD_CARNAGE1,,Your creatures deal 10% more damage to {CLASS_Death} creatures.,あなたのクリーチャーは{CLASS_Death}クリーチャーに10%多くのダメージを与える。,Deine Kreaturen verursachen 10% mehr Schaden an {CLASS_Death} Kreaturen.,Vos créatures infligent 10% de dégâts supplémentaires aux créatures {CLASS_Death}.,Tus criaturas infligen un 10% más de daño a las criaturas {CLASS_Death}.,Suas criaturas causam 10% a mais de dano a criaturas {CLASS_Death}.,Ваши существа наносят на 10% больше урона существам {CLASS_Death}.,Le tue creature infliggono il 10% di danno in più alle creature {CLASS_Death}.,你的生物對{CLASS_Death}生物造成的傷害提高10%。,你的生物对{CLASS_Death}生物造成的伤害提高10%。,당신의 생물은 {CLASS_Death} 생물에게 10% 더 많은 피해를 입힙니다.,Twoje stworzenia zadają 10% więcej obrażeń stworzeniom {CLASS_Death}.,Ваші істоти завдають на 10% більше шкоди істотам {CLASS_Death}.,Je wezens doen 10% meer schade aan {CLASS_Death} wezens.,Yaratıkların {CLASS_Death} yaratıklarına %10 daha fazla hasar verir.
L_CARD_CARNAGE2,,Your creatures deal 10% more damage to {CLASS_Death} creatures.,あなたのクリーチャーは{CLASS_Death}クリーチャーに10%多くのダメージを与える。,Deine Kreaturen verursachen 10% mehr Schaden an {CLASS_Death} Kreaturen.,Vos créatures infligent 10% de dégâts supplémentaires aux créatures {CLASS_Death}.,Tus criaturas infligen un 10% más de daño a las criaturas {CLASS_Death}.,Suas criaturas causam 10% a mais de dano a criaturas {CLASS_Death}.,Ваши существа наносят на 10% больше урона существам {CLASS_Death}.,Le tue creature infliggono il 10% di danno in più alle creature {CLASS_Death}.,你的生物對{CLASS_Death}生物造成的傷害提高10%。,你的生物对{CLASS_Death}生物造成的伤害提高10%。,당신의 생물은 {CLASS_Death} 생물에게 10% 더 많은 피해를 입힙니다.,Twoje stworzenia zadają 10% więcej obrażeń stworzeniom {CLASS_Death}.,Ваші істоти завдають на 10% більше шкоди істотам {CLASS_Death}.,Je wezens doen 10% meer schade aan {CLASS_Death} wezens.,Yaratıkların {CLASS_Death} yaratıklarına %10 daha fazla hasar verir.
L_CARD_CARNAGE3,,Your creatures deal 10% more damage to {CLASS_Death} creatures.,あなたのクリーチャーは{CLASS_Death}クリーチャーに10%多くのダメージを与える。,Deine Kreaturen verursachen 10% mehr Schaden an {CLASS_Death} Kreaturen.,Vos créatures infligent 10% de dégâts supplémentaires aux créatures {CLASS_Death}.,Tus criaturas infligen un 10% más de daño a las criaturas {CLASS_Death}.,Suas criaturas causam 10% a mais de dano a criaturas {CLASS_Death}.,Ваши существа наносят на 10% больше урона существам {CLASS_Death}.,Le tue creature infliggono il 10% di danno in più alle creature {CLASS_Death}.,你的生物對{CLASS_Death}生物造成的傷害提高10%。,你的生物对{CLASS_Death}生物造成的伤害提高10%。,당신의 생물은 {CLASS_Death} 생물에게 10% 더 많은 피해를 입힙니다.,Twoje stworzenia zadają 10% więcej obrażeń stworzeniom {CLASS_Death}.,Ваші істоти завдають на 10% більше шкоди істотам {CLASS_Death}.,Je wezens doen 10% meer schade aan {CLASS_Death} wezens.,Yaratıkların {CLASS_Death} yaratıklarına %10 daha fazla hasar verir.
L_CARD_BANSHEE1,,Your creatures' Spell Gems have 1 additional {STAT_charge}.,自分のクリーチャーのスペルジェムは追加で1{STAT_charge}を持つ。,Deine Kreaturen-Zaubersteine haben 1 zusätzliche {STAT_charge}.,Vos créatures ont 1 {STAT_charge} supplémentaire sur leurs Gemmes de Sort.,Tus criaturas tienen 1 {STAT_charge} adicional en sus Gemas de Hechizo.,Suas criaturas têm 1 {STAT_charge} adicional em suas Gemas de Feitiço.,У самоцветов заклинаний ваших существ на 1 дополнительный {STAT_charge}.,Le Gemme Incantesimo delle tue creature hanno 1 {STAT_charge} aggiuntivo.,你的生物的法術寶石有額外 1 點{STAT_charge}。,你的生物的法术宝石有1点额外的{STAT_charge}。,당신의 생물들의 주문 보석은 추가로 1 {STAT_charge}을 가집니다.,Klejnoty Zaklęć twoich stworzeń mają 1 dodatkowy {STAT_charge}.,Самоцвіти заклинань ваших істот мають 1 додатковий {STAT_charge}.,Je wezens' Spreukstenen hebben 1 extra {STAT_charge}.,Yaratıklarının Büyü Taşları 1 ek {STAT_charge} taşır.
L_CARD_BANSHEE2,,Your creatures' Spell Gems have 1 additional {STAT_charge}.,自分のクリーチャーのスペルジェムは追加で1{STAT_charge}を持つ。,Deine Kreaturen-Zaubersteine haben 1 zusätzliche {STAT_charge}.,Vos créatures ont 1 {STAT_charge} supplémentaire sur leurs Gemmes de Sort.,Tus criaturas tienen 1 {STAT_charge} adicional en sus Gemas de Hechizo.,Suas criaturas têm 1 {STAT_charge} adicional em suas Gemas de Feitiço.,У самоцветов заклинаний ваших существ на 1 {STAT_charge} больше.,Le Gemme Incantesimo delle tue creature hanno 1 {STAT_charge} aggiuntivo.,你的生物的法術寶石有額外 1 點{STAT_charge}。,你的生物的法术宝石有1点额外的{STAT_charge}。,당신의 생물들의 주문 보석은 추가로 1 {STAT_charge}을(를) 가집니다.,Klejnoty Zaklęć twoich stworzeń mają 1 dodatkowy {STAT_charge}.,Самоцвіти заклинань ваших істот мають 1 додатковий {STAT_charge}.,Je wezens' Spreukstenen hebben 1 extra {STAT_charge}.,Yaratıklarının Büyü Taşları 1 ek {STAT_charge} taşır.
L_CARD_BANSHEE3,,Your creatures' Spell Gems have 1 additional {STAT_charge}.,味方の生物の呪文宝石は追加で1{STAT_charge}を持つ。,Deine Kreaturen-Zaubersteine haben 1 zusätzliche {STAT_charge}.,Vos créatures ont 1 {STAT_charge} supplémentaire sur leurs Gemmes de Sort.,Tus criaturas tienen 1 {STAT_charge} adicional en sus Gemas de Hechizo.,Suas criaturas têm 1 {STAT_charge} adicional em suas Gemas de Feitiço.,У самоцветов заклинаний ваших существ на 1 {STAT_charge} больше.,Le Gemme Incantesimo delle tue creature hanno 1 {STAT_charge} aggiuntivo.,你的生物的法術寶石有額外 1 點{STAT_charge}。,你的生物的法术宝石有1点额外的{STAT_charge}。,당신의 생물들의 주문 보석은 추가로 1 {STAT_charge}을(를) 가집니다.,Klejnoty Zaklęć twoich stworzeń mają 1 dodatkowy {STAT_charge}.,Самоцвіти заклинань ваших істот мають 1 додатковий {STAT_charge}.,Je wezens' Spreukstenen hebben 1 extra {STAT_charge}.,Yaratıklarının Büyü Taşları 1 ek {STAT_charge} taşır.
L_CARD_PITWORM1,,Your creatures gain 10% more {STAT_defense} from stat-boosting effects.,味方の生物は能力値上昇効果から得る{STAT_defense}が10%増加する。,Deine Kreaturen erhalten 10% mehr {STAT_defense} durch attributssteigernde Effekte.,Vos créatures gagnent 10% de {STAT_defense} supplémentaire grâce aux effets d'amélioration de statistiques.,Tus criaturas ganan un 10% más de {STAT_defense} de los efectos que aumentan estadísticas.,Suas criaturas ganham 10% a mais de {STAT_defense} de efeitos que aumentam atributos.,"Ваши существа получают на 10% больше {STAT_defense} от эффектов, повышающих характеристики.",Le tue creature ottengono il 10% in più di {STAT_defense} dagli effetti che aumentano le statistiche.,你的生物從能力提升效果中獲得的{STAT_defense}增加10%。,你的生物从属性值提升效果中获得的{STAT_defense}增加10%。,당신의 생물들은 능력치 강화 효과로부터 10% 더 많은 {STAT_defense}를 얻습니다.,Twoje stworzenia zyskują 10% więcej {STAT_defense} z efektów zwiększających statystyki.,Ваші істоти отримують на 10% більше {STAT_defense} від ефектів підвищення характеристик.,Je wezens krijgen 10% meer {STAT_defense} van statistieken-versterkende effecten.,"Yaratıkların, istatistik artırıcı etkilerden %10 daha fazla {STAT_defense} kazanır."
L_CARD_PITWORM2,,Your creatures gain 10% more {STAT_defense} from stat-boosting effects.,味方の生物は能力値上昇効果から得る{STAT_defense}が10%増加する。,Deine Kreaturen erhalten 10% mehr {STAT_defense} durch attributssteigernde Effekte.,Vos créatures gagnent 10% de {STAT_defense} supplémentaire grâce aux effets d'amélioration de statistiques.,Tus criaturas ganan un 10% más de {STAT_defense} de los efectos que aumentan estadísticas.,Suas criaturas ganham 10% a mais de {STAT_defense} de efeitos que aumentam atributos.,"Ваши существа получают на 10% больше {STAT_defense} от эффектов, повышающих характеристики.",Le tue creature ottengono il 10% in più di {STAT_defense} dagli effetti che aumentano le statistiche.,你的生物從能力提升效果中獲得的{STAT_defense}增加10%。,你的生物从属性值提升效果中获得的{STAT_defense}增加10%。,당신의 생물들은 능력치 강화 효과로부터 10% 더 많은 {STAT_defense}를 얻습니다.,Twoje stworzenia zyskują 10% więcej {STAT_defense} z efektów zwiększających statystyki.,Ваші істоти отримують на 10% більше {STAT_defense} від ефектів підвищення характеристик.,Je wezens krijgen 10% meer {STAT_defense} van statistieken-versterkende effecten.,"Yaratıkların, istatistik artırıcı etkilerden %10 daha fazla {STAT_defense} kazanır."
L_CARD_PITWORM3,,Your creatures gain 10% more {STAT_defense} from stat-boosting effects.,味方の生物は能力値上昇効果から得る{STAT_defense}が10%増加する。,Deine Kreaturen erhalten 10% mehr {STAT_defense} durch attributssteigernde Effekte.,Vos créatures gagnent 10% de {STAT_defense} supplémentaire grâce aux effets d'amélioration de statistiques.,Tus criaturas ganan un 10% más de {STAT_defense} de los efectos que aumentan estadísticas.,Suas criaturas ganham 10% a mais de {STAT_defense} de efeitos que aumentam atributos.,"Ваши существа получают на 10% больше {STAT_defense} от эффектов, повышающих характеристики.",Le tue creature ottengono il 10% in più di {STAT_defense} dagli effetti che aumentano le statistiche.,你的生物從能力提升效果中獲得的{STAT_defense}增加10%。,你的生物从属性值提升效果中获得的{STAT_defense}增加10%。,당신의 생물들은 능력치 강화 효과로부터 10% 더 많은 {STAT_defense}를 얻습니다.,Twoje stworzenia zyskują 10% więcej {STAT_defense} z efektów zwiększających statystyki.,Ваші істоти отримують на 10% більше {STAT_defense} від ефектів підвищення характеристик.,Je wezens krijgen 10% meer {STAT_defense} van statistieken-versterkende effecten.,"Yaratıkların, istatistik artırıcı etkilerden %10 daha fazla {STAT_defense} kazanır."
L_CARD_SPIRIT1,,Your creatures' healing effects are 10% more potent.,自分のクリーチャーの回復効果が10%強化される。,Deine Kreaturen wirken 10% stärkere Heilungseffekte.,Les effets de guérison de vos créatures sont 10% plus puissants.,Los efectos de curación de tus criaturas son un 10% más potentes.,Os efeitos de cura das suas criaturas são 10% mais potentes.,Эффекты исцеления ваших существ на 10% сильнее.,I tuoi effetti di guarigione delle creature sono più potenti del 10%.,你的生物的治療效果提升10%。,你的生物的治疗效果提高10%。,당신의 생물들의 치유 효과가 10% 더 강력해집니다.,Efekty leczenia twoich stworzeń są o 10% silniejsze.,Ефекти зцілення ваших істот на 10% потужніші.,Je wezens' genezingseffecten zijn 10% krachtiger.,Yaratıklarının iyileştirme etkileri %10 daha güçlü.
L_CARD_SPIRIT2,,Your creatures receive 10% more healing.,自分のクリーチャーは10%多く回復する。,Deine Kreaturen erhalten 10% mehr Heilung.,Vos créatures reçoivent 10% de soins supplémentaires.,Tus criaturas reciben un 10% más de curación.,Suas criaturas recebem 10% a mais de cura.,Ваши существа получают на 10% больше исцеления.,Le tue creature ricevono il 10% di cure in più.,你的生物獲得的治療效果提高10%。,你的生物获得的治疗增加10%。,당신의 생물들은 10% 더 많은 치유를 받습니다.,Twoje stworzenia otrzymują o 10% więcej leczenia.,Ваші істоти отримують на 10% більше зцілення.,Je wezens ontvangen 10% meer genezing.,Yaratıkların %10 daha fazla iyileşme alır.
L_CARD_SPIRIT3,,Your creatures' healing effects have a 25% chance to ignore {CONDNAME_DEBUFF_BLIGHT}.,味方の生物の回復効果が25%の確率で{CONDNAME_DEBUFF_BLIGHT}を無視する。,"Deine Kreaturen haben eine 25% Chance, mit ihren Heileffekten {CONDNAME_DEBUFF_BLIGHT} zu ignorieren.",Les effets de guérison de vos créatures ont 25% de chances d'ignorer {CONDNAME_DEBUFF_BLIGHT}.,Los efectos de curación de tus criaturas tienen un 25% de probabilidad de ignorar {CONDNAME_DEBUFF_BLIGHT}.,Os efeitos de cura das suas criaturas têm 25% de chance de ignorar {CONDNAME_DEBUFF_BLIGHT}.,У эффектов лечения ваших существ есть 25% шанс игнорировать {CONDNAME_DEBUFF_BLIGHT}.,Gli effetti di guarigione delle tue creature hanno il 25% di possibilità di ignorare {CONDNAME_DEBUFF_BLIGHT}.,你的生物的治療效果有25%的機率無視{CONDNAME_DEBUFF_BLIGHT}。,你的生物的治疗效果有25%几率无视{CONDNAME_DEBUFF_BLIGHT}。,당신의 생물의 치유 효과는 25% 확률로 {CONDNAME_DEBUFF_BLIGHT}를 무시합니다.,Efekty leczenia twoich stworzeń mają 25% szans na zignorowanie {CONDNAME_DEBUFF_BLIGHT}.,Ефекти зцілення ваших істот мають 25% шанс ігнорувати {CONDNAME_DEBUFF_BLIGHT}.,Je wezens' genezingseffecten hebben 25% kans om {CONDNAME_DEBUFF_BLIGHT} te negeren.,Yaratıklarının iyileştirme etkileri %25 ihtimalle {CONDNAME_DEBUFF_BLIGHT} etkisini görmezden gelir.
L_CARD_PITWRAITH1,,Your creatures gain 5% more experience points from battles.,味方の生物は戦闘から得る経験値が5%増加する。,Deine Kreaturen erhalten 5% mehr Erfahrungspunkte aus Kämpfen.,Vos créatures gagnent 5% de points d'expérience supplémentaires lors des combats.,Tus criaturas ganan un 5% más de puntos de experiencia en las batallas.,Suas criaturas ganham 5% mais pontos de experiência em batalhas.,Ваши существа получают на 5% больше очков опыта в битвах.,Le tue creature guadagnano il 5% in più di punti esperienza dalle battaglie.,你的生物在戰鬥中獲得的經驗值增加5%。,你的生物在战斗中获得的经验增加5%。,당신의 생물들은 전투에서 5% 더 많은 경험치를 획득합니다.,Twoje stworzenia zyskują 5% więcej punktów doświadczenia z bitew.,Ваші істоти отримують на 5% більше досвіду з битв.,Je wezens krijgen 5% meer ervaringspunten uit gevechten.,Yaratıkların savaşlardan %5 daha fazla deneyim puanı kazanır.
L_CARD_PITWRAITH2,,Your creatures gain 5% more experience points from battles.,味方の生物は戦闘から得る経験値が5%増加する。,Deine Kreaturen erhalten 5% mehr Erfahrungspunkte aus Kämpfen.,Vos créatures gagnent 5% de points d'expérience supplémentaires lors des combats.,Tus criaturas ganan un 5% más de puntos de experiencia en las batallas.,Suas criaturas ganham 5% mais pontos de experiência em batalhas.,Ваши существа получают на 5% больше очков опыта в битвах.,Le tue creature guadagnano il 5% in più di punti esperienza dalle battaglie.,你的生物在戰鬥中獲得的經驗值增加5%。,你的生物在战斗中获得的经验增加5%。,당신의 생물들은 전투에서 5% 더 많은 경험치를 획득합니다.,Twoje stworzenia zyskują 5% więcej punktów doświadczenia z bitew.,Ваші істоти отримують на 5% більше досвіду з битв.,Je wezens krijgen 5% meer ervaringspunten uit gevechten.,Yaratıkların savaşlardan %5 daha fazla deneyim puanı kazanır.
L_CARD_PITWRAITH3,,Your creatures gain 5% more experience points from battles.,味方の生物は戦闘から得る経験値が5%増加する。,Deine Kreaturen erhalten 5% mehr Erfahrungspunkte aus Kämpfen.,Vos créatures gagnent 5% de points d'expérience supplémentaires lors des combats.,Tus criaturas ganan un 5% más de puntos de experiencia en las batallas.,Suas criaturas ganham 5% mais pontos de experiência em batalhas.,Ваши существа получают на 5% больше очков опыта в битвах.,Le tue creature guadagnano il 5% in più di punti esperienza dalle battaglie.,你的生物在戰鬥中獲得的經驗值增加5%。,你的生物在战斗中获得的经验增加5%。,당신의 생물들은 전투에서 5% 더 많은 경험치를 획득합니다.,Twoje stworzenia zyskują 5% więcej punktów doświadczenia z bitew.,Ваші істоти отримують на 5% більше досвіду з битв.,Je wezens krijgen 5% meer ervaringspunten uit gevechten.,Yaratıkların savaşlardan %5 daha fazla deneyim puanı kazanır.
L_CARD_FIEND1,,Increases the amount of damage your creatures deal while they're {CONDNAME_BUFF_BERSERK} by 15%.,{CONDNAME_BUFF_BERSERK}状態のクリーチャーが与えるダメージ量を15%増加させる。,"Erhöht den Schaden, den deine Kreaturen verursachen, während sie {CONDNAME_BUFF_BERSERK} sind, um 15%.",Augmente de 15% les dégâts infligés par vos créatures lorsqu'elles sont {CONDNAME_BUFF_BERSERK}.,Aumenta en un 15% el daño que infligen tus criaturas mientras están {CONDNAME_BUFF_BERSERK}.,Aumenta em 15% o dano causado por suas criaturas enquanto estiverem {CONDNAME_BUFF_BERSERK}.,"Увеличивает урон, наносимый вашими существами, пока они находятся под эффектом {CONDNAME_BUFF_BERSERK}, на 15%.",Aumenta del 15% i danni inflitti dalle tue creature mentre sono {CONDNAME_BUFF_BERSERK}.,增加你的生物在{CONDNAME_BUFF_BERSERK}狀態下造成的傷害量15%。,使你的生物在{CONDNAME_BUFF_BERSERK}状态下造成的伤害提高15%。,당신의 생물이 {CONDNAME_BUFF_BERSERK} 상태일 때 입히는 피해량을 15% 증가시킵니다.,"Zwiększa ilość obrażeń zadawanych przez twoje stworzenia o 15%, gdy są {CONDNAME_BUFF_BERSERK}.","Збільшує кількість пошкоджень, які завдають ваші істоти, поки вони {CONDNAME_BUFF_BERSERK}, на 15%.",Verhoogt de hoeveelheid schade die je wezens toebrengen terwijl ze {CONDNAME_BUFF_BERSERK} zijn met 15%.,Yaratıklarınız {CONDNAME_BUFF_BERSERK} durumundayken verdikleri hasar miktarını %15 artırır.
L_CARD_FIEND2,,Your creatures with {CONDNAME_BUFF_BERSERK} have a 10% chance to attack an additional time.,あなたの{CONDNAME_BUFF_BERSERK}を持つ生物は、10%の確率で追加攻撃を行います。,"Deine Kreaturen mit {CONDNAME_BUFF_BERSERK} haben eine 10% Chance, einen zusätzlichen Angriff auszuführen.",Vos créatures avec {CONDNAME_BUFF_BERSERK} ont 10% de chances d'attaquer une fois de plus.,Tus criaturas con {CONDNAME_BUFF_BERSERK} tienen un 10% de probabilidad de atacar una vez más.,Suas criaturas com {CONDNAME_BUFF_BERSERK} têm 10% de chance de atacar uma vez adicional.,Ваши существа с {CONDNAME_BUFF_BERSERK} имеют 10% шанс атаковать дополнительный раз.,Le tue creature con {CONDNAME_BUFF_BERSERK} hanno il 10% di possibilità di attaccare una volta in più.,你的具有{CONDNAME_BUFF_BERSERK}的生物有10%機率額外攻擊一次。,你拥有{CONDNAME_BUFF_BERSERK}的生物有10%几率额外发动一次攻击。,당신의 {CONDNAME_BUFF_BERSERK} 상태인 생물은 10% 확률로 추가 공격을 할 수 있습니다.,Twoje stworzenia z {CONDNAME_BUFF_BERSERK} mają 10% szans na wykonanie dodatkowego ataku.,Ваші істоти з {CONDNAME_BUFF_BERSERK} мають 10% шанс атакувати додатковий раз.,Je wezens met {CONDNAME_BUFF_BERSERK} hebben 10% kans om een extra keer aan te vallen.,{CONDNAME_BUFF_BERSERK} sahibi yaratıklarınızın %10 şansla bir kez daha saldırma ihtimali vardır.
L_CARD_FIEND3,,Your creatures with {CONDNAME_BUFF_BERSERK} have a 15% greater chance to deal critical damage.,{CONDNAME_BUFF_BERSERK}状態のあなたのクリーチャーは、クリティカルダメージを与える確率が15%上昇する。,"Deine Kreaturen mit {CONDNAME_BUFF_BERSERK} haben eine 15% höhere Chance, kritischen Schaden zu verursachen.",Vos créatures avec {CONDNAME_BUFF_BERSERK} ont 15% de chances supplémentaires d'infliger des dégâts critiques.,Tus criaturas con {CONDNAME_BUFF_BERSERK} tienen un 15% más de probabilidad de infligir daño crítico.,Suas criaturas com {CONDNAME_BUFF_BERSERK} têm 15% mais chance de causar dano crítico.,Ваши существа с {CONDNAME_BUFF_BERSERK} имеют на 15% больше шансов нанести критический урон.,Le tue creature con {CONDNAME_BUFF_BERSERK} hanno una probabilità del 15% maggiore di infliggere danni critici.,你的具有{CONDNAME_BUFF_BERSERK}的生物有15%更高的機率造成暴擊傷害。,你拥有{CONDNAME_BUFF_BERSERK}的生物造成暴击伤害的几率提高15%。,{CONDNAME_BUFF_BERSERK} 상태인 당신의 생물은 치명타 피해를 입힐 확률이 15% 증가합니다.,Twoje stworzenia z {CONDNAME_BUFF_BERSERK} mają o 15% większą szansę na zadanie obrażeń krytycznych.,Ваші істоти з {CONDNAME_BUFF_BERSERK} мають на 15% більший шанс завдати критичної шкоди.,Je wezens met {CONDNAME_BUFF_BERSERK} hebben 15% meer kans om kritieke schade toe te brengen.,Berserk ({CONDNAME_BUFF_BERSERK}) durumundaki yaratıklarınızın kritik hasar verme şansı %15 daha fazladır.
L_CARD_SMITH1,,Your Artifacts' Stat Slots are 5% more powerful.,アーティファクトのステータススロットの効果が5%上昇する。,Deine Artefakt-Attributsplätze sind 5% mächtiger.,Les emplacements de statistiques de vos Artéfacts sont 5% plus puissants.,Los espacios de estadísticas de tus Artefactos son un 5% más poderosos.,Os Slots de Atributos dos seus Artefatos são 5% mais poderosos.,Ячейки характеристик ваших Артефактов на 5% мощнее.,Gli slot statistiche dei tuoi Artefatti sono il 5% più potenti.,你的神器的屬性欄位效果提升5%。,你的神器的属性值槽效果提升5%。,유물의 스탯 슬롯이 5% 더 강력해집니다.,Miejsca na statystyki Twoich Artefaktów są o 5% potężniejsze.,Слоти характеристик ваших Артефактів на 5% потужніші.,Je Artefacten-statslots zijn 5% krachtiger.,Eser Slotlarındaki istatistikler %5 daha güçlü.
L_CARD_SMITH2,,Your Artifacts' Trick Slots have a 10% greater chance to activate.,アーティファクトのトリックスロットが発動する確率が10%上昇する。,Deine Artefakt-Trickplätze haben eine 10% höhere Aktivierungschance.,Vos Emplacements d'Astuces d'Artéfacts ont 10% de chances supplémentaires de s'activer.,Tus Ranuras de Truco de Artefactos tienen un 10% más de probabilidad de activarse.,Seus Espaços de Truque de Artefatos têm 10% mais chance de ativar.,Шанс активации Слотов Трюков ваших Артефактов увеличен на 10%.,I tuoi Slot Trucco degli Artefatti hanno una probabilità del 10% maggiore di attivarsi.,你的神器技能槽有10%更高的機率觸發。,你的神器的技巧槽触发几率提高10%。,당신의 유물의 트릭 슬롯이 발동될 확률이 10% 증가합니다.,Twoje Sloty Sztuczek Artefaktów mają o 10% większą szansę na aktywację.,Ваші слоти трюків артефактів мають на 10% більший шанс активації.,Je Artefacten-Trucslots hebben 10% meer kans om te activeren.,Eserlerinin Hile Yuvaları %10 daha yüksek bir etkinleşme şansına sahip.
L_CARD_SMITH3,,Your Artifacts' Spell Slots have a 10% greater chance to activate.,アーティファクトの呪文スロットが発動する確率が10%上昇する。,Deine Artefakt-Zauberplätze haben eine 10% höhere Aktivierungschance.,Vos emplacements de sorts d'Artéfacts ont 10% de chances supplémentaires de s'activer.,Tus Ranuras de Hechizo de Artefactos tienen un 10% más de probabilidad de activarse.,Seus Espaços de Magia de Artefatos têm 10% mais chance de ativar.,Ячейки заклинаний ваших Артефактов имеют на 10% больше шансов активироваться.,I tuoi Slot Incantesimo degli Artefatti hanno il 10% di probabilità in più di attivarsi.,你的神器法術槽有10%更高的機率啟動。,你的神器的法术槽触发几率提高10%。,당신의 유물의 주문 슬롯이 발동될 확률이 10% 증가합니다.,Komory na Czary twoich Artefaktów mają o 10% większą szansę na aktywację.,Ваші Артефакти мають на 10% більший шанс активувати Слоти Заклинань.,Je Artefacten hebben 10% meer kans om hun Spreuksloten te activeren.,Eserlerinin Büyü Yuvaları %10 daha fazla aktifleşme şansına sahip.
L_CARD_HOUND1,,Your creatures take 15% less damage from {CLASS_Death} spells.,あなたの生物は{CLASS_Death}呪文からのダメージを15%軽減する。,Deine Kreaturen erleiden 15% weniger Schaden durch {CLASS_Death} Zauber.,Vos créatures subissent 15% de dégâts en moins des sorts de {CLASS_Death}.,Tus criaturas reciben un 15% menos de daño de los hechizos de {CLASS_Death}.,Suas criaturas recebem 15% menos dano de magias {CLASS_Death}.,Ваши существа получают на 15% меньше урона от заклинаний {CLASS_Death}.,Le tue creature subiscono il 15% in meno di danni dagli incantesimi {CLASS_Death}.,你的生物受到的{CLASS_Death}法術傷害減少15%。,你的生物受到来自{CLASS_Death}法术伤害减少15%。,당신의 생물들은 {CLASS_Death} 주문으로부터 15% 적은 피해를 받습니다.,Twoje stworzenia otrzymują o 15% mniej obrażeń od zaklęć {CLASS_Death}.,Ваші істоти отримують на 15% менше шкоди від заклинань {CLASS_Death}.,Je wezens nemen 15% minder schade van {CLASS_Death} spreuken.,Yaratıkların {CLASS_Death} büyülerinden %15 daha az hasar alır.
L_CARD_HOUND2,,Your creatures take 15% less damage from {CLASS_Death} spells.,あなたの生物は{CLASS_Death}呪文からのダメージを15%軽減する。,Deine Kreaturen erleiden 15% weniger Schaden durch {CLASS_Death} Zauber.,Vos créatures subissent 15% de dégâts en moins des sorts de {CLASS_Death}.,Tus criaturas reciben un 15% menos de daño de los hechizos de {CLASS_Death}.,Suas criaturas recebem 15% menos dano de magias {CLASS_Death}.,Ваши существа получают на 15% меньше урона от заклинаний {CLASS_Death}.,Le tue creature subiscono il 15% in meno di danni dagli incantesimi {CLASS_Death}.,你的生物受到的{CLASS_Death}法術傷害減少15%。,你的生物受到来自{CLASS_Death}法术伤害减少15%。,당신의 생물들은 {CLASS_Death} 주문으로부터 15% 적은 피해를 받습니다.,Twoje stworzenia otrzymują o 15% mniej obrażeń od zaklęć {CLASS_Death}.,Ваші істоти отримують на 15% менше шкоди від заклинань {CLASS_Death}.,Je wezens nemen 15% minder schade van {CLASS_Death} spreuken.,Yaratıkların {CLASS_Death} büyülerinden %15 daha az hasar alır.
L_CARD_HOUND3,,Your creatures take 15% less damage from {CLASS_Death} spells.,あなたの生物は{CLASS_Death}呪文からのダメージを15%軽減する。,Deine Kreaturen erleiden 15% weniger Schaden durch {CLASS_Death} Zauber.,Vos créatures subissent 15% de dégâts en moins des sorts de {CLASS_Death}.,Tus criaturas reciben un 15% menos de daño de los hechizos de {CLASS_Death}.,Suas criaturas recebem 15% menos dano de magias {CLASS_Death}.,Ваши существа получают на 15% меньше урона от заклинаний {CLASS_Death}.,Le tue creature subiscono il 15% in meno di danni dagli incantesimi {CLASS_Death}.,你的生物受到的{CLASS_Death}法術傷害減少15%。,你的生物受到来自{CLASS_Death}法术伤害减少15%。,당신의 생물들은 {CLASS_Death} 주문으로부터 15% 적은 피해를 받습니다.,Twoje stworzenia otrzymują o 15% mniej obrażeń od zaklęć {CLASS_Death}.,Ваші істоти отримують на 15% менше шкоди від заклинань {CLASS_Death}.,Je wezens nemen 15% minder schade van {CLASS_Death} spreuken.,Yaratıkların {CLASS_Death} büyülerinden %15 daha az hasar alır.
L_CARD_DEMIGOD1,,Your creatures take 15% less damage from {CLASS_Life} spells.,あなたのクリーチャーは{CLASS_Life}呪文からのダメージを15%軽減する。,Deine Kreaturen erleiden 15% weniger Schaden durch {CLASS_Life}-Zauber.,Vos créatures subissent 15% de dégâts en moins des sorts {CLASS_Life}.,Tus criaturas reciben un 15% menos de daño de los hechizos de {CLASS_Life}.,Suas criaturas recebem 15% menos dano de magias {CLASS_Life}.,Ваши существа получают на 15% меньше урона от заклинаний {CLASS_Life}.,Le tue creature subiscono il 15% in meno di danni dagli incantesimi {CLASS_Life}.,你的生物受到的{CLASS_Life}法術傷害減少15%。,你的生物受到来自{CLASS_Life}法术伤害减少15%。,당신의 생물들은 {CLASS_Life} 주문으로부터 15% 적은 피해를 받습니다.,Twoje stworzenia otrzymują o 15% mniej obrażeń od zaklęć {CLASS_Life}.,Ваші істоти отримують на 15% менше шкоди від заклинань {CLASS_Life}.,Je wezens krijgen 15% minder schade van {CLASS_Life} spreuken.,Yaratıkların {CLASS_Life} büyülerinden %15 daha az hasar alır.
L_CARD_DEMIGOD2,,Your creatures take 15% less damage from {CLASS_Life} spells.,あなたのクリーチャーは{CLASS_Life}呪文からのダメージを15%軽減する。,Deine Kreaturen erleiden 15% weniger Schaden durch {CLASS_Life}-Zauber.,Vos créatures subissent 15% de dégâts en moins des sorts {CLASS_Life}.,Tus criaturas reciben un 15% menos de daño de los hechizos de {CLASS_Life}.,Suas criaturas recebem 15% menos dano de magias {CLASS_Life}.,Ваши существа получают на 15% меньше урона от заклинаний {CLASS_Life}.,Le tue creature subiscono il 15% in meno di danni dagli incantesimi {CLASS_Life}.,你的生物受到的{CLASS_Life}法術傷害減少15%。,你的生物受到来自{CLASS_Life}法术伤害减少15%。,당신의 생물들은 {CLASS_Life} 주문으로부터 15% 적은 피해를 받습니다.,Twoje stworzenia otrzymują o 15% mniej obrażeń od zaklęć {CLASS_Life}.,Ваші істоти отримують на 15% менше шкоди від заклинань {CLASS_Life}.,Je wezens krijgen 15% minder schade van {CLASS_Life} spreuken.,Yaratıkların {CLASS_Life} büyülerinden %15 daha az hasar alır.
L_CARD_DEMIGOD3,,Your creatures take 15% less damage from {CLASS_Life} spells.,あなたのクリーチャーは{CLASS_Life}呪文からのダメージを15%軽減する。,Deine Kreaturen erleiden 15% weniger Schaden durch {CLASS_Life}-Zauber.,Vos créatures subissent 15% de dégâts en moins des sorts {CLASS_Life}.,Tus criaturas reciben un 15% menos de daño de los hechizos de {CLASS_Life}.,Suas criaturas recebem 15% menos dano de magias {CLASS_Life}.,Ваши существа получают на 15% меньше урона от заклинаний {CLASS_Life}.,Le tue creature subiscono il 15% in meno di danni dagli incantesimi {CLASS_Life}.,你的生物受到的{CLASS_Life}法術傷害減少15%。,你的生物受到来自{CLASS_Life}法术伤害减少15%。,당신의 생물들은 {CLASS_Life} 주문으로부터 15% 적은 피해를 받습니다.,Twoje stworzenia otrzymują o 15% mniej obrażeń od zaklęć {CLASS_Life}.,Ваші істоти отримують на 15% менше шкоди від заклинань {CLASS_Life}.,Je wezens nemen 15% minder schade van {CLASS_Life} spreuken.,Yaratıkların {CLASS_Life} büyülerinden %15 daha az hasar alır.
L_CARD_HUNTER1,,Your creatures gain 10% more {STAT_attack} from stat-boosting effects.,自分のクリーチャーは能力値上昇効果から得る{STAT_attack}が10%増加する。,Deine Kreaturen erhalten 10% mehr {STAT_attack} durch attributssteigernde Effekte.,Vos créatures gagnent 10% de {STAT_attack} supplémentaire grâce aux effets d'amélioration de statistiques.,Tus criaturas ganan un 10% más de {STAT_attack} de los efectos que aumentan estadísticas.,Suas criaturas ganham 10% a mais de {STAT_attack} de efeitos que aumentam atributos.,"Ваши существа получают на 10% больше {STAT_attack} от эффектов, повышающих характеристики.",Le tue creature ottengono il 10% in più di {STAT_attack} dagli effetti che potenziano le statistiche.,你的生物從能力提升效果中獲得的{STAT_attack}增加10%。,你的生物从属性值提升效果中获得的的{STAT_attack}增加10%。,당신의 생물들은 능력치 강화 효과로부터 10% 더 많은 {STAT_attack}을 얻습니다.,Twoje stworzenia zyskują 10% więcej {STAT_attack} z efektów zwiększających statystyki.,Ваші істоти отримують на 10% більше {STAT_attack} від ефектів підвищення характеристик.,Je wezens krijgen 10% meer {STAT_attack} van statistiek-versterkende effecten.,"Yaratıkların, istatistik artırıcı etkilerden %10 daha fazla {STAT_attack} kazanır."
L_CARD_HUNTER2,,Your creatures gain 10% more {STAT_attack} from stat-boosting effects.,自分のクリーチャーは能力値上昇効果から得る{STAT_attack}が10%増加する。,Deine Kreaturen erhalten 10% mehr {STAT_attack} durch attributssteigernde Effekte.,Vos créatures gagnent 10% de {STAT_attack} supplémentaire grâce aux effets d'amélioration de statistiques.,Tus criaturas ganan un 10% más de {STAT_attack} de los efectos que aumentan estadísticas.,Suas criaturas ganham 10% a mais de {STAT_attack} de efeitos que aumentam atributos.,"Ваши существа получают на 10% больше {STAT_attack} от эффектов, повышающих характеристики.",Le tue creature ottengono il 10% in più di {STAT_attack} dagli effetti che potenziano le statistiche.,你的生物從能力提升效果中獲得的{STAT_attack}增加10%。,你的生物从属性值提升效果中获得的的{STAT_attack}增加10%。,당신의 생물들은 능력치 강화 효과로부터 10% 더 많은 {STAT_attack}을 얻습니다.,Twoje stworzenia zyskują 10% więcej {STAT_attack} z efektów zwiększających statystyki.,Ваші істоти отримують на 10% більше {STAT_attack} від ефектів підвищення характеристик.,Je wezens krijgen 10% meer {STAT_attack} van statistiek-versterkende effecten.,"Yaratıkların, istatistik artırıcı etkilerden %10 daha fazla {STAT_attack} kazanır."
L_CARD_HUNTER3,,Your creatures gain 10% more {STAT_attack} from stat-boosting effects.,味方の生物は能力値上昇効果から得る{STAT_attack}が10%増加する。,Deine Kreaturen erhalten 10% mehr {STAT_attack} durch attributssteigernde Effekte.,Vos créatures gagnent 10% de {STAT_attack} supplémentaire grâce aux effets d'amélioration de statistiques.,Tus criaturas ganan un 10% más de {STAT_attack} de los efectos que aumentan estadísticas.,Suas criaturas ganham 10% a mais de {STAT_attack} de efeitos que aumentam atributos.,"Ваши существа получают на 10% больше {STAT_attack} от эффектов, повышающих характеристики.",Le tue creature ottengono il 10% in più di {STAT_attack} dagli effetti che potenziano le statistiche.,你的生物從能力提升效果中獲得的{STAT_attack}增加10%。,你的生物从属性值提升效果中获得的的{STAT_attack}增加10%。,당신의 생물들은 능력치 강화 효과로부터 {STAT_attack}을(를) 10% 더 얻습니다.,Twoje stworzenia zyskują 10% więcej {STAT_attack} z efektów zwiększających statystyki.,Ваші істоти отримують на 10% більше {STAT_attack} від ефектів підвищення характеристик.,Je wezens krijgen 10% meer {STAT_attack} van statistiek-versterkende effecten.,"Yaratıkların, istatistik artırıcı etkilerden %10 daha fazla {STAT_attack} kazanır."
L_CARD_DIABOLICHORDE1,,Your creatures have a 5% chance to {ACTION_attack} an additional time.,自分のクリーチャーが追加で{ACTION_attack}する確率が5%上昇する。,"Deine Kreaturen haben eine 5% Chance, ein zusätzliches Mal zu {ACTION_attack}.",Vos créatures ont 5% de chances d'{ACTION_attack} une fois supplémentaire.,Tus criaturas tienen un 5% de probabilidad de {ACTION_attack} una vez adicional.,Suas criaturas têm 5% de chance de {ACTION_attack} uma vez adicional.,Ваши существа имеют 5% шанс {ACTION_attack} дополнительный раз.,Le tue creature hanno una probabilità del 5% di {ACTION_attack} una volta in più.,你的生物有 5% 機率額外{ACTION_attack}一次。,你的生物有5%几率额外{ACTION_attack}一次。,당신의 생물들은 5% 확률로 추가로 한 번 더 {ACTION_attack}할 수 있습니다.,Twoje stworzenia mają 5% szans na {ACTION_attack} dodatkowy raz.,Ваші істоти мають 5% шанс {ACTION_attack} додатковий раз.,Je wezens hebben 5% kans om een extra keer te {ACTION_attack}.,Yaratıklarınızın ek bir kez {ACTION_attack} yapma şansı %5'tir.
L_CARD_DIABOLICHORDE2,,Your creatures have a 5% chance to {ACTION_cast} spells an additional time.,自分のクリーチャーが{ACTION_cast}する呪文が追加で発動する確率が5%上昇する。,"Deine Kreaturen haben eine 5% Chance, Zauber ein zusätzliches Mal zu {ACTION_cast}.",Vos créatures ont 5% de chances de {ACTION_cast} des sorts une fois supplémentaire.,Tus criaturas tienen un 5% de probabilidad de {ACTION_cast} hechizos una vez adicional.,Suas criaturas têm 5% de chance de {ACTION_cast} magias uma vez adicional.,Ваши существа имеют 5% шанс {ACTION_cast} заклинания дополнительный раз.,Le tue creature hanno il 5% di probabilità di {ACTION_cast} incantesimi una volta in più.,你的生物有 5% 機率額外{ACTION_cast}一次法術。,你的生物有5%几率额外{ACTION_cast}一次法术。,당신의 생물은 5% 확률로 주문을 한 번 더 {ACTION_cast}합니다.,Twoje stworzenia mają 5% szans na {ACTION_cast} zaklęć dodatkowy raz.,Ваші істоти мають 5% шанс {ACTION_cast} заклинання додатковий раз.,Je wezens hebben 5% kans om spreuken een extra keer te {ACTION_cast}.,Yaratıklarınızın büyüleri bir kez daha {ACTION_cast} etme şansı %5.
L_CARD_DIABOLICHORDE3,,Doubles the chance for these effects to occur.,これらの効果が発生する確率が2倍になる。,"Verdoppelt die Chance, dass diese Effekte auftreten.",Double les chances que ces effets se produisent.,Duplica la probabilidad de que estos efectos ocurran.,Dobra a chance desses efeitos ocorrerem.,Удваивает шанс возникновения этих эффектов.,Raddoppia la possibilità che questi effetti si verifichino.,使這些效果發生的機率加倍。,使这些效果发生的几率翻倍。,이러한 효과가 발생할 확률이 두 배가 됩니다.,Podwaja szansę na wystąpienie tych efektów.,Подвоює шанс виникнення цих ефектів.,Verdubbelt de kans dat deze effecten optreden.,Bu etkilerin gerçekleşme şansını iki katına çıkarır.
L_CARD_SKELETON1,,Your creatures deal 5% more damage with attacks.,自分のクリーチャーの攻撃ダメージが5%増加する。,Deine Kreaturen verursachen 5% mehr Schaden mit Angriffen.,Vos créatures infligent 5% de dégâts supplémentaires avec leurs attaques.,Tus criaturas infligen un 5% más de daño con sus ataques.,Suas criaturas causam 5% a mais de dano com ataques.,Ваши существа наносят на 5% больше урона атаками.,Le tue creature infliggono il 5% di danno in più con gli attacchi.,你的生物攻擊造成的傷害提高5%。,你的生物攻击造成的伤害提高5%。,당신의 생물들은 공격 시 5% 더 많은 피해를 입힙니다.,Twoje stworzenia zadają o 5% więcej obrażeń atakami.,Ваші істоти завдають на 5% більше шкоди атаками.,Je wezens doen 5% meer schade met aanvallen.,Yaratıkların saldırılarla %5 daha fazla hasar verir.
L_CARD_SKELETON2,,Your creatures deal 5% more damage with attacks.,自分のクリーチャーの攻撃ダメージが5%増加する。,Deine Kreaturen verursachen 5% mehr Schaden mit Angriffen.,Vos créatures infligent 5% de dégâts supplémentaires avec leurs attaques.,Tus criaturas infligen un 5% más de daño con sus ataques.,Suas criaturas causam 5% a mais de dano com ataques.,Ваши существа наносят на 5% больше урона атаками.,Le tue creature infliggono il 5% di danno in più con gli attacchi.,你的生物攻擊造成的傷害提高5%。,你的生物攻击造成的伤害提高5%。,당신의 생물들은 공격 시 5% 더 많은 피해를 입힙니다.,Twoje stworzenia zadają o 5% więcej obrażeń atakami.,Ваші істоти завдають на 5% більше шкоди атаками.,Je wezens doen 5% meer schade met aanvallen.,Yaratıkların saldırılarla %5 daha fazla hasar verir.
L_CARD_SKELETON3,,Your creatures deal 5% more damage with attacks.,自分のクリーチャーの攻撃ダメージが5%増加する。,Deine Kreaturen verursachen 5% mehr Schaden mit Angriffen.,Vos créatures infligent 5% de dégâts supplémentaires avec leurs attaques.,Tus criaturas infligen un 5% más de daño con sus ataques.,Suas criaturas causam 5% a mais de dano com ataques.,Ваши существа наносят на 5% больше урона атаками.,Le tue creature infliggono il 5% di danno in più con gli attacchi.,你的生物攻擊造成的傷害提高5%。,你的生物攻击造成的伤害提高5%。,당신의 생물들은 공격 시 5% 더 많은 피해를 입힙니다.,Twoje stworzenia zadają o 5% więcej obrażeń atakami.,Ваші істоти завдають на 5% більше шкоди атаками.,Je wezens doen 5% meer schade met aanvallen.,Yaratıkların saldırılarla %5 daha fazla hasar verir.
L_CARD_PRIEST1,,Your creatures have 10% more {STAT_speed} while they're {ACTION_defending}.,味方のクリーチャーは{ACTION_defending}中、{STAT_speed}が10%上昇する。,"Deine Kreaturen haben 10% mehr {STAT_speed}, während sie {ACTION_defending}.",Vos créatures ont 10% de {STAT_speed} en plus lorsqu'elles sont en train de {ACTION_defending}.,Tus criaturas tienen un 10% más de {STAT_speed} mientras están {ACTION_defending}.,Suas criaturas têm 10% a mais de {STAT_speed} enquanto estão {ACTION_defending}.,"Ваши существа имеют на 10% больше {STAT_speed}, пока они {ACTION_defending}.",Le tue creature hanno il 10% in più di {STAT_speed} mentre stanno {ACTION_defending}.,當你的生物處於{ACTION_defending}狀態時，其{STAT_speed}提高10%。,当你的生物正在{ACTION_defending}时，它们的{STAT_speed}提高10%。,당신의 생물들은 {ACTION_defending} 상태일 때 {STAT_speed}가 10% 증가합니다.,"Twoje stworzenia mają o 10% więcej {STAT_speed}, gdy {ACTION_defending}.","Ваші істоти мають на 10% більше {STAT_speed}, поки вони {ACTION_defending}.",Je wezens hebben 10% meer {STAT_speed} terwijl ze {ACTION_defending} zijn.,Yaratıkların {ACTION_defending} durumundayken %10 daha fazla {STAT_speed} kazanır.
L_CARD_PRIEST2,,Your creatures have 10% more {STAT_speed} while they're {ACTION_defending}.,味方のクリーチャーは{ACTION_defending}中、{STAT_speed}が10%上昇する。,"Deine Kreaturen haben 10% mehr {STAT_speed}, während sie {ACTION_defending}.",Vos créatures ont 10% de {STAT_speed} en plus lorsqu'elles sont en train de {ACTION_defending}.,Tus criaturas tienen un 10% más de {STAT_speed} mientras están {ACTION_defending}.,Suas criaturas têm 10% a mais de {STAT_speed} enquanto estão {ACTION_defending}.,"Ваши существа имеют на 10% больше {STAT_speed}, пока они {ACTION_defending}.",Le tue creature hanno il 10% in più di {STAT_speed} mentre stanno {ACTION_defending}.,當你的生物處於{ACTION_defending}狀態時，其{STAT_speed}提高10%。,当你的生物正在{ACTION_defending}时，它们的{STAT_speed}提高10%。,당신의 생물들은 {ACTION_defending} 상태일 때 {STAT_speed}가 10% 증가합니다.,"Twoje stworzenia mają o 10% więcej {STAT_speed}, gdy {ACTION_defending}.","Ваші істоти мають на 10% більше {STAT_speed}, поки вони {ACTION_defending}.",Je wezens hebben 10% meer {STAT_speed} terwijl ze {ACTION_defending} zijn.,Yaratıkların {ACTION_defending} durumundayken %10 daha fazla {STAT_speed} kazanır.
L_CARD_PRIEST3,,Your creatures have 10% more {STAT_speed} while they're {ACTION_defending}.,味方のクリーチャーは{ACTION_defending}中、{STAT_speed}が10%上昇する。,"Deine Kreaturen haben 10% mehr {STAT_speed}, während sie {ACTION_defending}.",Vos créatures ont 10% de {STAT_speed} en plus lorsqu'elles sont en train de {ACTION_defending}.,Tus criaturas tienen un 10% más de {STAT_speed} mientras están {ACTION_defending}.,Suas criaturas têm 10% a mais de {STAT_speed} enquanto estão {ACTION_defending}.,"Ваши существа имеют на 10% больше {STAT_speed}, пока они {ACTION_defending}.",Le tue creature hanno il 10% in più di {STAT_speed} mentre stanno {ACTION_defending}.,當你的生物處於{ACTION_defending}狀態時，其{STAT_speed}提高10%。,当你的生物正在{ACTION_defending}时，它们的{STAT_speed}提高10%。,당신의 생물들은 {ACTION_defending} 상태일 때 {STAT_speed}가 10% 증가합니다.,"Twoje stworzenia mają o 10% więcej {STAT_speed}, gdy {ACTION_defending}.","Ваші істоти мають на 10% більше {STAT_speed}, поки вони {ACTION_defending}.",Je wezens hebben 10% meer {STAT_speed} terwijl ze {ACTION_defending} zijn.,Yaratıkların {ACTION_defending} durumundayken %10 daha fazla {STAT_speed} kazanır.
L_CARD_FORSAKEN1,,Your creatures have 1 more base {STAT_defense}.,あなたの生物の基本{STAT_defense}が1増加する。,Deine Kreaturen haben 1 mehr Basis-{STAT_defense}.,Vos créatures ont 1 {STAT_defense} de base supplémentaire.,Tus criaturas tienen 1 más de {STAT_defense} base.,Suas criaturas têm 1 a mais de {STAT_defense} base.,У ваших существ на 1 больше базовой {STAT_defense}.,Le tue creature hanno 1 {STAT_defense} base in più.,你的生物基礎{STAT_defense}增加1點。,你的生物的基础{STAT_defense}+1。,당신의 생물들은 기본 {STAT_defense}이(가) 1 더 높습니다.,Twoje stworzenia mają o 1 więcej bazowej {STAT_defense}.,Ваші істоти мають на 1 більше базового {STAT_defense}.,Je wezens hebben 1 meer basis {STAT_defense}.,Yaratıklarının temel {STAT_defense} değeri 1 daha fazla.
L_CARD_FORSAKEN2,,Your creatures have 1 more base {STAT_defense}.,あなたの生物の基本{STAT_defense}が1増加する。,Deine Kreaturen haben 1 mehr Basis-{STAT_defense}.,Vos créatures ont 1 {STAT_defense} de base supplémentaire.,Tus criaturas tienen 1 más de {STAT_defense} base.,Suas criaturas têm 1 a mais de {STAT_defense} base.,У ваших существ на 1 больше базовой {STAT_defense}.,Le tue creature hanno 1 {STAT_defense} base in più.,你的生物基礎{STAT_defense}增加1點。,你的生物的基础{STAT_defense}+1。,당신의 생물들은 기본 {STAT_defense}이(가) 1 더 높습니다.,Twoje stworzenia mają o 1 więcej bazowej {STAT_defense}.,Ваші істоти мають на 1 більше базового {STAT_defense}.,Je wezens hebben 1 meer basis {STAT_defense}.,Yaratıklarının temel {STAT_defense} değeri 1 daha fazla.
L_CARD_FORSAKEN3,,Your creatures have 1 more base {STAT_defense}.,あなたの生物の基本{STAT_defense}が1増加する。,Deine Kreaturen haben 1 mehr Basis-{STAT_defense}.,Vos créatures ont 1 {STAT_defense} de base supplémentaire.,Tus criaturas tienen 1 más de {STAT_defense} base.,Suas criaturas têm 1 a mais de {STAT_defense} base.,У ваших существ на 1 больше базовой {STAT_defense}.,Le tue creature hanno 1 {STAT_defense} base in più.,你的生物基礎{STAT_defense}增加1點。,你的生物的基础{STAT_defense}+1。,당신의 생물들은 기본 {STAT_defense}이(가) 1 더 높습니다.,Twoje stworzenia mają o 1 więcej bazowej {STAT_defense}.,Ваші істоти мають на 1 більше базового {STAT_defense}.,Je wezens hebben 1 meer basis {STAT_defense}.,Yaratıklarının temel {STAT_defense} değeri 1 daha fazla.
L_CARD_IMLER1,,Your creatures have 10% more {STAT_defense} while they're {ACTION_provoking}.,自分のクリーチャーは{ACTION_provoking}中、{STAT_defense}が10%上昇する。,"Deine Kreaturen haben 10% mehr {STAT_defense}, während sie {ACTION_provoking} sind.",Vos créatures ont 10% de {STAT_defense} supplémentaire lorsqu'elles {ACTION_provoking}.,Tus criaturas tienen un 10% más de {STAT_defense} mientras están {ACTION_provoking}.,Suas criaturas têm 10% a mais de {STAT_defense} enquanto estão {ACTION_provoking}.,"У ваших существ на 10% больше {STAT_defense}, пока они {ACTION_provoking}.",Le tue creature hanno il 10% in più di {STAT_defense} mentre stanno {ACTION_provoking}.,當你的生物處於{ACTION_provoking}狀態時，其{STAT_defense}提高10%。,当你的生物正在{ACTION_provoking}时，它们的{STAT_defense}提高10%。,당신의 생물은 {ACTION_provoking} 상태일 때 {STAT_defense}가 10% 증가합니다.,"Twoje stworzenia mają o 10% więcej {STAT_defense}, gdy {ACTION_provoking}.","Ваші істоти мають на 10% більше {STAT_defense}, поки вони {ACTION_provoking}.",Je wezens hebben 10% meer {STAT_defense} terwijl ze {ACTION_provoking} zijn.,Yaratıkların {ACTION_provoking} durumdayken %10 daha fazla {STAT_defense} kazanır.
L_CARD_IMLER2,,Your creatures have 10% more {STAT_defense} while they're {ACTION_provoking}.,自分のクリーチャーは{ACTION_provoking}中、{STAT_defense}が10%上昇する。,"Deine Kreaturen haben 10% mehr {STAT_defense}, während sie {ACTION_provoking} sind.",Vos créatures ont 10% de {STAT_defense} supplémentaire lorsqu'elles {ACTION_provoking}.,Tus criaturas tienen un 10% más de {STAT_defense} mientras están {ACTION_provoking}.,Suas criaturas têm 10% a mais de {STAT_defense} enquanto estão {ACTION_provoking}.,"У ваших существ на 10% больше {STAT_defense}, пока они {ACTION_provoking}.",Le tue creature hanno il 10% in più di {STAT_defense} mentre stanno {ACTION_provoking}.,當你的生物處於{ACTION_provoking}狀態時，其{STAT_defense}提高10%。,当你的生物正在{ACTION_provoking}时，它们的{STAT_defense}提高10%。,당신의 생물은 {ACTION_provoking} 상태일 때 {STAT_defense}가 10% 증가합니다.,"Twoje stworzenia mają o 10% więcej {STAT_defense}, gdy {ACTION_provoking}.","Ваші істоти мають на 10% більше {STAT_defense}, поки вони {ACTION_provoking}.",Je wezens hebben 10% meer {STAT_defense} terwijl ze {ACTION_provoking} zijn.,Yaratıkların {ACTION_provoking} durumundayken %10 daha fazla {STAT_defense} kazanır.
L_CARD_IMLER3,,Your creatures have 10% more {STAT_defense} while they're {ACTION_provoking}.,自分のクリーチャーは{ACTION_provoking}中、{STAT_defense}が10%上昇する。,"Deine Kreaturen haben 10% mehr {STAT_defense}, während sie {ACTION_provoking} sind.",Vos créatures ont 10% de {STAT_defense} supplémentaire lorsqu'elles {ACTION_provoking}.,Tus criaturas tienen un 10% más de {STAT_defense} mientras están {ACTION_provoking}.,Suas criaturas têm 10% a mais de {STAT_defense} enquanto estão {ACTION_provoking}.,"У ваших существ на 10% больше {STAT_defense}, пока они {ACTION_provoking}.",Le tue creature hanno il 10% in più di {STAT_defense} mentre stanno {ACTION_provoking}.,當你的生物處於{ACTION_provoking}狀態時，其{STAT_defense}提高10%。,当你的生物正在{ACTION_provoking}时，它们的{STAT_defense}提高10%。,당신의 생물은 {ACTION_provoking} 상태일 때 {STAT_defense}가 10% 증가합니다.,"Twoje stworzenia mają o 10% więcej {STAT_defense}, gdy {ACTION_provoking}.","Ваші істоти мають на 10% більше {STAT_defense}, поки вони {ACTION_provoking}.",Je wezens hebben 10% meer {STAT_defense} terwijl ze {ACTION_provoking} zijn.,Yaratıkların {ACTION_provoking} durumundayken %10 daha fazla {STAT_defense} kazanır.
L_CARD_IMLING1,,Your creatures have 10% more {STAT_defense} while they're {ACTION_defending}.,自分のクリーチャーは{ACTION_defending}中、{STAT_defense}が10%上昇する。,"Deine Kreaturen haben 10% mehr {STAT_defense}, während sie {ACTION_defending}.",Vos créatures ont 10% de {STAT_defense} en plus lorsqu'elles sont en train de {ACTION_defending}.,Tus criaturas tienen un 10% más de {STAT_defense} mientras están {ACTION_defending}.,Suas criaturas têm 10% a mais de {STAT_defense} enquanto estão {ACTION_defending}.,"У ваших существ на 10% больше {STAT_defense}, пока они {ACTION_defending}.",Le tue creature hanno il 10% in più di {STAT_defense} mentre stanno {ACTION_defending}.,當你的生物正在{ACTION_defending}時，牠們的{STAT_defense}增加10%。,当你的生物正在{ACTION_defending}时，它们的{STAT_defense}提高10%。,당신의 생물들은 {ACTION_defending} 상태일 때 {STAT_defense}가 10% 증가합니다.,"Twoje stworzenia mają o 10% więcej {STAT_defense}, gdy {ACTION_defending}.","Ваші істоти мають на 10% більше {STAT_defense}, поки вони {ACTION_defending}.",Je wezens hebben 10% meer {STAT_defense} terwijl ze {ACTION_defending} zijn.,Yaratıkların {ACTION_defending} durumundayken %10 daha fazla {STAT_defense} kazanır.
L_CARD_IMLING2,,Your creatures have 10% more {STAT_defense} while they're {ACTION_defending}.,自分のクリーチャーは{ACTION_defending}中、{STAT_defense}が10%上昇する。,"Deine Kreaturen haben 10% mehr {STAT_defense}, während sie {ACTION_defending}.",Vos créatures ont 10% de {STAT_defense} en plus lorsqu'elles sont en train de {ACTION_defending}.,Tus criaturas tienen un 10% más de {STAT_defense} mientras están {ACTION_defending}.,Suas criaturas têm 10% a mais de {STAT_defense} enquanto estão {ACTION_defending}.,"У ваших существ на 10% больше {STAT_defense}, пока они {ACTION_defending}.",Le tue creature hanno il 10% in più di {STAT_defense} mentre stanno {ACTION_defending}.,當你的生物正在{ACTION_defending}時，牠們的{STAT_defense}增加10%。,当你的生物正在{ACTION_defending}时，它们的{STAT_defense}提高10%。,당신의 생물들은 {ACTION_defending} 상태일 때 {STAT_defense}가 10% 증가합니다.,"Twoje stworzenia mają o 10% więcej {STAT_defense}, gdy {ACTION_defending}.","Ваші істоти мають на 10% більше {STAT_defense}, поки вони {ACTION_defending}.",Je wezens hebben 10% meer {STAT_defense} terwijl ze {ACTION_defending}.,Yaratıkların {ACTION_defending} durumundayken %10 daha fazla {STAT_defense} kazanır.
L_CARD_IMLING3,,Your creatures have 10% more {STAT_defense} while they're {ACTION_defending}.,自分のクリーチャーは{ACTION_defending}中、{STAT_defense}が10%上昇する。,"Deine Kreaturen haben 10% mehr {STAT_defense}, während sie {ACTION_defending}.",Vos créatures ont 10% de {STAT_defense} en plus lorsqu'elles sont en train de {ACTION_defending}.,Tus criaturas tienen un 10% más de {STAT_defense} mientras están {ACTION_defending}.,Suas criaturas têm 10% a mais de {STAT_defense} enquanto estão {ACTION_defending}.,"У ваших существ на 10% больше {STAT_defense}, пока они {ACTION_defending}.",Le tue creature hanno il 10% in più di {STAT_defense} mentre stanno {ACTION_defending}.,當你的生物正在{ACTION_defending}時，牠們的{STAT_defense}增加10%。,当你的生物正在{ACTION_defending}时，它们的{STAT_defense}提高10%。,당신의 생물들은 {ACTION_defending} 상태일 때 {STAT_defense}가 10% 증가합니다.,"Twoje stworzenia mają o 10% więcej {STAT_defense}, gdy {ACTION_defending}.","Ваші істоти мають на 10% більше {STAT_defense}, поки вони {ACTION_defending}.",Je wezens hebben 10% meer {STAT_defense} terwijl ze {ACTION_defending} zijn.,Yaratıkların {ACTION_defending} durumundayken %10 daha fazla {STAT_defense} kazanır.
L_CARD_GIANT1,,Your creatures have 5% more Maximum {STAT_health}.,自分のクリーチャーの最大{STAT_health}が5%増加する。,Deine Kreaturen haben 5% mehr maximale {STAT_health}.,Vos créatures ont 5% de {STAT_health} maximum en plus.,Tus criaturas tienen un 5% más de {STAT_health} máximo.,Suas criaturas têm 5% a mais de {STAT_health} Máximo.,У ваших существ на 5% больше максимального {STAT_health}.,Le tue creature hanno il 5% in più di {STAT_health} massima.,你的生物擁有額外5%的最大{STAT_health}。,你的生物拥有的最大{STAT_health}增加5%。,당신의 생물들은 최대 {STAT_health}가 5% 증가합니다.,Twoje stworzenia mają o 5% więcej Maksymalnego {STAT_health}.,Ваші істоти мають на 5% більше Максимального {STAT_health}.,Je wezens hebben 5% meer Maximale {STAT_health}.,Yaratıklarının Maksimum {STAT_health} değeri %5 daha fazla.
L_CARD_GIANT2,,Your creatures have 5% more Maximum {STAT_health}.,自分のクリーチャーの最大{STAT_health}が5%増加する。,Deine Kreaturen haben 5% mehr maximale {STAT_health}.,Vos créatures ont 5% de {STAT_health} maximum en plus.,Tus criaturas tienen un 5% más de {STAT_health} máximo.,Suas criaturas têm 5% a mais de {STAT_health} Máximo.,У ваших существ на 5% больше максимального {STAT_health}.,Le tue creature hanno il 5% in più di {STAT_health} massima.,你的生物擁有額外5%的最大{STAT_health}。,你的生物拥有的最大{STAT_health}增加5%。,당신의 생물들은 최대 {STAT_health}가 5% 증가합니다.,Twoje stworzenia mają o 5% więcej Maksymalnego {STAT_health}.,Ваші істоти мають на 5% більше Максимального {STAT_health}.,Je wezens hebben 5% meer Maximale {STAT_health}.,Yaratıklarının Maksimum {STAT_health} değeri %5 daha fazla.
L_CARD_GIANT3,,Your creatures have 5% more Maximum {STAT_health}.,自分のクリーチャーの最大{STAT_health}が5%増加する。,Deine Kreaturen haben 5% mehr maximale {STAT_health}.,Vos créatures ont 5% de {STAT_health} maximum en plus.,Tus criaturas tienen un 5% más de {STAT_health} máximo.,Suas criaturas têm 5% a mais de {STAT_health} Máximo.,У ваших существ на 5% больше максимального {STAT_health}.,Le tue creature hanno il 5% in più di {STAT_health} massima.,你的生物擁有額外5%的最大{STAT_health}。,你的生物拥有的最大{STAT_health}增加5%。,당신의 생물들은 최대 {STAT_health}가 5% 증가합니다.,Twoje stworzenia mają o 5% więcej Maksymalnego {STAT_health}.,Ваші істоти мають на 5% більше Максимального {STAT_health}.,Je wezens hebben 5% meer Maximale {STAT_health}.,Yaratıklarının Maksimum {STAT_health} değeri %5 daha fazla.
L_CARD_WOLPERTINGER1,,Your creatures have a 5% chance to {ACTION_attack} an additional time.,自分のクリーチャーが追加で{ACTION_attack}する確率が5%上昇する。,"Deine Kreaturen haben eine 5% Chance, ein zusätzliches Mal zu {ACTION_attack}.",Vos créatures ont 5% de chances d'{ACTION_attack} une fois supplémentaire.,Tus criaturas tienen un 5% de probabilidad de {ACTION_attack} una vez adicional.,Suas criaturas têm 5% de chance de {ACTION_attack} uma vez adicional.,Ваши существа имеют 5% шанс {ACTION_attack} дополнительный раз.,Le tue creature hanno una probabilità del 5% di {ACTION_attack} una volta in più.,你的生物有 5% 機率額外{ACTION_attack}一次。,你的生物有5%几率额外{ACTION_attack}一次。,당신의 생물들은 5% 확률로 추가로 한 번 더 {ACTION_attack}할 수 있습니다.,Twoje stworzenia mają 5% szans na {ACTION_attack} dodatkowy raz.,Ваші істоти мають 5% шанс {ACTION_attack} додатковий раз.,Je wezens hebben 5% kans om een extra keer te {ACTION_attack}.,Yaratıklarınızın ek bir kez {ACTION_attack} yapma şansı %5'tir.
L_CARD_WOLPERTINGER2,,Your creatures have a 5% chance to {ACTION_cast} spells an additional time.,自分のクリーチャーが{ACTION_cast}を追加で行う確率が5%上昇する。,"Deine Kreaturen haben eine 5% Chance, Zauber ein zusätzliches Mal zu {ACTION_cast}.",Vos créatures ont 5% de chances de {ACTION_cast} des sorts une fois supplémentaire.,Tus criaturas tienen un 5% de probabilidad de {ACTION_cast} hechizos una vez adicional.,Suas criaturas têm 5% de chance de {ACTION_cast} magias uma vez adicional.,Ваши существа имеют 5% шанс {ACTION_cast} заклинания дополнительный раз.,Le tue creature hanno il 5% di probabilità di {ACTION_cast} incantesimi una volta in più.,你的生物有 5% 機率額外{ACTION_cast}一次法術。,你的生物有5%几率额外{ACTION_cast}一次法术。,당신의 생물은 5% 확률로 주문을 한 번 더 {ACTION_cast}합니다.,Twoje stworzenia mają 5% szans na {ACTION_cast} zaklęć dodatkową ilość razy.,Ваші істоти мають 5% шанс {ACTION_cast} заклинання додатковий раз.,Je wezens hebben 5% kans om spreuken een extra keer te {ACTION_cast}.,Yaratıklarınızın büyüleri bir kez daha {ACTION_cast} etme şansı %5.
L_CARD_WOLPERTINGER3,,Doubles the chance for these effects to occur.,これらの効果が発生する確率が2倍になる。,"Verdoppelt die Chance, dass diese Effekte auftreten.",Double les chances que ces effets se produisent.,Duplica la probabilidad de que estos efectos ocurran.,Dobra a chance desses efeitos ocorrerem.,Удваивает шанс возникновения этих эффектов.,Raddoppia la possibilità che questi effetti si verifichino.,使這些效果發生的機率加倍。,使这些效果发生的几率翻倍。,이러한 효과가 발생할 확률이 두 배가 됩니다.,Podwaja szansę na wystąpienie tych efektów.,Подвоює шанс виникнення цих ефектів.,Verdubbelt de kans dat deze effecten optreden.,Bu etkilerin gerçekleşme şansını iki katına çıkarır.
L_CARD_DUMPLING1,,Increases the chance for Dumplings to spawn by 50%.,ダンプリングが出現する確率を50%上昇させる。,"Erhöht die Chance, dass Knödel erscheinen, um 50%.",Augmente de 50% les chances d'apparition des Boulettes.,Aumenta la probabilidad de que aparezcan Dumplings en un 50%.,Aumenta a chance de Bolinhos aparecerem em 50%.,Увеличивает шанс появления Пельменей на 50%.,Aumenta del 50% la probabilità che appaiano Gnocchi.,增加饅頭生成機率50%。,提高50%的团子生成几率。,만두가 생성될 확률을 50% 증가시킵니다.,Zwiększa szansę na pojawienie się Pierogów o 50%.,Збільшує шанс появи Пельменів на 50%.,Verhoogt de kans dat Dumplings verschijnen met 50%.,Mantıların ortaya çıkma şansını %50 artırır.
L_CARD_DUMPLING2,,Increases the chance for Dumplings to spawn by 50%.,ダンプリングが出現する確率を50%上昇させる。,"Erhöht die Chance, dass Knödel erscheinen, um 50%.",Augmente de 50% les chances d'apparition des Boulettes.,Aumenta la probabilidad de que aparezcan Dumplings en un 50%.,Aumenta a chance de Bolinhos aparecerem em 50%.,Увеличивает шанс появления Пельменей на 50%.,Aumenta del 50% la probabilità che appaiano Gnocchi.,增加饅頭生成機率50%。,提高50%的团子生成几率。,만두가 생성될 확률을 50% 증가시킵니다.,Zwiększa szansę na pojawienie się Pierogów o 50%.,Збільшує шанс появи Пельменів на 50%.,Verhoogt de kans dat Dumplings verschijnen met 50%.,Mantıların ortaya çıkma şansını %50 artırır.
L_CARD_DUMPLING3,,Increases the chance for Dumplings to spawn by 50%.,ダンプリングが出現する確率を50%上昇させる。,"Erhöht die Chance, dass Knödel erscheinen, um 50%.",Augmente de 50% les chances d'apparition des Boulettes.,Aumenta la probabilidad de que aparezcan Dumplings en un 50%.,Aumenta a chance de Bolinhos aparecerem em 50%.,Увеличивает шанс появления Пельменей на 50%.,Aumenta del 50% la probabilità che appaiano Gnocchi.,增加饅頭生成機率50%。,提高50%的团子生成几率。,만두가 생성될 확률을 50% 증가시킵니다.,Zwiększa szansę na pojawienie się Pierogów o 50%.,Збільшує шанс появи Пельменів на 50%.,Verhoogt de kans dat Dumplings verschijnen met 50%.,Mantıların ortaya çıkma şansını %50 artırır.
L_CARD_APIS1,,Your creatures with {CONDNAME_BUFF_PROTECT} take 10% less damage.,あなたの{CONDNAME_BUFF_PROTECT}を持つ生物は受けるダメージが10%減少する。,Deine Kreaturen mit {CONDNAME_BUFF_PROTECT} erleiden 10% weniger Schaden.,Vos créatures avec {CONDNAME_BUFF_PROTECT} subissent 10% de dégâts en moins.,Tus criaturas con {CONDNAME_BUFF_PROTECT} reciben 10% menos de daño.,Suas criaturas com {CONDNAME_BUFF_PROTECT} recebem 10% menos de dano.,Ваши существа с {CONDNAME_BUFF_PROTECT} получают на 10% меньше урона.,Le tue creature con {CONDNAME_BUFF_PROTECT} subiscono il 10% in meno di danni.,你的具有{CONDNAME_BUFF_PROTECT}的生物受到的傷害減少10%。,你拥有{CONDNAME_BUFF_PROTECT}的生物受到的伤害减少10%。,당신의 {CONDNAME_BUFF_PROTECT} 상태인 생물은 10% 적은 피해를 받습니다.,Twoje stworzenia z {CONDNAME_BUFF_PROTECT} otrzymują o 10% mniej obrażeń.,Ваші істоти з {CONDNAME_BUFF_PROTECT} отримують на 10% менше пошкоджень.,Je wezens met {CONDNAME_BUFF_PROTECT} krijgen 10% minder schade.,Koruma {CONDNAME_BUFF_PROTECT} özelliğine sahip yaratıklarınız %10 daha az hasar alır.
L_CARD_APIS2,,Your creatures with {CONDNAME_BUFF_PROTECT} take 10% less damage.,あなたの{CONDNAME_BUFF_PROTECT}を持つ生物は受けるダメージが10%減少する。,Deine Kreaturen mit {CONDNAME_BUFF_PROTECT} erleiden 10% weniger Schaden.,Vos créatures avec {CONDNAME_BUFF_PROTECT} subissent 10% de dégâts en moins.,Tus criaturas con {CONDNAME_BUFF_PROTECT} reciben 10% menos de daño.,Suas criaturas com {CONDNAME_BUFF_PROTECT} recebem 10% menos de dano.,Ваши существа с {CONDNAME_BUFF_PROTECT} получают на 10% меньше урона.,Le tue creature con {CONDNAME_BUFF_PROTECT} subiscono il 10% in meno di danni.,你的具有{CONDNAME_BUFF_PROTECT}的生物受到的傷害減少10%。,你拥有{CONDNAME_BUFF_PROTECT}的生物受到的伤害减少10%。,당신의 {CONDNAME_BUFF_PROTECT} 상태인 생물은 10% 적은 피해를 받습니다.,Twoje stworzenia z {CONDNAME_BUFF_PROTECT} otrzymują o 10% mniej obrażeń.,Ваші істоти з {CONDNAME_BUFF_PROTECT} отримують на 10% менше пошкоджень.,Je wezens met {CONDNAME_BUFF_PROTECT} krijgen 10% minder schade.,Koruma özelliğine sahip yaratıklarınız %10 daha az hasar alır.
L_CARD_APIS3,,Your creatures with {CONDNAME_BUFF_PROTECT} have a 5% chance to avoid damage from attacks and spells.,{CONDNAME_BUFF_PROTECT}を持つあなたのクリーチャーは、攻撃や呪文からのダメージを5%の確率で回避します。,"Deine Kreaturen mit {CONDNAME_BUFF_PROTECT} haben eine 5% Chance, Schaden durch Angriffe und Zauber zu vermeiden.",Vos créatures avec {CONDNAME_BUFF_PROTECT} ont 5% de chances d'éviter les dégâts des attaques et des sorts.,Tus criaturas con {CONDNAME_BUFF_PROTECT} tienen un 5% de probabilidad de evitar daño de ataques y hechizos.,Suas criaturas com {CONDNAME_BUFF_PROTECT} têm 5% de chance de evitar dano de ataques e magias.,Ваши существа с {CONDNAME_BUFF_PROTECT} имеют 5% шанс избежать урона от атак и заклинаний.,Le tue creature con {CONDNAME_BUFF_PROTECT} hanno il 5% di possibilità di evitare danni da attacchi e incantesimi.,你的具有{CONDNAME_BUFF_PROTECT}的生物有5%的機會避免來自攻擊和法術的傷害。,你拥有{CONDNAME_BUFF_PROTECT}的生物有5%几率免疫攻击和法术伤害。,{CONDNAME_BUFF_PROTECT} 상태인 당신의 생물은 공격과 주문으로부터 받는 피해를 5% 확률로 회피합니다.,Twoje stworzenia z {CONDNAME_BUFF_PROTECT} mają 5% szans na uniknięcie obrażeń od ataków i zaklęć.,Ваші істоти з {CONDNAME_BUFF_PROTECT} мають 5% шанс уникнути пошкоджень від атак і заклинань.,Je wezens met {CONDNAME_BUFF_PROTECT} hebben 5% kans om schade van aanvallen en spreuken te vermijden.,{CONDNAME_BUFF_PROTECT} sahibi yaratıklarınızın saldırı ve büyülerden gelen hasarı %5 ihtimalle savuşturma şansı vardır.
L_CARD_RIFTDANCER1,,Your creatures with {CONDNAME_BUFF_WARD} gain 20% more stats.,自分の{CONDNAME_BUFF_WARD}を持つ生物のステータスが20%上昇する。,Deine Kreaturen mit {CONDNAME_BUFF_WARD} erhalten 20% mehr Attribute.,Vos créatures avec {CONDNAME_BUFF_WARD} gagnent 20% de stats en plus.,Tus criaturas con {CONDNAME_BUFF_WARD} ganan un 20% más de estadísticas.,Suas criaturas com {CONDNAME_BUFF_WARD} ganham 20% mais atributos.,Ваши существа с {CONDNAME_BUFF_WARD} получают на 20% больше характеристик.,Le tue creature con {CONDNAME_BUFF_WARD} ottengono il 20% in più di statistiche.,你的具有{CONDNAME_BUFF_WARD}的生物獲得20%更多屬性。,你拥有{CONDNAME_BUFF_WARD}的生物获得额外20%的属性值。,당신의 {CONDNAME_BUFF_WARD} 상태인 생물들은 20% 더 많은 스탯을 얻습니다.,Twoje stworzenia z {CONDNAME_BUFF_WARD} zyskują 20% więcej statystyk.,Ваші істоти з {CONDNAME_BUFF_WARD} отримують на 20% більше характеристик.,Je wezens met {CONDNAME_BUFF_WARD} krijgen 20% meer statistieken.,Yaratıklarınız {CONDNAME_BUFF_WARD} ile %20 daha fazla istatistik kazanır.
L_CARD_RIFTDANCER2,,Your creatures with {CONDNAME_BUFF_WARD} have a 25% chance to resist debuffs.,{CONDNAME_BUFF_WARD}を持つあなたのクリーチャーは、25%の確率で弱体効果を無効化します。,"Deine Kreaturen mit {CONDNAME_BUFF_WARD} haben eine 25% Chance, Debuffs zu widerstehen.",Vos créatures avec {CONDNAME_BUFF_WARD} ont 25% de chances de résister aux affaiblissements.,Tus criaturas con {CONDNAME_BUFF_WARD} tienen un 25% de probabilidad de resistir debuffs.,Suas criaturas com {CONDNAME_BUFF_WARD} têm 25% de chance de resistir a debuffs.,Ваши существа с {CONDNAME_BUFF_WARD} имеют 25% шанс сопротивляться дебаффам.,Le tue creature con {CONDNAME_BUFF_WARD} hanno il 25% di possibilità di resistere ai debuff.,你的具有{CONDNAME_BUFF_WARD}的生物有25%的機率抵抗減益效果。,你拥有{CONDNAME_BUFF_WARD}的生物有25%几率抵抗减益。,{CONDNAME_BUFF_WARD}을 가진 당신의 생물은 디버프에 저항할 확률이 25% 있습니다.,Twoje stworzenia z {CONDNAME_BUFF_WARD} mają 25% szans na odporność na osłabienia.,Ваші істоти з {CONDNAME_BUFF_WARD} мають 25% шанс опиратися дебафам.,Je wezens met {CONDNAME_BUFF_WARD} hebben 25% kans om verzwakkingen te weerstaan.,{CONDNAME_BUFF_WARD} sahibi yaratıklarınızın zayıflatıcı etkilere karşı %25 direnç şansı vardır.
L_CARD_RIFTDANCER3,,Your creatures with {CONDNAME_BUFF_WARD} have 30% more {STAT_defense}.,自分の{CONDNAME_BUFF_WARD}を持つ生物は{STAT_defense}が30%増加する。,Deine Kreaturen mit {CONDNAME_BUFF_WARD} haben 30% mehr {STAT_defense}.,Vos créatures avec {CONDNAME_BUFF_WARD} ont 30% de {STAT_defense} en plus.,Tus criaturas con {CONDNAME_BUFF_WARD} tienen un 30% más de {STAT_defense}.,Suas criaturas com {CONDNAME_BUFF_WARD} têm 30% a mais de {STAT_defense}.,Ваши существа с {CONDNAME_BUFF_WARD} имеют на 30% больше {STAT_defense}.,Le tue creature con {CONDNAME_BUFF_WARD} hanno il 30% in più di {STAT_defense}.,你的具有{CONDNAME_BUFF_WARD}的生物獲得30%額外{STAT_defense}。,你拥有{CONDNAME_BUFF_WARD}的生物获得额外30%的{STAT_defense}。,당신의 {CONDNAME_BUFF_WARD} 상태인 생물들은 {STAT_defense}가 30% 증가합니다.,Twoje stworzenia z {CONDNAME_BUFF_WARD} mają o 30% więcej {STAT_defense}.,Ваші істоти з {CONDNAME_BUFF_WARD} мають на 30% більше {STAT_defense}.,Je wezens met {CONDNAME_BUFF_WARD} hebben 30% meer {STAT_defense}.,Koruma {CONDNAME_BUFF_WARD} özelliğine sahip yaratıklarınızın {STAT_defense} değeri %30 daha fazladır.
L_CARD_LEPER1,,Enemies deal 15% less damage from their {CONDNAME_DEBUFF_WEAK} debuffs.,敵の{CONDNAME_DEBUFF_WEAK}デバフからのダメージが15％減少する。,Feinde verursachen 15% weniger Schaden durch ihre {CONDNAME_DEBUFF_WEAK}-Schwächungen.,Les ennemis infligent 15% de dégâts en moins avec leurs affaiblissements {CONDNAME_DEBUFF_WEAK}.,Los enemigos infligen un 15% menos de daño con sus debilitamientos de {CONDNAME_DEBUFF_WEAK}.,Inimigos causam 15% menos dano com seus debuffs de {CONDNAME_DEBUFF_WEAK}.,Враги наносят на 15% меньше урона от своих дебаффов {CONDNAME_DEBUFF_WEAK}.,I nemici infliggono il 15% in meno di danni dai loro debuff {CONDNAME_DEBUFF_WEAK}.,敵人的{CONDNAME_DEBUFF_WEAK}減益效果造成的傷害減少15%。,敌人的{CONDNAME_DEBUFF_WEAK}减益效果造成的伤害减少15%。,적들은 {CONDNAME_DEBUFF_WEAK} 디버프로 인한 피해를 15% 덜 입힙니다.,Wrogowie zadają o 15% mniej obrażeń ze swoich osłabień {CONDNAME_DEBUFF_WEAK}.,Вороги завдають на 15% менше шкоди від своїх дебафів {CONDNAME_DEBUFF_WEAK}.,Vijanden doen 15% minder schade met hun {CONDNAME_DEBUFF_WEAK} verzwakkingen.,Düşmanlar {CONDNAME_DEBUFF_WEAK} zayıflatma etkilerinden %15 daha az hasar verir.
L_CARD_LEPER2,,Enemies with {CONDNAME_DEBUFF_WEAK} have a 50% lower chance to deal critical damage.,{CONDNAME_DEBUFF_WEAK}状態の敵はクリティカルダメージを与える確率が50%低下する。,"Gegner mit {CONDNAME_DEBUFF_WEAK} haben eine 50% geringere Chance, kritischen Schaden zu verursachen.",Les ennemis avec {CONDNAME_DEBUFF_WEAK} ont 50% moins de chances d'infliger des dégâts critiques.,Los enemigos con {CONDNAME_DEBUFF_WEAK} tienen un 50% menos de probabilidad de causar daño crítico.,Inimigos com {CONDNAME_DEBUFF_WEAK} têm 50% menos chance de causar dano crítico.,Враги с {CONDNAME_DEBUFF_WEAK} имеют на 50% меньше шансов нанести критический урон.,I nemici con {CONDNAME_DEBUFF_WEAK} hanno una probabilità del 50% inferiore di infliggere danni critici.,帶有{CONDNAME_DEBUFF_WEAK}的敵人造成暴擊傷害的機率降低50%。,带有{CONDNAME_DEBUFF_WEAK}的敌人造成暴击伤害的几率降低50%。,{CONDNAME_DEBUFF_WEAK} 상태의 적은 치명타 피해를 입힐 확률이 50% 감소합니다.,Wrogowie z {CONDNAME_DEBUFF_WEAK} mają o 50% mniejszą szansę na zadanie obrażeń krytycznych.,Вороги з {CONDNAME_DEBUFF_WEAK} мають на 50% меншу ймовірність завдати критичної шкоди.,Vijanden met {CONDNAME_DEBUFF_WEAK} hebben 50% minder kans om kritieke schade toe te brengen.,{CONDNAME_DEBUFF_WEAK} etkisi altındaki düşmanların kritik hasar verme şansı %50 daha düşüktür.
L_CARD_LEPER3,,Enemies' {CONDNAME_DEBUFF_WEAK} debuffs last forever.,敵の{CONDNAME_DEBUFF_WEAK}デバフは永久に持続する。,Debuffs vom Typ {CONDNAME_DEBUFF_WEAK} der Gegner halten ewig an.,Les affaiblissements {CONDNAME_DEBUFF_WEAK} des ennemis durent indéfiniment.,Los debilitamientos {CONDNAME_DEBUFF_WEAK} de los enemigos duran para siempre.,Os debuffs de {CONDNAME_DEBUFF_WEAK} dos inimigos duram para sempre.,Дебаффы {CONDNAME_DEBUFF_WEAK} врагов длятся вечно.,I nemici affetti da {CONDNAME_DEBUFF_WEAK} lo rimangono per sempre.,敵人的{CONDNAME_DEBUFF_WEAK}減益效果永久持續。,敌人的{CONDNAME_DEBUFF_WEAK}减益永久持续。,적의 {CONDNAME_DEBUFF_WEAK} 디버프는 영원히 지속됩니다.,Osłabienia {CONDNAME_DEBUFF_WEAK} przeciwników trwają wiecznie.,Дебафи {CONDNAME_DEBUFF_WEAK} ворогів тривають вічно.,Vijanden' {CONDNAME_DEBUFF_WEAK} verzwakkingen duren voor altijd.,Düşmanların {CONDNAME_DEBUFF_WEAK} zayıflatma etkileri sonsuza kadar sürer.
L_CARD_CRUSADER1,,Your creatures' {CONDNAME_BUFF_SHELL} buffs have a 10% chance to persist after taking damage.,自分のクリーチャーの{CONDNAME_BUFF_SHELL}バフは、ダメージを受けた後も10%の確率で持続する。,"Deine Kreaturen haben eine 10% Chance, dass ihre {CONDNAME_BUFF_SHELL}-Buffs bestehen bleiben, nachdem sie Schaden erlitten haben.",Les buffs {CONDNAME_BUFF_SHELL} de vos créatures ont 10% de chances de persister après avoir subi des dégâts.,Tus criaturas tienen un 10% de probabilidad de que sus mejoras de {CONDNAME_BUFF_SHELL} persistan después de recibir daño.,As criaturas com seus bônus de {CONDNAME_BUFF_SHELL} têm 10% de chance de persistir após sofrerem dano.,Ваши существа с эффектами {CONDNAME_BUFF_SHELL} имеют 10% шанс сохранить их после получения урона.,Le protezioni {CONDNAME_BUFF_SHELL} delle tue creature hanno il 10% di probabilità di persistere dopo aver subito danni.,你的生物的{CONDNAME_BUFF_SHELL}增益效果有10%的機率在受到傷害後仍然保留。,你的生物的{CONDNAME_BUFF_SHELL}增益有10%几率在受伤后依然存在。,당신의 생물의 {CONDNAME_BUFF_SHELL} 버프는 피해를 입은 후에도 10% 확률로 지속됩니다.,Twoje stworzenia mają 10% szans na zachowanie wzmocnień {CONDNAME_BUFF_SHELL} po otrzymaniu obrażeń.,Ваші істоти мають 10% шанс зберегти бафи {CONDNAME_BUFF_SHELL} після отримання пошкоджень.,Je wezens' {CONDNAME_BUFF_SHELL} buffs hebben 10% kans om te blijven bestaan na het nemen van schade.,"Yaratıklarının {CONDNAME_BUFF_SHELL} güçlendirmeleri, hasar aldıktan sonra %10 ihtimalle devam eder."
L_CARD_CRUSADER2,,Your creatures with {CONDNAME_BUFF_SHELL} have a 5% chance to avoid damage.,{CONDNAME_BUFF_SHELL}を持つあなたの生物は、5%の確率でダメージを回避します。,"Deine Kreaturen mit {CONDNAME_BUFF_SHELL} haben eine 5% Chance, Schaden zu vermeiden.",Vos créatures avec {CONDNAME_BUFF_SHELL} ont 5% de chances d'éviter les dégâts.,Tus criaturas con {CONDNAME_BUFF_SHELL} tienen un 5% de probabilidad de evitar daño.,Suas criaturas com {CONDNAME_BUFF_SHELL} têm 5% de chance de evitar dano.,Ваши существа с {CONDNAME_BUFF_SHELL} имеют 5% шанс избежать урона.,Le tue creature con {CONDNAME_BUFF_SHELL} hanno il 5% di probabilità di evitare i danni.,你的具有{CONDNAME_BUFF_SHELL}的生物有5%的機會迴避傷害。,你拥有{CONDNAME_BUFF_SHELL}的生物有5%几率免疫伤害。,{CONDNAME_BUFF_SHELL}을 가진 당신의 생물은 5% 확률로 피해를 회피합니다.,Twoje stworzenia z {CONDNAME_BUFF_SHELL} mają 5% szans na uniknięcie obrażeń.,Ваші істоти з {CONDNAME_BUFF_SHELL} мають 5% шанс уникнути пошкоджень.,Je wezens met {CONDNAME_BUFF_SHELL} hebben 5% kans om schade te ontwijken.,{CONDNAME_BUFF_SHELL} sahibi yaratıklarınızın hasardan kaçınma şansı %5 artar.
L_CARD_CRUSADER3,,Doubles the chance for these effects to occur.,これらの効果が発生する確率が2倍になる。,"Verdoppelt die Chance, dass diese Effekte auftreten.",Double les chances que ces effets se produisent.,Duplica la probabilidad de que estos efectos ocurran.,Dobra a chance desses efeitos ocorrerem.,Удваивает шанс возникновения этих эффектов.,Raddoppia la possibilità che questi effetti si verifichino.,使這些效果發生的機率加倍。,使这些效果发生的几率翻倍。,이러한 효과가 발생할 확률이 두 배가 됩니다.,Podwaja szansę na wystąpienie tych efektów.,Подвоює шанс виникнення цих ефектів.,Verdubbelt de kans dat deze effecten optreden.,Bu etkilerin gerçekleşme şansını iki katına çıkarır.
L_CARD_GRIFFON1,,You gain 15% more resources from battles.,戦闘から得られる資源が15%増加する。,Du erhältst 15% mehr Ressourcen aus Kämpfen.,Vous gagnez 15% de ressources supplémentaires lors des combats.,Obtienes un 15% más de recursos de las batallas.,Você ganha 15% mais recursos em batalhas.,Вы получаете на 15% больше ресурсов в битвах.,Ottieni il 15% di risorse in più dalle battaglie.,你在戰鬥中獲得的資源增加15%。,你在战斗中获得的资源增加15%。,전투에서 15% 더 많은 자원을 획득합니다.,Otrzymujesz o 15% więcej zasobów z bitew.,Ви отримуєте на 15% більше ресурсів з битв.,Je krijgt 15% meer grondstoffen uit gevechten.,Savaşlardan %15 daha fazla kaynak kazanırsın.
L_CARD_GRIFFON2,,You gain 10 more resources from battles.,戦闘から10多くの資源を獲得する。,Du erhältst 10 mehr Ressourcen aus Kämpfen.,Vous gagnez 10 ressources supplémentaires lors des combats.,Obtienes 10 recursos más de las batallas.,Você ganha 10 recursos a mais em batalhas.,Вы получаете на 10 больше ресурсов из сражений.,Ottieni 10 risorse in più dalle battaglie.,你從戰鬥中獲得額外10個資源。,你从战斗中获得10个额外的资源。,전투에서 자원을 10개 더 획득합니다.,Zyskujesz 10 więcej zasobów z bitew.,Ви отримуєте на 10 більше ресурсів з битв.,Je krijgt 10 extra grondstoffen uit gevechten.,Savaşlardan 10 daha fazla kaynak kazanırsın.
L_CARD_GRIFFON3,,You have a 15% chance to gain double resources from battles.,戦闘から得る資源が15%の確率で2倍になる。,"Du hast eine 15% Chance, doppelte Ressourcen aus Kämpfen zu erhalten.",Vous avez 15% de chances d'obtenir le double de ressources lors des combats.,Tienes un 15% de probabilidad de obtener el doble de recursos en las batallas.,Você tem 15% de chance de ganhar recursos em dobro nas batalhas.,У вас есть 15% шанс получить вдвое больше ресурсов после сражений.,Hai una probabilità del 15% di ottenere risorse doppie dalle battaglie.,你有15%的機會在戰鬥中獲得雙倍資源。,你有15%的概率从战斗中获取双倍资源。,전투에서 자원을 두 배로 획득할 확률이 15% 있습니다.,Masz 15% szans na zdobycie podwójnych zasobów z bitew.,У вас є 15% шанс отримати подвійні ресурси з битв.,Je hebt 15% kans om dubbele grondstoffen te krijgen uit gevechten.,Savaşlardan çift kaynak kazanmak için %15 şansın var.
L_CARD_OPHAN1,,Your creatures' {CLASS_Life} spells deal 10% more damage.,自分のクリーチャーの{CLASS_Life}呪文は10%多くのダメージを与える。,Deine Kreaturen verursachen mit {CLASS_Life}-Zaubern 10% mehr Schaden.,Les sorts {CLASS_Life} de vos créatures infligent 10% de dégâts supplémentaires.,Tus criaturas de {CLASS_Life} infligen un 10% más de daño con sus hechizos.,As magias {CLASS_Life} das suas criaturas causam 10% a mais de dano.,Заклинания {CLASS_Life} ваших существ наносят на 10% больше урона.,Le magie {CLASS_Life} delle tue creature infliggono il 10% di danno in più.,你的生物的{CLASS_Life}法術造成的傷害提高10%。,你的生物的{CLASS_Life}法术造成的伤害提高10%。,당신의 생물들의 {CLASS_Life} 주문이 10% 더 많은 피해를 입힙니다.,Zaklęcia {CLASS_Life} twoich stworzeń zadają o 10% więcej obrażeń.,Закляття {CLASS_Life} ваших істот завдають на 10% більше шкоди.,Je wezens' {CLASS_Life} spreuken doen 10% meer schade.,Yaratıklarının {CLASS_Life} büyüleri %10 daha fazla hasar verir.
L_CARD_OPHAN2,,Your creatures' damaging {CLASS_Life} spells ignore 10% of their enemies' {STAT_defense}.,味方の生物の{CLASS_Life}ダメージ呪文は、敵の{STAT_defense}の10%を無視する。,Deine Kreaturen ignorieren mit ihren schadenverursachenden {CLASS_Life}-Zaubern 10% der {STAT_defense} ihrer Feinde.,Les sorts offensifs {CLASS_Life} de vos créatures ignorent 10% de la {STAT_defense} de leurs ennemis.,Tus criaturas con hechizos dañinos de {CLASS_Life} ignoran el 10% de la {STAT_defense} de sus enemigos.,As criaturas aliadas ignoram 10% da {STAT_defense} dos inimigos ao usar magias de dano de {CLASS_Life}.,Урон от заклинаний {CLASS_Life} ваших существ игнорирует 10% {STAT_defense} их врагов.,Le magie offensive {CLASS_Life} delle tue creature ignorano il 10% della {STAT_defense} dei loro nemici.,你的生物的傷害性{CLASS_Life}法術會無視敵人10%的{STAT_defense}。,你的生物的伤害性{CLASS_Life}法术无视敌人10%的{STAT_defense}。,당신의 생물들의 피해를 주는 {CLASS_Life} 주문은 적의 {STAT_defense}를 10% 무시합니다.,Zadające obrażenia zaklęcia {CLASS_Life} twoich stworzeń ignorują 10% {STAT_defense} przeciwników.,Руйнівні закляття {CLASS_Life} ваших істот ігнорують 10% {STAT_defense} їхніх ворогів.,Je wezens' schadelijke {CLASS_Life} spreuken negeren 10% van de {STAT_defense} van hun vijanden.,"Yaratıklarının hasar veren {CLASS_Life} büyüleri, düşmanlarının {STAT_defense} değerinin %10'unu görmezden gelir."
L_CARD_OPHAN3,,Your creatures' {CLASS_Life} spells have 10% additional {STAT_charges}.,自分のクリーチャーの{CLASS_Life}呪文は{STAT_charges}が10%増加する。,Deine Kreaturen haben 10% zusätzliche {STAT_charges} bei {CLASS_Life}-Zaubern.,Les sorts {CLASS_Life} de vos créatures ont 10% de {STAT_charges} supplémentaires.,Tus criaturas tienen un 10% adicional de {STAT_charges} en hechizos de {CLASS_Life}.,As criaturas do seu {CLASS_Life} têm 10% de {STAT_charges} adicionais.,Заклинания {CLASS_Life} ваших существ имеют на 10% больше {STAT_charges}.,Le magie {CLASS_Life} delle tue creature hanno il 10% di {STAT_charges} aggiuntive.,你的生物的{CLASS_Life}法術有額外10%的{STAT_charges}。,你的生物的{CLASS_Life}法术有10%额外的{STAT_charges}。,당신의 생물들의 {CLASS_Life} 주문은 10% 추가 {STAT_charges}를 가집니다.,Zaklęcia {CLASS_Life} twoich stworzeń mają 10% dodatkowych {STAT_charges}.,Заклинання {CLASS_Life} ваших істот мають на 10% більше {STAT_charges}.,Je wezens' {CLASS_Life} spreuken hebben 10% extra {STAT_charges}.,Yaratıklarının {CLASS_Life} büyüleri %10 ek {STAT_charges} sahiptir.
L_CARD_SIN1,,Your creatures have 1 more base {STAT_intelligence}.,あなたの生物は基本{STAT_intelligence}が1増加する。,Deine Kreaturen haben 1 mehr Basis-{STAT_intelligence}.,Vos créatures ont 1 {STAT_intelligence} de base supplémentaire.,Tus criaturas tienen 1 más de {STAT_intelligence} base.,Suas criaturas têm 1 a mais de {STAT_intelligence} base.,У ваших существ на 1 больше базового {STAT_intelligence}.,Le tue creature hanno 1 {STAT_intelligence} base in più.,你的生物基礎{STAT_intelligence}增加1點。,你的生物的基础{STAT_intelligence}+1。,당신의 생물들은 기본 {STAT_intelligence}이(가) 1 더 높습니다.,Twoje stworzenia mają o 1 więcej bazowej {STAT_intelligence}.,Ваші істоти мають на 1 більше базове {STAT_intelligence}.,Je wezens hebben 1 meer basis {STAT_intelligence}.,Yaratıkların 1 daha fazla temel {STAT_intelligence} değerine sahip.
L_CARD_SIN2,,Your creatures have 1 more base {STAT_intelligence}.,あなたの生物は基本{STAT_intelligence}が1増加する。,Deine Kreaturen haben 1 mehr Basis-{STAT_intelligence}.,Vos créatures ont 1 {STAT_intelligence} de base supplémentaire.,Tus criaturas tienen 1 más de {STAT_intelligence} base.,Suas criaturas têm 1 a mais de {STAT_intelligence} base.,У ваших существ на 1 больше базового {STAT_intelligence}.,Le tue creature hanno 1 {STAT_intelligence} base in più.,你的生物基礎{STAT_intelligence}增加1點。,你的生物的基础{STAT_intelligence}+1。,당신의 생물들은 기본 {STAT_intelligence}이(가) 1 더 높습니다.,Twoje stworzenia mają o 1 więcej bazowej {STAT_intelligence}.,Ваші істоти мають на 1 більше базове {STAT_intelligence}.,Je wezens hebben 1 meer basis {STAT_intelligence}.,Yaratıklarının temel {STAT_intelligence} değeri 1 daha fazla.
L_CARD_SIN3,,Your creatures have 1 more base {STAT_intelligence}.,あなたの生物は基本{STAT_intelligence}が1増加する。,Deine Kreaturen haben 1 mehr Basis-{STAT_intelligence}.,Vos créatures ont 1 {STAT_intelligence} de base supplémentaire.,Tus criaturas tienen 1 más de {STAT_intelligence} base.,Suas criaturas têm 1 a mais de {STAT_intelligence} base.,У ваших существ на 1 больше базового {STAT_intelligence}.,Le tue creature hanno 1 {STAT_intelligence} base in più.,你的生物基礎{STAT_intelligence}增加1點。,你的生物的基础{STAT_intelligence}+1。,당신의 생물들은 기본 {STAT_intelligence}이(가) 1 더 높습니다.,Twoje stworzenia mają o 1 więcej bazowej {STAT_intelligence}.,Ваші істоти мають на 1 більше базове {STAT_intelligence}.,Je wezens hebben 1 meer basis {STAT_intelligence}.,Yaratıklarının temel {STAT_intelligence} değeri 1 daha fazla.
L_CARD_SANCTUS1,,Your creatures' {CONDNAME_BUFF_BARRIER} buffs absorb 15% more damage.,味方の生物の{CONDNAME_BUFF_BARRIER}バフが15%多くのダメージを吸収する。,Deine Kreaturen {CONDNAME_BUFF_BARRIER} Buffs absorbieren 15% mehr Schaden.,Les buffs {CONDNAME_BUFF_BARRIER} de vos créatures absorbent 15% de dégâts en plus.,Tus criaturas con mejoras de {CONDNAME_BUFF_BARRIER} absorben un 15% más de daño.,As criaturas com seus bônus de {CONDNAME_BUFF_BARRIER} absorvem 15% mais de dano.,Защитные эффекты {CONDNAME_BUFF_BARRIER} ваших существ поглощают на 15% больше урона.,I tuoi esseri con buff {CONDNAME_BUFF_BARRIER} assorbono il 15% di danni in più.,你的生物的{CONDNAME_BUFF_BARRIER}增益效果可多吸收15%的傷害。,你的生物的{CONDNAME_BUFF_BARRIER}增益吸收额外15%的伤害。,당신의 생물의 {CONDNAME_BUFF_BARRIER} 버프가 15% 더 많은 피해를 흡수합니다.,Twoje stworzenia z efektami {CONDNAME_BUFF_BARRIER} pochłaniają o 15% więcej obrażeń.,Захисні бар'єри {CONDNAME_BUFF_BARRIER} ваших істот поглинають на 15% більше шкоди.,Je wezens' {CONDNAME_BUFF_BARRIER} buffs absorberen 15% meer schade.,Yaratıklarının {CONDNAME_BUFF_BARRIER} güçlendirmeleri %15 daha fazla hasar emer.
L_CARD_SANCTUS2,,Your creatures' {CONDNAME_BUFF_BARRIER} buffs absorb 15% more damage.,味方の生物の{CONDNAME_BUFF_BARRIER}バフが15%多くのダメージを吸収する。,Deine Kreaturen {CONDNAME_BUFF_BARRIER} Buffs absorbieren 15% mehr Schaden.,Les buffs {CONDNAME_BUFF_BARRIER} de vos créatures absorbent 15% de dégâts en plus.,Tus criaturas con mejoras de {CONDNAME_BUFF_BARRIER} absorben un 15% más de daño.,As criaturas com seus bônus de {CONDNAME_BUFF_BARRIER} absorvem 15% mais de dano.,Защитные барьеры ваших существ поглощают на 15% больше урона.,I tuoi mostri con buff {CONDNAME_BUFF_BARRIER} assorbono il 15% di danni in più.,你的生物的{CONDNAME_BUFF_BARRIER}增益效果可多吸收15%的傷害。,你的生物的{CONDNAME_BUFF_BARRIER}增益吸收额外15%的伤害。,당신의 생물의 {CONDNAME_BUFF_BARRIER} 버프가 15% 더 많은 피해를 흡수합니다.,Twoje stworzenia z efektami {CONDNAME_BUFF_BARRIER} pochłaniają o 15% więcej obrażeń.,Захисні бар'єри {CONDNAME_BUFF_BARRIER} ваших істот поглинають на 15% більше шкоди.,Je wezens' {CONDNAME_BUFF_BARRIER} buffs absorberen 15% meer schade.,Yaratıklarının {CONDNAME_BUFF_BARRIER} güçlendirmeleri %15 daha fazla hasar emer.
L_CARD_SANCTUS3,,"After your creatures' {CONDNAME_BUFF_BARRIER} buffs are destroyed, they have a 5% chance to gain {CONDNAME_BUFF_SHELL}.",自分のクリーチャーの{CONDNAME_BUFF_BARRIER}バフが破壊された後、5%の確率で{CONDNAME_BUFF_SHELL}を獲得します。,"Nachdem die {CONDNAME_BUFF_BARRIER}-Buffs deiner Kreaturen zerstört wurden, haben sie eine 5% Chance, {CONDNAME_BUFF_SHELL} zu erhalten.","Après que les bonus {CONDNAME_BUFF_BARRIER} de vos créatures sont détruits, elles ont 5% de chances d'obtenir {CONDNAME_BUFF_SHELL}.","Después de que los beneficios de {CONDNAME_BUFF_BARRIER} de tus criaturas sean destruidos, tienen un 5% de probabilidad de obtener {CONDNAME_BUFF_SHELL}.","Depois que os bônus de {CONDNAME_BUFF_BARRIER} das suas criaturas forem destruídos, elas têm 5% de chance de ganhar {CONDNAME_BUFF_SHELL}.","После уничтожения эффектов {CONDNAME_BUFF_BARRIER} у ваших существ, у них есть 5% шанс получить {CONDNAME_BUFF_SHELL}.","Dopo che i buff {CONDNAME_BUFF_BARRIER} delle tue creature vengono distrutti, hanno il 5% di possibilità di ottenere {CONDNAME_BUFF_SHELL}.",在你的生物的{CONDNAME_BUFF_BARRIER}增益被摧毀後，牠們有5%的機會獲得{CONDNAME_BUFF_SHELL}。,在你的生物的{CONDNAME_BUFF_BARRIER}增益被摧毁后，它们有5%的几率获得{CONDNAME_BUFF_SHELL}。,"당신의 생물들의 {CONDNAME_BUFF_BARRIER} 버프가 파괴된 후, 그들은 5%의 확률로 {CONDNAME_BUFF_SHELL}을 얻습니다.","Po zniszczeniu wzmocnień {CONDNAME_BUFF_BARRIER} twoich stworzeń, mają one 5% szans na zyskanie {CONDNAME_BUFF_SHELL}.","Після знищення посилень {CONDNAME_BUFF_BARRIER} ваших істот, вони мають 5% шанс отримати {CONDNAME_BUFF_SHELL}.","Nadat de {CONDNAME_BUFF_BARRIER} buffs van je wezens zijn vernietigd, hebben ze 5% kans om {CONDNAME_BUFF_SHELL} te krijgen.","Yaratıklarının {CONDNAME_BUFF_BARRIER} güçlendirmeleri yok edildikten sonra, %5 ihtimalle {CONDNAME_BUFF_SHELL} kazanırlar."
L_CARD_REVENANT1,,Your creatures take 2% less damage for each debuff they have.,味方のクリーチャーは、付与されている弱体効果1つにつき、受けるダメージが2%減少する。,"Deine Kreaturen erleiden 2% weniger Schaden für jeden Debuff, den sie haben.",Vos créatures subissent 2% de dégâts en moins pour chaque affaiblissement qu'elles possèdent.,Tus criaturas reciben un 2% menos de daño por cada perjuicio que tengan.,Suas criaturas recebem 2% menos de dano para cada debuff que possuem.,Ваши существа получают на 2% меньше урона за каждый отрицательный эффект на них.,Le tue creature subiscono il 2% in meno di danni per ogni debuff che hanno.,你的生物每有一個減益效果，受到的傷害減少2%。,你的生物每拥有一个减益，受到的伤害就减少2%。,당신의 생물들은 가지고 있는 디버프마다 2% 적은 피해를 받습니다.,"Twoje stworzenia otrzymują o 2% mniej obrażeń za każdy debuff, który posiadają.","Ваші істоти отримують на 2% менше шкоди за кожен дебаф, який вони мають.",Je wezens krijgen 2% minder schade voor elke debuff die ze hebben.,Yaratıkların sahip oldukları her zayıflatıcı etki için %2 daha az hasar alır.
L_CARD_REVENANT2,,Your creatures deal 2% more damage for each debuff they have.,味方のクリーチャーは、付与されている弱体効果1つにつき、与えるダメージが2%増加する。,"Deine Kreaturen verursachen 2% mehr Schaden für jeden Debuff, den sie haben.",Vos créatures infligent 2% de dégâts supplémentaires pour chaque malus qu'elles possèdent.,Tus criaturas infligen un 2% más de daño por cada perjuicio que tengan.,Suas criaturas causam 2% a mais de dano para cada debuff que possuem.,Ваши существа наносят на 2% больше урона за каждый отрицательный эффект на них.,Le tue creature infliggono il 2% di danno in più per ogni debuff che hanno.,你的生物每有一個減益效果，傷害增加2%。,你的生物每拥有一个减益，造成的伤害就增加2%。,당신의 생물들은 가지고 있는 디버프마다 2% 더 많은 피해를 입힙니다.,"Twoje stworzenia zadają o 2% więcej obrażeń za każdy debuff, który posiadają.","Ваші істоти завдають на 2% більше шкоди за кожен дебаф, який вони мають.",Je wezens doen 2% meer schade voor elke debuff die ze hebben.,Yaratıkların sahip oldukları her zayıflatıcı etki için %2 daha fazla hasar verir.
L_CARD_REVENANT3,,These bonuses apply to buffs as well.,これらのボーナスはバフにも適用されます。,Diese Boni gelten auch für Buffs.,Ces bonus s'appliquent également aux buffs.,Estos bonuses también se aplican a los buffs.,Esses bônus também se aplicam a buffs.,Эти бонусы также применяются к баффам.,Questi bonus si applicano anche ai potenziamenti.,這些加成也適用於增益效果。,这些加成也适用于增益。,이러한 보너스는 버프에도 적용됩니다.,Te premie dotyczą również wzmocnień.,Ці бонуси також застосовуються до бафів.,Deze bonussen zijn ook van toepassing op buffs.,Bu bonuslar güçlendirmelere de uygulanır.
L_CARD_SPHINX1,,Enemies have 5% less {STAT_attack}.,敵の{STAT_attack}が5%減少する。,Gegner haben 5% weniger {STAT_attack}.,Les ennemis ont 5% de {STAT_attack} en moins.,Los enemigos tienen un 5% menos de {STAT_attack}.,Inimigos têm 5% menos {STAT_attack}.,Враги имеют на 5% меньше {STAT_attack}.,I nemici hanno il 5% in meno di {STAT_attack}.,敵人的{STAT_attack}降低5%。,敌人的{STAT_attack}降低5%。,적들의 {STAT_attack}이(가) 5% 감소합니다.,Wrogowie mają o 5% mniej {STAT_attack}.,Вороги мають на 5% менше {STAT_attack}.,Vijanden hebben 5% minder {STAT_attack}.,Düşmanların {STAT_attack} değeri %5 daha düşüktür.
L_CARD_SPHINX2,,Enemies gain 25% less {STAT_attack}.,敵は{STAT_attack}が25%減少する。,Feinde erhalten 25% weniger {STAT_attack}.,Les ennemis gagnent 25% de {STAT_attack} en moins.,Los enemigos ganan un 25% menos de {STAT_attack}.,Inimigos ganham 25% menos {STAT_attack}.,Враги получают на 25% меньше {STAT_attack}.,I nemici ottengono il 25% in meno di {STAT_attack}.,敵人獲得的{STAT_attack}減少25%。,敌人获得的{STAT_attack}减少25%。,적들은 {STAT_attack}을(를) 25% 덜 얻습니다.,Wrogowie zyskują o 25% mniej {STAT_attack}.,Вороги отримують на 25% менше {STAT_attack}.,Vijanden krijgen 25% minder {STAT_attack}.,Düşmanlar %25 daha az {STAT_attack} kazanır.
L_CARD_SPHINX3,,Enemies have 50% less benefit from their Artifacts' Stat Slots that boost their {STAT_attack}.,敵は{STAT_attack}を強化するアーティファクトのステータススロットからの恩恵が50%減少する。,"Feinde erhalten 50% weniger Nutzen aus den Attributsplätze ihrer Artefakte, die ihren {STAT_attack} verstärken.",Les ennemis bénéficient de 50% moins d'avantages des Emplacements de Statistiques de leurs Artéfacts qui augmentent leur {STAT_attack}.,Los enemigos obtienen un 50% menos de beneficio de los Espacios de Estadísticas de sus Artefactos que aumentan su {STAT_attack}.,Inimigos têm 50% menos benefício dos Slots de Atributos de seus Artefatos que aumentam seu {STAT_attack}.,"Враги получают на 50% меньше пользы от Ячеек Характеристик своих Артефактов, которые усиливают их {STAT_attack}.",I nemici ottengono il 50% in meno di benefici dagli Slot Statistiche dei loro Artefatti che potenziano il loro {STAT_attack}.,敵人從他們的神器的能力槽位中獲得的{STAT_attack}加成效果降低50%。,敌人从其神器的能力值槽中获得的{STAT_attack}加成降低50%。,적들은 자신의 유물의 {STAT_attack}을 강화하는 스탯 슬롯에서 50% 적은 혜택을 받습니다.,"Wrogowie otrzymują o 50% mniejsze korzyści ze Slotów Statystyk swoich Artefaktów, które zwiększają ich {STAT_attack}.","Вороги отримують на 50% менше користі від Слотів Характеристик своїх Артефактів, які підвищують їхню {STAT_attack}.",Vijanden hebben 50% minder voordeel van de Stat Slots van hun Artifacts die hun {STAT_attack} verhogen.,"Düşmanlar, {STAT_attack} değerlerini artıran Eser Özellik Yuvaları'ndan %50 daha az fayda sağlar."
L_CARD_SERAPH1,,Your creatures take 5% less damage from attacks.,自分のクリーチャーは攻撃から受けるダメージが5%減少する。,Deine Kreaturen erleiden 5% weniger Schaden durch Angriffe.,Vos créatures subissent 5% de dégâts en moins des attaques.,Tus criaturas reciben un 5% menos de daño de los ataques.,Suas criaturas recebem 5% menos dano de ataques.,Ваши существа получают на 5% меньше урона от атак.,Le tue creature subiscono il 5% in meno di danni dagli attacchi.,你的生物受到的攻擊傷害減少5%。,你的生物受到的攻击伤害减少5%。,당신의 생물들은 공격으로부터 받는 피해가 5% 감소합니다.,Twoje stworzenia otrzymują o 5% mniej obrażeń z ataków.,Ваші істоти отримують на 5% менше шкоди від атак.,Je wezens nemen 5% minder schade van aanvallen.,Yaratıkların saldırılardan %5 daha az hasar alır.
L_CARD_SERAPH2,,Your creatures take 5% less damage from attacks.,自分のクリーチャーは攻撃から受けるダメージが5%減少する。,Deine Kreaturen erleiden 5% weniger Schaden durch Angriffe.,Vos créatures subissent 5% de dégâts en moins des attaques.,Tus criaturas reciben un 5% menos de daño de los ataques.,Suas criaturas recebem 5% menos dano de ataques.,Ваши существа получают на 5% меньше урона от атак.,Le tue creature subiscono il 5% in meno di danni dagli attacchi.,你的生物受到的攻擊傷害減少5%。,你的生物受到的攻击伤害减少5%。,당신의 생물들은 공격으로부터 받는 피해가 5% 감소합니다.,Twoje stworzenia otrzymują o 5% mniej obrażeń z ataków.,Ваші істоти отримують на 5% менше шкоди від атак.,Je wezens nemen 5% minder schade van aanvallen.,Yaratıkların saldırılardan %5 daha az hasar alır.
L_CARD_SERAPH3,,Your creatures take 5% less damage from attacks.,自分のクリーチャーは攻撃から受けるダメージが5%減少する。,Deine Kreaturen erleiden 5% weniger Schaden durch Angriffe.,Vos créatures subissent 5% de dégâts en moins des attaques.,Tus criaturas reciben un 5% menos de daño de los ataques.,Suas criaturas recebem 5% menos dano de ataques.,Ваши существа получают на 5% меньше урона от атак.,Le tue creature subiscono il 5% in meno di danni dagli attacchi.,你的生物受到的攻擊傷害減少5%。,你的生物受到的攻击伤害减少5%。,당신의 생물들은 공격으로부터 받는 피해가 5% 감소합니다.,Twoje stworzenia otrzymują o 5% mniej obrażeń z ataków.,Ваші істоти отримують на 5% менше шкоди від атак.,Je wezens nemen 5% minder schade van aanvallen.,Yaratıkların saldırılardan %5 daha az hasar alır.
L_CARD_VALKYRIE1,,Enemies have a 10% lower chance to deal critical damage.,敵のクリティカルダメージ発生率が10%低下する。,"Gegner haben eine 10% geringere Chance, kritischen Schaden zu verursachen.",Les ennemis ont 10% moins de chances d'infliger des dégâts critiques.,Los enemigos tienen un 10% menos de probabilidad de causar daño crítico.,Inimigos têm 10% menos chance de causar dano crítico.,Враги имеют на 10% меньше шансов нанести критический урон.,I nemici hanno una probabilità del 10% inferiore di infliggere danni critici.,敵人造成暴擊傷害的機率降低10%。,敌人造成暴击伤害的几率降低10%。,적들이 치명타 피해를 입힐 확률이 10% 감소합니다.,Wrogowie mają o 10% mniejszą szansę na zadanie obrażeń krytycznych.,Вороги мають на 10% меншу ймовірність завдати критичної шкоди.,Vijanden hebben 10% minder kans om kritieke schade te veroorzaken.,Düşmanların kritik hasar verme şansı %10 daha düşüktür.
L_CARD_VALKYRIE2,,Enemies deal 30% less critical damage.,敵のクリティカルダメージが30%減少する。,Feinde verursachen 30% weniger kritischen Schaden.,Les ennemis infligent 30% de dégâts critiques en moins.,Los enemigos infligen un 30% menos de daño crítico.,Inimigos causam 30% menos dano crítico.,Враги наносят на 30% меньше критического урона.,I nemici infliggono il 30% in meno di danno critico.,敵人造成的暴擊傷害減少30%。,敌人造成的暴击伤害减少30%。,적이 주는 치명타 피해가 30% 감소합니다.,Wrogowie zadają o 30% mniej obrażeń krytycznych.,Вороги завдають на 30% менше критичної шкоди.,Vijanden doen 30% minder kritieke schade.,Düşmanlar %30 daha az kritik hasar verir.
L_CARD_VALKYRIE3,,Enemies have a 75% maximum chance to deal critical damage.,敵は最大75%の確率でクリティカルダメージを与える。,"Gegner haben eine maximale Chance von 75%, kritischen Schaden zu verursachen.",Les ennemis ont un maximum de 75% de chances d'infliger des dégâts critiques.,Los enemigos tienen un 75% de probabilidad máxima de causar daño crítico.,Inimigos têm uma chance máxima de 75% de causar dano crítico.,Враги имеют максимальный шанс 75% нанести критический урон.,I nemici hanno una probabilità massima del 75% di infliggere danni critici.,敵人造成暴擊傷害的最大機率為75%。,敌人造成暴击伤害的几率最大为75%。,적들은 최대 75%의 확률로 치명타 피해를 입힐 수 있습니다.,Wrogowie mają maksymalnie 75% szansy na zadanie obrażeń krytycznych.,Вороги мають максимальний шанс 75% завдати критичної шкоди.,Vijanden hebben een maximale kans van 75% om kritieke schade toe te brengen.,Düşmanların kritik hasar verme şansı en fazla %75'tir.
L_CARD_APOCALYPSE1,,Enemies with {CONDNAME_DEBUFF_SCORN} deal 10% less damage.,{CONDNAME_DEBUFF_SCORN}を持つ敵は10%少ないダメージを与える。,Gegner mit {CONDNAME_DEBUFF_SCORN} verursachen 10% weniger Schaden.,Les ennemis avec {CONDNAME_DEBUFF_SCORN} infligent 10% de dégâts en moins.,Los enemigos con {CONDNAME_DEBUFF_SCORN} infligen un 10% menos de daño.,Inimigos com {CONDNAME_DEBUFF_SCORN} causam 10% menos dano.,Враги с {CONDNAME_DEBUFF_SCORN} наносят на 10% меньше урона.,I nemici con {CONDNAME_DEBUFF_SCORN} infliggono il 10% in meno di danni.,帶有{CONDNAME_DEBUFF_SCORN}的敵人造成的傷害減少10%。,带有{CONDNAME_DEBUFF_SCORN}的敌人造成的伤害减少10%。,{CONDNAME_DEBUFF_SCORN} 상태인 적은 10% 더 적은 피해를 입힙니다.,Wrogowie z {CONDNAME_DEBUFF_SCORN} zadają o 10% mniej obrażeń.,Вороги з {CONDNAME_DEBUFF_SCORN} завдають на 10% менше шкоди.,Vijanden met {CONDNAME_DEBUFF_SCORN} doen 10% minder schade.,{CONDNAME_DEBUFF_SCORN} etkisi altındaki düşmanlar %10 daha az hasar verir.
L_CARD_APOCALYPSE2,,Enemies with {CONDNAME_DEBUFF_SCORN} take 10% more damage.,{CONDNAME_DEBUFF_SCORN}状態の敵は10%多くのダメージを受ける。,Feinde mit {CONDNAME_DEBUFF_SCORN} erleiden 10% mehr Schaden.,Les ennemis avec {CONDNAME_DEBUFF_SCORN} subissent 10% de dégâts supplémentaires.,Los enemigos con {CONDNAME_DEBUFF_SCORN} reciben un 10% más de daño.,Inimigos com {CONDNAME_DEBUFF_SCORN} recebem 10% a mais de dano.,Враги с {CONDNAME_DEBUFF_SCORN} получают на 10% больше урона.,I nemici con {CONDNAME_DEBUFF_SCORN} subiscono il 10% di danni in più.,帶有{CONDNAME_DEBUFF_SCORN}的敵人受到的傷害增加10%。,带有{CONDNAME_DEBUFF_SCORN}的敌人受到的伤害增加10%。,{CONDNAME_DEBUFF_SCORN} 상태인 적은 10% 더 많은 피해를 받습니다.,Wrogowie z {CONDNAME_DEBUFF_SCORN} otrzymują o 10% więcej obrażeń.,Вороги з {CONDNAME_DEBUFF_SCORN} отримують на 10% більше шкоди.,Vijanden met {CONDNAME_DEBUFF_SCORN} krijgen 10% meer schade.,{CONDNAME_DEBUFF_SCORN} etkisi altındaki düşmanlar %10 daha fazla hasar alır.
L_CARD_APOCALYPSE3,,Enemies with {CONDNAME_DEBUFF_SCORN} have a 5% chance for their spells to fizzle.,{CONDNAME_DEBUFF_SCORN}状態の敵は、5%の確率で魔法が不発になる。,"Gegner mit {CONDNAME_DEBUFF_SCORN} haben eine 5% Chance, dass ihre Zauber fehlschlagen.",Les ennemis avec {CONDNAME_DEBUFF_SCORN} ont 5% de chances que leurs sorts échouent.,Los enemigos con {CONDNAME_DEBUFF_SCORN} tienen un 5% de probabilidad de que sus hechizos fallen.,Inimigos com {CONDNAME_DEBUFF_SCORN} têm 5% de chance de seus feitiços falharem.,"Враги с {CONDNAME_DEBUFF_SCORN} имеют 5% шанс, что их заклинания не сработают.",I nemici con {CONDNAME_DEBUFF_SCORN} hanno il 5% di probabilità che i loro incantesimi falliscano.,帶有{CONDNAME_DEBUFF_SCORN}的敵人有5%的機率使他們的法術失效。,带有{CONDNAME_DEBUFF_SCORN}的敌人有5%的法术失效率。,{CONDNAME_DEBUFF_SCORN}이 있는 적은 주문이 실패할 확률이 5% 있습니다.,"Wrogowie z {CONDNAME_DEBUFF_SCORN} mają 5% szans, że ich czary się nie powiodą.","Вороги з {CONDNAME_DEBUFF_SCORN} мають 5% шанс, що їхні заклинання не спрацюють.",Vijanden met {CONDNAME_DEBUFF_SCORN} hebben 5% kans dat hun spreuken mislukken.,{CONDNAME_DEBUFF_SCORN} olan düşmanların büyülerinin %5 ihtimalle fiyasko ile sonuçlanma şansı vardır.
L_CARD_SPECTRE1,,Enemies have 5% less {STAT_defense}.,敵の{STAT_defense}が5%減少する。,Gegner haben 5% weniger {STAT_defense}.,Les ennemis ont 5% de {STAT_defense} en moins.,Los enemigos tienen un 5% menos de {STAT_defense}.,Inimigos têm 5% menos {STAT_defense}.,Враги имеют на 5% меньше {STAT_defense}.,I nemici hanno il 5% in meno di {STAT_defense}.,敵人的{STAT_defense}降低5%。,敌人的{STAT_defense}降低5%。,적들의 {STAT_defense}가 5% 감소합니다.,Wrogowie mają o 5% mniej {STAT_defense}.,Вороги мають на 5% менше {STAT_defense}.,Vijanden hebben 5% minder {STAT_defense}.,Düşmanların {STAT_defense} değeri %5 daha düşüktür.
L_CARD_SPECTRE2,,Enemies gain 25% less {STAT_defense}.,敵の{STAT_defense}が25%減少する。,Feinde erhalten 25% weniger {STAT_defense}.,Les ennemis gagnent 25% de {STAT_defense} en moins.,Los enemigos ganan 25% menos de {STAT_defense}.,Inimigos ganham 25% menos {STAT_defense}.,Враги получают на 25% меньше {STAT_defense}.,I nemici ottengono il 25% in meno di {STAT_defense}.,敵人獲得的{STAT_defense}減少25%。,敌人获得的{STAT_defense}减少25%。,적들은 {STAT_defense}가 25% 감소합니다.,Wrogowie zyskują o 25% mniej {STAT_defense}.,Вороги отримують на 25% менше {STAT_defense}.,Vijanden krijgen 25% minder {STAT_defense}.,Düşmanlar %25 daha az {STAT_defense} kazanır.
L_CARD_SPECTRE3,,Enemies have 50% less benefit from their Artifacts' Stat Slots that boost their {STAT_defense}.,敵は{STAT_defense}を強化する彼らのアーティファクトのステータススロットからの恩恵が50%減少します。,"Feinde erhalten 50% weniger Nutzen aus den Attributsplätze ihrer Artefakte, die ihren {STAT_defense} verstärken.",Les ennemis bénéficient de 50% moins d'avantages des Emplacements de Statistiques de leurs Artéfacts qui augmentent leur {STAT_defense}.,Los enemigos obtienen un 50% menos de beneficio de los Espacios de Estadísticas de sus Artefactos que aumentan su {STAT_defense}.,Inimigos têm 50% menos benefício dos Slots de Atributos de seus Artefatos que aumentam sua {STAT_defense}.,"Враги получают на 50% меньше пользы от Слотов Характеристик своих Артефактов, которые усиливают их {STAT_defense}.",I nemici ottengono il 50% in meno di benefici dagli Slot Statistiche dei loro Artefatti che potenziano la loro {STAT_defense}.,敵人從他們的神器的能力槽位中獲得的{STAT_defense}加成效果降低50%。,敌人从其神器的属性值槽中获得的{STAT_defense}加成降低50%。,적들은 자신의 유물의 {STAT_defense}를 강화하는 스탯 슬롯에서 50% 적은 혜택을 받습니다.,"Wrogowie otrzymują o 50% mniejsze korzyści ze Slotów Statystyk swoich Artefaktów, które zwiększają ich {STAT_defense}.","Вороги отримують на 50% менше користі від Слотів Характеристик своїх Артефактів, які підвищують їхню {STAT_defense}.",Vijanden hebben 50% minder voordeel van de Stat Slots van hun Artifacts die hun {STAT_defense} verhogen.,"Düşmanlar, {STAT_defense} değerlerini artıran Eser Özellik Yuvaları'ndan %50 daha az fayda sağlar."
L_CARD_GRIMOIRE1,,Your creatures' {CONDNAME_BUFF_ARCANE} buffs have a 5% chance to grant the Spell Gem an extra {STAT_charge} when it activates.,自分のクリーチャーの{CONDNAME_BUFF_ARCANE}バフには、発動時に5%の確率でスペルジェムに追加の{STAT_charge}を付与する効果があります。,"Deine Kreaturen haben eine 5% Chance, dem Zauberstein eine zusätzliche {STAT_charge} zu gewähren, wenn ihre {CONDNAME_BUFF_ARCANE}-Buffs aktiviert werden.",Les améliorations {CONDNAME_BUFF_ARCANE} de vos créatures ont 5% de chances d'accorder une {STAT_charge} supplémentaire à la Gemme de Sort lorsqu'elle s'active.,Los beneficios de {CONDNAME_BUFF_ARCANE} de tus criaturas tienen un 5% de probabilidad de otorgar una {STAT_charge} adicional a la Gema de Hechizo cuando se activa.,Os buffs de {CONDNAME_BUFF_ARCANE} das suas criaturas têm 5% de chance de conceder uma {STAT_charge} extra à Gema de Feitiço quando ela é ativada.,Баффы {CONDNAME_BUFF_ARCANE} ваших существ имеют 5% шанс предоставить Камню Заклинаний дополнительный {STAT_charge} при активации.,I tuoi mostri con buff {CONDNAME_BUFF_ARCANE} hanno una probabilità del 5% di concedere alla Gemma Incantesimo un {STAT_charge} extra quando si attiva.,你的生物的{CONDNAME_BUFF_ARCANE}增益有5%的機率在啟動時為法術寶石額外提供一個{STAT_charge}。,你的生物的{CONDNAME_BUFF_ARCANE}增益有5%几率在激活时为法术宝石提供一个额外的{STAT_charge}。,당신의 생물들의 {CONDNAME_BUFF_ARCANE} 버프는 발동 시 5% 확률로 주문 보석에 추가 {STAT_charge}를 부여합니다.,"Twoje stworzenia mają 5% szans, że ich wzmocnienia {CONDNAME_BUFF_ARCANE} przyznają Klejnotowi Zaklęć dodatkowy {STAT_charge} podczas aktywacji.",Баффи {CONDNAME_BUFF_ARCANE} ваших істот мають 5% шанс надати Магічному Самоцвіту додатковий {STAT_charge} при активації.,Je wezens' {CONDNAME_BUFF_ARCANE} buffs hebben 5% kans om de Spreuksteen een extra {STAT_charge} te geven wanneer deze activeert.,"Yaratıklarının {CONDNAME_BUFF_ARCANE} güçlendirmeleri, etkinleştiğinde Büyü Mücevherine ekstra bir {STAT_charge} verme şansını %5 artırır."
L_CARD_GRIMOIRE2,,Your creatures' {CONDNAME_BUFF_ARCANE} buffs have a 10% chance to not be removed after they cast a spell.,味方の生物の{CONDNAME_BUFF_ARCANE}バフは、呪文を唱えた後に解除されない確率が10%あります。,"Deine Kreaturen haben eine 10% Chance, dass ihre {CONDNAME_BUFF_ARCANE} Buffs nach dem Wirken eines Zaubers nicht entfernt werden.",Les améliorations {CONDNAME_BUFF_ARCANE} de vos créatures ont 10% de chances de ne pas être supprimées après qu'elles lancent un sort.,Tus criaturas tienen un 10% de probabilidad de que sus mejoras de {CONDNAME_BUFF_ARCANE} no sean eliminadas después de lanzar un hechizo.,As criaturas sob seu controle com bônus de {CONDNAME_BUFF_ARCANE} têm 10% de chance de não perderem esse bônus após conjurarem uma magia.,"Баффы {CONDNAME_BUFF_ARCANE} ваших существ имеют 10% шанс не быть удалёнными после того, как они произнесут заклинание.",Le {CONDNAME_BUFF_ARCANE} delle tue creature hanno il 10% di probabilità di non essere rimosse dopo che lanciano un incantesimo.,你的生物的{CONDNAME_BUFF_ARCANE}增益效果有10%的機率在施放法術後不會被移除。,你的生物的{CONDNAME_BUFF_ARCANE}增益有10%几率在施法后不被移除。,당신의 생물들의 {CONDNAME_BUFF_ARCANE} 버프는 주문을 시전한 후 10% 확률로 제거되지 않습니다.,"Twoje stworzenia mają 10% szans, że ich wzmocnienia {CONDNAME_BUFF_ARCANE} nie zostaną usunięte po rzuceniu zaklęcia.",Ваші істоти мають 10% шанс зберегти бафи {CONDNAME_BUFF_ARCANE} після використання заклинання.,Je wezens' {CONDNAME_BUFF_ARCANE} buffs hebben 10% kans om niet verwijderd te worden nadat ze een spreuk hebben geworpen.,"Yaratıklarının {CONDNAME_BUFF_ARCANE} güçlendirmeleri, bir büyü kullandıktan sonra %10 ihtimalle kaldırılmaz."
L_CARD_GRIMOIRE3,,Doubles the chance for these effects to occur.,これらの効果が発生する確率が2倍になる。,"Verdoppelt die Chance, dass diese Effekte auftreten.",Double les chances que ces effets se produisent.,Duplica la probabilidad de que estos efectos ocurran.,Dobra a chance desses efeitos ocorrerem.,Удваивает шанс возникновения этих эффектов.,Raddoppia la possibilità che questi effetti si verifichino.,使這些效果發生的機率加倍。,使这些效果发生的几率翻倍。,이러한 효과가 발생할 확률이 두 배가 됩니다.,Podwaja szansę na wystąpienie tych efektów.,Подвоює шанс виникнення цих ефектів.,Verdubbelt de kans dat deze effecten optreden.,Bu etkilerin gerçekleşme şansını iki katına çıkarır.
L_CARD_CERBERUS1,,Your creatures' {CLASS_Chaos} spells deal 10% more damage.,自分のクリーチャーの{CLASS_Chaos}呪文は10%多くのダメージを与える。,Deine Kreaturen verursachen mit {CLASS_Chaos}-Zaubern 10% mehr Schaden.,Les sorts {CLASS_Chaos} de vos créatures infligent 10% de dégâts supplémentaires.,Tus criaturas con hechizos de {CLASS_Chaos} infligen un 10% más de daño.,As criaturas do seu {CLASS_Chaos} causam 10% a mais de dano com magias.,Заклинания {CLASS_Chaos} ваших существ наносят на 10% больше урона.,Le magie {CLASS_Chaos} delle tue creature infliggono il 10% di danno in più.,你的生物的{CLASS_Chaos}法術造成的傷害提高10%。,你的生物的{CLASS_Chaos}法术造成的伤害提高10%。,당신의 생물들의 {CLASS_Chaos} 주문이 10% 더 많은 피해를 입힙니다.,Zaklęcia {CLASS_Chaos} twoich stworzeń zadają o 10% więcej obrażeń.,Закляття {CLASS_Chaos} ваших істот завдають на 10% більше шкоди.,Je wezens' {CLASS_Chaos} spreuken doen 10% meer schade.,Yaratıklarının {CLASS_Chaos} büyüleri %10 daha fazla hasar verir.
L_CARD_CERBERUS2,,Your creatures' damaging {CLASS_Chaos} spells ignore 10% of their enemies' {STAT_defense}.,自分のクリーチャーの{CLASS_Chaos}ダメージ呪文は、敵の{STAT_defense}の10%を無視する。,Deine Kreaturen ignorieren mit ihren schadenverursachenden {CLASS_Chaos}-Zaubern 10% der {STAT_defense} ihrer Feinde.,Les sorts offensifs {CLASS_Chaos} de vos créatures ignorent 10% de la {STAT_defense} de leurs ennemis.,Tus criaturas con hechizos dañinos de {CLASS_Chaos} ignoran el 10% de la {STAT_defense} de sus enemigos.,As criaturas do seu grupo ignoram 10% da {STAT_defense} dos inimigos ao lançar magias de dano de {CLASS_Chaos}.,Разрушительные заклинания {CLASS_Chaos} ваших существ игнорируют 10% {STAT_defense} их врагов.,Le magie offensive {CLASS_Chaos} delle tue creature ignorano il 10% della {STAT_defense} dei loro nemici.,你的生物的傷害性{CLASS_Chaos}法術會無視敵人10%的{STAT_defense}。,你的生物的伤害性{CLASS_Chaos}法术无视敌人10%的{STAT_defense}。,당신의 생물들의 피해를 주는 {CLASS_Chaos} 주문은 적의 {STAT_defense}를 10% 무시합니다.,Niszczące zaklęcia {CLASS_Chaos} twoich stworzeń ignorują 10% {STAT_defense} przeciwników.,Руйнівні {CLASS_Chaos} закляття ваших істот ігнорують 10% {STAT_defense} їхніх ворогів.,Je wezens' schadelijke {CLASS_Chaos} spreuken negeren 10% van de {STAT_defense} van hun vijanden.,"Yaratıklarının hasar veren {CLASS_Chaos} büyüleri, düşmanlarının {STAT_defense} değerinin %10'unu görmezden gelir."
L_CARD_CERBERUS3,,Your creatures' {CLASS_Chaos} spells have 10% additional {STAT_charges}.,自分のクリーチャーの{CLASS_Chaos}呪文は10%追加の{STAT_charges}を持つ。,Deine Kreaturen haben 10% zusätzliche {STAT_charges} bei {CLASS_Chaos}-Zaubern.,Les sorts {CLASS_Chaos} de vos créatures ont 10% de {STAT_charges} supplémentaires.,Tus criaturas tienen un 10% adicional de {STAT_charges} en hechizos de {CLASS_Chaos}.,As criaturas do seu {CLASS_Chaos} têm 10% de {STAT_charges} adicionais.,Заклинания {CLASS_Chaos} ваших существ имеют на 10% больше {STAT_charges}.,Le magie {CLASS_Chaos} delle tue creature hanno il 10% di {STAT_charges} aggiuntive.,你的生物的{CLASS_Chaos}法術有額外10%的{STAT_charges}。,你的生物的{CLASS_Chaos}法术有10%额外的{STAT_charges}。,당신의 생물들의 {CLASS_Chaos} 주문은 10% 추가 {STAT_charges}를 가집니다.,Zaklęcia {CLASS_Chaos} twoich stworzeń mają 10% dodatkowych {STAT_charges}.,Заклинання {CLASS_Chaos} ваших істот мають на 10% більше {STAT_charges}.,Je wezens' {CLASS_Chaos} spreuken hebben 10% extra {STAT_charges}.,Yaratıklarının {CLASS_Chaos} büyüleri %10 ek {STAT_charges} içerir.
L_CARD_ASURA1,,Your creatures with {CONDNAME_BUFF_SAVAGE} have a 10% greater chance to deal critical damage.,{CONDNAME_BUFF_SAVAGE}を持つあなたのクリーチャーは、クリティカルダメージを与える確率が10%上昇する。,"Deine Kreaturen mit {CONDNAME_BUFF_SAVAGE} haben eine 10% höhere Chance, kritischen Schaden zu verursachen.",Vos créatures avec {CONDNAME_BUFF_SAVAGE} ont 10% de chances supplémentaires d'infliger des dégâts critiques.,Tus criaturas con {CONDNAME_BUFF_SAVAGE} tienen un 10% más de probabilidad de infligir daño crítico.,Suas criaturas com {CONDNAME_BUFF_SAVAGE} têm 10% mais chance de causar dano crítico.,Ваши существа с {CONDNAME_BUFF_SAVAGE} имеют на 10% больше шанса нанести критический урон.,Le tue creature con {CONDNAME_BUFF_SAVAGE} hanno una probabilità del 10% maggiore di infliggere danni critici.,你的具有{CONDNAME_BUFF_SAVAGE}的生物有10%更高的機率造成暴擊傷害。,你拥有{CONDNAME_BUFF_SAVAGE}的生物造成暴击伤害的几率提高10%。,당신의 {CONDNAME_BUFF_SAVAGE} 상태인 생물은 치명타 피해를 입힐 확률이 10% 증가합니다.,Twoje stworzenia z {CONDNAME_BUFF_SAVAGE} mają o 10% większą szansę na zadanie obrażeń krytycznych.,Ваші істоти з {CONDNAME_BUFF_SAVAGE} мають на 10% більший шанс завдати критичної шкоди.,Je wezens met {CONDNAME_BUFF_SAVAGE} hebben 10% meer kans om kritieke schade toe te brengen.,Vahşi ({CONDNAME_BUFF_SAVAGE}) özelliğine sahip yaratıklarınızın kritik hasar verme şansı %10 daha fazladır.
L_CARD_ASURA2,,Your creatures with {CONDNAME_BUFF_SAVAGE} deal 30% more critical damage.,自分の{CONDNAME_BUFF_SAVAGE}を持つ生物は、クリティカルダメージが30%増加する。,Deine Kreaturen mit {CONDNAME_BUFF_SAVAGE} verursachen 30% mehr kritischen Schaden.,Vos créatures avec {CONDNAME_BUFF_SAVAGE} infligent 30% de dégâts critiques supplémentaires.,Tus criaturas con {CONDNAME_BUFF_SAVAGE} infligen un 30% más de daño crítico.,Suas criaturas com {CONDNAME_BUFF_SAVAGE} causam 30% a mais de dano crítico.,Ваши существа с {CONDNAME_BUFF_SAVAGE} наносят на 30% больше критического урона.,Le tue creature con {CONDNAME_BUFF_SAVAGE} infliggono il 30% in più di danno critico.,你的具有{CONDNAME_BUFF_SAVAGE}的生物造成的暴擊傷害提高30%。,你拥有{CONDNAME_BUFF_SAVAGE}的生物造成的暴击伤害提高30%。,당신의 {CONDNAME_BUFF_SAVAGE} 생물은 치명타 피해를 30% 더 줍니다.,Twoje stworzenia z {CONDNAME_BUFF_SAVAGE} zadają o 30% więcej obrażeń krytycznych.,Ваші істоти з {CONDNAME_BUFF_SAVAGE} завдають на 30% більше критичної шкоди.,Je wezens met {CONDNAME_BUFF_SAVAGE} doen 30% meer kritieke schade.,Vahşi ({CONDNAME_BUFF_SAVAGE}) özelliğine sahip yaratıkların kritik hasarı %30 artar.
L_CARD_ASURA3,,Your creatures' {CONDNAME_BUFF_SAVAGE} buff lasts forever.,生物の{CONDNAME_BUFF_SAVAGE}バフは永久に持続する。,Dein Kreaturen-{CONDNAME_BUFF_SAVAGE}-Buff hält ewig an.,Votre bonus {CONDNAME_BUFF_SAVAGE} de créatures dure éternellement.,Tus criaturas conservan el beneficio {CONDNAME_BUFF_SAVAGE} para siempre.,Seu bônus de {CONDNAME_BUFF_SAVAGE} das suas criaturas dura para sempre.,Бафф {CONDNAME_BUFF_SAVAGE} ваших существ длится вечно.,Le creature con il buff {CONDNAME_BUFF_SAVAGE} durano per sempre.,你的生物的{CONDNAME_BUFF_SAVAGE}增益效果永久持續。,你的生物的{CONDNAME_BUFF_SAVAGE}增益效果永久持续。,당신의 생물의 {CONDNAME_BUFF_SAVAGE} 버프가 영원히 지속됩니다.,Efekt wzmocnienia {CONDNAME_BUFF_SAVAGE} twoich stworzeń trwa wiecznie.,Бонус {CONDNAME_BUFF_SAVAGE} ваших істот триває вічно.,Je wezens' {CONDNAME_BUFF_SAVAGE} buff duurt voor altijd.,Yaratıklarının {CONDNAME_BUFF_SAVAGE} güçlendirmesi sonsuza kadar sürer.
L_CARD_YETI1,,{CONDNAME_DEBUFF_FROZEN} enemies have a 5% lower base chance to thaw.,{CONDNAME_DEBUFF_FROZEN}の敵は解凍する基本確率が5%低下する。,{CONDNAME_DEBUFF_FROZEN} Gegner haben eine um 5% verringerte Grundchance aufzutauen.,Les ennemis {CONDNAME_DEBUFF_FROZEN} ont 5% de chances en moins de dégeler.,Los enemigos {CONDNAME_DEBUFF_FROZEN} tienen un 5% menos de probabilidad base de descongelarse.,Inimigos {CONDNAME_DEBUFF_FROZEN} têm 5% a menos de chance base de descongelar.,{CONDNAME_DEBUFF_FROZEN} враги имеют на 5% меньше базового шанса оттаять.,I nemici {CONDNAME_DEBUFF_FROZEN} hanno una probabilità base del 5% inferiore di scongelarsi.,{CONDNAME_DEBUFF_FROZEN}敵人的基礎解凍機率降低5%。,{CONDNAME_DEBUFF_FROZEN}敌人的基础解冻几率降低5%。,{CONDNAME_DEBUFF_FROZEN} 적들은 해동될 기본 확률이 5% 낮습니다.,{CONDNAME_DEBUFF_FROZEN} wrogowie mają o 5% mniejszą podstawową szansę na odtajanie.,{CONDNAME_DEBUFF_FROZEN} вороги мають на 5% нижчий базовий шанс розморозитися.,{CONDNAME_DEBUFF_FROZEN} vijanden hebben een 5% lagere basiskans om te ontdooien.,{CONDNAME_DEBUFF_FROZEN} düşmanların çözülme temel şansı %5 daha düşüktür.
L_CARD_YETI2,,Decreases {CONDNAME_DEBUFF_FROZEN} enemies' chance to thaw each turn by 10%.,{CONDNAME_DEBUFF_FROZEN}状態の敵が各ターンに解凍される確率を10%減少させる。,"Verringert die Chance von {CONDNAME_DEBUFF_FROZEN} Gegnern, pro Runde aufzutauen, um 10%.",Diminue de 10% les chances de dégel des ennemis {CONDNAME_DEBUFF_FROZEN} à chaque tour.,Disminuye en un 10% la probabilidad de que los enemigos con {CONDNAME_DEBUFF_FROZEN} se descongelen cada turno.,Diminui em 10% a chance de inimigos com {CONDNAME_DEBUFF_FROZEN} descongelarem a cada turno.,Уменьшает шанс {CONDNAME_DEBUFF_FROZEN} врагов оттаять каждый ход на 10%.,Diminuisce del 10% la possibilità che i nemici {CONDNAME_DEBUFF_FROZEN} si scongelino ad ogni turno.,每回合降低{CONDNAME_DEBUFF_FROZEN}敵人解凍的機率10%。,每回合降低{CONDNAME_DEBUFF_FROZEN}敌人10%的解冻几率。,{CONDNAME_DEBUFF_FROZEN} 상태의 적이 매 턴마다 해동될 확률을 10% 감소시킵니다.,Zmniejsza szansę wrogów z {CONDNAME_DEBUFF_FROZEN} na odtajanie w każdej turze o 10%.,Зменшує шанс {CONDNAME_DEBUFF_FROZEN} ворогів відтанути кожен хід на 10%.,Verlaagt de kans van {CONDNAME_DEBUFF_FROZEN} vijanden om elke beurt te ontdooien met 10%.,{CONDNAME_DEBUFF_FROZEN} düşmanlarının her turda çözülme şansını %10 azaltır.
L_CARD_YETI3,,Enemies' {CONDNAME_DEBUFF_FROZEN} debuffs have a 50% chance to not gain an increased chance to thaw at the end of their turns.,敵の{CONDNAME_DEBUFF_FROZEN}デバフは、ターン終了時に解凍確率が上昇する効果を50%の確率で受けなくなる。,"Debuffs vom Typ {CONDNAME_DEBUFF_FROZEN} bei Gegnern haben eine 50% Chance, am Ende ihrer Runde keine erhöhte Chance auf Auftauen zu erhalten.",Les malus {CONDNAME_DEBUFF_FROZEN} des ennemis ont 50% de chances de ne pas obtenir une chance accrue de dégel à la fin de leur tour.,Los debuffs de {CONDNAME_DEBUFF_FROZEN} de los enemigos tienen un 50% de probabilidad de no obtener un aumento en la posibilidad de descongelarse al final de sus turnos.,Os debuffs de {CONDNAME_DEBUFF_FROZEN} dos inimigos têm 50% de chance de não ganhar uma chance aumentada de descongelar no final de seus turnos.,Дебаффы {CONDNAME_DEBUFF_FROZEN} врагов имеют 50% шанс не получить повышенную вероятность оттаивания в конце их хода.,I nemici con debuff {CONDNAME_DEBUFF_FROZEN} hanno il 50% di probabilità di non ottenere un'aumentata possibilità di scongelarsi alla fine del loro turno.,敵人的{CONDNAME_DEBUFF_FROZEN}減益效果有50%的機率不會在其回合結束時獲得增加的解凍機率。,在敌人回合结束时，其{CONDNAME_DEBUFF_FROZEN}减益有50%几率不会获得更高的解冻概率。,적들의 {CONDNAME_DEBUFF_FROZEN} 디버프는 자신의 턴이 끝날 때 해동 확률이 증가하지 않을 50% 확률이 있습니다.,"Debuff {CONDNAME_DEBUFF_FROZEN} przeciwników ma 50% szans, że nie zwiększy się prawdopodobieństwo jego usunięcia na końcu ich tury.",Дебафи {CONDNAME_DEBUFF_FROZEN} ворогів мають 50% шанс не отримати підвищений шанс розморозитися в кінці їхнього ходу.,Vijanden' {CONDNAME_DEBUFF_FROZEN} verzwakkingen hebben 50% kans om geen verhoogde kans te krijgen om te ontdooien aan het einde van hun beurten.,"Düşmanların {CONDNAME_DEBUFF_FROZEN} zayıflatmaları, turlarının sonunda çözülme şansının artma ihtimalinin %50 olasılıkla gerçekleşmemesine sahiptir."
L_CARD_WATCHER1,,Your creatures take 15% less damage from attacks from {CLASS_Sorcery} creatures.,あなたのクリーチャーは{CLASS_Sorcery}クリーチャーからの攻撃によるダメージを15%軽減する。,Deine Kreaturen erleiden 15% weniger Schaden durch Angriffe von {CLASS_Sorcery} Kreaturen.,Vos créatures subissent 15% de dégâts en moins des attaques des créatures de {CLASS_Sorcery}.,Tus criaturas reciben un 15% menos de daño de los ataques de criaturas de {CLASS_Sorcery}.,Suas criaturas recebem 15% menos dano de ataques de criaturas de {CLASS_Sorcery}.,Ваши существа получают на 15% меньше урона от атак существ {CLASS_Sorcery}.,Le tue creature subiscono il 15% in meno di danni dagli attacchi delle creature {CLASS_Sorcery}.,你的生物受到來自{CLASS_Sorcery}生物攻擊時，所受傷害減少15%。,你的生物受到来自{CLASS_Sorcery}生物的攻击伤害减少15%。,당신의 생물은 {CLASS_Sorcery} 생물의 공격으로부터 받는 피해가 15% 감소합니다.,Twoje stworzenia otrzymują o 15% mniej obrażeń od ataków stworzeń {CLASS_Sorcery}.,Ваші істоти отримують на 15% менше шкоди від атак істот {CLASS_Sorcery}.,Je wezens krijgen 15% minder schade van aanvallen van {CLASS_Sorcery} wezens.,"Yaratıklarınız, {CLASS_Sorcery} yaratıklarının saldırılarından %15 daha az hasar alır."
L_CARD_WATCHER2,,Your creatures take 15% less damage from attacks from {CLASS_Sorcery} creatures.,あなたのクリーチャーは{CLASS_Sorcery}クリーチャーからの攻撃によるダメージを15%軽減する。,Deine Kreaturen erleiden 15% weniger Schaden durch Angriffe von {CLASS_Sorcery} Kreaturen.,Vos créatures subissent 15% de dégâts en moins des attaques des créatures de {CLASS_Sorcery}.,Tus criaturas reciben un 15% menos de daño de los ataques de criaturas de {CLASS_Sorcery}.,Suas criaturas recebem 15% menos dano de ataques de criaturas de {CLASS_Sorcery}.,Ваши существа получают на 15% меньше урона от атак существ {CLASS_Sorcery}.,Le tue creature subiscono il 15% in meno di danni dagli attacchi delle creature {CLASS_Sorcery}.,你的生物受到來自{CLASS_Sorcery}生物的攻擊傷害減少15%。,你的生物受到来自{CLASS_Sorcery}生物的攻击伤害减少15%。,당신의 생물은 {CLASS_Sorcery} 생물의 공격으로부터 받는 피해가 15% 감소합니다.,Twoje stworzenia otrzymują o 15% mniej obrażeń od ataków stworzeń {CLASS_Sorcery}.,Ваші істоти отримують на 15% менше шкоди від атак істот {CLASS_Sorcery}.,Je wezens krijgen 15% minder schade van aanvallen van {CLASS_Sorcery} wezens.,"Yaratıklarınız, {CLASS_Sorcery} yaratıklarının saldırılarından %15 daha az hasar alır."
L_CARD_WATCHER3,,Your creatures take 15% less damage from attacks from {CLASS_Sorcery} creatures.,あなたのクリーチャーは{CLASS_Sorcery}クリーチャーからの攻撃によるダメージを15%軽減する。,Deine Kreaturen erleiden 15% weniger Schaden durch Angriffe von {CLASS_Sorcery} Kreaturen.,Vos créatures subissent 15% de dégâts en moins des attaques des créatures de {CLASS_Sorcery}.,Tus criaturas reciben un 15% menos de daño de los ataques de criaturas de {CLASS_Sorcery}.,Suas criaturas recebem 15% menos dano de ataques de criaturas de {CLASS_Sorcery}.,Ваши существа получают на 15% меньше урона от атак существ {CLASS_Sorcery}.,Le tue creature subiscono il 15% in meno di danni dagli attacchi delle creature {CLASS_Sorcery}.,你的生物受到來自{CLASS_Sorcery}生物的攻擊傷害減少15%。,你的生物受到来自{CLASS_Sorcery}生物的攻击伤害减少15%。,당신의 생물은 {CLASS_Sorcery} 생물의 공격으로부터 받는 피해가 15% 감소합니다.,Twoje stworzenia otrzymują o 15% mniej obrażeń od ataków stworzeń {CLASS_Sorcery}.,Ваші істоти отримують на 15% менше шкоди від атак істот {CLASS_Sorcery}.,Je wezens krijgen 15% minder schade van aanvallen van {CLASS_Sorcery} wezens.,"Yaratıklarınız, {CLASS_Sorcery} yaratıklarının saldırılarından %15 daha az hasar alır."
L_CARD_MANTICORE1,,Your creatures take 15% less damage from attacks from {CLASS_Chaos} creatures.,あなたのクリーチャーは{CLASS_Chaos}クリーチャーからの攻撃によるダメージを15%軽減する。,Deine Kreaturen erleiden 15% weniger Schaden durch Angriffe von {CLASS_Chaos} Kreaturen.,Vos créatures subissent 15% de dégâts en moins des attaques des créatures {CLASS_Chaos}.,Tus criaturas reciben un 15% menos de daño de los ataques de criaturas de {CLASS_Chaos}.,Suas criaturas recebem 15% menos dano de ataques de criaturas {CLASS_Chaos}.,Ваши существа получают на 15% меньше урона от атак существ {CLASS_Chaos}.,Le tue creature subiscono il 15% in meno di danni dagli attacchi delle creature {CLASS_Chaos}.,你的生物受到來自{CLASS_Chaos}生物攻擊時，所受傷害減少15%。,你的生物受到来自{CLASS_Chaos}生物的攻击伤害减少15%。,당신의 생물은 {CLASS_Chaos} 생물의 공격으로부터 받는 피해가 15% 감소합니다.,Twoje stworzenia otrzymują o 15% mniej obrażeń od ataków stworzeń {CLASS_Chaos}.,Ваші істоти отримують на 15% менше шкоди від атак істот {CLASS_Chaos}.,Je wezens krijgen 15% minder schade van aanvallen van {CLASS_Chaos} wezens.,{CLASS_Chaos} yaratıklarının saldırılarından yaratıklarınız %15 daha az hasar alır.
L_CARD_MANTICORE2,,Your creatures take 15% less damage from attacks from {CLASS_Chaos} creatures.,あなたのクリーチャーは{CLASS_Chaos}クリーチャーからの攻撃によるダメージを15%軽減する。,Deine Kreaturen erleiden 15% weniger Schaden durch Angriffe von {CLASS_Chaos} Kreaturen.,Vos créatures subissent 15% de dégâts en moins des attaques des créatures {CLASS_Chaos}.,Tus criaturas reciben un 15% menos de daño de los ataques de criaturas de {CLASS_Chaos}.,Suas criaturas recebem 15% menos dano de ataques de criaturas {CLASS_Chaos}.,Ваши существа получают на 15% меньше урона от атак существ {CLASS_Chaos}.,Le tue creature subiscono il 15% in meno di danni dagli attacchi delle creature {CLASS_Chaos}.,你的生物受到來自{CLASS_Chaos}生物攻擊時，所受傷害減少15%。,你的生物受到来自{CLASS_Chaos}生物的攻击伤害减少15%。,당신의 생물은 {CLASS_Chaos} 생물의 공격으로부터 받는 피해가 15% 감소합니다.,Twoje stworzenia otrzymują o 15% mniej obrażeń od ataków stworzeń {CLASS_Chaos}.,Ваші істоти отримують на 15% менше шкоди від атак істот {CLASS_Chaos}.,Je wezens krijgen 15% minder schade van aanvallen van {CLASS_Chaos} wezens.,{CLASS_Chaos} yaratıklarının saldırılarından yaratıklarınız %15 daha az hasar alır.
L_CARD_MANTICORE3,,Your creatures take 15% less damage from attacks from {CLASS_Chaos} creatures.,あなたのクリーチャーは{CLASS_Chaos}クリーチャーからの攻撃によるダメージを15%軽減する。,Deine Kreaturen erleiden 15% weniger Schaden durch Angriffe von {CLASS_Chaos} Kreaturen.,Vos créatures subissent 15% de dégâts en moins des attaques des créatures {CLASS_Chaos}.,Tus criaturas reciben un 15% menos de daño de los ataques de criaturas de {CLASS_Chaos}.,Suas criaturas recebem 15% menos dano de ataques de criaturas {CLASS_Chaos}.,Ваши существа получают на 15% меньше урона от атак существ {CLASS_Chaos}.,Le tue creature subiscono il 15% in meno di danni dagli attacchi delle creature {CLASS_Chaos}.,你的生物受到來自{CLASS_Chaos}生物攻擊時，所受傷害減少15%。,你的生物受到来自{CLASS_Chaos}生物的攻击伤害减少15%。,당신의 생물은 {CLASS_Chaos} 생물의 공격으로부터 받는 피해가 15% 감소합니다.,Twoje stworzenia otrzymują o 15% mniej obrażeń od ataków stworzeń {CLASS_Chaos}.,Ваші істоти отримують на 15% менше шкоди від атак істот {CLASS_Chaos}.,Je wezens krijgen 15% minder schade van aanvallen van {CLASS_Chaos} wezens.,{CLASS_Chaos} yaratıklarının saldırılarından yaratıklarınız %15 daha az hasar alır.
L_CARD_GORGON1,,Enemies with {CONDNAME_DEBUFF_STONE} take 10% more damage from attacks and spells.,{CONDNAME_DEBUFF_STONE}状態の敵は攻撃や呪文から受けるダメージが10%増加する。,Gegner mit {CONDNAME_DEBUFF_STONE} erleiden 10% mehr Schaden durch Angriffe und Zauber.,Les ennemis avec {CONDNAME_DEBUFF_STONE} subissent 10% de dégâts supplémentaires des attaques et des sorts.,Los enemigos con {CONDNAME_DEBUFF_STONE} reciben un 10% más de daño de ataques y hechizos.,Inimigos com {CONDNAME_DEBUFF_STONE} recebem 10% a mais de dano de ataques e magias.,Враги с {CONDNAME_DEBUFF_STONE} получают на 10% больше урона от атак и заклинаний.,I nemici con {CONDNAME_DEBUFF_STONE} subiscono il 10% in più di danni dagli attacchi e dagli incantesimi.,帶有{CONDNAME_DEBUFF_STONE}的敵人受到攻擊和法術時會多承受10%的傷害。,带有{CONDNAME_DEBUFF_STONE}的敌人受到的攻击和法术伤害增加10%。,{CONDNAME_DEBUFF_STONE} 상태인 적은 공격과 주문으로부터 10% 더 많은 피해를 받습니다.,Wrogowie z {CONDNAME_DEBUFF_STONE} otrzymują 10% więcej obrażeń od ataków i zaklęć.,Вороги з {CONDNAME_DEBUFF_STONE} отримують на 10% більше шкоди від атак і заклинань.,Vijanden met {CONDNAME_DEBUFF_STONE} krijgen 10% meer schade van aanvallen en spreuken.,"{CONDNAME_DEBUFF_STONE} etkisi altındaki düşmanlar, saldırılardan ve büyülerden %10 daha fazla hasar alır."
L_CARD_GORGON2,,Enemies with {CONDNAME_DEBUFF_STONE} take 10% more damage from non-attack and non-spell damage.,{CONDNAME_DEBUFF_STONE}状態の敵は、攻撃やスペル以外のダメージを10%多く受ける。,Gegner mit {CONDNAME_DEBUFF_STONE} erleiden 10% mehr Schaden durch Nicht-Angriffs- und Nicht-Zauber-Schaden.,Les ennemis avec {CONDNAME_DEBUFF_STONE} subissent 10% de dégâts supplémentaires des sources qui ne sont ni des attaques ni des sorts.,Los enemigos con {CONDNAME_DEBUFF_STONE} reciben un 10% más de daño de fuentes que no sean ataques ni hechizos.,Inimigos com {CONDNAME_DEBUFF_STONE} recebem 10% a mais de dano de fontes que não sejam ataques ou magias.,"Враги с {CONDNAME_DEBUFF_STONE} получают на 10% больше урона от источников, не являющихся атаками или заклинаниями.",I nemici con {CONDNAME_DEBUFF_STONE} subiscono il 10% in più di danni da fonti che non sono attacchi né incantesimi.,帶有{CONDNAME_DEBUFF_STONE}的敵人受到非攻擊和非法術傷害時，會多承受10%的傷害。,带有{CONDNAME_DEBUFF_STONE}的敌人受到的非攻击和非法术伤害增加10%。,{CONDNAME_DEBUFF_STONE} 상태인 적은 공격이나 주문이 아닌 피해를 10% 더 받습니다.,Wrogowie z {CONDNAME_DEBUFF_STONE} otrzymują o 10% więcej obrażeń z źródeł innych niż ataki i zaklęcia.,Вороги з {CONDNAME_DEBUFF_STONE} отримують на 10% більше шкоди від не-атакуючих та не-магічних джерел.,Vijanden met {CONDNAME_DEBUFF_STONE} krijgen 10% meer schade van niet-aanvals- en niet-spreukschade.,"{CONDNAME_DEBUFF_STONE} durumundaki düşmanlar, saldırı ve büyü dışı hasarlardan %10 daha fazla hasar alır."
L_CARD_GORGON3,,Enemies with {CONDNAME_DEBUFF_STONE} receive 25% less stat gains.,{CONDNAME_DEBUFF_STONE}状態の敵は、ステータス上昇が25%減少する。,Feinde mit {CONDNAME_DEBUFF_STONE} erhalten 25% weniger Attribute.,Les ennemis avec {CONDNAME_DEBUFF_STONE} reçoivent 25% de gains de statistiques en moins.,Los enemigos con {CONDNAME_DEBUFF_STONE} reciben un 25% menos de ganancias de estadísticas.,Inimigos com {CONDNAME_DEBUFF_STONE} recebem 25% menos ganhos de atributos.,Враги с {CONDNAME_DEBUFF_STONE} получают на 25% меньше прироста характеристик.,I nemici con {CONDNAME_DEBUFF_STONE} ricevono il 25% in meno di incrementi alle statistiche.,帶有{CONDNAME_DEBUFF_STONE}的敵人獲得的屬性提升減少25%。,带有{CONDNAME_DEBUFF_STONE}的敌人获得的属性值提升减少25%。,{CONDNAME_DEBUFF_STONE} 상태인 적은 스탯 증가량이 25% 감소합니다.,Wrogowie z {CONDNAME_DEBUFF_STONE} otrzymują o 25% mniej premii do statystyk.,Вороги з {CONDNAME_DEBUFF_STONE} отримують на 25% менше підвищення характеристик.,Vijanden met {CONDNAME_DEBUFF_STONE} ontvangen 25% minder statusverhogingen.,{CONDNAME_DEBUFF_STONE} olan düşmanlar %25 daha az istatistik kazanımı alır.
L_CARD_WIGHT1,,You gain 30% more {RES_GRANITE} from battles.,戦闘から得られる{RES_GRANITE}が30%増加する。,Du erhältst 30% mehr {RES_GRANITE} aus Kämpfen.,Vous gagnez 30% de {RES_GRANITE} en plus lors des combats.,Obtienes un 30% más de {RES_GRANITE} en las batallas.,Você ganha 30% mais {RES_GRANITE} em batalhas.,Вы получаете на 30% больше {RES_GRANITE} в битвах.,Ottieni il 30% in più di {RES_GRANITE} dalle battaglie.,你在戰鬥中獲得的{RES_GRANITE}增加30%。,你在战斗中获得的{RES_GRANITE}增加30%。,전투에서 {RES_GRANITE}을(를) 30% 더 획득합니다.,Zyskujesz 30% więcej {RES_GRANITE} z bitew.,Ви отримуєте на 30% більше {RES_GRANITE} з битв.,Je krijgt 30% meer {RES_GRANITE} uit gevechten.,Savaşlardan %30 daha fazla {RES_GRANITE} kazanırsın.
L_CARD_WIGHT2,,Increases the base amount of {RES_GRANITE} gained from battles by 15.,戦闘から獲得する{RES_GRANITE}の基本量を15増加させる。,"Erhöht die Basismenge an {RES_GRANITE}, die aus Kämpfen gewonnen wird, um 15.",Augmente de 15 la quantité de base de {RES_GRANITE} obtenue lors des combats.,Aumenta la cantidad base de {RES_GRANITE} obtenida en batallas en un 15.,Aumenta a quantidade base de {RES_GRANITE} obtida em batalhas em 15.,"Увеличивает базовое количество {RES_GRANITE}, получаемого в боях, на 15.",Aumenta del 15 la quantità base di {RES_GRANITE} ottenuta dalle battaglie.,增加從戰鬥中獲得的基礎{RES_GRANITE}數量15%。,从战斗中获取的基础{RES_GRANITE}数量提高15。,전투에서 획득하는 {RES_GRANITE}의 기본 양을 15만큼 증가시킵니다.,Zwiększa podstawową ilość {RES_GRANITE} zdobywanego w bitwach o 15.,"Збільшує базову кількість {RES_GRANITE}, отриману в боях, на 15.",Verhoogt de basishoeveelheid {RES_GRANITE} verkregen uit gevechten met 15.,Savaşlardan kazanılan {RES_GRANITE} temel miktarını %15 artırır.
L_CARD_WIGHT3,,You have a 15% chance to gain double {RES_GRANITE} from battles.,戦闘で{RES_GRANITE}を2倍獲得する確率が15%あります。,"Du hast eine 15% Chance, doppeltes {RES_GRANITE} aus Kämpfen zu erhalten.",Vous avez 15% de chances d'obtenir le double de {RES_GRANITE} lors des combats.,Tienes un 15% de probabilidad de obtener el doble de {RES_GRANITE} en las batallas.,Você tem 15% de chance de ganhar o dobro de {RES_GRANITE} em batalhas.,У вас есть 15% шанс получить вдвое больше {RES_GRANITE} в битвах.,Hai una probabilità del 15% di ottenere il doppio di {RES_GRANITE} dalle battaglie.,你有 15% 的機會在戰鬥中獲得雙倍的{RES_GRANITE}。,你有15%的概率从战斗中获取双倍{RES_GRANITE}。,전투에서 {RES_GRANITE}를 두 배로 획득할 확률이 15% 있습니다.,Masz 15% szansy na podwojenie {RES_GRANITE} z bitew.,У вас є 15% шанс отримати подвійну кількість {RES_GRANITE} з битв.,Je hebt 15% kans om dubbele {RES_GRANITE} te krijgen uit gevechten.,Savaşlardan iki kat {RES_GRANITE} kazanma şansınız %15.
L_CARD_SHADE1,,Your creatures take 15% less damage while they're {CONDNAME_BUFF_INVISIBLE}.,自分のクリーチャーは{CONDNAME_BUFF_INVISIBLE}の間、受けるダメージが15%減少する。,"Deine Kreaturen erleiden 15% weniger Schaden, während sie {CONDNAME_BUFF_INVISIBLE} sind.",Vos créatures subissent 15% de dégâts en moins lorsqu'elles sont {CONDNAME_BUFF_INVISIBLE}.,Tus criaturas reciben un 15% menos de daño mientras están {CONDNAME_BUFF_INVISIBLE}.,Suas criaturas recebem 15% menos dano enquanto estiverem {CONDNAME_BUFF_INVISIBLE}.,"Ваши существа получают на 15% меньше урона, пока они {CONDNAME_BUFF_INVISIBLE}.",Le tue creature subiscono il 15% in meno di danni mentre sono {CONDNAME_BUFF_INVISIBLE}.,當你的生物處於{CONDNAME_BUFF_INVISIBLE}狀態時，受到的傷害減少15%。,当处于{CONDNAME_BUFF_INVISIBLE}状态时，你的生物受到的伤害减少15%。,당신의 생물은 {CONDNAME_BUFF_INVISIBLE} 상태일 때 15% 적은 피해를 입습니다.,"Twoje stworzenia otrzymują o 15% mniej obrażeń, gdy są {CONDNAME_BUFF_INVISIBLE}.","Ваші істоти отримують на 15% менше шкоди, поки вони {CONDNAME_BUFF_INVISIBLE}.",Je wezens krijgen 15% minder schade terwijl ze {CONDNAME_BUFF_INVISIBLE} zijn.,Yaratıkların {CONDNAME_BUFF_INVISIBLE} durumdayken %15 daha az hasar alır.
L_CARD_SHADE2,,Your creatures have a 10% chance to not lose their {CONDNAME_BUFF_INVISIBLE} buff after they {ACTION_attack} or {ACTION_cast} spells.,あなたのクリーチャーが{ACTION_attack}または{ACTION_cast}呪文を使用した後、{CONDNAME_BUFF_INVISIBLE}バフを失わない確率が10%あります。,"Deine Kreaturen haben eine 10% Chance, ihren {CONDNAME_BUFF_INVISIBLE} Buff nicht zu verlieren, nachdem sie {ACTION_attack} oder {ACTION_cast} Zauber wirken.",Vos créatures ont 10% de chances de ne pas perdre leur buff {CONDNAME_BUFF_INVISIBLE} après avoir {ACTION_attack} ou {ACTION_cast} des sorts.,Tus criaturas tienen un 10% de probabilidad de no perder su beneficio de {CONDNAME_BUFF_INVISIBLE} después de {ACTION_attack} o {ACTION_cast} hechizos.,Suas criaturas têm 10% de chance de não perderem o bônus de {CONDNAME_BUFF_INVISIBLE} depois que {ACTION_attack} ou {ACTION_cast} magias.,"Ваши существа имеют 10% шанс не потерять эффект {CONDNAME_BUFF_INVISIBLE} после того, как они {ACTION_attack} или {ACTION_cast} заклинания.",Le tue creature hanno il 10% di probabilità di non perdere il buff {CONDNAME_BUFF_INVISIBLE} dopo che {ACTION_attack} o {ACTION_cast} incantesimi.,你的生物有 10% 的機率在{ACTION_attack}或{ACTION_cast}法術後不會失去{CONDNAME_BUFF_INVISIBLE}增益效果。,你的生物有10%几率在{ACTION_attack}或{ACTION_cast}法术后不会失去{CONDNAME_BUFF_INVISIBLE}增益。,당신의 생물들은 {ACTION_attack}하거나 주문을 {ACTION_cast}한 후에도 {CONDNAME_BUFF_INVISIBLE} 버프를 잃지 않을 확률이 10% 있습니다.,"Twoje stworzenia mają 10% szans, aby nie stracić wzmocnienia {CONDNAME_BUFF_INVISIBLE} po wykonaniu {ACTION_attack} lub {ACTION_cast} zaklęć.","Ваші істоти мають 10% шанс не втратити ефект {CONDNAME_BUFF_INVISIBLE} після того, як вони {ACTION_attack} або {ACTION_cast} заклинання.",Je wezens hebben 10% kans om hun {CONDNAME_BUFF_INVISIBLE} buff niet te verliezen nadat ze {ACTION_attack} of {ACTION_cast} spreuken.,Yaratıklarınızın {ACTION_attack} yaptıktan veya büyü {ACTION_cast} ettikten sonra {CONDNAME_BUFF_INVISIBLE} güçlendirmesini kaybetmeme şansı %10 artar.
L_CARD_SHADE3,,Your creatures take 15% less damage while they're {CONDNAME_BUFF_INVISIBLE}.,自分のクリーチャーは{CONDNAME_BUFF_INVISIBLE}の間、受けるダメージが15%減少する。,"Deine Kreaturen erleiden 15% weniger Schaden, während sie {CONDNAME_BUFF_INVISIBLE} sind.",Vos créatures subissent 15% de dégâts en moins lorsqu'elles sont {CONDNAME_BUFF_INVISIBLE}.,Tus criaturas reciben un 15% menos de daño mientras están {CONDNAME_BUFF_INVISIBLE}.,Suas criaturas recebem 15% menos dano enquanto estiverem {CONDNAME_BUFF_INVISIBLE}.,"Ваши существа получают на 15% меньше урона, пока они {CONDNAME_BUFF_INVISIBLE}.",Le tue creature subiscono il 15% in meno di danni mentre sono {CONDNAME_BUFF_INVISIBLE}.,當你的生物處於{CONDNAME_BUFF_INVISIBLE}狀態時，受到的傷害減少15%。,当处于{CONDNAME_BUFF_INVISIBLE}状态时，你的生物受到的伤害减少15%。,당신의 생물은 {CONDNAME_BUFF_INVISIBLE} 상태일 때 15% 적은 피해를 받습니다.,"Twoje stworzenia otrzymują o 15% mniej obrażeń, gdy są {CONDNAME_BUFF_INVISIBLE}.","Ваші істоти отримують на 15% менше шкоди, поки вони {CONDNAME_BUFF_INVISIBLE}.",Je wezens krijgen 15% minder schade terwijl ze {CONDNAME_BUFF_INVISIBLE} zijn.,Yaratıkların {CONDNAME_BUFF_INVISIBLE} durumdayken %15 daha az hasar alır.
L_CARD_MASOCHIST1,,Your creatures take 3% less damage.,自分のクリーチャーが受けるダメージが3%減少する。,Deine Kreaturen erleiden 3% weniger Schaden.,Vos créatures subissent 3% de dégâts en moins.,Tus criaturas reciben un 3% menos de daño.,Suas criaturas recebem 3% menos de dano.,Ваши существа получают на 3% меньше урона.,Le tue creature subiscono il 3% di danni in meno.,你的生物受到的傷害減少3%。,你的生物受到的伤害减少3%。,당신의 생물들이 받는 피해가 3% 감소합니다.,Twoje stworzenia otrzymują o 3% mniej obrażeń.,Ваші істоти отримують на 3% менше шкоди.,Je wezens nemen 3% minder schade.,Yaratıkların %3 daha az hasar alır.
L_CARD_MASOCHIST2,,Your creatures take 3% less damage.,自分のクリーチャーが受けるダメージが3%減少する。,Deine Kreaturen erleiden 3% weniger Schaden.,Vos créatures subissent 3% de dégâts en moins.,Tus criaturas reciben un 3% menos de daño.,Suas criaturas recebem 3% menos de dano.,Ваши существа получают на 3% меньше урона.,Le tue creature subiscono il 3% di danni in meno.,你的生物受到的傷害減少3%。,你的生物受到的伤害减少3%。,당신의 생물들이 받는 피해가 3% 감소합니다.,Twoje stworzenia otrzymują o 3% mniej obrażeń.,Ваші істоти отримують на 3% менше шкоди.,Je wezens krijgen 3% minder schade.,Yaratıkların %3 daha az hasar alır.
L_CARD_MASOCHIST3,,Your creatures take 3% less damage.,自分のクリーチャーが受けるダメージが3%減少する。,Deine Kreaturen erleiden 3% weniger Schaden.,Vos créatures subissent 3% de dégâts en moins.,Tus criaturas reciben un 3% menos de daño.,Suas criaturas recebem 3% menos de dano.,Ваши существа получают на 3% меньше урона.,Le tue creature subiscono il 3% di danni in meno.,你的生物受到的傷害減少3%。,你的生物受到的伤害减少3%。,당신의 생물들이 받는 피해가 3% 감소합니다.,Twoje stworzenia otrzymują o 3% mniej obrażeń.,Ваші істоти отримують на 3% менше шкоди.,Je wezens krijgen 3% minder schade.,Yaratıkların %3 daha az hasar alır.
L_CARD_TREMOR1,,Enemies have 5% less {STAT_intelligence}.,敵の{STAT_intelligence}が5%減少する。,Gegner haben 5% weniger {STAT_intelligence}.,Les ennemis ont 5% de {STAT_intelligence} en moins.,Los enemigos tienen un 5% menos de {STAT_intelligence}.,Inimigos têm 5% menos {STAT_intelligence}.,Враги имеют на 5% меньше {STAT_intelligence}.,I nemici hanno il 5% in meno di {STAT_intelligence}.,敵人的{STAT_intelligence}降低5%。,敌人的{STAT_intelligence}降低5%。,적들의 {STAT_intelligence}가 5% 감소합니다.,Wrogowie mają o 5% mniej {STAT_intelligence}.,Вороги мають на 5% менше {STAT_intelligence}.,Vijanden hebben 5% minder {STAT_intelligence}.,Düşmanların {STAT_intelligence} değeri %5 daha düşüktür.
L_CARD_TREMOR2,,Enemies gain 25% less {STAT_intelligence}.,敵は{STAT_intelligence}が25%減少する。,Feinde erhalten 25% weniger {STAT_intelligence}.,Les ennemis gagnent 25% de {STAT_intelligence} en moins.,Los enemigos ganan un 25% menos de {STAT_intelligence}.,Inimigos ganham 25% menos {STAT_intelligence}.,Враги получают на 25% меньше {STAT_intelligence}.,I nemici ottengono il 25% in meno di {STAT_intelligence}.,敵人獲得的{STAT_intelligence}減少25%。,敌人获得的{STAT_intelligence}减少25%。,적들은 {STAT_intelligence}를 25% 덜 얻습니다.,Wrogowie zyskują o 25% mniej {STAT_intelligence}.,Вороги отримують на 25% менше {STAT_intelligence}.,Vijanden krijgen 25% minder {STAT_intelligence}.,Düşmanlar %25 daha az {STAT_intelligence} kazanır.
L_CARD_TREMOR3,,Enemies have 50% less benefit from their Artifacts' Stat Slots that boost their {STAT_intelligence}.,敵は{STAT_intelligence}を強化する彼らのアーティファクトのステータススロットからの恩恵が50%減少します。,"Feinde erhalten 50% weniger Nutzen aus den Attributsplätze ihrer Artefakte, die ihren {STAT_intelligence} verstärken.",Les ennemis bénéficient de 50% moins d'avantages des Emplacements de Statistiques de leurs Artéfacts qui augmentent leur {STAT_intelligence}.,Los enemigos obtienen un 50% menos de beneficio de los Espacios de Estadísticas de sus Artefactos que aumentan su {STAT_intelligence}.,Inimigos têm 50% menos benefício dos Slots de Atributos de seus Artefatos que aumentam sua {STAT_intelligence}.,"Враги получают на 50% меньше пользы от Слотов Характеристик своих Артефактов, которые усиливают их {STAT_intelligence}.",I nemici ottengono il 50% in meno di benefici dagli Slot Statistiche dei loro Artefatti che potenziano la loro {STAT_intelligence}.,敵人從他們的神器的能力槽位中獲得的{STAT_intelligence}加成效果降低50%。,敌人从其神器的属性值槽中获得的{STAT_intelligence}加成降低50%。,적들은 자신의 유물의 {STAT_intelligence}를 증가시키는 스탯 슬롯에서 50% 적은 혜택을 받습니다.,"Wrogowie otrzymują o 50% mniejsze korzyści ze Slotów Statystyk swoich Artefaktów, które zwiększają ich {STAT_intelligence}.","Вороги отримують на 50% менше користі від Слотів Характеристик своїх Артефактів, які підвищують їхній {STAT_intelligence}.",Vijanden hebben 50% minder voordeel van de Stat Slots van hun Artifacts die hun {STAT_intelligence} verhogen.,"Düşmanlar, {STAT_intelligence} değerlerini artıran Eser Özellik Yuvaları'ndan %50 daha az fayda sağlar."
L_CARD_ARACHNALISK1,,Enemies with {CONDNAME_DEBUFF_SNARED} have a 10% lower chance to break free.,{CONDNAME_DEBUFF_SNARED}状態の敵は、拘束から逃れる確率が10%低下する。,"Gegner mit {CONDNAME_DEBUFF_SNARED} haben eine 10% geringere Chance, sich zu befreien.",Les ennemis avec {CONDNAME_DEBUFF_SNARED} ont 10% moins de chances de se libérer.,Los enemigos con {CONDNAME_DEBUFF_SNARED} tienen un 10% menos de probabilidad de liberarse.,Inimigos com {CONDNAME_DEBUFF_SNARED} têm 10% menos chance de se libertarem.,Враги с {CONDNAME_DEBUFF_SNARED} имеют на 10% меньше шансов освободиться.,I nemici con {CONDNAME_DEBUFF_SNARED} hanno una probabilità del 10% inferiore di liberarsi.,帶有{CONDNAME_DEBUFF_SNARED}的敵人有10%較低的機率掙脫。,带有{CONDNAME_DEBUFF_SNARED}的敌人挣脱几率降低10%。,{CONDNAME_DEBUFF_SNARED} 상태의 적은 속박에서 벗어날 확률이 10% 감소합니다.,Wrogowie z {CONDNAME_DEBUFF_SNARED} mają o 10% mniejszą szansę na uwolnienie się.,Вороги з {CONDNAME_DEBUFF_SNARED} мають на 10% меншу ймовірність звільнитися.,Vijanden met {CONDNAME_DEBUFF_SNARED} hebben 10% minder kans om te ontsnappen.,{CONDNAME_DEBUFF_SNARED} olan düşmanların kurtulma şansı %10 daha düşüktür.
L_CARD_ARACHNALISK2,,Enemies with {CONDNAME_DEBUFF_SNARED} deal 20% less damage.,{CONDNAME_DEBUFF_SNARED}状態の敵は与えるダメージが20%減少する。,Gegner mit {CONDNAME_DEBUFF_SNARED} verursachen 20% weniger Schaden.,Les ennemis avec {CONDNAME_DEBUFF_SNARED} infligent 20% de dégâts en moins.,Los enemigos con {CONDNAME_DEBUFF_SNARED} infligen un 20% menos de daño.,Inimigos com {CONDNAME_DEBUFF_SNARED} causam 20% menos dano.,Враги с {CONDNAME_DEBUFF_SNARED} наносят на 20% меньше урона.,I nemici con {CONDNAME_DEBUFF_SNARED} infliggono il 20% di danni in meno.,帶有{CONDNAME_DEBUFF_SNARED}的敵人造成的傷害減少20%。,带有{CONDNAME_DEBUFF_SNARED}的敌人造成的伤害减少20%。,{CONDNAME_DEBUFF_SNARED} 상태의 적은 20% 더 적은 피해를 입힙니다.,Wrogowie z {CONDNAME_DEBUFF_SNARED} zadają o 20% mniej obrażeń.,Вороги з {CONDNAME_DEBUFF_SNARED} завдають на 20% менше шкоди.,Vijanden met {CONDNAME_DEBUFF_SNARED} doen 20% minder schade.,{CONDNAME_DEBUFF_SNARED} etkisi altındaki düşmanlar %20 daha az hasar verir.
L_CARD_ARACHNALISK3,,Enemies with {CONDNAME_DEBUFF_SNARED} have a 10% lower chance to break free.,{CONDNAME_DEBUFF_SNARED}状態の敵は、拘束から逃れる確率が10%低下する。,"Gegner mit {CONDNAME_DEBUFF_SNARED} haben eine 10% geringere Chance, sich zu befreien.",Les ennemis avec {CONDNAME_DEBUFF_SNARED} ont 10% moins de chances de se libérer.,Los enemigos con {CONDNAME_DEBUFF_SNARED} tienen un 10% menos de probabilidad de liberarse.,Inimigos com {CONDNAME_DEBUFF_SNARED} têm 10% menos chance de se libertarem.,Враги с {CONDNAME_DEBUFF_SNARED} имеют на 10% меньше шансов освободиться.,I nemici con {CONDNAME_DEBUFF_SNARED} hanno una probabilità del 10% inferiore di liberarsi.,帶有{CONDNAME_DEBUFF_SNARED}的敵人有10%較低的機率掙脫。,带有{CONDNAME_DEBUFF_SNARED}的敌人挣脱几率降低10%。,{CONDNAME_DEBUFF_SNARED} 상태의 적은 속박에서 벗어날 확률이 10% 감소합니다.,Wrogowie z {CONDNAME_DEBUFF_SNARED} mają o 10% mniejszą szansę na uwolnienie się.,Вороги з {CONDNAME_DEBUFF_SNARED} мають на 10% меншу ймовірність звільнитися.,Vijanden met {CONDNAME_DEBUFF_SNARED} hebben 10% minder kans om te ontsnappen.,{CONDNAME_DEBUFF_SNARED} olan düşmanların kurtulma şansı %10 daha düşüktür.
L_CARD_FAMILIAR1,,Your creatures deal 5% more damage with spells.,自分のクリーチャーは呪文で与えるダメージが5%増加する。,Deine Kreaturen verursachen 5% mehr Schaden mit Zaubern.,Vos créatures infligent 5% de dégâts supplémentaires avec les sorts.,Tus criaturas infligen un 5% más de daño con hechizos.,Suas criaturas causam 5% a mais de dano com magias.,Ваши существа наносят на 5% больше урона заклинаниями.,Le tue creature infliggono il 5% di danni in più con gli incantesimi.,你的生物使用法術造成的傷害提高5%。,你的生物使用法术造成的伤害提高5%。,당신의 생물들이 주문으로 5% 더 많은 피해를 입힙니다.,Twoje stworzenia zadają 5% więcej obrażeń czarami.,Ваші істоти завдають на 5% більше шкоди заклинаннями.,Je wezens doen 5% meer schade met spreuken.,Yaratıkların büyülerle %5 daha fazla hasar verir.
L_CARD_FAMILIAR2,,Your creatures deal 5% more damage with spells.,自分のクリーチャーは呪文で与えるダメージが5%増加する。,Deine Kreaturen verursachen 5% mehr Schaden mit Zaubern.,Vos créatures infligent 5% de dégâts supplémentaires avec les sorts.,Tus criaturas infligen un 5% más de daño con hechizos.,Suas criaturas causam 5% a mais de dano com magias.,Ваши существа наносят на 5% больше урона заклинаниями.,Le tue creature infliggono il 5% di danni in più con gli incantesimi.,你的生物使用法術造成的傷害提高5%。,你的生物使用法术造成的伤害提高5%。,당신의 생물들이 주문으로 5% 더 많은 피해를 입힙니다.,Twoje stworzenia zadają 5% więcej obrażeń czarami.,Ваші істоти завдають на 5% більше шкоди заклинаннями.,Je wezens doen 5% meer schade met spreuken.,Yaratıkların büyülerle %5 daha fazla hasar verir.
L_CARD_FAMILIAR3,,Your creatures deal 5% more damage with spells.,自分のクリーチャーは呪文で与えるダメージが5%増加する。,Deine Kreaturen verursachen 5% mehr Schaden mit Zaubern.,Vos créatures infligent 5% de dégâts supplémentaires avec les sorts.,Tus criaturas infligen un 5% más de daño con hechizos.,Suas criaturas causam 5% a mais de dano com magias.,Ваши существа наносят на 5% больше урона заклинаниями.,Le tue creature infliggono il 5% di danni in più con gli incantesimi.,你的生物使用法術造成的傷害提高5%。,你的生物使用法术造成的伤害提高5%。,당신의 생물들이 주문으로 5% 더 많은 피해를 입힙니다.,Twoje stworzenia zadają 5% więcej obrażeń czarami.,Ваші істоти завдають на 5% більше шкоди заклинаннями.,Je wezens doen 5% meer schade met spreuken.,Yaratıkların büyülerle %5 daha fazla hasar verir.
L_CARD_GARGANTUAN1,,Enemies have a 5% lower chance to Dodge attacks.,敵の攻撃回避率が5%低下する。,"Gegner haben eine 5% geringere Chance, Angriffen auszuweichen.",Les ennemis ont 5% moins de chances d'Esquiver les attaques.,Los enemigos tienen un 5% menos de probabilidad de Esquivar ataques.,Inimigos têm 5% menos chance de Esquivar ataques.,Враги имеют на 5% меньше шанса Уклониться от атак.,I nemici hanno il 5% in meno di probabilità di Schivare gli attacchi.,敵人閃避攻擊的機率降低5%。,敌人闪避攻击的几率降低5%。,적들은 공격을 회피할 확률이 5% 감소합니다.,Wrogowie mają o 5% mniejszą szansę na Unik przed atakami.,Вороги мають на 5% меншу ймовірність Ухилитися від атак.,Vijanden hebben 5% minder kans om aanvallen te Ontwijken.,Düşmanların saldırılardan Kaçınma şansı %5 daha düşüktür.
L_CARD_GARGANTUAN2,,Enemies have a 5% lower chance to Dodge attacks.,敵の攻撃回避率が5%低下する。,"Gegner haben eine 5% geringere Chance, Angriffen auszuweichen.",Les ennemis ont 5% moins de chances d'Esquiver les attaques.,Los enemigos tienen un 5% menos de probabilidad de Esquivar ataques.,Inimigos têm 5% menos chance de Esquivar ataques.,Враги имеют на 5% меньше шанса Уклониться от атак.,I nemici hanno il 5% in meno di probabilità di Schivare gli attacchi.,敵人閃避攻擊的機率降低5%。,敌人闪避攻击的几率降低5%。,적들은 공격을 회피할 확률이 5% 감소합니다.,Wrogowie mają o 5% mniejszą szansę na Unik przed atakami.,Вороги мають на 5% меншу ймовірність Ухилитися від атак.,Vijanden hebben 5% minder kans om aanvallen te Ontwijken.,Düşmanların saldırılardan Kaçınma şansı %5 daha düşüktür.
L_CARD_GARGANTUAN3,,Enemies have a 5% lower chance to Dodge attacks.,敵の攻撃回避率が5%低下する。,"Gegner haben eine 5% geringere Chance, Angriffen auszuweichen.",Les ennemis ont 5% moins de chances d'Esquiver les attaques.,Los enemigos tienen un 5% menos de probabilidad de Esquivar ataques.,Inimigos têm 5% menos chance de Esquivar ataques.,Враги имеют на 5% меньше шанса Уклониться от атак.,I nemici hanno il 5% in meno di probabilità di Schivare gli attacchi.,敵人閃避攻擊的機率降低5%。,敌人闪避攻击的几率降低5%。,적들은 공격을 회피할 확률이 5% 감소합니다.,Wrogowie mają o 5% mniejszą szansę na Unik przed atakami.,Вороги мають на 5% меншу ймовірність Ухилитися від атак.,Vijanden hebben 5% minder kans om aanvallen te Ontwijken.,Düşmanların saldırılardan Kaçınma şansı %5 daha düşüktür.
L_CARD_VORTEX1,,Your creatures take 15% less damage from {CLASS_Sorcery} spells.,あなたの生物は{CLASS_Sorcery}呪文からのダメージを15%軽減する。,Deine Kreaturen erleiden 15% weniger Schaden durch {CLASS_Sorcery}-Zauber.,Vos créatures subissent 15% de dégâts en moins des sorts de {CLASS_Sorcery}.,Tus criaturas reciben un 15% menos de daño de los hechizos de {CLASS_Sorcery}.,Suas criaturas recebem 15% menos dano de magias de {CLASS_Sorcery}.,Ваши существа получают на 15% меньше урона от заклинаний {CLASS_Sorcery}.,Le tue creature subiscono il 15% in meno di danni dagli incantesimi {CLASS_Sorcery}.,你的生物受到的{CLASS_Sorcery}法術傷害減少15%。,你的生物受到来自{CLASS_Sorcery}法术伤害减少15%。,당신의 생물들은 {CLASS_Sorcery} 주문으로부터 15% 적은 피해를 입습니다.,Twoje stworzenia otrzymują o 15% mniej obrażeń od zaklęć {CLASS_Sorcery}.,Ваші істоти отримують на 15% менше шкоди від заклинань {CLASS_Sorcery}.,Je wezens nemen 15% minder schade van {CLASS_Sorcery} spreuken.,Yaratıkların {CLASS_Sorcery} büyülerinden %15 daha az hasar alır.
L_CARD_VORTEX2,,Your creatures take 15% less damage from {CLASS_Sorcery} spells.,あなたの生物は{CLASS_Sorcery}呪文からのダメージを15%軽減する。,Deine Kreaturen erleiden 15% weniger Schaden durch {CLASS_Sorcery}-Zauber.,Vos créatures subissent 15% de dégâts en moins des sorts de {CLASS_Sorcery}.,Tus criaturas reciben un 15% menos de daño de los hechizos de {CLASS_Sorcery}.,Suas criaturas recebem 15% menos dano de magias de {CLASS_Sorcery}.,Ваши существа получают на 15% меньше урона от заклинаний {CLASS_Sorcery}.,Le tue creature subiscono il 15% in meno di danni dagli incantesimi {CLASS_Sorcery}.,你的生物受到的{CLASS_Sorcery}法術傷害減少15%。,你的生物受到来自{CLASS_Sorcery}法术伤害减少15%。,당신의 생물은 {CLASS_Sorcery} 주문으로부터 15% 적은 피해를 입습니다.,Twoje stworzenia otrzymują o 15% mniej obrażeń od zaklęć {CLASS_Sorcery}.,Ваші істоти отримують на 15% менше шкоди від заклинань {CLASS_Sorcery}.,Je wezens nemen 15% minder schade van {CLASS_Sorcery} spreuken.,Yaratıkların {CLASS_Sorcery} büyülerinden %15 daha az hasar alır.
L_CARD_VORTEX3,,Your creatures take 15% less damage from {CLASS_Sorcery} spells.,あなたの生物は{CLASS_Sorcery}呪文からのダメージを15%軽減する。,Deine Kreaturen erleiden 15% weniger Schaden durch {CLASS_Sorcery}-Zauber.,Vos créatures subissent 15% de dégâts en moins des sorts de {CLASS_Sorcery}.,Tus criaturas reciben un 15% menos de daño de los hechizos de {CLASS_Sorcery}.,Suas criaturas recebem 15% menos dano de magias de {CLASS_Sorcery}.,Ваши существа получают на 15% меньше урона от заклинаний {CLASS_Sorcery}.,Le tue creature subiscono il 15% in meno di danni dagli incantesimi {CLASS_Sorcery}.,你的生物受到的{CLASS_Sorcery}法術傷害減少15%。,你的生物受到来自{CLASS_Sorcery}法术伤害减少15%。,당신의 생물은 {CLASS_Sorcery} 주문으로부터 15% 적은 피해를 입습니다.,Twoje stworzenia otrzymują o 15% mniej obrażeń od zaklęć {CLASS_Sorcery}.,Ваші істоти отримують на 15% менше шкоди від заклинань {CLASS_Sorcery}.,Je wezens nemen 15% minder schade van {CLASS_Sorcery} spreuken.,Yaratıkların {CLASS_Sorcery} büyülerinden %15 daha az hasar alır.
L_CARD_WASPID1,,Enemies have 5% less {STAT_speed}.,敵の{STAT_speed}が5%減少する。,Gegner haben 5% weniger {STAT_speed}.,Les ennemis ont 5% de {STAT_speed} en moins.,Los enemigos tienen un 5% menos de {STAT_speed}.,Inimigos têm 5% menos {STAT_speed}.,Враги имеют на 5% меньше {STAT_speed}.,I nemici hanno il 5% in meno di {STAT_speed}.,敵人的{STAT_speed}降低5%。,敌人的{STAT_speed}降低5%。,적들의 {STAT_speed}이(가) 5% 감소합니다.,Wrogowie mają 5% mniej {STAT_speed}.,Вороги мають на 5% менше {STAT_speed}.,Vijanden hebben 5% minder {STAT_speed}.,Düşmanların {STAT_speed} değeri %5 daha düşüktür.
L_CARD_WASPID2,,Enemies gain 25% less {STAT_speed}.,敵の{STAT_speed}が25%減少する。,Feinde erhalten 25% weniger {STAT_speed}.,Les ennemis gagnent 25% de {STAT_speed} en moins.,Los enemigos ganan un 25% menos de {STAT_speed}.,Inimigos ganham 25% menos {STAT_speed}.,Враги получают на 25% меньше {STAT_speed}.,I nemici ottengono il 25% in meno di {STAT_speed}.,敵人獲得的{STAT_speed}減少25%。,敌人获得的{STAT_speed}减少25%。,적들은 {STAT_speed}가 25% 감소합니다.,Wrogowie zyskują o 25% mniej {STAT_speed}.,Вороги отримують на 25% менше {STAT_speed}.,Vijanden krijgen 25% minder {STAT_speed}.,Düşmanlar %25 daha az {STAT_speed} kazanır.
L_CARD_WASPID3,,Enemies have 50% less benefit from their Artifacts' Stat Slots that boost their {STAT_speed}.,敵は{STAT_speed}を強化する彼らのアーティファクトのステータススロットからの恩恵が50%減少します。,"Feinde erhalten 50% weniger Nutzen aus den Attributsplätze ihrer Artefakte, die ihren {STAT_speed} erhöhen.",Les ennemis bénéficient de 50% moins d'avantages des Emplacements de Statistiques de leurs Artéfacts qui augmentent leur {STAT_speed}.,Los enemigos obtienen un 50% menos de beneficio de los Espacios de Estadísticas de sus Artefactos que aumentan su {STAT_speed}.,Inimigos têm 50% menos benefício dos Slots de Atributos de seus Artefatos que aumentam sua {STAT_speed}.,"Враги получают на 50% меньше пользы от Слотов Характеристик своих Артефактов, которые усиливают их {STAT_speed}.",I nemici ottengono il 50% in meno di benefici dagli Slot Statistiche dei loro Artefatti che potenziano la loro {STAT_speed}.,敵人從他們的神器的能力槽位中獲得的{STAT_speed}加成效果降低50%。,敌人从其神器的属性值槽中获得的{STAT_speed}加成降低50%。,적들은 자신의 유물의 {STAT_speed}를 증가시키는 스탯 슬롯의 효과를 50% 적게 받습니다.,"Wrogowie otrzymują o 50% mniejsze korzyści ze Slotów Statystyk swoich Artefaktów, które zwiększają ich {STAT_speed}.","Вороги отримують на 50% менше користі від Слотів Характеристик своїх Артефактів, які підвищують їхню {STAT_speed}.",Vijanden hebben 50% minder voordeel van de Stat Slots van hun Artifacts die hun {STAT_speed} verhogen.,"Düşmanlar, {STAT_speed} değerlerini artıran Eser Özellik Yuvaları'ndan %50 daha az fayda sağlar."
L_CARD_BARD1,,Your creatures take 5% less damage from attacks.,自分のクリーチャーは攻撃から受けるダメージが5%減少する。,Deine Kreaturen erleiden 5% weniger Schaden durch Angriffe.,Vos créatures subissent 5% de dégâts en moins des attaques.,Tus criaturas reciben un 5% menos de daño de los ataques.,Suas criaturas recebem 5% menos dano de ataques.,Ваши существа получают на 5% меньше урона от атак.,Le tue creature subiscono il 5% in meno di danni dagli attacchi.,你的生物受到的攻擊傷害減少5%。,你的生物受到的攻击伤害减少5%。,당신의 생물들은 공격으로부터 받는 피해가 5% 감소합니다.,Twoje stworzenia otrzymują o 5% mniej obrażeń z ataków.,Ваші істоти отримують на 5% менше шкоди від атак.,Je wezens krijgen 5% minder schade van aanvallen.,Yaratıkların saldırılardan %5 daha az hasar alır.
L_CARD_BARD2,,Your creatures take 5% less damage from attacks.,自分のクリーチャーは攻撃から受けるダメージが5%減少する。,Deine Kreaturen erleiden 5% weniger Schaden durch Angriffe.,Vos créatures subissent 5% de dégâts en moins des attaques.,Tus criaturas reciben un 5% menos de daño de los ataques.,Suas criaturas recebem 5% menos dano de ataques.,Ваши существа получают на 5% меньше урона от атак.,Le tue creature subiscono il 5% in meno di danni dagli attacchi.,你的生物受到的攻擊傷害減少5%。,你的生物受到的攻击伤害减少5%。,당신의 생물들은 공격으로부터 받는 피해가 5% 감소합니다.,Twoje stworzenia otrzymują o 5% mniej obrażeń z ataków.,Ваші істоти отримують на 5% менше шкоди від атак.,Je wezens nemen 5% minder schade van aanvallen.,Yaratıkların saldırılardan %5 daha az hasar alır.
L_CARD_BARD3,,Your creatures take 5% less damage from attacks.,自分のクリーチャーは攻撃から受けるダメージが5%減少する。,Deine Kreaturen erleiden 5% weniger Schaden durch Angriffe.,Vos créatures subissent 5% de dégâts en moins des attaques.,Tus criaturas reciben un 5% menos de daño de los ataques.,Suas criaturas recebem 5% menos dano de ataques.,Ваши существа получают на 5% меньше урона от атак.,Le tue creature subiscono il 5% in meno di danni dagli attacchi.,你的生物受到的攻擊傷害減少5%。,你的生物受到的攻击伤害减少5%。,당신의 생물들은 공격으로부터 받는 피해가 5% 감소합니다.,Twoje stworzenia otrzymują o 5% mniej obrażeń z ataków.,Ваші істоти отримують на 5% менше шкоди від атак.,Je wezens nemen 5% minder schade van aanvallen.,Yaratıkların saldırılardan %5 daha az hasar alır.
L_CARD_CENTAUR1,,Your creatures deal 10% more damage to {CLASS_Nature} creatures.,あなたの生物は{CLASS_Nature}の生物に10%多くのダメージを与える。,Deine Kreaturen verursachen 10% mehr Schaden an {CLASS_Nature} Kreaturen.,Vos créatures infligent 10% de dégâts supplémentaires aux créatures {CLASS_Nature}.,Tus criaturas infligen un 10% más de daño a las criaturas {CLASS_Nature}.,Suas criaturas causam 10% a mais de dano em criaturas {CLASS_Nature}.,Ваши существа наносят на 10% больше урона существам {CLASS_Nature}.,Le tue creature infliggono il 10% di danno in più alle creature {CLASS_Nature}.,你的生物對{CLASS_Nature}生物造成的傷害提高10%。,你的生物对{CLASS_Nature}生物造成的伤害提高10%。,당신의 생물은 {CLASS_Nature} 생물에게 10% 더 많은 피해를 입힙니다.,Twoje stworzenia zadają 10% więcej obrażeń stworzeniom {CLASS_Nature}.,Ваші істоти завдають на 10% більше шкоди істотам {CLASS_Nature}.,Je wezens doen 10% meer schade aan {CLASS_Nature} wezens.,{CLASS_Nature} yaratıklarına karşı yaratıklarınız %10 daha fazla hasar verir.
L_CARD_CENTAUR2,,Your creatures deal 10% more damage to {CLASS_Nature} creatures.,あなたの生物は{CLASS_Nature}の生物に10%多くのダメージを与える。,Deine Kreaturen verursachen 10% mehr Schaden an {CLASS_Nature} Kreaturen.,Vos créatures infligent 10% de dégâts supplémentaires aux créatures {CLASS_Nature}.,Tus criaturas infligen un 10% más de daño a las criaturas {CLASS_Nature}.,Suas criaturas causam 10% a mais de dano a criaturas {CLASS_Nature}.,Ваши существа наносят на 10% больше урона существам {CLASS_Nature}.,Le tue creature infliggono il 10% di danno in più alle creature {CLASS_Nature}.,你的生物對{CLASS_Nature}生物造成的傷害提高10%。,你的生物对{CLASS_Nature}生物造成的伤害提高10%。,당신의 생물은 {CLASS_Nature} 생물에게 10% 더 많은 피해를 입힙니다.,Twoje stworzenia zadają 10% więcej obrażeń stworzeniom {CLASS_Nature}.,Ваші істоти завдають на 10% більше шкоди істотам {CLASS_Nature}.,Je wezens doen 10% meer schade aan {CLASS_Nature} wezens.,{CLASS_Nature} yaratıklarına karşı yaratıklarınız %10 daha fazla hasar verir.
L_CARD_CENTAUR3,,Your creatures deal 10% more damage to {CLASS_Nature} creatures.,あなたの生物は{CLASS_Nature}の生物に10%多くのダメージを与える。,Deine Kreaturen verursachen 10% mehr Schaden an {CLASS_Nature} Kreaturen.,Vos créatures infligent 10% de dégâts supplémentaires aux créatures {CLASS_Nature}.,Tus criaturas infligen un 10% más de daño a las criaturas {CLASS_Nature}.,Suas criaturas causam 10% a mais de dano em criaturas {CLASS_Nature}.,Ваши существа наносят на 10% больше урона существам {CLASS_Nature}.,Le tue creature infliggono il 10% di danno in più alle creature {CLASS_Nature}.,你的生物對{CLASS_Nature}生物造成的傷害提高10%。,你的生物对{CLASS_Nature}生物造成的伤害提高10%。,당신의 생물은 {CLASS_Nature} 생물에게 10% 더 많은 피해를 입힙니다.,Twoje stworzenia zadają 10% więcej obrażeń stworzeniom {CLASS_Nature}.,Ваші істоти завдають на 10% більше шкоди істотам {CLASS_Nature}.,Je wezens doen 10% meer schade aan {CLASS_Nature} wezens.,{CLASS_Nature} yaratıklarına karşı yaratıklarınız %10 daha fazla hasar verir.
L_CARD_ELF1,,You gain 30% more {RES_CRYSTAL} from battles.,戦闘から得られる{RES_CRYSTAL}が30%増加する。,Du erhältst 30% mehr {RES_CRYSTAL} aus Kämpfen.,Vous gagnez 30% de {RES_CRYSTAL} en plus lors des combats.,Obtienes un 30% más de {RES_CRYSTAL} en las batallas.,Você ganha 30% mais {RES_CRYSTAL} em batalhas.,Вы получаете на 30% больше {RES_CRYSTAL} из сражений.,Ottieni il 30% in più di {RES_CRYSTAL} dalle battaglie.,你在戰鬥中獲得的{RES_CRYSTAL}增加30%。,你在战斗中获得的{RES_CRYSTAL}增加30%。,전투에서 {RES_CRYSTAL}을(를) 30% 더 획득합니다.,Zyskujesz 30% więcej {RES_CRYSTAL} z bitew.,Ви отримуєте на 30% більше {RES_CRYSTAL} з битв.,Je krijgt 30% meer {RES_CRYSTAL} uit gevechten.,Savaşlardan %30 daha fazla {RES_CRYSTAL} kazanırsın.
L_CARD_ELF2,,Increases the base amount of {RES_CRYSTAL} gained from battles by 15.,戦闘から獲得する{RES_CRYSTAL}の基本量を15増加させる。,"Erhöht die Basismenge an {RES_CRYSTAL}, die aus Kämpfen gewonnen wird, um 15.",Augmente de 15 la quantité de base de {RES_CRYSTAL} obtenue lors des combats.,Aumenta la cantidad base de {RES_CRYSTAL} obtenida en batallas en un 15.,Aumenta a quantidade base de {RES_CRYSTAL} obtida em batalhas em 15.,"Увеличивает базовое количество {RES_CRYSTAL}, получаемого в боях, на 15.",Aumenta del 15 la quantità base di {RES_CRYSTAL} ottenuta dalle battaglie.,增加從戰鬥中獲得的基礎{RES_CRYSTAL}數量15%。,从战斗中获取的基础{RES_CRYSTAL}数量提高15。,전투에서 획득하는 {RES_CRYSTAL}의 기본 양을 15만큼 증가시킵니다.,Zwiększa podstawową ilość {RES_CRYSTAL} zdobywaną w bitwach o 15.,"Збільшує базову кількість {RES_CRYSTAL}, отриману в боях, на 15.",Verhoogt de basishoeveelheid {RES_CRYSTAL} verkregen uit gevechten met 15.,Savaşlardan kazanılan {RES_CRYSTAL} temel miktarını 15 artırır.
L_CARD_ELF3,,You have a 15% chance to gain double {RES_CRYSTAL} from battles.,戦闘から{RES_CRYSTAL}を2倍獲得する確率が15%あります。,"Du hast eine 15% Chance, doppelte {RES_CRYSTAL} aus Kämpfen zu erhalten.",Vous avez 15% de chances d'obtenir le double de {RES_CRYSTAL} lors des combats.,Tienes un 15% de probabilidad de obtener el doble de {RES_CRYSTAL} en las batallas.,Você tem 15% de chance de ganhar o dobro de {RES_CRYSTAL} nas batalhas.,У вас есть 15% шанс получить вдвое больше {RES_CRYSTAL} в битвах.,Hai una probabilità del 15% di ottenere il doppio di {RES_CRYSTAL} dalle battaglie.,你有 15% 的機會在戰鬥中獲得雙倍的{RES_CRYSTAL}。,你有15%的概率从战斗中获取双倍{RES_CRYSTAL}。,전투에서 {RES_CRYSTAL}을(를) 두 배로 획득할 확률이 15% 있습니다.,Masz 15% szansy na podwojenie {RES_CRYSTAL} z bitew.,У вас є 15% шанс отримати подвійну кількість {RES_CRYSTAL} з битв.,Je hebt 15% kans om dubbele {RES_CRYSTAL} te krijgen uit gevechten.,Savaşlardan çift {RES_CRYSTAL} kazanma şansınız %15.
L_CARD_ABOMINATION1,,Enemies with {CONDNAME_DEBUFF_VULNERABLE} take 15% more damage.,{CONDNAME_DEBUFF_VULNERABLE}状態の敵は15%多くのダメージを受ける。,Gegner mit {CONDNAME_DEBUFF_VULNERABLE} erleiden 15% mehr Schaden.,Les ennemis avec {CONDNAME_DEBUFF_VULNERABLE} subissent 15% de dégâts supplémentaires.,Los enemigos con {CONDNAME_DEBUFF_VULNERABLE} reciben 15% más de daño.,Inimigos com {CONDNAME_DEBUFF_VULNERABLE} recebem 15% a mais de dano.,Враги с {CONDNAME_DEBUFF_VULNERABLE} получают на 15% больше урона.,I nemici con {CONDNAME_DEBUFF_VULNERABLE} subiscono il 15% di danni in più.,帶有{CONDNAME_DEBUFF_VULNERABLE}的敵人受到的傷害增加15%。,带有{CONDNAME_DEBUFF_VULNERABLE}的敌人受到的伤害增加15%。,{CONDNAME_DEBUFF_VULNERABLE} 상태의 적은 15% 더 많은 피해를 받습니다.,Wrogowie z {CONDNAME_DEBUFF_VULNERABLE} otrzymują 15% więcej obrażeń.,Вороги з {CONDNAME_DEBUFF_VULNERABLE} отримують на 15% більше шкоди.,Vijanden met {CONDNAME_DEBUFF_VULNERABLE} krijgen 15% meer schade.,{CONDNAME_DEBUFF_VULNERABLE} olan düşmanlar %15 daha fazla hasar alır.
L_CARD_ABOMINATION2,,Enemies with {CONDNAME_DEBUFF_VULNERABLE} have a 10% lower chance to Dodge.,{CONDNAME_DEBUFF_VULNERABLE}状態の敵は回避率が10%低下する。,Gegner mit {CONDNAME_DEBUFF_VULNERABLE} haben eine 10% geringere Chance auszuweichen.,Les ennemis avec {CONDNAME_DEBUFF_VULNERABLE} ont 10% moins de chances d'Esquiver.,Los enemigos con {CONDNAME_DEBUFF_VULNERABLE} tienen un 10% menos de probabilidad de Esquivar.,Inimigos com {CONDNAME_DEBUFF_VULNERABLE} têm 10% menos chance de Esquivar.,Враги с {CONDNAME_DEBUFF_VULNERABLE} имеют на 10% меньше шанса Уклониться.,I nemici con {CONDNAME_DEBUFF_VULNERABLE} hanno una probabilità di Schivata ridotta del 10%.,帶有{CONDNAME_DEBUFF_VULNERABLE}的敵人閃避機率降低10%。,带有{CONDNAME_DEBUFF_VULNERABLE}的敌人闪避几率降低10%。,{CONDNAME_DEBUFF_VULNERABLE} 상태의 적은 회피 확률이 10% 감소합니다.,Wrogowie z {CONDNAME_DEBUFF_VULNERABLE} mają o 10% mniejszą szansę na Unik.,Вороги з {CONDNAME_DEBUFF_VULNERABLE} мають на 10% меншу ймовірність Ухилення.,Vijanden met {CONDNAME_DEBUFF_VULNERABLE} hebben 10% minder kans om te Ontwijken.,{CONDNAME_DEBUFF_VULNERABLE} olan düşmanların Kaçınma şansı %10 daha düşüktür.
L_CARD_ABOMINATION3,,Enemies with {CONDNAME_DEBUFF_VULNERABLE} gain 35% less healing from all sources.,{CONDNAME_DEBUFF_VULNERABLE}状態の敵は、あらゆる回復効果が35%減少する。,Feinde mit {CONDNAME_DEBUFF_VULNERABLE} erhalten 35% weniger Heilung aus allen Quellen.,Les ennemis avec {CONDNAME_DEBUFF_VULNERABLE} reçoivent 35% de soins en moins de toutes les sources.,Los enemigos con {CONDNAME_DEBUFF_VULNERABLE} reciben un 35% menos de curación de todas las fuentes.,Inimigos com {CONDNAME_DEBUFF_VULNERABLE} recebem 35% menos cura de todas as fontes.,Враги с {CONDNAME_DEBUFF_VULNERABLE} получают на 35% меньше исцеления из всех источников.,I nemici con {CONDNAME_DEBUFF_VULNERABLE} ricevono il 35% in meno di cure da tutte le fonti.,帶有{CONDNAME_DEBUFF_VULNERABLE}的敵人從所有來源獲得的治療效果減少35%。,带有{CONDNAME_DEBUFF_VULNERABLE}的敌人从所有来源获得的治疗效果降低35%。,{CONDNAME_DEBUFF_VULNERABLE} 상태인 적은 모든 치유 효과가 35% 감소합니다.,Wrogowie z {CONDNAME_DEBUFF_VULNERABLE} otrzymują o 35% mniej leczenia ze wszystkich źródeł.,Вороги з {CONDNAME_DEBUFF_VULNERABLE} отримують на 35% менше зцілення з усіх джерел.,Vijanden met {CONDNAME_DEBUFF_VULNERABLE} ontvangen 35% minder genezing van alle bronnen.,{CONDNAME_DEBUFF_VULNERABLE} olan düşmanlar tüm kaynaklardan %35 daha az iyileşme kazanır.
L_CARD_NIX1,,Your creatures take 15% less damage from attacks from {CLASS_Death} creatures.,あなたのクリーチャーは{CLASS_Death}クリーチャーからの攻撃によるダメージを15%軽減する。,Deine Kreaturen erleiden 15% weniger Schaden durch Angriffe von {CLASS_Death} Kreaturen.,Vos créatures subissent 15% de dégâts en moins des attaques des créatures de {CLASS_Death}.,Tus criaturas reciben un 15% menos de daño de los ataques de criaturas de {CLASS_Death}.,Suas criaturas recebem 15% menos dano de ataques de criaturas {CLASS_Death}.,Ваши существа получают на 15% меньше урона от атак существ {CLASS_Death}.,Le tue creature subiscono il 15% in meno di danni dagli attacchi delle creature {CLASS_Death}.,你的生物受到來自{CLASS_Death}生物攻擊時，所受傷害減少15%。,你的生物受到来自{CLASS_Death}生物的攻击伤害减少15%。,당신의 생물은 {CLASS_Death} 생물의 공격으로부터 받는 피해가 15% 감소합니다.,Twoje stworzenia otrzymują o 15% mniej obrażeń od ataków stworzeń {CLASS_Death}.,Ваші істоти отримують на 15% менше шкоди від атак істот {CLASS_Death}.,Je wezens krijgen 15% minder schade van aanvallen van {CLASS_Death} wezens.,"Yaratıklarınız, {CLASS_Death} yaratıklarının saldırılarından %15 daha az hasar alır."
L_CARD_NIX2,,Your creatures take 15% less damage from attacks from {CLASS_Death} creatures.,あなたのクリーチャーは{CLASS_Death}クリーチャーからの攻撃によるダメージを15%軽減する。,Deine Kreaturen erleiden 15% weniger Schaden durch Angriffe von {CLASS_Death} Kreaturen.,Vos créatures subissent 15% de dégâts en moins des attaques des créatures de {CLASS_Death}.,Tus criaturas reciben un 15% menos de daño de los ataques de criaturas de {CLASS_Death}.,Suas criaturas recebem 15% menos dano de ataques de criaturas {CLASS_Death}.,Ваши существа получают на 15% меньше урона от атак существ {CLASS_Death}.,Le tue creature subiscono il 15% in meno di danni dagli attacchi delle creature {CLASS_Death}.,你的生物受到來自{CLASS_Death}生物攻擊時，所受傷害減少15%。,你的生物受到来自{CLASS_Death}生物的攻击伤害减少15%。,당신의 생물은 {CLASS_Death} 생물의 공격으로부터 받는 피해가 15% 감소합니다.,Twoje stworzenia otrzymują o 15% mniej obrażeń od ataków stworzeń {CLASS_Death}.,Ваші істоти отримують на 15% менше шкоди від атак істот {CLASS_Death}.,Je wezens krijgen 15% minder schade van aanvallen van {CLASS_Death} wezens.,"Yaratıklarınız, {CLASS_Death} yaratıklarının saldırılarından %15 daha az hasar alır."
L_CARD_NIX3,,Your creatures take 15% less damage from attacks from {CLASS_Death} creatures.,あなたのクリーチャーは{CLASS_Death}クリーチャーからの攻撃によるダメージを15%軽減する。,Deine Kreaturen erleiden 15% weniger Schaden durch Angriffe von {CLASS_Death} Kreaturen.,Vos créatures subissent 15% de dégâts en moins des attaques des créatures de {CLASS_Death}.,Tus criaturas reciben un 15% menos de daño de los ataques de criaturas de {CLASS_Death}.,Suas criaturas recebem 15% menos dano de ataques de criaturas {CLASS_Death}.,Ваши существа получают на 15% меньше урона от атак существ {CLASS_Death}.,Le tue creature subiscono il 15% in meno di danni dagli attacchi delle creature {CLASS_Death}.,你的生物受到來自{CLASS_Death}生物攻擊時，所受傷害減少15%。,你的生物受到来自{CLASS_Death}生物的攻击伤害减少15%。,당신의 생물은 {CLASS_Death} 생물의 공격으로부터 받는 피해가 15% 감소합니다.,Twoje stworzenia otrzymują o 15% mniej obrażeń od ataków stworzeń {CLASS_Death}.,Ваші істоти отримують на 15% менше шкоди від атак істот {CLASS_Death}.,Je wezens krijgen 15% minder schade van aanvallen van {CLASS_Death} wezens.,"Yaratıklarınız, {CLASS_Death} yaratıklarının saldırılarından %15 daha az hasar alır."
L_CARD_PLAGUEDOCTOR1,,Your creatures take 25% less damage from {CONDNAME_DEBUFF_POISON}.,味方のクリーチャーは{CONDNAME_DEBUFF_POISON}からのダメージを25%軽減する。,Deine Kreaturen erleiden 25% weniger Schaden durch {CONDNAME_DEBUFF_POISON}.,Vos créatures subissent 25% de dégâts en moins de {CONDNAME_DEBUFF_POISON}.,Tus criaturas reciben un 25% menos de daño de {CONDNAME_DEBUFF_POISON}.,Suas criaturas recebem 25% menos dano de {CONDNAME_DEBUFF_POISON}.,Ваши существа получают на 25% меньше урона от {CONDNAME_DEBUFF_POISON}.,Le tue creature subiscono il 25% in meno di danni da {CONDNAME_DEBUFF_POISON}.,你的生物受到的{CONDNAME_DEBUFF_POISON}傷害減少25%。,你的生物受到来自{CONDNAME_DEBUFF_POISON}的伤害减少25%。,당신의 생물은 {CONDNAME_DEBUFF_POISON}에서 받는 피해가 25% 감소합니다.,Twoje stworzenia otrzymują o 25% mniej obrażeń od {CONDNAME_DEBUFF_POISON}.,Ваші істоти отримують на 25% менше шкоди від {CONDNAME_DEBUFF_POISON}.,Je wezens nemen 25% minder schade van {CONDNAME_DEBUFF_POISON}.,Yaratıkların {CONDNAME_DEBUFF_POISON}'dan %25 daha az hasar alır.
L_CARD_PLAGUEDOCTOR2,,Your creatures take 25% less damage from {CONDNAME_DEBUFF_BURNED}.,自分のクリーチャーは{CONDNAME_DEBUFF_BURNED}からのダメージを25%軽減する。,Deine Kreaturen erleiden 25% weniger Schaden durch {CONDNAME_DEBUFF_BURNED}.,Vos créatures subissent 25% de dégâts en moins de {CONDNAME_DEBUFF_BURNED}.,Tus criaturas reciben un 25% menos de daño de {CONDNAME_DEBUFF_BURNED}.,Suas criaturas recebem 25% menos dano de {CONDNAME_DEBUFF_BURNED}.,Ваши существа получают на 25% меньше урона от {CONDNAME_DEBUFF_BURNED}.,Le tue creature subiscono il 25% in meno di danni da {CONDNAME_DEBUFF_BURNED}.,你的生物受到的{CONDNAME_DEBUFF_BURNED}傷害減少25%。,你的生物受到来自{CONDNAME_DEBUFF_BURNED}的伤害减少25%。,당신의 생물은 {CONDNAME_DEBUFF_BURNED}에서 받는 피해가 25% 감소합니다.,Twoje stworzenia otrzymują o 25% mniej obrażeń od {CONDNAME_DEBUFF_BURNED}.,Ваші істоти отримують на 25% менше шкоди від {CONDNAME_DEBUFF_BURNED}.,Je wezens nemen 25% minder schade van {CONDNAME_DEBUFF_BURNED}.,Yaratıkların {CONDNAME_DEBUFF_BURNED} durumundan %25 daha az hasar alır.
L_CARD_PLAGUEDOCTOR3,,Your creatures take 25% less damage from {CONDNAME_DEBUFF_BLEED}.,あなたのクリーチャーは{CONDNAME_DEBUFF_BLEED}からのダメージを25%軽減します。,Deine Kreaturen erleiden 25% weniger Schaden durch {CONDNAME_DEBUFF_BLEED}.,Vos créatures subissent 25% de dégâts en moins de {CONDNAME_DEBUFF_BLEED}.,Tus criaturas reciben un 25% menos de daño de {CONDNAME_DEBUFF_BLEED}.,Suas criaturas recebem 25% menos dano de {CONDNAME_DEBUFF_BLEED}.,Ваши существа получают на 25% меньше урона от {CONDNAME_DEBUFF_BLEED}.,Le tue creature subiscono il 25% in meno di danni da {CONDNAME_DEBUFF_BLEED}.,你的生物受到的{CONDNAME_DEBUFF_BLEED}傷害減少25%。,你的生物受到来自{CONDNAME_DEBUFF_BLEED}的伤害减少25%。,당신의 생물들은 {CONDNAME_DEBUFF_BLEED}에서 받는 피해가 25% 감소합니다.,Twoje stworzenia otrzymują o 25% mniej obrażeń od {CONDNAME_DEBUFF_BLEED}.,Ваші істоти отримують на 25% менше шкоди від {CONDNAME_DEBUFF_BLEED}.,Je wezens nemen 25% minder schade van {CONDNAME_DEBUFF_BLEED}.,Yaratıkların {CONDNAME_DEBUFF_BLEED} etkisinden %25 daha az hasar alır.
L_CARD_VULPES1,,Enemies' Spell Gems have 10% fewer {STAT_charges}.,敵のスペルジェムの{STAT_charges}が10%減少する。,Zaubersteine der Gegner haben 10% weniger {STAT_charges}.,Les Gemmes de Sort des ennemis ont 10% de {STAT_charges} en moins.,Los Gemas de Hechizo de los enemigos tienen un 10% menos de {STAT_charges}.,Os Cristais de Magia dos inimigos têm 10% menos {STAT_charges}.,Самоцветы заклинаний врагов имеют на 10% меньше {STAT_charges}.,I nemici hanno il 10% in meno di {STAT_charges} nelle Gemme Incantesimo.,敵人的法術寶石有 10% 較少的{STAT_charges}。,敌人的法术宝石拥有的{STAT_charges}减少10%。,적들의 주문 보석은 {STAT_charges}가 10% 더 적습니다.,Klejnoty Zaklęć przeciwników mają o 10% mniej {STAT_charges}.,Самоцвіти заклинань ворогів мають на 10% менше {STAT_charges}.,Vijanden hun Spreukstenen hebben 10% minder {STAT_charges}.,Düşmanların Büyü Taşları %10 daha az {STAT_charges} içerir.
L_CARD_VULPES2,,Enemies' Spell Gems have 10% fewer {STAT_charges}.,敵のスペルジェムの{STAT_charges}が10%減少する。,Zaubersteine der Gegner haben 10% weniger {STAT_charges}.,Les Gemmes de Sort des ennemis ont 10% de {STAT_charges} en moins.,Los Gemas de Hechizo de los enemigos tienen un 10% menos de {STAT_charges}.,Os Cristais de Magia dos inimigos têm 10% menos {STAT_charges}.,Самоцветы заклинаний врагов имеют на 10% меньше {STAT_charges}.,I nemici hanno il 10% in meno di {STAT_charges} nelle Gemme Incantesimo.,敵人的法術寶石有 10% 較少的{STAT_charges}。,敌人的法术宝石拥有的{STAT_charges}减少10%。,적들의 주문 보석은 {STAT_charges}가 10% 더 적습니다.,Klejnoty Zaklęć przeciwników mają o 10% mniej {STAT_charges}.,Самоцвіти заклинань ворогів мають на 10% менше {STAT_charges}.,Vijanden hun Spreukstenen hebben 10% minder {STAT_charges}.,Düşmanların Büyü Taşları %10 daha az {STAT_charges} içerir.
L_CARD_VULPES3,,Enemies' Spell Gems have 10% fewer {STAT_charges}.,敵のスペルジェムの{STAT_charges}が10%減少する。,Zaubersteine der Gegner haben 10% weniger {STAT_charges}.,Les Gemmes de Sort des ennemis ont 10% de {STAT_charges} en moins.,Los Gemas de Hechizo de los enemigos tienen un 10% menos de {STAT_charges}.,Os Cristais de Magia dos inimigos têm 10% menos {STAT_charges}.,Самоцветы заклинаний врагов имеют на 10% меньше {STAT_charges}.,I nemici hanno il 10% in meno di {STAT_charges} nelle Gemme Incantesimo.,敵人的法術寶石有 10% 較少的{STAT_charges}。,敌人的法术宝石拥有的{STAT_charges}减少10%。,적들의 주문 보석은 {STAT_charges}가 10% 더 적습니다.,Klejnoty Zaklęć przeciwników mają o 10% mniej {STAT_charges}.,Самоцвіти заклинань ворогів мають на 10% менше {STAT_charges}.,Vijanden hun Spreukstenen hebben 10% minder {STAT_charges}.,Düşmanların Büyü Taşları %10 daha az {STAT_charges} içerir.
L_CARD_STAG1,,You gain 30% more {RES_POWER} from battles.,戦闘から得られる{RES_POWER}が30%増加する。,Du erhältst 30% mehr {RES_POWER} aus Kämpfen.,Vous gagnez 30% de {RES_POWER} supplémentaire lors des combats.,Obtienes un 30% más de {RES_POWER} de los combates.,Você ganha 30% mais {RES_POWER} em batalhas.,Вы получаете на 30% больше {RES_POWER} из сражений.,Ottieni il 30% in più di {RES_POWER} dalle battaglie.,你在戰鬥中獲得的{RES_POWER}增加30%。,你在战斗中获得的{RES_POWER}增加30%。,전투에서 {RES_POWER}를 30% 더 획득합니다.,Zyskujesz 30% więcej {RES_POWER} z bitew.,Ви отримуєте на 30% більше {RES_POWER} з битв.,Je krijgt 30% meer {RES_POWER} uit gevechten.,Savaşlardan %30 daha fazla {RES_POWER} kazanırsın.
L_CARD_STAG2,,Increases the base amount of {RES_POWER} gained from battles by 15.,戦闘から獲得する{RES_POWER}の基本量を15増加させる。,"Erhöht die Basismenge an {RES_POWER}, die aus Kämpfen gewonnen wird, um 15.",Augmente de 15 la quantité de base de {RES_POWER} obtenue lors des combats.,Aumenta la cantidad base de {RES_POWER} obtenida en batallas en un 15.,Aumenta a quantidade base de {RES_POWER} obtida em batalhas em 15.,"Увеличивает базовое количество {RES_POWER}, получаемого в боях, на 15.",Aumenta del 15 la quantità base di {RES_POWER} ottenuta dalle battaglie.,增加從戰鬥中獲得的基礎{RES_POWER}數量15%。,从战斗中获取的基础{RES_POWER}数量提高15。,전투에서 획득하는 {RES_POWER}의 기본 양을 15만큼 증가시킵니다.,Zwiększa podstawową ilość {RES_POWER} zdobywaną w bitwach o 15.,"Збільшує базову кількість {RES_POWER}, отриману в боях, на 15.",Verhoogt de basishoeveelheid {RES_POWER} verkregen uit gevechten met 15.,Savaşlardan kazanılan {RES_POWER} temel miktarını 15 artırır.
L_CARD_STAG3,,You have a 15% chance to gain double {RES_POWER} from battles.,戦闘で{RES_POWER}を2倍獲得する確率が15%あります。,"Du hast eine 15% Chance, doppeltes {RES_POWER} aus Kämpfen zu erhalten.",Vous avez 15% de chances d'obtenir le double de {RES_POWER} lors des combats.,Tienes un 15% de probabilidad de obtener el doble de {RES_POWER} en las batallas.,Você tem 15% de chance de ganhar o dobro de {RES_POWER} nas batalhas.,У вас есть 15% шанс получить двойную {RES_POWER} из сражений.,Hai una probabilità del 15% di ottenere il doppio di {RES_POWER} dalle battaglie.,你有 15% 的機會在戰鬥中獲得雙倍的{RES_POWER}。,你有15%的概率从战斗中获取双倍{RES_POWER}。,전투에서 {RES_POWER}를 두 배로 획득할 확률이 15%입니다.,Masz 15% szansy na uzyskanie podwójnej ilości {RES_POWER} z bitew.,У вас є 15% шанс отримати подвійну {RES_POWER} з битв.,Je hebt 15% kans om dubbele {RES_POWER} te krijgen uit gevechten.,Savaşlardan iki kat {RES_POWER} kazanmak için %15 şansın var.
L_CARD_BASILISK1,,Enemies take 3% more damage.,敵が受けるダメージが3%増加する。,Feinde erleiden 3% mehr Schaden.,Les ennemis subissent 3% de dégâts supplémentaires.,Los enemigos reciben 3% más de daño.,Inimigos recebem 3% mais de dano.,Враги получают на 3% больше урона.,I nemici subiscono il 3% di danni in più.,敵人受到的傷害增加3%。,敌人多受到3%的伤害。,적들이 3% 더 많은 피해를 받습니다.,Wrogowie otrzymują o 3% więcej obrażeń.,Вороги отримують на 3% більше шкоди.,Vijanden krijgen 3% meer schade.,Düşmanlar %3 daha fazla hasar alır.
L_CARD_BASILISK2,,Enemies take 3% more damage.,敵が受けるダメージが3%増加する。,Feinde erleiden 3% mehr Schaden.,Les ennemis subissent 3% de dégâts supplémentaires.,Los enemigos reciben 3% más de daño.,Inimigos recebem 3% mais de dano.,Враги получают на 3% больше урона.,I nemici subiscono il 3% di danni in più.,敵人受到的傷害增加3%。,敌人多受到3%的伤害。,적들이 3% 더 많은 피해를 받습니다.,Wrogowie otrzymują o 3% więcej obrażeń.,Вороги отримують на 3% більше шкоди.,Vijanden krijgen 3% meer schade.,Düşmanlar %3 daha fazla hasar alır.
L_CARD_BASILISK3,,Enemies take 3% more damage.,敵が受けるダメージが3%増加する。,Feinde erleiden 3% mehr Schaden.,Les ennemis subissent 3% de dégâts supplémentaires.,Los enemigos reciben 3% más de daño.,Inimigos recebem 3% mais de dano.,Враги получают на 3% больше урона.,I nemici subiscono il 3% di danni in più.,敵人受到的傷害增加3%。,敌人多受到3%的伤害。,적들이 3% 더 많은 피해를 받습니다.,Wrogowie otrzymują o 3% więcej obrażeń.,Вороги отримують на 3% більше шкоди.,Vijanden krijgen 3% meer schade.,Düşmanlar %3 daha fazla hasar alır.
L_CARD_SALAMANDER1,,Your creatures gain 10% more {STAT_intelligence} from stat-boosting effects.,自分のクリーチャーは能力値上昇効果から得る{STAT_intelligence}が10%増加する。,Deine Kreaturen erhalten 10% mehr {STAT_intelligence} durch Attribut-steigernde Effekte.,Vos créatures gagnent 10% de {STAT_intelligence} supplémentaire grâce aux effets d'amélioration de statistiques.,Tus criaturas ganan un 10% más de {STAT_intelligence} de los efectos que aumentan estadísticas.,Suas criaturas ganham 10% a mais de {STAT_intelligence} de efeitos que aumentam atributos.,"Ваши существа получают на 10% больше {STAT_intelligence} от эффектов, повышающих характеристики.",Le tue creature ottengono il 10% in più di {STAT_intelligence} dagli effetti che aumentano le statistiche.,你的生物從能力值提升效果中獲得的{STAT_intelligence}增加10%。,你的生物从属性值提升效果中获得的{STAT_intelligence}增加10%。,당신의 생물들은 능력치 증가 효과로부터 10% 더 많은 {STAT_intelligence}를 얻습니다.,Twoje stworzenia zyskują 10% więcej {STAT_intelligence} z efektów zwiększających statystyki.,Ваші істоти отримують на 10% більше {STAT_intelligence} від ефектів підвищення характеристик.,Je wezens krijgen 10% meer {STAT_intelligence} van statistieken-versterkende effecten.,"Yaratıkların, özellik artırıcı etkilerden %10 daha fazla {STAT_intelligence} kazanır."
L_CARD_SALAMANDER2,,Your creatures gain 10% more {STAT_intelligence} from stat-boosting effects.,自分のクリーチャーは能力値上昇効果から得る{STAT_intelligence}が10%増加する。,Deine Kreaturen erhalten 10% mehr {STAT_intelligence} durch Attribut-steigernde Effekte.,Vos créatures gagnent 10% de {STAT_intelligence} supplémentaire grâce aux effets d'amélioration de statistiques.,Tus criaturas ganan un 10% más de {STAT_intelligence} de los efectos que aumentan estadísticas.,Suas criaturas ganham 10% a mais de {STAT_intelligence} de efeitos que aumentam atributos.,"Ваши существа получают на 10% больше {STAT_intelligence} от эффектов, повышающих характеристики.",Le tue creature ottengono il 10% in più di {STAT_intelligence} dagli effetti che aumentano le statistiche.,你的生物從能力值提升效果中獲得的{STAT_intelligence}增加10%。,你的生物从属性值提升效果中获得的{STAT_intelligence}增加10%。,당신의 생물들은 능력치 증가 효과로부터 10% 더 많은 {STAT_intelligence}를 얻습니다.,Twoje stworzenia zyskują 10% więcej {STAT_intelligence} z efektów zwiększających statystyki.,Ваші істоти отримують на 10% більше {STAT_intelligence} від ефектів підвищення характеристик.,Je wezens krijgen 10% meer {STAT_intelligence} van statistiek-versterkende effecten.,"Yaratıkların, özellik artırıcı etkilerden %10 daha fazla {STAT_intelligence} kazanır."
L_CARD_SALAMANDER3,,Your creatures gain 10% more {STAT_intelligence} from stat-boosting effects.,自分のクリーチャーは能力値上昇効果から得る{STAT_intelligence}が10%増加する。,Deine Kreaturen erhalten 10% mehr {STAT_intelligence} durch Attribut-steigernde Effekte.,Vos créatures gagnent 10% de {STAT_intelligence} supplémentaire grâce aux effets d'amélioration de statistiques.,Tus criaturas ganan un 10% más de {STAT_intelligence} de los efectos que aumentan estadísticas.,Suas criaturas ganham 10% a mais de {STAT_intelligence} de efeitos que aumentam atributos.,"Ваши существа получают на 10% больше {STAT_intelligence} от эффектов, повышающих характеристики.",Le tue creature ottengono il 10% in più di {STAT_intelligence} dagli effetti che aumentano le statistiche.,你的生物從能力值提升效果中獲得的{STAT_intelligence}增加10%。,你的生物从属性值提升效果中获得的{STAT_intelligence}增加10%。,당신의 생물들은 능력치 증가 효과로부터 10% 더 많은 {STAT_intelligence}를 얻습니다.,Twoje stworzenia zyskują 10% więcej {STAT_intelligence} z efektów zwiększających statystyki.,Ваші істоти отримують на 10% більше {STAT_intelligence} від ефектів підвищення характеристик.,Je wezens krijgen 10% meer {STAT_intelligence} van statistieken-versterkende effecten.,"Yaratıkların, özellik artırıcı etkilerden %10 daha fazla {STAT_intelligence} kazanır."
L_CARD_ALEMENTAL1,,You gain 5% more Notoriety from the Gambling Dwarves.,ギャンブル好きのドワーフからの悪名が5%増加する。,Du erhältst 5% mehr Berüchtigtsein von den Glücksspiel-Zwergen.,Vous gagnez 5% de Notoriété supplémentaire auprès des Nains Joueurs.,Obtienes un 5% más de Notoriedad de los Enanos Apostadores.,Você ganha 5% mais Notoriedade dos Anões Apostadores.,Вы получаете на 5% больше Дурной Славы от Гномов-Азартников.,Ottieni il 5% in più di Notorietà dai Nani Giocatori d'Azzardo.,你從賭博矮人那裡獲得的惡名增加5%。,你从赌博矮人处获得的恶名增加5%。,도박하는 드워프들로부터 5% 더 많은 악명을 얻습니다.,Zyskujesz 5% więcej Niesławy od Hazardujących Krasnoludów.,Ви отримуєте на 5% більше Сумнозвісності від Гральних Гномів.,Je krijgt 5% meer Beruchtheid van de Gokdwergen.,Kumar oynayan Cücelerden %5 daha fazla Kötü Şöhret kazanırsın.
L_CARD_ALEMENTAL2,,You gain 5% more Notoriety from the Gambling Dwarves.,ギャンブル好きのドワーフからの悪名が5%増加する。,Du erhältst 5% mehr Berüchtigtheit von den Glücksspiel-Zwergen.,Vous gagnez 5% de Notoriété supplémentaire auprès des Nains Joueurs.,Obtienes un 5% más de Notoriedad de los Enanos Apostadores.,Você ganha 5% mais Notoriedade dos Anões Apostadores.,Вы получаете на 5% больше Дурной Славы от Гномов-Азартников.,Ottieni il 5% in più di Notorietà dai Nani Giocatori d'Azzardo.,你從賭博矮人那裡獲得的惡名增加5%。,你从赌博矮人处获得的恶名增加5%。,도박하는 드워프들로부터 5% 더 많은 악명을 얻습니다.,Zyskujesz 5% więcej Niesławy od Hazardujących Krasnoludów.,Ви отримуєте на 5% більше Сумнозвісності від Гральних Гномів.,Je krijgt 5% meer Beruchtheid van de Gokdwergen.,Kumar oynayan Cücelerden %5 daha fazla Kötü Şöhret kazanırsın.
L_CARD_ALEMENTAL3,,You gain 5% more Notoriety from the Gambling Dwarves.,ギャンブル好きのドワーフからの悪名が5%増加する。,Du erhältst 5% mehr Berüchtigtsein von den Glücksspiel-Zwergen.,Vous gagnez 5% de Notoriété supplémentaire auprès des Nains Joueurs.,Obtienes un 5% más de Notoriedad de los Enanos Apostadores.,Você ganha 5% mais Notoriedade dos Anões Apostadores.,Вы получаете на 5% больше Дурной Славы от Гномов-Азартников.,Ottieni il 5% in più di Notorietà dai Nani Giocatori d'Azzardo.,你從賭博矮人那裡獲得的惡名增加5%。,你从赌博矮人处获得的恶名增加5%。,도박하는 드워프들로부터 5% 더 많은 악명을 얻습니다.,Zyskujesz 5% więcej Niesławy od Hazardujących Krasnoludów.,Ви отримуєте на 5% більше Сумнозвісності від Гральних Гномів.,Je krijgt 5% meer Beruchtheid van de Gokdwergen.,Kumar oynayan Cücelerden %5 daha fazla Kötü Şöhret kazanırsın.
L_CARD_CONSTRUCT1,,You gain 5% more Glory from the Arena.,アリーナから獲得する栄光が5%増加する。,Du erhältst 5% mehr Ruhm aus der Arena.,Vous gagnez 5% de Gloire en plus dans l'Arène.,Obtienes un 5% más de Gloria en la Arena.,Você ganha 5% mais Glória na Arena.,Вы получаете на 5% больше Славы на Арене.,Ottieni il 5% di Gloria in più dall'Arena.,你在競技場獲得的榮耀增加5%。,你在竞技场处获得的荣耀增加5%。,투기장에서 5% 더 많은 영광을 획득합니다.,Zyskujesz 5% więcej Chwały z Areny.,Ви отримуєте на 5% більше Слави з Арени.,Je krijgt 5% meer Glorie uit de Arena.,Arenadan %5 daha fazla Şan kazanırsın.
L_CARD_CONSTRUCT2,,You gain 5% more Glory from the Arena.,アリーナから獲得する栄光が5%増加する。,Du erhältst 5% mehr Ruhm aus der Arena.,Vous gagnez 5% de Gloire supplémentaire dans l'Arène.,Obtienes un 5% más de Gloria en la Arena.,Você ganha 5% mais Glória na Arena.,Вы получаете на 5% больше Славы на Арене.,Ottieni il 5% di Gloria in più dall'Arena.,你在競技場獲得的榮耀增加5%。,你在竞技场处获得的荣耀增加5%。,투기장에서 5% 더 많은 영광을 획득합니다.,Zyskujesz 5% więcej Chwały z Areny.,Ви отримуєте на 5% більше Слави з Арени.,Je krijgt 5% meer Glorie van de Arena.,Arenadan %5 daha fazla Şan kazanırsın.
L_CARD_CONSTRUCT3,,You gain 5% more Glory from the Arena.,アリーナから獲得する栄光が5%増加する。,Du erhältst 5% mehr Ruhm aus der Arena.,Vous gagnez 5% de Gloire en plus dans l'Arène.,Obtienes un 5% más de Gloria en la Arena.,Você ganha 5% mais Glória na Arena.,Вы получаете на 5% больше Славы на Арене.,Ottieni il 5% di Gloria in più dall'Arena.,你在競技場獲得的榮耀增加5%。,你在竞技场处获得的荣耀增加5%。,투기장에서 5% 더 많은 영광을 획득합니다.,Zyskujesz 5% więcej Chwały z Areny.,Ви отримуєте на 5% більше Слави з Арени.,Je krijgt 5% meer Glorie van de Arena.,Arenadan %5 daha fazla Şan kazanırsın.
L_CARD_AMPHISBAENA1,,"When your creatures with {CONDNAME_BUFF_REBIRTH} are resurrected, they recover an additional 15% {STAT_health}.",クリーチャーが{CONDNAME_BUFF_REBIRTH}を持っている場合、復活時に追加で15%の{STAT_health}を回復します。,"Wenn deine Kreaturen mit {CONDNAME_BUFF_REBIRTH} wiederbelebt werden, regenerieren sie zusätzlich 15% {STAT_health}.","Lorsque vos créatures avec {CONDNAME_BUFF_REBIRTH} sont ressuscitées, elles récupèrent 15% de {STAT_health} supplémentaires.","Cuando tus criaturas con {CONDNAME_BUFF_REBIRTH} son resucitadas, recuperan un 15% adicional de {STAT_health}.","Quando suas criaturas com {CONDNAME_BUFF_REBIRTH} são ressuscitadas, elas recuperam 15% de {STAT_health} adicional.","Когда ваши существа с {CONDNAME_BUFF_REBIRTH} воскрешаются, они восстанавливают дополнительно 15% {STAT_health}.","Quando le tue creature con {CONDNAME_BUFF_REBIRTH} vengono resuscitate, recuperano un ulteriore 15% di {STAT_health}.",當你具有{CONDNAME_BUFF_REBIRTH}的生物復活時，它們額外恢復15%的{STAT_health}。,当你拥有{CONDNAME_BUFF_REBIRTH}的生物复活时，它们额外恢复15%的{STAT_health}。,"당신의 {CONDNAME_BUFF_REBIRTH} 상태인 생물이 부활할 때, 추가로 15% {STAT_health}를 회복합니다.","Kiedy twoje stworzenia z {CONDNAME_BUFF_REBIRTH} zostają wskrzeszone, odzyskują dodatkowe 15% {STAT_health}.","Коли ваші істоти з {CONDNAME_BUFF_REBIRTH} воскресають, вони відновлюють додаткові 15% {STAT_health}.","Wanneer je wezens met {CONDNAME_BUFF_REBIRTH} worden opgewekt, herstellen ze 15% extra {STAT_health}.","Yaratıklarınız {CONDNAME_BUFF_REBIRTH} ile diriltildiğinde, %15 daha fazla {STAT_health} kazanırlar."
L_CARD_AMPHISBAENA2,,Your creatures with {CONDNAME_BUFF_REBIRTH} receive 10% more healing.,{CONDNAME_BUFF_REBIRTH}を持つあなたのクリーチャーは10%多く回復する。,Deine Kreaturen mit {CONDNAME_BUFF_REBIRTH} erhalten 10% mehr Heilung.,Vos créatures avec {CONDNAME_BUFF_REBIRTH} reçoivent 10% de soins supplémentaires.,Tus criaturas con {CONDNAME_BUFF_REBIRTH} reciben un 10% más de curación.,Suas criaturas com {CONDNAME_BUFF_REBIRTH} recebem 10% a mais de cura.,Ваши существа с {CONDNAME_BUFF_REBIRTH} получают на 10% больше исцеления.,Le tue creature con {CONDNAME_BUFF_REBIRTH} ricevono il 10% in più di guarigione.,你的具有{CONDNAME_BUFF_REBIRTH}的生物獲得的治療效果提高10%。,你拥有{CONDNAME_BUFF_REBIRTH}的生物受到的治疗效果提高10%。,{CONDNAME_BUFF_REBIRTH}을 가진 당신의 생물들은 10% 더 많은 치유를 받습니다.,Twoje stworzenia z {CONDNAME_BUFF_REBIRTH} otrzymują o 10% więcej leczenia.,Ваші істоти з {CONDNAME_BUFF_REBIRTH} отримують на 10% більше зцілення.,Je wezens met {CONDNAME_BUFF_REBIRTH} ontvangen 10% meer genezing.,{CONDNAME_BUFF_REBIRTH} özelliğine sahip yaratıkların aldığı iyileştirme %10 daha fazla olur.
L_CARD_AMPHISBAENA3,,Your creatures' {CONDNAME_BUFF_REBIRTH} buff lasts forever.,味方の生物の{CONDNAME_BUFF_REBIRTH}効果は永続する。,Der {CONDNAME_BUFF_REBIRTH}-Buff deiner Kreaturen hält ewig an.,Le buff {CONDNAME_BUFF_REBIRTH} de vos créatures dure éternellement.,El beneficio {CONDNAME_BUFF_REBIRTH} de tus criaturas dura para siempre.,O buff {CONDNAME_BUFF_REBIRTH} das suas criaturas dura para sempre.,Бафф {CONDNAME_BUFF_REBIRTH} ваших существ длится вечно.,Il buff {CONDNAME_BUFF_REBIRTH} delle tue creature dura per sempre.,你的生物的{CONDNAME_BUFF_REBIRTH}增益效果永久持續。,你的生物的{CONDNAME_BUFF_REBIRTH}增益永久持续。,당신의 생물의 {CONDNAME_BUFF_REBIRTH} 버프가 영원히 지속됩니다.,Efekt {CONDNAME_BUFF_REBIRTH} twoich stworzeń trwa wiecznie.,Бафф {CONDNAME_BUFF_REBIRTH} ваших істот триває вічно.,Je wezens' {CONDNAME_BUFF_REBIRTH} buff duurt voor altijd.,Yaratıklarının {CONDNAME_BUFF_REBIRTH} güçlendirmesi sonsuza kadar sürer.
L_CARD_AUTOMATON1,,Your creatures deal 15% more damage with start-of-battle effects.,戦闘開始時の効果で、あなたの生物が与えるダメージが15%増加する。,Deine Kreaturen verursachen 15% mehr Schaden mit Kampfbeginn-Effekten.,Vos créatures infligent 15% de dégâts supplémentaires avec les effets de début de combat.,Tus criaturas infligen un 15% más de daño con efectos de inicio de combate.,Suas criaturas causam 15% a mais de dano com efeitos de início de batalha.,Ваши существа наносят на 15% больше урона эффектами в начале боя.,Le tue creature infliggono il 15% di danni in più con gli effetti di inizio battaglia.,你的生物在戰鬥開始時的效果造成的傷害提高15%。,你的生物在战斗开始时发动的效果所造成的伤害提高15%。,당신의 생물들은 전투 시작 효과로 15% 더 많은 피해를 입힙니다.,Twoje stworzenia zadają o 15% więcej obrażeń efektami na początku walki.,Ваші істоти завдають на 15% більше шкоди ефектами на початку бою.,Je wezens doen 15% meer schade met begin-van-gevecht effecten.,Yaratıkların savaş başlangıcı etkileriyle %15 daha fazla hasar verir.
L_CARD_AUTOMATON2,,Your creatures deal 15% more damage with start-of-battle effects.,戦闘開始時の効果で、あなたの生物が与えるダメージが15%増加する。,Deine Kreaturen verursachen 15% mehr Schaden mit Kampfbeginn-Effekten.,Vos créatures infligent 15% de dégâts supplémentaires avec les effets de début de combat.,Tus criaturas infligen un 15% más de daño con efectos de inicio de combate.,Suas criaturas causam 15% a mais de dano com efeitos de início de batalha.,Ваши существа наносят на 15% больше урона эффектами в начале боя.,Le tue creature infliggono il 15% di danni in più con gli effetti di inizio battaglia.,你的生物在戰鬥開始時的效果造成的傷害提高15%。,你的生物在战斗开始时发动的效果所造成的伤害提高15%。,당신의 생물들은 전투 시작 효과로 15% 더 많은 피해를 입힙니다.,Twoje stworzenia zadają o 15% więcej obrażeń efektami na początku walki.,Ваші істоти завдають на 15% більше шкоди ефектами на початку бою.,Je wezens doen 15% meer schade met begin-van-gevecht effecten.,Yaratıkların savaş başlangıcı etkileriyle %15 daha fazla hasar verir.
L_CARD_AUTOMATON3,,Your creatures' Spell Gems don't lose {STAT_charges} when they're {ACTION_cast} at the start of battle.,戦闘開始時に{ACTION_cast}されても、あなたの生物のスペルジェムは{STAT_charges}を失わない。,"Deine Kreaturen verlieren keine {STAT_charges}, wenn ihre Zaubersteine zu Beginn des Kampfes {ACTION_cast} werden.",Les Gemmes de Sort de vos créatures ne perdent pas de {STAT_charges} lorsqu'elles sont {ACTION_cast} au début du combat.,Tus criaturas no pierden {STAT_charges} de sus Gemas de Hechizo cuando son {ACTION_cast} al inicio del combate.,As criaturas de Pedras de Feitiço não perdem {STAT_charges} quando são {ACTION_cast} no início da batalha.,"Самоцветы заклинаний ваших существ не теряют {STAT_charges}, когда они {ACTION_cast} в начале боя.",Le Gemme Incantesimo delle tue creature non perdono {STAT_charges} quando vengono {ACTION_cast} all'inizio della battaglia.,你的生物的法術寶石在戰鬥開始時{ACTION_cast}不會失去{STAT_charges}。,你的生物的法术宝石在战斗开始时的{ACTION_cast}不会失去{STAT_charges}。,당신의 생물들의 주문 보석은 전투 시작 시 {ACTION_cast}될 때 {STAT_charges}를 잃지 않습니다.,"Klejnoty Zaklęć twoich stworzeń nie tracą {STAT_charges}, gdy są {ACTION_cast} na początku walki.","Самоцвіти заклинань ваших істот не втрачають {STAT_charges}, коли вони {ACTION_cast} на початку бою.",Je wezens' Spreukstenen verliezen geen {STAT_charges} wanneer ze {ACTION_cast} worden aan het begin van een gevecht.,"Yaratıklarının Büyü Taşları, savaşın başlangıcında {ACTION_cast} edildiğinde {STAT_charges} kaybetmez."
L_CARD_COCKATRICE1,,Your creatures have 1 more base {STAT_attack}.,あなたのクリーチャーの基本{STAT_attack}が1増加する。,Deine Kreaturen haben 1 mehr Basis-{STAT_attack}.,Vos créatures ont 1 de {STAT_attack} de base supplémentaire.,Tus criaturas tienen 1 más de {STAT_attack} base.,Suas criaturas têm 1 a mais de {STAT_attack} base.,У ваших существ на 1 больше базовой {STAT_attack}.,Le tue creature hanno 1 {STAT_attack} base in più.,你的生物基礎{STAT_attack}+1。,你的生物的基础{STAT_attack}+1。,당신의 생물들은 기본 {STAT_attack}이 1 더 높습니다.,Twoje stworzenia mają o 1 więcej bazowego {STAT_attack}.,Ваші істоти мають на 1 більше базове {STAT_attack}.,Je wezens hebben 1 meer basis {STAT_attack}.,Yaratıklarının temel {STAT_attack} değeri 1 daha fazla.
L_CARD_COCKATRICE2,,Your creatures have 1 more base {STAT_attack}.,あなたのクリーチャーの基本{STAT_attack}が1増加する。,Deine Kreaturen haben 1 mehr Basis-{STAT_attack}.,Vos créatures ont 1 de {STAT_attack} de base supplémentaire.,Tus criaturas tienen 1 más de {STAT_attack} base.,Suas criaturas têm 1 a mais de {STAT_attack} base.,У ваших существ на 1 больше базовой {STAT_attack}.,Le tue creature hanno 1 {STAT_attack} base in più.,你的生物基礎{STAT_attack}+1。,你的生物的基础{STAT_attack}+1。,당신의 생물들은 기본 {STAT_attack}이 1 더 높습니다.,Twoje stworzenia mają o 1 więcej bazowego {STAT_attack}.,Ваші істоти мають на 1 більше базове {STAT_attack}.,Je wezens hebben 1 meer basis {STAT_attack}.,Yaratıklarının temel {STAT_attack} değeri 1 daha fazla.
L_CARD_COCKATRICE3,,Your creatures have 1 more base {STAT_attack}.,あなたのクリーチャーの基本{STAT_attack}が1増加する。,Deine Kreaturen haben 1 mehr Basis-{STAT_attack}.,Vos créatures ont 1 de {STAT_attack} de base supplémentaire.,Tus criaturas tienen 1 más de {STAT_attack} base.,Suas criaturas têm 1 a mais de {STAT_attack} base.,У ваших существ на 1 больше базовой {STAT_attack}.,Le tue creature hanno 1 {STAT_attack} base in più.,你的生物基礎{STAT_attack}+1。,你的生物的基础{STAT_attack}+1。,당신의 생물들은 기본 {STAT_attack}이 1 더 높습니다.,Twoje stworzenia mają o 1 więcej bazowego {STAT_attack}.,Ваші істоти мають на 1 більше базове {STAT_attack}.,Je wezens hebben 1 meer basis {STAT_attack}.,Yaratıklarının temel {STAT_attack} değeri 1 daha fazla.
L_CARD_SEASHAMBLER1,,Enemies take 20% more damage from {CONDNAME_DEBUFF_BLIGHT}.,敵は{CONDNAME_DEBUFF_BLIGHT}からのダメージを20%多く受ける。,Feinde erleiden 20% mehr Schaden durch {CONDNAME_DEBUFF_BLIGHT}.,Les ennemis subissent 20% de dégâts supplémentaires de {CONDNAME_DEBUFF_BLIGHT}.,Los enemigos reciben 20% más de daño de {CONDNAME_DEBUFF_BLIGHT}.,Inimigos recebem 20% a mais de dano de {CONDNAME_DEBUFF_BLIGHT}.,Враги получают на 20% больше урона от {CONDNAME_DEBUFF_BLIGHT}.,I nemici subiscono il 20% in più di danni da {CONDNAME_DEBUFF_BLIGHT}.,敵人受到的{CONDNAME_DEBUFF_BLIGHT}傷害增加20%。,敌人受到来自{CONDNAME_DEBUFF_BLIGHT}的伤害增加20%。,적들은 {CONDNAME_DEBUFF_BLIGHT}로부터 20% 더 많은 피해를 받습니다.,Wrogowie otrzymują 20% więcej obrażeń od {CONDNAME_DEBUFF_BLIGHT}.,Вороги отримують на 20% більше шкоди від {CONDNAME_DEBUFF_BLIGHT}.,Vijanden krijgen 20% meer schade van {CONDNAME_DEBUFF_BLIGHT}.,Düşmanlar {CONDNAME_DEBUFF_BLIGHT} etkisinden %20 daha fazla hasar alır.
L_CARD_SEASHAMBLER2,,Enemies receive 20% more healing while they're afflicted with {CONDNAME_DEBUFF_BLIGHT}.,敵は{CONDNAME_DEBUFF_BLIGHT}に冒されている間、20%多く回復を受ける。,"Feinde erhalten 20% mehr Heilung, während sie von {CONDNAME_DEBUFF_BLIGHT} betroffen sind.",Les ennemis reçoivent 20% de soins supplémentaires lorsqu'ils sont affligés par {CONDNAME_DEBUFF_BLIGHT}.,Los enemigos reciben un 20% más de curación mientras están afectados por {CONDNAME_DEBUFF_BLIGHT}.,Inimigos recebem 20% mais cura enquanto estão afligidos com {CONDNAME_DEBUFF_BLIGHT}.,"Враги получают на 20% больше исцеления, пока на них действует {CONDNAME_DEBUFF_BLIGHT}.",I nemici ricevono il 20% in più di cure mentre sono afflitti da {CONDNAME_DEBUFF_BLIGHT}.,敵人在受到{CONDNAME_DEBUFF_BLIGHT}影響時，獲得的治療效果提高20%。,带有{CONDNAME_DEBUFF_BLIGHT}的敌人获得的治疗效果提高20%。,적들은 {CONDNAME_DEBUFF_BLIGHT}에 걸려있는 동안 20% 더 많은 치유를 받습니다.,"Wrogowie otrzymują o 20% więcej leczenia, gdy są dotknięci {CONDNAME_DEBUFF_BLIGHT}.","Вороги отримують на 20% більше зцілення, поки вони уражені {CONDNAME_DEBUFF_BLIGHT}.",Vijanden ontvangen 20% meer genezing terwijl ze getroffen zijn door {CONDNAME_DEBUFF_BLIGHT}.,Düşmanlar {CONDNAME_DEBUFF_BLIGHT} etkisi altındayken %20 daha fazla iyileşme alırlar.
L_CARD_SEASHAMBLER3,,Enemies with {CONDNAME_DEBUFF_BLIGHT} have a 25% chance to resist buffs.,{CONDNAME_DEBUFF_BLIGHT}状態の敵は25%の確率で強化効果を無効化する。,"Gegner mit {CONDNAME_DEBUFF_BLIGHT} haben eine 25% Chance, Buffs zu widerstehen.",Les ennemis avec {CONDNAME_DEBUFF_BLIGHT} ont 25% de chances de résister aux bonus.,Los enemigos con {CONDNAME_DEBUFF_BLIGHT} tienen un 25% de probabilidad de resistir mejoras.,Inimigos com {CONDNAME_DEBUFF_BLIGHT} têm 25% de chance de resistir a bônus.,Враги с {CONDNAME_DEBUFF_BLIGHT} имеют 25% шанс сопротивляться баффам.,I nemici con {CONDNAME_DEBUFF_BLIGHT} hanno il 25% di probabilità di resistere ai potenziamenti.,帶有{CONDNAME_DEBUFF_BLIGHT}的敵人有25%的機率抵抗增益效果。,带有{CONDNAME_DEBUFF_BLIGHT}的敌人有25%几率抵抗增益。,{CONDNAME_DEBUFF_BLIGHT} 상태인 적은 버프에 저항할 확률이 25% 있습니다.,Wrogowie z {CONDNAME_DEBUFF_BLIGHT} mają 25% szans na odporność na wzmocnienia.,Вороги з {CONDNAME_DEBUFF_BLIGHT} мають 25% шанс опиратися підсиленням.,Vijanden met {CONDNAME_DEBUFF_BLIGHT} hebben 25% kans om buffs te weerstaan.,{CONDNAME_DEBUFF_BLIGHT} olan düşmanların güçlendirmelere %25 direnç şansı vardır.
L_CARD_SPARKTAIL1,,Your creatures deal 10% more damage while it is not their turn.,自分のターン以外のとき、あなたのクリーチャーは10%多くのダメージを与える。,"Deine Kreaturen verursachen 10% mehr Schaden, wenn sie nicht am Zug sind.",Vos créatures infligent 10% de dégâts supplémentaires lorsque ce n'est pas leur tour.,Tus criaturas infligen un 10% más de daño cuando no es su turno.,Suas criaturas causam 10% a mais de dano quando não é o turno delas.,"Ваши существа наносят на 10% больше урона, когда сейчас не их ход.",Le tue creature infliggono il 10% di danni in più quando non è il loro turno.,當不是你的生物的回合時，牠們造成的傷害提高10%。,你的生物在它们的回合之外所造成的伤害提高10%。,당신의 생물들은 자신의 턴이 아닐 때 10% 더 많은 피해를 입힙니다.,"Twoje stworzenia zadają o 10% więcej obrażeń, gdy nie jest ich tura.","Ваші істоти завдають на 10% більше шкоди, коли зараз не їхній хід.",Je wezens doen 10% meer schade wanneer het niet hun beurt is.,"Yaratıkların, kendi sırası değilken %10 daha fazla hasar verir."
L_CARD_SPARKTAIL2,,Your creatures deal 10% more damage while it is not their turn.,自分のターン以外のとき、あなたのクリーチャーは10%多くのダメージを与える。,"Deine Kreaturen verursachen 10% mehr Schaden, wenn sie nicht am Zug sind.",Vos créatures infligent 10% de dégâts supplémentaires lorsque ce n'est pas leur tour.,Tus criaturas infligen un 10% más de daño cuando no es su turno.,Suas criaturas causam 10% a mais de dano quando não é o turno delas.,"Ваши существа наносят на 10% больше урона, когда сейчас не их ход.",Le tue creature infliggono il 10% di danni in più quando non è il loro turno.,當不是你的生物的回合時，牠們造成的傷害提高10%。,你的生物在它们的回合之外所造成的伤害提高10%。,당신의 생물들은 자신의 턴이 아닐 때 10% 더 많은 피해를 입힙니다.,"Twoje stworzenia zadają o 10% więcej obrażeń, gdy nie jest ich tura.","Ваші істоти завдають на 10% більше шкоди, коли зараз не їхній хід.",Je wezens doen 10% meer schade wanneer het niet hun beurt is.,"Yaratıkların, kendi sırası değilken %10 daha fazla hasar verir."
L_CARD_SPARKTAIL3,,Your creatures deal 10% more damage while it is not their turn.,自分のターン以外のとき、あなたのクリーチャーは10%多くのダメージを与える。,"Deine Kreaturen verursachen 10% mehr Schaden, wenn sie nicht am Zug sind.",Vos créatures infligent 10% de dégâts supplémentaires lorsque ce n'est pas leur tour.,Tus criaturas infligen un 10% más de daño cuando no es su turno.,Suas criaturas causam 10% a mais de dano quando não é o turno delas.,"Ваши существа наносят на 10% больше урона, когда сейчас не их ход.",Le tue creature infliggono il 10% di danni in più quando non è il loro turno.,當不是你的生物的回合時，牠們造成的傷害提高10%。,你的生物在它们的回合之外所造成的伤害提高10%。,당신의 생물들은 자신의 턴이 아닐 때 10% 더 많은 피해를 입힙니다.,"Twoje stworzenia zadają o 10% więcej obrażeń, gdy nie jest ich tura.","Ваші істоти завдають на 10% більше шкоди, коли зараз не їхній хід.",Je wezens doen 10% meer schade wanneer het niet hun beurt is.,"Yaratıkların, kendi sırası değilken %10 daha fazla hasar verir."
L_CARD_SNAPTRAP1,,Enemies have a 1% chance to start battles at the bottom of the {TIMELINE}.,敵は{TIMELINE}の最下部から戦闘を開始する確率が1%あります。,"Gegner haben eine 1% Chance, Kämpfe am unteren Ende der {TIMELINE} zu beginnen.",Les ennemis ont 1% de chances de commencer les combats au bas de la {TIMELINE}.,Los enemigos tienen un 1% de probabilidad de comenzar las batallas en la parte inferior del {TIMELINE}.,Inimigos têm 1% de chance de começar batalhas no final da {TIMELINE}.,Враги имеют 1% шанс начать бой в нижней части {TIMELINE}.,I nemici hanno l'1% di possibilità di iniziare le battaglie in fondo alla {TIMELINE}.,敵人有 1% 的機率在{TIMELINE}底部開始戰鬥。,敌人有1%的几率在战斗开始时处于{TIMELINE}的底部。,적들은 {TIMELINE} 하단에서 전투를 시작할 확률이 1%입니다.,Wrogowie mają 1% szansy na rozpoczęcie bitwy na dole {TIMELINE}.,Вороги мають 1% шанс почати битву внизу {TIMELINE}.,Vijanden hebben 1% kans om gevechten te beginnen onderaan de {TIMELINE}.,Düşmanların savaşlara {TIMELINE} en altından başlama olasılığı %1'dir.
L_CARD_SNAPTRAP2,,Enemies have a 1% chance to start battles at the bottom of the {TIMELINE}.,敵は{TIMELINE}の最下部から戦闘を開始する確率が1%あります。,"Gegner haben eine 1% Chance, Kämpfe am unteren Ende der {TIMELINE} zu beginnen.",Les ennemis ont 1% de chances de commencer les combats au bas de la {TIMELINE}.,Los enemigos tienen un 1% de probabilidad de comenzar las batallas en la parte inferior del {TIMELINE}.,Inimigos têm 1% de chance de começar batalhas no final da {TIMELINE}.,Враги имеют 1% шанс начать бой в нижней части {TIMELINE}.,I nemici hanno l'1% di possibilità di iniziare le battaglie in fondo alla {TIMELINE}.,敵人有1%的機率在{TIMELINE}底部開始戰鬥。,敌人有1%的几率在战斗开始时处于{TIMELINE}的底部。,적들은 {TIMELINE} 하단에서 전투를 시작할 확률이 1%입니다.,Wrogowie mają 1% szansy na rozpoczęcie bitwy na dole {TIMELINE}.,Вороги мають 1% шанс почати битву внизу {TIMELINE}.,Vijanden hebben 1% kans om gevechten te beginnen onderaan de {TIMELINE}.,Düşmanların savaşlara {TIMELINE} en altından başlama olasılığı %1'dir.
L_CARD_SNAPTRAP3,,Enemies have a 1% chance to start battles at the bottom of the {TIMELINE}.,敵は{TIMELINE}の最下部から戦闘を開始する確率が1%あります。,"Gegner haben eine 1% Chance, Kämpfe am unteren Ende der {TIMELINE} zu beginnen.",Les ennemis ont 1% de chances de commencer les combats au bas de la {TIMELINE}.,Los enemigos tienen un 1% de probabilidad de comenzar los combates en la parte inferior del {TIMELINE}.,Inimigos têm 1% de chance de começar batalhas no final da {TIMELINE}.,Враги имеют 1% шанс начать бой в нижней части {TIMELINE}.,I nemici hanno l'1% di possibilità di iniziare le battaglie in fondo alla {TIMELINE}.,敵人有 1% 的機率在{TIMELINE}底部開始戰鬥。,敌人有1%的几率在战斗开始时处于{TIMELINE}的底部。,적들은 {TIMELINE} 하단에서 전투를 시작할 확률이 1%입니다.,Wrogowie mają 1% szansy na rozpoczęcie bitwy na dole {TIMELINE}.,Вороги мають 1% шанс почати битву внизу {TIMELINE}.,Vijanden hebben 1% kans om gevechten te beginnen onderaan de {TIMELINE}.,Düşmanların savaşlara {TIMELINE} en altından başlama olasılığı %1'dir.
L_CARD_SHADOW1,,Enemies with {CONDNAME_DEBUFF_FEAR} take 10% more damage.,{CONDNAME_DEBUFF_FEAR}状態の敵は10%多くのダメージを受ける。,Gegner mit {CONDNAME_DEBUFF_FEAR} erleiden 10% mehr Schaden.,Les ennemis avec {CONDNAME_DEBUFF_FEAR} subissent 10% de dégâts supplémentaires.,Los enemigos con {CONDNAME_DEBUFF_FEAR} reciben 10% más de daño.,Inimigos com {CONDNAME_DEBUFF_FEAR} recebem 10% a mais de dano.,Враги с {CONDNAME_DEBUFF_FEAR} получают на 10% больше урона.,I nemici con {CONDNAME_DEBUFF_FEAR} subiscono il 10% di danni in più.,帶有{CONDNAME_DEBUFF_FEAR}的敵人受到的傷害增加10%。,带有{CONDNAME_DEBUFF_FEAR}的敌人受到的伤害增加10%。,{CONDNAME_DEBUFF_FEAR} 상태인 적은 10% 더 많은 피해를 받습니다.,Wrogowie z {CONDNAME_DEBUFF_FEAR} otrzymują 10% więcej obrażeń.,Вороги з {CONDNAME_DEBUFF_FEAR} отримують на 10% більше шкоди.,Vijanden met {CONDNAME_DEBUFF_FEAR} krijgen 10% meer schade.,{CONDNAME_DEBUFF_FEAR} etkisi altındaki düşmanlar %10 daha fazla hasar alır.
L_CARD_SHADOW2,,Enemies with {CONDNAME_DEBUFF_FEAR} have 15% less {STAT_speed}.,{CONDNAME_DEBUFF_FEAR}状態の敵は{STAT_speed}が15%減少する。,Feinde mit {CONDNAME_DEBUFF_FEAR} haben 15% weniger {STAT_speed}.,Les ennemis avec {CONDNAME_DEBUFF_FEAR} ont 15% de {STAT_speed} en moins.,Los enemigos con {CONDNAME_DEBUFF_FEAR} tienen un 15% menos de {STAT_speed}.,Inimigos com {CONDNAME_DEBUFF_FEAR} têm 15% menos de {STAT_speed}.,Враги с {CONDNAME_DEBUFF_FEAR} имеют на 15% меньше {STAT_speed}.,I nemici con {CONDNAME_DEBUFF_FEAR} hanno il 15% in meno di {STAT_speed}.,帶有{CONDNAME_DEBUFF_FEAR}的敵人{STAT_speed}降低15%。,带有{CONDNAME_DEBUFF_FEAR}的敌人{STAT_speed}降低15%。,{CONDNAME_DEBUFF_FEAR} 상태인 적은 {STAT_speed}이(가) 15% 감소합니다.,Wrogowie z {CONDNAME_DEBUFF_FEAR} mają o 15% mniej {STAT_speed}.,Вороги з {CONDNAME_DEBUFF_FEAR} мають на 15% менше {STAT_speed}.,Vijanden met {CONDNAME_DEBUFF_FEAR} hebben 15% minder {STAT_speed}.,{CONDNAME_DEBUFF_FEAR} olan düşmanların {STAT_speed} değeri %15 daha düşüktür.
L_CARD_SHADOW3,,Enemies with {CONDNAME_DEBUFF_FEAR} have 15% less {STAT_defense}.,{CONDNAME_DEBUFF_FEAR}状態の敵は{STAT_defense}が15%減少する。,Feinde mit {CONDNAME_DEBUFF_FEAR} haben 15% weniger {STAT_defense}.,Les ennemis avec {CONDNAME_DEBUFF_FEAR} ont 15% de {STAT_defense} en moins.,Los enemigos con {CONDNAME_DEBUFF_FEAR} tienen un 15% menos de {STAT_defense}.,Inimigos com {CONDNAME_DEBUFF_FEAR} têm 15% menos de {STAT_defense}.,Враги с {CONDNAME_DEBUFF_FEAR} имеют на 15% меньше {STAT_defense}.,I nemici con {CONDNAME_DEBUFF_FEAR} hanno il 15% in meno di {STAT_defense}.,帶有{CONDNAME_DEBUFF_FEAR}的敵人{STAT_defense}降低15%。,带有{CONDNAME_DEBUFF_FEAR}的敌人{STAT_defense}降低15%。,{CONDNAME_DEBUFF_FEAR} 상태인 적은 {STAT_defense}가 15% 감소합니다.,Wrogowie z {CONDNAME_DEBUFF_FEAR} mają o 15% mniej {STAT_defense}.,Вороги з {CONDNAME_DEBUFF_FEAR} мають на 15% менше {STAT_defense}.,Vijanden met {CONDNAME_DEBUFF_FEAR} hebben 15% minder {STAT_defense}.,{CONDNAME_DEBUFF_FEAR} etkisindeki düşmanların {STAT_defense} değeri %15 daha düşüktür.
L_CARD_VOIDLORD1,,Your {CONDNAME_BUFF_REPELLING} creatures take 5% less damage from spells.,あなたの{CONDNAME_BUFF_REPELLING}クリーチャーは呪文からのダメージを5%軽減します。,Deine {CONDNAME_BUFF_REPELLING} Kreaturen erleiden 5% weniger Schaden durch Zauber.,Vos créatures {CONDNAME_BUFF_REPELLING} subissent 5% de dégâts en moins des sorts.,Tus criaturas {CONDNAME_BUFF_REPELLING} reciben un 5% menos de daño de hechizos.,Suas criaturas {CONDNAME_BUFF_REPELLING} recebem 5% menos dano de magias.,Ваши существа с {CONDNAME_BUFF_REPELLING} получают на 5% меньше урона от заклинаний.,Le tue creature {CONDNAME_BUFF_REPELLING} subiscono il 5% in meno di danni dagli incantesimi.,你的{CONDNAME_BUFF_REPELLING}生物受到的法術傷害減少5%。,你带有{CONDNAME_BUFF_REPELLING}的生物受到的法术伤害减少5%。,당신의 {CONDNAME_BUFF_REPELLING} 생물은 주문으로부터 받는 피해가 5% 감소합니다.,Twoje stworzenia z {CONDNAME_BUFF_REPELLING} otrzymują 5% mniej obrażeń od zaklęć.,Ваші істоти {CONDNAME_BUFF_REPELLING} отримують на 5% менше пошкоджень від заклинань.,Je {CONDNAME_BUFF_REPELLING} wezens nemen 5% minder schade van spreuken.,{CONDNAME_BUFF_REPELLING} yaratıkların büyülerden %5 daha az hasar alır.
L_CARD_VOIDLORD2,,Your {CONDNAME_BUFF_REPELLING} creatures take 5% less damage from attacks.,あなたの{CONDNAME_BUFF_REPELLING}クリーチャーは攻撃からのダメージを5%軽減する。,Deine {CONDNAME_BUFF_REPELLING} Kreaturen erleiden 5% weniger Schaden durch Angriffe.,Vos créatures {CONDNAME_BUFF_REPELLING} subissent 5% de dégâts en moins des attaques.,Tus criaturas {CONDNAME_BUFF_REPELLING} reciben un 5% menos de daño de los ataques.,Suas criaturas {CONDNAME_BUFF_REPELLING} recebem 5% menos dano de ataques.,Ваши существа с {CONDNAME_BUFF_REPELLING} получают на 5% меньше урона от атак.,Le tue creature {CONDNAME_BUFF_REPELLING} subiscono il 5% in meno di danni dagli attacchi.,你的{CONDNAME_BUFF_REPELLING}生物受到的攻擊傷害減少5%。,你带有{CONDNAME_BUFF_REPELLING}的生物受到的攻击伤害减少5%。,당신의 {CONDNAME_BUFF_REPELLING} 생물은 공격으로부터 받는 피해가 5% 감소합니다.,Twoje stworzenia z {CONDNAME_BUFF_REPELLING} otrzymują o 5% mniej obrażeń z ataków.,Ваші істоти з {CONDNAME_BUFF_REPELLING} отримують на 5% менше шкоди від атак.,Je {CONDNAME_BUFF_REPELLING} wezens nemen 5% minder schade van aanvallen.,{CONDNAME_BUFF_REPELLING} yaratıkların saldırılardan %5 daha az hasar alır.
L_CARD_VOIDLORD3,,Your creatures' {CONDNAME_BUFF_REPELLING} buff now lasts forever.,味方の生物の{CONDNAME_BUFF_REPELLING}効果が永続するようになった。,Dein Kreaturen-{CONDNAME_BUFF_REPELLING}-Buff hält jetzt für immer an.,Votre bonus {CONDNAME_BUFF_REPELLING} sur vos créatures dure désormais indéfiniment.,El beneficio {CONDNAME_BUFF_REPELLING} de tus criaturas ahora dura para siempre.,O buff {CONDNAME_BUFF_REPELLING} das suas criaturas agora dura para sempre.,Бафф {CONDNAME_BUFF_REPELLING} ваших существ теперь действует вечно.,Le creature con il buff {CONDNAME_BUFF_REPELLING} ora dura per sempre.,你的生物的{CONDNAME_BUFF_REPELLING}增益效果現在永久持續。,你的生物的{CONDNAME_BUFF_REPELLING}增益永久持续。,당신의 생물의 {CONDNAME_BUFF_REPELLING} 버프가 이제 영원히 지속됩니다.,Efekt {CONDNAME_BUFF_REPELLING} twoich stworzeń trwa teraz wiecznie.,Бафф {CONDNAME_BUFF_REPELLING} ваших істот тепер триває вічно.,Je wezens' {CONDNAME_BUFF_REPELLING} buff duurt nu voor altijd.,Yaratıklarının {CONDNAME_BUFF_REPELLING} güçlendirmesi artık sonsuza kadar sürüyor.
L_CARD_WISP1,,Your creatures have a 5% chance to resist effects that cause them to fall to the bottom of the {TIMELINE}.,あなたのクリーチャーは、{TIMELINE}の最下部に落ちる効果に対して5%の確率で抵抗します。,"Deine Kreaturen haben eine 5% Chance, Effekten zu widerstehen, die sie an das Ende der {TIMELINE} fallen lassen.",Vos créatures ont 5% de chances de résister aux effets qui les font tomber au bas de la {TIMELINE}.,Tus criaturas tienen un 5% de probabilidad de resistir efectos que las hacen caer al fondo del {TIMELINE}.,Suas criaturas têm 5% de chance de resistir a efeitos que as fazem cair para o fundo da {TIMELINE}.,"У ваших существ есть 5% шанс сопротивляться эффектам, которые заставляют их упасть в конец {TIMELINE}.",Le tue creature hanno il 5% di possibilità di resistere agli effetti che le fanno cadere in fondo alla {TIMELINE}.,你的生物有 5% 的機會抵抗使其掉落至{TIMELINE}底部的效果。,你的生物有5%几率抵抗使它们降至{TIMELINE}底部的效果。,당신의 생물들은 {TIMELINE} 맨 아래로 떨어지게 하는 효과에 5% 확률로 저항할 수 있습니다.,"Twoje stworzenia mają 5% szansy na odporność na efekty, które powodują, że spadają na dół {TIMELINE}.","Ваші істоти мають 5% шанс опиратися ефектам, які змушують їх падати на дно {TIMELINE}.",Je wezens hebben 5% kans om effecten te weerstaan die hen naar de onderkant van de {TIMELINE} doen vallen.,Yaratıklarınızın {TIMELINE} altına düşmelerine neden olan etkilere karşı %5 direnç şansı vardır.
L_CARD_WISP2,,Your creatures have a 5% chance to resist effects that cause them to fall to the bottom of the {TIMELINE}.,あなたのクリーチャーは、{TIMELINE}の最下部に落ちる効果に対して5%の確率で抵抗します。,"Deine Kreaturen haben eine 5% Chance, Effekten zu widerstehen, die sie an das Ende der {TIMELINE} fallen lassen.",Vos créatures ont 5% de chances de résister aux effets qui les font tomber au bas de la {TIMELINE}.,Tus criaturas tienen un 5% de probabilidad de resistir efectos que las hacen caer al fondo del {TIMELINE}.,Suas criaturas têm 5% de chance de resistir a efeitos que as fazem cair para o fundo da {TIMELINE}.,"У ваших существ есть 5% шанс сопротивляться эффектам, которые заставляют их упасть в конец {TIMELINE}.",Le tue creature hanno il 5% di possibilità di resistere agli effetti che le fanno cadere in fondo alla {TIMELINE}.,你的生物有 5% 的機率抵抗使其掉落至{TIMELINE}底部的效果。,你的生物有5%几率抵抗使它们降至{TIMELINE}底部的效果。,당신의 생물들은 {TIMELINE} 하단으로 떨어지게 하는 효과에 5% 확률로 저항할 수 있습니다.,"Twoje stworzenia mają 5% szansy na odporność na efekty, które powodują, że spadają na dół {TIMELINE}.","Ваші істоти мають 5% шанс опиратися ефектам, які змушують їх падати на дно {TIMELINE}.",Je wezens hebben 5% kans om effecten te weerstaan die hen naar de onderkant van de {TIMELINE} doen vallen.,"Yaratıklarınızın, onların {TIMELINE} dibine düşmesine neden olan etkilere karşı %5 direnç şansı vardır."
L_CARD_WISP3,,Your creatures have a 5% chance to resist effects that cause them to fall to the bottom of the {TIMELINE}.,あなたのクリーチャーは、{TIMELINE}の最下部に落ちる効果に対して5%の確率で抵抗します。,"Deine Kreaturen haben eine 5% Chance, Effekten zu widerstehen, die sie an das Ende der {TIMELINE} fallen lassen.",Vos créatures ont 5% de chances de résister aux effets qui les font tomber au bas de la {TIMELINE}.,Tus criaturas tienen un 5% de probabilidad de resistir efectos que las hacen caer al fondo del {TIMELINE}.,Suas criaturas têm 5% de chance de resistir a efeitos que as fazem cair para o fundo da {TIMELINE}.,"У ваших существ есть 5% шанс сопротивляться эффектам, которые заставляют их упасть в конец {TIMELINE}.",Le tue creature hanno il 5% di possibilità di resistere agli effetti che le fanno cadere in fondo alla {TIMELINE}.,你的生物有 5% 的機率抵抗使其掉落至{TIMELINE}底部的效果。,你的生物有5%几率抵抗使它们降至{TIMELINE}底部的效果。,당신의 생물들은 {TIMELINE} 하단으로 떨어지게 하는 효과에 5% 확률로 저항할 수 있습니다.,"Twoje stworzenia mają 5% szansy na odporność na efekty, które powodują, że spadają na dół {TIMELINE}.","Ваші істоти мають 5% шанс опиратися ефектам, які змушують їх падати на дно {TIMELINE}.",Je wezens hebben 5% kans om effecten te weerstaan die hen naar de onderkant van de {TIMELINE} doen vallen.,"Yaratıklarınızın, onların {TIMELINE} dibine düşmesine neden olan etkilere karşı %5 direnç şansı vardır."
L_CARD_LEECH1,,Your creatures recover 20% more {STAT_health} from {CONDNAME_BUFF_LEECH}.,味方の生物は{CONDNAME_BUFF_LEECH}から{STAT_health}を20%多く回復する。,Deine Kreaturen regenerieren 20% mehr {STAT_health} durch {CONDNAME_BUFF_LEECH}.,Vos créatures récupèrent 20% de {STAT_health} supplémentaire grâce à {CONDNAME_BUFF_LEECH}.,Tus criaturas recuperan un 20% más de {STAT_health} de {CONDNAME_BUFF_LEECH}.,Suas criaturas recuperam 20% mais {STAT_health} de {CONDNAME_BUFF_LEECH}.,Ваши существа восстанавливают на 20% больше {STAT_health} от {CONDNAME_BUFF_LEECH}.,Le tue creature recuperano il 20% in più di {STAT_health} da {CONDNAME_BUFF_LEECH}.,你的生物從{CONDNAME_BUFF_LEECH}中恢復的{STAT_health}增加20%。,你的生物因{CONDNAME_BUFF_LEECH}而恢复的{STAT_health}提高20%。,당신의 생물들은 {CONDNAME_BUFF_LEECH}에서 {STAT_health}를 20% 더 회복합니다.,Twoje stworzenia odzyskują o 20% więcej {STAT_health} z {CONDNAME_BUFF_LEECH}.,Ваші істоти відновлюють на 20% більше {STAT_health} від {CONDNAME_BUFF_LEECH}.,Je wezens herstellen 20% meer {STAT_health} van {CONDNAME_BUFF_LEECH}.,Yaratıkların {CONDNAME_BUFF_LEECH} sayesinde %20 daha fazla {STAT_health} kazanır.
L_CARD_LEECH2,,"When your creatures recover {STAT_health} from {CONDNAME_BUFF_LEECH}, the amount of healing has a 25% chance to be doubled.",生物が{CONDNAME_BUFF_LEECH}から{STAT_health}を回復するとき、回復量が25%の確率で2倍になります。,"Wenn deine Kreaturen {STAT_health} durch {CONDNAME_BUFF_LEECH} wiederherstellen, besteht eine 25% Chance, dass die Heilungsmenge verdoppelt wird.","Lorsque vos créatures récupèrent {STAT_health} grâce à {CONDNAME_BUFF_LEECH}, la quantité de soins a 25% de chances d'être doublée.","Cuando tus criaturas recuperan {STAT_health} de {CONDNAME_BUFF_LEECH}, la cantidad de curación tiene un 25% de probabilidad de duplicarse.","Quando suas criaturas recuperam {STAT_health} de {CONDNAME_BUFF_LEECH}, a quantidade de cura tem 25% de chance de ser dobrada.","Когда ваши существа восстанавливают {STAT_health} от {CONDNAME_BUFF_LEECH}, количество исцеления имеет 25% шанс удвоиться.","Quando le tue creature recuperano {STAT_health} da {CONDNAME_BUFF_LEECH}, la quantità di cura ha il 25% di probabilità di essere raddoppiata.",當你的生物從{CONDNAME_BUFF_LEECH}恢復{STAT_health}時，治療量有25%的機會翻倍。,当你的生物因{CONDNAME_BUFF_LEECH}而恢复{STAT_health}时，有25%的概率使治疗量翻倍。,"당신의 생물이 {CONDNAME_BUFF_LEECH}에서 {STAT_health}를 회복할 때, 회복량이 25% 확률로 두 배가 됩니다.","Gdy twoje stworzenia odzyskują {STAT_health} z {CONDNAME_BUFF_LEECH}, istnieje 25% szansa, że ilość leczenia zostanie podwojona.","Коли ваші істоти відновлюють {STAT_health} від {CONDNAME_BUFF_LEECH}, кількість зцілення має 25% шанс подвоїтися.","Wanneer je wezens {STAT_health} herstellen van {CONDNAME_BUFF_LEECH}, heeft de hoeveelheid genezing 25% kans om verdubbeld te worden.","Yaratıkların {CONDNAME_BUFF_LEECH} sayesinde {STAT_health} kazandığında, iyileşme miktarının %25 şansla iki katına çıkma ihtimali vardır."
L_CARD_LEECH3,,Your creatures' {CONDNAME_BUFF_LEECH} buff lasts forever.,味方の生物の{CONDNAME_BUFF_LEECH}バフは永続的に持続する。,Dein Buff {CONDNAME_BUFF_LEECH} für Kreaturen hält ewig an.,Votre bonus {CONDNAME_BUFF_LEECH} de créatures dure éternellement.,El beneficio de {CONDNAME_BUFF_LEECH} de tus criaturas dura para siempre.,O buff de {CONDNAME_BUFF_LEECH} das suas criaturas dura para sempre.,Бафф {CONDNAME_BUFF_LEECH} ваших существ длится вечно.,Le creature con il buff {CONDNAME_BUFF_LEECH} durano per sempre.,你的生物的{CONDNAME_BUFF_LEECH}增益效果永久持續。,你的生物的{CONDNAME_BUFF_LEECH}增益永久持续。,당신의 생물의 {CONDNAME_BUFF_LEECH} 버프는 영원히 지속됩니다.,Efekt wzmocnienia {CONDNAME_BUFF_LEECH} twoich stworzeń trwa wiecznie.,Бафф {CONDNAME_BUFF_LEECH} ваших істот триває вічно.,Je wezens' {CONDNAME_BUFF_LEECH} buff duurt voor altijd.,Yaratıklarının {CONDNAME_BUFF_LEECH} güçlendirmesi sonsuza kadar sürer.
L_CARD_HEMOMANCER1,,Your creatures gain 5% more stats from stat-boosting effects.,味方の生物は能力値上昇効果から得られる能力値が5%増加する。,Deine Kreaturen erhalten 5% mehr Werte durch attributssteigernde Effekte.,Vos créatures gagnent 5% de statistiques supplémentaires grâce aux effets d'amélioration de statistiques.,Tus criaturas obtienen un 5% más de estadísticas de los efectos que aumentan estadísticas.,Suas criaturas ganham 5% a mais de atributos de efeitos que aumentam atributos.,"Ваши существа получают на 5% больше характеристик от эффектов, повышающих характеристики.",Le tue creature ottengono il 5% in più di statistiche dagli effetti che aumentano le statistiche.,你的生物從能力值提升效果中獲得的能力值增加5%。,你的生物从属性值提升效果中获得的属性值增加5%。,당신의 생물들은 능력치 증가 효과로부터 5% 더 많은 능력치를 얻습니다.,Twoje stworzenia zyskują 5% więcej statystyk z efektów zwiększających statystyki.,Ваші істоти отримують на 5% більше характеристик від ефектів підвищення характеристик.,Je wezens krijgen 5% meer statistieken van statistiek-verhogende effecten.,"Yaratıkların, istatistik artırıcı etkilerden %5 daha fazla istatistik kazanır."
L_CARD_HEMOMANCER2,,Enemies lose 5% more stats from stat-reducing effects.,敵は能力値減少効果によって5%多く能力値を失う。,Feinde verlieren 5% mehr Werte durch attributssenkende Effekte.,Les ennemis perdent 5% de statistiques supplémentaires des effets réduisant les statistiques.,Los enemigos pierden un 5% más de estadísticas por efectos que reducen estadísticas.,Inimigos perdem 5% mais atributos de efeitos que reduzem atributos.,"Враги теряют на 5% больше характеристик от эффектов, снижающих характеристики.",I nemici perdono il 5% in più di statistiche dagli effetti che riducono le statistiche.,敵人受到能力值降低效果時，損失的能力值增加5%。,敌人从属性值降低效果中损失的属性值增加5%。,적들은 능력치 감소 효과로부터 5% 더 많은 능력치를 잃습니다.,Wrogowie tracą o 5% więcej statystyk z efektów obniżających statystyki.,"Вороги втрачають на 5% більше характеристик від ефектів, що знижують характеристики.",Vijanden verliezen 5% meer statistieken van statistiek-verlagende effecten.,"Düşmanlar, istatistik düşürücü etkilerden %5 daha fazla istatistik kaybeder."
L_CARD_HEMOMANCER3,,Doubles the potency of these effects.,これらの効果の効力を2倍にする。,Verdoppelt die Effektstärke dieser Effekte.,Double la puissance de ces effets.,Duplica la potencia de estos efectos.,Dobra a potência desses efeitos.,Удваивает силу этих эффектов.,Raddoppia la potenza di questi effetti.,使這些效果的效力加倍。,使这些效果的效能翻倍。,이러한 효과의 효능을 두 배로 증가시킵니다.,Podwaja skuteczność tych efektów.,Подвоює силу цих ефектів.,Verdubbelt de kracht van deze effecten.,Bu etkilerin gücünü iki katına çıkarır.
L_CARD_OSSEIN1,,Enemies resurrect with 5% less {STAT_health}.,敵は{STAT_health}が5%減少した状態で復活する。,Feinde werden mit 5% weniger {STAT_health} wiederbelebt.,Les ennemis ressuscitent avec 5% de {STAT_health} en moins.,Los enemigos resucitan con un 5% menos de {STAT_health}.,Inimigos ressuscitam com 5% menos de {STAT_health}.,Враги воскрешаются с {STAT_health} на 5% меньше.,I nemici resuscitano con il 5% in meno di {STAT_health}.,敵人復活時{STAT_health}減少5%。,敌人复活时的{STAT_health}减少5%。,적들은 {STAT_health}가 5% 감소한 상태로 부활합니다.,Wrogowie wskrzeszają się z 5% mniejszą {STAT_health}.,Вороги воскресають з 5% менше {STAT_health}.,Vijanden herrijzen met 5% minder {STAT_health}.,Düşmanlar %5 daha az {STAT_health} ile dirilir.
L_CARD_OSSEIN2,,Enemies resurrect with 5% less {STAT_health}.,敵は{STAT_health}が5%減少した状態で復活する。,Feinde werden mit 5% weniger {STAT_health} wiederbelebt.,Les ennemis ressuscitent avec 5% de {STAT_health} en moins.,Los enemigos resucitan con un 5% menos de {STAT_health}.,Inimigos ressuscitam com 5% menos de {STAT_health}.,Враги воскрешаются с {STAT_health} на 5% меньше.,I nemici resuscitano con il 5% in meno di {STAT_health}.,敵人復活時{STAT_health}減少5%。,敌人复活时的{STAT_health}减少5%。,적들은 {STAT_health}가 5% 감소한 상태로 부활합니다.,Wrogowie wskrzeszają się z 5% mniejszą {STAT_health}.,Вороги воскресають з 5% менше {STAT_health}.,Vijanden herrijzen met 5% minder {STAT_health}.,Düşmanlar %5 daha az {STAT_health} ile dirilir.
L_CARD_OSSEIN3,,Enemies resurrect with 5% less {STAT_health}.,敵は{STAT_health}が5%減少した状態で復活する。,Feinde werden mit 5% weniger {STAT_health} wiederbelebt.,Les ennemis ressuscitent avec 5% de {STAT_health} en moins.,Los enemigos resucitan con un 5% menos de {STAT_health}.,Inimigos ressuscitam com 5% menos de {STAT_health}.,Враги воскрешаются с {STAT_health} на 5% меньше.,I nemici resuscitano con il 5% in meno di {STAT_health}.,敵人復活時{STAT_health}減少5%。,敌人复活时的{STAT_health}减少5%。,적들은 {STAT_health}가 5% 감소한 상태로 부활합니다.,Wrogowie wskrzeszają się z 5% mniejszą {STAT_health}.,Вороги воскресають з 5% менше {STAT_health}.,Vijanden herrijzen met 5% minder {STAT_health}.,Düşmanlar %5 daha az {STAT_health} ile dirilir.
L_CARD_EFT1,,Your creatures have 1 more base {STAT_speed}.,自分のクリーチャーの基本{STAT_speed}が1増加する。,Deine Kreaturen haben 1 mehr Basis-{STAT_speed}.,Vos créatures ont 1 de {STAT_speed} de base en plus.,Tus criaturas tienen 1 más de {STAT_speed} base.,Suas criaturas têm 1 a mais de {STAT_speed} base.,У ваших существ на 1 больше базовая {STAT_speed}.,Le tue creature hanno 1 in più di {STAT_speed} base.,你的生物基礎{STAT_speed}增加1點。,你的生物的基础{STAT_speed}+1。,당신의 생물들은 기본 {STAT_speed}이(가) 1 더 높습니다.,Twoje stworzenia mają o 1 więcej bazowej {STAT_speed}.,Ваші істоти мають на 1 більше базове {STAT_speed}.,Je wezens hebben 1 meer basis {STAT_speed}.,Yaratıkların 1 daha fazla temel {STAT_speed} değerine sahip.
L_CARD_EFT2,,Your creatures have 1 more base {STAT_speed}.,自分のクリーチャーの基本{STAT_speed}が1増加する。,Deine Kreaturen haben 1 mehr Basis-{STAT_speed}.,Vos créatures ont 1 de {STAT_speed} de base en plus.,Tus criaturas tienen 1 más de {STAT_speed} base.,Suas criaturas têm 1 a mais de {STAT_speed} base.,У ваших существ на 1 больше базовая {STAT_speed}.,Le tue creature hanno 1 in più di {STAT_speed} base.,你的生物基礎{STAT_speed}增加1點。,你的生物的基础{STAT_speed}+1。,당신의 생물들은 기본 {STAT_speed}이(가) 1 더 높습니다.,Twoje stworzenia mają o 1 więcej bazowej {STAT_speed}.,Ваші істоти мають на 1 більше базове {STAT_speed}.,Je wezens hebben 1 meer basis {STAT_speed}.,Yaratıklarının temel {STAT_speed} değeri 1 daha fazla.
L_CARD_EFT3,,Your creatures have 1 more base {STAT_speed}.,自分のクリーチャーの基本{STAT_speed}が1増加する。,Deine Kreaturen haben 1 mehr Basis-{STAT_speed}.,Vos créatures ont 1 de {STAT_speed} de base en plus.,Tus criaturas tienen 1 más de {STAT_speed} base.,Suas criaturas têm 1 a mais de {STAT_speed} base.,У ваших существ на 1 больше базовая {STAT_speed}.,Le tue creature hanno 1 in più di {STAT_speed} base.,你的生物基礎{STAT_speed}增加1點。,你的生物的基础{STAT_speed}+1。,당신의 생물들은 기본 {STAT_speed}이(가) 1 더 높습니다.,Twoje stworzenia mają o 1 więcej bazowej {STAT_speed}.,Ваші істоти мають на 1 більше базове {STAT_speed}.,Je wezens hebben 1 meer basis {STAT_speed}.,Yaratıklarının temel {STAT_speed} değeri 1 daha fazla.
L_CARD_INQUISITOR1,,Your creatures' minions have a 5% lower chance to go away.,自分のクリーチャーの手下が消えてしまう確率が5%低下する。,Die Diener deiner Kreaturen haben eine um 5% geringere Chance zu verschwinden.,Les sbires de vos créatures ont 5% de chances en moins de disparaître.,Tus criaturas subordinadas tienen un 5% menos de probabilidad de desaparecer.,As criaturas dos seus lacaios têm 5% menos chance de ir embora.,У миньонов ваших существ на 5% меньше шанс исчезнуть.,Le creature dei tuoi servitori hanno una probabilità del 5% inferiore di andarsene.,你的生物的僕從有5%較低的消失機率。,你的生物的仆从离开的几率降低5%。,당신 생물의 하수인들이 사라질 확률이 5% 낮아집니다.,Twoje stworzenia mają o 5% mniejszą szansę na odejście.,Ваші істоти-посіпаки мають на 5% меншу ймовірність зникнути.,Je wezens' handlangers hebben 5% minder kans om te verdwijnen.,Yaratıklarının hizmetkârlarının kaybolma şansı %5 daha düşüktür.
L_CARD_INQUISITOR2,,Your creatures' minions have a 5% lower chance to go away.,自分のクリーチャーの手下が消えてしまう確率が5%低下する。,Die Diener deiner Kreaturen haben eine um 5% geringere Chance zu verschwinden.,Les sbires de vos créatures ont 5% de chances en moins de disparaître.,Tus criaturas subordinadas tienen un 5% menos de probabilidad de desaparecer.,As criaturas dos seus lacaios têm 5% menos chance de ir embora.,У миньонов ваших существ на 5% меньше шанс исчезнуть.,Le creature dei tuoi servitori hanno una probabilità del 5% inferiore di andarsene.,你的生物的僕從有5%較低的消失機率。,你的生物的仆从离开的几率降低5%。,당신 생물의 하수인들이 사라질 확률이 5% 낮아집니다.,Twoje stworzenia mają o 5% mniejszą szansę na odejście.,Ваші істоти-посіпаки мають на 5% меншу ймовірність зникнути.,Je wezens' handlangers hebben 5% minder kans om te verdwijnen.,Yaratıklarının hizmetkârlarının kaybolma şansı %5 daha düşüktür.
L_CARD_INQUISITOR3,,Your creatures' minions have a 5% lower chance to go away.,自分のクリーチャーの手下が消えてしまう確率が5%低下する。,Die Diener deiner Kreaturen haben eine um 5% geringere Chance zu verschwinden.,Les sbires de vos créatures ont 5% de chances en moins de disparaître.,Tus criaturas subordinadas tienen un 5% menos de probabilidad de desaparecer.,As criaturas dos seus lacaios têm 5% menos chance de ir embora.,У миньонов ваших существ на 5% меньше шанс исчезнуть.,Le creature dei tuoi servitori hanno una probabilità del 5% inferiore di andarsene.,你的生物的僕從有5%較低的消失機率。,你的生物的仆从离开的几率降低5%。,당신 생물의 하수인들이 사라질 확률이 5% 낮아집니다.,Twoje stworzenia mają o 5% mniejszą szansę na odejście.,Ваші істоти-посіпаки мають на 5% меншу ймовірність зникнути.,Je wezens' handlangers hebben 5% minder kans om te verdwijnen.,Yaratıklarının hizmetkârlarının kaybolma şansı %5 daha düşüktür.
L_CARD_SATYR1,,"At the start of battle, enemies' Spell Gems each have a 3% chance to be Sealed.",戦闘開始時、敵の魔法の宝石はそれぞれ3%の確率で封印される。,"Zu Beginn des Kampfes haben die Zaubersteine der Gegner jeweils eine 3% Chance, versiegelt zu werden.","Au début du combat, les Gemmes de Sort des ennemis ont chacune 3% de chances d'être Scellées.","Al inicio del combate, las Gemas de Hechizo de los enemigos tienen cada una un 3% de probabilidad de ser Selladas.","No início da batalha, as Gemas de Feitiço dos inimigos têm cada uma 3% de chance de serem Seladas.",В начале боя каждый Магический Камень противников имеет 3% шанс быть Запечатанным.,"All'inizio della battaglia, le Gemme Incantesimo dei nemici hanno ciascuna una probabilità del 3% di essere Sigillate.",戰鬥開始時，敵人的法術寶石各有3%的機率被封印。,战斗开始时，敌人的法术宝石各有3%的几率被封印。,"전투 시작 시, 적의 주문 보석마다 3%의 확률로 봉인될 수 있습니다.","Na początku walki, każdy Klejnot Zaklęć przeciwników ma 3% szans na zostanie Zapieczętowanym.","На початку бою, кожен Магічний Камінь ворогів має 3% шанс бути Запечатаним.",Bij het begin van een gevecht hebben de Spreukstenen van vijanden elk 3% kans om Verzegeld te worden.,"Savaşın başlangıcında, düşmanların Büyü Taşlarının her biri %3 ihtimalle Mühürlenebilir."
L_CARD_SATYR2,,"At the start of battle, enemies' Spell Gems each have a 3% chance to be Sealed.",戦闘開始時、敵の魔法の宝石はそれぞれ3%の確率で封印される。,"Zu Beginn des Kampfes haben die Zaubersteine der Gegner jeweils eine 3% Chance, versiegelt zu werden.","Au début du combat, chaque Gemme de Sort des ennemis a 3% de chances d'être Scellée.","Al inicio del combate, las Gemas de Hechizo de los enemigos tienen cada una un 3% de probabilidad de ser Selladas.","No início da batalha, as Gemas de Feitiço dos inimigos têm cada uma 3% de chance de serem Seladas.",В начале боя каждый Магический Камень противников имеет 3% шанс быть Запечатанным.,"All'inizio della battaglia, le Gemme Incantesimo dei nemici hanno ciascuna una probabilità del 3% di essere Sigillate.",戰鬥開始時，敵人的法術寶石各有3%的機率被封印。,战斗开始时，敌人的法术宝石各有3%的几率被封印。,"전투 시작 시, 적의 주문 보석마다 3%의 확률로 봉인될 수 있습니다.","Na początku walki, każdy Klejnot Zaklęć przeciwników ma 3% szans na zostanie Zapieczętowanym.","На початку бою, кожен Магічний Камінь ворогів має 3% шанс бути Запечатаним.",Bij het begin van een gevecht hebben de Spreukstenen van vijanden elk 3% kans om Verzegeld te worden.,"Savaşın başlangıcında, düşmanların Büyü Taşlarının her biri %3 ihtimalle Mühürlenebilir."
L_CARD_SATYR3,,"At the start of battle, enemies' Spell Gems each have a 3% chance to be Sealed.",戦闘開始時、敵の魔法の宝石はそれぞれ3%の確率で封印される。,"Zu Beginn des Kampfes haben die Zaubersteine der Gegner jeweils eine 3% Chance, versiegelt zu werden.","Au début du combat, chaque Gemme de Sort des ennemis a 3% de chances d'être Scellée.","Al inicio del combate, las Gemas de Hechizo de los enemigos tienen cada una un 3% de probabilidad de ser Selladas.","No início da batalha, as Gemas de Feitiço dos inimigos têm cada uma 3% de chance de serem Seladas.",В начале боя каждый Магический Камень противников имеет 3% шанс быть Запечатанным.,"All'inizio della battaglia, le Gemme Incantesimo dei nemici hanno ciascuna una probabilità del 3% di essere Sigillate.",戰鬥開始時，敵人的法術寶石各有3%的機率被封印。,战斗开始时，敌人的法术宝石各有3%的几率被封印。,"전투 시작 시, 적의 주문 보석마다 3%의 확률로 봉인될 수 있습니다.","Na początku walki, każdy Klejnot Zaklęć przeciwników ma 3% szans na zostanie Zapieczętowanym.","На початку бою, кожен Магічний Камінь ворогів має 3% шанс бути Запечатаним.",Bij het begin van een gevecht hebben de Spreukstenen van vijanden elk 3% kans om Verzegeld te worden.,"Savaşın başlangıcında, düşmanların Büyü Taşlarının her biri %3 ihtimalle Mühürlenebilir."
L_CARD_KOLOSS1,,Your creatures gain 10% more Maximum {STAT_health} from stat-boosting effects.,生物たちは能力強化効果から得る最大{STAT_health}が10%増加する。,Deine Kreaturen erhalten 10% mehr maximales {STAT_health} durch attributssteigernde Effekte.,Vos créatures gagnent 10% de {STAT_health} Maximum supplémentaire grâce aux effets d'amélioration de statistiques.,Tus criaturas ganan un 10% más de {STAT_health} Máximo de los efectos que aumentan estadísticas.,Suas criaturas ganham 10% a mais de {STAT_health} Máximo de efeitos que aumentam atributos.,"Ваши существа получают на 10% больше Максимального {STAT_health} от эффектов, повышающих характеристики.",Le tue creature ottengono il 10% in più di {STAT_health} Massima dagli effetti che aumentano le statistiche.,你的生物從屬性提升效果中獲得的最大{STAT_health}增加10%。,你的生物从属性值提升效果中获得的最大{STAT_health}提高10%。,당신의 생물들은 능력치 증가 효과로부터 최대 {STAT_health}를 10% 더 얻습니다.,Twoje stworzenia zyskują 10% więcej Maksymalnego {STAT_health} z efektów zwiększających statystyki.,Ваші істоти отримують на 10% більше Максимального {STAT_health} від ефектів підвищення характеристик.,Je wezens krijgen 10% meer Maximale {STAT_health} van statistiek-versterkende effecten.,"Yaratıkların, istatistik artırıcı etkilerden %10 daha fazla Maksimum {STAT_health} kazanır."
L_CARD_KOLOSS2,,Your creatures gain 10% more Maximum {STAT_health} from stat-boosting effects.,生物たちは能力強化効果から得る最大{STAT_health}が10%増加する。,Deine Kreaturen erhalten 10% mehr maximales {STAT_health} durch attributssteigernde Effekte.,Vos créatures gagnent 10% de {STAT_health} Maximum supplémentaire grâce aux effets d'amélioration de statistiques.,Tus criaturas ganan un 10% más de {STAT_health} Máximo de los efectos que aumentan estadísticas.,Suas criaturas ganham 10% a mais de {STAT_health} Máximo de efeitos que aumentam atributos.,"Ваши существа получают на 10% больше Максимального {STAT_health} от эффектов, повышающих характеристики.",Le tue creature ottengono il 10% in più di {STAT_health} Massima dagli effetti che aumentano le statistiche.,你的生物從屬性提升效果中獲得的最大{STAT_health}增加10%。,你的生物从属性值提升效果中获得的最大{STAT_health}提高10%。,당신의 생물들은 능력치 증가 효과로부터 최대 {STAT_health}를 10% 더 얻습니다.,Twoje stworzenia zyskują 10% więcej Maksymalnego {STAT_health} z efektów zwiększających statystyki.,Ваші істоти отримують на 10% більше Максимального {STAT_health} від ефектів підвищення характеристик.,Je wezens krijgen 10% meer Maximale {STAT_health} van statistiek-versterkende effecten.,"Yaratıkların, istatistik artırıcı etkilerden %10 daha fazla Maksimum {STAT_health} kazanır."
L_CARD_KOLOSS3,,Your creatures gain 10% more Maximum {STAT_health} from stat-boosting effects.,生物たちは能力強化効果から得る最大{STAT_health}が10%増加する。,Deine Kreaturen erhalten 10% mehr maximales {STAT_health} durch attributssteigernde Effekte.,Vos créatures gagnent 10% de {STAT_health} Maximum supplémentaire grâce aux effets d'amélioration de statistiques.,Tus criaturas ganan un 10% más de {STAT_health} Máximo de los efectos que aumentan estadísticas.,Suas criaturas ganham 10% a mais de {STAT_health} Máximo de efeitos que aumentam atributos.,"Ваши существа получают на 10% больше Максимального {STAT_health} от эффектов, повышающих характеристики.",Le tue creature ottengono il 10% in più di {STAT_health} Massima dagli effetti che aumentano le statistiche.,你的生物從屬性提升效果中獲得的最大{STAT_health}增加10%。,你的生物从属性值提升效果中获得的最大{STAT_health}提高10%。,당신의 생물들은 능력치 증가 효과로부터 최대 {STAT_health}를 10% 더 얻습니다.,Twoje stworzenia zyskują 10% więcej Maksymalnego {STAT_health} z efektów zwiększających statystyki.,Ваші істоти отримують на 10% більше Максимального {STAT_health} від ефектів підвищення характеристик.,Je wezens krijgen 10% meer Maximale {STAT_health} van statistiek-versterkende effecten.,"Yaratıkların, istatistik artırıcı etkilerden %10 daha fazla Maksimum {STAT_health} kazanır."
L_CARD_SOULFLAYER1,,You have a 5% chance to gain double resources from breakable objects.,壊せるオブジェクトから資源を獲得する際、5%の確率で2倍の資源を得ることができる。,"Du hast eine 5% Chance, doppelte Ressourcen aus zerstörbaren Objekten zu erhalten.",Vous avez 5% de chances d'obtenir deux fois plus de ressources des objets destructibles.,Tienes un 5% de probabilidad de obtener el doble de recursos de los objetos rompibles.,Você tem 5% de chance de ganhar recursos em dobro de objetos quebráveis.,У вас есть 5% шанс получить вдвое больше ресурсов из разрушаемых объектов.,Hai una probabilità del 5% di ottenere risorse doppie dagli oggetti distruttibili.,你有 5% 的機率從可破壞物體中獲得雙倍資源。,你有5%的概率在可破坏物处获取双倍资源。,부서지는 물체에서 자원을 두 배로 획득할 확률이 5% 있습니다.,Masz 5% szansy na zdobycie podwójnej ilości zasobów z niszczalnych obiektów.,"У вас є 5% шанс отримати подвійні ресурси з об'єктів, що можна розбити.",Je hebt 5% kans om dubbele grondstoffen te krijgen van breekbare objecten.,Kırılabilir nesnelerden çift kaynak kazanmak için %5 şansın var.
L_CARD_SOULFLAYER2,,You have a 5% chance to gain double resources from breakable objects.,壊せるオブジェクトから資源を獲得する際、5%の確率で2倍の資源を得ることができる。,"Du hast eine 5% Chance, doppelte Ressourcen aus zerstörbaren Objekten zu erhalten.",Vous avez 5% de chances d'obtenir deux fois plus de ressources des objets destructibles.,Tienes un 5% de probabilidad de obtener el doble de recursos de los objetos rompibles.,Você tem 5% de chance de obter recursos em dobro de objetos quebráveis.,У вас есть 5% шанс получить вдвое больше ресурсов из разрушаемых объектов.,Hai una probabilità del 5% di ottenere risorse doppie dagli oggetti distruttibili.,你有 5% 的機率從可破壞物體中獲得雙倍資源。,你有5%的概率在可破坏物处获取双倍资源。,부서지는 물체에서 자원을 두 배로 획득할 확률이 5% 있습니다.,Masz 5% szansy na zdobycie podwójnej ilości zasobów z niszczalnych obiektów.,"У вас є 5% шанс отримати подвійні ресурси з об'єктів, що можна розбити.",Je hebt 5% kans om dubbele grondstoffen te krijgen van breekbare objecten.,Kırılabilir nesnelerden çift kaynak kazanmak için %5 şansın var.
L_CARD_SOULFLAYER3,,You have a 5% chance to gain double resources from breakable objects.,壊せるオブジェクトから資源を獲得する際、5%の確率で2倍の資源を得ることができる。,"Du hast eine 5% Chance, doppelte Ressourcen aus zerstörbaren Objekten zu erhalten.",Vous avez 5% de chances d'obtenir le double de ressources des objets destructibles.,Tienes un 5% de probabilidad de obtener el doble de recursos de los objetos rompibles.,Você tem 5% de chance de obter recursos em dobro de objetos quebráveis.,У вас есть 5% шанс получить вдвое больше ресурсов из разрушаемых объектов.,Hai una probabilità del 5% di ottenere risorse doppie dagli oggetti distruttibili.,你有 5% 的機率從可破壞物體中獲得雙倍資源。,你有5%的概率在可破坏物处获取双倍资源。,부서지는 물체에서 자원을 두 배로 획득할 확률이 5% 있습니다.,Masz 5% szansy na zdobycie podwójnej ilości zasobów z niszczalnych obiektów.,"У вас є 5% шанс отримати подвійні ресурси з об'єктів, що можна розбити.",Je hebt 5% kans om dubbele grondstoffen te krijgen van breekbare objecten.,Kırılabilir nesnelerden çift kaynak kazanmak için %5 şansın var.
L_CARD_UNGUIDED1,,Your creatures have 1 more base {STAT_health}.,あなたの生物の基本{STAT_health}が1増加する。,Deine Kreaturen haben 1 mehr Basis-{STAT_health}.,Vos créatures ont 1 point de {STAT_health} de base supplémentaire.,Tus criaturas tienen 1 más de {STAT_health} base.,Suas criaturas têm 1 a mais de {STAT_health} base.,У ваших существ на 1 больше базового {STAT_health}.,Le tue creature hanno 1 {STAT_health} base in più.,你的生物基礎{STAT_health}增加1點。,你的生物的基础{STAT_health}+1。,당신의 생물들은 기본 {STAT_health}이(가) 1 더 있습니다.,Twoje stworzenia mają o 1 więcej bazowego {STAT_health}.,Ваші істоти мають на 1 більше базове {STAT_health}.,Je wezens hebben 1 meer basis {STAT_health}.,Yaratıklarının temel {STAT_health} değeri 1 daha fazla.
L_CARD_UNGUIDED2,,Your creatures have 1 more base {STAT_health}.,あなたの生物の基本{STAT_health}が1増加する。,Deine Kreaturen haben 1 mehr Basis-{STAT_health}.,Vos créatures ont 1 point de {STAT_health} de base supplémentaire.,Tus criaturas tienen 1 más de {STAT_health} base.,Suas criaturas têm 1 a mais de {STAT_health} base.,У ваших существ на 1 больше базового {STAT_health}.,Le tue creature hanno 1 {STAT_health} base in più.,你的生物基礎{STAT_health}增加1點。,你的生物的基础{STAT_health}+1。,당신의 생물들은 기본 {STAT_health}이(가) 1 더 있습니다.,Twoje stworzenia mają o 1 więcej bazowego {STAT_health}.,Ваші істоти мають на 1 більше базове {STAT_health}.,Je wezens hebben 1 meer basis {STAT_health}.,Yaratıklarının temel {STAT_health} değeri 1 daha fazla.
L_CARD_UNGUIDED3,,Your creatures have 1 more base {STAT_health}.,あなたの生物の基本{STAT_health}が1増加する。,Deine Kreaturen haben 1 mehr Basis-{STAT_health}.,Vos créatures ont 1 point de {STAT_health} de base supplémentaire.,Tus criaturas tienen 1 más de {STAT_health} base.,Suas criaturas têm 1 a mais de {STAT_health} base.,У ваших существ на 1 больше базового {STAT_health}.,Le tue creature hanno 1 {STAT_health} base in più.,你的生物基礎{STAT_health}增加1點。,你的生物的基础{STAT_health}+1。,당신의 생물들은 기본 {STAT_health}이(가) 1 더 있습니다.,Twoje stworzenia mają o 1 więcej bazowego {STAT_health}.,Ваші істоти мають на 1 більше базове {STAT_health}.,Je wezens hebben 1 meer basis {STAT_health}.,Yaratıklarının temel {STAT_health} değeri 1 daha fazla.
L_CARD_CONCOCTION1,,Enemies with {CONDNAME_DEBUFF_DISARMED} have a 10% lower chance to Dodge.,{CONDNAME_DEBUFF_DISARMED}状態の敵は回避率が10%低下する。,Gegner mit {CONDNAME_DEBUFF_DISARMED} haben eine 10% geringere Chance auszuweichen.,Les ennemis avec {CONDNAME_DEBUFF_DISARMED} ont 10% de chances en moins d'Esquiver.,Los enemigos con {CONDNAME_DEBUFF_DISARMED} tienen un 10% menos de probabilidad de Esquivar.,Inimigos com {CONDNAME_DEBUFF_DISARMED} têm 10% menos chance de Esquivar.,Враги с {CONDNAME_DEBUFF_DISARMED} имеют на 10% меньше шанса Уклониться.,I nemici con {CONDNAME_DEBUFF_DISARMED} hanno una probabilità di Schivata ridotta del 10%.,帶有{CONDNAME_DEBUFF_DISARMED}的敵人閃避機率降低10%。,带有{CONDNAME_DEBUFF_DISARMED}的敌人闪避几率降低10%。,{CONDNAME_DEBUFF_DISARMED} 상태의 적은 회피 확률이 10% 감소합니다.,Wrogowie z {CONDNAME_DEBUFF_DISARMED} mają o 10% mniejszą szansę na Unik.,Вороги з {CONDNAME_DEBUFF_DISARMED} мають на 10% меншу ймовірність Ухилення.,Vijanden met {CONDNAME_DEBUFF_DISARMED} hebben 10% minder kans om te Ontwijken.,{CONDNAME_DEBUFF_DISARMED} olan düşmanların Kaçınma şansı %10 daha düşüktür.
L_CARD_CONCOCTION2,,Enemies with {CONDNAME_DEBUFF_DISARMED} have a 15% lower chance to deal critical damage.,{CONDNAME_DEBUFF_DISARMED}状態の敵は、クリティカルダメージを与える確率が15%低下する。,"Gegner mit {CONDNAME_DEBUFF_DISARMED} haben eine 15% geringere Chance, kritischen Schaden zu verursachen.",Les ennemis avec {CONDNAME_DEBUFF_DISARMED} ont 15% de chances en moins d'infliger des dégâts critiques.,Los enemigos con {CONDNAME_DEBUFF_DISARMED} tienen un 15% menos de probabilidad de infligir daño crítico.,Inimigos com {CONDNAME_DEBUFF_DISARMED} têm 15% menos chance de causar dano crítico.,Враги с {CONDNAME_DEBUFF_DISARMED} имеют на 15% меньше шанса нанести критический урон.,I nemici con {CONDNAME_DEBUFF_DISARMED} hanno una probabilità del 15% inferiore di infliggere danni critici.,帶有{CONDNAME_DEBUFF_DISARMED}的敵人造成暴擊傷害的機率降低15%。,带有{CONDNAME_DEBUFF_DISARMED}的敌人造成暴击伤害的几率降低15%。,{CONDNAME_DEBUFF_DISARMED} 상태의 적은 치명타 피해를 입힐 확률이 15% 감소합니다.,Wrogowie z {CONDNAME_DEBUFF_DISARMED} mają o 15% mniejszą szansę na zadanie obrażeń krytycznych.,Вороги з {CONDNAME_DEBUFF_DISARMED} мають на 15% меншу ймовірність завдати критичної шкоди.,Vijanden met {CONDNAME_DEBUFF_DISARMED} hebben 15% minder kans om kritieke schade toe te brengen.,{CONDNAME_DEBUFF_DISARMED} olan düşmanların kritik hasar verme şansı %15 daha düşüktür.
L_CARD_CONCOCTION3,,Enemies with {CONDNAME_DEBUFF_DISARMED} take 5% more damage.,{CONDNAME_DEBUFF_DISARMED}状態の敵は5%多くのダメージを受ける。,Gegner mit {CONDNAME_DEBUFF_DISARMED} erleiden 5% mehr Schaden.,Les ennemis avec {CONDNAME_DEBUFF_DISARMED} subissent 5% de dégâts supplémentaires.,Los enemigos con {CONDNAME_DEBUFF_DISARMED} reciben un 5% más de daño.,Inimigos com {CONDNAME_DEBUFF_DISARMED} recebem 5% a mais de dano.,Враги с {CONDNAME_DEBUFF_DISARMED} получают на 5% больше урона.,I nemici con {CONDNAME_DEBUFF_DISARMED} subiscono il 5% di danni in più.,帶有{CONDNAME_DEBUFF_DISARMED}的敵人受到的傷害增加5%。,带有{CONDNAME_DEBUFF_DISARMED}的敌人受到的伤害增加5%。,{CONDNAME_DEBUFF_DISARMED} 상태의 적은 5% 더 많은 피해를 받습니다.,Wrogowie z {CONDNAME_DEBUFF_DISARMED} otrzymują 5% więcej obrażeń.,Вороги з {CONDNAME_DEBUFF_DISARMED} отримують на 5% більше шкоди.,Vijanden met {CONDNAME_DEBUFF_DISARMED} krijgen 5% meer schade.,{CONDNAME_DEBUFF_DISARMED} olan düşmanlar %5 daha fazla hasar alır.
L_CARD_MANIAC1,,Your creatures deal 35% more damage while they're dead.,死んでいる間、あなたの生物は35%多くのダメージを与える。,"Deine Kreaturen verursachen 35% mehr Schaden, während sie tot sind.",Vos créatures infligent 35% de dégâts supplémentaires lorsqu'elles sont mortes.,Tus criaturas infligen un 35% más de daño mientras están muertas.,Suas criaturas causam 35% a mais de dano enquanto estão mortas.,"Ваши существа наносят на 35% больше урона, пока они мертвы.",Le tue creature infliggono il 35% di danni in più quando sono morte.,你的生物在死亡時造成的傷害提高35%。,你的生物在死亡状态下造成的伤害提高35%。,당신의 생물들은 죽어있는 동안 35% 더 많은 피해를 입힙니다.,"Twoje stworzenia zadają o 35% więcej obrażeń, gdy są martwe.","Ваші істоти завдають на 35% більше шкоди, поки вони мертві.",Je wezens doen 35% meer schade terwijl ze dood zijn.,Yaratıkların öldüklerinde %35 daha fazla hasar verir.
L_CARD_MANIAC2,,Your creatures deal 35% more damage while they're dead.,死んでいる間、あなたの生物は35%多くのダメージを与える。,"Deine Kreaturen verursachen 35% mehr Schaden, während sie tot sind.",Vos créatures infligent 35% de dégâts supplémentaires lorsqu'elles sont mortes.,Tus criaturas infligen un 35% más de daño mientras están muertas.,Suas criaturas causam 35% a mais de dano enquanto estão mortas.,"Ваши существа наносят на 35% больше урона, пока они мертвы.",Le tue creature infliggono il 35% di danni in più quando sono morte.,你的生物在死亡狀態時造成的傷害提高35%。,你的生物在死亡状态下造成的伤害提高35%。,당신의 생물들은 죽어있는 동안 35% 더 많은 피해를 입힙니다.,"Twoje stworzenia zadają o 35% więcej obrażeń, gdy są martwe.","Ваші істоти завдають на 35% більше шкоди, поки вони мертві.",Je wezens doen 35% meer schade terwijl ze dood zijn.,Yaratıkların öldüklerinde %35 daha fazla hasar verir.
L_CARD_MANIAC3,,Your creatures deal 35% more damage while they're dead.,死んでいる間、あなたの生物は35%多くのダメージを与える。,"Deine Kreaturen verursachen 35% mehr Schaden, während sie tot sind.",Vos créatures infligent 35% de dégâts supplémentaires lorsqu'elles sont mortes.,Tus criaturas infligen un 35% más de daño mientras están muertas.,Suas criaturas causam 35% a mais de dano enquanto estão mortas.,"Ваши существа наносят на 35% больше урона, пока они мертвы.",Le tue creature infliggono il 35% di danni in più quando sono morte.,你的生物在死亡狀態時造成的傷害提高35%。,你的生物在死亡状态下造成的伤害提高35%。,당신의 생물들은 죽어있는 동안 35% 더 많은 피해를 입힙니다.,"Twoje stworzenia zadają o 35% więcej obrażeń, gdy są martwe.","Ваші істоти завдають на 35% більше шкоди, поки вони мертві.",Je wezens doen 35% meer schade terwijl ze dood zijn.,Yaratıkların ölüyken %35 daha fazla hasar verir.
L_CARD_TOXDWELLER1,,Enemies take 25% more damage from their {CONDNAME_DEBUFF_BOMB} debuffs.,敵は{CONDNAME_DEBUFF_BOMB}デバフからのダメージを25%多く受ける。,Feinde erleiden 25% mehr Schaden durch ihre {CONDNAME_DEBUFF_BOMB}-Schwächungen.,Les ennemis subissent 25% de dégâts supplémentaires de leurs affaiblissements {CONDNAME_DEBUFF_BOMB}.,Los enemigos reciben un 25% más de daño de sus debuffs de {CONDNAME_DEBUFF_BOMB}.,Inimigos recebem 25% a mais de dano de seus debuffs de {CONDNAME_DEBUFF_BOMB}.,Враги получают на 25% больше урона от своих дебаффов {CONDNAME_DEBUFF_BOMB}.,I nemici subiscono il 25% in più di danni dai loro debuff {CONDNAME_DEBUFF_BOMB}.,敵人受到來自其{CONDNAME_DEBUFF_BOMB}減益效果的傷害增加25%。,敌人受到来自其{CONDNAME_DEBUFF_BOMB}减益的伤害提高25%。,적들은 {CONDNAME_DEBUFF_BOMB} 디버프로부터 25% 더 많은 피해를 받습니다.,Wrogowie otrzymują o 25% więcej obrażeń od swoich debuffów {CONDNAME_DEBUFF_BOMB}.,Вороги отримують на 25% більше шкоди від своїх дебафів {CONDNAME_DEBUFF_BOMB}.,Vijanden krijgen 25% meer schade van hun {CONDNAME_DEBUFF_BOMB} debuffs.,Düşmanlar {CONDNAME_DEBUFF_BOMB} zayıflatma etkilerinden %25 daha fazla hasar alır.
L_CARD_TOXDWELLER2,,Increases the amount of {STAT_speed} added to the {CONDNAME_DEBUFF_BOMB} debuffs your creatures apply by 25%.,{STAT_speed}を{CONDNAME_DEBUFF_BOMB}デバフに追加する量を25%増加させます。,"Erhöht die Menge an {STAT_speed}, die zu den von deinen Kreaturen angewendeten {CONDNAME_DEBUFF_BOMB}-Schwächungszaubern hinzugefügt wird, um 25%.",Augmente de 25% la quantité de {STAT_speed} ajoutée aux malus {CONDNAME_DEBUFF_BOMB} que vos créatures appliquent.,Aumenta en un 25% la cantidad de {STAT_speed} añadida a los perjuicios {CONDNAME_DEBUFF_BOMB} que aplican tus criaturas.,Aumenta em 25% a quantidade de {STAT_speed} adicionada aos debuffs {CONDNAME_DEBUFF_BOMB} que suas criaturas aplicam.,"Увеличивает количество {STAT_speed}, добавляемое к дебаффам {CONDNAME_DEBUFF_BOMB}, которые накладывают ваши существа, на 25%.",Aumenta del 25% la quantità di {STAT_speed} aggiunta ai debuff {CONDNAME_DEBUFF_BOMB} che le tue creature applicano.,增加你的生物施加的{CONDNAME_DEBUFF_BOMB}減益效果中{STAT_speed}的數值25%。,你的生物对敌人施加{CONDNAME_DEBUFF_BOMB}减益时，作用的{STAT_speed}提高25%。,당신의 생물이 적용하는 {CONDNAME_DEBUFF_BOMB} 디버프에 추가되는 {STAT_speed} 양을 25% 증가시킵니다.,Zwiększa ilość {STAT_speed} dodawaną do debuffów {CONDNAME_DEBUFF_BOMB} nakładanych przez twoje stworzenia o 25%.,"Збільшує кількість {STAT_speed}, що додається до дебафів {CONDNAME_DEBUFF_BOMB}, які накладають ваші істоти, на 25%.",Verhoogt de hoeveelheid {STAT_speed} die wordt toegevoegd aan de {CONDNAME_DEBUFF_BOMB} debuffs die je wezens toepassen met 25%.,{STAT_speed} istatistiğinin yaratıklarınızın uyguladığı {CONDNAME_DEBUFF_BOMB} zayıflatmalarına eklenen miktarını %25 artırır.
L_CARD_TOXDWELLER3,,Enemies take 25% more damage from their {CONDNAME_DEBUFF_BOMB} debuffs.,敵は{CONDNAME_DEBUFF_BOMB}デバフからのダメージを25%多く受ける。,Feinde erleiden 25% mehr Schaden durch ihre {CONDNAME_DEBUFF_BOMB}-Schwächungen.,Les ennemis subissent 25% de dégâts supplémentaires de leurs affaiblissements {CONDNAME_DEBUFF_BOMB}.,Los enemigos reciben un 25% más de daño de sus debuffs de {CONDNAME_DEBUFF_BOMB}.,Inimigos recebem 25% a mais de dano de seus debuffs de {CONDNAME_DEBUFF_BOMB}.,Враги получают на 25% больше урона от своих дебаффов {CONDNAME_DEBUFF_BOMB}.,I nemici subiscono il 25% in più di danni dai loro debuff {CONDNAME_DEBUFF_BOMB}.,敵人受到來自其{CONDNAME_DEBUFF_BOMB}減益效果的傷害增加25%。,敌人受到来自其{CONDNAME_DEBUFF_BOMB}减益的伤害提高25%。,적들은 {CONDNAME_DEBUFF_BOMB} 디버프로부터 25% 더 많은 피해를 받습니다.,Wrogowie otrzymują o 25% więcej obrażeń od swoich debuffów {CONDNAME_DEBUFF_BOMB}.,Вороги отримують на 25% більше шкоди від своїх дебафів {CONDNAME_DEBUFF_BOMB}.,Vijanden krijgen 25% meer schade van hun {CONDNAME_DEBUFF_BOMB} debuffs.,Düşmanlar {CONDNAME_DEBUFF_BOMB} debufflarından %25 daha fazla hasar alır.
L_CARD_CARBUNCLE1,,Your creatures deal 1% more damage for each spell they've cast.,生物たちが唱えた呪文1つにつき、与えるダメージが1%増加する。,"Deine Kreaturen verursachen 1% mehr Schaden für jeden Zauber, den sie gewirkt haben.",Vos créatures infligent 1% de dégâts supplémentaires pour chaque sort qu'elles ont lancé.,Tus criaturas infligen 1% más de daño por cada hechizo que hayan lanzado.,Suas criaturas causam 1% a mais de dano para cada feitiço que elas lançaram.,"Ваши существа наносят на 1% больше урона за каждое заклинание, которое они применили.",Le tue creature infliggono l'1% di danno in più per ogni incantesimo che hanno lanciato.,你的生物每施放一個法術，傷害增加1%。,你的生物每施放一个法术，造成的伤害就增加1%。,당신의 생물들은 시전한 주문 하나당 1% 더 많은 피해를 입힙니다.,Twoje stworzenia zadają 1% więcej obrażeń za każde rzucone przez nie zaklęcie.,"Ваші істоти завдають на 1% більше шкоди за кожне закляття, яке вони використали.",Je wezens doen 1% meer schade voor elke spreuk die ze hebben uitgesproken.,"Yaratıkların, her kullandıkları büyü için %1 daha fazla hasar verir."
L_CARD_CARBUNCLE2,,Your creatures take 1% less damage for each spell they've cast.,自分のクリーチャーは、彼らが唱えた呪文1つにつき、受けるダメージが1%減少する。,"Deine Kreaturen erleiden 1% weniger Schaden für jeden Zauber, den sie gewirkt haben.",Vos créatures subissent 1% de dégâts en moins pour chaque sort qu'elles ont lancé.,Tus criaturas reciben 1% menos de daño por cada hechizo que hayan lanzado.,Suas criaturas recebem 1% menos de dano para cada feitiço que lançaram.,"Ваши существа получают на 1% меньше урона за каждое заклинание, которое они применили.",Le tue creature subiscono l'1% in meno di danni per ogni incantesimo che hanno lanciato.,你的生物每施放一個法術，受到的傷害減少1%。,你的生物每施放一个法术，受到的伤害就减少1%。,당신의 생물들은 시전한 주문 1개당 1%의 피해를 덜 받습니다.,Twoje stworzenia otrzymują 1% mniej obrażeń za każde rzucone przez nie zaklęcie.,"Ваші істоти отримують на 1% менше шкоди за кожне закляття, яке вони використали.",Je wezens krijgen 1% minder schade voor elke spreuk die ze hebben uitgesproken.,"Yaratıkların, her kullandıkları büyü için %1 daha az hasar alır."
L_CARD_CARBUNCLE3,,Doubles the potency of these effects.,これらの効果の効力を2倍にする。,Verdoppelt die Effektstärke dieser Effekte.,Double la puissance de ces effets.,Duplica la potencia de estos efectos.,Dobra a potência desses efeitos.,Удваивает силу этих эффектов.,Raddoppia la potenza di questi effetti.,使這些效果的效力加倍。,使这些效果的效能翻倍。,이러한 효과의 효능을 두 배로 증가시킵니다.,Podwaja skuteczność tych efektów.,Подвоює силу цих ефектів.,Verdubbelt de kracht van deze effecten.,Bu etkilerin gücünü iki katına çıkarır.
L_CARD_GEMLING1,,Your creatures' Ethereal Spell Gems heal 15% more.,自分のクリーチャーのエーテルスペルジェムの回復量が15%増加する。,Deine Kreaturen heilen durch Ätherische Zaubersteine 15% mehr.,Les Gemmes de Sort Éthérées de vos créatures soignent 15% de plus.,Tus criaturas con Gemas de Hechizo Etéreas curan un 15% más.,Suas criaturas com Gemas de Feitiço Etéreas curam 15% a mais.,Ваши существа восстанавливают на 15% больше здоровья от Эфирных Самоцветов Заклинаний.,Le Gemme Incantate Eteree delle tue creature curano il 15% in più.,你的生物的乙太法術寶石治療量提高15%。,你的生物的虚幻法术宝石治疗效果提高15%。,당신의 생물들의 에테르 주문 보석이 15% 더 많이 치유합니다.,Klejnoty Zaklęć Eterycznych twoich stworzeń leczą o 15% więcej.,Ваші істоти зцілюють на 15% більше від Ефірних Самоцвітів Заклинань.,Je wezens' Etherische Spreukstenen genezen 15% meer.,Yaratıklarının Esrarengiz Büyü Taşları %15 daha fazla iyileştirir.
L_CARD_GEMLING2,,Your creatures' Ethereal Spell Gems increase/decrease stats 15% more.,使い魔のエーテル魔石による能力値の増減効果が15%上昇する。,Die ätherischen Zaubersteine deiner Kreaturen erhöhen/verringern Werte um 15% mehr.,Les Gemmes de Sort Éthérées de vos créatures augmentent/diminuent les statistiques de 15% en plus.,Tus gemas de hechizo etéreas de las criaturas aumentan/disminuyen las estadísticas un 15% más.,As criaturas de Pedras de Feitiço Etéreas aumentam/diminuem atributos 15% a mais.,Самоцветы эфирных заклинаний ваших существ увеличивают/уменьшают характеристики на 15% эффективнее.,Le Gemme Incantate Eteree delle tue creature aumentano/diminuiscono le statistiche del 15% in più.,你的生物的乙太法術寶石增加/減少屬性的效果提升15%。,你的生物的虚幻法术宝石增加/降低的属性值增加15%。,당신의 생물들의 에테르 주문 보석이 능력치를 15% 더 증가/감소시킵니다.,Klejnoty Eterycznych Zaklęć twoich stworzeń zwiększają/zmniejszają statystyki o 15% więcej.,Самоцвіти ефірних заклинань ваших істот збільшують/зменшують характеристики на 15% більше.,Je wezens' Etherische Spreukstenen verhogen/verlagen statistieken 15% meer.,Yaratıklarının Esrarengiz Büyü Taşları istatistikleri %15 daha fazla artırır/azaltır.
L_CARD_GEMLING3,,Your creatures' Ethereal Spell Gems deal 15% more damage.,使い魔のエーテル魔法石が与えるダメージが15%増加する。,Deine Kreaturen verursachen mit Ätherischen Zaubersteinen 15% mehr Schaden.,Les Gemmes de Sort Éthérées de vos créatures infligent 15% de dégâts supplémentaires.,Tus gemas de hechizo etéreas de las criaturas infligen un 15% más de daño.,Suas criaturas com Gemas de Feitiço Etéreas causam 15% a mais de dano.,Самоцветы эфирных заклинаний ваших существ наносят на 15% больше урона.,Le Gemme Incantate Eteree delle tue creature infliggono il 15% di danni in più.,你的生物的乙太法術寶石造成的傷害提高15%。,你的生物的虚幻法术宝石造成的伤害提高15%。,당신의 생물들의 에테르 주문 보석이 15% 더 많은 피해를 입힙니다.,Klejnoty Eterycznych Zaklęć twoich stworzeń zadają o 15% więcej obrażeń.,Самоцвіти ефірних заклинань ваших істот завдають на 15% більше шкоди.,Je wezens' Etherische Spreukstenen doen 15% meer schade.,Yaratıklarının Esrarengiz Büyü Taşları %15 daha fazla hasar verir.
L_CARD_CRUNCHER1,,Your creatures deal 3% more damage to enemies for each Sealed Spell Gem the enemy has.,敵が持つ封印された呪文の宝石1つにつき、あなたの生物は敵に3%多くのダメージを与える。,"Deine Kreaturen verursachen 3% mehr Schaden an Feinden für jeden versiegelten Zauberstein, den der Feind besitzt.",Vos créatures infligent 3% de dégâts supplémentaires aux ennemis pour chaque Gemme de Sort Scellée que l'ennemi possède.,Tus criaturas infligen un 3% más de daño a los enemigos por cada Gema de Hechizo Sellada que tenga el enemigo.,Suas criaturas causam 3% a mais de dano aos inimigos para cada Gema de Feitiço Selada que o inimigo possui.,"Ваши существа наносят на 3% больше урона врагам за каждый Запечатанный Камень Заклинаний, имеющийся у врага.",Le tue creature infliggono il 3% di danno in più ai nemici per ogni Gemma Incantesimo Sigillata che il nemico possiede.,敵人每有一個封印的法術寶石，你的生物對其造成的傷害就會增加3%。,敌人拥有的每个被封印的法术宝石，都会使你的生物造成的伤害增加3%。,적이 가진 봉인된 주문 보석 하나당 당신의 생물이 적에게 3% 더 많은 피해를 입힙니다.,"Twoje stworzenia zadają o 3% więcej obrażeń wrogom za każdy Zapieczętowany Klejnot Zaklęcia, który posiada przeciwnik.","Ваші істоти завдають на 3% більше шкоди ворогам за кожен Запечатаний Камінь Заклинання, який має ворог.",Je wezens doen 3% meer schade aan vijanden voor elke Verzegelde Spreuksteen die de vijand heeft.,Düşmanlarınızın sahip olduğu her Mühürlü Büyü Taşı için yaratıklarınız düşmanlara %3 daha fazla hasar verir.
L_CARD_CRUNCHER2,,Your creatures take 3% less damage for each Sealed Spell Gem the enemy has.,敵が持つ封印された呪文の宝石1つにつき、あなたの生物が受けるダメージが3%減少する。,"Deine Kreaturen erleiden 3% weniger Schaden für jeden versiegelten Zauberstein, den der Gegner besitzt.",Vos créatures subissent 3% de dégâts en moins pour chaque Gemme de Sort Scellée que possède l'ennemi.,Tus criaturas reciben un 3% menos de daño por cada Gema de Hechizo Sellada que tenga el enemigo.,Suas criaturas recebem 3% menos dano para cada Gema de Feitiço Selada que o inimigo possui.,Ваши существа получают на 3% меньше урона за каждый Запечатанный Камень Заклинаний у противника.,Le tue creature subiscono il 3% in meno di danni per ogni Gemma Incantesimo Sigillata che il nemico possiede.,敵人每有一個封印的法術寶石，你的生物受到的傷害減少3%。,敌人拥有的每个被封印的法术宝石，都会使你的生物受到的伤害减少3%。,적이 가진 봉인된 주문 보석 하나당 당신의 생물들이 받는 피해가 3% 감소합니다.,"Twoje stworzenia otrzymują o 3% mniej obrażeń za każdy Zapieczętowany Klejnot Zaklęcia, który posiada przeciwnik.","Ваші істоти отримують на 3% менше шкоди за кожен Запечатаний Самоцвіт Заклинання, який має ворог.",Je wezens krijgen 3% minder schade voor elke Verzegelde Spreuksteen die de vijand heeft.,Düşmanın sahip olduğu her Mühürlü Büyü Taşı için yaratıkların %3 daha az hasar alır.
L_CARD_CRUNCHER3,,Doubles the potency of these effects.,これらの効果の効力を2倍にする。,Verdoppelt die Effektstärke dieser Effekte.,Double la puissance de ces effets.,Duplica la potencia de estos efectos.,Dobra a potência desses efeitos.,Удваивает силу этих эффектов.,Raddoppia la potenza di questi effetti.,使這些效果的效力加倍。,使这些效果的效能翻倍。,이러한 효과의 효능을 두 배로 증가시킵니다.,Podwaja skuteczność tych efektów.,Подвоює силу цих ефектів.,Verdubbelt de kracht van deze effecten.,Bu etkilerin gücünü iki katına çıkarır.
L_CARD_NIHILIST1,,Your creatures' Spell Gems have a 5% chance to not consume {STAT_charges}.,味方の生物の呪文宝石は5%の確率で{STAT_charges}を消費しなくなる。,"Deine Kreaturen-Zaubersteine haben eine 5% Chance, keine {STAT_charges} zu verbrauchen.",Vos créatures ont 5% de chances que leurs Gemmes de Sort ne consomment pas de {STAT_charges}.,Tus criaturas tienen un 5% de probabilidad de que sus Gemas de Hechizo no consuman {STAT_charges}.,As criaturas do seu Gemas de Feitiço têm 5% de chance de não consumir {STAT_charges}.,У самоцветов заклинаний ваших существ есть 5% шанс не потратить {STAT_charges}.,Le Gemme Incantesimo delle tue creature hanno il 5% di probabilità di non consumare {STAT_charges}.,你的生物的法術寶石有 5% 的機率不消耗{STAT_charges}。,你的生物的法术宝石有5%几率不消耗{STAT_charges}。,당신의 생물의 주문 보석은 {STAT_charges}를 소모하지 않을 확률이 5% 있습니다.,Klejnoty Zaklęć twoich stworzeń mają 5% szansy na niewykorzystanie {STAT_charges}.,Самоцвіти заклинань ваших істот мають 5% шанс не витрачати {STAT_charges}.,Je wezens' Spreukstenen hebben 5% kans om geen {STAT_charges} te verbruiken.,"Yaratıklarınızın Büyü Taşları, {STAT_charges} tüketmeme şansına %5 sahiptir."
L_CARD_NIHILIST2,,Your creatures' Spell Gems have a 5% chance to not consume {STAT_charges}.,味方の生物の呪文宝石は5%の確率で{STAT_charges}を消費しなくなる。,"Deine Kreaturen-Zaubersteine haben eine 5% Chance, keine {STAT_charges} zu verbrauchen.",Vos créatures ont 5% de chances que leurs Gemmes de Sort ne consomment pas de {STAT_charges}.,Tus criaturas tienen un 5% de probabilidad de que sus Gemas de Hechizo no consuman {STAT_charges}.,As criaturas do seu Spell Gems têm 5% de chance de não consumir {STAT_charges}.,У ваших существ самоцветы заклинаний имеют 5% шанс не потратить {STAT_charges}.,Le Gemme Incantesimo delle tue creature hanno il 5% di probabilità di non consumare {STAT_charges}.,你的生物的法術寶石有 5% 的機率不消耗{STAT_charges}。,你的生物的法术宝石有5%几率不消耗{STAT_charges}。,당신의 생물의 주문 보석은 {STAT_charges}를 소모하지 않을 확률이 5% 있습니다.,Klejnoty Zaklęć twoich stworzeń mają 5% szansy na niewykorzystanie {STAT_charges}.,Самоцвіти заклинань ваших істот мають 5% шанс не витрачати {STAT_charges}.,Je wezens' Spreukstenen hebben 5% kans om geen {STAT_charges} te verbruiken.,"Yaratıklarınızın Büyü Taşları, {STAT_charges} tüketmeme şansına %5 sahiptir."
L_CARD_NIHILIST3,,Your creatures' Spell Gems have a 5% chance to not consume {STAT_charges}.,味方の生物の呪文宝石は5%の確率で{STAT_charges}を消費しなくなる。,"Deine Kreaturen-Zaubersteine haben eine 5% Chance, keine {STAT_charges} zu verbrauchen.",Vos créatures ont 5% de chances que leurs Gemmes de Sort ne consomment pas de {STAT_charges}.,Tus criaturas tienen un 5% de probabilidad de que sus Gemas de Hechizo no consuman {STAT_charges}.,As criaturas do seu Gemas de Feitiço têm 5% de chance de não consumir {STAT_charges}.,У ваших существ самоцветы заклинаний имеют 5% шанс не потратить {STAT_charges}.,Le Gemme Incantesimo delle tue creature hanno il 5% di probabilità di non consumare {STAT_charges}.,你的生物的法術寶石有 5% 的機率不消耗{STAT_charges}。,你的生物的法术宝石有5%几率不消耗{STAT_charges}。,당신의 생물의 주문 보석은 {STAT_charges}를 소모하지 않을 확률이 5% 있습니다.,Klejnoty Zaklęć twoich stworzeń mają 5% szansy na niewykorzystanie {STAT_charges}.,Самоцвіти заклинань ваших істот мають 5% шанс не витрачати {STAT_charges}.,Je wezens' Spreukstenen hebben 5% kans om geen {STAT_charges} te verbruiken.,"Yaratıklarınızın Büyü Taşları, {STAT_charges} tüketmeme şansına %5 sahiptir."
L_CARD_ELECTROPOD1,,You gain 30% more {RES_ESSENCE} from battles.,戦闘から得られる{RES_ESSENCE}が30%増加する。,Du erhältst 30% mehr {RES_ESSENCE} aus Kämpfen.,Vous gagnez 30% de {RES_ESSENCE} en plus lors des combats.,Obtienes un 30% más de {RES_ESSENCE} de las batallas.,Você ganha 30% mais {RES_ESSENCE} em batalhas.,Вы получаете на 30% больше {RES_ESSENCE} из сражений.,Ottieni il 30% in più di {RES_ESSENCE} dalle battaglie.,你在戰鬥中獲得的{RES_ESSENCE}增加30%。,你在战斗中获得的{RES_ESSENCE}增加30%。,전투에서 {RES_ESSENCE}를 30% 더 획득합니다.,Zyskujesz 30% więcej {RES_ESSENCE} z bitew.,Ви отримуєте на 30% більше {RES_ESSENCE} з битв.,Je krijgt 30% meer {RES_ESSENCE} uit gevechten.,Savaşlardan %30 daha fazla {RES_ESSENCE} kazanırsın.
L_CARD_ELECTROPOD2,,Increases the base amount of {RES_ESSENCE} gained from battles by 15.,戦闘から獲得する{RES_ESSENCE}の基本量を15増加させる。,"Erhöht die Basismenge an {RES_ESSENCE}, die aus Kämpfen gewonnen wird, um 15.",Augmente de 15 la quantité de base de {RES_ESSENCE} obtenue lors des combats.,Aumenta la cantidad base de {RES_ESSENCE} obtenida en batallas en un 15.,Aumenta a quantidade base de {RES_ESSENCE} obtida em batalhas em 15.,"Увеличивает базовое количество {RES_ESSENCE}, получаемого в боях, на 15.",Aumenta la quantità base di {RES_ESSENCE} ottenuta dalle battaglie del 15.,增加從戰鬥中獲得的基礎{RES_ESSENCE}數量15%。,从战斗中获取的基础{RES_ESSENCE}数量提高15。,전투에서 획득하는 {RES_ESSENCE}의 기본 양을 15만큼 증가시킵니다.,Zwiększa podstawową ilość {RES_ESSENCE} zdobywaną w bitwach o 15.,"Збільшує базову кількість {RES_ESSENCE}, отриману в боях, на 15.",Verhoogt de basishoeveelheid {RES_ESSENCE} verkregen uit gevechten met 15.,Savaşlardan kazanılan {RES_ESSENCE} temel miktarını %15 artırır.
L_CARD_ELECTROPOD3,,You have a 15% chance to gain double {RES_ESSENCE} from battles.,戦闘から{RES_ESSENCE}を2倍獲得する確率が15%あります。,"Du hast eine 15% Chance, doppeltes {RES_ESSENCE} aus Kämpfen zu erhalten.",Vous avez 15% de chances d'obtenir le double de {RES_ESSENCE} lors des combats.,Tienes un 15% de probabilidad de obtener el doble de {RES_ESSENCE} de las batallas.,Você tem 15% de chance de ganhar o dobro de {RES_ESSENCE} nas batalhas.,У вас есть 15% шанс получить вдвое больше {RES_ESSENCE} из сражений.,Hai una probabilità del 15% di ottenere il doppio di {RES_ESSENCE} dalle battaglie.,你有 15% 的機會在戰鬥中獲得雙倍的{RES_ESSENCE}。,你有15%的概率从战斗中获取双倍{RES_ESSENCE}。,전투에서 {RES_ESSENCE}를 두 배로 획득할 확률이 15% 있습니다.,Masz 15% szansy na zdobycie podwójnej ilości {RES_ESSENCE} z bitew.,У вас є 15% шанс отримати подвійну кількість {RES_ESSENCE} з битв.,Je hebt 15% kans om dubbele {RES_ESSENCE} te krijgen uit gevechten.,Savaşlardan iki kat {RES_ESSENCE} kazanmak için %15 şansın var.
L_CARD_CHERUB1,,Your creatures take 0.5% less damage from attacks for each buff they have.,味方のクリーチャーは、バフ1つにつき攻撃から受けるダメージが0.5%減少する。,"Deine Kreaturen erleiden 0,5% weniger Schaden durch Angriffe für jeden Buff, den sie haben.","Vos créatures subissent 0,5% de dégâts en moins des attaques pour chaque buff qu'elles possèdent.",Tus criaturas reciben un 0.5% menos de daño de los ataques por cada beneficio que tengan.,"Suas criaturas recebem 0,5% menos dano de ataques para cada buff que possuem.","Ваши существа получают на 0.5% меньше урона от атак за каждый положительный эффект, который на них наложен.","Le tue creature subiscono lo 0,5% in meno di danni dagli attacchi per ogni buff che possiedono.",你的生物每擁有一個增益效果，受到的攻擊傷害就減少0.5%。,你的生物每拥有一个增益，受到的攻击伤害就减少0.5%。,당신의 생물들은 가진 버프 하나당 공격으로부터 0.5% 적은 피해를 입습니다.,"Twoje stworzenia otrzymują o 0,5% mniej obrażeń od ataków za każdy posiadany buff.","Ваші істоти отримують на 0,5% менше шкоди від атак за кожен бафф, який вони мають.","Je wezens krijgen 0,5% minder schade van aanvallen voor elke buff die ze hebben.",Yaratıkların sahip oldukları her güçlendirme için saldırılardan %0.5 daha az hasar alır.
L_CARD_CHERUB2,,Your creatures take 0.5% less damage from spells for each buff they have.,味方のクリーチャーは、バフ1つにつき、呪文からのダメージを0.5%軽減する。,"Deine Kreaturen erleiden 0,5% weniger Schaden durch Zauber für jeden Buff, den sie haben.","Vos créatures subissent 0,5% de dégâts en moins des sorts pour chaque buff qu'elles possèdent.",Tus criaturas reciben un 0.5% menos de daño de hechizos por cada beneficio que tengan.,"Suas criaturas recebem 0,5% menos dano de magias para cada buff que possuem.",Ваши существа получают на 0.5% меньше урона от заклинаний за каждый имеющийся у них бафф.,"Le tue creature subiscono lo 0,5% in meno di danni dagli incantesimi per ogni buff che possiedono.",你的生物每有一個增益效果，受到的法術傷害就減少0.5%。,你的生物每拥有一个增益，受到的法术伤害就减少0.5%。,당신의 생물들은 가진 버프 하나당 주문으로부터 0.5% 적은 피해를 받습니다.,"Twoje stworzenia otrzymują o 0,5% mniej obrażeń od zaklęć za każdy posiadany buff.","Ваші істоти отримують на 0,5% менше шкоди від заклинань за кожен бафф, який вони мають.","Je wezens nemen 0,5% minder schade van spreuken voor elke buff die ze hebben.","Yaratıkların sahip oldukları her güçlendirme için büyülerden %0,5 daha az hasar alır."
L_CARD_CHERUB3,,Your creatures take 0.5% less indirect damage for each buff they have.,味方のクリーチャーは、バフ1つにつき間接ダメージを0.5%軽減する。,"Deine Kreaturen erleiden 0,5% weniger indirekten Schaden für jeden Buff, den sie haben.","Vos créatures subissent 0,5% de dégâts indirects en moins pour chaque buff qu'elles possèdent.",Tus criaturas reciben un 0.5% menos de daño indirecto por cada beneficio que tengan.,"Suas criaturas recebem 0,5% menos de dano indireto para cada bônus que possuem.",Ваши существа получают на 0.5% меньше косвенного урона за каждый имеющийся у них бафф.,"Le tue creature subiscono lo 0,5% in meno di danni indiretti per ogni buff che possiedono.",你的生物每擁有一個增益效果，所受到的間接傷害就減少0.5%。,你的生物每拥有一个增益，受到的间接伤害就减少0.5%。,당신의 생물들은 가지고 있는 버프마다 간접 피해를 0.5% 덜 받습니다.,"Twoje stworzenia otrzymują o 0,5% mniej obrażeń pośrednich za każdy posiadany buff.","Ваші істоти отримують на 0,5% менше непрямої шкоди за кожен бафф, який вони мають.","Je wezens nemen 0,5% minder indirecte schade voor elke buff die ze hebben.","Yaratıkların sahip oldukları her güçlendirme için %0,5 daha az dolaylı hasar alır."
L_CARD_MODRON1,,You gain 30% more {RES_POWER} from battles.,戦闘から得られる{RES_POWER}が30%増加する。,Du erhältst 30% mehr {RES_POWER} aus Kämpfen.,Vous gagnez 30% de {RES_POWER} supplémentaire lors des combats.,Obtienes un 30% más de {RES_POWER} de los combates.,Você ganha 30% mais {RES_POWER} em batalhas.,Вы получаете на 30% больше {RES_POWER} из сражений.,Ottieni il 30% in più di {RES_POWER} dalle battaglie.,你在戰鬥中獲得的{RES_POWER}增加30%。,你在战斗中获得的{RES_POWER}增加30%。,전투에서 {RES_POWER}를 30% 더 획득합니다.,Zyskujesz 30% więcej {RES_POWER} z bitew.,Ви отримуєте на 30% більше {RES_POWER} з битв.,Je krijgt 30% meer {RES_POWER} uit gevechten.,Savaşlardan %30 daha fazla {RES_POWER} kazanırsın.
L_CARD_MODRON2,,Increases the base amount of {RES_POWER} gained from battles by 15.,戦闘から獲得する{RES_POWER}の基本量を15増加させる。,"Erhöht die Basismenge an {RES_POWER}, die aus Kämpfen gewonnen wird, um 15.",Augmente de 15 la quantité de base de {RES_POWER} obtenue lors des combats.,Aumenta la cantidad base de {RES_POWER} obtenida en batallas en un 15.,Aumenta a quantidade base de {RES_POWER} obtida em batalhas em 15.,"Увеличивает базовое количество {RES_POWER}, получаемого в боях, на 15.",Aumenta la quantità base di {RES_POWER} ottenuta dalle battaglie del 15.,增加從戰鬥中獲得的基礎{RES_POWER}數量15%。,从战斗中获取的基础{RES_POWER}数量提高15。,전투에서 획득하는 {RES_POWER}의 기본 양을 15만큼 증가시킵니다.,Zwiększa podstawową ilość {RES_POWER} zdobywaną w bitwach o 15.,"Збільшує базову кількість {RES_POWER}, отриманої в боях, на 15.",Verhoogt de basishoeveelheid {RES_POWER} verkregen uit gevechten met 15.,Savaşlardan kazanılan {RES_POWER} temel miktarını 15 artırır.
L_CARD_MODRON3,,You have a 15% chance to gain double {RES_POWER} from battles.,戦闘で{RES_POWER}を2倍獲得する確率が15%あります。,"Du hast eine 15% Chance, doppeltes {RES_POWER} aus Kämpfen zu erhalten.",Vous avez 15% de chances d'obtenir le double de {RES_POWER} lors des combats.,Tienes un 15% de probabilidad de obtener el doble de {RES_POWER} en las batallas.,Você tem 15% de chance de ganhar o dobro de {RES_POWER} nas batalhas.,У вас есть 15% шанс получить двойную {RES_POWER} из сражений.,Hai una probabilità del 15% di ottenere il doppio di {RES_POWER} dalle battaglie.,你有 15% 的機會在戰鬥中獲得雙倍的{RES_POWER}。,你有15%的概率从战斗中获取双倍{RES_POWER}。,전투에서 {RES_POWER}를 두 배로 획득할 확률이 15%입니다.,Masz 15% szansy na uzyskanie podwójnej ilości {RES_POWER} z bitew.,У вас є 15% шанс отримати подвійну {RES_POWER} з битв.,Je hebt 15% kans om dubbele {RES_POWER} te krijgen uit gevechten.,Savaşlardan iki kat {RES_POWER} kazanmak için %15 şansın var.
L_CARD_CLOCKWORK1,,You gain 30% more {RES_GRANITE} from battles.,戦闘から得られる{RES_GRANITE}が30%増加する。,Du erhältst 30% mehr {RES_GRANITE} aus Kämpfen.,Vous gagnez 30% de {RES_GRANITE} en plus lors des combats.,Obtienes un 30% más de {RES_GRANITE} en las batallas.,Você ganha 30% mais {RES_GRANITE} em batalhas.,Вы получаете на 30% больше {RES_GRANITE} в битвах.,Ottieni il 30% in più di {RES_GRANITE} dalle battaglie.,你在戰鬥中獲得的{RES_GRANITE}增加30%。,你在战斗中获得的{RES_GRANITE}增加30%。,전투에서 {RES_GRANITE}을(를) 30% 더 획득합니다.,Zyskujesz 30% więcej {RES_GRANITE} z bitew.,Ви отримуєте на 30% більше {RES_GRANITE} з битв.,Je krijgt 30% meer {RES_GRANITE} uit gevechten.,Savaşlardan %30 daha fazla {RES_GRANITE} kazanırsın.
L_CARD_CLOCKWORK2,,Increases the base amount of {RES_GRANITE} gained from battles by 15.,戦闘から獲得する{RES_GRANITE}の基本量を15増加させる。,"Erhöht die Basismenge an {RES_GRANITE}, die aus Kämpfen gewonnen wird, um 15.",Augmente de 15 la quantité de base de {RES_GRANITE} obtenue lors des combats.,Aumenta la cantidad base de {RES_GRANITE} obtenida en batallas en un 15.,Aumenta a quantidade base de {RES_GRANITE} obtida em batalhas em 15.,"Увеличивает базовое количество {RES_GRANITE}, получаемого в боях, на 15.",Aumenta del 15 la quantità base di {RES_GRANITE} ottenuta dalle battaglie.,增加從戰鬥中獲得的基礎{RES_GRANITE}數量15%。,从战斗中获取的基础{RES_GRANITE}数量提高15。,전투에서 획득하는 {RES_GRANITE}의 기본 양을 15만큼 증가시킵니다.,Zwiększa podstawową ilość {RES_GRANITE} zdobywaną w bitwach o 15.,"Збільшує базову кількість {RES_GRANITE}, отриману в боях, на 15.",Verhoogt de basishoeveelheid {RES_GRANITE} verkregen uit gevechten met 15.,Savaşlardan kazanılan {RES_GRANITE} temel miktarını %15 artırır.
L_CARD_CLOCKWORK3,,You have a 15% chance to gain double {RES_GRANITE} from battles.,戦闘で{RES_GRANITE}を2倍獲得する確率が15%あります。,"Du hast eine 15% Chance, doppeltes {RES_GRANITE} aus Kämpfen zu erhalten.",Vous avez 15% de chances d'obtenir le double de {RES_GRANITE} lors des combats.,Tienes un 15% de probabilidad de obtener el doble de {RES_GRANITE} en las batallas.,Você tem 15% de chance de ganhar o dobro de {RES_GRANITE} em batalhas.,У вас есть 15% шанс получить вдвое больше {RES_GRANITE} в битвах.,Hai una probabilità del 15% di ottenere il doppio di {RES_GRANITE} dalle battaglie.,你有 15% 的機會在戰鬥中獲得雙倍的{RES_GRANITE}。,你有15%的概率从战斗中获取双倍{RES_GRANITE}。,전투에서 {RES_GRANITE}를 두 배로 획득할 확률이 15% 있습니다.,Masz 15% szansy na podwojenie {RES_GRANITE} z bitew.,У вас є 15% шанс отримати подвійну кількість {RES_GRANITE} з битв.,Je hebt 15% kans om dubbele {RES_GRANITE} te krijgen uit gevechten.,Savaşlardan çift {RES_GRANITE} kazanmak için %15 şansın var.
L_CARD_ARBITER1,,Your creatures have a 3% chance to ignore incoming debuffs.,あなたの生物は3%の確率で受ける弱体効果を無視します。,"Deine Kreaturen haben eine 3% Chance, eingehende Schwächungen zu ignorieren.",Vos créatures ont 3% de chances d'ignorer les affaiblissements entrants.,Tus criaturas tienen un 3% de probabilidad de ignorar los perjuicios entrantes.,Suas criaturas têm 3% de chance de ignorar penalidades recebidas.,Ваши существа имеют 3% шанс игнорировать входящие дебаффы.,Le tue creature hanno una probabilità del 3% di ignorare i debuff in arrivo.,你的生物有3%的機率無視即將到來的減益效果。,你的生物有3%几率无视即将被施加的减益。,당신의 생물들은 3%의 확률로 들어오는 디버프를 무시합니다.,Twoje stworzenia mają 3% szans na zignorowanie nadchodzących osłabień.,Ваші істоти мають 3% шанс ігнорувати вхідні дебафи.,Je wezens hebben 3% kans om binnenkomende verzwakkingen te negeren.,Yaratıklarınızın gelen olumsuz etkileri %3 ihtimalle görmezden gelme şansı vardır.
L_CARD_ARBITER2,,Your creatures have a 3% chance to ignore incoming debuffs.,あなたの生物は3%の確率で受ける弱体効果を無視します。,"Deine Kreaturen haben eine 3% Chance, eingehende Debuffs zu ignorieren.",Vos créatures ont 3% de chances d'ignorer les affaiblissements entrants.,Tus criaturas tienen un 3% de probabilidad de ignorar los perjuicios entrantes.,Suas criaturas têm 3% de chance de ignorar penalidades recebidas.,Ваши существа имеют 3% шанс игнорировать входящие дебаффы.,Le tue creature hanno una probabilità del 3% di ignorare i debuff in arrivo.,你的生物有3%的機率無視即將到來的減益效果。,你的生物有3%几率无视即将被施加的减益。,당신의 생물들은 3%의 확률로 들어오는 디버프를 무시합니다.,Twoje stworzenia mają 3% szans na zignorowanie nadchodzących osłabień.,Ваші істоти мають 3% шанс ігнорувати вхідні дебафи.,Je wezens hebben 3% kans om binnenkomende verzwakkingen te negeren.,Yaratıklarınızın gelen olumsuz etkileri %3 ihtimalle görmezden gelme şansı vardır.
L_CARD_ARBITER3,,Your creatures have a 3% chance to ignore incoming debuffs.,あなたの生物は3%の確率で受ける弱体効果を無視します。,"Deine Kreaturen haben eine 3% Chance, eingehende Debuffs zu ignorieren.",Vos créatures ont 3% de chances d'ignorer les affaiblissements entrants.,Tus criaturas tienen un 3% de probabilidad de ignorar los perjuicios entrantes.,Suas criaturas têm 3% de chance de ignorar penalidades recebidas.,Ваши существа имеют 3% шанс игнорировать входящие дебаффы.,Le tue creature hanno una probabilità del 3% di ignorare i debuff in arrivo.,你的生物有3%的機率無視即將到來的減益效果。,你的生物有3%几率无视即将被施加的减益。,당신의 생물들은 3%의 확률로 들어오는 디버프를 무시합니다.,Twoje stworzenia mają 3% szans na zignorowanie nadchodzących osłabień.,Ваші істоти мають 3% шанс ігнорувати вхідні дебафи.,Je wezens hebben 3% kans om binnenkomende verzwakkingen te negeren.,Yaratıklarınızın gelen olumsuz etkileri %3 ihtimalle görmezden gelme şansı vardır.
L_CARD_LUCKMANTRIA1,,Riddle Dwarves have a 10% greater chance to spawn in Realms.,リドルドワーフはレルムで出現する確率が10%高くなります。,"Rätselzwerge haben eine 10% höhere Chance, in Reichen zu erscheinen.",Les Nains d'Énigme ont 10% de chances supplémentaires d'apparaître dans les Royaumes.,Los Enanos Enigmáticos tienen un 10% más de probabilidad de aparecer en los Reinos.,Anões Enigmáticos têm 10% mais chance de aparecer nos Reinos.,Гномы-загадки имеют на 10% больше шансов появиться в Мирах.,I nani degli indovinelli hanno una probabilità del 10% maggiore di apparire nei Reami.,謎語矮人在領域中有10%更高的生成機率。,谜语矮人在领域中有额外10%的生成几率。 ,수수께끼 드워프는 영역에서 10% 더 높은 확률로 출현합니다.,Krasnoludy Zagadki mają o 10% większą szansę na pojawienie się w Krainach.,Загадкові Дворфи мають на 10% більший шанс з'явитися в Світах.,Raadsel Dwergen hebben 10% meer kans om te verschijnen in Rijken.,"Bilmece Cüceleri, Diyarlarda %10 daha fazla ortaya çıkma şansına sahiptir."
L_CARD_LUCKMANTRIA2,,Riddle Dwarves have a 10% greater chance to spawn in Realms.,リドルドワーフはレルムで出現する確率が10%高くなります。,"Rätselzwerge haben eine 10% höhere Chance, in Reichen zu erscheinen.",Les Nains d'Énigme ont 10% de chances supplémentaires d'apparaître dans les Royaumes.,Los Enanos Enigmáticos tienen un 10% más de probabilidad de aparecer en los Reinos.,Anões Enigmáticos têm 10% mais chance de aparecer nos Reinos.,Гномы-загадки имеют на 10% больше шансов появиться в Мирах.,I nani degli enigmi hanno una probabilità del 10% maggiore di apparire nei Reami.,謎語矮人在領域中有10%更高的生成機率。,谜语矮人在领域中有额外10%的生成几率。 ,수수께끼 드워프는 영역에서 10% 더 높은 확률로 출현합니다.,Krasnoludy Zagadki mają o 10% większą szansę na pojawienie się w Krainach.,Загадкові Дворфи мають на 10% більший шанс з'явитися в Світах.,Raadsel Dwergen hebben 10% meer kans om te verschijnen in Rijken.,"Bilmece Cüceleri, Diyarlarda %10 daha fazla ortaya çıkma şansına sahiptir."
L_CARD_LUCKMANTRIA3,,Riddle Dwarves reward 1 additional ticket.,リドル・ドワーフは追加で1枚のチケットを報酬として与える。,Rätsel-Zwerge belohnen mit 1 zusätzlichen Ticket.,Les Nains d'Énigme récompensent 1 ticket supplémentaire.,Los enanos enigmáticos recompensan con 1 boleto adicional.,Anões do Enigma recompensam 1 bilhete adicional.,Гномы-загадки дают 1 дополнительный билет.,I nani degli indovinelli ricompensano con 1 biglietto aggiuntivo.,謎語矮人獎勵1張額外票券。,谜语矮人额外奖励1张票券。,수수께끼 드워프는 추가 티켓 1장을 보상으로 준다.,Zagadkowe Krasnoludy nagradzają 1 dodatkowym biletem.,Гноми-загадки дають 1 додатковий квиток.,Raadsel Dwergen belonen 1 extra ticket.,Bilmece Cüceleri 1 ek bilet ödüllendirir.
L_CARD_URALOS1,,Your creatures' Relics modify stats 5% more.,自分のクリーチャーのレリックはステータスを5%多く変化させる。,Deine Kreaturen-Relikte modifizieren Werte um 5% mehr.,Les Reliques de vos créatures modifient les statistiques 5% de plus.,Tus criaturas' Reliquias modifican las estadísticas un 5% más.,As criaturas dos seus Relíquias modificam atributos 5% a mais.,Реликвии ваших существ модифицируют характеристики на 5% больше.,I tuoi Reliquiari delle creature modificano le statistiche del 5% in più.,你的生物的聖物能多5%提升屬性。,你的生物的圣物提供额外5%的属性值。,당신의 생물들의 유물이 능력치를 5% 더 많이 수정합니다.,Relikwie twoich stworzeń modyfikują statystyki o 5% więcej.,Реліквії ваших істот модифікують характеристики на 5% більше.,Je wezens' Relikwieën wijzigen statistieken 5% meer.,Yaratıklarının Relikleri istatistikleri %5 daha fazla değiştirir.
L_CARD_URALOS2,,Your creatures' Relics modify stats 5% more.,自分のクリーチャーのレリックはステータスを5%多く変化させる。,Deine Kreaturen-Relikte modifizieren Werte um 5% mehr.,Les Reliques de vos créatures modifient les statistiques 5% de plus.,Tus criaturas' Reliquias modifican las estadísticas un 5% más.,As criaturas dos seus Relíquias modificam atributos 5% a mais.,Реликвии ваших существ модифицируют характеристики на 5% больше.,I tuoi Reliquiari delle creature modificano le statistiche del 5% in più.,你的生物的聖物能多5%提升屬性。,你的生物的圣物提供额外5%的属性值。,당신의 생물들의 유물이 능력치를 5% 더 많이 수정합니다.,Relikwie twoich stworzeń modyfikują statystyki o 5% więcej.,Реліквії ваших істот модифікують характеристики на 5% більше.,Je wezens' Relikwieën wijzigen statistieken 5% meer.,Yaratıklarının Relikleri istatistikleri %5 daha fazla değiştirir.
L_CARD_URALOS3,,Your creatures' Relics modify stats 5% more.,自分のクリーチャーのレリックはステータスを5%多く変化させる。,Deine Kreaturen-Relikte modifizieren Werte um 5% mehr.,Les Reliques de vos créatures modifient les statistiques 5% de plus.,Tus criaturas' Reliquias modifican las estadísticas un 5% más.,As criaturas dos seus Relíquias modificam atributos 5% a mais.,Реликвии ваших существ модифицируют характеристики на 5% больше.,I tuoi Reliquiari delle creature modificano le statistiche del 5% in più.,你的生物的聖物能多5%提升屬性。,你的生物的圣物提供额外5%的属性值。,당신의 생물들의 유물이 능력치를 5% 더 많이 수정합니다.,Relikwie twoich stworzeń modyfikują statystyki o 5% więcej.,Реліквії ваших істот модифікують характеристики на 5% більше.,Je wezens' Relikwieën wijzigen statistieken 5% meer.,Yaratıklarının Relikleri istatistikleri %5 daha fazla değiştirir.
L_CARD_CHIMERA1,,Your creatures' Nether Stones are 5% more powerful.,あなたの生物のネザーストーンは5%強力になる。,Deine Kreaturen-Nethersteine sind 5% mächtiger.,Les Pierres du Néant de vos créatures sont 5% plus puissantes.,Las Piedras del Inframundo de tus criaturas son un 5% más poderosas.,As pedras do Nether das suas criaturas são 5% mais poderosas.,Камни Пустоты ваших существ на 5% мощнее.,Le Pietre dell'Oltretomba delle tue creature sono più potenti del 5%.,你的生物的冥界石效力提升5%。,你的生物的下界石效果提升5%。,당신의 생물들의 네더 스톤이 5% 더 강력해집니다.,Kamienie Otchłani twoich stworzeń są o 5% potężniejsze.,Нефритові Камені ваших істот на 5% могутніші.,Je wezens' Netherstenen zijn 5% krachtiger.,Yaratıklarının Öte Taşları %5 daha güçlü.
L_CARD_CHIMERA2,,Your creatures' Nether Stones are 5% more powerful.,あなたの生物のネザーストーンは5%強力になる。,Deine Kreaturen-Nethersteine sind 5% mächtiger.,Les Pierres du Néant de vos créatures sont 5% plus puissantes.,Las Piedras del Inframundo de tus criaturas son un 5% más poderosas.,As pedras do Nether das suas criaturas são 5% mais poderosas.,Камни Пустоты ваших существ на 5% мощнее.,Le Pietre dell'Oltretomba delle tue creature sono più potenti del 5%.,你的生物的冥界石效果提升5%。,你的生物的下界石效果提升5%。,당신의 생물들의 네더 스톤이 5% 더 강력해집니다.,Kamienie Otchłani twoich stworzeń są o 5% potężniejsze.,Нефритові Камені ваших істот на 5% могутніші.,Je wezens' Netherstenen zijn 5% krachtiger.,Yaratıklarının Öte Taşları %5 daha güçlü.
L_CARD_CHIMERA3,,Your creatures' Nether Stones are 5% more powerful.,あなたの生物のネザーストーンは5%強力になる。,Deine Kreaturen-Nethersteine sind 5% mächtiger.,Les Pierres du Néant de vos créatures sont 5% plus puissantes.,Las Piedras del Inframundo de tus criaturas son un 5% más poderosas.,As pedras do Nether das suas criaturas são 5% mais poderosas.,Камни Пустоты ваших существ на 5% мощнее.,Le Pietre dell'Oltretomba delle tue creature sono più potenti del 5%.,你的生物的冥界石效果提升5%。,你的生物的下界石效果提升5%。,당신의 생물들의 네더 스톤이 5% 더 강력해집니다.,Kamienie Otchłani twoich stworzeń są o 5% potężniejsze.,Нефритові Камені ваших істот на 5% могутніші.,Je wezens' Netherstenen zijn 5% krachtiger.,Yaratıklarının Öte Taşları %5 daha güçlü.
L_CARD_ANIMATION1,,Your creatures recover 50% more {STAT_health} from enemies' {CONDNAME_DEBUFF_INVERTED} debuff.,敵の{CONDNAME_DEBUFF_INVERTED}デバフから、あなたの生物は50%多く{STAT_health}を回復する。,Deine Kreaturen regenerieren 50% mehr {STAT_health} durch den {CONDNAME_DEBUFF_INVERTED}-Debuff der Feinde.,Vos créatures récupèrent 50% de {STAT_health} supplémentaire grâce à l'affaiblissement {CONDNAME_DEBUFF_INVERTED} des ennemis.,Tus criaturas recuperan un 50% más de {STAT_health} del debuff {CONDNAME_DEBUFF_INVERTED} de los enemigos.,Suas criaturas recuperam 50% mais {STAT_health} do debuff {CONDNAME_DEBUFF_INVERTED} dos inimigos.,Ваши существа восстанавливают на 50% больше {STAT_health} от дебаффа {CONDNAME_DEBUFF_INVERTED} врагов.,Le tue creature recuperano il 50% in più di {STAT_health} dal debuff {CONDNAME_DEBUFF_INVERTED} dei nemici.,你的生物從敵人的{CONDNAME_DEBUFF_INVERTED}減益效果中恢復的{STAT_health}提高50%。,你的生物从敌人的{CONDNAME_DEBUFF_INVERTED}减益中恢复的{STAT_health}提高50%。,당신의 생물들은 적의 {CONDNAME_DEBUFF_INVERTED} 디버프로부터 50% 더 많은 {STAT_health}를 회복합니다.,Twoje stworzenia odzyskują o 50% więcej {STAT_health} z debuffa {CONDNAME_DEBUFF_INVERTED} przeciwników.,Ваші істоти відновлюють на 50% більше {STAT_health} від дебафу {CONDNAME_DEBUFF_INVERTED} ворогів.,Je wezens herstellen 50% meer {STAT_health} van vijanden hun {CONDNAME_DEBUFF_INVERTED} debuff.,"Yaratıkların, düşmanların {CONDNAME_DEBUFF_INVERTED} zayıflatmasından %50 daha fazla {STAT_health} kazanır."
L_CARD_ANIMATION2,,Enemies with {CONDNAME_DEBUFF_INVERTED} take 10% more damage.,{CONDNAME_DEBUFF_INVERTED}状態の敵は10%多くダメージを受ける。,Gegner mit {CONDNAME_DEBUFF_INVERTED} erleiden 10% mehr Schaden.,Les ennemis avec {CONDNAME_DEBUFF_INVERTED} subissent 10% de dégâts supplémentaires.,Los enemigos con {CONDNAME_DEBUFF_INVERTED} reciben 10% más de daño.,Inimigos com {CONDNAME_DEBUFF_INVERTED} recebem 10% a mais de dano.,Враги с {CONDNAME_DEBUFF_INVERTED} получают на 10% больше урона.,I nemici con {CONDNAME_DEBUFF_INVERTED} subiscono il 10% di danni in più.,帶有{CONDNAME_DEBUFF_INVERTED}的敵人受到的傷害增加10%。,带有{CONDNAME_DEBUFF_INVERTED}的敌人受到的伤害增加10%。,{CONDNAME_DEBUFF_INVERTED} 상태인 적은 10% 더 많은 피해를 받습니다.,Wrogowie z {CONDNAME_DEBUFF_INVERTED} otrzymują 10% więcej obrażeń.,Вороги з {CONDNAME_DEBUFF_INVERTED} отримують на 10% більше шкоди.,Vijanden met {CONDNAME_DEBUFF_INVERTED} krijgen 10% meer schade.,{CONDNAME_DEBUFF_INVERTED} olan düşmanlar %10 daha fazla hasar alır.
L_CARD_ANIMATION3,,Enemies take 20% more damage from their {CONDNAME_DEBUFF_INVERTED} debuffs.,敵は{CONDNAME_DEBUFF_INVERTED}デバフからのダメージを20%多く受ける。,Feinde erleiden 20% mehr Schaden durch ihre {CONDNAME_DEBUFF_INVERTED}-Schwächungen.,Les ennemis subissent 20% de dégâts supplémentaires de leurs affaiblissements {CONDNAME_DEBUFF_INVERTED}.,Los enemigos reciben un 20% más de daño de sus debuffs de {CONDNAME_DEBUFF_INVERTED}.,Inimigos recebem 20% mais dano de suas penalidades {CONDNAME_DEBUFF_INVERTED}.,Враги получают на 20% больше урона от своих дебаффов {CONDNAME_DEBUFF_INVERTED}.,I nemici subiscono il 20% in più di danni dai loro debuff {CONDNAME_DEBUFF_INVERTED}.,敵人受到其{CONDNAME_DEBUFF_INVERTED}減益效果的傷害增加20%。,敌人受到来自其{CONDNAME_DEBUFF_INVERTED}减益的伤害提高20%。,적들은 {CONDNAME_DEBUFF_INVERTED} 디버프로부터 20% 더 많은 피해를 받습니다.,Wrogowie otrzymują o 20% więcej obrażeń od swoich debuffów {CONDNAME_DEBUFF_INVERTED}.,Вороги отримують на 20% більше шкоди від своїх дебафів {CONDNAME_DEBUFF_INVERTED}.,Vijanden krijgen 20% meer schade van hun {CONDNAME_DEBUFF_INVERTED} debuffs.,Düşmanlar {CONDNAME_DEBUFF_INVERTED} debufflarından %20 daha fazla hasar alır.
L_CARD_FAE1,,You gain 30% more {RES_CRYSTAL} from battles.,戦闘から得られる{RES_CRYSTAL}が30%増加する。,Du erhältst 30% mehr {RES_CRYSTAL} aus Kämpfen.,Vous gagnez 30% de {RES_CRYSTAL} en plus lors des combats.,Obtienes un 30% más de {RES_CRYSTAL} en las batallas.,Você ganha 30% mais {RES_CRYSTAL} em batalhas.,Вы получаете на 30% больше {RES_CRYSTAL} из сражений.,Ottieni il 30% in più di {RES_CRYSTAL} dalle battaglie.,你在戰鬥中獲得的{RES_CRYSTAL}增加30%。,你在战斗中获得的{RES_CRYSTAL}增加30%。,전투에서 {RES_CRYSTAL}을(를) 30% 더 획득합니다.,Zyskujesz 30% więcej {RES_CRYSTAL} z bitew.,Ви отримуєте на 30% більше {RES_CRYSTAL} з битв.,Je krijgt 30% meer {RES_CRYSTAL} uit gevechten.,Savaşlardan %30 daha fazla {RES_CRYSTAL} kazanırsın.
L_CARD_FAE2,,Increases the base amount of {RES_CRYSTAL} gained from battles by 15.,戦闘から獲得する{RES_CRYSTAL}の基本量を15増加させる。,"Erhöht die Basismenge an {RES_CRYSTAL}, die aus Kämpfen gewonnen wird, um 15.",Augmente de 15 la quantité de base de {RES_CRYSTAL} obtenue lors des combats.,Aumenta la cantidad base de {RES_CRYSTAL} obtenida en batallas en un 15.,Aumenta a quantidade base de {RES_CRYSTAL} obtida em batalhas em 15.,"Увеличивает базовое количество {RES_CRYSTAL}, получаемого в боях, на 15.",Aumenta del 15 la quantità base di {RES_CRYSTAL} ottenuta dalle battaglie.,增加從戰鬥中獲得的基礎{RES_CRYSTAL}數量15%。,从战斗中获取的基础{RES_CRYSTAL}数量提高15。,전투에서 획득하는 {RES_CRYSTAL}의 기본 양을 15만큼 증가시킵니다.,Zwiększa podstawową ilość {RES_CRYSTAL} zdobywaną w bitwach o 15.,"Збільшує базову кількість {RES_CRYSTAL}, отриману в боях, на 15.",Verhoogt de basishoeveelheid {RES_CRYSTAL} verkregen uit gevechten met 15.,Savaşlardan kazanılan {RES_CRYSTAL} temel miktarını 15 artırır.
L_CARD_FAE3,,You have a 15% chance to gain double {RES_CRYSTAL} from battles.,戦闘で{RES_CRYSTAL}を2倍獲得する確率が15%あります。,"Du hast eine 15% Chance, doppelte {RES_CRYSTAL} aus Kämpfen zu erhalten.",Vous avez 15% de chances d'obtenir le double de {RES_CRYSTAL} lors des combats.,Tienes un 15% de probabilidad de obtener el doble de {RES_CRYSTAL} en las batallas.,Você tem 15% de chance de ganhar o dobro de {RES_CRYSTAL} nas batalhas.,У вас есть 15% шанс получить вдвое больше {RES_CRYSTAL} из сражений.,Hai una probabilità del 15% di ottenere il doppio di {RES_CRYSTAL} dalle battaglie.,你有 15% 的機率在戰鬥中獲得雙倍的{RES_CRYSTAL}。,你有15%的概率从战斗中获取双倍{RES_CRYSTAL}。,전투에서 {RES_CRYSTAL}을(를) 두 배로 획득할 확률이 15% 있습니다.,Masz 15% szansy na podwojenie {RES_CRYSTAL} z bitew.,У вас є 15% шанс отримати подвійну кількість {RES_CRYSTAL} з битв.,Je hebt 15% kans om dubbele {RES_CRYSTAL} te krijgen uit gevechten.,Savaşlardan çift {RES_CRYSTAL} kazanmak için %15 şansın var.
L_CARD_SPELLMANE1,,Your creatures' [temporary] Ethereal Spell Gems deal 10% more damage.,自分のクリーチャーの[temporary]エーテル呪文宝石のダメージが10%増加する。,Deine Kreaturen verursachen mit [temporary] Ätherischen Zaubersteinen 10% mehr Schaden.,Les Gemmes de Sort Éthérées [temporary] de vos créatures infligent 10% de dégâts supplémentaires.,Tus criaturas' [temporary] Gemas de Hechizo Etéreas infligen 10% más de daño.,Suas criaturas' [temporary] Gemas de Feitiço Etéreas causam 10% mais dano.,Ваши существа наносят на 10% больше урона [temporary] Эфирными Самоцветами Заклинаний.,Le [temporary] Gemme Incantesimo Eteree delle tue creature infliggono il 10% di danni in più.,你的生物的[temporary]靈界法術寶石造成的傷害提高10%。,你的生物的[temporary]虚幻法术宝石造成的伤害提高10%。,당신의 생물들의 [temporary] 에테르 주문 보석이 10% 더 많은 피해를 입힙니다.,Klejnoty Zaklęć Eterycznych [temporary] twoich stworzeń zadają o 10% więcej obrażeń.,Ваші істоти [temporary] Ефірні Самоцвіти Заклинань завдають на 10% більше шкоди.,Je wezens' [temporary] Etherische Spreukedelstenen doen 10% meer schade.,Yaratıklarının [temporary] Esrarengiz Büyü Taşları %10 daha fazla hasar verir.
L_CARD_SPELLMANE2,,Your creatures' [temporary] Ethereal Spell Gems grant 10% more healing.,自分のクリーチャーの[temporary]エーテルスペルジェムは10%多く回復する。,Die [temporary] Ätherischen Zaubersteine deiner Kreaturen gewähren 10% mehr Heilung.,Les Gemmes de Sort Éthérées [temporary] de vos créatures accordent 10% de soins supplémentaires.,Tus criaturas' [temporary] Gemas de Hechizo Etéreas otorgan un 10% más de curación.,As criaturas do seu [temporary] Gemas de Feitiço Etéreas concedem 10% mais cura.,Ваши существа получают на 10% больше исцеления от [temporary] Эфирных Самоцветов Заклинаний.,Le [temporary] Gemme Incantate Eteree delle tue creature garantiscono il 10% di cura in più.,你的生物的[temporary]靈界法術寶石提供10%更多治療效果。,你的生物的[temporary]虚幻法术宝石提供额外10%的治疗。,당신의 생물들의 [temporary] 에테르 주문 보석이 10% 더 많은 치유를 제공합니다.,Klejnoty Zaklęć Eterycznych [temporary] twoich stworzeń zapewniają o 10% więcej leczenia.,Ваші істоти отримують на 10% більше зцілення від [temporary] Ефірних Самоцвітів Заклинань.,Je wezens' [temporary] Etherische Spreukedelstenen verlenen 10% meer genezing.,Yaratıklarının [temporary] Esrarengiz Büyü Taşları %10 daha fazla iyileştirme sağlar.
L_CARD_SPELLMANE3,,Your creatures' [temporary] Ethereal Spell Gems grant 10% more stats.,自分のクリーチャーの[temporary]エーテル・スペル・ジェムはステータスを10%多く付与する。,Die [temporary] Ätherischen Zaubersteine deiner Kreaturen gewähren 10% mehr Attribute.,Vos créatures obtiennent 10% de stats supplémentaires grâce à leurs [temporary] Gemmes de Sort Éthérées.,Tus criaturas' [temporary] Gemas de Hechizo Etéreas otorgan un 10% más de estadísticas.,As criaturas do seu [temporary] Gemas de Feitiço Etéreas concedem 10% mais atributos.,Ваши существа получают на 10% больше характеристик от [temporary] Эфирных Самоцветов Заклинаний.,Le [temporary] Gemme Incantate Eteree delle tue creature concedono il 10% in più di statistiche.,你的生物的[temporary]靈界法術寶石提供10%更多屬性。,你的生物的[temporary]虚幻法术宝石提供额外10%的属性值。,당신의 생물들의 [temporary] 에테르 주문 보석이 10% 더 많은 스탯을 부여합니다.,Klejnoty Zaklęć Eterycznych [temporary] twoich stworzeń zapewniają o 10% więcej statystyk.,Ваші істоти отримують на 10% більше характеристик від [temporary] Ефірних Самоцвітів Заклинань.,Je wezens' [temporary] Etherische Spreukedelstenen verlenen 10% meer statistieken.,Yaratıklarının [temporary] Esrarengiz Büyü Taşları %10 daha fazla istatistik sağlar.
L_CARD_WARHOG1,,Your creatures have a 3% chance to avoid damage from attacks.,自分のクリーチャーは攻撃からのダメージを3%の確率で回避する。,"Deine Kreaturen haben eine 3% Chance, Schaden durch Angriffe zu vermeiden.",Vos créatures ont 3% de chances d'éviter les dégâts des attaques.,Tus criaturas tienen un 3% de probabilidad de evitar el daño de los ataques.,Suas criaturas têm 3% de chance de evitar dano de ataques.,Ваши существа имеют 3% шанс избежать урона от атак.,Le tue creature hanno una probabilità del 3% di evitare i danni dagli attacchi.,你的生物有 3% 的機率迴避攻擊傷害。,你的生物有3%几率免疫攻击伤害。,당신의 생물들은 공격으로부터 받는 피해를 3% 확률로 회피합니다.,Twoje stworzenia mają 3% szans na uniknięcie obrażeń z ataków.,Ваші істоти мають 3% шанс уникнути пошкоджень від атак.,Je wezens hebben 3% kans om schade van aanvallen te ontwijken.,Yaratıklarınızın saldırılardan gelen hasarı %3 ihtimalle savuşturma şansı vardır.
L_CARD_WARHOG2,,Your creatures have a 3% chance to avoid damage from spells.,自分のクリーチャーは呪文からのダメージを3%の確率で回避する。,"Deine Kreaturen haben eine 3% Chance, Schaden durch Zauber zu vermeiden.",Vos créatures ont 3% de chances d'éviter les dégâts des sorts.,Tus criaturas tienen un 3% de probabilidad de evitar el daño de los hechizos.,Suas criaturas têm 3% de chance de evitar dano de magias.,Ваши существа имеют 3% шанс избежать урона от заклинаний.,Le tue creature hanno una probabilità del 3% di evitare i danni dagli incantesimi.,你的生物有 3% 的機率避免法術傷害。,你的生物有3%几率免疫法术伤害。,당신의 생물들은 주문으로부터 받는 피해를 3% 확률로 회피합니다.,Twoje stworzenia mają 3% szans na uniknięcie obrażeń od zaklęć.,Ваші істоти мають 3% шанс уникнути пошкоджень від заклинань.,Je wezens hebben 3% kans om schade van spreuken te ontwijken.,Yaratıklarınızın büyülerden gelen hasarı %3 ihtimalle savuşturma şansı vardır.
L_CARD_WARHOG3,,Your creatures have a 3% chance to avoid indirect damage.,味方のクリーチャーは間接ダメージを3%の確率で回避する。,"Deine Kreaturen haben eine 3% Chance, indirekten Schaden zu vermeiden.",Vos créatures ont 3% de chances d'éviter les dégâts indirects.,Tus criaturas tienen un 3% de probabilidad de evitar daño indirecto.,Suas criaturas têm 3% de chance de evitar dano indireto.,У ваших существ есть 3% шанс избежать непрямого урона.,Le tue creature hanno una probabilità del 3% di evitare danni indiretti.,你的生物有3%的機率避免間接傷害。,你的生物有3%几率免疫间接伤害。,당신의 생물들은 간접 피해를 3% 확률로 회피합니다.,Twoje stworzenia mają 3% szans na uniknięcie obrażeń pośrednich.,Ваші істоти мають 3% шанс уникнути непрямої шкоди.,Je wezens hebben 3% kans om indirecte schade te ontwijken.,Yaratıklarınızın dolaylı hasardan kaçınma şansı %3'tür.
L_CARD_NEPHILIM1,,Your creatures' Relics deal 5% more damage.,自分のクリーチャーのレリックは5%多くのダメージを与える。,Deine Kreaturen-Relikte verursachen 5% mehr Schaden.,Vos créatures infligent 5% de dégâts supplémentaires avec leurs Reliques.,Tus criaturas con Reliquias infligen un 5% más de daño.,Seus Relíquias de criaturas causam 5% a mais de dano.,Реликвии ваших существ наносят на 5% больше урона.,Le Reliquie delle tue creature infliggono il 5% di danno in più.,你的生物的聖物造成的傷害提高5%。,你的生物的圣物造成的伤害提高5%。,당신의 생물들의 유물이 5% 더 많은 피해를 입힙니다.,Relikwie twoich stworzeń zadają o 5% więcej obrażeń.,Реліквії ваших істот завдають на 5% більше шкоди.,Je wezens' Relikwieën doen 5% meer schade.,Yaratıklarının Relikleri %5 daha fazla hasar verir.
L_CARD_NEPHILIM2,,Your creatures' Relics deal 5% more damage.,自分のクリーチャーのレリックは5%多くのダメージを与える。,Deine Kreaturen-Relikte verursachen 5% mehr Schaden.,Vos créatures infligent 5% de dégâts supplémentaires avec leurs Reliques.,Tus criaturas con Reliquias infligen un 5% más de daño.,Seus Relíquias de criaturas causam 5% a mais de dano.,Реликвии ваших существ наносят на 5% больше урона.,Le Reliquie delle tue creature infliggono il 5% di danno in più.,你的生物的聖物造成的傷害提高5%。,你的生物的圣物造成的伤害提高5%。,당신의 생물들의 유물이 5% 더 많은 피해를 입힙니다.,Relikwie twoich stworzeń zadają o 5% więcej obrażeń.,Реліквії ваших істот завдають на 5% більше шкоди.,Je wezens' Relikwieën doen 5% meer schade.,Yaratıklarının Relikleri %5 daha fazla hasar verir.
L_CARD_NEPHILIM3,,Your creatures' Relics deal 5% more damage.,自分のクリーチャーのレリックは5%多くのダメージを与える。,Deine Kreaturen-Relikte verursachen 5% mehr Schaden.,Vos créatures infligent 5% de dégâts supplémentaires avec leurs Reliques.,Tus criaturas con Reliquias infligen un 5% más de daño.,Seus Relíquias de criaturas causam 5% a mais de dano.,Реликвии ваших существ наносят на 5% больше урона.,Le Reliquie delle tue creature infliggono il 5% di danno in più.,你的生物的聖物造成的傷害提高5%。,你的生物的圣物造成的伤害提高5%。,당신의 생물들의 유물이 5% 더 많은 피해를 입힙니다.,Relikwie twoich stworzeń zadają o 5% więcej obrażeń.,Реліквії ваших істот завдають на 5% більше шкоди.,Je wezens' Relikwieën doen 5% meer schade.,Yaratıklarının Relikleri %5 daha fazla hasar verir.
L_CARD_KRAKEN1,,You gain 30% more {RES_BRIMSTONE} from battles.,戦闘から得られる{RES_BRIMSTONE}が30%増加する。,Du erhältst 30% mehr {RES_BRIMSTONE} aus Kämpfen.,Vous gagnez 30% de {RES_BRIMSTONE} supplémentaire lors des combats.,Obtienes un 30% más de {RES_BRIMSTONE} de las batallas.,Você ganha 30% mais {RES_BRIMSTONE} em batalhas.,Вы получаете на 30% больше {RES_BRIMSTONE} из сражений.,Ottieni il 30% in più di {RES_BRIMSTONE} dalle battaglie.,你在戰鬥中獲得的{RES_BRIMSTONE}增加30%。,你在战斗中获得的{RES_BRIMSTONE}增加30%。,전투에서 {RES_BRIMSTONE}을(를) 30% 더 획득합니다.,Zyskujesz 30% więcej {RES_BRIMSTONE} z bitew.,Ви отримуєте на 30% більше {RES_BRIMSTONE} з битв.,Je krijgt 30% meer {RES_BRIMSTONE} uit gevechten.,Savaşlardan %30 daha fazla {RES_BRIMSTONE} kazanırsın.
L_CARD_KRAKEN2,,Increases the base amount of {RES_BRIMSTONE} gained from battles by 15.,戦闘から獲得する{RES_BRIMSTONE}の基本量を15増加させる。,"Erhöht die Basismenge an {RES_BRIMSTONE}, die aus Kämpfen gewonnen wird, um 15.",Augmente la quantité de base de {RES_BRIMSTONE} obtenue lors des combats de 15.,Aumenta la cantidad base de {RES_BRIMSTONE} obtenida en batallas en un 15.,Aumenta a quantidade base de {RES_BRIMSTONE} obtida em batalhas em 15.,"Увеличивает базовое количество {RES_BRIMSTONE}, получаемого в боях, на 15.",Aumenta la quantità base di {RES_BRIMSTONE} ottenuta dalle battaglie del 15.,增加從戰鬥中獲得的基礎{RES_BRIMSTONE}數量15%。,从战斗中获取的基础{RES_BRIMSTONE}数量提高15。,전투에서 획득하는 {RES_BRIMSTONE}의 기본 양을 15만큼 증가시킵니다.,Zwiększa podstawową ilość {RES_BRIMSTONE} zdobywaną w bitwach o 15.,"Збільшує базову кількість {RES_BRIMSTONE}, отриману в боях, на 15.",Verhoogt de basishoeveelheid {RES_BRIMSTONE} verkregen uit gevechten met 15.,Savaşlardan kazanılan {RES_BRIMSTONE} temel miktarını %15 artırır.
L_CARD_KRAKEN3,,You have a 15% chance to gain double {RES_BRIMSTONE} from battles.,戦闘で{RES_BRIMSTONE}を2倍獲得する確率が15%あります。,"Du hast eine 15% Chance, doppeltes {RES_BRIMSTONE} aus Kämpfen zu erhalten.",Vous avez 15% de chances d'obtenir le double de {RES_BRIMSTONE} lors des combats.,Tienes un 15% de probabilidad de obtener el doble de {RES_BRIMSTONE} en las batallas.,Você tem 15% de chance de ganhar o dobro de {RES_BRIMSTONE} nas batalhas.,У вас есть 15% шанс получить вдвое больше {RES_BRIMSTONE} из сражений.,Hai una probabilità del 15% di ottenere il doppio di {RES_BRIMSTONE} dalle battaglie.,你有 15% 的機會在戰鬥中獲得雙倍的{RES_BRIMSTONE}。,你有15%的概率从战斗中获取双倍{RES_BRIMSTONE}。,전투에서 {RES_BRIMSTONE}을(를) 두 배로 획득할 확률이 15%입니다.,Masz 15% szansy na podwojenie {RES_BRIMSTONE} z bitew.,У вас є 15% шанс отримати подвійну кількість {RES_BRIMSTONE} з битв.,Je hebt 15% kans om dubbele {RES_BRIMSTONE} te krijgen uit gevechten.,Savaşlardan çift {RES_BRIMSTONE} kazanmak için %15 şansın var.
L_CARD_BEACON1,,"Your creatures' Artifacts' ""Strength"" properties are 10% more powerful.",自分のクリーチャーのアーティファクトの「筋力」特性が10%強力になる。,"Die ""Stärke""-Eigenschaften der Artefakte deiner Kreaturen sind 10% mächtiger.","Les propriétés ""Force"" des Artéfacts de vos créatures sont 10% plus puissantes.","Las propiedades de ""Fuerza"" de los Artefactos de tus criaturas son un 10% más poderosas.","As propriedades de ""Força"" dos Artefatos das suas criaturas são 10% mais poderosas.","Свойства ""Сила"" артефактов ваших существ на 10% мощнее.","Le proprietà ""Forza"" degli Artefatti delle tue creature sono il 10% più potenti.",你的生物的神器的「力量」屬性效果提升10%。,"你的生物的神器的""强度""词条效果提升10%。","당신 생물의 유물의 ""힘"" 속성이 10% 더 강력해집니다.","Właściwości ""Siła"" Artefaktów twoich stworzeń są o 10% potężniejsze.","Властивості ""Сила"" артефактів ваших істот на 10% потужніші.","De ""Kracht""-eigenschappen van de Artefacten van je wezens zijn 10% krachtiger.","Yaratıklarının Eserlerinin ""Güç"" özellikleri %10 daha güçlü."
L_CARD_BEACON2,,"Your creatures' Artifacts' ""Strength"" properties are 10% more powerful.",自分のクリーチャーのアーティファクトの「筋力」特性が10%強力になる。,"Die ""Stärke""-Eigenschaften der Artefakte deiner Kreaturen sind 10% mächtiger.","Les propriétés ""Force"" des Artéfacts de vos créatures sont 10% plus puissantes.","Las propiedades de ""Fuerza"" de los Artefactos de tus criaturas son un 10% más poderosas.","As propriedades de ""Força"" dos Artefatos das suas criaturas são 10% mais poderosas.","Свойства ""Сила"" артефактов ваших существ на 10% мощнее.","Le proprietà ""Forza"" degli Artefatti delle tue creature sono il 10% più potenti.",你的生物的神器的「力量」屬性效果提升10%。,"你的生物的神器的""强度""词条效果提升10%。","당신 생물의 유물의 ""힘"" 속성이 10% 더 강력해집니다.","Właściwości ""Siła"" Artefaktów twoich stworzeń są o 10% potężniejsze.","Властивості ""Сила"" артефактів ваших істот на 10% потужніші.","De ""Kracht""-eigenschappen van de Artefacten van je wezens zijn 10% krachtiger.","Yaratıklarının Eserlerinin ""Güç"" özellikleri %10 daha güçlü."
L_CARD_BEACON3,,"Your creatures' Artifacts' ""Strength"" properties are 10% more powerful.",自分のクリーチャーのアーティファクトの「筋力」特性が10%強力になる。,"Die ""Stärke""-Eigenschaften der Artefakte deiner Kreaturen sind 10% mächtiger.","Les propriétés ""Force"" des Artéfacts de vos créatures sont 10% plus puissantes.","Las propiedades de ""Fuerza"" de los Artefactos de tus criaturas son un 10% más poderosas.","As propriedades de ""Força"" dos Artefatos das suas criaturas são 10% mais poderosas.","Свойства ""Сила"" артефактов ваших существ на 10% мощнее.","Le proprietà ""Forza"" degli Artefatti delle tue creature sono il 10% più potenti.",你的生物的神器的「力量」屬性效果提升10%。,"你的生物的神器的""强度""词条效果提升10%。","당신의 생물들의 유물의 ""힘"" 속성이 10% 더 강력해집니다.","Właściwości ""Siła"" Artefaktów twoich stworzeń są o 10% potężniejsze.","Властивості ""Сила"" артефактів ваших істот на 10% потужніші.","De ""Kracht""-eigenschappen van de Artefacten van je wezens zijn 10% krachtiger.","Yaratıklarının Eserlerinin ""Güç"" özellikleri %10 daha güçlü."
L_CARD_MYTHICANT1,,Your creatures' Relics heal for 5% more.,自分のクリーチャーのレリックの回復量が5%増加する。,Deine Kreaturen-Relikte heilen um 5% mehr.,Vos créatures guérissent 5% de plus grâce à leurs Reliques.,Tus criaturas con Reliquias curan un 5% más.,Relíquias de suas criaturas curam 5% a mais.,Реликвии ваших существ исцеляют на 5% больше.,Le Reliquie delle tue creature curano del 5% in più.,你的生物的聖物治療效果提升5%。,你的生物的圣物治疗效果提高5%。,당신의 생물들의 유물이 5% 더 많이 치유합니다.,Relikwie twoich stworzeń leczą o 5% więcej.,Реліквії ваших істот зцілюють на 5% більше.,Je wezens' Relikwieën genezen 5% meer.,Yaratıklarının Relikleri %5 daha fazla iyileştirir.
L_CARD_MYTHICANT2,,Your creatures' Relics heal for 5% more.,自分のクリーチャーのレリックの回復量が5%増加する。,Deine Kreaturen-Relikte heilen um 5% mehr.,Vos créatures guérissent 5% de plus grâce à leurs Reliques.,Tus criaturas con Reliquias curan un 5% más.,Relíquias de suas criaturas curam 5% a mais.,Реликвии ваших существ исцеляют на 5% больше.,Le Reliquie delle tue creature curano del 5% in più.,你的生物的聖物治療效果提升5%。,你的生物的圣物治疗效果提高5%。,당신의 생물들의 유물이 5% 더 많이 치유합니다.,Relikwie twoich stworzeń leczą o 5% więcej.,Реліквії ваших істот зцілюють на 5% більше.,Je wezens' Relikwieën genezen 5% meer.,Yaratıklarının Relikleri %5 daha fazla iyileştirir.
L_CARD_MYTHICANT3,,Your creatures' Relics heal for 5% more.,自分のクリーチャーのレリックの回復量が5%増加する。,Deine Kreaturen-Relikte heilen um 5% mehr.,Vos créatures guérissent 5% de plus grâce à leurs Reliques.,Tus criaturas con Reliquias curan un 5% más.,Relíquias de suas criaturas curam 5% a mais.,Реликвии ваших существ исцеляют на 5% больше.,Le Reliquie delle tue creature curano il 5% in più.,你的生物的聖物治療效果提升5%。,你的生物的圣物治疗效果提高5%。,당신의 생물들의 유물이 5% 더 많이 치유합니다.,Relikwie twoich stworzeń leczą o 5% więcej.,Реліквії ваших істот зцілюють на 5% більше.,Je wezens' Relikwieën genezen 5% meer.,Yaratıklarının Relikleri %5 daha fazla iyileştirir.
L_CARD_CALUMNIER1,,Your creatures gain 3% (additive) more benefit from their Personalities.,生物たちは性格からの恩恵が3%（加算的に）増加する。,Deine Kreaturen erhalten 3% (additiv) mehr Nutzen aus ihren Persönlichkeiten.,Vos créatures obtiennent 3% (additif) de bonus supplémentaire de leurs Personnalités.,Tus criaturas obtienen un 3% (acumulativo) más de beneficio de sus Personalidades.,Suas criaturas ganham 3% (aditivo) mais benefício de suas Personalidades.,Ваши существа получают на 3% (аддитивно) больше пользы от своих Характеров.,Le tue creature ottengono il 3% (additivo) in più di beneficio dalle loro Personalità.,你的生物從其性格中獲得的效益增加3%（累加）。,你的生物从其性格中获得的加成提高3%（加算）。,당신의 생물들은 그들의 성격으로부터 3%(가산적) 더 많은 혜택을 얻습니다.,Twoje stworzenia zyskują 3% (addytywnie) więcej korzyści ze swoich Osobowości.,Ваші істоти отримують на 3% (адитивно) більше користі від своїх Особистостей.,Je wezens krijgen 3% (additief) meer voordeel van hun Persoonlijkheden.,Yaratıkların Kişiliklerinden %3 (toplamsal) daha fazla fayda sağlar.
L_CARD_CALUMNIER2,,Your creatures gain 3% (additive) more benefit from their Personalities.,生物たちは性格からの恩恵が3%（加算的に）増加する。,Deine Kreaturen erhalten 3% (additiv) mehr Nutzen aus ihren Persönlichkeiten.,Vos créatures obtiennent 3% (additif) de bonus supplémentaire de leurs Personnalités.,Tus criaturas obtienen un 3% (acumulativo) más de beneficio de sus Personalidades.,Suas criaturas ganham 3% (aditivo) mais benefício de suas Personalidades.,Ваши существа получают на 3% (аддитивно) больше пользы от своих Характеров.,Le tue creature ottengono il 3% (additivo) in più di beneficio dalle loro Personalità.,你的生物從其性格中獲得的效益增加3%（累加）。,你的生物从其性格中获得的加成提高3%（加算）。,당신의 생물들은 그들의 성격으로부터 3%(가산적) 더 많은 혜택을 얻습니다.,Twoje stworzenia zyskują 3% (addytywnie) więcej korzyści ze swoich Osobowości.,Ваші істоти отримують на 3% (адитивно) більше користі від своїх Особистостей.,Je wezens krijgen 3% (additief) meer voordeel van hun Persoonlijkheden.,Yaratıkların Kişiliklerinden %3 (toplamsal) daha fazla fayda sağlar.
L_CARD_CALUMNIER3,,Your creatures gain 3% (additive) more benefit from their Personalities.,生物たちは性格からの恩恵が3%（加算的に）増加する。,Deine Kreaturen erhalten 3% (additiv) mehr Nutzen aus ihren Persönlichkeiten.,Vos créatures obtiennent 3% (additif) de bonus supplémentaire de leurs Personnalités.,Tus criaturas obtienen un 3% (acumulativo) más de beneficio de sus Personalidades.,Suas criaturas ganham 3% (aditivo) mais benefício de suas Personalidades.,Ваши существа получают на 3% (аддитивно) больше пользы от своих Характеров.,Le tue creature ottengono il 3% (additivo) in più di beneficio dalle loro Personalità.,你的生物從其性格中獲得的效益增加3%（累加）。,你的生物从其性格中获得的加成提高3%（加算）。,당신의 생물들은 그들의 성격으로부터 3%(가산적) 더 많은 혜택을 얻습니다.,Twoje stworzenia zyskują 3% (addytywnie) więcej korzyści ze swoich Osobowości.,Ваші істоти отримують на 3% (адитивно) більше користі від своїх Особистостей.,Je wezens krijgen 3% (additief) meer voordeel van hun Persoonlijkheden.,Yaratıkların Kişiliklerinden %3 (toplamsal) daha fazla fayda sağlar.
L_CARD_CATACLYSM1,,Your creatures have a 10% chance for their {SPELL_ultimate} Gems to not consume {STAT_charges}.,自分のクリーチャーは{SPELL_ultimate}の宝石が{STAT_charges}を消費しない確率が10%上昇する。,"Deine Kreaturen haben eine 10% Chance, dass ihre {SPELL_ultimate} Zaubersteine keine {STAT_charges} verbrauchen.",Vos créatures ont 10% de chances que leurs Gemmes {SPELL_ultimate} ne consomment pas de {STAT_charges}.,Tus criaturas tienen un 10% de probabilidad de que sus Gemas {SPELL_ultimate} no consuman {STAT_charges}.,Suas criaturas têm 10% de chance para que suas Gemas {SPELL_ultimate} não consumam {STAT_charges}.,"У ваших существ есть 10% шанс, что их {SPELL_ultimate} Самоцветы не будут потреблять {STAT_charges}.",Le tue creature hanno una probabilità del 10% che le loro Gemme {SPELL_ultimate} non consumino {STAT_charges}.,你的生物有 10% 機率使其{SPELL_ultimate}寶石不消耗{STAT_charges}。,你的生物有10%几率使其{SPELL_ultimate}宝石不消耗{STAT_charges}。,당신의 생물들은 {SPELL_ultimate} 보석이 {STAT_charges}를 소모하지 않을 확률이 10% 있습니다.,"Twoje stworzenia mają 10% szansy, że ich Klejnoty {SPELL_ultimate} nie zużyją {STAT_charges}.","Ваші істоти мають 10% шанс, що їхні {SPELL_ultimate} Самоцвіти не споживатимуть {STAT_charges}.",Je wezens hebben 10% kans dat hun {SPELL_ultimate} Edelstenen geen {STAT_charges} verbruiken.,Yaratıklarınızın {SPELL_ultimate} Taşlarının {STAT_charges} tüketmeme şansı %10'dur.
L_CARD_CATACLYSM2,,Your creatures have a 10% chance for their {SPELL_ultimate} Gems to not consume {STAT_charges}.,自分のクリーチャーは{SPELL_ultimate}の宝石が{STAT_charges}を消費しない確率が10%上昇する。,"Deine Kreaturen haben eine 10% Chance, dass ihre {SPELL_ultimate} Zaubersteine keine {STAT_charges} verbrauchen.",Vos créatures ont 10% de chances que leurs Gemmes {SPELL_ultimate} ne consomment pas de {STAT_charges}.,Tus criaturas tienen un 10% de probabilidad de que sus Gemas {SPELL_ultimate} no consuman {STAT_charges}.,Suas criaturas têm 10% de chance para que suas Gemas {SPELL_ultimate} não consumam {STAT_charges}.,"У ваших существ есть 10% шанс, что их {SPELL_ultimate} Самоцветы не будут потреблять {STAT_charges}.",Le tue creature hanno una probabilità del 10% che le loro Gemme {SPELL_ultimate} non consumino {STAT_charges}.,你的生物有 10% 機率使其{SPELL_ultimate}寶石不消耗{STAT_charges}。,你的生物有10%几率使其{SPELL_ultimate}宝石不消耗{STAT_charges}。,당신의 생물들은 {SPELL_ultimate} 보석이 {STAT_charges}를 소모하지 않을 확률이 10% 있습니다.,"Twoje stworzenia mają 10% szansy, że ich Klejnoty {SPELL_ultimate} nie zużyją {STAT_charges}.","Ваші істоти мають 10% шанс, що їхні {SPELL_ultimate} Самоцвіти не споживатимуть {STAT_charges}.",Je wezens hebben 10% kans dat hun {SPELL_ultimate} Edelstenen geen {STAT_charges} verbruiken.,Yaratıklarınızın {SPELL_ultimate} Taşlarının {STAT_charges} tüketmeme şansı %10'dur.
L_CARD_CATACLYSM3,,Your creatures have a 10% chance for their {SPELL_ultimate} Gems to not consume {STAT_charges}.,自分のクリーチャーは{SPELL_ultimate}の宝石が{STAT_charges}を消費しない確率が10%上昇する。,"Deine Kreaturen haben eine 10% Chance, dass ihre {SPELL_ultimate} Zaubersteine keine {STAT_charges} verbrauchen.",Vos créatures ont 10% de chances que leurs Gemmes {SPELL_ultimate} ne consomment pas de {STAT_charges}.,Tus criaturas tienen un 10% de probabilidad de que sus Gemas {SPELL_ultimate} no consuman {STAT_charges}.,Suas criaturas têm 10% de chance para que suas Gemas {SPELL_ultimate} não consumam {STAT_charges}.,"У ваших существ есть 10% шанс, что их {SPELL_ultimate} Самоцветы не будут потреблять {STAT_charges}.",Le tue creature hanno una probabilità del 10% che le loro Gemme {SPELL_ultimate} non consumino {STAT_charges}.,你的生物有 10% 機率使其{SPELL_ultimate}寶石不消耗{STAT_charges}。,你的生物有10%几率使其{SPELL_ultimate}宝石不消耗{STAT_charges}。,당신의 생물들은 {SPELL_ultimate} 보석이 {STAT_charges}를 소모하지 않을 확률이 10% 있습니다.,"Twoje stworzenia mają 10% szansy, że ich Klejnoty {SPELL_ultimate} nie zużyją {STAT_charges}.","Ваші істоти мають 10% шанс, що їхні {SPELL_ultimate} Самоцвіти не споживатимуть {STAT_charges}.",Je wezens hebben 10% kans dat hun {SPELL_ultimate} Edelstenen geen {STAT_charges} verbruiken.,Yaratıklarınızın {SPELL_ultimate} Taşlarının {STAT_charges} tüketmeme şansı %10'dur.
L_CARD_EFFIGY1,,Your creatures take 3% less indirect damage.,味方のクリーチャーは間接ダメージを3%軽減する。,Deine Kreaturen erleiden 3% weniger indirekten Schaden.,Vos créatures subissent 3% de dégâts indirects en moins.,Tus criaturas reciben un 3% menos de daño indirecto.,Suas criaturas recebem 3% menos de dano indireto.,Ваши существа получают на 3% меньше косвенного урона.,Le tue creature subiscono il 3% in meno di danni indiretti.,你的生物受到的間接傷害減少3%。,你的生物受到的间接伤害减少3%。,당신의 생물들은 간접 피해를 3% 덜 받습니다.,Twoje stworzenia otrzymują o 3% mniej obrażeń pośrednich.,Ваші істоти отримують на 3% менше непрямої шкоди.,Je wezens nemen 3% minder indirecte schade.,Yaratıkların %3 daha az dolaylı hasar alır.
L_CARD_EFFIGY2,,Your creatures take 3% less indirect damage.,味方のクリーチャーは間接ダメージを3%軽減する。,Deine Kreaturen erleiden 3% weniger indirekten Schaden.,Vos créatures subissent 3% de dégâts indirects en moins.,Tus criaturas reciben un 3% menos de daño indirecto.,Suas criaturas recebem 3% menos de dano indireto.,Ваши существа получают на 3% меньше косвенного урона.,Le tue creature subiscono il 3% in meno di danni indiretti.,你的生物受到的間接傷害減少3%。,你的生物受到的间接伤害减少3%。,당신의 생물들은 간접 피해를 3% 덜 받습니다.,Twoje stworzenia otrzymują o 3% mniej obrażeń pośrednich.,Ваші істоти отримують на 3% менше непрямої шкоди.,Je wezens nemen 3% minder indirecte schade.,Yaratıkların %3 daha az dolaylı hasar alır.
L_CARD_EFFIGY3,,Your creatures take 3% less indirect damage.,味方のクリーチャーは間接ダメージを3%軽減する。,Deine Kreaturen erleiden 3% weniger indirekten Schaden.,Vos créatures subissent 3% de dégâts indirects en moins.,Tus criaturas reciben un 3% menos de daño indirecto.,Suas criaturas recebem 3% menos de dano indireto.,Ваши существа получают на 3% меньше косвенного урона.,Le tue creature subiscono il 3% in meno di danni indiretti.,你的生物受到的間接傷害減少3%。,你的生物受到的间接伤害减少3%。,당신의 생물들은 간접 피해를 3% 덜 받습니다.,Twoje stworzenia otrzymują o 3% mniej obrażeń pośrednich.,Ваші істоти отримують на 3% менше непрямої шкоди.,Je wezens nemen 3% minder indirecte schade.,Yaratıkların %3 daha az dolaylı hasar alır.
L_CARD_EGGXOTIC1,,You have a 1% chance to receive treasure after battle.,戦闘後に宝物を獲得する確率は1%です。,"Du hast eine 1% Chance, nach dem Kampf einen Schatz zu erhalten.",Vous avez 1% de chances d'obtenir un trésor après le combat.,Tienes un 1% de probabilidad de recibir tesoro después de la batalla.,Você tem 1% de chance de receber tesouro após a batalha.,У вас есть 1% шанс получить сокровище после боя.,Hai l'1% di possibilità di ricevere un tesoro dopo la battaglia.,你有1%的機會在戰鬥後獲得寶物。,你有1%的几率在战斗后获得宝藏。,전투 후 1%의 확률로 보물을 획득할 수 있습니다.,Masz 1% szansy na otrzymanie skarbu po walce.,У вас є 1% шанс отримати скарб після бою.,Je hebt 1% kans om na een gevecht een schat te ontvangen.,Savaştan sonra %1 ihtimalle hazine kazanma şansınız var.
L_CARD_EGGXOTIC2,,You have a 2% chance to receive treasure after battle.,戦闘後に宝物を獲得する確率が2%あります。,"Du hast eine 2% Chance, nach dem Kampf einen Schatz zu erhalten.",Vous avez 2% de chances d'obtenir un trésor après un combat.,Tienes un 2% de probabilidad de recibir tesoro después de la batalla.,Você tem 2% de chance de receber tesouro após a batalha.,У вас есть 2% шанс получить сокровище после боя.,Hai una probabilità del 2% di ricevere un tesoro dopo la battaglia.,你有 2% 的機率在戰鬥後獲得寶物。,你有2%的几率在战斗后获得宝藏。,전투 후 2%의 확률로 보물을 획득할 수 있습니다.,Masz 2% szansy na otrzymanie skarbu po walce.,У вас є 2% шанс отримати скарб після бою.,Je hebt 2% kans om na een gevecht een schat te ontvangen.,Savaştan sonra %2 ihtimalle hazine kazanma şansınız var.
L_CARD_EGGXOTIC3,,You have a 3% chance to receive treasure after battle.,戦闘後に宝物を獲得する確率が3%あります。,"Du hast eine 3% Chance, nach dem Kampf einen Schatz zu erhalten.",Vous avez 3% de chances d'obtenir un trésor après le combat.,Tienes un 3% de probabilidad de recibir tesoro después de la batalla.,Você tem 3% de chance de receber tesouro após a batalha.,У вас есть 3% шанс получить сокровище после боя.,Hai una probabilità del 3% di ricevere un tesoro dopo la battaglia.,戰鬥結束後，你有3%的機會獲得寶物。,你有3%的几率在战斗后获得宝藏。,전투 후 3%의 확률로 보물을 획득할 수 있습니다.,Masz 3% szansy na otrzymanie skarbu po walce.,У вас є 3% шанс отримати скарб після бою.,Je hebt 3% kans om na een gevecht een schat te ontvangen.,Savaştan sonra %3 ihtimalle hazine kazanma şansınız var.
L_CARD_LUCANIAN1,,Your creatures have 3% more {STAT_attack} and {STAT_intelligence}.,味方の生物の{STAT_attack}と{STAT_intelligence}が3%上昇する。,Deine Kreaturen haben 3% mehr {STAT_attack} und {STAT_intelligence}.,Vos créatures ont 3% de {STAT_attack} et de {STAT_intelligence} en plus.,Tus criaturas tienen 3% más de {STAT_attack} y {STAT_intelligence}.,Suas criaturas têm 3% a mais de {STAT_attack} e {STAT_intelligence}.,Ваши существа имеют на 3% больше {STAT_attack} и {STAT_intelligence}.,Le tue creature hanno il 3% in più di {STAT_attack} e {STAT_intelligence}.,你的生物獲得額外3%的{STAT_attack}和{STAT_intelligence}。,你的生物拥有的{STAT_attack}和{STAT_intelligence}增加3%。,당신의 생물들은 {STAT_attack}과 {STAT_intelligence}가 3% 더 높습니다.,Twoje stworzenia mają o 3% więcej {STAT_attack} i {STAT_intelligence}.,Ваші істоти мають на 3% більше {STAT_attack} та {STAT_intelligence}.,Je wezens hebben 3% meer {STAT_attack} en {STAT_intelligence}.,Yaratıkların %3 daha fazla {STAT_attack} ve {STAT_intelligence} sahibi.
L_CARD_LUCANIAN2,,Your creatures have 3% more {STAT_attack} and {STAT_intelligence}.,味方の生物の{STAT_attack}と{STAT_intelligence}が3%上昇する。,Deine Kreaturen haben 3% mehr {STAT_attack} und {STAT_intelligence}.,Vos créatures ont 3% de {STAT_attack} et de {STAT_intelligence} en plus.,Tus criaturas tienen 3% más de {STAT_attack} y {STAT_intelligence}.,Suas criaturas têm 3% a mais de {STAT_attack} e {STAT_intelligence}.,Ваши существа имеют на 3% больше {STAT_attack} и {STAT_intelligence}.,Le tue creature hanno il 3% in più di {STAT_attack} e {STAT_intelligence}.,你的生物獲得額外3%的{STAT_attack}和{STAT_intelligence}。,你的生物拥有的{STAT_attack}和{STAT_intelligence}增加3%。,당신의 생물들은 {STAT_attack}과 {STAT_intelligence}가 3% 더 높습니다.,Twoje stworzenia mają o 3% więcej {STAT_attack} i {STAT_intelligence}.,Ваші істоти мають на 3% більше {STAT_attack} та {STAT_intelligence}.,Je wezens hebben 3% meer {STAT_attack} en {STAT_intelligence}.,Yaratıkların %3 daha fazla {STAT_attack} ve {STAT_intelligence} sahibi.
L_CARD_LUCANIAN3,,Your creatures have 3% more {STAT_attack} and {STAT_intelligence}.,味方の生物の{STAT_attack}と{STAT_intelligence}が3%上昇する。,Deine Kreaturen haben 3% mehr {STAT_attack} und {STAT_intelligence}.,Vos créatures ont 3% de {STAT_attack} et de {STAT_intelligence} en plus.,Tus criaturas tienen un 3% más de {STAT_attack} y {STAT_intelligence}.,Suas criaturas têm 3% a mais de {STAT_attack} e {STAT_intelligence}.,Ваши существа имеют на 3% больше {STAT_attack} и {STAT_intelligence}.,Le tue creature hanno il 3% in più di {STAT_attack} e {STAT_intelligence}.,你的生物獲得額外3%的{STAT_attack}和{STAT_intelligence}。,你的生物拥有的{STAT_attack}和{STAT_intelligence}增加3%。,당신의 생물들은 {STAT_attack}과 {STAT_intelligence}가 3% 더 높습니다.,Twoje stworzenia mają o 3% więcej {STAT_attack} i {STAT_intelligence}.,Ваші істоти мають на 3% більше {STAT_attack} та {STAT_intelligence}.,Je wezens hebben 3% meer {STAT_attack} en {STAT_intelligence}.,Yaratıkların %3 daha fazla {STAT_attack} ve {STAT_intelligence} sahibi.
L_CARD_MARIONETTE1,,Your creatures have a 2% chance to take another turn.,自分のクリーチャーが2%の確率で追加ターンを得る。,"Deine Kreaturen haben eine 2% Chance, einen weiteren Zug zu erhalten.",Vos créatures ont 2% de chances d'effectuer un tour supplémentaire.,Tus criaturas tienen un 2% de probabilidad de realizar otro turno.,Suas criaturas têm 2% de chance de realizar outro turno.,Ваши существа имеют 2% шанс сделать ещё один ход.,Le tue creature hanno una probabilità del 2% di effettuare un altro turno.,你的生物有 2% 的機率可以再行動一次。,你的生物有2%几率获得额外的回合。,당신의 생물들은 2% 확률로 한 번 더 턴을 가질 수 있습니다.,Twoje stworzenia mają 2% szans na wykonanie dodatkowej tury.,Ваші істоти мають 2% шанс зробити ще один хід.,Je wezens hebben 2% kans om nog een beurt te nemen.,Yaratıklarının ekstra tur alma şansı %2 artar.
L_CARD_MARIONETTE2,,Your creatures have a 2% chance to take another turn.,自分のクリーチャーが2%の確率で追加ターンを得る。,"Deine Kreaturen haben eine 2% Chance, einen weiteren Zug zu erhalten.",Vos créatures ont 2% de chances d'effectuer un tour supplémentaire.,Tus criaturas tienen un 2% de probabilidad de realizar otro turno.,Suas criaturas têm 2% de chance de realizar outro turno.,Ваши существа имеют 2% шанс сделать ещё один ход.,Le tue creature hanno una probabilità del 2% di effettuare un altro turno.,你的生物有 2% 的機率可以再行動一次。,你的生物有2%几率获得额外的回合。,당신의 생물들은 2% 확률로 한 번 더 턴을 가질 수 있습니다.,Twoje stworzenia mają 2% szans na wykonanie dodatkowej tury.,Ваші істоти мають 2% шанс зробити ще один хід.,Je wezens hebben 2% kans om nog een beurt te nemen.,Yaratıklarının ekstra tur alma şansı %2 artar.
L_CARD_MARIONETTE3,,Your creatures have a 2% chance to take another turn.,味方のクリーチャーが2%の確率で追加ターンを得る。,"Deine Kreaturen haben eine 2% Chance, einen weiteren Zug zu erhalten.",Vos créatures ont 2% de chances d'effectuer un tour supplémentaire.,Tus criaturas tienen un 2% de probabilidad de realizar otro turno.,Suas criaturas têm 2% de chance de realizar outro turno.,Ваши существа имеют 2% шанс сделать ещё один ход.,Le tue creature hanno una probabilità del 2% di effettuare un altro turno.,你的生物有 2% 的機率可以再行動一次。,你的生物有2%几率获得额外的回合。,당신의 생물들은 2% 확률로 한 번 더 턴을 가질 수 있습니다.,Twoje stworzenia mają 2% szans na wykonanie dodatkowej tury.,Ваші істоти мають 2% шанс зробити ще один хід.,Je wezens hebben 2% kans om nog een beurt te nemen.,Yaratıklarının ekstra tur alma şansı %2 artar.
L_CARD_ROBODOMI1,,Your creatures have a 10% chance to avoid instant-kill effects.,自分のクリーチャーは即死効果を10%の確率で回避する。,"Deine Kreaturen haben eine 10% Chance, Soforttod-Effekte zu vermeiden.",Vos créatures ont 10% de chances d'éviter les effets de mort instantanée.,Tus criaturas tienen un 10% de probabilidad de evitar efectos de muerte instantánea.,Suas criaturas têm 10% de chance de evitar efeitos de morte instantânea.,Ваши существа имеют 10% шанс избежать эффектов мгновенного убийства.,Le tue creature hanno una probabilità del 10% di evitare gli effetti di morte istantanea.,你的生物有10%的機率避免即死效果。,你的生物有10%几率免疫即死效果。,당신의 생물들은 즉사 효과를 10% 확률로 회피합니다.,Twoje stworzenia mają 10% szans na uniknięcie efektów natychmiastowego zabicia.,Ваші істоти мають 10% шанс уникнути ефектів миттєвого вбивства.,Je wezens hebben 10% kans om directe-dood effecten te ontwijken.,Yaratıklarınızın ani-ölüm etkilerinden %10 kaçınma şansı var.
L_CARD_ROBODOMI2,,Your creatures have a 10% chance to avoid instant-kill effects.,自分のクリーチャーは即死効果を10%の確率で回避する。,"Deine Kreaturen haben eine 10% Chance, Soforttod-Effekte zu vermeiden.",Vos créatures ont 10% de chances d'éviter les effets de mort instantanée.,Tus criaturas tienen un 10% de probabilidad de evitar efectos de muerte instantánea.,Suas criaturas têm 10% de chance de evitar efeitos de morte instantânea.,Ваши существа имеют 10% шанс избежать эффектов мгновенного убийства.,Le tue creature hanno una probabilità del 10% di evitare gli effetti di morte istantanea.,你的生物有10%的機率避免即死效果。,你的生物有10%几率免疫即死效果。,당신의 생물들은 즉사 효과를 10% 확률로 회피합니다.,Twoje stworzenia mają 10% szans na uniknięcie efektów natychmiastowego zabicia.,Ваші істоти мають 10% шанс уникнути ефектів миттєвого вбивства.,Je wezens hebben 10% kans om directe-dood effecten te ontwijken.,Yaratıklarınızın ani-ölüm etkilerinden %10 kaçınma şansı var.
L_CARD_ROBODOMI3,,Your creatures have a 10% chance to avoid instant-kill effects.,自分のクリーチャーは即死効果を10%の確率で回避する。,"Deine Kreaturen haben eine 10% Chance, Soforttod-Effekte zu vermeiden.",Vos créatures ont 10% de chances d'éviter les effets de mort instantanée.,Tus criaturas tienen un 10% de probabilidad de evitar efectos de muerte instantánea.,Suas criaturas têm 10% de chance de evitar efeitos de morte instantânea.,Ваши существа имеют 10% шанс избежать эффектов мгновенного убийства.,Le tue creature hanno una probabilità del 10% di evitare gli effetti di morte istantanea.,你的生物有10%的機率避免即死效果。,你的生物有10%几率免疫即死效果。,당신의 생물들은 즉사 효과를 10% 확률로 회피합니다.,Twoje stworzenia mają 10% szans na uniknięcie efektów natychmiastowego zabicia.,Ваші істоти мають 10% шанс уникнути ефектів миттєвого вбивства.,Je wezens hebben 10% kans om directe-dood effecten te ontwijken.,Yaratıklarınızın ani-ölüm etkilerinden %10 kaçınma şansı var.
L_CARD_SPACECAT1,,Your creatures' Spell Gems that belong to other classes have 5% more potency.,他のクラスに属するあなたの生物のスペルジェムの効力が5%上昇する。,"Die Zaubersteine deiner Kreaturen, die anderen Klassen angehören, haben 5% mehr Zaubermacht.",Les Gemmes de Sort de vos créatures qui appartiennent à d'autres classes ont 5% de puissance en plus.,Las gemas de hechizo de tus criaturas que pertenecen a otras clases tienen un 5% más de potencia.,As criaturas do seu Gemas de Feitiço que pertencem a outras classes têm 5% mais potência.,"Самоцветы заклинаний ваших существ, принадлежащие другим классам, имеют на 5% больше силы.",Le Gemme Incantesimo delle tue creature che appartengono ad altre classi hanno il 5% di potenza in più.,你的生物所擁有的其他職業法術寶石效能提高5%。,你的生物拥有的其他系别的法术宝石效能提高5%。,당신의 생물이 가진 다른 클래스의 주문 보석은 5% 더 강력합니다.,"Czary Klejnotów twoich stworzeń, które należą do innych klas, mają o 5% większą moc.","Самоцвіти заклинань ваших істот, що належать до інших класів, мають на 5% більшу силу.",Je wezens' Spreuksieraden die tot andere klassen behoren hebben 5% meer kracht.,Diğer sınıflara ait olan yaratıklarının Büyü Taşları %5 daha fazla güce sahip.
L_CARD_SPACECAT2,,Your creatures' Spell Gems that belong to other classes have 5% more potency.,他のクラスに属するあなたの生物のスペルジェムの効力が5%上昇する。,"Die Zaubersteine deiner Kreaturen, die anderen Klassen angehören, haben 5% mehr Zaubermacht.",Les Gemmes de Sort de vos créatures qui appartiennent à d'autres classes ont 5% de puissance en plus.,Las gemas de hechizo de tus criaturas que pertenecen a otras clases tienen un 5% más de potencia.,As criaturas do seu Gemas de Feitiço que pertencem a outras classes têm 5% mais potência.,"Драгоценные камни заклинаний ваших существ, принадлежащие другим классам, имеют на 5% больше силы.",Le Gemme Incantesimo delle tue creature che appartengono ad altre classi hanno il 5% di potenza in più.,你的生物所擁有的其他職業的法術寶石效能提高5%。,你的生物拥有的其他系别的法术宝石效能提高5%。,당신의 생물이 가진 다른 클래스의 주문 보석은 5% 더 강력합니다.,"Czary Klejnotów twoich stworzeń, które należą do innych klas, mają o 5% większą moc.","Самоцвіти заклинань ваших істот, що належать до інших класів, мають на 5% більшу силу.",Je wezens' Spreuksieraden die tot andere klassen behoren hebben 5% meer kracht.,Diğer sınıflara ait olan yaratıklarının Büyü Taşları %5 daha fazla güce sahip.
L_CARD_SPACECAT3,,Your creatures' Spell Gems that belong to other classes have 5% more potency.,他のクラスに属するあなたの生物のスペルジェムの効力が5%上昇する。,"Die Zaubersteine deiner Kreaturen, die anderen Klassen angehören, haben 5% mehr Zaubermacht.",Les Gemmes de Sort de vos créatures qui appartiennent à d'autres classes ont 5% de puissance en plus.,Las Gemas de Hechizo de tus criaturas que pertenecen a otras clases tienen un 5% más de potencia.,As criaturas do seu Gemas de Feitiço que pertencem a outras classes têm 5% mais potência.,"Драгоценные камни заклинаний ваших существ, принадлежащие другим классам, имеют на 5% больше силы.",Le Gemme Incantesimo delle tue creature che appartengono ad altre classi hanno il 5% di potenza in più.,你的生物所擁有的其他職業法術寶石效能提高5%。,你的生物拥有的其他系别的法术宝石效能提高5%。,당신의 생물이 가진 다른 클래스의 주문 보석은 5% 더 강력합니다.,"Czary Klejnotów twoich stworzeń, które należą do innych klas, mają o 5% większą moc.","Самоцвіти заклинань ваших істот, що належать до інших класів, мають на 5% більшу силу.",Je wezens' Spreuksieraden die tot andere klassen behoren hebben 5% meer kracht.,Diğer sınıflara ait olan yaratıklarının Büyü Taşları %5 daha fazla güce sahip.
L_CARD_SPELLJUGGLER1,,Your creatures deal 1% more damage for each equipped permanent Spell Gem that belongs to another class.,他のクラスに属する装備中の永続的な呪文石1つにつき、あなたの生物が与えるダメージが1%増加する。,"Deine Kreaturen verursachen 1% mehr Schaden für jeden ausgerüsteten permanenten Zauberstein, der einer anderen Klasse angehört.",Vos créatures infligent 1% de dégâts supplémentaires pour chaque Gemme de Sort permanente équipée appartenant à une autre classe.,Tus criaturas infligen un 1% más de daño por cada Gema de Hechizo permanente equipada que pertenezca a otra clase.,Suas criaturas causam 1% a mais de dano para cada Gema de Feitiço permanente equipada que pertence a outra classe.,"Ваши существа наносят на 1% больше урона за каждый экипированный постоянный Камень Заклинания, принадлежащий другому классу.",Le tue creature infliggono l'1% di danno in più per ogni Gemma Incantesimo permanente equipaggiata che appartiene a un'altra classe.,你的生物每裝備一個屬於其他職業的永久法術寶石，傷害增加1%。,你的生物每装备一个其他系别的永久法术宝石，造成的伤害就增加1%。,다른 클래스에 속한 장착된 영구적 주문 보석 하나당 당신의 생물들이 1% 더 많은 피해를 입힙니다.,"Twoje stworzenia zadają 1% więcej obrażeń za każdy wyposażony, stały Klejnot Zaklęcia, który należy do innej klasy.","Ваші істоти завдають на 1% більше шкоди за кожен екіпований постійний Камінь Заклинання, що належить до іншого класу.",Je wezens doen 1% meer schade voor elke uitgeruste permanente Spreuksteen die tot een andere klasse behoort.,"Yaratıklarınız, başka bir sınıfa ait donanmış her kalıcı Büyü Mücevheri için %1 daha fazla hasar verir."
L_CARD_SPELLJUGGLER2,,Your creatures deal 1% more damage for each equipped permanent Spell Gem that belongs to another class.,他のクラスに属する装備中の永続的な呪文石1つにつき、あなたの生物が与えるダメージが1%増加する。,"Deine Kreaturen verursachen 1% mehr Schaden für jeden ausgerüsteten permanenten Zauberstein, der einer anderen Klasse angehört.",Vos créatures infligent 1% de dégâts supplémentaires pour chaque Gemme de Sort permanente équipée appartenant à une autre classe.,Tus criaturas infligen un 1% más de daño por cada Gema de Hechizo permanente equipada que pertenezca a otra clase.,Suas criaturas causam 1% a mais de dano para cada Gema de Feitiço permanente equipada que pertence a outra classe.,"Ваши существа наносят на 1% больше урона за каждый экипированный постоянный Камень Заклинания, принадлежащий другому классу.",Le tue creature infliggono l'1% di danno in più per ogni Gemma Incantesimo permanente equipaggiata che appartiene a un'altra classe.,你的生物每裝備一個屬於其他職業的永久法術寶石，傷害增加1%。,你的生物每装备一个其他系别的永久法术宝石，造成的伤害就增加1%。,다른 클래스에 속한 장착된 영구적 주문 보석 하나당 당신의 생물들이 1% 더 많은 피해를 입힙니다.,"Twoje stworzenia zadają 1% więcej obrażeń za każdy wyposażony, stały Klejnot Zaklęcia, który należy do innej klasy.","Ваші істоти завдають на 1% більше шкоди за кожен екіпований постійний Камінь Заклинання, що належить до іншого класу.",Je wezens doen 1% meer schade voor elke uitgeruste permanente Spreuksteen die tot een andere klasse behoort.,"Yaratıklarınız, başka bir sınıfa ait donanmış her kalıcı Büyü Mücevheri için %1 daha fazla hasar verir."
L_CARD_SPELLJUGGLER3,,Your creatures deal 1% more damage for each equipped permanent Spell Gem that belongs to another class.,他のクラスに属する装備中の永続的な呪文石1つにつき、あなたの生物が与えるダメージが1%増加する。,"Deine Kreaturen verursachen 1% mehr Schaden für jeden ausgerüsteten permanenten Zauberstein, der einer anderen Klasse angehört.",Vos créatures infligent 1% de dégâts supplémentaires pour chaque Gemme de Sort permanente équipée appartenant à une autre classe.,Tus criaturas infligen un 1% más de daño por cada Gema de Hechizo permanente equipada que pertenezca a otra clase.,Suas criaturas causam 1% a mais de dano para cada Gema de Feitiço permanente equipada que pertence a outra classe.,"Ваши существа наносят на 1% больше урона за каждый экипированный постоянный Камень Заклинания, принадлежащий другому классу.",Le tue creature infliggono l'1% di danno in più per ogni Gemma Incantesimo permanente equipaggiata che appartiene a un'altra classe.,你的生物每裝備一個屬於其他職業的永久法術寶石，傷害增加1%。,你的生物每装备一个其他系别的永久法术宝石，造成的伤害就增加1%。,다른 클래스에 속한 장착된 영구적 주문 보석 하나당 당신의 생물들이 1% 더 많은 피해를 입힙니다.,"Twoje stworzenia zadają 1% więcej obrażeń za każdy wyposażony, stały Klejnot Zaklęcia, który należy do innej klasy.","Ваші істоти завдають на 1% більше шкоди за кожен екіпований постійний Камінь Заклинання, що належить до іншого класу.",Je wezens doen 1% meer schade voor elke uitgeruste permanente Spreuksteen die tot een andere klasse behoort.,"Yaratıklarınız, başka bir sınıfa ait donanmış her kalıcı Büyü Mücevheri için %1 daha fazla hasar verir."
L_CARD_ELEMENTASAUR1,,Your creatures' debuffs each have a 3% chance to be removed at the start of their turns.,自分のクリーチャーのデバフは、それぞれのターン開始時に3%の確率で解除されます。,"Zu Beginn ihrer Runden haben die Debuffs deiner Kreaturen jeweils eine Chance von 3%, entfernt zu werden.",Les débuffs de vos créatures ont chacun 3% de chances d'être supprimés au début de leur tour.,Las penalizaciones de tus criaturas tienen cada una un 3% de probabilidad de ser eliminadas al comienzo de sus turnos.,As debilitações das suas criaturas têm 3% de chance de serem removidas no início dos turnos delas.,Дебаффы ваших существ имеют 3% шанс быть удалёнными в начале их хода.,I tuoi mostri hanno una probabilità del 3% di rimuovere un debuff all'inizio del loro turno.,你的生物在其回合開始時，每個減益效果都有3%的機率被移除。,你的生物的每个减益在其回合开始时都有3%的几率被移除。,당신의 생물들의 디버프는 각각 자신의 턴 시작 시 3%의 확률로 제거됩니다.,Debuffs twoich stworzeń mają 3% szansy na usunięcie na początku ich tury.,Ваші істоти мають 3% шанс позбутися дебафів на початку свого ходу.,Je wezens hebben elk een kans van 3% om hun verzwakkingen te verwijderen aan het begin van hun beurten.,"Yaratıklarının zayıflatıcı etkileri, kendi turlarının başında %3 ihtimalle kaldırılabilir."
L_CARD_ELEMENTASAUR2,,Your creatures' debuffs each have a 3% chance to be removed at the start of their turns.,自分のクリーチャーのデバフは、ターン開始時にそれぞれ3%の確率で解除されることがあります。,"Zu Beginn ihrer Runden haben die Debuffs deiner Kreaturen jeweils eine Chance von 3%, entfernt zu werden.",Les débuffs de vos créatures ont chacun 3% de chances d'être supprimés au début de leur tour.,Las penalizaciones de tus criaturas tienen cada una un 3% de probabilidad de ser eliminadas al comienzo de sus turnos.,As debilitações das suas criaturas têm 3% de chance de serem removidas no início dos turnos delas.,Дебаффы ваших существ имеют 3% шанс быть удалены в начале их хода.,I tuoi mostri hanno una probabilità del 3% di rimuovere un debuff all'inizio del loro turno.,你的生物在其回合開始時，每個減益效果都有3%的機率被移除。,你的生物的每个减益在其回合开始时都有3%的几率被移除。,당신의 생물들의 디버프는 각각 자신의 턴 시작 시 3%의 확률로 제거됩니다.,Debuffs twoich stworzeń mają 3% szansy na usunięcie na początku ich tury.,Дебафи ваших істот мають 3% шанс бути знятими на початку їхніх ходів.,Je wezens hebben elk een kans van 3% om hun verzwakkingen te verwijderen aan het begin van hun beurten.,"Yaratıklarının zayıflatıcı etkileri, kendi turlarının başında %3 ihtimalle kaldırılır."
L_CARD_ELEMENTASAUR3,,Your creatures' debuffs each have a 3% chance to be removed at the start of their turns.,自分のクリーチャーのデバフは、ターン開始時にそれぞれ3%の確率で解除される。,"Zu Beginn ihrer Runden haben die Debuffs deiner Kreaturen jeweils eine Chance von 3%, entfernt zu werden.",Les débuffs de vos créatures ont chacun 3% de chances d'être supprimés au début de leur tour.,Las penalizaciones de tus criaturas tienen cada una un 3% de probabilidad de ser eliminadas al comienzo de sus turnos.,As debilitações das suas criaturas têm 3% de chance de serem removidas no início dos turnos delas.,Дебаффы ваших существ имеют 3% шанс быть удалены в начале их хода.,I tuoi mostri hanno una probabilità del 3% di rimuovere un debuff all'inizio del loro turno.,你的生物在其回合開始時，每個減益效果都有3%的機率被移除。,你的生物的每个减益在其回合开始时都有3%的几率被移除。,당신의 생물들의 디버프는 각각 자신의 턴 시작 시 3%의 확률로 제거됩니다.,Debuffs twoich stworzeń mają 3% szansy na usunięcie na początku ich tury.,Дебафи ваших істот мають 3% шанс бути знятими на початку їхніх ходів.,Je wezens hebben elk een kans van 3% om hun verzwakkingen te verwijderen aan het begin van hun beurten.,"Yaratıklarının zayıflatıcı etkileri, kendi turlarının başında %3 ihtimalle kaldırılır."
L_CARD_MIRELING1,,Your creatures deal 2% more damage for each unique class among your creatures.,味方のクリーチャーは、味方のクリーチャーの中にいるユニークなクラスごとに2%多くのダメージを与える。,Deine Kreaturen verursachen 2% mehr Schaden für jede einzigartige Klasse unter deinen Kreaturen.,Vos créatures infligent 2% de dégâts supplémentaires pour chaque classe unique parmi vos créatures.,Tus criaturas infligen un 2% más de daño por cada clase única entre tus criaturas.,Suas criaturas causam 2% a mais de dano para cada classe única entre suas criaturas.,Ваши существа наносят на 2% больше урона за каждый уникальный класс среди ваших существ.,Le tue creature infliggono il 2% di danno in più per ogni classe unica tra le tue creature.,你的生物每有一個獨特的職業，傷害就會增加2%。,你的生物中每有一个独特系别，造成的伤害就增加2%。,당신의 생물들은 당신의 생물들 중 고유한 클래스마다 2% 더 많은 피해를 입힙니다.,Twoje stworzenia zadają o 2% więcej obrażeń za każdą unikalną klasę wśród twoich stworzeń.,Ваші істоти завдають на 2% більше шкоди за кожен унікальний клас серед ваших істот.,Je wezens doen 2% meer schade voor elke unieke klasse onder je wezens.,"Yaratıklarınız, yaratıklarınız arasındaki her benzersiz sınıf için %2 daha fazla hasar verir."
L_CARD_MIRELING2,,Your creatures deal 2% more damage for each unique class among your creatures.,味方のクリーチャーは、味方のクリーチャーの中にいるユニークなクラスごとに2%多くのダメージを与える。,Deine Kreaturen verursachen 2% mehr Schaden für jede einzigartige Klasse unter deinen Kreaturen.,Vos créatures infligent 2% de dégâts supplémentaires pour chaque classe unique parmi vos créatures.,Tus criaturas infligen un 2% más de daño por cada clase única entre tus criaturas.,Suas criaturas causam 2% a mais de dano para cada classe única entre suas criaturas.,Ваши существа наносят на 2% больше урона за каждый уникальный класс среди ваших существ.,Le tue creature infliggono il 2% di danno in più per ogni classe unica tra le tue creature.,你的生物每有一個獨特的職業，傷害就會增加2%。,你的生物中每有一个独特系别，造成的伤害就增加2%。,당신의 생물들은 당신의 생물들 중 고유한 클래스마다 2% 더 많은 피해를 입힙니다.,Twoje stworzenia zadają o 2% więcej obrażeń za każdą unikalną klasę wśród twoich stworzeń.,Ваші істоти завдають на 2% більше шкоди за кожен унікальний клас серед ваших істот.,Je wezens doen 2% meer schade voor elke unieke klasse onder je wezens.,"Yaratıklarınız, yaratıklarınız arasındaki her benzersiz sınıf için %2 daha fazla hasar verir."
L_CARD_MIRELING3,,Your creatures deal 2% more damage for each unique class among your creatures.,味方のクリーチャーは、クリーチャーの中にいるユニークなクラスごとに2%多くダメージを与える。,Deine Kreaturen verursachen 2% mehr Schaden für jede einzigartige Klasse unter deinen Kreaturen.,Vos créatures infligent 2% de dégâts supplémentaires pour chaque classe unique parmi vos créatures.,Tus criaturas infligen un 2% más de daño por cada clase única entre tus criaturas.,Suas criaturas causam 2% a mais de dano para cada classe única entre suas criaturas.,Ваши существа наносят на 2% больше урона за каждый уникальный класс среди ваших существ.,Le tue creature infliggono il 2% di danno in più per ogni classe unica tra le tue creature.,你的生物每有一個獨特的職業，傷害就會增加2%。,你的生物中每有一个独特系别，造成的伤害就增加2%。,당신의 생물들은 당신의 생물들 중 고유한 클래스마다 2% 더 많은 피해를 입힙니다.,Twoje stworzenia zadają o 2% więcej obrażeń za każdą unikalną klasę wśród twoich stworzeń.,Ваші істоти завдають на 2% більше шкоди за кожен унікальний клас серед ваших істот.,Je wezens doen 2% meer schade voor elke unieke klasse onder je wezens.,"Yaratıklarınız, yaratıklarınız arasındaki her benzersiz sınıf için %2 daha fazla hasar verir."
L_CARD_UNDERDWELLER1,,Enemies with {CONDNAME_DEBUFF_FEAR} have a 3% chance to lose their turn.,{CONDNAME_DEBUFF_FEAR}状態の敵は3%の確率で行動不能になる。,"Gegner mit {CONDNAME_DEBUFF_FEAR} haben eine 3% Chance, ihren Zug zu verlieren.",Les ennemis avec {CONDNAME_DEBUFF_FEAR} ont 3% de chances de perdre leur tour.,Los enemigos con {CONDNAME_DEBUFF_FEAR} tienen un 3% de probabilidad de perder su turno.,Inimigos com {CONDNAME_DEBUFF_FEAR} têm 3% de chance de perder seu turno.,Враги с {CONDNAME_DEBUFF_FEAR} имеют 3% шанс пропустить свой ход.,I nemici con {CONDNAME_DEBUFF_FEAR} hanno il 3% di probabilità di perdere il loro turno.,帶有{CONDNAME_DEBUFF_FEAR}的敵人有3%的機率會失去他們的回合。,带有{CONDNAME_DEBUFF_FEAR}的敌人有3%的几率失去其回合。,{CONDNAME_DEBUFF_FEAR} 상태인 적은 3% 확률로 턴을 잃습니다.,Wrogowie z {CONDNAME_DEBUFF_FEAR} mają 3% szans na utratę tury.,Вороги з {CONDNAME_DEBUFF_FEAR} мають 3% шанс втратити свій хід.,Vijanden met {CONDNAME_DEBUFF_FEAR} hebben 3% kans om hun beurt te verliezen.,{CONDNAME_DEBUFF_FEAR} olan düşmanların %3 ihtimalle sıralarını kaybetme şansı vardır.
L_CARD_UNDERDWELLER2,,Enemies with {CONDNAME_DEBUFF_FEAR} have 10% less {STAT_attack}.,{CONDNAME_DEBUFF_FEAR}状態の敵は{STAT_attack}が10%減少する。,Feinde mit {CONDNAME_DEBUFF_FEAR} haben 10% weniger {STAT_attack}.,Les ennemis avec {CONDNAME_DEBUFF_FEAR} ont 10% de {STAT_attack} en moins.,Los enemigos con {CONDNAME_DEBUFF_FEAR} tienen un 10% menos de {STAT_attack}.,Inimigos com {CONDNAME_DEBUFF_FEAR} têm 10% menos de {STAT_attack}.,Враги с {CONDNAME_DEBUFF_FEAR} имеют на 10% меньше {STAT_attack}.,I nemici con {CONDNAME_DEBUFF_FEAR} hanno il 10% in meno di {STAT_attack}.,帶有{CONDNAME_DEBUFF_FEAR}的敵人{STAT_attack}降低10%。,带有{CONDNAME_DEBUFF_FEAR}的敌人拥有的{STAT_attack}降低10%。,{CONDNAME_DEBUFF_FEAR} 상태인 적은 {STAT_attack}이 10% 감소합니다.,Wrogowie z {CONDNAME_DEBUFF_FEAR} mają o 10% mniejszy {STAT_attack}.,Вороги з {CONDNAME_DEBUFF_FEAR} мають на 10% менше {STAT_attack}.,Vijanden met {CONDNAME_DEBUFF_FEAR} hebben 10% minder {STAT_attack}.,{CONDNAME_DEBUFF_FEAR} olan düşmanların {STAT_attack} değeri %10 daha düşüktür.
L_CARD_UNDERDWELLER3,,Enemies with {CONDNAME_DEBUFF_FEAR} have 10% less {STAT_intelligence}.,{CONDNAME_DEBUFF_FEAR}状態の敵は{STAT_intelligence}が10%減少する。,Feinde mit {CONDNAME_DEBUFF_FEAR} haben 10% weniger {STAT_intelligence}.,Les ennemis avec {CONDNAME_DEBUFF_FEAR} ont 10% de {STAT_intelligence} en moins.,Los enemigos con {CONDNAME_DEBUFF_FEAR} tienen un 10% menos de {STAT_intelligence}.,Inimigos com {CONDNAME_DEBUFF_FEAR} têm 10% menos de {STAT_intelligence}.,Враги с {CONDNAME_DEBUFF_FEAR} имеют на 10% меньше {STAT_intelligence}.,I nemici con {CONDNAME_DEBUFF_FEAR} hanno il 10% in meno di {STAT_intelligence}.,帶有{CONDNAME_DEBUFF_FEAR}的敵人{STAT_intelligence}降低10%。,带有{CONDNAME_DEBUFF_FEAR}的敌人拥有的{STAT_intelligence}降低10%。,{CONDNAME_DEBUFF_FEAR} 상태인 적은 {STAT_intelligence}가 10% 감소합니다.,Wrogowie z {CONDNAME_DEBUFF_FEAR} mają o 10% mniejszą {STAT_intelligence}.,Вороги з {CONDNAME_DEBUFF_FEAR} мають на 10% менше {STAT_intelligence}.,Vijanden met {CONDNAME_DEBUFF_FEAR} hebben 10% minder {STAT_intelligence}.,{CONDNAME_DEBUFF_FEAR} olan düşmanların {STAT_intelligence} değeri %10 daha düşüktür.
L_CARD_DENIZEN1,,Enemies take 10% more damage from their {CONDNAME_DEBUFF_MANIA} debuffs.,敵は{CONDNAME_DEBUFF_MANIA}デバフからのダメージを10%多く受ける。,Feinde erleiden 10% mehr Schaden durch ihre {CONDNAME_DEBUFF_MANIA} Schwächungen.,Les ennemis subissent 10% de dégâts supplémentaires de leurs affaiblissements {CONDNAME_DEBUFF_MANIA}.,Los enemigos reciben un 10% más de daño de sus debuffs de {CONDNAME_DEBUFF_MANIA}.,Inimigos recebem 10% a mais de dano de suas penalidades {CONDNAME_DEBUFF_MANIA}.,Враги получают на 10% больше урона от своих дебаффов {CONDNAME_DEBUFF_MANIA}.,I nemici subiscono il 10% in più di danni dai loro debuff {CONDNAME_DEBUFF_MANIA}.,敵人受到的{CONDNAME_DEBUFF_MANIA}減益效果傷害增加10%。,敌人受到来自其{CONDNAME_DEBUFF_MANIA}减益的伤害提高10%。,적들은 {CONDNAME_DEBUFF_MANIA} 디버프로부터 10% 더 많은 피해를 받습니다.,Wrogowie otrzymują 10% więcej obrażeń od swoich debuffów {CONDNAME_DEBUFF_MANIA}.,Вороги отримують на 10% більше шкоди від своїх дебафів {CONDNAME_DEBUFF_MANIA}.,Vijanden krijgen 10% meer schade van hun {CONDNAME_DEBUFF_MANIA} debuffs.,Düşmanlar {CONDNAME_DEBUFF_MANIA} debufflarından %10 daha fazla hasar alır.
L_CARD_DENIZEN2,,Enemies take 10% more damage from their {CONDNAME_DEBUFF_MANIA} debuffs.,敵は{CONDNAME_DEBUFF_MANIA}デバフからのダメージを10%多く受ける。,Feinde erleiden 10% mehr Schaden durch ihre {CONDNAME_DEBUFF_MANIA} Schwächungen.,Les ennemis subissent 10% de dégâts supplémentaires de leurs affaiblissements {CONDNAME_DEBUFF_MANIA}.,Los enemigos reciben un 10% más de daño de sus debuffs de {CONDNAME_DEBUFF_MANIA}.,Inimigos recebem 10% a mais de dano de suas penalidades {CONDNAME_DEBUFF_MANIA}.,Враги получают на 10% больше урона от своих дебаффов {CONDNAME_DEBUFF_MANIA}.,I nemici subiscono il 10% in più di danni dai loro debuff {CONDNAME_DEBUFF_MANIA}.,敵人受到的{CONDNAME_DEBUFF_MANIA}減益效果傷害增加10%。,敌人受到来自其{CONDNAME_DEBUFF_MANIA}减益的伤害提高10%。,적들은 {CONDNAME_DEBUFF_MANIA} 디버프로부터 10% 더 많은 피해를 받습니다.,Wrogowie otrzymują 10% więcej obrażeń od swoich debuffów {CONDNAME_DEBUFF_MANIA}.,Вороги отримують на 10% більше шкоди від своїх дебафів {CONDNAME_DEBUFF_MANIA}.,Vijanden krijgen 10% meer schade van hun {CONDNAME_DEBUFF_MANIA} debuffs.,Düşmanlar {CONDNAME_DEBUFF_MANIA} debufflarından %10 daha fazla hasar alır.
L_CARD_DENIZEN3,,Enemies take 10% more damage from their {CONDNAME_DEBUFF_MANIA} debuffs.,敵は{CONDNAME_DEBUFF_MANIA}デバフからのダメージを10%多く受ける。,Feinde erleiden 10% mehr Schaden durch ihre {CONDNAME_DEBUFF_MANIA} Schwächungen.,Les ennemis subissent 10% de dégâts supplémentaires de leurs affaiblissements {CONDNAME_DEBUFF_MANIA}.,Los enemigos reciben un 10% más de daño de sus debuffs de {CONDNAME_DEBUFF_MANIA}.,Inimigos recebem 10% a mais de dano de suas penalidades {CONDNAME_DEBUFF_MANIA}.,Враги получают на 10% больше урона от своих дебаффов {CONDNAME_DEBUFF_MANIA}.,I nemici subiscono il 10% in più di danni dai loro debuff {CONDNAME_DEBUFF_MANIA}.,敵人受到的{CONDNAME_DEBUFF_MANIA}減益效果傷害增加10%。,敌人受到来自其{CONDNAME_DEBUFF_MANIA}减益的伤害提高10%。,적들은 {CONDNAME_DEBUFF_MANIA} 디버프로부터 10% 더 많은 피해를 받습니다.,Wrogowie otrzymują 10% więcej obrażeń od swoich debuffów {CONDNAME_DEBUFF_MANIA}.,Вороги отримують на 10% більше шкоди від своїх дебафів {CONDNAME_DEBUFF_MANIA}.,Vijanden krijgen 10% meer schade van hun {CONDNAME_DEBUFF_MANIA} debuffs.,Düşmanlar {CONDNAME_DEBUFF_MANIA} debufflarından %10 daha fazla hasar alır.
