Tag,Notes,English,Japanese,German,French,Spanish,Portuguese,Russian,Italian,Chinese (Traditional),Chinese (Simplified),Korean,Polish,Ukrainian,Dutch,Turkish
L_DEC_TRIBUTETOLISTER,,Tribute to Lister,リスターへの賛辞,Tribut an Lister,Hommage à Lister,Tributo a Lister,Tributo a Lister,Дань Листеру,Tributo a Lister,向李斯特致敬,利斯特的进贡祭坛,리스터에게 바치는 헌사,Hołd dla Listera,Данина Лістеру,Eerbetoon aan Lister,Lister'a Saygı
L_DEC_LISTER'SBANNER,,Lister's Banner,リスターの旗印,Listers Banner,Bannière de Lister,Estandarte de Lister,Estandarte de Lister,Знамя Листера,Vessillo di Lister,李斯特的旗幟,利斯特的旗帜,리스터의 깃발,Sztandar Listera,Прапор Лістера,Lister's Banier,Lister'ın Sancağı
L_DEC_LISTER'SBIGRUG,,Lister's Big Rug,リスターの大きな絨毯,Listers großer Teppich,Tapis Géant de Lister,Alfombra Grande de Lister,Tapete Grande de Lister,Большой Ковер Листера,Tappeto Grande di Lister,李斯特的大地毯,利斯特的大地毯,리스터의 큰 러그,Wielki Dywan Listera,Великий Килим Лістера,Lister's Grote Tapijt,Lister'ın Büyük Halısı
L_DEC_LISTER'STIKITORCH,,Lister's Tiki Torch,リスターのティキトーチ,Listers Tiki-Fackel,Torche Tiki de Lister,Antorcha Tiki de Lister,Tocha Tiki de Lister,Факел Тики Листера,Torcia Tiki di Lister,李斯特的提基火炬,利斯特的提基火把,리스터의 티키 토치,Pochodnia Tiki Listera,Факел Тікі Лістера,Tiki-fakkel van Lister,Lister'ın Tiki Meşalesi
L_DEC_LISTER'SCHAIR,,Lister's Chair,リスターの椅子,Listers Stuhl,Chaise de Lister,Silla de Lister,Cadeira de Lister,Кресло Листера,Sedia di Lister,李斯特的椅子,利斯特的椅子,리스터의 의자,Krzesło Listera,Крісло Лістера,Listers Stoel,Lister'ın Sandalyesi
L_DEC_LISTER'SPILLAR,,Lister's Pillar,リスターの柱,Listers Säule,Pilier de Lister,Pilar de Lister,Pilar de Lister,Столп Листера,Pilastro di Lister,李斯特之柱,利斯特的柱子,리스터의 기둥,Filar Listera,Стовп Лістера,Lister's Pilaar,Lister'ın Sütunu
L_DEC_LISTER'SLONGRUG,,Lister's Long Rug,リスターの長い絨毯,Listers langer Teppich,Tapis Long de Lister,Alfombra Larga de Lister,Tapete Comprido de Lister,Длинный ковёр Листера,Tappeto Lungo di Lister,李斯特的長地毯,利斯特的长地毯,리스터의 긴 러그,Długi Dywan Listera,Довгий килим Лістера,Listers Lange Tapijt,Lister'ın Uzun Halısı
L_DEC_GLITTERINGGREEN,,Glittering Green,輝く緑,Glitzerndes Grün,Vert Scintillant,Verde Resplandeciente,Verde Cintilante,Сверкающая Зелень,Verde Scintillante,閃爍綠光,闪耀绿,반짝이는 초록색,Lśniąca Zieleń,Мерехтливий Зелений,Glinsterende Groen,Parlayan Yeşil
L_DEC_FARAWAYSUNSET,,Faraway Sunset,遥かなる夕陽,Ferner Sonnenuntergang,Crépuscule Lointain,Ocaso Lejano,Pôr do Sol Distante,Далёкий Закат,Tramonto Lontano,遙遠的落日,遥远日落,머나먼 노을,Odległy Zachód Słońca,Далекий Захід Сонця,Verre Zonsondergang,Uzak Günbatımı
L_DEC_BEACHGRASS,,Beach Grass,浜草,Strandgras,Herbe de plage,Hierba de Playa,Grama de Praia,Пляжная трава,Erba di Spiaggia,海灘草,海滩草,해변 풀,Trawa Plażowa,Пляжна трава,Strandgras,Sahil Çimeni
L_DEC_LITTLEPALMTREE,,Little Palm Tree,小さなヤシの木,Kleine Palme,Petit Palmier,Palmera Pequeña,Pequena Palmeira,Маленькая пальма,Piccola Palma,小棕櫚樹,小棕榈树,작은 야자수,Mała Palma,Маленька пальма,Kleine Palmboom,Küçük Palmiye Ağacı
L_DEC_LISTER'STEARS,,Lister's Tears,リスターの涙,Listers Tränen,Larmes de Lister,Lágrimas de Lister,Lágrimas de Lister,Слёзы Листера,Lacrime di Lister,李斯特之淚,利斯特之泪,리스터의 눈물,Łzy Listera,Сльози Лістера,Listers Tranen,Lister'ın Gözyaşları
L_DEC_PALMTREE,,Palm Tree,ヤシの木,Palme,Palmier,Palmera,Palmeira,Пальма,Palma,棕櫚樹,棕榈树,야자수,Palma,Пальма,Palmboom,Palmiye Ağacı
L_DEC_BAMBOO,,Bamboo,竹,Bambus,Bambou,Bambú,Bambu,Бамбук,Bambù,竹子,竹子,대나무,Bambus,Бамбук,Bamboe,Bambu
L_DEC_THEPRIEST,,The Priest,司祭,Der Priester,Le Prêtre,El Sacerdote,O Sacerdote,Жрец,Il Sacerdote,牧師,祭司,사제,Kapłan,Священник,De Priester,Rahip
L_DEC_LISTER'STABLE,,Lister's Table,リスターの机,Listers Tisch,Table de Lister,Mesa de Lister,Mesa de Lister,Стол Листера,Tavolo di Lister,列斯特的桌子,利斯特的桌子,리스터의 테이블,Stół Listera,Стіл Лістера,Lister's Tafel,Lister'ın Masası
L_DEC_LISTER'STHRONE,,Lister's Throne,リスターの玉座,Listers Thron,Trône de Lister,Trono de Lister,Trono de Lister,Трон Листера,Trono di Lister,李斯特的王座,利斯特的王座,리스터의 왕좌,Tron Listera,Трон Лістера,Listers Troon,Lister'ın Tahtı
L_DEC_TRIBUTETOPERDITION,,Tribute to Perdition,破滅への貢物,Tribut an den Untergang,Hommage à la Perdition,Tributo a la Perdición,Tributo à Perdição,Дань Погибели,Tributo alla Perdizione,滅亡的獻祭,珀迪森的进贡祭坛,파멸에 대한 헌사,Hołd dla Zatracenia,Данина Загибелі,Eerbetoon aan Verdoemenis,Yıkıma Saygı
L_DEC_PERDITION'SBANNER,,Perdition's Banner,破滅の旗印,Verdammnisbanner,Étendard de la Perdition,Estandarte de la Perdición,Estandarte da Perdição,Знамя Погибели,Vessillo della Dannazione,滅亡之旗,珀迪森的旗帜,파멸의 깃발,Sztandar Zatracenia,Знамено Загибелі,Banier van Verdoemenis,Mahvolma Sancağı
L_DEC_PERDITION'SBIGRUG,,Perdition's Big Rug,破滅の大きな絨毯,Verderbens großer Teppich,Tapis Géant de la Perdition,Alfombra Grande de la Perdición,Tapete Grande da Perdição,Большой Ковер Погибели,Tappeto Grande della Perdizione,滅亡之大地毯,珀迪森的大地毯,파멸의 큰 러그,Wielki Dywan Zatracenia,Великий Килим Загибелі,Verdoemenis' Grote Tapijt,Mahşerin Büyük Halısı
L_DEC_PERDITION'SLANTERN,,Perdition's Lantern,破滅の灯火,Laterne der Verdammnis,Lanterne de la Perdition,Linterna de la Perdición,Lanterna da Perdição,Фонарь Погибели,Lanterna della Perdizione,滅亡之燈,珀迪森的灯笼,파멸의 등불,Latarnia Zatracenia,Ліхтар Загибелі,Lantaarn der Verdoemenis,Mahşerin Feneri
L_DEC_PERDITION'SCHAIR,,Perdition's Chair,破滅の椅子,Stuhl der Verdammnis,Chaise de la Perdition,Silla de la Perdición,Cadeira da Perdição,Трон Проклятия,Seggio della Perdizione,滅亡之椅,珀迪森的椅子,파멸의 의자,Krzesło Zatracenia,Крісло Загибелі,Verdoemenisstoel,Mahvolma Sandalyesi
L_DEC_PERDITION'SPILLAR,,Perdition's Pillar,破滅の柱,Säule der Verdammnis,Pilier de la Perdition,Pilar de la Perdición,Pilar da Perdição,Столп Проклятия,Pilastro della Perdizione,滅亡之柱,珀迪森的柱子,파멸의 기둥,Filar Zatracenia,Стовп Загибелі,Verdoemenis Pilaar,Mahvolma Sütunu
L_DEC_PERDITION'SLONGRUG,,Perdition's Long Rug,破滅の長い絨毯,Teppich der langen Verdammnis,Tapis Long de la Perdition,Alfombra Larga de la Perdición,Tapete Longo da Perdição,Длинный Ковер Погибели,Lungo Tappeto della Perdizione,滅亡之長地毯,珀迪森的长地毯,파멸의 긴 러그,Długi Dywan Zatracenia,Довгий Килим Загибелі,Tapijt van het Lange Verderf,Mahvolmanın Uzun Halısı
L_DEC_TWINBLADES,,Twin Blades,双刃,Zwillingsklingen,Lames Jumelles,Espadas Gemelas,Lâminas Gêmeas,Парные Клинки,Lame Gemelle,雙刃,双刃,쌍검,Bliźniacze Ostrza,Парні Клинки,Tweelingzwaarden,İkiz Kılıçlar
L_DEC_IRONWILL,,Iron Will,鋼の意志,Eiserner Wille,Volonté de Fer,Voluntad de Hierro,Vontade de Ferro,Железная Воля,Volontà di Ferro,鋼鐵意志,钢铁意志,강철의 의지,Żelazna Wola,Залізна воля,IJzeren Wil,Demir İrade
L_DEC_ENERGYFLOWER,,Energy Flower,エナジーフラワー,Energieblume,Fleur d'Énergie,Flor de Energía,Flor de Energia,Энергетический Цветок,Fiore Energetico,能量花,能量之花,에너지 꽃,Kwiat Energii,Енергетична Квітка,Energiebloem,Enerji Çiçeği
L_DEC_GLOWBERRIES,,Glow Berries,光のベリー,Leuchtbeeren,Baies Luisantes,Bayas Luminosas,Bagas Luminosas,Светоягоды,Bacche Luminose,螢光漿果,发光浆果,빛나는 열매,Świecące Jagody,Світлоягоди,Gloeibessen,Işıldayan Meyveler
L_DEC_SPECTRALCORAL,,Spectral Coral,スペクトラルコーラル,Spektrales Korall,Corail Spectral,Coral Espectral,Coral Espectral,Призрачный Коралл,Corallo Spettrale,幽靈珊瑚,幽灵珊瑚,유령 산호,Widmowa Koralowina,Примарний Корал,Spectraal Koraal,Hayaletimsi Mercan
L_DEC_ENERGIZEDDEADWOOD,,Energized Deadwood,エネルギーを帯びた枯れ木,Energetisiertes Totholz,Bois Mort Énergisé,Leño Energizado,Madeira Morta Energizada,Заряженная Мертвая Древесина,Legno Morto Energizzato,充能枯木,能量枯木,활성화된 고목,Naładowane Martwe Drewno,Наелектризована Мертва Деревина,Geëlektriseerd Doodhout,Enerji Yüklü Kuruağaç
L_DEC_GHOSTVINES,,Ghost Vines,幽霊蔓,Geistranken,Lianes Fantômes,Enredaderas Fantasma,Vinhas Fantasma,Призрачные Лозы,Liane Fantasma,幽靈藤蔓,幽灵藤蔓,유령 덩굴,Duchowe Pnącza,Примарні Лози,Spookranken,Hayalet Sarmaşıklar
L_DEC_GRIMARBITER,,Grim Arbiter,厳格なる裁定者,Finsterer Richter,Arbitre Sinistre,Árbitro Sombrío,Árbitro Sombrio,Мрачный Судья,Arbitro Tetro,嚴厲仲裁者,冷酷仲裁者,냉혹한 심판관,Ponury Rozjemca,Похмурий Суддя,Grimmige Scheidsrechter,Acımasız Hakem
L_DEC_PERDITION'STABLE,,Perdition's Table,破滅の卓,Tisch der Verdammnis,Table de la Perdition,Mesa de la Perdición,Mesa da Perdição,Стол Проклятия,Tavolo della Dannazione,滅亡之桌,珀迪森的桌子,파멸의 탁자,Stół Zatracenia,Стіл Загибелі,Tafel der Verdoemenis,Mahvolma Masası
L_DEC_PERDITION'STHRONE,,Perdition's Throne,滅亡の玉座,Thron der Verdammnis,Trône de la Perdition,Trono de la Perdición,Trono da Perdição,Трон Проклятия,Trono della Perdizione,滅亡王座,珀迪森的王座,파멸의 왕좌,Tron Zatracenia,Трон Загибелі,Troon der Verdoemenis,Mahvolmuşun Tahtı
L_DEC_TRIBUTETOYSEROS,,Tribute to Yseros,イセロスへの献辞,Tribut an Yseros,Hommage à Yseros,Tributo a Yseros,Tributo a Yseros,Дань Исеросу,Tributo a Yseros,向伊瑟洛斯致敬,伊瑟洛丝的进贡祭坛,이세로스에게 바치는 공물,Hołd dla Yserosa,Данина Ісеросу,Eerbetoon aan Yseros,Yseros'a Saygı
L_DEC_YSEROS'BANNER,,Yseros' Banner,イセロスの旗,Yseros' Banner,Étendard d'Yseros,Estandarte de Yseros,Estandarte de Yseros,Знамя Исероса,Vessillo di Yseros,伊瑟洛斯之旗,伊瑟洛丝的旗帜,이세로스의 깃발,Sztandar Yserosa,Знамено Ісероса,Banier van Yseros,Yseros'un Sancağı
L_DEC_YSEROS'BIGRUG,,Yseros' Big Rug,イセロスの大きな絨毯,Yseros' großer Teppich,Tapis Géant d'Yseros,Alfombra Grande de Yseros,Tapete Grande de Yseros,Большой Ковер Исероса,Tappeto Grande di Yseros,伊瑟洛斯的大地毯,伊瑟洛丝的大地毯,이세로스의 큰 러그,Wielki Dywan Yserosa,Великий Килим Ісероса,Yseros' Grote Tapijt,Yseros'un Büyük Halısı
L_DEC_YSEROS'GLOW,,Yseros' Glow,イセロスの輝き,Yseros' Schein,Lueur d'Yseros,Resplandor de Yseros,Brilho de Yseros,Сияние Исероса,Bagliore di Yseros,伊瑟洛斯之輝,伊瑟洛丝的光辉,이세로스의 빛,Poświata Yserosa,Сяйво Ізероса,Yseros' Gloed,Yseros'un Parıltısı
L_DEC_YSEROS'CHAIR,,Yseros' Chair,イセロスの椅子,Yseros' Stuhl,Chaise d'Yseros,Silla de Yseros,Cadeira de Yseros,Кресло Исероса,Seggio di Yseros,伊瑟洛斯之椅,伊瑟洛丝的椅子,이세로스의 의자,Krzesło Yserosa,Крісло Ісероса,Yseros' Stoel,Yseros'un Sandalyesi
L_DEC_YSEROS'PILLAR,,Yseros' Pillar,イセロスの柱,Yseros' Säule,Pilier d'Yseros,Pilar de Yseros,Pilar de Yseros,Столп Исероса,Pilastro di Yseros,伊瑟洛斯之柱,伊瑟洛丝的柱子,이세로스의 기둥,Filar Yserosa,Колона Ісероса,Yseros' Pillar,Yseros'un Sütunu
L_DEC_YSEROS'LONGRUG,,Yseros' Long Rug,イセロスの長い敷物,Yseros' langer Teppich,Tapis Long d'Yseros,Alfombra Larga de Yseros,Tapete Comprido de Yseros,Длинный ковер Исероса,Tappeto Lungo di Yseros,伊瑟洛斯的長地毯,伊瑟洛丝的长地毯,이세로스의 긴 러그,Długi Dywan Yserosa,Довгий килим Ісероса,Yseros' Lange Tapijt,Yseros'un Uzun Halısı
L_DEC_GAZEOFTHESPHINX,,Gaze of the Sphinx,スフィンクスの凝視,Blick der Sphinx,Regard du Sphinx,Mirada de la Esfinge,Olhar da Esfinge,Взгляд Сфинкса,Sguardo della Sfinge,獅身人面像的凝視,斯芬克斯之凝视,스핑크스의 응시,Spojrzenie Sfinksa,Погляд Сфінкса,Blik van de Sfinx,Sfenks'in Bakışı
L_DEC_EVENINGBARRENS,,Evening Barrens,夕暮れの荒野,Abendödland,Landes du Soir,Páramos del Atardecer,Ermos do Entardecer,Вечерние Пустоши,Lande della Sera,黃昏荒原,黄昏荒原,저녁 황무지,Wieczorne Pustkowia,Вечірні Пустища,Avondwoestenij,Akşam Çorakları
L_DEC_AHRUNAORCHID,,Ahruna Orchid,アルナ・オーキッド,Ahruna-Orchidee,Orchidée d'Ahruna,Orquídea de Ahruna,Orquídea de Ahruna,Орхидея Аруны,Orchidea di Ahruna,阿魯娜蘭花,阿鲁纳兰花,아루나 난초,Orchidea Ahruna,Орхідея Аруни,Ahruna Orchidee,Ahruna Orkidesi
L_DEC_ARMOFYSEROS,,Arm of Yseros,イセロスの腕,Arm des Yseros,Bras d'Yseros,Brazo de Yseros,Braço de Yseros,Рука Исероса,Braccio di Yseros,伊瑟洛斯之臂,伊瑟洛丝之臂,이세로스의 팔,Ramię Yserosa,Рука Ісероса,Arm van Yseros,Yseros'un Kolu
L_DEC_POTTEDCACTUS,,Potted Cactus,サボテンの鉢植え,Topfkaktus,Cactus en pot,Cactus en Maceta,Cacto em Vaso,Кактус в горшке,Cactus in Vaso,盆栽仙人掌,盆栽仙人掌,화분에 심은 선인장,Doniczkowy Kaktus,Кактус у горщику,Cactus in Pot,Saksı Kaktüsü
L_DEC_RUBYSUCCULENT,,Ruby Succulent,ルビーサキュレント,Rubinsukkulent,Succulent Rubis,Suculenta Rubí,Suculenta Rubi,Рубиновый Суккулент,Succulenta Rubino,紅寶石多肉植物,红宝石色多肉植物,루비 다육식물,Rubinowy Sukulent,Рубіновий Сукулент,Robijnrode Vetplant,Yakut Sukulent
L_DEC_ANOASISATHOME,,An Oasis At Home,我が家のオアシス,Eine Oase Zuhause,Une Oasis Chez Soi,Un Oasis En Casa,Um Oásis em Casa,Оазис у дома,Un'Oasi A Casa,家中綠洲,家中绿洲,집에서의 오아시스,Oaza w Domu,Оаза вдома,Een Oase Thuis,Evde Bir Vaha
L_DEC_SANDSTONECOBRA,,Sandstone Cobra,サンドストーン・コブラ,Sandstein-Kobra,Cobra de Grès,Cobra de Arenisca,Naja de Arenito,Песчаный Кобра,Cobra di Arenaria,砂岩眼鏡蛇,砂岩眼镜蛇,사암 코브라,Kobra z Piaskowca,Піщаний Кобра,Zandstenen Cobra,Kumtaşı Kobrası
L_DEC_YSEROS'TABLE,,Yseros' Table,イセロスの机,Yseros' Tafel,Table d'Yseros,Mesa de Yseros,Mesa de Yseros,Стол Исероса,Tavolo di Yseros,伊瑟洛斯之桌,伊瑟洛丝的桌子,이세로스의 탁자,Stół Yserosa,Стіл Ісероса,Yseros' Tafel,Yseros'un Masası
L_DEC_YSEROS'THRONE,,Yseros' Throne,イセロスの玉座,Yseros' Thron,Trône d'Yseros,Trono de Yseros,Trono de Yseros,Трон Исероса,Trono di Yseros,伊瑟洛斯之座,伊瑟洛丝的王座,이세로스의 왕좌,Tron Yserosa,Трон Ісероса,Yseros' Troon,Yseros'un Tahtı
L_DEC_TRIBUTETOAPOCRANOX,,Tribute to Apocranox,アポクラノックスへの賛辞,Tribut an Apocranox,Hommage à Apocranox,Tributo a Apocranox,Tributo a Apocranox,Дань Апокраноксу,Tributo ad Apocranox,向阿波克拉諾克斯致敬,阿波克拉诺的进贡祭坛,아포크라녹스에 대한 헌사,Hołd dla Apocranoksa,Данина Апокраноксу,Eerbetoon aan Apocranox,Apocranox'a Saygı
L_DEC_APOCRANOX'SBANNER,,Apocranox's Banner,アポクラノックスの旗,Apocranox' Banner,Bannière d'Apocranox,Estandarte de Apocranox,Estandarte de Apocranox,Знамя Апокранокса,Vessillo di Apocranox,阿波克拉諾克斯的旗幟,阿波克拉诺的旗帜,아포크라녹스의 깃발,Sztandar Apocranoksa,Знамено Апокранокса,Banier van Apocranox,Apocranox'un Sancağı
L_DEC_APOCRANOX'SBIGRUG,,Apocranox's Big Rug,アポクラノックスの大きな絨毯,Apocranox's großer Teppich,Tapis Géant d'Apocranox,Alfombra Grande de Apocranox,Tapete Grande de Apocranox,Большой Ковер Апокранокса,Tappeto Grande di Apocranox,阿波克拉諾克斯的大地毯,阿波克拉诺的大地毯,아포크라녹스의 큰 러그,Wielki Dywan Apocranoksa,Великий Килим Апокранокса,Apocranox's Grote Tapijt,Apocranox'un Büyük Halısı
L_DEC_APOCRANOX'SBRAZIER,,Apocranox's Brazier,アポクラノックスの火鉢,Apocranox' Kohlenbecken,Brasero d'Apocranox,Brasero de Apocranox,Braseiro de Apocranox,Жаровня Апокранокса,Braciere di Apocranox,阿波克拉諾克斯的火盆,阿波克拉诺的火盆,아포크라녹스의 화로,Kadzielnica Apocranoksa,Жаровня Апокранокса,Brazier van Apocranox,Apocranox'un Mangalı
L_DEC_APOCRANOX'SCHAIR,,Apocranox's Chair,アポクラノックスの椅子,Apocranox' Stuhl,Chaise d'Apocranox,Silla de Apocranox,Cadeira de Apocranox,Кресло Апокранокса,Sedia di Apocranox,阿波克拉諾克斯的椅子,阿波克拉诺的椅子,아포크라녹스의 의자,Krzesło Apocranoksa,Крісло Апокранокса,Apocranox's Stoel,Apocranox'un Sandalyesi
L_DEC_APOCRANOX'SPILLAR,,Apocranox's Pillar,アポクラノックスの柱,Apocranox' Säule,Pilier d'Apocranox,Pilar de Apocranox,Pilar de Apocranox,Столп Апокранокса,Pilastro di Apocranox,阿波克拉諾克斯之柱,阿波克拉诺的柱子,아포크라녹스의 기둥,Filar Apocranoksa,Колона Апокранокса,Apocranox' Pilaar,Apocranox'un Sütunu
L_DEC_APOCRANOX'SLONGRUG,,Apocranox's Long Rug,アポクラノックスの長い敷物,Apocranox' langer Teppich,Tapis Long d'Apocranox,Alfombra Larga de Apocranox,Tapete Longo de Apocranox,Длинный ковёр Апокранокса,Tappeto Lungo di Apocranox,阿波克拉諾克斯的長地毯,阿波克拉诺的长地毯,아포크라녹스의 긴 러그,Długi Dywan Apocranoksa,Довгий килим Апокранокса,Apocranox's Lange Tapijt,Apocranox'un Uzun Halısı
L_DEC_BLOODMOON,,Blood Moon,ブラッドムーン,Blutmond,Lune Sanglante,Luna de Sangre,Lua de Sangue,Кровавая Луна,Luna di Sangue,血月,血月,핏빛 달,Krwawy Księżyc,Кривавий Місяць,Bloedmaan,Kan Ayı
L_DEC_THEHUNT,,The Hunt,狩り,Die Jagd,La Chasse,La Cacería,A Caçada,Охота,La Caccia,狩獵,狩猎,사냥,Polowanie,Полювання,De Jacht,Av
L_DEC_BLOODCAPS,,Blood Caps,ブラッドキャップ,Blutkappen,Chapeaux de Sang,Gorras de Sangre,Cogumelos de Sangue,Кровавые Шляпки,Cappucci di Sangue,血帽菇,血蘑菇,피의 버섯,Krwawe Kapelusze,Кров'яні Шапки,Bloedkappen,Kan Mantarları
L_DEC_FALLLASHER,,Fall Lasher,フォール・ラッシャー,Fallpeitscher,Fouetteur d'Automne,Látigo de Otoño,Açoitador de Outono,Осенний Хлыст,Flagellatore d'Autunno,秋鞭,秋之鞭,가을 채찍,Jesienny Biczownik,Осінній Батіг,Herfstgesel,Sonbahar Kırbacı
L_DEC_WITHERINGSHRUB,,Withering Shrub,枯れゆく低木,Verwelkender Strauch,Arbuste Flétri,Arbusto Marchito,Arbusto Definhante,Увядающий Куст,Arbusto Avvizzito,枯萎的灌木,枯萎灌木,시들어가는 관목,Więdnący Krzew,Зів'ялий Кущ,Verwelkende Struik,Solgun Çalı
L_DEC_BLOODYOAK,,Bloody Oak,血染めの樫,Blutiger Eichbaum,Chêne Sanglant,Roble Sangriento,Carvalho Sangrento,Кровавый Дуб,Quercia Insanguinata,血橡樹,血色橡树,피의 참나무,Krwawy Dąb,Кривавий Дуб,Bloedige Eik,Kanlı Meşe
L_DEC_SNAKEROOTS,,Snakeroots,ヘビノネ,Schlangenwurzeln,Racines-serpent,Raíces de serpiente,Raízes-de-cobra,Змеекорни,Radici di Serpente,蛇根,蛇根,뱀뿌리,Wężokorzenie,Зміїне коріння,Slangenwortel,Yılan Kökleri
L_DEC_UNKNOWNSKULL,,Unknown Skull,謎の頭蓋骨,Unbekannter Schädel,Crâne Inconnu,Cráneo Desconocido,Crânio Desconhecido,Неизвестный череп,Teschio Sconosciuto,未知頭骨,未知头骨,미지의 해골,Nieznana Czaszka,Невідомий череп,Onbekende Schedel,Bilinmeyen Kafatası
L_DEC_APOCRANOX'STABLE,,Apocranox's Table,アポクラノックスの机,Apocranox' Tafel,Table d'Apocranox,Mesa de Apocranox,Mesa de Apocranox,Таблица Апокранокса,Tavola di Apocranox,阿波克拉諾克斯的桌子,阿波克拉诺的桌子,아포크라녹스의 테이블,Stół Apocranoksa,Таблиця Апокранокса,Tafel van Apocranox,Apocranox'un Masası
L_DEC_APOCRANOX'STHRONE,,Apocranox's Throne,アポクラノックスの玉座,Apocranox' Thron,Trône d'Apocranox,Trono de Apocranox,Trono de Apocranox,Трон Апокранокса,Trono di Apocranox,阿波克拉諾克斯的王座,阿波克拉诺的王座,아포크라녹스의 왕좌,Tron Apocranoksa,Трон Апокранокса,Apocranox' Troon,Apocranox'un Tahtı
L_DEC_TRIBUTETOREGALIS,,Tribute to Regalis,レガリスへの献辞,Tribut an Regalis,Hommage à Regalis,Tributo a Regalis,Tributo a Regalis,Дань Регалису,Tributo a Regalis,向雷加利斯致敬,蕾伽丽丝的进贡祭坛,레갈리스에 대한 헌사,Hołd dla Regalisa,Данина Регалісу,Eerbetoon aan Regalis,Regalis'e Saygı
L_DEC_REGALIS'BANNER,,Regalis' Banner,レガリスの旗,Regalis' Banner,Bannière de Regalis,Estandarte de Regalis,Estandarte de Regalis,Знамя Регалиса,Vessillo di Regalis,雷加利斯的旗幟,蕾伽丽丝的旗帜,레갈리스의 깃발,Sztandar Regalisa,Знамено Регаліса,Banier van Regalis,Regalis'in Sancağı
L_DEC_REGALIS'BIGRUG,,Regalis' Big Rug,レガリスの大きな絨毯,Regalis' großer Teppich,Tapis Géant de Regalis,Alfombra Grande de Regalis,Tapete Grande de Regalis,Большой Ковер Регалиса,Tappeto Grande di Regalis,雷加利斯的大地毯,蕾伽丽丝的大地毯,레갈리스의 큰 러그,Wielki Dywan Regalisa,Великий Килим Регаліса,Regalis' Grote Tapijt,Regalis'in Büyük Halısı
L_DEC_REGALIS'INNERBEAUTY,,Regalis' Inner Beauty,レガリスの内なる美,Regalis' innere Schönheit,Beauté Intérieure de Regalis,Belleza Interior de Regalis,Beleza Interior de Regalis,Внутренняя красота Регалиса,La Bellezza Interiore di Regalis,雷加利斯的內在美,蕾伽丽丝的内在美,레갈리스의 내면적 아름다움,Wewnętrzne Piękno Regalisa,Внутрішня Краса Регаліса,Regalis' Innerlijke Schoonheid,Regalis'in İç Güzelliği
L_DEC_REGALIS'CHAIR,,Regalis' Chair,レガリスの椅子,Regalis' Stuhl,Chaise de Regalis,Silla de Regalis,Cadeira de Regalis,Кресло Регалиса,Seggio di Regalis,雷加利斯之椅,蕾伽丽丝的椅子,레갈리스의 의자,Krzesło Regalisa,Крісло Регаліса,Regalis' Stoel,Regalis'in Sandalyesi
L_DEC_REGALIS'PILLARPURPLE,,Regalis' Pillar (Purple),レガリスの柱（紫）,Regalis' Säule (Lila),Pilier de Regalis (Violet),Pilar de Regalis (Púrpura),Pilar de Regalis (Roxo),Столп Регалиса (Фиолетовый),Pilastro di Regalis (Viola),雷加利斯之柱（紫）,蕾伽丽丝的柱子（紫）,레갈리스의 기둥 (보라색),Filar Regalisa (Fioletowy),Стовп Регаліса (Фіолетовий),Zuil van Regalis (Paars),Regalis'in Sütunu (Mor)
L_DEC_REGALIS'LONGRUG,,Regalis' Long Rug,レガリスの長い絨毯,Regalis' langer Teppich,Tapis Long de Regalis,Alfombra Larga de Regalis,Tapete Comprido de Regalis,Длинный ковёр Регалиса,Tappeto Lungo di Regalis,雷加利斯的長地毯,蕾伽丽丝的长地毯,레갈리스의 긴 러그,Długi Dywan Regalisa,Довгий килим Регаліса,Regalis' Lange Tapijt,Regalis'in Uzun Halısı
L_DEC_INTOXICATION,,Intoxication,酩酊,Trunkenheit,Intoxication,Intoxicación,Intoxicação,Опьянение,Intossicazione,醉酒,醉酒,취기,Upojenie,Сп'яніння,Bedwelming,Sarhoşluk
L_DEC_WALKINTOMYPARLOR,,Walk In To My Parlor,私の部屋へようこそ,Tritt ein in meinen Salon,Entre dans mon salon,Entra En Mi Salón,Entre em Meu Salão,Войди В Мою Гостиную,Entra Nel Mio Salotto,歡迎光臨我的客廳,步入我的会客室,내 응접실로 들어오세요,Wejdź Do Mojego Salonu,Завітай До Моєї Вітальні,Loop In Mijn Salon,Salonuma Buyur
L_DEC_LURIDBLOOM,,Lurid Bloom,妖しい花,Greller Blütenflor,Floraison Morbide,Florecimiento Lúgubre,Florescência Lúgubre,Зловещий Цвет,Fioritura Livida,妖豔綻放,妖艳绽放,괴이한 꽃,Jaskrawy Rozkwit,Моторошний Цвіт,Grimmige Bloei,Solgun Çiçeklenme
L_DEC_SPIDERWORT,,Spiderwort,スパイダーワート,Spinnenkraut,Éphémère,Tradescantia,Erva-de-aranha,Традесканция,Spiderwort,紫露草,蜘蛛草,거미풀,Trzykrotka,Традесканція,Spinnenplant,Örümcekotu
L_DEC_TOXICFRUITVINE,,Toxic Fruitvine,毒性フルーツツル,Giftige Fruchtrebe,Liane Fruitée Toxique,Enredadera de Fruta Tóxica,Videira de Frutos Tóxicos,Ядовитая Плодолоза,Liana Frutto Tossico,毒果藤,毒果藤,독성 과일덩굴,Toksyczna Owocowa Liana,Отруйна фруктова ліана,Giftige Fruitrank,Zehirli Meyve Sarmaşığı
L_DEC_TOXICTREE,,Toxic Tree,毒の木,Giftbaum,Arbre Toxique,Árbol Tóxico,Árvore Tóxica,Ядовитое Дерево,Albero Tossico,毒樹,毒树,독성 나무,Toksyczne Drzewo,Отруйне Дерево,Giftige Boom,Zehirli Ağaç
L_DEC_SPIDERNEST,,Spider Nest,蜘蛛の巣,Spinnennest,Nid d'Araignées,Nido de Arañas,Ninho de Aranhas,Паучье Гнездо,Nido di Ragni,蜘蛛巢穴,蜘蛛巢穴,거미 둥지,Gniazdo Pająków,Павутинне Гніздо,Spinnennest,Örümcek Yuvası
L_DEC_SPIDERQUEEN,,Spider Queen,スパイダークイーン,Spinnenkönigin,Reine des Araignées,Reina Araña,Rainha Aranha,Королева Пауков,Regina Ragno,蜘蛛女王,蜘蛛女王,거미 여왕,Królowa Pająków,Королева Павуків,Spinnenkoningin,Örümcek Kraliçesi
L_DEC_REGALIS'TABLE,,Regalis' Table,レガリスの卓,Regalis' Tafel,Table de Regalis,Mesa de Regalis,Mesa de Regalis,Стол Регалиса,Tavola di Regalis,雷加利斯之桌,蕾伽丽丝的桌子,레갈리스의 테이블,Stół Regalisa,Стіл Регаліса,Tafel van Regalis,Regalis'in Masası
L_DEC_REGALIS'THRONE,,Regalis' Throne,レガリスの玉座,Regalis' Thron,Trône de Regalis,Trono de Regalis,Trono de Regalis,Трон Регалиса,Trono di Regalis,雷加利斯之座,蕾伽丽丝的王座,레갈리스의 왕좌,Tron Regalisa,Трон Регаліса,Troon van Regalis,Regalis'in Tahtı
L_DEC_REGALIS'PILLARRED,,Regalis' Pillar (Red),レガリスの柱（赤）,Regalis' Säule (Rot),Pilier de Regalis (Rouge),Pilar de Regalis (Rojo),Pilar de Regalis (Vermelho),Столп Регалиса (Красный),Pilastro di Regalis (Rosso),雷加利斯之柱（紅）,蕾伽丽丝的柱子（红）,레갈리스의 기둥 (적색),Filar Regalisa (Czerwony),Колона Регаліса (Червона),Zuil van Regalis (Rood),Regalis'in Sütunu (Kırmızı)
L_DEC_PLAYERSPAWNLOCATION,,Player Spawn Location,プレイヤースポーン位置,Spieler-Spawnpunkt,Lieu d'apparition du joueur,Ubicación de Aparición del Jugador,Local de Aparecimento do Jogador,Место появления игрока,Posizione di Spawn del Giocatore,玩家重生位置,玩家生成位置,플레이어 스폰 위치,Miejsce Odrodzenia Gracza,Місце появи гравця,Spawnlocatie Speler,Oyuncu Başlangıç Konumu
L_DEC_TRIBUTETOMERAXIS,,Tribute to Meraxis,メラクシスへの献辞,Tribut an Meraxis,Hommage à Meraxis,Tributo a Meraxis,Tributo a Meraxis,Дань Мераксису,Tributo a Meraxis,向梅拉克西斯致敬,梅拉西斯的进贡祭坛,메락시스에게 바치는 헌사,Hołd dla Meraxis,Данина Мераксіс,Eerbetoon aan Meraxis,Meraxis'e Saygı
L_DEC_MERAXIS'SBANNER,,Meraxis's Banner,メラクシスの旗,Meraxis' Banner,Bannière de Meraxis,Estandarte de Meraxis,Estandarte de Meraxis,Знамя Мераксис,Stendardo di Meraxis,梅拉克西斯的旗幟,梅拉西斯的旗帜,메락시스의 깃발,Sztandar Meraxis,Знамено Мераксіс,Meraxis' Banier,Meraxis'in Sancağı
L_DEC_MERAXIS'SBIGRUG,,Meraxis's Big Rug,メラクシスの大きな絨毯,Meraxis' großer Teppich,Tapis Géant de Meraxis,Alfombra Grande de Meraxis,Tapete Grande de Meraxis,Большой Ковер Мераксис,Tappeto Grande di Meraxis,梅拉克西斯的大地毯,梅拉西斯的大地毯,메락시스의 큰 러그,Wielki Dywan Meraxis,Великий Килим Мераксіс,Meraxis's Grote Tapijt,Meraxis'in Büyük Halısı
L_DEC_MERAXIS'SCANDLESTICK,,Meraxis's Candlestick,メラクシスの燭台,Meraxis' Kerzenständer,Chandelier de Meraxis,Candelabro de Meraxis,Castiçal de Meraxis,Подсвечник Мераксис,Candeliere di Meraxis,梅拉克西斯的燭台,梅拉西斯的烛台,메락시스의 촛대,Lichtarz Meraxis,Свічник Мераксіс,Meraxis's Kandelaar,Meraxis'in Şamdanı
L_DEC_MERAXIS'SCHAIR,,Meraxis's Chair,メラクシスの椅子,Meraxis' Stuhl,Chaise de Meraxis,Silla de Meraxis,Cadeira de Meraxis,Кресло Мераксис,Sedia di Meraxis,梅拉克西斯的椅子,梅拉西斯的椅子,메락시스의 의자,Krzesło Meraxis,Крісло Мераксіс,Meraxis' Stoel,Meraxis'in Sandalyesi
L_DEC_MERAXIS'SPILLAR,,Meraxis's Pillar,メラクシスの柱,Meraxis' Säule,Pilier de Meraxis,Pilar de Meraxis,Pilar de Meraxis,Столп Мераксис,Pilastro di Meraxis,梅拉克西斯之柱,梅拉西斯之柱,메락시스의 기둥,Filar Meraxis,Стовп Мераксіс,Meraxis' Pilaar,Meraxis'in Sütunu
L_DEC_MERAXIS'SLONGRUG,,Meraxis's Long Rug,メラクシスの長い敷物,Meraxis' langer Teppich,Tapis Long de Meraxis,Alfombra Larga de Meraxis,Tapete Comprido de Meraxis,Длинный ковер Мераксис,Tappeto Lungo di Meraxis,梅拉克西斯的長地毯,梅拉西斯的长地毯,메락시스의 긴 러그,Długi Dywan Meraxis,Довгий килим Мераксіс,Meraxis's Lange Tapijt,Meraxis'in Uzun Halısı
L_DEC_THEINNOCENT,,The Innocent,無垢なる者,Der Unschuldige,L'Innocent,El Inocente,O Inocente,Невинный,L'Innocente,無辜者,无辜者,무고한 자,Niewinna,Невинний,De Onschuldige,Masum
L_DEC_TEMPLEINTHESWAMP,,Temple in the Swamp,沼地の寺院,Tempel im Sumpf,Temple dans le Marais,Templo en el Pantano,Templo no Pântano,Храм в Болоте,Tempio nella Palude,沼澤中的神廟,沼泽神庙,늪지대의 사원,Świątynia na Bagnie,Храм у Болоті,Tempel in het Moeras,Bataklıktaki Tapınak
L_DEC_ASSORTEDSWAMPSHROOMS,,Assorted Swampshrooms,様々な沼キノコ,Verschiedene Sumpfpilze,Champignons des marais assortis,Setas de Pantano Variadas,Cogumelos do Pântano Sortidos,Разнообразные болотные грибы,Funghi di Palude Assortiti,各式沼澤菇,多种沼泽蘑菇,다양한 늪버섯,Różnorodne Bagienne Grzyby,Різноманітні болотні гриби,Diverse Moeraspaddestoelen,Çeşitli Bataklık Mantarları
L_DEC_SWAMPHYDRANGEAS,,Swamp Hydrangeas,沼のアジサイ,Sumpfhortensien,Hortensias des Marais,Hortensias de Pantano,Hortênsias do Pântano,Болотные Гортензии,Ortensie di Palude,沼澤繡球花,沼泽绣球花,늪 수국,Bagienne Hortensje,Болотні Гортензії,Moerashortensia's,Bataklık Ortancaları
L_DEC_SWAMPREEDS,,Swamp Reeds,沼の葦,Sumpfschilf,Roseaux des marais,Juncos de Pantano,Juncos do Pântano,Болотные Камыши,Canne di Palude,沼澤蘆葦,沼泽芦苇,늪지대 갈대,Trzciny Bagienne,Болотні Очерети,Moerasriet,Bataklık Kamışları
L_DEC_MANGROVE,,Mangrove,マングローブ,Mangrove,Mangrove,Manglar,Manguezal,Мангровые заросли,Mangrovia,紅樹林,红树,맹그로브,Namorzynowy,Мангрове,Mangrove,Mangrov
L_DEC_LILYPOND,,Lily Pond,リリー池,Seerosenteich,Étang aux Nénuphars,Estanque de Lirios,Lago de Lírios,Пруд с Лилиями,Stagno di Gigli,百合池塘,百合池塘,연못,Staw Lilii,Лілійний Ставок,Lelievijver,Nilüfer Göleti
L_DEC_MEDITATION,,Meditation,瞑想,Meditation,Méditation,Meditación,Meditação,Медитация,Meditazione,冥想,冥想,명상,Medytacja,Медитація,Meditatie,Meditasyon
L_DEC_MERAXIS'STABLE,,Meraxis's Table,メラクシスの机,Meraxis' Tisch,Table de Meraxis,Mesa de Meraxis,Mesa de Meraxis,Стол Мераксис,Tavolo di Meraxis,梅拉克西斯的桌子,梅拉西斯的桌子,메락시스의 테이블,Stół Meraxis,Стіл Мераксіс,Meraxis' Tafel,Meraxis'in Masası
L_DEC_MERAXIS'STHRONE,,Meraxis's Throne,メラクシスの玉座,Meraxis' Thron,Trône de Meraxis,Trono de Meraxis,Trono de Meraxis,Трон Мераксис,Trono di Meraxis,梅拉克西斯的王座,梅拉西斯的王座,메락시스의 왕좌,Tron Meraxis,Трон Мераксіс,Meraxis' Troon,Meraxis'in Tahtı
L_DEC_TRIBUTETOMORTEM,,Tribute to Mortem,死への貢物,Tribut an Mortem,Hommage à Mortem,Tributo a Mortem,Tributo a Mortem,Дань Мортему,Tributo a Mortem,致敬莫特姆,莫特姆的进贡祭坛,모르템에게 바치는 헌사,Hołd dla Mortem,Данина Мортему,Eerbetoon aan Mortem,Mortem'e Saygı
L_DEC_MORTEM'SBANNER,,Mortem's Banner,モーテムの旗印,Mortems Banner,Bannière de Mortem,Estandarte de Mortem,Estandarte de Mortem,Знамя Мортема,Vessillo di Mortem,莫特姆之旗,莫特姆的旗帜,모르템의 깃발,Sztandar Mortema,Знамено Мортема,Banier van Mortem,Mortem'in Sancağı
L_DEC_MORTEM'SBIGRUG,,Mortem's Big Rug,モーテムの大きな絨毯,Mortems großer Teppich,Tapis Géant de Mortem,Alfombra Grande de Mortem,Tapete Grande de Mortem,Большой Ковер Мортема,Tappeto Grande di Mortem,莫特姆的大地毯,莫特姆的大地毯,모템의 큰 러그,Wielki Dywan Mortema,Великий Килим Мортема,Mortem's Grote Tapijt,Mortem'in Büyük Halısı
L_DEC_MORTEM'SSOULLANTERN,,Mortem's Soul Lantern,モーテムの魂提灯,Mortem's Seelenlaterne,Lanterne d'Âme de Mortem,Linterna de Almas de Mortem,Lanterna de Alma de Mortem,Фонарь Души Мортема,Lanterna dell'Anima di Mortem,莫特姆的靈魂燈籠,莫特姆的灵魂灯笼,모템의 영혼 랜턴,Latarnia Dusz Mortema,Душовий Ліхтар Мортема,Mortem's Ziellantaarn,Mortem'in Ruh Feneri
L_DEC_MORTEM'SCHAIR,,Mortem's Chair,モーテムの椅子,Mortems Stuhl,Chaise de Mortem,Silla de Mortem,Cadeira de Mortem,Кресло Мортема,Sedia di Mortem,莫特姆之椅,莫特姆的椅子,모르템의 의자,Krzesło Mortema,Крісло Мортема,Mortem's Stoel,Mortem'in Sandalyesi
L_DEC_MORTEM'SPILLAR,,Mortem's Pillar,モーテムの柱,Mortems Säule,Pilier de Mortem,Pilar de Mortem,Pilar de Mortem,Столп Мортема,Pilastro di Mortem,莫特姆之柱,莫特姆的柱子,모르템의 기둥,Filar Mortema,Колона Мортема,Mortem's Pilaar,Mortem'in Sütunu
L_DEC_MORTEM'SLONGRUG,,Mortem's Long Rug,モーテムの長い絨毯,Mortems langer Teppich,Tapis Long de Mortem,Alfombra Larga de Mortem,Tapete Comprido de Mortem,Длинный Ковер Мортема,Tappeto Lungo di Mortem,莫特姆的長地毯,莫特姆的长地毯,모르템의 긴 러그,Długi Dywan Mortema,Довгий Килим Мортема,Mortem's Lange Tapijt,Mortem'in Uzun Halısı
L_DEC_ICHOR,,Ichor,イコール,Ichor,Ichor,Icor,Icor,Ихор,Ichor,靈液,灵液,이코르,Ichor,Іхор,Ichor,İksir
L_DEC_PRISONEROFFLESH,,Prisoner of Flesh,肉の囚人,Gefangener des Fleisches,Prisonnier de Chair,Prisionero de Carne,Prisioneiro da Carne,Узник Плоти,Prigioniero della Carne,血肉囚徒,血肉囚徒,육신의 포로,Więzień Ciała,В'язень Плоті,Gevangene van het Vlees,Etin Tutsağı
L_DEC_BONESPIKES,,Bone Spikes,骨の棘,Knochenstacheln,Pointes d'Os,Picos de Hueso,Espinhos Ósseos,Костяные Шипы,Punte d'Osso,骨刺,骨刺,뼈 가시,Kolce Kostne,Кістяні Шипи,Beendoornen,Kemik Dikenler
L_DEC_FLESHCLUSTER,,Flesh Cluster,フレッシュ・クラスター,Fleischklumpen,Amas de Chair,Cúmulo de Carne,Aglomerado de Carne,Скопление Плоти,Ammasso di Carne,肉團,血肉团簇,살점 덩어리,Skupisko Ciał,Скупчення Плоті,Vleescluster,Et Kümesi
L_DEC_TWITCHINGNERVE,,Twitching Nerve,痙攣する神経,Zuckender Nerv,Nerf Agité,Nervio Crispado,Nervo Trêmulo,Дергающийся Нерв,Nervo Pulsante,抽搐神經,抽搐神经,경련하는 신경,Drgający Nerw,Нервове Посмикування,Trillende Zenuw,Titreyen Sinir
L_DEC_NEUROCORAL,,Neurocoral,ニューロコーラル,Neurokoral,Neurocorail,Neurocoral,Neurocoral,Нейрокоралл,Neurocorallo,神經珊瑚,神经珊瑚,뉴로코럴,Neurokoralowiec,Нейрокорал,Neurocoraal,Nörokoraller
L_DEC_HUNGRYMAW,,Hungrymaw,ハングリーモウ,Hungrymaw,Gueuleaffamée,Faucehambriento,Bocafome,Голодная Пасть,Fauciaffamata,饑喉獸,饥饿之口,허기진아귀,Głodomorek,Голодна Паща,Hongerige Muil,Açgözlü
L_DEC_CRUCIFIXION,,Crucifixion,磔刑,Kreuzigung,Crucifixion,Crucifixión,Crucificação,Распятие,Crocifissione,十字架刑,十字架刑,십자가형,Ukrzyżowanie,Розп'яття,Kruisiging,Çarmıha Germe
L_DEC_MORTEM'STABLE,,Mortem's Table,モーテムの机,Mortems Tafel,Table de Mortem,Mesa de Mortem,Mesa de Mortem,Стол Мортема,Tavolo di Mortem,莫特姆之桌,莫特姆的桌子,모르템의 테이블,Stół Mortema,Стіл Мортема,Tafel van Mortem,Mortem'in Masası
L_DEC_MORTEM'STHRONE,,Mortem's Throne,モーテムの玉座,Mortems Thron,Trône de Mortem,Trono de Mortem,Trono de Mortem,Трон Мортема,Trono di Mortem,莫特姆之座,莫特姆的王座,모르템의 왕좌,Tron Mortema,Трон Мортема,Mortem's Troon,Mortem'in Tahtı
L_DEC_CUSTOMIZABLENPC,,Customizable NPC,カスタマイズ可能なNPC,Anpassbarer NPC,PNJ personnalisable,NPC personalizable,NPC personalizável,Настраиваемый NPC,NPC personalizzabile,可自訂的 NPC,自定义NPC,커스터마이징 가능한 NPC,Konfigurowalny BN,Налаштовуваний NPC,Aanpasbare NPC,Özelleştirilebilir NPC
L_DEC_TRIBUTETOFRIDEN,,Tribute to Friden,フリデンへの賛辞,Tribut an Friden,Hommage à Friden,Tributo a Friden,Tributo a Friden,Дань уважения Фриден,Tributo a Friden,向弗里登致敬,弗里登的进贡祭坛,프리덴에게 바치는 헌사,Hołd dla Fridena,Данина Фрідену,Eerbetoon aan Friden,Friden'e Saygı
L_DEC_FRIDEN'SBANNER,,Friden's Banner,フリデンの旗,Fridens Banner,Bannière de Friden,Estandarte de Friden,Estandarte de Friden,Знамя Фридена,Vessillo di Friden,弗里登的旗幟,弗里登的旗帜,프리든의 깃발,Sztandar Fridena,Знамено Фрідена,Fridens Banier,Friden'in Sancağı
L_DEC_FRIDEN'SBIGRUG,,Friden's Big Rug,フリデンの大きな絨毯,Fridens großer Teppich,Tapis Géant de Friden,Alfombra Grande de Friden,Tapete Grande de Friden,Большой ковёр Фридена,Il Grande Tappeto di Friden,弗里登的大地毯,弗里登的大地毯,프리든의 큰 러그,Wielki Dywan Fridena,Великий Килим Фрідена,Friden's Grote Tapijt,Friden'in Büyük Halısı
L_DEC_FRIDEN'SCANDLES,,Friden's Candles,フリデンの蝋燭,Fridens Kerzen,Bougies de Friden,Velas de Friden,Velas de Friden,Свечи Фридена,Candele di Friden,弗里登的蠟燭,弗里登的蜡烛,프리든의 양초,Świece Fridena,Свічки Фрідена,Kaarsen van Friden,Friden'in Mumları
L_DEC_FRIDEN'SCHAIR,,Friden's Chair,フリデンの椅子,Fridens Stuhl,Chaise de Friden,Silla de Friden,Cadeira de Friden,Кресло Фридена,Sedia di Friden,弗里登之椅,弗里登的椅子,프리든의 의자,Krzesło Fridena,Крісло Фрідена,Fridens Stoel,Friden'in Sandalyesi
L_DEC_FRIDEN'SPILLAR,,Friden's Pillar,フリデンの柱,Fridens Säule,Pilier de Friden,Pilar de Friden,Pilar de Friden,Столп Фридена,Pilastro di Friden,弗里登之柱,弗里登的柱子,프리든의 기둥,Filar Fridena,Стовп Фрідена,Frides Pilaar,Friden'in Sütunu
L_DEC_FRIDEN'SLONGRUG,,Friden's Long Rug,フリデンの長い絨毯,Fridens langer Teppich,Tapis Long de Friden,Alfombra Larga de Friden,Tapete Comprido de Friden,Длинный ковёр Фридена,Tappeto Lungo di Friden,弗里登的長地毯,弗里登的长地毯,프리든의 긴 러그,Długi Dywan Fridena,Довгий килим Фрідена,Fridens Lange Tapijt,Friden'in Uzun Halısı
L_DEC_BOONORBANE,,Boon or Bane,恩恵か災厄,Segen oder Fluch,Bénédiction ou Malédiction,Bendición o Maldición,Bênção ou Maldição,Благословение или Проклятие,Fortuna o Sfortuna,福禍難料,福祸相依,축복 또는 저주,Błogosławieństwo lub Przekleństwo,Благословення чи Прокляття,Zegen of Vloek,Nimet veya Bela
L_DEC_THEGHOSTSHIP,,The Ghost Ship,幽霊船,Das Geisterschiff,Le Vaisseau Fantôme,El Barco Fantasma,O Navio Fantasma,Корабль-призрак,La Nave Fantasma,幽靈船,幽灵船,유령선,Statek Widmo,Корабель-Привид,Het Spookschip,Hayalet Gemi
L_DEC_DEEPCORAL,,Deep Coral,ディープコーラル,Tiefkoralle,Corail Profond,Coral Profundo,Coral Profundo,Глубокий Коралл,Corallo Profondo,深珊瑚,深海珊瑚,깊은 산호,Głęboki Koral,Глибокий Корал,Diep Koraal,Derin Mercan
L_DEC_GOLDENCRINOID,,Golden Crinoid,黄金ウミユリ,Goldene Seelilie,Crinoïde Doré,Crinoideo Dorado,Crinóide Dourado,Золотой Криноид,Crinoide Dorato,黃金海百合,金色海百合,황금 바다나리,Złoty Krynoid,Золотий Криноїд,Gouden Crinoïde,Altın Krinoid
L_DEC_SEAKELP,,Sea Kelp,海藻,Seetang,Algue Marine,Alga Marina,Alga Marinha,Морская водоросль,Alga Marina,海藻,海藻,바다 다시마,Wodorosty Morskie,Морська водорість,Zeewier,Deniz Yosunu
L_DEC_KRAKENBARREL,,Kraken Barrel,クラーケンの樽,Krakenkanone,Tonneau du Kraken,Barril del Kraken,Barril do Kraken,Бочка Кракена,Barile del Kraken,海怪桶,克拉肯桶,크라켄 통,Beczka Krakena,Бочка Кракена,Krakentonnetje,Kraken Fıçısı
L_DEC_FISHTANK,,Fish Tank,水槽,Aquarium,Aquarium,Pecera,Aquário,Аквариум,Acquario,魚缸,鱼缸,어항,Akwarium,Акваріум,Vissentank,Akvaryum
L_DEC_AVASTYEPLUNDERERS,,Avast Ye Plunderers,海賊たちよ、用心せよ,"Hört her, ihr Plünderer",Holà les Pillards,"¡Atención, Saqueadores!",Atenção Vós Saqueadores,"Эй, Грабители, Слушай Сюда",Attenti Voi Saccheggiatori,聽令，汝等掠奪者,当心掠夺者,이봐 약탈자들이여,"Hej, Wy Rabusie","Стережіться, Грабіжники","Opgepast, Plunderaars",Dikkat Edin Yağmacılar
L_DEC_FRIDEN'STABLE,,Friden's Table,フリデンの卓,Fridens Tafel,Table de Friden,Mesa de Friden,Mesa de Friden,Стол Фридена,Tavolo di Friden,弗里登的桌子,弗里登的桌子,프리든의 테이블,Stół Fridena,Стіл Фрідена,Friden's Tafel,Friden'in Masası
L_DEC_FRIDEN'STHRONE,,Friden's Throne,フリデンの玉座,Fridens Thron,Trône de Friden,Trono de Friden,Trono de Friden,Трон Фридена,Trono di Friden,弗里登之座,弗里登的王座,프리든의 왕좌,Tron Fridena,Трон Фрідена,Fridens Troon,Friden'in Tahtı
L_DEC_TRIBUTETOVERTRAAG,,Tribute to Vertraag,ヴェルトラーグへの献辞,Tribut an Vertraag,Hommage à Vertraag,Tributo a Vertraag,Tributo a Vertraag,Дань Вертраагу,Tributo a Vertraag,向維特拉格致敬,维特拉戈的进贡祭坛,베르트라그에게 바치는 헌사,Hołd dla Vertraaga,Данина Вертраагу,Eerbetoon aan Vertraag,Vertraag'a Saygı
L_DEC_VERTRAAG'SBANNER,,Vertraag's Banner,ヴェルトラーグの旗印,Vertraags Banner,Bannière de Vertraag,Estandarte de Vertraag,Estandarte de Vertraag,Знамя Вертраага,Vessillo di Vertraag,維特拉格的旗幟,维特拉戈的旗帜,버트라그의 깃발,Sztandar Vertraaga,Знамено Вертраага,Vaandel van Vertraag,Vertraag'ın Sancağı
L_DEC_VERTRAAG'SBIGRUG,,Vertraag's Big Rug,ヴェルトラーグの大きな絨毯,Vertraags großer Teppich,Tapis Géant de Vertraag,Alfombra Grande de Vertraag,Tapete Grande de Vertraag,Большой Ковер Вертраага,Il Grande Tappeto di Vertraag,維特拉格的大地毯,维特拉戈的大地毯,버트라그의 큰 러그,Wielki Dywan Vertraaga,Великий Килим Вертраага,Vertraag's Grote Tapijt,Vertraag'ın Büyük Halısı
L_DEC_VERTRAAG'SFLASHSTICK,,Vertraag's Flashstick,ヴェルトラーグのフラッシュスティック,Vertraags Blitzstab,Bâton Éclair de Vertraag,Bastón Relámpago de Vertraag,Bastão Relâmpago de Vertraag,Вспышка Вертраага,Bastone Luminoso di Vertraag,維特拉格的閃光棒,维特拉戈的闪光棒,버트라그의 섬광봉,Laska Błyskawic Vertraaga,Спалах-жезл Вертраага,Flitsstok van Vertraag,Vertraag'ın Işık Çubuğu
L_DEC_VERTRAAG'SCHAIR,,Vertraag's Chair,ヴェルトラーグの椅子,Vertraags Stuhl,Chaise de Vertraag,Silla de Vertraag,Cadeira de Vertraag,Кресло Вертраага,Sedia di Vertraag,維特拉格之椅,维特拉戈的椅子,버트라그의 의자,Krzesło Vertraaga,Крісло Вертраага,Vertraag's Stoel,Vertraag'ın Sandalyesi
L_DEC_VERTRAAG'SPILLAR,,Vertraag's Pillar,ヴェルトラーグの柱,Vertraags Säule,Pilier de Vertraag,Pilar de Vertraag,Pilar de Vertraag,Столп Вертраага,Pilastro di Vertraag,維特拉格之柱,维特拉戈的柱子,버트라그의 기둥,Filar Vertraaga,Колона Вертраага,Vertraag's Pillar,Vertraag'ın Sütunu
L_DEC_VERTRAAG'SLONGRUG,,Vertraag's Long Rug,ヴェルトラーグの長い絨毯,Vertraags langer Teppich,Tapis Long de Vertraag,Alfombra Larga de Vertraag,Tapete Comprido de Vertraag,Длинный ковер Вертраага,Tappeto Lungo di Vertraag,維特拉格的長地毯,维特拉戈的长地毯,버트라그의 긴 러그,Długi Dywan Vertraaga,Довгий килим Вертраага,Vertraag's Lange Tapijt,Vertraag'ın Uzun Halısı
L_DEC_SOMEWHEREFARFROMHERE,,Somewhere Far From Here,どこか遠くの場所,Irgendwo Weit Von Hier,Quelque Part Loin D'Ici,En Algún Lugar Lejos de Aquí,Em Algum Lugar Longe Daqui,Где-то Далеко Отсюда,Da Qualche Parte Lontano Da Qui,遙遠的彼方,遥远彼方,여기서 멀리 떨어진 어딘가,Gdzieś Daleko Stąd,Десь Далеко Звідси,Ergens Ver Hiervandaan,Buradan Çok Uzakta
L_DEC_STARINGINTOINFINITY,,Staring Into Infinity,無限を見つめて,In die Unendlichkeit starren,Regard vers l'Infini,Contemplando el Infinito,Encarando o Infinito,Вглядываясь в Бесконечность,Fissando l'Infinito,凝視無限,凝视无限,무한을 응시하다,Wpatrując się w Nieskończoność,Вдивляючись у Нескінченність,Starend in de Oneindigheid,Sonsuzluğa Bakmak
L_DEC_ALIENEGG,,Alien Egg,エイリアンの卵,Alien-Ei,Œuf d'Alien,Huevo Alienígena,Ovo Alienígena,Яйцо пришельца,Uovo Alieno,異星卵,异星之卵,에일리언 알,Jajo Obcego,Яйце прибульця,Buitenaards Ei,Uzaylı Yumurtası
L_DEC_UNRULYSPECIMEN,,Unruly Specimen,反抗的な標本,Widerspenstiges Exemplar,Spécimen Indiscipliné,Espécimen Rebelde,Espécime Indomável,Неуправляемый Образец,Esemplare Ribelle,暴躁標本,不驯标本,난폭한 표본,Nieokiełznany Okaz,Неслухняний Зразок,Onhandelbaar Exemplaar,Asi Numune
L_DEC_WEIRDFRUIT,,Weird Fruit,奇妙な果実,Seltsame Frucht,Fruit Étrange,Fruta Extraña,Fruta Estranha,Странный фрукт,Frutto Strano,奇怪的水果,怪异水果,이상한 과일,Dziwny Owoc,Дивний Фрукт,Vreemd Fruit,Tuhaf Meyve
L_DEC_TECHNOARBOR,,Techno Arbor,テクノアーバー,Techno-Hain,Arbre Techno,Árbol Tecnológico,Árvore Tecnológica,Техно Древо,Albero Tecno,科技樹叢,科技树林,테크노 아버,Techno Drzewo,Техно Арбор,Techno Arbor,Tekno Koru
L_DEC_MINORBIOLOGICALMISHAP,,Minor Biological Mishap,小さな生物学的失敗,Kleiner biologischer Fehltritt,Incident Biologique Mineur,Percance Biológico Menor,Pequeno Acidente Biológico,Незначительный Биологический Сбой,Piccolo Incidente Biologico,小型生物意外,小型生物事故,사소한 생물학적 사고,Drobna Biologiczna Wpadka,Незначна Біологічна Помилка,Kleine Biologische Misser,Küçük Biyolojik Aksilik
L_DEC_SIMPLEGEOMETRY,,Simple Geometry,単純幾何学,Einfache Geometrie,Géométrie Simple,Geometría Simple,Geometria Simples,Простая геометрия,Geometria Semplice,簡單幾何,简单几何,단순한 기하학,Prosta Geometria,Проста геометрія,Eenvoudige Geometrie,Basit Geometri
L_DEC_VERTRAAG'STABLE,,Vertraag's Table,ヴェルトラーグの机,Vertraags Tisch,Table de Vertraag,Mesa de Vertraag,Mesa de Vertraag,Стол Вертраага,Tavola di Vertraag,維特拉格之桌,维特拉戈的桌子,버트라그의 테이블,Stół Vertraaga,Стіл Вертраага,Vertraag's Tafel,Vertraag'ın Masası
L_DEC_VERTRAAG'STHRONE,,Vertraag's Throne,ヴェルトラーグの玉座,Vertraags Thron,Trône de Vertraag,Trono de Vertraag,Trono de Vertraag,Трон Вертраага,Trono di Vertraag,維特拉格之座,维特拉戈的王座,베르트라그의 왕좌,Tron Vertraaga,Трон Вертраага,Vertraag's Troon,Vertraag'ın Tahtı
L_DEC_TRIBUTETOAEOLIAN,,Tribute to Aeolian,エオリアンへの賛辞,Tribut an Aeolian,Hommage à Éolien,Tributo a Aeolian,Tributo a Aeolian,Дань Эолийцу,Tributo ad Eolia,致敬艾奧利亞,伊欧利安的进贡祭坛,에올리안에게 바치는 헌사,Hołd dla Aeoliana,Данина Еоліану,Eerbetoon aan Aeolian,Aeolian'a Saygı
L_DEC_AEOLIAN'SBANNER,,Aeolian's Banner,イオリアンの旗印,Aeolians Banner,Étendard d'Éole,Estandarte de Aeolian,Estandarte de Aeolian,Знамя Эолиана,Vessillo di Aeolian,伊奧利安的旗幟,伊欧利安的旗帜,에올리안의 깃발,Sztandar Aeoliana,Стяг Еоліана,Vaandel van Aeolian,Aeolian'ın Sancağı
L_DEC_AEOLIAN'SBIGRUG,,Aeolian's Big Rug,イオリアンの大きな絨毯,Aeolians großer Teppich,Tapis Géant d'Aeolian,Alfombra Grande de Aeolian,Tapete Grande de Aeolian,Большой Ковер Эолиана,Tappeto Grande di Aeolian,艾歐利安的大地毯,伊欧利安的大地毯,에올리안의 큰 러그,Wielki Dywan Aeoliana,Великий Килим Еоліана,Aeolians Grote Tapijt,Aeolian'ın Büyük Halısı
L_DEC_AEOLIAN'SGLOWTREE,,Aeolian's Glowtree,エオリアンの輝く木,Aeolians Leuchtbaum,Arbre Lumineux d'Éolien,Árbol Luminoso de Aeolian,Árvore Luminosa de Aeolian,Светящееся Древо Эолиана,Albero Luminoso di Aeolian,艾歐利安的光樹,伊欧利安的发光树,에올리안의 빛나무,Świetliste Drzewo Aeoliana,Світлодерево Еоліана,Lichtboom van Aeolian,Aeolian'ın Işık Ağacı
L_DEC_AEOLIAN'SCHAIR,,Aeolian's Chair,イオリアンの椅子,Aeolians Stuhl,Chaise d'Éole,Silla de Aeolian,Cadeira de Aeolian,Кресло Эолиана,Seggio di Aeolian,伊奧利安之椅,伊欧利安的椅子,에올리안의 의자,Krzesło Aeoliana,Крісло Еоліана,Aeolians Stoel,Aeolian'ın Sandalyesi
L_DEC_AEOLIAN'SPILLAR,,Aeolian's Pillar,イオリアンの柱,Säule des Aeolus,Pilier d'Éole,Pilar de Aeolian,Pilar de Aeolian,Столп Эолиана,Pilastro di Eolo,伊奧利安之柱,伊欧利安的柱子,에올리안의 기둥,Filar Aeoliana,Колона Еоліана,Zuil van Aeolus,Aeolian'ın Sütunu
L_DEC_AEOLIAN'SLONGRUG,,Aeolian's Long Rug,エオリアンの長い絨毯,Aeolians langer Teppich,Tapis Long d'Aeolian,Alfombra Larga de Aeolian,Tapete Comprido de Aeolian,Длинный ковер Эолиана,Tappeto Lungo di Aeolian,伊奧利安的長地毯,伊欧利安的长地毯,에올리안의 긴 러그,Długi Dywan Aeoliana,Довгий килим Еоліана,Aeolian's Lange Tapijt,Aeolian'ın Uzun Halısı
L_DEC_TAKEFLIGHT,,Take Flight,飛翔せよ,Abheben,Prendre son Envol,Alzar el Vuelo,Alçar Voo,Взлетай,Prendi il Volo,展翅高飛,展翅高飞,비상하다,Wznieś się,Злетіти,Stijg Op,Havalanın
L_DEC_MEADOW,,Meadow,草原,Wiese,Prairie,Pradera,Prado,Луг,Prato,草原,草原,초원,Łąka,Луг,Weide,Çayır
L_DEC_FALLHERBS,,Fall Herbs,秋の薬草,Herbstliche Kräuter,Herbes d'automne,Hierbas de otoño,Ervas de Outono,Осенние травы,Erbe Autunnali,秋季藥草,秋日草药,가을 약초,Jesienne Zioła,Осінні трави,Herfst Kruiden,Sonbahar Otları
L_DEC_SPRINGSHRUB,,Spring Shrub,春の低木,Frühlingsstrauch,Buisson printanier,Arbusto Primaveral,Arbusto Primaveril,Весенний Куст,Arbusto Primaverile,春季灌木,春日灌木,봄 관목,Wiosenny Krzew,Весняний кущ,Lentebosje,Bahar Çalısı
L_DEC_SUMMERFLORA,,Summer Flora,夏の花々,Sommerflora,Flore d'Été,Flora Estival,Flora de Verão,Летняя Флора,Flora Estiva,夏日花卉,夏日花卉,여름 플로라,Letnia Flora,Літня Флора,Zomerflora,Yaz Florası
L_DEC_REGROWNSTUMP,,Regrown Stump,再生した切り株,Nachgewachsener Baumstumpf,Souche Régénérée,Tocón Renacido,Toco Renascido,Отросший Пень,Ceppo Ricresciuto,再生樹樁,再生树桩,재생된 그루터기,Odrośnięty Pień,Відрослий Пеньок,Hergroeide Stomp,Yeniden Büyümüş Kütük
L_DEC_STUMPFLOWERBED,,Stump Flowerbed,切り株の花壇,Baumstumpf-Blumenbeet,Parterre de Souche,Macizo de Flores de Tocón,Canteiro de Flores de Toco,Цветник из пня,Aiuola di Ceppo,樹樁花圃,树桩花坛,그루터기 화단,Kwietnik z Pnia,Клумба-Пеньок,Boomstronk Bloemperk,Kütük Çiçekliği
L_DEC_AEOLIAN'STOTEM,,Aeolian's Totem,イオリアンのトーテム,Aeolianer Totem,Totem d'Éole,Tótem de Aeolian,Totem de Aeolian,Тотем Эолиана,Totem di Aeolian,伊奧利安的圖騰,伊欧利安的图腾,에올리안의 토템,Totem Aeoliana,Тотем Еоліана,Aeolians Totem,Aeolian'ın Totemi
L_DEC_AEOLIAN'STABLE,,Aeolian's Table,イオリアンの机,Aeolians Tafel,Table d'Aeolian,Mesa de Aeolian,Mesa de Aeolian,Стол Эолиана,Tavolo di Aeolian,伊奧利安的桌子,伊欧利安的桌子,에올리안의 탁자,Stół Aeoliana,Стіл Еоліана,Tafel van Aeolian,Aeolian'ın Masası
L_DEC_AEOLIAN'STHRONE,,Aeolian's Throne,エオリアンの玉座,Aeolians Thron,Trône d'Éole,Trono de Aeolian,Trono de Eólio,Трон Эолиана,Trono di Eolo,伊奧利安之座,伊欧利安的王座,에올리안의 왕좌,Tron Aeoliana,Трон Еоліана,Aeolians Troon,Aeolian'ın Tahtı
L_DEC_TRIBUTETOAZURAL,,Tribute to Azural,アズラルへの献身,Tribut an Azural,Hommage à Azural,Tributo a Azural,Tributo a Azural,Дань Азуралу,Tributo ad Azural,向蒼藍致敬,阿祖拉的进贡祭坛,아주랄에게 바치는 헌사,Hołd dla Azurala,Данина Азуралу,Eerbetoon aan Azural,Azural'a Saygı
L_DEC_AZURAL'SBANNER,,Azural's Banner,アズラルの旗,Azurals Banner,Bannière d'Azural,Estandarte de Azural,Estandarte de Azural,Знамя Азурала,Vessillo di Azural,艾祖拉爾的旗幟,阿祖拉的旗帜,아주랄의 깃발,Sztandar Azurala,Знамено Азурала,Banier van Azural,Azural'ın Sancağı
L_DEC_AZURAL'SBIGRUG,,Azural's Big Rug,アズラルの大きな絨毯,Azurals großer Teppich,Tapis Géant d'Azural,Alfombra Grande de Azural,Tapete Grande de Azural,Большой Ковер Азурала,Tappeto Grande di Azural,艾祖拉爾的大地毯,阿祖拉的大地毯,아주랄의 큰 러그,Wielki Dywan Azurala,Великий Килим Азурала,Azurals Grote Tapijt,Azural'ın Büyük Halısı
L_DEC_AZURAL'SLAMPPOST,,Azural's Lamppost,アズラルの街灯,Azurals Laternenpfahl,Lampadaire d'Azural,Farol de Azural,Lampião de Azural,Фонарь Азурала,Lampione di Azural,艾祖拉爾的路燈,阿祖拉的灯柱,아주랄의 가로등,Latarnia Azurala,Ліхтар Азурала,Azural's Lantaarnpaal,Azural'ın Sokak Lambası
L_DEC_AZURAL'SCHAIR,,Azural's Chair,アズラルの椅子,Azurals Stuhl,Chaise d'Azural,Silla de Azural,Cadeira de Azural,Кресло Азурала,Sedia di Azural,艾祖拉爾的椅子,阿祖拉的椅子,아주랄의 의자,Krzesło Azurala,Крісло Азурала,Azurals Stoel,Azural'ın Sandalyesi
L_DEC_AZURAL'SPILLAR,,Azural's Pillar,アズラルの柱,Azurals Säule,Pilier d'Azural,Pilar de Azural,Pilar de Azural,Столп Азурала,Pilastro di Azural,蒼藍之柱,阿祖拉的柱子,아주랄의 기둥,Filar Azurala,Колона Азурала,Azurals Pilaar,Azural'ın Sütunu
L_DEC_AZURAL'SLONGRUG,,Azural's Long Rug,アズラルの長い絨毯,Azurals langer Teppich,Tapis Long d'Azural,Alfombra Larga de Azural,Tapete Comprido de Azural,Длинный ковёр Азурала,Tappeto Lungo di Azural,艾祖拉爾的長地毯,阿祖拉的长地毯,아주랄의 긴 러그,Długi Dywan Azurala,Довгий килим Азурала,Azural's Lange Tapijt,Azural'ın Uzun Halısı
L_DEC_LORDOFWINTER,,Lord of Winter,冬の王,Herr des Winters,Seigneur de l'Hiver,Señor del Invierno,Senhor do Inverno,Повелитель Зимы,Signore dell'Inverno,冬之領主,冬之领主,겨울의 군주,Pan Zimy,Володар Зими,Heer van de Winter,Kış Lordu
L_DEC_THEMOUNTAINANDTHEMOON,,The Mountain and the Moon,山と月,Der Berg und der Mond,La Montagne et la Lune,La Montaña y la Luna,A Montanha e a Lua,Гора и Луна,La Montagna e la Luna,山與月,山与月,산과 달,Góra i Księżyc,Гора і Місяць,De Berg en de Maan,Dağ ve Ay
L_DEC_BOREALSHRUB,,Boreal Shrub,ボレアルの低木,Borealer Strauch,Arbuste Boréal,Arbusto Boreal,Arbusto Boreal,Северный Кустарник,Arbusto Boreale,北方灌木,北地灌木,북방 관목,Borealny Krzew,Північний Чагарник,Noordelijk Struikgewas,Kuzey Çalısı
L_DEC_FROZENFLAME,,Frozen Flame,フローズンフレイム,Gefrorene Flamme,Flamme Gelée,Llama Helada,Chama Congelada,Морозное Пламя,Fiamma Congelata,冰封烈焰,冰霜火焰,얼어붙은 불꽃,Zamarznięty Płomień,Крижаний Вогонь,Bevroren Vlam,Donmuş Alev
L_DEC_SNOWBELL,,Snowbell,スノーベル,Schneeglocke,Clocheneige,Campanilla de Nieve,Sino de Neve,Сноубелл,Campanula di Neve,雪鈴,雪之铃,스노우벨,Śnieżynka,Сноубелл,Sneeuwklokje,Karkülah
L_DEC_CRYSTALTREE,,Crystal Tree,クリスタルツリー,Kristallbaum,Arbre de Cristal,Árbol de Cristal,Árvore de Cristal,Кристальное Древо,Albero di Cristallo,水晶樹,水晶树,수정 나무,Kryształowe Drzewo,Кришталеве Дерево,Kristalboom,Kristal Ağaç
L_DEC_FREEZIAS,,Freezias,フリージアス,Freezias,Freezias,Freezias,Freezias,Фризии,Freezias,弗里西亞斯,寒冷,프리지아스,Freezias,Фрезії,Freezias,Freezias
L_DEC_THEFEROCIOUSYETI,,The Ferocious Yeti,凶暴なイエティ,Der Grimmige Yeti,Le Yéti Féroce,El Yeti Feroz,O Yeti Feroz,Свирепый Йети,Il Terribile Yeti,兇猛的雪怪,凶猛雪怪,사나운 예티,Dziki Yeti,Лютий Єті,De Woeste Yeti,Vahşi Yeti
L_DEC_AZURAL'STABLE,,Azural's Table,アズラルの卓,Azurals Tisch,Table d'Azural,Mesa de Azural,Mesa de Azural,Стол Азурала,Tavolo di Azural,艾祖拉爾的桌子,阿祖拉的桌子,아주랄의 테이블,Stół Azurala,Стіл Азурала,Azurals Tafel,Azural'ın Masası
L_DEC_AZURAL'STHRONE,,Azural's Throne,アズラルの玉座,Azurals Thron,Trône d'Azural,Trono de Azural,Trono de Azural,Трон Азурала,Trono di Azural,艾祖拉爾之座,阿祖拉的王座,아주랄의 왕좌,Tron Azurala,Трон Азурала,Azurals Troon,Azural'ın Tahtı
L_DEC_TRIBUTETOEREBYSS,,Tribute to Erebyss,エレビスへの献身,Tribut an Erebyss,Hommage à Erebyss,Tributo a Erebyss,Tributo a Erebyss,Дань Эребисс,Tributo a Erebyss,向厄瑞比斯致敬,艾瑞比丝的进贡祭坛,에레비스에게 바치는 공물,Hołd dla Erebyss,Данина Еребіс,Eerbetoon aan Erebyss,Erebyss'e Saygı
L_DEC_EREBYSS'BANNER,,Erebyss' Banner,エレビスの旗,Erebyss' Banner,Étendard d'Erebyss,Estandarte de Erebyss,Estandarte de Erebyss,Знамя Эребисс,Vessillo di Erebyss,艾瑞比斯的旗幟,艾瑞比丝的旗帜,에레비스의 깃발,Sztandar Erebyss,Знамено Еребіс,Erebyss' Banier,Erebyss'in Sancağı
L_DEC_EREBYSS'BIGRUG,,Erebyss' Big Rug,エレビスの大きな絨毯,Erebyss' großer Teppich,Tapis Géant d'Erebyss,Alfombra Grande de Erebyss,Tapete Grande de Erebyss,Большой Ковер Эребисс,Tappeto Grande di Erebyss,艾瑞比斯的大地毯,艾瑞比丝的大地毯,에레비스의 큰 러그,Wielki Dywan Erebyss,Великий Килим Еребіс,Erebyss' Grote Tapijt,Erebyss'in Büyük Halısı
L_DEC_EREBYSS'CANDELABRA,,Erebyss' Candelabra,エレビスの燭台,Erebyss' Kandelaber,Candélabre d'Erebyss,Candelabro de Erebyss,Candelabro de Erebyss,Канделябр Эребисс,Candelabro di Erebyss,艾瑞比斯的燭台,艾瑞比丝的烛台,에레비스의 촛대,Kandelabr Erebyss,Канделябр Еребіс,Kandelaar van Erebyss,Erebyss'in Şamdanı
L_DEC_EREBYSS'CHAIR,,Erebyss' Chair,エレビスの椅子,Erebyss' Stuhl,Chaise d'Erebyss,Silla de Erebyss,Cadeira de Erebyss,Кресло Эребисс,Seggio di Erebyss,艾瑞比斯之椅,艾瑞比丝的椅子,에레비스의 의자,Krzesło Erebyss,Крісло Еребіс,Erebyss' Stoel,Erebyss'in Sandalyesi
L_DEC_EREBYSS'PILLARPURPLE,,Erebyss' Pillar (Purple),エレビスの柱（紫）,Erebyss' Säule (Lila),Pilier d'Erebyss (Violet),Pilar de Erebyss (Púrpura),Pilar de Erebyss (Roxo),Столп Эребисс (Фиолетовый),Pilastro di Erebyss (Viola),厄瑞比斯之柱（紫）,艾瑞比丝的柱子（紫）,에레비스의 기둥 (보라색),Filar Erebyss (Fioletowy),Стовп Еребіс (Фіолетовий),Zuil van Erebyss (Paars),Erebyss'in Sütunu (Mor)
L_DEC_EREBYSS'LONGRUG,,Erebyss' Long Rug,エレビスの長い敷物,Erebyss' langer Teppich,Tapis Long d'Erebyss,Alfombra Larga de Erebyss,Tapete Comprido de Erebyss,Длинный ковер Эребисс,Tappeto Lungo di Erebyss,艾瑞比斯的長地毯,艾瑞比丝的长地毯,에레비스의 긴 러그,Długi Dywan Erebyss,Довгий килим Еребіс,Erebyss' Lange Tapijt,Erebyss'in Uzun Halısı
L_DEC_DARKROSE,,Dark Rose,ダークローズ,Dunkle Rose,Rose Noire,Rosa Oscura,Rosa Negra,Темная Роза,Rosa Oscura,黑暗玫瑰,黑暗玫瑰,다크 로즈,Mroczna Róża,Темна Роза,Duistere Roos,Kara Gül
L_DEC_EREBYSS'DOMAIN,,Erebyss' Domain,エレビスの領域,Erebyss' Domäne,Domaine d'Erebyss,Dominio de Erebyss,Domínio de Erebyss,Владения Эребисс,Dominio di Erebyss,艾瑞比斯領域,艾瑞比丝的领地,에레비스의 영역,Domena Erebyss,Володіння Еребіс,Domein van Erebyss,Erebyss'in Diyarı
L_DEC_GLOOMSHROOMS,,Gloomshrooms,グルームシュルーム,Düsterpilze,Champignons lugubres,Hongosombríos,Cogumelos Sombrios,Мракогрибы,Funghi Tetri,幽暗菇,阴暗蘑菇,어둠버섯,Mrocznogrzybki,Похмурогриби,Duisterzwammen,Karanlıkmantarlar
L_DEC_GRAPEVINE,,Grapevine,グレープバイン,Weinrebe,Bouche-à-oreille,Rumores,Boato,Виноградная лоза,Vite,葡萄藤,葡萄藤,포도덩굴,Wieści,Виноградна лоза,Wijnrank,Dedikodu
L_DEC_KISSOFDEATH,,Kiss of Death,キスオブデス,Kuss des Todes,Baiser de la Mort,Beso de la Muerte,Beijo da Morte,Поцелуй Смерти,Bacio della Morte,死亡之吻,死亡之吻,죽음의 키스,Pocałunek Śmierci,Поцілунок Смерті,Kus des Doods,Ölüm Öpücüğü
L_DEC_PRESERVEDARCADIANTREE,,Preserved Arcadian Tree,保存されたアルカディアの木,Konservierter Arkadischer Baum,Arbre Arcadien Préservé,Árbol Arcadiano Preservado,Árvore Arcadiana Preservada,Сохранённое Аркадийское Древо,Albero Arcadiano Conservato,保存的阿卡迪亞之樹,保存完好的阿卡迪亚之树,보존된 아르카디아 나무,Zachowane Drzewo Arkadyjskie,Збережене Аркадійське Дерево,Geconserveerde Arcadische Boom,Korunmuş Arkadya Ağacı
L_DEC_SHADOWFLOWERS,,Shadow Flowers,シャドウフラワー,Schattenblumen,Fleurs d'Ombre,Flores de Sombra,Flores Sombrias,Теневые Цветы,Fiori d'Ombra,暗影花,暗影之花,그림자 꽃,Kwiaty Cienia,Тіньові Квіти,Schaduwbloemen,Gölge Çiçekleri
L_DEC_DESPAIRNOMORE,,Despair No More,絶望はもうない,Verzweifle nicht mehr,Désespoir Plus Jamais,Desesperación Nunca Más,Desespero Nunca Mais,Отчаянию Конец,Non Disperare Più,不再絕望,不再绝望,더 이상 절망하지 마라,Koniec Rozpaczy,Більше Ніякого Відчаю,Wanhoop Niet Meer,Artık Umutsuzluğa Son
L_DEC_EREBYSS'TABLE,,Erebyss' Table,エレビスの机,Erebyss' Tafel,Table d'Erebyss,Mesa de Erebyss,Mesa de Erebyss,Стол Эребисс,Tavolo di Erebyss,艾瑞比斯之桌,艾瑞比丝的桌子,에레비스의 탁자,Stół Erebyss,Стіл Еребіс,Tafel van Erebyss,Erebyss'in Masası
L_DEC_EREBYSS'THRONE,,Erebyss' Throne,エレビスの玉座,Erebyss' Thron,Trône d'Erebyss,Trono de Erebyss,Trono de Erebyss,Трон Эребисс,Trono di Erebyss,艾瑞比斯之座,艾瑞比丝的王座,에레비스의 왕좌,Tron Erebyss,Трон Еребіс,Erebyss' Troon,Erebyss'in Tahtı
L_DEC_EREBYSS'PILLARBLUE,,Erebyss' Pillar (Blue),エレビスの柱（青）,Erebyss' Säule (Blau),Pilier d'Erebyss (Bleu),Pilar de Erebyss (Azul),Pilar de Erebyss (Azul),Столп Эребисс (Синий),Pilastro di Erebyss (Blu),艾瑞比斯之柱（藍）,艾瑞比丝的柱子（蓝）,에레비스의 기둥 (파란색),Filar Erebyss (Niebieski),Стовп Еребіс (Синій),Zuil van Erebyss (Blauw),Erebyss'in Sütunu (Mavi)
L_DEC_TRIBUTETOGONFURIAN,,Tribute to Gonfurian,ゴンフリアンへの献辞,Tribut an Gonfurian,Hommage à Gonfurian,Tributo a Gonfurian,Tributo a Gonfurian,Дань Гонфуриану,Tributo a Gonfurian,貢夫里安的致敬,贡弗瑞安的进贡祭坛,곤푸리안에게 바치는 헌사,Hołd dla Gonfuriana,Данина Гонфуріану,Eerbetoon aan Gonfurian,Gonfurian'a Saygı
L_DEC_GONFURIAN'SBANNER,,Gonfurian's Banner,ゴンフリアンの旗,Gonfurians Banner,Bannière de Gonfurian,Estandarte de Gonfurian,Estandarte de Gonfurian,Знамя Гонфуриана,Vessillo di Gonfurian,貢弗里安的旗幟,贡弗瑞安的旗帜,곤푸리안의 깃발,Sztandar Gonfuriana,Прапор Гонфуріана,Gonfurians Banier,Gonfurian'ın Sancağı
L_DEC_GONFURIAN'SBIGRUG,,Gonfurian's Big Rug,ゴンフリアンの大きな絨毯,Gonfurians großer Teppich,Tapis Géant de Gonfurian,Alfombra Grande de Gonfurian,Tapete Grande de Gonfurian,Большой Ковер Гонфуриана,Tappeto Grande di Gonfurian,貢弗里安的大地毯,贡弗瑞安的大地毯,곤푸리안의 큰 러그,Wielki Dywan Gonfuriana,Великий Килим Гонфуріана,Gonfurian's Grote Tapijt,Gonfurian'ın Büyük Halısı
L_DEC_GONFURIAN'SBONFIRE,,Gonfurian's Bonfire,ゴンフリアンの焚き火,Gonfurians Lagerfeuer,Feu de camp de Gonfurian,Hoguera de Gonfurian,Fogueira de Gonfurian,Костер Гонфуриана,Falò di Gonfurian,貢弗里安的篝火,贡弗瑞安的篝火,곤푸리안의 모닥불,Ognisko Gonfuriana,Вогнище Гонфуріана,Gonfurians Vreugdevuur,Gonfurian'ın Kamp Ateşi
L_DEC_GONFURIAN'SCHAIR,,Gonfurian's Chair,ゴンフリアンの椅子,Gonfurians Stuhl,Chaise de Gonfurian,Silla de Gonfurian,Cadeira de Gonfurian,Кресло Гонфуриана,Seggio di Gonfurian,貢弗里安的椅子,贡弗瑞安的椅子,곤푸리안의 의자,Krzesło Gonfuriana,Крісло Гонфуріана,Gonfurians Stoel,Gonfurian'ın Sandalyesi
L_DEC_GONFURIAN'SPILLAR,,Gonfurian's Pillar,ゴンフリアンの柱,Gonfurians Säule,Pilier de Gonfurian,Pilar de Gonfurian,Pilar de Gonfurian,Столп Гонфуриана,Pilastro di Gonfurian,貢弗里安之柱,贡弗瑞安的柱子,곤푸리안의 기둥,Filar Gonfuriana,Стовп Гонфуріана,Gonfurians Pilaar,Gonfurian'ın Sütunu
L_DEC_GONFURIAN'SLONGRUG,,Gonfurian's Long Rug,ゴンフリアンの長い敷物,Gonfurians langer Teppich,Tapis Long de Gonfurian,Alfombra Larga de Gonfurian,Tapete Comprido de Gonfurian,Длинный Ковер Гонфуриана,Tappeto Lungo di Gonfurian,貢弗里安的長地毯,贡弗瑞安的长地毯,곤푸리안의 긴 러그,Długi Dywan Gonfuriana,Довгий Килим Гонфуріана,Gonfurian's Lange Tapijt,Gonfurian'ın Uzun Halısı
L_DEC_THECONQUEROR,,The Conqueror,征服者,Der Eroberer,Le Conquérant,El Conquistador,O Conquistador,Завоеватель,Il Conquistatore,征服者,征服者,정복자,Zdobywca,Завойовник,De Veroveraar,Fatih
L_DEC_FIRESOFWAR,,Fires of War,戦火,Feuer des Krieges,Feux de Guerre,Fuegos de Guerra,Chamas da Guerra,Огни Войны,Fuochi di Guerra,戰火,战火,전쟁의 불길,Ognie Wojny,Вогні Війни,Vuren van Oorlog,Savaşın Ateşleri
L_DEC_AXEBLOOM,,Axebloom,アックスブルーム,Axtblüte,Floraison de Hache,Florhachero,Floreschaço,Цветущий Топор,Fiorascia,斧花,斧之花,도끼꽃,Kwiatosiekiera,Сокироцвіт,Bijlbloesem,Baltaçiçeği
L_DEC_BATTLEFIELDMEMORIES,,Battlefield Memories,戦場の記憶,Schlachtfeld-Erinnerungen,Souvenirs du Champ de Bataille,Recuerdos del Campo de Batalla,Memórias de Batalha,Воспоминания о поле боя,Ricordi di Battaglia,戰場回憶,战场回忆,전장의 기억,Wspomnienia z Pola Bitwy,Спогади з поля бою,Slagveldherinneringen,Savaş Alanı Anıları
L_DEC_BLADEVINE,,Bladevine,ブレイドヴァイン,Klingendorn,Liane-lame,Enredadera de Hojas,Videira Lâmina,Лозоклинок,Lama Rampicante,刃藤,刀刃藤蔓,칼덩굴,Ostrokrzew,Лезолоза,Klingrank,Kılıçsarmaşığı
L_DEC_TREEOFMIGHT,,Tree of Might,力の樹,Baum der Macht,Arbre de Puissance,Árbol del Poder,Árvore do Poder,Древо Могущества,Albero della Potenza,力量之樹,力量之树,위력의 나무,Drzewo Mocy,Дерево Могутності,Boom van Macht,Kudret Ağacı
L_DEC_FORGESHOOTS,,Forge Shoots,フォージシュート,Schmiedeschösslinge,Pousses de Forge,Brotes de Forja,Brotos de Forja,Кузнечные Побеги,Germogli della Forgia,鍛造射芽,锻造射击,대장간 싹,Pędy Kuźni,Паростки Кузні,Smeedscheuten,Dövme Filizler
L_DEC_ONEABOVEALL,,One Above All,唯一絶対者,Ein über Allem,Un Au-dessus de Tous,Uno Sobre Todos,Um Acima de Todos,Превыше Всего,Uno Sopra Tutti,至高無上者,至高无上者,지고지존,Najwyższy z Najwyższych,Вищий за Всіх,Verheven Boven Allen,Yüce Olan
L_DEC_GONFURIAN'STABLE,,Gonfurian's Table,ゴンフリアンの机,Gonfurians Tafel,Table de Gonfurian,Mesa de Gonfurian,Mesa de Gonfurian,Стол Гонфуриана,Tavolo di Gonfurian,貢弗里安的餐桌,贡弗瑞安的桌子,곤푸리안의 탁자,Stół Gonfuriana,Стіл Гонфуріана,Gonfurians Tafel,Gonfurian'ın Masası
L_DEC_GONFURIAN'STHRONE,,Gonfurian's Throne,ゴンフリアンの玉座,Gonfurians Thron,Trône de Gonfurian,Trono de Gonfurian,Trono de Gonfurian,Трон Гонфуриана,Trono di Gonfurian,貢弗里安的王座,贡弗瑞安的王座,곤푸리안의 왕좌,Tron Gonfuriana,Трон Гонфуріана,Gonfurians Troon,Gonfurian'ın Tahtı
L_DEC_TRIBUTETOSURATHLI,,Tribute to Surathli,スラスリへの献身,Tribut an Surathli,Hommage à Surathli,Tributo a Surathli,Tributo a Surathli,Дань Суратли,Tributo a Surathli,向蘇拉斯利致敬,苏拉斯莉的进贡祭坛,수라틀리에게 바치는 공물,Hołd dla Surathli,Данина Суратлі,Eerbetoon aan Surathli,Surathli'ye Saygı
L_DEC_SURATHLI'SBANNER,,Surathli's Banner,スラスリの旗,Surathlis Banner,Étendard de Surathli,Estandarte de Surathli,Estandarte de Surathli,Знамя Суратли,Vessillo di Surathli,蘇拉斯利的旗幟,苏拉斯莉的旗帜,수라슬리의 깃발,Sztandar Surathli,Знамено Суратлі,Surathli's Banier,Surathli'nin Sancağı
L_DEC_SURATHLI'SBIGRUG,,Surathli's Big Rug,スラスリの大きな絨毯,Surathlis großer Teppich,Tapis Géant de Surathli,Alfombra Grande de Surathli,Tapete Grande de Surathli,Большой ковёр Суратли,Tappeto Grande di Surathli,蘇拉斯利的大地毯,苏拉斯莉的大地毯,수라슬리의 큰 러그,Wielki Dywan Surathli,Великий Килим Суратлі,Surathli's Grote Tapijt,Surathli'nin Büyük Halısı
L_DEC_SURATHLI'SLAMP,,Surathli's Lamp,スラスリのランプ,Surathlis Lampe,Lampe de Surathli,Lámpara de Surathli,Lâmpada de Surathli,Лампа Суратли,Lampada di Surathli,蘇拉斯利的燈,苏拉斯莉的灯,수라틀리의 등불,Lampa Surathli,Лампа Суратлі,Surathli's Lamp,Surathli'nin Lambası
L_DEC_SURATHLI'SCHAIR,,Surathli's Chair,スラスリの椅子,Surathlis Stuhl,Chaise de Surathli,Silla de Surathli,Cadeira de Surathli,Кресло Суратли,Seggio di Surathli,蘇拉斯利的椅子,苏拉斯莉的椅子,수라슬리의 의자,Krzesło Surathli,Крісло Суратлі,Surathli's Stoel,Surathli'nin Sandalyesi
L_DEC_SURATHLI'SPILLARBLUE,,Surathli's Pillar (Blue),スラスリの柱（青）,Surathlis Säule (Blau),Pilier de Surathli (Bleu),Pilar de Surathli (Azul),Pilar de Surathli (Azul),Столп Суратли (Синий),Pilastro di Surathli (Blu),蘇拉斯利之柱（藍）,苏拉斯莉的柱子（蓝）,수라슬리의 기둥 (파란색),Filar Surathli (Niebieski),Колона Суратлі (Синя),Surathli's Pilaar (Blauw),Surathli'nin Sütunu (Mavi)
L_DEC_SURATHLI'SPILLARGOLD,,Surathli's Pillar (Gold),スラスリの柱（ゴールド）,Surathlis Säule (Gold),Pilier de Surathli (Or),Pilar de Surathli (Oro),Pilar de Surathli (Ouro),Столп Суратли (Золото),Pilastro di Surathli (Oro),蘇拉斯利之柱（金）,苏拉斯莉的柱子（金）,수라슬리의 기둥 (골드),Filar Surathli (Złoty),Стовп Суратлі (Золото),Surathli's Pilaar (Goud),Surathli'nin Sütunu (Altın)
L_DEC_SURATHLI'SLONGRUG,,Surathli's Long Rug,スラスリの長い絨毯,Surathlis langer Teppich,Tapis Long de Surathli,Alfombra Larga de Surathli,Tapete Comprido de Surathli,Длинный ковёр Суратли,Tappeto Lungo di Surathli,蘇拉斯利的長地毯,苏拉斯莉的长地毯,수라슬리의 긴 러그,Długi Dywan Surathli,Довгий килим Суратлі,Surathli's Lange Tapijt,Surathli'nin Uzun Halısı
L_DEC_LIGHT,,Light,ライト,Licht,Lumière,Luz,Luz,Свет,Luce,光,光,빛,Światło,Світло,Licht,Işık
L_DEC_AZUREDREAM,,Azure Dream,蒼穹の夢,Azurtraum,Rêve d'Azur,Sueño Azur,Sonho Azul,Лазурный Сон,Sogno Azzurro,蒼藍夢境,碧蓝梦境,푸른 꿈,Lazurowy Sen,Лазуровий Сон,Azuurblauwe Droom,Mavi Rüya
L_DEC_CELESTIALPALM,,Celestial Palm,天空掌,Himmlische Handfläche,Paume Céleste,Palma Celestial,Palma Celestial,Небесная Ладонь,Palmo Celeste,天穹掌,天界之掌,천상의 손바닥,Niebiańska Dłoń,Небесна Долоня,Hemelse Palm,Göksel Avuç
L_DEC_NIMBUSROOT,,Nimbusroot,ニンバスルート,Nimbusroot,Racine de Nimbus,Raíz de nimbo,Raiz de Nimbus,Нимбускорень,Radice di Nimbo,雲根,雨云之根,님버스뿌리,Nimbuskorzeń,Німбускорінь,Nimbuswortels,Nimbusbulutu
L_DEC_SUNGAZERS,,Sungazers,サンゲイザーズ,Sonnenanbeter,Contemplateurs du Soleil,Contempladores del Sol,Contempladores do Sol,Созерцатели Солнца,Adoratori del Sole,凝日者,太阳凝视者,태양을 바라보는 자들,Słoneczni Obserwatorzy,Сонцеглядачі,Zonkijkers,Güneşe Bakanlar
L_DEC_STRATOSARBOR,,Stratos Arbor,ストラトス・アーバー,Stratos Arbor,Stratos Arbor,Stratos Arbor,Stratos Arbor,Стратос Арбор,Stratos Arbor,層雲之樹,层云之树,스트라토스 아버,Stratos Arbor,Стратос Арбор,Stratos Arbor,Stratos Arbor
L_DEC_LUXSTRANDS,,Lux Strands,ルクスストランド,Lux-Stränge,Fils de Lux,Hebras de Luz,Fios de Luz,Нити Света,Filamenti di Luce,光輝絲線,流光之缕,럭스 스트랜드,Nici Światła,Світлові Нитки,Lux Strengen,Işık İplikleri
L_DEC_LIGHTBRINGER,,Lightbringer,ライトブリンガー,Lichtbringer,Porteur de Lumière,Portador de Luz,Portador da Luz,Светоносец,Portatore di Luce,光明使者,光明使者,빛의 인도자,Nosiciel Światła,Світлоносець,Lichtbrenger,Işıkgetiren
L_DEC_SURATHLI'STABLE,,Surathli's Table,スラスリの食卓,Surathlis Tisch,Table de Surathli,Mesa de Surathli,Mesa de Surathli,Стол Суратли,Tavolo di Surathli,蘇拉斯利的餐桌,苏拉斯莉的桌子,수라슬리의 탁자,Stół Surathli,Стіл Суратлі,Surathli's Tafel,Surathli'nin Masası
L_DEC_SURATHLI'STHRONE,,Surathli's Throne,スラスリの玉座,Surathlis Thron,Trône de Surathli,Trono de Surathli,Trono de Surathli,Трон Суратли,Trono di Surathli,蘇拉斯利的王座,苏拉斯莉的王座,수라슬리의 왕좌,Tron Surathli,Трон Суратлі,Surathli's Troon,Surathli'nin Tahtı
L_DEC_TRIBUTETOTARTARITH,,Tribute to Tartarith,タルタリスへの献身,Tribut an Tartarith,Hommage à Tartarith,Tributo a Tartarith,Tributo a Tartarith,Дань Тартариту,Tributo a Tartarith,向塔塔利斯致敬,塔尔塔里斯的进贡祭坛,타르타리스에게 바치는 공물,Hołd dla Tartaritha,Данина Тартаріту,Eerbetoon aan Tartarith,Tartarith'e Saygı
L_DEC_TARTARITH'SBANNER,,Tartarith's Banner,タルタリスの旗印,Tartariths Banner,Étendard de Tartarith,Estandarte de Tartarith,Estandarte de Tartarith,Знамя Тартарита,Vessillo di Tartarith,塔塔利斯的旗幟,塔尔塔里斯的旗帜,타르타리스의 깃발,Sztandar Tartaritha,Знамено Тартаріта,Tartarith's Banier,Tartarith'in Sancağı
L_DEC_TARTARITH'SBIGRUG,,Tartarith's Big Rug,タルタリスの大きな絨毯,Tartariths großer Teppich,Tapis Géant de Tartarith,Alfombra Grande de Tartarith,Tapete Grande de Tartarith,Большой Ковер Тартарита,Il Grande Tappeto di Tartarith,塔塔里斯的大地毯,塔尔塔里斯的大地毯,타르타리스의 큰 러그,Wielki Dywan Tartaritha,Великий Килим Тартаріта,Tartarith's Grote Tapijt,Tartarith'in Büyük Halısı
L_DEC_TARTARITH'STIKITORCH,,Tartarith's Tiki Torch,タータリスのティキトーチ,Tartariths Tiki-Fackel,Torche Tiki de Tartarith,Antorcha Tiki de Tartarith,Tocha Tiki de Tartarith,Факел Тики Тартарита,Torcia Tiki di Tartarith,塔塔里斯的提基火炬,塔尔塔里斯的提基火炬,타르타리스의 티키 토치,Pochodnia Tiki Tartaritha,Факел Тікі Тартаріта,Tartarith's Tiki-fakkel,Tartarith'in Tiki Meşalesi
L_DEC_TARTARITH'SCHAIR,,Tartarith's Chair,タルタリスの椅子,Tartariths Stuhl,Chaise de Tartarith,Silla de Tartarith,Cadeira de Tartarith,Кресло Тартарита,Seggio di Tartarith,塔塔里斯之椅,塔尔塔里斯的椅子,타르타리스의 의자,Krzesło Tartaritha,Крісло Тартаріта,Tartarith's Stoel,Tartarith'in Sandalyesi
L_DEC_TARTARITH'SPILLAR,,Tartarith's Pillar,タルタリスの柱,Tartariths Säule,Pilier de Tartarith,Pilar de Tartarith,Pilar de Tartarith,Столп Тартарита,Pilastro di Tartarith,塔爾塔里斯之柱,塔尔塔里斯的柱子,타르타리스의 기둥,Filar Tartaritha,Колона Тартаріта,Tartariths Pilaar,Tartarith'in Sütunu
L_DEC_TARTARITH'SLONGRUG,,Tartarith's Long Rug,タルタリスの長い絨毯,Tartariths langer Teppich,Tapis Long de Tartarith,Alfombra Larga de Tartarith,Tapete Comprido de Tartarith,Длинный ковер Тартарита,Tappeto Lungo di Tartarith,塔塔里斯的長地毯,塔尔塔里斯的长地毯,타르타리스의 긴 러그,Długi Dywan Tartaritha,Довгий килим Тартаріта,Tartarith's Lange Tapijt,Tartarith'in Uzun Halısı
L_DEC_MURDER,,Murder,殺人,Mord,Meurtre,Asesinato,Assassinato,Убийство,Omicidio,謀殺,谋杀,살인,Morderstwo,Вбивство,Moord,Cinayet
L_DEC_ANOLDFAMILYPORTRAIT,,An Old Family Portrait,古い家族の肖像画,Ein altes Familienporträt,Un Vieux Portrait de Famille,Un Retrato Familiar Antiguo,Um Retrato de Família Antigo,Старый семейный портрет,Un Vecchio Ritratto di Famiglia,一幅古老的家族肖像,古老家族的肖像,오래된 가족 초상화,Stary Portret Rodzinny,Старий Сімейний Портрет,Een Oud Familieportret,Eski Bir Aile Portresi
L_DEC_ANUNFORTUNATESOUL,,An Unfortunate Soul,不運な魂,Eine Unglückliche Seele,Une Âme Malheureuse,Un Alma Desafortunada,Uma Alma Infeliz,Несчастная Душа,Un'Anima Sfortunata,不幸的靈魂,不幸的灵魂,불운한 영혼,Nieszczęsna Dusza,Нещасна Душа,Een Ongelukkige Ziel,Talihsiz Bir Ruh
L_DEC_BUTCHERGRASS,,Butcher Grass,屠殺草,Metzgergras,Herbe du Boucher,Hierba Carnicera,Grama do Açougueiro,Мясницкая Трава,Erba del Macellaio,屠夫草,屠夫之草,도살자 풀,Rzeźnicza Trawa,М'ясна Трава,Slagersgras,Kasap Otu
L_DEC_REGRETS,,Regrets,後悔,Reue,Regrets,Remordimientos,Arrependimentos,Сожаления,Rimpianti,遺憾,遗憾,후회,Żale,Жалі,Spijt,Pişmanlıklar
L_DEC_SHRIKES'DELIGHT,,Shrikes' Delight,シュライクの喜び,Freude der Würger,Délice des Pies-grièches,Deleite de Alcaudones,Deleite dos Picanços,Услада Сорокопутов,Delizia degli Averle,伯勞的喜悅,伯劳之乐,올빼미의 기쁨,Rozkosz Dzierzby,Насолода Сорокопуда,Genoegen van de Klauwieren,Çalıkuşlarının Keyfi
L_DEC_POTOFTHESLAUGHTERED,,Pot of the Slaughtered,虐殺の壺,Topf der Abgeschlachteten,Pot des Massacrés,Olla de los Masacrados,Pote dos Massacrados,Котел Убиенных,Pentola dei Massacrati,屠殺之壺,屠杀之壶,학살의 항아리,Kocioł Pokonanych,Горщик Забитих,Pot van de Afgeslachten,Katledilenin Kazanı
L_DEC_THEPUNISHED,,The Punished,罰せられし者,Der Bestrafte,Le Châtié,El Castigado,O Punido,Наказанный,Il Punito,受罰者,受罚者,징벌받은 자,Ukarany,Покараний,De Gestraften,Cezalandırılmış
L_DEC_TARTARITH'STABLE,,Tartarith's Table,タルタリスの机,Tartariths Tafel,Table de Tartarith,Mesa de Tartarith,Mesa de Tartarith,Стол Тартарита,Tavola di Tartarith,塔塔里斯之桌,塔尔塔里斯的桌子,타르타리스의 탁자,Stół Tartaritha,Стіл Тартаріта,Tartarith's Tafel,Tartarith'in Masası
L_DEC_TARTARITH'STHRONE,,Tartarith's Throne,タルタリスの玉座,Tartariths Thron,Trône de Tartarith,Trono de Tartarith,Trono de Tartarith,Трон Тартарита,Trono di Tartarith,塔爾塔里斯王座,塔尔塔里斯的王座,타르타리스의 왕좌,Tron Tartaritha,Трон Тартаріта,Tartarith's Troon,Tartarith'in Tahtı
L_DEC_BLACKSMITH,,Blacksmith,鍛冶屋,Schmied,Forgeron,Herrero,Ferreiro,Кузнец,Fabbro,鐵匠,铁匠,대장장이,Kowal,Коваль,Smid,Demirci
L_DEC_ENCHANTER,,Enchanter,エンチャンター,Verzauberer,Enchanteur,Encantador,Encantador,Чародей,Incantatore,附魔師,附魔师,마법부여사,Zaklinacz,Чарівник,Bezweerder,Büyücü
L_DEC_TAVERNTABLENEAT,,Tavern Table (Neat),酒場のテーブル（整頓）,Tavernentisch (Ordentlich),Table de Taverne (Soignée),Mesa de Taberna (Ordenada),Mesa de Taverna (Arrumada),Трактирный стол (опрятный),Tavolo da Taverna (Ordinato),酒館桌子（整潔）,酒馆桌子（整洁）,선술집 테이블 (깔끔한),Stół Karczmy (Schludny),Стіл у таверні (охайний),Herbergtafel (Netjes),Meyhane Masası (Düzenli)
L_DEC_TAVERNTABLEMESSY,,Tavern Table (Messy),酒場のテーブル（散らかった）,Tavernentisch (Unordentlich),Table de Taverne (En Désordre),Mesa de Taberna (Desordenada),Mesa de Taverna (Bagunçada),Трактирный стол (грязный),Tavolo della Taverna (Disordinato),酒館桌子（凌亂）,酒馆桌子（杂乱）,선술집 테이블 (지저분한),Stół Karczemny (Zabałaganiony),Тавернський стіл (Брудний),Herbergtafel (Rommelig),Meyhane Masası (Dağınık)
L_DEC_TAVERNTABLEDISGUSTING,,Tavern Table (Disgusting),酒場のテーブル（不潔）,Tavernentisch (Ekelhaft),Table de Taverne (Dégoûtante),Mesa de Taberna (Asquerosa),Mesa de Taverna (Nojenta),Трактирный стол (Отвратительный),Tavolo della Taverna (Disgustoso),酒館桌子（噁心的）,酒馆桌子（脏乱）,선술집 테이블 (역겨운),Stół w Karczmie (Obrzydliwy),Трактирний стіл (Огидний),Herbergtafel (Smerig),Meyhane Masası (İğrenç)
L_DEC_REFINERY,,Refinery,精製所,Raffinerie,Raffinerie,Refinería,Refinaria,Нефтеперерабатывающий завод,Raffineria,精煉廠,精炼机,정제소,Rafineria,Нафтопереробний завод,Raffinaderij,Rafineri
L_DEC_ARENA,,Arena,アリーナ,Arena,Arène,Arena,Arena,Арена,Arena,競技場,竞技场,투기장,Arena,Арена,Arena,Arena
L_DEC_GOBLETOFTRIALS,,Goblet of Trials,ゴブレット・オブ・トライアルズ,Kelch der Prüfungen,Coupe des Épreuves,Cáliz de Pruebas,Cálice de Provações,Кубок Испытаний,Calice delle Prove,試煉之杯,试炼之杯,시련의 성배,Kielich Prób,Келих Випробувань,Kelk der Beproevingen,Sınavlar Kadehi
L_DEC_GATEOFTHEGODS,,Gate of the Gods,神々の門,Tor der Götter,Porte des Dieux,Puerta de los Dioses,Portão dos Deuses,Врата Богов,Porta degli Dei,神之門,众神之门,신들의 문,Brama Bogów,Брама Богів,Poort van de Goden,Tanrıların Kapısı
L_DEC_WILLOFTHEGODS,,Will of the Gods,神々の意志,Wille der Götter,Volonté des Dieux,Voluntad de los Dioses,Vontade dos Deuses,Воля Богов,Volontà degli Dei,神明的意志,众神之意志,신들의 의지,Wola Bogów,Воля Богів,Wil der Goden,Tanrıların İradesi
L_DEC_RELIQUARY,,Reliquary,聖遺物庫,Reliquiar,Reliquaire,Relicario,Relicário,Реликварий,Reliquiario,聖物室,圣物库,유물함,Relikwiarz,Реліквія,Reliekschrijn,Kutsal Emanetler
L_DEC_ARCANEVAULT,,Arcane Vault,アーケイン・ヴォールト,Arkane Kammer,Voûte Arcanique,Bóveda Arcana,Cofre Arcano,Тайное Хранилище,Cripta Arcana,奧術寶庫,奥术宝库,비전 금고,Mistyczna Skarbnica,Магічне Сховище,Arcane Kluis,Büyülü Kasa
L_DEC_TELEPORTATIONSHRINE,,Teleportation Shrine,テレポーテーションの祠,Teleportationsschrein,Sanctuaire de Téléportation,Santuario de Teletransporte,Santuário de Teleporte,Святыня телепортации,Santuario del Teletrasporto,傳送神殿,传送神龛,순간이동 신단,Kapliczka Teleportacji,Святиня Телепортації,Teleportatiealtaar,Işınlanma Tapınağı
L_DEC_MENAGERIE,,Menagerie,メナジェリー,Menagerie,Ménagerie,Colección,Menagerie,Зверинец,Serraglio,動物園,生物栏,동물원,Menażeria,Звіринець,Menagerie,Menajeri
L_DEC_FUSIONLAB,,Fusion Lab,フュージョンラボ,Fusionslabor,Laboratoire de Fusion,Laboratorio de Fusión,Laboratório de Fusão,Лаборатория Слияния,Laboratorio di Fusione,融合實驗室,融合站,융합 연구소,Laboratorium Fuzji,Лабораторія Злиття,Fusielaboratorium,Füzyon Laboratuvarı
L_DEC_WARDROBE,,Wardrobe,衣装棚,Garderobe,Garde-robe,Guardarropa,Guarda-roupa,Гардероб,Guardaroba,衣櫃,衣柜,옷장,Garderoba,Гардероб,Garderobe,Gardırop
L_DEC_GAMBLINGDWARFSLOTMACHINE,,Gambling Dwarf (Slot Machine),ギャンブル・ドワーフ（スロットマシン）,Glücksspiel-Zwerg (Spielautomat),Nain Joueur (Machine à Sous),Enano Apostador (Máquina Tragamonedas),Anão Apostador (Caça-níquel),Игровой Гном (Игровой Автомат),Nano Giocatore d'Azzardo (Slot Machine),賭博矮人（老虎機）,赌博矮人（老虎机）,도박하는 드워프 (슬롯머신),Hazardujący Krasnolud (Automat Losujący),Гральний Гном (Ігровий Автомат),Gokdwerg (Gokautomaat),Kumar Oynayan Cüce (Slot Makinesi)
L_DEC_GAMBLINGDWARFKENO,,Gambling Dwarf (Keno),ギャンブル好きのドワーフ（ケノ）,Glücksspiel-Zwerg (Keno),Nain Joueur (Keno),Enano Apostador (Keno),Anão Apostador (Keno),Азартный Гном (Кено),Nano Giocatore d'Azzardo (Keno),賭博矮人（基諾）,赌博矮人（基诺）,도박하는 드워프 (케노),Hazardujący Krasnolud (Keno),Гральний Гном (Кено),Gokdwerg (Keno),Kumar Oynayan Cüce (Keno)
L_DEC_GAMBLINGDWARFBOARDGAME,,Gambling Dwarf (Board Game),ギャンブル好きなドワーフ（ボードゲーム）,Glücksspiel-Zwerg (Brettspiel),Nain Joueur (Jeu de Plateau),Enano Apostador (Juego de Mesa),Anão Apostador (Jogo de Tabuleiro),Игральный Гном (Настольная Игра),Nano Giocatore d'Azzardo (Gioco da Tavolo),賭博矮人（桌遊）,赌博矮人（桌游）,도박하는 드워프 (보드게임),Hazardujący Krasnolud (Gra Planszowa),Гральний Гном (Настільна Гра),Gokdwerg (Bordspel),Kumar Oynayan Cüce (Masa Oyunu)
L_DEC_GAMBLINGDWARFSCRATCHCARD,,Gambling Dwarf (Scratch Card),ギャンブル好きなドワーフ（スクラッチカード）,Glücksspiel-Zwerg (Rubbellos),Nain Joueur (Carte à Gratter),Enano Apostador (Tarjeta de Rasca),Anão Apostador (Raspadinha),Игральный Гном (Лотерейный Билет),Nano Giocatore d'Azzardo (Gratta e Vinci),賭博矮人（刮刮卡）,赌博矮人（刮刮乐）,도박하는 드워프 (스크래치 카드),Hazardujący Krasnolud (Zdrapka),Гральний Гном (Лотерейний Квиток),Gokdwerg (Kraskaart),Kumar Oynayan Cüce (Kazı Kazan)
L_DEC_TRIBUTETOTENEBRIS,,Tribute to Tenebris,テネブリスへの献辞,Tribut an Tenebris,Hommage à Tenebris,Tributo a Tenebris,Tributo a Tenebris,Дань Тенебрису,Tributo a Tenebris,向闇黑致敬,特内布里斯的进贡祭坛,테네브리스에게 바치는 헌사,Hołd dla Tenebris,Данина Тенебрісу,Eerbetoon aan Tenebris,Tenebris'e Saygı
L_DEC_TENEBRIS'BANNER,,Tenebris' Banner,テネブリスの旗,Tenebris' Banner,Étendard de Tenebris,Estandarte de Tenebris,Estandarte de Tenebris,Знамя Тенебриса,Vessillo di Tenebris,特涅布里斯的旗幟,特内布里斯的旗帜,테네브리스의 깃발,Sztandar Tenebris,Знамено Тенебріса,Banier van Tenebris,Tenebris'in Sancağı
L_DEC_TENEBRIS'BIGRUG,,Tenebris' Big Rug,テネブリスの大きな絨毯,Tenebris' großer Teppich,Tapis Géant de Tenebris,Alfombra Grande de Tenebris,Tapete Grande de Tenebris,Большой Ковер Тенебриса,Tappeto Grande di Tenebris,特涅布里斯的大地毯,特内布里斯的大地毯,테네브리스의 큰 러그,Wielki Dywan Tenebrisa,Великий Килим Тенебріса,Tenebris' Grote Tapijt,Tenebris'in Büyük Halısı
L_DEC_TENEBRIS'BRAZIER,,Tenebris' Brazier,テネブリスの火鉢,Tenebris' Kohlenbecken,Brasier de Tenebris,Brasero de Tenebris,Braseiro de Tenebris,Жаровня Тенебриса,Braciere di Tenebris,特涅布里斯的火盆,特内布里斯的火盆,테네브리스의 화로,Kadzielnica Tenebris,Жаровня Тенебріса,Vuurbekken van Tenebris,Tenebris'in Mangalı
L_DEC_TENEBRIS'CHAIR,,Tenebris' Chair,テネブリスの椅子,Tenebris' Stuhl,Chaise de Tenebris,Silla de Tenebris,Cadeira de Tenebris,Кресло Тенебриса,Seggio di Tenebris,特涅布里斯之椅,特内布里斯的椅子,테네브리스의 의자,Krzesło Tenebrisa,Крісло Тенебріса,Tenebris' Stoel,Tenebris'in Sandalyesi
L_DEC_TENEBRIS'PILLARGREEN,,Tenebris' Pillar (Green),テネブリスの柱（緑）,Säule der Finsternis (Grün),Pilier de Ténébris (Vert),Pilar de Tenebris (Verde),Pilar de Tenebris (Verde),Столп Тенебриса (Зелёный),Pilastro di Tenebris (Verde),闇黑之柱（綠）,特内布里斯的柱子（绿）,테네브리스의 기둥 (초록),Filar Tenebris (Zielony),Стовп Тенебріса (Зелений),Zuil van Tenebris (Groen),Tenebris'in Sütunu (Yeşil)
L_DEC_TENEBRIS'PILLARPURPLE,,Tenebris' Pillar (Purple),テネブリスの柱（紫）,Säule der Finsternis (Lila),Pilier de Ténébris (Violet),Pilar de Tenebris (Púrpura),Pilar de Tenebris (Roxo),Столп Тенебриса (Фиолетовый),Pilastro di Tenebris (Viola),闇黑之柱（紫）,特内布里斯的柱子（紫）,테네브리스의 기둥 (보라색),Filar Tenebris (Fioletowy),Стовп Тенебріса (Фіолетовий),Zuil van Tenebris (Paars),Tenebris'in Sütunu (Mor)
L_DEC_TENEBRIS'LONGRUG,,Tenebris' Long Rug,テネブリスの長い絨毯,Tenebris' Langer Teppich,Tapis Long de Tenebris,Alfombra Larga de Tenebris,Tapete Comprido de Tenebris,Длинный ковер Тенебриса,Tappeto Lungo di Tenebris,特涅布里斯的長地毯,特内布里斯的长地毯,테네브리스의 긴 러그,Długi Dywan Tenebris,Довгий килим Тенебріса,Tenebris' Lange Tapijt,Tenebris'in Uzun Halısı
L_DEC_APOCRYPHA,,Apocrypha,アポクリファ,Apokrypha,Apocryphe,Apócrifo,Apócrifo,Апокриф,Apocriffa,啟示錄,外典,아포크리파,Apokryf,Апокриф,Apocrypha,Apokrif
L_DEC_ABYSS,,Abyss,アビス,Abgrund,Abîme,Abismo,Abismo,Бездна,Abisso,深淵,深渊,심연,Otchłań,Безодня,Afgrond,Uçurum
L_DEC_CREEPINGSEEKER,,Creeping Seeker,忍び寄る探索者,Schleichender Sucher,Chercheur Rampant,Buscador Sigiloso,Buscador Rastejante,Крадущийся Искатель,Cercatore Strisciante,潛行探索者,潜寻者,잠행하는 탐색자,Skradający się Poszukiwacz,Повзучий Шукач,Sluipende Zoeker,Sürünen Arayıcı
L_DEC_ELDRITCHROOT,,Eldritch Root,エルドリッチルート,Eldrische Wurzel,Racine Occulte,Raíz Arcana,Raiz Arcana,Корень Древних,Radice Arcana,魔能之根,异能之根,신비한 뿌리,Pradawny Korzeń,Коріння Ельдрича,Mystieke Wortel,Esrarengiz Kök
L_DEC_VOIDCAPS,,Voidcaps,ヴォイドキャップ,Leerenpilze,Champignons du néant,Sombreros del Vacío,Cogumelos do Vazio,Пустотные грибы,Cappevuoto,虛空菇,虚空菇,공허버섯,Pustogrzybki,Пустоковпаки,Leegtezwammen,Boşluk Mantarları
L_DEC_CORRUPTEDGREATROOT,,Corrupted Greatroot,腐敗した大樹根,Verderbte Großwurzel,Racine Majeure Corrompue,Raíz Mayor Corrompida,Raiz Magna Corrompida,Искаженный Великокорень,Radice Maggiore Corrotta,腐化巨根,腐化巨根,타락한 대뿌리,Skażony Wielkokorzeń,Спотворений Великокорінь,Verdorven Grootwortel,Yozlaşmış Büyükkök
L_DEC_WARLOCK'SWOE,,Warlock's Woe,ウォーロックの災い,Hexenmeisterleid,Tourment du Démoniste,Aflicción del Brujo,Tormento do Bruxo,Скорбь Чернокнижника,Tormento del Warlock,術士之禍,邪术师之殇,흑마법사의 비애,Niedola Czarnoksiężnika,Горе Чаклуна,Kwelling van de Warlock,Büyücünün Kederi
L_DEC_BANISHEDANDCHAINED,,Banished and Chained,追放され鎖につながれし者,Verbannt und Gekettet,Banni et Enchaîné,Desterrado y Encadenado,Banido e Acorrentado,Изгнанный и Скованный,Bandito e Incatenato,放逐與鎖鏈,放逐与束缚,추방되고 사슬에 묶인,Wygnany i Skuty,Вигнаний та Закутий,Verbannen en Geketend,Sürgün ve Zincirli
L_DEC_TENEBRIS'TABLE,,Tenebris' Table,テネブリスの卓,Translator: Tenebris' Tafel,Table de Tenebris,Mesa de Tenebris,Mesa de Tenebris,Стол Тенебриса,Tavolo di Tenebris,特涅布里斯之桌,特内布里斯的桌子,테네브리스의 탁자,Stół Tenebrisa,Стіл Тенебріса,Tafel van Tenebris,Tenebris'in Masası
L_DEC_TENEBRIS'THRONE,,Tenebris' Throne,テネブリスの玉座,Tenebris' Thron,Trône de Tenebris,Trono de Tenebris,Trono de Tenebris,Трон Тенебриса,Trono di Tenebris,闇黑王座,特内布里斯的王座,테네브리스의 왕좌,Tron Tenebris,Трон Тенебріса,Troon van Tenebris,Tenebris'in Tahtı
L_DEC_TRIBUTETOTORUN,,Tribute to Torun,トルンへの献辞,Tribut an Torun,Hommage à Torun,Tributo a Torun,Tributo a Torun,Дань Торуну,Tributo a Torun,致敬托倫,托伦的进贡祭坛,토룬에게 바치는 헌사,Hołd dla Torunia,Данина Торуну,Eerbetoon aan Torun,Torun'a Saygı
L_DEC_TORUN'SBANNER,,Torun's Banner,トルンの旗,Toruns Banner,Bannière de Torun,Estandarte de Torun,Estandarte de Torun,Знамя Торуна,Vessillo di Torun,托倫的旗幟,托伦的旗帜,토룬의 깃발,Sztandar Torunia,Знамено Торуна,Banier van Torun,Torun'un Sancağı
L_DEC_TORUN'SBIGRUG,,Torun's Big Rug,トルンの大きな絨毯,Toruns großer Teppich,Le Grand Tapis de Torun,Alfombra Grande de Torun,Tapete Grande de Torun,Большой ковёр Торуна,Il Grande Tappeto di Torun,托倫的大地毯,托伦的大地毯,토룬의 큰 러그,Wielki Dywan Toruna,Великий Килим Торуна,Toruns Grote Tapijt,Torun'un Büyük Halısı
L_DEC_TORUN'STORCH,,Torun's Torch,トルンの松明,Toruns Fackel,Torche de Torun,Antorcha de Torun,Tocha de Torun,Факел Торуна,Torcia di Torun,托倫的火炬,托伦的火炬,토룬의 횃불,Pochodnia Toruna,Смолоскип Торуна,Torun's Fakkel,Torun'un Meşalesi
L_DEC_TORUN'SCHAIR,,Torun's Chair,トルンの椅子,Toruns Stuhl,Chaise de Torun,Silla de Torun,Cadeira de Torun,Кресло Торуна,Sedia di Torun,托倫之椅,托伦的椅子,토룬의 의자,Krzesło Toruna,Крісло Торуна,Torun's Stoel,Torun'un Sandalyesi
L_DEC_TORUN'SPILLAR,,Torun's Pillar,トゥルンの柱,Toruns Säule,Pilier de Torun,Pilar de Torun,Pilar de Torun,Столп Торуна,Pilastro di Torun,托倫之柱,托伦的柱子,토룬의 기둥,Filar Toruna,Стовп Торуна,Toruns Pilaar,Torun'un Sütunu
L_DEC_TORUN'SLONGRUG,,Torun's Long Rug,トルンの長い絨毯,Toruns langer Teppich,Tapis Long de Torun,Alfombra Larga de Torun,Tapete Comprido de Torun,Длинный ковёр Торуна,Tappeto Lungo di Torun,托倫的長地毯,托伦的长地毯,토룬의 긴 러그,Długi Dywan Toruna,Довгий килим Торуна,Torun's Lange Tapijt,Torun'un Uzun Halısı
L_DEC_THEBEST!@#$INGPAINTING,,THE BEST !@#$ING PAINTING,最高の絵画だ！,DAS BESTE !@#$ING GEMÄLDE,LA MEILLEURE P@#$AIN DE PEINTURE,EL MEJOR MALDITO CUADRO,A MELHOR PINTURA !@#$,ЛУЧШАЯ !@#$ОВАЯ КАРТИНА,IL MIGLIOR DIPINTO DEL CA##O,最棒的 !@#$ING 畫作,最棒的@#$画作,최고의 !@#$인 그림,NAJLEPSZY !@#$OWY OBRAZ,НАЙКРАЩА !@#$ОВА КАРТИНА,HET BESTE K@#$ENDE SCHILDERIJ,EN İYİ S!@#$ TABLO
L_DEC_DEEPINTHEJUNGLE,,Deep in the Jungle,ジャングルの奥深く,Tief im Dschungel,Au cœur de la jungle,En lo profundo de la jungla,Nas Profundezas da Selva,Глубоко в джунглях,Nel Profondo della Giungla,叢林深處,丛林深处,정글 깊은 곳,Głęboko w Dżungli,Глибоко в джунглях,Diep in de Jungle,Ormanın Derinliklerinde
L_DEC_FEELGOODS,,Feel Goods,気分爽快,Wohlfühlwaren,Bien-être,Bienestar,Bem-Estar,Чувствуй Хорошо,Benessere,感覺良好,感觉良好,기분 좋아지는 물건,Dobre Samopoczucie,Відчуй Добро,Voel Goed,Keyif Malları
L_DEC_SNAPTRAP,,Snaptrap,スナップトラップ,Schnappfalle,Piège-éclair,Cepo,Armadilha,Ловушка,Trappola,捕捉陷阱,捕噬草,스냅트랩,Potrzask,Капкан,Klemval,Kapantuzak
L_DEC_UNFUNGUS,,Unfungus,アンファンガス,Unfungus,Déchampignon,Deshongo,Desfungo,Антигриб,Defungo,去菌,去真菌,언펀구스,Odgrzybiacz,Незгриб,Ontschimmel,Mantarsız
L_DEC_RICHMAHOGANY,,Rich Mahogany,マホガニー,Edle Mahagoni,Acajou Précieux,Caoba Rica,Mogno Rico,Богатый красный дуб,Mogano Pregiato,豪華桃花心木,红木,고급 마호가니,Szlachetny Mahoń,Багате червоне дерево,Rijk Mahonie,Zengin Maun
L_DEC_POWERFLOWERS,,Power Flowers,パワーフラワー,Kraftblumen,Fleurs de Puissance,Flores de Poder,Flores de Poder,Силовые Цветы,Fiori del Potere,力量花朵,能量之花,파워 플라워,Kwiaty Mocy,Квіти Сили,Krachtige Bloemen,Güç Çiçekleri
L_DEC_!@#$YOU,,!@#$ YOU,!@#$ YOU,!@#$ DU,!@#$ TOI,!@#$ TÚ,!@#$ VOCÊ,!@#$ ТЫ,!@#$ TU,!@#$ 你,!@#$你,!@#$ 당신,!@#$ TY,!@#$ ТИ,!@#$ JOU,!@#$ SENİ
L_DEC_!@#$TYREPLICA,,!@#$TY REPLICA,!@#$TY レプリカ,!@#$TY REPLIK,!@#$TY RÉPLIQUE,!@#$TY RÉPLICA,!@#$TY RÉPLICA,!@#$TY РЕПЛИКА,!@#$TY REPLICA,!@#$TY 複製品,!@#$TY复制品,!@#$TY 복제품,!@#$TY REPLIKA,!@#$TY РЕПЛІКА,!@#$TY REPLICA,!@#$TY KOPYA
L_DEC_TORUN'STABLE,,Torun's Table,トルンの食卓,Toruns Tafel,La Table de Torun,Mesa de Torun,Mesa de Torun,Стол Торуна,La Tavola di Torun,托倫的餐桌,托伦的桌子,토룬의 식탁,Stół Toruna,Стіл Торуна,Toruns Tafel,Torun'un Masası
L_DEC_TORUN'STHRONE,,Torun's Throne,トゥルンの玉座,Toruns Thron,Trône de Torun,Trono de Torun,Trono de Torun,Трон Торуна,Trono di Torun,托倫的王座,托伦的王座,토룬의 왕좌,Tron Toruna,Трон Торуна,Torun's Troon,Torun'un Tahtı
L_DEC_PORTALBLUE,,Portal (Blue),ポータル（青）,Portal (Blau),Portail (Bleu),Portal (Azul),Portal (Azul),Портал (Синий),Portale (Blu),傳送門（藍）,传送门（蓝）,포탈 (파랑),Portal (Niebieski),Портал (Синій),Portaal (Blauw),Portal (Mavi)
L_DEC_PORTALGREEN,,Portal (Green),ポータル（緑）,Portal (Grün),Portail (Vert),Portal (Verde),Portal (Verde),Портал (Зелёный),Portale (Verde),傳送門（綠）,传送门（绿）,포탈 (초록),Portal (Zielony),Портал (Зелений),Portaal (Groen),Portal (Yeşil)
L_DEC_PORTALPURPLE,,Portal (Purple),ポータル（紫）,Portal (Lila),Portail (Violet),Portal (Púrpura),Portal (Roxo),Портал (Фиолетовый),Portale (Viola),傳送門（紫色）,传送门（紫）,포탈 (보라색),Portal (Fioletowy),Портал (Фіолетовий),Portaal (Paars),Portal (Mor)
L_DEC_PORTALRED,,Portal (Red),ポータル（赤）,Portal (Rot),Portail (Rouge),Portal (Rojo),Portal (Vermelho),Портал (Красный),Portale (Rosso),傳送門（紅）,传送门（红）,포탈 (빨강),Portal (Czerwony),Портал (Червоний),Portaal (Rood),Portal (Kırmızı)
L_DEC_PORTALYELLOW,,Portal (Yellow),ポータル（黄）,Portal (Gelb),Portail (Jaune),Portal (Amarillo),Portal (Amarelo),Портал (Жёлтый),Portale (Giallo),傳送門（黃色）,传送门（黄）,포탈 (노란색),Portal (Żółty),Портал (Жовтий),Portaal (Geel),Portal (Sarı)
L_DEC_TRIBUTETOVENEDON,,Tribute to Venedon,ヴェネドンへの献辞,Tribut an Venedon,Hommage à Venedon,Tributo a Venedon,Tributo a Venedon,Дань Венедону,Tributo a Venedon,向維尼頓致敬,维内多的进贡祭坛,베네돈에게 바치는 헌사,Hołd dla Venedon,Данина Венедону,Eerbetoon aan Venedon,Venedon'a Saygı
L_DEC_VENEDON'SBANNER,,Venedon's Banner,ヴェネドンの旗,Venedons Banner,Bannière de Venedon,Estandarte de Venedon,Estandarte de Venedon,Знамя Венедона,Vessillo di Venedon,維尼頓之旗,维内多的旗帜,베네돈의 깃발,Sztandar Venedona,Знамено Венедона,Venedon's Banier,Venedon'un Sancağı
L_DEC_VENEDON'SBIGRUG,,Venedon's Big Rug,ヴェネドンの大きな絨毯,Venedons großer Teppich,Tapis Géant de Venedon,Alfombra Grande de Venedon,Tapete Grande de Venedon,Большой Ковер Венедона,Tappeto Grande di Venedon,維尼頓的大地毯,维内多的大地毯,베네돈의 큰 러그,Wielki Dywan Venedona,Великий Килим Венедона,Venedon's Grote Tapijt,Venedon'un Büyük Halısı
L_DEC_VENEDON'SFLASHER,,Venedon's Flasher,ヴェネドンのフラッシャー,Venedons Blitzer,Éclair de Venedon,Destello de Venedon,Lampejador de Venedon,Вспышка Венедона,Lampeggiatore di Venedon,維尼頓的閃光器,维内多的闪光装置,베네돈의 플래셔,Błyskacz Venedona,Спалах Венедона,Venedon's Flitser,Venedon'un Parlatıcısı
L_DEC_VENEDON'SCHAIR,,Venedon's Chair,ヴェネドンの椅子,Venedons Stuhl,Chaise de Venedon,Silla de Venedon,Cadeira de Venedon,Кресло Венедона,Sedia di Venedon,維尼頓之椅,维内多的椅子,베네돈의 의자,Krzesło Venedona,Крісло Венедона,Venedon's Stoel,Venedon'un Sandalyesi
L_DEC_VENEDON'SPILLAR,,Venedon's Pillar,ヴェネドンの柱,Venedons Säule,Pilier de Venedon,Pilar de Venedon,Pilar de Venedon,Столп Венедона,Pilastro di Venedon,維尼頓之柱,维内多的柱子,베네돈의 기둥,Filar Venedona,Колона Венедона,Venedon's Pillar,Venedon'un Sütunu
L_DEC_VENEDON'SLONGRUG,,Venedon's Long Rug,ヴェネドンの長い絨毯,Venedons langer Teppich,Tapis Long de Venedon,Alfombra Larga de Venedon,Tapete Comprido de Venedon,Длинный ковер Венедона,Tappeto Lungo di Venedon,維尼頓的長地毯,维内多的长地毯,베네돈의 긴 러그,Długi Dywan Venedona,Довгий килим Венедона,Venedon's Lange Tapijt,Venedon'un Uzun Halısı
L_DEC_CONTAINMENT,,Containment,封じ込め,Eindämmung,Confinement,Contención,Contenção,Сдерживание,Contenimento,收容,控制,봉쇄,Powstrzymanie,Стримування,Insluiting,Muhafaza
L_DEC_SEARCHLIGHTS,,Search Lights,サーチライト,Suchscheinwerfer,Projecteurs,Luces de Búsqueda,Holofotes,Прожекторы,Luci di Ricerca,探照燈,探照灯,탐색등,Reflektory,Прожектори,Zoeklichten,Arama Işıkları
L_DEC_MUTANTMANTRAP,,Mutant Mantrap,ミュータントマントラップ,Mutanten-Fallgrube,Piège Mutant,Trampa Mutante,Armadilha Mutante,Мутировавшая Ловушка,Trappola Mutante,變異捕蠅夾,变异捕人草,돌연변이 맨트랩,Zmutowany Chwytnik,Мутантська Пастка,Mutante Valstrik,Mutant Tuzakbitki
L_DEC_PROTECTEDFOREIGNFLOWER,,Protected Foreign Flower,守られた異国の花,Geschützte Fremdblume,Fleur Étrangère Protégée,Flor Extranjera Protegida,Flor Estrangeira Protegida,Защищённый Иноземный Цветок,Fiore Straniero Protetto,受保護的異國花朵,受保护的外来花卉,보호받는 이국의 꽃,Chroniona Egzotyczna Roślina,Захищена Іноземна Квітка,Beschermde Uitheemse Bloem,Korunan Yabancı Çiçek
L_DEC_SLUDGELASHER,,Sludge Lasher,スラッジ・ラッシャー,Schlammpeitscher,Fouetteur de Vase,Azotador de Cieno,Açoitador de Lodo,Хлыст из Слизи,Sferzatore di Melma,泥漿鞭笞者,污泥鞭笞者,슬러지 채찍꾼,Smagnięcie Szlamem,Слизовий Батіжник,Slijmzweep,Çamur Kırbacı
L_DEC_RADIOACTIVEREACHERS,,Radioactive Reachers,放射能リーチャー,Radioaktive Greifer,Faucheurs Radioactifs,Segadores Radiactivos,Ceifadores Radioativos,Радиоактивные Жнецы,Mietitori Radioattivi,輻射掠奪者,辐射触及者,방사능 리처스,Radioaktywni Sięgacze,Радіоактивні Жнеці,Radioactieve Grijpers,Radyoaktif Uzananlar
L_DEC_TOXXES,,Toxxes,トクセス,Toxxes,Toxxes,Toxxes,Toxxes,Токсес,Toxxes,托克斯,毒,톡세스,Toxxes,Токсес,Toxxes,Toxxes
L_DEC_DANGEROUSEXPERIMENT,,Dangerous Experiment,危険な実験,Gefährliches Experiment,Expérience Dangereuse,Experimento Peligroso,Experimento Perigoso,Опасный Эксперимент,Esperimento Pericoloso,危險實驗,危险实验,위험한 실험,Niebezpieczny Eksperyment,Небезпечний Експеримент,Gevaarlijk Experiment,Tehlikeli Deney
L_DEC_VENEDON'STABLE,,Venedon's Table,ヴェネドンの卓,Venedons Tafel,Table de Venedon,Mesa de Venedon,Mesa de Venedon,Стол Венедона,Tavolo di Venedon,維尼頓的餐桌,维内多的桌子,베네돈의 탁자,Stół Venedona,Стіл Венедона,Venedon's Tafel,Venedon'un Masası
L_DEC_VENEDON'STHRONE,,Venedon's Throne,ヴェネドンの玉座,Venedons Thron,Trône de Venedon,Trono de Venedon,Trono de Venedon,Трон Венедона,Trono di Venedon,維尼頓之座,维内多的王座,베네돈의 왕좌,Tron Venedona,Трон Венедона,Venedon's Troon,Venedon'un Tahtı
L_DEC_TRIBUTETOVULCANAR,,Tribute to Vulcanar,ヴァルカナーへの献身,Tribut an Vulcanar,Hommage à Vulcanar,Tributo a Vulcanar,Tributo a Vulcanar,Дань Вулканару,Tributo a Vulcanar,向火神維爾卡納致敬,瓦尔卡纳的进贡祭坛,불카나르에게 바치는 공물,Hołd dla Vulcanara,Данина Вулканару,Eerbetoon aan Vulcanar,Vulcanar'a Saygı
L_DEC_VULCANAR'SBANNER,,Vulcanar's Banner,ヴァルカナーの旗印,Vulcanars Banner,Étendard de Vulcanar,Estandarte de Vulcanar,Estandarte de Vulcanar,Знамя Вулканара,Vessillo di Vulcanar,火神之旗,瓦尔卡纳的旗帜,불카나르의 깃발,Sztandar Vulcanara,Знамено Вулканара,Vulcanars Banier,Vulcanar'ın Sancağı
L_DEC_VULCANAR'SBIGRUG,,Vulcanar's Big Rug,ヴァルカナーの大きな絨毯,Vulcanars großer Teppich,Tapis Géant de Vulcanar,Alfombra Grande de Vulcanar,Tapete Grande de Vulcanar,Большой Ковер Вулканара,Tappeto Grande di Vulcanar,火神的大地毯,瓦尔卡纳的大地毯,불카나르의 큰 러그,Wielki Dywan Vulcanara,Великий Килим Вулканара,Vulcanars Grote Tapijt,Vulcanar'ın Büyük Halısı
L_DEC_VULCANAR'SPYRE,,Vulcanar's Pyre,ヴァルカナーの火葬台,Vulcanars Scheiterhaufen,Bûcher de Vulcanar,Pira de Vulcanar,Pira de Vulcanar,Погребальный Костер Вулканара,Pira di Vulcanar,火神之葬火台,瓦尔卡纳的火堆,불카나르의 화장터,Stos Vulcanara,Вогнище Вулканара,Vulcanars Brandstapel,Vulcanar'ın Odun Yığını
L_DEC_VULCANAR'SCHAIR,,Vulcanar's Chair,ヴァルカナーの椅子,Vulcanars Stuhl,Siège de Vulcanar,Silla de Vulcanar,Cadeira de Vulcanar,Кресло Вулканара,Seggio di Vulcanar,火神之椅,瓦尔卡纳的椅子,불카나르의 의자,Krzesło Vulcanara,Крісло Вулканара,Vulcanars Stoel,Vulcanar'ın Sandalyesi
L_DEC_VULCANAR'SPILLARLAVA,,Vulcanar's Pillar (Lava),ヴァルカナーの柱（溶岩）,Vulcanars Säule (Lava),Pilier de Vulcanar (Lave),Pilar de Vulcanar (Lava),Pilar de Vulcanar (Lava),Столп Вулканара (Лава),Pilastro di Vulcanar (Lava),火神之柱（熔岩）,瓦尔卡纳的柱子（熔岩）,불카나르의 기둥 (용암),Filar Vulcanara (Lawa),Стовп Вулканара (Лава),Vulcanars Zuil (Lava),Vulcanar'ın Sütunu (Lav)
L_DEC_VULCANAR'SPILLARROCK,,Vulcanar's Pillar (Rock),ヴァルカナーの柱（岩）,Vulcanars Säule (Gestein),Pilier de Vulcanar (Roche),Pilar de Vulcanar (Roca),Pilar de Vulcanar (Rocha),Столп Вулканара (Камень),Pilastro di Vulcanar (Roccia),火神之柱（岩石）,瓦尔卡纳的柱子（岩石）,불카나르의 기둥 (바위),Filar Vulcanara (Skała),Стовп Вулканара (Скеля),Vulcanars Zuil (Rots),Vulcanar'ın Sütunu (Kaya)
L_DEC_VULCANAR'SLONGRUG,,Vulcanar's Long Rug,ヴァルカナーの長い絨毯,Vulcanars langer Teppich,Tapis Long de Vulcanar,Alfombra Larga de Vulcanar,Tapete Comprido de Vulcanar,Длинный ковер Вулканара,Tappeto Lungo di Vulcanar,火山神的長地毯,瓦尔卡纳的长地毯,불카나르의 긴 러그,Długi Dywan Vulcanara,Довгий килим Вулканара,Vulcanar's Lange Tapijt,Vulcanar'ın Uzun Halısı
L_DEC_LIVINGFLAME,,Living Flame,生きる炎,Lebendige Flamme,Flamme Vivante,Llama Viviente,Chama Viva,Живое Пламя,Fiamma Vivente,活體烈焰,活焰,살아있는 불꽃,Żywy Płomień,Живе Полум'я,Levende Vlam,Yaşayan Alev
L_DEC_INFERNO,,Inferno,インフェルノ,Inferno,Inferno,Inferno,Inferno,Инферно,Inferno,煉獄,炼狱,인페르노,Inferno,Інферно,Inferno,Cehennem
L_DEC_ASHFLOWER,,Ash Flower,灰の花,Aschenblume,Fleur de Cendre,Flor de Ceniza,Flor de Cinzas,Пепельный Цветок,Fiore di Cenere,灰燼花,灰烬之花,잿빛 꽃,Kwiat Popiołu,Попільна Квітка,Asbloemkruid,Kül Çiçeği
L_DEC_FLAREDANCERS,,Flare Dancers,フレアダンサー,Flammtänzer,Danseurs de Flammes,Bailarines de Fuego,Dançarinos de Chamas,Огненные Танцоры,Danzatori di Fiamme,烈焰舞者,烈焰舞者,플레어 댄서,Ogniste Tancerki,Вогняні Танцюристи,Vlammendansers,Alev Dansçıları
L_DEC_ROARINGBLUE,,Roaring Blue,轟く蒼,Brüllendes Blau,Bleu Rugissant,Azul Rugiente,Azul Rugente,Ревущий Синий,Blu Ruggente,咆哮藍,咆哮蓝,포효하는 푸른색,Ryczący Błękit,Ревучий Синій,Bulderend Blauw,Kükreyen Mavi
L_DEC_SHAPEDMAGMA,,Shaped Magma,マグマの形状,Geformtes Magma,Magma Façonné,Magma Moldeada,Magma Moldada,Оформленная Магма,Magma Modellata,塑形熔岩,塑形岩浆,성형된 마그마,Uformowana Magma,Сформована магма,Gevormd Magma,Şekillendirilmiş Magma
L_DEC_SCORCHETTES,,Scorchettes,スコーチェッツ,Scorchettes,Scorchettes,Abrasadoras,Chamuscadoras,Скорчетты,Scorchette,灼燒小隊,灼热,스코체츠,Żarnice,Обпалювачки,Schroeiers,Alevkızlar
L_DEC_FIRESERPENT,,Fire Serpent,炎蛇,Feuerschlange,Serpent de Feu,Serpiente de Fuego,Serpente de Fogo,Огненный Змей,Serpente di Fuoco,火蛇,火蛇,화염 뱀,Ognisty Wąż,Вогняний Змій,Vuurslang,Ateş Yılanı
L_DEC_VULCANAR'STABLE,,Vulcanar's Table,ヴァルカナーの卓,Vulcanars Tafel,Table de Vulcanar,Mesa de Vulcanar,Mesa de Vulcanar,Стол Вулканара,Tavolo di Vulcanar,火神之桌,瓦尔卡纳的桌子,불카나르의 탁자,Stół Vulcanara,Стіл Вулканара,Vulcanars Tafel,Vulcanar'ın Masası
L_DEC_VULCANAR'STHRONE,,Vulcanar's Throne,ヴァルカナーの玉座,Vulcanars Thron,Trône de Vulcanar,Trono de Vulcanar,Trono de Vulcanar,Трон Вулканара,Trono di Vulcanar,火神王座,瓦尔卡纳的王座,불카나르의 왕좌,Tron Vulcanara,Трон Вулканара,Vulcanars Troon,Vulcanar'ın Tahtı
L_DEC_ARENA,,Arena,アリーナ,Arena,Arène,Arena,Arena,Арена,Arena,競技場,竞技场,투기장,Arena,Арена,Arena,Arena
L_DEC_TRIBUTETOZONTE,,Tribute to Zonte,ゾンテへの賛辞,Tribut an Zonte,Hommage à Zonte,Tributo a Zonte,Tributo a Zonte,Дань уважения Зонте,Tributo a Zonte,向宗特致敬,佐特的进贡祭坛,존테에게 바치는 헌사,Hołd dla Zonte,Данина Зонте,Eerbetoon aan Zonte,Zonte'ye Saygı
L_DEC_ZONTE'SBANNER,,Zonte's Banner,ゾンテの旗,Zontes Banner,Bannière de Zonte,Estandarte de Zonte,Estandarte de Zonte,Знамя Зонте,Vessillo di Zonte,宗特的旗幟,佐特的旗帜,존테의 깃발,Sztandar Zonte,Знамено Зонте,Zonte's Banier,Zonte'nin Sancağı
L_DEC_ZONTE'SBIGRUG,,Zonte's Big Rug,ゾンテの大きな絨毯,Zontes großer Teppich,Tapis Géant de Zonte,Alfombra Grande de Zonte,Tapete Grande de Zonte,Большой ковёр Зонте,Tappeto Grande di Zonte,宗特的大地毯,佐特的大地毯,존테의 큰 러그,Wielki Dywan Zonte,Великий Килим Зонте,Zonte's Grote Tapijt,Zonte'nin Büyük Halısı
L_DEC_ZONTE'SCANDELABRA,,Zonte's Candelabra,ゾンテの燭台,Zontes Kandelaber,Candélabre de Zonte,Candelabro de Zonte,Candelabro de Zonte,Канделябр Зонте,Candelabro di Zonte,宗特的燭台,佐特的烛台,존테의 촛대,Kandelabr Zonte,Канделябр Зонте,Zonte's Kandelaar,Zonte'nin Şamdanı
L_DEC_ZONTE'SCHAIR,,Zonte's Chair,ゾンテの椅子,Zontes Stuhl,Chaise de Zonte,Silla de Zonte,Cadeira de Zonte,Стул Зонте,Sedia di Zonte,宗特的椅子,佐特的椅子,존테의 의자,Krzesło Zonte,Крісло Зонте,Zonte's Stoel,Zonte'nin Sandalyesi
L_DEC_ZONTE'SPILLAR,,Zonte's Pillar,ゾンテの柱,Zontes Säule,Pilier de Zonte,Pilar de Zonte,Pilar de Zonte,Столп Зонте,Pilastro di Zonte,宗特之柱,佐特的柱子,존테의 기둥,Filar Zonte,Колона Зонте,Zonte's Pilaar,Zonte'nin Sütunu
L_DEC_ZONTE'SLONGRUG,,Zonte's Long Rug,ゾンテの長い敷物,Zontes langer Teppich,Tapis Long de Zonte,Alfombra Larga de Zonte,Tapete Comprido de Zonte,Длинный ковёр Зонте,Tappeto Lungo di Zonte,宗特的長地毯,佐特的长地毯,존테의 긴 러그,Długi Dywan Zonte,Довгий килим Зонте,Zonte's Lange Tapijt,Zonte'nin Uzun Halısı
L_DEC_MAGICALFASHION,,Magical Fashion,マジカルファッション,Magische Mode,Tenue Magique,Moda Mágica,Moda Mágica,Волшебная Мода,Moda Magica,魔法時裝,魔法时尚,마법의 패션,Magiczna Moda,Магічна Мода,Magische Mode,Büyülü Moda
L_DEC_WINDSOFMAGIC,,Winds of Magic,魔法の風,Winde der Magie,Vents de Magie,Vientos de Magia,Ventos da Magia,Ветра Магии,Venti della Magia,魔法之風,魔法之风,마법의 바람,Wiatry Magii,Вітри Магії,Winden van Magie,Büyü Rüzgarları
L_DEC_GLITTERVINE,,Glittervine,キラツル,Glitzerwein,Vigne scintillante,Enredadera Brillante,Videira Cintilante,Сверкающая лоза,Lianascintillante,閃耀藤,闪光藤蔓,반짝덩굴,Błyszcząca Pnącza,Блискучоліана,Glinsterwingerd,Işıltılı Sarmaşık
L_DEC_MANAPRONGS,,Mana Prongs,マナの突起,Mana-Zinken,Pointes de Mana,Púas de Maná,Espetos de Mana,Шипы Маны,Punte di Mana,魔力尖刺,魔力尖刺,마나 가시,Kolce Many,Шипи Мани,Mana Punten,Mana Çatalları
L_DEC_WIZARDCANES,,Wizardcanes,魔道士の杖,Zauberstäbe,Bâtons de mage,Báculos de mago,Cajados de Mago,Посохи волшебника,Bastoni del Mago,巫師杖,巫师杖,마법사 지팡이,Laski Czarodzieja,Чарівні посохи,Tovenaarsstaffen,Büyücü Asaları
L_DEC_CRYSTALLIZEDMANA,,Crystallized Mana,結晶化したマナ,Kristallisiertes Mana,Mana Cristallisée,Maná Cristalizado,Mana Cristalizada,Кристаллизованная Мана,Mana Cristallizzato,結晶魔力,结晶魔力,결정화된 마나,Skrystalizowana Mana,Кристалізована Мана,Gekristalliseerde Mana,Kristalleşmiş Mana
L_DEC_SHOCKVINES,,Shockvines,ショックバイン,Schockranken,Lianes foudroyantes,Lianas de choque,Vinhas de Choque,Шоковые лозы,Liane Fulminanti,電擊藤,电击藤蔓,충격덩굴,Pnącza Szoku,Шоковиноград,Schokranken,Şok Sarmaşıkları
L_DEC_ARCANEARTIFICE,,Arcane Artifice,秘術の工芸,Arkane Kunstfertigkeit,Artifice Arcanique,Artificio Arcano,Artifício Arcano,Тайное Мастерство,Artificio Arcano,奧術技藝,奥术技艺,비전 기교,Tajemne Kunszty,Таємне Майстерство,Mystieke Kunstgreep,Büyülü Zanaat
L_DEC_ZONTE'STABLE,,Zonte's Table,ゾンテの机,Zontes Tisch,Table de Zonte,Mesa de Zonte,Mesa de Zonte,Стол Зонте,Tavolo di Zonte,宗特的桌子,佐特的桌子,존테의 테이블,Stół Zonte,Стіл Зонте,Zonte's Tafel,Zonte'nin Masası
L_DEC_ZONTE'STHRONE,,Zonte's Throne,ゾンテの玉座,Zontes Thron,Trône de Zonte,Trono de Zonte,Trono de Zonte,Трон Зонте,Trono di Zonte,宗特之座,佐特的王座,존테의 왕좌,Tron Zonte,Трон Зонте,Zonte's Troon,Zonte'nin Tahtı
L_DEC_TRIBUTETOAURUM,,Tribute to Aurum,黄金への賛辞,Tribut an Aurum,Hommage à Aurum,Tributo a Aurum,Tributo a Aurum,Дань Ауруму,Tributo ad Aurum,黃金致敬,奥鲁姆的进贡祭坛,아우룸에게 바치는 헌사,Hołd dla Aurum,Данина Ауруму,Eerbetoon aan Aurum,Aurum'a Saygı
L_DEC_AURUM'SBANNER,,Aurum's Banner,オーラムの旗印,Aurums Banner,Bannière d'Aurum,Estandarte de Aurum,Estandarte de Aurum,Знамя Аурума,Vessillo di Aurum,奧倫的旗幟,奥鲁姆的旗帜,아우룸의 깃발,Sztandar Aurum,Знамено Аурума,Aurums Banier,Aurum'un Sancağı
L_DEC_AURUM'SBIGRUG,,Aurum's Big Rug,オーラムの大きな絨毯,Aurums großer Teppich,Tapis Géant d'Aurum,Alfombra Grande de Aurum,Tapete Grande de Aurum,Большой Ковер Аурума,Tappeto Grande di Aurum,奧倫的大地毯,奥鲁姆的大地毯,아우룸의 큰 러그,Wielki Dywan Aurum,Великий Килим Аурума,Aurums Grote Tapijt,Aurum'un Büyük Halısı
L_DEC_AURUM'SGEMCANDLE,,Aurum's Gem Candle,オーラムの宝石の蝋燭,Aurums Edelsteinkerze,Bougie de Gemme d'Aurum,Vela de Gema de Aurum,Vela de Gema de Aurum,Свеча-самоцвет Аурума,Candela di Gemma di Aurum,奧倫的寶石蠟燭,奥鲁姆的宝石蜡烛,아우룸의 보석 양초,Świeca Klejnotowa Aurum,Свічка з Коштовним Каменем Аурума,Aurum's Edelsteen Kaars,Aurum'un Mücevher Mumu
L_DEC_AURUM'SCHAIR,,Aurum's Chair,オーラムの椅子,Aurums Stuhl,Chaise d'Aurum,Silla de Aurum,Cadeira de Aurum,Кресло Аурума,Sedia di Aurum,奧倫的椅子,奥鲁姆的椅子,아우룸의 의자,Krzesło Aurum,Крісло Аурума,Aurum's Stoel,Aurum'un Sandalyesi
L_DEC_AURUM'SPILLAR,,Aurum's Pillar,オーラムの柱,Aurums Säule,Pilier d'Aurum,Pilar de Aurum,Pilar de Aurum,Столп Аурума,Pilastro di Aurum,奧倫之柱,奥鲁姆的柱子,아우룸의 기둥,Filar Aurum,Колона Аурума,Aurum's Pillar,Aurum'un Sütunu
L_DEC_AURUM'SLONGRUG,,Aurum's Long Rug,オーラムの長い敷物,Aurums langer Teppich,Tapis Long d'Aurum,Alfombra Larga de Aurum,Tapete Comprido de Aurum,Длинный ковёр Аурума,Tappeto Lungo di Aurum,奧倫的長地毯,奥鲁姆的长地毯,아우룸의 긴 러그,Długi Dywan Aurum,Довгий килим Аурума,Aurum's Lange Tapijt,Aurum'un Uzun Halısı
L_DEC_SPLITTINGTHECOLORS,,Splitting the Colors,色分け,Teilung der Farben,Séparation des Couleurs,Separando los Colores,Separando as Cores,Разделение Цветов,Dividere i Colori,分割色彩,分离色彩,색상 분리하기,Rozdzielanie Kolorów,Розділення Кольорів,De Kleuren Splitsen,Renkleri Ayırma
L_DEC_THESHININGONE,,The Shining One,輝く者,Der Strahlende,L'Être Lumineux,El Resplandeciente,O Iluminado,Сияющий,L'Essere Splendente,閃耀者,闪耀者,빛나는 자,Jaśniejący,Сяючий,De Stralende,Parlayan Kişi
L_DEC_CRYSTALROOT,,Crystal Root,クリスタルルート,Kristallwurzel,Racine de Cristal,Raíz de Cristal,Raiz de Cristal,Кристальный Корень,Radice di Cristallo,水晶根莖,水晶根,수정 뿌리,Kryształowy Korzeń,Кришталевий Корінь,Kristalwortel,Kristal Kök
L_DEC_GOLDENGLORY,,Golden Glory,黄金の栄光,Goldener Ruhm,Gloire Dorée,Gloria Dorada,Glória Dourada,Золотая Слава,Gloria Dorata,黃金榮耀,黄金荣耀,황금의 영광,Złota Chwała,Золота Слава,Gouden Glorie,Altın Zafer
L_DEC_SHIMMERINGGEM,,Shimmering Gem,煌めく宝石,Schimmernder Edelstein,Gemme Scintillante,Gema Resplandeciente,Gema Cintilante,Мерцающий самоцвет,Gemma Scintillante,閃爍寶石,闪烁宝石,빛나는 보석,Lśniący Klejnot,Мерехтливий самоцвіт,Glinsterende Edelsteen,Parıldayan Mücevher
L_DEC_MONEYTREE,,Money Tree,マネーツリー,Geldbaum,Arbre à Monnaie,Árbol de Dinero,Árvore do Dinheiro,Денежное Дерево,Albero dei Soldi,搖錢樹,摇钱树,돈나무,Drzewo Pieniędzy,Грошове дерево,Geldboom,Para Ağacı
L_DEC_CRYSTALCOLLECTION,,Crystal Collection,クリスタルコレクション,Kristallsammlung,Collection de Cristaux,Colección de Cristales,Coleção de Cristais,Коллекция кристаллов,Collezione di Cristalli,水晶收藏,水晶收藏,크리스탈 컬렉션,Kolekcja Kryształów,Колекція кристалів,Kristalverzameling,Kristal Koleksiyonu
L_DEC_KING'SBOUNTY,,King's Bounty,キングズ・バウンティ,King's Bounty,King's Bounty,Recompensa del Rey,Recompensa do Rei,King's Bounty,King's Bounty,國王的賞金,国王的恩赐,킹스 바운티,Nagroda Króla,Королівська Винагорода,King's Bounty,Kral'ın Ödülü
L_DEC_AURUM'STABLE,,Aurum's Table,オーラムの机,Aurums Tafel,Table d'Aurum,Mesa de Aurum,Mesa de Aurum,Стол Аурума,Tavolo di Aurum,奧倫的桌子,奥鲁姆的桌子,아우룸의 테이블,Stół Aurum,Стіл Аурума,Tafel van Aurum,Aurum'un Masası
L_DEC_AURUM'STHRONE,,Aurum's Throne,オーラムの玉座,Aurum's Thron,Trône d'Aurum,Trono de Aurum,Trono de Aurum,Трон Аурума,Trono di Aurum,奧倫的王座,奥鲁姆的王座,아우룸의 왕좌,Tron Aurum,Трон Аурума,Aurum's Troon,Aurum'un Tahtı
L_DEC_SUMMONINGBRAZIER,,Summoning Brazier,召喚の火鉢,Beschwörungsbecken,Brasier d'invocation,Brasero de Invocación,Braseiro de Invocação,Жаровня Призыва,Braciere di Evocazione,召喚火盆,召唤火盆,소환 화로,Ołtarz Przyzywania,Жаровня Виклику,Oproepingsvuurpot,Çağırma Mangalı
L_DEC_TRIBUTETOCALIBAN,,Tribute to Caliban,カリバンへの賛辞,Tribut an Caliban,Hommage à Caliban,Tributo a Calibán,Tributo a Caliban,Дань Калибану,Tributo a Caliban,向卡利班致敬,卡利班的进贡祭坛,칼리반에게 바치는 헌사,Hołd dla Calibana,Данина Калібану,Eerbetoon aan Caliban,Caliban'a Saygı
L_DEC_CALIBAN'SBANNER,,Caliban's Banner,カリバンの旗,Calibans Banner,Étendard de Caliban,Estandarte de Calibán,Estandarte de Caliban,Знамя Калибана,Vessillo di Caliban,卡利班的旗幟,卡利班的旗帜,칼리반의 깃발,Sztandar Kalibana,Знамено Калібана,Calibans Banier,Caliban'ın Sancağı
L_DEC_CALIBAN'SBIGRUG,,Caliban's Big Rug,カリバンの大きな絨毯,Calibans großer Teppich,Tapis Géant de Caliban,Alfombra Grande de Calibán,Tapete Grande de Caliban,Большой Ковер Калибана,Tappeto Grande di Caliban,卡利班的大地毯,卡利班的大地毯,칼리반의 큰 러그,Wielki Dywan Calibana,Великий Килим Калібана,Caliban's Grote Tapijt,Caliban'ın Büyük Halısı
L_DEC_CALIBAN'SSOURCE,,Caliban's Source,カリバンの源,Calibans Quelle,Source de Caliban,Fuente de Calibán,Fonte de Caliban,Источник Калибана,Fonte di Caliban,卡利班之源,卡利班之源,칼리반의 원천,Źródło Calibana,Джерело Калібана,Caliban's Bron,Caliban'ın Kaynağı
L_DEC_CALIBAN'SCHAIR,,Caliban's Chair,カリバンの椅子,Calibans Stuhl,Chaise de Caliban,Silla de Calibán,Cadeira de Caliban,Кресло Калибана,Seggio di Calibano,卡利班之椅,卡利班的椅子,칼리반의 의자,Krzesło Kalibana,Крісло Калібана,Calibans Stoel,Caliban'ın Sandalyesi
L_DEC_CALIBAN'SPILLAR,,Caliban's Pillar,カリバンの柱,Calibans Säule,Pilier de Caliban,Pilar de Calibán,Pilar de Caliban,Столп Калибана,Pilastro di Calibano,卡利班之柱,卡利班的柱子,칼리반의 기둥,Filar Kalibana,Стовп Калібана,Calibans Pilaar,Caliban'ın Sütunu
L_DEC_CALIBAN'SLONGRUG,,Caliban's Long Rug,カリバンの長い絨毯,Calibans langer Teppich,Tapis Long de Caliban,Alfombra Larga de Calibán,Tapete Comprido de Caliban,Длинный Ковер Калибана,Lungo Tappeto di Caliban,卡利班的長地毯,卡利班的长地毯,칼리반의 긴 러그,Długi Dywan Calibana,Довгий килим Калібана,Caliban's Lange Tapijt,Caliban'ın Uzun Halısı
L_DEC_THEVENGEFUL,,The Vengeful,復讐者,Der Rachsüchtige,Le Vengeur,El Vengativo,O Vingativo,Мстительный,Il Vendicativo,復仇者,复仇者,복수심에 불타는 자,Mściwy,Мстивий,De Wraakzuchtige,Öç Peşindeki
L_DEC_VOIDSCAPE,,Voidscape,ヴォイドスケープ,Leerenreich,Voidscape,Paisaje del Vacío,Vácuo Dimensional,Пустовселенная,Voidscape,虛空界,虚空视界,공허의 풍경,Pustkowia Nicości,Пустовимір,Leegtelandschap,Boşluk Diyarı
L_DEC_BIZARREPOD,,Bizarre Pod,奇妙なポッド,Bizarrer Pod,Capsule Bizarre,Vaina Extraña,Cápsula Bizarra,Причудливый Кокон,Baccello Bizzarro,奇異莢,奇异豆荚,기묘한 포드,Dziwaczna Kapsuła,Химерний Кокон,Bizarre Capsule,Tuhaf Kapsül
L_DEC_FLUIDFORM,,Fluid Form,流体形態,Flüssige Form,Forme Fluide,Forma Fluida,Forma Fluida,Текучая Форма,Forma Fluida,流體形態,流体形态,유동체 형태,Płynna Forma,Плинна Форма,Vloeibare Vorm,Akışkan Form
L_DEC_NEONLASHERS,,Neon Lashers,ネオンラッシャー,Neon-Peitscher,Fouetteurs Néon,Látigos de Neón,Chicotes de Neon,Неоновые Хлысты,Sferzatori al Neon,霓虹鞭手,霓虹之鞭,네온 채찍꾼,Neonowe Biczowniki,Неонові Батоги,Neon Zweepdragers,Neon Kırbaçlılar
L_DEC_VOIDLAMP,,Void Lamp,虚無のランプ,Leere-Lampe,Lampe du Néant,Lámpara del Vacío,Lâmpada do Vazio,Лампа Пустоты,Lampada del Vuoto,虛空燈,虚空灯,공허의 등불,Lampa Pustki,Лампа Порожнечі,Leegte Lamp,Boşluk Lambası
L_DEC_NIGHTCREEPS,,Nightcreeps,ナイトクリープス,Nachtschleicher,Rôdeurs Nocturnes,Noctámbulos,Rastejantes Noturnos,Ночные твари,Notturni,夜行魔物,夜生花,나이트크립스,Nocne Pełzacze,Нічні примари,Nachtmonsters,Geceyaratıkları
L_DEC_SURVIVOROFTHEVOID,,Survivor of the Void,虚無の生存者,Überlebender der Leere,Survivant du Néant,Superviviente del Vacío,Sobrevivente do Vazio,Выживший Пустоты,Sopravvissuto del Vuoto,虛空倖存者,虚空幸存者,공허의 생존자,Ocalały z Pustki,"Той, хто вижив у Порожнечі",Overlevende van de Leegte,Boşluğun Hayatta Kalanı
L_DEC_CALIBAN'STABLE,,Caliban's Table,カリバンの食卓,Calibans Tafel,Table de Caliban,Mesa de Calibán,Mesa de Caliban,Стол Калибана,Tavola di Calibano,卡利班的餐桌,卡利班的桌子,칼리반의 테이블,Stół Kalibana,Стіл Калібана,Calibans Tafel,Caliban'ın Masası
L_DEC_CALIBAN'STHRONE,,Caliban's Throne,カリバンの玉座,Calibans Thron,Trône de Caliban,Trono de Calibán,Trono de Caliban,Трон Калибана,Trono di Calibano,卡利班之座,卡利班的王座,칼리반의 왕좌,Tron Kalibana,Трон Калібана,Calibans Troon,Caliban'ın Tahtı
L_DEC_ANCIENTCHAOS,,Ancient Chaos,古代の混沌,Uraltes Chaos,Chaos Ancien,Caos Antiguo,Caos Ancestral,Древний Хаос,Caos Antico,遠古混沌,远古混沌,고대의 혼돈,Pradawny Chaos,Прадавній Хаос,Oeroude Chaos,Kadim Kaos
L_DEC_ANCIENTCHAOSSHINY,,Ancient Chaos (Shiny),古代の混沌（シャイニー）,Uraltes Chaos (Glänzend),Chaos Ancien (Brillant),Caos Antiguo (Brillante),Caos Ancestral (Brilhante),Древний Хаос (Блестящий),Caos Antico (Lucente),遠古混沌（閃亮）,远古混沌（闪）,고대의 혼돈 (빛나는),Pradawny Chaos (Błyszczący),Прадавній Хаос (Блискучий),Oeroude Chaos (Glanzend),Kadim Kaos (Parlak)
L_DEC_ESSENCEOFCHAOS,,Essence of Chaos,混沌の精髄,Essenz des Chaos,Essence du Chaos,Esencia del Caos,Essência do Caos,Эссенция Хаоса,Essenza del Caos,混沌精華,混沌精华,혼돈의 정수,Esencja Chaosu,Есенція Хаосу,Essentie van Chaos,Kaos Özü
L_DEC_ESSENCEOFCHAOSSHINY,,Essence of Chaos (Shiny),混沌の精髄（キラキラ）,Essenz des Chaos (Glänzend),Essence du Chaos (Brillante),Esencia del Caos (Brillante),Essência do Caos (Brilhante),Эссенция Хаоса (Блестящая),Essenza del Caos (Lucente),混沌精華（閃亮）,混沌精华（闪）,혼돈의 정수 (빛나는),Esencja Chaosu (Błyszcząca),Есенція Хаосу (Блискуча),Essentie van Chaos (Glanzend),Kaos Özü (Parlak)
L_DEC_TRIBUTEOFCHAOS,,Tribute of Chaos,混沌の貢物,Tribut des Chaos,Tribut du Chaos,Tributo del Caos,Tributo do Caos,Дань Хаоса,Tributo del Caos,混沌貢品,混沌进贡祭坛,혼돈의 공물,Danina Chaosu,Данина Хаосу,Tribuut van Chaos,Kaos Haracı
L_DEC_CHAOSBIGRUG,,Chaos Big Rug,カオスの大きな絨毯,Chaos-Großteppich,Tapis Chaos Géant,Alfombra Grande del Caos,Tapete Grande do Caos,Большой Ковер Хаоса,Tappeto Grande del Caos,混沌大地毯,混沌大地毯,혼돈의 대형 러그,Wielki Dywan Chaosu,Великий Килим Хаосу,Chaos Groot Tapijt,Kaos Büyük Halı
L_DEC_CHAOSCANDLES,,Chaos Candles,カオスキャンドル,Chaoskerzen,Bougies du Chaos,Velas del Caos,Velas do Caos,Свечи Хаоса,Candele del Caos,混沌蠟燭,混沌蜡烛,혼돈의 촛불,Świece Chaosu,Свічки Хаосу,Chaoskaarsen,Kaos Mumları
L_DEC_CHAOSCHAIR,,Chaos Chair,カオスの椅子,Chaosstuhl,Chaise du Chaos,Silla del Caos,Cadeira do Caos,Стул Хаоса,Sedia del Caos,混沌椅,混沌椅子,혼돈의 의자,Krzesło Chaosu,Стілець Хаосу,Chaosstoel,Kaos Sandalyesi
L_DEC_THEWARRIOR,,The Warrior,戦士,Der Krieger,Le Guerrier,El Guerrero,O Guerreiro,Воин,Il Guerriero,戰士,战士,전사,Wojownik,Воїн,De Krijger,Savaşçı
L_DEC_CHAOSCOLUMN,,Chaos Column,カオスコラム,Chaossäule,Colonne du Chaos,Columna del Caos,Coluna do Caos,Колонна Хаоса,Colonna del Caos,混沌之柱,混沌柱子,혼돈의 기둥,Kolumna Chaosu,Колона Хаосу,Chaoszuil,Kaos Sütunu
L_DEC_CHAOSLONGRUG,,Chaos Long Rug,カオスロングラグ,Chaos-Langläufer,Tapis Long du Chaos,Alfombra Larga del Caos,Tapete Longo do Caos,Длинный Ковер Хаоса,Tappeto Lungo del Caos,混沌長地毯,混沌长地毯,혼돈의 긴 러그,Długi Dywan Chaosu,Довгий Килим Хаосу,Chaos Langwerpig Tapijt,Kaos Uzun Halı
L_DEC_THENEWCHAOS,,The New Chaos,新たなる混沌,Das Neue Chaos,Le Nouveau Chaos,El Nuevo Caos,O Novo Caos,Новый Хаос,Il Nuovo Caos,新混沌,新混沌,새로운 혼돈,Nowy Chaos,Новий Хаос,De Nieuwe Chaos,Yeni Kaos
L_DEC_THENEWCHAOSSHINY,,The New Chaos (Shiny),新たなるカオス（シャイニー）,Der Neue Chaos (Glänzend),Le Nouveau Chaos (Brillant),El Nuevo Caos (Brillante),O Novo Caos (Brilhante),Новый Хаос (Блестящий),Il Nuovo Caos (Lucente),新混沌（閃亮）,新混沌（闪）,새로운 혼돈 (반짝이는),Nowy Chaos (Błyszczący),Новий Хаос (Блискучий),De Nieuwe Chaos (Glanzend),Yeni Kaos (Parlak)
L_DEC_BLADEBLOOM,,Bladebloom,ブレイドブルーム,Klingenblüte,Floraison de Lame,Florece de Espada,Florescida de Lâmina,Цветущий Клинок,Fiorlama,刀花綻放,刀刃之花,검꽃,Rozkwit Ostrza,Розквіт Клинка,Zwaardenbloei,Kılıççiçeği
L_DEC_BLOODCREST,,Bloodcrest,ブラッドクレスト,Blutsiegel,Crête-de-Sang,Cresta Sangrienta,Crista Sangrenta,Кровавый Герб,Insegna di Sangue,血冠,血章,블러드크레스트,Krwawy Herb,Кривавий Гребінь,Bloedkruin,Kankrest
L_DEC_BUTCHER'SHOOK,,Butcher's Hook,肉屋の鉤,Metzgerhaken,Crochet du Boucher,Gancho de Carnicero,Gancho do Açougueiro,Мясницкий Крюк,Gancio del Macellaio,屠夫鉤,屠夫之钩,도살자의 갈고리,Rzeźniczy Hak,М'ясницький Гак,Slagerhaak,Kasap Kancası
L_DEC_CHARREDSHRUB,,Charred Shrub,焦げた低木,Verkohlter Strauch,Arbuste Calciné,Arbusto Carbonizado,Arbusto Carbonizado,Обугленный куст,Arbusto Carbonizzato,焦黑灌木,焦黑灌木,그을린 관목,Zwęglony Krzew,Обгоріла Кущ,Verschroeide Struik,Yanık Çalı
L_DEC_FIRECORAL,,Fire Coral,火サンゴ,Feuerkoralle,Corail de Feu,Coral de Fuego,Coral de Fogo,Огненный коралл,Corallo di Fuoco,火珊瑚,火珊瑚,불꽃 산호,Ognisty Koral,Вогняний корал,Vuurkoraal,Ateş Mercanı
L_DEC_CHAOSTABLE,,Chaos Table,カオステーブル,Chaostabelle,Table du Chaos,Tabla de Caos,Tabela do Caos,Таблица Хаоса,Tabella del Caos,混沌表,混沌桌子,혼돈 표,Tabela Chaosu,Таблиця Хаосу,Chaostabel,Kaos Tablosu
L_DEC_CHAOSTHRONE,,Chaos Throne,カオスの玉座,Chaosthron,Trône du Chaos,Trono del Caos,Trono do Caos,Трон Хаоса,Trono del Caos,混沌王座,混沌王座,혼돈의 왕좌,Tron Chaosu,Трон Хаосу,Chaos Troon,Kaos Tahtı
L_DEC_PYROPIPES,,Pyro Pipes,パイロパイプ,Feuerpfeifen,Tuyaux Pyro,Tubos Ígneos,Tubos de Fogo,Огненные Трубы,Tubi Pirici,火焰管,烈焰管道,파이로 파이프,Ogniste Rury,Вогняні Труби,Vuurpijpen,Ateş Boruları
L_DEC_SMOLDERWOOD,,Smolderwood,スモルダーウッド,Glutholz,Bois Ardent,Bosque Humeante,Madeira Fumegante,Тлеющий Лес,Legnobraci,燻木,焦木,연소림,Żarzący Las,Тліюче Дерево,Smeulwoud,Közağacı
L_DEC_TWINSTRANGLER,,Twin Strangler,双絞殺者,Zwillingswürger,Étrangleur Jumeau,Estrangulador Gemelo,Estrangulador Gêmeo,Двойной Душитель,Strangolatore Gemello,雙生絞殺者,双生绞杀者,쌍둥이 교살자,Bliźniaczy Dusiciel,Подвійний Душитель,Tweelingwurger,İkiz Boğucu
L_DEC_BLADEGRASS,,Bladegrass,ブレイドグラス,Klingengras,Herbe-lame,Hierba de hoja,Grama-lâmina,Клинкотрава,Erbafilo,刃草,刀刃之草,칼날풀,Ostrotrawa,Лезотрава,Klingkruid,Kılıçotu
L_DEC_BURNDAISIES,,Burn Daisies,バーン・デイジー,Brennende Gänseblümchen,Brûler les Marguerites,Quemar Margaritas,Queimar Margaridas,Сжечь Ромашки,Brucia Margherite,燃燒雛菊,燃烧雏菊,데이지 불태우기,Płonące Stokrotki,Спалити Ромашки,Verbrand Madeliefjes,Ateş Papatyaları
L_DEC_GOREGAZERS,,Gore Gazers,ゴア・ゲイザー,Blutstarrer,Contemplateurs Sanglants,Contempladores de Sangre,Contempladores de Sangue,Кровожадные Созерцатели,Osservatori di Sangue,血腥凝視者,血腥凝视者,피의 응시자,Krwawe Ślepia,Кровожерні Спостерігачі,Bloedkijkers,Kan Bakışlılar
L_DEC_ANCIENTDEATH,,Ancient Death,古の死,Uralter Tod,Mort Ancienne,Muerte Antigua,Morte Antiga,Древняя Смерть,Morte Antica,遠古之死,远古死亡,고대의 죽음,Starożytna Śmierć,Прадавня Смерть,Oude Dood,Kadim Ölüm
L_DEC_ANCIENTDEATHSHINY,,Ancient Death (Shiny),古代の死（シャイニー）,Uralter Tod (Glänzend),Mort Antique (Brillant),Muerte Antigua (Brillante),Morte Ancestral (Brilhante),Древняя Смерть (Блестящая),Morte Antica (Lucente),遠古之死（閃亮）,远古死亡（闪）,고대의 죽음 (빛나는),Starożytna Śmierć (Błyszcząca),Прадавня Смерть (Блискуча),Oeroude Dood (Glanzend),Kadim Ölüm (Parlak)
L_DEC_ESSENCEOFDEATH,,Essence of Death,死の精髄,Essenz des Todes,Essence de Mort,Esencia de Muerte,Essência da Morte,Эссенция Смерти,Essenza della Morte,死亡精華,死亡精华,죽음의 정수,Esencja Śmierci,Есенція Смерті,Essentie van de Dood,Ölüm Özü
L_DEC_ESSENCEOFDEATHSHINY,,Essence of Death (Shiny),死の精髄（キラキラ）,Essenz des Todes (Glänzend),Essence de Mort (Brillante),Esencia de Muerte (Brillante),Essência da Morte (Brilhante),Эссенция Смерти (Блестящая),Essenza della Morte (Lucente),死亡精華（閃亮）,死亡精华（闪）,죽음의 정수 (빛나는),Esencja Śmierci (Błyszcząca),Есенція Смерті (Блискуча),Essentie van de Dood (Glanzend),Ölüm Özü (Parlak)
L_DEC_TRIBUTEOFDEATH,,Tribute of Death,死の貢物,Tribut des Todes,Tribut de la Mort,Tributo de Muerte,Tributo da Morte,Дань Смерти,Tributo della Morte,死亡貢品,死亡进贡祭坛,죽음의 공물,Danina Śmierci,Данина Смерті,Tribuut van de Dood,Ölüm Haracı
L_DEC_DEATHBIGRUG,,Death Big Rug,デスビッグラグ,Todesgroßteppich,Tapis de la Mort,Alfombra Grande de la Muerte,Tapete Grande da Morte,Большой Ковер Смерти,Tappeto Grande della Morte,死亡大地毯,死亡大地毯,죽음의 큰 러그,Wielki Dywan Śmierci,Великий Килим Смерті,Grote Doodskleed,Ölüm Büyük Halı
L_DEC_DEATHCANDLES,,Death Candles,死の蝋燭,Todeskerzen,Bougies de la Mort,Velas de Muerte,Velas da Morte,Свечи Смерти,Candele della Morte,死亡蠟燭,死亡蜡烛,죽음의 촛불,Świece Śmierci,Свічки Смерті,Doodskaarsen,Ölüm Mumları
L_DEC_DEATHCHAIR,,Death Chair,デスチェア,Todesstuhl,Chaise de la Mort,Silla de la Muerte,Cadeira da Morte,Стул Смерти,Sedia della Morte,死亡椅子,死亡椅子,죽음의 의자,Krzesło Śmierci,Крісло Смерті,Doodsstoel,Ölüm Sandalyesi
L_DEC_THEREAPER,,The Reaper,リーパー,Der Sensenmann,Le Faucheur,El Segador,O Ceifador,Жнец,Il Mietitore,死神,死神,사신,Żniwiarz,Женець,De Doodsengel,Ölüm Meleği
L_DEC_DEATHCOLUMN,,Death Column,デスコラム,Todessäule,Colonne de Mort,Columna de Muerte,Coluna da Morte,Колонна Смерти,Colonna della Morte,死亡之柱,死亡柱子,죽음의 기둥,Kolumna Śmierci,Колона Смерті,Doodszuil,Ölüm Sütunu
L_DEC_DEATHLONGRUG,,Death Long Rug,デスロングラグ,Teppich des langen Todes,Tapis Long de la Mort,Alfombra Larga de la Muerte,Tapete Longo da Morte,Ковер Долгой Смерти,Tappeto Lungo della Morte,死亡長地毯,死亡长地毯,죽음의 긴 러그,Dywan Długiej Śmierci,Килим Довгої Смерті,Doodslange Tapijt,Ölüm Uzun Halı
L_DEC_THENEWDEATH,,The New Death,新たなる死,Der neue Tod,La Nouvelle Mort,La Nueva Muerte,A Nova Morte,Новая Смерть,La Nuova Morte,新死亡,新死亡,새로운 죽음,Nowa Śmierć,Нова Смерть,De Nieuwe Dood,Yeni Ölüm
L_DEC_THENEWDEATHSHINY,,The New Death (Shiny),新たなる死（シャイニー）,Der Neue Tod (Glänzend),La Nouvelle Mort (Brillante),La Nueva Muerte (Brillante),A Nova Morte (Brilhante),Новая Смерть (Блестящая),La Nuova Morte (Lucente),新死亡（閃亮）,新死亡（闪）,새로운 죽음 (반짝이는),Nowa Śmierć (Błyszcząca),Нова Смерть (Блискуча),De Nieuwe Dood (Glanzend),Yeni Ölüm (Parlak)
L_DEC_GHOULFINGERS,,Ghoul Fingers,グールの指,Ghulkrallen,Doigts de Goule,Dedos de Necrófago,Dedos de Carniçal,Пальцы Упыря,Dita di Ghoul,食屍鬼指骨,食尸鬼之指,구울 핑거,Palce Ghula,Пальці гуля,Ghoelvingers,Gulyabani Parmakları
L_DEC_GRAVEBLOOM,,Gravebloom,グレイブブルーム,Grabblüte,Floraison Funèbre,Floretumba,Florescência Tumular,Могильный Цвет,Fioritura Tombale,墓花,墓地之花,묘화,Grobokwiat,Могильний цвіт,Grafbloem,Mezarçiçeği
L_DEC_GRIMPEEKER,,Grimpeeker,グリムピーカー,Grimpeeker,Grimpeeker,Grimpeeker,Olho-sombrio,Гримпикер,Scrutaombre,幽暗窺者,幽暗瞥视者,그림피커,Mrokowidz,Гримпікер,Grimmekijker,Grimpeeker
L_DEC_MEMENTOS,,Mementos,メメントス,Mementos,Mementos,Recuerdos,Mementos,Воспоминания,Mementos,記憶殿堂,纪念品,메멘토스,Pamiątki,Спогади,Mementos,Hatıralar
L_DEC_ROTREED,,Rotreed,ロトリード,Rotreed,Rotreed,Rotreed,Rotreed,Ротрид,Rotreed,羅特里德,腐烂芦苇,로트리드,Rotreed,Ротрід,Rotreed,Rotreed
L_DEC_DEATHTABLE,,Death Table,デステーブル,Todestabelle,Table de la Mort,Tabla de Muerte,Tabela de Morte,Таблица Смерти,Tabella della Morte,死亡表,死亡桌子,죽음의 표,Tabela Śmierci,Таблиця смерті,Doodstabel,Ölüm Tablosu
L_DEC_DEATHTHRONE,,Death Throne,デスの玉座,Todesschrein,Trône de la Mort,Trono de la Muerte,Trono da Morte,Трон Смерти,Trono della Morte,死亡王座,死亡王座,죽음의 왕좌,Tron Śmierci,Трон Смерті,Doodstroon,Ölüm Tahtı
L_DEC_EVILTREE,,Evil Tree,邪悪な木,Böser Baum,Arbre Maléfique,Árbol Maligno,Árvore Maligna,Злое Дерево,Albero Malvagio,邪惡之樹,邪恶之树,사악한 나무,Złe Drzewo,Злісне Дерево,Boze Boom,Kötü Ağaç
L_DEC_GOREWORMS,,Goreworms,ゴアワーム,Gorewürmer,Vers sanglants,Gusanos Sangrientos,Vermes Sangrentos,Кровавые черви,Vermi Sanguinari,血蟲,血蠕虫,고어웜,Krwiopijawki,Кровочерви,Bloedwormen,Kan Kurtları
L_DEC_HUSKCAPS,,Huskcaps,ハスクキャップ,Huskcaps,Écorces,Cáscaras,Cascas de Casulo,Шелухоголовики,Huskcaps,殼蓋菇,带壳菇,껍질모자,Łupinki,Лушпинки,Schilkappen,Kabukbaşlar
L_DEC_BILECAPS,,Bilecaps,ビルキャップ,Bilecaps,Bilecaps,Bilecaps,Bilecaps,Билекапы,Bilecaps,膽菇,胆囊菇,담자리버섯,Bilecaps,Білекепки,Galzwammen,Bilecaps
L_DEC_PUTRIVINE,,Putrivine,プトリヴァイン,Putrivine,Putrivine,Putrivina,Putrivine,Путривин,Putrivine,腐藤,腐藤,푸트리바인,Putrivina,Гнилоліс,Putrivine,Putrivine
L_DEC_TRAITORS'BRIAR,,Traitors' Briar,裏切り者の茨,Verrätergestrüpp,Ronce des Traîtres,Zarzal de Traidores,Espinheiro dos Traidores,Терновник Предателей,Rovo dei Traditori,叛徒荊棘,叛变荆棘,배신자의 가시덤불,Ciernie Zdrajców,Тернина Зрадників,Verraders' Doornstruik,Hainlerin Çalılığı
L_DEC_ANCIENTLIFE,,Ancient Life,古代の生命,Uraltes Leben,Vie Ancienne,Vida Antigua,Vida Antiga,Древняя Жизнь,Vita Antica,遠古生命,远古生命,고대의 생명,Starożytne Życie,Прадавнє Життя,Oeroud Leven,Kadim Yaşam
L_DEC_ANCIENTLIFESHINY,,Ancient Life (Shiny),古代の生命（シャイニー）,Uraltes Leben (Glänzend),Vie Ancienne (Brillante),Vida Antigua (Brillante),Vida Antiga (Brilhante),Древняя Жизнь (Блестящая),Vita Antica (Lucente),遠古生命（閃亮）,远古生命（闪）,고대 생명체 (빛나는),Starożytne Życie (Błyszczące),Прадавнє Життя (Блискуче),Oeroud Leven (Glanzend),Kadim Yaşam (Parlak)
L_DEC_ESSENCEOFLIFE,,Essence of Life,生命の精髄,Essenz des Lebens,Essence de Vie,Esencia de Vida,Essência da Vida,Эссенция Жизни,Essenza della Vita,生命精華,生命精华,생명의 정수,Esencja Życia,Есенція Життя,Essentie van Leven,Yaşam Özü
L_DEC_ESSENCEOFLIFESHINY,,Essence of Life (Shiny),生命の精髄（キラキラ）,Essenz des Lebens (Glänzend),Essence de Vie (Brillante),Esencia de Vida (Brillante),Essência da Vida (Brilhante),Эссенция Жизни (Сияющая),Essenza della Vita (Lucente),生命精華（閃亮）,生命精华（闪）,생명의 정수 (빛나는),Esencja Życia (Błyszcząca),Есенція Життя (Сяюча),Essentie van Leven (Glanzend),Yaşam Özü (Parlak)
L_DEC_TRIBUTEOFLIFE,,Tribute of Life,生命の貢物,Tribut des Lebens,Tribut de Vie,Tributo de Vida,Tributo da Vida,Дань Жизни,Tributo della Vita,生命貢獻,生命进贡祭坛,생명의 공물,Danina Życia,Данина Життя,Tribuut van Leven,Yaşam Haracı
L_DEC_LIFEBIGRUG,,Life Big Rug,ライフビッグラグ,Großer Lebensteppich,Tapis de Vie Grand,Alfombra Grande de Vida,Tapete Grande da Vida,Большой Ковер Жизни,Tappeto Grande Vita,生命大地毯,生命大地毯,생명의 큰 러그,Duży Dywan Życia,Великий килим життя,Groot Levenstapijt,Büyük Yaşam Halısı
L_DEC_LIFECANDLES,,Life Candles,命のロウソク,Lebenskerzen,Bougies de Vie,Velas de Vida,Velas da Vida,Свечи Жизни,Candele della Vita,生命蠟燭,生命蜡烛,생명 양초,Świece Życia,Свічки Життя,Levenskaarsen,Yaşam Mumları
L_DEC_LIFECHAIR,,Life Chair,ライフチェア,Lebensstuhl,Chaise de Vie,Silla de Vida,Cadeira da Vida,Кресло жизни,Sedia della Vita,生命椅,生命椅子,생명의 의자,Krzesło Życia,Крісло життя,Levensstoel,Yaşam Sandalyesi
L_DEC_THEJUDGE,,The Judge,審判者,Der Richter,Le Juge,El Juez,O Juiz,Судья,Il Giudice,法官,判官,심판관,Sędzia,Суддя,De Rechter,Yargıç
L_DEC_LIFECOLUMN,,Life Column,ライフコラム,Lebenssäule,Colonne de vie,Columna de Vida,Coluna de Vida,Колонка жизни,Colonna Vita,生命欄,生命柱子,생명 기둥,Kolumna Życia,Колонка життя,Levenskolom,Yaşam Sütunu
L_DEC_LIFELONGRUG,,Life Long Rug,ライフロングラグ,Lebenslanger Teppich,Tapis Éternel,Alfombra Duradera,Tapete Duradouro,Вечный Ковёр,Tappeto Duraturo,終生地毯,生命长地毯,평생 러그,Wieczny Dywan,Килим на все життя,Levenslang Tapijt,Ömür Boyu Halı
L_DEC_THENEWLIFE,,The New Life,新しい人生,Das neue Leben,La Nouvelle Vie,La Nueva Vida,A Nova Vida,Новая Жизнь,La Nuova Vita,新生活,新生命,새로운 삶,Nowe Życie,Нове життя,Het Nieuwe Leven,Yeni Hayat
L_DEC_THENEWLIFESHINY,,The New Life (Shiny),新しい人生（キラキラ）,Das Neue Leben (Glänzend),La Nouvelle Vie (Brillante),La Nueva Vida (Brillante),A Nova Vida (Brilhante),Новая Жизнь (Сияющая),La Nuova Vita (Lucente),新生活（閃亮）,新生命（闪）,새로운 삶 (반짝이는),Nowe Życie (Błyszczące),Нове Життя (Сяюче),Het Nieuwe Leven (Glanzend),Yeni Hayat (Parlak)
L_DEC_AZUREDREAMER,,Azure Dreamer,蒼夢の者,Azurträumer,Rêveur d'Azur,Soñador Azur,Sonhador Azul,Лазурный Мечтатель,Sognatore Azzurro,蒼藍夢想者,碧蓝梦想者,푸른 몽상가,Błękitny Marzyciel,Лазуровий Мрійник,Azuurdromer,Gök Mavisi Hayalperest
L_DEC_BARRENSGUARD,,Barrens Guard,荒野の衛兵,Wüstenwächter,Garde des Terres Arides,Guardia de los Páramos,Guarda dos Ermos,Страж Пустошей,Guardia delle Lande,荒原守衛,荒地守卫,황무지 경비병,Strażnik Pustkowi,Вартовий Пустищ,Barrensewacht,Çorak Topraklar Muhafızı
L_DEC_MAPLEROSE,,Maple Rose,メイプルローズ,Ahorn-Rose,Érable Rose,Maple Rose,Maple Rose,Мейпл Роуз,Maple Rose,楓薔薇,枫玫瑰,메이플 로즈,Klonowa Róża,Мейпл Роуз,Maple Rose,Maple Rose
L_DEC_MOONSTALK,,Moonstalk,ムーンストーク,Mondstängel,Rayon de Lune,Tallo Lunar,Haste Lunar,Лунный стебель,Raggio Lunare,月莖,月茎,월광줄기,Księżycowy Pień,Місячне стебло,Maanstengel,Aydalkı
L_DEC_PALEWINGS,,Pale Wings,蒼白の翼,Blasse Schwingen,Ailes Pâles,Alas Pálidas,Asas Pálidas,Бледные Крылья,Ali Pallide,蒼白之翼,苍白之翼,창백한 날개,Blade Skrzydła,Бліді Крила,Bleke Vleugels,Soluk Kanatlar
L_DEC_LIFETABLE,,Life Table,ライフテーブル,Lebenstabelle,Table de vie,Tabla de Vida,Tabela de Vida,Таблица жизни,Tabella della Vita,生命表,生命桌子,생명표,Tabela Życia,Таблиця життя,Levenstabel,Yaşam Tablosu
L_DEC_LIFETHRONE,,Life Throne,生命の玉座,Lebensthron,Trône de Vie,Trono de Vida,Trono da Vida,Трон Жизни,Trono della Vita,生命王座,生命王座,생명의 왕좌,Tron Życia,Трон Життя,Levenstroon,Yaşam Tahtı
L_DEC_ASCENDEDARBOR,,Ascended Arbor,昇天の木立,Erhabener Hain,Bosquet Transcendé,Árbol Ascendido,Bosque Ascendido,Вознесенная Роща,Albero Asceso,昇華樹林,升华之树,승천한 수목,Wzniesione Drzewo,Вознесене Древо,Verheven Prieel,Yükselmiş Koru
L_DEC_GOLDWOOD,,Goldwood,ゴールドウッド,Goldholz,Bois d'Or,Bosque Dorado,Bosque Dourado,Голдвуд,Boscodoro,金木林,金木,골드우드,Złoty Las,Золотий ліс,Goudwoud,Altınorman
L_DEC_STARVINE,,Starvine,スターヴァイン,Hungerwein,Vigne Affamée,Viñambre,Videira Faminta,Голодная лоза,Starvine,飢藤,星之藤蔓,기아덩굴,Głodownik,Голодна лоза,Hongerwingerd,Açlıkasması
L_DEC_FAIRYBELLS,,Fairy Bells,フェアリーベル,Feenglöckchen,Clochettes Féeriques,Campanas de Hada,Sinos de Fada,Волшебные Колокольчики,Campanelle Fatate,精靈鈴鐺,仙灵铃铛,요정의 종,Dzwoneczki Wróżek,Чарівні Дзвіночки,Feeënbellen,Peri Çanları
L_DEC_FEYTANGLERS,,Fey Tanglers,フェイ・タングラー,Feenwirrer,Enchevêtreurs Féeriques,Enredadores Feéricos,Emaranhadores Feéricos,Сказочные Путаники,Intralciatori Fatati,妖精纏繞者,仙灵缠绕者,요정 얽힘꾼,Splątacze Fey,Фейські Заплутувачі,Elfachtige Verstrikkers,Peri Dolaştırıcıları
L_DEC_SUNRAYS,,Sunrays,日光,Sonnenstrahlen,Rayons de soleil,Rayos de sol,Raios de Sol,Солнечные лучи,Raggi solari,陽光,阳光,햇살,Promienie słońca,Сонячні промені,Zonnestralen,Güneş Işınları
L_DEC_ANCIENTNATURE,,Ancient Nature,古代の自然,Uralte Natur,Nature Ancienne,Naturaleza Antigua,Natureza Ancestral,Древняя Природа,Natura Antica,遠古自然,远古自然,고대의 자연,Starożytna Natura,Прадавня Природа,Oeroude Natuur,Kadim Doğa
L_DEC_ANCIENTNATURESHINY,,Ancient Nature (Shiny),古代の自然（シャイニー）,Uralte Natur (Glänzend),Nature Ancienne (Brillante),Naturaleza Antigua (Brillante),Natureza Antiga (Brilhante),Древняя Природа (Блестящая),Natura Antica (Lucente),遠古自然（閃亮）,远古自然（闪）,고대의 자연 (빛나는),Starożytna Natura (Błyszcząca),Прадавня Природа (Блискуча),Oeroude Natuur (Glanzend),Kadim Doğa (Parlak)
L_DEC_ESSENCEOFNATURE,,Essence of Nature,自然の精髄,Essenz der Natur,Essence de la Nature,Esencia de la Naturaleza,Essência da Natureza,Сущность Природы,Essenza della Natura,自然精華,自然精华,자연의 정수,Esencja Natury,Есенція Природи,Essentie van de Natuur,Doğanın Özü
L_DEC_ESSENCEOFNATURESHINY,,Essence of Nature (Shiny),自然の精髄（シャイニー）,Essenz der Natur (Glänzend),Essence de la Nature (Brillante),Esencia de la Naturaleza (Brillante),Essência da Natureza (Brilhante),Эссенция Природы (Сияющая),Essenza della Natura (Lucente),自然精華（閃亮）,自然精华（闪）,자연의 정수 (빛나는),Esencja Natury (Błyszcząca),Есенція Природи (Блискуча),Essentie van de Natuur (Glanzend),Doğanın Özü (Parlak)
L_DEC_TRIBUTEOFNATURE,,Tribute of Nature,自然の貢物,Tribut der Natur,Tribut de la Nature,Tributo de la Naturaleza,Tributo da Natureza,Дань Природы,Tributo della Natura,自然貢品,自然进贡祭坛,자연의 공물,Danina Natury,Данина Природи,Tribuut van de Natuur,Doğanın Haracı
L_DEC_NATUREBIGRUG,,Nature Big Rug,ネイチャービッグラグ,Großer Naturteppich,Tapis Nature XXL,Alfombra Grande de Naturaleza,Tapete Grande da Natureza,Большой Природный Ковёр,Tappeto Grande Naturale,自然大地毯,自然大地毯,자연 대형 러그,Duży Dywan Natury,Великий килим з природним візерунком,Grote Natuurtapijt,Doğa Büyük Halı
L_DEC_NATURECANDLES,,Nature Candles,ネイチャーキャンドル,Naturkerzen,Bougies Naturelles,Velas de la Naturaleza,Velas da Natureza,Свечи Природы,Candele della Natura,自然蠟燭,自然蜡烛,자연 양초,Świece Natury,Свічки Природи,Natuurkaarsen,Doğa Mumları
L_DEC_NATURECHAIR,,Nature Chair,自然の椅子,Naturstuhl,Chaise Nature,Silla Natural,Cadeira da Natureza,Природный Стул,Sedia Naturale,自然椅,自然椅子,자연 의자,Krzesło Natury,Природне Крісло,Natuurstoel,Doğa Sandalyesi
L_DEC_THEHUNTER,,The Hunter,ハンター,Der Jäger,Le Chasseur,El Cazador,O Caçador,Охотник,Il Cacciatore,獵人,猎手,사냥꾼,Łowca,Мисливець,De Jager,Avcı
L_DEC_NATURECOLUMN,,Nature Column,自然コラム,Naturspalte,Chronique Nature,Columna de la Naturaleza,Coluna da Natureza,Природная колонна,Rubrica sulla Natura,自然專欄,自然柱子,자연 칼럼,Kolumna Natury,Природна колонка,Natuurcolumn,Doğa Sütunu
L_DEC_NATURELONGRUG,,Nature Long Rug,自然の長いラグ,Naturteppich Lang,Tapis Long Nature,Alfombra Larga Natural,Tapete Longo Natural,Длинный ковер с природным узором,Tappeto Lungo Naturale,自然長地毯,自然长地毯,자연 긴 러그,Długi Dywan Natury,"Довгий килим ""Природа""",Natuurlijke Lange Loper,Doğa Uzun Halı
L_DEC_THENEWNATURE,,The New Nature,新たなる自然,Die Neue Natur,La Nouvelle Nature,La Nueva Naturaleza,A Nova Natureza,Новая Природа,La Nuova Natura,新自然,新自然,새로운 자연,Nowa Natura,Нова Природа,De Nieuwe Natuur,Yeni Doğa
L_DEC_THENEWNATURESHINY,,The New Nature (Shiny),新たなる自然 (シャイニー),Die Neue Natur (Glänzend),La Nouvelle Nature (Brillante),La Nueva Naturaleza (Brillante),A Nova Natureza (Brilhante),Новая Природа (Блестящая),La Nuova Natura (Lucente),新自然 (閃亮),新自然（闪）,새로운 자연 (빛나는),Nowa Natura (Błyszcząca),Нова Природа (Блискуча),De Nieuwe Natuur (Glanzend),Yeni Doğa (Parlak)
L_DEC_CRAZYVINE,,Crazyvine,クレイジーヴァイン,Crazyvine,Lianefurieuse,Crazyvine,Vidalouca,Безумная лоза,Lianafurente,瘋狂藤蔓,疯藤,광란덩굴,Szalona Liana,Шаленолоза,Gekkenrank,Çılgınasma
L_DEC_GIANTAGARIC,,Giant Agaric,ジャイアントアガリク,Riesenpilz,Agaric Géant,Agárico Gigante,Agárico Gigante,Гигантский Агарик,Agarico Gigante,巨型蘑菇,巨型蘑菇,거대 버섯,Olbrzymi Bedlak,Гігантський Агарик,Reuzenzwam,Dev Mantar
L_DEC_JUNGLEGIANT,,Jungle Giant,ジャングルの巨人,Dschungelriese,Géant de la Jungle,Gigante de la Jungla,Gigante da Selva,Гигант Джунглей,Gigante della Giungla,叢林巨人,丛林巨人,정글 자이언트,Olbrzym Dżungli,Гігант джунглів,Oerwoudreus,Orman Devi
L_DEC_PEAKLILY,,Peak Lily,ピーク・リリー,Gipfellilie,Lys des Cimes,Lirio Cumbre,Lírio do Pico,Пиковая Лилия,Giglio Supremo,巔峰百合,山顶百合,정상의 백합,Szczytowa Lilia,Пікова Лілія,Lelietop,Zirve Zambağı
L_DEC_TINYTREE,,Tiny Tree,小さな木,Winziger Baum,Arbre Minuscule,Árbol Diminuto,Árvore Minúscula,Крошечное Дерево,Alberello,小樹苗,小树,작은 나무,Małe Drzewko,Крихітне Дерево,Kleine Boom,Minik Ağaç
L_DEC_NATURETABLE,,Nature Table,ネイチャーテーブル,Naturtabelle,Table de la Nature,Tabla de Naturaleza,Tabela da Natureza,Таблица Природы,Tabella della Natura,自然表,自然桌子,자연 테이블,Tabela Natury,Таблиця природи,Natuurtafel,Doğa Tablosu
L_DEC_NATURETHRONE,,Nature Throne,ネイチャースローン,Naturthron,Trône de la Nature,Trono de la Naturaleza,Trono da Natureza,Трон Природы,Trono della Natura,自然王座,自然王座,자연의 왕좌,Tron Natury,Трон Природи,Natuurtroon,Doğa Tahtı
L_DEC_BIGREDMUSHROOM,,Big Red Mushroom,大きな赤いキノコ,Großer Roter Pilz,Gros Champignon Rouge,Seta Roja Grande,Cogumelo Vermelho Grande,Большой Красный Гриб,Fungo Rosso Grande,大紅蘑菇,大红蘑菇,큰 빨간 버섯,Duży Czerwony Grzyb,Великий Червоний Гриб,Grote Rode Paddenstoel,Büyük Kırmızı Mantar
L_DEC_TWINEFLOWER,,Twine Flower,ツヴァイン・フラワー,Zwirnsblume,Fleur de Ficelle,Flor de Cordel,Flor de Barbante,Цветок Бечевы,Fiore di Spago,麻繩花,盘绕之花,꼬인 꽃,Kwiat Sznurka,Квітка Мотузки,Twijgbloem,İplik Çiçeği
L_DEC_YOUNGENT,,Young Ent,ヤングエント,Junger Ent,Jeune Ent,Ent Joven,Ent Jovem,Молодой Энт,Giovane Ent,幼樹精,树精苗,어린 엔트,Młody Ent,Молодий Ент,Jonge Ent,Genç Ent
L_DEC_LUMINITAS,,Luminitas,ルミニタス,Luminitas,Luminitas,Luminitas,Luminitas,Люминитас,Luminitas,光輝之城,光辉,루미니타스,Luminitas,Люмінітас,Luminitas,Luminitas
L_DEC_MINIJUNGLE,,Mini Jungle,ミニジャングル,Mini Dschungel,Mini Jungle,Mini Jungla,Mini Selva,Мини-джунгли,Mini Giungla,迷你叢林,迷你丛林,미니 정글,Mini Dżungla,Міні Джунглі,Mini Jungle,Mini Orman
L_DEC_OVERGROWTH,,Overgrowth,オーバーグロウス,Überwucherung,Prolifération,Sobrecrecimiento,Crescimento Excessivo,Разрастание,Crescita Eccessiva,過度生長,过度生长,과잉성장,Przerost,Розростання,Woekering,Aşırı Büyüme
L_DEC_ANCIENTSORCERY,,Ancient Sorcery,古代魔術,Uralte Zauberei,Sorcellerie Ancienne,Hechicería Antigua,Magia Ancestral,Древнее Колдовство,Magia Antica,遠古魔法,远古巫术,고대 마법,Pradawna Magia,Прадавнє Чаклунство,Oude Toverkunst,Kadim Büyücülük
L_DEC_ANCIENTSORCERYSHINY,,Ancient Sorcery (Shiny),古代魔術（シャイニー）,Uralte Zauberei (Glänzend),Ancienne Sorcellerie (Brillante),Hechicería Antigua (Brillante),Magia Ancestral (Brilhante),Древнее Колдовство (Сияющее),Antica Stregoneria (Lucente),古代魔法（閃亮）,远古巫术（闪）,고대 마법 (빛나는),Pradawna Magia (Błyszcząca),Прадавнє Чаклунство (Сяюче),Oeroude Toverkunst (Glanzend),Kadim Büyücülük (Parlak)
L_DEC_ESSENCEOFSORCERY,,Essence of Sorcery,魔術の精髄,Essenz der Zauberei,Essence de Sorcellerie,Esencia de Hechicería,Essência de Feitiçaria,Эссенция Колдовства,Essenza di Stregoneria,巫術精華,巫术精华,마법의 정수,Esencja Magii,Есенція Чаклунства,Essentie van Tovenarij,Büyücülük Özü
L_DEC_ESSENCEOFSORCERYSHINY,,Essence of Sorcery (Shiny),魔術の精髄（キラキラ）,Essenz der Zauberei (Glänzend),Essence de Sorcellerie (Brillante),Esencia de Hechicería (Brillante),Essência de Feitiçaria (Brilhante),Эссенция Колдовства (Сияющая),Essenza di Stregoneria (Lucente),魔法精華（閃亮）,巫术精华（闪）,마법의 정수 (빛나는),Esencja Magii (Błyszcząca),Есенція Чаклунства (Сяюча),Essentie van Toverkunst (Glanzend),Büyücülük Özü (Parlak)
L_DEC_TRIBUTEOFSORCERY,,Tribute of Sorcery,魔術の貢物,Tribut der Zauberei,Tribut de Sorcellerie,Tributo de Hechicería,Tributo de Feitiçaria,Дань Колдовства,Tributo di Stregoneria,巫術貢品,巫术进贡祭坛,마법의 공물,Danina Czarodziejstwa,Данина Чаклунства,Tribuut van Toverij,Büyücülük Haracı
L_DEC_SORCERYBIGRUG,,Sorcery Big Rug,魔術の大きな絨毯,Magie-Großteppich,Tapis de Sorcellerie,Alfombra Grande de Hechicería,Tapete Grande de Feitiçaria,Ковер Чародейства,Tappeto Magico Grande,巫術大地毯,巫术大地毯,마법 대형 러그,Magiczny Duży Dywan,Чаклунський Великий Килим,Toverij Groot Tapijt,Büyücülük Büyük Halı
L_DEC_SORCERYCANDLES,,Sorcery Candles,魔術の蝋燭,Zauberkerzen,Bougies de Sorcellerie,Velas de Hechicería,Velas de Feitiçaria,Свечи колдовства,Candele di Stregoneria,巫術蠟燭,巫术蜡烛,마법 양초,Świece Czarnoksięstwa,Свічки чаклунства,Toverij Kaarsen,Büyücülük Mumları
L_DEC_SORCERYCHAIR,,Sorcery Chair,魔術師の椅子,Zauberstuhl,Chaise de Sorcellerie,Silla de Hechicería,Cadeira de Feitiçaria,Кресло Колдовства,Sedia dell'Incantesimo,巫術椅,巫术椅子,마법 의자,Krzesło Czarnoksięstwa,Чаклунське крісло,Toverij Stoel,Büyücülük Sandalyesi
L_DEC_THEMAGISTER,,The Magister,魔導師,Der Magister,Le Magistère,El Magister,O Magistrado,Магистр,Il Magistro,法官大人,大法师,마법관,Magister,Магістр,De Magister,Yargıç
L_DEC_SORCERYCOLUMN,,Sorcery Column,魔術の柱,Säulenzauber,Colonne de Sorcellerie,Columna de Hechicería,Coluna de Feitiçaria,Колонна Колдовства,Colonna di Stregoneria,巫術之柱,巫术柱子,마법 기둥,Kolumna Magii,Колона Чаклунства,Toverij Kolom,Büyücülük Sütunu
L_DEC_SORCERYLONGRUG,,Sorcery Long Rug,魔術の長い絨毯,Zauberei Langer Teppich,Tapis Long de Sorcellerie,Alfombra Larga de Hechicería,Tapete Longo de Feitiçaria,Ковер Колдовства Длинный,Tappeto Lungo di Stregoneria,巫術長地毯,巫术长地毯,마법 긴 러그,Długi Dywan Czarnoksięstwa,Килим Чаклунства,Toverij Lange Loper,Büyücülük Uzun Halı
L_DEC_THENEWSORCERY,,The New Sorcery,新たなる魔術,Die Neue Zauberei,La Nouvelle Sorcellerie,La Nueva Hechicería,A Nova Feitiçaria,Новое Колдовство,La Nuova Stregoneria,新魔法,新巫术,새로운 마법,Nowa Magia,Нова Чаклунська Магія,De Nieuwe Toverkunst,Yeni Büyücülük
L_DEC_THENEWSORCERYSHINY,,The New Sorcery (Shiny),新魔術（シャイニー）,Die Neue Zauberei (Glänzend),La Nouvelle Sorcellerie (Brillante),La Nueva Hechicería (Brillante),A Nova Feitiçaria (Brilhante),Новое Колдовство (Сияющее),La Nuova Stregoneria (Lucente),新魔法（閃亮）,新巫术（闪）,새로운 마법 (반짝이는),Nowa Magia (Błyszcząca),Нова Чаклунська Сила (Блискуча),De Nieuwe Toverkunst (Glanzend),Yeni Büyücülük (Parlak)
L_DEC_CRYSTALLITE,,Crystallite,クリスタライト,Kristallit,Cristallite,Cristalita,Cristalita,Кристаллит,Cristallite,晶石,结晶,크리스탈라이트,Krystalit,Кристаліт,Kristalliet,Kristal
L_DEC_DERANGEAS,,Derangeas,デランジアス,Derangeas,Derangeas,Derangeas,Derangeas,Дерангеас,Derangeas,德蘭吉亞斯,德兰吉亚斯,데란지아스,Derangeas,Дерангеас,Derangeas,Derangeas
L_DEC_FAIRYTEARS,,Fairy Tears,フェアリーティアーズ,Feentränen,Larmes de Fée,Lágrimas de Hada,Lágrimas de Fada,Слезы Феи,Lacrime di Fata,精靈之淚,仙灵之泪,요정의 눈물,Łzy Wróżki,Сльози Феї,Elfentranen,Peri Gözyaşları
L_DEC_GOLDWHIMSY,,Gold Whimsy,ゴールドウィムジー,Goldlaune,Or Fantaisie,Capricho Dorado,Capricho Dourado,Золотая Причуда,Capriccio d'Oro,黃金奇想,金色奇想,황금 기상천외,Złoty Kaprys,Золота Примха,Gouden Grilligheid,Altın Kapris
L_DEC_PRISMBELL,,Prism Bell,プリズムベル,Prismaglocke,Cloche de Prisme,Campana Prismática,Sino Prismático,Призменный Колокол,Campana Prismatica,稜鏡鈴,棱镜铃铛,프리즘 벨,Dzwon Pryzmatyczny,Призмовий Дзвін,Prismabel,Prizma Çanı
L_DEC_SORCERYTABLE,,Sorcery Table,魔術の机,Zaubertisch,Table de Sorcellerie,Mesa de Hechicería,Mesa de Feitiçaria,Стол чародейства,Tavolo dell'Incantesimo,巫術桌,巫术桌子,마법 테이블,Stół Magii,Стіл чаклунства,Toverkunsttafel,Büyücülük Masası
L_DEC_SORCERYTHRONE,,Sorcery Throne,魔術の玉座,Thron der Zauberei,Trône de Sorcellerie,Trono de Hechicería,Trono de Feitiçaria,Трон Колдовства,Trono di Stregoneria,魔法王座,巫术王座,마법의 왕좌,Tron Magii,Трон Чаклунства,Troon van Toverij,Büyücülük Tahtı
L_DEC_ALIENPLANT,,Alien Plant,エイリアンプラント,Außerirdische Pflanze,Plante Extraterrestre,Planta Alienígena,Planta Alienígena,Инопланетное Растение,Pianta Aliena,異星植物,异星植物,외계 식물,Obcy Roślina,Інопланетна Рослина,Buitenaardse Plant,Uzaylı Bitki
L_DEC_PRISMCRYSTAL,,Prism Crystal,プリズムクリスタル,Prismakristall,Cristal Prismatique,Cristal Prismático,Cristal Prismático,Призменный Кристалл,Cristallo Prismatico,稜鏡水晶,棱镜水晶,프리즘 크리스탈,Kryształ Pryzmatyczny,Призмовий кристал,Prismakristal,Prizma Kristali
L_DEC_STARDUSTCANE,,Stardust Cane,スターダストケイン,Sternenstaub-Stab,Canne d'Étoile,Bastón de Polvo Estelar,Cajado de Poeira Estelar,Звездный Посох,Bastone di Polvere di Stelle,星塵手杖,星尘手杖,별가루 지팡이,Kosmolaski,Зоряна Тростина,Sterrenstofstaf,Yıldız Tozu Asası
L_DEC_COLORBLOOMS,,Colorblooms,カラーブルーム,Farbblüten,Floraprisme,Florcolores,Florescores,Цветоцветы,Fioricromatici,彩華花,彩绽花,색꽃,Barwokwiaty,Кольороцвіти,Kleurenbloesems,Renk Çiçekleri
L_DEC_GOLDENSILVERS,,Golden Silvers,ゴールデンシルバーズ,Goldene Silberlinge,Argents Dorés,Platas Doradas,Pratas Douradas,Золотые Серебра,Argenti Dorati,黃金銀幣,金银,골든 실버스,Złote Srebra,Золоті Срібла,Gouden Zilvers,Altın Gümüşler
L_DEC_MANAKELP,,Mana Kelp,マナ海藻,Mana-Seetang,Algue de Mana,Alga de Maná,Alga de Mana,Мана-ламинария,Alga del Mana,魔力海藻,魔力海藻,마나 켈프,Wodorosty Many,Мана Водорості,Mana Wier,Mana Yosunu
L_DEC_AHRUNA,,Ahruna,アルナ,Ahruna,Ahruna,Ahruna,Ahruna,Аруна,Ahruna,阿魯娜,阿鲁纳,아루나,Ahruna,Аруна,Ahruna,Ahruna
L_DEC_ANDOLIN,,Andolin,アンドリン,Andolin,Andolin,Andolin,Andolin,Андолин,Andolin,安多林,安多林,안돌린,Andolin,Андолін,Andolin,Andolin
L_DEC_CAEDO,,Caedo,カエド,Caedo,Caedo,Caedo,Caedo,Каэдо,Caedo,凱多,凯尔多,카에도,Rzeź,Каедо,Caedo,Katliam
L_DEC_CRUX,,Crux,クラックス,Crux,Crux,Crux,Crux,Крукс,Crux,關鍵,克鲁克斯,크럭스,Crux,Суть,Crux,Crux
L_DEC_KAITO,,Kaito,カイト,Kaito,Kaito,Kaito,Kaito,Кайто,Kaito,凱藤,凯托,카이토,Kaito,Кайто,Kaito,Kaito
L_DEC_NERALIM,,Neralim,ネラリム,Neralim,Neralim,Neralim,Neralim,Нералим,Neralim,奈拉林,奈拉利姆,네랄림,Neralim,Нералім,Neralim,Neralim
L_DEC_NEX,,Nex,ネクス,Nex,Nex,Nex,Nex,Некс,Nex,奈克斯,奈克斯,넥스,Nex,Некс,Nex,Nex
L_DEC_OMNIA,,Omnia,オムニア,Omnia,Omnia,Omnia,Omnia,Омния,Omnia,萬象,奥姆尼亚,옴니아,Omnia,Омнія,Omnia,Omnia
L_DEC_SIRALIM,,Siralim,シラリム,Siralim,Siralim,Siralim,Siralim,Сиралим,Siralim,希拉利姆,瑟拉利姆,시랄림,Siralim,Сіралім,Siralim,Siralim
L_DEC_SITHICUS,,Sithicus,シシカス,Sithicus,Sithicus,Sithicus,Sithicus,Ситикус,Sithicus,西蒂庫斯,西西库斯,시티쿠스,Sithicus,Сітікус,Sithicus,Sithicus
L_DEC_UNDOLIM,,Undolim,アンドリム,Undolim,Undolim,Undolim,Undolim,Андолим,Undolim,安多林,安多利姆,운돌림,Undolim,Ундолім,Undolim,Undolim
L_DEC_UNITEDRODIA,,United Rodia,ユナイテッド・ロディア,Vereinigtes Rodia,Rodia Unie,Rodia Unida,Ródia Unida,Объединённая Родия,Stati Uniti di Rodia,羅迪亞聯邦,罗迪亚联合国,통합 로디아,Zjednoczona Rodia,Об'єднана Родія,Verenigde Rodia,Birleşik Rodia
L_DEC_VANELIN,,Vanelin,ヴァネリン,Vanelin,Vanelin,Vanelin,Vanelin,Ванелин,Vanelin,凡尼林,瓦内林,바넬린,Vanelin,Ванелін,Vanelin,Vanelin
L_DEC_DRAGON,,Dragon,ドラゴン,Drache,Dragon,Dragón,Dragão,Дракон,Drago,龍,龙,드래곤,Smok,Дракон,Draak,Ejderha
L_DEC_HOLYSCRIPTURE,,Holy Scripture,聖典,Heilige Schrift,Écritures Saintes,Escritura Sagrada,Escritura Sagrada,Священное Писание,Sacre Scritture,聖典,圣典,신성한 경전,Święte Pismo,Святе Писання,Heilige Schrift,Kutsal Kitap
L_DEC_LICHORDER,,Lich Order,リッチ教団,Lich-Orden,Ordre des Liches,Orden de Liche,Ordem dos Liches,Орден Личей,Ordine dei Lich,巫妖教團,巫妖教团,리치 오더,Zakon Liczy,Орден Лічів,Lich Orde,Lih Tarikatı
L_DEC_NIXSISTERHOOD,,Nix Sisterhood,ニクス姉妹団,Nix Schwesternschaft,Sororité de Nix,Hermandad de Nix,Irmandade Nix,Сестринство Никс,Sorellanza di Nix,尼克斯姐妹會,水妖姐妹会,닉스 자매단,Siostrzeństwo Nix,Сестринство Нікс,Nix Zusterschap,Nix Kardeşliği
L_DEC_SIGNOFTHEMAGI,,Sign of the Magi,賢者の印,Zeichen der Magier,Signe des Mages,Signo de los Magos,Sinal dos Magos,Знак Волхвов,Segno dei Magi,魔導士之印,贤者之印,마법사의 표식,Znak Magów,Знак Магів,Teken van de Magiërs,Büyücülerin İşareti
L_DEC_BLACKBANNER,,Black Banner,黒旗,Schwarzes Banner,Bannière Noire,Estandarte Negro,Estandarte Negro,Чёрное Знамя,Stendardo Nero,黑旗,黑色旗帜,검은 깃발,Czarny Sztandar,Чорний Прапор,Zwarte Banier,Kara Sancak
L_DEC_BLUEBANNER,,Blue Banner,青い旗,Blaues Banner,Bannière Bleue,Estandarte Azul,Estandarte Azul,Синее Знамя,Stendardo Blu,藍旗幟,蓝色旗帜,푸른 깃발,Niebieski Sztandar,Синій прапор,Blauwe Banier,Mavi Sancak
L_DEC_BROWNBANNER,,Brown Banner,茶色の旗印,Braunes Banner,Bannière Brune,Estandarte Marrón,Estandarte Marrom,Коричневое знамя,Stendardo Marrone,棕色旗幟,棕色旗帜,갈색 깃발,Brązowy Sztandar,Коричневий прапор,Bruine Banier,Kahverengi Sancak
L_DEC_FUSCHIABANNER,,Fuschia Banner,フクシャの旗,Fuchsiafarbenes Banner,Bannière Fuchsia,Estandarte Fucsia,Estandarte Fúcsia,Пурпурный Стяг,Stendardo Fucsia,紫紅色旗幟,玫红旗帜,자홍색 깃발,Purpurowy Sztandar,Пурпурний прапор,Fuchsia Banier,Fuşya Sancak
L_DEC_GREENBANNER,,Green Banner,緑の旗印,Grünes Banner,Bannière Verte,Estandarte Verde,Estandarte Verde,Зелёное Знамя,Stendardo Verde,綠色旗幟,绿色旗帜,녹색 깃발,Zielony Sztandar,Зелений Прапор,Groene Banier,Yeşil Sancak
L_DEC_GRAYBANNER,,Gray Banner,グレイ・バナー,Graues Banner,Bannière Grise,Estandarte Gris,Estandarte Cinzento,Серое Знамя,Stendardo Grigio,灰色旗幟,灰色旗帜,회색 깃발,Szary Sztandar,Сірий Прапор,Grijs Vaandel,Gri Sancak
L_DEC_INDIGOBANNER,,Indigo Banner,藍色の旗,Indigobanner,Bannière Indigo,Estandarte Índigo,Estandarte Índigo,Индиговое Знамя,Stendardo Indaco,靛藍旗幟,靛蓝旗帜,남색 깃발,Indygowy Sztandar,Індиговий Прапор,Indigo Banier,İndigo Sancak
L_DEC_MAGENTABANNER,,Magenta Banner,マゼンタの旗,Magenta-Banner,Bannière Magenta,Estandarte Magenta,Estandarte Magenta,Пурпурный стяг,Stendardo Magenta,洋紅旗幟,品红旗帜,마젠타 배너,Purpurowy Sztandar,Пурпурний прапор,Magenta Banier,Eflatun Sancak
L_DEC_ORANGEBANNER,,Orange Banner,オレンジの旗,Oranges Banner,Bannière Orange,Estandarte Naranja,Estandarte Laranja,Оранжевое Знамя,Stendardo Arancione,橙色旗幟,橙色旗帜,오렌지 배너,Pomarańczowy Sztandar,Помаранчевий прапор,Oranje Banier,Turuncu Sancak
L_DEC_PURPLEBANNER,,Purple Banner,紫の旗,Violettes Banner,Bannière Violette,Estandarte Púrpura,Estandarte Púrpura,Пурпурный Стяг,Stendardo Viola,紫色旗幟,紫色旗帜,보라색 깃발,Purpurowy Sztandar,Пурпуровий прапор,Paarse Banier,Mor Sancak
L_DEC_REDBANNER,,Red Banner,赤旗,Rotes Banner,Bannière Rouge,Estandarte Rojo,Estandarte Vermelho,Красное Знамя,Stendardo Rosso,紅旗,红色旗帜,붉은 깃발,Czerwony Sztandar,Червоний Прапор,Rode Banier,Kızıl Sancak
L_DEC_SKYBLUEBANNER,,Sky Blue Banner,空色の旗,Himmelblauer Banner,Bannière Bleu Ciel,Estandarte Azul Celeste,Estandarte Azul-Celeste,Небесно-голубое знамя,Stendardo Azzurro Cielo,天藍色旗幟,天蓝旗帜,하늘색 깃발,Błękitny Sztandar,Блакитний прапор,Hemelsblauw Vaandel,Gök Mavisi Sancak
L_DEC_TEALBANNER,,Teal Banner,ティールの旗,Türkises Banner,Bannière Sarcelle,Estandarte Turquesa,Estandarte Turquesa,Бирюзовый стяг,Stendardo Turchese,青藍旗幟,青绿旗帜,청록색 깃발,Turkusowy Sztandar,Бірюзовий прапор,Turkooizen Banier,Turkuaz Sancak
L_DEC_WHITEBANNER,,White Banner,白旗,Weißes Banner,Bannière Blanche,Estandarte Blanco,Estandarte Branco,Белое Знамя,Stendardo Bianco,白旗,白色旗帜,하얀 깃발,Biały Sztandar,Білий Прапор,Witte Banier,Beyaz Sancak
L_DEC_YELLOWBANNER,,Yellow Banner,黄色の旗,Gelbes Banner,Bannière Jaune,Estandarte Amarillo,Estandarte Amarelo,Жёлтое Знамя,Stendardo Giallo,黃色旗幟,黄色旗帜,노란 깃발,Żółty Sztandar,Жовтий Прапор,Gele Banier,Sarı Sancak
L_DEC_ASCROLL,,A Scroll,巻物,Eine Schriftrolle,Un Parchemin,Un Pergamino,Um Pergaminho,Свиток,Una Pergamena,卷軸,A卷轴,두루마리,Zwój,Сувій,Een Boekrol,Bir Tomar
L_DEC_BSCROLL,,B Scroll,Bの巻物,B-Schriftrolle,Parchemin B,Pergamino B,Pergaminho B,Б Свиток,Pergamena B,B卷軸,B卷轴,B 스크롤,Zwój B,Б Сувій,B Rol,B Parşömeni
L_DEC_BLANKSCROLL,,Blank Scroll,白紙の巻物,Leere Schriftrolle,Parchemin vierge,Pergamino en Blanco,Pergaminho em Branco,Пустой свиток,Pergamena Vuota,空白卷軸,空白卷轴,빈 두루마리,Pusty Zwój,Порожній сувій,Lege Rol,Boş Tomar
L_DEC_CSCROLL,,C Scroll,Cスクロール,C-Schriftrolle,Parchemin C,Pergamino C,Pergaminho C,Свиток C,Pergamena C,C卷軸,C卷轴,C 스크롤,Zwój C,Сувій C,C Rol,C Parşömeni
L_DEC_DSCROLL,,D Scroll,Dの巻物,D-Schriftrolle,Parchemin D,Pergamino D,Pergaminho D,Свиток Д,Pergamena D,D卷軸,D卷轴,D 스크롤,Zwój D,Сувій Д,D Rol,D Parşömeni
L_DEC_ESCROLL,,E Scroll,Eスクロール,E-Schriftrolle,Parchemin E,Pergamino E,Pergaminho E,Свиток В,Pergamena E,E卷軸,E卷轴,E 스크롤,E Zwój,Сувій Е,E Scroll,E Tomarı
L_DEC_!SCROLL,,! Scroll,! スクロール,! Schriftrolle,! Parchemin,! Pergamino,! Pergaminho,! Свиток,! Pergamena,！捲軸,！卷轴,! 스크롤,! Zwój,! Сувій,! Scroll,! Tomar
L_DEC_FSCROLL,,F Scroll,Fスクロール,F Schriftrolle,Parchemin F,Pergamino F,Pergaminho F,Ф Свиток,Pergamena F,F卷軸,F卷轴,F 스크롤,Zwój F,Ф Сувій,F Scroll,F Parşömeni
L_DEC_GSCROLL,,G Scroll,Gスクロール,G-Schriftrolle,Parchemin G,Pergamino G,Pergaminho G,Свиток Г,Pergamena G,G卷軸,G卷轴,G 스크롤,Zwój G,Г Сувій,G Rol,G Parşömeni
L_DEC_HSCROLL,,H Scroll,Hスクロール,H-Schriftrolle,Parchemin H,Pergamino H,Pergaminho H,Свиток Х,Pergamena H,H捲軸,H卷轴,H 스크롤,Zwój H,Сувій Г,H Rol,H Parşömeni
L_DEC_ISCROLL,,I Scroll,スクロール,Schriftrolle,Parchemin I,Pergamino I,Pergaminho I,Я Свиток,Pergamena,我的捲軸,I卷轴,두루마리,Zwój I,Я Сувій,Ik Rol,Ben Tomar
L_DEC_JSCROLL,,J Scroll,Jスクロール,J-Schriftrolle,Parchemin J,Pergamino J,Pergaminho J,Свиток J,Pergamena J,J卷軸,J卷轴,J 스크롤,Zwój J,Сувій Д,J Rol,J Tomarı
L_DEC_KSCROLL,,K Scroll,Kの巻物,K-Schriftrolle,Parchemin K,Pergamino K,Pergaminho K,К Свиток,Pergamena K,K卷軸,K卷轴,K 스크롤,Zwój K,К Сувій,K Rol,K Tomarı
L_DEC_LSCROLL,,L Scroll,Lスクロール,L-Schriftrolle,Parchemin G,Pergamino I,Pergaminho L,Л Свиток,Pergamena L,L捲軸,L卷轴,L 스크롤,Zwój L,Л Сувій,L Rol,L Parşömeni
L_DEC_MSCROLL,,M Scroll,Mスクロール,M-Schriftrolle,Parchemin M,Pergamino M,Pergaminho M,М Свиток,Pergamena M,M捲軸,M卷轴,M 스크롤,Zwój M,М Сувій,M Rol,M Tomarı
L_DEC_NSCROLL,,N Scroll,Nスクロール,N-Schriftrolle,N Parchemin,Pergamino N,Pergaminho N,Н Свиток,Pergamena N,N卷軸,N卷轴,N 스크롤,N Zwój,N Сувій,N Rol,K Parşömeni
L_DEC_OSCROLL,,O Scroll,O巻物,O Schriftrolle,O Parchemin,O Pergamino,O Pergaminho,О Свиток,O Pergamena,O卷軸,O卷轴,O 두루마리,O Zwój,О Сувій,O Rol,O Parşömen
L_DEC_PSCROLL,,P Scroll,Pスクロール,P-Schriftrolle,Parchemin P,Pergamino P,Pergaminho P,П Свиток,Pergamena P,P卷軸,P卷轴,P 스크롤,Zwój P,Сувій П,P Rol,P Parşömeni
L_DEC_?SCROLL,,? Scroll,? スクロール,? Schriftrolle,? Parchemin,? Pergamino,? Pergaminho,? Свиток,? Pergamena,? 捲軸,？卷轴,? 스크롤,? Zwój,? Сувій,? Scroll,? Tomar
L_DEC_RSCROLL,,R Scroll,Rスクロール,R-Schriftrolle,Parchemin R,Pergamino R,Pergaminho R,Свиток П,Pergamena R,R卷軸,R卷轴,R 스크롤,Zwój P,Сувій П,R Rol,R Parşömeni
L_DEC_SSCROLL,,S Scroll,Sスクロール,S Schriftrolle,Parchemin S,Pergamino S,Pergaminho S,С Свиток,Pergamena S,S捲軸,S卷轴,S 스크롤,S Zwój,С Сувій,S Rol,S Parşömen
L_DEC_TSCROLL,,T Scroll,Tの巻物,T-Schriftrolle,Parchemin T,Pergamino T,Pergaminho T,Т Свиток,Pergamena T,T卷軸,T卷轴,T 스크롤,Zwój T,Т Сувій,T Scroll,T Tomarı
L_DEC_USCROLL,,U Scroll,Uスクロール,U-Schriftrolle,Parchemin U,Pergamino U,Pergaminho U,Свиток У,Pergamena U,U卷軸,U卷轴,U 스크롤,Zwój U,Сувій У,U Rol,U Parşömeni
L_DEC_VSCROLL,,V Scroll,Vスクロール,V-Schriftrolle,Parchemin V,Pergamino V,Pergaminho V,V Свиток,Pergamena V,V卷軸,V卷轴,V 스크롤,Zwój V,V Сувій,V Scroll,V Tomarı
L_DEC_WSCROLL,,W Scroll,Wスクロール,W-Schriftrolle,Parchemin O,Pergamino O,Pergaminho O,Свиток З,Pergamena W,W捲軸,W卷轴,W 스크롤,W Zwój,Сувій В,W Rol,W Tomarı
L_DEC_XSCROLL,,X Scroll,Xスクロール,X Schriftrolle,Parchemin X,Pergamino X,Pergaminho X,X Свиток,Pergamena X,X卷軸,X卷轴,X 스크롤,Zwój X,X Сувій,X Scroll,X Tomar
L_DEC_YSCROLL,,Y Scroll,Yスクロール,Y-Schriftrolle,Parchemin Y,Pergamino Y,Pergaminho Y,Свиток Y,Pergamena Y,Y卷軸,Y卷轴,Y 스크롤,Zwój Y,Сувій Y,Y Rol,Y Tomarı
L_DEC_ZSCROLL,,Z Scroll,Zスクロール,Z-Schriftrolle,Parchemin Z,Pergamino Z,Pergaminho Z,Свиток Z,Pergamena Z,Z捲軸,Z卷轴,Z 스크롤,Zwój Z,Сувій Z,Z Rol,Z Parşömeni
L_DEC_QSCROLL,,Q Scroll,Qスクロール,Q-Schriftrolle,Parchemin Q,Pergamino Q,Pergaminho Q,Свиток Q,Pergamena Q,Q捲軸,Q卷轴,Q 스크롤,Zwój Q,Сувій Q,Q Rol,Q Tomarı
L_DEC_DIABOLICHORDEPLUSH,,Diabolic Horde Plush,悪魔の大群ぬいぐるみ,Plüsch der diabolischen Horde,Peluche de la Horde Diabolique,Peluche de la Horda Diabólica,Pelúcia da Horda Diabólica,Плюшевая Дьявольская Орда,Peluche dell'Orda Diabolica,惡魔軍團絨毛玩偶,恶魔军团毛绒玩具,악마의 무리 인형,Pluszak Diabolicznej Hordy,Плюшева Диявольська Орда,Duivelse Horde Knuffel,Şeytani Sürü Peluşu
L_DEC_SALAMANDERPLUSH,,Salamander Plush,サラマンダーのぬいぐるみ,Salamander-Plüschtier,Peluche de Salamandre,Peluche de Salamandra,Pelúcia de Salamandra,Плюшевая Саламандра,Peluche di Salamandra,火蜥蜴絨毛玩偶,蝾螈毛绒玩具,불도마뱀 인형,Pluszowy Salamander,Плюшева Саламандра,Salamander Knuffel,Semender Peluş
L_DEC_TREMORPLUSH,,Tremor Plush,トレマー・プラッシュ,Tremor-Plüschtier,Peluche Tremor,Peluche de Temblor,Pelúcia de Tremor,Плюшевый Тремор,Peluche Tremor,震顫絨毛玩偶,颤地兽毛绒玩具,진동 인형,Pluszowy Tremor,Плюшевий Тремор,Tremor Knuffel,Titreşim Peluşu
L_DEC_AMARANTHPLUSH,,Amaranth Plush,アマランスのぬいぐるみ,Amaranth-Plüsch,Peluche d'Amarante,Peluche de Amaranto,Pelúcia de Amaranto,Плюшевый Амарант,Peluche di Amaranto,紫莧絨毛玩偶,长生花毛绒玩具,아마란스 인형,Pluszowy Amarant,Плюшевий Амарант,Amarant Pluche,Amaranth Peluş
L_DEC_AMPHISBAENAPLUSH,,Amphisbaena Plush,アンフィスバエナのぬいぐるみ,Amphisbaena-Plüschtier,Peluche d'Amphisbène,Peluche de Anfisbena,Pelúcia de Anfisbena,Плюшевая Амфисбена,Peluche di Anfisbena,雙頭蛇絨毛玩偶,双头蛇毛绒玩具,암피스바에나 인형,Pluszowa Amfisbena,Плюшева Амфісбена,Amphisbaena Knuffel,Amfisbena Peluş
L_DEC_ANGELPLUSH,,Angel Plush,エンジェルぬいぐるみ,Engelsplüschtier,Peluche d'Ange,Peluche de Ángel,Pelúcia de Anjo,Плюшевый Ангел,Peluche d'Angelo,天使絨毛玩偶,天使毛绒玩具,천사 인형,Pluszowy Anioł,Плюшевий Ангел,Engelenknuffel,Melek Peluş
L_DEC_APISPLUSH,,Apis Plush,アピスのぬいぐるみ,Apis-Plüschtier,Peluche d'Apis,Peluche de Apis,Pelúcia de Apis,Плюшевый Апис,Peluche di Apis,阿匹斯絨毛玩偶,阿匹斯毛绒玩具,아피스 인형,Pluszowa Apis,Плюшева Апіс,Apis Knuffel,Apis Peluş
L_DEC_APOCALYPSEPLUSH,,Apocalypse Plush,アポカリプス・プラッシュ,Apokalypse-Plüsch,Peluche Apocalyptique,Peluche del Apocalipsis,Pelúcia do Apocalipse,Плюшевый Апокалипсис,Peluche dell'Apocalisse,末日絨毛,末日兽毛绒玩具,아포칼립스 플러시,Pluszowa Apokalipsa,Апокаліптичний Плюш,Apocalyps Knuffel,Kıyamet Peluşu
L_DEC_ASPECTPLUSH,,Aspect Plush,アスペクト・プラッシュ,Aspekt-Plüsch,Peluche d'Aspect,Peluche de Aspecto,Aspecto de Pelúcia,Плюшевый Аспект,Aspetto Peluche,相位絨毛玩偶,具像毛绒玩具,애스펙트 인형,Pluszowy Aspekt,Аспект Плюш,Aspect Knuffel,Görünüm Peluşu
L_DEC_BANSHEEPLUSH,,Banshee Plush,バンシーのぬいぐるみ,Banshee-Plüschtier,Peluche de Banshee,Peluche de Banshee,Pelúcia de Banshee,Плюшевая Банши,Peluche di Banshee,女妖玩偶,报丧女妖毛绒玩具,밴시 인형,Pluszowa Banshee,Плюшева Банші,Banshee Knuffel,Banshee Peluşu
L_DEC_BASILISKPLUSH,,Basilisk Plush,バジリスクのぬいぐるみ,Basilisken-Plüschtier,Peluche de Basilic,Peluche de Basilisco,Pelúcia de Basilisco,Плюшевый Василиск,Peluche di Basilisco,蛇妖玩偶,蛇怪毛绒玩具,바실리스크 인형,Pluszowy Bazyliszek,Плюшевий Василіск,Basilisk Knuffel,Basilisk Peluşu
L_DEC_CARVERPLUSH,,Carver Plush,カーバーのぬいぐるみ,Carver-Plüschtier,Peluche Carver,Peluche de Carver,Pelúcia do Carver,Плюшевый Карвер,Peluche di Carver,雕刻師玩偶,切割者毛绒玩具,카버 인형,Pluszowy Carver,Плюшевий Карвер,Carver Knuffel,Carver Peluş
L_DEC_CLUTCHERPLUSH,,Clutcher Plush,クラッチャーのぬいぐるみ,Clutcher-Plüschtier,Peluche d'Agrippeur,Peluche de Agarrador,Pelúcia de Agarrador,Плюшевый Хвататель,Peluche Afferratore,抓握者玩偶,捕手毛绒玩具,클러처 인형,Pluszowy Chwytacz,Плюшевий Хапун,Clutcher Knuffel,Kavrayıcı Peluş
L_DEC_CRUSADERPLUSH,,Crusader Plush,クルセイダーのぬいぐるみ,Kreuzritter-Plüsch,Peluche de Croisé,Peluche de Cruzado,Pelúcia de Cruzado,Плюшевый Крестоносец,Peluche del Crociato,聖騎士玩偶,圣斗士毛绒玩具,성기사 인형,Pluszowy Krzyżowiec,Плюшевий Хрестоносець,Kruisvaarder Knuffel,Haçlı Peluş
L_DEC_DEMIGODPLUSH,,Demigod Plush,デミゴッド・プラッシュ,Halbgott-Plüschtier,Peluche de Demi-dieu,Peluche de Semidiós,Pelúcia de Semideus,Плюшевый Полубог,Peluche del Semidio,半神玩偶,半神毛绒玩具,반신 인형,Pluszowy Półbóg,Плюшевий Напівбог,Halfgod Knuffel,Yarı Tanrı Peluş
L_DEC_DJINNPLUSH,,Djinn Plush,ジンのぬいぐるみ,Dschinn-Plüschtier,Peluche de Djinn,Peluche de Djinn,Pelúcia de Djinn,Плюшевый Джинн,Peluche di Djinn,精靈玩偶,灯灵毛绒玩具,정령 인형,Pluszowy Dżinn,Плюшевий Джин,Djinn Knuffel,Cin Peluşu
L_DEC_DOOMFORTRESSPLUSH,,Doom Fortress Plush,破滅の要塞ぬいぐるみ,Plüschfestung des Untergangs,Peluche de la Forteresse Funeste,Peluche de la Fortaleza de la Perdición,Pelúcia da Fortaleza da Perdição,Плюшевая Крепость Рока,Peluche della Fortezza del Destino,厄運堡壘絨毛玩偶,末日要塞毛绒玩具,파멸의 요새 인형,Pluszowa Forteca Zagłady,Плюшева Фортеця Загибелі,Doem Vesting Knuffel,Kıyamet Kalesi Peluş
L_DEC_FAMILIARPLUSH,,Familiar Plush,ファミリアぬいぐるみ,Vertrauter Plüsch,Peluche Familière,Peluche Familiar,Pelúcia Familiar,Плюшевый фамильяр,Peluche Familiare,熟悉絨毛玩偶,使魔毛绒玩具,친근한 인형,Pluszowy Chowaniec,Плюшевий Фамільяр,Vertrouwde Knuffel,Tanıdık Peluş
L_DEC_GRIFFONPLUSH,,Griffon Plush,グリフォンのぬいぐるみ,Greifenplüsch,Peluche de Griffon,Peluche de Grifo,Pelúcia de Grifo,Плюшевый Грифон,Peluche di Grifone,獅鷲絨毛玩偶,狮鹫毛绒玩具,그리폰 인형,Pluszowy Gryf,Плюшевий Грифон,Griffoen Knuffel,Grifon Peluşu
L_DEC_GRIMOIREPLUSH,,Grimoire Plush,グリモアぬいぐるみ,Grimoire-Plüschtier,Peluche de Grimoire,Peluche de Grimorio,Pelúcia de Grimório,Плюшевый Гримуар,Peluche del Grimorio,魔法書玩偶,魔法书毛绒玩具,마법서 인형,Pluszowy Grimuar,Плюшевий Грімуар,Grimoire Knuffel,Grimoire Peluş
L_DEC_HOUNDPLUSH,,Hound Plush,ハウンドぬいぐるみ,Hundeplüschtier,Peluche de Chien,Peluche de Sabueso,Pelúcia de Cão,Плюшевая Гончая,Peluche di Segugio,獵犬玩偶,猎犬毛绒玩具,하운드 인형,Pluszowy Ogar,Плюшевий Пес,Hondenpluche,Tazı Peluşu
L_DEC_IMLERPLUSH,,Imler Plush,イムラーのぬいぐるみ,Imler Plüschtier,Peluche Imler,Peluche de Imler,Pelúcia do Imler,Плюшевый Имлер,Peluche di Imler,伊姆勒玩偶,伊姆魔像毛绒玩具,임러 인형,Pluszak Imler,Плюшевий Імлер,Imler Knuffel,İmler Peluş
L_DEC_IMLINGPLUSH,,Imling Plush,イムリングのぬいぐるみ,Imling-Plüschtier,Peluche d'Imling,Peluche de Imling,Pelúcia de Imling,Плюшевый Имлинг,Peluche di Imling,伊姆林玩偶,伊姆毛绒玩具,임링 인형,Pluszowy Imling,Плюшевий Імлінг,Imling Knuffel,İmling Peluşu
L_DEC_KOLOSSPLUSH,,Koloss Plush,コロッサスのぬいぐるみ,Koloss-Plüschtier,Peluche de Koloss,Peluche de Koloss,Pelúcia de Koloss,Плюшевый Колосс,Peluche di Koloss,巨像絨毛玩偶,巨怪毛绒玩具,콜로스 인형,Pluszowy Koloss,Плюшевий Колос,Koloss Knuffel,Koloss Peluş
L_DEC_LEPERPLUSH,,Leper Plush,レパー・プラッシュ,Aussätzigen-Plüsch,Peluche de Lépreux,Peluche de Leproso,Pelúcia de Leproso,Плюшевый Прокаженный,Peluche del Lebbroso,痲瘋病患玩偶,麻风怪毛绒玩具,나병환자 인형,Pluszowy Trędowaty,Плюшевий Прокажений,Lepra Knuffel,Cüzzamlı Peluş
L_DEC_SOULFLAYERPLUSH,,Soulflayer Plush,ソウルフレイヤーのぬいぐるみ,Seelenschinder-Plüschtier,Peluche d'Écorcheur d'Âmes,Peluche de Desollador de Almas,Pelúcia de Esfolador de Almas,Плюшевый Пожиратель Душ,Peluche del Divoratore di Anime,魂剝者玩偶,夺魂者毛绒玩具,영혼약탈자 인형,Pluszowy Pożeracz Dusz,Плюшевий Пожирач Душ,Zielenviller Knuffel,Ruh Yüzücü Peluş
L_DEC_MUMMYPLUSH,,Mummy Plush,マミーぬいぐるみ,Mumienpuppe,Peluche de Momie,Peluche de Momia,Pelúcia de Múmia,Плюшевая Мумия,Peluche di Mummia,木乃伊玩偶,木乃伊毛绒玩具,미라 인형,Pluszowa Mumia,Плюшева Мумія,Mummie Knuffel,Mumya Peluş
L_DEC_OPHANPLUSH,,Ophan Plush,オーファン・プラッシュ,Ophan-Plüschtier,Peluche d'Ophan,Peluche de Ophan,Pelúcia de Ophan,Плюшевый Офан,Peluche di Ophan,奧凡絨毛玩偶,座天使毛绒玩具,오판 인형,Pluszowy Ophan,Плюшевий Офан,Ophan Knuffel,Ophan Peluş
L_DEC_PARAGONPLUSH,,Paragon Plush,パラゴンぬいぐるみ,Paragon-Plüsch,Peluche Parangon,Peluche Ejemplar,Pelúcia Exemplar,Плюшевый Образец,Peluche Esemplare,典範絨毛玩偶,典范毛绒玩具,모범생 인형,Pluszowy Paragon,Плюшевий Взірець,Paragon Knuffel,Örnek Peluş
L_DEC_PITWORMPLUSH,,Pit Worm Plush,ピットワームのぬいぐるみ,Grubenwurm-Plüschtier,Peluche de Ver des Fosses,Peluche de Gusano de Fosa,Pelúcia de Verme do Poço,Плюшевый Червь из Ямы,Peluche di Verme della Fossa,坑蟲絨毛玩偶,深坑蠕虫毛绒玩具,구덩이 벌레 인형,Pluszowy Robak z Jamy,Плюшевий Хробак з Ями,Putwormpluche,Çukur Kurdu Peluşu
L_DEC_PLAGUEDOCTORPLUSH,,Plague Doctor Plush,疫病医師のぬいぐるみ,Pestdoktor-Plüsch,Peluche de Médecin de la Peste,Peluche de Médico de la Peste,Pelúcia de Médico da Peste,Плюшевый Чумной Доктор,Peluche del Medico della Peste,瘟疫醫生玩偶,瘟疫医生毛绒玩具,역병 의사 인형,Pluszowy Doktor Dżumy,Плюшевий Чумний Лікар,Pestdokter Knuffel,Veba Doktoru Peluş
L_DEC_PRIESTPLUSH,,Priest Plush,司祭のぬいぐるみ,Priester-Plüsch,Peluche de Prêtre,Peluche de Sacerdote,Pelúcia de Sacerdote,Плюшевый Священник,Peluche del Sacerdote,神父玩偶,祭司毛绒玩具,사제 인형,Pluszowy Kapłan,Плюшевий Священик,Priesterpop,Rahip Peluşu
L_DEC_REAPERPLUSH,,Reaper Plush,リーパーのぬいぐるみ,Sensenmann-Plüsch,Peluche de Faucheur,Peluche de Segador,Pelúcia de Ceifador,Мягкая игрушка Жнеца,Peluche del Mietitore,死神玩偶,收割者毛绒玩具,사신 인형,Pluszowy Żniwiarz,Плюшевий Жнець,Reaper Knuffel,Ölüm Meleği Peluşu
L_DEC_REVENANTPLUSH,,Revenant Plush,レヴナントのぬいぐるみ,Revenant-Plüschtier,Peluche de Revenant,Peluche de Aparecido,Pelúcia de Espectro,Плюшевый Ревенант,Peluche del Revenant,亡靈玩偶,复生者毛绒玩具,망령 인형,Pluszowy Upiór,Плюшевий Ревенант,Revenant Knuffel,Hayalet Peluş
L_DEC_RIFTDANCERPLUSH,,Rift Dancer Plush,リフトダンサーのぬいぐるみ,Dimensionstänzer-Plüschtier,Peluche de Danseur des Failles,Peluche de Bailarín de Grietas,Pelúcia de Dançarino das Fendas,Плюшевый Танцор Разлома,Peluche del Danzatore del Varco,裂隙舞者玩偶,裂隙舞者毛绒玩具,리프트 댄서 인형,Pluszak Tancerza Szczelin,Плюшева Танцівниця Розломів,Riftdanser Knuffel,Yarık Dansçısı Peluş
L_DEC_SANCTUSPLUSH,,Sanctus Plush,サンクタスぬいぐるみ,Sanctus Plüsch,Peluche Sanctus,Peluche Sanctus,Pelúcia Sanctus,Плюшевый Санктус,Peluche Sanctus,聖靈絨毛玩偶,圣灵毛绒玩具,성스러운 인형,Pluszowy Sanctus,Плюшевий Санктус,Sanctus Knuffel,Kutsal Peluş
L_DEC_SERAPHPLUSH,,Seraph Plush,セラフぬいぐるみ,Seraph-Plüschtier,Peluche Séraphin,Peluche de Serafín,Pelúcia de Serafim,Плюшевый Серафим,Peluche di Serafino,熾天使玩偶,炽天使毛绒玩具,세라프 인형,Pluszowy Seraf,Плюшевий Серафим,Serafijn Knuffel,Seraf Peluş
L_DEC_SHADEPLUSH,,Shade Plush,シェードぬいぐるみ,Schatten-Plüsch,Peluche d'Ombre,Peluche de Sombra,Pelúcia de Sombra,Плюшевая Тень,Peluche d'Ombra,暗影絨毛玩偶,阴影毛绒玩具,그림자 인형,Pluszowy Cień,Тіньова М'яка Іграшка,Schaduw Knuffel,Gölge Peluş
L_DEC_SIRENPLUSH,,Siren Plush,サイレンぬいぐるみ,Sirenen-Plüschtier,Peluche de Sirène,Peluche de Sirena,Boneco de Pelúcia de Sereia,Плюшевая Сирена,Peluche di Sirena,海妖玩偶,海妖毛绒玩具,사이렌 인형,Pluszowa Syrena,Плюшева Сирена,Sirenenpop,Siren Peluşu
L_DEC_SLIMEPLUSH,,Slime Plush,スライムぬいぐるみ,Schleim-Plüschtier,Peluche de Slime,Peluche de Limo,Pelúcia de Slime,Плюшевый Слизень,Peluche di Slime,史萊姆玩偶,史莱姆毛绒玩具,슬라임 인형,Pluszowy Szlam,Плюшевий слимак,Slijm Knuffel,Balçık Peluş
L_DEC_SPHINXPLUSH,,Sphinx Plush,スフィンクスのぬいぐるみ,Sphinx-Plüschtier,Peluche de Sphinx,Peluche de Esfinge,Pelúcia de Esfinge,Плюшевый Сфинкс,Peluche di Sfinge,獅身人面像玩偶,斯芬克斯毛绒玩具,스핑크스 인형,Pluszowy Sfinks,Плюшевий Сфінкс,Sfinx Knuffel,Sfenks Peluş
L_DEC_SPIRITPLUSH,,Spirit Plush,スピリットぬいぐるみ,Geistplüsch,Peluche Spirituelle,Peluche Espiritual,Pelúcia Espiritual,Плюшевый Дух,Peluche Spirituale,靈魂絨毛玩偶,幽灵毛绒玩具,영혼 인형,Pluszowy Duch,Плюшевий Дух,Geestknuffel,Ruh Peluşu
L_DEC_STAGPLUSH,,Stag Plush,シカのぬいぐるみ,Hirschplüsch,Peluche de Cerf,Peluche de Ciervo,Pelúcia de Cervo,Плюшевый олень,Peluche di Cervo,雄鹿絨毛玩偶,雄鹿毛绒玩具,수사슴 인형,Pluszowy Jeleń,Плюшевий олень,Hertenpluche,Geyik Peluş
L_DEC_STORMPLUSH,,Storm Plush,ストームぬいぐるみ,Sturm-Plüschtier,Peluche Tempête,Peluche de Tormenta,Pelúcia de Tempestade,Плюшевая Буря,Peluche Tempesta,風暴絨毛玩偶,风暴毛绒玩具,폭풍 인형,Pluszowa Burza,Штормова М'яка Іграшка,Stormknuffel,Fırtına Peluş
L_DEC_UNGUIDEDPLUSH,,Unguided Plush,導かれざるぬいぐるみ,Ungeführter Plüsch,Peluche Sans Guide,Peluche sin Guía,Pelúcia Sem Guia,Неуправляемый Плюш,Peluche Senza Guida,無導引絨毛,放逐者毛绒玩具,무작위 인형,Nieukierunkowany Pluszak,Некерований Плюш,Onbegeleide Knuffel,Rehbersiz Peluş
L_DEC_UNICORNPLUSH,,Unicorn Plush,ユニコーンのぬいぐるみ,Einhorn-Plüschtier,Peluche de Licorne,Peluche de Unicornio,Pelúcia de Unicórnio,Плюшевый единорог,Peluche di Unicorno,獨角獸玩偶,独角兽毛绒玩具,유니콘 인형,Pluszowy Jednorożec,Плюшевий єдиноріг,Eenhoorn Knuffel,Tek Boynuzlu At Peluşu
L_DEC_VALKYRIEPLUSH,,Valkyrie Plush,ヴァルキリーのぬいぐるみ,Walküren-Plüsch,Peluche de Valkyrie,Peluche de Valquiria,Pelúcia de Valquíria,Плюшевая Валькирия,Peluche di Valchiria,女武神玩偶,女武神毛绒玩具,발키리 인형,Pluszowa Walkiria,Плюшева Валькірія,Walkure Knuffel,Valkyrie Peluş
L_DEC_VULPESPLUSH,,Vulpes Plush,キツネのぬいぐるみ,Vulpes-Plüschtier,Peluche de Renard,Peluche de Vulpes,Pelúcia de Raposa,Плюшевая Лисица,Peluche di Volpe,狐狸絨毛玩偶,灵狐毛绒玩具,여우 인형,Pluszowy Lis,Плюшевий Лис,Vulpes Knuffel,Tilki Peluşu
L_DEC_YETIPLUSH,,Yeti Plush,イエティのぬいぐるみ,Yeti-Plüschtier,Peluche de Yéti,Peluche de Yeti,Pelúcia de Yeti,Плюшевый Йети,Peluche di Yeti,雪怪玩偶,雪怪毛绒玩具,예티 인형,Pluszowy Yeti,Плюшевий Єті,Yeti Knuffel,Yeti Peluşu
L_DEC_CAESALPINIAS,,Caesalpinias,カエサルピニア,Caesalpinias,Caesalpinias,Caesalpinias,Caesalpinias,Цезальпинии,Caesalpinias,凱莎花,云实,카이살피니아,Caesalpinias,Цезальпінії,Caesalpinias,Caesalpinias
L_DEC_DAFFODILS,,Daffodils,水仙,Narzissen,Jonquilles,Narcisos,Narcisos,Нарциссы,Narcisi,水仙花,水仙,수선화,Żonkile,Нарциси,Narcissen,Nergisler
L_DEC_DAISIES,,Daisies,デイジー,Gänseblümchen,Marguerites,Margaritas,Margaridas,Ромашки,Margherite,雛菊,雏菊,데이지,Stokrotki,Ромашки,Madeliefjes,Papatyalar
L_DEC_HEATHER,,Heather,ヘザー,Heather,Heather,Heather,Heather,Хезер,Heather,希瑟,帚石楠,헤더,Heather,Гезер,Heather,Heather
L_DEC_HYDRANGEAS,,Hydrangeas,アジサイ,Hortensien,Hortensias,Hortensias,Hortênsias,Гортензии,Ortensie,繡球花,绣球花,수국,Hortensje,Гортензії,Hortensia's,Ortancalar
L_DEC_LILIES,,Lilies,ユリ,Lilien,Lys,Lirios,Lírios,Лилии,Gigli,百合花,百合,백합,Lilie,Лілії,Lelies,Zambaklar
L_DEC_LOTUSES,,Lotuses,蓮,Lotusblumen,Lotus,Lotos,Lótus,Лотосы,Loti,蓮花,莲,연꽃,Lotosy,Лотоси,Lotussen,Nilüferler
L_DEC_ROSES,,Roses,バラ,Rosen,Roses,Rosas,Rosas,Розы,Rose,玫瑰,玫瑰,장미,Róże,Троянди,Rozen,Güller
L_DEC_SNAPDRAGONS,,Snapdragons,スナップドラゴン,Löwenmäulchen,Gueules-de-loup,Bocas de dragón,Bocas-de-lobo,Львиный зев,Bocche di leone,龍吐珠花,金鱼草,금어초,Lwia paszcza,Ротики,Leeuwebekjes,Aslanağzı
L_DEC_THISTLES,,Thistles,イバラ,Disteln,Chardons,Cardos,Cardos,Чертополох,Cardi,薊草,蓟,엉겅퀴,Osty,Будяки,Distels,Dikenler
L_DEC_ACACIATREE,,Acacia Tree,アカシアの木,Akazienbaum,Acacia,Árbol de Acacia,Árvore de Acácia,Акация,Albero di Acacia,相思樹,金合欢树,아카시아 나무,Drzewo Akacjowe,Акацієве дерево,Acaciaboom,Akasya Ağacı
L_DEC_MAPLETREE,,Maple Tree,カエデの木,Ahornbaum,Érable,Arce,Árvore de Bordo,Кленовое дерево,Acero,楓樹,枫树,단풍나무,Klon,Кленове дерево,Esdoorn,Akçaağaç
L_DEC_OAKTREE,,Oak Tree,オークの木,Eiche,Chêne,Roble,Carvalho,Дуб,Quercia,橡樹,橡树,참나무,Dąb,Дуб,Eikenboom,Meşe Ağacı
L_DEC_PINETREE,,Pine Tree,松の木,Kiefer,Pin,Pino,Pinheiro,Сосна,Pino,松樹,松树,소나무,Sosna,Сосна,Dennenboom,Çam Ağacı
L_DEC_WILLOWTREE,,Willow Tree,柳の木,Weide,Saule,Sauce Llorón,Salgueiro,Ива,Salice,柳樹,柳树,버드나무,Wierzba,Верба,Wilgenboom,Söğüt Ağacı
L_DEC_BLUEBONNETS,,Blue Bonnets,ブルーボネット,Blaue Kornblumen,Bonnets Bleus,Campanillas Azules,Campânulas Azuis,Голубые Чепчики,Campanule Blu,藍色鈴鐺花,矢车菊,블루 보닛,Niebieskie Czapki,Сині Чепчики,Blauwe Mutsjes,Mavi Bonnetler
L_DEC_CROCUSES,,Crocuses,クロッカス,Krokusse,Crocus,Azafranes,Açafrões,Крокусы,Crochi,番紅花,番红花,크로커스,Krokusy,Крокуси,Krokussen,Çiğdemler
L_DEC_MARIGOLDS,,Marigolds,マリーゴールド,Ringelblumen,Soucis,Caléndulas,Calêndulas,Бархатцы,Calendule,萬壽菊,万寿菊,매리골드,Aksamitki,Чорнобривці,Goudsbloemen,Kadife Çiçekleri
L_DEC_POPPIES,,Poppies,ポピー,Mohnblumen,Coquelicots,Amapolas,Papoulas,Маки,Papaveri,罌粟花,罂粟,양귀비,Maki,Маки,Klaprozen,Gelincikler
L_DEC_TULIPS,,Tulips,チューリップ,Tulpen,Tulipes,Tulipanes,Tulipas,Тюльпаны,Tulipani,鬱金香,郁金香,튤립,Tulipany,Тюльпани,Tulpen,Laleler
L_DEC_ANTHEMINJADE,,Anthem In Jade,アンセム・イン・ジェイド,Hymne in Jade,Hymne de Jade,Himno en Jade,Hino em Jade,Гимн в Нефрите,Inno di Giada,翡翠頌歌,碧玉颂歌,비취의 찬가,Jadeitowy Hymn,Гімн у Нефриті,Hymne In Jade,Yeşim Marşı
L_DEC_BALLADINAMBER,,Ballad In Amber,琥珀の歌,Ballade in Bernstein,Ballade d'Ambre,Balada en Ámbar,Balada em Âmbar,Баллада в Янтаре,Ballata d'Ambra,琥珀之歌,琥珀民谣,호박 속의 발라드,Ballada w Bursztynie,Балада в Бурштині,Ballade in Amber,Kehribar Balad
L_DEC_CHROMATIC,,Chromatic,クロマティック,Chromatisch,Chromatique,Cromático,Cromático,Хроматический,Cromatico,彩色,彩色,색채,Chromatyczny,Хроматичний,Chromatisch,Kromatik
L_DEC_ELEGYINORCHID,,Elegy In Orchid,エレジー・イン・オーキッド,Elegie in Orchidee,Élégie en Orchidée,Elegía en Orquídea,Elegia em Orquídea,Элегия в Орхидее,Elegia in Orchidea,幽蘭輓歌,兰花挽歌,난초의 비가,Elegia w Orchidei,Елегія в Орхідеї,Elegie In Orchidee,Orkide İçinde Ağıt
L_DEC_HYMNINCRIMSON,,Hymn In Crimson,紅の賛歌,Hymne in Karmesinrot,Hymne Écarlate,Himno Carmesí,Hino Em Carmesim,Гимн в Багрянце,Inno Cremisi,緋紅聖歌,腥红圣歌,진홍의 찬가,Pieśń w Szkarłacie,Гімн у Багряному,Hymne in Karmozijn,Kızıl İlahi
L_DEC_LULLABYINCERULEAN,,Lullaby In Cerulean,セルリアンの子守唄,Wiegenlied in Azurblau,Berceuse en Céruléen,Nana en Cerúleo,Canção de Ninar em Cerúleo,Колыбельная в Лазури,Ninna Nanna in Ceruleo,蔚藍搖籃曲,蔚蓝摇篮曲,하늘빛 자장가,Kołysanka w Błękicie,Колискова в Лазурі,Wiegelied In Azuurblauw,Gök Mavisinde Ninni
L_DEC_MELODYINAZURE,,Melody In Azure,メロディ・イン・アズール,Melodie in Azurblau,Mélodie d'Azur,Melodía en Azul,Melodia em Azul,Мелодия в Лазури,Melodia in Azzurro,碧藍旋律,碧空旋律,푸른빛의 선율,Melodia w Błękicie,Мелодія в Лазурі,Melodie In Azuur,Mavi Ezgi
L_DEC_NOCTURNEINLAVENDER,,Nocturne In Lavender,紫の夜想曲,Nocturne in Lavendel,Nocturne En Lavande,Nocturno En Lavanda,Noturno em Lavanda,Ноктюрн в Лавандовом,Notturno In Lavanda,薰衣草夜曲,薰衣草夜曲,라벤더의 야상곡,Nokturn w Lawendzie,Ноктюрн у Лаванді,Nocturne In Lavendel,Lavanta Rengi Noktürn
L_DEC_OPERAINULTRAMARINE,,Opera In Ultramarine,オペラ・イン・ウルトラマリン,Oper in Ultramarinblau,Opéra en Outremer,Ópera en Ultramar,Ópera em Ultramarino,Опера в Ультрамарине,Opera In Ultramarine,深藍歌劇院,深青歌剧,울트라마린의 오페라,Opera w Ultramarynie,Опера в Ультрамарині,Opera In Ultramarijn,Opera In Ultramarine
L_DEC_PRISMATIC,,Prismatic,プリズマティック,Prismatisch,Prismatique,Prismático,Prismático,Призматический,Prismatico,稜鏡,棱光,프리즘,Pryzmatyczny,Призматичний,Prismatisch,Prizmatik
L_DEC_RHAPSODYINVERMILLION,,Rhapsody In Vermillion,朱色の狂詩曲,Rhapsodie in Zinnoberrot,Rhapsodie en Vermillon,Rapsodia en Bermellón,Rapsódia em Vermelho,Рапсодия в Алом,Rapsodia in Vermiglio,朱紅狂想曲,朱红狂想曲,진홍의 광시곡,Rapsodia w Szkarłacie,Рапсодія у Багряному,Rapsodie in Vermiljoen,Kızıl Rapsodi
L_DEC_RONDOINVIRIDIAN,,Rondo In Viridian,翠玉のロンド,Rondo in Smaragdgrün,Rondo en Viridien,Rondo en Viridiano,Rondo em Verde-Esmeralda,Рондо в Изумрудном,Rondo In Viridian,翠綠輪舞曲,翠绿回旋曲,비리디안의 론도,Rondo w Szmaragdowej Zieleni,Рондо в Смарагдовому,Rondo In Viridian,Yeşil Rondo
L_DEC_SOLOINCHARTREUSE,,Solo In Chartreuse,ソロ・イン・シャルトリューズ,Solo in Chartreuse,Solo En Chartreuse,Solo En Chartreuse,Solo Em Chartreuse,Соло в Шартрезе,Solo In Chartreuse,綠黃獨行,黄绿独奏,차트루즈에서 홀로,Solo w Chartreuse,Соло в Шартрезі,Solo In Chartreuse,Solo In Chartreuse
L_DEC_SONATAINROSE,,Sonata In Rose,ソナタ・イン・ローズ,Sonate in Rosa,Sonate en Rose,Sonata en Rosa,Sonata em Rosa,Соната в Розе,Sonata in Rosa,玫瑰奏鳴曲,玫瑰奏鸣曲,장미의 소나타,Sonata w Róży,Соната в Рожевому,Sonate in Roos,Gül Sonatı
L_DEC_SPECTRUM,,Spectrum,スペクトラム,Spektrum,Spectre,Espectro,Espectro,Спектр,Spettro,光譜,光谱,스펙트럼,Spektrum,Спектр,Spectrum,Spektrum
L_DEC_DELICIOUSFRUIT,,Delicious Fruit,おいしい果物,Köstliche Frucht,Fruit Délicieux,Fruta Deliciosa,Fruta Deliciosa,Вкусный фрукт,Frutto Delizioso,美味的水果,美味水果,맛있는 과일,Pyszny Owoc,Смачний фрукт,Heerlijk Fruit,Lezzetli Meyve
L_DEC_DESERTSUNSET,,Desert Sunset,砂漠の夕暮れ,Wüstendämmerung,Coucher de Soleil Désertique,Ocaso del Desierto,Pôr do Sol no Deserto,Закат в Пустыне,Tramonto nel Deserto,沙漠夕陽,沙漠落日,사막의 석양,Pustynny Zachód Słońca,Пустельний Захід Сонця,Woestijnzonsondergang,Çöl Günbatımı
L_DEC_DIDSOMEONESAYRIDDLES?,,Did Someone Say Riddles?,なぞなぞと言った人はいる？,Hat jemand Rätsel gesagt?,Quelqu'un a parlé d'énigmes ?,¿Alguien Dijo Acertijos?,Alguém Falou em Enigmas?,Кто-то Сказал Загадки?,Qualcuno Ha Detto Indovinelli?,有人說謎語嗎？,有人说谜语？,누군가 수수께끼를 언급했나?,Czy Ktoś Wspomniał o Zagadkach?,Хтось Сказав Загадки?,Zei Iemand Raadsels?,Biri Bilmece Mi Dedi?
L_DEC_GREATWAVE,,Great Wave,大波,Große Welle,Grande Vague,Gran Ola,Grande Onda,Великая Волна,Grande Onda,巨浪,巨浪,대파도,Wielka Fala,Велика Хвиля,Grote Golf,Büyük Dalga
L_DEC_HEBRON'SMOTHER,,Hebron's Mother,ヘブロンの母,Hebrons Mutter,Mère d'Hebron,Madre de Hebron,Mãe de Hebron,Мать Хеброна,Madre di Hebron,希伯倫的母親,赫布隆的母亲,헤브론의 어머니,Matka Hebrona,Мати Геброна,Hebrons Moeder,Hebron'un Annesi
L_DEC_ITHERIANPROMISE,,Itherian Promise,イセリアンの誓約,Itherisches Versprechen,Promesse Ithérienne,Promesa Itheriana,Promessa de Itheria,Итерианское Обещание,Promessa Itheriana,伊瑟里安誓約,伊瑟里安誓约,이세리안의 약속,Obietnica Itheriańska,Іферійська Обіцянка,Itheriaanse Belofte,İtherian Sözü
L_DEC_IT'SAMYSTERY,,It's a Mystery,謎だ,Es ist ein Mysterium,C'est un Mystère,Es un Misterio,É um Mistério,Это Загадка,È un Mistero,這是個謎,这是个谜,미스터리네,To tajemnica,Це Загадка,Het is een Mysterie,Bir Gizem
L_DEC_SINISTERPRESENCE,,Sinister Presence,不吉な気配,Finstere Präsenz,Présence Sinistre,Presencia Siniestra,Presença Sinistra,Зловещее Присутствие,Presenza Sinistra,邪惡存在,邪恶存在,불길한 존재,Złowroga Obecność,Зловісна Присутність,Onheilspellende Aanwezigheid,Uğursuz Varlık
L_DEC_SIRKNIGHT,,Sir Knight,騎士殿,Herr Ritter,Sire Chevalier,Señor Caballero,Senhor Cavaleiro,Сэр Рыцарь,Ser Cavaliere,騎士大人,骑士大人,기사님,Sir Knight,Сер Лицар,Heer Ridder,Şövalye Efendi
L_DEC_SUNNYSKY,,Sunny Sky,晴れた空,Sonniger Himmel,Ciel Ensoleillé,Cielo Soleado,Céu Ensolarado,Солнечное Небо,Cielo Soleggiato,晴朗天空,晴朗天空,맑은 하늘,Słoneczne Niebo,Сонячне Небо,Zonnige Hemel,Güneşli Gökyüzü
L_DEC_COLOROFMAGIC,,Color of Magic,魔法の色,Farbe der Magie,Couleur de Magie,Color de Magia,Cor da Magia,Цвет Магии,Colore della Magia,魔法之色,魔法之色,마법의 색,Kolor Magii,Колір Магії,Kleur van Magie,Büyünün Rengi
L_DEC_LEGENDARYBLADE,,Legendary Blade,伝説の剣,Legendäre Klinge,Lame Légendaire,Espada Legendaria,Lâmina Lendária,Легендарный Клинок,Lama Leggendaria,傳奇之刃,传奇之刃,전설의 검,Legendarny Miecz,Легендарний Клинок,Legendarisch Zwaard,Efsanevi Kılıç
L_DEC_PATHOFTHEDAMNED,,Path of the Damned,呪われし者の道,Pfad der Verdammten,Chemin des Damnés,Camino de los Condenados,Caminho dos Condenados,Путь Проклятых,Sentiero dei Dannati,詛咒之途,诅咒之路,저주받은 자의 길,Ścieżka Potępionych,Шлях Проклятих,Pad der Verdoemden,Lanetlilerin Yolu
L_DEC_STARRYNIGHT,,Starry Night,星空の夜,Sternennacht,Nuit Étoilée,Noche Estrellada,Noite Estrelada,Звёздная ночь,Notte Stellata,星空之夜,星夜,별이 빛나는 밤,Gwieździsta Noc,Зоряна ніч,Sterrenhemel,Yıldızlı Gece
L_DEC_SPELLGEMS,,Spell Gems,スペルジェム,Zaubersteine,Gemmes de sort,Gemas de Hechizo,Gemas de Feitiço,Самоцветы заклинаний,Gemme Incantesimo,法術寶石,法术宝石,주문 보석,Klejnoty Zaklęć,Самоцвіти заклинань,Toversteen,Büyü Taşları
L_DEC_ARTOFTHECARDS,,Art of the Cards,カードの技法,Kunst der Karten,Art des Cartes,Arte de las Cartas,Arte das Cartas,Искусство Карт,Arte delle Carte,卡牌藝術,卡牌艺术,카드의 예술,Sztuka Kart,Мистецтво Карт,Kunst van de Kaarten,Kartların Sanatı
L_DEC_THEFIRSTMAGE,,The First Mage,最初の魔道士,Der Erste Magier,Le Premier Mage,El Primer Mago,O Primeiro Mago,Первый Маг,Il Primo Mago,第一魔法師,第一法师,첫 번째 마법사,Pierwszy Mag,Перший Маг,De Eerste Magiër,İlk Büyücü
L_DEC_THESECONDORDER,,The Second Order,第二の騎士団,Der Zweite Orden,Le Second Ordre,La Segunda Orden,A Segunda Ordem,Второй Орден,Il Secondo Ordine,第二序列,第二秩序,두 번째 교단,Drugi Zakon,Другий Орден,De Tweede Orde,İkinci Düzen
L_DEC_THETHIRDGATHERING,,The Third Gathering,第三の集会,Das Dritte Treffen,Le Troisième Rassemblement,El Tercer Encuentro,O Terceiro Encontro,Третий Сбор,Il Terzo Raduno,第三次集會,第三集会,세 번째 집회,Trzecie Zgromadzenie,Третє Зібрання,De Derde Bijeenkomst,Üçüncü Toplanma
L_DEC_GOLDENKNIGHT,,Golden Knight,黄金騎士,Goldener Ritter,Chevalier d'Or,Caballero Dorado,Cavaleiro Dourado,Золотой Рыцарь,Cavaliere Dorato,黃金騎士,黄金骑士,황금 기사,Złoty Rycerz,Золотий Лицар,Gouden Ridder,Altın Şövalye
L_DEC_PLAINTHRONE,,Plain Throne,質素な玉座,Schlichter Thron,Trône Simple,Trono Sencillo,Trono Simples,Простой Трон,Trono Semplice,樸素王座,朴素王座,평범한 왕좌,Prosty Tron,Простий Трон,Eenvoudige Troon,Sade Taht
L_DEC_SHELFOFBOOZE,,Shelf of Booze,酒の棚,Regal mit Schnaps,Étagère d'Alcool,Estante de Licor,Prateleira de Bebidas,Полка с выпивкой,Scaffale di Alcolici,酒架,酒水架,술병 선반,Półka z Alkoholem,Полиця з випивкою,Schap met Drank,İçki Rafı
L_DEC_TRIALOFTHEGODSCCG,,Trial of the Gods CCG,神々の試練CCG,Prüfung der Götter CCG,Épreuve des Dieux JCC,Juicio de los Dioses CCG,Julgamento dos Deuses CCG,Испытание Богов ККИ,Prova degli Dei CCG,眾神試煉卡牌遊戲,众神的试炼卡牌游戏,신들의 시험 CCG,Próba Bogów CCG,Випробування Богів ККГ,Trial of the Gods CCG,Tanrıların Sınavı KKO
L_DEC_DARTBOARD,,Dartboard,ダーツボード,Dartscheibe,Cible de fléchettes,Diana,Alvo de dardos,Мишень для дартса,Bersaglio,飛鏢靶,飞镖靶,다트판,Tarcza do rzutek,Мішень для дартсу,Dartbord,Dart Tahtası
L_DEC_DRUNKENDEVIL,,Drunken Devil,酔いどれ悪魔,Trunkener Teufel,Diable Ivrogne,Diablo Borracho,Diabo Bêbado,Пьяный Дьявол,Diavolo Ubriaco,醉酒惡魔,醉酒魔鬼,술 취한 악마,Pijany Diabeł,П'яний Диявол,Dronken Duivel,Sarhoş Şeytan
L_DEC_SCOREBOARD,,Scoreboard,スコアボード,Anzeigetafel,Tableau des scores,Marcador,Placar,Таблица лидеров,Tabellone dei punteggi,計分板,记分板,점수판,Tablica wyników,Табло,Scorebord,Skor Tablosu
L_DEC_WINERACK,,Wine Rack,ワインラック,Weinregal,Casier à vin,Estante de vino,Adega,Винный шкаф,Scaffale per Vini,酒架,酒架,와인 랙,Stojak na wino,Винна полиця,Wijnrek,Şarap Rafı
L_DEC_CHRISTMASALTAR,,Christmas Altar,クリスマスの祭壇,Weihnachtsaltar,Autel de Noël,Altar Navideño,Altar de Natal,Рождественский Алтарь,Altare Natalizio,聖誕祭壇,圣诞祭坛,크리스마스 제단,Świąteczny Ołtarz,Різдвяний вівтар,Kerstaltar,Noel Sunağı
L_DEC_CHRISTMASBANNER,,Christmas Banner,クリスマスバナー,Weihnachtsbanner,Bannière de Noël,Banner Navideño,Banner de Natal,Рождественский Баннер,Banner Natalizio,聖誕節橫幅,圣诞旗帜,크리스마스 배너,Świąteczny Baner,Різдвяний Банер,Kerstbanner,Noel Afişi
L_DEC_CHRISTMASBIGRUG,,Christmas Big Rug,クリスマスの大きな敷物,Weihnachtlicher großer Teppich,Tapis de Noël Géant,Alfombra Grande de Navidad,Tapete Grande de Natal,Большой рождественский ковёр,Tappeto Grande Natalizio,聖誕大地毯,圣诞大地毯,크리스마스 대형 러그,Świąteczny Duży Dywan,Різдвяний Великий Килим,Kerstmis Groot Tapijt,Büyük Noel Halısı
L_DEC_CHRISTMASLANTERN,,Christmas Lantern,クリスマスランタン,Weihnachtslaterne,Lanterne de Noël,Farol Navideño,Lanterna de Natal,Рождественский фонарь,Lanterna Natalizia,聖誕燈籠,圣诞灯笼,크리스마스 랜턴,Świąteczna Latarnia,Різдвяний ліхтар,Kerstlantaarn,Noel Feneri
L_DEC_CHRISTMASCHAIR,,Christmas Chair,クリスマスチェア,Weihnachtsstuhl,Chaise de Noël,Silla Navideña,Cadeira de Natal,Рождественское кресло,Sedia Natalizia,聖誕椅子,圣诞椅子,크리스마스 의자,Świąteczny Fotel,Різдвяне крісло,Kerstmis Stoel,Noel Sandalyesi
L_DEC_CHRISTMASPILLARGREEN,,Christmas Pillar (Green),クリスマスの柱（緑）,Weihnachtssäule (Grün),Pilier de Noël (Vert),Pilar Navideño (Verde),Pilar de Natal (Verde),Рождественская колонна (зелёная),Pilastro Natalizio (Verde),聖誕柱（綠）,圣诞柱子（绿）,크리스마스 기둥 (초록),Świąteczna Kolumna (Zielona),Різдвяна колона (зелена),Kerstpilaar (Groen),Noel Sütunu (Yeşil)
L_DEC_CHRISTMASPILLARRED,,Christmas Pillar (Red),クリスマスの柱（赤）,Weihnachtssäule (Rot),Pilier de Noël (Rouge),Pilar Navideño (Rojo),Pilar de Natal (Vermelho),Рождественская колонна (Красная),Pilastro Natalizio (Rosso),聖誕柱（紅）,圣诞柱子（红）,크리스마스 기둥 (빨강),Świąteczna Kolumna (Czerwona),Різдвяна колона (Червона),Kerstpilaar (Rood),Noel Sütunu (Kırmızı)
L_DEC_CHRISTMASLONGRUG,,Christmas Long Rug,クリスマスロングラグ,Weihnachtlicher Langläufer,Tapis Long de Noël,Alfombra Larga Navideña,Tapete Comprido de Natal,Рождественский длинный ковёр,Tappeto Lungo Natalizio,聖誕長地毯,圣诞长地毯,크리스마스 긴 러그,Długi Dywan Świąteczny,Різдвяний довгий килим,Kerstmis Lange Loper,Noel Uzun Halı
L_DEC_JOLLYOLDSAINT,,Jolly Old Saint,陽気な老聖人,Fröhlicher Alter Heiliger,Joyeux Vieux Saint,Alegre Viejo Santo,Velho São Noel,Веселый Старый Святой,Vecchio Allegro Santo,歡樂老聖人,欢乐老圣人,유쾌한 노성인,Wesoły Stary Święty,Веселий Старий Святий,Vrolijke Oude Sint,Neşeli Yaşlı Aziz
L_DEC_ANDTOALLAGOODNIGHT,,And To All A Good Night,そして皆に良き夜を,Und Allen Eine Gute Nacht,Et À Tous Une Bonne Nuit,Y Para Todos Una Buena Noche,E Para Todos Uma Boa Noite,И Всем Спокойной Ночи,E A Tutti Una Buona Notte,祝大家有個美好的夜晚,祝大家晚安,그리고 모두에게 좋은 밤을,I Wszystkim Dobrej Nocy,І всім на добраніч,En Voor Allen Een Goede Nacht,İyi Geceler Herkese
L_DEC_CHRISTMASCACTUS,,Christmas Cactus,クリスマスサボテン,Weihnachtskaktus,Cactus de Noël,Cactus de Navidad,Cacto de Natal,Рождественский кактус,Cactus Natalizio,聖誕仙人掌,圣诞仙人掌,크리스마스 선인장,Kaktus Bożonarodzeniowy,Різдвяний кактус,Kerstcactus,Noel Kaktüsü
L_DEC_HOLLY,,Holly,ホリー,Holly,Houx,Holly,Holly,Холли,Agrifoglio,霍莉,冬青,홀리,Ostrokrzew,Холлі,Holly,Holly
L_DEC_MISTLETOE,,Mistletoe,ヤドリギ,Mistelzweig,Gui,Muérdago,Visco,Омела,Vischio,槲寄生,槲寄生,겨우살이,Jemioła,Омела,Maretak,Ökseotu
L_DEC_SNOWYFIR,,Snowy Fir,雪松,Schneefichte,Sapin Neigeux,Abeto Nevado,Abeto Nevado,Снежная Пихта,Abete Innevato,雪白冷杉,雪杉,눈 덮인 전나무,Śnieżna Jodła,Сніжна Ялина,Besneeuwde Spar,Karlı Köknar
L_DEC_PONSETTIAS,,Ponsettias,ポインセチア,Weihnachtssterne,Ponsettias,Poinsetias,Poinsétias,Пуансеттии,Ponsettie,聖誕紅,一品红,포인세티아,Poinsecje,Пуансетії,Kerststerren,Ponsettialar
L_DEC_THENUTCRACKER,,The Nutcracker,くるみ割り人形,Der Nussknacker,Le Casse-Noisette,El Cascanueces,O Quebra-Nozes,Щелкунчик,Lo Schiaccianoci,胡桃鉗,胡桃夹子,호두까기 인형,Dziadek do Orzechów,Лускунчик,De Notenkraker,Fındıkkıran
L_DEC_CHRISTMASTABLE,,Christmas Table,クリスマステーブル,Weihnachtstisch,Table de Noël,Mesa de Navidad,Mesa de Natal,Рождественский стол,Tavolo Natalizio,聖誕餐桌,圣诞桌子,크리스마스 테이블,Świąteczny Stół,Різдвяний стіл,Kersttafel,Noel Masası
L_DEC_CHRISTMASTHRONE,,Christmas Throne,クリスマスの玉座,Weihnachtsthron,Trône de Noël,Trono Navideño,Trono de Natal,Рождественский Трон,Trono Natalizio,聖誕王座,圣诞王座,크리스마스 왕좌,Świąteczny Tron,Різдвяний Трон,Kersttroon,Noel Tahtı
L_DEC_FAIRYLIGHTSBLUE/ORANGE,,Fairy Lights (Blue/Orange),フェアリーライト（青/オレンジ）,Feenlichter (Blau/Orange),Lumières Féeriques (Bleu/Orange),Luces de Hadas (Azul/Naranja),Luzes de Fada (Azul/Laranja),Волшебные огоньки (Синие/Оранжевые),Luci Fatate (Blu/Arancione),精靈燈（藍/橙）,仙子灯（蓝/橙）,요정 조명 (파랑/주황),Światełka Wróżek (Niebieskie/Pomarańczowe),Чарівні вогники (Сині/Помаранчеві),Feeënlichtjes (Blauw/Oranje),Peri Işıkları (Mavi/Turuncu)
L_DEC_FAIRYLIGHTSPURPLE/YELLOW,,Fairy Lights (Purple/Yellow),フェアリーライト（紫／黄）,Feenlichter (Lila/Gelb),Lumières Féeriques (Violet/Jaune),Luces de Hadas (Púrpura/Amarillo),Luzes de Fada (Roxo/Amarelo),Волшебные огоньки (Фиолетовый/Жёлтый),Luci Fatate (Viola/Giallo),精靈燈（紫色/黃色）,仙子灯（紫/黄）,요정 조명 (보라색/노란색),Światełka Wróżkowe (Fioletowe/Żółte),Чарівні вогники (Фіолетові/Жовті),Feeënlichtjes (Paars/Geel),Peri Işıkları (Mor/Sarı)
L_DEC_FAIRYLIGHTSRED/GREEN,,Fairy Lights (Red/Green),フェアリーライト（赤/緑）,Feenlichter (Rot/Grün),Lumières Féeriques (Rouge/Vert),Luces de Hadas (Rojo/Verde),Luzes de Fada (Vermelho/Verde),Волшебные огоньки (Красные/Зелёные),Luci Fatate (Rosso/Verde),精靈燈（紅/綠）,仙子灯（红/绿）,요정 조명 (빨강/초록),Światełka Wróżek (Czerwone/Zielone),Чарівні вогники (червоні/зелені),Feeënlichtjes (Rood/Groen),Peri Işıkları (Kırmızı/Yeşil)
L_DEC_FAIRYLIGHTSWHITE,,Fairy Lights (White),フェアリーライト（白）,Feenlichter (Weiß),Lumières Féeriques (Blanc),Luces de Hadas (Blancas),Luzes de Fada (Branco),Волшебные огоньки (Белые),Luci Fatate (Bianche),精靈燈（白色）,仙子灯（白）,요정 조명 (하얀색),Światełka Wróżek (Białe),Чарівні вогники (Білі),Feeënlichtjes (Wit),Peri Işıkları (Beyaz)
L_DEC_GIFTBOXBROWN/BLUE,,Gift Box (Brown/Blue),ギフトボックス（茶/青）,Geschenkbox (Braun/Blau),Boîte Cadeau (Marron/Bleu),Caja de Regalo (Marrón/Azul),Caixa de Presente (Marrom/Azul),Подарочная коробка (коричневая/синяя),Scatola Regalo (Marrone/Blu),禮物盒（棕色/藍色）,礼盒（棕/蓝）,선물 상자 (갈색/파란색),Pudełko Prezentowe (Brązowe/Niebieskie),Подарункова коробка (коричнева/синя),Geschenkdoos (Bruin/Blauw),Hediye Kutusu (Kahverengi/Mavi)
L_DEC_GIFTBOXGREEN/YELLOW,,Gift Box (Green/Yellow),ギフトボックス（緑/黄）,Geschenkbox (Grün/Gelb),Boîte Cadeau (Vert/Jaune),Caja de Regalo (Verde/Amarillo),Caixa de Presente (Verde/Amarelo),Подарочная коробка (Зелёная/Жёлтая),Scatola Regalo (Verde/Giallo),禮物盒（綠/黃）,礼盒（绿/黄）,선물 상자 (초록색/노란색),Pudełko Prezentowe (Zielone/Żółte),Подарункова коробка (Зелена/Жовта),Geschenkdoos (Groen/Geel),Hediye Kutusu (Yeşil/Sarı)
L_DEC_GIFTBOXPURPLE/YELLOW,,Gift Box (Purple/Yellow),ギフトボックス（紫/黄）,Geschenkbox (Lila/Gelb),Boîte Cadeau (Violet/Jaune),Caja de Regalo (Púrpura/Amarillo),Caixa de Presente (Roxo/Amarelo),Подарочная коробка (Фиолетовая/Жёлтая),Scatola Regalo (Viola/Giallo),禮物盒（紫色/黃色）,礼盒（紫/黄）,선물 상자 (보라색/노란색),Pudełko Prezentowe (Fioletowe/Żółte),Подарункова Коробка (Фіолетова/Жовта),Geschenkkist (Paars/Geel),Hediye Kutusu (Mor/Sarı)
L_DEC_GIFTBOXRED/GREEN,,Gift Box (Red/Green),ギフトボックス（赤/緑）,Geschenkbox (Rot/Grün),Boîte Cadeau (Rouge/Vert),Caja de Regalo (Rojo/Verde),Caixa de Presente (Vermelho/Verde),Подарочная коробка (Красная/Зеленая),Scatola Regalo (Rosso/Verde),禮物盒（紅/綠）,礼盒（红/绿）,선물 상자 (빨강/초록),Pudełko Prezentowe (Czerwone/Zielone),Подарункова коробка (Червона/Зелена),Geschenkdoos (Rood/Groen),Hediye Kutusu (Kırmızı/Yeşil)
L_DEC_GIFTBOXWHITE/BLUE,,Gift Box (White/Blue),ギフトボックス（白/青）,Geschenkbox (Weiß/Blau),Boîte Cadeau (Blanc/Bleu),Caja de Regalo (Blanco/Azul),Caixa de Presente (Branco/Azul),Подарочная коробка (Белая/Синяя),Scatola Regalo (Bianco/Blu),禮物盒（白/藍）,礼盒（白/蓝）,선물 상자 (흰색/파란색),Pudełko Prezentowe (Białe/Niebieskie),Подарункова коробка (Біла/Синя),Geschenkdoos (Wit/Blauw),Hediye Kutusu (Beyaz/Mavi)
L_DEC_MENORAH,,Menorah,メノラー,Menora,Ménorah,Menorá,Menorá,Менора,Menorah,七燭台,大烛台,메노라,Menora,Менора,Menorah,Menorah
L_DEC_CANDYCANE,,Candy Cane,キャンディケーン,Zuckerstange,Sucre d'orge,Bastón de Caramelo,Bengala Doce,Леденец,Bastoncino di Zucchero,拐杖糖,拐杖糖,사탕 지팡이,Laska Cukrowa,Льодяна Паличка,Zuurstok,Şeker Bastonu
L_DEC_SNOWCLOUDS,,Snow Clouds,雪雲,Schneewolken,Nuages de Neige,Nubes de Nieve,Nuvens de Neve,Снежные Облака,Nubi di Neve,雪雲,雪云,눈구름,Śnieżne Chmury,Снігові Хмари,Sneeuwwolken,Kar Bulutları
L_DEC_SNOWMAN,,Snowman,雪だるま,Schneemann,Bonhomme de neige,Muñeco de nieve,Boneco de neve,Снеговик,Pupazzo di neve,雪人,雪人,눈사람,Bałwan,Сніговик,Sneeuwpop,Kardan Adam
L_DEC_HOLIDAYBELL,,Holiday Bell,ホリデーベル,Festtagsglocke,Cloche de Fête,Campana Festiva,Sino Festivo,Праздничный Колокольчик,Campana Festiva,節慶鈴鐺,节日铃铛,홀리데이 벨,Świąteczny Dzwonek,Святковий Дзвіночок,Feestdagsbel,Tatil Çanı
L_DEC_HOLIDAYWREATH,,Holiday Wreath,ホリデーリース,Festkranz,Couronne de Fêtes,Corona Navideña,Guirlanda Festiva,Праздничный венок,Corona Natalizia,節慶花環,节日花环,홀리데이 리스,Świąteczny Wieniec,Святковий вінок,Feestkrans,Tatil Çelengi
L_DEC_CHRISTMASTREE,,Christmas Tree,クリスマスツリー,Weihnachtsbaum,Sapin de Noël,Árbol de Navidad,Árvore de Natal,Рождественская ёлка,Albero di Natale,聖誕樹,圣诞树,크리스마스 트리,Choinka,Різдвяна ялинка,Kerstboom,Noel Ağacı
L_DEC_SUMMERALTAR,,Summer Altar,夏の祭壇,Sommeraltar,Autel d'Été,Altar de Verano,Altar do Verão,Летний Алтарь,Altare Estivo,夏日祭壇,夏日祭坛,여름 제단,Letni Ołtarz,Літній Вівтар,Zomeraltaar,Yaz Sunağı
L_DEC_SUMMERBANNER,,Summer Banner,サマーバナー,Sommer-Banner,Bannière d'été,Banner de Verano,Banner de Verão,Летний Баннер,Banner Estivo,夏日橫幅,夏日旗帜,여름 배너,Letni Baner,Літній Банер,Zomerbanner,Yaz Afişi
L_DEC_SUMMERBIGRUG,,Summer Big Rug,サマービッグラグ,Großer Sommerteppich,Tapis d'Été,Alfombra Grande de Verano,Tapete Grande de Verão,Летний Большой Ковёр,Tappeto Grande Estivo,夏日大地毯,夏日大地毯,여름 대형 러그,Letni Duży Dywan,Літній Великий Килим,Zomer Groot Tapijt,Yaz Büyük Halı
L_DEC_SUMMERTORCH,,Summer Torch,夏の松明,Sommerfackel,Torche d'Été,Antorcha de Verano,Tocha de Verão,Летний Факел,Torcia Estiva,夏日火炬,夏日火炬,여름 횃불,Letnia Pochodnia,Літній Смолоскип,Zomerfakkel,Yaz Meşalesi
L_DEC_SUMMERCHAIR,,Summer Chair,サマーチェア,Sommerstuhl,Chaise d'été,Silla de Verano,Cadeira de Verão,Летний Стул,Sedia Estiva,夏日椅子,夏日椅子,여름 의자,Letnie Krzesło,Літній Стілець,Zomerstoel,Yaz Sandalyesi
L_DEC_SUMMERPILLAR,,Summer Pillar,夏の柱,Sommersäule,Pilier d'Été,Pilar del Verano,Pilar do Verão,Летний Столп,Pilastro Estivo,夏之柱,夏日柱子,여름 기둥,Filar Lata,Літній Стовп,Zomerzuil,Yaz Sütunu
L_DEC_SUMMERLONGRUG,,Summer Long Rug,夏の長いラグ,Sommer-Langflor-Teppich,Tapis Long d'Été,Alfombra Larga de Verano,Tapete Longo de Verão,Летний длинный ковер,Tappeto Estivo Lungo,夏日長地毯,夏日长地毯,여름 긴 러그,Letni Długi Dywan,Літній Довгий Килим,Zomerlang Tapijt,Yaz Boyu Halı
L_DEC_SUMMERSUNRISE,,Summer Sunrise,夏の日の出,Sommermorgenröte,Aube d'Été,Amanecer de Verano,Nascer do Sol de Verão,Летний Рассвет,Alba Estiva,夏日晨曦,夏日晨光,여름의 일출,Letni Świt,Літній Світанок,Zomerzonsopgang,Yaz Güneşin Doğuşu
L_DEC_PASSINGBREEZE,,Passing Breeze,そよ風,Flüchtiger Wind,Brise Passagère,Brisa Pasajera,Brisa Passageira,Мимолетный Ветерок,Brezza Passeggera,輕拂微風,轻拂之风,스치는 바람,Przelotny Wiatr,Легкий Вітерець,Voorbijgaande Bries,Geçen Esinti
L_DEC_BROMELIAD,,Bromeliad,ブロメリア,Bromelie,Broméliacée,Bromelia,Bromélia,Бромелия,Bromeliade,鳳梨科植物,凤梨,브로멜리아드,Bromelia,Бромелія,Bromelia,Bromelia
L_DEC_GLADIOLUS,,Gladiolus,グラディオラス,Gladiolus,Gladiolus,Gladiolus,Gladiolus,Гладиолус,Gladiolus,劍蘭,剑兰,글라디올러스,Gladiolus,Гладіолус,Gladiolus,Gladiolus
L_DEC_SUNFLOWER,,Sunflower,ひまわり,Sonnenblume,Tournesol,Girasol,Girassol,Подсолнух,Girasole,向日葵,向日葵,해바라기,Słonecznik,Соняшник,Zonnebloem,Ayçiçeği
L_DEC_TALLSUNFLOWERS,,Tall Sunflowers,背の高いヒマワリ,Hohe Sonnenblumen,Grands Tournesols,Girasoles Altos,Girassóis Altos,Высокие Подсолнухи,Girasoli Alti,高大向日葵,高向日葵,키 큰 해바라기,Wysokie Słoneczniki,Високі Соняшники,Lange Zonnebloemen,Uzun Ayçiçekleri
L_DEC_SUMMERFLOWERBED,,Summer Flowerbed,夏の花壇,Sommerblumenbeet,Parterre d'Été,Parterre de Verano,Canteiro de Flores de Verão,Летняя Клумба,Aiuola Estiva,夏日花圃,夏日花坛,여름 화단,Letnia Rabata,Літня Клумба,Zomerbloembed,Yaz Çiçekliği
L_DEC_SUNDANCER,,Sundancer,サンダンサー,Sonnentänzer,Danseur solaire,Danzasol,Dançarino do Sol,Танцующий с Солнцем,Danzasole,日舞者,烈日舞者,태양무용가,Tancerz Słońca,Сонцетанцівник,Zonnedanser,Güneşdansçısı
L_DEC_SUMMERTABLE,,Summer Table,夏のテーブル,Sommertisch,Table d'été,Mesa de Verano,Mesa de Verão,Летний Стол,Tavolo Estivo,夏日餐桌,夏日桌子,여름 테이블,Letni Stół,Літній стіл,Zomertafel,Yaz Masası
L_DEC_SUMMERTHRONE,,Summer Throne,夏の玉座,Sommerthron,Trône d'Été,Trono de Verano,Trono de Verão,Летний Трон,Trono d'Estate,夏之王座,夏日王座,여름의 왕좌,Letni Tron,Літній Трон,Zomertroon,Yaz Tahtı
L_DEC_SPRINGALTAR,,Spring Altar,春の祭壇,Frühlingsaltar,Autel du Printemps,Altar de Primavera,Altar da Primavera,Весенний Алтарь,Altare della Primavera,春之祭壇,春季祭坛,봄의 제단,Ołtarz Wiosny,Весняний Вівтар,Lente-altaar,Bahar Sunağı
L_DEC_SPRINGBANNER,,Spring Banner,春のバナー,Frühlingsbanner,Bannière du Printemps,Estandarte de Primavera,Estandarte da Primavera,Весенний Баннер,Stendardo Primaverile,春季旗幟,春季横幅,봄 배너,Wiosenny Sztandar,Весняний Банер,Lentebanner,Bahar Sancağı
L_DEC_SPRINGBIGRUG,,Spring Big Rug,スプリング・ビッグラグ,Großer Frühlingsteppich,Tapis Printanier,Alfombra Grande de Primavera,Tapete Grande de Primavera,Большой весенний ковёр,Tappeto Grande Primaverile,春季大地毯,春季大地毯,봄 대형 러그,Duży Wiosenny Dywan,Велика весняна ковдра,Lente Groot Tapijt,Büyük Bahar Halısı
L_DEC_SPRINGGLOWTREE,,Spring Glowtree,春の輝き樹,Frühlings-Leuchtbaum,Arbre Lumineux du Printemps,Árbol Luminoso de Primavera,Árvore Luminosa da Primavera,Весеннее Светящееся Дерево,Albero Luminoso Primaverile,春之光樹,春光树,봄 빛나무,Świetliste Drzewo Wiosny,Весняне Світлодерево,Lentegloeilichtboom,Bahar Işıldak Ağacı
L_DEC_SPRINGCHAIR,,Spring Chair,スプリングチェア,Frühlingsstuhl,Chaise Printanière,Silla de Primavera,Cadeira de Primavera,Весенний стул,Sedia Primaverile,春季椅子,春季椅子,봄 의자,Wiosenne Krzesło,Весняне крісло,Lentestoel,Bahar Sandalyesi
L_DEC_SPRINGPILLAR,,Spring Pillar,春の柱,Frühlingssäule,Pilier du Printemps,Pilar de Primavera,Pilar da Primavera,Весенний Столп,Pilastro della Primavera,春之柱,春季柱子,봄의 기둥,Wiosenny Filar,Весняний Стовп,Lentepilaar,Bahar Sütunu
L_DEC_SPRINGLONGRUG,,Spring Long Rug,春の長いラグ,Frühlings-Langläufer,Tapis Long de Printemps,Alfombra Larga de Primavera,Tapete Longo de Primavera,Весенний длинный ковёр,Tappeto Lungo Primaverile,春季長地毯,春季长地毯,봄 긴 러그,Długi Wiosenny Dywan,Весняний довгий килим,Lente Lange Loper,Bahar Uzun Kilim
L_DEC_FIRSTBLOOM,,First Bloom,初開花,Erste Blüte,Première Floraison,Primera Floración,Primeira Floração,Первое Цветение,Prima Fioritura,初綻,初绽,첫 개화,Pierwszy Rozkwit,Перший Цвіт,Eerste Bloei,İlk Çiçeklenme
L_DEC_SPRINGBREEZE,,Spring Breeze,春風,Frühlingshauch,Brise Printanière,Brisa Primaveral,Brisa Primaveril,Весенний Ветерок,Brezza Primaverile,春風,春风,봄바람,Wiosenny Powiew,Весняний Бриз,Lentebriesje,Bahar Esintisi
L_DEC_DANDELIONS,,Dandelions,タンポポ,Löwenzahn,Pissenlits,Dientes de león,Dentes-de-leão,Одуванчики,Denti di leone,蒲公英,蒲公英,민들레,Mlecze,Кульбаби,Paardenbloemen,Karahindibalar
L_DEC_FOURLEAFCLOVER,,Four Leaf Clover,四つ葉のクローバー,Vierblättriges Kleeblatt,Trèfle à Quatre Feuilles,Trébol de Cuatro Hojas,Trevo de Quatro Folhas,Четырехлистный Клевер,Quadrifoglio,四葉幸運草,四叶草,네잎클로버,Czterolistna Koniczyna,Чотирилисна Конюшина,Klavertje Vier,Dört Yapraklı Yonca
L_DEC_MIXEDFLOWERS,,Mixed Flowers,混合花,Gemischte Blumen,Fleurs Mélangées,Flores Mixtas,Flores Mistas,Смешанные цветы,Fiori Misti,混合花束,混合花朵,혼합 꽃,Mieszane Kwiaty,Змішані квіти,Gemengde Bloemen,Karışık Çiçekler
L_DEC_CHERRYTREE,,Cherry Tree,桜の木,Kirschbaum,Cerisier,Cerezo,Cerejeira,Вишневое дерево,Ciliegio,櫻花樹,樱桃树,벚나무,Drzewo wiśniowe,Вишневе дерево,Kersenboom,Kiraz Ağacı
L_DEC_WILDFLOWERBUSH,,Wild Flower Bush,野生の花の茂み,Wildblumenstrauch,Buisson de Fleurs Sauvages,Arbusto de Flores Silvestres,Arbusto de Flores Silvestres,Куст Дикого Цветка,Cespuglio di Fiori Selvatici,野花叢,野花丛,야생화 덤불,Krzak Dzikich Kwiatów,Кущ Дикої Квітки,Wilde Bloemstruik,Yabani Çiçek Çalısı
L_DEC_THESPRINGMAIDEN,,The Spring Maiden,春の乙女,Die Frühlingsbraut,La Demoiselle du Printemps,La Doncella de Primavera,A Donzela da Primavera,Весенняя Дева,La Fanciulla della Primavera,春之少女,春之少女,봄의 소녀,Wiosenna Dziewica,Весняна Діва,De Lentemaagd,Bahar Kızı
L_DEC_SPRINGTABLE,,Spring Table,春のテーブル,Frühlingstisch,Table Printanière,Mesa de Primavera,Mesa da Primavera,Весенний стол,Tavolo Primaverile,春季桌,春季桌子,봄 테이블,Wiosenny Stół,Весняний стіл,Lentetafel,Bahar Masası
L_DEC_SPRINGTHRONE,,Spring Throne,春の玉座,Frühlingsthron,Trône du Printemps,Trono de Primavera,Trono da Primavera,Весенний Трон,Trono di Primavera,春之王座,春季王座,봄의 왕좌,Wiosenny Tron,Весняний Трон,Lentekroon,Bahar Tahtı
L_DEC_CELESTIALALTAR,,Celestial Altar,天空の祭壇,Translator: Himmlischer Altar,Autel Céleste,Altar Celestial,Altar Celestial,Небесный Алтарь,Altare Celeste,天界祭壇,天界祭坛,천상의 제단,Niebiański Ołtarz,Небесний Вівтар,Hemels Altaar,Göksel Sunak
L_DEC_CELESTIALBANNER,,Celestial Banner,天界の旗,Himmlisches Banner,Bannière Céleste,Estandarte Celestial,Estandarte Celestial,Небесное Знамя,Stendardo Celeste,天界旗幟,天界旗帜,천상의 깃발,Niebiański Sztandar,Небесний Стяг,Hemelse Banier,Göksel Sancak
L_DEC_CELESTIALBIGRUG,,Celestial Big Rug,天空の大きな絨毯,Himmlischer großer Teppich,Tapis Céleste Géant,Alfombra Grande Celestial,Tapete Grande Celestial,Небесный Большой Ковёр,Tappeto Grande Celestiale,天界大地毯,天界大地毯,천상의 큰 러그,Wielki Niebiański Dywan,Небесний Великий Килим,Hemelse Grote Vloerkleed,Göksel Büyük Halı
L_DEC_CELESTIALORB,,Celestial Orb,天空のオーブ,Himmlische Kugel,Orbe Céleste,Orbe Celestial,Orbe Celestial,Небесная Сфера,Sfera Celeste,天界寶珠,天界宝珠,천체의 오브,Niebiańska Kula,Небесна Сфера,Hemelse Bol,Göksel Küre
L_DEC_CELESTIALCHAIR,,Celestial Chair,天空の椅子,Himmlischer Stuhl,Chaise Céleste,Silla Celestial,Cadeira Celestial,Небесный Трон,Sedia Celestiale,天界座椅,天界椅子,천상의 의자,Niebiańskie Krzesło,Небесне Крісло,Hemelse Stoel,Göksel Sandalye
L_DEC_CELESTIALPILLAR,,Celestial Pillar,天空の柱,Himmelssäule,Pilier Céleste,Pilar Celestial,Pilar Celestial,Небесный Столп,Pilastro Celeste,天界之柱,天界柱子,천상의 기둥,Niebiański Filar,Небесний Стовп,Hemelse Pilaar,Göksel Sütun
L_DEC_CELESTIALLONGRUG,,Celestial Long Rug,天空の長い絨毯,Himmlischer langer Teppich,Tapis Long Céleste,Alfombra Larga Celestial,Tapete Longo Celestial,Небесный длинный ковер,Tappeto Lungo Celestiale,天界長地毯,天界长地毯,천상의 긴 러그,Niebiański Długi Dywan,Небесний довгий килим,Hemelse Lange Loper,Göksel Uzun Halı
L_DEC_SHINEINTHEDARK,,Shine in the Dark,闇に輝く,Leuchten im Dunkeln,Briller dans l'Obscurité,Brillo en la Oscuridad,Brilhar na Escuridão,Сияние во Тьме,Splendere nell'Oscurità,黑暗中閃耀,在黑暗中闪耀,어둠 속에서 빛나다,Blask w Ciemności,Сяйво у Темряві,Schijn in het Duister,Karanlıkta Parla
L_DEC_PILLARSOFCREATION,,Pillars of Creation,創造の柱,Säulen der Schöpfung,Piliers de la Création,Pilares de la Creación,Pilares da Criação,Столпы Творения,Pilastri della Creazione,創造之柱,创世之柱,창조의 기둥,Filary Stworzenia,Стовпи Творіння,Pilaren der Schepping,Yaratılış Sütunları
L_DEC_ASTERS,,Asters,アスター,Astern,Asters,Ásteres,Ásteres,Астры,Astri,紫菀花,紫菀,아스터스,Astry,Айстри,Asters,Aster Çiçekleri
L_DEC_COSMOS,,Cosmos,コスモス,Kosmos,Cosmos,Cosmos,Cosmos,Космос,Cosmos,宇宙,宇宙,코스모스,Kosmos,Космос,Kosmos,Kozmos
L_DEC_RISINGSTARS,,Rising Stars,ライジングスターズ,Aufsteigende Sterne,Étoiles Montantes,Estrellas Ascendentes,Estrelas Ascendentes,Восходящие Звезды,Stelle Nascenti,冉冉升起的星星,冉冉升起之星,떠오르는 별들,Wschodzące Gwiazdy,"Зірки, що сходять",Rijzende Sterren,Yükselen Yıldızlar
L_DEC_ASTRALARBOR,,Astral Arbor,アストラル・アーバー,Astralbaum,Bosquet Astral,Árbol Astral,Bosque Astral,Астральная Роща,Pergolato Astrale,星靈樹林,星界之树,천체의 정원,Astralny Gaj,Астральний Сад,Astrale Boomgaard,Astral Koru
L_DEC_STARFLOWERS,,Star Flowers,スターフラワー,Sternenblumen,Fleurs Étoiles,Flores Estelares,Flores Estelares,Звёздные Цветы,Fiori Stellari,星之花,星之花,별꽃,Gwiezdne Kwiaty,Зоряні Квіти,Sterbloemen,Yıldız Çiçekleri
L_DEC_THECREATOR,,The Creator,創造主,Der Schöpfer,Le Créateur,El Creador,O Criador,Создатель,Il Creatore,創造者,创造者,창조주,Stwórca,Творець,De Schepper,Yaratıcı
L_DEC_CELESTIALTABLE,,Celestial Table,天空の卓,Himmlischer Tisch,Table Céleste,Mesa Celestial,Mesa Celestial,Небесный Стол,Tavolo Celeste,天界之桌,天界桌子,천상의 탁자,Niebiański Stół,Небесний Стіл,Hemelse Tafel,Göksel Masa
L_DEC_CELESTIALTHRONE,,Celestial Throne,天空の玉座,Himmelsthron,Trône Céleste,Trono Celestial,Trono Celestial,Небесный Трон,Trono Celeste,天界寶座,天界王座,천상의 왕좌,Niebiański Tron,Небесний Трон,Hemelse Troon,Semavi Taht
L_DEC_LUNARALTAR,,Lunar Altar,月の祭壇,Mondaltar,Autel Lunaire,Altar Lunar,Altar Lunar,Лунный Алтарь,Altare Lunare,月之祭壇,月之祭坛,달의 제단,Księżycowy Ołtarz,Місячний Вівтар,Maanaltaar,Ay Sunağı
L_DEC_LUNARBANNER,,Lunar Banner,ルナーバナー,Mondbanner,Bannière Lunaire,Estandarte Lunar,Estandarte Lunar,Лунное Знамя,Stendardo Lunare,月輝旗幟,月之旗帜,달의 깃발,Księżycowy Sztandar,Місячний Стяг,Maanbanier,Ay Sancağı
L_DEC_LUNARBIGRUG,,Lunar Big Rug,ルナービッグラグ,Mondgroßer Teppich,Tapis Lunaire Géant,Alfombra Grande Lunar,Tapete Grande Lunar,Лунный Большой Ковёр,Tappeto Grande Lunare,月之大地毯,月之大地毯,루나 대형 러그,Wielki Księżycowy Dywan,Місячний Великий Килим,Maanachtig Groot Tapijt,Ay Büyük Halı
L_DEC_LUNARCANDLES,,Lunar Candles,月の蝋燭,Mondkerzen,Bougies Lunaires,Velas Lunares,Velas Lunares,Лунные Свечи,Candele Lunari,月光蠟燭,月之蜡烛,월광 촛불,Księżycowe Świece,Місячні Свічки,Maanlicht Kaarsen,Ay Mumları
L_DEC_LUNARCHAIR,,Lunar Chair,月の椅子,Mondsessel,Chaise Lunaire,Silla Lunar,Cadeira Lunar,Лунный стул,Sedia Lunare,月亮椅,月之椅子,달의 의자,Księżycowy Fotel,Місячне Крісло,Maanstoel,Ay Sandalyesi
L_DEC_LUNARPILLAR,,Lunar Pillar,月の柱,Mondpfeiler,Pilier Lunaire,Pilar Lunar,Pilar Lunar,Лунный Столп,Pilastro Lunare,月之柱,月之柱子,달의 기둥,Księżycowy Filar,Місячний Стовп,Maanpilaar,Ay Sütunu
L_DEC_LUNARLONGRUG,,Lunar Long Rug,月光の長い絨毯,Mondlanger Teppich,Tapis Long Lunaire,Alfombra Larga Lunar,Tapete Longo Lunar,Лунный длинный ковер,Tappeto Lungo Lunare,月光長地毯,月之长地毯,달빛 긴 러그,Księżycowy Długi Dywan,Місячний Довгий Килим,Maanvormig Lang Tapijt,Ay Uzun Halı
L_DEC_LUCKYMOON,,Lucky Moon,ラッキームーン,Glücksmond,Lune Chanceuse,Luna Afortunada,Lua Afortunada,Счастливая Луна,Luna Fortunata,幸運月亮,幸运月亮,행운의 달,Szczęśliwy Księżyc,Щаслива Місяць,Geluksmaan,Şanslı Ay
L_DEC_CELEBRATION,,Celebration,祝祭,Feier,Célébration,Celebración,Celebração,Празднование,Celebrazione,慶典,庆典,축하,Świętowanie,Святкування,Viering,Kutlama
L_DEC_CHRYSANTHEMUM,,Chrysanthemum,菊,Chrysanthemum,Chrysanthème,Crisantemo,Crisântemo,Хризантема,Crisantemo,菊花,菊花,국화,Chryzantema,Хризантема,Chrysant,Krizantem
L_DEC_MUDANPEONY,,Mudan Peony,ムーダン牡丹,Mudan Pfingstrose,Pivoine Mudan,Peonía Mudan,Peônia Mudan,Пион Мудан,Peonia Mudan,牡丹花,牡丹,모란 작약,Piwonia Mudan,Півонія Мудан,Mudan Pioen,Mudan Şakayık
L_DEC_ORCHID,,Orchid,オーキッド,Orchidee,Orchidée,Orquídea,Orquídea,Орхидея,Orchidea,蘭花,兰花,난초,Orchidea,Орхідея,Orchidee,Orkide
L_DEC_NEWYEARTREE,,New Year Tree,新年の木,Neujahrsbaum,Sapin du Nouvel An,Árbol de Año Nuevo,Árvore de Ano Novo,Новогодняя Ёлка,Albero di Capodanno,新年樹,新年树,새해 트리,Noworoczne Drzewko,Новорічна ялинка,Nieuwjaarsboom,Yılbaşı Ağacı
L_DEC_AZALEAS,,Azaleas,アザレア,Azaleen,Azalées,Azaleas,Azaleias,Азалии,Azalee,杜鵑花,杜鹃花,진달래,Azalie,Азалії,Azalea's,Açelyalar
L_DEC_LIONDANCE,,Lion Dance,獅子舞,Löwentanz,Danse du Lion,Danza del León,Dança do Leão,Танец Льва,Danza del Leone,舞獅,舞狮,사자춤,Taniec Lwa,Танець Лева,Leeuwedans,Aslan Dansı
L_DEC_LUNARTABLE,,Lunar Table,ルナーテーブル,Mondtisch,Table Lunaire,Mesa Lunar,Mesa Lunar,Лунный Стол,Tavolo Lunare,月之桌,月之桌子,달의 테이블,Księżycowy Stół,Місячний Стіл,Maantafel,Ay Masası
L_DEC_LUNARTHRONE,,Lunar Throne,月の玉座,Mondthron,Trône Lunaire,Trono Lunar,Trono Lunar,Лунный Трон,Trono Lunare,月之王座,月之王座,달의 왕좌,Księżycowy Tron,Місячний Трон,Maantroon,Ay Tahtı
L_DEC_BIRTHDAYALTAR,,Birthday Altar,誕生日の祭壇,Geburtstagaltar,Autel d'anniversaire,Altar de Cumpleaños,Altar de Aniversário,Алтарь Дня Рождения,Altare del Compleanno,生日祭壇,生日祭坛,생일 제단,Ołtarz Urodzinowy,Вівтар Дня Народження,Verjaardagsaltaar,Doğum Günü Sunağı
L_DEC_BIRTHDAYBANNER,,Birthday Banner,バースデーバナー,Geburtstagsfahne,Bannière d'anniversaire,Pancarta de Cumpleaños,Faixa de Aniversário,Праздничный Баннер,Striscione di Compleanno,生日橫幅,生日旗帜,생일 배너,Baner Urodzinowy,День народження,Verjaardagsbanner,Doğum Günü Pankartı
L_DEC_BIRTHDAYBIGRUG,,Birthday Big Rug,バースデービッグラグ,Geburtstags-Großteppich,Tapis d'Anniversaire,Alfombra Grande de Cumpleaños,Tapete Grande de Aniversário,День рождения большой ковёр,Translator: Tappeto Grande di Compleanno,生日大地毯,生日大地毯,생일 대형 러그,Urodzinowy Duży Dywan,День народження Великий Килим,Verjaardags Groot Tapijt,Doğum Günü Büyük Halı
L_DEC_BIRTHDAYCANDLESBLUE,,Birthday Candles (Blue),バースデーキャンドル（青）,Geburtstagskerzen (Blau),Bougies d'anniversaire (Bleues),Velas de Cumpleaños (Azules),Velas de Aniversário (Azuis),Праздничные свечи (Синие),Candeline di Compleanno (Blu),生日蠟燭（藍色）,生日蜡烛（蓝）,생일 초 (파란색),Świeczki Urodzinowe (Niebieskie),Свічки для торта (Сині),Verjaardagskaarsen (Blauw),Doğum Günü Mumları (Mavi)
L_DEC_BIRTHDAYCANDLESGREEN,,Birthday Candles (Green),バースデーキャンドル（緑）,Geburtstagskerzen (Grün),Bougies d'anniversaire (Vertes),Velas de Cumpleaños (Verdes),Velas de Aniversário (Verde),Праздничные свечи (зелёные),Candeline di Compleanno (Verdi),生日蠟燭（綠色）,生日蜡烛（绿）,생일 초 (초록색),Świeczki Urodzinowe (Zielone),Свічки для торта (Зелені),Verjaardagskaarsen (Groen),Doğum Günü Mumları (Yeşil)
L_DEC_BIRTHDAYCANDLESPURPLE,,Birthday Candles (Purple),バースデーキャンドル（パープル）,Geburtstagskerzen (Lila),Bougies d'anniversaire (Violet),Velas de Cumpleaños (Moradas),Velas de Aniversário (Roxas),Праздничные свечи (Фиолетовые),Candeline di Compleanno (Viola),生日蠟燭（紫色）,生日蜡烛（紫）,생일 초 (보라색),Świeczki Urodzinowe (Fioletowe),Свічки для торта (Фіолетові),Verjaardagskaarsen (Paars),Doğum Günü Mumları (Mor)
L_DEC_BIRTHDAYCANDLESRED,,Birthday Candles (Red),バースデーキャンドル（赤）,Geburtstagskerzen (Rot),Bougies d'anniversaire (Rouge),Velas de Cumpleaños (Rojas),Velas de Aniversário (Vermelhas),Праздничные свечи (Красные),Candeline di Compleanno (Rosse),生日蠟燭（紅色）,生日蜡烛（红）,생일 초 (빨강),Świeczki urodzinowe (czerwone),Свічки для торта (Червоні),Verjaardagskaarsen (Rood),Doğum Günü Mumları (Kırmızı)
L_DEC_BIRTHDAYCANDLESYELLOW,,Birthday Candles (Yellow),バースデーキャンドル（イエロー）,Geburtstagskerzen (Gelb),Bougies d'anniversaire (Jaunes),Velas de Cumpleaños (Amarillas),Velas de Aniversário (Amarelas),Праздничные свечи (Жёлтые),Candeline di Compleanno (Gialle),生日蠟燭（黃色）,生日蜡烛（黄）,생일 초 (노란색),Świeczki urodzinowe (żółte),Свічки для торта (Жовті),Verjaardagskaarsen (Geel),Doğum Günü Mumları (Sarı)
L_DEC_BIRTHDAYCHAIR,,Birthday Chair,バースデーチェア,Geburtstagssessel,Chaise d'anniversaire,Silla de Cumpleaños,Cadeira de Aniversário,Именинное кресло,Sedia di Compleanno,生日椅子,生日椅子,생일 의자,Urodzinowy Fotel,Святковий стілець,Verjaardagsstoel,Doğum Günü Sandalyesi
L_DEC_BIRTHDAYPILLAR,,Birthday Pillar,誕生日の柱,Geburtstagssäule,Pilier d'Anniversaire,Pilar de Cumpleaños,Pilar de Aniversário,Колонна Дня Рождения,Pilastro del Compleanno,生日之柱,生日柱子,생일 기둥,Filar Urodzinowy,Стовп Дня Народження,Verjaardagspilaar,Doğum Günü Sütunu
L_DEC_BIRTHDAYLONGRUG,,Birthday Long Rug,バースデーロングラグ,Geburtstags-Langläufer,Tapis Long d'Anniversaire,Alfombra Larga de Cumpleaños,Tapete Longo de Aniversário,"Длинный Ковёр ""День Рождения""",Tappeto Lungo Compleanno,生日長地毯,生日长地毯,생일 긴 러그,Długi Dywan Urodzinowy,Довгий килим до дня народження,Verjaardagsloper,Doğum Günü Uzun Halı
L_DEC_DUMPLINGPARTY,,Dumpling Party,ダンプリングパーティー,Knödel-Party,Fête des Boulettes,Fiesta de Empanadillas,Festa dos Bolinhos,Пельменная Вечеринка,Festa dei Ravioli,餃子派對,团子派对,만두 파티,Impreza Pierogowa,Вечірка Пельменів,Dumplingfeest,Mantı Partisi
L_DEC_PARTYLIKEAGOD,,Party Like a God,神のように宴を楽しむ,Party wie ein Gott,Faire la Fête comme un Dieu,Festejar Como un Dios,Festejar Como um Deus,Веселись как Бог,Festeggia Come un Dio,如神明般狂歡,神一般的派对,신처럼 파티하기,Imprezuj jak Bóg,Вечірка як у Бога,Feest Als een God,Bir Tanrı Gibi Eğlen
L_DEC_COTTONCANDY,,Cotton Candy,わたあめ,Zuckerwatte,Barbe à papa,Algodón de Azúcar,Algodão Doce,Сахарная вата,Zucchero Filato,棉花糖,棉花糖,솜사탕,Wata Cukrowa,Солодка вата,Suikerspin,Pamuk Şekeri
L_DEC_GUMMYWORMS,,Gummy Worms,グミワーム,Gummiwürmer,Vers Gélifiés,Gusanos de Goma,Minhocas de Goma,Мармеладные червячки,Vermi Gommosi,軟糖蟲,蠕虫软糖,젤리벌레,Gumowe Robaki,Желейні черв'ячки,Gummiwormen,Jelatinli Solucanlar
L_DEC_STRAWBERRIES,,Strawberries,イチゴ,Erdbeeren,Fraises,Fresas,Morangos,Клубника,Fragole,草莓,草莓,딸기,Truskawki,Полуниці,Aardbeien,Çilekler
L_DEC_LICORICETREE,,Licorice Tree,リコリスの木,Lakritzbaum,Arbre de Réglisse,Árbol de Regaliz,Árvore de Alcaçuz,Лакричное Дерево,Albero di Liquirizia,甘草樹,甘草树,감초나무,Lukrecjowe Drzewo,Локрицеве дерево,Zoethoutboom,Meyankökü Ağacı
L_DEC_BONBONS,,Bonbons,ボンボン,Bonbons,Bonbons,Bombones,Bombons,Конфеты,Bonbon,糖果,糖果,사탕,Cukierki,Цукерки,Bonbons,Şekerler
L_DEC_FRIEND-SHAPEDDOUGH,,Friend-shaped Dough,フレンド型の生地,Freundesförmiger Teig,Pâte en forme d'ami,Masa con Forma de Amigo,Massa em Forma de Amigo,Тесто в форме друга,Impasto a Forma di Amico,友形麵團,友形面团,친구 모양 반죽,Ciasto w Kształcie Przyjaciela,Тісто у формі друга,Vriendvormig Deeg,Arkadaş Şeklinde Hamur
L_DEC_BIRTHDAYTABLE,,Birthday Table,誕生日表,Geburtstagstabelle,Table d'Anniversaire,Tabla de Cumpleaños,Tabela de Aniversário,Таблица дней рождения,Tabella dei Compleanni,生日表,生日桌子,생일 테이블,Tabela Urodzin,Таблиця днів народження,Verjaardagstabel,Doğum Günü Tablosu
L_DEC_BIRTHDAYTHRONE,,Birthday Throne,バースデイ・スローン,Geburtstagthron,Trône d'Anniversaire,Trono de Cumpleaños,Trono de Aniversário,Трон Дня Рождения,Trono del Compleanno,生日寶座,生日王座,생일 왕좌,Tron Urodzinowy,Трон Дня Народження,Verjaardagstroon,Doğum Günü Tahtı
L_DEC_BASICTRIBUTE,,Basic Tribute,基本の貢物,Einfacher Tribut,Tribut Basique,Tributo Básico,Tributo Básico,Базовая Дань,Tributo Base,基本貢品,基础进贡祭坛,기본 공물,Podstawowy Trybut,Базова Данина,Basistribuut,Temel Haraç
L_DEC_BASICBIGRUG,,Basic Big Rug,基本的な大きな敷物,Einfacher großer Teppich,Tapis Basique Grand,Alfombra Grande Básica,Tapete Grande Básico,Обычный большой ковёр,Tappeto Grande Base,基本大地毯,基础大地毯,기본 대형 러그,Podstawowy Duży Dywan,Базовий великий килим,Basis Groot Tapijt,Temel Büyük Halı
L_DEC_BASICCANDLESTICK,,Basic Candlestick,基本的なろうそく立て,Einfacher Kerzenhalter,Chandelier Basique,Candelabro Básico,Castiçal Básico,Простой подсвечник,Candeliere Base,基本燭台,基础烛台,기본 촛대,Podstawowy Świecznik,Проста свічка,Eenvoudige Kandelaar,Basit Şamdan
L_DEC_BASICPILLAR,,Basic Pillar,基本の柱,Grundpfeiler,Pilier basique,Pilar Básico,Pilar Básico,Базовая колонна,Pilastro Base,基礎柱,基础柱子,기본 기둥,Podstawowy Filar,Базова Колона,Basispilaar,Temel Sütun
L_DEC_BASICLONGRUG,,Basic Long Rug,基本的な長方形の敷物,Einfacher langer Teppich,Tapis Long Basique,Alfombra Larga Básica,Tapete Longo Básico,Простой длинный ковёр,Tappeto Lungo Base,基本長地毯,基础长地毯,기본 긴 러그,Podstawowy Długi Dywan,Базовий довгий килим,Eenvoudig Lang Tapijt,Temel Uzun Kilim
L_DEC_BASICCHAIRSTONE,,Basic Chair (Stone),基本的な椅子（石）,Einfacher Stuhl (Stein),Chaise Basique (Pierre),Silla Básica (Piedra),Cadeira Básica (Pedra),Простой Стул (Камень),Sedia Base (Pietra),基本石椅,基础椅子（石制）,기본 의자 (돌),Podstawowe Krzesło (Kamień),Простий стілець (Камінь),Eenvoudige Stoel (Steen),Basit Sandalye (Taş)
L_DEC_BASICCHAIRWOOD,,Basic Chair (Wood),基本的な椅子（木製）,Einfacher Stuhl (Holz),Chaise basique (Bois),Silla Básica (Madera),Cadeira Básica (Madeira),Простой Стул (Дерево),Sedia Base (Legno),基本木椅,基础椅子（木制）,기본 의자 (나무),Podstawowe Krzesło (Drewno),Простий стілець (дерево),Eenvoudige Stoel (Hout),Basit Sandalye (Ahşap)
L_DEC_BASICTABLE,,Basic Table,基本表,Grundtabelle,Table de base,Tabla Básica,Tabela Básica,Базовая таблица,Tabella Base,基本表格,基础桌子,기본 테이블,Tabela Podstawowa,Базова таблиця,Basistabel,Temel Tablo
L_DEC_BASICTHRONE,,Basic Throne,基本の玉座,Einfacher Thron,Trône Basique,Trono Básico,Trono Básico,Простой Трон,Trono Base,基本王座,基础王座,기본 왕좌,Podstawowy Tron,Простий Трон,Eenvoudige Troon,Basit Taht
L_DEC_REALMALTAROFSURATHLI,,Realm Altar of Surathli,レルム祭壇・スラスリ,Reichsaltar von Surathli,Autel du Royaume de Surathli,Altar del Reino de Surathli,Altar do Reino de Surathli,Алтарь Царства Суратли,Altare del Regno di Surathli,蘇拉斯利的領域祭壇,苏拉斯莉的领域祭坛,수라틀리의 영역 제단,Ołtarz Krainy Surathli,Вівтар Царства Суратлі,Rijkaltaar van Surathli,Surathli'nin Diyar Sunağı
L_DEC_REALMALTAROFEREBYSS,,Realm Altar of Erebyss,レルム祭壇オブエレビス,Reichsaltar von Erebyss,Autel du Royaume d'Erebyss,Altar del Reino de Erebyss,Altar do Reino de Erebyss,Алтарь Царства Эребисс,Altare del Regno di Erebyss,厄瑞比斯領域祭壇,艾瑞比丝的领域祭坛,에레비스의 영역 제단,Ołtarz Krainy Erebyss,Вівтар Царства Еребісс,Rijkaltaar van Erebyss,Erebyss'in Diyar Sunağı
L_DEC_REALMALTAROFVULCANAR,,Realm Altar of Vulcanar,レルム祭壇・ヴァルカナー,Reichsaltar von Vulcanar,Autel du Royaume de Vulcanar,Altar del Reino de Vulcanar,Altar do Reino de Vulcanar,Алтарь Царства Вулканара,Altare del Regno di Vulcanar,火神領域祭壇,瓦尔卡纳的领域祭坛,불카나르의 영역 제단,Ołtarz Krainy Vulcanara,Вівтар Царства Вулканара,Rijkaltaar van Vulcanar,Vulcanar'ın Diyar Sunağı
L_DEC_REALMALTAROFMERAXIS,,Realm Altar of Meraxis,レルム祭壇・メラクシス,Reichsaltar von Meraxis,Autel du Royaume de Meraxis,Altar del Reino de Meraxis,Altar do Reino de Meraxis,Алтарь Царства Мераксис,Altare del Regno di Meraxis,梅拉克西斯的領域祭壇,梅拉西斯的领域祭坛,메락시스의 영역 제단,Ołtarz Krainy Meraxis,Вівтар Царства Мераксіс,Rijksaltaar van Meraxis,Meraxis'in Diyar Sunağı
L_DEC_REALMALTAROFZONTE,,Realm Altar of Zonte,レルム祭壇オブゾンテ,Reichsaltar von Zonte,Autel du Royaume de Zonte,Altar del Reino de Zonte,Altar do Reino de Zonte,Алтарь Царства Зонте,Altare del Regno di Zonte,宗特領域祭壇,佐特的领域祭坛,존테의 영역 제단,Ołtarz Krainy Zonte,Вівтар Царства Зонте,Rijkaltaar van Zonte,Zonte'nin Diyar Sunağı
L_DEC_REALMALTAROFAEOLIAN,,Realm Altar of Aeolian,風霊の祭壇,Reichsaltar von Aeolian,Autel du Royaume d'Éolien,Altar del Reino de Aeolian,Altar do Reino de Aeolian,Алтарь Царства Эолии,Altare del Reame di Eolia,風靈祭壇,伊欧利安的领域祭坛,에올리안의 영역 제단,Ołtarz Krainy Aeolian,Вівтар Царства Еоліан,Rijkaltaar van Aeolian,Aeolian Diyarı Sunağı
L_DEC_REALMALTAROFTARTARITH,,Realm Altar of Tartarith,レルム祭壇・タルタリス,Reichsaltar von Tartarith,Autel du Royaume de Tartarith,Altar del Reino de Tartarith,Altar do Reino de Tartarith,Алтарь Царства Тартарита,Altare del Regno di Tartarith,塔塔利斯的領域祭壇,塔尔塔里斯的领域祭坛,타르타리스의 영역 제단,Ołtarz Krainy Tartarith,Вівтар Царства Тартаріту,Rijkaltaar van Tartarith,Tartarith'in Diyar Sunağı
L_DEC_REALMALTAROFVERTRAAG,,Realm Altar of Vertraag,レルム祭壇・ヴェルトラーグ,Reichsaltar von Vertraag,Autel du Royaume de Vertraag,Altar del Reino de Vertraag,Altar do Reino de Vertraag,Алтарь Царства Вертраага,Altare del Regno di Vertraag,維特拉格的領域祭壇,维特拉戈的领域祭坛,버트라그의 영역 제단,Ołtarz Krainy Vertraaga,Вівтар Царства Вертраага,Rijkaltaar van Vertraag,Vertraag'ın Diyar Sunağı
L_DEC_REALMALTAROFAZURAL,,Realm Altar of Azural,レルム祭壇・アズラル,Reichsaltar von Azural,Autel du Royaume d'Azural,Altar del Reino de Azural,Altar do Reino de Azural,Алтарь Царства Азурала,Altare del Regno di Azural,藍靈界域祭壇,阿祖拉的领域祭坛,아주랄의 영역 제단,Ołtarz Krainy Azuralu,Вівтар Царства Азурала,Rijkaltaar van Azural,Azural'ın Diyar Sunağı
L_DEC_REALMALTAROFLISTER,,Realm Altar of Lister,リスターの領界祭壇,Reichsaltar von Lister,Autel du Royaume de Lister,Altar del Reino de Lister,Altar do Reino de Lister,Алтарь Царства Листера,Altare del Regno di Lister,利斯特的領域祭壇,利斯特的领域祭坛,리스터의 영역 제단,Ołtarz Krainy Lister,Вівтар Царства Лістера,Rijksaltaar van Lister,Lister'ın Diyar Sunağı
L_DEC_REALMALTAROFYSEROS,,Realm Altar of Yseros,レルム祭壇オブ・イセロス,Reichsaltar von Yseros,Autel du Royaume d'Yseros,Altar del Reino de Yseros,Altar do Reino de Yseros,Алтарь Царства Исероса,Altare del Regno di Yseros,伊瑟洛斯的領域祭壇,伊瑟洛丝的领域祭坛,이세로스의 영역 제단,Ołtarz Krainy Yseros,Вівтар Царства Ісероса,Rijkaltaar van Yseros,Yseros'un Diyar Sunağı
L_DEC_REALMALTAROFFRIDEN,,Realm Altar of Friden,フリデンの王国祭壇,Reichsaltar von Friden,Autel du Royaume de Friden,Altar del Reino de Friden,Altar do Reino de Friden,Алтарь Царства Фриден,Altare del Regno di Friden,弗里登的領域祭壇,弗里登的领域祭坛,프리덴의 영역 제단,Ołtarz Krainy Friden,Вівтар Царства Фріден,Rijkaltaar van Friden,Friden'in Diyar Sunağı
L_DEC_REALMALTAROFREGALIS,,Realm Altar of Regalis,レガリスの王国祭壇,Reichsaltar von Regalis,Autel du Royaume de Regalis,Altar del Reino de Regalis,Altar do Reino de Regalis,Алтарь Царства Регалис,Altare del Regno di Regalis,瑞加利斯的領域祭壇,蕾伽丽丝的领域祭坛,레갈리스의 영역 제단,Ołtarz Krainy Regalis,Вівтар Царства Регаліс,Rijksaltaar van Regalis,Regalis Diyarı Sunağı
L_DEC_REALMALTAROFTORUN,,Realm Altar of Torun,レルム祭壇・トルン,Reichsaltar von Torun,Autel du Royaume de Torun,Altar del Reino de Torun,Altar do Reino de Torun,Алтарь Царства Торуна,Altare del Regno di Torun,托倫的領域祭壇,托伦的领域祭坛,토룬의 영역 제단,Ołtarz Krainy Torun,Вівтар Царства Торуна,Rijkaltaar van Torun,Torun'un Diyar Sunağı
L_DEC_REALMALTAROFGONFURIAN,,Realm Altar of Gonfurian,ゴンフリアンの王国祭壇,Reichsaltar von Gonfurian,Autel du Royaume de Gonfurian,Altar del Reino de Gonfurian,Altar do Reino de Gonfurian,Алтарь Царства Гонфуриана,Altare del Regno di Gonfurian,貢弗里安的領域祭壇,贡弗瑞安的领域祭坛,곤푸리안의 영역 제단,Ołtarz Krainy Gonfurian,Вівтар Царства Гонфуріана,Rijksaltaar van Gonfurian,Gonfurian'ın Diyar Sunağı
L_DEC_REALMALTAROFAURUM,,Realm Altar of Aurum,レルム祭壇オブオーラム,Reichsaltar von Aurum,Autel du Royaume d'Aurum,Altar del Reino de Aurum,Altar do Reino de Aurum,Алтарь Царства Аурума,Altare del Regno di Aurum,奧倫領域祭壇,奥鲁姆领域祭坛,황금의 영역 제단,Ołtarz Krainy Aurum,Вівтар Царства Аурум,Rijkaltaar van Aurum,Aurum Diyarı Sunağı
L_DEC_REALMALTAROFAPOCRANOX,,Realm Altar of Apocranox,レルム祭壇オブ・アポクラノックス,Reichsaltar von Apocranox,Autel du Royaume d'Apocranox,Altar del Reino de Apocranox,Altar do Reino de Apocranox,Алтарь Царства Апокранокса,Altare del Regno di Apocranox,末日之境祭壇,阿波克拉诺领域祭坛,아포크라녹스의 영역 제단,Ołtarz Krainy Apocranox,Вівтар Царства Апокраноксу,Rijkaltaar van Apocranox,Apocranox'un Diyar Sunağı
L_DEC_REALMALTAROFMORTEM,,Realm Altar of Mortem,死の領域の祭壇,Reichsaltar von Mortem,Autel du Royaume de Mortem,Altar del Reino de Mortem,Altar do Reino de Mortem,Алтарь Царства Мортем,Altare del Regno di Mortem,莫特姆領域祭壇,莫特姆领域祭坛,모르템의 영역 제단,Ołtarz Krainy Mortem,Вівтар Царства Мортем,Rijkaltaar van Mortem,Mortem Diyarı Sunağı
L_DEC_REALMALTAROFVENEDON,,Realm Altar of Venedon,ヴェネドンの領界祭壇,Reichsaltar von Venedon,Autel du Royaume de Venedon,Altar del Reino de Venedon,Altar do Reino de Venedon,Алтарь Царства Венедона,Altare del Regno di Venedon,維尼頓的領域祭壇,维内多领域祭坛,베네돈의 영역 제단,Ołtarz Krainy Venedon,Вівтар Царства Венедону,Rijkaltaar van Venedon,Venedon'un Diyar Sunağı
L_DEC_REALMALTAROFTENEBRIS,,Realm Altar of Tenebris,テネブリスの王国祭壇,Reichsaltar von Tenebris,Autel du Royaume de Tenebris,Altar del Reino de Tenebris,Altar do Reino de Tenebris,Алтарь Царства Тенебрис,Altare del Regno di Tenebris,黯影界祭壇,特内布里斯领域祭坛,테네브리스의 왕국 제단,Ołtarz Krainy Tenebris,Вівтар Царства Тенебріс,Rijkaltaar van Tenebris,Tenebris'in Diyar Sunağı
L_DEC_REALMALTAROFPERDITION,,Realm Altar of Perdition,破滅の王国祭壇,Altar des Reichs der Verdammnis,Autel du Royaume de la Perdition,Altar del Reino de la Perdición,Altar do Reino da Perdição,Алтарь Царства Погибели,Altare del Reame della Perdizione,毀滅境界祭壇,珀迪森领域祭坛,파멸의 영역 제단,Ołtarz Krainy Zatracenia,Вівтар Царства Загибелі,Rijkaltaar van Verdoemenis,Yıkım Diyarı Sunağı
L_DEC_ARCHERYTARGET,,Archery Target,射的の的,Bogenschießziel,Cible de tir à l'arc,Diana de Tiro,Alvo de Tiro com Arco,Мишень для стрельбы из лука,Bersaglio per Tiro con l'Arco,射箭靶,箭靶,양궁 표적,Cel łuczniczy,Мішень для стрільби з лука,Boogschieten Doelwit,Okçuluk Hedefi
L_DEC_ARENABANNER,,Arena Banner,アリーナバナー,Arena-Banner,Bannière d'Arène,Estandarte de Arena,Estandarte da Arena,Баннер Арены,Stendardo dell'Arena,競技場旗幟,竞技场旗帜,투기장 배너,Arena Banner,Банер Арени,Arena Banner,Arena Bayrağı
L_DEC_CEREMONIALSWORDCASE,,Ceremonial Sword Case,儀式用の剣ケース,Zeremonielle Schwertschatulle,Étui d'Épée Cérémonielle,Estuche de Espada Ceremonial,Estojo de Espada Cerimonial,Церемониальный Футляр для Меча,Custodia per Spada Cerimoniale,儀式劍匣,仪式剑匣,의식용 검 케이스,Ceremonialna Pochwa na Miecz,Церемоніальний Футляр для Меча,Ceremoniële Zwaardkoffer,Törensel Kılıç Kılıfı
L_DEC_GOLDARENATROPHY,,Gold Arena Trophy,ゴールドアリーナトロフィー,Gold-Arena-Trophäe,Trophée de l'Arène d'Or,Trofeo de la Arena Dorada,Troféu da Arena de Ouro,Трофей Золотой Арены,Trofeo dell'Arena d'Oro,黃金競技場獎盃,竞技场金奖杯,골드 아레나 트로피,Trofeum Złotej Areny,Трофей Золотої Арени,Gouden Arena Trofee,Altın Arena Kupası
L_DEC_SILVERARENATROPHY,,Silver Arena Trophy,シルバーアリーナトロフィー,Silberne Arena-Trophäe,Trophée de l'Arène d'Argent,Trofeo de Arena Plateada,Troféu da Arena de Prata,Серебряный Трофей Арены,Trofeo dell'Arena d'Argento,銀色競技場獎盃,竞技场银奖杯,실버 아레나 트로피,Srebrne Trofeum Areny,Срібний Трофей Арени,Zilveren Arena Trofee,Gümüş Arena Kupası
L_DEC_TRAININGDUMMY,,Training Dummy,トレーニングダミー,Übungspuppe,Mannequin d'entraînement,Muñeco de Entrenamiento,Boneco de Treinamento,Тренировочный Манекен,Manichino d'Allenamento,訓練假人,训练假人,훈련용 인형,Manekin Treningowy,Тренувальний манекен,Oefeningspop,Eğitim Kuklası
L_DEC_WARRIOR'SVICTORY,,Warrior's Victory,戦士の勝利,Sieg des Kriegers,Victoire du Guerrier,Victoria del Guerrero,Vitória do Guerreiro,Победа Воина,Vittoria del Guerriero,戰士的勝利,战士的胜利,전사의 승리,Zwycięstwo Wojownika,Перемога Воїна,Overwinning van de Krijger,Savaşçının Zaferi
L_DEC_WALLSHIELD,,Wall Shield,ウォールシールド,Wandschild,Bouclier mural,Escudo de Pared,Escudo de Parede,Настенный щит,Scudo da Muro,牆盾,墙盾,벽 방패,Tarcza Ścienna,Настінний щит,Muurschild,Duvar Kalkanı
L_DEC_WALLSWORDS,,Wall Swords,壁剣,Wandschwerter,Épées Murales,Espadas de Pared,Espadas de Parede,Настенные Мечи,Spade Murali,牆劍,墙剑,벽검,Miecze Ścienne,Настінні мечі,Muurzwaarden,Duvar Kılıçları
L_DEC_SNAPTRAPPLUSH,,Snaptrap Plush,スナップトラップのぬいぐるみ,Schnappfallen-Plüschtier,Peluche Attrape-Éclair,Peluche de Cepotrampas,Pelúcia Armadilha,Плюшевый Хлопкозуб,Peluche Acchiappalampo,捕捉陷阱絨毛玩偶,捕噬草毛绒玩具,스냅트랩 인형,Pluszowy Potrzask,Плюшева Пастка-Клацалка,Klapvalknuffel,Kapan Peluşu
L_DEC_GORGONPLUSH,,Gorgon Plush,ゴルゴンのぬいぐるみ,Gorgonen-Plüschtier,Peluche de Gorgone,Peluche de Gorgona,Pelúcia de Górgona,Плюшевая Горгона,Peluche di Gorgone,蛇髮女妖玩偶,蛇发女妖毛绒玩具,고르곤 인형,Pluszowy Gorgon,Плюшева Горгона,Gorgon Knuffel,Gorgon Peluşu
L_DEC_COCKATRICEPLUSH,,Cockatrice Plush,コカトリスのぬいぐるみ,Kokatrix-Plüschtier,Peluche de Cocatrice,Peluche de Cocatriz,Pelúcia de Cocatriz,Плюшевый Василиск,Peluche di Cockatrice,雞蛇絨毛玩偶,鸡蛇毛绒玩具,코카트리스 인형,Pluszowy Kuroliszek,Плюшевий Кокатрис,Cockatrice Knuffel,Tepegöz Peluşu
L_DEC_WOLPERTINGERPLUSH,,Wolpertinger Plush,ヴォルペルティンガーのぬいぐるみ,Wolpertinger-Plüschtier,Peluche de Wolpertinger,Peluche de Wolpertinger,Pelúcia de Wolpertinger,Плюшевый Вольпертингер,Peluche di Wolpertinger,狼兔獸絨毛玩偶,鹿角翼兔毛绒玩具,볼퍼팅거 인형,Pluszowy Wolpertinger,Плюшевий Вольпертінгер,Wolpertinger Knuffel,Wolpertinger Peluşu
L_DEC_BATPLUSH,,Bat Plush,バットのぬいぐるみ,Fledermaus-Plüschtier,Peluche de chauve-souris,Peluche de Murciélago,Pelúcia de Morcego,Плюшевая летучая мышь,Peluche di Pipistrello,蝙蝠絨毛玩偶,蝙蝠毛绒玩具,박쥐 인형,Pluszowy Nietoperz,Плюшевий кажан,Vleermuis Knuffel,Yarasa Peluşu
L_DEC_SPARKTAILPLUSH,,Sparktail Plush,スパークテイルのぬいぐるみ,Funkenflausch-Plüschtier,Peluche Queue-Étincelle,Peluche de Colabrillo,Pelúcia de Cauda Faiscante,Плюшевый Искрохвост,Peluche Codascintilla,火花尾絨毛玩偶,闪尾毛绒玩具,스파크테일 인형,Pluszak Iskroogon,Плюшевий Іскрохвіст,Vonkstaart Knuffel,Kıvılcım Kuyruklu Peluş
L_DEC_SHAMBLERPLUSH,,Shambler Plush,シャンブラーのぬいぐるみ,Shambler-Plüschtier,Peluche de Shambleur,Peluche de Shambler,Pelúcia de Shambler,Плюшевый Шамблер,Peluche di Shambler,蹣跚者玩偶,蹒跚者毛绒玩具,샴블러 인형,Pluszowy Szwendacz,Плюшевий Шамблер,Shambler Knuffel,Karıştırıcı Peluş
L_DEC_COURTJESTER,,Court Jester,道化師,Hofnarr,Bouffon de la Cour,Bufón de la Corte,Bobo da Corte,Придворный шут,Giullare di Corte,宮廷小丑,宫廷弄臣,궁중 어릿광대,Błazen Dworski,Придворний Блазень,Hofnar,Saray Soytarısı
L_DEC_REGALIS'FLOORTILE,,Regalis' Floor Tile,レガリスの床タイル,Regalis' Bodenfliese,Dalle de Sol de Regalis,Baldosa de Regalis,Ladrilho de Regalis,Напольная плитка Регалиса,Piastrella di Regalis,雷加利斯的地磚,蕾伽丽丝的地砖,레갈리스의 바닥 타일,Kafelka Podłogowa Regalisa,Плитка Регаліса,Vloertegel van Regalis,Regalis'in Yer Karosu
L_DEC_AEOLIAN'SFLOORTILE,,Aeolian's Floor Tile,エオリアンの床タイル,Aeolians Bodenfliese,Dalle d'Aeolian,Baldosa de Aeolian,Ladrilho de Aeolian,Плитка Эолиана,Piastrella di Aeolian,伊奧利安的地磚,伊欧利安的地砖,에올리안의 바닥 타일,Płytka Podłogowa Aeoliana,Плитка Еоліана,Vloertegel van Aeolian,Aeolian'ın Yer Karosu
L_DEC_APOCRANOX'SFLOORTILE,,Apocranox's Floor Tile,アポクラノックスの床タイル,Apocranox's Bodenfliese,Dalle de Sol d'Apocranox,Baldosa de Apocranox,Ladrilho de Apocranox,Плитка Апокранокса,Piastrella di Apocranox,阿波克拉諾克斯的地磚,阿波克拉诺的地砖,아포크라녹스의 바닥 타일,Kafelka Podłogowa Apocranoksa,Плитка Апокранокса,Vloertegel van Apocranox,Apocranox'un Yer Karosu
L_DEC_AZURAL'SFLOORTILE,,Azural's Floor Tile,アズラルの床タイル,Azurals Bodenfliese,Dalle de Sol d'Azural,Baldosa de Azural,Ladrilho de Azural,Плитка Азурала,Piastrella di Azural,艾祖拉爾的地磚,阿祖拉的地砖,아주랄의 바닥 타일,Kafelka Podłogowa Azurala,Плитка Азурала,Vloertegel van Azural,Azural'ın Yer Karosu
L_DEC_EREBYSS'FLOORTILE,,Erebyss' Floor Tile,エレビスの床タイル,Erebyss' Bodenfliese,Dalle d'Erebyss,Baldosa de Erebyss,Ladrilho de Erebyss,Плитка Эребисс,Piastrella di Erebyss,艾瑞比斯的地磚,艾瑞比丝的地砖,에레비스의 바닥 타일,Kafelka Podłogowa Erebyss,Плитка Еребіс,Vloertegel van Erebyss,Erebyss'in Yer Karosu
L_DEC_FRIDEN'SFLOORTILE,,Friden's Floor Tile,フリデンの床タイル,Fridens Bodenfliese,Dalle de Sol de Friden,Baldosa de Friden,Ladrilho de Friden,Плитка Фридена,Piastrella di Friden,弗里登的地磚,弗里登的地砖,프리든의 바닥 타일,Kafelka Podłogowa Fridena,Плитка Фрідена,Vloertegel van Friden,Friden'in Yer Karosu
L_DEC_GONFURIAN'SFLOORTILE,,Gonfurian's Floor Tile,ゴンフリアンの床タイル,Gonfurians Bodenfliese,Dalle de Sol de Gonfurian,Baldosa de Gonfurian,Ladrilho de Gonfurian,Плитка Гонфуриана,Piastrella di Gonfurian,貢弗里安的地磚,贡弗瑞安的地砖,곤푸리안의 바닥 타일,Płytka Podłogowa Gonfuriana,Плитка Гонфуріана,Gonfurians Vloertegel,Gonfurian'ın Yer Karosu
L_DEC_LISTER'SFLOORTILE,,Lister's Floor Tile,リスターの床タイル,Lister's Bodenfliese,Carreau de Sol de Lister,Baldosa de Lister,Ladrilho de Lister,Плитка Листера,Piastrella di Lister,李斯特的地磚,利斯特的地砖,리스터의 바닥 타일,Płytka podłogowa Listera,Плитка Лістера,Vloertegel van Lister,Lister'ın Yer Karosu
L_DEC_MERAXIS'SFLOORTILE,,Meraxis's Floor Tile,メラクシスの床タイル,Meraxis' Bodenfliese,Dalle de Sol de Meraxis,Baldosa de Meraxis,Ladrilho de Meraxis,Напольная плитка Мераксис,Piastrella di Meraxis,梅拉克西斯的地磚,梅拉西斯的地砖,메락시스의 바닥 타일,Płytka Podłogowa Meraxis,Плитка Підлоги Мераксіс,Vloertegel van Meraxis,Meraxis'in Yer Karosu
L_DEC_PERDITION'SFLOORTILE,,Perdition's Floor Tile,煉獄の床タイル,Kachel des Verderbens,Dalle du Plancher de Perdition,Baldosa del Suelo de la Perdición,Ladrilho do Chão da Perdição,Плитка Пола Погибели,Piastrella del Piano della Perdizione,滅亡之地磚,珀迪森的地砖,파멸의 바닥 타일,Kafelka Zatracenia,Плитка Підлоги Загибелі,Tegel van Verdoemenis,Mahvolma Zemin Karosu
L_DEC_TARTARITH'SFLOORTILE,,Tartarith's Floor Tile,タルタリスの床タイル,Tartariths Bodenfliese,Dalle de Tartarith,Baldosa de Tartarith,Ladrilho de Tartarith,Плитка Тартарита,Piastrella di Tartarith,塔塔里斯的地磚,塔尔塔里斯的地砖,타르타리스의 바닥 타일,Płytka Podłogowa Tartaritha,Плитка Тартаріта,Vloertegel van Tartarith,Tartarith'in Yer Karosu
L_DEC_TENEBRIS'FLOORTILE,,Tenebris' Floor Tile,テネブリスの床タイル,Bodenfliese von Tenebris,Dalle de Sol de Tenebris,Baldosa de Tenebris,Ladrilho do Tenebris,Плитка Тенебриса,Piastrella di Tenebris,特涅布里斯的地磚,特内布里斯的地砖,테네브리스의 바닥 타일,Płytka Podłogowa Tenebrisa,Плитка Підлоги Тенебріса,Vloertegel van Tenebris,Tenebris'in Yer Karosu
L_DEC_TORUN'SFLOORTILE,,Torun's Floor Tile,トルンの床タイル,Turins Bodenfliese,Dalle de Torun,Baldosa de Torun,Ladrilho de Torun,Плитка Торуна,Piastrella di Torun,托倫的地磚,托伦的地砖,토룬의 바닥 타일,Płytka Podłogowa Toruna,Плитка Торуна,Vloertegel van Torun,Torun'un Yer Karosu
L_DEC_VENEDON'SFLOORTILE,,Venedon's Floor Tile,ヴェネドンの床タイル,Venedons Bodenfliese,Dalle de Sol de Venedon,Baldosa de Venedon,Ladrilho de Venedon,Плитка Венедона,Piastrella di Venedon,維尼頓的地磚,维内多的地砖,베네돈의 바닥 타일,Płytka Podłogowa Venedona,Плитка Венедона,Vloertegel van Venedon,Venedon'un Yer Karosu
L_DEC_VERTRAAG'SFLOORTILE,,Vertraag's Floor Tile,ヴェルトラーグの床タイル,Vertraags Bodenfliese,Dalle de Sol de Vertraag,Baldosa de Vertraag,Ladrilho de Vertraag,Плитка Вертраага,Piastrella di Vertraag,維特拉格的地磚,维特拉戈的地砖,버트라그의 바닥 타일,Płytka Podłogowa Vertraaga,Плитка Вертраага,Vloertegel van Vertraag,Vertraag'ın Yer Karosu
L_DEC_VULCANAR'SFLOORTILE,,Vulcanar's Floor Tile,ヴァルカナーの床タイル,Vulcanars Bodenfliese,Dalle de Vulcanar,Baldosa de Vulcanar,Ladrilho de Vulcanar,Плитка Вулканара,Piastrella di Vulcanar,火神之地磚,瓦尔卡纳的地砖,불카나르의 바닥 타일,Płytka Podłogowa Vulcanara,Плитка Вулканара,Vloertegel van Vulcanar,Vulcanar'ın Yer Karosu
L_DEC_YSEROS'FLOORTILE,,Yseros' Floor Tile,イセロスの床タイル,Yseros' Bodenfliese,Dalle de Sol d'Yseros,Baldosa de Yseros,Ladrilho de Yseros,Плитка Исероса,Piastrella di Yseros,伊瑟洛斯的地磚,伊瑟洛丝的地砖,이세로스의 바닥 타일,Płytka Podłogowa Yserosa,Плитка Ісероса,Vloertegel van Yseros,Yseros'un Yer Karosu
L_DEC_ZONTE'SFLOORTILE,,Zonte's Floor Tile,ゾンテの床タイル,Zontes Bodenfliese,Carreau de sol de Zonte,Baldosa de Zonte,Ladrilho de Zonte,Напольная плитка Зонте,Piastrella di Zonte,宗特的地磚,佐特的地砖,존테의 바닥 타일,Kafelki Podłogowe Zonte,Плитка Зонте,Zonte's Vloertegel,Zonte'nin Yer Karosu
L_DEC_AURUM'SFLOORTILE,,Aurum's Floor Tile,オーラムの床タイル,Aurums Bodenfliese,Dalle de Sol d'Aurum,Baldosa de Aurum,Ladrilho de Aurum,Плитка Аурума,Piastrella di Aurum,奧倫的地磚,奥鲁姆的地砖,아우룸의 바닥 타일,Płytka Podłogowa Aurum,Плитка Аурума,Vloertegel van Aurum,Aurum'un Yer Karosu
L_DEC_STANDARDFLOORTILE,,Standard Floor Tile,標準床タイル,Standardbodenfliese,Dalle de sol standard,Baldosa Estándar,Ladrilho de Piso Padrão,Стандартная напольная плитка,Piastrella Standard,標準地板磚,标准地砖,일반 바닥 타일,Standardowa płytka podłogowa,Стандартна підлогова плитка,Standaard Vloertegel,Standart Zemin Karosu
L_DEC_MORTEM'SFLOORTILE,,Mortem's Floor Tile,モーテムの床タイル,Mortem-Bodenfliese,Dalle de Mortem,Baldosa de Mortem,Ladrilho de Mortem,Плитка Мортема,Piastrella di Mortem,莫特姆的地磚,莫特姆的地砖,모르템의 바닥 타일,Płytka Podłogowa Mortema,Плитка Мортема,Vloertegel van Mortem,Mortem'in Yer Karosu
L_DEC_SURATHLI'SFLOORTILE,,Surathli's Floor Tile,スラスリの床タイル,Surathlis Bodenfliese,Dalle de Sol de Surathli,Baldosa de Surathli,Ladrilho de Surathli,Плитка Суратли,Piastrella di Surathli,蘇拉斯利的地磚,苏拉斯莉的地砖,수라슬리의 바닥 타일,Kafelka Podłogowa Surathli,Плитка Суратлі,Vloertegel van Surathli,Surathli'nin Yer Karosu
L_DEC_GREATPANDEMONIUMFLOORTILE,,Great Pandemonium Floor Tile,大混沌の床タイル,Großes Pandemonium-Bodenfliese,Dalle de Sol du Grand Pandémonium,Baldosa del Gran Pandemonio,Ladrilho do Grande Pandemônio,Плитка Великого Пандемониума,Piastrella del Grande Pandemonio,大混亂地板磚,混乱之域地砖,대혼돈의 바닥 타일,Kafelka Wielkiego Pandemonium,Плитка Великого Пандемоніуму,Grote Pandemonium Vloertegel,Büyük Pandemonium Zemin Karosu
L_DEC_PATHOFTHEDAMNEDFLOORTILE,,Path of the Damned Floor Tile,呪われし者の道の床タイル,Pfad der Verdammten Bodenfliese,Dalle du Chemin des Damnés,Baldosa del Camino de los Condenados,Ladrilho do Caminho dos Condenados,Плитка Пути Проклятых,Piastrella del Sentiero dei Dannati,詛咒之路地磚,亡者之路地砖,저주받은 자의 길 바닥 타일,Kafelka Ścieżki Potępionych,Плитка Шляху Проклятих,Tegel van het Pad der Verdoemden,Lanetlilerin Yolu Zemin Karosu
L_DEC_TORTURECHAMBERFLOORTILE,,Torture Chamber Floor Tile,拷問室の床タイル,Folterkellerfliesenboden,Dalle de Sol de Chambre de Torture,Baldosa de Cámara de Tortura,Ladrilho do Chão da Câmara de Tortura,Плитка Пола Камеры Пыток,Piastrella del Pavimento della Camera di Tortura,刑求室地磚,酷刑密室地砖,고문실 바닥 타일,Kafelka Podłogowa Komnaty Tortur,Плитка для підлоги камери тортур,Vloertegel van de Folterkamer,İşkence Odası Zemin Karosu
L_DEC_BLOODGROVEFLOORTILE,,Blood Grove Floor Tile,血の林床タイル,Bluthainfliese,Dalle de Sol du Bosquet Sanglant,Baldosa del Bosque Sangriento,Ladrilho do Bosque Sangrento,Плитка Кровавой Рощи,Piastrella del Boschetto Sanguinario,血林地板磚,血色树林地砖,피의 숲 바닥 타일,Kafelka Podłogowa Krwawego Gaju,Плитка Кривавого Гаю,Bloedwoud Vloertegel,Kan Korusu Zemin Karosu
L_DEC_TEMPLEOFLIESFLOORTILE,,Temple of Lies Floor Tile,嘘の神殿の床タイル,Tempel der Lügen Bodenfliese,Dalle du Temple des Mensonges,Baldosa del Templo de las Mentiras,Ladrilho do Templo das Mentiras,Плитка Храма Лжи,Piastrella del Tempio delle Menzogne,謊言神殿地磚,谎言神庙地砖,거짓의 신전 바닥 타일,Kafelka Podłogowa Świątyni Kłamstw,Плитка Храму Брехні,Tempel van Leugens Vloertegel,Yalanlar Tapınağı Zemin Karosu
L_DEC_SANCTUMUMBRAFLOORTILE,,Sanctum Umbra Floor Tile,聖域の影の床タイル,Sanctum Umbra Bodenfliese,Dalle de Sol du Sanctum Umbra,Baldosa del Sanctum Umbra,Ladrilho do Sanctum Umbra,Плитка пола Святилища Теней,Piastrella del Pavimento di Sanctum Umbra,聖影地磚,暗影圣所地砖,성역 그림자 바닥 타일,Płytka Podłogowa Sanctum Umbra,Плитка Підлоги Святилища Тіней,Heiligdom Umbra Vloertegel,Kutsal Gölge Zemin Karosu
L_DEC_CAUSTICREACTORFLOORTILE,,Caustic Reactor Floor Tile,腐食性反応炉の床タイル,Ätzender Reaktorbodenfliese,Dalle de Sol du Réacteur Caustique,Baldosa de Suelo del Reactor Cáustico,Ladrilho de Reator Cáustico,Плитка Пола Едкого Реактора,Piastrella del Pavimento del Reattore Caustico,腐蝕反應爐地磚,腐蚀性反应堆地砖,부식성 원자로 바닥 타일,Kafelka Podłogowa Reaktora Żrącego,Плитка Підлоги Каустичного Реактора,Bijtende Reactorvloertegel,Kostik Reaktör Zemin Karosu
L_DEC_BASTIONOFTHEVOIDFLOORTILE,,Bastion of the Void Floor Tile,虚無の砦の床タイル,Bodenplatte der Leere-Bastion,Dalle de Sol du Bastion du Néant,Baldosa del Bastión del Vacío,Ladrilho do Bastião do Vazio,Плитка Пола Бастиона Пустоты,Piastrella del Bastione del Vuoto,虛空堡壘地磚,虚空堡垒地砖,공허의 요새 바닥 타일,Płytka Podłogowa Bastionu Pustki,Плитка Підлоги Бастіону Порожнечі,Bastion van de Leegte Vloertegel,Boşluğun Kalesi Zemin Karosu
L_DEC_ARACHNIDNESTFLOORTILE,,Arachnid Nest Floor Tile,クモの巣の床タイル,Spinnennest-Bodenfliese,Dalle de Sol du Nid d'Arachnide,Baldosa de Nido de Arácnido,Ladrilho de Ninho de Aracnídeo,"Напольная плитка ""Паучье гнездо""",Piastrella del Nido di Aracnide,蜘蛛巢穴地磚,蜘蛛巢穴地砖,거미 둥지 바닥 타일,Kafelka Podłogowa Gniazdo Pająków,Плитка підлоги павучого гнізда,Vloertegel Spinnenest,Örümcek Yuvası Zemin Karosu
L_DEC_AZUREDREAMFLOORTILE,,Azure Dream Floor Tile,蒼夢の床タイル,Azurtraum-Bodenfliese,Dalle de Sol Rêve Azuré,Baldosa de Sueño Azur,Ladrilho do Sonho Azul,Плитка Лазурного Сна,Piastrella del Sogno Azzurro,蒼藍夢境地磚,碧蓝梦境地砖,하늘빛 꿈 바닥 타일,Kafelka Lazurowego Snu,Плитка Лазурного Сну,Azuurdroomvloertegel,Gök Mavisi Rüya Yer Karosu
L_DEC_CUTTHROATJUNGLEFLOORTILE,,Cutthroat Jungle Floor Tile,殺伐とした密林の床タイル,Halsabschneider-Dschungelboden-Kachel,Dalle de Sol de la Jungle Impitoyable,Baldosa de Suelo de la Jungla Despiadada,Ladrilho de Chão da Selva Implacável,Плитка Пола Беспощадных Джунглей,Piastrella del Pavimento della Giungla Spietata,殺手叢林地磚,绝命丛林地砖,살인귀 정글 바닥 타일,Kafelka Podłogi Bezwzględnej Dżungli,Плитка підлоги Безжальних джунглів,Meedogenloze Junglevloertegel,Haydut Ormanı Zemin Karosu
L_DEC_ETERNITY'SENDFLOORTILE,,Eternity's End Floor Tile,永遠の終焉の床タイル,Bodenfliese des Ewigkeitsendes,Dalle de l'Extrémité de l'Éternité,Baldosa del Fin de la Eternidad,Ladrilho do Fim da Eternidade,Плитка Конца Вечности,Piastrella del Piano della Fine dell'Eternità,永恆終結地板磚,永恒尽头地砖,영원의 끝 바닥 타일,Kafelka Kresu Wieczności,Плитка Поверху Кінця Вічності,Vloertegel van het Einde der Eeuwigheid,Sonsuzluğun Sonu Zemin Karosu
L_DEC_FARAWAYENCLAVEFLOORTILE,,Faraway Enclave Floor Tile,遠方の飛地の床タイル,Bodenfliese der fernen Enklave,Dalle de Sol de l'Enclave Lointaine,Baldosa del Enclave Lejano,Ladrilho do Enclave Distante,Плитка Пола Отдалённого Анклава,Piastrella del Pavimento dell'Enclave Remota,遙遠飛地地磚,遥远飞地地砖,먼 곳의 거주지 바닥 타일,Płytka podłogowa z Odległej Enklawy,Плитка для підлоги Віддаленого Анклаву,Vloertegel van de Verre Enclave,Uzak Yerleşke Zemin Karosu
L_DEC_FROSTBITECAVERNSFLOORTILE,,Frostbite Caverns Floor Tile,霜咬みの洞窟の床タイル,Frostbiss-Höhlen Bodenfliese,Dalle de Sol des Cavernes Glaciales,Baldosa del Suelo de las Cavernas Heladas,Ladrilho do Piso das Cavernas Gélidas,Плитка пола Морозных Пещер,Piastrella del Pavimento delle Caverne Gelide,霜咬洞穴地磚,寒霜洞穴地砖,서리물린 동굴 바닥 타일,Kafelka Podłogowa Mroźnych Jaskiń,Плитка підлоги Крижаних Печер,Vorstkloofgrotten Vloertegel,Ayazdokunuşu Mağaraları Zemin Karosu
L_DEC_KINGDOMOFHERETICSFLOORTILE,,Kingdom of Heretics Floor Tile,異端者の王国の床タイル,Königreich der Ketzer Bodenfliese,Dalle du Royaume des Hérétiques,Baldosa del Reino de Herejes,Ladrilho do Reino dos Hereges,Плитка Королевства Еретиков,Piastrella del Regno degli Eretici,異教徒王國地磚,异教王国地砖,이단자의 왕국 바닥 타일,Płytka Podłogowa Królestwa Heretyków,Плитка Королівства Єретиків,Koninkrijk der Ketters Vloertegel,Sapkınlar Krallığı Zemin Karosu
L_DEC_THEBARRENSFLOORTILE,,The Barrens Floor Tile,不毛地の床タイル,Der Ödland-Bodenfliese,Dalle des Terres Désolées,El Azulejo del Páramo,Ladrilho das Terras Áridas,Плитка Пустоши,La Piastrella delle Lande Desolate,荒原地磚,荒芜之地地砖,황무지 바닥 타일,Płytka Podłogowa Pustkowi,Плитка Пустища,De Woestenijvloertegel,Çorak Arazi Zemin Karosu
L_DEC_THESWAMPLANDSFLOORTILE,,The Swamplands Floor Tile,沼地の床タイル,Der Sumpfland-Bodenfliese,Le Carreau de Sol des Marécages,El Azulejo de Pantano,O Ladrilho de Pântano,Плитка Болотистой Местности,La Piastrella della Palude,沼澤地板磚,沼泽之地地砖,늪지대 바닥 타일,Kafelka Podłogowa Mokradeł,Плитка Болотних Земель,De Moerasland Vloertegel,Bataklık Zemin Karosu
L_DEC_REFUGEOFTHEMAGIFLOORTILE,,Refuge of the Magi Floor Tile,魔術師の避難所の床タイル,Zuflucht der Magier Bodenfliese,Dalle de Sol du Refuge des Mages,Baldosa del Refugio de los Magos,Ladrilho do Refúgio dos Magos,Плитка Убежища Магов,Piastrella del Rifugio dei Maghi,魔法師避難所地磚,贤者避难所地砖,마법사들의 은신처 바닥 타일,Kafelka Podłogowa Schronienia Magów,Плитка Притулку Магів,Vloertegel van het Toevluchtsoord der Magiërs,Büyücülerin Sığınağı Zemin Karosu
L_DEC_UNSULLIEDMEADOWSFLOORTILE,,Unsullied Meadows Floor Tile,穢れなき草原の床タイル,Unbefleckte Wiesen-Bodenfliese,Dalle de Sol des Prés Immaculés,Baldosa de Prado Impoluto,Ladrilho de Piso dos Prados Imaculados,Плитка Нетронутых Лугов,Piastrella del Prato Incontaminato,純淨草原地磚,纯净草原地砖,오염되지 않은 초원 바닥 타일,Kafelki Podłogowe Nieskalanych Łąk,Плитка Підлоги Незаплямованих Лугів,Onbevlekte Weidenvloertegel,Lekesiz Çayır Zemin Karosu
L_DEC_DEADSHIPSFLOORTILE,,Dead Ships Floor Tile,難破船の床タイル,Totenschiff-Bodenfliese,Dalle de Navires Morts,Baldosa de Barcos Muertos,Ladrilho de Navio Morto,Плитка Мертвых Кораблей,Piastrella del Pavimento delle Navi Morte,亡船地板磚,亡船地砖,죽은 배 바닥 타일,Kafelka Podłogowa Martwych Statków,Плитка Мертвих Кораблів,Vloertegel van Dode Schepen,Ölü Gemiler Zemin Karosu
L_DEC_TITAN'SWOUNDFLOORTILE,,Titan's Wound Floor Tile,タイタンの傷床タイル,Bodenplatte der Titanenwunde,Dalle du Sol de la Blessure du Titan,Baldosa del Suelo de la Herida del Titán,Ladrilho da Ferida do Titã,Плитка Раны Титана,Piastrella della Ferita del Titano,泰坦之傷地磚,泰坦之伤地砖,타이탄의 상처 바닥 타일,Płytka Podłogowa Rany Tytana,Плитка Рани Титана,Vloertegel van de Titanenwond,Titan'ın Yarası Zemin Karosu
L_DEC_LICHPLUSH,,Lich Plush,リッチぬいぐるみ,Lich-Plüschtier,Peluche de Liche,Peluche de Liche,Pelúcia de Lich,Плюшевый Лич,Peluche di Lich,巫妖玩偶,巫妖毛绒玩具,리치 인형,Pluszowy Licz,Плюшевий ліч,Lich Knuffel,Lich Peluş
L_DEC_HARPYPLUSH,,Harpy Plush,ハーピーのぬいぐるみ,Harpyien-Plüschtier,Peluche de Harpie,Peluche de Arpía,Pelúcia de Harpia,Плюшевая Гарпия,Peluche di Arpia,鷹身女妖玩偶,鹰身女妖毛绒玩具,하피 인형,Pluszowy Harpiarz,Плюшева Гарпія,Harpij Knuffel,Harpi Peluşu
L_DEC_LEECHPLUSH,,Leech Plush,リーチぬいぐるみ,Blutegel-Plüschtier,Peluche Sangsue,Peluche Sanguijuela,Pelúcia de Sanguessuga,Плюшевая Пиявка,Sanguisuga di Peluche,水蛭玩偶,血蛭毛绒玩具,거머리 인형,Pluszowy Pijawczak,Плюшевий Кровопивця,Bloedzuiger Knuffel,Sülük Peluş
L_DEC_HUNTERPLUSH,,Hunter Plush,ハンタープラッシュ,Jäger-Plüsch,Peluche de Chasseur,Peluche de Cazador,Pelúcia de Caçador,Плюшевый Охотник,Peluche del Cacciatore,獵人絨毛玩偶,猎手毛绒玩具,사냥꾼 인형,Pluszowy Łowca,Плюшевий Мисливець,Jager Knuffel,Avcı Peluş
L_DEC_MASOCHISTPLUSH,,Masochist Plush,マゾヒストぬいぐるみ,Masochisten-Plüsch,Peluche Masochiste,Peluche Masoquista,Pelúcia Masoquista,Плюшевый Мазохист,Peluche Masochista,受虐絨毛玩偶,受虐狂毛绒玩具,마조히스트 인형,Pluszowy Masochista,Плюшевий Мазохіст,Masochistische Knuffel,Mazoşist Peluş
L_DEC_CARBUNCLEPLUSH,,Carbuncle Plush,カーバンクルのぬいぐるみ,Karfunkel-Plüschtier,Peluche de Carbuncle,Peluche de Carbunclo,Pelúcia de Carbúnculo,Плюшевый Карбункул,Peluche di Carbuncle,石榴石絨毛玩偶,宝玉兔毛绒玩具,카벙클 인형,Pluszowy Karbunkuł,Плюшевий Карбункул,Carbuncle Knuffel,Karbonkül Peluşu
L_DEC_SPECTREPLUSH,,Spectre Plush,スペクター・プラッシュ,Spektren-Plüsch,Peluche de Spectre,Peluche de Espectro,Pelúcia de Espectro,Плюшевый Призрак,Peluche Spettro,幽靈絨毛玩偶,幽鬼毛绒玩具,유령 인형,Pluszowy Widmowiec,Плюшевий Привид,Spookgestalte Knuffel,Hayalet Peluş
L_DEC_GARGANTUANPLUSH,,Gargantuan Plush,ギガントプラッシュ,Gigantisches Plüschtier,Peluche Gargantuesque,Peluche Gigantesco,Pelúcia Gigantesca,Гигантский Плюш,Peluche Gigantesco,巨大絨毛玩偶,巨像毛绒玩具,거대한 인형,Gigantyczny Plusz,Гігантська М'яка Іграшка,Gigantische Knuffel,Devasa Peluş
L_DEC_RAVENPLUSH,,Raven Plush,レイヴンのぬいぐるみ,Rabenpuppe,Peluche de Corbeau,Peluche de Cuervo,Pelúcia de Corvo,Плюшевый Ворон,Peluche di Corvo,烏鴉絨毛玩偶,渡鸦毛绒玩具,까마귀 인형,Pluszowy Kruk,Плюшевий Ворон,Ravenpop,Kuzgun Peluş
L_DEC_SHAPESHIFTERPLUSH,,Shapeshifter Plush,シェイプシフターのぬいぐるみ,Gestaltwandler-Plüsch,Peluche Métamorphe,Peluche Cambiaformas,Pelúcia Metamorfo,Плюшевый Оборотень,Peluche Mutaforma,變形師絨毛玩偶,变形者毛绒玩具,변신술사 인형,Pluszak Zmiennokształtny,Плюшевий перевертень,Gedaanteverwisselaar Knuffel,Şekildeğiştiren Peluş
L_DEC_GIANTPLUSH,,Giant Plush,ジャイアントぬいぐるみ,Riesenplüsch,Peluche Géante,Peluche Gigante,Pelúcia Gigante,Гигантский плюшевый,Peluche Gigante,巨型絨毛玩偶,巨人毛绒玩具,거대한 인형,Gigantyczna Maskotka,Гігантська М'яка Іграшка,Reusachtige Knuffel,Dev Peluş
L_DEC_AZUREDREAMSSHRINE,,Azure Dreams Shrine,アズールドリームの祠,Schrein der Azurblauen Träume,Sanctuaire des Rêves d'Azur,Santuario de Sueños Azules,Santuário dos Sonhos Azuis,Святилище Лазурных Снов,Santuario dei Sogni Azzurri,蒼藍夢境神社,碧蓝梦境神龛,푸른 꿈의 신전,Sanktuarium Lazurowych Snów,Святиня Лазурних Мрій,Azuurdromen Heiligdom,Mavi Rüyalar Tapınağı
L_DEC_AZUREDREAMSPORTAL,,Azure Dreams Portal,アズールドリームズポータル,Azurtraum-Portal,Portail des Rêves d'Azur,Portal de Sueños Azules,Portal dos Sonhos Azuis,Портал Лазурных Снов,Portale dei Sogni Azzurri,蒼藍夢境之門,碧蓝梦境传送门,하늘빛 꿈의 문,Portal Lazurowych Snów,Портал Лазурових Мрій,Azuurdromen Portaal,Mavi Rüyalar Portalı
L_DEC_AZUREDREAMSSTAR,,Azure Dreams Star,アズールドリームスター,Azurblaue Träume Stern,Étoile des Rêves Azurés,Estrella de Sueños Azules,Estrela dos Sonhos Azuis,Звезда Лазурных Снов,Stella dei Sogni Azzurri,蒼藍夢境之星,碧蓝梦境星星,하늘빛 꿈의 별,Gwiazda Lazurowych Snów,Зоряні Лазурні Мрії,Azuurblauwe Dromen Ster,Azur Rüyalar Yıldızı
L_DEC_AZUREDREAMSFRUIT,,Azure Dreams Fruit,アズールドリームフルーツ,Azurblaue Traumfrucht,Fruit des Rêves d'Azur,Fruta de Sueños Azules,Fruta dos Sonhos Azuis,Плод Лазурных Снов,Frutto dei Sogni Azzurri,蒼藍夢境之果,碧蓝梦境果实,푸른 꿈의 열매,Owoc Lazurowych Snów,Фрукт Лазурних Мрій,Azuurdromen Fruit,Mavi Rüyalar Meyvesi
L_DEC_AZUREDREAMSOBELISKCORRUPTED,,Azure Dreams Obelisk (Corrupted),蒼穹の夢の碑（破損）,Azure Dreams Obelisk (Korrumpiert),Obélisque des Rêves d'Azur (Corrompu),Obelisco de Sueños Azules (Corrompido),Obelisco dos Sonhos Azuis (Corrompido),Обелиск Лазурных Снов (Искажённый),Obelisco dei Sogni Azzurri (Corrotto),蒼藍夢境方尖碑（腐化）,碧蓝梦境方尖碑（腐化）,하늘빛 꿈의 오벨리스크 (타락한),Obelisk Lazurowych Snów (Zepsuty),Обеліск Лазурних Мрій (Спотворений),Azure Dromen Obelisk (Gecorrumpeerd),Azur Rüyalar Dikilitaşı (Bozulmuş)
L_DEC_AZUREDREAMSOBELISK,,Azure Dreams Obelisk,アズールドリームの碑,Obelisk der Azurträume,Obélisque des Rêves d'Azur,Obelisco de Sueños Azules,Obelisco dos Sonhos Azuis,Обелиск Лазурных Снов,Obelisco dei Sogni Azzurri,蒼藍夢境方尖碑,碧蓝梦境方尖碑,하늘빛 꿈의 오벨리스크,Obelisk Lazurowych Snów,Обеліск Лазурних Мрій,Azure Dreams Obelisk,Azur Rüyalar Dikilitaşı
L_DEC_AZUREDREAMSMENHIR,,Azure Dreams Menhir,アズールドリームの石碑,Azurblaue Träume Menhir,Menhir des Rêves d'Azur,Menhir de Sueños Azules,Menir dos Sonhos Azuis,Менгир Лазурных Снов,Menhir dei Sogni Azzurri,蒼藍夢境石柱,碧蓝梦境巨石柱,하늘빛 꿈의 메니르,Menhir Lazurowych Snów,Менгір Лазурових Мрій,Azuurblauwe Dromen Menhir,Azur Rüyalar Dikilitaşı
L_DEC_AZUREDREAMSCLOUDS,,Azure Dreams Clouds,蒼空の夢雲,Azurblaue Traumwolken,Nuages des Rêves d'Azur,Nubes de Sueños Azules,Nuvens dos Sonhos Azuis,Облака Лазурных Снов,Nuvole dei Sogni Azzurri,蒼藍夢境雲,碧蓝梦境云,하늘빛 꿈 구름,Chmury Lazurowych Snów,Хмари Лазурних Мрій,Azuurblauwe Droomwolken,Gök Mavisi Rüya Bulutları
L_DEC_AZUREDREAMSPILLAR,,Azure Dreams Pillar,蒼き夢の柱,Säule der Azurträume,Pilier des Rêves d'Azur,Pilar de Sueños Azules,Pilar dos Sonhos Azuis,Столп Лазурных Снов,Pilastro dei Sogni Azzurri,蒼藍夢境之柱,蔚蓝梦境柱子,푸른 꿈의 기둥,Filar Lazurowych Snów,Колона Лазурних Мрій,Azuurdromen Pilaar,Azur Rüyalar Sütunu
L_DEC_AZUREDREAMSTREE,,Azure Dreams Tree,蒼天の夢の木,Azurblauer Träume-Baum,Arbre des Rêves d'Azur,Árbol de Sueños Azules,Árvore dos Sonhos Azuis,Древо Лазурных Снов,Albero dei Sogni Azzurri,蒼藍夢境之樹,蔚蓝梦境树,하늘빛 꿈의 나무,Drzewo Lazurowych Snów,Дерево Лазурних Мрій,Azuurdromen Boom,Azur Rüyalar Ağacı
L_DEC_PATHOFTHEDAMNEDMUSHROOMS,,Path of the Damned Mushrooms,呪われたキノコの道,Pfad der Verdammten Pilze,Chemin des Champignons Maudits,Camino de los Hongos Malditos,Caminho dos Cogumelos Amaldiçoados,Путь Проклятых Грибов,Sentiero dei Funghi Dannati,詛咒蘑菇之路,诅咒之路蘑菇,저주받은 버섯의 길,Ścieżka Przeklętych Grzybów,Шлях Проклятих Грибів,Pad van de Verdoemde Paddenstoelen,Lanetlilerin Mantar Yolu
L_DEC_PATHOFTHEDAMNEDSTONES,,Path of the Damned Stones,呪われた石の道,Pfad der Verdammten Steine,Chemin des Pierres Maudites,Camino de las Piedras Malditas,Caminho das Pedras Malditas,Путь Проклятых Камней,Sentiero delle Pietre Dannate,詛咒石之路,诅咒之路石块,저주받은 돌의 길,Ścieżka Przeklętych Kamieni,Шлях Проклятих Каменів,Pad van de Verdoemde Stenen,Lanetli Taşların Yolu
L_DEC_PATHOFTHEDAMNEDTOMB,,Path of the Damned Tomb,呪われし者の墓道,Pfad des Verdammten Grabes,Tombeau du Chemin des Damnés,Tumba del Camino de los Condenados,Tumba do Caminho dos Condenados,Гробница Проклятых,Tomba del Sentiero dei Dannati,詛咒之徒墓穴,诅咒之路墓穴,저주받은 자의 무덤길,Grobowiec Potępionych,Гробниця Проклятих,Pad van het Verdoemde Graf,Lanetlilerin Mezarı Yolu
L_DEC_PATHOFTHEDAMNEDSKULLS,,Path of the Damned Skulls,呪われし髑髏の道,Pfad der Verdammten Schädel,Chemin des Crânes Damnés,Camino de las Calaveras Malditas,Caminho dos Crânios Amaldiçoados,Путь Проклятых Черепов,Sentiero dei Teschi Dannati,詛咒骷髏之路,诅咒之路骷髅,저주받은 해골의 길,Ścieżka Przeklętych Czaszek,Шлях Проклятих Черепів,Pad van de Verdoemde Schedels,Lanetli Kafatasların Yolu
L_DEC_PATHOFTHEDAMNEDFLOWER,,Path of the Damned Flower,呪われた花の道,Pfad der Verdammten Blume,Chemin de la Fleur Damnée,Camino de la Flor Maldita,Caminho da Flor Maldita,Путь Проклятого Цветка,Sentiero del Fiore Dannato,詛咒之花的道路,诅咒之路花,저주받은 꽃의 길,Ścieżka Przeklętego Kwiatu,Шлях Проклятої Квітки,Pad van de Verdoemde Bloem,Lanetli Çiçeğin Yolu
L_DEC_PATHOFTHEDAMNEDTREE,,Path of the Damned Tree,呪われし者の道,Pfad des Verdammten Baums,Voie de l'Arbre des Damnés,Camino del Árbol de los Condenados,Caminho da Árvore Maldita,Путь Проклятого Древа,Sentiero dell'Albero Dannato,詛咒者之路樹,诅咒之路树,저주받은 자의 길 나무,Ścieżka Przeklętego Drzewa,Шлях Проклятого Дерева,Pad van de Verdoemde Boom,Lanetlilerin Yolu Ağacı
L_DEC_PATHOFTHEDAMNEDLOG,,Path of the Damned Log,呪われし者の道の記録,Pfad der Verdammten Protokoll,Journal des Damnés,Registro del Camino de los Condenados,Registro do Caminho dos Condenados,Журнал Пути Проклятых,Registro del Sentiero dei Dannati,詛咒之路日誌,诅咒之路原木,저주받은 자의 길 기록,Dziennik Ścieżki Potępionych,Журнал Шляху Проклятих,Pad van de Verdoemden Log,Lanetlilerin Yolu Günlüğü
L_DEC_PATHOFTHEDAMNEDTWIGS,,Path of the Damned Twigs,呪われし者の小枝の道,Pfad der Verdammten Zweige,Chemin des Brindilles Maudites,Camino de las Ramitas Malditas,Caminho dos Galhos Amaldiçoados,Путь Проклятых Веток,Sentiero dei Ramoscelli Dannati,詛咒之徑樹枝,诅咒之路树枝,저주받은 자의 길 나뭇가지,Ścieżka Przeklętych Gałązek,Шлях Проклятих Гілочок,Pad van de Verdoemde Twijgen,Lanetlilerin Yolu Çubukları
L_DEC_PATHOFTHEDAMNEDMOSSYSTONES,,Path of the Damned Mossy Stones,呪われし者の道 苔むした石,Pfad der Verdammten Moosige Steine,Chemin des Damnés Pierres Moussues,Camino de los Condenados Piedras Musgosas,Caminho dos Condenados Pedras Musgosas,Путь Проклятых Замшелые Камни,Sentiero dei Dannati Pietre Muschiose,詛咒之徑苔石,诅咒之路苔石,저주받은 자의 길 이끼 낀 돌,Ścieżka Potępionych Omszałe Kamienie,Шлях Проклятих Моховиті Камені,Pad van de Verdoemden Bemoste Stenen,Lanetlilerin Yolu Yosunlu Taşlar
L_DEC_PATHOFTHEDAMNEDBONES,,Path of the Damned Bones,呪われた骨の道,Pfad der Verdammten Knochen,Chemin des Os Damnés,Camino de los Huesos Malditos,Caminho dos Ossos Condenados,Путь Проклятых Костей,Sentiero delle Ossa Dannate,詛咒骸骨之路,诅咒之路骨头,저주받은 뼈의 길,Ścieżka Przeklętych Kości,Шлях Проклятих Кісток,Pad van de Verdoemde Beenderen,Lanetli Kemiklerin Yolu
L_DEC_PATHOFTHEDAMNEDSKULL,,Path of the Damned Skull,呪われた髑髏の道,Pfad des Verdammten Schädels,Chemin du Crâne Maudit,Camino del Cráneo Maldito,Caminho do Crânio Amaldiçoado,Путь Проклятого Черепа,Sentiero del Teschio Dannato,詛咒骷髏之路,诅咒之路头骨,저주받은 해골의 길,Ścieżka Przeklętej Czaszki,Шлях Проклятого Черепа,Pad van de Verdoemde Schedel,Lanetli Kafatası Yolu
L_DEC_PATHOFTHEDAMNEDRAILING,,Path of the Damned Railing,呪われし者の道の手すり,Pfad der Verdammten Geländer,Voie des Damnés Rambarde,Barandilla del Camino de los Condenados,Trilha dos Condenados,Перила Пути Проклятых,Ringhiera del Sentiero dei Dannati,詛咒之途欄杆,诅咒之路栏杆,저주받은 자의 길 난간,Poręcz Ścieżki Potępionych,Шлях Проклятих Огорожа,Pad van de Verdoemden Reling,Lanetlilerin Yolu Tırabzanı
L_DEC_SWAMPLANDSTREASURE,,Swamplands Treasure,湿地帯の宝,Sumpfland-Schatz,Trésor des Marécages,Tesoro de los Pantanos,Tesouro dos Pântanos,Сокровище Болотных Земель,Tesoro delle Paludi,沼澤地寶藏,沼泽之地宝藏,늪지대의 보물,Skarb Mokradeł,Скарб Болотних Земель,Moerasschat,Bataklık Hazinesi
L_DEC_SWAMPLANDSFLOWER,,Swamplands Flower,沼地の花,Sumpflandblume,Fleur des Marécages,Flor de los Pantanos,Flor dos Pântanos,Болотный Цветок,Fiore delle Paludi,沼澤之花,沼泽之地花,늪지대의 꽃,Kwiat Moczarów,Болотна Квітка,Moerasbloemland,Bataklık Çiçeği
L_DEC_SWAMPLANDSTEMPLE,,Swamplands Temple,沼地の寺院,Sumpfland-Tempel,Temple des Marécages,Templo de las Ciénagas,Templo dos Pântanos,Храм Болотных Земель,Tempio delle Paludi,沼澤神廟,沼泽之地神庙,늪지대 사원,Świątynia Moczarów,Храм Болотних Земель,Moeras Tempel,Bataklık Tapınağı
L_DEC_SWAMPLANDSLODGE,,Swamplands Lodge,湿地の宿,Sumpfland-Hütte,Auberge des Marécages,Posada de los Pantanos,Albergue dos Pântanos,Приют Болотных Земель,Rifugio delle Paludi,沼澤地旅館,沼泽之地木屋,늪지대 오두막,Chata na Mokradłach,Притулок Болотних Земель,Moerasverblijf,Bataklık Konaklama Evi
L_DEC_SWAMPLANDSIMCAVE,,Swamplands Im Cave,沼地の洞窟,Sumpfgebiete Im Höhle,Marécages Im Cave,Pantanos en Cueva,Pântanos na Caverna,Болотные земли в пещере,Palude nella Grotta,沼澤地帶洞穴,沼泽之地洞穴,늪지대 임 동굴,Bagna w Jaskini,Болотисті землі Ім Печера,Moeraslanden Im Grot,Bataklık Arazileri Mağarada
L_DEC_SWAMPLANDSOBELISK,,Swamplands Obelisk,湿地のオベリスク,Sumpfland-Obelisk,Obélisque des Marécages,Obelisco de los Pantanos,Obelisco dos Pântanos,Обелиск Болотных Земель,Obelisco delle Paludi,沼澤地方尖碑,沼泽之地方尖碑,늪지대 오벨리스크,Obelisk Mokradeł,Обеліск Болотних Земель,Moerasland Obelisk,Bataklık Dikilitaşı
L_DEC_SWAMPLANDSHYACINTH,,Swamplands Hyacinth,沼地のヒヤシンス,Sumpfland-Hyazinthe,Jacinthe des marécages,Jacinto de los Pantanos,Jacinto dos Pântanos,Болотный гиацинт,Giacinto delle Paludi,沼澤風信子,沼泽之地风信子,늪지대 히아신스,Hiacynt Moczarów,Болотна Гіацинта,Moerasland Hyacint,Bataklık Sümbülü
L_DEC_SWAMPLANDSFLYTRAP,,Swamplands Flytrap,沼地のハエトリグサ,Sumpfland-Venusfliegenfalle,Attrape-mouche des marécages,Atrapamoscas de los Pantanos,Planta Carnívora dos Pântanos,Болотная Мухоловка,Pianta Carnivora delle Paludi,沼澤捕蠅草,沼泽之地捕蝇草,늪지대 파리지옥,Muchołówka z Bagien,Болотна Мухоловка,Moerasland Vleesetende Plant,Bataklık Sinekkapanı
L_DEC_SWAMPLANDSMUSHROOM,,Swamplands Mushroom,沼地のキノコ,Sumpfland-Pilz,Champignon des marécages,Champiñón de los Pantanos,Cogumelo dos Pântanos,Болотный гриб,Fungo delle Paludi,沼澤蘑菇,沼泽之地蘑菇,늪지대 버섯,Grzyb z Moczarów,Болотний гриб,Moeraspaddestoelen,Bataklık Mantarı
L_DEC_SWAMPLANDSTREE,,Swamplands Tree,沼地の木,Sumpflandbaum,Arbre des Marécages,Árbol de los Pantanos,Árvore dos Pântanos,Болотное Древо,Albero delle Paludi,沼澤地樹木,沼泽之地树,늪지대 나무,Drzewo Moczarów,Болотне дерево,Moeraslandboom,Bataklık Ağacı
L_DEC_SWAMPLANDSFERN,,Swamplands Fern,沼地のシダ,Sumpfland-Farn,Fougère des marécages,Helecho de los Pantanos,Samambaia dos Pântanos,Болотный папоротник,Felce delle Paludi,沼澤蕨類,沼泽之地蕨类,늪지대 고사리,Paproć z Moczarów,Папороть Болотних Земель,Moerasvarens,Bataklık Eğreltisi
L_DEC_SWAMPLANDSBERRYBUSH,,Swamplands Berry Bush,沼地の果実の茂み,Sumpfland-Beerenstrauch,Buisson de Baies des Marécages,Arbusto de Bayas del Pantano,Arbusto de Bagas do Pântano,Ягодный куст болотных земель,Cespuglio di Bacche delle Paludi,沼澤地漿果叢,沼泽之地浆果丛,늪지대 열매 덤불,Krzak Jagód z Bagien,Ягідний кущ болотних земель,Moerasbessenstruik,Bataklık Yemişi Çalısı
L_DEC_SWAMPLANDSSKULL,,Swamplands Skull,沼地の髑髏,Sumpfland-Schädel,Crâne des Marécages,Calavera de los Pantanos,Crânio dos Pântanos,Череп Болотных Земель,Teschio delle Paludi,沼澤地骷髏,沼泽之地骷髅,늪지대 해골,Czaszka z Moczarów,Череп Болотних Земель,Moeraslandenschedel,Bataklık Kafatası
L_DEC_SWAMPLANDSBUSH,,Swamplands Bush,沼地の茂み,Sumpflandbusch,Buisson des marécages,Arbusto de Ciénagas,Arbusto dos Pântanos,Болотный куст,Cespuglio delle Paludi,沼澤地灌木,沼泽之地灌木,늪지대 덤불,Krzak Moczarów,Болотний кущ,Moerasstruik,Bataklık Çalısı
L_DEC_SWAMPLANDSREEDS,,Swamplands Reeds,沼地の葦,Sumpfland-Schilf,Roseaux des Marécages,Juncos de las Ciénagas,Juncos dos Pântanos,Тростник Болотных Земель,Canne della Palude,沼澤蘆葦,沼泽之地芦苇,늪지대 갈대,Trzciny Moczarów,Болотні Очерети,Moerasriet,Bataklık Kamışları
L_DEC_SWAMPLANDSROCK,,Swamplands Rock,湿地帯の岩,Sumpfland-Felsen,Roche des Marécages,Roca de los Pantanos,Rocha dos Pântanos,Болотный Камень,Roccia delle Paludi,沼澤地岩石,沼泽之地岩石,늪지대 바위,Skała Mokradeł,Болотний Камінь,Moeraslandgesteente,Bataklık Kayası
L_DEC_PANDEMONIUMSTONES,,Pandemonium Stones,パンデモニウムストーン,Pandämoniumsteine,Pierres de Pandémonium,Piedras del Pandemonio,Pedras do Pandemônio,Камни Пандемониума,Pietre del Pandemonium,混沌石,混乱之域石块,판데모니움 스톤,Kamienie Pandemonium,Камені Пандемоніуму,Pandemonium Stenen,Kargaşa Taşları
L_DEC_PANDEMONIUMVOLCANOSMALL,,Pandemonium Volcano (Small),パンデモニウム火山（小）,Pandämonium-Vulkan (Klein),Volcan de Pandémonium (Petit),Volcán del Pandemonio (Pequeño),Vulcão do Pandemônio (Pequeno),Вулкан Пандемониум (Малый),Vulcano del Pandemonio (Piccolo),混沌火山（小）,混乱之域火山（小）,판데모니움 화산 (소형),Wulkan Pandemonium (Mały),Вулкан Пандемоніум (Малий),Pandemonium Vulkaan (Klein),Pandemonium Volkanı (Küçük)
L_DEC_PANDEMONIUMEMBERS,,Pandemonium Embers,パンデモニウムの余燼,Pandämonium-Glut,Braises du Pandémonium,Brasas del Pandemonio,Brasas do Pandemônio,Угли Пандемониума,Braci del Pandemonio,混沌餘燼,混乱之域余烬,혼돈의 잔불,Żagwie Pandemonium,Жарини Пандемоніуму,Pandemonium Sintels,Cehennem Közleri
L_DEC_PANDEMONIUMNEST,,Pandemonium Nest,パンデモニウムの巣,Pandemonium-Nest,Nid de Pandémonium,Nido de Pandemonium,Ninho do Pandemônio,Гнездо Пандемониума,Nido del Pandemonium,混沌巢穴,混乱之域巢穴,판데모니움 둥지,Gniazdo Pandemonium,Гніздо Пандемоніуму,Pandemonium Nest,Pandemonium Yuvası
L_DEC_PANDEMONIUMTELEPORTER,,Pandemonium Teleporter,パンデモニウム転送装置,Pandemonium-Teleporter,Téléporteur de Pandémonium,Teletransportador de Pandemonium,Teleportador do Pandemônio,Телепорт Пандемониума,Teletrasporto del Pandemonium,混沌傳送門,混乱之域传送门,판데모니움 텔레포터,Teleporter Pandemonium,Телепорт Пандемоніуму,Pandemonium Teleporter,Pandemonium Teleportörü
L_DEC_MAILBOX,,Mailbox,メールボックス,Briefkasten,Boîte aux lettres,Buzón,Caixa de correio,Почтовый ящик,Cassetta delle lettere,信箱,邮箱,우편함,Skrzynka pocztowa,Поштова скринька,Brievenbus,Posta Kutusu
L_DEC_PANDEMONIUMSKULL,,Pandemonium Skull,パンデモニウムの髑髏,Pandämonium-Schädel,Crâne du Pandémonium,Cráneo del Pandemonio,Crânio do Pandemônio,Череп Пандемониума,Teschio del Pandemonio,混沌骷髏,混乱之域骷髅,혼돈의 해골,Czaszka Pandemonium,Череп Пандемоніуму,Pandemonium Schedel,Kargaşa Kafatası
L_DEC_PANDEMONIUMSPIKES,,Pandemonium Spikes,パンデモニウムスパイク,Pandämonium-Stacheln,Pics du Pandémonium,Púas de Pandemonio,Espinhos do Pandemônio,Шипы Пандемониума,Spuntoni del Pandemonio,混沌尖刺,混乱之域尖刺,혼돈의 가시,Kolce Pandemonium,Шипи Пандемоніуму,Pandemonium Spikes,Cehennem Dikenleri
L_DEC_PANDEMONIUMBONES,,Pandemonium Bones,パンデモニウムの骨,Pandämonium-Knochen,Ossements du Pandémonium,Huesos del Pandemonio,Ossos do Pandemônio,Кости Пандемониума,Ossa del Pandemonio,混沌骸骨,混乱之域骸骨,판데모니움 본즈,Kości Pandemonium,Кістки Пандемоніуму,Pandemonium Beenderen,Cehennem Kemikleri
L_DEC_PANDEMONIUMVOLCANOBIG,,Pandemonium Volcano (Big),パンデモニウム火山（大）,Pandemonium-Vulkan (Groß),Volcan du Pandémonium (Grand),Volcán del Pandemonio (Grande),Vulcão do Pandemônio (Grande),Вулкан Пандемониум (Большой),Vulcano del Pandemonio (Grande),混沌火山（大）,混乱之域火山（大）,판데모니움 화산 (대형),Wulkan Pandemonium (Duży),Вулкан Пандемоніум (Великий),Pandemonium Vulkaan (Groot),Pandemonium Volkanı (Büyük)
L_DEC_PANDEMONIUMBONE,,Pandemonium Bone,パンデモニウムの骨,Pandämonium-Knochen,Ossement du Pandémonium,Hueso de Pandemonio,Osso do Pandemônio,Кость Пандемониума,Osso del Pandemonium,混沌骸骨,混乱之域骨,혼돈의 뼈,Kość Pandemonium,Кістка Пандемоніуму,Pandemonium Bot,Cehennem Kemiği
L_DEC_REFUGEPOTION,,Refuge Potion,レフュージポーション,Zuflucht-Trank,Potion de refuge,Poción de Refugio,Poção de Refúgio,Зелье убежища,Pozione del Rifugio,庇護藥水,避难所药水,피난의 물약,Mikstura Schronienia,Зілля притулку,Toevluchtsdrank,Sığınak İksiri
L_DEC_REFUGETOME,,Refuge Tome,避難の書,Zufluchtsbuch,Tome de Refuge,Tomo del Refugio,Tomo do Refúgio,Том Убежища,Tomo del Rifugio,庇護之書,避难所典籍,피난의 서,Księga Schronienia,Том Притулку,Toevluchtboek,Sığınak Kitabı
L_DEC_REFUGETOMESTACK,,Refuge Tome Stack,避難の書の山,Stapel der Zufluchtsbände,Pile de Tomes de Refuge,Pila de Tomos de Refugio,Pilha de Tomos de Refúgio,Стопка Томов Убежища,Pila di Tomi del Rifugio,庇護典籍堆,避难所典籍堆,피난처 마법서 더미,Stos Ksiąg Schronienia,Стос Томів Притулку,Stapel Toevluchtstomen,Sığınak Tome Yığını
L_DEC_REFUGEDESK,,Refuge Desk,避難所の机,Zufluchtspult,Bureau du refuge,Escritorio del Refugio,Mesa de Refúgio,Стол убежища,Scrivania del Rifugio,庇護所櫃檯,避难所桌子,피난처 책상,Biurko Schronienia,Стіл притулку,Toevluchtsbureau,Sığınak Masası
L_DEC_REFUGETELESCOPE,,Refuge Telescope,避難所の望遠鏡,Zuflucht-Teleskop,Télescope du Refuge,Telescopio del Refugio,Telescópio do Refúgio,Телескоп Убежища,Telescopio del Rifugio,避難望遠鏡,避难所望远镜,피난처 망원경,Teleskop Schronienia,Телескоп Притулку,Toevluchttelescoop,Sığınak Teleskobu
L_DEC_REFUGESPLATTER,,Refuge Splatter,レフュージ・スプラッター,Zufluchtsgemetzel,Éclaboussure de Refuge,Salpicadura de Refugio,Respingo de Refúgio,Разбрызгивание убежища,Schizzi di Rifugio,避難所濺血,避难所溅射物,피난처 살포,Rozprysk Schronienia,Бризки Притулку,Toevluchtsoord Spetter,Sığınak Sıçratması
L_DEC_REFUGEPORTAL,,Refuge Portal,避難所の門,Zufluchtportal,Portail du Refuge,Portal de Refugio,Portal de Refúgio,Портал Убежища,Portale del Rifugio,庇護之門,避难所传送门,피난처 포탈,Portal Schronienia,Портал Притулку,Toevluchtportaal,Sığınak Portalı
L_DEC_REFUGEALCHEMYSTATION,,Refuge Alchemy Station,避難所の錬金術台,Alchemiestation der Zuflucht,Station d'Alchimie du Refuge,Estación de Alquimia del Refugio,Estação de Alquimia do Refúgio,Алхимическая станция убежища,Stazione di Alchimia del Rifugio,庇護所鍊金站,避难所炼金桌,은신처 연금술 스테이션,Stacja Alchemiczna Schronienia,Алхімічна станція притулку,Toevluchtsoord Alchemiestation,Sığınak Simya İstasyonu
L_DEC_REFUGEBOOKSHELF,,Refuge Bookshelf,避難所の本棚,Bücherschrank der Zuflucht,Bibliothèque du Refuge,Estantería del Refugio,Estante de Livros do Refúgio,Книжная полка убежища,Libreria del Rifugio,庇護所書架,避难所书架,피난처 책장,Regałowa Biblioteczka,Книжкова полиця притулку,Toevluchtsoord Boekenkast,Sığınak Kitaplığı
L_DEC_REFUGECOLUMN,,Refuge Column,避難の柱,Zufluchtssäule,Colonne de Refuge,Columna de Refugio,Coluna de Refúgio,Колонна Убежища,Colonna del Rifugio,庇護之柱,避难所柱子,피난 기둥,Kolumna Schronienia,Колона Притулку,Toevluchtszuil,Sığınak Sütunu
L_DEC_REFUGEBARREL,,Refuge Barrel,避難樽,Zufluchtsfass,Tonneau de refuge,Barril de Refugio,Barril de Refúgio,Бочка-убежище,Barile Rifugio,避難桶,避难所桶,피난 통,Beczka Schronienia,Бочка-сховок,Toevluchtsvat,Sığınak Fıçısı
L_DEC_TEMPLEKEY,,Temple Key,神殿の鍵,Tempelschlüssel,Clé du Temple,Llave del Templo,Chave do Templo,Ключ от Храма,Chiave del Tempio,神廟鑰匙,神庙钥匙,사원 열쇠,Klucz do Świątyni,Ключ від храму,Tempelsleutel,Tapınak Anahtarı
L_DEC_TEMPLERAINBOWWELL,,Temple Rainbow Well,虹の井戸神殿,Tempel des Regenbogenbrunnens,Puits Arc-en-ciel du Temple,Pozo Arcoíris del Templo,Poço Arco-Íris do Templo,Храм Радужного Колодца,Pozzo Arcobaleno del Tempio,彩虹神廟井,神庙彩虹井,무지개 우물 사원,Tęczowa Studnia Świątyni,Храм Веселкової Криниці,Regenboogput van de Tempel,Gökkuşağı Tapınak Kuyusu
L_DEC_TEMPLEPORTAL,,Temple Portal,神殿の門,Tempelpforte,Portail du Temple,Portal del Templo,Portal do Templo,Портал Храма,Portale del Tempio,神廟傳送門,神庙传送门,사원 포탈,Portal Świątyni,Портал Храму,Tempelportaal,Tapınak Portalı
L_DEC_TEMPLEHORSESHOE,,Temple Horseshoe,寺院の蹄鉄,Tempel-Hufeisen,Temple du Fer à Cheval,Herradura del Templo,Ferradura do Templo,Храм Подковы,Ferro di Cavallo del Tempio,神廟馬蹄,神庙马掌,사원 편자,Podkowa Świątynna,Храм Підкови,Tempel Hoefijzer,Tapınak Nalı
L_DEC_TEMPLEDUST,,Temple Dust,神殿の塵,Tempelpulver,Poussière du Temple,Polvo del Templo,Pó do Templo,Храмовая Пыль,Polvere del Tempio,神廟之塵,神庙尘,사원의 먼지,Pył Świątynny,Храмовий Пил,Tempelstoef,Tapınak Tozu
L_DEC_TEMPLEGEMS,,Temple Gems,神殿の宝石,Tempeledelsteine,Gemmes du Temple,Gemas del Templo,Gemas do Templo,Храмовые Самоцветы,Gemme del Tempio,神廟寶石,神庙宝石,사원 보석,Klejnoty Świątyni,Храмові Самоцвіти,Tempeledelstenen,Tapınak Mücevherleri
L_DEC_TEMPLEJEWEL,,Temple Jewel,神殿の宝石,Tempelkleinod,Joyau du Temple,Joya del Templo,Joia do Templo,Храмовый Самоцвет,Gemma del Tempio,神廟寶石,神庙珠宝,사원 보석,Klejnot Świątyni,Храмовий Самоцвіт,Tempeljuweel,Tapınak Mücevheri
L_DEC_TEMPLERIFT,,Temple Rift,テンプル・リフト,Tempelriss,Faille du Temple,Fisura del Templo,Fenda do Templo,Разлом Храма,Fenditura del Tempio,神廟裂隙,神庙裂隙,신전 균열,Szczelina Świątyni,Розлом Храму,Tempelscheur,Tapınak Yarığı
L_DEC_TEMPLEGOLDENPOT,,Temple Golden Pot,寺院の黄金の壺,Goldener Tempeltopf,Pot d'Or du Temple,Caldero Dorado del Templo,Pote Dourado do Templo,Золотой Горшок Храма,Calderone d'Oro del Tempio,神廟金壺,神庙金壶,사원 황금 항아리,Złoty Garnek Świątyni,Золота Чаша Храму,Tempel Gouden Pot,Tapınak Altın Çömleği
L_DEC_TEMPLECLUSTERBLUE,,Temple Cluster (Blue),テンプル・クラスター（青）,Tempelgruppe (Blau),Amas de Temples (Bleu),Grupo de Templos (Azul),Aglomerado de Templos (Azul),Храмовое Скопление (Синее),Gruppo di Templi (Blu),神廟集群（藍）,神殿簇（蓝）,사원 클러스터 (블루),Skupisko Świątyń (Niebieskie),Храмовий Кластер (Синій),Tempelcluster (Blauw),Tapınak Kümesi (Mavi)
L_DEC_TEMPLECLUSTERGREEN,,Temple Cluster (Green),寺院群（緑）,Tempelgruppe (Grün),Amas de Temples (Vert),Grupo de Templos (Verde),Aglomerado de Templos (Verde),Храмовый Кластер (Зелёный),Gruppo di Templi (Verde),神廟群集（綠）,神殿簇（绿）,사원 클러스터 (녹색),Skupisko Świątyń (Zielone),Храмовий Кластер (Зелений),Tempelcluster (Groen),Tapınak Kümesi (Yeşil)
L_DEC_TEMPLECLUSTERYELLOW,,Temple Cluster (Yellow),寺院群（黄）,Tempelgruppe (Gelb),Amas de Temples (Jaune),Grupo de Templos (Amarillo),Aglomerado de Templos (Amarelo),Храмовый Кластер (Жёлтый),Gruppo di Templi (Giallo),神廟群集（黃色）,神殿簇（黄）,사원 군집 (노랑),Skupisko Świątyń (Żółte),Храмовий Кластер (Жовтий),Tempelcluster (Geel),Tapınak Kümesi (Sarı)
L_DEC_TEMPLECLUSTERPINK,,Temple Cluster (Pink),テンプル・クラスター（ピンク）,Tempelgruppe (Rosa),Amas de Temples (Rose),Grupo de Templos (Rosa),Aglomerado de Templos (Rosa),Храмовое Скопление (Розовое),Gruppo di Templi (Rosa),神廟集群（粉紅）,神殿簇（粉）,사원 클러스터 (핑크),Skupisko Świątyń (Różowe),Храмовий Кластер (Рожевий),Tempelcluster (Roze),Tapınak Kümesi (Pembe)
L_DEC_TEMPLERAINBOWPOOL,,Temple Rainbow Pool,神殿の虹の泉,Regenbogenbecken des Tempels,Bassin Arc-en-ciel du Temple,Piscina Arcoíris del Templo,Piscina Arco-íris do Templo,Радужный Бассейн Храма,Piscina Arcobaleno del Tempio,神廟彩虹池,神庙彩虹池,신전 무지개 연못,Tęczowy Basen Świątyni,Райдужний Басейн Храму,Regenboogvijver van de Tempel,Gökkuşağı Tapınak Havuzu
L_DEC_TEMPLEOBELISK,,Temple Obelisk,神殿のオベリスク,Tempelobelisk,Obélisque du Temple,Obelisco del Templo,Obelisco do Templo,Храмовый Обелиск,Obelisco del Tempio,神廟方尖碑,神庙方尖碑,사원 오벨리스크,Obelisk Świątynny,Храмовий Обеліск,Tempelobelisk,Tapınak Dikilitaşı
L_DEC_TEMPLECHESTLARGE,,Temple Chest (Large),神殿の宝箱（大）,Tempelkiste (Groß),Coffre du Temple (Grand),Cofre del Templo (Grande),Baú do Templo (Grande),Храм Сундук (Большой),Scrigno del Tempio (Grande),神廟寶箱（大）,神庙宝箱（大）,사원 상자 (대형),Skrzynia Świątynna (Duża),Храмова Скриня (Велика),Tempelkist (Groot),Tapınak Sandığı (Büyük)
L_DEC_BASTIONRIFTHORIZONTAL,,Bastion Rift (Horizontal),バスティオン・リフト（横）,Bastion-Riss (Horizontal),Faille du Bastion (Horizontale),Fisura del Bastión (Horizontal),Fenda do Bastião (Horizontal),Разлом Бастиона (Горизонтальный),Fenditura del Bastione (Orizzontale),堡壘裂隙（橫向）,堡垒裂隙（横向）,바스티온 균열 (가로),Szczelina Bastionu (Pozioma),Розлом Бастіону (Горизонтальний),Bastion Scheur (Horizontaal),Bastiyon Yarığı (Yatay)
L_DEC_BASTIONRIFTVERTICAL,,Bastion Rift (Vertical),バスティオン・リフト（縦）,Bastion-Riss (Vertikal),Faille du Bastion (Verticale),Fisura del Bastión (Vertical),Fenda do Bastião (Vertical),Разлом Бастиона (Вертикальный),Fenditura del Bastione (Verticale),堡壘裂隙（垂直）,堡垒裂隙（纵向）,바스티온 균열 (수직),Szczelina Bastionu (Pionowa),Розлом Бастіону (Вертикальний),Bastion Scheur (Verticaal),Bastiyon Yarığı (Dikey)
L_DEC_BASTIONCOLUMNCRUMBLED,,Bastion Column (Crumbled),バスティオンの柱（崩壊）,Säulenbastei (Zerfallen),Colonne du Bastion (Écroulée),Columna del Bastión (Desmoronada),Coluna do Bastião (Desmoronada),Колонна Бастиона (Разрушенная),Colonna del Bastione (Sgretolata),堡壘石柱（已崩塌）,堡垒柱子（碎裂）,바스티온 기둥 (무너진),Kolumna Bastionu (Zniszczona),Колона Бастіону (Зруйнована),Bastion Zuil (Ingestort),Sütun Kalıntısı (Yıkılmış)
L_DEC_BASTIONSPIRE,,Bastion Spire,バスティオン・スパイア,Bastion-Turm,Tour du Bastion,Aguja del Bastión,Torre do Bastião,Бастионная Башня,Torre del Bastione,堡壘尖塔,堡垒尖塔,바스티온 첨탑,Wieża Bastionu,Бастіонна Вежа,Bastion Toren,Kale Kulesi
L_DEC_BASTIONRELIC,,Bastion Relic,バスティオンの遺物,Bastion-Relikt,Relique du Bastion,Reliquia del Bastión,Relíquia do Bastião,Реликвия Бастиона,Reliquia del Bastione,堡壘聖物,堡垒圣物,바스티온 유물,Relikt Bastionu,Реліквія Бастіону,Bastion Relikwie,Kale Kalıntısı
L_DEC_BASTIONPORTAL,,Bastion Portal,バスティオンポータル,Bastion-Portal,Portail du Bastion,Portal del Bastión,Portal do Bastião,Портал Бастиона,Portale del Bastione,堡壘傳送門,堡垒传送门,바스티온 포탈,Portal Bastionu,Портал Бастіону,Bastion Portaal,Bastiyon Portalı
L_DEC_BASTIONCACHE,,Bastion Cache,バスティオンの隠し場所,Bastion-Versteck,Cache du Bastion,Alijo del Bastión,Esconderijo do Bastião,Тайник Бастиона,Deposito del Bastione,堡壘寶庫,堡垒贮存物,바스티온 보관소,Skrytka Bastionu,Сховок Бастіону,Bastion Voorraad,Bastiyon Deposu
L_DEC_BASTIONSHADOWLOCKER,,Bastion Shadow Locker,バスティオン・シャドウ・ロッカー,Schattentresor der Bastion,Coffre d'Ombre du Bastion,Casillero de Sombras del Bastión,Cofre de Sombras do Bastião,Теневой Шкафчик Бастиона,Armadietto dell'Ombra del Bastione,堡壘暗影儲物櫃,堡垒暗影储物柜,바스티온 그림자 보관함,Szafka Cieni Bastionu,Тіньовий Сховок Бастіону,Bastion Schaduwkluis,Gölge Kalesi Dolabı
L_DEC_BASTIONWISP,,Bastion Wisp,バスティオン・ウィスプ,Bastion-Irrlicht,Lueur du Bastion,Espectro del Bastión,Espírito do Bastião,Призрак Бастиона,Spettro del Bastione,堡壘幽靈,堡垒鬼火,요새 위습,Widmo Bastionu,Привид Бастіону,Bastion Geest,Kale Hayaleti
L_DEC_BASTIONGEYSER,,Bastion Geyser,バスティオン間欠泉,Bastion-Geysir,Geyser du Bastion,Géiser del Bastión,Gêiser da Bastião,Гейзер Бастиона,Geyser del Bastione,堡壘間歇泉,堡垒间歇泉,요새 간헐천,Gejzer Bastionu,Бастіонний Гейзер,Bastion Geiser,Kale Gayzeri
L_DEC_BASTIONBONES,,Bastion Bones,バスティオンの骨,Bastion der Gebeine,Ossements du Bastion,Huesos del Bastión,Ossos da Fortaleza,Кости Бастиона,Ossa del Bastione,堡壘骸骨,堡垒骨,바스티온 본즈,Kości Bastionu,Кістки Бастіону,Bastion Botten,Kale Kemikleri
L_DEC_BASTIONSKULL,,Bastion Skull,バスティオンの頭蓋骨,Schädelbastion,Crâne du Bastion,Cráneo del Bastión,Crânio do Bastião,Череп Бастиона,Teschio del Bastione,堡壘骷髏,堡垒骷髅,요새 해골,Czaszka Bastionu,Череп Бастіону,Bastion Schedel,Kale Kafatası
L_DEC_BASTIONPILLARSMALL,,Bastion Pillar (Small),バスティオンの柱（小）,Bastionssäule (Klein),Pilier de Bastion (Petit),Pilar de Bastión (Pequeño),Pilar de Bastião (Pequeno),Опора Бастиона (Малая),Pilastro del Bastione (Piccolo),堡壘支柱（小）,堡垒支柱（小）,요새 기둥 (소형),Filar Bastionu (Mały),Опора Бастіону (Мала),Bastion Pilaar (Klein),Bastiyon Sütunu (Küçük)
L_DEC_BASTIONCOLUMN,,Bastion Column,バスティオンの柱,Bastionsäule,Colonne du Bastion,Columna del Bastión,Coluna do Bastião,Колонна Бастиона,Colonna del Bastione,堡壘之柱,堡垒柱子,바스티온 기둥,Kolumna Bastionu,Колона Бастіону,Bastion Zuil,Sütun Kalesi
L_DEC_BASTIONPILLARFALLEN,,Bastion Pillar (Fallen),バスティオンの柱（崩壊）,Bastion-Säule (Gefallen),Pilier du Bastion (Déchu),Pilar del Bastión (Caído),Pilar do Bastião (Caído),Столп Бастиона (Падший),Pilastro del Bastione (Caduto),堡壘之柱（已倒塌）,堡垒柱子（倒塌）,바스티온 기둥 (몰락한),Filar Bastionu (Upadły),Колона Бастіону (Полегла),Bastion Pilaar (Gevallen),Düşmüş Kale Sütunu
L_DEC_REACTORVALVE,,Reactor Valve,リアクターバルブ,Reaktorventil,Vanne du réacteur,Válvula del Reactor,Válvula do Reator,Клапан реактора,Valvola del Reattore,反應爐閥門,反应堆阀门,원자로 밸브,Zawór Reaktora,Клапан реактора,Reactorklep,Reaktör Valfi
L_DEC_REACTORFUMEGATE,,Reactor Fume Gate,リアクター煙門,Reaktordampfschleuse,Porte des Vapeurs du Réacteur,Puerta de Humos del Reactor,Portão de Vapores do Reator,Врата Реакторных Испарений,Cancello dei Vapori del Reattore,反應爐煙霧閘門,反应堆烟雾闸门,원자로 연기 관문,Brama Oparów Reaktora,Брама Реакторних Випарів,Reactordamppoort,Reaktör Duman Kapısı
L_DEC_REACTORPARCHMENT,,Reactor Parchment,リアクター羊皮紙,Reaktorpergament,Parchemin du Réacteur,Pergamino del Reactor,Pergaminho do Reator,Пергамент Реактора,Pergamena del Reattore,反應爐羊皮紙,反应堆羊皮纸,원자로 양피지,Pergamin Reaktora,Реакторний Пергамент,Reactorkerkament,Reaktör Parşömeni
L_DEC_REACTORPOTION,,Reactor Potion,リアクターポーション,Reaktor-Trank,Potion de Réacteur,Poción de Reactor,Poção de Reator,Зелье реактора,Pozione del Reattore,反應爐藥水,反应堆药水,원자로 물약,Mikstura Reaktora,Зілля Реактора,Reactordrankje,Reaktör İksiri
L_DEC_REACTORCACHE,,Reactor Cache,リアクターキャッシュ,Reaktorkammer,Cache du Réacteur,Caché del Reactor,Reserva do Reator,Тайник Реактора,Cache del Reattore,反應爐儲藏室,反应堆贮存物,원자로 보관소,Magazyn Reaktora,Сховище Реактора,Reactorkist,Reaktör Deposu
L_DEC_REACTORSLIMELING,,Reactor Slimeling,リアクタースライムリング,Reaktorschleimling,Limon du Réacteur,Babosa del Reactor,Limoso do Reator,Реакторный слизень,Melma del Reattore,反應爐史萊姆,反应堆史莱姆幼崽,원자로 슬라임링,Szlamik Reaktorowy,Реакторний слизень,Reactorslijmeling,Reaktör Balçıkçığı
L_DEC_REACTORSLUDGE,,Reactor Sludge,リアクター・スラッジ,Reaktorschlamm,Boue de Réacteur,Lodo de Reactor,Lodo do Reator,Реакторная слизь,Melma del Reattore,反應爐污泥,反应堆污泥,원자로 슬러지,Szlam Reaktorowy,Реакторний Шлам,Reactorslib,Reaktör Çamuru
L_DEC_REACTORPIPELARGE,,Reactor Pipe (Large),リアクターパイプ（大）,Reaktorrohr (Groß),Tuyau de Réacteur (Grand),Tubería de Reactor (Grande),Cano do Reator (Grande),Реакторная труба (большая),Tubo del Reattore (Grande),反應爐管道（大型）,反应堆管道（大）,원자로 파이프 (대형),Rura Reaktora (Duża),Реакторна труба (велика),Reactorpijp (Groot),Reaktör Borusu (Büyük)
L_DEC_REACTORTUBEBROKEN,,Reactor Tube (Broken),リアクターチューブ（破損）,Reaktorröhre (Defekt),Tube du réacteur (Cassé),Tubo del Reactor (Roto),Tubo do Reator (Quebrado),Реакторная Труба (Сломана),Tubo del Reattore (Rotto),反應爐管道（損壞）,反应堆管道（损坏）,원자로 튜브 (고장),Rura Reaktora (Uszkodzona),Реакторна Труба (Зламана),Reactorbuis (Kapot),Reaktör Tüpü (Kırık)
L_DEC_REACTORTUBESBROKEN,,Reactor Tubes (Broken),リアクター管(破損),Reaktorrohre (Defekt),Tubes du réacteur (Cassés),Tubos del Reactor (Rotos),Tubos do Reator (Quebrados),Реакторные Трубы (Сломаны),Tubi del Reattore (Rotti),反應爐管道（損壞）,反应堆管道（损坏）,원자로 튜브 (고장),Rury Reaktora (Uszkodzone),Реакторні Труби (Пошкоджені),Reactorbuizen (Kapot),Reaktör Boruları (Kırık)
L_DEC_REACTORTROUGH,,Reactor Trough,リアクター・トラフ,Reaktorwanne,Auge du Réacteur,Canaleta del Reactor,Calha do Reator,Реакторный Желоб,Canale del Reattore,反應爐槽,反应堆槽,원자로 수조,Koryto Reaktora,Реакторний Жолоб,Reactortrog,Reaktör Oluğu
L_DEC_REACTORTUBEFULL,,Reactor Tube (Full),リアクターチューブ（満タン）,Reaktorröhre (Voll),Tube du réacteur (Plein),Tubo del Reactor (Lleno),Tubo do Reator (Cheio),Реакторная Труба (Полная),Tubo del Reattore (Pieno),反應爐管（已滿）,反应堆管道（满）,원자로 튜브 (가득 참),Rurka Reaktora (Pełna),Реакторна Труба (Повна),Reactorbuis (Vol),Reaktör Tüpü (Dolu)
L_DEC_REACTORDEBRIS,,Reactor Debris,リアクター残骸,Reaktortrümmer,Débris du Réacteur,Escombros del Reactor,Destroços do Reator,Обломки реактора,Detriti del Reattore,反應爐殘骸,反应堆残骸,원자로 잔해,Szczątki Reaktora,Уламки реактора,Reactorpuin,Reaktör Enkazı
L_DEC_REACTORTUBECRACKED,,Reactor Tube (Cracked),リアクターチューブ（ひび割れ）,Reaktorröhre (Gerissen),Tube de réacteur (Fissuré),Tubo del Reactor (Agrietado),Tubo do Reator (Rachado),Реакторная Труба (Треснутая),Tubo del Reattore (Incrinato),反應爐管道（破裂）,反应堆管道（破裂）,원자로 튜브 (균열됨),Rura Reaktora (Pęknięta),Реакторна Труба (Тріснута),Reactorbuis (Gebarsten),Reaktör Tüpü (Çatlak)
L_DEC_REACTORTUBEEMPTY,,Reactor Tube (Empty),リアクターチューブ（空）,Reaktorröhre (Leer),Tube du réacteur (Vide),Tubo del Reactor (Vacío),Tubo do Reator (Vazio),Реакторная Труба (Пустая),Tubo del Reattore (Vuoto),反應爐管道（空）,反应堆管道（空）,반응로 튜브 (비어 있음),Tuba Reaktora (Pusta),Реакторна Труба (Порожня),Reactorbuis (Leeg),Reaktör Tüpü (Boş)
L_DEC_REACTORTUBEALTERNATE,,Reactor Tube (Alternate),リアクターチューブ（代替）,Reaktorröhre (Alternativ),Tube du Réacteur (Alternatif),Tubo del Reactor (Alternativo),Tubo do Reator (Alternativo),Реакторная Труба (Альтернативная),Tubo del Reattore (Alternativo),反應爐管道（替代）,反应堆管道（备用）,반응로 튜브 (대체),Rura Reaktora (Alternatywna),Реакторна Труба (Альтернативна),Reactorbuis (Alternatief),Reaktör Tüpü (Alternatif)
L_DEC_TAVERNFLOORTILE,,Tavern Floor Tile,酒場の床タイル,Schankraumfliese,Dalle de Sol de Taverne,Baldosa de Taberna,Ladrilho de Taverna,Плитка Таверны,Piastrella del Pavimento della Taverna,酒館地磚,酒馆地砖,선술집 바닥 타일,Kafelka Podłogi Tawerny,Плитка Таверни,Herbergtegel,Meyhane Zemin Karosu
L_DEC_SATYRPLUSH,,Satyr Plush,サテュロスのぬいぐるみ,Satyr-Plüschtier,Peluche de Satyre,Peluche de Sátiro,Pelúcia de Sátiro,Плюшевый Сатир,Peluche di Satiro,薩特爾絨毛玩偶,萨堤尔毛绒玩具,사티로스 인형,Pluszowy Satyr,Плюшевий Сатир,Satyr Knuffel,Satir Peluşu
L_DEC_CARNAGEPLUSH,,Carnage Plush,カーネージぬいぐるみ,Gemetzel-Plüschtier,Peluche Carnage,Peluche de Carnicería,Pelúcia de Carnificina,Плюшевая Резня,Peluche Carneficina,屠殺絨毛玩偶,屠戮者毛绒玩具,학살 인형,Pluszowy Rzeź,Плюшева Різанина,Slachting Knuffel,Katliam Peluşu
L_DEC_AZUREDREAMSMIRRORBALL,,Azure Dreams Mirrorball,アズールドリームス・ミラーボール,Azurblaue Träume Spiegelkugel,Boule à facettes des Rêves d'Azur,Esfera Espejada de Sueños Azules,Esfera Espelhada dos Sonhos Azuis,Зеркальный Шар Лазурных Снов,Sfera Specchiata dei Sogni Azzurri,蒼藍夢境魔鏡球,碧蓝梦境镜球,하늘빛 꿈 미러볼,Lustrzana Kula Lazurowych Snów,Дзеркальна Куля Лазурових Мрій,Azure Dreams Spiegelbol,Mavi Rüyalar Disko Topu
L_DEC_BROWNIEPLUSH,,Brownie Plush,ブラウニーのぬいぐるみ,Brownie-Plüschtier,Peluche de Brownie,Peluche de Brownie,Pelúcia de Brownie,Плюшевый брауни,Peluche di Brownie,布朗尼玩偶,棕仙毛绒玩具,브라우니 인형,Pluszowy Skrzat,Плюшевий брауні,Brownie Knuffel,Brownie Peluşu
L_DEC_CRUNCHERPLUSH,,Cruncher Plush,クランチャーぬいぐるみ,Knusper-Plüschtier,Peluche Broyeur,Peluche Triturador,Pelúcia Triturador,Плюшевый Хруст,Peluche Sgranocchiatore,嚼咬玩偶,粉碎者毛绒玩具,크런처 인형,Pluszowy Miażdżyciel,Плюшевий Хрумкотун,Krakertje Knuffel,Kırıcı Peluş
L_DEC_ASURAPLUSH,,Asura Plush,アスラのぬいぐるみ,Asura-Plüschtier,Peluche d'Asura,Peluche de Asura,Pelúcia de Asura,Плюшевая Асура,Peluche di Asura,阿修羅玩偶,阿修罗毛绒玩具,아수라 인형,Pluszowy Asura,Плюшевий Асура,Asura Knuffel,Asura Peluş
L_DEC_ALEMENTALPLUSH,,Alemental Plush,アレメンタルぬいぐるみ,Alemental-Plüschtier,Peluche Alémentale,Peluche Alemental,Pelúcia Alemental,Алементальная Игрушка,Peluche Alementale,元素精靈玩偶,酒灵毛绒玩具,알레멘탈 인형,Pluszak Alementalny,Алементальна М'яка Іграшка,Alemental Knuffel,Alemental Peluş
L_DEC_PILWIZPLUSH,,Pilwiz Plush,ピルウィズぬいぐるみ,Pilwiz-Plüschtier,Peluche Pilwiz,Peluche de Pilwiz,Pelúcia de Pilwiz,Плюшевый Пилвиз,Peluche di Pilwiz,皮爾維茲絨毛玩偶,皮威斯毛绒玩具,필위즈 인형,Pluszak Pilwiz,Плюшевий Пілвіз,Pilwiz Knuffel,Pilwiz Peluşu
L_DEC_FIENDPLUSH,,Fiend Plush,フィーンドぬいぐるみ,Dämonenplüsch,Peluche de Démon,Peluche de Demonio,Pelúcia de Demônio,Плюшевый Демон,Peluche del Demone,魔物玩偶,恶鬼毛绒玩具,마물 인형,Pluszowy Demon,Плюшевий Демон,Duivelspop,Şeytan Peluşu
L_DEC_PHASEWARRIORPLUSH,,Phase Warrior Plush,フェイズ・ウォリアー・ぬいぐるみ,Plüsch-Phasenkrieger,Peluche de Guerrier Phasique,Peluche de Guerrero Fase,Pelúcia de Guerreiro de Fase,Плюшевый Фазовый Воин,Peluche del Guerriero di Fase,相位戰士絨毛玩偶,相位战士毛绒玩具,페이즈 워리어 인형,Pluszowy Wojownik Fazowy,Плюшевий Фазовий Воїн,Fase Krijger Knuffel,Faz Savaşçısı Peluş
L_DEC_MIMICPLUSH,,Mimic Plush,ミミックのぬいぐるみ,Mimik-Plüsch,Peluche Mimique,Peluche Mimético,Pelúcia Imitadora,Плюшевый Мимик,Peluche Mimo,擬態絨毛玩偶,宝箱怪毛绒玩具,미믹 인형,Pluszowy Mimik,Плюшевий Мімік,Nabootser Knuffel,Taklitçi Peluş
L_DEC_DRYADPLUSH,,Dryad Plush,ドライアドのぬいぐるみ,Dryaden-Plüschtier,Peluche de Dryade,Peluche de Dríada,Pelúcia de Dríade,Плюшевая Дриада,Peluche di Driade,樹精玩偶,树妖毛绒玩具,드라이어드 인형,Pluszowa Driada,Плюшева Дріада,Bosnimf Knuffel,Dryad Peluşu
L_DEC_TROLLPLUSH,,Troll Plush,トロールのぬいぐるみ,Troll-Plüschtier,Peluche de Troll,Peluche de Troll,Pelúcia de Troll,Плюшевый тролль,Peluche di Troll,巨魔玩偶,巨魔毛绒玩具,트롤 인형,Pluszowy Troll,Плюшевий троль,Trollenknuffel,Trol Peluşu
L_DEC_MANTICOREPLUSH,,Manticore Plush,マンティコア・ぬいぐるみ,Mantikor-Plüschtier,Peluche de Manticore,Peluche de Mantícora,Pelúcia de Manticora,Плюшевая мантикора,Peluche di Manticora,蠍尾獅玩偶,蝎狮毛绒玩具,맨티코어 인형,Pluszowy Mantikor,Плюшева Мантикора,Mantikor Knuffel,Mantikor Peluş
L_DEC_SKELETONPLUSH,,Skeleton Plush,スケルトンぬいぐるみ,Skelett-Plüsch,Peluche de Squelette,Peluche de Esqueleto,Pelúcia de Esqueleto,Плюшевый Скелет,Peluche di Scheletro,骷髏玩偶,骷髅毛绒玩具,해골 인형,Pluszowy Szkielet,Плюшевий скелет,Skeletknuffel,İskelet Peluş
L_DEC_PHOENIXPLUSH,,Phoenix Plush,フェニックスのぬいぐるみ,Phönix-Plüsch,Peluche Phénix,Peluche de Fénix,Pelúcia de Fênix,Плюшевый Феникс,Peluche di Fenice,鳳凰絨毛玩偶,不死鸟毛绒玩具,불사조 인형,Pluszowy Feniks,Фенікс-плюш,Feniks Knuffel,Anka Kuşu Peluş
L_DEC_HEMOMANCERPLUSH,,Hemomancer Plush,ヘモマンサーのぬいぐるみ,Hämomant-Plüschtier,Peluche d'Hémomancien,Peluche de Hemomante,Pelúcia de Hemomante,Плюшевый Гемомант,Peluche dell'Emomante,血巫師玩偶,血魔法师毛绒玩具,혈법사 인형,Pluszak Hemomancera,Плюшевий Гемомант,Hemomancer Knuffel,Kan Büyücüsü Peluş
L_DEC_IMPPLUSH,,Imp Plush,インプのぬいぐるみ,Kobold-Plüschtier,Peluche de Diablotin,Peluche de Diablillo,Pelúcia de Diabrete,Плюшевый бес,Peluche di Folletto,小惡魔玩偶,小鬼毛绒玩具,임프 인형,Pluszowy Chochlik,Плюшевий біс,Kobold Knuffel,İblis Peluşu
L_DEC_BARDPLUSH,,Bard Plush,バードのぬいぐるみ,Barden-Plüschtier,Peluche de Barde,Peluche de Bardo,Pelúcia de Bardo,Плюшевый Бард,Peluche del Bardo,吟遊詩人玩偶,吟游诗人毛绒玩具,음유시인 인형,Pluszowy Bard,Плюшевий Бард,Bardenknuffel,Ozan Peluşu
L_DEC_ABOMINATIONPLUSH,,Abomination Plush,アボミネーションぬいぐるみ,Abscheulichkeits-Plüschtier,Peluche d'Abomination,Peluche de Abominación,Pelúcia de Abominação,Плюшевая Мерзость,Peluche dell'Abominio,憎惡玩偶,憎恶毛绒玩具,혐오생물 인형,Pluszowy Potworek,Плюшева Мерзота,Gruwelmonster Knuffel,Ucube Peluş
L_DEC_CERBERUSPLUSH,,Cerberus Plush,ケルベロスのぬいぐるみ,Zerberus-Plüschtier,Peluche Cerbère,Peluche de Cerbero,Pelúcia de Cérbero,Плюшевый Цербер,Peluche di Cerbero,地獄犬絨毛玩偶,地狱三头犬毛绒玩具,케르베로스 인형,Pluszowy Cerber,Плюшевий Цербер,Cerberus Knuffel,Kerberos Peluşu
L_DEC_ENTPLUSH,,Ent Plush,エントのぬいぐるみ,Ent-Plüschtier,Peluche d'Ent,Peluche de Ent,Pelúcia de Ent,Плюшевый Энт,Peluche di Ent,樹精玩偶,树精毛绒玩具,엔트 인형,Pluszowy Ent,Плюшевий Ент,Ent Knuffel,Ent Peluşu
L_DEC_PITWRAITHPLUSH,,Pit Wraith Plush,ピットレイスのぬいぐるみ,Plüsch-Grubengeist,Peluche de Spectre des Abysses,Peluche de Espectro del Abismo,Pelúcia de Espectro do Abismo,Плюшевый Призрак Ямы,Peluche di Spettro della Fossa,深淵幽靈玩偶,深坑幽灵毛绒玩具,구덩이 망령 인형,Pluszak Widmo z Otchłani,Плюшевий Привид Ями,Pit Wraith Knuffel,Çukur Hayaleti Peluşu
L_DEC_DEVILPLUSH,,Devil Plush,デビルぬいぐるみ,Teufelsplüsch,Peluche Diabolique,Peluche de Diablo,Pelúcia de Demônio,Плюшевый Дьявол,Peluche Diavolo,惡魔絨毛玩偶,魔鬼毛绒玩具,악마 인형,Pluszowy Diabeł,Плюшевий Диявол,Duivelpop,Şeytan Peluşu
L_DEC_DRAGONPLUSH,,Dragon Plush,ドラゴンぬいぐるみ,Drachen-Plüschtier,Peluche de Dragon,Peluche de Dragón,Pelúcia de Dragão,Плюшевый Дракон,Peluche di Drago,龍絨毛玩偶,龙毛绒玩具,드래곤 인형,Pluszowy Smok,Плюшевий Дракон,Drakenknuffel,Ejderha Peluşu
L_DEC_ELFPLUSH,,Elf Plush,エルフのぬいぐるみ,Elfen-Plüschtier,Peluche d'elfe,Peluche de Elfo,Pelúcia de Elfo,Плюшевый эльф,Peluche di Elfo,精靈玩偶,精灵毛绒玩具,엘프 인형,Pluszowy Elf,Ельфійська м'яка іграшка,Elfenpop,Elf Peluşu
L_DEC_MINOTAURPLUSH,,Minotaur Plush,ミノタウルのぬいぐるみ,Minotaur-Plüschtier,Peluche de Minotaure,Peluche de Minotauro,Pelúcia de Minotauro,Плюшевый Минотавр,Peluche di Minotauro,牛頭人玩偶,牛头人毛绒玩具,미노타우르스 인형,Pluszowy Minotaur,Плюшевий Мінотавр,Minotaurus Knuffel,Minotaur Peluşu
L_DEC_SINPLUSH,,Sin Plush,シン・プラッシュ,Sünden-Plüsch,Peluche de Péché,Peluche de Pecado,Pelúcia do Pecado,Плюшевый Грех,Peluche del Peccato,罪惡絨毛,罪恶毛绒玩具,죄악 인형,Pluszowy Grzech,Плюшевий Гріх,Zonde Knuffel,Günah Peluş
L_DEC_TITAN'SWOUNDGIANTCHEST,,Titan's Wound Giant Chest,タイタンの傷跡の巨大な宝箱,Titanenwunde Riesentruhe,Coffre Géant de la Blessure du Titan,Cofre Gigante de la Herida del Titán,Baú Gigante da Ferida do Titã,Сундук Великана Раны Титана,Scrigno Gigante della Ferita del Titano,泰坦之傷巨型寶箱,泰坦之伤大宝箱,타이탄의 상처 거대 상자,Skrzynia Olbrzyma z Rany Tytana,Велика Скриня Рани Титана,Wond van de Titaan Reuzenkist,Titan'ın Yarası Dev Sandık
L_DEC_TITAN'SWOUNDKEY,,Titan's Wound Key,タイタンの傷の鍵,Titanenwunden-Schlüssel,Clé de la Blessure du Titan,Llave de la Herida del Titán,Chave da Ferida do Titã,Ключ от Раны Титана,Chiave della Ferita del Titano,泰坦之傷鑰匙,泰坦之伤钥匙,타이탄의 상처 열쇠,Klucz do Rany Tytana,Ключ Рани Титана,Sleutel van de Titanenwond,Titan'ın Yarası Anahtarı
L_DEC_TITAN'SWOUNDEFFIGY,,Titan's Wound Effigy,タイタンの傷の模像,Abbild der Titanenwunde,Effigie de la Blessure du Titan,Efigie de la Herida del Titán,Efígie da Ferida do Titã,Изваяние Раны Титана,Effigie della Ferita del Titano,泰坦之傷聖像,泰坦之伤雕像,타이탄의 상처 에피지,Podobizna Rany Tytana,Ефігія Рани Титана,Afbeelding van Titanenwond,Titan'ın Yarası Heykelciği
L_DEC_TITAN'SWOUNDBONES,,Titan's Wound Bones,タイタンの傷跡の骨,Knochen der Titanenwunde,Os de la Blessure du Titan,Huesos de la Herida del Titán,Ossos da Ferida do Titã,Кости Раны Титана,Ossa della Ferita del Titano,泰坦之傷骨,泰坦之伤骨,타이탄의 상처 뼈,Kości Rany Tytana,Кістки Рани Титана,Beenderen van de Titanenwond,Titan'ın Yara Kemikleri
L_DEC_TITAN'SWOUNDGEYSER,,Titan's Wound Geyser,タイタンの傷間欠泉,Geysir der Titanenwunde,Geyser de la Blessure du Titan,Géiser de la Herida del Titán,Gêiser da Ferida do Titã,Гейзер Раны Титана,Geyser della Ferita del Titano,泰坦之傷間歇泉,泰坦之伤间歇泉,타이탄의 상처 간헐천,Gejzer Rany Tytana,Гейзер Рани Титана,Geiser van de Titanenwond,Titan'ın Yarası Gayzeri
L_DEC_TITAN'SWOUNDWELL,,Titan's Wound Well,タイタンの傷の井戸,Titanenwundquelle,Puits de la Blessure du Titan,Pozo de la Herida del Titán,Poço da Ferida do Titã,Колодец Раны Титана,Pozzo della Ferita del Titano,泰坦之傷井,泰坦之伤井,타이탄의 상처 우물,Studnia Rany Tytana,Колодязь Рани Титана,Wond van de Titaan,Titan'ın Yara Kuyusu
L_DEC_TITAN'SWOUNDZITS,,Titan's Wound Zits,タイタンの傷跡ニキビ,Titan-Wunde Pickel,Boutons de la Plaie du Titan,Granos de la Herida del Titán,Espinhas da Ferida do Titã,Прыщи Раны Титана,Brufoli della Ferita del Titano,泰坦之傷痘,泰坦之伤痘,타이탄의 상처 여드름,Pryszcze Rany Tytana,Прищі Рани Титана,Titanenwond Zits,Titan'ın Yara Sivilceleri
L_DEC_TITAN'SWOUNDTUFT,,Titan's Wound Tuft,タイタンの傷の房,Titanenwundenbüschel,Touffe de la Blessure du Titan,Mechón de la Herida del Titán,Tufo da Ferida do Titã,Пучок из Раны Титана,Ciuffo della Ferita del Titano,泰坦之傷毛叢,泰坦之伤簇,타이탄의 상처 덤불,Kępka z Rany Tytana,Пучок з Рани Титана,Titanenwondpluk,Titan Yarası Tutamı
L_DEC_TITAN'SWOUNDSCARH,,Titan's Wound Scar (H),タイタンの傷痕 (H),Narbe der Titanenwunde (H),Cicatrice de la Blessure du Titan (H),Cicatriz de la Herida del Titán (H),Cicatriz da Ferida do Titã (H),Шрам Раны Титана (H),Cicatrice della Ferita del Titano (H),泰坦之傷疤 (H),泰坦之伤疤痕（横向）,타이탄의 상처 흉터 (H),Blizna Rany Tytana (H),Шрам Рани Титана (Г),Litteken van de Titanenwond (H),Titan'ın Yara İzi (H)
L_DEC_TITAN'SWOUNDSCARV,,Titan's Wound Scar (V),タイタンの傷痕 (V),Narbe der Titanenwunde (V),Cicatrice de la Blessure du Titan (V),Cicatriz de la Herida del Titán (V),Cicatriz da Ferida do Titã (V),Шрам Раны Титана (V),Cicatrice della Ferita del Titano (V),泰坦之傷疤 (V),泰坦之伤疤痕（纵向）,타이탄의 상처 흉터 (V),Blizna Rany Tytana (V),Шрам Рани Титана (V),Litteken van de Titanenwond (V),Titan'ın Yara İzi (V)
L_DEC_TITAN'SWOUNDSCAR2H,,Titan's Wound Scar 2 (H),タイタンの傷痕 2 (H),Titanenwunde Narbe 2 (H),Cicatrice de la Blessure du Titan 2 (H),Cicatriz de la Herida del Titán 2 (H),Cicatriz da Ferida do Titã 2 (H),Шрам Титана 2 (Г),Cicatrice della Ferita del Titano 2 (H),泰坦之傷疤 2 (H),泰坦之伤疤痕2（横向）,타이탄의 상처 흉터 2 (H),Blizna Rany Tytana 2 (H),Шрам Рани Титана 2 (Г),Titanenwond Litteken 2 (H),Titan'ın Yara İzi 2 (H)
L_DEC_TITAN'SWOUNDSCAR2V,,Titan's Wound Scar 2 (V),タイタンの傷痕 2 (V),Titanenwunde Narbe 2 (V),Cicatrice de la Blessure du Titan 2 (V),Cicatriz de la Herida del Titán 2 (V),Cicatriz da Ferida do Titã 2 (V),Шрам Титана 2 (V),Cicatrice della Ferita del Titano 2 (V),泰坦之傷疤 2 (V),泰坦之伤疤痕2（纵向）,타이탄의 상처 흉터 2 (V),Blizna Rany Tytana 2 (V),Шрам Рани Титана 2 (V),Titanenwond Litteken 2 (V),Titan'ın Yara İzi 2 (V)
L_DEC_TITAN'SWOUNDRIBCAGE,,Titan's Wound Ribcage,タイタンの傷跡の肋骨,Rippenkorb der Titanenwunde,Cage thoracique de la Blessure du Titan,Caja Torácica de la Herida del Titán,Caixa Torácica da Ferida do Titã,Грудная клетка Раны Титана,Cassa Toracica della Ferita del Titano,泰坦之傷肋骨,泰坦之伤肋骨,타이탄의 상처 흉곽,Klatka piersiowa Rany Tytana,Ребра Рани Титана,Ribbenkast van de Titanenwond,Titan'ın Yaralı Kaburga Kafesi
L_DEC_UNSULLIEDMEADOWSTENT,,Unsullied Meadows Tent,穢れなき草原のテント,Zelt der Unbefleckten Wiesen,Tente des Prairies Immaculées,Tienda de los Prados Inmaculados,Tenda dos Prados Imaculados,Палатка Незапятнанных Лугов,Tenda dei Prati Incontaminati,純淨草原帳篷,纯净草原帐篷,순수한 초원의 텐트,Namiot Nieskalanych Łąk,Намет Незаплямованих Лугів,Onbevlekte Weidententkamp,Lekesiz Çayırlar Çadırı
L_DEC_UNSULLIEDMEADOWSGEMS,,Unsullied Meadows Gems,穢れなき草原の宝石,Juwelen der Unbefleckten Wiesen,Gemmes des Prairies Immaculées,Gemas de los Prados Impolutos,Gemas dos Prados Imaculados,Самоцветы Незапятнанных Лугов,Gemme dei Prati Incontaminati,純淨草原寶石,纯净草原宝石,순수한 초원의 보석,Klejnoty Nieskalanych Łąk,Самоцвіти Незаплямованих Лугів,Onbevlekte Weidekristallen,Lekesiz Çayırlar Mücevherleri
L_DEC_UNSULLIEDMEADOWSFEATHER,,Unsullied Meadows Feather,穢れなき草原の羽,Feder der Unbefleckten Wiesen,Plume des Prairies Immaculées,Pluma de Prados Impolutos,Pena dos Prados Imaculados,Перо Незапятнанных Лугов,Piuma dei Prati Incontaminati,純淨草原之羽,纯净草原羽毛,순수한 초원의 깃털,Pióro z Nieskażonych Łąk,Перо Незаплямованих Лугів,Onbevlekte Weideveer,Lekesiz Çayırlar Tüyü
L_DEC_UNSULLIEDMEADOWSTOTEMCORRUPTED,,Unsullied Meadows Totem (Corrupted),穢れなき草原のトーテム（汚染）,Totem der Unbefleckten Wiesen (Verdorben),Totem des Prés Immaculés (Corrompu),Tótem de Prados Impolutos (Corrompido),Totem dos Prados Imaculados (Corrompido),Тотем Незапятнанных Лугов (Искажённый),Totem dei Prati Incontaminati (Corrotto),純淨草原圖騰（腐化）,纯净草原图腾（腐化）,오염되지 않은 초원의 토템 (타락),Totem Nieskażonych Łąk (Splugawiony),Тотем Незаплямованих Лугів (Спотворений),Onbezoedelde Weiden Totem (Verdorven),Lekesiz Çayırlar Totemi (Yozlaşmış)
L_DEC_UNSULLIEDMEADOWSTOTEM,,Unsullied Meadows Totem,穢れなき草原のトーテム,Totem der unbefleckten Auen,Totem des Prairies Immaculées,Tótem de Prados Impolutos,Totem dos Prados Imaculados,Тотем Незапятнанных Лугов,Totem dei Prati Incontaminati,純淨草原圖騰,纯净草原图腾,순수한 초원의 토템,Totem Nieskalanych Łąk,Тотем Незаплямованих Лугів,Onbezoedelde Weiden Totem,Lekesiz Çayırlar Totemi
L_DEC_UNSULLIEDMEADOWSPINWHEEL,,Unsullied Meadows Pinwheel,穢れなき草原の風車,Unbefleckte Wiesen-Windrad,Moulin à Vent des Prés Immaculés,Molinillo de los Prados Impolutos,Cata-Vento dos Prados Imaculados,Безупречные Луга Вертушка,Girandola dei Prati Incontaminati,純淨草原風車,纯净草原风车,순수한 초원의 바람개비,Wiatraczek z Nieskalanych Łąk,Незаплямовані Луки Вітрячок,Onbezoedelde Weiden Windmolentje,Lekesiz Çayırlar Rüzgârgülü
L_DEC_UNSULLIEDMEADOWSWATER,,Unsullied Meadows Water,穢れなき草原の水,Wasser der unbefleckten Wiesen,Eau des Prés Immaculés,Agua de los Prados Impolutos,Água dos Prados Imaculados,Вода Незапятнанных Лугов,Acqua dei Prati Incontaminati,純淨草原之水,纯净草原水,순수한 초원의 물,Woda z Nieskażonych Łąk,Вода Незаплямованих Лугів,Onbezoedeld Weidelandwater,Lekesiz Çayırlar Suyu
L_DEC_UNSULLIEDMEADOWSEFFIGY,,Unsullied Meadows Effigy,穢れなき草原の依代,Bildnis der Unbefleckten Wiesen,Effigie des Prairies Immaculées,Efigie de los Prados Impolutos,Efígie dos Prados Imaculados,Изваяние Незапятнанных Лугов,Effigie dei Prati Incontaminati,純淨草原石像,纯净草原雕像,순수한 초원의 에피지,Posąg Nieskalanych Łąk,Статуя Незаплямованих Лугів,Onbezoedelde Weiden Effigie,Lekesiz Çayırlar Heykeli
L_DEC_UNSULLIEDMEADOWSLOG,,Unsullied Meadows Log,穢れなき草原の記録,Unbefleckte Wiesen Protokoll,Journal des Prés Immaculés,Registro de Prados Inmaculados,Registro dos Prados Imaculados,Журнал Незапятнанных Лугов,Diario delle Praterie Incontaminate,純淨草原日誌,纯净草原原木,순수한 초원 기록,Dziennik Nieskażonych Łąk,Журнал Незаплямованих Лугів,Onbezoedelde Weiden Logboek,Lekesiz Çayırlar Günlüğü
L_DEC_UNSULLIEDMEADOWSHAYBALE,,Unsullied Meadows Haybale,穢れなき草原の干し草の束,Unbefleckte Wiesen-Heuballen,Botte de Foin des Prairies Immaculées,Fardo de Heno de Prados Impolutos,Fardo de Feno dos Prados Imaculados,Сноп Сена Незапятнанных Лугов,Balla di Fieno dei Prati Incontaminati,純淨草原乾草捆,纯净草原干草捆,순수한 초원 건초더미,Stóg Siana z Nieskażonych Łąk,Незаплямовані Луки Тюк Сіна,Onbezoedelde Weiden Hooibaal,Lekesiz Çayırlar Saman Balyası
L_DEC_UNSULLIEDMEADOWSFLOWERSA,,Unsullied Meadows Flowers (A),穢れなき草原の花 (A),Unbefleckte Wiesenblumen (A),Fleurs des Prés Immaculés (A),Flores de Prados Inmaculados (A),Flores dos Prados Imaculados (A),Цветы Незапятнанных Лугов (А),Fiori dei Prati Incontaminati (A),純淨草原花朵 (A),纯净草原花（A）,순수한 초원의 꽃 (A),Kwiaty Nieskalanych Łąk (A),Незаймані Луки Квіти (А),Onbevlekte Weidevelden Bloemen (A),Lekesiz Çayır Çiçekleri (A)
L_DEC_UNSULLIEDMEADOWSFLOWERSB,,Unsullied Meadows Flowers (B),穢れなき草原の花 (B),Unbefleckte Wiesenblumen (B),Fleurs des Prés Immaculés (B),Flores de Prados Inmaculados (B),Flores dos Prados Imaculados (B),Нетронутые Луговые Цветы (B),Fiori dei Prati Incontaminati (B),純淨草原花朵 (B),纯净草原花（B）,순수한 초원의 꽃 (B),Kwiaty Nieskażonych Łąk (B),Незаплямовані Луки Квіти (B),Onbevlekte Weidevelden Bloemen (B),Lekesiz Çayır Çiçekleri (B)
L_DEC_UNSULLIEDMEADOWSSUNFLOWER,,Unsullied Meadows Sunflower,穢れなき草原のヒマワリ,Unbefleckte Auen-Sonnenblume,Tournesol des Prairies Immaculées,Girasol de Prados Inmaculados,Campinas Imaculadas Girassol,Незапятнанные Луга Подсолнечника,Girasole dei Prati Incontaminati,純淨草原向日葵,纯净草原向日葵,순수한 초원의 해바라기,Nieskalane Łąki Słonecznika,Незаплямовані Луки Соняшника,Onbevlekte Weiden Zonnebloem,Lekesiz Çayırlar Ayçiçeği
L_DEC_UNSULLIEDMEADOWSTREE,,Unsullied Meadows Tree,穢れなき草原の木,Baum der Unbefleckten Wiesen,Arbre des Prairies Immaculées,Árbol de los Prados Impolutos,Árvore dos Prados Imaculados,Дерево Незапятнанных Лугов,Albero dei Prati Incontaminati,純淨草原之樹,纯净草原树,순수한 초원의 나무,Drzewo Nieskalanych Łąk,Дерево Незаплямованих Лугів,Boom van de Onbezoedelde Weiden,Lekesiz Çayırlar Ağacı
L_DEC_UNSULLIEDMEADOWSSUNFLOWERS,,Unsullied Meadows Sunflowers,穢れなき草原のヒマワリ,Unbefleckte Auen-Sonnenblumen,Tournesols des Prairies Immaculées,Girasoles de los Prados Inmaculados,Girassóis dos Prados Imaculados,Незапятнанные Луга Подсолнухов,Girasoli dei Prati Incontaminati,純淨草原向日葵,纯净草原向日葵,순수한 초원의 해바라기,Nieskalane Łąki Słoneczników,Незаплямовані Луки Соняшників,Onbevlekte Weiden Zonnebloemen,Lekesiz Çayırlar Ayçiçekleri
L_DEC_NETHERSHOP,,Nether Shop,冥界商店,Nether-Laden,Boutique des Limbes,Tienda del Inframundo,Loja do Nether,Магазин Нижнего мира,Negozio dell'Etere,冥界商店,下界商店,저승 상점,Sklep Otchłani,Крамниця Пустоти,Nether Winkel,Öte Diyar Dükkanı
L_DEC_TORTURECHAMBERCAGE,,Torture Chamber Cage,拷問部屋の檻,Folterkammerkäfig,Cage de la Chambre de Torture,Jaula de la Cámara de Tortura,Jaula da Câmara de Tortura,Клетка камеры пыток,Camera di Tortura con Gabbia,刑求室牢籠,酷刑密室牢笼,고문실 감옥,Klatka w Komnacie Tortur,Клітка Катувальної Камери,Martelkamerkooi,İşkence Odası Kafesi
L_DEC_TORTURECHAMBERVICTIM,,Torture Chamber Victim,拷問部屋の犠牲者,Folterkerker-Opfer,Victime de la Chambre de Torture,Víctima de la Cámara de Tortura,Vítima da Câmara de Tortura,Жертва Пыточной Камеры,Camera di Tortura Vittima,刑訊室受害者,酷刑密室受害者,고문실 희생자,Ofiara Komnaty Tortur,Жертва Катівні,Martelkamerslachtoffer,İşkence Odası Kurbanı
L_DEC_TORTURECHAMBERIRONMAIDEN,,Torture Chamber Iron Maiden,拷問部屋の鉄の処女,Folterkammer Eiserne Jungfrau,Chambre de Torture Vierge de Fer,Cámara de Tortura Doncella de Hierro,Câmara de Tortura Donzela de Ferro,Пыточная Камера Железная Дева,Camera di Tortura Vergine di Ferro,刑求室鐵處女,酷刑密室铁处女,고문실 철처녀,Żelazna Dziewica w Komnacie Tortur,Катівня Залізна Діва,Martelkamer IJzeren Maagd,İşkence Odası Demir Bakire
L_DEC_TORTURECHAMBERPARCHMENT,,Torture Chamber Parchment,拷問室の羊皮紙,Folterkammer-Pergament,Parchemin de la Chambre de Torture,Pergamino de la Cámara de Tortura,Pergaminho da Câmara de Tortura,Пергамент Камеры Пыток,Camera di Tortura Pergamena,刑求室羊皮紙,酷刑密室羊皮纸,고문실 양피지,Pergamin z Komnaty Tortur,Пергамент Катувальної Камери,Folterkamer Perkament,İşkence Odası Parşömeni
L_DEC_TORTURECHAMBERSCROLL,,Torture Chamber Scroll,拷問室の巻物,Folterkerker-Schriftrolle,Parchemin de la Chambre de Torture,Pergamino de la Cámara de Tortura,Pergaminho da Câmara de Tortura,Свиток Камеры Пыток,Pergamena della Camera di Tortura,刑求室卷軸,酷刑密室卷轴,고문실 두루마리,Zwój Komnaty Tortur,Сувій Катувальної Камери,Martelkamerrol,İşkence Odası Tomarı
L_DEC_TORTURECHAMBERSPIKES,,Torture Chamber Spikes,拷問部屋の鉄杭,Folterkerker-Stacheln,Pointes de la Chambre de Torture,Pinchos de Cámara de Tortura,Espinhos da Câmara de Tortura,Шипы Пыточной Камеры,Camera di Tortura con Spuntoni,酷刑室尖刺,酷刑密室尖刺,고문실 가시,Kolce w Komnacie Tortur,Шипи Катувальної Камери,Martelkamerpunten,İşkence Odası Dikenleri
L_DEC_TORTURECHAMBERGALLOWS,,Torture Chamber Gallows,拷問部屋の絞首台,Folterkammer-Galgen,Potence de la Chambre de Torture,Cámara de Tortura y Horca,Forca da Câmara de Tortura,Пыточная Камера с Виселицей,Camera di Tortura Patibolo,酷刑室絞刑架,酷刑密室绞刑架,고문실 교수대,Szubienica w Komnacie Tortur,Шибениця Катувальної Камери,Martelkamer Galg,İşkence Odası Darağacı
L_DEC_TORTURECHAMBERWELL,,Torture Chamber Well,拷問部屋の井戸,Folterbrunnenkammer,Puits de la Chambre de Torture,Pozo de la Cámara de Tortura,Poço da Câmara de Tortura,Колодец в камере пыток,Camera di Tortura del Pozzo,酷刑室水井,酷刑密室井,고문실 우물,Studnia Komnaty Tortur,Колодязь у Катівні,Folterkamer Put,İşkence Odası Kuyusu
L_DEC_TORTURECHAMBERBONES,,Torture Chamber Bones,拷問部屋の骨,Folterkammer-Knochen,Ossements de la Chambre de Torture,Huesos de la Cámara de Tortura,Ossos da Câmara de Tortura,Кости из Камеры Пыток,Camera di Tortura Ossa,刑求室骸骨,酷刑密室骨,고문실 뼈,Kości z Komnaty Tortur,Кістки з Катівні,Folterkamerbeenderen,İşkence Odası Kemikleri
L_DEC_TORTURECHAMBERPUDDLE,,Torture Chamber Puddle,拷問室の水たまり,Folterkerker-Pfütze,Flaque de la Chambre de Torture,Charco de la Cámara de Tortura,Poça da Câmara de Tortura,Лужа в Камере Пыток,Pozza della Camera di Tortura,刑求室水窪,酷刑密室水洼,고문실 웅덩이,Kałuża w Komnacie Tortur,Калюжа в Камері Тортур,Martelkamerplas,İşkence Odası Göleti
L_DEC_FROSTBITECAVERNSTOMB,,Frostbite Caverns Tomb,フロストバイト洞窟の墓,Frostbiss-Höhlen-Grabmal,Tombeau des Cavernes Glaciales,Tumba de las Cavernas Heladas,Tumba das Cavernas Gélidas,Гробница Морозных Пещер,Tomba delle Caverne Gelide,霜咬洞窟墓穴,寒霜洞穴墓,서리물림 동굴 무덤,Grobowiec Lodowych Jaskiń,Гробниця Морозних Печер,Graftombe van de Ijsbijtgrotten,Ayazbastı Mağaraları Mezarı
L_DEC_FROSTBITECAVERNSCAMPFIRE,,Frostbite Caverns Campfire,フロストバイト洞窟の焚き火,Lagerfeuer der Frostbiss-Höhlen,Feu de Camp des Cavernes Glaciales,Hoguera de las Cavernas Heladas,Fogueira das Cavernas Gélidas,Костер в Морозных Пещерах,Falò delle Caverne Gelide,霜咬洞穴營火,寒霜洞穴篝火,서리물린 동굴 모닥불,Ognisko w Lodowych Jaskiniach,Вогнище Крижаних Печер,Kampvuur in de Vriesbeetgrotten,Ayazısırık Mağaraları Kamp Ateşi
L_DEC_FROSTBITECAVERNSFLAG,,Frostbite Caverns Flag,フロストバイト洞窟の旗,Flagge der Frostbisshöhlen,Drapeau des Cavernes Glaciales,Bandera de las Cavernas Heladas,Bandeira das Cavernas Gélidas,Флаг Морозных Пещер,Bandiera delle Caverne Gelide,霜咬洞穴旗幟,寒霜洞穴旗,서리물린 동굴 깃발,Flaga Mroźnych Jaskiń,Прапор Крижаних Печер,Vorstkloofgrotten Vlag,Ayazdoğuran Mağaralar Bayrağı
L_DEC_FROSTBITECAVERNSIGLOO,,Frostbite Caverns Igloo,フロストバイト洞窟のイグルー,Frostbiss-Höhlen Iglu,Iglou des Cavernes Glaciales,Iglú de las Cavernas Heladas,Iglu das Cavernas Gélidas,Ледяные Пещеры Иглу,Igloo delle Caverne Gelide,霜咬洞穴冰屋,寒霜洞穴冰屋,서리물린 동굴 이글루,Lodowe Jaskinie Igloo,Крижані Печери Іглу,Ijsbijtgrotten Iglo,Ayaz Mağaraları İglosu
L_DEC_FROSTBITECAVERNSFIREWOOD,,Frostbite Caverns Firewood,フロストバイト洞窟の薪,Brennholz der Frostbisshöhlen,Bois de Chauffage des Cavernes Glaciales,Leña de las Cavernas Heladas,Lenha das Cavernas Gélidas,Дрова из Морозных Пещер,Legna da Ardere delle Caverne Gelide,霜咬洞穴柴火,寒霜洞穴木柴,서리물린 동굴 장작,Drewno na Opał z Mroźnych Jaskiń,Дрова з Крижаних Печер,Vuurhout van de Ijsbijtgrotten,Ayaz Mağaraları Odunu
L_DEC_FROSTBITECAVERNSFROZENYETI,,Frostbite Caverns Frozen Yeti,フロストバイト洞窟の凍えたイエティ,Frostbiss-Höhlen Gefrorener Yeti,Cavernes du Gel Mordant Yéti Gelé,Cavernas Heladas Yeti Congelado,Cavernas Gélidas Yeti Congelado,Морозные Пещеры Ледяной Йети,Caverne del Morso Gelido Yeti Congelato,霜咬洞窟 冰凍雪人,寒霜洞穴冰冻雪怪,서리물린 동굴 얼어붙은 예티,Lodowe Jaskinie Zamrożony Yeti,Крижані Печери Морозний Єті,Ijsbijtgrotten Bevroren Yeti,Ayaz Mağaraları Donmuş Yeti
L_DEC_FROSTBITECAVERNSGRAVE,,Frostbite Caverns Grave,フロストバイト洞窟の墓,Frostbiss-Höhlen Grab,Tombeau des Cavernes Glaciales,Tumba de las Cavernas Heladas,Sepultura das Cavernas Gélidas,Могила в Морозных Пещерах,Tomba delle Caverne Gelide,霜咬洞窟墓穴,寒霜洞穴墓地,서리물림 동굴 무덤,Grób Mroźnych Jaskiń,Могила Морозних Печер,Grafkelder van de Ijsbijtgrotten,Ayazdokunuş Mağaraları Mezarı
L_DEC_FROSTBITECAVERNSDIAMOND,,Frostbite Caverns Diamond,フロストバイト洞窟のダイヤモンド,Diamanthöhlen der Frostbisse,Cavernes de Morsure Glaciale Diamant,Cavernas Heladas de Diamante,Cavernas Gélidas de Diamante,Алмазные Морозные Пещеры,Caverne Gelide di Diamante,霜咬洞穴鑽石,寒霜洞穴钻石,서리물린 동굴 다이아몬드,Diamentowe Jaskinie Mrozu,Діамантові Крижані Печери,Diamantgrot van de Vrieskou,Ayaz Mağaraları Elması
L_DEC_FROSTBITECAVERNSSNOWMAN,,Frostbite Caverns Snowman,フロストバイト洞窟の雪だるま,Frostbiss-Höhlen Schneemann,Bonhomme de Neige des Cavernes Glaciales,Cavernas Heladas Muñeco de Nieve,Cavernas Gélidas Boneco de Neve,Пещеры Обморожения Снеговик,Caverne del Morso Gelido Pupazzo di Neve,霜咬洞窟雪人,寒霜洞穴雪人,서리물린 동굴 눈사람,Bałwan z Lodowych Jaskiń,Крижані Печери Сніговик,Ijsbijtgrotten Sneeuwman,Ayaz Mağaraları Kardan Adam
L_DEC_FROSTBITECAVERNSWELL,,Frostbite Caverns Well,フロストバイト洞窟の井戸,Frostbiss-Höhlen Brunnen,Puits des Cavernes Glaciales,Pozos de las Cavernas Heladas,Cavernas Gélidas Poço,Пещеры Ледяного Укуса Колодец,Pozzi delle Caverne Gelide,霜咬洞穴之井,寒霜洞穴井,서리물린 동굴 우물,Studnia Lodowych Jaskiń,Печери Морозного Укусу Колодязь,Frostbeetgrotten Put,Buz Isırığı Mağaraları Kuyusu
L_DEC_FROSTBITECAVERNSPUDDLE,,Frostbite Caverns Puddle,フロストバイト洞窟の水たまり,Pfütze der Frostbisshöhlen,Flaque des Cavernes Glaciales,Charco de las Cavernas Heladas,Poça das Cavernas Gélidas,Лужа в Морозных Пещерах,Pozzanghera delle Caverne Gelide,霜咬洞穴水窪,寒霜洞穴水坑,서리물린 동굴 웅덩이,Kałuża w Lodowych Jaskiniach,Калюжа Морозних Печер,Koudvuurgrotten Plas,Ayazdoğuran Mağaralar Gölcük
L_DEC_FROSTBITECAVERNSDEBRIS,,Frostbite Caverns Debris,フロストバイト洞窟の瓦礫,Trümmer der Frostbiss-Höhlen,Débris des Cavernes Glaciales,Escombros de las Cavernas Heladas,Escombros das Cavernas Gélidas,Обломки Морозных Пещер,Detriti delle Caverne Gelide,霜咬洞窟碎石,寒霜洞穴碎屑,서리물린 동굴 잔해,Rumowisko Lodowych Jaskiń,Уламки Морозних Печер,Puinresten van de Ijsbijtgrotten,Ayaz Mağaraları Enkazı
L_DEC_FROSTBITECAVERNSSKELETON,,Frostbite Caverns Skeleton,フロストバイト洞窟のスケルトン,Skelett der Frostbisshöhlen,Squelette des Cavernes Glaciales,Esqueleto de las Cavernas Heladas,Esqueleto das Cavernas Gélidas,Скелет Морозных Пещер,Scheletro delle Caverne Gelide,霜咬洞穴骷髏,寒霜洞穴骷髅,서리물린 동굴 해골,Szkielet z Lodowych Jaskiń,Скелет Морозних Печер,Skelet van de Ijsbijtgrotten,Ayaz Mağaraları İskeleti
L_DEC_FROSTBITECAVERNSBUSH,,Frostbite Caverns Bush,フロストバイト洞窟の茂み,Frostbiss-Höhlen Busch,Buisson des Cavernes Glaciales,Arbusto de las Cavernas Heladas,Arbusto das Cavernas Gélidas,Куст Морозных Пещер,Cespuglio delle Caverne Gelide,霜咬洞穴灌木,寒霜洞穴灌木,서리물린 동굴 덤불,Krzak z Mroźnych Jaskiń,Кущ Морозних Печер,Struik van de Vrieswondgrotten,Ayaz Mağaraları Çalısı
L_DEC_FROSTBITECAVERNSSKELETALHAND,,Frostbite Caverns Skeletal Hand,フロストバイト洞窟の骸骨の手,Frostbiss-Höhlen Skeletthand,Cavernes Glaciales Main Squelettique,Cavernas Gélidas Mano Esquelética,Cavernas Gélidas Mão Esquelética,Пещеры Ледяного Укуса Скелетная Рука,Caverne del Morso Gelido Mano Scheletrica,霜咬洞穴骸骨之手,寒霜洞穴骷髅手,서리물린 동굴 해골 손,Lodowe Jaskinie Kościana Dłoń,Крижані Печери Кістяна Рука,Ijsbijtgrotten Skelethand,Ayaz Mağaraları İskelet Eli
L_DEC_FROSTBITECAVERNSPINETREE,,Frostbite Caverns Pine Tree,フロストバイト洞窟の松の木,Kiefernbaum der Frostbiss-Höhlen,Cavernes Glaciales Pin,Pino de las Cavernas Heladas,Cavernas Gélidas Pinheiro,Сосна Ледяных Пещер,Pino delle Caverne Gelide,霜咬洞窟松樹,寒霜洞穴松树,서리물린 동굴 소나무,Sosna z Lodowych Jaskiń,Соснове Дерево Морозних Печер,Vorstkloofgrotten Dennenboom,Ayazdokunuşu Mağaraları Çam Ağacı
L_DEC_FROSTBITECAVERNSTWIGS,,Frostbite Caverns Twigs,フロストバイト洞窟の小枝,Reisigzweige der Frostbisshöhlen,Brindilles des Cavernes Glaciales,Ramitas de las Cavernas Heladas,Gravetos das Cavernas Gélidas,Ветки Морозных Пещер,Ramoscelli delle Caverne Gelide,霜咬洞穴枯枝,寒霜洞穴细枝,서리물린 동굴 나뭇가지,Gałązki z Mroźnych Jaskiń,Галузки Морозних Печер,Ijsbijtgrotten Twijgen,Ayaz Mağaraları Çubukları
L_DEC_FROSTBITECAVERNSLOG,,Frostbite Caverns Log,フロストバイト洞窟の記録,Tagebuch der Frostbiss-Höhlen,Registre des Cavernes Glaciales,Registro de las Cavernas Heladas,Registro das Cavernas Gélidas,Журнал Морозных Пещер,Diario delle Caverne Gelide,霜咬洞窟日誌,寒霜洞穴原木,서리물린 동굴 기록,Dziennik Lodowych Jaskiń,Журнал Крижаних Печер,Logboek Ijskoude Grotten,Dondurucu Mağaralar Günlüğü
L_DEC_FROSTBITECAVERNSSNOWCAP,,Frostbite Caverns Snowcap,フロストバイト洞窟の雪冠,Frostbiss-Höhlen Schneekuppe,Cavernes du Gel Glacial,Cavernas Heladas Cima Nevada,Cavernas Gélidas Coroa de Neve,Морозные Пещеры Снежная Шапка,Caverne del Morso Gelido Cima Nevosa,霜咬洞窟雪冠,寒霜洞穴积雪,서리물린 동굴 눈덮인 봉우리,Lodowe Jaskinie Śnieżny Szczyt,Крижані Печери Снігова Шапка,Ijsbijtgrotten Sneeuwkap,Ayazbıt Mağaraları Kartepe
L_DEC_FARAWAYENCLAVEHUT,,Faraway Enclave Hut,遠方の飛地の小屋,Hütte der Fernen Enklave,Hutte de l'Enclave Lointaine,Cabaña del Enclave Lejano,Cabana do Enclave Distante,Хижина Дальнего Анклава,Capanna dell'Enclave Remota,遙遠飛地小屋,遥远飞地棚屋,먼 곳의 은신처 오두막,Chatka Odległej Enklawy,Хатина Віддаленого Анклаву,Verre Enclave Hut,Uzak Yerleşim Kulübesi
L_DEC_FARAWAYENCLAVEJUJU,,Faraway Enclave Juju,遠方の飛地ジュジュ,Entlegene Enklave Juju,Enclave Lointaine Juju,Enclave Lejano Jujú,Enclave Distante Juju,Анклав Дальних Земель Джуджу,Enclave Remota Juju,遙遠飛地巫術,遥远飞地护符,머나먼 은신처 주주,Odległa Enklawa Juju,Віддалений Анклав Джуджу,Verre Enclave Juju,Uzak Yerleşke Juju
L_DEC_FARAWAYENCLAVECONCH,,Faraway Enclave Conch,遠方の飛地の法螺貝,Muschel der fernen Enklave,Conque de l'Enclave Lointaine,Caracola del Enclave Lejano,Concha do Enclave Distante,Раковина Далекого Анклава,Conchiglia dell'Enclave Lontana,遙遠飛地海螺,遥远飞地海螺,머나먼 은신처 소라,Muszla Odległej Enklawy,Мушля Далекого Анклаву,Verre Enclave Schelp,Uzak Yerleşim Deniz Kabuğu
L_DEC_FARAWAYENCLAVEPINEAPPLE,,Faraway Enclave Pineapple,遠方の飛地 パイナップル,Entlegene Enklave Ananas,Enclave Lointaine Ananas,Enclave Lejano Piña,Enclave Distante Abacaxi,Далекий Анклав Ананас,Enclave Lontana Ananas,遙遠飛地鳳梨,遥远飞地菠萝,먼 곳의 거주지 파인애플,Odległa Enklawa Ananas,Далеке Укріплення Ананас,Verre Enclave Ananas,Uzak Yerleşke Ananas
L_DEC_FARAWAYENCLAVECRAB,,Faraway Enclave Crab,遠方の飛地のカニ,Krabben-Enklave der Ferne,Crabe de l'Enclave Lointaine,Cangrejo del Enclave Lejano,Caranguejo do Enclave Distante,Краб Дальнего Анклава,Granchio dell'Enclave Remota,遙遠飛地蟹,遥远飞地螃蟹,먼 곳의 은신처 게,Krab z Odległej Enklawy,Краб Далекого Анклаву,Verre Enclave Krab,Uzak Yerleşke Yengeci
L_DEC_FARAWAYENCLAVEDRAGONEGGS,,Faraway Enclave Dragon Eggs,遠方の飛地のドラゴンの卵,Dracheneier des fernen Enklaven,Œufs de Dragon de l'Enclave Lointaine,Huevos de Dragón del Enclave Lejano,Ovos de Dragão do Enclave Distante,Яйца Драконов Дальнего Анклава,Uova di Drago dell'Enclave Remota,遙遠飛地龍蛋,遥远飞地龙蛋,먼 곳의 은신처 용알,Smocze Jaja z Odległej Enklawy,Яйця Драконів Віддаленого Анклаву,Verre Enclave Drakeneieren,Uzak Yerleşke Ejderha Yumurtaları
L_DEC_FARAWAYENCLAVESHIPWRECK,,Faraway Enclave Shipwreck,遠方の飛地の難破船,Schiffswrack der Fernen Enklave,Épave de l'Enclave Lointaine,Naufragio del Enclave Lejano,Naufrágio do Enclave Distante,Кораблекрушение Дальнего Анклава,Relitto dell'Enclave Lontana,遙遠飛地沉船,遥远飞地沉船,먼 곳의 은신처 난파선,Wrak Statku Odległej Enklawy,Корабельна аварія у Віддаленому Анклаві,Verre Enclave Scheepswrak,Uzak Yerleşke Gemi Enkazı
L_DEC_FARAWAYENCLAVEPLANK,,Faraway Enclave Plank,遠方の飛地の板,Planke der fernen Enklave,Planche de l'Enclave Lointaine,Tablón del Enclave Lejano,Tábua do Enclave Distante,Доска Дальнего Анклава,Asse dell'Enclave Remota,遙遠飛地木板,遥远飞地木板,먼 곳의 은신처 널빤지,Deska z Odległej Enklawy,Дошка Віддаленого Анклаву,Verre Enclave Plank,Uzak Yerleşke Tahtası
L_DEC_FARAWAYENCLAVEGRASS,,Faraway Enclave Grass,遠方の飛地の草,Grasland der Fernen Enklave,Herbe de l'Enclave Lointaine,Hierba del Enclave Lejano,Grama do Enclave Distante,Трава Дальнего Анклава,Erba dell'Enclave Remota,遙遠飛地草,遥远飞地草,먼 곳의 은신처 풀,Trawa Odległej Enklawy,Трава Віддаленого Анклаву,Verre Enclave Gras,Uzak Yerleşke Çimi
L_DEC_FARAWAYENCLAVEPLANKS,,Faraway Enclave Planks,遠方の飛地の板材,Planken der Fernen Enklave,Planches de l'Enclave Lointaine,Tablones del Enclave Lejano,Tábuas do Enclave Distante,Доски Дальнего Анклава,Assi dell'Enclave Remota,遙遠飛地木板,遥远飞地木板,먼 곳의 은신처 널빤지,Deski z Odległej Enklawy,Дошки Віддаленого Анклаву,Planken van de Verre Enclave,Uzak Yerleşke Tahtaları
L_DEC_FARAWAYENCLAVETREE,,Faraway Enclave Tree,遠方の飛地の木,Baum der Fernen Enklave,Arbre de l'Enclave Lointaine,Árbol del Enclave Lejano,Árvore do Enclave Distante,Древо Далекого Анклава,Albero dell'Enclave Remota,遙遠飛地之樹,遥远飞地树,먼 곳의 은신처 나무,Drzewo Odległej Enklawy,Дерево Віддаленого Анклаву,Boom van de Verre Enclave,Uzak Yerleşim Ağacı
L_DEC_FARAWAYENCLAVESTARFISH,,Faraway Enclave Starfish,遠方の飛地 ヒトデ,Entlegene Enklave Seestern,Enclave Lointaine Étoile de Mer,Enclave Lejano Estrella de Mar,Enclave Distante Estrela-do-Mar,Далекий Анклав Морская Звезда,Enclave Lontana Stella Marina,遙遠飛地星魚,遥远飞地海星,머나먼 거주지 불가사리,Odległa Enklawa Rozgwiazda,Віддалений Анклав Морська Зірка,Verre Enclave Zeester,Uzak Yerleşke Denizyıldızı
L_DEC_THEBARRENSQUICKSAND,,The Barrens Quicksand,バレンの流砂,Die Treibsande der Ödlande,Les Sables Mouvants des Terres Arides,Las Arenas Movedizas del Páramo,Areia Movediça da Vastidão,Зыбучие пески Пустошей,Le Sabbie Mobili della Landa Desolata,荒原流沙,荒芜之地流沙,황무지 유사,Ruchome Piaski Pustkowi,Зибучі піски Пустирів,De Woestenij Drijfzand,Çorak Topraklar Bataklığı
L_DEC_THEBARRENSTENT,,The Barrens Tent,バレンの天幕,Das Zelt der Ödlande,La Tente des Terres Arides,La Tienda de los Páramos,A Tenda dos Ermos,Палатка в Пустошах,La Tenda delle Terre Desolate,荒原帳篷,荒芜之地帐篷,황무지 텐트,Namiot na Pustkowiach,Намет Пустищ,De Woestenij Tent,Çorak Topraklar Çadırı
L_DEC_THEBARRENSTREASURE,,The Barrens Treasure,荒野の宝,Die Schatzlande,Les Trésors des Terres Arides,Los Tesoros del Páramo,O Tesouro da Vastidão,Сокровище Пустошей,I Tesori della Landa Desolata,荒原寶藏,荒芜之地宝藏,황무지의 보물,Skarb Pustkowi,Скарб Пустищ,De Woestenij Schat,Çorak Topraklar Hazinesi
L_DEC_THEBARRENSOASIS,,The Barrens Oasis,バレンの湧水地,Die Oase der Ödlande,L'Oasis des Terres Arides,El Oasis de los Páramos,O Oásis da Vastidão,Оазис Пустошей,L'Oasi delle Terre Desolate,荒原綠洲,荒芜之地绿洲,황무지의 오아시스,Oaza na Pustkowiach,Оазис Пустищ,De Woestenij Oase,Çorak Topraklar Vahası
L_DEC_THEBARRENSDRIFTWOOD,,The Barrens Driftwood,不毛の漂流木,Die Treibholzwüste,Les Bois Flottés des Terres Arides,Los Leños a la Deriva del Páramo,Os Restos de Madeira da Vastidão,Сухостой Пустошей,Le Radici delle Lande Desolate,荒原浮木,荒芜之地浮木,황무지 표류목,Dryfujące Drewno Pustkowi,Сухостій Пустищ,De Woestenij Drijfhout,Çorak Topraklar Sürüklenen Odun
L_DEC_THEBARRENSFLOWERS,,The Barrens Flowers,荒野の花,Die Blumen der Ödlande,Les Fleurs des Terres Désolées,Las Flores de Los Páramos,As Flores da Vastidão,Цветы Пустошей,I Fiori delle Terre Desolate,荒原之花,荒芜之地花,황무지의 꽃,Kwiaty Pustkowi,Квіти Пустищ,De Woestenijbloemen,Çorak Toprakların Çiçekleri
L_DEC_THEBARRENSSKULL,,The Barrens Skull,荒野の髑髏,Der Schädel der Ödlande,Le Crâne des Terres Désolées,El Cráneo de los Páramos,O Crânio das Áridas,Череп Пустошей,Il Teschio delle Lande Desolate,荒原骷髏,荒芜之地头骨,황무지의 해골,Czaszka z Pustkowi,Череп Пустищ,De Schedel van de Woestenij,Çorak Topraklar Kafatası
L_DEC_THEBARRENSCACTUSTALL,,The Barrens Cactus (Tall),バレンズ・サボテン（高）,Die Ödland-Kaktus (Hoch),Le Cactus des Terres Arides (Grand),El Cactus de los Páramos (Alto),Cacto das Terras Áridas (Alto),Кактус Пустоши (Высокий),Cactus delle Lande (Alto),荒原仙人掌（高）,荒芜之地仙人掌（高）,황무지 선인장 (키 큰),Kaktus z Pustkowi (Wysoki),Кактус Пустирищ (Високий),De Woestenijcactus (Hoog),Çorak Topraklar Kaktüsü (Uzun)
L_DEC_THEBARRENSCACTUSSHORT,,The Barrens Cactus (Short),荒野のサボテン（短）,Die Kakteen der Ödlande (Kurz),Le Cactus des Terres Arides (Court),El Cactus de los Páramos (Corto),Cacto das Áridas (Curto),Кактус Пустоши (Короткий),Cactus delle Lande (Corto),荒原仙人掌 (短),荒芜之地仙人掌（短）,황무지 선인장 (짧음),Kaktus z Pustkowi (Krótki),Кактус Пустирищ (Короткий),De Woestenij Cactus (Kort),Çorak Topraklar Kaktüsü (Kısa)
L_DEC_THEBARRENSSLABS,,The Barrens Slabs,バレンズ・スラブ,Die Barren-Platten,Les Dalles des Terres Arides,Las Losas de Los Páramos,As Lajes da Vastidão,Плиты Пустошей,Le Lastre delle Terre Desolate,荒原石板,荒芜之地石板,황무지 석판,Płyty Pustkowi,Плити Пустирів,De Woestenijplaten,Çorak Levhalar
L_DEC_THEBARRENSTUMBLEWEED,,The Barrens Tumbleweed,荒野の転がる草,Die Ödland-Steppenläufer,Le Chardon Roulant des Terres Arides,El Rodamundo de Los Páramos,Erva-Rolante das Áridas,Перекати-поле Пустошей,Il Rotolacardo delle Lande Desolate,荒原風滾草,荒芜之地风滚草,황무지 회전초,Tumbleweed z Pustkowi,Перекотиполе Пустирищ,De Woestenij Rolstruik,Çorak Topraklar Ölüotu
L_DEC_THEBARRENSSKELETON,,The Barrens Skeleton,バレンの骸骨,Die Skelette der Ödlande,Le Squelette des Terres Désolées,El Esqueleto de Los Páramos,O Esqueleto das Terras Áridas,Скелет Пустошей,Lo Scheletro delle Terre Desolate,荒原骷髏,荒芜之地骷髅,황무지 해골,Szkielet z Pustkowi,Скелет Пустищ,De Skelet van de Woestenij,Çorak Topraklar İskeleti
L_DEC_THEBARRENSOZYMANDIAS,,The Barrens Ozymandias,荒野のオジマンディアス,Die Ödlande Ozymandias,Les Terres Arides Ozymandias,Los Páramos Ozymandias,Os Ermos Ozymandias,Пустоши Озимандия,Le Lande Ozymandias,荒原的奧西曼迪亞斯,荒芜之地奥西曼德斯,황무지의 오지만디아스,Pustkowia Ozymandias,Пустища Озимандія,De Woestenij Ozymandias,Çorak Topraklar Ozymandias
L_DEC_THEBARRENSROCKS,,The Barrens Rocks,荒野の岩,Die Felsen der Ödlande,Les Rochers des Terres Arides,Las Rocas de Los Páramos,As Rochas da Vastidão,Скалы Пустошей,Le Rocce della Landa Desolata,荒原岩石,荒芜之地岩石,황무지 바위,Skały Pustkowi,Скелі Пустищ,De Woestenijrotsen,Çorak Kayalıklar
L_DEC_BLOODGROVESQUASH1,,Blood Grove Squash (1),ブラッドグローブスカッシュ (1),Bluthainsquash (1),Courge du Bosquet Sanglant (1),Aplastamiento del Bosque Sangriento (1),Abóbora do Bosque Sangrento (1),Кровавая Тыква Рощи (1),Schiacciata del Boschetto Sanguigno (1),血林南瓜 (1),血色树林南瓜（1）,블러드 그로브 스쿼시 (1),Miażdżyciel z Krwawego Gaju (1),Кривавий Гарбуз Гаю (1),Bloedwoud Pompoen (1),Kan Korusu Kabağı (1)
L_DEC_BLOODGROVESQUASH2,,Blood Grove Squash (2),ブラッドグローブスカッシュ (2),Bluthainhaubitze (2),Courge du Bosquet Sanglant (2),Aplastamiento del Bosque Sangriento (2),Abóbora do Bosque Sangrento (2),Кровавая Тыква Рощи (2),Schiacciata del Boschetto Sanguigno (2),血林南瓜 (2),血色树林南瓜（2）,블러드 그로브 스쿼시 (2),Miazga z Krwawego Gaju (2),Кривава Гарбузова Каша (2),Bloedwoud Pompoen (2),Kan Korusu Kabağı (2)
L_DEC_BLOODGROVESQUASH3,,Blood Grove Squash (3),ブラッドグローブスカッシュ (3),Bluthainhaubitze (3),Courge du Bosquet Sanglant (3),Aplastamiento del Bosque Sangriento (3),Abóbora do Bosque Sangrento (3),Кровавая Тыква Рощи (3),Schiacciata del Boschetto Sanguigno (3),血林南瓜 (3),血色树林南瓜（3）,피의 숲 스쿼시 (3),Miażdżyciel z Krwawego Gaju (3),Кривавий Гарбуз Гаю (3),Bloedwoud Pompoen (3),Kan Korusu Kabağı (3)
L_DEC_BLOODGROVEFIREWOOD,,Blood Grove Firewood,血の林の薪,Bluthainhölzer,Bois de Feu du Bosquet Sanglant,Leña del Bosque Sangriento,Lenha do Bosque Sangrento,Дрова из Кровавой Рощи,Legna del Boschetto Sanguigno,血林木柴,血色树林木柴,피의 숲 장작,Drewno z Krwawego Gaju,Дрова з Кривавого Гаю,Bloedwoud Brandhout,Kan Korusu Odunu
L_DEC_BLOODGROVETENT,,Blood Grove Tent,血の林のテント,Bluthainhütte,Tente du Bosquet Sanglant,Tienda del Bosque Sangriento,Tenda do Bosque Sangrento,Палатка Кровавой Рощи,Tenda del Boschetto Sanguinario,血林帳篷,血色树林帐篷,피의 숲 텐트,Namiot Krwawego Gaju,Намет Кривавого Гаю,Bloedwoudtent,Kan Korusu Çadırı
L_DEC_BLOODGROVEPIPES,,Blood Grove Pipes,血の林のパイプ,Bluthainhöhlen,Tuyaux du Bosquet Sanglant,Tuberías del Bosque Sangriento,Tubos do Bosque Sangrento,Трубы Кровавой Рощи,Tubi del Boschetto Sanguigno,血林管道,血色树林管道,피의 숲 파이프,Piszczałki Krwawego Gaju,Труби Кривавого Гаю,Bloedwoudpijpen,Kan Korusu Boruları
L_DEC_BLOODGROVECAVE,,Blood Grove Cave,血の林の洞窟,Bluthainhöhle,Grotte du Bosquet Sanglant,Cueva del Bosquecillo Sangriento,Caverna do Bosque Sangrento,Пещера Кровавой Рощи,Grotta del Boschetto Insanguinato,血林洞穴,血色树林洞穴,피의 숲 동굴,Jaskinia Krwawego Gaju,Печера Кривавого Гаю,Bloedwoudgrot,Kan Korusu Mağarası
L_DEC_BLOODGROVETRAP,,Blood Grove Trap,血の林の罠,Bluthainfalle,Piège du Bosquet Sanglant,Trampa del Bosque Sangriento,Armadilha do Bosque Sangrento,Ловушка Кровавой Рощи,Trappola del Boschetto Insanguinato,血林陷阱,血色树林陷阱,피의 숲 함정,Pułapka Krwawego Gaju,Пастка Кривавого Гаю,Bloedwoudval,Kan Korusu Tuzağı
L_DEC_BLOODGROVEFLOWER,,Blood Grove Flower,血の林の花,Bluthainhblüte,Fleur du Bosquet Sanglant,Flor del Bosque Sangriento,Flor do Bosque Sangrento,Цветок Кровавой Рощи,Fiore del Boschetto Sanguigno,血林花,血色树林花,혈림화,Kwiat Krwawego Gaju,Квітка Кривавого Гаю,Bloedwoudebloem,Kan Korusu Çiçeği
L_DEC_BLOODGROVESTONE,,Blood Grove Stone,血の林石,Bluthainsteine,Roche du Bosquet Sanglant,Piedra del Bosque Sangriento,Pedra do Bosque Sangrento,Камень Кровавой Рощи,Pietra del Boschetto Sanguigno,血林石,血色树林石块,피의 숲 돌,Kamień Krwawego Gaju,Камінь Кривавого Гаю,Bloedwoudkei,Kan Korusu Taşı
L_DEC_BLOODGROVEBIGSTONE,,Blood Grove Big Stone,血の林大岩,Bluthain Großer Stein,Bosquet de Sang Grande Pierre,Arboleda Sangrienta Piedra Grande,Bosque de Sangue Pedra Grande,Кровавая Роща Большой Камень,Boschetto di Sangue Pietra Grande,血林大石,血色树林巨石,피의 숲 큰 바위,Wielki Kamień Krwawego Gaju,Кривавий Гай Великий Камінь,Bloedwoud Grote Steen,Kan Korusu Büyük Taş
L_DEC_BLOODGROVEMUSHROOM,,Blood Grove Mushroom,血林茸,Bluthainhutpilz,Champignon du Bosquet Sanglant,Seta del Bosque Sangriento,Cogumelo do Bosque Sangrento,Гриб Кровавой Рощи,Fungo del Boschetto Sanguigno,血林菇,血色树林蘑菇,혈림 버섯,Grzyb z Krwawego Gaju,Гриб Кривавого Гаю,Bloedwoud Paddenstoel,Kan Korusu Mantarı
L_DEC_BLOODGROVEGIANTMUSHROOM,,Blood Grove Giant Mushroom,血の林巨大キノコ,Bluthainhügelriesenpilz,Champignon Géant du Bosquet Sanglant,Seta Gigante del Bosque Sangriento,Cogumelo Gigante do Bosque Sangrento,Гигантский гриб Кровавой рощи,Fungo Gigante del Boschetto Sanguigno,血林巨型蘑菇,血色树林巨型蘑菇,피의 숲 거대 버섯,Olbrzymi Grzyb z Krwawego Gaju,Гігантський Гриб Кривавого Гаю,Bloedwoud Reuzenpaddenstoel,Kan Korusu Dev Mantarı
L_DEC_BLOODGROVETREE,,Blood Grove Tree,血の木立,Bluthainhölzer,Arbre du Bosquet Sanglant,Árbol del Bosque Sangriento,Árvore do Bosque Sangrento,Кровавая Роща,Albero del Boschetto Sanguigno,血林樹,血色树林树,피의 숲 나무,Drzewo Krwawego Gaju,Дерево Кривавого Гаю,Bloedwoudeboom,Kan Koruluk Ağacı
L_DEC_BLOODGROVEGIANTTREE,,Blood Grove Giant Tree,血の林の巨木,Bluthainhocheiche,Arbre Géant du Bosquet Sanglant,Árbol Gigante del Bosque Sangriento,Árvore Gigante do Bosque Sangrento,Гигантское Древо Кровавой Рощи,Albero Gigante del Boschetto Sanguigno,血林巨樹,血色树林巨树,핏빛 숲 거대 나무,Drzewo Olbrzym Krwawego Gaju,Гігантське Дерево Кривавого Гаю,Bloedwoud Reuzenboom,Kan Korusu Dev Ağacı
L_DEC_BLOODGROVELOG,,Blood Grove Log,血の林の記録,Bluthainhütte,Journal du Bosquet Sanglant,Registro del Bosque Sangriento,Registro do Bosque Sangrento,Журнал Кровавой Рощи,Registro del Boschetto Sanguinario,血林紀錄,血色树林原木,블러드 그로브 기록,Dziennik Krwawego Gaju,Журнал Кривавого Гаю,Bloedwoud Logboek,Kan Korusu Günlüğü
L_DEC_SANCTUMUMBRABRAIN,,Sanctum Umbra Brain,聖域の影の脳,Sanctum Umbra Gehirn,Cerveau de Sanctum Umbra,Cerebro de Sanctum Umbra,Cérebro do Sanctum Umbra,Мозг Святилища Теней,Cervello del Sanctum Umbra,闇聖殿腦,暗影圣所大脑,성역 그림자 두뇌,Mózg Sanctum Umbra,Мозок Святилища Тіней,Sanctum Umbra Brein,Kutsal Gölge Beyin
L_DEC_SANCTUMUMBRAMIRROR,,Sanctum Umbra Mirror,聖域の影の鏡,Spiegel des Schattensanktums,Miroir du Sanctum Umbra,Espejo del Sanctum Umbra,Espelho de Sanctum Umbra,Зеркало Темного Святилища,Specchio del Sanctum Umbra,闇聖殿之鏡,暗影圣所镜子,성역 그림자 거울,Zwierciadło Mrocznego Sanktuarium,Дзеркало Темного Святилища,Spiegel van het Duistere Heiligdom,Kutsal Gölge Aynası
L_DEC_SANCTUMUMBRAOBELISK,,Sanctum Umbra Obelisk,サンクタム・アンブラ・オベリスク,Sanctum Umbra Obelisk,Obélisque du Sanctuaire des Ombres,Obelisco del Sanctum Umbra,Obelisco do Santuário Umbra,Обелиск Темного Святилища,Obelisco del Sanctum Umbra,闇聖方尖碑,暗影圣所方尖碑,성역 그림자 방첨탑,Obelisk Mrocznego Sanktuarium,Обеліск Темного Святилища,Heiligdom van de Schaduw Obelisk,Kutsal Gölge Dikilitaşı
L_DEC_SANCTUMUMBRATITHE,,Sanctum Umbra Tithe,聖域の影の十分の一税,Sanctum Umbra Zehnt,Dîme de Sanctum Umbra,Diezmo del Sanctum Umbra,Dízimo do Santuário Sombrio,Подать Сумрачного Святилища,Decima dell'Ombra Sacra,闇聖殿貢奉,暗影圣所贡品,성소 그림자 십일조,Dziesięcina Mrocznego Sanktuarium,Данина Темного Святилища,Sanctum Umbra Tithe,Gölge Tapınağı Haracı
L_DEC_SANCTUMUMBRASTATUEKING,,Sanctum Umbra Statue (King),聖域の影の像（王）,Sanctum Umbra Statue (König),Statue du Sanctum Umbra (Roi),Estatua del Sanctum Umbra (Rey),Estátua do Sanctum Umbra (Rei),Статуя Святилища Теней (Король),Statua del Sanctum Umbra (Re),聖影雕像（國王）,暗影圣所雕像（国王）,성역 그림자 석상 (왕),Posąg Sanctum Umbra (Król),Статуя Святилища Тіней (Король),Sanctum Umbra Standbeeld (Koning),Kutsal Gölge Heykeli (Kral)
L_DEC_SANCTUMUMBRASTATUEANGEL,,Sanctum Umbra Statue (Angel),聖域の影の像（天使）,Sanctum Umbra Statue (Engel),Statue du Sanctum Umbra (Ange),Estatua del Sanctum Umbra (Ángel),Estátua do Sanctum Umbra (Anjo),Статуя Святилища Теней (Ангел),Statua del Sanctum Umbra (Angelo),聖影雕像（天使）,暗影圣所雕像（天使）,성역 그림자 석상 (천사),Posąg Sanctum Umbra (Anioł),Статуя Святилища Тіней (Ангел),Heiligdom Umbra Standbeeld (Engel),Kutsal Gölge Heykeli (Melek)
L_DEC_SANCTUMUMBRASTATUEDEMON,,Sanctum Umbra Statue (Demon),聖域の影の像（悪魔）,Sanctum Umbra Statue (Dämon),Statue du Sanctum Umbra (Démon),Estatua del Sanctum Umbra (Demonio),Estátua do Sanctum Umbra (Demônio),Статуя Святилища Теней (Демон),Statua del Sanctum Umbra (Demone),聖影雕像（惡魔）,暗影圣所雕像（恶魔）,성역 그림자 석상 (악마),Posąg Sanctum Umbra (Demon),Статуя Святилища Тіней (Демон),Sanctum Umbra Standbeeld (Demon),Kutsal Gölge Heykeli (İblis)
L_DEC_SANCTUMUMBRAROCK,,Sanctum Umbra Rock,聖域の影の岩,Sanctum Umbra Fels,Roche du Sanctuaire Ombré,Roca del Sanctum Umbra,Rocha do Santuário Sombrio,Скала Темного Святилища,Roccia del Sanctum Umbra,闇聖石,暗影圣所岩石,성역 그림자 바위,Skała Sanctum Umbra,Скеля Темного Святилища,Sanctum Umbra Rots,Kutsal Gölge Kayası
L_DEC_SANCTUMUMBRASTONES,,Sanctum Umbra Stones,聖域の影石,Sanctum Umbra Steine,Pierres du Sanctum Umbra,Piedras del Sanctum Umbra,Pedras do Santuário Umbra,Камни Святилища Теней,Pietre del Sanctum Umbra,聖域暗影石,暗影圣所石块,성역 그림자석,Kamienie Mrocznego Sanktuarium,Камені Святилища Тіней,Sanctum Umbra Stenen,Kutsal Gölge Taşları
L_DEC_SANCTUMUMBRAPILLAR,,Sanctum Umbra Pillar,聖域の影の柱,Säule des Schattensanktums,Pilier de Sanctum Umbra,Pilar de Sanctum Umbra,Pilar de Sanctum Umbra,Столп Сумрачного Святилища,Pilastro dell'Ombra Sacra,闇聖柱,暗影圣所柱子,성역 그림자 기둥,Filar Sanctum Umbra,Колона Темного Святилища,Zuil van het Duistere Heiligdom,Kutsal Gölge Sütunu
L_DEC_SANCTUMUMBRAPILLARFALLEN,,Sanctum Umbra Pillar (Fallen),聖域の影の柱（倒壊）,Säule des Schattensanktums (Gefallen),Pilier de Sanctum Umbra (Déchu),Pilar de Sanctum Umbra (Caído),Pilar de Sanctum Umbra (Caído),Столп Сумрачного Святилища (Павший),Pilastro di Sanctum Umbra (Caduto),聖影石柱（倒塌）,暗影圣所柱子（倒塌）,성역 그림자 기둥 (몰락한),Filar Sanctum Umbra (Upadły),Колона Святилища Тіней (Повалена),Sanctum Umbra Pilaar (Gevallen),Düşmüş Sanctum Umbra Sütunu
L_DEC_SANCTUMUMBRAPEW,,Sanctum Umbra Pew,サンクタム・アンブラの長椅子,Sanctum Umbra Kirchenbank,Banc du Sanctum Umbra,Banco del Sanctum Umbra,Banco do Sanctum Umbra,Скамья Темного Святилища,Banco del Sanctum Umbra,闇聖殿長椅,暗影圣所长椅,성역 그림자 장의자,Ława Sanctum Umbra,Лава Темного Святилища,Sanctum Umbra Bank,Gölge Tapınağı Sırası
L_DEC_SANCTUMUMBRACHANTRY,,Sanctum Umbra Chantry,サンクタム・アンブラ・チャントリー,Sanctum Umbra Chantry,Chanterie de l'Ombre Sacrée,Santuario de Umbra Sacra,Conventículo Sanctum Umbra,Обитель Сумрачного Святилища,Cantoria dell'Ombra Sacra,闇影聖殿教會,暗影圣所祈唱堂,성역 움브라 성당,Kantorium Sanctum Umbra,Святиня Темного Притулку,Heiligdom van de Schaduwzang,Gölge Tapınağı Şantisi
L_DEC_CUTTHROATJUNGLEHUT,,Cutthroat Jungle Hut,殺伐としたジャングルの小屋,Banditendschungelhütte,Cabane de la Jungle Impitoyable,Cabaña de la Jungla Despiadada,Cabana da Selva dos Degoladores,Хижина в Джунглях Головорезов,Capanna della Giungla Spietata,殺手叢林小屋,绝命丛林小屋,살인귀 정글 오두막,Chatka w Bezwzględnej Dżungli,Хатина Безжальних Джунглів,Meedogenloze Junglehut,Haydut Orman Kulübesi
L_DEC_CUTTHROATJUNGLETOTEM,,Cutthroat Jungle Totem,無慈悲なジャングルの守護像,Halsabschneider-Dschungeltotem,Totem de la Jungle Impitoyable,Tótem de la Jungla Despiadada,Totem da Selva Implacável,Тотем Безжалостных Джунглей,Totem della Giungla Spietata,殘忍叢林圖騰,绝命丛林图腾,살인귀 정글 토템,Totem Bezwzględnej Dżungli,Тотем Безжального Джунглів,Meedogenloze Jungletotem,Acımasız Orman Totemi
L_DEC_CUTTHROATJUNGLEFRUITYELLOW,,Cutthroat Jungle Fruit (Yellow),凶暴なジャングルフルーツ（黄）,Halsabschneider-Dschungelfrucht (Gelb),Fruit de la Jungle Coupe-gorge (Jaune),Fruta de la Selva Despiadada (Amarilla),Fruta da Selva Traiçoeira (Amarela),Фрукт Джунглей Головорезов (Жёлтый),Frutto della Giungla Spietata (Giallo),兇殘叢林果實（黃）,绝命丛林果实（黄）,살인귀 정글 열매 (노란색),Owoc Dżungli Bezwzględnej (Żółty),Фрукт Безжального Джунглів (Жовтий),Meedogenloze Junglevrucht (Geel),Keskin Orman Meyvesi (Sarı)
L_DEC_CUTTHROATJUNGLEFRUITPINK,,Cutthroat Jungle Fruit (Pink),凶暴なジャングルフルーツ（ピンク）,Halsabschneider-Dschungelfrucht (Rosa),Fruit de la Jungle Coupe-gorge (Rose),Fruta de la Selva Despiadada (Rosa),Fruta da Selva Traiçoeira (Rosa),Фрукт Джунглей Головорезов (Розовый),Frutto della Giungla Spietata (Rosa),兇殘叢林果實（粉紅）,绝命丛林果实（粉）,살인귀 정글 과일 (핑크),Owoc z Bezwzględnej Dżungli (Różowy),Фрукт Безжального Джунглів (Рожевий),Meedogenloze Junglevrucht (Roze),Keskin Orman Meyvesi (Pembe)
L_DEC_CUTTHROATJUNGLEFRUITORANGE,,Cutthroat Jungle Fruit (Orange),凶暴なジャングルフルーツ（オレンジ）,Halsabschneider-Dschungelfrucht (Orange),Fruit de la Jungle Coupe-gorge (Orange),Fruta de la Selva Despiadada (Naranja),Fruta da Selva Traiçoeira (Laranja),Фрукт Джунглей Головорезов (Оранжевый),Frutto della Giungla Spietata (Arancione),兇殘叢林果實（橙色）,绝命丛林果实（橙）,살인귀 정글 과일 (오렌지),Owoc z Bezwzględnej Dżungli (Pomarańczowy),Фрукт Безжального Джунглів (Помаранчевий),Meedogenloze Junglevrucht (Oranje),Haydut Ormanı Meyvesi (Turuncu)
L_DEC_CUTTHROATJUNGLEMUSHROOMS,,Cutthroat Jungle Mushrooms,殺伐としたジャングルのキノコ,Halsabschneider-Dschungelpilze,Champignons de la Jungle Impitoyable,Setas de la Jungla Despiadada,Cogumelos da Selva Traiçoeira,Грибы Безжалостных Джунглей,Funghi della Giungla Spietata,兇殘叢林蘑菇,绝命丛林蘑菇,살인귀 정글 버섯,Bezwzględne Dżunglowe Grzyby,Безжальні Джунглеві Гриби,Meedogenloze Junglepaddenstoelen,Acımasız Orman Mantarları
L_DEC_CUTTHROATJUNGLEMUSHROOMSPINK,,Cutthroat Jungle Mushrooms (Pink),凶暴なジャングルキノコ（ピンク）,Halsabschneider-Dschungelpilze (Rosa),Champignons de Jungle Impitoyable (Rose),Setas de la Jungla Despiadada (Rosa),Cogumelos da Selva Traiçoeiros (Rosa),Безжалостные джунглевые грибы (розовые),Funghi della Giungla Spietati (Rosa),兇殘叢林蘑菇（粉紅）,绝命丛林蘑菇（粉）,살인귀 정글 버섯 (핑크),Bezwzględne Dżunglowe Grzyby (Różowe),Безжальні джунглеві гриби (рожеві),Meedogenloze Junglepaddenstoelen (Roze),Acımasız Orman Mantarları (Pembe)
L_DEC_CUTTHROATJUNGLEMUSHROOMSORANGE,,Cutthroat Jungle Mushrooms (Orange),凶暴なジャングルキノコ（オレンジ）,Halsabschneider-Dschungelpilze (Orange),Champignons de Jungle Impitoyable (Orange),Setas de la Jungla Despiadada (Naranja),Cogumelos Selvagens da Selva (Laranja),Грибы Безжалостных Джунглей (Оранжевые),Funghi della Giungla Spietati (Arancioni),兇殘叢林蘑菇（橙色）,绝命丛林蘑菇（橙）,살인귀 정글 버섯 (주황색),Bezwzględne Dżunglowe Grzyby (Pomarańczowe),Безжальні джунглеві гриби (помаранчеві),Meedogenloze Junglepaddenstoelen (Oranje),Acımasız Orman Mantarları (Turuncu)
L_DEC_CUTTHROATJUNGLECAIRN,,Cutthroat Jungle Cairn,無慈悲なジャングルの石塚,Halsabschneider-Dschungel-Steinhaufen,Cairn de la Jungle Impitoyable,Mojón de la Selva Despiadada,Monumento da Selva Implacável,Гиблые Джунгли: Каменная Пирамида,Tumulo della Giungla Spietata,殘酷叢林石塚,绝命丛林石桩,살인귀의 정글 돌무덤,Grobowiec Bezwzględnej Dżungli,Кривавий Курган Джунглів,Meedogenloze Junglecairn,Acımasız Orman Taş Yığını
L_DEC_CUTTHROATJUNGLESTUMP,,Cutthroat Jungle Stump,殺伐としたジャングルの切り株,Halsabschneider-Dschungel-Stumpf,Souche de la Jungle Impitoyable,Tocón de la Jungla Despiadada,Toco da Selva Implacável,Пень Бандитских Джунглей,Ceppo della Giungla Spietata,殘酷叢林樹樁,绝命丛林树桩,살인귀 정글 그루터기,Pniak Bezwzględnej Dżungli,Пень Безжальних Джунглів,Meedogenloze Junglestronk,Haydut Ormanı Kütüğü
L_DEC_CUTTHROATJUNGLEMUSHROOM,,Cutthroat Jungle Mushroom,殺伐としたジャングルのキノコ,Halsabschneider-Dschungelpilz,Champignon de Jungle Impitoyable,Champiñón de la Jungla Despiadada,Cogumelo da Selva Implacável,Гриб Безжалостных Джунглей,Fungo della Giungla Spietata,殘忍叢林蘑菇,绝命丛林蘑菇,살인귀 정글 버섯,Bezwzględny Leśny Grzyb,Грибок Безжальних Джунглів,Meedogenloze Junglepaddenstoel,Acımasız Orman Mantarı
L_DEC_CUTTHROATJUNGLEFLOWERSORANGE,,Cutthroat Jungle Flowers (Orange),凶暴なジャングルの花(オレンジ),Halsabschneider-Dschungelblumen (Orange),Fleurs de Jungle Impitoyable (Orange),Flores de la Jungla Despiadada (Naranja),Flores da Selva Traiçoeira (Laranja),Цветы Беспощадных Джунглей (Оранжевые),Fiori della Giungla Spietata (Arancione),兇殘叢林花朵（橙色）,绝命丛林花（橙）,살인귀 정글 꽃 (주황색),Kwiaty Dżungli Bezwzględnej (Pomarańczowe),Квіти Безжальних Джунглів (Помаранчеві),Meedogenloze Jungleboemen (Oranje),Haydut Orman Çiçekleri (Turuncu)
L_DEC_CUTTHROATJUNGLEFLOWERSPINK,,Cutthroat Jungle Flowers (Pink),凶暴なジャングルの花(ピンク),Halsabschneider-Dschungelblumen (Rosa),Fleurs de Jungle Impitoyable (Rose),Flores de la Jungla Despiadada (Rosa),Flores da Selva Traiçoeira (Rosa),Цветы Беспощадных Джунглей (Розовые),Fiori della Giungla Spietata (Rosa),兇殘叢林花朵（粉紅）,绝命丛林花（粉）,살인적인 정글 꽃 (핑크),Kwiaty Bezwzględnej Dżungli (Różowe),Квіти Безжальних Джунглів (Рожеві),Meedogenloze Junglerozen (Roze),Haydut Ormanı Çiçekleri (Pembe)
L_DEC_CUTTHROATJUNGLEFLOWERSYELLOW,,Cutthroat Jungle Flowers (Yellow),凶暴なジャングルの花(黄色),Halsabschneider-Dschungelblumen (Gelb),Fleurs de la Jungle Impitoyable (Jaune),Flores de la Jungla Despiadada (Amarillo),Flores da Selva Traiçoeira (Amarelo),Цветы Беспощадных Джунглей (Жёлтые),Fiori della Giungla Spietata (Giallo),兇殘叢林花朵（黃色）,绝命丛林花（黄）,살인적인 정글 꽃 (노란색),Kwiaty Bezwzględnej Dżungli (Żółte),Квіти Безжальних Джунглів (Жовті),Meedogenloze Jungleboemen (Geel),Haydut Ormanı Çiçekleri (Sarı)
L_DEC_CUTTHROATJUNGLEFLOWERPINK,,Cutthroat Jungle Flower (Pink),凶暴なジャングルの花（ピンク）,Halsabschneider-Dschungelblume (Rosa),Fleur de Jungle Impitoyable (Rose),Flor de la Selva Despiadada (Rosa),Flor da Selva Traiçoeira (Rosa),Цветок Джунглей Головорезов (Розовый),Fiore della Giungla Spietato (Rosa),兇殘叢林花 (粉紅),绝命丛林花（粉）,살인귀 정글 꽃 (핑크),Kwiat Dżungli Bezwzględnej (Różowy),Безжальна Джунглева Квітка (Рожева),Meedogenloze Junglebloem (Roze),Acımasız Orman Çiçeği (Pembe)
L_DEC_CUTTHROATJUNGLEFLOWERYELLOW,,Cutthroat Jungle Flower (Yellow),凶暴なジャングルの花（黄）,Halsabschneider-Dschungelblume (Gelb),Fleur de Jungle Impitoyable (Jaune),Flor de la Selva Despiadada (Amarilla),Flor da Selva Traiçoeira (Amarela),Цветок Джунглей Головорезов (Жёлтый),Fiore della Giungla Spietato (Giallo),兇殘叢林花 (黃色),绝命丛林花 (黄),살인귀 정글 꽃 (노랑),Kwiat Dżungli Bezwzględnej (Żółty),Безжальна Джунглева Квітка (Жовта),Meedogenloze Junglebloem (Geel),Haydut Orman Çiçeği (Sarı)
L_DEC_CUTTHROATJUNGLEFRUITTREEORANGE,,Cutthroat Jungle Fruit Tree (Orange),荒々しいジャングルの果樹（オレンジ）,Halsabschneider-Dschungel-Obstbaum (Orange),Arbre Fruitier de la Jungle Impitoyable (Orange),Árbol Frutal de la Jungla Despiadada (Naranja),Árvore Frutífera da Selva Implacável (Laranja),Дерево с Фруктами Беспощадных Джунглей (Оранжевое),Albero da Frutto della Giungla Spietata (Arancione),兇險叢林果樹（橙）,绝命丛林果树（橙）,살인귀 정글 과일 나무 (오렌지),Drzewo Owocowe z Bezwzględnej Dżungli (Pomarańczowe),Дерево Фруктів Безжальних Джунглів (Помаранчеве),Meedogenloze Junglevruchtboom (Oranje),Acımasız Orman Meyve Ağacı (Turuncu)
L_DEC_CUTTHROATJUNGLEFRUITTREEYELLOW,,Cutthroat Jungle Fruit Tree (Yellow),凶暴なジャングルの果樹（黄）,Halsabschneider-Dschungel-Obstbaum (Gelb),Arbre Fruitier de la Jungle Impitoyable (Jaune),Árbol Frutal de la Jungla Despiadada (Amarillo),Árvore Frutífera da Selva Implacável (Amarela),Фруктовое Дерево Беспощадных Джунглей (Жёлтое),Albero da Frutto della Giungla Spietata (Giallo),兇險叢林果樹（黃色）,绝命丛林果树（黄）,살인마의 정글 과일 나무 (노란색),Drzewo Owocowe z Bezwzględnej Dżungli (Żółte),Дерево з фруктами жорстоких джунглів (Жовте),Meedogenloze Junglefruchtboom (Geel),Haydut Ormanı Meyve Ağacı (Sarı)
L_DEC_CUTTHROATJUNGLEFRUITTREEPINK,,Cutthroat Jungle Fruit Tree (Pink),凶暴なジャングルの果樹（ピンク）,Halsabschneider-Dschungel-Obstbaum (Rosa),Arbre Fruitier de la Jungle Impitoyable (Rose),Árbol Frutal de la Jungla Despiadada (Rosa),Árvore Frutífera da Selva Traiçoeira (Rosa),Фруктовое Дерево Безжалостных Джунглей (Розовое),Albero da Frutto della Giungla Spietata (Rosa),兇殘叢林果樹（粉紅）,绝命丛林果树（粉）,살인마의 정글 과일 나무 (분홍색),Drzewo Owocowe z Bezwzględnej Dżungli (Różowe),Фруктове дерево джунглів головорізів (рожеве),Meedogenloze Junglefruchtboom (Roze),Acımasız Orman Meyve Ağacı (Pembe)
L_DEC_CUTTHROATJUNGLEPEBBLES,,Cutthroat Jungle Pebbles,カットスロート・ジャングル・ペブルズ,Halsabschneider-Dschungel-Kiesel,Galets de la Jungle Impitoyable,Guijarros de la Jungla Despiadada,Seixos da Selva Impiedosa,Галька Безжалостных Джунглей,Ciottoli della Giungla Spietata,殘酷叢林卵石,绝命丛林鹅卵石,살인귀 정글 자갈,Kamienie Bezwzględnej Dżungli,Галька Безжальних Джунглів,Meedogenloze Jungel Kiezels,Acımasız Orman Çakılları
L_DEC_CUTTHROATJUNGLELOG,,Cutthroat Jungle Log,カットスロート・ジャングルの記録,Tagebuch des Halsabschneiderdschungels,Journal de la Jungle Impitoyable,Registro de la Selva Despiadada,Registro da Selva Implacável,Журнал Разбойничьих Джунглей,Diario della Giungla Spietata,殺戮叢林日誌,绝命丛林原木,무자비한 정글 기록,Dziennik Dżungli Bezwzględnych,Журнал Безжального Джунглів,Meedogenloze Jungle Logboek,Haydut Ormanı Günlüğü
L_DEC_CUTTHROATJUNGLELEAVES,,Cutthroat Jungle Leaves,殺伐としたジャングルの葉,Hinterhältige Dschungelblätter,Feuilles de la Jungle Impitoyable,Hojas de la Jungla Despiadada,Folhas da Selva Implacável,Листья Безжалостных Джунглей,Foglie della Giungla Spietata,殘酷叢林葉,绝命丛林树叶,살인귀 정글 나뭇잎,Liście Bezwzględnej Dżungli,Листя Безжального Джунглів,Meedogenloze Junglebladen,Haydut Ormanı Yaprakları
L_DEC_ARACHNIDNESTEGGS,,Arachnid Nest Eggs,クモの巣の卵,Spinnennest-Eier,Œufs de Nid d'Arachnide,Huevos de Nido de Arácnido,Ovos de Ninho de Aracnídeo,Яйца Паучьего Гнезда,Uova del Nido di Aracnide,蜘蛛巢穴卵,蜘蛛巢穴卵,거미류 둥지 알,Jaja z Gniazda Pająków,Яйця Павучого Гнізда,Spinnennestkluiten,Örümcek Yuvası Yumurtaları
L_DEC_ARACHNIDNESTSPIDERLING,,Arachnid Nest Spiderling,アラクニド・ネスト・スパイダーリング,Spinnennest-Spinnling,Araignée du Nid d'Arachnide,Arañuela del Nido Arácnido,Filhote de Aranha do Ninho de Aracnídeos,Паучье Гнездо Паучонок,Piccolo Ragno del Nido di Aracnidi,蜘蛛巢穴幼蛛,蜘蛛巢穴蜘蛛幼虫,거미 둥지 새끼거미,Pajęcze Gniazdo Pajączek,Павучник Павучого Гнізда,Spinnenest Spinnetje,Örümcek Yuvası Yavrusu
L_DEC_ARACHNIDNESTVICTIM,,Arachnid Nest Victim,クモの巣の犠牲者,Opfer des Spinnennests,Victime du Nid d'Arachnide,Víctima del Nido de Arácnidos,Vítima do Ninho de Aracnídeos,Жертва Паучьего Гнезда,Vittima del Nido di Aracnidi,蜘蛛巢穴受害者,蜘蛛巢穴受害者,거미 둥지 희생자,Ofiara Gniazda Pająków,Жертва павучого гнізда,Slachtoffer van Spinnennest,Örümcek Yuvası Kurbanı
L_DEC_ARACHNIDNESTHATCHEDEGGS,,Arachnid Nest Hatched Eggs,クモの巣 孵化した卵,Arachnidennest Geschlüpfte Eier,Nid d'Arachnide Œufs Éclos,Nido de Arácnidos Huevos Eclosionados,Ninho de Aracnídeo Ovos Eclodidos,Гнездо Арахнидов Вылупившиеся Яйца,Nido di Aracnidi Uova Schiuse,蜘蛛巢穴孵化的卵,蜘蛛巢穴孵化的卵,거미 둥지 부화한 알,Gniazdo Pająków Wyklute Jaja,Гніздо Арахніда Вилуплені Яйця,Spinnenest Uitgekomen Eieren,Örümcek Yuvası Çatlamış Yumurtalar
L_DEC_ARACHNIDNESTSLABS,,Arachnid Nest Slabs,アラクニド・ネストの石板,Arachniden-Nest-Platten,Dalles du Nid d'Arachnide,Losas del Nido de Arácnidos,Lajes do Ninho de Aracnídeos,Плиты Паучьего Гнезда,Lastre del Nido di Aracnidi,蜘蛛巢穴石板,蜘蛛巢穴石板,거미 둥지 석판,Płyty Gniazda Pajęczaków,Плити Павучого Гнізда,Spinnennesttabletten,Örümcek Yuvası Taşları
L_DEC_ARACHNIDNESTWEB,,Arachnid Nest Web,クモの巣の網,Spinnennest-Netz,Toile du Nid d'Arachnide,Telaraña del Nido de Arácnidos,Teia do Ninho de Aracnídeo,Паутина Гнезда Арахнидов,Ragnatela del Nido di Aracnidi,蜘蛛巢穴之網,蜘蛛巢穴蛛网,거미 둥지 거미줄,Pajęcza Sieć Gniazda,Павутина Гнізда Арахнідів,Spinnennest Web,Örümcek Yuvası Ağı
L_DEC_ARACHNIDNESTSKELETON,,Arachnid Nest Skeleton,アラクニドの巣の骸骨,Skelett des Spinnennests,Squelette du Nid d'Arachnide,Esqueleto del Nido de Arácnido,Esqueleto do Ninho de Aracnídeo,Скелет Паучьего Гнезда,Scheletro del Nido di Aracnide,蜘蛛巢穴骷髏,蜘蛛巢穴骷髅,거미 둥지 해골,Szkielet Gniazda Pająków,Скелет Павучого Гнізда,Spinnennestskeletten,Örümcek Yuvası İskeleti
L_DEC_ARACHNIDNESTSTALAGMITELARGE,,Arachnid Nest Stalagmite (Large),アラクニド・ネスト・スタラグマイト（大）,Spinnennest-Stalagmit (Groß),Stalagmite de Nid d'Arachnide (Grand),Estalagmita de Nido de Arácnido (Grande),Estalagmite de Ninho de Aracnídeo (Grande),Сталагмит Паучьего Гнезда (Большой),Stalagmite del Nido di Aracnidi (Grande),蜘蛛巢穴石筍（大）,蜘蛛巢穴石笋（大）,거미 둥지 석순 (대형),Stalagmit Pajęczego Gniazda (Duży),Сталагміт Павучого Гнізда (Великий),Spinnenneststalactiet (Groot),Örümcek Yuvası Dikiti (Büyük)
L_DEC_ARACHNIDNESTSTALAGMITE,,Arachnid Nest Stalagmite,クモの巣の石筍,Spinnennest-Stalagmit,Stalagmite du Nid d'Arachnide,Estalagmita del Nido de Arácnidos,Estalagmite do Ninho de Aracnídeos,Сталагмит Паучьего Гнезда,Stalagmite del Nido di Aracnidi,蜘蛛巢穴石筍,蜘蛛巢穴石笋,거미 둥지 석순,Stalagmit Pajęczego Gniazda,Сталагміт Павучого Гнізда,Spinnenneststalactiet,Örümcek Yuvası Dikiti
L_DEC_ARACHNIDNESTSLIME,,Arachnid Nest Slime,アラクニドの巣スライム,Arachnidennest-Schleim,Limon du Nid d'Arachnide,Baba de Nido de Arácnido,Limo do Ninho de Aracnídeo,Гнездо Паукообразных Слизь,Melma del Nido di Aracnidi,蜘蛛巢穴黏液,蜘蛛巢穴史莱姆,거미 둥지 슬라임,Śluz z Gniazda Pająków,Гніздо Павукоподібних Слиз,Spinnennestslijm,Örümcek Yuvası Balçığı
L_DEC_ARACHNIDNESTSPIKES,,Arachnid Nest Spikes,アラクニドの巣の棘,Arachnidennest-Stacheln,Pics du Nid d'Arachnide,Púas de Nido de Arácnido,Espinhos do Ninho de Aracnídeo,Шипы Паучьего Гнезда,Spuntoni del Nido di Aracnidi,蜘蛛巢穴尖刺,蜘蛛巢穴尖刺,거미 둥지 가시,Kolce Gniazda Pająków,Шипи Павучого Гнізда,Arachnidennest Stekels,Örümcek Yuvası Dikenleri
L_DEC_ETERNITY'SENDWARPGATE,,Eternity's End Warpgate,永遠の終焉ワープゲート,Dimensionstor des Ewigen Endes,Portail de Distorsion de la Fin d'Éternité,Portal de Distorsión del Fin de la Eternidad,Portal de Distorção do Fim da Eternidade,Варп-врата Конца Вечности,Portale di Distorsione della Fine dell'Eternità,永恆終結傳送門,永恒尽头传送门,영원의 끝 워프게이트,Wrota Międzywymiarowe Kresu Wieczności,Брама Переходу Кінця Вічності,Warpoort van het Einde der Eeuwigheid,Sonsuzluğun Sonu Işınlanma Kapısı
L_DEC_ETERNITY'SENDRIFT,,Eternity's End Rift,永遠の終焉の裂け目,Riss des Ewigen Endes,Faille de la Fin d'Éternité,Fisura del Fin de la Eternidad,Fenda do Fim da Eternidade,Разлом Конца Вечности,Fenditura della Fine dell'Eternità,永恆終結裂隙,永恒尽头裂隙,영원의 끝 균열,Szczelina Kresu Wieczności,Розлом Кінця Вічності,Scheur van het Einde der Eeuwigheid,Sonsuzluğun Sonu Yarığı
L_DEC_ETERNITY'SENDMOONORB,,Eternity's End Moon Orb,永劫の月の宝珠,Mondkugel des Ewigen Endes,Orbe Lunaire de la Fin d'Éternité,Orbe Lunar del Fin de la Eternidad,Orbe Lunar do Fim da Eternidade,Сфера Луны Конца Вечности,Globo Lunare della Fine dell'Eternità,永恆終結月之寶珠,永恒尽头月亮宝珠,영원의 끝 달의 보주,Kula Księżycowa Kresu Wieczności,Місячна Сфера Кінця Вічності,Maanorb van het Einde der Eeuwigheid,Sonsuzluğun Sonu Ay Küresi
L_DEC_ETERNITY'SENDSUNORB,,Eternity's End Sun Orb,永劫の終焉の太陽宝珠,Sonnenorb des Ewigen Endes,Orbe Solaire de la Fin d'Éternité,Orbe Solar del Fin de la Eternidad,Orbe Solar do Fim da Eternidade,Солнечная Сфера Конца Вечности,Globo Solare della Fine dell'Eternità,永恆終結日之日珠,永恒尽头太阳宝珠,영원의 끝 태양 오브,Kula Słońca Kresu Wieczności,Сонячна Сфера Кінця Вічності,Eeuwigheidseinde Zonnebol,Sonsuzluğun Sonu Güneş Küresi
L_DEC_ETERNITY'SENDARCANEORB,,Eternity's End Arcane Orb,永遠の終焉の魔力球,Arkane Kugel des Ewigen Endes,Orbe Arcanique de la Fin d'Éternité,Orbe Arcano del Fin de la Eternidad,Orbe Arcano do Fim da Eternidade,Чародейская Сфера Конца Вечности,Globo Arcano della Fine dell'Eternità,永恆終結奧術寶珠,永恒尽头奥术宝珠,영원의 끝 비전 구슬,Sfera Tajemna Kresu Wieczności,Чародійна Сфера Кінця Вічності,Eeuwigheidseinde Arcane Bol,Sonsuzluğun Sonu Büyülü Küre
L_DEC_ETERNITY'SENDSPIRE,,Eternity's End Spire,永遠の終焉の尖塔,Turm des Ewigen Endes,Tour de la Fin d'Éternité,Torre del Fin de la Eternidad,Torre do Fim da Eternidade,Шпиль Конца Вечности,Torre della Fine dell'Eternità,永恆終結之尖塔,永恒尽头尖塔,영원의 끝 첨탑,Iglica Kresu Wieczności,Шпиль Кінця Вічності,Toren van het Einde der Eeuwigheid,Sonsuzluğun Sonu Kulesi
L_DEC_ETERNITY'SENDROCKS,,Eternity's End Rocks,永遠の終わりの岩,Felsen des Ewigkeitsendes,Rochers de la Fin d'Éternité,Rocas del Fin de la Eternidad,Rochas do Fim da Eternidade,Скалы Края Вечности,Rocce della Fine dell'Eternità,永恆終結之岩,永恒尽头岩石,영원의 끝 바위,Skały Kresu Wieczności,Скелі Кінця Вічності,Rotsen van het Einde der Eeuwigheid,Sonsuzluğun Sonu Kayaları
L_DEC_ETERNITY'SENDDEBRIS,,Eternity's End Debris,永遠の終焉の残骸,Trümmer des Ewigkeitsendes,Débris de la Fin d'Éternité,Escombros del Fin de la Eternidad,Destroços do Fim da Eternidade,Обломки Конца Вечности,Detriti della Fine dell'Eternità,永恆終結殘骸,永恒尽头残骸,영원의 끝 잔해,Szczątki Kresu Wieczności,Уламки Кінця Вічності,Puin van het Einde der Eeuwigheid,Sonsuzluğun Sonu Enkazı
L_DEC_ETERNITY'SENDMETEOR,,Eternity's End Meteor,永遠の終焉の流星,Meteor des Ewigen Endes,Météore de la Fin d'Éternité,Meteoro del Fin de la Eternidad,Meteoro do Fim da Eternidade,Метеор Конца Вечности,Meteora della Fine dell'Eternità,永恆終結隕石,永恒尽头流星,영원의 끝 운석,Meteor Końca Wieczności,Метеорит Кінця Вічності,Meteoor van het Einde der Eeuwigheid,Sonsuzluğun Sonu Meteor
L_DEC_ETERNITY'SENDCRATER,,Eternity's End Crater,永劫の終焉クレーター,Krater des Ewigen Endes,Cratère de la Fin d'Éternité,Cráter del Fin de la Eternidad,Cratera do Fim da Eternidade,Кратер Конца Вечности,Cratere della Fine dell'Eternità,永恆終結隕坑,永恒尽头陨石坑,영원의 끝 분화구,Krater Kresu Wieczności,Кратер Кінця Вічності,Krater van het Einde der Eeuwigheid,Sonsuzluğun Sonu Krateri
L_DEC_ETERNITY'SENDCRATERLARGE,,Eternity's End Crater (Large),永遠の終焉クレーター（大）,Krater des Ewigen Endes (Groß),Cratère de la Fin d'Éternité (Grand),Cráter del Fin de la Eternidad (Grande),Cratera do Fim da Eternidade (Grande),Кратер Конца Вечности (Большой),Cratere della Fine dell'Eternità (Grande),永恆終結隕坑（大型）,永恒尽头陨石坑（大）,영원의 끝 분화구 (대형),Krater Kresu Wieczności (Duży),Кратер Кінця Вічності (Великий),Krater van het Einde der Eeuwigheid (Groot),Sonsuzluğun Sonu Krateri (Büyük)
L_DEC_DEADSHIPSLARGECHEST,,Dead Ships Large Chest,死せる船 大きな宝箱,Tote Schiffe Große Truhe,Navires Morts Grand Coffre,Barcos Muertos Cofre Grande,Navios Mortos Baú Grande,Сундук Мёртвых Кораблей,Navi Morte Forziere Grande,亡船大寶箱,亡船居所大宝箱,죽은 배들의 큰 상자,Skrzynia Martwych Okrętów,Мертві Кораблі Велика Скриня,Dode Schepen Grote Kist,Ölü Gemiler Büyük Sandık
L_DEC_DEADSHIPSKEY,,Dead Ships Key,死船の鍵,Schlüssel des Totenschiffs,Clé des Navires Morts,Llave de Barcos Muertos,Chave do Navio Morto,Ключ от Мёртвых Кораблей,Chiave delle Navi Morte,亡船鑰匙,亡船居所钥匙,죽은 배의 열쇠,Klucz do Martwych Statków,Ключ від Мертвих Кораблів,Sleutel van Dode Schepen,Ölü Gemiler Anahtarı
L_DEC_DEADSHIPSDUBLOON,,Dead Ships Dubloon,デッドシップス・ダブルーン,Dublone des toten Schiffs,Doublon des Navires Morts,Doblón de Barcos Muertos,Dubloon dos Navios Mortos,Дублон Мёртвых Кораблей,Doblone delle Navi Morte,亡船金幣,亡船居所金币,죽은 배의 더블룬,Dublon Martwych Statków,Дублон Мертвих Кораблів,Dubloen van Dode Schepen,Ölü Gemiler Dublonu
L_DEC_DEADSHIPSMASK,,Dead Ships Mask,死せる船の仮面,Maske der Toten Schiffe,Masque des Navires Morts,Máscara de Naves Muertas,Máscara de Navios Mortos,Маска Мёртвых Кораблей,Maschera delle Navi Morte,亡船面具,亡船居所面具,죽은 배의 가면,Maska Martwych Statków,Маска Мертвих Кораблів,Masker van Dode Schepen,Ölü Gemiler Maskesi
L_DEC_DEADSHIPSSHIPWRECK,,Dead Ships Shipwreck,死せる船の難破船,Schiffswrack der Toten Schiffe,Épave de Navires Morts,Naufragio de Barcos Muertos,Naufrágio de Navios Mortos,Кораблекрушение Мёртвых Кораблей,Relitto di Navi Morte,亡船沉船處,亡船居所沉船,죽은 배들의 난파선,Wrak Martwych Statków,Корабельна аварія мертвих кораблів,Scheepswrak van Dode Schepen,Ölü Gemiler Enkazı
L_DEC_DEADSHIPSCORALREEFLARGE,,Dead Ships Coral Reef (Large),死せる船のサンゴ礁（大）,Korallenriff der toten Schiffe (Groß),Récif de Corail des Navires Morts (Grand),Arrecife de Coral de Barcos Muertos (Grande),Recife de Coral dos Navios Mortos (Grande),Коралловый риф мёртвых кораблей (большой),Barriera Corallina delle Navi Morte (Grande),亡船珊瑚礁（大型）,亡船居所珊瑚礁（大）,죽은 배들의 산호초 (대형),Rafa Koralowa Martwych Statków (Duża),Кораловий риф мертвих кораблів (великий),Koraalrif van Dode Schepen (Groot),Ölü Gemiler Mercan Resifi (Büyük)
L_DEC_DEADSHIPSAIRBUBBLES,,Dead Ships Air Bubbles,死せる船 空気の泡,Tote Schiffe Luftblasen,Navires Morts Bulles d'Air,Barcos Muertos Burbujas de Aire,Navios Mortos Bolhas de Ar,Мертвые Корабли Воздушные Пузыри,Navi Morte Bolle d'Aria,亡船氣泡,亡船居所气泡,죽은 배 공기 방울,Martwe Statki Bąble Powietrza,Мертві Кораблі Повітряні Бульбашки,Dode Schepen Luchtbellen,Ölü Gemiler Hava Kabarcıkları
L_DEC_DEADSHIPSCONCH,,Dead Ships Conch,死せる船の法螺貝,Muschel der toten Schiffe,Conque des Navires Morts,Caracola de Barcos Muertos,Concha de Navios Mortos,Раковина Мёртвых Кораблей,Conchiglia delle Navi Morte,亡船海螺,亡船居所海螺,죽은 배의 소라,Koncha Martwych Statków,Мушля Мертвих Кораблів,Schelp van Dode Schepen,Ölü Gemiler Kabuğu
L_DEC_DEADSHIPSSHELL,,Dead Ships Shell,死せる船の殻,Tote Schiffshülle,Coquille de Navires Morts,Caparazón de Naves Muertas,Casco de Navios Mortos,Панцирь Мёртвых Кораблей,Guscio di Navi Morte,亡船之殼,亡船居所贝壳,죽은 배의 껍데기,Skorupa Martwych Statków,Оболонка Мертвих Кораблів,Dode Schepen Schil,Ölü Gemilerin Kabuğu
L_DEC_DEADSHIPSJELLYFISH,,Dead Ships Jellyfish,デッドシップクラゲ,Tote Schiffe Quallen,Méduses des Navires Morts,Medusas de Barcos Muertos,Água-viva de Navios Mortos,Медузы Мёртвых Кораблей,Meduse delle Navi Morte,亡船水母,亡船居所水母,죽은 배 해파리,Meduzy Martwych Statków,Медузи Мертвих Кораблів,Dode Schepen Kwal,Ölü Gemiler Denizanası
L_DEC_DEADSHIPSANCHOR,,Dead Ships Anchor,死せる船の錨,Anker der toten Schiffe,Ancre des Navires Morts,Ancla de Barcos Muertos,Âncora de Navios Mortos,Якорь Мёртвых Кораблей,Ancora delle Navi Morte,亡船之錨,亡船居所船锚,죽은 배의 닻,Kotwica Martwych Statków,Якір Мертвих Кораблів,Anker van Dode Schepen,Ölü Gemilerin Çapası
L_DEC_DEADSHIPSSEASHELLS,,Dead Ships Seashells,死せる船の貝殻,Tote Schiffe Muscheln,Coquillages des Navires Morts,Conchas de Barcos Muertos,Conchas de Navios Mortos,Ракушки Мёртвых Кораблей,Conchiglie di Navi Morte,亡船貝殼,亡船居所海贝,죽은 배의 조개껍질,Muszle Martwych Statków,Мушлі Мертвих Кораблів,Dode Schepen Zeeschelpen,Ölü Gemilerin Deniz Kabukları
L_DEC_DEADSHIPSTINYSHELLS1,,Dead Ships Tiny Shells (1),死せる船と小さな貝殻 (1),Tote Schiffe Winzige Muscheln (1),Navires Morts Petits Coquillages (1),Barcos Muertos Conchas Diminutas (1),Navios Mortos Pequenas Conchas (1),Мертвые Корабли Крошечные Ракушки (1),Navi Morte Piccole Conchiglie (1),亡船微貝 (1),亡船居所小贝壳（1）,죽은 배들의 작은 조개껍질 (1),Martwe Statki Małe Muszle (1),Мертві Кораблі Крихітні Мушлі (1),Dode Schepen Kleine Schelpen (1),Ölü Gemiler Minik Kabuklar (1)
L_DEC_DEADSHIPSTINYSHELLS2,,Dead Ships Tiny Shells (2),死せる船と小さな貝殻 (2),Tote Schiffe Winzige Muscheln (2),Navires Morts Petits Coquillages (2),Barcos Muertos Conchas Pequeñas (2),Navios Mortos Pequenas Conchas (2),Мертвые Корабли Крошечные Ракушки (2),Navi Morte Piccole Conchiglie (2),亡船微貝 (2),亡船居所小贝壳（2）,죽은 배들의 작은 조개껍질 (2),Martwe Statki Małe Muszle (2),Мертві Кораблі Крихітні Мушлі (2),Dode Schepen Kleine Schelpen (2),Ölü Gemiler Minik Kabuklar (2)
L_DEC_DEADSHIPSSEAWEEDSMALL,,Dead Ships Seaweed (Small),死船の海藻（小）,Seetang von Totenschiffen (Klein),Algues de Navires Morts (Petit),Alga de Barcos Muertos (Pequeña),Alga de Navios Mortos (Pequena),Морские водоросли с мёртвых кораблей (Малые),Alghe di Navi Morte (Piccole),亡船海藻（小）,亡船居所海藻（小）,죽은 배의 해초 (소형),Wodorosty z Martwych Statków (Małe),Водорості з Мертвих Кораблів (Малі),Zeewier van Dode Schepen (Klein),Ölü Gemiler Yosunu (Küçük)
L_DEC_DEADSHIPSSEAWEEDLARGE,,Dead Ships Seaweed (Large),死船の海藻（大）,Seetang von Totenschiffen (Groß),Algues de Navires Morts (Grande),Algas de Barcos Muertos (Grande),Algas de Navios Mortos (Grande),Морские водоросли с мёртвых кораблей (большие),Alghe di Navi Morte (Grande),亡船海藻（大）,亡船居所海藻（大）,죽은 배의 해초 (대형),Wodorosty z Martwych Statków (Duże),Водорості з Мертвих Кораблів (Великі),Zeewier van Dode Schepen (Groot),Ölü Gemiler Yosunu (Büyük)
L_DEC_DEADSHIPSSTATUEHALF,,Dead Ships Statue (Half),死せる船の像（半分）,Tote-Schiffe-Statue (Halb),Statue de Navires Morts (Moitié),Estatua de Barcos Muertos (Mitad),Estátua de Navios Mortos (Metade),Статуя Мёртвых Кораблей (Половина),Statua di Navi Morte (Metà),亡船雕像（半身）,亡船居所雕像（半身）,죽은 배 석상 (반쪽),Posąg Martwych Statków (Połowa),Статуя Мертвих Кораблів (Половина),Standbeeld van Dode Schepen (Half),Ölü Gemiler Heykeli (Yarım)
L_DEC_DEADSHIPSSTATUE,,Dead Ships Statue,死せる船の像,Statue des Toten Schiffs,Statue de Navires Morts,Estatua de Barcos Muertos,Estátua de Navios Mortos,Статуя Мёртвых Кораблей,Statua delle Navi Morte,亡船雕像,亡船居所雕像,죽은 배의 석상,Posąg Martwych Statków,Статуя Мертвих Кораблів,Standbeeld van Dode Schepen,Ölü Gemiler Heykeli
L_DEC_DEADSHIPSCORALREEFSMALL,,Dead Ships Coral Reef (Small),死せる船のサンゴ礁（小）,Korallenriff der toten Schiffe (Klein),Récif de Corail des Navires Morts (Petit),Arrecife de Coral de Barcos Muertos (Pequeño),Recife de Coral de Navios Mortos (Pequeno),Коралловый риф мертвых кораблей (малый),Barriera Corallina delle Navi Morte (Piccola),亡船珊瑚礁（小）,亡船居所珊瑚礁（小）,죽은 배들의 산호초 (소형),Rafa Koralowa Martwych Statków (Mała),Кораловий риф мертвих кораблів (малий),Koraalrif van Dode Schepen (Klein),Ölü Gemiler Mercan Resifi (Küçük)
L_DEC_DEADSHIPSCORALREEFMEDIUM,,Dead Ships Coral Reef (Medium),死せる船のサンゴ礁（中級）,Korallenriff der toten Schiffe (Mittel),Récif de Corail des Navires Morts (Moyen),Arrecife de Coral de Barcos Muertos (Medio),Recife de Coral dos Navios Mortos (Médio),Коралловый Риф Мёртвых Кораблей (Средний),Barriera Corallina delle Navi Morte (Media),亡船珊瑚礁（中等）,亡船居所珊瑚礁（中）,죽은 배들의 산호초 (중간),Rafa Koralowa Martwych Statków (Średnia),Кораловий риф мертвих кораблів (Середній),Koraalrif van Dode Schepen (Gemiddeld),Ölü Gemiler Mercan Resifi (Orta)
L_DEC_DEADSHIPSSTARFISH,,Dead Ships Starfish,デッドシップの海星,Seestern der toten Schiffe,Étoile de Mer des Vaisseaux Morts,Estrellas de Mar de Barcos Muertos,Estrela-do-mar de Navios Mortos,Морская звезда мёртвых кораблей,Stelle Marine delle Navi Morte,亡船海星,亡船居所海星,죽은 함선 불가사리,Rozgwiazda Martwych Statków,Морська зірка мертвих кораблів,Dode Schepen Zeester,Ölü Gemiler Denizyıldızı
L_DEC_HERETICSBLOODSTAIN,,Heretics Bloodstain,異端者の血痕,Ketzerblutfleck,Tache de Sang des Hérétiques,Mancha de Sangre de Herejes,Mancha de Sangue dos Hereges,Кровавое Пятно Еретиков,Macchia di Sangue degli Eretici,異教徒血跡,异教血迹,이단자의 핏자국,Krwawe Piętno Heretyków,Кривава Пляма Єретиків,Ketters Bloedvlek,Sapkınların Kan Lekesi
L_DEC_HERETICSBOOKSHELF,,Heretics Bookshelf,異端者の本棚,Ketzerbücherregal,Bibliothèque des Hérétiques,Estantería de Herejes,Estante dos Hereges,Книжная полка еретиков,Scaffale degli Eretici,異教徒的書架,异教书架,이단자의 책장,Księgozbiór Heretyków,Книжкова полиця єретиків,Ketters Boekenplank,Sapkınların Kitaplığı
L_DEC_HERETICSPOTIONSHELF,,Heretics Potion Shelf,異端者の薬棚,Ketzerregal für Tränke,Étagère à Potions des Hérétiques,Estante de Pociones de Herejes,Prateleira de Poções dos Hereges,Полка с зельями еретиков,Scaffale di Pozioni degli Eretici,異教徒藥水架,异教药水架,이단자의 물약 선반,Półka na Mikstury Heretyków,Полиця зілля єретиків,Ketzers Drankjesplank,Sapkınların İksir Rafı
L_DEC_HERETICSFLOWERS,,Heretics Flowers,異端の花,Ketzerblumen,Fleurs d'Hérétiques,Flores Heréticas,Flores Heréticas,Цветы Еретиков,Fiori Eretici,異教徒之花,异教花,이단자의 꽃,Kwiaty Heretyków,Квіти Єретиків,Ketterse Bloemen,Sapkınların Çiçekleri
L_DEC_HERETICSSTATUE,,Heretics Statue,異端者の像,Ketzerdenkmal,Statue d'Hérétiques,Estatua de Herejes,Estátua dos Hereges,Статуя Еретиков,Statua degli Eretici,異教徒雕像,异教雕像,이단자의 석상,Posąg Heretyków,Статуя Єретиків,Ketters Standbeeld,Sapkınlar Heykeli
L_DEC_HERETICSBARREL,,Heretics Barrel,異端者の樽,Ketzerkanone,Tonneau des Hérétiques,Barril de Herejes,Barril dos Hereges,Бочка Еретиков,Barile degli Eretici,異教徒之桶,异教桶,이단자의 통,Beczka Heretyków,Бочка єретиків,Ketterstonnetje,Sapkınlar Fıçısı
L_DEC_HERETICSFLOWERSSMALL,,Heretics Flowers (Small),異端者の花（小）,Ketzerblumen (Klein),Fleurs d'Hérétiques (Petit),Flores de Herejes (Pequeñas),Flores Heréticas (Pequenas),Цветы Еретиков (Малые),Fiori degli Eretici (Piccoli),異教徒之花（小）,异教花（小）,이단자의 꽃 (소형),Kwiaty Heretyków (Małe),Квіти Єретиків (Малі),Ketters Bloemen (Klein),Sapkınların Çiçekleri (Küçük)
L_DEC_HERETICSCANDLE,,Heretics Candle,異端者の蝋燭,Ketzerkerze,Chandelle des Hérétiques,Vela de Herejes,Vela dos Hereges,Свеча Еретика,Candela degli Eretici,異教徒蠟燭,异教蜡烛,이단자의 촛불,Świeca Heretyka,Свічка Єретика,Ketters Kaars,Sapkınların Mumu
L_DEC_HERETICSPILLAR,,Heretics Pillar,異端者の柱,Ketzersäule,Pilier des Hérétiques,Pilar de Herejes,Pilar dos Hereges,Столп Еретиков,Pilastro degli Eretici,異教徒之柱,异教柱子,이단자의 기둥,Filar Heretyków,Стовп Єретиків,Ketters Pilaar,Sapkınlar Sütunu
L_DEC_HERETICSPILLARSMALL,,Heretics Pillar (Small),異端者の柱（小）,Ketzersäule (Klein),Pilier des Hérétiques (Petit),Pilar de Herejes (Pequeño),Pilar dos Hereges (Pequeno),Столп Еретиков (Малый),Pilastro degli Eretici (Piccolo),異教徒石柱（小）,异教柱子（小）,이단자의 기둥 (소형),Filar Heretyków (Mały),Стовп Єретиків (Малий),Ketters Pilaar (Klein),Sapkınlar Sütunu (Küçük)
L_DEC_HERETICSTABLE,,Heretics Table,異端者の卓,Ketzertisch,Table des Hérétiques,Mesa de Herejes,Mesa dos Hereges,Стол Еретиков,Tavolo degli Eretici,異教徒之桌,异教桌子,이단자의 탁자,Stół Heretyków,Стіл Єретиків,Kettertafel,Sapkınlar Masası
L_DEC_HERETICSARMAMENTS,,Heretics Armaments,異端者の武具,Ketzerische Rüstungen,Armements des Hérétiques,Armamentos Heréticos,Armamentos Heréticos,Оружие Еретиков,Armamenti degli Eretici,異教徒武裝,异教军备,이단자의 무기,Oręż Heretyków,Зброя Єретиків,Ketterse Wapenrusting,Sapkınların Silahları
L_DEC_HERETICSGIANTSKULL,,Heretics Giant Skull,異端者の巨大な頭蓋骨,Riesenschädel der Ketzer,Crâne Géant d'Hérétique,Cráneo Gigante de Herejes,Crânio Gigante de Hereges,Гигантский Череп Еретиков,Teschio Gigante degli Eretici,異教徒巨顱,异教巨型头骨,이단자의 거대한 두개골,Gigantyczna Czaszka Heretyków,Гігантський Череп Єретиків,Reuzenschedel van Ketters,Dev Kafatası
L_DEC_HERETICSCHAIR,,Heretics Chair,異端者の椅子,Ketzerstuhl,Chaise des Hérétiques,Silla de Herejes,Cadeira dos Hereges,Кресло Еретика,Sedia degli Eretici,異教徒之椅,异教椅子,이단자의 의자,Krzesło Heretyka,Крісло Єретика,Ketterszetel,Sapkınlar Sandalyesi
L_DEC_HERETICSCARPET,,Heretics Carpet,異端者の絨毯,Ketzerteppich,Tapis des Hérétiques,Alfombra de Herejes,Tapete dos Hereges,Ковёр Еретиков,Tappeto degli Eretici,異教徒地毯,异教地毯,이단자의 양탄자,Dywan Heretyków,Килим Єретиків,Ketters Tapijt,Sapkınlar Halısı
L_DEC_CUSTOMIZABLECREATURE,,Customizable Creature,カスタマイズ可能なクリーチャー,Anpassbare Kreatur,Créature personnalisable,Criatura Personalizable,Criatura Personalizável,Настраиваемое существо,Creatura Personalizzabile,可自訂生物,自定义生物,커스터마이징 가능한 생물,Konfigurowalne Stworzenie,Налаштовувана істота,Aanpasbaar Wezen,Özelleştirilebilir Yaratık
L_DEC_TOMEOFCREDITS,,Tome of Credits,クレジットの書,Buch der Mitwirkenden,Tome des Crédits,Tomo de Créditos,Tomo de Créditos,Том Заслуг,Tomo dei Crediti,功勳之書,功勋之书,크레딧의 서,Księga Zasług,Том Подяк,Boek van Eer,Jenerik Kitabı
L_DEC_ALTAROFBALANCE,,Altar of Balance,均衡の祭壇,Altar des Gleichgewichts,Autel de l'Équilibre,Altar del Equilibrio,Altar do Equilíbrio,Алтарь Равновесия,Altare dell'Equilibrio,平衡祭壇,平衡祭坛,균형의 제단,Ołtarz Równowagi,Вівтар Рівноваги,Altaar van Evenwicht,Denge Sunağı
L_DEC_ANCHOROFTHECOSMOS,,Anchor of the Cosmos,宇宙の錨,Anker des Kosmos,Ancre du Cosmos,Ancla del Cosmos,Âncora do Cosmos,Якорь Космоса,Ancora del Cosmo,宇宙之錨,宇宙之锚,우주의 닻,Kotwica Kosmosu,Якір Космосу,Anker van de Kosmos,Kozmosun Çapası
L_DEC_HIGH-TECHSETUP,,High-Tech Setup,ハイテクセットアップ,High-Tech-Ausrüstung,Installation High-Tech,Configuración de Alta Tecnología,Configuração de Alta Tecnologia,Высокотехнологичная установка,Configurazione High-Tech,高科技設置,高科技装置,첨단 기술 설비,Zaawansowana Konfiguracja,Високотехнологічне Спорядження,High-Tech Opstelling,Yüksek Teknoloji Kurulumu
L_DEC_ORBOFALSARASARA,,Orb of Alsarasara,オーブ・オブ・アルサラサラ,Kugel von Alsarasara,Orbe d'Alsarasara,Orbe de Alsarasara,Orbe de Alsarasara,Сфера Альсарасары,Sfera di Alsarasara,阿爾薩拉薩拉寶珠,阿尔萨拉萨拉宝珠,알사라사라의 오브,Kula Alsarasary,Сфера Альсарасари,Bol van Alsarasara,Alsarasara Küresi
L_DEC_BELOW-AVERAGEPAINTING,,Below-Average Painting,平凡な絵画,Unterdurchschnittliches Gemälde,Peinture Médiocre,Pintura Mediocre,Pintura Medíocre,Посредственная Картина,Dipinto Mediocre,平庸的畫作,低于平均水平的画作,평범한 그림,Przeciętny Obraz,Посередня Картина,Ondermatig Schilderij,Vasat Tablo
L_DEC_ROGUE,,Rogue,ローグ,Schurke,Voleur,Pícaro,Ladino,Разбойник,Ladro,盜賊,盗贼,도적,Łotrzyk,Розбійник,Schurk,Haydut
L_DEC_J.TENTT,,J. Tentt,J. テント,J. Tentt,J. Tentt,J. Tentt,J. Tentt,Дж. Тентт,J. Tentt,J. Tentt,J.坦特,J. Tentt,J. Tentt,Дж. Тентт,J. Tentt,J. Tentt
L_DEC_JUJU,,Juju,ジュジュ,Juju,Juju,Juju,Juju,Джуджу,Juju,巫毒,护符,주주,Juju,Джуджу,Juju,Juju
L_DEC_THEFIREBRANDINRED,,The Firebrand in Red,赤き炎の剣,Der Feuerbringer in Rot,Le Flambeau en Rouge,La Marca de Fuego Roja,A Marca de Fogo Vermelha,Огненный Клинок в Красном,La Fiamma Rossa,赤紅烈焰劍,红衣火焰使,붉은 화염검,Ognisty Miecz w Czerwieni,Вогняний Клинок у Червоному,De Vuurdrager in Rood,Kızıl Ateş Mührü
L_DEC_HIGGLES,,Higgles,ヒグルス,Higgles,Higgles,Higgles,Higgles,Хигглс,Higgles,希格爾斯,希格尔斯,히글스,Higgles,Хіґґлз,Higgels,Higgles
L_DEC_RAINBOWLIGHTPILLAR,,Rainbow Light Pillar,虹色の光柱,Regenbogen-Lichtsäule,Pilier de Lumière Arc-en-ciel,Pilar de Luz Arcoíris,Pilar de Luz do Arco-Íris,Радужный Световой Столп,Pilastro di Luce Arcobaleno,彩虹光柱,彩虹光柱,무지개 빛 기둥,Tęczowy Filar Światła,Веселковий Світловий Стовп,Regenboog Lichtpilaar,Gökkuşağı Işık Sütunu
L_DEC_BLOOD,,Blood,血,Blut,Sang,Sangre,Sangue,Кровь,Sangue,血液,血,피,Krew,Кров,Bloed,Kan
L_DEC_LAVA,,Lava,溶岩,Lava,Lave,Lava,Lava,Лава,Lava,熔岩,熔岩,용암,Lawa,Лава,Lava,Lav
L_DEC_POISON,,Poison,毒,Gift,Poison,Veneno,Veneno,Яд,Veleno,毒,毒,독,Trucizna,Отрута,Vergif,Zehir
L_DEC_VOIDFLUID,,Void Fluid,虚無の液体,Leere-Flüssigkeit,Fluide du Néant,Fluido del Vacío,Fluido do Vazio,Пустотная Жидкость,Fluido del Vuoto,虛空液體,虚空液体,공허의 액체,Płyn Pustki,Порожнеча,Leegtevloeistof,Boşluk Sıvısı
L_DEC_WATER,,Water,水,Wasser,Eau,Agua,Água,Вода,Acqua,水,水,물,Woda,Вода,Water,Su
L_DEC_MARBLETILEBLACK,,Marble Tile (Black),大理石タイル（黒）,Marmorfliese (Schwarz),Dalle de Marbre (Noir),Baldosa de Mármol (Negro),Ladrilho de Mármore (Preto),Мраморная плитка (Чёрная),Piastrella di Marmo (Nero),大理石地磚（黑色）,大理石地砖（黑）,대리석 타일 (검정),Marmurowa Płytka (Czarna),Мармурова плитка (чорна),Marmeren Tegel (Zwart),Mermer Karo (Siyah)
L_DEC_MARBLETILEWHITE,,Marble Tile (White),大理石タイル（白）,Marmorfliese (Weiß),Dalle de Marbre (Blanc),Baldosa de Mármol (Blanca),Ladrilho de Mármore (Branco),Мраморная плитка (белая),Piastrella di Marmo (Bianco),大理石地磚（白色）,大理石地砖（白）,대리석 타일 (흰색),Marmurowa Płytka (Biała),Мармурова плитка (біла),Marmeren Tegel (Wit),Mermer Karo (Beyaz)
L_DEC_CHECKERBOARDTILE,,Checkerboard Tile,チェッカーボードタイル,Schachbrettfliese,Dalle en damier,Baldosa de Ajedrez,Ladrilho Quadriculado,Клетчатая плитка,Piastrella a Scacchiera,棋盤格地磚,棋盘格地砖,체크무늬 타일,Kafelka w Szachownicę,Клітчаста плитка,Schaakbordtegel,Dama Tahtası Döşemesi
L_DEC_SOLIDICE,,Solid Ice,堅氷,Festes Eis,Glace Solide,Hielo Sólido,Gelo Sólido,Твёрдый Лёд,Ghiaccio Solido,堅冰,坚冰,단단한 얼음,Lity Lód,Міцний лід,Massief IJs,Katı Buz
L_DEC_RAINBOWCARPETH,,Rainbow Carpet (H),レインボーカーペット(H),Regenbogenteppich (H),Tapis Arc-en-ciel (H),Alfombra Arcoíris (H),Tapete Arco-íris (H),Радужный ковёр (Г),Tappeto Arcobaleno (H),彩虹地毯 (H),彩虹地毯（横向）,무지개 카펫 (H),Tęczowy Dywan (H),Райдужний килим (Г),Regenboogtapijt (H),Gökkuşağı Halı (H)
L_DEC_RAINBOWCARPETV,,Rainbow Carpet (V),レインボーカーペット (V),Regenbogenteppich (V),Tapis Arc-en-ciel (V),Alfombra Arcoíris (V),Tapete Arco-íris (V),Радужный ковёр (V),Tappeto Arcobaleno (V),彩虹地毯 (V),彩虹地毯（纵向）,무지개 카펫 (V),Tęczowy Dywan (V),Райдужний Килим (V),Regenboogtapijt (V),Gökkuşağı Halısı (V)
L_DEC_SKULLS,,Skulls,スカル,Schädel,Crânes,Calaveras,Crânios,Черепа,Teschi,骷髏,骷髅,해골,Czaszki,Черепи,Schedels,Kafatasları
L_DEC_CLOCKWORK,,Clockwork,クロックワーク,Uhrwerk,Mécanique,Mecanismo de relojería,Mecanismo,Часовой механизм,Meccanismo,發條機關,发条机械,태엽장치,Mechanizm zegarowy,Механізм,Raderwerk,Saat Mekanizması
L_DEC_COBBLESTONE,,Cobblestone,丸石,Kopfsteinpflaster,Pavé,Adoquín,Pedra de Calçada,Булыжник,Ciottolo,鵝卵石,鹅卵石,자갈돌,Bruk,Бруківка,Keisteen,Kaldırım Taşı
L_DEC_FLOWERBED,,Flowerbed,花壇,Blumenbeet,Parterre de fleurs,Parterre,Canteiro de flores,Клумба,Aiuola,花圃,花圃,꽃밭,Grządka kwiatowa,Клумба,Bloemperk,Çiçek Tarhı
L_DEC_HIVE,,Hive,ハイブ,Schwarm,Ruche,Colmena,Colmeia,Улей,Alveare,蜂巢,蜂巢,군락,Ul,Вулик,Bijenkorf,Kovan
L_DEC_OBSIDIAN,,Obsidian,黒曜石,Obsidian,Obsidienne,Obsidiana,Obsidiana,Обсидиан,Ossidiana,黑曜石,黑曜石,흑요석,Obsydian,Обсидіан,Obsidiaan,Obsidyen
L_DEC_BURNINGCOALS,,Burning Coals,燃える炭,Glühende Kohlen,Braises Ardentes,Brasas Ardientes,Brasas Ardentes,Горящие Угли,Carboni Ardenti,燃燒的煤炭,燃烧煤炭,타오르는 숯불,Płonące Węgle,Палаюче Вугілля,Brandende Kolen,Yanan Közler
L_DEC_CHAOSGUILD,,Chaos Guild,カオスギルド,Chaos-Gilde,Guilde du Chaos,Gremio del Caos,Guilda do Caos,Гильдия Хаоса,Gilda del Caos,混沌公會,混沌公会,혼돈 길드,Gildia Chaosu,Гільдія Хаосу,Chaos Gilde,Kaos Loncası
L_DEC_DEATHGUILD,,Death Guild,デスギルド,Todesgilde,Guilde de la Mort,Gremio de la Muerte,Guilda da Morte,Гильдия Смерти,Gilda della Morte,死亡公會,死亡公会,죽음의 길드,Gildia Śmierci,Гільдія Смерті,Doodsgilde,Ölüm Loncası
L_DEC_LIFEGUILD,,Life Guild,生命ギルド,Lebensgilde,Guilde de la Vie,Gremio de la Vida,Guilda da Vida,Гильдия Жизни,Gilda della Vita,生命公會,生命公会,생명 길드,Gildia Życia,Гільдія Життя,Levensgilde,Yaşam Loncası
L_DEC_NATUREGUILD,,Nature Guild,自然ギルド,Naturgilden,Guilde de la Nature,Gremio de la Naturaleza,Guilda da Natureza,Гильдия Природы,Gilda della Natura,自然公會,自然公会,자연 길드,Gildia Natury,Гільдія Природи,Natuurgilde,Doğa Loncası
L_DEC_SORCERYGUILD,,Sorcery Guild,魔術師ギルド,Magiergilde,Guilde de Sorcellerie,Gremio de Hechicería,Guilda de Feitiçaria,Гильдия Чародейства,Gilda dei Maghi,巫術公會,巫术公会,마법사 길드,Gildia Magów,Гільдія Чаклунства,Magiërsgilde,Büyücülük Loncası
L_DEC_BEDOFDARKNESS,,Bed of Darkness,闇の寝床,Bett der Dunkelheit,Lit des Ténèbres,Lecho de Oscuridad,Leito das Trevas,Ложе Тьмы,Letto dell'Oscurità,黑暗之床,黑暗之床,어둠의 침상,Łoże Ciemności,Ложе Темряви,Bed van Duisternis,Karanlık Yatak
L_DEC_COMFORTABLEBED,,Comfortable Bed,快適なベッド,Bequemes Bett,Lit Confortable,Cama Cómoda,Cama Confortável,Удобная кровать,Letto Comodo,舒適的床,舒适的床,편안한 침대,Wygodne Łóżko,Зручне ліжко,Comfortabel Bed,Rahat Yatak
L_DEC_ROYALBED,,Royal Bed,王室のベッド,Königliches Bett,Lit Royal,Cama Real,Cama Real,Королевская кровать,Letto Reale,皇家床鋪,皇家床,왕실 침대,Królewskie Łoże,Королівське ліжко,Koninklijk Bed,Kraliyet Yatağı
L_DEC_STANDARDBED,,Standard Bed,標準ベッド,Standardbett,Lit Standard,Cama Estándar,Cama Padrão,Обычная кровать,Letto Standard,標準床,标准床,일반 침대,Standardowe Łóżko,Звичайне ліжко,Standaard Bed,Standart Yatak
L_DEC_STANDARDBEDSMALL,,Standard Bed (Small),標準ベッド（小）,Standardbett (Klein),Lit Standard (Petit),Cama Estándar (Pequeña),Cama Padrão (Pequena),Стандартная кровать (маленькая),Letto Standard (Piccolo),標準床（小）,标准床（小）,일반 침대 (소형),Standardowe Łóżko (Małe),Стандартне ліжко (мале),Standaard Bed (Klein),Standart Yatak (Küçük)
L_DEC_DREAMTIMEBED,,Dreamtime Bed,夢時間ベッド,Traumzeit-Bett,Lit des Rêves,Cama de Ensueño,Cama dos Sonhos,Кровать Сновидений,Letto dei Sogni,夢境之床,梦境之床,꿈결 침대,Łoże Czasu Snów,Ліжко Сновидінь,Droomtijdbed,Düşzamanı Yatağı
L_DEC_POLARFOUNTAIN,,Polar Fountain,ポーラーファウンテン,Polarbrunnen,Fontaine Polaire,Fuente Polar,Fonte Polar,Полярный Фонтан,Fontana Polare,極地噴泉,极地喷泉,극지 분수,Polarna Fontanna,Полярний фонтан,Poolbron,Kutup Çeşmesi
L_DEC_ANCIENTFOUNTAIN,,Ancient Fountain,古代の泉,Uralter Brunnen,Fontaine Ancienne,Fuente Antigua,Fonte Antiga,Древний Фонтан,Fontana Antica,古老噴泉,远古喷泉,고대의 분수,Starożytna Fontanna,Древнє Джерело,Oude Fontein,Kadim Çeşme
L_DEC_BLOODFOUNTAIN,,Blood Fountain,血の泉,Blutbrunnen,Fontaine de Sang,Fuente de Sangre,Fonte de Sangue,Кровавый Фонтан,Fontana di Sangue,血泉,血喷泉,피의 분수,Fontanna Krwi,Кривавий Фонтан,Bloedfontein,Kan Çeşmesi
L_DEC_POISONFOUNTAIN,,Poison Fountain,毒の泉,Giftbrunnen,Fontaine Empoisonnée,Fuente Venenosa,Fonte Venenosa,Ядовитый Фонтан,Fontana Avvelenata,毒泉,毒喷泉,독 분수,Zatruta Fontanna,Отруйний фонтан,Gifbron,Zehir Çeşmesi
L_DEC_LAVAFOUNTAIN,,Lava Fountain,溶岩の噴水,Lavafontäne,Fontaine de Lave,Fuente de Lava,Fonte de Lava,Лавовый Фонтан,Fontana di Lava,熔岩噴泉,熔岩喷泉,용암 분수,Fontanna Lawy,Фонтан лави,Lavafontein,Lav Çeşmesi
L_DEC_JEWELEDMIRROR,,Jeweled Mirror,宝石の鏡,Juwelenbesetzter Spiegel,Miroir Orné,Espejo Enjoyado,Espelho Adornado,Драгоценное Зеркало,Specchio Gemmato,寶鏡,宝石镜,보석 거울,Klejnotowe Zwierciadło,Коштовне Дзеркало,Juwelen Spiegel,Mücevherli Ayna
L_DEC_ROYALMIRROR,,Royal Mirror,王家の鏡,Königlicher Spiegel,Miroir Royal,Espejo Real,Espelho Real,Королевское Зеркало,Specchio Reale,皇家之鏡,皇家镜,왕실의 거울,Królewskie Zwierciadło,Королівське Дзеркало,Koninklijke Spiegel,Kraliyet Aynası
L_DEC_VOIDMIRROR,,Void Mirror,虚無の鏡,Leerer Spiegel,Miroir du Néant,Espejo del Vacío,Espelho do Vazio,Зеркало Пустоты,Specchio del Vuoto,虛空之鏡,虚空之镜,공허의 거울,Lustro Pustki,Дзеркало Порожнечі,Leegtespiegel,Boşluk Aynası
L_DEC_ILLUSORYMIRROR,,Illusory Mirror,幻影の鏡,Illusorischer Spiegel,Miroir Illusoire,Espejo Ilusorio,Espelho Ilusório,Иллюзорное Зеркало,Specchio Illusorio,幻影之鏡,幻影之镜,환영의 거울,Iluzoryczne Zwierciadło,Ілюзорне Дзеркало,Illusoire Spiegel,Yanıltıcı Ayna
L_DEC_GIANTPANDEMONIUMSTATUE,,Giant Pandemonium Statue,巨大混沌の像,Gigantische Pandemonium-Statue,Statue de Pandémonium Géante,Estatua Gigante del Pandemonio,Estátua Gigante do Pandemônio,Статуя Гигантского Хаоса,Statua del Pandemonium Gigante,巨型混沌雕像,巨型混乱雕像,거대한 혼돈의 석상,Gigantyczny Posąg Pandemonium,Гігантська Статуя Пандемоніуму,Reusachtig Pandemoniumbeeld,Dev Kargaşa Heykeli
L_DEC_REPLICAORBOFCHAOS,,Replica Orb of Chaos,混沌のレプリカオーブ,Replikat-Kugel des Chaos,Orbe du Chaos Réplique,Orbe de Caos Réplica,Orbe Réplica do Caos,Копия Сферы Хаоса,Sfera del Caos Replica,混沌複製寶珠,混沌宝珠复制品,혼돈의 복제 오브,Replika Kuli Chaosu,Репліка Сфери Хаосу,Replica Orb van Chaos,Kaos Küresinin Kopyası
L_DEC_REPLICAORBOFDEATH,,Replica Orb of Death,死の複製オーブ,Replikat-Kugel des Todes,Orbe de Mort Réplique,Orbe Réplica de la Muerte,Orbe Réplica da Morte,Копия Сферы Смерти,Sfera della Morte Replica,死亡複製寶珠,死亡宝珠复制品,모조 죽음의 오브,Replika Kuli Śmierci,Репліка Сфери Смерті,Replica Doodsbol,Ölüm Küresinin Kopyası
L_DEC_REPLICAORBOFLIFE,,Replica Orb of Life,生命のレプリカオーブ,Replikat-Kugel des Lebens,Orbe de Vie Réplique,Orbe de Vida Réplica,Orbe da Vida Réplica,Копия Сферы Жизни,Sfera della Vita Replica,生命寶珠仿製品,生命宝珠复制品,생명의 복제 오브,Replika Kuli Życia,Репліка Сфери Життя,Replica Levenssteen,Yaşam Küresi Replikası
L_DEC_REPLICAORBOFNATURE,,Replica Orb of Nature,レプリカ・オーブ・オブ・ネイチャー,Replikat-Naturkugel,Orbe de la Nature Réplique,Orbe Réplica de la Naturaleza,Orbe Réplica da Natureza,Копия Сферы Природы,Sfera della Natura Replica,自然複製寶珠,自然宝珠复制品,자연의 복제 오브,Replika Kuli Natury,Репліка Сфери Природи,Replica Natuurorbe,Doğa'nın Kopya Küresi
L_DEC_REPLICAORBOFSORCERY,,Replica Orb of Sorcery,複製魔術のオーブ,Replikat-Kugel der Zauberei,Orbe de Sorcellerie Réplique,Orbe de Hechicería Réplica,Orbe Réplica de Feitiçaria,Копия Сферы Колдовства,Sfera Replica di Stregoneria,複製版魔法寶珠,巫术宝珠复制品,복제된 마법의 오브,Replika Kuli Czarnoksięstwa,Репліка Сфери Чаклунства,Replica Orb van Toverij,Büyücülük Küresi Replikası
L_DEC_REPLICAULTIMATEORB,,Replica Ultimate Orb,レプリカ・アルティメットオーブ,Replikat des Ultimativen Orbs,Réplique d'Orbe Ultime,Réplica del Orbe Supremo,Réplica do Orbe Supremo,Реплика Высшей Сферы,Replica Sfera Suprema,複製終極寶珠,终极宝珠复制品,복제 궁극의 구슬,Replika Ostatecznej Kuli,Репліка Вищої Сфери,Replica Ultieme Bol,Kopya Nihai Küre
L_DEC_REPLICAVOIDRUNE,,Replica Void Rune,複製虚無のルーン,Nachbildung der Leere-Rune,Rune du Vide Réplique,Runa del Vacío Réplica,Runa do Vazio Réplica,Реплика Руны Пустоты,Runa del Vuoto Replica,複製虛無符文,虚空符文复制品,복제 공허 룬,Replika Runy Pustki,Репліка Руни Порожнечі,Replica Leegte-rune,Kopya Boşluk Rünü
L_DEC_AEOLIANPLUSH,,Aeolian Plush,イオリアンぬいぐるみ,Äolischer Plüsch,Peluche Éolienne,Peluche Eólico,Pelúcia Eólia,Эолийская Плюшевая Игрушка,Peluche Eolico,風神絨毛玩偶,伊欧利安毛绒玩具,에올리안 인형,Pluszak Eolski,Еолійська М'яка Іграшка,Aeolische Pluche,Aeolian Peluş
L_DEC_APOCRANOXPLUSH,,Apocranox Plush,アポクラノックスのぬいぐるみ,Apocranox-Plüschtier,Peluche Apocranox,Peluche de Apocranox,Pelúcia de Apocranox,Плюшевый Апокранокс,Peluche di Apocranox,啟示錄毛絨玩偶,阿波克拉诺毛绒玩具,아포크라녹스 인형,Pluszak Apocranox,Плюшевий Апокранокс,Apocranox Knuffel,Apocranox Peluş
L_DEC_AURUMPLUSH,,Aurum Plush,オーラムぬいぐるみ,Aurum Plüsch,Peluche d'Aurum,Peluche de Aurum,Pelúcia de Aurum,Плюшевый Аурум,Peluche d'Oro,黃金絨毛玩偶,奥鲁姆毛绒玩具,금빛 인형,Pluszowy Aurum,Золоте Плюшеве,Aurum Pluche,Aurum Peluş
L_DEC_AZURALPLUSH,,Azural Plush,アズラルのぬいぐるみ,Azural-Plüschtier,Peluche Azural,Peluche Azural,Pelúcia Azural,Плюшевый Азурал,Peluche di Azural,蒼藍絨毛玩偶,阿祖拉毛绒玩具,아주랄 인형,Pluszak Azurala,Плюшевий Азурал,Azural Knuffel,Azural Peluş
L_DEC_CALIBANPLUSH,,Caliban Plush,カリバンのぬいぐるみ,Caliban-Plüschtier,Peluche Caliban,Peluche de Calibán,Pelúcia de Caliban,Плюшевый Калибан,Peluche di Calibano,卡利班玩偶,卡利班毛绒玩具,칼리반 인형,Pluszowy Caliban,Плюшевий Калібан,Caliban Knuffel,Caliban Peluş
L_DEC_EREBYSSPLUSH,,Erebyss Plush,エレビス・プラッシュ,Erebyss-Plüschtier,Peluche d'Erebyss,Peluche de Erebyss,Pelúcia de Erebyss,Плюшевый Эребисс,Peluche di Erebyss,艾瑞比斯絨毛玩偶,艾瑞比丝毛绒玩具,에레비스 인형,Pluszak Erebyss,Плюшевий Еребіс,Erebyss Knuffel,Erebyss Peluşu
L_DEC_FRIDENPLUSH,,Friden Plush,フリデンぬいぐるみ,Friden-Plüschtier,Peluche Friden,Peluche de Friden,Pelúcia de Friden,Плюшевый Фриден,Peluche di Friden,弗里登玩偶,弗里登毛绒玩具,프리든 인형,Pluszak Friden,Плюшевий Фріден,Friden Knuffel,Friden Peluş
L_DEC_GONFURIANPLUSH,,Gonfurian Plush,ゴンフリアンのぬいぐるみ,Gonfurian-Plüschtier,Peluche Gonfurienne,Peluche Gonfuriano,Pelúcia Gonfuriana,Плюшевый Гонфурианец,Peluche Gonfuriano,貢夫里安絨毛玩偶,贡弗瑞安毛绒玩具,곤푸리안 인형,Pluszak Gonfuriański,Плюшевий Гонфуріан,Gonfuriaanse Knuffel,Gonfurian Peluş
L_DEC_LISTERPLUSH,,Lister Plush,リスタープラッシュ,Lister-Plüschtier,Peluche Lister,Peluche de Lister,Pelúcia do Lister,Плюшевый Листер,Peluche di Lister,李斯特絨毛玩偶,利斯特毛绒玩具,리스터 인형,Pluszak Lister,Плюшевий Лістер,Lister Knuffel,Lister Peluş
L_DEC_MERAXISPLUSH,,Meraxis Plush,メラクシスのぬいぐるみ,Meraxis-Plüschtier,Peluche de Meraxis,Peluche de Meraxis,Pelúcia de Meraxis,Плюшевый Мераксис,Peluche di Meraxis,梅拉克西斯玩偶,梅拉西斯毛绒玩具,메락시스 인형,Pluszak Meraxis,Плюшева Мераксіс,Meraxis Knuffel,Meraxis Peluş
L_DEC_TREASURECHESTDEADSHIPS,,Treasure Chest (Dead Ships),宝箱（死せる船）,Schatztruhe (Tote Schiffe),Coffre au trésor (Navires morts),Cofre del Tesoro (Barcos Muertos),Baú do Tesouro (Navios Mortos),Сундук с сокровищами (Мёртвые Корабли),Forziere (Navi Morte),寶箱（亡船）,宝箱（亡船居所）,보물 상자 (죽은 배들),Skrzynia Skarbów (Martwe Statki),Скриня зі скарбами (Мертві Кораблі),Schatkist (Dode Schepen),Hazine Sandığı (Ölü Gemiler)
L_DEC_TREASURECHESTFROSTBITECAVERNS,,Treasure Chest (Frostbite Caverns),宝箱（フロストバイト洞窟）,Schatztruhe (Frostbiss-Höhlen),Coffre au Trésor (Cavernes de Morsure Glaciale),Cofre del Tesoro (Cavernas Escarcha),Baú do Tesouro (Cavernas Gélidas),Сундук с сокровищами (Морозные пещеры),Forziere (Caverne Gelide),寶箱（霜咬洞窟）,宝箱（寒霜洞穴）,보물 상자 (서리물림 동굴),Skrzynia Skarbów (Lodowe Jaskinie),Скриня зі скарбами (Печери Обмороження),Schatkist (Vorstklauwgrotten),Hazine Sandığı (Dondurucu Mağaralar)
L_DEC_TREASURECHESTPATHOFTHEDAMNED,,Treasure Chest (Path of the Damned),宝箱（呪われし者の道）,Schatztruhe (Pfad der Verdammten),Coffre au trésor (Chemin des Damnés),Cofre del Tesoro (Camino de los Condenados),Baú do Tesouro (Caminho dos Condenados),Сундук с сокровищами (Путь Проклятых),Forziere (Sentiero dei Dannati),寶箱（詛咒之路）,宝箱（亡者之路）,보물 상자 (저주받은 자의 길),Skrzynia Skarbów (Ścieżka Potępionych),Скриня зі скарбами (Шлях Проклятих),Schatkist (Pad der Verdoemden),Hazine Sandığı (Lanetlilerin Yolu)
L_DEC_TREASURECHESTUNSULLIEDMEADOWS,,Treasure Chest (Unsullied Meadows),宝箱（汚れなき草原）,Schatztruhe (Unbefleckte Wiesen),Coffre au trésor (Prairies Immaculées),Cofre del Tesoro (Prados Inmaculados),Baú do Tesouro (Prados Imaculados),Сундук с сокровищами (Незапятнанные луга),Forziere (Prati Incontaminati),寶箱（純淨草原）,宝箱（纯净草原）,보물 상자 (순수한 초원),Skrzynia Skarbów (Nieskalane Łąki),Скриня зі скарбами (Незаймані луки),Schatkist (Onbezoedelde Weiden),Hazine Sandığı (Lekesiz Çayırlar)
L_DEC_TREASURECHESTTORTURECHAMBER,,Treasure Chest (Torture Chamber),宝箱（拷問室）,Schatztruhe (Folterkammer),Coffre au trésor (Chambre de torture),Cofre del Tesoro (Cámara de Tortura),Baú do Tesouro (Câmara de Tortura),Сундук с сокровищами (Камера пыток),Forziere (Camera di Tortura),寶箱（刑訊室）,宝箱（酷刑密室）,보물 상자 (고문실),Skrzynia Skarbów (Komnata Tortur),Скриня зі скарбами (Катівня),Schatkist (Martelkamer),Hazine Sandığı (İşkence Odası)
L_DEC_TREASURECHESTREFUGEOFTHEMAGI,,Treasure Chest (Refuge of the Magi),宝箱（魔術師の避難所）,Schatztruhe (Zuflucht der Magier),Coffre au trésor (Refuge des Mages),Cofre del Tesoro (Refugio de los Magos),Baú do Tesouro (Refúgio dos Magos),Сундук с сокровищами (Убежище магов),Forziere (Rifugio dei Magi),寶箱（法師避難所）,宝箱（贤者避难所）,보물 상자 (마법사의 은신처),Skrzynia Skarbów (Schronienie Magów),Скриня зі скарбами (Притулок магів),Schatkist (Toevluchtsoord van de Magiërs),Hazine Sandığı (Büyücülerin Sığınağı)
L_DEC_TREASURECHESTGREATPANDEMONIUM,,Treasure Chest (Great Pandemonium),宝箱（大混沌）,Schatztruhe (Großes Pandämonium),Coffre au Trésor (Grand Pandémonium),Cofre del Tesoro (Gran Pandemonio),Baú do Tesouro (Grande Pandemônio),Сундук с сокровищами (Великий Пандемониум),Forziere (Grande Pandemonio),寶箱（大混亂）,宝箱（混乱之域）,보물 상자 (대혼돈),Skrzynia Skarbów (Wielkie Pandemonium),Скриня зі скарбами (Великий Пандемоніум),Schatkist (Groot Pandemonium),Hazine Sandığı (Büyük Kargaşa)
L_DEC_TREASURECHESTAZUREDREAM,,Treasure Chest (Azure Dream),宝箱（蒼の夢）,Schatztruhe (Azurtraum),Coffre au Trésor (Rêve d'Azur),Cofre del Tesoro (Sueño Azur),Baú do Tesouro (Sonho Azul),Сундук с сокровищами (Лазурный Сон),Forziere (Sogno Azzurro),寶箱（蒼藍之夢）,宝箱（碧蓝梦境）,보물 상자 (하늘빛 꿈),Skrzynia Skarbów (Lazurowy Sen),Скриня зі скарбами (Лазуровий Сон),Schatkist (Azuurblauwe Droom),Hazine Sandığı (Azur Rüya)
L_DEC_TREASURECHESTTHESWAMPLANDS,,Treasure Chest (The Swamplands),宝箱（沼地）,Schatztruhe (Die Sumpflande),Coffre au trésor (Les Marécages),Cofre del Tesoro (Las Ciénagas),Baú do Tesouro (Os Pântanos),Сундук с сокровищами (Болотные земли),Forziere (Le Paludi),寶箱（沼澤地帶）,宝箱（沼泽之地）,보물 상자 (늪지대),Skrzynia Skarbów (Mokradła),Скарбова Скриня (Болотні Землі),Schatkist (De Moeraslanden),Hazine Sandığı (Bataklıklar)
L_DEC_TREASURECHESTFARAWAYENCLAVE,,Treasure Chest (Faraway Enclave),宝箱（遠方の飛地）,Schatztruhe (Abgelegene Enklave),Coffre au trésor (Enclave lointaine),Cofre del Tesoro (Enclave Lejano),Baú do Tesouro (Enclave Distante),Сундук с сокровищами (Дальний Анклав),Forziere (Enclave Remota),寶箱（遙遠飛地）,宝箱（遥远飞地）,보물 상자 (머나먼 은신처),Skrzynia Skarbów (Odległa Enklawa),Скриня зі скарбами (Віддалений анклав),Schatkist (Afgelegen Enclave),Hazine Sandığı (Uzak Sığınak)
L_DEC_TREASURECHESTTHEBARRENS,,Treasure Chest (The Barrens),宝箱（荒野）,Schatztruhe (Die Ödlande),Coffre au trésor (Les Terres arides),Cofre del Tesoro (Los Páramos),Baú do Tesouro (As Áridas),Сундук с сокровищами (Пустоши),Forziere (Le Lande Desolate),寶箱（荒原）,宝箱（荒芜之地）,보물 상자 (황무지),Skrzynia Skarbów (Pustkowia),Скриня зі скарбами (Пустища),Schatkist (De Woestenij),Hazine Sandığı (Çorak Topraklar)
L_DEC_TREASURECHESTETERNITY'SEND,,Treasure Chest (Eternity's End),宝箱（永遠の終焉）,Schatztruhe (Ende der Ewigkeit),Coffre au Trésor (Fin de l'Éternité),Cofre del Tesoro (Fin de la Eternidad),Baú do Tesouro (Fim da Eternidade),Сундук с сокровищами (Конец Вечности),Forziere (Fine dell'Eternità),寶箱（永恆終焉）,宝箱（永恒尽头）,보물 상자 (영원의 끝),Skrzynia Skarbów (Kres Wieczności),Скриня зі скарбами (Кінець Вічності),Schatkist (Einde der Eeuwigheid),Hazine Sandığı (Sonsuzluğun Sonu)
L_DEC_TREASURECHESTCUTTHROATJUNGLE,,Treasure Chest (Cutthroat Jungle),宝箱（カットスロート・ジャングル）,Schatztruhe (Halsabschneider-Dschungel),Coffre au Trésor (Jungle des Coupe-gorges),Cofre del Tesoro (Jungla de los Degolladores),Baú do Tesouro (Selva dos Degoladores),Сундук с сокровищами (Джунгли головорезов),Forziere (Giungla dei Tagliagole),寶箱（刺客叢林）,宝箱（绝命丛林）,보물 상자 (무자비한 정글),Skrzynia Skarbów (Dżungla Opryszków),Скриня зі скарбами (Джунглі головорізів),Schatkist (Moordenaarsjungle),Hazine Sandığı (Haydut Ormanı)
L_DEC_TREASURECHESTKINGDOMOFHERETICS,,Treasure Chest (Kingdom of Heretics),宝箱（異端の王国）,Schatztruhe (Königreich der Ketzer),Coffre au Trésor (Royaume des Hérétiques),Cofre del Tesoro (Reino de Herejes),Baú do Tesouro (Reino dos Hereges),Сундук с сокровищами (Королевство Еретиков),Forziere (Regno degli Eretici),寶箱（異教徒王國）,宝箱（异教王国）,보물 상자 (이단자의 왕국),Skrzynia Skarbów (Królestwo Heretyków),Скриня зі скарбами (Королівство Єретиків),Schatkist (Koninkrijk der Ketters),Hazine Sandığı (Sapkınlar Krallığı)
L_DEC_TREASURECHESTARACHNIDNEST,,Treasure Chest (Arachnid Nest),宝箱（蜘蛛の巣）,Schatztruhe (Arachnidennest),Coffre au Trésor (Nid d'Arachnide),Cofre del Tesoro (Nido de Arácnidos),Baú do Tesouro (Ninho de Aracnídeos),Сундук с сокровищами (Гнездо арахнидов),Forziere (Nido di Aracnidi),寶箱（蜘蛛巢穴）,宝箱（蜘蛛巢穴）,보물 상자 (거미 둥지),Skrzynia Skarbów (Gniazdo Arachnidów),Скриня зі скарбами (Гніздо арахнідів),Schatkist (Spinnenest),Hazine Sandığı (Örümcek Yuvası)
L_DEC_TREASURECHESTBASTIONOFTHEVOID,,Treasure Chest (Bastion of the Void),宝箱（虚無の砦）,Schatztruhe (Bastion der Leere),Coffre au trésor (Bastion du Néant),Cofre del Tesoro (Bastión del Vacío),Baú do Tesouro (Bastião do Vazio),Сундук с сокровищами (Бастион Пустоты),Forziere (Bastione del Vuoto),寶箱（虛空堡壘）,宝箱（虚空堡垒）,보물 상자 (공허의 요새),Skrzynia Skarbów (Bastion Pustki),Скриня зі скарбами (Бастіон Порожнечі),Schatkist (Bastion van de Leegte),Hazine Sandığı (Boşluk Kalesi)
L_DEC_TREASURECHESTTEMPLEOFLIES,,Treasure Chest (Temple of Lies),宝箱（嘘の神殿）,Schatztruhe (Tempel der Lügen),Coffre au Trésor (Temple des Mensonges),Cofre del Tesoro (Templo de las Mentiras),Baú do Tesouro (Templo das Mentiras),Сундук с сокровищами (Храм Лжи),Forziere (Tempio delle Menzogne),寶箱（謊言神殿）,宝箱（谎言神庙）,보물 상자 (거짓의 신전),Skrzynia Skarbów (Świątynia Kłamstw),Скарбниця (Храм Брехні),Schatkist (Tempel van Leugens),Hazine Sandığı (Yalanlar Tapınağı)
L_DEC_TREASURECHESTSANCTUMUMBRA,,Treasure Chest (Sanctum Umbra),宝箱（聖域の影）,Schatztruhe (Sanctum Umbra),Coffre au Trésor (Sanctum Umbra),Cofre del Tesoro (Sanctum Umbra),Baú do Tesouro (Sanctum Umbra),Сундук с сокровищами (Святилище Умбра),Forziere (Sanctum Umbra),寶箱（聖影殿）,宝箱（暗影圣所）,보물 상자 (생텀 움브라),Skrzynia Skarbów (Sanctum Umbra),Скриня зі скарбами (Святилище Тіней),Schatkist (Sanctum Umbra),Hazine Sandığı (Sanctum Umbra)
L_DEC_TREASURECHESTCAUSTICREACTOR,,Treasure Chest (Caustic Reactor),宝箱（腐食反応炉）,Schatztruhe (Ätzender Reaktor),Coffre au trésor (Réacteur caustique),Cofre del Tesoro (Reactor Cáustico),Baú do Tesouro (Reator Cáustico),Сундук с сокровищами (Едкий реактор),Forziere (Reattore Caustico),寶箱（腐蝕反應堆）,宝箱（腐蚀性反应堆）,보물 상자 (부식성 원자로),Skrzynia Skarbów (Reaktor Żrący),Скриня зі скарбами (Каустичний реактор),Schatkist (Bijtende Reactor),Hazine Sandığı (Kostik Reaktör)
L_DEC_TREASURECHESTBLOODGROVE,,Treasure Chest (Blood Grove),宝箱（血の林）,Schatztruhe (Bluthain),Coffre au Trésor (Bosquet Sanglant),Cofre del Tesoro (Arboleda Sangrienta),Baú do Tesouro (Bosque Sangrento),Сундук с сокровищами (Кровавая Роща),Forziere del Tesoro (Boschetto Sanguigno),寶箱（血林）,宝箱（血色树林）,보물 상자 (블러드 그로브),Skrzynia Skarbów (Krwawy Gaj),Скриня зі скарбами (Кривавий гай),Schatkist (Bloedwoud),Hazine Sandığı (Kan Korusu)
L_DEC_TREASURECHESTTITAN'SWOUND,,Treasure Chest (Titan's Wound),宝箱（タイタンの傷）,Schatztruhe (Titanenwunde),Coffre au trésor (Blessure du Titan),Cofre del Tesoro (Herida del Titán),Baú do Tesouro (Ferida do Titã),Сундук с сокровищами (Рана Титана),Forziere (Ferita del Titano),寶箱（泰坦之傷）,宝箱（泰坦之伤）,보물 상자 (타이탄의 상처),Skrzynia Skarbów (Rana Tytana),Скриня зі скарбами (Рана Титана),Schatkist (Titanenwond),Hazine Sandığı (Titan'ın Yarası)
L_DEC_TREASURECHESTHAUNTED,,Treasure Chest (Haunted),宝箱（呪われた）,Schatztruhe (Verflucht),Coffre au Trésor (Hanté),Cofre del Tesoro (Embrujado),Baú do Tesouro (Assombrado),Сундук с сокровищами (Проклятый),Forziere Infestato,寶箱（鬧鬼）,宝箱（闹鬼）,보물 상자 (귀신들린),Skrzynia Skarbów (Nawiedzona),Скарбниця (Примарна),Schatkist (Behekst),Hazine Sandığı (Lanetli)
L_DEC_TREASURECHESTCLEANSED,,Treasure Chest (Cleansed),宝箱（浄化済）,Schatztruhe (Gereinigt),Coffre au trésor (Purifié),Cofre del Tesoro (Purificado),Baú do Tesouro (Purificado),Сундук с сокровищами (Очищенный),Forziere (Purificato),寶箱（已淨化）,宝箱（已净化）,보물 상자 (정화됨),Skrzynia Skarbów (Oczyszczona),Скарбниця (Очищена),Schatkist (Gezuiverd),Hazine Sandığı (Arındırılmış)
L_DEC_TREASURECHESTGENERIC,,Treasure Chest (Generic),宝箱（一般）,Schatztruhe (Allgemein),Coffre au trésor (Générique),Cofre del Tesoro (Genérico),Baú do Tesouro (Genérico),Сундук с сокровищами (Обычный),Forziere del Tesoro (Generico),寶箱（通用）,宝箱（通用）,보물 상자 (일반),Skrzynia Skarbów (Ogólna),Скриня зі скарбами (Звичайна),Schatkist (Algemeen),Hazine Sandığı (Genel)
L_DEC_BREAKABLEDEADSHIPS,,Breakable (Dead Ships),破壊可能（デッドシップ）,Zerbrechlich (Tote Schiffe),Cassable (Vaisseaux Morts),Rompible (Naves Muertas),Quebrável (Navios Mortos),Разрушаемое (Мёртвые Корабли),Distruttibile (Navi Distrutte),可破壞（亡船）,可破坏物（亡船居所）,파괴 가능 (죽은 함선),Zniszczalne (Martwe Statki),Ламкий (Мертві Кораблі),Breekbaar (Dode Schepen),Kırılabilir (Ölü Gemiler)
L_DEC_BREAKABLEFROSTBITECAVERNS,,Breakable (Frostbite Caverns),壊せる（霜咬みの洞窟）,Zerbrechlich (Frostbiss-Höhlen),Cassable (Cavernes de Morsure Glaciale),Rompible (Cavernas Heladas),Quebrável (Cavernas Gélidas),Разрушаемое (Морозные пещеры),Distruttibile (Caverne Gelide),可破壞物（霜咬洞窟）,可破坏物（寒霜洞穴）,파괴 가능 (서리물림 동굴),Zniszczalne (Lodowe Jaskinie),Ламке (Печери Морозного Укусу),Breekbaar (Frostbite Caverns),Kırılabilir (Ayazdoğuran Mağaralar)
L_DEC_BREAKABLEPATHOFTHEDAMNED,,Breakable (Path of the Damned),破壊可能（呪われし者の道）,Zerbrechlich (Pfad der Verdammten),Destructible (Sentier des Damnés),Rompible (Camino de los Condenados),Quebrável (Caminho dos Condenados),Разрушаемый (Путь Проклятых),Distruttibile (Sentiero dei Dannati),可破壞（詛咒之路）,可破坏物（诅咒之路）,파괴 가능 (저주받은 자의 길),Kruchy (Ścieżka Potępionych),Ламкий (Шлях Проклятих),Breekbaar (Pad der Verdoemden),Kırılabilir (Lanetlilerin Yolu)
L_DEC_BREAKABLEUNSULLIEDMEADOWS,,Breakable (Unsullied Meadows),壊せる (穢れなき草原),Zerbrechlich (Unberührte Wiesen),Cassable (Prairies Immaculées),Rompible (Prados Inmaculados),Quebrável (Prados Imaculados),Разрушаемое (Нетронутые Луга),Distruttibile (Prati Incontaminati),可破壞物（純淨草原）,可破坏物（纯净草原）,파괴 가능 (순수한 초원),Zniszczalne (Nieskalane Łąki),Ламке (Незаймані Луки),Breekbaar (Onbezoedelde Weiden),Kırılabilir (Lekesiz Çayırlar)
L_DEC_BREAKABLETORTURECHAMBER,,Breakable (Torture Chamber),破壊可能（拷問室）,Zerbrechlich (Folterkammer),Cassable (Chambre de torture),Rompible (Cámara de Tortura),Quebrável (Câmara de Tortura),Разрушаемое (Камера пыток),Distruttibile (Camera di Tortura),可破壞（刑訊室）,可破坏物（酷刑密室）,파괴 가능 (고문실),Zniszczalne (Komnata Tortur),Ламке (Катувальна Камера),Breekbaar (Martelkamer),Kırılabilir (İşkence Odası)
L_DEC_BREAKABLEREFUGEOFTHEMAGI,,Breakable (Refuge of the Magi),壊れやすい（魔術師の避難所）,Zerbrechlich (Zuflucht der Magier),Cassable (Refuge des Mages),Rompible (Refugio de los Magos),Quebrável (Refúgio dos Magos),Хрупкий (Убежище Магов),Distruttibile (Rifugio dei Maghi),可破壞（法師庇護所）,可破坏物（贤者避难所）,파괴 가능 (마법사의 은신처),Zniszczalne (Schronienie Magów),Ламке (Притулок Магів),Breekbaar (Toevluchtsoord van de Magiërs),Kırılabilir (Büyücülerin Sığınağı)
L_DEC_BREAKABLEGREATPANDEMONIUM,,Breakable (Great Pandemonium),破壊可能（グレート・パンデモニウム）,Zerbrechlich (Großes Pandemonium),Cassable (Grand Pandémonium),Rompible (Gran Pandemonio),Quebrável (Grande Pandemônio),Разрушаемый (Великий Хаос),Distruttibile (Grande Pandemonio),可破壞（大混亂）,可破坏物（混乱之域）,파괴 가능 (대혼돈),Kruchy (Wielki Pandemonium),Ламкий (Великий Хаос),Breekbaar (Great Pandemonium),Kırılabilir (Büyük Kargaşa)
L_DEC_BREAKABLEAZUREDREAM,,Breakable (Azure Dream),壊れやすい（蒼き夢）,Zerbrechlich (Azurtraum),Cassable (Rêve d'Azur),Translator: Rompible (Sueño Azul),Quebrável (Sonho Azul),Разрушаемый (Лазурный Сон),Distruttibile (Sogno Azzurro),可破壞的（蒼藍之夢）,可破坏物（碧蓝梦境）,부서지는 (애저 드림),Kruchy (Azure Dream),Ламкий (Лазуровий Сон),Breekbaar (Azure Dream),Kırılabilir (Azure Dream)
L_DEC_BREAKABLETHESWAMPLANDS,,Breakable (The Swamplands),壊れやすい（沼地）,Zerbrechlich (Die Sumpfländer),Cassable (Les Marécages),Rompible (Las Ciénagas),Quebrável (Os Pântanos),Разрушаемое (Болотные земли),Distruttibile (Le Paludi),可破壞物（沼澤地帶）,可破坏物（沼泽之地）,파괴 가능 (늪지대),Zniszczalne (Mokradła),Ламке (Болотні землі),Breekbaar (De Moeraslanden),Kırılabilir (Bataklık Toprakları)
L_DEC_BREAKABLEFARAWAYENCLAVE,,Breakable (Faraway Enclave),壊れやすい（遠方の飛地）,Zerbrechlich (Entlegene Enklave),Cassable (Enclave lointaine),Rompible (Enclave Lejano),Quebrável (Enclave Distante),Разрушаемый (Дальний Анклав),Distruttibile (Enclave Remota),可破壞的（遙遠飛地）,可破坏物（遥远飞地）,파괴 가능 (머나먼 은신처),Zniszczalne (Odległa Enklawa),Ламке (Віддалений Анклав),Breekbaar (Verafgelegen Enclave),Kırılabilir (Uzak Sığınak)
L_DEC_BREAKABLETHEBARRENS,,Breakable (The Barrens),壊せる（荒野）,Zerbrechlich (Die Ödlande),Cassable (Les Terres Arides),Rompible (Los Páramos),Quebrável (As Áridas),Разрушаемый (Пустоши),Frangibile (Le Lande Desolate),可破壞物（荒原）,可破坏物（荒芜之地）,파괴 가능 (황무지),Zniszczalne (Pustkowia),Ламке (Пустища),Breekbaar (De Woestenij),Kırılabilir (Kurak Topraklar)
L_DEC_BREAKABLEETERNITY'SEND,,Breakable (Eternity's End),壊れやすい（永遠の終焉）,Zerbrechlich (Ewigkeits Ende),Cassable (Fin de l'Éternité),Rompible (Fin de la Eternidad),Quebrável (Fim da Eternidade),Разрушаемый (Конец Вечности),Distruttibile (Fine dell'Eternità),可破壞（永恆終結）,可破坏物（永恒尽头）,파괴 가능 (영원의 끝),Kruche (Kres Wieczności),Ламкий (Кінець Вічності),Breekbaar (Eternity's End),Kırılabilir (Sonsuzluğun Sonu)
L_DEC_ETERNITY'SENDSTARPIECE,,Eternity's End Starpiece,永遠の終わりの星のかけら,Sternensplitter des Ewigen Endes,Fragment d'Étoile de la Fin d'Éternité,Fragmento Estelar del Fin de la Eternidad,Fragmento Estelar do Fim da Eternidade,Звёздный осколок Края Вечности,Frammento Stellare della Fine dell'Eternità,永恆終結星碎片,永恒尽头星片,영원의 끝 별조각,Gwiazdka Kresu Wieczności,Зоряний уламок Кінця Вічності,Sterrenstuk van het Einde der Eeuwigheid,Sonsuzluğun Sonu Yıldız Parçası
L_DEC_BREAKABLECUTTHROATJUNGLE,,Breakable (Cutthroat Jungle),壊せる（カットスロート・ジャングル）,Zerbrechlich (Halsabschneider-Dschungel),Cassable (Jungle Coupe-gorge),Rompible (Jungla Despiadada),Quebrável (Selva Implacável),Разрушаемое (Джунгли Головорезов),Distruttibile (Giungla Spietata),可破壞物（兇險叢林）,可破坏物（绝命丛林）,파괴 가능 (무자비한 정글),Zniszczalny (Dżungla Bezwzględnych),Ламке (Джунглі Головорізів),Breekbaar (Cutthroat Jungle),Kırılabilir (Acımasız Orman)
L_DEC_BREAKABLEKINGDOMOFHERETICS,,Breakable (Kingdom of Heretics),壊れやすい（異端の王国）,Zerbrechlich (Königreich der Ketzer),Cassable (Royaume des Hérétiques),Rompible (Reino de Herejes),Quebrável (Reino dos Hereges),Хрупкий (Королевство Еретиков),Distruttibile (Regno degli Eretici),可破壞（異教徒王國）,可破坏物（异教王国）,파괴 가능 (이단자의 왕국),Kruchy (Królestwo Heretyków),Ламке (Королівство Єретиків),Breekbaar (Koninkrijk der Ketters),Kırılabilir (Sapkınlar Krallığı)
L_DEC_BREAKABLEARACHNIDNEST,,Breakable (Arachnid Nest),破壊可能（蜘蛛の巣）,Zerbrechlich (Arachnidennest),Cassable (Nid d'Arachnide),Rompible (Nido de Arácnido),Quebrável (Ninho de Aracnídeo),Разрушаемое (Гнездо арахнидов),Distruttibile (Nido di Aracnidi),可破壞（蜘蛛巢穴）,可破坏物（蜘蛛巢穴）,파괴 가능 (거미 둥지),Zniszczalne (Gniazdo Pajęczaków),Крихке (Павуче Гніздо),Breekbaar (Spinnenest),Kırılabilir (Örümcek Yuvası)
L_DEC_BREAKABLEBASTIONOFTHEVOID,,Breakable (Bastion of the Void),破壊可能（虚無の砦）,Zerbrechlich (Bastion der Leere),Cassable (Bastion du Néant),Rompible (Bastión del Vacío),Quebrável (Bastião do Vazio),Разрушаемый (Бастион Пустоты),Distruttibile (Bastione del Vuoto),可破壞（虛空堡壘）,可破坏物（虚空堡垒）,파괴 가능 (공허의 요새),Kruchy (Bastion Pustki),Ламкий (Бастіон Порожнечі),Breekbaar (Bastion van de Leegte),Kırılabilir (Hiçliğin Kalesi)
L_DEC_BREAKABLECAUSTICREACTOR,,Breakable (Caustic Reactor),破壊可能（腐食反応炉）,Zerbrechlich (Ätzender Reaktor),Cassable (Réacteur Caustique),Rompible (Reactor Cáustico),Quebrável (Reator Cáustico),Разрушаемый (Едкий Реактор),Distruttibile (Reattore Caustico),可破壞（腐蝕反應堆）,可破坏物（腐蚀性反应堆）,파괴 가능 (부식성 원자로),Zniszczalny (Reaktor Żrący),Ламкий (Каустичний реактор),Breekbaar (Bijtende Reactor),Kırılabilir (Kostik Reaktör)
L_DEC_BREAKABLEBLOODGROVE,,Breakable (Blood Grove),壊れやすい（ブラッドグローブ）,Zerbrechlich (Bluthain),Cassable (Bosquet Sanglant),Rompible (Arboleda Sangrienta),Quebrável (Bosque Sangrento),Разрушаемый (Кровавая Роща),Frangibile (Boschetto Sanguinario),可破壞（血林）,可破坏物（血色树林）,파괴 가능 (블러드 그로브),Łamliwy (Krwawy Gaj),Ламкий (Кривавий Гай),Breekbaar (Bloedwoud),Kırılabilir (Kan Korusu)
L_DEC_BREAKABLETITAN'SWOUND,,Breakable (Titan's Wound),破壊可能（タイタンの傷）,Zerbrechlich (Titanenwunde),Cassable (Blessure du Titan),Rompible (Herida del Titán),Quebrável (Ferida do Titã),Ломаемый (Рана Титана),Distruttibile (Ferita del Titano),可破壞（泰坦之傷）,可破坏物（泰坦之伤）,파괴 가능 (타이탄의 상처),Łamliwy (Rana Tytana),Ламкий (Рана Титана),Breekbaar (Titanenwond),Kırılabilir (Titan'ın Yarası)
L_DEC_BREAKABLETEMPLEOFLIES,,Breakable (Temple of Lies),破壊可能（嘘の神殿）,Zerbrechlich (Tempel der Lügen),Cassable (Temple des Mensonges),Rompible (Templo de las Mentiras),Quebrável (Templo das Mentiras),Разрушаемый (Храм Лжи),Distruttibile (Tempio delle Menzogne),可破壞（謊言神殿）,可破坏物（谎言神庙）,파괴 가능 (거짓의 신전),Zniszczalny (Świątynia Kłamstw),Ламке (Храм Брехні),Breekbaar (Tempel van Leugens),Kırılabilir (Yalanlar Tapınağı)
L_DEC_RESOURCENODEAZUREDREAM,,Resource Node (Azure Dream),リソースノード（蒼穹の夢）,Ressourcenknoten (Azurtraum),Nœud de ressources (Azure Dream),Nodo de Recursos (Sueño Azur),Nó de Recurso (Sonho Azul),Узел ресурсов (Лазурная Мечта),Nodo Risorsa (Azure Dream),資源節點（蔚藍之夢）,资源节点（碧蓝梦境）,자원 노드 (하늘빛 꿈),Węzeł Zasobów (Azure Dream),Вузол ресурсів (Лазуровий Сон),Grondstofknooppunt (Azuurblauwe Droom),Kaynak Düğümü (Azur Rüya)
L_DEC_RESOURCENODEGREATPANDEMONIUM,,Resource Node (Great Pandemonium),リソースノード（大混沌）,Ressourcenknoten (Großes Pandämonium),Nœud de ressources (Grand Pandémonium),Nodo de Recursos (Gran Pandemonio),Nó de Recurso (Grande Pandemônio),Узел Ресурсов (Великий Пандемониум),Nodo di Risorse (Grande Pandemonio),資源節點（大混亂）,资源节点（混乱之域）,자원 노드 (대혼돈),Węzeł Zasobów (Wielkie Pandemonium),Вузол ресурсів (Великий Пандемоніум),Grondstofknooppunt (Groot Pandemonium),Kaynak Düğümü (Büyük Kargaşa)
L_DEC_RESOURCENODEFROSTBITECAVERNS,,Resource Node (Frostbite Caverns),リソースノード（フロストバイト洞窟）,Ressourcenknoten (Frostbiss-Höhlen),Nœud de ressources (Cavernes Glaciales),Nodo de Recursos (Cavernas Heladas),Nó de Recurso (Cavernas Gélidas),Узел Ресурсов (Морозные Пещеры),Nodo di Risorse (Caverne Gelide),資源節點（霜咬洞穴）,资源节点（寒霜洞穴）,자원 노드 (서리물림 동굴),Węzeł Zasobów (Mroźne Jaskinie),Вузол ресурсів (Печери Морозного Укусу),Grondstofknooppunt (Vrieswondgrotten),Kaynak Düğümü (Ayazdoğuran Mağaralar)
L_DEC_RESOURCENODEPATHOFTHEDAMNED,,Resource Node (Path of the Damned),リソースノード（呪われし者の道）,Ressourcenknoten (Pfad der Verdammten),Nœud de ressources (Chemin des Damnés),Nodo de Recursos (Camino de los Condenados),Nó de Recurso (Caminho dos Condenados),Узел Ресурсов (Путь Проклятых),Nodo di Risorse (Sentiero dei Dannati),資源節點（詛咒之路）,资源节点（诅咒之路）,자원 노드 (저주받은 자의 길),Węzeł Zasobów (Ścieżka Potępionych),Вузол Ресурсів (Шлях Проклятих),Grondstofknooppunt (Pad der Verdoemden),Kaynak Düğümü (Lanetlilerin Yolu)
L_DEC_RESOURCENODEETERNITY'SEND,,Resource Node (Eternity's End),リソースノード（永遠の終焉）,Ressourcenknoten (Ende der Ewigkeit),Nœud de ressources (Fin de l'Éternité),Nodo de Recursos (Fin de la Eternidad),Nó de Recurso (Fim da Eternidade),Узел Ресурсов (Конец Вечности),Nodo di Risorse (Fine dell'Eternità),資源節點（永恆終焉）,资源节点（永恒尽头）,자원 노드 (영원의 끝),Węzeł Zasobów (Kres Wieczności),Вузол ресурсів (Кінець Вічності),Grondstofknooppunt (Einde der Eeuwigheid),Kaynak Düğümü (Sonsuzluğun Sonu)
L_DEC_RESOURCENODEKINGDOMOFHERETICS,,Resource Node (Kingdom of Heretics),リソースノード（異端の王国）,Ressourcenknoten (Königreich der Ketzer),Nœud de ressources (Royaume des Hérétiques),Nodo de Recursos (Reino de Herejes),Nó de Recurso (Reino dos Hereges),Узел Ресурсов (Королевство Еретиков),Nodo di Risorse (Regno degli Eretici),資源節點（異教徒王國）,资源节点（异教王国）,자원 노드 (이단자의 왕국),Węzeł Zasobów (Królestwo Heretyków),Вузол Ресурсів (Королівство Єретиків),Grondstofknooppunt (Koninkrijk der Ketters),Kaynak Düğümü (Sapkınlar Krallığı)
L_DEC_RESOURCENODEARACHNIDNEST,,Resource Node (Arachnid Nest),リソースノード（クモの巣）,Ressourcenknoten (Arachnidennest),Nœud de ressources (Nid d'arachnide),Nodo de Recursos (Nido de Arácnidos),Nó de Recurso (Ninho de Aracnídeo),Узел ресурсов (Гнездо арахнидов),Nodo di Risorse (Nido di Aracnidi),資源節點（蜘蛛巢穴）,资源节点（蜘蛛巢穴）,자원 노드 (거미 둥지),Węzeł Zasobów (Gniazdo Arachnidów),Вузол ресурсів (Гніздо арахнідів),Grondstofknooppunt (Spinnenest),Kaynak Düğümü (Örümcek Yuvası)
L_DEC_RESOURCENODEFARAWAYENCLAVE,,Resource Node (Faraway Enclave),リソースノード（遥かなる飛地）,Ressourcenknoten (Entlegene Enklave),Nœud de ressources (Enclave lointaine),Nodo de Recursos (Enclave Lejano),Nó de Recursos (Enclave Distante),Узел ресурсов (Дальний Анклав),Nodo di Risorse (Enclave Remota),資源節點（遙遠飛地）,资源节点（遥远飞地）,자원 노드 (파라웨이 엔클레이브),Węzeł Zasobów (Odległa Enklawa),Вузол ресурсів (Віддалений анклав),Grondstofknooppunt (Verafgelegen Enclave),Kaynak Düğümü (Uzak Yerleşke)
L_DEC_RESOURCENODECUTTHROATJUNGLE,,Resource Node (Cutthroat Jungle),リソースノード（カットスロート・ジャングル）,Ressourcenknoten (Halsabschneider-Dschungel),Nœud de ressources (Jungle des Coupe-gorges),Nodo de Recursos (Jungla Despiadada),Nó de Recurso (Selva dos Degoladores),Узел ресурсов (Джунгли головорезов),Nodo di Risorse (Giungla dei Tagliagole),資源節點（兇險叢林）,资源节点（绝命丛林）,자원 노드 (무자비한 정글),Węzeł Zasobów (Dżungla Bezwzględnych),Вузол ресурсів (Джунглі головорізів),Grondstofknooppunt (Cutthroat Jungle),Kaynak Düğümü (Haydut Ormanı)
L_DEC_RESOURCENODETHESWAMPLANDS,,Resource Node (The Swamplands),リソースノード（湿地帯）,Ressourcenknoten (Die Sumpfländer),Nœud de ressources (Les Marécages),Nodo de Recursos (Las Ciénagas),Nó de Recurso (Os Pântanos),Узел Ресурсов (Болотные Земли),Nodo di Risorse (Le Paludi),資源節點（沼澤地帶）,资源节点（沼泽之地）,자원 노드 (늪지대),Węzeł Zasobów (Mokradła),Вузол ресурсів (Болотні землі),Grondstofknooppunt (Het Moerasland),Kaynak Düğümü (Bataklık Arazisi)
L_DEC_RESOURCENODEBLOODGROVE,,Resource Node (Blood Grove),資源ノード（ブラッドグローブ）,Ressourcenknoten (Bluthain),Nœud de ressources (Bosquet de Sang),Nodo de Recursos (Arboleda Sangrienta),Nó de Recurso (Bosque Sangrento),Узел Ресурсов (Кровавая Роща),Nodo di Risorse (Boschetto Sanguigno),資源節點（血林）,资源节点（血色树林）,자원 노드 (블러드 그로브),Węzeł Zasobów (Krwawy Gaj),Вузол ресурсів (Кривавий гай),Grondstofknooppunt (Bloedwoud),Kaynak Düğümü (Kan Korusu)
L_DEC_RESOURCENODEBASTIONOFTHEVOID,,Resource Node (Bastion of the Void),リソースノード（虚無の砦）,Ressourcenknoten (Bastion der Leere),Nœud de ressources (Bastion du Néant),Nodo de Recursos (Bastión del Vacío),Nódulo de Recurso (Bastião do Vazio),Узел Ресурсов (Бастион Пустоты),Nodo di Risorse (Bastione del Vuoto),資源節點（虛空堡壘）,资源节点（虚空堡垒）,자원 노드 (공허의 요새),Węzeł Zasobów (Bastion Pustki),Вузол Ресурсів (Бастіон Порожнечі),Grondstofknooppunt (Bastion van de Leegte),Kaynak Düğümü (Boşluğun Kalesi)
L_DEC_RESOURCENODESANCTUMUMBRA,,Resource Node (Sanctum Umbra),リソースノード（聖域の影）,Ressourcenknoten (Sanctum Umbra),Nœud de ressources (Sanctum Umbra),Nodo de Recursos (Sanctum Umbra),Nó de Recurso (Sanctum Umbra),Узел Ресурсов (Sanctum Umbra),Nodo di Risorse (Sanctum Umbra),資源節點（聖靈幽影）,资源节点（暗影圣所）,자원 노드 (생텀 움브라),Węzeł Zasobów (Sanctum Umbra),Вузол Ресурсів (Sanctum Umbra),Grondstofknooppunt (Sanctum Umbra),Kaynak Düğümü (Sanctum Umbra)
L_DEC_RESOURCENODECAUSTICREACTOR,,Resource Node (Caustic Reactor),資源ノード（腐食炉）,Ressourcenknoten (Ätzreaktor),Nœud de ressource (Réacteur caustique),Nodo de Recursos (Reactor Cáustico),Nódulo de Recurso (Reator Cáustico),Узел ресурсов (Едкий реактор),Nodo di Risorse (Reattore Caustico),資源節點（腐蝕反應爐）,资源节点（腐蚀性反应堆）,자원 노드 (부식성 원자로),Węzeł Zasobów (Reaktor Żrący),Вузол ресурсів (Каустичний реактор),Grondstofknooppunt (Bijtende Reactor),Kaynak Düğümü (Yakıcı Reaktör)
L_DEC_RESOURCENODETITAN'SWOUND,,Resource Node (Titan's Wound),リソースノード（タイタンの傷）,Ressourcenknoten (Titanenwunde),Nœud de ressources (Blessure du Titan),Nodo de Recursos (Herida del Titán),Nó de Recurso (Ferida do Titã),Узел Ресурсов (Рана Титана),Nodo di Risorse (Ferita del Titano),資源節點（泰坦之傷）,资源节点（泰坦之伤）,자원 노드 (타이탄의 상처),Węzeł Zasobów (Rana Tytana),Вузол ресурсів (Рана Титана),Grondstofknooppunt (Titanenwond),Kaynak Düğümü (Titan'ın Yarası)
L_DEC_MORTEMPLUSH,,Mortem Plush,モーテムぬいぐるみ,Mortem Plüschtier,Peluche Mortem,Peluche de Mortem,Pelúcia Mortem,Плюшевый Мортем,Peluche Mortem,死亡絨毛玩偶,莫特姆毛绒玩具,모템 인형,Pluszowy Mortem,Плюшевий Мортем,Mortem Knuffel,Mortem Peluş
L_DEC_PERDITIONPLUSH,,Perdition Plush,煉獄のぬいぐるみ,Verdammnisplüsch,Peluche de Perdition,Peluche de la Perdición,Pelúcia da Perdição,Плюшевое Проклятие,Peluche della Perdizione,滅亡絨毛玩偶,珀迪森毛绒玩具,파멸의 인형,Pluszak Zatracenia,Плюшева Загибель,Verdoemenis Knuffel,Cehennem Peluşu
L_DEC_REGALISPLUSH,,Regalis Plush,レガリスぬいぐるみ,Regalis-Plüsch,Peluche Regalis,Peluche Regalis,Pelúcia Regalis,Плюшевый Регалис,Peluche Regalis,雷加利斯絨毛玩偶,蕾伽丽丝毛绒玩具,레갈리스 인형,Pluszowy Regalis,Плюшевий Регаліс,Regalis Knuffel,Regalis Peluş
L_DEC_SURATHLIPLUSH,,Surathli Plush,スラスリのぬいぐるみ,Surathli-Plüschtier,Peluche Surathli,Peluche de Surathli,Pelúcia de Surathli,Плюшевый Суратли,Peluche di Surathli,蘇拉斯利玩偶,苏拉斯莉毛绒玩具,수라슬리 인형,Pluszak Surathli,Плюшевий Суратлі,Surathli Knuffel,Surathli Peluş
L_DEC_TARTARITHPLUSH,,Tartarith Plush,タルタリス・プラッシュ,Tartarith-Plüschtier,Peluche de Tartarith,Peluche de Tartarith,Pelúcia de Tartarith,Плюшевый Тартарит,Peluche di Tartarith,塔塔利斯絨毛玩偶,塔尔塔里斯毛绒玩具,타르타리스 인형,Pluszak Tartarith,Плюшевий Тартаріт,Tartarith Knuffel,Tartarith Peluşu
L_DEC_TENEBRISPLUSH,,Tenebris Plush,テネブリスぬいぐるみ,Tenebris Plüschtier,Peluche Tenebris,Peluche de Tenebris,Pelúcia Tenebris,Плюшевый Тенебрис,Peluche Tenebris,闇黑絨毛玩偶,特内布里斯毛绒玩具,테네브리스 인형,Pluszak Tenebris,Плюшевий Тенебріс,Tenebris Knuffel,Tenebris Peluş
L_DEC_TORUNPLUSH,,Torun Plush,トルンのぬいぐるみ,Torun-Plüschtier,Peluche de Torun,Peluche de Torun,Pelúcia de Torun,Плюшевый Торун,Peluche di Torun,托倫玩偶,托伦毛绒玩具,토룬 인형,Pluszak Toruń,Плюшевий Торун,Torun Knuffel,Torun Peluş
L_DEC_VENEDONPLUSH,,Venedon Plush,ヴェネドンのぬいぐるみ,Venedon-Plüschtier,Peluche de Venedon,Peluche de Venedon,Pelúcia de Venedon,Плюшевый Венедон,Peluche di Venedon,維尼頓絨毛玩偶,维内多毛绒玩具,베네돈 인형,Pluszak Venedon,Плюшевий Венедон,Venedon Knuffel,Venedon Peluşu
L_DEC_VERTRAAGPLUSH,,Vertraag Plush,ヴェルトラーグぬいぐるみ,Vertraag-Plüschtier,Peluche Vertraag,Peluche de Vertraag,Pelúcia Vertraag,Плюшевый Вертрааг,Peluche di Vertraag,維特拉格絨毛玩偶,维特拉戈毛绒玩具,버트라그 인형,Pluszak Vertraag,Плюшевий Вертрааг,Vertraag Pluche,Vertraag Peluş
L_DEC_VULCANARPLUSH,,Vulcanar Plush,ヴァルカナー・ぬいぐるみ,Vulcanar-Plüschtier,Peluche Vulcanar,Peluche de Vulcanar,Pelúcia de Vulcanar,Плюшевый Вулканар,Peluche di Vulcanar,火山巨獸絨毛玩偶,瓦尔卡纳毛绒玩具,불카나르 인형,Pluszowy Vulcanar,Плюшевий Вулканар,Vulcanar Knuffel,Vulcanar Peluşu
L_DEC_YSEROSPLUSH,,Yseros Plush,イセロスのぬいぐるみ,Yseros-Plüschtier,Peluche Yseros,Peluche de Yseros,Pelúcia de Yseros,Плюшевый Исерос,Peluche di Yseros,伊瑟洛斯玩偶,伊瑟洛丝毛绒玩具,이세로스 인형,Pluszowy Yseros,Плюшевий Ісерос,Yseros Knuffel,Yseros Peluşu
L_DEC_ZONTEPLUSH,,Zonte Plush,ゾンテぬいぐるみ,Zonte-Plüschtier,Peluche Zonte,Peluche de Zonte,Pelúcia Zonte,Плюшевый Зонте,Peluche di Zonte,宗特絨毛玩偶,佐特毛绒玩具,존테 인형,Pluszak Zonte,Плюшевий Зонте,Zonte Knuffel,Zonte Peluş
L_DEC_VOIDLORDPLUSH,,Voidlord Plush,ヴォイドロードのぬいぐるみ,Nichtigkeitsfürst-Plüschtier,Peluche de Seigneur du Néant,Peluche de Señor del Vacío,Pelúcia de Senhor do Vazio,Плюшевый Повелитель Пустоты,Peluche del Signore del Vuoto,虛空領主玩偶,虚空领主毛绒玩具,공허군주 인형,Pluszak Władcy Pustki,Плюшевий Володар Порожнечі,Leegteheer Knuffel,Boşluk Lordu Peluş
L_DEC_CONSTRUCTPLUSH,,Construct Plush,コンストラクト・ぬいぐるみ,Konstrukt-Plüschtier,Peluche de Construction,Peluche de Constructo,Pelúcia de Construção,Плюшевый Конструкт,Peluche Costrutto,建構絨毛玩偶,构造体毛绒玩具,구조물 인형,Pluszak Konstruktu,Плюшева Конструкція,Constructie Knuffel,Yapı Peluşu
L_DEC_AUTOMATONPLUSH,,Automaton Plush,オートマトンのぬいぐるみ,Automaton-Plüschtier,Peluche d'Automate,Peluche de Autómata,Boneco de Pelúcia de Autômato,Плюшевый Автомат,Peluche di Automa,自動機玩偶,自动机毛绒玩具,자동인형 인형,Pluszowy Automat,Плюшевий Автомат,Automaton Knuffel,Otomat Peluş
L_DEC_WASPIDPLUSH,,Waspid Plush,ワスピドのぬいぐるみ,Wespid-Plüschtier,Peluche de Guêpide,Peluche de Avispón,Pelúcia de Vespídeo,Плюшевый Оспид,Peluche di Vespide,蜂蟲絨毛玩偶,黄蜂毛绒玩具,와스피드 인형,Pluszowy Waspid,Плюшева Оса,Wespid Knuffel,Yaban Arısı Peluşu
L_DEC_CENTAURPLUSH,,Centaur Plush,ケンタウロスのぬいぐるみ,Zentauren-Plüschtier,Peluche de Centaure,Peluche de Centauro,Pelúcia de Centauro,Плюшевый Кентавр,Peluche di Centauro,半人馬玩偶,半人马毛绒玩具,켄타우로스 인형,Pluszowy Centaur,Плюшевий Кентавр,Centaur Knuffel,Sentaur Peluşu
L_DEC_WISPPLUSH,,Wisp Plush,ウィスプぬいぐるみ,Irrlicht-Plüschtier,Feu Follet en Peluche,Fuego Fatuo de Peluche,Fada de Luz de Pelúcia,Призрачная Игрушка,Folletto di Peluche,精靈絨毛玩偶,鬼火毛绒玩具,위습 인형,Świetlik Pluszowy,Примарна М'яка Іграшка,Dwaallicht Knuffel,Ateş Perisi Peluşu
L_DEC_WIGHTPLUSH,,Wight Plush,ワイトのぬいぐるみ,Geisterschreck-Plüschtier,Peluche de Nécrophage,Peluche de Espectro,Pelúcia de Espectro,Плюшевый Умертвие,Peluche di Spettro,骸鬼玩偶,尸妖毛绒玩具,와이트 인형,Pluszowy Upiór,Плюшевий Умертвій,Wicht Knuffel,Hayalet Peluş
L_DEC_TOXDWELLERPLUSH,,Toxdweller Plush,トクスドウェラーのぬいぐるみ,Toxdweller-Plüschtier,Peluche Habitoxique,Peluche de Toxmorador,Pelúcia de Toxdweller,Плюшевый Токсожитель,Peluche Abitante Tossico,毒居者玩偶,毒居者毛绒玩具,독거주자 인형,Pluszak Toksomieszkańca,Плюшевий Токсожитель,Gifbewoner Knuffel,Zehirsakini Peluş
L_DEC_DOOMGUARDPLUSH,,Doomguard Plush,ドゥームガード・ぬいぐるみ,Verdammniswächter-Plüschtier,Peluche de Garde Funeste,Peluche de Guardia de la Perdición,Pelúcia de Guarda da Perdição,Плюшевый Страж Погибели,Peluche della Guardia del Fato,厄運守衛玩偶,末日守卫毛绒玩具,둠가드 인형,Pluszak Strażnika Zagłady,Плюшевий Вартовий Загибелі,Doemwacht Knuffel,Kıyamet Muhafızı Peluş
L_DEC_GHOULPLUSH,,Ghoul Plush,グールのぬいぐるみ,Ghul-Plüschtier,Peluche de Goule,Peluche de Necrófago,Pelúcia de Carniçal,Плюшевый Упырь,Peluche di Ghoul,食屍鬼玩偶,食尸鬼毛绒玩具,구울 인형,Pluszowy Ghoul,Плюшевий гуль,Ghoul Knuffel,Gulyabani Peluşu
L_DEC_WYVERNPLUSH,,Wyvern Plush,ワイバーンのぬいぐるみ,Wyvernplüsch,Peluche de Wyverne,Peluche de Guiverno,Pelúcia de Serpe,Плюшевый Виверн,Peluche di Viverna,飛龍絨毛玩偶,飞龙毛绒玩具,와이번 인형,Pluszowy Wywern,Плюшевий Віверн,Wyvern Knuffel,Vyvern Peluşu
L_DEC_OCCULTISTPLUSH,,Occultist Plush,オカルティストのぬいぐるみ,Okkultisten-Plüschtier,Peluche d'Occultiste,Peluche de Ocultista,Pelúcia de Ocultista,Плюшевый Оккультист,Peluche dell'Occultista,神秘學者玩偶,秘咒师毛绒玩具,오컬티스트 인형,Pluszak Okultysty,Плюшевий Окультист,Occultist Knuffel,Okültist Peluş
L_DEC_SHADOWPLUSH,,Shadow Plush,シャドウぬいぐるみ,Schatten-Plüsch,Peluche d'Ombre,Peluche de Sombra,Pelúcia de Sombra,Теневая Плюшка,Peluche d'Ombra,暗影絨毛,暗影毛绒玩具,그림자 인형,Pluszowy Cień,Тіньова М'яка Іграшка,Schaduw Knuffel,Gölge Peluş
L_DEC_MANIACPLUSH,,Maniac Plush,マニアックぬいぐるみ,Wahnsinniger Plüsch,Peluche Maniaque,Peluche Maníaco,Pelúcia Maníaca,Плюшевый Маньяк,Peluche Maniaco,瘋狂絨毛玩偶,狂魔毛绒玩具,광기의 인형,Pluszowy Maniak,Маніакальна М'яка Іграшка,Maniak Knuffel,Çılgın Peluş
L_DEC_EFREETPLUSH,,Efreet Plush,イフリートのぬいぐるみ,Efreet-Plüschtier,Peluche d'Efreet,Peluche de Efreet,Pelúcia de Efreet,Плюшевый Ифрит,Peluche di Efreet,伊夫利特玩偶,火怪毛绒玩具,이프리트 인형,Pluszowy Efreet,Плюшевий Іфрит,Efreet Knuffel,Ateş Cini Peluşu
L_DEC_EFTPLUSH,,Eft Plush,イフトのぬいぐるみ,Eft-Plüschtier,Peluche d'Eft,Peluche de Eft,Pelúcia de Eft,Плюшевый Ефт,Peluche di Eft,小蜥蜴玩偶,幼蝾毛绒玩具,이프트 인형,Pluszowy Jaszczurek,Плюшевий Єфт,Eft Knuffel,Eft Peluşu
L_DEC_FORSAKENPLUSH,,Forsaken Plush,見捨てられたぬいぐるみ,Verlassener Plüsch,Peluche Abandonnée,Peluche Abandonado,Pelúcia Abandonada,Заброшенная Плюшка,Peluche Abbandonato,被遺棄的絨毛玩偶,流亡者毛绒玩具,버려진 인형,Opuszczony Pluszak,Покинута М'яка Іграшка,Verlaten Knuffel,Terk Edilmiş Peluş
L_DEC_TREASUREGOLEMPLUSH,,Treasure Golem Plush,トレジャーゴーレムのぬいぐるみ,Schatzgolem-Plüschtier,Peluche de Golem des Trésors,Peluche de Gólem del Tesoro,Pelúcia de Golem do Tesouro,Плюшевый Голем Сокровищ,Peluche di Golem del Tesoro,寶藏魔像絨毛玩偶,宝藏魔像毛绒玩具,보물 골렘 인형,Pluszowy Golem Skarbów,Плюшевий Голем Скарбів,Schatgolempluis,Hazine Golem Peluşu
L_DEC_GOLEMPLUSH,,Golem Plush,ゴーレムのぬいぐるみ,Golem-Plüschtier,Peluche de Golem,Peluche de Gólem,Pelúcia de Golem,Плюшевый Голем,Peluche di Golem,石魔玩偶,魔像毛绒玩具,골렘 인형,Pluszowy Golem,Плюшевий Голем,Golem Knuffel,Golem Peluş
L_DEC_ANIMATUSPLUSH,,Animatus Plush,アニマタスぬいぐるみ,Animatus-Plüsch,Peluche Animatus,Peluche Animatus,Pelúcia Animatus,Плюшевый Анимат,Peluche Animato,活靈絨毛玩偶,灵偶毛绒玩具,애니마투스 인형,Pluszak Animatus,Плюшевий Анімат,Animatus Knuffel,Animatus Peluş
L_DEC_GEMLINGPLUSH,,Gemling Plush,ジェムリングのぬいぐるみ,Gemling-Plüschtier,Peluche de Gemling,Peluche de Gema,Pelúcia de Gema,Плюшевый Самоцветик,Peluche di Gemling,寶石靈玩偶,宝石灵毛绒玩具,젬링 인형,Pluszowy Klejnocik,Плюшевий Самоцвітик,Edelsteenwezentje Knuffel,Mücevher Yavrusu Peluş
L_DEC_VORTEXPLUSH,,Vortex Plush,ボルテックスぬいぐるみ,Wirbel-Plüschtier,Peluche Vortex,Peluche Vórtice,Pelúcia de Vórtice,Плюшевый Вихрь,Peluche Vortice,漩渦絨毛玩偶,漩涡毛绒玩具,소용돌이 인형,Pluszowy Wir,Вихровий Плюш,Vortex Knuffel,Girdap Peluş
L_DEC_WATCHERPLUSH,,Watcher Plush,監視者のぬいぐるみ,Wächter-Plüschtier,Peluche de Guetteur,Peluche de Vigilante,Pelúcia de Observador,Плюшевый Смотритель,Peluche dell'Osservatore,守望者玩偶,观察者毛绒玩具,감시자 인형,Pluszowy Obserwator,Плюшевий Спостерігач,Wachter Knuffel,İzleyici Peluş
L_DEC_NIXPLUSH,,Nix Plush,ニックスのぬいぐるみ,Nix-Plüschtier,Peluche Nix,Peluche de Nix,Pelúcia Nix,Плюшевый Никс,Peluche di Nix,尼克斯絨毛玩偶,水妖毛绒玩具,닉스 인형,Pluszak Nix,Плюшевий Нікс,Nix Knuffel,Nix Peluş
L_DEC_SMITHPLUSH,,Smith Plush,スミスのぬいぐるみ,Schmied-Plüschtier,Peluche du Forgeron,Peluche de Herrero,Pelúcia do Ferreiro,Плюшевый Кузнец,Peluche del Fabbro,鐵匠玩偶,工匠毛绒玩具,대장장이 인형,Pluszowy Kowal,Плюшевий Коваль,Smid Knuffel,Demirci Peluş
L_DEC_DUMPLINGPLUSH,,Dumpling Plush,ダンプリングぬいぐるみ,Knödel-Plüschtier,Peluche de Boulette,Peluche de Dumpling,Pelúcia de Bolinho,Плюшевая Пельмешка,Peluche di Raviolo,水餃絨毛玩偶,团子毛绒玩具,만두 인형,Pluszowy Pieróg,Плюшевий Пельмень,Dumplingknuffel,Mantı Peluşu
L_DEC_OSSEINPLUSH,,Ossein Plush,オセインぬいぐるみ,Knochenplüsch,Peluche d'Osséine,Peluche de Oseína,Pelúcia de Osseína,Костяная Плюшка,Peluche d'Osso,骨素絨毛玩偶,骨魔毛绒玩具,뼈 인형,Pluszowy Ossein,Кістяна М'якуша,Beenderweefsel Knuffel,Kemik Dokusu Peluş
L_DEC_CONCOCTIONPLUSH,,Concoction Plush,コンコクション・プラッシュ,Gebräu-Plüschtier,Peluche de Concoction,Peluche de Brebaje,Pelúcia de Poção,Плюшевое Зелье,Peluche di Pozione,調製絨毛玩偶,混合体毛绒玩具,조제 인형,Pluszowy Wywar,Плюшевий Відвар,Brouwsel Knuffel,İksir Peluşu
L_DEC_SMOGPLUSH,,Smog Plush,スモッグぬいぐるみ,Smog-Plüschtier,Peluche de Smog,Peluche de Smog,Pelúcia de Smog,Плюшевый Смог,Peluche di Smog,煙霧絨毛玩偶,烟雾毛绒玩具,스모그 인형,Pluszowy Smog,Плюшевий Смог,Smogpop,Duman Peluşu
L_DEC_8BANNER,,8 Banner,8バナー,8 Banner,8 Bannière,8 Estandarte,8 Estandarte,8 Знамён,8 Stendardo,8 旗幟,8旗帜,8 배너,8 Sztandar,8 Прапор,8 Vaandel,8 Sancak
L_DEC_MARTENBANNER,,Marten Banner,マーテン・バナー,Marten Banner,Bannière de Marten,Estandarte de Marten,Estandarte de Marten,Знамя Мартена,Stendardo di Marten,貂旗,貂旗帜,마르텐 배너,Sztandar Martena,Стяг Мартена,Marten Banner,Marten Sancağı
L_DEC_WINGSOFMEMORY,,Wings of Memory,記憶の翼,Schwingen der Erinnerung,Ailes de Mémoire,Alas de la Memoria,Asas da Memória,Крылья Памяти,Ali della Memoria,記憶之翼,记忆之翼,기억의 날개,Skrzydła Pamięci,Крила Пам'яті,Vleugels van Herinnering,Anıların Kanatları
L_DEC_ZENCLAN,,Zen Clan,禅一族,Zen-Clan,Clan Zen,Clan Zen,Clã Zen,Клан Дзен,Clan Zen,禪宗氏族,禅宗氏族,젠 클랜,Klan Zen,Клан Дзен,Zen Clan,Zen Klanı
L_DEC_LEOTHELION,,Leo the Lion,レオ・ザ・ライオン,Leo der Löwe,Léo le Lion,Leo el León,Leo o Leão,Лев Лео,Leo il Leone,獅子李奧,狮子里奥,사자 레오,Leo Lew,Лев Лео,Leo de Leeuw,Leo Aslan
L_DEC_ICEEAGLE,,Ice Eagle,アイスイーグル,Eisenadler,Aigle de Glace,Águila de Hielo,Águia de Gelo,Ледяной Орёл,Aquila di Ghiaccio,冰鷹,冰之鹰,얼음 독수리,Lodowy Orzeł,Крижаний Орел,IJsarend,Buz Kartalı
L_DEC_GIANTANDOLINLANDSNAIL,,Giant Andolin Land Snail,巨大アンドリン陸貝,Riesige Andolin-Landschnecke,Escargot Terrestre Géant d'Andolin,Caracol Terrestre Gigante de Andolin,Caracol Terrestre Gigante de Andolin,Гигантская Андолинская Наземная Улитка,Lumaca Terrestre Gigante di Andolin,巨型安多林陸蝸牛,巨型安多林陆行蜗牛,거대한 안돌린 육지 달팽이,Gigantyczny Ślimak Lądowy Andoliński,Гігантський Андолінський Наземний Равлик,Reusachtige Andolinse Landslak,Dev Andolin Kara Salyangozu
L_DEC_RATLAS,,Ratlas,ラトラス,Ratlas,Ratlas,Ratlas,Ratlas,Ратлас,Ratlas,拉特拉斯,阿特拉吱,래틀라스,Ratlas,Ратлас,Ratlas,Ratlas
L_DEC_HALLOWEENALTAR,,Halloween Altar,ハロウィンの祭壇,Halloween-Altar,Autel d'Halloween,Altar de Halloween,Altar de Halloween,Алтарь Хэллоуина,Altare di Halloween,萬聖節祭壇,万圣祭坛,할로윈 제단,Ołtarz Halloween,Хеловінський вівтар,Halloweenaltaar,Cadılar Bayramı Sunağı
L_DEC_HALLOWEENBANNER,,Halloween Banner,ハロウィンバナー,Halloween-Banner,Bannière d'Halloween,Banner de Halloween,Banner de Halloween,Хэллоуинский Баннер,Banner di Halloween,萬聖節橫幅,万圣旗帜,할로윈 배너,Baner Halloween,Хеловінський банер,Halloween Banner,Cadılar Bayramı Afişi
L_DEC_HALLOWEENRUG,,Halloween Rug,ハロウィンラグ,Halloween-Teppich,Tapis d'Halloween,Alfombra de Halloween,Tapete de Halloween,Ковёр на Хэллоуин,Tappeto di Halloween,萬聖節地毯,万圣地毯,할로윈 러그,Halloweenowy Dywanik,Килим на Хелловін,Halloween Tapijt,Cadılar Bayramı Halısı
L_DEC_HALLOWEENCANDLESTICK,,Halloween Candlestick,ハロウィンの燭台,Halloween-Kerzenhalter,Chandelier d'Halloween,Candelabro de Halloween,Castiçal de Halloween,Хэллоуинский подсвечник,Candelabro di Halloween,萬聖節燭台,万圣烛台,할로윈 촛대,Świecznik Halloween,Хеловінський підсвічник,Halloween Kandelaar,Cadılar Bayramı Şamdanı
L_DEC_HALLOWEENCHAIR,,Halloween Chair,ハロウィンチェア,Halloween-Stuhl,Chaise d'Halloween,Silla de Halloween,Cadeira de Halloween,Хэллоуинский стул,Sedia di Halloween,萬聖節椅子,万圣椅子,할로윈 의자,Halloweenowe Krzesło,Хеловінський стілець,Halloween Stoel,Cadılar Bayramı Sandalyesi
L_DEC_HALLOWEENCOLUMN,,Halloween Column,ハロウィンコラム,Halloween-Kolumne,Colonne d'Halloween,Columna de Halloween,Coluna de Halloween,Хэллоуинская колонна,Colonna di Halloween,萬聖節專欄,万圣柱子,할로윈 칼럼,Kolumna Halloween,Хелловінська колонка,Halloween Column,Cadılar Bayramı Sütunu
L_DEC_CLAWINGHAND,,Clawing Hand,引き裂く手,Krallende Hand,Main Griffue,Mano Desgarradora,Mão Dilacerante,Когтистая Рука,Mano Artigliante,利爪之手,利爪之手,할퀴는 손,Szponiasta Dłoń,Кігтиста Рука,Klauwhoofd,Pençeleyen El
L_DEC_GRAVESTONE,,Gravestone,墓石,Grabstein,Pierre tombale,Lápida,Lápide,Надгробие,Lapide,墓碑,墓碑,묘비,Nagrobek,Надгробок,Grafsteen,Mezar Taşı
L_DEC_HALLOWEENLONGRUG,,Halloween Long Rug,ハロウィン長方形ラグ,Halloween-Langläufer,Tapis Long d'Halloween,Alfombra Larga de Halloween,Tapete Comprido de Halloween,Длинный ковёр на Хэллоуин,Tappeto Lungo di Halloween,萬聖節長地毯,万圣长地毯,할로윈 긴 러그,Długi Dywan Halloween,Довгий килимок на Хелловін,Halloween Langwerpig Tapijt,Cadılar Bayramı Uzun Halı
L_DEC_THEOLDWITCH,,The Old Witch,老婆,Die Alte Hexe,La Vieille Sorcière,La Vieja Bruja,A Velha Bruxa,Старая Ведьма,La Vecchia Strega,老巫婆,老巫婆,늙은 마녀,Stara Wiedźma,Стара Відьма,De Oude Heks,Yaşlı Cadı
L_DEC_PUMPKINPARTY,,Pumpkin Party,パンプキンパーティー,Kürbisfest,Fête des Citrouilles,Fiesta de Calabazas,Festa da Abóbora,Тыквенная Вечеринка,Festa della Zucca,南瓜派對,南瓜派对,호박 파티,Dyniowe Przyjęcie,Гарбузова Вечірка,Pompoenfeest,Balkabağı Partisi
L_DEC_GRABBYHAND,,Grabby Hand,つかみ手,Greifende Hand,Main Crochue,Mano Agarradora,Mão Agarradora,Загребущая Рука,Mano Rapace,貪婪之手,抓取之手,움켜쥐는 손,Łapczywa Dłoń,Хапуча Рука,Grijpgrage Hand,Kapan El
L_DEC_SPOOKJAR,,Spook Jar,スプークの壺,Spukglas,Bocal Fantôme,Tarro Fantasmal,Jarro Assombrado,Банка Призраков,Barattolo Spettrale,幽靈罐,惊魂罐,유령 단지,Słoik Duchów,Банка Примар,Spookpot,Ürkütücü Kavanoz
L_DEC_WHITEPUMPKIN,,White Pumpkin,ホワイトパンプキン,Weißer Kürbis,Citrouille Blanche,Calabaza Blanca,Abóbora Branca,Белая Тыква,Zucca Bianca,白南瓜,白南瓜,하얀 호박,Biała Dynia,Білий Гарбуз,Witte Pompoen,Beyaz Balkabağı
L_DEC_EVILHALLOWEENTREE,,Evil Halloween Tree,邪悪なハロウィンの木,Böser Halloween-Baum,Arbre d'Halloween Maléfique,Árbol Malvado de Halloween,Árvore Maligna de Halloween,Злобное Хэллоуинское Дерево,Albero Malvagio di Halloween,邪惡萬聖樹,邪恶万圣树,사악한 할로윈 나무,Złowieszcze Halloweenowe Drzewo,Злісне Хеловінське Дерево,Boosaardige Halloweenboom,Kötü Cadılar Bayramı Ağacı
L_DEC_PUMPKINPATCH,,Pumpkin Patch,カボチャ畑,Kürbisfeld,Champ de Citrouilles,Huerto de Calabazas,Plantação de Abóboras,Тыквенная Грядка,Zucca Coltivata,南瓜田,南瓜地,호박 밭,Dyniowa Grządka,Гарбузова Грядка,Pompoenveldje,Balkabağı Tarlası
L_DEC_ORANGEPUMPKINCAT,,Orange Pumpkin (Cat),オレンジパンプキン（猫）,Orangener Kürbis (Katze),Citrouille Orange (Chat),Calabaza Naranja (Gato),Abóbora Laranja (Gato),Оранжевая Тыква (Кот),Zucca Arancione (Gatto),橘色南瓜（貓）,橙色南瓜（猫）,주황색 호박 (고양이),Pomarańczowa Dynia (Kot),Помаранчевий Гарбуз (Кіт),Oranje Pompoen (Kat),Turuncu Balkabağı (Kedi)
L_DEC_ORANGEPUMPKINCYCLOPS,,Orange Pumpkin (Cyclops),オレンジパンプキン（サイクロプス）,Orangener Kürbis (Zyklop),Citrouille Orange (Cyclope),Calabaza Naranja (Cíclope),Abóbora Laranja (Ciclope),Оранжевая Тыква (Циклоп),Zucca Arancione (Ciclope),橘色南瓜（獨眼巨人）,橙色南瓜（独眼巨人）,오렌지 호박 (사이클롭스),Pomarańczowa Dynia (Cyklop),Помаранчевий Гарбуз (Циклоп),Oranje Pompoen (Cycloop),Turuncu Balkabağı (Tepegöz)
L_DEC_ORANGEPUMPKINDUMPLING,,Orange Pumpkin (Dumpling),オレンジパンプキン（ダンプリング）,Orangener Kürbis (Knödel),Citrouille Orange (Boulette),Calabaza Naranja (Dumpling),Abóbora Laranja (Bolinho),Оранжевая Тыква (Пельмень),Zucca Arancione (Gnocco),橘色南瓜（餃子）,橙色南瓜（团子）,주황색 호박 (만두),Pomarańczowa Dynia (Pierożek),Помаранчевий гарбуз (пельмень),Oranje Pompoen (Knoedel),Turuncu Balkabağı (Mantı)
L_DEC_ORANGEPUMPKINGHOST,,Orange Pumpkin (Ghost),オレンジカボチャ（ゴースト）,Orangener Kürbis (Geist),Citrouille Orange (Fantôme),Calabaza Naranja (Fantasma),Abóbora Laranja (Fantasma),Оранжевая Тыква (Призрак),Zucca Arancione (Fantasma),橘色南瓜（鬼魂）,橙色南瓜（鬼）,주황색 호박 (유령),Pomarańczowa Dynia (Duch),Помаранчевий Гарбуз (Привид),Oranje Pompoen (Spook),Turuncu Balkabağı (Hayalet)
L_DEC_ORANGEPUMPKINGROSS,,Orange Pumpkin (Gross),オレンジカボチャ（不快）,Orangener Kürbis (Eklig),Citrouille Orange (Dégoûtante),Calabaza Naranja (Asquerosa),Abóbora Laranja (Nojenta),Оранжевая Тыква (Мерзкая),Zucca Arancione (Disgustosa),橘色南瓜（噁心）,橙色南瓜（恶心）,주황색 호박 (역겨운),Pomarańczowa Dynia (Obrzydliwa),Помаранчевий гарбуз (Огидний),Oranje Pompoen (Smerig),Turuncu Balkabağı (İğrenç)
L_DEC_ORANGEPUMPKINHAPPY,,Orange Pumpkin (Happy),オレンジかぼちゃ（ハッピー）,Orangener Kürbis (Fröhlich),Citrouille Orange (Joyeuse),Calabaza Naranja (Feliz),Abóbora Laranja (Feliz),Оранжевая Тыква (Счастливая),Zucca Arancione (Felice),橘色南瓜（開心）,橙色南瓜（快乐）,주황색 호박 (행복한),Pomarańczowa Dynia (Szczęśliwa),Помаранчевий гарбуз (щасливий),Oranje Pompoen (Blij),Turuncu Balkabağı (Mutlu)
L_DEC_ORANGEPUMPKINMENACING,,Orange Pumpkin (Menacing),オレンジカボチャ（威圧的）,Orangener Kürbis (Bedrohlich),Citrouille Orange (Menaçante),Calabaza Naranja (Amenazante),Abóbora Laranja (Ameaçadora),Оранжевая Тыква (Угрожающая),Zucca Arancione (Minacciosa),橘色南瓜（兇猛）,橙色南瓜（恐吓）,오렌지 호박 (위협적인),Pomarańczowa Dynia (Groźna),Помаранчевий Гарбуз (Загрозливий),Oranje Pompoen (Dreigend),Turuncu Balkabağı (Tehditkar)
L_DEC_ORANGEPUMPKINSKULL,,Orange Pumpkin (Skull),オレンジカボチャ（ドクロ）,Orangener Kürbis (Schädel),Citrouille Orange (Crâne),Calabaza Naranja (Calavera),Abóbora Laranja (Caveira),Оранжевая Тыква (Череп),Zucca Arancione (Teschio),橘色南瓜（骷髏）,橙色南瓜（骷髅）,오렌지 호박 (해골),Pomarańczowa Dynia (Czaszka),Помаранчевий Гарбуз (Череп),Oranje Pompoen (Schedel),Turuncu Balkabağı (Kafatası)
L_DEC_ORANGEPUMPKINTHREEEYES,,Orange Pumpkin (Three Eyes),オレンジパンプキン（三つ目）,Orangener Kürbis (Drei Augen),Citrouille Orange (Trois Yeux),Calabaza Naranja (Tres Ojos),Abóbora Laranja (Três Olhos),Оранжевая Тыква (Три Глаза),Zucca Arancione (Tre Occhi),橘色南瓜（三眼）,橙色南瓜（三眼）,오렌지 호박 (세 개의 눈),Pomarańczowa Dynia (Troje Oczu),Помаранчевий Гарбуз (Три Ока),Oranje Pompoen (Drie Ogen),Turuncu Balkabağı (Üç Göz)
L_DEC_ORANGEPUMPKINTORUN,,Orange Pumpkin (Torun),オレンジカボチャ（トルン）,Orangener Kürbis (Torun),Citrouille Orange (Torun),Calabaza Naranja (Torun),Abóbora Laranja (Torun),Оранжевая Тыква (Торун),Zucca Arancione (Torun),橘色南瓜（托倫）,橙色南瓜（托伦）,주황색 호박 (토룬),Pomarańczowa Dynia (Toruń),Помаранчевий гарбуз (Торун),Oranje Pompoen (Torun),Turuncu Balkabağı (Torun)
L_DEC_ORANGEPUMPKINUNCARVED,,Orange Pumpkin (Uncarved),オレンジかぼちゃ（未加工）,Orangener Kürbis (Ungeschnitzt),Citrouille Orange (Non Sculptée),Calabaza Naranja (Sin tallar),Abóbora Laranja (Não Esculpida),Оранжевая тыква (Невырезанная),Zucca Arancione (Non Intagliata),橘色南瓜（未雕刻）,橙色南瓜（未雕刻）,주황색 호박 (조각되지 않은),Pomarańczowa Dynia (Niewyrzeźbiona),Помаранчевий гарбуз (Невирізаний),Oranje Pompoen (Ongekerfd),Turuncu Balkabağı (Oyulmamış)
L_DEC_WHITEPUMPKINANGRY,,White Pumpkin (Angry),ホワイトパンプキン（怒）,Weißer Kürbis (Wütend),Citrouille Blanche (Furieuse),Calabaza Blanca (Enfadada),Abóbora Branca (Furiosa),Белая Тыква (Злая),Zucca Bianca (Arrabbiata),白南瓜（憤怒）,白色南瓜（愤怒）,하얀 호박 (분노),Biała Dynia (Wściekła),Білий Гарбуз (Розлючений),Witte Pompoen (Boos),Beyaz Balkabağı (Kızgın)
L_DEC_WHITEPUMPKINBUG,,White Pumpkin (Bug),ホワイトパンプキン（バグ）,Weißer Kürbis (Fehler),Citrouille Blanche (Insecte),Calabaza Blanca (Bicho),Abóbora Branca (Inseto),Белая Тыква (Жук),Zucca Bianca (Bug),白南瓜（蟲）,白色南瓜（虫子）,하얀 호박 (버그),Biała Dynia (Robak),Білий Гарбуз (Жук),Witte Pompoen (Bug),Beyaz Kabak (Böcek)
L_DEC_WHITEPUMPKINCLOWN,,White Pumpkin (Clown),ホワイトパンプキン（ピエロ）,Weißer Kürbis (Clown),Citrouille Blanche (Clown),Calabaza Blanca (Payaso),Abóbora Branca (Palhaço),Белая Тыква (Клоун),Zucca Bianca (Pagliaccio),白南瓜（小丑）,白色南瓜（小丑）,하얀 호박 (광대),Biała Dynia (Klaun),Білий Гарбуз (Клоун),Witte Pompoen (Clown),Beyaz Balkabağı (Palyaço)
L_DEC_WHITEPUMPKINEYEBALL,,White Pumpkin (Eyeball),ホワイトパンプキン（眼球）,Weißer Kürbis (Augapfel),Citrouille Blanche (Œil),Calabaza Blanca (Ojo),Abóbora Branca (Olho),Белая Тыква (Глазное Яблоко),Zucca Bianca (Occhio),白南瓜（眼球）,白色南瓜（眼球）,하얀 호박 (눈알),Biała Dynia (Gałka Oczna),Білий Гарбуз (Очне Яблуко),Witte Pompoen (Oogbal),Beyaz Balkabağı (Göz)
L_DEC_WHITEPUMPKINHAPPYSKULL,,White Pumpkin (Happy Skull),ホワイトパンプキン（ハッピースカル）,Weißer Kürbis (Fröhlicher Schädel),Citrouille Blanche (Crâne Joyeux),Calabaza Blanca (Calavera Feliz),Abóbora Branca (Caveira Feliz),Белая Тыква (Весёлый Череп),Zucca Bianca (Teschio Felice),白南瓜（快樂骷髏）,白色南瓜（快乐骷髅）,하얀 호박 (해피 스컬),Biała Dynia (Szczęśliwa Czaszka),Білий Гарбуз (Щасливий Череп),Witte Pompoen (Vrolijke Schedel),Beyaz Balkabağı (Mutlu Kafatası)
L_DEC_WHITEPUMPKINMELTING,,White Pumpkin (Melting),ホワイトパンプキン（溶解中）,Weißer Kürbis (Schmelzend),Citrouille Blanche (Fondante),Calabaza Blanca (Derritiéndose),Abóbora Branca (Derretendo),Белая Тыква (Тающая),Zucca Bianca (Scioglimento),白南瓜（融化中）,白色南瓜（融化）,하얀 호박 (녹는 중),Biała Dynia (Topniejąca),Білий Гарбуз (Тане),Witte Pompoen (Smeltend),Beyaz Balkabağı (Eriyen)
L_DEC_WHITEPUMPKINPHARAOH,,White Pumpkin (Pharaoh),ホワイトパンプキン（ファラオ）,Weißer Kürbis (Pharao),Citrouille Blanche (Pharaon),Calabaza Blanca (Faraón),Abóbora Branca (Faraó),Белая Тыква (Фараон),Zucca Bianca (Faraone),白南瓜（法老）,白色南瓜（法老）,하얀 호박 (파라오),Biała Dynia (Faraon),Білий Гарбуз (Фараон),Witte Pompoen (Farao),Beyaz Kabak (Firavun)
L_DEC_WHITEPUMPKINPUMKING,,White Pumpkin (Pumking),ホワイトパンプキン（パムキング）,Weißer Kürbis (Pumking),Citrouille Blanche (Pumking),Calabaza Blanca (Pumking),Abóbora Branca (Pumking),Белая Тыква (Тыквенный Король),Zucca Bianca (Pumking),白南瓜（南瓜王）,白色南瓜（南瓜王）,하얀 호박 (펌킹),Biała Dynia (Pumking),Білий Гарбуз (Гарбузовий Король),Witte Pompoen (Pomkoning),Beyaz Balkabağı (Pumking)
L_DEC_WHITEPUMPKINSCREAM,,White Pumpkin (Scream),ホワイトパンプキン（スクリーム）,Weißer Kürbis (Schrei),Citrouille Blanche (Hurlement),Calabaza Blanca (Grito),Abóbora Branca (Grito),Белая Тыква (Крик),Zucca Bianca (Urlo),白南瓜（尖叫）,白色南瓜（尖叫）,하얀 호박 (비명),Biała Dynia (Krzyk),Білий Гарбуз (Крик),Witte Pompoen (Schreeuw),Beyaz Balkabağı (Çığlık)
L_DEC_WHITEPUMPKINUNCARVED,,White Pumpkin (Uncarved),白いカボチャ（未加工）,Weißer Kürbis (Ungeschnitzt),Citrouille Blanche (Non Sculptée),Calabaza Blanca (Sin Tallar),Abóbora Branca (Não Esculpida),Белая Тыква (Нерезаная),Zucca Bianca (Non Intagliata),白色南瓜（未雕刻）,白色南瓜（未雕刻）,하얀 호박 (조각되지 않은),Biała Dynia (Niewyrzeźbiona),Білий гарбуз (Невирізаний),Witte Pompoen (Ongekerfd),Beyaz Kabak (Oyulmamış)
L_DEC_WHITEPUMPKINVAMPIRE,,White Pumpkin (Vampire),ホワイトパンプキン（ヴァンパイア）,Weißer Kürbis (Vampir),Citrouille Blanche (Vampire),Calabaza Blanca (Vampiro),Abóbora Branca (Vampiro),Белая Тыква (Вампир),Zucca Bianca (Vampiro),白南瓜（吸血鬼）,白色南瓜（吸血鬼）,하얀 호박 (뱀파이어),Biała Dynia (Wampir),Білий Гарбуз (Вампір),Witte Pompoen (Vampier),Beyaz Balkabağı (Vampir)
L_DEC_SHEETGHOST,,Sheet Ghost,シーツお化け,Laken-Gespenst,Fantôme en Drap,Fantasma de Sábana,Fantasma de Lençol,Призрак из Простыни,Fantasma di Lenzuolo,床單幽靈,床单幽灵,시트 고스트,Duch z Prześcieradła,Привид з Простирадла,Lakengees,Çarşaf Hayaleti
L_DEC_SKELETRUMPET,,Skeletrumpet,スケルトランペット,Knochentrompete,Squeltrompette,Trompetuesqueleto,Esqueletrompete,Скелетруба,Trombettosseo,骷髏小號,骷髅小号,해골나팔,Kościotrąba,Кістятруба,Skeletrompet,İskeletborazan
L_DEC_BOO,,Boo,ブー,Buh,Bouh,Buu,Boo,Бу,Buu,嘩,吓,부우,Buu,Бу,Boe,Buu
L_DEC_HALLOWEENTABLE,,Halloween Table,ハロウィンテーブル,Halloween-Tisch,Table d'Halloween,Mesa de Halloween,Mesa de Halloween,Хэллоуинский стол,Tavolo di Halloween,萬聖節桌子,万圣桌子,할로윈 테이블,Stół Halloween,Гелловінський стіл,Halloween Tafel,Cadılar Bayramı Masası
L_DEC_HALLOWEENTHRONE,,Halloween Throne,ハロウィンの玉座,Halloween-Thron,Trône d'Halloween,Trono de Halloween,Trono de Halloween,Хэллоуинский Трон,Trono di Halloween,萬聖節王座,万圣王座,할로윈 왕좌,Halloweenowy Tron,Трон Хелловіну,Halloween Troon,Cadılar Bayramı Tahtı
L_DEC_WEB,,Web,ウェブ,Netz,Toile,Web,Teia,Сеть,Web,網頁,网,웹,Sieć,Павутина,Web,Web
L_DEC_AJABIRKUPLUSH,,Aja Birku Plush,アジャ・ビルク ぬいぐるみ,Aja Birku Plüschtier,Peluche Aja Birku,Peluche de Aja Birku,Pelúcia Aja Birku,Плюшевая Ая Бирку,Peluche di Aja Birku,阿嘉比爾庫玩偶,阿贾·比尔库毛绒玩具,아자 비르쿠 인형,Pluszak Aja Birku,Плюшева Аджа Бірку,Aja Birku Knuffel,Aja Birku Peluş
L_DEC_ALAKADANPLUSH,,Alakadan Plush,アラカダンのぬいぐるみ,Alakadan-Plüschtier,Peluche Alakadan,Peluche de Alakadan,Pelúcia de Alakadan,Плюшевый Алакадан,Peluche di Alakadan,阿拉卡丹玩偶,阿拉卡丹毛绒玩具,알라카단 인형,Pluszak Alakadana,Плюшевий Алакадан,Alakadan Knuffel,Alakadan Peluşu
L_DEC_COLGPLUSH,,Colg Plush,コルグぬいぐるみ,Colg-Plüschtier,Peluche Colg,Peluche de Colg,Pelúcia de Colg,Плюшевый Колг,Peluche di Colg,科爾格絨毛玩偶,科尔格毛绒玩具,콜그 인형,Pluszowy Colg,Плюшевий Колг,Colg Knuffel,Colg Peluş
L_DEC_DARKSULKERPLUSH,,Darksulker Plush,ダークサルカーのぬいぐるみ,Dunkelschleicher-Plüschtier,Peluche de Sombre-rôdeur,Peluche de Acechador Oscuro,Pelúcia Darksulker,Плюшевый Темнокрад,Peluche Darksulker,暗潛者玩偶,暗潜者毛绒玩具,다크설커 인형,Pluszak Mrocznego Czyhacza,Плюшевий Темний Скрадач,Duisterkruiper Knuffel,Karanlık Sinsi Peluş
L_DEC_DIAMANTPLUSH,,Diamant Plush,ダイアマント・プラッシュ,Diamant-Plüsch,Peluche Diamant,Peluche de Diamante,Pelúcia de Diamante,Бриллиантовый Плюш,Peluche di Diamante,鑽石絨毛玩偶,晶簇灵毛绒玩具,다이아몬드 인형,Pluszowy Diament,Діамантова М'яка Іграшка,Diamanten Knuffel,Elmas Peluş
L_DEC_DIKYAPLUSH,,Dikya Plush,ディキャ・ぬいぐるみ,Dikya-Plüschtier,Peluche Dikya,Peluche de Dikya,Pelúcia Dikya,Плюшевая Дикья,Peluche di Dikya,迪卡亞絨毛玩偶,迪卡亚毛绒玩具,디키아 인형,Pluszak Dikya,Плюшева Дікья,Dikya Knuffel,Dikya Peluş
L_DEC_ELQORPLUSH,,Elqor Plush,エルカー・ぬいぐるみ,Elqor-Plüschtier,Peluche d'Elqor,Peluche de Elqor,Pelúcia de Elqor,Плюшевый Элкор,Peluche di Elqor,艾爾科爾絨毛玩偶,艾尔科毛绒玩具,엘코르 인형,Pluszak Elqor,Плюшевий Елкор,Elqor Knuffel,Elqor Peluş
L_DEC_EMLAIPLUSH,,Emlai Plush,エムライのぬいぐるみ,Emlai-Plüschtier,Peluche Emlai,Peluche de Emlai,Pelúcia de Emlai,Плюшевый Эмлай,Peluche di Emlai,艾姆萊絨毛玩偶,恩来毛绒玩具,엠라이 인형,Pluszak Emlai,Плюшевий Емлай,Emlai Knuffel,Emlai Peluş
L_DEC_ICONUSPLUSH,,Iconus Plush,イコナスのぬいぐるみ,Iconus-Plüschtier,Peluche Iconus,Peluche de Iconus,Pelúcia de Iconus,Плюшевый Иконус,Peluche di Iconus,艾克諾斯絨毛玩偶,伊科洛斯毛绒玩具,아이코누스 인형,Pluszak Iconus,Плюшевий Іконус,Iconus Knuffel,İkonus Peluş
L_DEC_KALASAGPLUSH,,Kalasag Plush,カラサグぬいぐるみ,Kalasag-Plüsch,Peluche Kalasag,Peluche de Kalasag,Pelúcia Kalasag,Плюшевый Каласаг,Peluche Kalasag,卡拉薩格玩偶,卡拉萨格毛绒玩具,칼라삭 인형,Pluszak Kalasag,Плюшевий Каласаг,Kalasag Knuffel,Kalasag Peluş
L_DEC_KAPREPLUSH,,Kapre Plush,カプレのぬいぐるみ,Kapre-Plüschtier,Peluche de Kapre,Peluche de Kapre,Pelúcia de Kapre,Плюшевый Капре,Peluche di Kapre,卡普雷玩偶,卡普雷毛绒玩具,카프레 인형,Pluszowy Kapre,Плюшевий Капре,Kapre Knuffel,Kapre Peluş
L_DEC_LAGLORPLUSH,,Laglor Plush,ラグロールのぬいぐるみ,Laglor-Plüschtier,Peluche de Laglor,Peluche de Laglor,Pelúcia do Laglor,Плюшевый Лаглор,Peluche di Laglor,拉格洛毛絨玩偶,拉格洛尔毛绒玩具,라글로르 인형,Pluszowy Laglor,Плюшевий Лаглор,Laglor Knuffel,Laglor Peluş
L_DEC_LINTAPLUSH,,Linta Plush,リンタのぬいぐるみ,Linta-Plüschtier,Peluche Linta,Peluche de Linta,Pelúcia de Linta,Плюшевая Линта,Peluche di Linta,琳塔玩偶,林塔毛绒玩具,린타 인형,Pluszak Linta,Плюшева Лінта,Linta Knuffel,Linta Peluş
L_DEC_MUMUPLUSH,,Mumu Plush,ムム・ぬいぐるみ,Mumu-Plüschtier,Peluche Mumu,Peluche de Mumu,Pelúcia Mumu,Плюшевый Муму,Peluche Mumu,姆姆玩偶,姆姆毛绒玩具,무무 인형,Pluszowy Mumu,Плюшевий Муму,Mumu Knuffel,Mumu Peluş
L_DEC_NOXPITPLUSH,,Noxpit Plush,ノックスピットのぬいぐるみ,Noxpit-Plüschtier,Peluche Noxpit,Peluche de Noxpit,Pelúcia de Noxpit,Плюшевый Ноксит,Peluche di Noxpit,諾克斯坑毛絨玩偶,诺克斯皮特毛绒玩具,녹스핏 인형,Pluszak Noxpit,Плюшевий Ноксіт,Noxpit Knuffel,Noxpit Peluşu
L_DEC_OTTUMPLUSH,,Ottum Plush,オッタムぬいぐるみ,Ottum-Plüschtier,Peluche d'Ottum,Peluche de Ottum,Pelúcia de Ottum,Плюшевый Оттум,Peluche di Ottum,奧特姆玩偶,奥图姆毛绒玩具,오텀 인형,Pluszowy Ottum,Плюшевий Оттум,Ottum Knuffel,Ottum Peluşu
L_DEC_TENBRANPLUSH,,Tenbran Plush,テンブラン・ぬいぐるみ,Tenbran-Plüschtier,Peluche Tenbran,Peluche de Tenbran,Pelúcia de Tenbran,Плюшевый Тенбран,Peluche di Tenbran,坦布蘭絨毛玩偶,坦布兰毛绒玩具,텐브란 인형,Pluszak Tenbran,Плюшевий Тенбран,Tenbran Knuffel,Tenbran Peluş
L_DEC_THELOSTPLUSH,,The Lost Plush,失われたぬいぐるみ,Der verlorene Plüsch,Le Peluche Perdue,El Peluche Perdido,O Pelúcia Perdido,Потерянная Плюшевая Игрушка,Il Peluche Perduto,遺失的絨毛玩偶,迷失者毛绒玩具,잃어버린 인형,Zgubiony Pluszak,Загублена М'яка Іграшка,De Verloren Knuffel,Kayıp Peluş
L_DEC_TISYAPLUSH,,Tisya Plush,ティシャのぬいぐるみ,Tisya-Plüschtier,Peluche Tisya,Peluche de Tisya,Pelúcia de Tisya,Плюшевая Тися,Peluche di Tisya,緹希亞玩偶,缇丝娅毛绒玩具,티샤 인형,Pluszowa Tisya,Плюшева Тіся,Tisya Knuffel,Tisya Peluş
L_DEC_UGATPLUSH,,Ugat Plush,ウガット・プラッシュ,Ugat-Plüschtier,Peluche Ugat,Peluche de Ugat,Pelúcia de Ugat,Плюшевый Угат,Peluche di Ugat,烏加特絨毛玩偶,乌加特毛绒玩具,우갓 인형,Pluszowy Ugat,Плюшевий Угат,Ugat Knuffel,Ugat Peluş
L_DEC_WALKENPLUSH,,Walken Plush,ウォーケンぬいぐるみ,Walken-Plüschtier,Peluche Walken,Peluche de Walken,Pelúcia do Walken,Плюшевый Уолкен,Peluche di Walken,沃肯絨毛玩偶,沃肯毛绒玩具,워큰 인형,Pluszak Walkena,Плюшевий Волкен,Walken Knuffel,Walken Peluş
L_DEC_YLLORPLUSH,,Yllor Plush,イロール・ぬいぐるみ,Yllor-Plüschtier,Peluche Yllor,Peluche de Yllor,Pelúcia de Yllor,Плюшевый Иллор,Peluche di Yllor,伊洛爾玩偶,伊洛毛绒玩具,일로르 인형,Pluszak Yllor,Плюшевий Іллор,Yllor Knuffel,Yllor Peluş
L_DEC_FLESHY,,Fleshy,肉質の,Fleischig,Charnu,Carnoso,Carnudo,Мясистый,Carnoso,肉質,肉质,살점의,Mięsisty,М'ясистий,Vlezig,Etli
L_DEC_GEOMANCYCARVING,,Geomancy Carving,地霊術の彫刻,Geomantische Gravur,Gravure de Géomancie,Talla de Geomancia,Entalhe de Geomancia,Геомантическая Резьба,Incisione Geomantica,地靈雕刻,风水雕刻,지맥 조각,Rzeźbienie Geomancji,Геомантичне різьблення,Geomantische Gravure,Yerbilim Oymacılığı
L_DEC_SOSIG,,Sosig,ソーセージ,Wurst,Saucisse,Sosig,Sosig,Сосиска,Salsiccia,香腸,索西格,소시지,Kiełbasa,Ковбаска,Worst,Sosig
L_DEC_NSB,,NSB,NSB,NSB,NSB,NSB,NSB,НСБ,NSB,NSB,NSB,NSB,NSB,НСБ,NSB,NSB
L_DEC_PORTRAITOFUNFATHOMABLENIGHT,,Portrait of Unfathomable Night,測り知れぬ夜の肖像,Porträt der Unergründlichen Nacht,Portrait de la Nuit Insondable,Retrato de la Noche Insondable,Retrato da Noite Insondável,Портрет Непостижимой Ночи,Ritratto della Notte Insondabile,深不可測之夜的肖像,深邃之夜肖像,헤아릴 수 없는 밤의 초상화,Portret Niezbadanej Nocy,Портрет Незбагненної Ночі,Portret van Onpeilbare Nacht,Anlaşılmaz Gecenin Portresi
L_DEC_PORTRAITOFHER,,Portrait of Her,彼女の肖像,Porträt von Ihr,Portrait d'Elle,Retrato de Ella,Retrato Dela,Портрет Её,Ritratto di Lei,她的肖像,她的肖像,그녀의 초상화,Portret Jej,Портрет Її,Portret van Haar,Onun Portresi
L_DEC_LONGDEADPORTRAIT,,Long Dead Portrait,死者の肖像,Porträt des längst Verstorbenen,Portrait du Défunt,Retrato del Muerto Antiguo,Retrato do Há Muito Morto,Портрет Давно Умершего,Ritratto del Defunto,長亡者肖像,久故之人的肖像,오래된 죽은 자의 초상화,Portret Dawno Zmarłego,Портрет Давно Померлого,Portret van de Lang Gestorvene,Uzun Süredir Ölü Portresi
L_DEC_ATALEOFTWOHEROES,,A Tale of Two Heroes,二人の英雄の物語,Eine Geschichte zweier Helden,Une Histoire de Deux Héros,Una Historia de Dos Héroes,Uma História de Dois Heróis,Повесть о двух героях,Una Storia di Due Eroi,雙雄傳奇,双雄传奇,두 영웅의 이야기,Opowieść o Dwóch Bohaterach,Історія двох героїв,Een Verhaal van Twee Helden,İki Kahramanın Hikâyesi
L_DEC_THEALCHEMIST'SCONCOCTION,,The Alchemist's Concoction,錬金術師の調合薬,Der Trank des Alchemisten,La Mixture de l'Alchimiste,La Poción del Alquimista,A Concocção do Alquimista,Зелье Алхимика,La Pozione dell'Alchimista,鍊金術師的調製品,炼金术士的调制药剂,연금술사의 혼합물,Mikstura Alchemika,Зілля Алхіміка,De Brouwsels van de Alchemist,Simyacının Karışımı
L_DEC_ANCIENTFISHTANK,,Ancient Fish Tank,古代の水槽,Uraltes Aquarium,Aquarium Antique,Tanque de Peces Antiguo,Tanque de Peixes Antigo,Древний Аквариум,Antica Vasca dei Pesci,古老魚缸,远古鱼缸,고대 어항,Starożytny Akwarium,Стародавній Акваріум,Oude Vistank,Antik Balık Tankı
L_DEC_FRIENDLYEEL,,Friendly Eel,フレンドリー・イール,Freundlicher Aal,Anguille Amicale,Anguila Amistosa,Enguia Amigável,Дружелюбный Угорь,Anguilla Amichevole,友善鰻魚,友善鳗鱼,우호적인 장어,Przyjazny Węgorz,Дружній Вугор,Vriendelijke Aal,Dost Yılan Balığı
L_DEC_VOIDWELL,,Void Well,虚無の井戸,Leerebrunnen,Puits du Néant,Pozo del Vacío,Poço do Vazio,Пустотный Колодец,Pozzo del Vuoto,虛空之井,虚空井,공허의 우물,Studnia Pustki,Колодязь Порожнечі,Leegtebron,Boşluk Kuyusu
L_DEC_ALTAROFTHEPUMPKINGOD,,Altar of the Pumpkin God,カボチャ神の祭壇,Altar des Kürbisgottes,Autel du Dieu Citrouille,Altar del Dios Calabaza,Altar do Deus Abóbora,Алтарь Тыквенного Бога,Altare del Dio Zucca,南瓜神祇祭壇,南瓜神祭坛,호박신의 제단,Ołtarz Boga Dyni,Вівтар Гарбузового Бога,Altaar van de Pompoen God,Balkabağı Tanrısı'nın Sunağı
L_DEC_ALTAROFTHEBROKENBLADE,,Altar of the Broken Blade,折れた刃の祭壇,Altar der Zerbrochenen Klinge,Autel de la Lame Brisée,Altar de la Hoja Quebrada,Altar da Lâmina Quebrada,Алтарь Сломанного Клинка,Altare della Lama Spezzata,破碎之刃祭壇,断刃祭坛,부러진 검의 제단,Ołtarz Złamanego Ostrza,Вівтар Зламаного Клинка,Altaar van het Gebroken Zwaard,Kırık Kılıç Sunağı
L_DEC_MAGICITEMSOFPOWER,,Magic Items of Power,力の魔法アイテム,Magische Gegenstände der Macht,Objets Magiques de Pouvoir,Objetos Mágicos de Poder,Itens Mágicos de Poder,Магические предметы силы,Oggetti Magici del Potere,強力魔法物品,强力魔法物品,강력한 마법 아이템,Magiczne Przedmioty Mocy,Магічні Предмети Сили,Magische Voorwerpen van Kracht,Güçlü Büyülü Eşyalar
L_DEC_EQUILIBRIUM,,Equilibrium,均衡,Gleichgewicht,Équilibre,Equilibrio,Equilíbrio,Равновесие,Equilibrio,平衡,均衡,균형,Równowaga,Рівновага,Evenwicht,Denge
L_DEC_GEOMANCYCIRCLE,,Geomancy Circle,地霊術の円陣,Geomantiekreis,Cercle de Géomancie,Círculo de Geomancia,Círculo de Geomancia,Круг Геомантии,Cerchio di Geomanzia,地靈法陣,风水法阵,지맥 마법진,Krąg Geomancji,Коло Геомантії,Geomantische Cirkel,Jeomanti Çemberi
L_DEC_MARKOFTHESOSIG,,Mark of the Sosig,ソーセージの印,Zeichen der Wurst,Marque du Sosig,Marca del Sosig,Marca da Linguiça,Метка Сосиски,Marchio del Sosig,香腸印記,索西格印记,소시지의 표식,Znak Kiełbaski,Знак Сосіджа,Teken van de Sosig,Sosig Nişanı
L_DEC_SAGE'STELESCOPE,,Sage's Telescope,賢者の望遠鏡,Teleskop des Weisen,Télescope du Sage,Telescopio del Sabio,Telescópio do Sábio,Телескоп Мудреца,Telescopio del Saggio,賢者望遠鏡,智者的望远镜,현자의 망원경,Teleskop Mędrca,Телескоп Мудреця,Telescoop van de Wijze,Bilgenin Teleskobu
L_DEC_CORALAMP,,Coralamp,コララムプ,Korallampe,Coralamp,Coralamp,Coralamp,Коралампа,Coralamp,珊瑚燈,珊瑚灯,산호등,Koralowa Lampa,Коралампа,Koraallamp,Mercanfener
L_DEC_LUNARSTAR,,Lunar Star,ルナースター,Mondgestirn,Étoile Lunaire,Estrella Lunar,Estrela Lunar,Лунная Звезда,Stella Lunare,月之星,月星,루나 스타,Gwiazda Księżycowa,Місячна Зірка,Maanlicht Ster,Ay Yıldızı
L_DEC_BATHINGPOOL,,Bathing Pool,浴場,Badebecken,Bassin de Bain,Piscina de Baño,Piscina de Banho,Купальня,Vasca da Bagno,沐浴池,浴池,목욕탕,Basen kąpielowy,Купальня,Badhuis,Banyo Havuzu
L_DEC_MEDITATIVEBLOOM,,Meditative Bloom,瞑想の花,Meditative Blüte,Floraison Méditative,Florecimiento Meditativo,Florescimento Meditativo,Медитативный Цветок,Fioritura Meditativa,冥想之花,冥想之花,명상의 꽃,Medytacyjny Rozkwit,Медитативний Розквіт,Meditatieve Bloei,Meditatif Çiçeklenme
L_DEC_CATTREE,,Cat Tree,キャットツリー,Katzenbaum,Arbre à Chat,Árbol para Gatos,Árvore de Gato,Кошачье Дерево,Albero per Gatti,貓爬架,猫树,고양이 나무,Drzewo Kota,Котяче Дерево,Kattenboom,Kedi Ağacı
L_DEC_COLLECTIONOFBOTTLES,,Collection of Bottles,ボトルコレクション,Flaschensammlung,Collection de Bouteilles,Colección de Botellas,Coleção de Garrafas,Коллекция Бутылок,Collezione di Bottiglie,瓶罐收藏,瓶子收藏,병 컬렉션,Kolekcja Butelek,Колекція Пляшок,Verzameling Flessen,Şişe Koleksiyonu
L_DEC_CONSPIRACYBOARD,,Conspiracy Board,陰謀の掲示板,Verschwörungstafel,Tableau de Conspiration,Tablero de Conspiración,Quadro de Conspiração,Доска заговоров,Bacheca delle Cospirazioni,陰謀佈告欄,密谋板,음모론 게시판,Tablica Spisków,Дошка змов,Complotbord,Komplo Panosu
L_DEC_DELIVERYDISASTER,,Delivery Disaster,配達の大惨事,Lieferkatastrophe,Catastrophe de Livraison,Desastre de Entrega,Desastre de Entrega,Катастрофа с доставкой,Disastro di Consegna,送貨災難,配送灾难,배달 대재앙,Katastrofa Dostawcza,Катастрофа з доставкою,Bezorgingscatastrofe,Teslimat Felaketi
L_DEC_GAMECRYSTAL,,Game Crystal,ゲームクリスタル,Spielkristall,Cristal de jeu,Cristal de Juego,Cristal do Jogo,Игровой Кристалл,Cristallo di Gioco,遊戲水晶,游戏水晶,게임 크리스탈,Kryształ Gry,Ігровий Кристал,Spelkristal,Oyun Kristali
L_DEC_GIANTTREASUREPILE,,Giant Treasure Pile,巨大な宝の山,Riesiger Schatz-Haufen,Tas de Trésor Géant,Montón de Tesoro Gigante,Pilha de Tesouro Gigante,Гигантская Куча Сокровищ,Cumulo di Tesori Gigante,巨大寶藏堆,巨大宝藏堆,거대한 보물 더미,Gigantyczny Stos Skarbów,Гігантська Купа Скарбів,Reusachtige Schathoop,Dev Hazine Yığını
L_DEC_HLJPCATCONDO,,HLJP Cat Condo,HLJP キャットコンドミニアム,HLJP Katzen-Condo,HLJP Condo pour Chats,HLJP Condominio de Gatos,HLJP Condomínio de Gatos,HLJP Кошачий Кондоминиум,HLJP Condominio per Gatti,HLJP貓咪公寓,HLJP猫咪公寓,HLJP 고양이 콘도,HLJP Kocia Rezydencja,HLJP Котячий Кондо,HLJP Kattenverblijf,HLJP Kedi Kondu
L_DEC_POWY'SCATBED,,Powy's Cat Bed,パウィーの猫ベッド,Powys Katzenbett,Lit de Chat de Powy,Cama para Gatos de Powy,Cama de Gato do Powy,Кошачья Кроватка Поуи,Cuccia di Powy,波威的貓窩,波维的猫窝,포위의 고양이 침대,Legowisko Kota Powy'ego,Котяче ліжко Пові,Powy's Kattenbed,Powy'nin Kedi Yatağı
L_DEC_PUGGYWAIVERMEMORIALCUP,,Puggy Waiver Memorial Cup,パギー・ウェイバー記念杯,Puggy Waiver Gedächtnispokal,Coupe Commémorative Puggy Waiver,Copa Conmemorativa Puggy Waiver,Copa Memorial Puggy Waiver,Мемориальный Кубок Пагги Уэйвера,Coppa Commemorativa Puggy Waiver,帕吉棄權紀念盃,帕吉豁免纪念杯,퍼기 웨이버 메모리얼 컵,Puchar Pamięci Puggy'ego Waivera,Кубок пам'яті Паггі Вейвера,Puggy Waiver Herdenkingsbeker,Puggy Waiver Anma Kupası
L_DEC_SEAHORSEAQUARIUM,,Seahorse Aquarium,シーホース水族館,Seepferdchen-Aquarium,Aquarium d'Hippocampes,Acuario de Caballitos de Mar,Aquário de Cavalo-Marinho,Аквариум с морскими коньками,Acquario di Cavallucci Marini,海馬水族館,海马水族馆,해마 수족관,Akwarium z Konikiem Morskim,Морський акваріум,Zeepaardenaquarium,Denizatı Akvaryumu
L_DEC_TEATIME,,Tea Time,お茶の時間,Teezeit,Heure du Thé,Hora del Té,Hora do Chá,Чаепитие,Ora del Tè,茶敘時光,午茶时间,티타임,Czas na herbatę,Час чаю,Theetijd,Çay Vakti
L_DEC_KARAL'STREE,,Karal's Tree,カラルの木,Karals Baum,L'Arbre de Karal,Árbol de Karal,Árvore de Karal,Древо Карала,Albero di Karal,卡拉爾之樹,卡拉尔之树,카랄의 나무,Drzewo Karala,Дерево Карала,Karals Boom,Karal'ın Ağacı
L_DEC_CINDERBLOSSOM,,Cinder Blossom,灰燼の花,Glutblüte,Fleur de Braise,Flor de Ceniza,Flor de Cinzas,Пепельный Цвет,Fiore di Cenere,灰燼花,余烬之花,잿빛 꽃,Kwiat Żaru,Цвіт Попелу,Sintelenbloesem,Kor Çiçeği
L_DEC_IMPERIOUSCACTUS,,Imperious Cactus,高慢なサボテン,Herrischer Kaktus,Cactus Impérieux,Cactus Imperioso,Cacto Imperioso,Надменный Кактус,Cactus Imperioso,傲慢仙人掌,傲慢仙人掌,거만한 선인장,Wyniosły Kaktus,Величний Кактус,Hooghartige Cactus,Kibirli Kaktüs
L_DEC_POTTEDNEGI,,Potted Negi,ネギの鉢植え,Topf-Negi,Negi en Pot,Negi en Maceta,Negi em Vaso,Горшочный Неги,Negi in Vaso,盆栽蔥,盆栽葱,화분에 심은 파,Doniczka z Negi,Вазон з цибулею,Negi in Pot,Saksıda Pırasa
L_DEC_FORBIDDENFRUITTREE,,Forbidden Fruit Tree,禁断の果実の木,Verbotener Fruchtbaum,Arbre aux Fruits Interdits,Árbol de Fruta Prohibida,Árvore do Fruto Proibido,Древо Запретного Плода,Albero del Frutto Proibito,禁忌果樹,禁果之树,금단의 열매 나무,Drzewo Zakazanego Owocu,Заборонене Дерево Плодів,Verboden Vruchtboom,Yasak Meyve Ağacı
L_DEC_TWISTEDFLOWER,,Twisted Flower,ねじれた花,Verdrehte Blume,Fleur Tordue,Flor Retorcida,Flor Retorcida,Искривленный Цветок,Fiore Contorto,扭曲之花,扭曲之花,뒤틀린 꽃,Skręcony Kwiat,Скручена Квітка,Verwrongen Bloem,Çarpık Çiçek
L_DEC_TALKINGPLANTS,,Talking Plants,話す植物,Sprechende Pflanzen,Plantes Parlantes,Plantas Parlantes,Plantas Falantes,Говорящие Растения,Piante Parlanti,會說話的植物,会说话的植物,말하는 식물,Gadające Rośliny,"Рослини, що розмовляють",Pratende Planten,Konuşan Bitkiler
L_DEC_SUNFLOWER,,Sunflower,ひまわり,Sonnenblume,Tournesol,Girasol,Girassol,Подсолнух,Girasole,向日葵,向日葵,해바라기,Słonecznik,Соняшник,Zonnebloem,Ayçiçeği
L_DEC_TORURN,,Torurn,トルーン,Torurn,Torurn,Torurn,Torurn,Торурн,Torurn,托倫,托鲁恩,토런,Torurn,Торурн,Torurn,Torurn
L_DEC_BADLUCKTREE,,Bad Luck Tree,不運の木,Pechbaum,Arbre de Malchance,Árbol de Mala Suerte,Árvore da Má Sorte,Дерево Неудачи,Albero della Sfortuna,厄運之樹,霉运之树,불운의 나무,Drzewo Pecha,Дерево Невдачі,Ongeluksboom,Kötü Şans Ağacı
L_DEC_AQUATICTERRARIUM,,Aquatic Terrarium,水生テラリウム,Aquatisches Terrarium,Terrarium Aquatique,Terrario Acuático,Terrário Aquático,Водный Террариум,Terrario Acquatico,水生玻璃容器,水生生态缸,수중 테라리움,Akwarium Terrarium,Водний тераріум,Aquatisch Terrarium,Su Teraryumu
L_DEC_HEDERA'SFACADE,,Hedera's Facade,ヘデラの仮面,Hederas Fassade,Façade d'Hedera,Fachada de Hedera,Fachada de Hedera,Фасад Хедеры,Facciata di Hedera,希德拉的假面,希德拉的伪装,헤데라의 가면,Fasada Hedery,Фасад Гедери,Hedera's Façade,Hedera'nın Maskesi
L_DEC_TORUN'SMANCATCHER,,Torun's Man Catcher,トルンの人間捕獲器,Toruns Menschenfänger,Attrape-homme de Torun,Cazahombres de Torun,Caçador de Homens de Torun,Ловец людей Торуна,Acchiappauomini di Torun,托倫的捕人器,托伦的捕人草,토룬의 맨캐처,Łapacz Ludzi Toruna,Ловець Людей Торуна,Mensenvanger van Torun,Torun'un İnsan Yakalayıcısı
L_DEC_CACTIBUNCH,,Cactibunch,サボテン団,Kaktusbande,Cactibunch,Cactibunch,Cactogrupo,Кактусбанч,Cactibunch,仙人掌群,仙人掌群,선인군,Kaktusowa Zgraja,Кактозбіговисько,Cactustroep,Kaktüsçetesi
L_DEC_MR.BEAR,,Mr. Bear,クマさん,Herr Bär,M. Ours,Sr. Oso,Sr. Urso,Мистер Медведь,Signor Orso,熊先生,熊先生,베어 씨,Pan Miś,Пан Ведмідь,Meneer Beer,Bay Ayı
L_DEC_FEARSOMEDISPLAY,,Fearsome Display,恐るべき威嚇,Furchteinflößende Darbietung,Démonstration Intimidante,Exhibición Aterradora,Demonstração Aterradora,Устрашающий Показ,Esibizione Intimidatoria,威懾展示,恐怖展示,위압적인 과시,Budzący Grozę Pokaz,Грізна Демонстрація,Angstaanjagende Vertoning,Korkunç Gösteri
L_DEC_POCKETPUFF,,Pocket Puff,ポケットパフ,Taschen-Puff,Puff de Poche,Puff de Bolsillo,Pufinho de Bolso,Карманный Пуфик,Puff Tascabile,口袋泡芙,口袋泡芙,포켓 퍼프,Kieszonkowy Puszek,Кишеньковий Пух,Zakpluisje,Cep Puf
L_DEC_JELLYFISH,,Jellyfish,クラゲ,Qualle,Méduse,Medusa,Água-viva,Медуза,Medusa,水母,水母,해파리,Meduza,Медуза,Kwal,Denizanası
L_DEC_SIRFEATHERBOTTOM,,Sir Featherbottom,サー・フェザーボトム,Sir Featherbottom,Sir Plumecul,Sir Plumacola,Sir Featherbottom,Сэр Пуходон,Sir Piumerino,羽臀爵士,羽臀爵士,페더바텀 경,Sir Featherbottom,Сер Пухозад,Heer Pluimkont,Sir Featherbottom
L_DEC_TSUCHINOKO,,Tsuchinoko,ツチノコ,Tsuchinoko,Tsuchinoko,Tsuchinoko,Tsuchinoko,Цучиноко,Tsuchinoko,槌蛇,野槌蛇,츠치노코,Tsuchinoko,Цучіноко,Tsuchinoko,Tsuchinoko
L_DEC_REX,,Rex,レックス,Rex,Rex,Rex,Rex,Рекс,Rex,雷克斯,雷克斯,렉스,Rex,Рекс,Rex,Rex
L_DEC_KIRAN'SKIRIN,,Kiran's Kirin,キランのキリン,Kirans Kirin,Kirin de Kiran,Kirin de Kiran,Kirin de Kiran,Кирин Кирана,Kirin di Kiran,奇藍的麒麟,基兰的麒麟,키란의 기린,Kirin Kirana,Кірін Кірана,Kiran's Kirin,Kiran'ın Kirin'i
L_DEC_TRINITY,,Trinity,トリニティ,Trinität,Trinité,Trinidad,Trindade,Троица,Trinità,三位一體,三位一体,트리니티,Trójca,Трійця,Drievuldigheid,Trinity
L_DEC_MAGICIAN'SRUG,,Magician's Rug,魔術師の絨毯,Zauberteppich,Tapis du Magicien,Alfombra del Mago,Tapete do Mago,Ковер Мага,Tappeto del Mago,魔法師的地毯,魔术师地毯,마법사의 양탄자,Dywan Maga,Килим Чарівника,Tovenaarstapijt,Büyücünün Halısı
L_DEC_VERYWELCOMINGMAT,,Very Welcoming Mat,とても歓迎するマット,Sehr Einladende Fußmatte,Paillasson Très Accueillant,Tapete Muy Acogedor,Tapete Muito Acolhedor,Очень Радушный Коврик,Zerbino Molto Accogliente,非常歡迎光臨地墊,非常欢迎垫,매우 환영하는 매트,Bardzo Gościnny Wycieraczka,Дуже привітний килимок,Zeer Gastvrije Mat,Çok Misafirperver Paspas
L_DEC_CHEESEFACTORYWELCOMEMAT,,Cheese Factory Welcome Mat,チーズ工場の玄関マット,Fußmatte der Käsefabrik,Paillasson de Bienvenue de la Fromagerie,Felpudo de Bienvenida de la Fábrica de Queso,Tapete de Boas-vindas da Fábrica de Queijo,Коврик у входа в сыроварню,Zerbino di Benvenuto della Fabbrica di Formaggio,起司工廠歡迎墊,奶酪工厂欢迎垫,치즈 공장 환영 매트,Wycieraczka Fabryki Sera,Вітальний Килимок Сирної Фабрики,Welkomstmat van de Kaasfabriek,Peynir Fabrikası Paspası
L_DEC_RIVEROFBEING,,River of Being,存在の川,Fluss des Seins,Fleuve de l'Être,Río del Ser,Rio do Ser,Река Бытия,Fiume dell'Essere,存在之河,存在之河,존재의 강,Rzeka Istnienia,Ріка Буття,Rivier van Zijn,Varlık Nehri
L_DEC_MINIMALISTMAYHEM,,Minimalist Mayhem,ミニマリスト・メイヘム,Minimalistisches Chaos,Chaos Minimaliste,Caos Minimalista,Caos Minimalista,Минималистичный Хаос,Caos Minimalista,極簡主義混亂,极简混乱,미니멀리스트 대혼란,Minimalistyczny Chaos,Мінімалістичний Хаос,Minimalistische Chaos,Minimalist Kaos
L_DEC_ECSTASYOFSAINTPUGSLEY,,Ecstasy of Saint Pugsley,エクスタシー・オブ・セイント・パグズリー,Ekstase des heiligen Pugsley,Extase de Saint Pugsley,Éxtasis de San Pugsley,Êxtase de São Pugsley,Экстаз Святого Пагсли,Estasi di San Pugsley,聖普格斯利的狂喜,圣普格斯利的狂喜,성 푸그슬리의 황홀경,Ekstaza Świętego Pugsleya,Екстаз Святого Пагслі,Extase van Sint Pugsley,Aziz Pugsley'nin Vecdi
L_DEC_THESAPPHIREDRAGON,,The Sapphire Dragon,サファイアドラゴン,Der Saphirdrache,Le Dragon de Saphir,El Dragón Zafiro,O Dragão de Safira,Сапфировый Дракон,Il Drago di Zaffiro,藍寶石龍,蓝宝石龙,사파이어 드래곤,Szafirowy Smok,Сапфіровий Дракон,De Saffieren Draak,Safir Ejderha
L_DEC_THESOUNDOFSILENCE,,The Sound of Silence,静寂の音,Der Klang der Stille,Le Son du Silence,El Sonido del Silencio,O Som do Silêncio,Звук Тишины,Il Suono del Silenzio,寂靜之聲,寂静之声,침묵의 소리,Dźwięk Ciszy,Звук Тиші,De Klank van Stilte,Sessizliğin Sesi
L_DEC_RESTFULSTUMP,,Restful Stump,安らぎの切り株,Erholsamer Baumstumpf,Souche Reposante,Tocón Reparador,Toco Repousante,Умиротворяющий Пень,Ceppo Riposante,安歇樹樁,安眠树桩,평화로운 그루터기,Kojący Pień,Спочивальний Пеньок,Rustgevende Boomstronk,Huzurlu Kütük
L_DEC_ANCIENTCOUCH,,Ancient Couch,古代のソファ,Uralte Couch,Canapé Ancien,Sofá Antiguo,Sofá Antigo,Древний Диван,Divano Antico,遠古沙發,远古沙发,고대의 소파,Pradawna Kanapa,Прадавній Диван,Antieke Bank,Kadim Kanepe
L_DEC_CARDTABLE,,Card Table,カードテーブル,Kartentisch,Table de cartes,Mesa de Cartas,Mesa de Cartas,Карточный стол,Tavolo da Carte,卡牌桌,卡牌桌,카드 테이블,Stół do kart,Картковий стіл,Kaarttafel,Kart Masası
L_DEC_MINIMOUNTAIN,,Mini Mountain,ミニマウンテン,Mini-Berg,Mini Montagne,Mini Montaña,Mini Montanha,Мини-гора,Mini Montagna,迷你山,迷你山,미니 마운틴,Mini Góra,Міні-гора,Mini Berg,Mini Dağ
L_DEC_VAMPIRETHRONE,,Vampire Throne,ヴァンパイア・スローン,Vampirthron,Trône Vampirique,Trono Vampírico,Trono Vampírico,Трон Вампира,Trono del Vampiro,吸血鬼王座,吸血鬼王座,뱀파이어 왕좌,Tron Wampira,Трон Вампіра,Vampiertroon,Vampir Tahtı
L_DEC_GAMETABLE,,Game Table,ゲームテーブル,Spieltisch,Table de jeu,Mesa de Juego,Mesa de Jogo,Игровой стол,Tavolo da Gioco,遊戲桌,游戏桌,게임 테이블,Stół do gier,Ігровий стіл,Speltafel,Oyun Masası
L_DEC_TABLETENNIS,,Table Tennis,卓球,Tischtennis,Tennis de table,Tenis de Mesa,Tênis de Mesa,Настольный теннис,Tennis da Tavolo,桌球,乒乓球桌,탁구,Tenis stołowy,Настільний теніс,Tafeltennis,Masa Tenisi
L_DEC_ESOTERICLAMP,,Esoteric Lamp,エソテリックランプ,Esoterische Lampe,Lampe Ésotérique,Lámpara Esotérica,Lâmpada Esotérica,Эзотерический Светильник,Lampada Esoterica,神秘燈,隐秘之灯,비의적 등불,Lampa Ezoteryczna,Езотерична Лампа,Esoterische Lamp,Ezoterik Lamba
L_DEC_THETITANALONE,,The Titan Alone,タイタン・アローン,Der Titan allein,Le Titan Solitaire,El Titán Solitario,O Titã Solitário,Титан-одиночка,Il Titano Solitario,孤獨的泰坦,孤独的巨物,홀로 선 타이탄,Samotny Tytan,Титан на самоті,De Titan Alleen,Yalnız Titan
L_DEC_ARCANESTORM,,Arcane Storm,アーケインストーム,Arkaner Sturm,Tempête Arcanique,Tormenta Arcana,Tempestade Arcana,Магический Шторм,Tempesta Arcana,奧術風暴,奥术风暴,비전 폭풍,Burza Tajemna,Чародійська Буря,Arcane Storm,Büyülü Fırtına
L_DEC_SHRINEOFALLCOSMOS,,Shrine of All Cosmos,万宇宙の社,Schrein aller Kosmen,Sanctuaire de Tous les Cosmos,Santuario de Todos los Cosmos,Santuário de Todos os Cosmos,Святилище Всех Космосов,Santuario di Tutti i Cosmi,萬象神殿,众宇宙圣殿,모든 우주의 신전,Świątynia Wszystkich Kosmosów,Святиня Всесвіту,Heiligdom van Alle Kosmos,Tüm Kozmosun Tapınağı
L_DEC_GOLDENHERBLING,,Golden Herbling,黄金のハーブリング,Goldenes Kräutlein,Herbling Doré,Herbecillo Dorado,Herbinho Dourado,Золотой Травник,Erbetta Dorata,金色草藥精靈,金色草灵,황금 허블링,Złoty Zielnik,Золотий Травник,Gouden Herbling,Altın Otçuk
L_DEC_SEETHINGBLADE,,Seething Blade,怒りの刃,Zornklinge,Lame Bouillonnante,Espada Hirviente,Lâmina Fervilhante,Кипящий Клинок,Lama Furente,沸騰之刃,沸腾之刃,격노의 검,Wściekłe Ostrze,Киплячий Клинок,Ziedend Zwaard,Öfkeli Kılıç
L_DEC_EXTRACTEDCONFESSION,,Extracted Confession,抽出された告白,Extrahiertes Geständnis,Confession Extraite,Confesión Extraída,Confissão Extraída,Извлеченная Исповедь,Confessione Estratta,提取的告白,提取的忏悔,추출된 고백,Wydobyte Wyznanie,Вилучене Зізнання,Ontworstelde Bekentenis,Çıkarılmış İtiraf
L_DEC_ZENBLOOM,,Zen Bloom,禅ブルーム,Zen-Blüte,Floraison Zen,Flor Zen,Florescência Zen,Цветение Дзен,Fioritura Zen,禪意綻放,禅之花,젠 블룸,Kwiat Zen,Дзен Цвітіння,Zen Bloei,Zen Çiçeği
L_DEC_WELLOFDAMNEDSOULS,,Well of Damned Souls,呪われし魂の井戸,Brunnen der Verdammten Seelen,Puits des Âmes Damnées,Pozo de Almas Condenadas,Poço das Almas Condenadas,Колодец Проклятых Душ,Pozzo delle Anime Dannate,詛咒靈魂之井,诅咒灵魂之井,저주받은 영혼의 우물,Studnia Przeklętych Dusz,Колодязь Проклятих Душ,Put der Verdoemde Zielen,Lanetli Ruhlar Kuyusu
L_DEC_SAVIOR'SSHIELD,,Savior's Shield,セイヴァーの盾,Schild des Retters,Bouclier du Sauveur,Escudo del Salvador,Escudo do Salvador,Щит Спасителя,Scudo del Salvatore,救世者之盾,救世者之盾,구원자의 방패,Tarcza Wybawiciela,Щит Рятівника,Schild van de Redder,Kurtarıcının Kalkanı
L_DEC_CORPSELANTERN,,Corpse Lantern,死体灯籠,Leichenlaterne,Lanterne Cadavérique,Linterna de Cadáver,Lanterna de Cadáver,Фонарь Мертвеца,Lanterna del Cadavere,屍燈,尸灯,시체 등불,Latarnia Trupów,Ліхтар Трупа,Lijklantaarn,Ceset Feneri
L_DEC_BLAZINGSPIRAL,,Blazing Spiral,炎の螺旋,Flammende Spirale,Spirale Flamboyante,Espiral Ardiente,Espiral Flamejante,Пылающая Спираль,Spirale Ardente,烈焰螺旋,烈焰螺旋,불타는 나선,Płomienna Spirala,Палаюча Спіраль,Vlammende Spiraal,Alev Sarmalı
L_DEC_AXEOFMASSACRES,,Axe of Massacres,大虐殺の斧,Axt der Massaker,Hache des Massacres,Hacha de Masacres,Machado de Massacres,Топор Резни,Ascia dei Massacri,屠殺之斧,屠杀之斧,대학살의 도끼,Topór Masakry,Сокира Різанини,Bijl van Slachtingen,Katliamlar Baltası
L_DEC_MONARCHRICHES,,Monarch Riches,君主の富,Monarchen-Reichtümer,Richesses Royales,Riquezas del Monarca,Riquezas do Monarca,Королевские Богатства,Ricchezze del Monarca,君王財富,君王财富,군주의 부,Bogactwa Monarchy,Королівські Багатства,Koninklijke Rijkdommen,Hükümdar Zenginlikleri
L_DEC_THEFIRSTRUNE,,The First Rune,最初の印,Der Erste Rune,La Première Rune,La Primera Runa,A Primeira Runa,Первая Руна,La Prima Runa,第一符文,第一符文,첫 번째 룬,Pierwszy Runiczny Znak,Перша Руна,De Eerste Rune,İlk Rün
L_DEC_VERYSMALLGOLDENFORTRESS,,Very Small Golden Fortress,極小の黄金要塞,Sehr Kleine Goldene Festung,Très Petite Forteresse Dorée,Fortaleza Dorada Muy Pequeña,Fortaleza Dourada Muito Pequena,Крошечная Золотая Крепость,Piccolissima Fortezza Dorata,極小金色堡壘,小小金色要塞,아주 작은 황금 요새,Bardzo Mała Złota Forteca,Дуже Маленька Золота Фортеця,Zeer Kleine Gouden Vesting,Çok Küçük Altın Kale
L_DEC_THELASTPERSONWHOANNOYEDME,,The Last Person Who Annoyed Me,最後に私を苛立たせた人,"Die letzte Person, die mich genervt hat",La Dernière Personne Qui M'a Agacé,La Última Persona Que Me Molestó,A Última Pessoa Que Me Irritou,"Последний человек, который меня раздражал",L'Ultima Persona Che Mi Ha Infastidito,上一個惹惱我的人,上一个惹恼我的人,나를 마지막으로 짜증나게 한 사람,"Ostatnia Osoba, Która Mnie Zirytowała","Остання Людина, Яка Мене Дратувала",De Laatste Persoon Die Mij Irriteerde,Son Beni Sinirlendiren Kişi
L_DEC_DOUBLERAINBOW,,Double Rainbow,ダブルレインボー,Doppelter Regenbogen,Double Arc-en-ciel,Arcoíris Doble,Arco-íris Duplo,Двойная Радуга,Doppio Arcobaleno,雙重彩虹,双彩虹,이중 무지개,Podwójna Tęcza,Подвійна Веселка,Dubbele Regenboog,Çifte Gökkuşağı
L_DEC_MANYBLADESASONE,,Many Blades As One,一つとなる多くの剣,Viele Klingen Als Eine,De Nombreuses Lames Comme Une Seule,Muchas Espadas Como Una,Muitas Lâminas Como Uma,Множество Клинков Как Один,Molte Lame Come Una,眾刃合一,众刃合一,하나로 모인 수많은 검,Wiele Ostrzy Jako Jedno,Багато Клинків Як Один,Vele Klingen Als Één,Tek Vücut Çok Kılıç
L_DEC_TRICKSTER'SJOKE,,Trickster's Joke,トリックスターの冗談,Streich des Tricksters,Farce du Filou,Broma del Embaucador,Piada do Trapaceiro,Шутка Обманщика,Scherzo del Imbroglione,詭術師的玩笑,诡术师的玩笑,사기꾼의 농담,Żart Kuglarza,Жарт Трикстера,Grap van de Bedrieger,Hilebazın Şakası
L_DEC_ANCESTORSPIRIT,,Ancestor Spirit,先祖の霊,Ahnengeist,Esprit Ancestral,Espíritu Ancestral,Espírito Ancestral,Дух Предка,Spirito Ancestrale,先祖之靈,先祖之灵,선조의 영혼,Duch Przodka,Дух Предка,Vooroudergeest,Ata Ruhu
L_DEC_VACCUUMVORTEX,,Vaccuum Vortex,バキュームボルテックス,Vakuum-Wirbel,Vortex du Vide,Vórtice de Vacío,Vórtice de Vácuo,Вакуумный Вихрь,Vortice del Vuoto,真空漩渦,真空漩涡,진공 소용돌이,Wirujący Próżniowy,Вакуумний Вихор,Vacuüm Vortex,Vakum Girdabı
L_DEC_SCRYINGPOOL,,Scrying Pool,占いの泉,Weissagungsbecken,Bassin de Divination,Piscina de Adivinación,Poço de Vidência,Гадальный Бассейн,Vasca di Divinazione,占卜池,探知之池,점술의 연못,Basen Wróżebny,Магічний Басейн,Waarzegbassin,Kehanet Havuzu
L_DEC_UNFINISHEDPROTOTYPE,,Unfinished Prototype,未完成のプロトタイプ,Unvollendeter Prototyp,Prototype inachevé,Prototipo Inacabado,Protótipo Inacabado,Незавершенный прототип,Prototipo Incompleto,未完成的原型,未完成的原型,미완성 프로토타입,Niedokończony Prototyp,Незавершений прототип,Onafgewerkt Prototype,Tamamlanmamış Prototip
L_DEC_MINIATURESTAR,,Miniature Star,ミニチュア・スター,Miniaturstern,Étoile Miniature,Estrella Miniatura,Estrela Miniatura,Миниатюрная Звезда,Stella Miniatura,微型星辰,微型星星,미니어처 스타,Miniaturowa Gwiazda,Мініатюрна Зірка,Miniatuurster,Minyatür Yıldız
L_DEC_MYBLOODRUNNETHOVER,,My Blood Runneth Over,血潮あふれる,Mein Blut fließt über,Mon Sang Déborde,Mi Sangre Rebosa,Meu Sangue Transborda,Моя Кровь Льётся Через Край,Il Mio Sangue Trabocca,鮮血如注,血流成河,내 피가 넘쳐흐른다,Moja Krew Przelewa Się,Моя Кров Переповнює,Mijn Bloed Stroomt Over,Kanım Taşıyor
L_DEC_ABNORMALSPELLGEMS,,Abnormal Spell Gems,異常魔石,Abnormale Zaubersteine,Gemmes de Sort Anormales,Gemas de Hechizo Anormales,Gemas de Feitiço Anormais,Аномальные Самоцветы Заклинаний,Gemme Incantesimo Anomale,異常法術寶石,异常法术宝石,비정상 주문 보석,Nienormalne Klejnoty Zaklęć,Аномальні Магічні Самоцвіти,Abnormale Spreukstenen,Anormal Büyü Taşları
L_DEC_PURELIGHT,,Pure Light,聖なる光,Reines Licht,Lumière Pure,Luz Pura,Luz Pura,Чистый Свет,Luce Pura,純淨之光,纯净之光,순수한 빛,Czyste Światło,Чисте Світло,Zuiver Licht,Saf Işık
L_DEC_ESSENCEOFRUIN,,Essence of Ruin,滅亡の精髄,Essenz der Verderbnis,Essence de Ruine,Esencia de Ruina,Essência da Ruína,Эссенция Разрушения,Essenza della Rovina,毀滅精華,毁灭精华,파멸의 정수,Esencja Zniszczenia,Есенція Руїни,Essentie van Verval,Yıkımın Özü
L_DEC_GATEOFFATE,,Gate of Fate,運命の門,Tor des Schicksals,Porte du Destin,Puerta del Destino,Portão do Destino,Врата Судьбы,Porta del Destino,命運之門,命运之门,운명의 문,Brama Przeznaczenia,Брама Долі,Poort van het Lot,Kader Kapısı
L_DEC_DEADSHIPSRELIC,,Dead Ships Relic,死せる船の遺物,Relikt des Totenschiffs,Relique des Vaisseaux Morts,Reliquia de Naves Muertas,Relíquia de Navios Mortos,Реликвия Мёртвых Кораблей,Reliquia delle Navi Morte,亡船遺跡,亡船居所遗物,죽은 배의 유물,Relikt Martwych Statków,Реліквія Мертвих Кораблів,Reliek van Dode Schepen,Ölü Gemiler Kalıntısı
L_DEC_KINGDOMOFHERETICSSUPPLIES,,Kingdom of Heretics Supplies,異端者の王国の物資,Königreich der Ketzer Vorräte,Fournitures du Royaume des Hérétiques,Reino de Herejes Suministros,Reino dos Hereges Suprimentos,Припасы Королевства Еретиков,Regno dei Eretici Rifornimenti,異教徒王國補給品,异教王国补给,이단자의 왕국 보급품,Zapasy Królestwa Heretyków,Припаси Королівства Єретиків,Koninkrijk van Ketters Voorraden,Sapkınlar Krallığı Malzemeleri
L_DEC_ARACHNIDNESTICHOR,,Arachnid Nest Ichor,アラクニドの巣の体液,Arachniden-Nest-Ichor,Ichor de Nid d'Arachnide,Icor del Nido de Arácnido,Icor do Ninho de Aracnídeo,Ихор Паучьего Гнезда,Icore del Nido di Aracnide,蜘蛛巢穴液,蜘蛛巢穴灵液,거미 둥지 체액,Śluz z Gniazda Pajęczaków,Ікор Павучого Гнізда,Spinnennestsap,Örümcek Yuvası Özsuyu
L_DEC_ARACHNIDNESTSHRINE,,Arachnid Nest Shrine,アラクニド・ネストの祠,Schrein des Spinnennests,Sanctuaire du Nid d'Arachnide,Santuario del Nido de Arácnidos,Santuário do Ninho de Aracnídeo,Святилище Паучьего Гнезда,Santuario del Nido di Aracnidi,蜘蛛巢穴神殿,蜘蛛巢穴神龛,거미 둥지 신사,Sanktuarium Pajęczego Gniazda,Святиня Павучого Гнізда,Spinnennest Heiligdom,Örümcek Yuvası Tapınağı
L_DEC_THEBARRENSSHRINE,,The Barrens Shrine,荒野の祠,Die Ödland-Schrein,Le Sanctuaire des Terres Arides,El Santuario de los Páramos,Santuário das Áridas,Святилище Пустошей,Il Santuario delle Terre Desolate,荒原神殿,荒芜之地神龛,황무지 신사,Sanktuarium Pustkowi,Святиня Пустищ,De Woestenijschrijn,Çorak Topraklar Tapınağı
L_DEC_THEBARRENSBURIEDTREASURE,,The Barrens Buried Treasure,バレンの埋蔵宝物,Die Verborgenen Schätze der Ödlande,Le Trésor Enfoui des Terres Arides,El Tesoro Enterrado de Los Páramos,O Tesouro Enterrado da Vastidão,Зарытое Сокровище Пустошей,Il Tesoro Sepolto delle Terre Desolate,荒原埋藏寶藏,荒芜之地埋藏的宝藏,황무지의 매장된 보물,Zakopany Skarb Pustkowi,Закопаний скарб Пустищ,De Verborgen Schat van de Woestenij,Çorak Topraklar'ın Gömülü Hazinesi
L_DEC_FARAWAYENCLAVESTARFISH,,Faraway Enclave Starfish,遠方の飛地 ヒトデ,Entlegene Enklave Seestern,Enclave Lointaine Étoile de Mer,Enclave Lejano Estrella de Mar,Enclave Distante Estrela-do-Mar,Далекий Анклав Морская Звезда,Enclave Lontana Stella Marina,遙遠飛地星魚,遥远飞地海星,머나먼 은신처 불가사리,Odległa Enklawa Rozgwiazda,Віддалений Анклав Морська Зірка,Verre Enclave Zeester,Uzak Yerleşke Denizyıldızı
L_DEC_CAUSTICREACTORSEWER,,Caustic Reactor Sewer,腐食性原子炉下水道,Ätzender Reaktor-Abwasserkanal,Égout du Réacteur Caustique,Alcantarilla del Reactor Cáustico,Esgoto do Reator Cáustico,Канализация Каустического Реактора,Fognatura del Reattore Caustico,腐蝕反應爐下水道,腐蚀性反应堆下水道,부식성 원자로 하수도,Kanał Reaktora Żrącego,Каналізація Каустичного Реактора,Bijtende Reactorsewer,Kostik Reaktör Kanalizasyonu
L_DEC_RESOURCENODETHEBARRENS,,Resource Node (The Barrens),リソースノード（荒野）,Ressourcenknoten (Die Ödlande),Nœud de ressources (Les Terres arides),Nodo de Recursos (Los Páramos),Nó de Recurso (As Áridas),Узел Ресурсов (Пустоши),Nodo di Risorse (Le Lande Desolate),資源節點（荒原）,资源节点（荒芜之地）,자원 노드 (황무지),Węzeł Zasobów (Pustkowia),Вузол ресурсів (Пустища),Grondstofknooppunt (De Woestenij),Kaynak Düğümü (Kurak Topraklar)
L_DEC_RESOURCENODEDEADSHIPS,,Resource Node (Dead Ships),リソースノード（デッドシップ）,Ressourcenknoten (Tote Schiffe),Nœud de ressources (Vaisseaux morts),Nodo de recursos (Naves muertas),Nódulo de Recursos (Naves Mortas),Узел ресурсов (Мертвые корабли),Nodo di Risorse (Navi Distrutte),資源節點（死亡船隻）,资源节点（亡船居所）,자원 노드 (죽은 함선),Węzeł Zasobów (Martwe Statki),Вузол ресурсів (Мертві кораблі),Grondstoffenknooppunt (Dode Schepen),Kaynak Düğümü (Ölü Gemiler)
L_DEC_RESOURCENODETORTURECHAMBER,,Resource Node (Torture Chamber),リソースノード（拷問室）,Ressourcenknoten (Folterkammer),Nœud de ressources (Chambre de torture),Nodo de Recursos (Cámara de Tortura),Nó de Recurso (Câmara de Tortura),Узел ресурсов (Камера пыток),Nodo di Risorse (Camera di Tortura),資源節點（刑訊室）,资源节点（酷刑密室）,자원 노드 (고문실),Węzeł Zasobów (Komnata Tortur),Вузол ресурсів (Камера тортур),Grondstofknooppunt (Martelkamer),Kaynak Düğümü (İşkence Odası)
L_DEC_RESOURCENODEREFUGEOFTHEMAGI,,Resource Node (Refuge of the Magi),リソースノード（魔術師の避難所）,Ressourcenknoten (Zuflucht der Magier),Nœud de ressources (Refuge des Mages),Nodo de Recursos (Refugio de los Magos),Nó de Recurso (Refúgio dos Magos),Узел Ресурсов (Убежище Магов),Nodo di Risorse (Rifugio dei Magi),資源節點（法師庇護所）,资源节点（贤者避难所）,자원 노드 (마법사의 은신처),Węzeł Zasobów (Schronienie Magów),Вузол ресурсів (Притулок магів),Grondstofknooppunt (Toevluchtsoord van de Magiërs),Kaynak Düğümü (Büyücülerin Sığınağı)
L_DEC_BUZZINGFLIES,,Buzzing Flies,ブンブン飛ぶハエ,Summende Fliegen,Mouches Bourdonnantes,Moscas Zumbantes,Moscas Zumbindo,Жужжащие Мухи,Mosche Ronzanti,嗡嗡蒼蠅,嗡嗡作响的苍蝇,윙윙거리는 파리,Brzęczące Muchy,Дзижчання Мух,Gonzende Vliegen,Vızıldayan Sinekler
L_DEC_COOKEDCOCKATRICE,,Cooked Cockatrice,コカトリスの料理,Gebratener Cockatrice,Cockatrice Cuite,Cocatriz Cocinada,Cocatriz Cozida,Приготовленный Кокатрикс,Cockatrice Cucinato,烤雞蛇,烤鸡蛇,조리된 코카트리스,Gotowany Kuroliszek,Приготований кокатрикс,Gekookte Basiliskhaan,Pişmiş Kokatris
L_DEC_TOMEOFELDRITCHKNOWLEDGE,,Tome of Eldritch Knowledge,魔道知識の書,Foliant des Unheimlichen Wissens,Tome de Savoir Occulte,Tomo de Conocimiento Arcano,Tomo do Conhecimento Arcano,Том Тайного Знания,Tomo della Conoscenza Arcana,古老知識之書,邪术知识古籍,비전 지식의 고서,Księga Pradawnej Wiedzy,Том Таємничих Знань,Boek van Occulte Kennis,Kadim Bilgi Kitabı
L_DEC_ALTAROFTHEOLDGODS,,Altar of the Old Gods,古の神々の祭壇,Altar der Alten Götter,Autel des Anciens Dieux,Altar de los Dioses Antiguos,Altar dos Deuses Antigos,Алтарь Древних Богов,Altare degli Antichi Dei,古神祭壇,古神祭坛,고대신들의 제단,Ołtarz Starych Bogów,Вівтар Прадавніх Богів,Altaar van de Oude Goden,Eski Tanrıların Sunağı
L_DEC_FROGALTAR,,Frog Altar,カエルの祭壇,Froschaltar,Autel de la Grenouille,Altar de Rana,Altar do Sapo,Алтарь Лягушки,Altare della Rana,青蛙祭壇,青蛙祭坛,개구리 제단,Ołtarz Żaby,Жаб'ячий Вівтар,Kikkeraltar,Kurbağa Sunağı
L_DEC_PIRATEFLAG,,Pirate Flag,海賊旗,Piratenflagge,Drapeau de Pirate,Bandera Pirata,Bandeira Pirata,Пиратский флаг,Bandiera Pirata,海盜旗,海盗旗,해적기,Piracka Flaga,Піратський прапор,Piratenvlag,Korsan Bayrağı
L_DEC_RED'SMEMORY,,Red's Memory,レッドの記憶,Rots Erinnerung,Souvenir de Rouge,Recuerdo de Red,Memória do Red,Воспоминание Рэда,Ricordo di Red,紅的記憶,红的记忆,레드의 기억,Wspomnienie Czerwonego,Спогад Реда,Rood's Herinnering,Kırmızı'nın Anısı
L_DEC_CELTICTRIVET,,Celtic Trivet,ケルトの鍋敷き,Keltischer Untersetzer,Trépied celtique,Trípode Celta,Trevo Celta,Кельтский подставной треножник,Treppiede Celtico,凱爾特三腳架,凯尔特三脚架,켈트 삼각대,Celtycki Trójnóg,Кельтський триніжок,Keltische Onderzetter,Kelt Üçayak
L_DEC_OBSIDIANBEACON,,Obsidian Beacon,黒曜石の標,Obsidian-Leuchtfeuer,Balise d'Obsidienne,Faro de Obsidiana,Farol de Obsidiana,Обсидиановый Маяк,Faro d'Ossidiana,黑曜石信標,黑曜石信标,흑요석 봉화,Obsydianowa Latarnia,Обсидіановий Маяк,Obsidiaan Baken,Obsidyen Feneri
L_DEC_STREETLANTERN,,Street Lantern,街灯,Straßenlaterne,Lanterne de rue,Farol de Calle,Lampião de Rua,Уличный Фонарь,Lampione,街燈,街灯,가로등,Latarnia Uliczna,Вуличний ліхтар,Straatlantaarn,Sokak Feneri
L_DEC_LIVINGROOMLAMP,,Living Room Lamp,リビングルームのランプ,Wohnzimmerlampe,Lampe de Salon,Lámpara de Sala,Luminária de Sala de Estar,Лампа в гостиной,Lampada da Soggiorno,客廳檯燈,客厅台灯,거실 램프,Lampa Pokojowa,Лампа у вітальні,Woonkamerlamp,Oturma Odası Lambası
L_DEC_GLOWINGORB,,Glowing Orb,輝く宝珠,Leuchtende Kugel,Orbe Lumineux,Orbe Resplandeciente,Orbe Brilhante,Светящийся шар,Sfera Luminosa,發光寶珠,发光宝珠,빛나는 오브,Świecąca Kula,Сяюча Сфера,Lichtgevende Bol,Parlayan Küre
L_DEC_JELLYTOWER,,Jelly Tower,ジェリータワー,Gelee-Turm,Tour de Gelée,Torre de Gelatina,Torre de Gelatina,Башня Желе,Torre di Gelatina,果凍塔,水母塔,젤리 타워,Wieża Galarety,Желейна Вежа,Geleitoren,Jöle Kulesi
L_DEC_LARGEORNATECHEST,,Large Ornate Chest,大きな装飾された宝箱,Große verzierte Truhe,Grand Coffre Orné,Cofre Ornamentado Grande,Baú Ornamentado Grande,Большой Изысканный Сундук,Grande Scrigno Ornato,大型華麗寶箱,大型华丽宝箱,큰 화려한 상자,Duża Zdobiona Skrzynia,Велика вишукана скриня,Grote Sierlijke Kist,Büyük Süslü Sandık
L_DEC_BYOBUSCREEN,,Byobu Screen,屏風スクリーン,Byobu-Bildschirm,Écran Byobu,Pantalla Byobu,Tela Byobu,Экран Бёбу,Schermo Byobu,屏風畫面,屏风,병풍 스크린,Ekran Byobu,Екран Бьобу,Byobu Scherm,Byobu Ekranı
L_DEC_BOTHEWOLF,,Bo the Wolf,ボウ・ザ・ウルフ,Bo der Wolf,Bo le Loup,Bo el Lobo,Bo o Lobo,Бо Волк,Bo il Lupo,波狼,狼人波,늑대 보,Bo Wilk,Бо Вовк,Bo de Wolf,Bo Kurt
L_DEC_KOIPOND,,Koi Pond,鯉の池,Koi-Teich,Bassin de Koïs,Estanque de Koi,Lago de Carpas,Пруд с карпами,Stagno delle Carpe Koi,錦鯉池塘,锦鲤池塘,잉어 연못,Staw z Karpiami Koi,Ставок з коропами,Koivijver,Japon Balığı Havuzu
L_DEC_OVERLYCOMPLEXMACHINERY,,Overly Complex Machinery,過度に複雑な機械,Übermäßig komplexe Maschinerie,Machinerie Excessivement Complexe,Maquinaria Excesivamente Compleja,Maquinário Excessivamente Complexo,Чрезмерно сложный механизм,Macchinario Eccessivamente Complesso,過於複雜的機械,过于复杂的机械,지나치게 복잡한 기계장치,Nadmiernie Skomplikowana Maszyneria,Надмірно складний механізм,Overdreven Complexe Machinerie,Aşırı Karmaşık Makine
L_DEC_CHOCOLATEFOUNTAIN,,Chocolate Fountain,チョコレートファウンテン,Schokoladenbrunnen,Fontaine de Chocolat,Fuente de Chocolate,Fonte de Chocolate,Шоколадный Фонтан,Fontana di Cioccolato,巧克力噴泉,巧克力喷泉,초콜릿 분수,Fontanna Czekoladowa,Шоколадний фонтан,Chocoladefontein,Çikolata Çeşmesi
L_DEC_HIDDENMONSTER,,Hidden Monster,隠れモンスター,Verborgenes Monster,Monstre caché,Monstruo Oculto,Monstro Oculto,Скрытый Монстр,Mostro Nascosto,隱藏怪物,隐秘怪物,숨겨진 몬스터,Ukryty Potwór,Прихований Монстр,Verborgen Monster,Gizli Canavar
L_DEC_FISHTANK,,Fish Tank,水槽,Aquarium,Aquarium,Pecera,Aquário,Аквариум,Acquario,魚缸,鱼缸,어항,Akwarium,Акваріум,Vissentank,Akvaryum
L_DEC_GROTESQUECONFLICT,,Grotesque Conflict,グロテスクコンフリクト,Grotesker Konflikt,Conflit Grotesque,Conflicto Grotesco,Conflito Grotesco,Гротескный Конфликт,Conflitto Grottesco,駭人衝突,怪诞冲突,괴기한 충돌,Groteskowy Konflikt,Гротескний Конфлікт,Groteske Strijd,Grotesk Çatışma
L_DEC_BABYBLUE'SMASK,,Baby Blue's Mask,ベビーブルーの仮面,Baby Blues Maske,Masque de Bébé Bleu,Máscara de Bebé Azul,Máscara do Bebê Azul,Маска Малышки Блю,Maschera di Baby Blue,嬰兒藍的面具,淡蓝色的面具,베이비 블루의 가면,Maska Błękitnego Dziecka,Маска Блакитного Малюка,Baby Blue's Masker,Bebek Mavisi'nin Maskesi
L_DEC_CHAMPIONSHIPBELT,,Championship Belt,チャンピオンベルト,Meistergürtel,Ceinture de Champion,Cinturón de Campeón,Cinturão de Campeão,Чемпионский пояс,Cintura del Campionato,冠軍腰帶,冠军腰带,챔피언십 벨트,Pas Mistrzowski,Чемпіонський пояс,Kampioensriem,Şampiyonluk Kemeri
L_DEC_THEPENSIVEMEOWSTER,,The Pensive Meowster,物思いにふけるニャン師,Der Grübelnde Miauster,Le Maître Pensif,El Meowster Pensativo,O Miaustro Pensativo,Задумчивый Мяустер,Il Meowster Pensieroso,沉思的喵大師,沉思的喵大师,생각에 잠긴 냥주인,Zamyślony Miauczyciel,Задумливий Муркотун,De Peinzende Miauwmeester,Düşünceli Miyavustası
L_DEC_PUMBLE'SBELOVEDCOMPANION,,Pumble's Beloved Companion,パンブルの愛する仲間,Pumbles geliebter Gefährte,Compagnon Bien-aimé de Pumble,Compañero Adorado de Pumble,Companheiro Amado de Pumble,Любимый Спутник Памбла,Amato Compagno di Pumble,帕波的摯愛夥伴,帕波挚爱的伙伴,펌블의 사랑하는 동료,Ukochany Towarzysz Pumble'a,Улюблений Компаньйон Памбла,Pumble's Geliefde Metgezel,Pumble'ın Sevgili Yoldaşı
L_DEC_BLOODSHROUD,,Blood Shroud,血の外套,Blutschleier,Linceul de Sang,Manto de Sangre,Manto de Sangue,Кровавый Покров,Sudario di Sangue,血之殮衣,血红裹尸布,피의 장막,Całun Krwi,Кривава Пелена,Bloedsluier,Kan Örtüsü
L_DEC_BROKENCEILINGFAN,,Broken Ceiling Fan,壊れた天井扇風機,Kaputte Deckenlampe,Ventilateur de Plafond Cassé,Ventilador de Techo Roto,Ventilador de Teto Quebrado,Сломанный потолочный вентилятор,Ventilatore da Soffitto Rotto,損壞的吊扇,破损的吊扇,고장난 천장 선풍기,Zepsuty Wentylator Sufitowy,Зламаний стельовий вентилятор,Kapotte Plafondventilator,Bozuk Tavan Vantilatörü
L_DEC_MIMI'STANK,,Mimi's Tank,ミミの戦車,Mimis Panzer,Char de Mimi,Tanque de Mimi,Tanque da Mimi,Танк Мими,Carro Armato di Mimi,咪咪的坦克,咪咪的鱼缸,미미의 탱크,Czołg Mimi,Танк Мімі,Mimi's Tank,Mimi'nin Tankı
L_DEC_DEADWREATH,,Deadwreath,デッドリース,Todesgirlande,Couronne Funèbre,Coronamortal,Coroa Mortal,Мертвовенок,Ghirlanda Mortale,死亡花冠,死亡花环,데드리스,Śmiertowieniec,Мертвовінок,Doodskrans,Ölümçelenk
L_DEC_THEEGG,,The Egg,卵,Das Ei,L'Œuf,El Huevo,O Ovo,Яйцо,L'Uovo,蛋,蛋,알,Jajo,Яйце,Het Ei,Yumurta
L_DEC_RULER'SARCANA,,Ruler's Arcana,支配者の秘儀,Arkanwissen des Herrschers,Arcanes du Souverain,Arcano del Soberano,Arcana do Soberano,Тайны Правителя,Arcano del Sovrano,統治者秘法,统治者的奥法,통치자의 비전,Arkana Władcy,Аркани Правителя,Heersers Arcana,Hükümdarın Sırları
L_DEC_BLOODFALL,,Bloodfall,ブラッドフォール,Blutfall,Chute de Sang,Caída de Sangre,Queda de Sangue,Кровопад,Caduta di Sangue,血隕,血瀑布,블러드폴,Krwawy Upadek,Кровопад,Bloedval,Kanduruş
L_DEC_LAVAFALL,,Lavafall,溶岩滝,Lavafall,Chute de lave,Cascada de lava,Queda de Lava,Лавопад,Cascata di lava,熔岩瀑布,熔岩瀑布,용암폭포,Lawospad,Лавоспад,Lavalval,Lavşelalesi
L_DEC_POISONFALL,,Poisonfall,毒の滝,Giftfall,Pluie Venimeuse,Lluvia Venenosa,Chuva Venenosa,Ядопад,Pioggia Velenosa,毒瀑,毒雨,독폭포,Trujący Opad,Отруйний водоспад,Gifval,Zehirli Çağlayan
L_DEC_VOIDFALL,,Voidfall,ヴォイドフォール,Voidfall,Voidfall,Voidfall,Voidfall,Бездна,Voidfall,虛空隕落,虚空雨,공허의 몰락,Pustkowir,Безодня,Voidfall,Boşlukçöküşü
L_DEC_WATERFALL,,Waterfall,滝,Wasserfall,Cascade,Cascada,Cachoeira,Водопад,Cascata,瀑布,瀑布,폭포,Wodospad,Водоспад,Waterval,Şelale
L_DEC_GALAXYVIEW,,Galaxy View,ギャラクシービュー,Galaxie-Ansicht,Vue Galactique,Vista Galáctica,Visão da Galáxia,Галактический обзор,Visione Galattica,銀河視圖,银河视图,은하계 보기,Widok Galaktyki,Галактичний огляд,Melkwegweergave,Galaksi Görünümü
L_DEC_MIRROROFREFLECTION,,Mirror of Reflection,反射の鏡,Spiegel der Reflexion,Miroir de Réflexion,Espejo de Reflexión,Espelho da Reflexão,Зеркало Отражения,Specchio della Riflessione,反射之鏡,反射之镜,반영의 거울,Lustro Odbicia,Дзеркало Відображення,Spiegel van Reflectie,Yansıma Aynası
L_DEC_POINTSAGE'SPAINTING,,Point Sage's Painting,賢者の絵画,Gemälde des Punktweisen,Tableau du Sage des Points,Pintura del Sabio de Puntos,Pintura do Sábio de Pontos,Картина Мудреца Очков,Dipinto del Saggio del Punto,賢者之點繪,尖头贤者的画作,현자의 그림,Obraz Mędrca Punktów,Картина Мудреця Точки,Punt van de Wijze's Schilderij,Nokta Bilgesinin Resmi
L_DEC_EXOTICCREATURE,,Exotic Creature,エキゾチッククリーチャー,Exotische Kreatur,Créature Exotique,Criatura Exótica,Criatura Exótica,Экзотическое Существо,Creatura Esotica,異域生物,异界生物,이국적인 생물,Egzotyczne Stworzenie,Екзотична Істота,Exotisch Wezen,Egzotik Yaratık
L_DEC_MYSTERIOUSCYPRESS,,Mysterious Cypress,神秘の糸杉,Geheimnisvolle Zypresse,Cyprès Mystérieux,Ciprés Misterioso,Cipreste Misterioso,Таинственный Кипарис,Cipresso Misterioso,神秘柏樹,神秘柏树,신비한 사이프러스,Tajemniczy Cyprys,Таємничий кипарис,Mysterieuze Cipres,Gizemli Selvi
L_DEC_JADEPLANT,,Jade Plant,ヒスイの木,Jadepflanze,Plante de Jade,Planta de Jade,Planta de Jade,Нефритовое растение,Pianta di Giada,玉樹,碧玉植物,비취 식물,Grubosz,Нефритова рослина,Jadeplant,Yeşim Bitkisi
L_DEC_FLAREBLOOM,,Flarebloom,フレアブルーム,Feuerblüte,Floreflambée,Florallama,Florescência Flamejante,Пламяцвет,Fiammafiorita,焰華,焰之花,화염꽃,Ognisty Kwiat,Спалахоцвіт,Vuurbloeier,Alevçiçeği
L_DEC_DRAGONSNAPS,,Dragonsnaps,ドラゴンスナップ,Drachenschnapper,Gueules-de-dragon,Mordedragones,Bocas-de-dragão,Драконьи пасти,Morsi di Drago,龍吻花,龙吻花,드래곤스냅스,Smocze Paszcze,Драконоцвіт,Drakenklappers,Ejderhaçiçeği
L_DEC_PLUSHIEPILE,,Plushie Pile,ぬいぐるみの山,Plüschtier-Haufen,Tas de Peluches,Montón de Peluches,Pilha de Pelúcias,Куча Плюшевых Игрушек,Mucchio di Peluche,絨毛玩偶堆,毛绒玩具堆,인형 더미,Stos Pluszaków,Купа М'яких Іграшок,Knuffelstapel,Peluş Yığını
L_DEC_ADORABLECAT,,Adorable Cat,かわいい猫,Niedliche Katze,Chat Adorable,Gato Adorable,Gato Adorável,Очаровательный кот,Gatto Adorabile,可愛的貓咪,可爱的猫,귀여운 고양이,Uroczy Kot,Чарівний кіт,Schattige Kat,Sevimli Kedi
L_DEC_TOYLANDAMALGAMATION,,Toyland Amalgamation,トイランド・アマルガメーション,Spielzeugland-Verschmelzung,Amalgame de Jouets,Amalgama de Juguetelandia,Amálgama de Brinquedolândia,Игрушечное Слияние,Amalgama di Giocattolandia,玩具樂園融合體,玩具融合体,장난감 나라 융합체,Amalgamat Krainy Zabawek,Іграшкова Амальгамація,Speelgoedland Samensmelting,Oyuncak Diyarı Birleşimi
L_DEC_DERVISH,,Dervish,舞闘士,Derwisch,Derviche,Derviche,Dervixe,Дервиш,Derviscio,狂舞者,苦行僧,광전사,Derwisz,Дервіш,Derwisj,Derviş
L_DEC_BALANCE,,Balance,バランス,Balance,Équilibre,Equilibrio,Equilíbrio,Баланс,Equilibrio,平衡,平衡,균형,Równowaga,Баланс,Balans,Denge
L_DEC_HARLEQUINLEODOLL,,Harlequin Leo Doll,ハーレクイン・レオ・ドール,Harlekin Leo Puppe,Poupée Léo Arlequin,Muñeco Leo Arlequín,Boneco Leão Arlequim,Кукла Арлекин Лео,Bambola Leone Arlecchino,小丑獅子玩偶,小丑狮子玩偶,할리퀸 레오 인형,Lalka Harlekin Leo,Лялька Арлекіна Лео,Harlequin Leo Pop,Palyaço Leo Bebek
L_DEC_DARKMAGE,,Dark Mage,ダークメイジ,Dunkler Magier,Mage Noir,Mago Oscuro,Mago das Trevas,Тёмный маг,Mago Oscuro,黑暗法師,黑暗法师,암흑 마법사,Mroczny Mag,Темний маг,Duistere Magiër,Kara Büyücü
L_DEC_WARHOG,,Warhog,ウォーホグ,Kriegseber,Sanglier de guerre,Jabalí de Guerra,Javali de Guerra,Боевой кабан,Cinghiale da Guerra,戰豬,战猪,워호그,Warchlak,Бойовий кабан,Oorlogszwijn,Savaşdomuzu
L_DEC_CHUBBYCAT,,Chubby Cat,ぽっちゃり猫,Molliger Kater,Chat Dodu,Gato Gordito,Gato Gorducho,Пухлый Кот,Gatto Paffuto,胖貓咪,胖猫咪,통통한 고양이,Puszysty Kot,Пухкий Кіт,Mollige Kat,Tombul Kedi
L_DEC_THEDESTINYRUG,,The Destiny Rug,運命の絨毯,Der Schicksalsteppich,Le Tapis du Destin,La Alfombra del Destino,O Tapete do Destino,Ковёр Судьбы,Il Tappeto del Destino,命運地毯,命运地毯,운명의 러그,Dywan Przeznaczenia,Килим Долі,Het Lotskleed,Kader Halısı
L_DEC_MONUMENTTOTHEDEFIANTEAGLE,,Monument to the Defiant Eagle,不屈の鷲の記念碑,Denkmal des Trotzigen Adlers,Monument à l'Aigle Défiant,Monumento al Águila Desafiante,Monumento à Águia Desafiadora,Монумент Непокорному Орлу,Monumento all'Aquila Ribelle,不屈之鷹紀念碑,不屈之鹰纪念碑,저항하는 독수리의 기념비,Pomnik Nieustępliwego Orła,Пам'ятник Непокірному Орлу,Monument voor de Weerspannige Adelaar,Asi Kartal Anıtı
L_DEC_BOSSCALIBANSTATUE,,Boss Caliban Statue,ボス・キャリバン像,Boss Caliban Statue,Statue du Boss Caliban,Estatua del Jefe Caliban,Estátua do Chefe Caliban,Статуя Босса Калибана,Statua del Boss Caliban,首領卡利班雕像,首领卡利班雕像,보스 칼리반 석상,Posąg Bossa Calibana,Статуя Боса Калібана,Baas Caliban Standbeeld,Patron Caliban Heykeli
L_DEC_CRIMSONEYEDCROW,,Crimson Eyed Crow,紅眼の鴉,Rotäugige Krähe,Corbeau aux Yeux Pourpres,Cuervo de Ojos Carmesí,Corvo de Olhos Carmesim,Ворон с Багряными Глазами,Corvo dagli Occhi Cremisi,赤眼烏鴉,赤眼乌鸦,붉은 눈의 까마귀,Kruk o Karmazynowych Oczach,Ворон з Багряними Очима,Karmozijnogige Kraai,Kızıl Gözlü Karga
L_DEC_UNDERSEAADVENTURER,,Undersea Adventurer,海底の冒険者,Unterwasser-Abenteurer,Aventurier des Profondeurs,Aventurero Submarino,Aventureiro Submarino,Подводный Искатель Приключений,Avventuriero Sottomarino,海底冒險家,海底冒险家,해저 모험가,Podwodny Poszukiwacz Przygód,Підводний Шукач Пригод,Onderzee Avonturier,Denizaltı Maceracısı
L_DEC_HONORIFICSTATUE,,Honorific Statue,名誉の像,Ehrenstatue,Statue Honorifique,Estatua Honorífica,Estátua Honorífica,Почетная Статуя,Statua Onorifica,榮譽雕像,荣誉雕像,명예의 석상,Posąg Honorowy,Почесна Статуя,Eretitel Standbeeld,Onursal Heykel
L_DEC_TRIBUTETOTHEEND,,Tribute to the End,終焉への貢物,Tribut an das Ende,Hommage à la Fin,Tributo al Fin,Tributo ao Fim,Дань Концу,Tributo alla Fine,終末的獻禮,末日之祭,종말에 대한 헌사,Hołd dla Końca,Данина Кінцю,Eerbetoon aan het Einde,Sonun Övgüsü
L_DEC_STATUEOFTHEGOLDENBABY,,Statue of the Golden Baby,黄金の赤子の像,Statue des Goldenen Babys,Statue du Bébé d'Or,Estatua del Bebé Dorado,Estátua do Bebê Dourado,Статуя Золотого Младенца,Statua del Bambino d'Oro,黃金嬰兒雕像,金色婴儿雕像,황금 아기의 석상,Posąg Złotego Dziecka,Статуя Золотого Немовляти,Standbeeld van de Gouden Baby,Altın Bebek Heykeli
L_DEC_EMERALDTIDESTATUE,,Emerald Tide Statue,エメラルドタイドの像,Smaragdflut-Statue,Statue de la Marée d'Émeraude,Estatua de la Marea Esmeralda,Estátua da Maré Esmeralda,Статуя Изумрудного Прилива,Statua della Marea di Smeraldo,翡翠潮汐雕像,翡翠潮雕像,에메랄드 타이드 석상,Posąg Szmaragdowego Przypływu,Статуя Смарагдового Припливу,Smaragdgetij Standbeeld,Zümrüt Gelgit Heykeli
L_DEC_THEANCIENTEGG,,The Ancient Egg,古代の卵,Das Uralte Ei,L'Œuf Ancien,El Huevo Antiguo,O Ovo Ancestral,Древнее Яйцо,L'Uovo Antico,遠古之卵,远古之卵,고대의 알,Starożytne Jajo,Прадавнє Яйце,Het Oude Ei,Kadim Yumurta
L_DEC_FOSSILS,,Fossils,化石,Fossilien,Fossiles,Fósiles,Fósseis,Окаменелости,Fossili,化石,化石,화석,Skamieliny,Скам'янілості,Fossielen,Fosiller
L_DEC_THEMASK,,The Mask,仮面,Die Maske,Le Masque,La Máscara,A Máscara,Маска,La Maschera,面具,面具,가면,Maska,Маска,Het Masker,Maske
L_DEC_MEGOPOD,,Megopod,メゴポッド,Megopod,Mégopode,Megópodo,Megopod,Мегопод,Megopode,巨足獸,巨足兽,메고포드,Megopod,Мегопод,Megopod,Megopod
L_DEC_ARCHAEOLOGICALFIND,,Archaeological Find,考古学的発見,Archäologischer Fund,Découverte Archéologique,Hallazgo Arqueológico,Descoberta Arqueológica,Археологическая находка,Scoperta Archeologica,考古發現,考古发现,고고학적 발견,Znalezisko Archeologiczne,Археологічна знахідка,Archeologische Vondst,Arkeolojik Buluntu
L_DEC_BOSCAIOLO,,Boscaiolo,木こり,Holzfäller,Bûcheron,Leñador,Lenhador,Лесоруб,Lumberjack,伐木工,伐木工,나무꾼,Drwal,Лісоруб,Houthakker,Oduncu
L_DEC_THESTORYOFJINXKZ,,The Story of Jinxkz,ジンクスの物語,Die Geschichte von Jinxkz,L'Histoire de Jinxkz,La Historia de Jinxkz,A História de Jinxkz,История Джинкса,La Storia di Jinxkz,吉恩克斯的故事,金克斯的故事,징크즈의 이야기,Historia Jinxkza,Історія Джінкса,Het Verhaal van Jinxkz,Jinxkz'ın Hikayesi
L_DEC_ALSHAM'SALDHAHABIA,,Alsham's Aldhahabia,アルシャムのアルダハビア,Alshams Aldhahabia,Aldhahabia d'Alsham,Aldhahabia de Alsham,Aldhahabia de Alsham,Альшамская Альдхабия,Aldhahabia di Alsham,阿爾沙姆的阿爾達哈比亞,阿尔沙姆的阿尔达哈比亚,알샴의 알다하비아,Aldhahabia Alshama,Альшамська Альдхабія,Alsham's Aldhahabia,Alsham'ın Aldhahabia'sı
L_DEC_OBSERVANTCONSTRUCTION,,Observant Construction,観察力に優れた建設,Aufmerksame Konstruktion,Construction Observatrice,Construcción Observadora,Construção Observadora,Наблюдательное Строительство,Costruzione Osservatrice,敏銳建造,细心建造,관찰력 있는 건설,Uważna Konstrukcja,Спостережливе Будівництво,Opmerkzame Constructie,Gözlemci İnşaat
L_DEC_BRUTALISTBALANCE,,Brutalist Balance,ブルータリスト・バランス,Brutalistisches Gleichgewicht,Équilibre Brutaliste,Equilibrio Brutalista,Equilíbrio Brutalista,Брутальный Баланс,Equilibrio Brutalista,野蠻平衡,残暴平衡,잔혹한 균형,Brutalistyczna Równowaga,Брутальний Баланс,Brutalistische Balans,Brutalist Denge
L_DEC_DUNGBEETLEMONUMENT,,Dung Beetle Monument,ダンゴムシの記念碑,Dungkäfer-Monument,Monument du Bousier,Monumento del Escarabajo Pelotero,Monumento do Escaravelho,Памятник Навозному Жуку,Monumento dello Scarabeo Stercorario,糞金龜紀念碑,蜣螂纪念碑,쇠똥구리 기념비,Pomnik Żuka Gnojowego,Пам'ятник Гнойовому Жуку,Mestkever Monument,Bok Böceği Anıtı
L_DEC_VENIVIDIVICI,,Veni Vidi Vici,ウェニ・ウィディ・ウィキ,"Ich kam, ich sah, ich siegte",Veni Vidi Vici,Veni Vidi Vici,"Vim, Vi, Venci","Пришёл, Увидел, Победил",Veni Vidi Vici,我來，我見，我征服,我来、我见、我征服,왔노라 보았노라 이겼노라,"Przybyłem, zobaczyłem, zwyciężyłem","Прийшов, Побачив, Переміг","Ik kwam, ik zag, ik overwon",Geldim Gördüm Yendim
L_DEC_COLOSSALCHARM,,Colossal Charm,巨大な魅力,Kolossaler Charme,Charme Colossal,Encanto Colosal,Encanto Colossal,Колоссальный Амулет,Fascino Colossale,巨像護符,巨型魅力,거대한 부적,Kolosalny Urok,Колосальний Чар,Kolossale Charme,Devasa Cazibe
L_DEC_WYATT'SGLOBE,,Wyatt's Globe,ワイアットの地球儀,Wyatts Globus,Globe de Wyatt,Globo de Wyatt,Globo de Wyatt,Глобус Уайатта,Globo di Wyatt,懷亞特的地球儀,怀亚特的地球仪,와이어트의 지구본,Glob Wyatta,Глобус Ваятта,Wyatts Wereldbol,Wyatt'ın Küresi
L_DEC_TIAMAT'SWILL,,Tiamat's Will,ティアマットの意志,Tiamats Wille,Volonté de Tiamat,Voluntad de Tiamat,Vontade de Tiamat,Воля Тиамат,Volontà di Tiamat,提亞瑪特的意志,提亚马特的意志,티아마트의 의지,Wola Tiamat,Воля Тіамат,Tiamat's Wil,Tiamat'ın İradesi
L_DEC_MINOTAURBUST,,Minotaur Bust,ミノタウロスの胸像,Minotaurenbüste,Buste de Minotaure,Busto de Minotauro,Busto de Minotauro,Бюст Минотавра,Busto di Minotauro,牛頭人半身像,牛头人半身像,미노타우르 흉상,Popiersie Minotaura,Бюст Мінотавра,Minotaurenbuste,Minotaur Büstü
L_DEC_GODDESSOFTOFU,,Goddess of Tofu,豆腐の女神,Göttin des Tofu,Déesse du Tofu,Diosa del Tofu,Deusa do Tofu,Богиня Тофу,Dea del Tofu,豆腐女神,豆腐女神,두부의 여신,Bogini Tofu,Богиня Тофу,Godin van Tofu,Tofu Tanrıçası
L_DEC_MESSYARTTABLE,,Messy Art Table,散らかった美術テーブル,Unordentlicher Kunsttisch,Table d'Art en Désordre,Mesa de Arte Desordenada,Mesa de Arte Bagunçada,Грязный художественный стол,Tavolo d'Arte Disordinato,凌亂的藝術桌,凌乱的美术桌,어질러진 미술 테이블,Bałaganiarski Stół Artystyczny,Безладний Художній Стіл,Rommelige Kunsttafel,Dağınık Sanat Masası
L_DEC_LAZYLITTLENERO,,Lazy Little Nero,怠け者の小ネロ,Fauler kleiner Nero,Petit Néro le Paresseux,Pequeño Nero Perezoso,Preguiçoso Pequeno Nero,Ленивый Маленький Неро,Pigro Piccolo Nerone,懶惰的小尼祿,懒惰的小尼禄,게으른 작은 네로,Leniwy Mały Nero,Ледачий Малий Неро,Luie Kleine Nero,Tembel Küçük Nero
L_DEC_KITSUNEPLUSH,,Kitsune Plush,キツネのぬいぐるみ,Kitsune-Plüschtier,Peluche de Kitsune,Peluche de Kitsune,Pelúcia de Kitsune,Плюшевая Кицунэ,Peluche di Kitsune,狐狸玩偶,狐妖毛绒玩具,키츠네 인형,Pluszowy Lis,Плюшева Кіцуне,Vossenpop,Tilki Peluşu
L_DEC_SEIRYUPLUSH,,Seiryu Plush,セイリュウのぬいぐるみ,Seiryu-Plüschtier,Peluche Seiryu,Peluche de Seiryu,Pelúcia de Seiryu,Плюшевый Сэйрю,Peluche di Seiryu,青龍絨毛玩偶,青龙毛绒玩具,청룡 인형,Pluszak Seiryu,Плюшевий Сейрю,Seiryu Knuffel,Seiryu Peluş
L_DEC_GRIFFONPLUSH2,,Griffon Plush (2),グリフォンのぬいぐるみ (2),Greifenplüsch (2),Peluche de Griffon (2),Peluche de Grifo (2),Pelúcia de Grifo (2),Плюшевый Грифон (2),Peluche di Grifone (2),獅鷲絨毛玩偶 (2),狮鹫毛绒玩具（2）,그리폰 인형 (2),Pluszowy Gryf (2),Плюшевий Грифон (2),Griffoen Knuffel (2),Grifon Peluşu (2)
L_DEC_GARGOYLEPLUSH,,Gargoyle Plush,ガーゴイルのぬいぐるみ,Gargoylenpuppe,Peluche de Gargouille,Peluche de Gárgola,Pelúcia de Gárgula,Плюшевая Горгулья,Peluche di Gargoyle,石像鬼玩偶,滴水兽毛绒玩具,가고일 인형,Pluszowy Gargulec,Плюшевий гаргуйль,Stenen Waterspuwer Knuffel,Gargoyle Peluşu
L_DEC_INQUISITORPLUSH,,Inquisitor Plush,審問官のぬいぐるみ,Inquisitor-Plüschtier,Peluche d'Inquisiteur,Peluche de Inquisidor,Pelúcia de Inquisidor,Плюшевый Инквизитор,Peluche dell'Inquisitore,審判官絨毛玩偶,审判官毛绒玩具,심문관 인형,Pluszowy Inkwizytor,Плюшевий Інквізитор,Inquisiteur Knuffel,Sorgucu Peluş
L_DEC_MITEPLUSH,,Mite Plush,ダニのぬいぐるみ,Milben-Plüschtier,Peluche d'Acarien,Peluche de Ácaro,Pelúcia de Ácaro,Плюшевый Клещик,Peluche di Acaro,蟎蟲絨毛玩偶,螨虫毛绒玩具,진드기 인형,Pluszowy Roztocz,Плюшевий Кліщик,Mijtenknuffel,Akar Peluş
L_DEC_ARACHNALISKPLUSH,,Arachnalisk Plush,アラクナリスクのぬいぐるみ,Arachnalisk-Plüschtier,Peluche d'Arachnalisque,Peluche de Aracnalisco,Pelúcia de Aracnalisco,Плюшевый Арахналиск,Peluche di Aracnalisco,蜘蛛魔布偶,蛛魔毛绒玩具,거미괴물 인형,Pluszowy Arachnalisk,Плюшевий Арахналіск,Spinnenmonster Knuffel,Örümceksi Peluş
L_DEC_LUNATIOSTATUE,,Lunatio Statue,ルナティオ像,Lunatio-Statue,Statue de Lunatio,Estatua de Lunatio,Estátua de Lunatio,Статуя Лунатио,Statua di Lunatio,月光雕像,露娜提欧雕像,루나티오 석상,Posąg Lunatio,Статуя Лунатіо,Lunatiobeeld,Lunatio Heykeli
L_DEC_PUMPELMUSESTATUE,,Pumpelmuse Statue,パンペルムーゼの像,Pumpelmuse-Statue,Statue de Pumpelmuse,Estatua de Pumpelmuse,Estátua de Pumpelmuse,Статуя Пумпельмузе,Statua di Pumpelmuse,葡萄柚雕像,葡萄柚雕像,펌펠뮤즈 동상,Posąg Pumpelmuse,Статуя Пумпельмузе,Pompelmoesbeeld,Pumpelmuse Heykeli
L_DEC_OLDTOMTILDRUM,,Old Tom Tildrum,オールド・トム・ティルドラム,Alter Tom Tildrum,Vieux Tom Tildrum,Viejo Tom Tildrum,Velho Tom Tildrum,Старый Том Тилдрум,Vecchio Tom Tildrum,老湯姆·提爾德拉姆,老汤姆·提尔德拉姆,늙은 톰 틸드럼,Stary Tom Tildrum,Старий Том Тілдрум,Oude Tom Tildrum,Yaşlı Tom Tildrum
L_DEC_TINYANDOLINLANDSNAIL,,Tiny Andolin Land Snail,小さなアンドリン陸貝,Winzige Andolin-Landschnecke,Petit Escargot Terrestre d'Andolin,Pequeño Caracol Terrestre de Andolin,Pequeno Caracol Terrestre de Andolin,Крошечная наземная улитка Андолин,Piccola Lumaca Terrestre di Andolin,小安多林陸蝸牛,微型安多林陆行蜗牛,작은 안돌린 달팽이,Maleńki Lądowy Ślimak Andoliński,Крихітний наземний равлик Андолін,Kleine Andolin Landslak,Minik Andolin Kara Salyangozu
L_DEC_ANDOLINLANDSNAIL,,Andolin Land Snail,アンドリンの陸貝,Andolin-Landschnecke,Escargot terrestre d'Andolin,Caracol Terrestre de Andolin,Caracol Terrestre de Andolin,Наземная Улитка Андолина,Lumaca Terrestre di Andolin,安多林陸蝸牛,安多林陆行蜗牛,안돌린 달팽이,Ślimak Lądowy Andoliński,Наземний Равлик Андолін,Andolin Landslak,Andolin Kara Salyangozu
L_DEC_LIFEGUARDONDUTY,,Lifeguard On Duty,監視員勤務中,Rettungsschwimmer im Dienst,Maître-Nageur en Service,Salvavidas en servicio,Salva-vidas em Serviço,Дежурный Спасатель,Bagnino di Servizio,救生員值勤中,救生员值勤中,안전요원 근무 중,Ratownik Na Służbie,Рятувальник на чергуванні,Badmeester Aanwezig,Görevli Cankurtaran
L_DEC_T'MEREM'RGOPLUSH,,T'mere M'rgo Plush,ティメレ・ムルゴのぬいぐるみ,T'mere M'rgo Plüschtier,Peluche de T'mere M'rgo,Peluche de T'mere M'rgo,Pelúcia de T'mere M'rgo,Плюшевый Т'мере М'рго,Peluche di T'mere M'rgo,過來喵喵絨毛玩偶,特米尔·莫尔戈毛绒玩具,티메르 므르고 인형,Pluszak T'mere M'rgo,Плюшева Т'мере М'рго,T'mere M'rgo Knuffel,T'mere M'rgo Peluşu
L_DEC_SHALLANPLUSH,,Shallan Plush,シャラン・ぬいぐるみ,Shallan-Plüschtier,Peluche de Shallan,Peluche de Shallan,Pelúcia de Shallan,Плюшевая Шаллан,Peluche di Shallan,夏蘭絨毛玩偶,莎兰毛绒玩具,샬란 인형,Pluszowa Shallan,Плюшева Шаллан,Shallan Knuffel,Shallan Peluş
L_DEC_4080PLUSH,,4080 Plush,4080 ぬいぐるみ,4080 Plüsch,4080 Peluche,4080 Peluche,4080 Pelúcia,4080 Плюш,4080 Peluche,4080 絨毛玩偶,4080毛绒玩具,4080 플러시,4080 Pluszowy,4080 Плюш,4080 Pluche,4080 Peluş
L_DEC_RECLUSAPLUSH,,Reclusa Plush,レクルーサぬいぐるみ,Reclusa-Plüschtier,Peluche Reclusa,Peluche de Reclusa,Pelúcia de Reclusa,Плюшевая Реклуза,Peluche di Reclusa,蜘蛛絨毛玩偶,瑞克露莎毛绒玩具,레클루사 인형,Pluszowy Reclusa,Плюшева Реклуза,Reclusa Knuffel,Reclusa Peluş
L_DEC_MUSEPLUSH,,Muse Plush,ミューズぬいぐるみ,Musen-Plüschtier,Peluche de Muse,Peluche de Musa,Pelúcia de Musa,Плюшевая Муза,Peluche della Musa,繆思玩偶,缪斯毛绒玩具,뮤즈 인형,Pluszowa Muza,Плюшева Муза,Muze Knuffel,Müz Peluş
L_DEC_GENAROSPLUSH,,Genaros Plush,ジェナロスのぬいぐるみ,Genaros Plüschtier,Peluche Genaros,Peluche de Genaros,Pelúcia de Genaros,Плюшевый Генарос,Peluche di Genaros,傑納洛斯玩偶,杰纳罗斯毛绒玩具,제나로스 인형,Pluszak Genaros,Плюшевий Дженарос,Genaros Knuffel,Genaros Peluş
L_DEC_ARIAMAKIPLUSH,,Ariamaki Plush,アリアマキぬいぐるみ,Ariamaki Plüschtier,Peluche Ariamaki,Peluche de Ariamaki,Pelúcia Ariamaki,Плюшевый Ариамаки,Peluche Ariamaki,艾莉亞瑪基絨毛玩偶,阿瑞玛基毛绒玩具,아리아마키 인형,Pluszak Ariamaki,Плюшевий Аріамакі,Ariamaki Knuffel,Ariamaki Peluş
L_DEC_ANNELTHAPLUSH,,Anneltha Plush,アネルサ・プラッシュ,Anneltha-Plüschtier,Peluche d'Anneltha,Peluche de Anneltha,Pelúcia de Anneltha,Плюшевая Аннельта,Peluche di Anneltha,安妮爾莎絨毛玩偶,安妮莎毛绒玩具,아넬타 인형,Pluszak Anneltha,Плюшева Аннельта,Anneltha Knuffel,Anneltha Peluş
L_DEC_ALEXANDRIAPLUSH,,Alexandria Plush,アレクサンドリアのぬいぐるみ,Alexandria Plüschtier,Peluche Alexandria,Peluche de Alexandria,Pelúcia de Alexandria,Плюшевая Александрия,Peluche di Alexandria,亞歷山卓絨毛玩偶,亚历山大毛绒玩具,알렉산드리아 인형,Pluszowa Alexandria,Плюшева Александрія,Alexandria Knuffel,Alexandria Peluş
L_DEC_T'MEREM'RGO'SFLOORTILE,,T'mere M'rgo's Floor Tile,ト・メア・マーゴの床タイル,T'mere M'rgos Bodenfliese,Carreau de Sol de T'mere M'rgo,Baldosa de T'mere M'rgo,Ladrilho de T'mere M'rgo,Плитка Т'мер М'рго,Piastrella di T'mere M'rgo,提米爾·莫戈的地磚,特米尔·莫尔戈的地砖,트메르 므르고의 바닥 타일,Płytka Podłogowa T'mere M'rgo,Плитка Т'мере М'рго,T'mere M'rgo's Vloertegel,T'mere M'rgo'nun Yer Karosu
L_DEC_4080'SFLOORTILE,,4080's Floor Tile,4080の床タイル,4080er Bodenfliese,Carreau de sol 4080,Baldosa del Piso 4080,Ladrilho do Andar 4080,Плитка для пола 4080,Piastrella del Piano 4080,4080的地磚,4080的地砖,4080의 바닥 타일,Kafelka podłogowa 4080,Плитка для підлоги 4080,4080's Vloertegel,4080'in Yer Karosu
L_DEC_RECLUSA'SFLOORTILE,,Reclusa's Floor Tile,レクルーサの床タイル,Bodenfliese von Reclusa,Dalle de Sol de Reclusa,Baldosa de Reclusa,Ladrilho da Reclusa,Плитка Реклюзы,Piastrella di Reclusa,瑞克魯薩地磚,瑞克露莎的地砖,레클루사의 바닥 타일,Kafelka Podłogowa Reclusy,Плитка Реклюзи,Vloertegel van Reclusa,Reclusa'nın Yer Karosu
L_DEC_MUSE'SFLOORTILE,,Muse's Floor Tile,ミューズの床タイル,Musenfliese,Carreau de Sol de la Muse,Baldosa de la Musa,Azulejo da Musa,Плитка Музы,Piastrella della Musa,繆思的地磚,缪斯的地砖,뮤즈의 바닥 타일,Kafelka Muzy,Плитка Музи,Muze's Vloertegel,Müz'ün Yer Karosu
L_DEC_GENAROS'SFLOORTILE,,Genaros's Floor Tile,ゲナロスの床タイル,Genaros' Bodenfliese,Dalle de Sol de Genaros,Baldosa de Genaros,Ladrilho de Genaros,Плитка Дженароса,Piastrella di Genaros,傑納洛斯的地磚,杰纳罗斯的地砖,제나로스의 바닥 타일,Kafelka Podłogowa Genarosa,Плитка Дженароса,Vloertegel van Genaros,Genaros'un Yer Karosu
L_DEC_ARIAMAKI'SFLOORTILE,,Ariamaki's Floor Tile,アリアマキの床タイル,Ariamakis Bodenfliese,Dalle de Sol d'Ariamaki,Baldosa de Ariamaki,Ladrilho de Ariamaki,Плитка Ариамаки,Piastrella di Ariamaki,艾莉亞瑪基的地磚,阿瑞玛基的地砖,아리아마키의 바닥 타일,Kafelka Ariamaki,Плитка Аріамакі,Ariamaki's Vloertegel,Ariamaki'nin Yer Karosu
L_DEC_ANNELTHA'SFLOORTILE,,Anneltha's Floor Tile,アネルサの床タイル,Annelthas Bodenfliese,Dalle de Sol d'Anneltha,Baldosa de Anneltha,Ladrilho de Anneltha,Плитка Аннелты,Piastrella di Anneltha,安妮爾薩的地磚,安妮莎的地砖,아넬타의 바닥 타일,Kafelka Podłogowa Annelthy,Плитка Аннельти,Vloertegel van Anneltha,Anneltha'nın Yer Karosu
L_DEC_ALEXANDRIA'SFLOORTILE,,Alexandria's Floor Tile,アレクサンドリアの床タイル,Alexandrias Bodenfliese,Carreau de Sol d'Alexandria,Baldosa de Alejandría,Ladrilho de Alexandria,Напольная плитка Александрии,Piastrella di Alexandria,亞歷山卓的地磚,亚历山大的地砖,알렉산드리아의 바닥 타일,Płytka Podłogowa Aleksandrii,Плитка Александрії,Alexandrië's Vloertegel,Alexandria'nın Yer Karosu
L_DEC_ARCADEFLOORTILE,,Arcade Floor Tile,アーケードの床タイル,Spielhallen-Bodenfliese,Dalle de Sol d'Arcade,Baldosa de Arcade,Ladrilho de Arcade,Плитка для Аркады,Piastrella da Sala Giochi,電玩街地磚,街机地砖,오락실 바닥 타일,Kafelka Podłogowa Arkadowa,Плитка для аркади,Arcadezaal Vloertegel,Oyun Salonu Zemin Karosu
L_DEC_SHALLAN'SFLOORTILE,,Shallan's Floor Tile,シャランの床タイル,Shallans Bodenfliese,Dalle de Sol de Shallan,Baldosa de Shallan,Ladrilho de Shallan,Плитка Шаллан,Piastrella di Shallan,夏倫的地磚,莎兰的地砖,샬란의 바닥 타일,Kafelka Podłogowa Shallan,Плитка Шаллан,Vloertegel van Shallan,Shallan'ın Yer Karosu
L_DEC_FAELANDSFLOORTILE,,Fae Lands Floor Tile,フェイの国の床タイル,Feenland-Bodenfliese,Dalle de Sol des Terres Féeriques,Baldosa del Suelo de las Tierras Feéricas,Ladrilho do Piso das Terras Feéricas,Плитка Пола Земель Фей,Piastrella del Pavimento delle Terre Fatate,精靈國度地磚,仙灵秘境地砖,요정의 땅 바닥 타일,Kafelka Podłogowa Krainy Fae,Плитка для підлоги Чарівних Земель,Elfenland Vloertegel,Peri Diyarı Zemin Karosu
L_DEC_GAMBLER'SHIVEFLOORTILE,,Gambler's Hive Floor Tile,ギャンブラーの巣窟の床タイル,Spielerhöhlen-Bodenfliese,Dalle de Sol de la Ruche du Joueur,Baldosa del Piso de la Colmena del Jugador,Ladrilho do Covil do Apostador,Плитка Пола Улья Азартных Игр,Piastrella del Covo del Giocatore d'Azzardo,賭徒蜂巢地磚,赌徒蜂巢地砖,도박꾼의 벌집 바닥 타일,Kafelka Podłogowa Ula Hazardzisty,Плитка Підлоги Гнізда Азартника,Vloertegel van het Gokkersnest,Kumarbaz Kovanı Zemin Karosu
L_DEC_ASTRALGALLERYFLOORTILE,,Astral Gallery Floor Tile,アストラルギャラリーの床タイル,Astralgalerie-Bodenfliese,Dalle de Sol de la Galerie Astrale,Baldosa del Suelo de la Galería Astral,Ladrilho do Piso da Galeria Astral,Плитка для пола Астральной Галереи,Piastrella del Pavimento della Galleria Astrale,星界畫廊地磚,星界画廊地砖,천체 갤러리 바닥 타일,Kafelka Podłogowa Astralnej Galerii,Плитка для підлоги Астральної Галереї,Astraal Galerij Vloertegel,Astral Galeri Zemin Karosu
L_DEC_OVERGROWNTEMPLEFLOORTILE,,Overgrown Temple Floor Tile,生い茂った寺院の床タイル,Überwucherter Tempelbodenfliese,Dalle de Sol du Temple Envahi par la Végétation,Baldosa de Suelo del Templo Cubierto de Vegetación,Ladrilho de Templo Coberto de Vegetação,Плитка Заросшего Храма,Piastrella del Pavimento del Tempio Invaso dalla Vegetazione,雜草叢生的神廟地磚,荒蔓神庙地砖,우거진 사원 바닥 타일,Kafelka Podłogi Zarośniętej Świątyni,Плитка Підлоги Зарослого Храму,Overwoekerde Tempelvloertegel,Aşırı Büyümüş Tapınak Zemin Karosu
L_DEC_LANDOFBREATH&BALANCEFLOORTILE,,Land of Breath & Balance Floor Tile,息吹と均衡の地 床タイル,Land des Atems & Gleichgewichts Bodenfliese,Dalle de Sol du Pays du Souffle et de l'Équilibre,Baldosa del Suelo de la Tierra del Aliento y Equilibrio,Azulejo do Piso da Terra da Respiração e Equilíbrio,Плитка Земли Дыхания и Равновесия,Piastrella del Pavimento della Terra del Respiro e dell'Equilibrio,氣息與平衡之地地磚,调息之地地砖,숨결과 균형의 땅 바닥 타일,Kafelka Podłogowa Krainy Oddechu i Równowagi,Плитка Землі Подиху й Рівноваги,Land van Adem & Balans Vloertegel,Nefes ve Denge Diyarı Zemin Karosu
L_DEC_FORBIDDENDEPTHSFLOORTILE,,Forbidden Depths Floor Tile,禁断の深淵の床タイル,Verbotene Tiefen Bodenfliese,Dalle des Profondeurs Interdites,Baldosa del Suelo de las Profundidades Prohibidas,Ladrilho das Profundezas Proibidas,Плитка Запретных Глубин,Piastrella del Pavimento delle Profondità Proibite,禁忌深淵地磚,深渊禁地地砖,금지된 심연 바닥 타일,Kafelka Podłogowa Zakazanych Głębin,Плитка Підлоги Заборонених Глибин,Verboden Diepten Vloertegel,Yasak Derinlikler Zemin Karosu
L_DEC_DAMARELFLOORTILE,,Damarel Floor Tile,ダマレル床タイル,Damarel-Bodenfliese,Dalle de Sol Damarel,Baldosa de Damarel,Ladrilho do Piso de Damarel,Плитка Дамарель,Piastrella del Pavimento di Damarel,達瑪雷爾地磚,达玛瑞尔地砖,다마렐 바닥 타일,Kafelka Podłogowa Damarel,Плитка для підлоги Дамарель,Damarel Vloertegel,Damarel Yer Karosu
L_DEC_AMALGAMGARDENSFLOORTILE,,Amalgam Gardens Floor Tile,アマルガム庭園の床タイル,Amalgam-Gärten Bodenfliese,Carreau de Sol des Jardins d'Amalgame,Baldosa del Jardín Amalgama,Ladrilho do Jardim Amalgamado,Плитка для пола «Сады Амальгамы»,Piastrella del Giardino degli Amalgami,混合花園地磚,融合花园地砖,혼합 정원 바닥 타일,Kafelka Podłogowa Amalgamatowych Ogrodów,"Плитка для підлоги ""Сади Амальгами""",Amalgaamtuinen Vloertegel,Amalgam Bahçeleri Zemin Karosu
L_DEC_FORGOTTENLABFLOORTILE,,Forgotten Lab Floor Tile,忘れられた研究所の床タイル,Vergessene Laborfliese,Dalle de Sol du Laboratoire Oublié,Baldosa del Laboratorio Olvidado,Ladrilho do Laboratório Esquecido,Плитка Пола Забытой Лаборатории,Piastrella del Laboratorio Dimenticato,遺忘實驗室地磚,被遗忘的实验室地砖,잊혀진 연구실 바닥 타일,Kafelka Podłogowa z Zapomnianego Laboratorium,Плитка Підлоги Забутої Лабораторії,Vergeten Laboratoriumvloertegel,Unutulmuş Laboratuvar Zemin Karosu
L_DEC_LANDOFB&BROBES,,Land of B&B Robes,B&Bローブの地,Land der B&B-Roben,Terre des Robes B&B,Tierra de Túnicas B&B,Terra das Vestes B&B,Земля Мантий Б&Б,Terra delle Vesti B&B,床與早餐長袍之地,调息之地长袍,B&B 로브의 땅,Kraina Szat B&B,Земля Мантій Б&Б,Land van B&B Gewaden,B&B Cüppeleri Diyarı
L_DEC_LANDOFB&BSCALELEFT,,Land of B&B Scale (Left),B&B スケールの地 (左),Land der B&B-Skala (Links),Échelle du Pays de B&B (Gauche),Tierra de Escala B&B (Izquierda),Terra da Escala B&B (Esquerda),Шкала Земли Б&Б (Левая),Terra della Scala B&B (Sinistra),床與早餐之地秤（左）,调息之地天平（左）,B&B 스케일의 땅 (왼쪽),Skala Krainy B&B (Lewa),Шкала Землі Б&Б (Ліворуч),Land van B&B Schaal (Links),B&B Ölçeği Diyarı (Sol)
L_DEC_LANDOFB&BSCALERIGHT,,Land of B&B Scale (Right),ビースケールの地（右）,Land der B&B-Skala (Rechts),Échelle du Pays de B&B (Droite),Tierra de Escala B&B (Derecha),Terra da Escala B&B (Direita),Земля Шкалы Б&Б (Правая),Terra della Scala B&B (Destra),比例尺之地（右）,调息之地天平（右）,B&B 스케일의 땅 (오른쪽),Kraina Skali B&B (Prawa),Земля шкали Б&Б (Права),Land van B&B Schaal (Rechts),B&B Ölçeği Diyarı (Sağ)
L_DEC_LANDOFB&BBOOKBLUE,,Land of B&B Book (Blue),ランドオブB&Bの書（青）,Land der B&B Bücher (Blau),Livre du Pays des B&B (Bleu),Libro de la Tierra de B&B (Azul),Terra do Livro B&B (Azul),Книга Страны Б&Б (Синяя),Terra del Libro B&B (Blu),藍色B&B之地書籍,调息之地书本（蓝）,B&B의 땅 책 (파란색),Księga Krainy B&B (Niebieska),Книга Землі Б&Б (Синя),Land van B&B Boek (Blauw),B&B Diyarı Kitabı (Mavi)
L_DEC_LANDOFB&BBOOKRED,,Land of B&B Book (Red),B&B本（赤）,Land der B&B Bücher (Rot),Livre du Pays des B&B (Rouge),Libro de la Tierra de B&B (Rojo),Terra do Livro B&B (Vermelho),Книга Страны Б&Б (Красная),Libro della Terra di B&B (Rosso),紅色B&B之地書籍,调息之地书本（红）,B&B의 땅 책 (빨강),Księga Krainy B&B (Czerwona),Книга Землі Б&Б (Червона),Land van B&B Boek (Rood),B&B Diyarı Kitabı (Kırmızı)
L_DEC_LANDOFB&BBOOKYELLOW,,Land of B&B Book (Yellow),B&B本（黄）,Land der B&B Buch (Gelb),Livre du Pays des B&B (Jaune),Libro de la Tierra de B&B (Amarillo),Terra do B&B Livro (Amarelo),Книга Страны Б&Б (Жёлтая),Libro della Terra di B&B (Giallo),黃色B&B之地書籍,调息之地书本（黄）,B&B의 땅 책 (노란색),Księga Krainy B&B (Żółta),Книга Землі Б&Б (Жовта),Land van B&B Boek (Geel),B&B Diyarı Kitabı (Sarı)
L_DEC_LANDOFB&BBOOKSHELFRED,,Land of B&B Bookshelf (Red),B&Bの国の本棚（赤）,Land der B&B Bücherregal (Rot),Bibliothèque du Pays des B&B (Rouge),Estantería de la Tierra de B&B (Roja),Terra de B&B Estante (Vermelha),Книжная полка Страны Б&Б (Красная),Terra di B&B Libreria (Rossa),紅色B&B之地書架,调息之地书架（红）,B&B 땅의 책장 (빨강),Regał Krainy B&B (Czerwony),Книжкова полиця Країни Б&Б (Червона),Land van B&B Boekenkast (Rood),B&B Diyarı Kitaplığı (Kırmızı)
L_DEC_LANDOFB&BBOOKSHELFYELLOW,,Land of B&B Bookshelf (Yellow),B&Bの国の本棚（黄色）,Land der B&B Bücherregal (Gelb),Bibliothèque du Pays des B&B (Jaune),Estantería de la Tierra de B&B (Amarilla),Terra de B&B Estante (Amarela),Книжная полка Страны Б&Б (Жёлтая),Terra di B&B Libreria (Gialla),蜜蜂與早餐之地書架（黃色）,调息之地书架（黄）,B&B의 땅 책장 (노란색),Regał Krainy B&B (Żółty),Книжкова полиця Країни Б&Б (Жовта),Land van B&B Boekenkast (Geel),B&B Diyarı Kitaplığı (Sarı)
L_DEC_LANDOFB&BBOOKSHELFBLUE,,Land of B&B Bookshelf (Blue),B&Bの国の本棚（青）,Land der B&B Bücherregal (Blau),Bibliothèque du Pays des B&B (Bleue),Estantería de la Tierra de B&B (Azul),Terra de B&B Estante (Azul),Книжная полка Страны Б&Б (Синяя),Terra di B&B Libreria (Blu),藍色B&B之地書架,调息之地书架（蓝）,B&B의 땅 책장 (파란색),Regał Krainy B&B (Niebieski),Книжкова полиця Країни Б&Б (Синя),Land van B&B Boekenkast (Blauw),B&B Diyarı Kitaplığı (Mavi)
L_DEC_LANDOFB&BFIGURINE,,Land of B&B Figurine,B&B人形の国,Land der B&B-Figur,Figurine du Pays des B&B,Figurita de la Tierra de B&B,Estatueta da Terra de B&B,Фигурка Страны Б&Б,Statuetta della Terra di B&B,床與早餐之地塑像,调息之地雕像,B&B 피규어의 땅,Figurka Krainy B&B,Фігурка Землі Б&Б,Land van B&B Beeldje,B&B Figürini Diyarı
L_DEC_LANDOFB&BCARD1,,Land of B&B Card (1),B&Bカード (1),Land der B&B-Karte (1),Carte du Pays des B&B (1),Carta de Tierra de B&B (1),Carta da Terra de B&B (1),Карта Земли Б&Б (1),Carta della Terra di B&B (1),床與早餐之地卡片 (1),调息之地卡牌（1）,B&B 카드의 땅 (1),Karta Krainy B&B (1),Карта Землі Б&Б (1),Land van B&B Kaart (1),B&B Diyarı Kartı (1)
L_DEC_LANDOFB&BCARD2,,Land of B&B Card (2),B&B カード (2) の地,Land der B&B-Karte (2),Carte du Pays des B&B (2),Carta de Tierra de B&B (2),Carta da Terra de B&B (2),Карта Земли Б&Б (2),Carta della Terra di B&B (2),床與早餐之地卡片 (2),调息之地卡牌（2）,B&B 카드의 땅 (2),Karta Krainy B&B (2),Карта Землі Б&Б (2),Land van B&B Kaart (2),B&B Diyarı Kartı (2)
L_DEC_LANDOFB&BCARD3,,Land of B&B Card (3),B&B カード (3),Land der B&B-Karte (3),Carte du Pays des B&B (3),Carta de Tierra de B&B (3),Carta da Terra de B&B (3),Карта Земли Б&Б (3),Carta della Terra di B&B (3),床與早餐之地卡片 (3),调息之地卡牌（3）,B&B 카드의 땅 (3),Karta Krainy B&B (3),Карта Землі Б&Б (3),Land van B&B Kaart (3),B&B Diyarı Kartı (3)
L_DEC_LANDOFB&BSTATUEAQUARIUS,,Land of B&B Statue (Aquarius),B&B像の地 (アクエリアス),Land der B&B-Statue (Wassermann),Statue du Pays des B&B (Verseau),Estatua de la Tierra de B&B (Acuario),Terra da Estátua B&B (Aquário),Статуя Земли Б&Б (Водолей),Terra della Statua B&B (Acquario),民宿之地雕像（水瓶座）,调息之地雕像（水瓶座）,B&B 동상의 땅 (물병자리),Posąg Krainy B&B (Wodnik),Статуя Землі Б&Б (Водолій),Land van B&B Standbeeld (Waterman),B&B Heykeli Diyarı (Kova)
L_DEC_LANDOFB&BBOTTLE1,,Land of B&B Bottle (1),ビー＆ビーボトルの地 (1),Land der B&B-Flasche (1),Terre de la Bouteille B&B (1),Tierra de la Botella B&B (1),Terra da Garrafa B&B (1),Земля Бутылки Б&Б (1),Terra della Bottiglia B&B (1),瓶中小屋之地 (1),调息之地瓶子（1）,B&B 병의 땅 (1),Kraina Butelki B&B (1),Земля Пляшки Б&Б (1),Land van B&B Fles (1),B&B Şişesi Diyarı (1)
L_DEC_LANDOFB&BBOTTLE2,,Land of B&B Bottle (2),ビー＆ビーボトルの地 (2),Land der B&B-Flasche (2),Terre de la Bouteille B&B (2),Tierra de Botella B&B (2),Terra da Garrafa B&B (2),Земля Бутылки Б&Б (2),Terra della Bottiglia B&B (2),瓶中B&B之地 (2),调息之地瓶子（2）,B&B 병의 땅 (2),Kraina Butelki B&B (2),Земля Пляшки Б&Б (2),Land van B&B Fles (2),B&B Şişesi Diyarı (2)
L_DEC_LANDOFB&BFLOWERPOT1,,Land of B&B Flower Pot (1),B&Bの花瓶の地 (1),Land des B&B-Blumentopfs (1),Pays du Pot de Fleurs B&B (1),Maceta de Tierra de B&B (1),Terra do Vaso de Flores B&B (1),Земля Цветочного Горшка B&B (1),Terra del Vaso di Fiori B&B (1),B&B花盆之地 (1),调息之地花盆（1）,B&B 꽃병의 땅 (1),Kraina Doniczki B&B (1),Земля Квіткового Горщика B&B (1),Land van B&B Bloempot (1),B&B Çiçek Saksısı Diyarı (1)
L_DEC_LANDOFB&BFLOWERPOT2,,Land of B&B Flower Pot (2),B&Bの花瓶の地 (2),Land des B&B Blumentopfs (2),Pays du Pot de Fleurs B&B (2),Maceta de Tierra de B&B (2),Terra do Vaso de Flores B&B (2),Земля Цветочного Горшка B&B (2),Terra del Vaso di Fiori B&B (2),B&B花盆之地 (2),调息之地花盆（2）,B&B 꽃병의 땅 (2),Kraina Doniczki B&B (2),Земля Квіткового Горщика B&B (2),Land van B&B Bloempot (2),B&B Çiçek Saksısı Diyarı (2)
L_DEC_LANDOFB&BCOLUMN1,,Land of B&B Column (1),B&B専門コラム (1),Land der B&B-Kolumne (1),Chronique du Pays des B&B (1),Columna de la Tierra de B&B (1),Terra da Coluna B&B (1),"Колонка ""Страна B&B"" (1)",Terra della Colonna B&B (1),民宿之地專欄 (1),调息之地柱子（1）,B&B 칼럼의 땅 (1),Kolumna Krainy B&B (1),Колонка про Землю B&B (1),Land van B&B Kolom (1),B&B Sütunu Diyarı (1)
L_DEC_LANDOFB&BCOLUMN2,,Land of B&B Column (2),B&B専門コラム (2),Land der B&B-Kolumne (2),Chronique du Pays des B&B (2),Columna de la Tierra de B&B (2),Terra da Coluna B&B (2),"Колонка ""Страна B&B"" (2)",Terra della Colonna B&B (2),民宿之地專欄 (2),调息之地柱子（2）,B&B 칼럼 대지 (2),Kolumna Krainy B&B (2),Колонка Країни B&B (2),Land van B&B Kolom (2),B&B Sütunu Diyarı (2)
L_DEC_LANDOFB&BSTATUEARIES,,Land of B&B Statue (Aries),B&B像の地（牡羊座）,Land der B&B-Statue (Widder),Statue du Pays des B&B (Bélier),Estatua de la Tierra de B&B (Aries),Estátua da Terra de B&B (Áries),Статуя Земли Б&Б (Овен),Terra della Statua B&B (Ariete),民宿之地雕像（白羊座）,调息之地雕像（白羊座）,베드앤브렉퍼스트의 땅 석상 (양자리),Posąg Krainy B&B (Baran),Статуя Землі Б&Б (Овен),Land van B&B Standbeeld (Ram),B&B Heykeli Diyarı (Koç)
L_DEC_LANDOFB&BSTATUECANCER,,Land of B&B Statue (Cancer),B&B像の地 (かに座),Land der B&B-Statue (Krebs),Statue du Pays des B&B (Cancer),Estatua de la Tierra de B&B (Cáncer),Terra da Estátua B&B (Câncer),Статуя Земли Б&Б (Рак),Terra della Statua B&B (Cancro),床與早餐之地雕像（巨蟹座）,调息之地雕像（巨蟹座）,B&B 동상의 땅 (게자리),Posąg Krainy B&B (Rak),Статуя Землі Б&Б (Рак),Land van B&B Standbeeld (Kreeft),B&B Heykeli Diyarı (Yengeç)
L_DEC_LANDOFB&BSTATUECAPRICORN,,Land of B&B Statue (Capricorn),B&B像の地 (山羊座),Land der B&B-Statue (Steinbock),Statue du Pays des B&B (Capricorne),Estatua de la Tierra de B&B (Capricornio),Terra da Estátua B&B (Capricórnio),Статуя Земли Б&Б (Козерог),Terra della Statua B&B (Capricorno),山羊座B&B雕像之地,调息之地雕像（摩羯座）,비앤비 동상의 땅 (염소자리),Posąg Krainy B&B (Koziorożec),Статуя Землі Б&Б (Козеріг),Land van B&B Standbeeld (Steenbok),B&B Heykeli Diyarı (Oğlak)
L_DEC_LANDOFB&BSTATUEGEMINI,,Land of B&B Statue (Gemini),B&B像の地 (ジェミニ),Land der B&B-Statue (Gemini),Statue du Pays des B&B (Gémeaux),Estatua de la Tierra de B&B (Géminis),Terra da Estátua B&B (Gêmeos),Статуя Земли Б&Б (Близнецы),Terra della Statua B&B (Gemini),雙子座B&B雕像之地,调息之地雕像（双子座）,B&B 동상의 땅 (제미니),Posąg Krainy B&B (Bliźnięta),Статуя Землі Б&Б (Близнюки),Land van B&B Standbeeld (Gemini),B&B Heykeli Diyarı (İkizler)
L_DEC_LANDOFB&BSTATUELEO,,Land of B&B Statue (Leo),B&B像の国（レオ）,Land der B&B-Statue (Leo),Statue du Pays des B&B (Leo),Estatua de la Tierra de B&B (Leo),Estátua da Terra de B&B (Leo),Статуя Земли Б&Б (Лео),Terra della Statua B&B (Leo),獅子座B&B雕像之地,调息之地雕像（狮子座）,B&B 동상의 땅 (레오),Posąg Krainy B&B (Leo),Статуя Землі Б&Б (Лео),Land van B&B Standbeeld (Leo),B&B Heykeli Diyarı (Leo)
L_DEC_LANDOFB&BSTATUELIBRA,,Land of B&B Statue (Libra),B&B像の地 (てんびん座),Land der B&B-Statue (Waage),Statue du Pays des B&B (Balance),Estatua de la Tierra de B&B (Libra),Terra da Estátua B&B (Libra),Статуя Земли Б&Б (Весы),Terra della Statua B&B (Bilancia),天秤座B&B雕像之地,调息之地雕像（天秤座）,B&B 동상의 땅 (천칭자리),Posąg Krainy B&B (Waga),Статуя Землі Б&Б (Терези),Land van B&B Standbeeld (Weegschaal),B&B Heykeli Diyarı (Terazi)
L_DEC_LANDOFB&BSTATUEPISCES,,Land of B&B Statue (Pisces),B&B像の地 (うお座),Land der B&B-Statue (Fische),Statue du Pays des B&B (Poissons),Estatua de la Tierra de B&B (Piscis),Estátua da Terra de B&B (Peixes),Статуя Земли Б&Б (Рыбы),Terra della Statua B&B (Pesci),民宿之地雕像（雙魚座）,调息之地雕像（双鱼座）,비앤비 동상의 땅 (물고기자리),Posąg Krainy B&B (Ryby),Статуя Землі Б&Б (Риби),Land van B&B Standbeeld (Vissen),B&B Heykeli Diyarı (Balık)
L_DEC_LANDOFB&BSTATUESAGITARIUS,,Land of B&B Statue (Sagitarius),B&B像の地 (サジタリウス),Land der B&B-Statue (Schütze),Statue du Pays des B&B (Sagittaire),Estatua de la Tierra de B&B (Sagitario),Terra da Estátua B&B (Sagitário),Статуя Земли Б&Б (Стрелец),Terra della Statua B&B (Sagittario),民宿雕像（射手座）,调息之地雕像（射手座）,B&B 동상의 땅 (사수자리),Posąg Krainy B&B (Strzelec),Статуя Землі Б&Б (Стрілець),Land van B&B Standbeeld (Sagitarius),B&B Heykeli Diyarı (Yay Burcu)
L_DEC_LANDOFB&BSTATUESCORPIO,,Land of B&B Statue (Scorpio),B&B像の地 (スコーピオ),Land der B&B-Statue (Skorpion),Statue du Pays des B&B (Scorpion),Estatua de la Tierra de B&B (Escorpio),Terra da Estátua B&B (Escorpião),Статуя Земли Б&Б (Скорпион),Terra della Statua B&B (Scorpione),民宿雕像（天蠍座）,调息之地雕像（天蝎座）,B&B 동상의 땅 (전갈자리),Posąg Krainy B&B (Skorpion),Статуя Землі Б&Б (Скорпіон),Land van B&B Standbeeld (Schorpioen),B&B Heykeli Diyarı (Akrep)
L_DEC_LANDOFB&BSTATUETAURUS,,Land of B&B Statue (Taurus),ビーアンドビーの地の像（牡牛座）,Land der B&B-Statue (Stier),Statue du Pays des B&B (Taureau),Estatua de la Tierra de B&B (Tauro),Estátua da Terra de B&B (Touro),Статуя Земли Б&Б (Телец),Terra della Statua B&B (Toro),牛頭人B&B雕像（金牛座）,调息之地雕像（金牛座）,비앤비 동상의 땅 (황소자리),Posąg Krainy B&B (Byk),Статуя Землі Б&Б (Телець),Land van B&B Standbeeld (Taurus),B&B Heykeli Diyarı (Boğa)
L_DEC_LANDOFB&BSTATUEVIRGO,,Land of B&B Statue (Virgo),B&B像の地 (おとめ座),Land der B&B-Statue (Jungfrau),Statue du Pays des B&B (Vierge),Estatua de la Tierra de B&B (Virgo),Terra da Estátua B&B (Virgem),Статуя Земли Б&Б (Дева),Terra della Statua B&B (Vergine),民宿之地雕像（處女座）,调息之地雕像（处女座）,B&B 동상의 땅 (처녀자리),Posąg Krainy B&B (Panna),Статуя Землі Б&Б (Діва),Land van B&B Standbeeld (Maagd),B&B Heykeli Diyarı (Başak)
L_DEC_DAMARELCLOCK,,Damarel Clock,ダマレル時計,Damarel-Uhr,Horloge de Damarel,Reloj de Damarel,Relógio de Damarel,Часы Дамарела,Orologio di Damarel,達瑪雷爾時鐘,达玛瑞尔钟表,다마렐 시계,Zegar Damarel,Годинник Дамарела,Damarel Klok,Damarel Saati
L_DEC_DAMARELBATTERY,,Damarel Battery,ダマレル電池,Damarel-Batterie,Batterie de Damarel,Batería de Damarel,Bateria de Damarel,Батарея Дамарел,Batteria di Damarel,達瑪雷爾電池,达玛瑞尔电池,다마렐 배터리,Bateria Damarel,Батарея Дамарел,Damarel Batterij,Damarel Bataryası
L_DEC_DAMARELPORTAL,,Damarel Portal,ダマレル・ポータル,Damarel-Portal,Portail de Damarel,Portal de Damarel,Portal de Damarel,Портал Дамарел,Portale di Damarel,達瑪雷爾傳送門,达玛瑞尔传送门,다마렐 포탈,Portal Damarel,Портал Дамарел,Damarel Portaal,Damarel Portalı
L_DEC_DAMARELSCRAP,,Damarel Scrap,ダマレル・スクラップ,Damarel-Schrott,Débris de Damarel,Chatarra de Damarel,Sucata de Damarel,Лом Дамарела,Translator: Rottame di Damarel,達瑪雷爾廢料,达玛瑞尔废料,다마렐 고철,Złom Damarelu,Брухт Дамарела,Damarel Schroot,Damarel Hurda
L_DEC_DAMARELGENERATOR,,Damarel Generator,ダマレル・ジェネレーター,Damarel-Generator,Générateur de Damarel,Generador de Damarel,Gerador de Damarel,Генератор Дамарел,Generatore di Damarel,達瑪雷爾發電機,达玛瑞尔发电机,다마렐 발전기,Generator Damarelu,Генератор Дамарела,Damarel Generator,Damarel Jeneratörü
L_DEC_DAMARELGIANTGEARS,,Damarel Giant Gears,ダマレル巨大歯車,Damarel-Riesenzahnräder,Engrenages Géants de Damarel,Engranajes Gigantes de Damarel,Engrenagens Gigantes de Damarel,Гигантские Шестерни Дамарела,Ingranaggi Giganti di Damarel,達瑪雷爾巨型齒輪,达玛瑞尔巨型齿轮,다마렐 거대 기어,Gigantyczne Tryby Damarel,Гігантські Шестерні Дамарела,Reuzentandwielen van Damarel,Damarel Dev Dişliler
L_DEC_DAMARELSHINYGEAR,,Damarel Shiny Gear,ダマレルの輝く装備,Damarels Glänzende Ausrüstung,Équipement Brillant de Damarel,Equipo Brillante de Damarel,Equipamento Brilhante de Damarel,Сверкающее снаряжение Дамарела,Equipaggiamento Lucente di Damarel,達瑪雷爾閃亮裝備,达玛瑞尔闪亮齿轮,다마렐 반짝이는 장비,Lśniący Ekwipunek Damarel,Блискуче спорядження Дамарела,Damarel Glanzende Uitrusting,Damarel Parlak Teçhizat
L_DEC_DAMARELCOGS1,,Damarel Cogs (1),ダマレル・コグ (1),Damarel-Zahnräder (1),Rouages de Damarel (1),Engranajes de Damarel (1),Engrenagens de Damarel (1),Шестерни Дамареля (1),Ingranaggi di Damarel (1),達瑪雷爾齒輪 (1),达玛瑞尔齿轮（1）,다마렐 톱니바퀴 (1),Zębatki Damarela (1),Шестерні Дамареля (1),Damarel Tandwielen (1),Damarel Dişlileri (1)
L_DEC_DAMARELCOGS2,,Damarel Cogs (2),ダマレル・コグ (2),Damarel-Zahnräder (2),Rouages de Damarel (2),Engranajes de Damarel (2),Engrenagens de Damarel (2),Шестерни Дамарела (2),Ingranaggi di Damarel (2),達瑪雷爾齒輪 (2),达玛瑞尔齿轮（2）,다마렐 톱니바퀴 (2),Zębatki Damarela (2),Шестерні Дамареля (2),Damarel Tandwielen (2),Damarel Dişlileri (2)
L_DEC_DAMARELCOGS3,,Damarel Cogs (3),ダマレル・コグ (3),Damarel-Zahnräder (3),Rouages de Damarel (3),Engranajes de Damarel (3),Engrenagens de Damarel (3),Шестерни Дамареля (3),Ingranaggi di Damarel (3),達瑪雷爾齒輪 (3),达玛瑞尔齿轮（3）,다마렐 톱니바퀴 (3),Zębatki Damarela (3),Шестерні Дамареля (3),Damarel Tandwielen (3),Damarel Dişlileri (3)
L_DEC_DAMARELWIRE1,,Damarel Wire (1),ダマレル・ワイヤー (1),Damarel-Draht (1),Fil de Damarel (1),Cable de Damarel (1),Fio de Damarel (1),Проволока Дамарела (1),Filo di Damarel (1),達瑪雷爾金屬絲 (1),达玛瑞尔电线（1）,다마렐 와이어 (1),Drut Damarelski (1),Дротик Дамарела (1),Damarel Draad (1),Damarel Teli (1)
L_DEC_DAMARELWIRE2,,Damarel Wire (2),ダマレルワイヤー (2),Damarel-Draht (2),Fil de Damarel (2),Cable de Damarel (2),Fio de Damarel (2),Проволока Дамарела (2),Filo di Damarel (2),達瑪雷爾鐵絲 (2),达玛瑞尔电线（2）,다마렐 와이어 (2),Drut Damarelski (2),Дротик Дамарела (2),Damarel Draad (2),Damarel Teli (2)
L_DEC_AMALGAMGARDENSBRAZIER,,Amalgam Gardens Brazier,アマルガム庭園の火鉢,Amalgam-Gärten Kohlenbecken,Brasero des Jardins d'Amalgame,Brasero de los Jardines Amalgama,Braseiro dos Jardins Amalgamados,Жаровня Садов Амальгамы,Braciere dei Giardini Amalgama,混合花園火盆,融合花园火盆,혼합 정원 화로,Kadzielnica Ogrodów Amalgamatu,Жаровня Садів Амальгами,Amalgaamtuinen Vuurbekken,Amalgam Bahçeleri Mangalı
L_DEC_AMALGAMGARDENSNEONROSES,,Amalgam Gardens Neon Roses,アマルガム・ガーデンズ ネオンローズ,Amalgam-Gärten Neonrosen,Jardins d'Amalgame Roses Néon,Jardines Amalgama Rosas de Neón,Jardins Amalgamados Rosas Neon,Сады Амальгамы Неоновые Розы,Giardini di Amalgama Rose al Neon,混合花園霓虹玫瑰,融合花园霓虹玫瑰,혼합 정원 네온 장미,Ogrody Amalgamatu Neonowe Róże,Неонові Троянди Амальгамних Садів,Amalgaam Tuinen Neon Rozen,Amalgam Bahçeleri Neon Güller
L_DEC_AMALGAMGARDENSPORTAL,,Amalgam Gardens Portal,アマルガム庭園の門,Amalgam-Gärten Portal,Portail des Jardins d'Amalgame,Jardín de Amalgamas Portal,Portão dos Jardins Amalgamados,Портал Амальгамных Садов,Portale dei Giardini Amalgama,混合花園傳送門,融合花园传送门,혼합 정원 포탈,Portal do Ogrodów Amalgamatu,Портал Амальгамних Садів,Amalgaamtuinen Portaal,Amalgam Bahçeleri Portalı
L_DEC_AMALGAMGARDENSCAVE,,Amalgam Gardens Cave,アマルガム・ガーデンの洞窟,Höhle der Amalgam-Gärten,Grotte des Jardins d'Amalgame,Cueva de los Jardines Amalgama,Caverna dos Jardins Amalgamados,Пещера Амальгамных Садов,Grotta dei Giardini Amalgama,混合花園洞穴,融合花园洞穴,혼합 정원 동굴,Jaskinia Amalgamowych Ogrodów,Печера Амальгамних Садів,Grot van de Amalgaamtuinen,Amalgam Bahçeleri Mağarası
L_DEC_AMALGAMGARDENSRUNESTONERED,,Amalgam Gardens Runestone (Red),アマルガム庭園の石碑（赤）,Amalgam-Gärten-Runenstein (Rot),Pierre runique des Jardins d'Amalgame (Rouge),Piedra Rúnica de los Jardines Amalgama (Roja),Pedra Rúnica dos Jardins Amalgamados (Vermelha),Рунный камень Амальгамных Садов (Красный),Runestone dei Giardini Amalgama (Rosso),混合花園符石（紅）,融合花园符石（红）,혼합 정원 룬스톤 (적색),Runiczny Kamień Amalgamowych Ogrodów (Czerwony),Рунічний камінь Амальгамних Садів (Червоний),Amalgaamtuinen Runesteen (Rood),Birleşik Bahçeler Rün Taşı (Kırmızı)
L_DEC_AMALGAMGARDENSRUNESTONEBLUE,,Amalgam Gardens Runestone (Blue),アマルガム庭園の石碑（青）,Amalgam-Gärten-Runenstein (Blau),Pierre runique des Jardins d'Amalgame (Bleu),Piedra Rúnica de los Jardines Amalgama (Azul),Pedra Rúnica dos Jardins Amalgamados (Azul),Рунный камень Амальгамных садов (Синий),Runestone dei Giardini Amalgama (Blu),混合花園符石（藍）,融合花园符石（蓝）,혼합 정원 룬스톤 (파랑),Runiczny Kamień Amalgamowych Ogrodów (Niebieski),Рунічний камінь Амальгамних Садів (Синій),Amalgaamtuinen Runesteen (Blauw),Birleşik Bahçeler Rün Taşı (Mavi)
L_DEC_AMALGAMGARDENSPUDDLE,,Amalgam Gardens Puddle,アマルガム庭園の水たまり,Amalgam-Gärten Pfütze,Flaque des Jardins d'Amalgame,Charco de los Jardines Amalgama,Poça dos Jardins Amalgamados,Лужа Амальгамных Садов,Pozzanghera dei Giardini Amalgama,混合花園水窪,融合花园水坑,혼합 정원 웅덩이,Kałuża Amalgamowych Ogrodów,Калюжа Амальгамних Садів,Amalgaam Tuinen Plas,Amalgam Bahçeleri Gölcük
L_DEC_AMALGAMGARDENSRUINS,,Amalgam Gardens Ruins,アマルガム庭園跡,Ruinen der Amalgam-Gärten,Ruines des Jardins d'Amalgame,Ruinas de los Jardines Amalgama,Ruínas dos Jardins Amalgamados,Руины Садов Амальгамы,Rovine dei Giardini Amalgama,混合花園遺跡,融合花园遗迹,혼합 정원 유적,Ruiny Ogrodów Amalgamatu,Руїни Амальгамних Садів,Ruïnes van de Amalgaamtuinen,Birleşik Bahçeler Kalıntıları
L_DEC_AMALGAMGARDENSRUBBLE,,Amalgam Gardens Rubble,アマルガム庭園の瓦礫,Trümmer der Amalgam-Gärten,Décombres des Jardins d'Amalgame,Escombros de los Jardines Amalgama,Escombros dos Jardins Amalgamados,Обломки Садов Амальгамы,Macerie dei Giardini Amalgama,混合花園廢墟,融合花园废墟,혼합 정원 잔해,Rumowisko Ogrodów Amalgamatu,Руїни Амальгамних Садів,Puin van de Amalgaamtuinen,Amalgam Bahçeleri Enkazı
L_DEC_AMALGAMGARDENSROSES,,Amalgam Gardens Roses,アマルガム・ガーデンズ・ローゼス,Amalgam-Gärten Rosen,Jardins d'Amalgame Roses,Rosas de los Jardines Amalgama,Jardim de Rosas Amalgamadas,Розы Амальгамных Садов,Giardini di Amalgama Rose,混合花園玫瑰,融合花园玫瑰,혼합 정원 장미,Róże Ogrodów Amalgamatu,Сади Амальгами Троянди,Amalgaam Tuinen Rozen,Amalgam Bahçeleri Gülleri
L_DEC_FAELANDSFOUNTAIN,,Fae Lands Fountain,フェイの国の泉,Brunnen der Feenländer,Fontaine des Terres Féeriques,Fuente de las Tierras Feéricas,Fonte das Terras Feéricas,Фонтан Волшебных Земель,Fontana delle Terre Fatate,精靈國度噴泉,仙灵秘境喷泉,요정의 땅 분수대,Fontanna Krain Fae,Фонтан Чарівних Земель,Fontein van de Feeënlanden,Peri Diyarları Çeşmesi
L_DEC_FAELANDSDREAMCATCHER,,Fae Lands Dream Catcher,フェイランド・ドリームキャッチャー,Traumfänger der Feenländer,Attrape-Rêves des Terres Féeriques,Atrapasueños de las Tierras Feéricas,Apanhador de Sonhos das Terras Feéricas,Ловец Снов Земель Фей,Acchiappasogni delle Terre Fatate,精靈國度夢境捕手,仙灵秘境捕梦网,요정의 땅 드림캐쳐,Łapacz Snów Krainy Fae,Ловець Снів Чарівних Земель,Feeënlanden Dromenvanger,Peri Diyarları Rüya Kapanı
L_DEC_FAELANDSMISCHIEVOUSFAE,,Fae Lands Mischievous Fae,フェイの国 いたずら好きなフェイ,Feenländer Schelmische Fee,Terres Féeriques Fae Espiègle,Tierras Feéricas Hada Traviesa,Terras Feéricas Fadas Travessas,Земли Фей Озорные Феи,Terre Fatate Fate Dispettose,精靈國度 頑皮精靈,仙灵秘境顽皮仙灵,요정의 땅 장난꾸러기 요정,Kraina Fae Psotne Fae,Землі Фей Пустотливі Феї,Feeënlanden Ondeugende Fae,Peri Diyarları Yaramaz Peri
L_DEC_FAELANDSORB,,Fae Lands Orb,フェイランドの宝珠,Orb der Feenländer,Orbe des Terres Féeriques,Orbe de las Tierras Feéricas,Orbe das Terras Feéricas,Сфера Земель Фей,Sfera delle Terre Fatate,精靈國度寶珠,仙灵秘境宝珠,요정의 땅 오브,Kula Krain Fae,Сфера Фейських Земель,Elfenrijk Bol,Peri Diyarları Küresi
L_DEC_FAELANDSCACHE,,Fae Lands Cache,フェイの地の隠し財宝,Hort der Feenländer,Cache des Terres Féeriques,Alijo de las Tierras Feéricas,Tesouro das Terras Feéricas,Тайник Земель Фей,Tesoro delle Terre Fatate,精靈國度寶箱,仙灵秘境贮存物,요정의 땅 보관함,Skrytka Krain Fae,Сховок Чарівних Земель,Feeënlanden Voorraad,Peri Diyarları Gizli Deposu
L_DEC_FAELANDSSPROUT1,,Fae Lands Sprout (1),フェイの地の芽生え (1),Feenland-Spross (1),Pousse des Terres Féeriques (1),Brote de las Tierras Feéricas (1),Broto das Terras Feéricas (1),Росток Земель Фей (1),Germoglio delle Terre Fatate (1),精靈國度嫩芽 (1),仙灵秘境萌芽（1）,요정의 땅 새싹 (1),Kiełek Krain Fae (1),Паросток Фейських Земель (1),Elfenland Spruit (1),Peri Diyarı Filizi (1)
L_DEC_FAELANDSSPROUT2,,Fae Lands Sprout (2),フェイの地の芽生え (2),Feenland-Spross (2),Pousse des Terres Féeriques (2),Brote de Tierras Feéricas (2),Broto das Terras Feéricas (2),Росток Земель Фей (2),Germoglio delle Terre Fatate (2),妖精國度萌芽 (2),仙灵秘境萌芽（2）,요정의 땅 새싹 (2),Kiełek Krain Fae (2),Паросток Фейських Земель (2),Elfenland Spruit (2),Peri Diyarı Filizi (2)
L_DEC_FAELANDSSPROUT3,,Fae Lands Sprout (3),フェイランド・スプラウト (3),Feenland-Spross (3),Pousse des Terres Féeriques (3),Brote de Tierras Feéricas (3),Broto das Terras Feéricas (3),Росток Земель Фей (3),Germoglio delle Terre Fatate (3),妖精國度嫩芽 (3),仙灵秘境萌芽（3）,요정의 땅 새싹 (3),Kiełek Krain Fae (3),Паросток Фейських Земель (3),Elfenland Spruit (3),Peri Diyarı Filizi (3)
L_DEC_FAELANDSMUSHROOM,,Fae Lands Mushroom,フェイランドのキノコ,Feenland-Pilz,Champignon des Terres Féeriques,Champiñón de las Tierras Feéricas,Cogumelo das Terras Feéricas,Гриб Земель Фей,Fungo delle Terre Fatate,精靈國度蘑菇,仙灵秘境蘑菇,요정의 땅 버섯,Grzyb z Krain Fae,Гриб Чарівних Земель,Paddenstoel van de Feeënlanden,Peri Diyarı Mantarı
L_DEC_ASTRALGALLERYMASOCHISTSTATUE,,Astral Gallery Masochist Statue,アストラルギャラリー マゾヒスト像,Astrale Galerie Masochisten-Statue,Statue Masochiste de la Galerie Astrale,Estatua Masoquista de la Galería Astral,Estátua Masoquista da Galeria Astral,Мазохистская Статуя Астральной Галереи,Statua Masochista della Galleria Astrale,星界畫廊受虐狂雕像,星界画廊受虐狂雕像,천체 갤러리 마조히스트 석상,Masochistyczny Posąg Astralnej Galerii,Мазохістська Статуя Астральної Галереї,Astrale Galerij Masochistische Standbeeld,Astral Galeri Mazoşist Heykeli
L_DEC_ASTRALGALLERYANIMATIONSTATUE,,Astral Gallery Animation Statue,アストラルギャラリー アニメーション像,Astrale Galerie Animations-Statue,Statue d'Animation de la Galerie Astrale,Estatua de Animación de la Galería Astral,Estátua de Animação da Galeria Astral,Статуя Анимации Астральной Галереи,Statua Animata della Galleria Astrale,星界畫廊動態雕像,星界画廊灵体雕像,천체 갤러리 애니메이션 조각상,Posąg Animacji Galerii Astralnej,Астральна Галерея Анімаційна Статуя,Astraal Galerij Animatie Standbeeld,Astral Galeri Animasyon Heykeli
L_DEC_ASTRALGALLERYSCULPTURE1,,Astral Gallery Sculpture (1),アストラルギャラリーの彫刻 (1),Astralgalerie-Skulptur (1),Sculpture de la Galerie Astrale (1),Escultura de la Galería Astral (1),Escultura da Galeria Astral (1),Скульптура Астральной Галереи (1),Scultura della Galleria Astrale (1),星界藝廊雕塑 (1),星界画廊雕塑（1）,천체 갤러리 조각상 (1),Rzeźba Galerii Astralnej (1),Астральна Галерейна Скульптура (1),Astrale Galerij Sculptuur (1),Astral Galeri Heykeli (1)
L_DEC_ASTRALGALLERYPAINTBRUSH,,Astral Gallery Paintbrush,アストラルギャラリーの筆,Astralgemälde-Pinsel,Pinceau de la Galerie Astrale,Pincel de la Galería Astral,Pincel da Galeria Astral,Кисть Астральной Галереи,Pennello della Galleria Astrale,星界畫廊畫筆,星界画廊画笔,천체 갤러리 붓,Pędzel Astralnej Galerii,Пензель Астральної Галереї,Astraal Galerij Penseel,Astral Galeri Fırçası
L_DEC_ASTRALGALLERYPORTAL,,Astral Gallery Portal,アストラルギャラリーの門,Astralgalerie-Portal,Portail de la Galerie Astrale,Portal de la Galería Astral,Portal da Galeria Astral,Портал Астральной Галереи,Portale della Galleria Astrale,星界畫廊傳送門,星界画廊传送门,천체 갤러리 포탈,Portal Galerii Astralnej,Портал Астральної Галереї,Astrale Galerij Portaal,Astral Galeri Portalı
L_DEC_ASTRALGALLERYKEY,,Astral Gallery Key,アストラルギャラリーの鍵,Astralbildergalerie-Schlüssel,Clé de la Galerie Astrale,Llave de la Galería Astral,Chave da Galeria Astral,Ключ от Астральной Галереи,Chiave della Galleria Astrale,星界畫廊鑰匙,星界画廊钥匙,천체 갤러리 열쇠,Klucz do Astralnej Galerii,Ключ від Астральної Галереї,Astrale Galerij Sleutel,Astral Galeri Anahtarı
L_DEC_ASTRALGALLERYLARGECHEST,,Astral Gallery Large Chest,アストラルギャラリーの大きな宝箱,Astrale Galerie Große Truhe,Coffre Large de la Galerie Astrale,Cofre Grande de la Galería Astral,Baú Grande da Galeria Astral,Большой сундук Астральной Галереи,Forziere Grande della Galleria Astrale,星界畫廊大寶箱,星界画廊大宝箱,천체 갤러리 대형 상자,Duża Skrzynia Astralnej Galerii,Велика скриня Астральної галереї,Astrale Galerij Grote Kist,Astral Galeri Büyük Sandık
L_DEC_ASTRALGALLERYPAINT1,,Astral Gallery Paint (1),アストラルギャラリーペイント (1),Astrale Galerie-Farbe (1),Peinture de Galerie Astrale (1),Pintura de Galería Astral (1),Tinta da Galeria Astral (1),Астральная Галерейная Краска (1),Pittura della Galleria Astrale (1),星界畫廊顏料 (1),星界画廊颜料（1）,천체 갤러리 페인트 (1),Astralna Farba Galerii (1),Астральна Галерейна Фарба (1),Astrale Galerij Verf (1),Astral Galeri Boyası (1)
L_DEC_ASTRALGALLERYPAINT2,,Astral Gallery Paint (2),アストラルギャラリーペイント(2),Astrale Galerie-Farbe (2),Peinture de Galerie Astrale (2),Pintura de Galería Astral (2),Tinta da Galeria Astral (2),Астральная Галерейная Краска (2),Pittura della Galleria Astrale (2),星界畫廊顏料 (2),星界画廊颜料（2）,천체 갤러리 페인트 (2),Astralna Farba Galerii (2),Астральна Галерейна Фарба (2),Astrale Galerij Verf (2),Astral Galeri Boyası (2)
L_DEC_ASTRALGALLERYPALLET,,Astral Gallery Pallet,アストラルギャラリーパレット,Astrale Galerie-Palette,Palette de la Galerie Astrale,Paleta de la Galería Astral,Paleta da Galeria Astral,Астральная Галерея Паллет,Tavolozza della Galleria Astrale,星界畫廊調色盤,星界画廊调色板,천체 갤러리 팔레트,Paleta Astralnej Galerii,Астральна Галерея Палет,Astraal Galerij Palet,Astral Galeri Paleti
L_DEC_ASTRALGALLERYBOOKSHELF,,Astral Gallery Bookshelf,アストラルギャラリーの本棚,Astralgalerie-Bücherregal,Bibliothèque de la Galerie Astrale,Estantería de la Galería Astral,Estante da Galeria Astral,Книжная полка Астральной Галереи,Libreria della Galleria Astrale,星界畫廊書架,星界画廊书架,천체 갤러리 책장,Półka na Książki Galerii Astralnej,Книжкова полиця Астральної Галереї,Astrale Galerij Boekenkast,Astral Galeri Kitaplığı
L_DEC_ASTRALGALLERYCANVAS,,Astral Gallery Canvas,アストラルギャラリーキャンバス,Astrale Galerie-Leinwand,Toile de la Galerie Astrale,Lienzo de la Galería Astral,Tela da Galeria Astral,Холст Астральной Галереи,Tela della Galleria Astrale,星界畫廊畫布,星界画廊画布,천체 갤러리 캔버스,Płótno Astralnej Galerii,Полотно Астральної Галереї,Astraal Galerij Doek,Astral Galeri Tuvali
L_DEC_ASTRALGALLERYSCULPTURE2,,Astral Gallery Sculpture (2),アストラルギャラリーの彫刻 (2),Astralgalerie-Skulptur (2),Sculpture de la Galerie Astrale (2),Escultura de la Galería Astral (2),Escultura da Galeria Astral (2),Астральная Галерейная Скульптура (2),Scultura della Galleria Astrale (2),星界藝廊雕塑 (2),星界画廊雕塑（2）,천체 갤러리 조각상 (2),Rzeźba Galerii Astralnej (2),Астральна Галерейна Скульптура (2),Astrale Galerij Sculptuur (2),Astral Galeri Heykeli (2)
L_DEC_ASTRALGALLERYSCULPTURE3,,Astral Gallery Sculpture (3),アストラルギャラリーの彫刻 (3),Astralgalerie-Skulptur (3),Sculpture de la Galerie Astrale (3),Escultura de la Galería Astral (3),Escultura da Galeria Astral (3),Астральная Галерейная Скульптура (3),Scultura della Galleria Astrale (3),星界藝廊雕塑 (3),星界画廊雕塑（3）,천체 갤러리 조각상 (3),Rzeźba Galerii Astralnej (3),Астральна Галерейна Скульптура (3),Astrale Galerij Sculptuur (3),Astral Galeri Heykeli (3)
L_DEC_FORBIDDENDEPTHSMUSICALCRYSTALS,,Forbidden Depths Musical Crystals,禁忌の深淵の音楽結晶,Verbotene Tiefen Musikalische Kristalle,Cristaux Musicaux des Profondeurs Interdites,Cristales Musicales de las Profundidades Prohibidas,Cristais Musicais das Profundezas Proibidas,Музыкальные Кристаллы Запретных Глубин,Cristalli Musicali delle Profondità Proibite,禁忌深淵音樂水晶,深渊禁地音乐水晶,금지된 심연의 음악 수정,Kryształy Muzyczne Zakazanych Głębin,Музичні Кристали Заборонених Глибин,Verboden Diepten Muzikale Kristallen,Yasaklı Derinlikler Müzikal Kristalleri
L_DEC_FORBIDDENDEPTHSSTONERED,,Forbidden Depths Stone (Red),禁忌の深淵石（赤）,Verbotene Tiefen-Stein (Rot),Pierre des Profondeurs Interdites (Rouge),Piedra de las Profundidades Prohibidas (Roja),Pedra das Profundezas Proibidas (Vermelha),Камень Запретных Глубин (Красный),Pietra delle Profondità Proibite (Rossa),禁忌深淵石（紅）,深渊禁地石块（红）,금지된 심연의 돌 (붉은색),Kamień Zakazanych Głębin (Czerwony),Камінь Заборонених Глибин (Червоний),Verboden Diepten Steen (Rood),Yasaklı Derinlikler Taşı (Kırmızı)
L_DEC_FORBIDDENDEPTHSSTONEBLUE,,Forbidden Depths Stone (Blue),禁忌の深淵石（青）,Verbotene Tiefen-Stein (Blau),Pierre des Profondeurs Interdites (Bleue),Piedra de las Profundidades Prohibidas (Azul),Pedra das Profundezas Proibidas (Azul),Камень Запретных Глубин (Синий),Pietra delle Profondità Proibite (Blu),禁忌深淵石（藍）,深渊禁地石块（蓝）,금지된 심연의 돌 (파란색),Kamień Zakazanych Głębin (Niebieski),Камінь Заборонених Глибин (Синій),Verboden Diepten Steen (Blauw),Yasak Derinlikler Taşı (Mavi)
L_DEC_FORBIDDENDEPTHSGLOWINGPIT,,Forbidden Depths Glowing Pit,禁断の深淵 輝く穴,Verbotene Tiefen Leuchtende Grube,Profondeurs Interdites Fosse Luisante,Profundidades Prohibidas Foso Resplandeciente,Profundezas Proibidas Fosso Brilhante,Запретные Глубины Светящаяся Яма,Abissi Proibiti Fossa Luminosa,禁忌深淵 發光深坑,深渊禁地发光深坑,금지된 심연 빛나는 구덩이,Zakazane Głębiny Świecąca Otchłań,Заборонені Глибини Сяюча Яма,Verboden Diepten Lichtgevende Put,Yasaklı Derinlikler Parlayan Çukur
L_DEC_FORBIDDENDEPTHSWORMPIT,,Forbidden Depths Worm Pit,禁断の深淵ワームの穴,Verbotene Tiefen Wurmgrube,Fosse aux Vers des Profondeurs Interdites,Fosa de Gusanos de las Profundidades Prohibidas,Poço de Vermes das Profundezas Proibidas,Запретные Глубины: Червоточина,Fossa dei Vermi delle Profondità Proibite,禁忌深淵蟲坑,深渊禁地蠕虫深坑,금지된 심연 벌레 구덩이,Zakazane Głębie Robaczej Jamy,Заборонені Глибини: Яма Черв'яків,Verboden Diepten Wormenkuil,Yasaklı Derinlikler Solucan Çukuru
L_DEC_FORBIDDENDEPTHSHIVE,,Forbidden Depths Hive,禁忌の深淵の巣窟,Verbotene Tiefen-Schwarm,Ruche des Profondeurs Interdites,Colmena de las Profundidades Prohibidas,Colmeia das Profundezas Proibidas,Улей Запретных Глубин,Alveare delle Profondità Proibite,禁忌深淵巢穴,深渊禁地蜂巢,금지된 심연의 군락,Ul Zakazanych Głębin,Вулик Заборонених Глибин,Verboden Diepten Zwerm,Yasaklı Derinlikler Kovanı
L_DEC_FORBIDDENDEPTHSCRYSTALBLUE,,Forbidden Depths Crystal (Blue),禁忌の深淵の水晶（青）,Verbotene Tiefen-Kristall (Blau),Cristal des Profondeurs Interdites (Bleu),Cristal de las Profundidades Prohibidas (Azul),Cristal das Profundezas Proibidas (Azul),Кристалл Запретных Глубин (Синий),Cristallo delle Profondità Proibite (Blu),禁忌深淵水晶（藍）,深渊禁地水晶（蓝）,금지된 심연의 수정 (파란색),Kryształ Zakazanych Głębin (Niebieski),Кристал Заборонених Глибин (Синій),Verboden Diepten Kristal (Blauw),Yasaklı Derinlikler Kristali (Mavi)
L_DEC_FORBIDDENDEPTHSCRYSTALPINK,,Forbidden Depths Crystal (Pink),禁忌の深淵の水晶（ピンク）,Kristall der Verbotenen Tiefen (Rosa),Cristal des Profondeurs Interdites (Rose),Cristal de las Profundidades Prohibidas (Rosa),Cristal das Profundezas Proibidas (Rosa),Кристалл Запретных Глубин (Розовый),Cristallo delle Profondità Proibite (Rosa),禁忌深淵水晶（粉紅）,深渊禁地水晶（粉）,금지된 심연의 수정 (분홍색),Kryształ Zakazanych Głębin (Różowy),Кристал Заборонених Глибин (Рожевий),Verboden Diepten Kristal (Roze),Yasak Derinlikler Kristali (Pembe)
L_DEC_FORBIDDENDEPTHSCRYSTALGREEN,,Forbidden Depths Crystal (Green),禁忌の深淵の水晶（緑）,Verbotene Tiefen-Kristall (Grün),Cristal des Profondeurs Interdites (Vert),Cristal de las Profundidades Prohibidas (Verde),Cristal das Profundezas Proibidas (Verde),Кристалл Запретных Глубин (Зелёный),Cristallo delle Profondità Proibite (Verde),禁忌深淵水晶（綠）,深渊禁地水晶（绿）,금지된 심연의 수정 (녹색),Kryształ Zakazanych Głębin (Zielony),Кристал Заборонених Глибин (Зелений),Verboden Diepten Kristal (Groen),Yasak Derinlikler Kristali (Yeşil)
L_DEC_FORBIDDENDEPTHSCRYSTALYELLOW,,Forbidden Depths Crystal (Yellow),禁忌の深淵の水晶（黄）,Verbotene Tiefen-Kristall (Gelb),Cristal des Profondeurs Interdites (Jaune),Cristal de las Profundidades Prohibidas (Amarillo),Cristal das Profundezas Proibidas (Amarelo),Кристалл Запретных Глубин (Жёлтый),Cristallo delle Profondità Proibite (Giallo),禁忌深淵水晶（黃）,深渊禁地水晶（黄）,금지된 심연의 수정 (노란색),Kryształ Zakazanych Głębin (Żółty),Кристал Заборонених Глибин (Жовтий),Verboden Diepten Kristal (Geel),Yasak Derinlikler Kristali (Sarı)
L_DEC_FORBIDDENDEPTHSCRYSTALRED,,Forbidden Depths Crystal (Red),禁忌の深淵の結晶（赤）,Verbotene Tiefen-Kristall (Rot),Cristal des Profondeurs Interdites (Rouge),Cristal de las Profundidades Prohibidas (Rojo),Cristal das Profundezas Proibidas (Vermelho),Кристалл Запретных Глубин (Красный),Cristallo delle Profondità Proibite (Rosso),禁忌深淵水晶（紅）,深渊禁地水晶（红）,금지된 심연의 수정 (붉은색),Kryształ Zakazanych Głębin (Czerwony),Кристал Заборонених Глибин (Червоний),Verboden Diepten Kristal (Rood),Yasaklı Derinlikler Kristali (Kırmızı)
L_DEC_FORBIDDENDEPTHSCRYSTALDIAMOND,,Forbidden Depths Crystal (Diamond),禁忌の深淵の水晶（ダイヤモンド）,Verbotene Tiefen-Kristall (Diamant),Cristal des Profondeurs Interdites (Diamant),Cristal de las Profundidades Prohibidas (Diamante),Cristal das Profundezas Proibidas (Diamante),Кристалл Запретных Глубин (Алмаз),Cristallo delle Profondità Proibite (Diamante),禁忌深淵水晶（鑽石）,深渊禁地水晶（钻石）,금지된 심연의 수정 (다이아몬드),Kryształ Zakazanych Głębin (Diament),Кристал Заборонених Глибин (Діамант),Verboden Diepten Kristal (Diamant),Yasak Derinlikler Kristali (Elmas)
L_DEC_FORGOTTENLABCOG,,Forgotten Lab Cog,忘れられた研究所の歯車,Vergessenes Laborzahnrad,Rouage de Laboratoire Oublié,Engranaje de Laboratorio Olvidado,Engrenagem de Laboratório Esquecida,Забытая Лабораторная Шестерня,Ingranaggio del Laboratorio Dimenticato,遺忘實驗室齒輪,被遗忘的实验室齿轮,잊혀진 실험실 톱니바퀴,Zapomniane Koło Zębate Laboratorium,Забуте Лабораторне Колесо,Vergeten Laboratoriumtandwiel,Unutulmuş Laboratuvar Dişlisi
L_DEC_FORGOTTENLABWEAPONS,,Forgotten Lab Weapons,忘れられた研究所の武器,Vergessene Laborwaffen,Armes du Laboratoire Oublié,Armas del Laboratorio Olvidado,Armas do Laboratório Esquecido,Забытое Оружие Лаборатории,Armi del Laboratorio Dimenticato,遺忘實驗室武器,被遗忘的实验室武器,잊혀진 연구소 무기,Zapomniana Broń Laboratorium,Забута Лабораторна Зброя,Vergeten Labwapens,Unutulmuş Laboratuvar Silahları
L_DEC_FORGOTTENLABSCHEMATIC,,Forgotten Lab Schematic,忘れられた研究所の設計図,Vergessener Laborschaltplan,Schéma de Laboratoire Oublié,Esquema de Laboratorio Olvidado,Esquema do Laboratório Esquecido,Схема Забытой Лаборатории,Schema del Laboratorio Dimenticato,遺忘實驗室設計圖,被遗忘的实验室图纸,잊혀진 연구실 설계도,Schemat Zapomnianego Laboratorium,Креслення Забутої Лабораторії,Vergeten Laboratoriumschema,Unutulmuş Laboratuvar Şeması
L_DEC_FORGOTTENLABROBOTPARTARM,,Forgotten Lab Robot Part (Arm),忘れられた研究所のロボットパーツ（腕）,Vergessenes Laborroboterteil (Arm),Pièce de Robot de Laboratoire Oublié (Bras),Pieza de Robot de Laboratorio Olvidado (Brazo),Peça de Robô de Laboratório Esquecido (Braço),Забытая Деталь Лабораторного Робота (Рука),Parte di Robot da Laboratorio Dimenticato (Braccio),遺忘實驗室機器人零件（手臂）,被遗忘的实验室机器人部件（手臂）,잊혀진 실험실 로봇 부품 (팔),Zapomniana Część Robota Laboratoryjnego (Ramię),Забута Деталь Лабораторного Робота (Рука),Vergeten Laboratoriumrobot Onderdeel (Arm),Unutulmuş Laboratuvar Robot Parçası (Kol)
L_DEC_FORGOTTENLABROBOTPARTBODY,,Forgotten Lab Robot Part (Body),忘れられた研究所ロボットパーツ（ボディ）,Vergessenes Laborroboterteil (Körper),Robot de Laboratoire Oublié - Partie (Corps),Robot de Laboratorio Olvidado (Cuerpo),Peça de Robô de Laboratório Esquecido (Corpo),Забытая деталь лабораторного робота (корпус),Robot da Laboratorio Dimenticato (Corpo),遺忘實驗室機器人零件（身體）,被遗忘的实验室机器人部件（躯干）,잊혀진 실험실 로봇 부품 (몸체),Zapomniana Część Robota Laboratoryjnego (Korpus),Забута деталь лабораторного робота (корпус),Vergeten Laboratoriumrobot Onderdeel (Lichaam),Unutulmuş Laboratuvar Robot Parçası (Gövde)
L_DEC_FORGOTTENLABROBOTPARTHEAD,,Forgotten Lab Robot Part (Head),忘れられた研究所ロボットパーツ（頭部）,Vergessenes Laborroboterteil (Kopf),Pièce de Robot de Laboratoire Oublié (Tête),Pieza de Robot de Laboratorio Olvidado (Cabeza),Peça de Robô de Laboratório Esquecido (Cabeça),Забытая деталь лабораторного робота (голова),Parte di Robot da Laboratorio Dimenticato (Testa),遺忘實驗室機器人零件（頭部）,被遗忘的实验室机器人部件（头部）,잊혀진 실험실 로봇 부품 (머리),Zapomniana Część Robota Laboratoryjnego (Głowa),Забута Деталь Лабораторного Робота (Голова),Vergeten Laboratoriumrobot Onderdeel (Hoofd),Unutulmuş Laboratuvar Robot Parçası (Kafa)
L_DEC_FORGOTTENLABROBOTPARTLEG,,Forgotten Lab Robot Part (Leg),忘れられた研究所のロボットパーツ（脚）,Vergessenes Laborroboterteil (Bein),Pièce de Robot de Laboratoire Oublié (Jambe),Pieza de Robot de Laboratorio Olvidado (Pierna),Peça de Robô de Laboratório Esquecido (Perna),Забытая деталь лабораторного робота (нога),Parte di Robot da Laboratorio Dimenticato (Gamba),遺忘實驗室機器人零件（腿）,被遗忘的实验室机器人部件（腿部）,잊혀진 실험실 로봇 부품 (다리),Zapomniana Część Robota Laboratoryjnego (Noga),Забута Деталь Лабораторного Робота (Нога),Vergeten Laboratoriumrobot-onderdeel (Been),Unutulmuş Laboratuvar Robot Parçası (Bacak)
L_DEC_FORGOTTENLABMACHINE1,,Forgotten Lab Machine (1),忘れられた研究所の機械（1）,Vergessene Labormaschine (1),Machine de Laboratoire Oubliée (1),Máquina de Laboratorio Olvidada (1),Máquina de Laboratório Esquecida (1),Забытая Лабораторная Машина (1),Macchina del Laboratorio Dimenticato (1),遺忘的實驗室機器 (1),被遗忘的实验室机器（1）,잊혀진 실험실 기계 (1),Zapomniana Maszyna Laboratoryjna (1),Забута Лабораторна Машина (1),Vergeten Labmachine (1),Unutulmuş Laboratuvar Makinesi (1)
L_DEC_FORGOTTENLABMACHINE2,,Forgotten Lab Machine (2),忘れられた研究所の機械（2）,Vergessene Labormaschine (2),Appareil de Laboratoire Oublié (2),Máquina de Laboratorio Olvidada (2),Máquina de Laboratório Esquecida (2),Забытая Лабораторная Машина (2),Macchina da Laboratorio Dimenticata (2),遺忘的實驗室機器 (2),被遗忘的实验室机器（2）,잊혀진 실험실 기계 (2),Zapomniana Maszyna Laboratoryjna (2),Забута Лабораторна Машина (2),Vergeten Labmachine (2),Unutulmuş Laboratuvar Makinesi (2)
L_DEC_FORGOTTENLABMACHINE3,,Forgotten Lab Machine (3),忘れられた研究所の機械 (3),Vergessene Labormaschine (3),Machine de Laboratoire Oubliée (3),Máquina de Laboratorio Olvidada (3),Máquina de Laboratório Esquecida (3),Забытая Лабораторная Машина (3),Macchina da Laboratorio Dimenticata (3),遺忘的實驗室機器 (3),被遗忘的实验室机器（3）,잊혀진 실험실 기계 (3),Zapomniana Maszyna Laboratoryjna (3),Забута Лабораторна Машина (3),Vergeten Labmachine (3),Unutulmuş Laboratuvar Makinesi (3)
L_DEC_FORGOTTENLABSCRAP,,Forgotten Lab Scrap,忘れられた研究所の廃材,Vergessener Laborschrott,Débris de Laboratoire Oublié,Chatarra de Laboratorio Olvidado,Sucata de Laboratório Esquecido,Забытый лабораторный хлам,Rottame di Laboratorio Dimenticato,遺忘的實驗室碎片,被遗忘的实验室废料,잊혀진 연구실 조각,Zapomniany Odłamek Laboratoryjny,Забутий лабораторний брухт,Vergeten Laboratoriumschroot,Unutulmuş Laboratuvar Hurda
L_DEC_FORGOTTENLABOIL,,Forgotten Lab Oil,忘れられた研究所のオイル,Vergessenes Laboröl,Huile de Laboratoire Oublié,Aceite de Laboratorio Olvidado,Óleo de Laboratório Esquecido,Масло Забытой Лаборатории,Olio del Laboratorio Dimenticato,遺忘實驗室油,被遗忘的实验室油,잊혀진 실험실 오일,Olej z Zapomnianego Laboratorium,Забута Лабораторна Олія,Vergeten Laboratoriumolie,Unutulmuş Laboratuvar Yağı
L_DEC_GAMBLER'SHIVESLOTMACHINELARGE,,Gambler's Hive Slot Machine (Large),ギャンブラーの巣窟スロットマシン（大）,Spielhölle-Spielautomat (Groß),Machine à sous du Repaire des Joueurs (Grande),Máquina Tragamonedas del Colmenar del Apostador (Grande),Caça-níqueis do Covil do Apostador (Grande),"Игровой Автомат ""Улей Азартника"" (Большой)",Slot Machine dell'Alveare del Giocatore d'Azzardo (Grande),賭徒蜂巢老虎機（大型）,赌徒蜂巢老虎机（大）,도박꾼의 벌집 슬롯머신 (대형),Automat do Gry Ul Hazardzisty (Duży),"Ігровий Автомат ""Вулик Азартника"" (Великий)",Gokhol Gokautomaat (Groot),Kumarbazın Kovanı Kumar Makinesi (Büyük)
L_DEC_GAMBLER'SHIVEDECK,,Gambler's Hive Deck,ギャンブラーのハイブデッキ,Spielerhöhlen-Deck,Jeu de la Ruche du Parieur,Mazo del Panal del Jugador,Baralho da Colmeia do Apostador,Колода Улья Азартных Игр,Mazzo dell'Alveare del Giocatore d'Azzardo,賭徒蜂巢牌組,赌徒蜂巢牌组,도박꾼의 벌집 덱,Talia Gniazda Hazardzisty,Колода Вулика Азартника,Gokkers Bijenkorf Kaartspel,Kumarbazın Kovan Destesi
L_DEC_GAMBLER'SHIVESLOTMACHINESMALL,,Gambler's Hive Slot Machine (Small),ギャンブラーの巣窟スロットマシン（小）,Spieler-Bienenstock-Spielautomat (Klein),Machine à sous du Repaire des Joueurs (Petite),Máquina Tragamonedas del Panal del Apostador (Pequeña),Máquina Caça-Níqueis do Covil do Apostador (Pequena),"Игровой Автомат ""Улей Азартника"" (Малый)",Slot Machine dell'Alveare del Giocatore d'Azzardo (Piccola),賭徒蜂巢角子機（小）,赌徒蜂巢老虎机（小）,도박꾼의 벌집 슬롯머신 (소형),Automat Hazardowy Gniazdo Hazardzisty (Mały),"Ігровий Автомат ""Вулик Азартника"" (Малий)",Gokhol Gokautomaat (Klein),Kumarbazın Kovanı Kumar Makinesi (Küçük)
L_DEC_GAMBLER'SHIVEPORTAL,,Gambler's Hive Portal,ギャンブラーの巣窟ポータル,Glücksspieler-Bienenstock-Portal,Portail de la Ruche du Joueur,Portal del Colmenar del Jugador,Portal da Colmeia do Apostador,Портал Улья Азартных Игр,Portale dell'Alveare del Giocatore d'Azzardo,賭徒蜂巢傳送門,赌徒蜂巢传送门,도박꾼의 벌집 포털,Portal Gniazda Hazardzisty,Портал Вулика Гравця,Gokkers Bijenkorf Portaal,Kumarbazın Kovan Portalı
L_DEC_GAMBLER'SHIVEHOUSEOFCARDS,,Gambler's Hive House of Cards,ギャンブラーの巣窟 カードハウス,Spielerhöhle Kartenhaus,Ruche du Joueur Maison de Cartes,Casa de Naipes del Jugador,Casa de Cartas do Covil do Apostador,"Игорный Улей ""Карточный Домик""",Alveare del Giocatore d'Azzardo Casa di Carte,賭徒巢穴 紙牌之屋,赌徒蜂巢纸牌屋,도박꾼의 소굴 카드의 집,Ul Hazardzisty Dom Kart,Вулик Гравця Картковий Дім,Gokkers' Bijenkorf Kaartenhuis,Kumarbazın Kovanı Kağıt Evi
L_DEC_GAMBLER'SHIVECARDTABLE1,,Gambler's Hive Card Table (1),ギャンブラーの巣窟カードテーブル (1),Spielertisch der Glücksspielerhöhle (1),Table de Cartes de la Ruche du Joueur (1),Mesa de Cartas del Panal del Jugador (1),Mesa de Cartas do Covil do Apostador (1),Карточный Стол Улья Азартных Игр (1),Tavolo da Carte dell'Alveare del Giocatore d'Azzardo (1),賭徒蜂巢紙牌桌 (1),赌徒蜂巢牌桌（1）,도박꾼의 벌집 카드 테이블 (1),Stół Karciarzy w Ulu Hazardzistów (1),Картковий стіл Вулика Гравця (1),Gokkers Kaartentafel (1),Kumarbazın Kovan Kart Masası (1)
L_DEC_GAMBLER'SHIVECARDTABLE2,,Gambler's Hive Card Table (2),ギャンブラーの巣窟カードテーブル (2),Spielertisch für Bienenstock-Karten (2),Table de Cartes de la Ruche du Joueur (2),Mesa de Cartas del Panal del Apostador (2),Mesa de Cartas do Covil do Apostador (2),Карточный Стол Улья Азартных Игр (2),Tavolo da Carte dell'Alveare del Giocatore d'Azzardo (2),賭徒蜂巢紙牌桌 (2),赌徒蜂巢牌桌（2）,도박꾼의 벌집 카드 테이블 (2),Stół Karciarzy Ula Hazardzisty (2),Картковий стіл Грального Вулика (2),Gokkers Kaartentafel (2),Kumarbazın Kovan Kart Masası (2)
L_DEC_GAMBLER'SHIVECARDTABLE3,,Gambler's Hive Card Table (3),ギャンブラーの巣窟カードテーブル (3),Spielertisch für Bienenstock-Karten (3),Table de Cartes de la Ruche du Joueur (3),Mesa de Cartas del Colmenar del Apostador (3),Mesa de Cartas do Covil do Apostador (3),Карточный Стол Улья Азартных Игр (3),Tavolo da Carte dell'Alveare del Giocatore d'Azzardo (3),賭徒蜂巢紙牌桌 (3),赌徒蜂巢牌桌（3）,도박꾼의 벌집 카드 테이블 (3),Stół Karciarzy Ula Hazardzisty (3),Картковий стіл Вулика Гравця (3),Gokkers Kaartentafel (3),Kumarbazın Kovan Kart Masası (3)
L_DEC_GAMBLER'SHIVECARDTABLE4,,Gambler's Hive Card Table (4),ギャンブラーの巣窟カードテーブル (4),Spielertisch für Bienenstock-Karten (4),Table de Cartes de la Ruche du Joueur (4),Mesa de Cartas del Panal del Apostador (4),Mesa de Cartas do Covil do Apostador (4),Карточный Стол Улья Азартных Игр (4),Tavolo da Carte dell'Alveare del Giocatore d'Azzardo (4),賭徒蜂巢紙牌桌 (4),赌徒蜂巢牌桌（4）,도박꾼의 벌집 카드 테이블 (4),Stół Karciarzy Ula Hazardzisty (4),Картковий стіл Вулика Гравця (4),Gokkers Kaartentafel (4),Kumarbazın Kovan Kart Masası (4)
L_DEC_GAMBLER'SHIVECRAPSTABLE,,Gambler's Hive Craps Table,ギャンブラーズ・ハイヴ クラップステーブル,Würfeltisch des Spielerhorts,Table de Craps du Repaire des Joueurs,Mesa de Dados del Colmenar del Jugador,Mesa de Craps do Covil do Apostador,"Стол для игры в крэпс ""Улей игрока""",Tavolo da Craps dell'Alveare del Giocatore d'Azzardo,賭徒蜂巢骰子賭桌,赌徒蜂巢骰子桌,도박꾼의 소굴 크랩스 테이블,Stół do Kości w Gnieździe Hazardzisty,Стіл для гри в Крепс у Гнізді Азартника,Dobbeltafel van het Gokkersnest,Kumarbazın Kovanı Zar Masası
L_DEC_GAMBLER'SHIVECARPET,,Gambler's Hive Carpet,ギャンブラーの巣窟の絨毯,Teppich des Spielerhorts,Tapis de la Ruche du Joueur,Alfombra del Panal del Jugador,Tapete da Colmeia do Apostador,"Ковер ""Улей Азартных Игр""",Tappeto dell'Alveare del Giocatore d'Azzardo,賭徒蜂巢地毯,赌徒蜂巢地毯,도박꾼의 벌집 카펫,Dywan z Hazardzistów Ula,Килим Гральних Вуликів,Tapijt van het Gokkersnest,Kumarbazın Kovan Halısı
L_DEC_GAMBLER'SHIVEROULETTE,,Gambler's Hive Roulette,ギャンブラーズ・ハイヴ・ルーレット,Roulette im Spielerhöhle,Roulette de la Ruche du Parieur,Ruleta del Panal del Apostador,Roleta do Covil do Apostador,Рулетка Улья Азартных Игр,Roulette dell'Alveare del Giocatore d'Azzardo,賭徒蜂巢輪盤,赌徒蜂巢轮盘,도박꾼의 벌집 룰렛,Ruletka Gniazda Hazardzisty,Рулетка Вулика Азартника,Gokkers Bijenkorf Roulette,Kumarbazın Kovan Ruleti
L_DEC_OVERGROWNTEMPLEBLOODSTAINEDALTAR,,Overgrown Temple Bloodstained Altar,生い茂った寺院 血染めの祭壇,Überwucherter Tempel Blutbefleckter Altar,Temple Envahi Autel Ensanglanté,Templo Cubierto de Vegetación Altar Ensangrentado,Templo Coberto de Vegetação Altar Manchado de Sangue,Заросший Храм Окровавленный Алтарь,Tempio Invaso dalla Vegetazione Altare Insanguinato,雜草叢生的神廟 血跡斑斑的祭壇,荒蔓神庙血污祭坛,우거진 사원 핏자국 묻은 제단,Przerośnięta Świątynia Zakrwawiony Ołtarz,Зарослий Храм Закривавлений Вівтар,Overwoekerde Tempel Bebloed Altaar,Aşırı Büyümüş Tapınak Kanlı Sunak
L_DEC_OVERGROWNTEMPLEORB,,Overgrown Temple Orb,生い茂った寺院のオーブ,Kugel des überwucherten Tempels,Orbe du Temple Envahi,Orbe del Templo Cubierto de Vegetación,Orbe do Templo Coberto de Vegetação,Сфера Заросшего Храма,Sfera del Tempio Invaso,雜草叢生神廟寶珠,荒蔓神庙宝珠,우거진 사원 오브,Kula Zarośniętej Świątyni,Сфера Зарослого Храму,Overwoekerde Tempelbol,Büyümüş Tapınak Küresi
L_DEC_OVERGROWNTEMPLEMONOLITH,,Overgrown Temple Monolith,生い茂った寺院の石碑,Überwucherter Tempelmonolith,Temple Monolithe Envahi,Monolito del Templo Cubierto de Vegetación,Monólito do Templo Coberto de Vegetação,Заросший Храмовый Монолит,Monolite del Tempio Invaso dalla Vegetazione,雜草叢生的神廟石碑,荒蔓神庙石碑,우거진 사원 석비,Przerośnięty Monolit Świątynny,Моноліт Зарослого Храму,Overwoekerde Tempelmonoliet,Aşırı Büyümüş Tapınak Monoliti
L_DEC_OVERGROWNTEMPLEBOOKSHELF,,Overgrown Temple Bookshelf,生い茂った寺院の本棚,Überwuchertes Tempel-Bücherregal,Bibliothèque du Temple Envahi par la Végétation,Estantería del Templo Invadido por la Vegetación,Estante da Biblioteca do Templo Abandonado,Книжная полка заросшего храма,Libreria del Tempio Invaso dalla Vegetazione,雜草叢生的神廟書架,荒蔓神庙书架,우거진 사원 책장,Zakurzona Półka z Księgami w Świątyni,Книжкова полиця зарослого храму,Overwoekerde Tempelboekenplank,Büyümüş Tapınak Kitaplığı
L_DEC_OVERGROWNTEMPLESTATUE,,Overgrown Temple Statue,生い茂った寺院の像,Überwucherte Tempelstatue,Statue de Temple Envahie par la Végétation,Estatua del Templo Cubierta de Vegetación,Estátua do Templo Coberta de Vegetação,Заросшая Храмовая Статуя,Statua del Tempio Invaso dalla Vegetazione,雜草叢生的神廟雕像,荒蔓神庙雕像,우거진 사원 석상,Przerośnięty Posąg Świątynny,Заросла Храмова Статуя,Overwoekerd Tempelbeeld,Aşırı Büyümüş Tapınak Heykeli
L_DEC_OVERGROWNTEMPLELIVINGVINES,,Overgrown Temple Living Vines,生い茂った寺院の生きる蔓,Überwucherter Tempel Lebendige Ranken,Temple Envahi Lianes Vivantes,Templo Invadido por la Vegetación Enredaderas Vivientes,Templo Coberto de Vegetação Vinhas Vivas,Заросший Храм Живых Лоз,Tempio Invaso Liane Viventi,雜草叢生的神廟 活體藤蔓,荒蔓神庙活体藤蔓,우거진 사원 살아있는 덩굴,Przerośnięta Świątynia Żywe Pnącza,Зарослий Храм Живих Ліан,Overwoekerde Tempel Levende Ranken,Aşırı Büyümüş Tapınak Canlı Sarmaşıklar
L_DEC_OVERGROWNTEMPLEVINE1,,Overgrown Temple Vine (1),生い茂る寺院の蔓 (1),Überwucherte Tempelranke (1),Temple Envahi de Lianes (1),Enredadera del Templo Invadido (1),Videira do Templo Abandonado (1),Лоза Заросшего Храма (1),Liana del Tempio Invaso (1),雜草叢生的神廟藤蔓 (1),荒蔓神庙藤蔓（1）,무성한 사원 덩굴 (1),Pnącze Zarośniętej Świątyni (1),Лоза Зарослого Храму (1),Overwoekerde Tempelliane (1),Büyümüş Tapınak Sarmaşığı (1)
L_DEC_OVERGROWNTEMPLEVINE2,,Overgrown Temple Vine (2),生い茂った寺院の蔓 (2),Überwucherte Tempelliane (2),Temple Envahi de Lianes (2),Enredadera del Templo Invadido (2),Videira do Templo Abandonado (2),Лоза Заросшего Храма (2),Liana del Tempio Invaso (2),雜草叢生的神廟藤蔓 (2),荒蔓神庙藤蔓（2）,무성한 사원 덩굴 (2),Pnącze Zarośniętej Świątyni (2),Заросла Храмова Ліана (2),Overwoekerde Tempelliane (2),Aşırı Büyümüş Tapınak Sarmaşığı (2)
L_DEC_OVERGROWNTEMPLESTATUE1,,Overgrown Temple Statue (1),生い茂った寺院の像 (1),Überwucherte Tempelstatue (1),Statue de Temple Envahie par la Végétation (1),Estatua del Templo Cubierta de Vegetación (1),Estátua do Templo Coberta de Vegetação (1),Заросшая Храмовая Статуя (1),Statua del Tempio Invaso dalla Vegetazione (1),雜草叢生的神廟雕像 (1),荒蔓神庙雕像（1）,우거진 사원 석상 (1),Przerośnięty Posąg Świątynny (1),Заросла Храмова Статуя (1),Overwoekerd Tempelbeeld (1),Büyümüş Tapınak Heykeli (1)
L_DEC_OVERGROWNTEMPLESTATUE2,,Overgrown Temple Statue (2),生い茂った寺院の像 (2),Überwucherte Tempelstatue (2),Statue de Temple Envahie par la Végétation (2),Estatua del Templo Cubierta de Vegetación (2),Estátua do Templo Coberta de Vegetação (2),Заросшая Храмовая Статуя (2),Statua del Tempio Invasa dalla Vegetazione (2),雜草叢生的神廟雕像 (2),荒蔓神庙雕像（2）,우거진 사원 석상 (2),Przerośnięty Posąg Świątynny (2),Заросла Храмова Статуя (2),Overwoekerd Tempelbeeld (2),Büyümüş Tapınak Heykeli (2)
L_DEC_OVERGROWNTEMPLEWELL1,,Overgrown Temple Well (1),生い茂った寺院の井戸 (1),Überwucherter Tempelbrunnen (1),Puits du Temple Envahi (1),Pozo del Templo Cubierto de Vegetación (1),Poço do Templo Coberto de Vegetação (1),Заросший Храмовый Колодец (1),Pozzo del Tempio Invaso dalla Vegetazione (1),雜草叢生的神廟井 (1),荒蔓神庙井（1）,우거진 사원 우물 (1),Zarośnięta Studnia Świątynna (1),Зарослий Храмовий Колодязь (1),Overwoekerde Tempelput (1),Büyümüş Tapınak Kuyusu (1)
L_DEC_OVERGROWNTEMPLEWELL2,,Overgrown Temple Well (2),生い茂った寺院の井戸 (2),Überwucherter Tempelbrunnen (2),Puits du Temple Envahi (2),Pozo del Templo Cubierto de Vegetación (2),Poço do Templo Coberto de Vegetação (2),Заросший Храмовый Колодец (2),Pozzo del Tempio Invaso (2),雜草叢生的神廟井 (2),荒蔓神庙井（2）,우거진 사원 우물 (2),Zarośnięta Studnia Świątynna (2),Зарослий Храмовий Колодязь (2),Overwoekerde Tempelput (2),Büyümüş Tapınak Kuyusu (2)
L_DEC_TREASURECHESTFORBIDDENDEPTHS,,Treasure Chest (Forbidden Depths),宝箱（禁断の深淵）,Schatztruhe (Verbotene Tiefen),Coffre au Trésor (Profondeurs Interdites),Cofre del Tesoro (Profundidades Prohibidas),Baú do Tesouro (Profundezas Proibidas),Сундук с сокровищами (Запретные Глубины),Forziere (Profondità Proibite),寶箱（禁忌深淵）,宝箱（深渊禁地）,보물 상자 (금지된 심연),Skrzynia Skarbów (Zakazane Głębiny),Скриня зі скарбами (Заборонені Глибини),Schatkist (Verboden Diepten),Hazine Sandığı (Yasak Derinlikler)
L_DEC_TREASURECHESTFORGOTTENLAB,,Treasure Chest (Forgotten Lab),宝箱（忘れられた研究室）,Schatztruhe (Vergessenes Labor),Coffre au trésor (Laboratoire oublié),Cofre del Tesoro (Laboratorio Olvidado),Baú do Tesouro (Laboratório Esquecido),Сундук с сокровищами (Забытая лаборатория),Forziere (Laboratorio Dimenticato),寶箱（被遺忘的實驗室）,宝箱（被遗忘的实验室）,보물 상자 (잊혀진 연구실),Skrzynia Skarbów (Zapomniane Laboratorium),Скриня зі скарбами (Забута лабораторія),Schatkist (Vergeten Laboratorium),Hazine Sandığı (Unutulmuş Laboratuvar)
L_DEC_TREASURECHESTDAMAREL,,Treasure Chest (Damarel),宝箱（ダマレル）,Schatztruhe (Damarel),Coffre au trésor (Damarel),Cofre del Tesoro (Damarel),Baú do Tesouro (Damarel),Сундук с сокровищами (Дамарел),Forziere (Damarel),寶箱（達瑪雷爾）,宝箱（达玛瑞尔）,보물 상자 (다마렐),Skrzynia Skarbów (Damarel),Скриня зі скарбами (Дамарел),Schatkist (Damarel),Hazine Sandığı (Damarel)
L_DEC_TREASURECHESTLANDOFB&B,,Treasure Chest (Land of B&B),宝箱（B&Bの地）,Schatztruhe (Land von B&B),Coffre au trésor (Pays de B&B),Cofre del Tesoro (Tierra de B&B),Baú do Tesouro (Terra de B&B),Сундук с сокровищами (Земля Б&Б),Forziere (Terra di B&B),寶箱（B&B之地）,宝箱（调息之地）,보물 상자 (B&B의 땅),Skrzynia Skarbów (Kraina B&B),Скарбова Скриня (Земля Б&Б),Schatkist (Land van B&B),Hazine Sandığı (B&B Diyarı)
L_DEC_TREASURECHESTGAMBLER'SHIVE,,Treasure Chest (Gambler's Hive),宝箱（ギャンブラーの巣）,Schatztruhe (Spielerhöhle),Coffre au Trésor (Ruche du Joueur),Cofre del Tesoro (Colmena del Jugador),Baú do Tesouro (Colmeia do Apostador),Сундук с сокровищами (Улей Азартных Игроков),Forziere (Alveare del Giocatore d'Azzardo),寶箱（賭徒巢穴）,宝箱（赌徒蜂巢）,보물 상자 (도박꾼의 소굴),Skrzynia Skarbów (Ul Hazardzisty),Скриня зі скарбами (Вулик Азартника),Schatkist (Gokkersnest),Hazine Sandığı (Kumarbazın Kovanı)
L_DEC_TREASURECHESTOVERGROWNTEMPLE,,Treasure Chest (Overgrown Temple),宝箱（生い茂った寺院）,Schatztruhe (Überwucherter Tempel),Coffre au trésor (Temple envahi par la végétation),Cofre del Tesoro (Templo Cubierto de Vegetación),Baú do Tesouro (Templo Coberto de Vegetação),Сундук с сокровищами (Заросший храм),Forziere (Tempio Invaso dalla Vegetazione),寶箱（雜草叢生的神廟）,宝箱（荒蔓神庙）,보물 상자 (우거진 사원),Skrzynia Skarbów (Zarośnięta Świątynia),Скриня зі скарбами (Зарослий храм),Schatkist (Overwoekerde Tempel),Hazine Sandığı (Aşırı Büyümüş Tapınak)
L_DEC_TREASURECHESTAMALGAMGARDENS,,Treasure Chest (Amalgam Gardens),宝箱（アマルガム庭園）,Schatztruhe (Amalgam-Gärten),Coffre au trésor (Jardins d'Amalgame),Cofre del Tesoro (Jardines Amalgama),Baú do Tesouro (Jardins Amalgamados),Сундук с сокровищами (Сады Амальгамы),Forziere (Giardini Amalgama),寶箱（融合花園）,宝箱（融合花园）,보물 상자 (아말감 정원),Skrzynia Skarbów (Ogrody Amalgamatu),Скриня зі скарбами (Сади Амальгами),Schatkist (Amalgaamtuinen),Hazine Sandığı (Amalgam Bahçeleri)
L_DEC_TREASURECHESTASTRALGALLERY,,Treasure Chest (Astral Gallery),宝箱（星霊の回廊）,Schatztruhe (Astralgalerie),Coffre au trésor (Galerie Astrale),Cofre del Tesoro (Galería Astral),Baú do Tesouro (Galeria Astral),Сундук с сокровищами (Астральная Галерея),Forziere (Galleria Astrale),寶箱（星幻畫廊）,宝箱（星界画廊）,보물 상자 (천체 갤러리),Skrzynia Skarbów (Astralna Galeria),Скриня зі скарбами (Астральна галерея),Schatkist (Astrale Galerij),Hazine Sandığı (Astral Galeri)
L_DEC_TREASURECHESTFAELANDS,,Treasure Chest (Fae Lands),宝箱（妖精郷）,Schatztruhe (Feenländer),Coffre au Trésor (Terres Féeriques),Cofre del Tesoro (Tierras de las Hadas),Baú do Tesouro (Terras das Fadas),Сундук с сокровищами (Земли Фей),Forziere (Terre Fatate),寶箱（精靈國度）,宝箱（仙灵秘境）,보물 상자 (요정의 땅),Skrzynia Skarbów (Kraina Fae),Скарбова Скриня (Землі Фей),Schatkist (Feeënlanden),Hazine Sandığı (Peri Diyarları)
L_DEC_RESOURCENODEFORBIDDENDEPTHS,,Resource Node (Forbidden Depths),リソースノード（禁断の深淵）,Ressourcenknoten (Verbotene Tiefen),Nœud de ressources (Profondeurs interdites),Nodo de Recursos (Profundidades Prohibidas),Nó de Recurso (Profundezas Proibidas),Узел Ресурсов (Запретные Глубины),Nodo di Risorse (Abissi Proibiti),資源節點（禁忌深淵）,资源节点（深渊禁地）,자원 노드 (금지된 심연),Węzeł Zasobów (Zakazane Głębiny),Вузол ресурсів (Заборонені глибини),Grondstofknooppunt (Verboden Diepten),Kaynak Düğümü (Yasaklı Derinlikler)
L_DEC_RESOURCENODEFORGOTTENLAB,,Resource Node (Forgotten Lab),リソースノード（忘れられた研究所）,Ressourcenknoten (Vergessenes Labor),Nœud de ressources (Laboratoire oublié),Nodo de Recursos (Laboratorio Olvidado),Nódulo de Recursos (Laboratório Esquecido),Узел ресурсов (Забытая лаборатория),Nodo di Risorse (Laboratorio Dimenticato),資源節點（遺忘實驗室）,资源节点（被遗忘的实验室）,자원 노드 (잊혀진 연구실),Węzeł Zasobów (Zapomniane Laboratorium),Вузол ресурсів (Забута лабораторія),Grondstofknooppunt (Vergeten Lab),Kaynak Düğümü (Unutulmuş Laboratuvar)
L_DEC_RESOURCENODEDAMAREL,,Resource Node (Damarel),リソースノード（ダマレル）,Ressourcenknoten (Damarel),Nœud de ressources (Damarel),Nodo de Recursos (Damarel),Nó de Recurso (Damarel),Узел ресурсов (Дамарел),Nodo di Risorse (Damarel),資源節點（達瑪雷爾）,资源节点（达玛瑞尔）,자원 노드 (다마렐),Węzeł Zasobów (Damarel),Вузол ресурсів (Дамарел),Grondstofknooppunt (Damarel),Kaynak Düğümü (Damarel)
L_DEC_RESOURCENODELANDOFB&B,,Resource Node (Land of B&B),リソースノード（B&Bの地）,Ressourcenknoten (Land von B&B),Nœud de ressources (Land of B&B),Nodo de Recursos (Tierra de B&B),Nó de Recurso (Terra de B&B),Узел Ресурсов (Земля B&B),Nodo di Risorse (Terra di B&B),資源節點（B&B之地）,资源节点（调息之地）,자원 노드 (B&B의 땅),Węzeł Zasobów (Land of B&B),Вузол ресурсів (Земля Б&Б),Grondstofknooppunt (Land van B&B),Kaynak Düğümü (B&B Diyarı)
L_DEC_RESOURCENODEGAMBLER'SHIVE,,Resource Node (Gambler's Hive),リソースノード（ギャンブラーの巣）,Ressourcenknoten (Spielerhöhle),Nœud de ressources (Ruche du Joueur),Nodo de Recursos (Colmena del Apostador),Nódulo de Recursos (Colmeia do Apostador),Узел ресурсов (Улей азартных игроков),Nodo di Risorse (Alveare del Giocatore d'Azzardo),資源節點（賭徒蜂巢）,资源节点（赌徒蜂巢）,자원 노드 (도박꾼의 벌집),Węzeł Zasobów (Ul Hazardzisty),Вузол ресурсів (Вулик Азартника),Grondstofknooppunt (Gokkersbijenkorf),Kaynak Düğümü (Kumarbazın Kovanı)
L_DEC_RESOURCENODEOVERGROWNTEMPLE,,Resource Node (Overgrown Temple),リソースノード（覆われた寺院）,Ressourcenknoten (Überwucherter Tempel),Nœud de ressources (Temple envahi),Nodo de Recursos (Templo Invadido por la Vegetación),Nó de Recurso (Templo Coberto de Vegetação),Узел ресурсов (Заросший храм),Nodo di Risorse (Tempio Invaso),資源節點（雜草叢生的神廟）,资源节点（荒蔓神庙）,자원 노드 (우거진 사원),Węzeł Zasobów (Zarośnięta Świątynia),Вузол ресурсів (Зарослий храм),Grondstofknooppunt (Overwoekerde Tempel),Kaynak Düğümü (Aşırı Büyümüş Tapınak)
L_DEC_RESOURCENODEAMALGAMGARDENS,,Resource Node (Amalgam Gardens),資源ノード（アマルガム庭園）,Ressourcenknoten (Amalgam-Gärten),Nœud de ressources (Jardins d'Amalgame),Nodo de Recursos (Jardines Amalgama),Nó de Recurso (Jardins Amalgamados),Узел ресурсов (Сады Амальгамы),Nodo di Risorse (Giardini Amalgam),資源節點（混合花園）,资源节点（融合花园）,자원 노드 (아말감 가든),Węzeł Zasobów (Ogrody Amalgamatu),Вузол ресурсів (Сади Амальгами),Grondstofknooppunt (Amalgaamtuinen),Kaynak Düğümü (Amalgam Bahçeleri)
L_DEC_RESOURCENODEASTRALGALLERY,,Resource Node (Astral Gallery),リソースノード（アストラルギャラリー）,Ressourcenknoten (Astralgalerie),Nœud de ressources (Galerie Astrale),Nodo de Recursos (Galería Astral),Nódulo de Recurso (Galeria Astral),Узел Ресурсов (Астральная Галерея),Nodo di Risorse (Galleria Astrale),資源節點（星界畫廊）,资源节点（星界画廊）,자원 노드 (천체 갤러리),Węzeł Zasobów (Astralna Galeria),Вузол ресурсів (Астральна галерея),Grondstofknooppunt (Astrale Galerij),Kaynak Düğümü (Astral Galeri)
L_DEC_RESOURCENODEFAELANDS,,Resource Node (Fae Lands),リソースノード（フェイランド）,Ressourcenknoten (Feenländer),Nœud de ressources (Terres féeriques),Nodo de Recursos (Tierras Feéricas),Nó de Recurso (Terras Feéricas),Узел Ресурсов (Земли Фей),Nodo di Risorse (Terre Fatate),資源節點（精靈之境）,资源节点（仙灵秘境）,자원 노드 (요정의 땅),Węzeł Zasobów (Kraina Fae),Вузол Ресурсів (Землі Фей),Grondstofknooppunt (Feeënlanden),Kaynak Düğümü (Peri Diyarları)
L_DEC_BREAKABLEFORBIDDENDEPTHS,,Breakable (Forbidden Depths),壊れやすい（禁断の深淵）,Zerbrechlich (Verbotene Tiefen),Cassable (Profondeurs Interdites),Rompible (Profundidades Prohibidas),Quebrável (Profundezas Proibidas),Разрушаемый (Запретные Глубины),Distruttibile (Profondità Proibite),可破壞的（禁忌深淵）,可破坏物（深渊禁地）,파괴 가능 (금지된 심연),Kruchy (Zakazane Głębiny),Ламке (Заборонені Глибини),Breekbaar (Verboden Diepten),Kırılabilir (Yasak Derinlikler)
L_DEC_BREAKABLEFORGOTTENLAB,,Breakable (Forgotten Lab),壊れやすい（忘れられた研究所）,Zerbrechlich (Vergessenes Labor),Cassable (Laboratoire Oublié),Rompible (Laboratorio Olvidado),Quebrável (Laboratório Esquecido),Разрушаемый (Забытая Лаборатория),Distruttibile (Laboratorio Dimenticato),可破壞物（遺忘實驗室）,可破坏物（被遗忘的实验室）,파괴 가능 (잊혀진 연구실),Zniszczalne (Zapomniane Laboratorium),Ламке (Забута Лабораторія),Breekbaar (Vergeten Lab),Kırılabilir (Unutulmuş Laboratuvar)
L_DEC_BREAKABLEDAMAREL,,Breakable (Damarel),壊れやすい（ダマレル）,Zerbrechlich (Damarel),Cassable (Damarel),Rompible (Damarel),Quebrável (Damarel),Ломаемый (Дамарел),Fragile (Damarel),可破壞的（達瑪雷爾）,可破坏物（达玛瑞尔）,파괴 가능 (다마렐),Kruchy (Damarel),Ламкий (Дамарел),Breekbaar (Damarel),Kırılabilir (Damarel)
L_DEC_BREAKABLELANDOFB&B,,Breakable (Land of B&B),壊れやすい（B&Bの国）,Zerbrechlich (Land von B&B),Cassable (Land of B&B),Rompible (Tierra de B&B),Quebrável (Land of B&B),Разрушаемое (Земля Б&Б),Distruttibile (Land of B&B),可破壞的（B&B之地）,可破坏物（调息之地）,파괴 가능 (B&B의 땅),Zniszczalny (Kraina B&B),Ламкий (Земля Б&Б),Breekbaar (Land van B&B),Kırılabilir (B&B Diyarı)
L_DEC_BREAKABLEGAMBLER'SHIVE,,Breakable (Gambler's Hive),壊れやすい（ギャンブラーの巣）,Zerbrechlich (Spielerhöhle),Cassable (Ruche du Joueur),Rompible (Colmena del Jugador),Quebrável (Colmeia do Apostador),Хрупкий (Улей Азартных Игроков),Fragile (Alveare del Giocatore d'Azzardo),可破壞（賭徒巢穴）,可破坏物（赌徒蜂巢）,파괴 가능 (도박꾼의 소굴),Kruchy (Ul Hazardzisty),Ламкий (Вулик Гравця),Breekbaar (Gokkersnest),Kırılabilir (Kumarbazın Kovanı)
L_DEC_BREAKABLEOVERGROWNTEMPLE,,Breakable (Overgrown Temple),壊せる（朽ちた神殿）,Zerbrechlich (Überwucherter Tempel),Cassable (Temple envahi),Rompible (Templo Cubierto de Vegetación),Quebrável (Templo Coberto de Vegetação),Разрушаемое (Заросший храм),Distruttibile (Tempio Invaso),可破壞物（荒蔓神廟）,可破坏物（荒蔓神庙）,파괴 가능 (우거진 사원),Zniszczalne (Zarośnięta Świątynia),Ламке (Зарослий храм),Breekbaar (Overwoekerde Tempel),Kırılabilir (Aşırı Büyümüş Tapınak)
L_DEC_BREAKABLEAMALGAMGARDENS,,Breakable (Amalgam Gardens),壊れやすい（アマルガム庭園）,Zerbrechlich (Amalgam-Gärten),Cassable (Jardins d'Amalgame),Rompible (Jardines Amalgama),Quebrável (Jardins Amalgamados),Разрушаемый (Сады Амальгамы),Distruttibile (Giardini Amalgama),可破壞物（融合花園）,可破坏物（融合花园）,파괴 가능 (아말감 정원),Zniszczalne (Ogrody Amalgamatu),Ламке (Сади Амальгами),Breekbaar (Amalgaam Tuinen),Kırılabilir (Amalgam Bahçeleri)
L_DEC_BREAKABLEASTRALGALLERY,,Breakable (Astral Gallery),破壊可能（アストラルギャラリー）,Zerbrechlich (Astralgalerie),Cassable (Galerie Astrale),Rompible (Galería Astral),Quebrável (Galeria Astral),Разрушаемый (Астральная Галерея),Distruttibile (Galleria Astrale),可破壞的（星幻畫廊）,可破坏物（星界画廊）,파괴 가능 (천체 갤러리),Zniszczalne (Astralna Galeria),Ламке (Астральна Галерея),Breekbaar (Astrale Galerij),Kırılabilir (Astral Galeri)
L_DEC_BREAKABLEFAELANDS,,Breakable (Fae Lands),壊れやすい（妖精郷）,Zerbrechlich (Feenländer),Cassable (Terres Féeriques),Rompible (Tierras Feéricas),Quebrável (Terras Feéricas),Разрушаемый (Земли Фей),Fragile (Fae Lands),可破壞的（精靈國度）,可破坏物（仙灵秘境）,파괴 가능 (요정의 땅),Kruchy (Kraina Fae),Ламке (Країна Фей),Breekbaar (Feeënlanden),Kırılabilir (Peri Diyarları)
L_DEC_TRIBUTETOALEXANDRIA,,Tribute to Alexandria,アレクサンドリアへの献辞,Tribut an Alexandria,Hommage à Alexandria,Tributo a Alexandria,Tributo a Alexandria,Дань Александрии,Tributo ad Alexandria,向亞歷山卓致敬,亚历山大的进贡祭坛,알렉산드리아에 대한 헌사,Hołd dla Aleksandrii,Данина Александрії,Eerbetoon aan Alexandria,Alexandria'ya Saygı
L_DEC_ALEXANDRIA'SBANNER,,Alexandria's Banner,アレクサンドリアの旗,Alexandrias Banner,Bannière d'Alexandrie,Estandarte de Alexandria,Estandarte de Alexandria,Знамя Александрии,Vessillo di Alexandria,亞歷山卓之旗,亚历山大的旗帜,알렉산드리아의 깃발,Sztandar Aleksandrii,Прапор Александрії,Alexandrië's Banier,İskenderiye'nin Sancağı
L_DEC_ALEXANDRIA'SBIGRUG,,Alexandria's Big Rug,アレクサンドリアの大きな絨毯,Alexandrias großer Teppich,Le Grand Tapis d'Alexandria,El Gran Tapete de Alexandria,Tapete Grande de Alexandria,Большой ковёр Александрии,Il Grande Tappeto di Alexandria,亞歷山卓的大地毯,亚历山大的大地毯,알렉산드리아의 큰 러그,Wielki Dywan Aleksandrii,Великий Килим Александрії,Alexandrië's Grote Tapijt,Aleksandriya'nın Büyük Halısı
L_DEC_ALEXANDRIA'SCANDLESTICK,,Alexandria's Candlestick,アレクサンドリアの燭台,Alexandrias Kerzenständer,Chandelier d'Alexandria,Candelabro de Alexandria,Castiçal de Alexandria,Подсвечник Александрии,Candelabro di Alexandria,亞歷山卓的燭台,亚历山大的烛台,알렉산드리아의 촛대,Świecznik Aleksandrii,Свічник Александрії,Alexandrië's Kandelaar,İskenderiye'nin Şamdanı
L_DEC_ALEXANDRIA'SCHAIR,,Alexandria's Chair,アレクサンドリアの椅子,Alexandrias Stuhl,Chaise d'Alexandria,Silla de Alexandria,Cadeira de Alexandria,Кресло Александрии,Sedia di Alexandria,亞歷珊卓的椅子,亚历山大的椅子,알렉산드리아의 의자,Krzesło Aleksandrii,Крісло Александрії,Alexandrië's Stoel,İskenderiye'nin Sandalyesi
L_DEC_ALEXANDRIA'SPILLAR,,Alexandria's Pillar,アレクサンドリアの柱,Alexandrias Säule,Pilier d'Alexandrie,Pilar de Alexandria,Pilar de Alexandria,Столп Александрии,Pilastro di Alexandria,亞歷山卓之柱,亚历山大的柱子,알렉산드리아의 기둥,Filar Aleksandrii,Колона Александрії,Alexandrië's Pilaar,Alexandria'nın Sütunu
L_DEC_ALEXANDRIA'SLONGRUG,,Alexandria's Long Rug,アレクサンドリアの長い絨毯,Alexandrias langer Teppich,Tapis Long d'Alexandria,Alfombra Larga de Alexandria,Tapete Comprido de Alexandria,Длинный ковёр Александрии,Tappeto Lungo di Alexandria,亞歷山卓的長地毯,亚历山大的长地毯,알렉산드리아의 긴 러그,Długi Dywan Aleksandrii,Довгий килим Александрії,Alexandrië's Lange Tapijt,Aleksandriya'nın Uzun Halısı
L_DEC_COGWORKS,,Cogworks,コグワークス,Cogwerke,Cogworks,Cogworks,Cogworks,Механизмы,Cogworks,齒輪工坊,齿轮工厂,코그웍스,Cogworks,Механізми Розуму,Cogwerken,Çarklıklar
L_DEC_VISIONOFDAMAREL,,Vision of Damarel,ダマレルの幻視,Vision von Damarel,Vision de Damarel,Visión de Damarel,Visão de Damarel,Видение Дамареля,Visione di Damarel,達瑪雷爾的視界,达玛瑞尔视界,다마렐의 환상,Wizja Damarelu,Видіння Дамареля,Visioen van Damarel,Damarel'in Vizyonu
L_DEC_CLOCKWORKSUNFLOWER,,Clockwork Sunflower,機械仕掛けのヒマワリ,Uhrwerk-Sonnenblume,Tournesol Mécanique,Girasol Mecánico,Girassol Mecânico,Заводной Подсолнух,Girasole Meccanico,發條向日葵,发条机械向日葵,태엽 해바라기,Mechaniczny Słonecznik,Механічна Соняшник,Mechanische Zonnebloem,Çarklı Ayçiçeği
L_DEC_POTTEDPIPES,,Potted Pipes,鉢植えのパイプ,Topfpfeifen,Tuyaux en Pot,Tubos en Maceta,Tubos Envasados,Горшечные Трубы,Tubi in Vaso,盆栽管道,盆栽管道,화분 파이프,Doniczkowe Rury,Горщикові Труби,Potplanten met Pijpen,Saksılı Borular
L_DEC_STEAMEDROOTS,,Steamed Roots,蒸し根菜,Gedämpfte Wurzeln,Racines à la vapeur,Raíces al Vapor,Raízes Cozidas no Vapor,Пареные Корни,Radici al Vapore,蒸煮根莖,蒸气根茎,찐 뿌리,Gotowane Korzenie,Пропарене коріння,Gestoomde Wortels,Buharda Pişmiş Kökler
L_DEC_SMOKESTACKS,,Smoke Stacks,煙突,Rauchschlote,Cheminées,Chimeneas,Chaminés de Fumaça,Дымовые Трубы,Ciminiere,煙囪,烟囱,연기 굴뚝,Kominy Dymne,Димові Труби,Rookpijpen,Duman Bacaları
L_DEC_GEARANIUMS,,Gearaniums,ギアラニウム,Gearanien,Gearaniums,Gearaniums,Gearânios,Шестеренки,Ingranaggi,齒輪花,齿轮花,기어라늄,Gearaniumy,Шестерінії,Gearaniums,Dişliler
L_DEC_VITRUVIANIRON,,Vitruvian Iron,ウィトルウィウスの鉄,Vitruvisches Eisen,Fer Vitruvien,Hierro Vitruviano,Ferro Vitruviano,Витрувианское железо,Ferro Vitruviano,維特魯威鐵,维特鲁威铁,비트루비안 철,Żelazo Witruwiańskie,Вітрувіанське залізо,Vitruviaans IJzer,Vitruvian Demir
L_DEC_ALEXANDRIA'STABLE,,Alexandria's Table,アレクサンドリアの食卓,Alexandrias Tafel,Table d'Alexandria,Mesa de Alexandria,Mesa de Alexandria,Стол Александрии,Il Tavolo di Alexandria,亞歷珊卓之桌,亚历山大的桌子,알렉산드리아의 테이블,Stół Aleksandrii,Стіл Александрії,Alexandrië's Tafel,İskenderiye'nin Masası
L_DEC_ALEXANDRIA'STHRONE,,Alexandria's Throne,アレクサンドリアの玉座,Alexandrias Thron,Le Trône d'Alexandrie,Trono de Alexandria,Trono de Alexandria,Трон Александрии,Trono di Alexandria,亞歷山卓的王座,亚历山大的王座,알렉산드리아의 왕좌,Tron Aleksandrii,Трон Александрії,Alexandrië's Troon,İskenderiye'nin Tahtı
L_DEC_TRIBUTETOANNELTHA,,Tribute to Anneltha,アネルサへの献身,Tribut an Anneltha,Hommage à Anneltha,Tributo a Anneltha,Tributo a Anneltha,Дань Аннельте,Tributo ad Anneltha,安妮莎的祭品,安妮莎的进贡祭坛,아넬타에게 바치는 헌사,Hołd dla Annelthy,Данина Аннелті,Eerbetoon aan Anneltha,Anneltha'ya Saygı
L_DEC_ANNELTHA'SBANNER,,Anneltha's Banner,アネルサの旗,Annelthas Banner,Bannière d'Anneltha,Estandarte de Anneltha,Estandarte de Anneltha,Знамя Аннельты,Vessillo di Anneltha,安妮爾薩的旗幟,安妮莎的旗帜,안넬타의 깃발,Sztandar Annelthy,Знамено Аннельти,Anneltha's Banier,Anneltha'nın Sancağı
L_DEC_ANNELTHA'SLONGRUGGREEN,,Anneltha's Long Rug (Green),アネルサの長いラグ（緑）,Annelthas langer Teppich (Grün),Tapis Long d'Anneltha (Vert),Alfombra Larga de Anneltha (Verde),Tapete Comprido de Anneltha (Verde),Длинный ковёр Аннельты (Зелёный),Lungo Tappeto di Anneltha (Verde),安妮爾薩的長地毯（綠色）,安妮莎的长地毯（绿）,안넬타의 긴 러그 (초록색),Długi Dywan Annelthy (Zielony),Довгий килим Аннельти (Зелений),Anneltha's Lange Tapijt (Groen),Anneltha'nın Uzun Halısı (Yeşil)
L_DEC_ANNELTHA'SCANDLESTICKPINK,,Anneltha's Candlestick (Pink),アネルサのキャンドルスティック（ピンク）,Annelthas Kerzenständer (Rosa),Chandelier d'Anneltha (Rose),Candelabro de Anneltha (Rosa),Castiçal de Anneltha (Rosa),Подсвечник Аннельты (Розовый),Candeliere di Anneltha (Rosa),安妮爾薩的燭台（粉紅色）,安妮莎的烛台（粉）,아넬타의 촛대 (핑크),Świecznik Annelthy (Różowy),Свічник Аннельти (Рожевий),Anneltha's Kandelaar (Roze),Anneltha'nın Şamdanı (Pembe)
L_DEC_ANNELTHA'SCHAIR,,Anneltha's Chair,アネルサの椅子,Annelthas Stuhl,Chaise d'Anneltha,Silla de Anneltha,Cadeira de Anneltha,Кресло Аннельты,Sedia di Anneltha,安妮爾薩的椅子,安妮莎的椅子,안넬타의 의자,Krzesło Annelthy,Крісло Аннельти,Anneltha's Stoel,Anneltha'nın Sandalyesi
L_DEC_ANNELTHA'SPILLAR,,Anneltha's Pillar,アネルサの柱,Annelthas Säule,Pilier d'Anneltha,Pilar de Anneltha,Pilar de Anneltha,Столп Аннельты,Pilastro di Anneltha,安妮爾薩之柱,安妮莎的柱子,아넬타의 기둥,Filar Annelthy,Колона Аннельти,Anneltha's Pilaar,Anneltha'nın Sütunu
L_DEC_ANNELTHA'SCANDLESTICKYELLOW,,Anneltha's Candlestick (Yellow),アネルサのキャンドルスティック（黄）,Annelthas Kerzenständer (Gelb),Chandelier d'Anneltha (Jaune),Candelabro de Anneltha (Amarillo),Castiçal de Anneltha (Amarelo),Подсвечник Аннельты (Жёлтый),Candeliere di Anneltha (Giallo),安妮爾薩的燭台（黃色）,安妮莎的烛台（黄）,아넬타의 촛대 (노란색),Lichtarz Annelthy (Żółty),Свічник Аннельти (Жовтий),Anneltha's Kandelaar (Geel),Anneltha'nın Şamdanı (Sarı)
L_DEC_JEWELSANDCOLORS,,Jewels and Colors,宝石と色彩,Juwelen und Farben,Joyaux et Couleurs,Joyas y Colores,Joias e Cores,Драгоценности и цвета,Gemme e Colori,寶石與顏色,宝石与颜色,보석과 색상,Klejnoty i Kolory,Коштовності та Кольори,Juwelen en Kleuren,Mücevherler ve Renkler
L_DEC_WITHINTHEDEPTHSOFTHEEARTH,,Within the Depths of the Earth,大地の深奥にて,In den Tiefen der Erde,Dans les Profondeurs de la Terre,En las Profundidades de la Tierra,Nas Profundezas da Terra,В Глубинах Земли,Nelle Profondità della Terra,地底深處,地心深处,대지의 심연 속에서,W Głębinach Ziemi,У Глибинах Землі,In de Diepten van de Aarde,Yerin Derinliklerinde
L_DEC_CITRINEDAISIES,,Citrine Daisies,シトリンデイジー,Zitrinengänseblümchen,Marguerites Citrines,Margaritas Citrinas,Margaridas de Citrino,Цитриновые Ромашки,Margherite Citrino,黃水晶雛菊,黄水晶雏菊,황수정 데이지,Cytrynowe Stokrotki,Цитринові Ромашки,Citrien Madeliefjes,Sitrin Papatyaları
L_DEC_RHODODENDRONITES,,Rhododendronites,ロドデンドロナイト,Rhododendroniten,Rhododendronites,Rhododendronitas,Rododendronitas,Рододендрониты,Rhododendroniti,杜鵑花石,杜鹃花石,로도덴드론족,Rododendronity,Рододендроніти,Rhododendrieten,Rododendronitler
L_DEC_STARPRISM,,Star Prism,スタープリズム,Sternenprisma,Prisme Étoile,Prisma Estelar,Prisma Estelar,Звёздная Призма,Prisma Stellare,星光稜鏡,星棱晶,스타 프리즘,Gwiezdny Pryzmat,Зоряна Призма,Sterprisma,Yıldız Prizma
L_DEC_TELLURICSTAR,,Telluric Star,テルル星,Tellurischer Stern,Étoile Tellurique,Estrella Telúrica,Estrela Telúrica,Теллурическая Звезда,Stella Tellurica,地脈星,地脉星,지각 별,Gwiazda Telluryczna,Телурична Зірка,Tellurische Ster,Yersel Yıldız
L_DEC_CHROMAFLORA,,Chroma Flora,クロマフローラ,Chroma Flora,Flore Chromatique,Chroma Flora,Chroma Flora,Хрома Флора,Chroma Flora,色彩花靈,变色植物,크로마 플로라,Chroma Flora,Хроматична Флора,Chroma Flora,Kroma Flora
L_DEC_THREECOLORS,,Three Colors,三色,Drei Farben,Trois Couleurs,Tres Colores,Três Cores,Три Цвета,Tre Colori,三色,三色,세 가지 색상,Trzy Kolory,Три Кольори,Drie Kleuren,Üç Renk
L_DEC_ANNELTHA'STABLE,,Anneltha's Table,アネルサの机,Annelthas Tisch,Table d'Anneltha,Mesa de Anneltha,Mesa de Anneltha,Стол Аннелты,Tavolo di Anneltha,安妮爾薩的餐桌,安妮莎的桌子,아넬타의 테이블,Stół Annelthy,Стіл Аннельти,Anneltha's Tafel,Anneltha'nın Masası
L_DEC_ANNELTHA'STHRONE,,Anneltha's Throne,アネルサの玉座,Annelthas Thron,Trône d'Anneltha,Trono de Anneltha,Trono de Anneltha,Трон Аннельты,Trono di Anneltha,安妮爾薩的王座,安妮莎的王座,안넬타의 왕좌,Tron Annelthy,Трон Аннельти,Anneltha's Troon,Anneltha'nın Tahtı
L_DEC_ANNELTHA'SLONGRUGPINK,,Anneltha's Long Rug (Pink),アネルサの長いラグ（ピンク）,Annelthas langer Teppich (Rosa),Tapis Long d'Anneltha (Rose),Alfombra Larga de Anneltha (Rosa),Tapete Comprido de Anneltha (Rosa),Длинный ковёр Аннельты (Розовый),Lungo Tappeto di Anneltha (Rosa),安妮爾薩的長地毯（粉紅色）,安妮莎的长地毯（粉）,아넬타의 긴 러그 (핑크),Długi Dywan Annelthy (Różowy),Довгий килим Аннельти (рожевий),Anneltha's Lange Vloerkleed (Roze),Anneltha'nın Uzun Halısı (Pembe)
L_DEC_ANNELTHA'SLONGRUGYELLOW,,Anneltha's Long Rug (Yellow),アネルサの長いラグ（黄色）,Annelthas langer Teppich (Gelb),Tapis Long d'Anneltha (Jaune),Alfombra Larga de Anneltha (Amarilla),Tapete Comprido de Anneltha (Amarelo),Длинный ковёр Аннельты (Жёлтый),Lungo Tappeto di Anneltha (Giallo),安妮爾薩的長地毯（黃色）,安妮莎的长地毯（黄）,아넬타의 긴 러그 (노란색),Długi Dywan Annelthy (Żółty),Довгий килим Аннельти (Жовтий),Anneltha's Lange Tapijt (Geel),Anneltha'nın Uzun Halısı (Sarı)
L_DEC_TRIBUTETOARIAMAKI,,Tribute to Ariamaki,アリアマキへの賛辞,Tribut an Ariamaki,Hommage à Ariamaki,Tributo a Ariamaki,Tributo a Ariamaki,Дань уважения Ариамаки,Tributo ad Ariamaki,向艾莉亞瑪基致敬,阿瑞玛基的进贡祭坛,아리아마키에게 바치는 헌사,Hołd dla Ariamaki,Данина Аріамакі,Eerbetoon aan Ariamaki,Ariamaki'ye Saygı
L_DEC_ARIAMAKI'SBANNER,,Ariamaki's Banner,アリアマキの旗,Ariamakas Banner,Bannière d'Ariamaki,Estandarte de Ariamaki,Estandarte de Ariamaki,Знамя Ариамаки,Stendardo di Ariamaki,艾莉亞瑪基的旗幟,阿瑞玛基的旗帜,아리아마키의 깃발,Sztandar Ariamaki,Знамено Аріамакі,Ariamaki's Banier,Ariamaki'nin Sancağı
L_DEC_ARIAMAKI'SBIGRUG,,Ariamaki's Big Rug,アリアマキの大きな絨毯,Ariamakis großer Teppich,Tapis Géant d'Ariamaki,Alfombra Grande de Ariamaki,Tapete Grande de Ariamaki,Большой Ковер Ариамаки,Tappeto Grande di Ariamaki,艾莉亞瑪基的大地毯,阿瑞玛基的大地毯,아리아마키의 큰 러그,Wielki Dywan Ariamaki,Великий Килим Аріамакі,Ariamaki's Grote Tapijt,Ariamaki'nin Büyük Halısı
L_DEC_ARIAMAKI'SCANDLESTICK,,Ariamaki's Candlestick,アリアマキの燭台,Ariamakis Kerzenständer,Chandelier d'Ariamaki,Candelabro de Ariamaki,Castiçal de Ariamaki,Подсвечник Ариамаки,Candeliere di Ariamaki,艾莉亞瑪基的燭台,阿瑞玛基的烛台,아리아마키의 촛대,Lichtarz Ariamaki,Свічник Аріамакі,Kandelaar van Ariamaki,Ariamaki'nin Şamdanı
L_DEC_ARIAMAKI'SCHAIR,,Ariamaki's Chair,アリアマキの椅子,Ariamakis Stuhl,Chaise d'Ariamaki,Silla de Ariamaki,Cadeira de Ariamaki,Кресло Ариамаки,Sedia di Ariamaki,艾莉亞瑪基的椅子,阿瑞玛基的椅子,아리아마키의 의자,Krzesło Ariamaki,Крісло Аріамакі,Ariamaki's Stoel,Ariamaki'nin Sandalyesi
L_DEC_ARIAMAKI'SPILLAR,,Ariamaki's Pillar,アリアマキの柱,Ariamakis Säule,Pilier d'Ariamaki,Pilar de Ariamaki,Pilar de Ariamaki,Столп Ариамаки,Pilastro di Ariamaki,艾莉亞瑪基之柱,阿瑞玛基的柱子,아리아마키의 기둥,Filar Ariamaki,Колона Аріамакі,Ariamaki's Zuil,Ariamaki'nin Sütunu
L_DEC_ARIAMAKI'SLONGRUG,,Ariamaki's Long Rug,アリアマキの長い敷物,Ariamakis Langer Teppich,Tapis Long d'Ariamaki,Alfombra Larga de Ariamaki,Tapete Comprido de Ariamaki,Длинный ковёр Ариамаки,Tappeto Lungo di Ariamaki,艾莉亞瑪基的長地毯,阿瑞玛基的长地毯,아리아마키의 긴 러그,Długi Dywan Ariamaki,Довгий килим Аріамакі,Ariamaki's Lange Tapijt,Ariamaki'nin Uzun Halısı
L_DEC_PERFECTLYBALANCED,,Perfectly Balanced,完璧なバランス,Perfekt ausbalanciert,Parfaitement Équilibré,Perfectamente Equilibrado,Perfeitamente Equilibrado,Идеально сбалансированный,Perfettamente Bilanciato,完美平衡,完美平衡,완벽한 균형,Idealnie Zbalansowany,Ідеально збалансований,Perfect in Balans,Mükemmel Denge
L_DEC_MASTERARIAMAKI,,Master Ariamaki,マスター・アリアマキ,Meister Ariamaki,Maître Ariamaki,Maestro Ariamaki,Mestre Ariamaki,Мастер Ариамаки,Maestro Ariamaki,亞里亞麻基大師,宗师阿瑞玛基,마스터 아리아마키,Mistrz Ariamaki,Майстер Аріамакі,Meester Ariamaki,Usta Ariamaki
L_DEC_BIFURCATEDROSE,,Bifurcated Rose,二分された薔薇,Gespaltene Rose,Rose Bifurquée,Rosa Bifurcada,Rosa Bifurcada,Раздвоенная Роза,Rosa Biforcuta,分岔玫瑰,二分玫瑰,갈라진 장미,Rozdwojona Róża,Роздвоєна Троянда,Gespleten Roos,Çatallanmış Gül
L_DEC_DARKLIGHTS,,Dark Lights,ダークライツ,Dunkle Lichter,Lumières Sombres,Luces Oscuras,Luzes Sombrias,Тёмные Огни,Luci Oscure,暗夜之光,暗光,어둠의 빛,Mroczne Światła,Темні Вогні,Duistere Lichten,Karanlık Işıklar
L_DEC_WISPFLOWERS,,Wisp Flowers,ウィスプフラワー,Irrlichterblumen,Fleurs Feu Follet,Flores Etéreas,Flores Luminescentes,Блуждающие Цветы,Fiori Fatui,幽靈花,鬼火花,위습 꽃,Kwiaty Ogników,Квіти Віспа,Dwaallichtbloemen,Alev Çiçekleri
L_DEC_BRANCHINGROOTS,,Branching Roots,分岐する根,Verzweigte Wurzeln,Racines Ramifiées,Raíces Ramificadas,Raízes Ramificadas,Ветвящиеся Корни,Radici Ramificate,分岔根系,分叉根系,갈라지는 뿌리,Rozgałęzione Korzenie,Розгалужене Коріння,Vertakkende Wortels,Dallanmış Kökler
L_DEC_GUSTSOFHEIR,,Gusts of Heir,継承の疾風,Böen des Erben,Rafales d'Héritier,Ráfagas de Heredero,Rajadas do Herdeiro,Порывы Наследника,Raffiche dell'Erede,繼承者之風,继承之风,후계자의 돌풍,Podmuchy Dziedzica,Пориви Спадкоємця,Vlagen van Erfgenaam,Varis Esintileri
L_DEC_FINDYOURBALANCE,,Find Your Balance,バランスを見つけよう,Finde dein Gleichgewicht,Trouvez Votre Équilibre,Encuentra Tu Equilibrio,Encontre Seu Equilíbrio,Найди Свой Баланс,Trova il Tuo Equilibrio,尋找你的平衡,找到你的平衡,균형을 찾아라,Znajdź Swoją Równowagę,Знайди Свою Рівновагу,Vind Je Balans,Dengenizi Bulun
L_DEC_ARIAMAKI'STABLE,,Ariamaki's Table,アリアマキの机,Ariamakis Tabelle,Table d'Ariamaki,Mesa de Ariamaki,Mesa de Ariamaki,Таблица Ариамаки,Tavola di Ariamaki,艾莉亞瑪基的桌子,阿瑞玛基的桌子,아리아마키의 테이블,Tabela Ariamaki,Таблиця Аріамакі,Ariamaki's Tafel,Ariamaki'nin Tablosu
L_DEC_ARIAMAKI'STHRONE,,Ariamaki's Throne,アリアマキの玉座,Ariamakis Thron,Trône d'Ariamaki,Trono de Ariamaki,Trono de Ariamaki,Трон Ариамаки,Trono di Ariamaki,艾莉亞瑪基之座,阿瑞玛基的王座,아리아마키의 왕좌,Tron Ariamaki,Трон Аріамакі,Ariamaki's Troon,Ariamaki'nin Tahtı
L_DEC_TRIBUTETOGENAROS,,Tribute to Genaros,ジェナロスへの献辞,Tribut an Genaros,Hommage à Genaros,Tributo a Genaros,Tributo a Genaros,Дань Генаросу,Tributo a Genaros,向傑納洛斯致敬,杰纳罗斯的进贡祭坛,제나로스에게 바치는 헌사,Hołd dla Genaros,Данина Генаросу,Eerbetoon aan Genaros,Genaros'a Saygı
L_DEC_GENAROS'SBANNER,,Genaros's Banner,ゲナロスの旗,Genaros' Banner,Bannière de Genaros,Estandarte de Genaros,Estandarte de Genaros,Знамя Генароса,Vessillo di Genaros,傑納洛斯的旗幟,杰纳罗斯的旗帜,제나로스의 깃발,Sztandar Genarosa,Знамено Дженароса,Genaros' Banier,Genaros'un Sancağı
L_DEC_GENAROS'SBIGRUG,,Genaros's Big Rug,ジェナロスの大きな絨毯,Genaros' großer Teppich,Tapis Géant de Genaros,Alfombra Grande de Genaros,Tapete Grande de Genaros,Большой Ковер Дженароса,Il Grande Tappeto di Genaros,傑納洛斯的大地毯,杰纳罗斯的大地毯,제나로스의 큰 러그,Wielki Dywan Genarosa,Великий Килим Дженароса,Genaros's Grote Tapijt,Genaros'un Büyük Halısı
L_DEC_GENAROS'SCANDLESTICK,,Genaros's Candlestick,ジェナロスの燭台,Genaros' Kerzenständer,Chandelier de Genaros,Candelabro de Genaros,Castiçal de Genaros,Подсвечник Дженароса,Candelabro di Genaros,傑納洛斯的燭台,杰纳罗斯的烛台,제나로스의 촛대,Lichtarz Genarosa,Свічник Дженароса,Genaros's Kandelaar,Genaros'un Şamdanı
L_DEC_GENAROS'SCHAIR,,Genaros's Chair,ゲナロスの椅子,Genaros' Stuhl,Chaise de Genaros,Silla de Genaros,Cadeira de Genaros,Кресло Дженароса,Sedia di Genaros,傑納洛斯的椅子,杰纳罗斯的椅子,제나로스의 의자,Krzesło Genarosa,Крісло Дженароса,Genaros' Stoel,Genaros'un Sandalyesi
L_DEC_GENAROS'SPILLAR,,Genaros's Pillar,ゲナロスの柱,Genaros' Säule,Pilier de Genaros,Pilar de Genaros,Pilar de Genaros,Столп Генароса,Pilastro di Genaros,傑納洛斯之柱,杰纳罗斯的柱子,제나로스의 기둥,Filar Genarosa,Стовп Дженароса,Genaros's Pillar,Genaros'un Sütunu
L_DEC_GENAROS'SLONGRUG,,Genaros's Long Rug,ジェナロスの長い敷物,Genaros' langer Teppich,Tapis Long de Genaros,Alfombra Larga de Genaros,Tapete Comprido de Genaros,Длинный ковер Дженароса,Tappeto Lungo di Genaros,傑納洛斯的長地毯,杰纳罗斯的长地毯,제나로스의 긴 러그,Długi Dywan Genarosa,Довгий килим Дженароса,Genaros's Lange Tapijt,Genaros'un Uzun Halısı
L_DEC_LIVINGHATRED,,Living Hatred,生きる憎悪,Lebender Hass,Haine Vivante,Odio Viviente,Ódio Vivo,Живая Ненависть,Odio Vivente,活體憎恨,活体憎恨,살아있는 증오,Żywa Nienawiść,Жива Ненависть,Levende Haat,Yaşayan Nefret
L_DEC_GRIMSACRIFICE,,Grim Sacrifice,不吉な生贄,Düsteres Opfer,Sacrifice Funeste,Sacrificio Sombrío,Sacrifício Sombrio,Мрачное Жертвоприношение,Sacrificio Tetro,嚴酷獻祭,残酷献祭,암울한 희생,Ponura Ofiara,Похмурне Жертвопринесення,Grimmig Offer,Kara Kurban
L_DEC_LOSTJUNGLEFLOWERS,,Lost Jungle Flowers,失われたジャングルの花,Verlorene Dschungelblumen,Fleurs de la Jungle Perdue,Flores de la Jungla Perdida,Flores da Selva Perdida,Затерянные Цветы Джунглей,Fiori della Giungla Perduta,失落叢林之花,迷失丛林之花,잃어버린 정글 꽃,Zagubione Kwiaty Dżungli,Загублені Квіти Джунглів,Verloren Jungleplanten,Kayıp Orman Çiçekleri
L_DEC_OLDCHEWEDBONES,,Old Chewed Bones,古い噛まれた骨,Alte Angenagte Knochen,Vieux Os Mâchés,Huesos Viejos Mordisqueados,Ossos Velhos Roídos,Старые Обглоданные Кости,Vecchie Ossa Masticate,舊嚼骨,咬过的旧骨头,오래된 씹힌 뼈,Stare Pogryzione Kości,Старі Обгризені Кістки,Oude Afgekloven Botten,Eski Çiğnenmiş Kemikler
L_DEC_OVERGROWNURN,,Overgrown Urn,生い茂った骨壷,Überwucherter Krug,Urne Envahie,Urna Cubierta de Vegetación,Urna Coberta de Vegetação,Заросшая Урна,Urna Ricoperta di Vegetazione,蔓生之甕,荒蔓之瓮,무성한 항아리,Przerośnięta Urna,Зарослий Урна,Overwoekerde Urn,Büyümüş Vazo
L_DEC_ANCIENTGREENWOOD,,Ancient Greenwood,古の緑林,Uralter Grünwald,Bois Ancien,Bosque Antiguo,Floresta Ancestral,Древний Зеленолесье,Antica Boscoverde,古老綠林,远古绿林,고대 그린우드,Pradawna Puszcza,Прадавній Зеленоліс,Oude Woudland,Kadim Yeşilorman
L_DEC_WELL-FEDSNAPTRAPS,,Well-Fed Snaptraps,満腹のパクワナ,Wohlgenährte Schnappfallen,Snaptraps Bien Nourris,Snaptraps Bien Alimentados,Snaptraps Bem Alimentados,Сытые Капканы,Snaptraps Ben Nutriti,飽食的捕獸夾,饱食的捕噬草,배부른 스냅트랩,Dobrze Nakarmione Pułapkozęby,Ситі Клацачки,Goed Gevoede Snaptraps,İyi Beslenmiş Kapanlar
L_DEC_PROFANEDMONUMENT,,Profaned Monument,冒涜の記念碑,Entweihtes Monument,Monument Profané,Monumento Profanado,Monumento Profanado,Оскверненный Монумент,Monumento Profanato,褻瀆紀念碑,亵渎纪念碑,모독된 기념비,Zbezczeszczony Monument,Осквернений монумент,Ontheiligd Monument,Kutsallığı Bozulmuş Anıt
L_DEC_GENAROS'STABLE,,Genaros's Table,ジェナロスの机,Genaros' Tisch,Table de Genaros,Mesa de Genaros,Mesa de Genaros,Стол Дженароса,Tavolo di Genaros,傑納洛斯的桌子,杰纳罗斯的桌子,제나로스의 테이블,Stół Genarosa,Стіл Дженароса,Genaros's Tafel,Genaros'un Masası
L_DEC_GENAROS'STHRONE,,Genaros's Throne,ゲナロスの玉座,Genaros' Thron,Trône de Genaros,Trono de Genaros,Trono de Genaros,Трон Генароса,Trono di Genaros,傑納洛斯的王座,杰纳罗斯的王座,제나로스의 왕좌,Tron Genarosa,Трон Генароса,Genaros' Troon,Genaros'un Tahtı
L_DEC_TRIBUTETOMUSE,,Tribute to Muse,ミューズへの賛辞,Tribut an die Muse,Hommage à la Muse,Tributo a la Musa,Tributo à Musa,Дань Музе,Tributo alla Musa,繆斯的致敬,缪斯的进贡祭坛,뮤즈에게 바치는 헌사,Hołd dla Muzy,Данина Музі,Eerbetoon aan Muze,Müze Saygı
L_DEC_MUSE'SBANNER,,Muse's Banner,ミューズの旗,Musenbanner,Bannière de la Muse,Estandarte de la Musa,Estandarte da Musa,Знамя Музы,Stendardo della Musa,繆思的旗幟,缪斯的旗帜,뮤즈의 깃발,Sztandar Muzy,Знамено Музи,Banier van de Muze,İlham Perisi'nin Sancağı
L_DEC_MUSE'SBIGRUG,,Muse's Big Rug,ミューズの大きな絨毯,Muses großer Teppich,Tapis Géant de la Muse,Alfombra Grande de Musa,Tapete Grande da Musa,Большой Ковер Музы,Tappeto Grande della Musa,繆思的大地毯,缪斯的大地毯,뮤즈의 큰 러그,Wielki Dywan Muzy,Великий Килим Музи,Groot Tapijt van de Muze,Müz'ün Büyük Halısı
L_DEC_MUSE'SCANDLESTICK,,Muse's Candlestick,ミューズの燭台,Kerzenhalter der Muse,Chandelier de la Muse,Candelabro de la Musa,Castiçal da Musa,Подсвечник Музы,Candeliere della Musa,繆思的燭台,缪斯的烛台,뮤즈의 촛대,Świecznik Muzy,Свічник Музи,Kandelaar van de Muze,Müzün Şamdanı
L_DEC_MUSE'SCHAIR,,Muse's Chair,ミューズの椅子,Stuhl der Muse,Chaise de la Muse,Silla de la Musa,Cadeira da Musa,Кресло Музы,Sedia della Musa,繆思之椅,缪斯的椅子,뮤즈의 의자,Krzesło Muzy,Крісло Музи,Stoel van de Muze,İlham Perisi'nin Sandalyesi
L_DEC_MUSE'SPILLAR,,Muse's Pillar,ミューズの柱,Säule der Muse,Pilier de la Muse,Pilar de la Musa,Pilar da Musa,Столп Музы,Pilastro della Musa,繆思之柱,缪斯的柱子,뮤즈의 기둥,Filar Muzy,Колона Музи,Pilaar van de Muze,İlham Perisi'nin Sütunu
L_DEC_MUSE'SLONGRUG,,Muse's Long Rug,ミューズの長い敷物,Langer Teppich der Muse,Tapis Long de la Muse,Alfombra Larga de la Musa,Tapete Comprido da Musa,Длинный ковер Музы,Tappeto Lungo della Musa,繆思的長地毯,缪斯的长地毯,뮤즈의 긴 러그,Długi Dywan Muzy,Довгий килим Музи,Lange Tapijt van de Muze,Müzün Uzun Halısı
L_DEC_SELFPORTRAIT,,Self Portrait,自画像,Selbstporträt,Autoportrait,Autorretrato,Autorretrato,Автопортрет,Autoritratto,自畫像,自画像,자화상,Autoportret,Автопортрет,Zelfportret,Kendi Portresi
L_DEC_HOLDYOURCOLOR,,Hold Your Color,色を保持,Halte deine Farbe,Gardez Votre Couleur,Mantén Tu Color,Mantenha Sua Cor,Держи Свой Цвет,Mantieni il Tuo Colore,保持你的顏色,坚守本色,색을 유지하라,Zachowaj Swój Kolor,Тримай Свій Колір,Behoud Je Kleur,Rengini Koru
L_DEC_DYEFLOWERS,,Dye Flowers,染料の花,Blumenfarbe,Fleurs Teintes,Flores Tintadas,Tingir Flores,Красильные Цветы,Fiori Tintoria,染色花朵,染色花朵,염색 꽃,Barwione Kwiaty,Фарбовані Квіти,Verfbloemen,Çiçekleri Boyama
L_DEC_GOLDENBLOOMS,,Golden Blooms,黄金の花,Goldene Blüten,Floraisons Dorées,Floraciones Doradas,Flores Douradas,Золотые Цветы,Fioriture Dorate,金色綻放,金色绽放,황금빛 꽃,Złote Kwiaty,Золоті Квіти,Gouden Bloesems,Altın Çiçekler
L_DEC_MOURNINGROSES,,Mourning Roses,喪の薔薇,Trauerrosen,Roses de Deuil,Rosas de Luto,Rosas do Luto,Розы Скорби,Rose del Lutto,哀悼玫瑰,哀悼玫瑰,애도의 장미,Róże Żałoby,Жалобні Троянди,Rouwende Rozen,Yas Gülleri
L_DEC_HUGEROSE,,Huge Rose,巨大なバラ,Riesige Rose,Rose Géante,Rosa Gigante,Rosa Gigante,Огромная Роза,Rosa Gigante,巨大玫瑰,巨型玫瑰,거대한 장미,Ogromna Róża,Величезна Троянда,Enorme Roos,Devasa Gül
L_DEC_RAINBOWBOUQUET,,Rainbow Bouquet,レインボーブーケ,Regenbogen-Blumenstrauß,Bouquet Arc-en-ciel,Ramo Arcoíris,Buquê Arco-íris,Радужный букет,Mazzo Arcobaleno,彩虹花束,彩虹花束,무지개 부케,Tęczowy Bukiet,Райдужний букет,Regenboogboeket,Gökkuşağı Buketi
L_DEC_WITHINTHEMARBLE,,Within the Marble,大理石の中で,Im Inneren des Marmors,Dans le Marbre,Dentro del Mármol,Dentro do Mármore,Внутри Мрамора,All'interno del Marmo,大理石之內,大理石之内,대리석 안에서,W Marmurze,У Мармурі,Binnen het Marmer,Mermer İçinde
L_DEC_MUSE'STABLE,,Muse's Table,ミューズの机,Tisch der Muse,Table de la Muse,Mesa de la Musa,Mesa da Musa,Стол Музы,Tavolo della Musa,繆思之桌,缪斯的桌子,뮤즈의 테이블,Stół Muzy,Стіл Музи,Tafel van de Muze,Müzün Masası
L_DEC_MUSE'STHRONE,,Muse's Throne,ミューズの玉座,Thron der Muse,Trône de la Muse,Trono de la Musa,Trono da Musa,Трон Музы,Trono della Musa,繆思寶座,缪斯的王座,뮤즈의 왕좌,Tron Muzy,Трон Музи,Troon van de Muze,Müz'ün Tahtı
L_DEC_TRIBUTETORECLUSA,,Tribute to Reclusa,レクルーサへの献辞,Tribut an Reclusa,Hommage à Reclusa,Tributo a Reclusa,Tributo à Reclusa,Дань Реклузе,Tributo a Reclusa,向蛛后致敬,瑞克露莎的进贡祭坛,레클루사에 대한 헌사,Hołd dla Reclusy,Данина Реклюзі,Eerbetoon aan Reclusa,Reclusa'ya Saygı
L_DEC_RECLUSA'SBANNER,,Reclusa's Banner,レクルーサの旗,Reclusas Banner,Bannière de Reclusa,Estandarte de la Reclusa,Estandarte da Reclusa,Знамя Реклузы,Vessillo di Reclusa,雷克魯薩的旗幟,瑞克露莎的旗帜,레클루사의 깃발,Sztandar Reclusy,Знамено Реклюзи,Reclusa's Banier,Reclusa'nın Sancağı
L_DEC_RECLUSA'SBIGRUG,,Reclusa's Big Rug,レクルーサの大きな絨毯,Reclusas großer Teppich,Tapis Géant de Reclusa,Alfombra Grande de Reclusa,Tapete Grande da Reclusa,Большой Ковер Реклузы,Tappeto Grande di Reclusa,雷克魯薩的大地毯,瑞克露莎的大地毯,레클루사의 큰 러그,Wielki Dywan Reclusy,Великий Килим Реклюзи,Reclusa's Grote Tapijt,Reclusa'nın Büyük Halısı
L_DEC_RECLUSA'SCANDLESTICK,,Reclusa's Candlestick,レクルーサの燭台,Reclusa-Kerzenhalter,Chandelier de Reclusa,Candelabro de la Reclusa,Castiçal da Reclusa,Подсвечник Реклузы,Candeliere di Reclusa,蛛后的燭台,瑞克露莎的烛台,레클루사의 촛대,Lichtarz Reclusy,Свічник Реклюзи,Kandelaar van Reclusa,Reclusa'nın Şamdanı
L_DEC_RECLUSA'SCHAIR,,Reclusa's Chair,レクルーサの椅子,Reclusas Stuhl,Chaise de Reclusa,Silla de la Reclusa,Cadeira da Reclusa,Кресло Реклузы,Sedia di Reclusa,蜘蛛椅,瑞克露莎的椅子,레클루사의 의자,Krzesło Reclusy,Крісло Реклюзи,Reclusa's Stoel,Reclusa'nın Sandalyesi
L_DEC_RECLUSA'SPILLAR,,Reclusa's Pillar,レクルーサの柱,Reclusa-Säule,Pilier de Reclusa,Pilar de la Reclusa,Pilar de Reclusa,Столп Реклюзы,Pilastro di Reclusa,蛛居之柱,瑞克露莎的柱子,레클루사의 기둥,Filar Reclusy,Колона Реклюзи,Reclusa's Pillar,Reclusa'nın Sütunu
L_DEC_RECLUSA'SLONGRUG,,Reclusa's Long Rug,レクルーサの長い敷物,Reclusa's Langer Teppich,Tapis Long de Reclusa,Alfombra Larga de Reclusa,Tapete Comprido da Reclusa,Длинный ковер Реклузы,Tappeto Lungo di Reclusa,蜘蛛女的長地毯,瑞克露莎的长地毯,레클루사의 긴 러그,Długi Dywan Reclusy,Довгий килим Реклюзи,Reclusa's Lange Tapijt,Reclusa'nın Uzun Halısı
L_DEC_HONEYCOMB,,Honeycomb,ハニカム,Wabe,Rayon de miel,Panal,Favo de Mel,Соты,Favo di miele,蜂巢,蜂巢,벌집,Plaster miodu,Стільники,Honingraat,Petek
L_DEC_NEVERTELLMETHEODDS,,Never Tell Me The Odds,確率なんて教えないでくれ,Sag mir nie die Chancen,Jamais Ne Me Dis Les Probabilités,Nunca Me Digas Las Probabilidades,Nunca Me Diga as Chances,Никогда Не Говори Мне О Шансах,Mai Dirmi Le Probabilità,別跟我談機率,永远别跟我说几率,확률 따위 말하지 마,Nigdy Nie Mów Mi O Szansach,Ніколи Не Кажи Мені Про Шанси,Vertel Me Nooit De Kansen,Asla Bana Şansımı Söyleme
L_DEC_HONEYSHROOMS,,Honey Shrooms,ハニーシュルーム,Honigpilze,Champignons de Miel,Hongos de Miel,Cogumelos de Mel,Медовые грибы,Funghi di Miele,蜜菇,蜂蜜蘑菇,꿀버섯,Miodowe Grzyby,Медові Гриби,Honingzwammen,Bal Mantarları
L_DEC_PAYOUTS,,Payouts,払い戻し,Auszahlungen,Gains,Pagos,Pagamentos,Выплаты,Pagamenti,支付,支出,지급금,Wypłaty,Виплати,Uitbetalingen,Ödemeler
L_DEC_POLLENPUFFS,,Pollen Puffs,ポレンパフ,Pollenknalle,Boules de Pollen,Bolitas de Polen,Bolinhas de Pólen,Пыльцевые Клубки,Sbuffi di Polline,花粉球,花粉团,꽃가루 뭉치,Pyłkowe Kule,Пилкові Клубки,Stuifmeelbollen,Polen Topları
L_DEC_HONEYFOUNTAIN,,Honey Fountain,ハニーファウンテン,Honigbrunnen,Fontaine de Miel,Fuente de Miel,Fonte de Mel,Медовый Фонтан,Fontana di Miele,蜜糖噴泉,蜂蜜喷泉,꿀 분수,Fontanna Miodu,Медовий Фонтан,Honingfontein,Bal Çeşmesi
L_DEC_DAZZLES,,Dazzles,まばゆい,Blendet,Éblouit,Deslumbra,Ofuscante,Ослепляет,Abbaglia,眩目,炫目,현혹시킨다,Olśniewa,Засліплює,Verblindt,Göz Kamaştırır
"L_DEC_AFALSEIMAGE,BUTAGOODONE",,"A False Image, But A Good One",偽りの姿、しかし良き姿,"Ein falsches Bild, aber ein gutes","Une Fausse Image, Mais Une Bonne","Una Imagen Falsa, Pero Buena","Uma Imagem Falsa, Mas Uma Boa","Ложный Образ, Но Хороший","Un'Immagine Falsa, Ma Buona",虛假的影像，卻是個好影像,虚幻之影，依旧美丽,"거짓된 이미지, 하지만 좋은 이미지","Fałszywy Obraz, Lecz Dobry","Хибний Образ, Але Хороший","Een Vals Beeld, Maar Een Goed Beeld","Sahte Bir Görüntü, Ama İyi Bir Tane"
L_DEC_RECLUSA'STABLE,,Reclusa's Table,レクルーサの卓,Reclusas Tisch,Table de Reclusa,Mesa de Reclusa,Mesa da Reclusa,Стол Реклузы,Tavolo di Reclusa,蛛居之桌,瑞克露莎的桌子,레클루사의 테이블,Stół Reclusy,Стіл Реклюзи,Reclusa's Tafel,Reclusa'nın Masası
L_DEC_RECLUSA'STHRONE,,Reclusa's Throne,レクルーサの玉座,Reclusas Thron,Trône de Reclusa,Trono de la Reclusa,Trono da Reclusa,Трон Реклузы,Trono di Reclusa,蜘蛛女王的王座,瑞克露莎的王座,레클루사의 왕좌,Tron Reclusy,Трон Реклюзи,Reclusa's Troon,Reclusa'nın Tahtı
L_DEC_TRIBUTETO4080,,Tribute to 4080,トリビュート・トゥ・4080,Tribut an 4080,Hommage au 4080,Tributo al 4080,Tributo ao 4080,Дань уважения 4080,Tributo al 4080,向4080致敬,4080的进贡祭坛,4080에 대한 헌정,Hołd dla 4080,Данина 4080,Eerbetoon aan 4080,4080'a Saygı
L_DEC_4080'SBANNER,,4080's Banner,4080のバナー,4080's Banner,Bannière de 4080,Estandarte de 4080,Estandarte de 4080,Знамя 4080,Stendardo di 4080,4080的旗幟,4080的旗帜,4080의 배너,Sztandar 4080,Прапор 4080,4080's Banier,4080'in Sancağı
L_DEC_4080'SBIGRUG,,4080's Big Rug,4080の大きな敷物,4080's großer Teppich,Gros Tapis de 4080,Alfombra Grande de 4080,Tapete Grande de 4080,Большой Ковер 4080,Tappeto Grande di 4080,4080的大地毯,4080的大地毯,4080의 큰 러그,Wielki Dywan 4080,Великий Килим 4080,4080's Grote Vloerkleed,4080'in Büyük Halısı
L_DEC_4080'SCANDLESTICK,,4080's Candlestick,4080のろうそく立て,4080's Kerzenständer,Chandelier de 4080,Candelabro de 4080,Castiçal de 4080,Подсвечник 4080,Candeliere di 4080,4080的燭台,4080的烛台,4080의 촛대,Lichtarz 4080,Свічник 4080-х,4080's Kandelaar,4080'in Şamdanı
L_DEC_4080'SCHAIR,,4080's Chair,4080の椅子,4080's Stuhl,Chaise de 4080,Silla de 4080,Cadeira de 4080,Стул 4080,Sedia di 4080,4080的椅子,4080的椅子,4080의 의자,Krzesło 4080,Крісло 4080,4080's Stoel,4080'in Sandalyesi
L_DEC_4080'SPILLAR,,4080's Pillar,4080の柱,4080's Säule,Pilier de 4080,Pilar de 4080,Pilar de 4080,Столп 4080,Pilastro di 4080,4080的支柱,4080的柱子,4080의 기둥,Filar 4080,Колона 4080,4080's Pilaar,4080'in Sütunu
L_DEC_4080'SLONGRUG,,4080's Long Rug,4080の長いラグ,4080's Langer Teppich,Tapis Long de 4080,Alfombra Larga de 4080,Tapete Comprido de 4080,Длинный ковёр 4080,Tappeto Lungo di 4080,4080的長地毯,4080的长地毯,4080의 긴 러그,Długi Dywan 4080,Довгий килим 4080-х,4080's Lange Vloerkleed,4080'in Uzun Halısı
L_DEC_GEOMETRICDISPLAY,,Geometric Display,幾何学的ディスプレイ,Geometrische Anzeige,Affichage Géométrique,Pantalla Geométrica,Exibição Geométrica,Геометрический дисплей,Visualizzazione Geometrica,幾何顯示,几何显示,기하학적 디스플레이,Wyświetlacz Geometryczny,Геометричний дисплей,Geometrische Weergave,Geometrik Ekran
L_DEC_PATHWAY,,Pathway,パスウェイ,Pfad,Chemin,Camino,Caminho,Путь,Sentiero,路徑,路径,패스웨이,Ścieżka,Шлях,Pad,Yol
L_DEC_HOLOFLOWER,,Holo Flower,ホロフラワー,Holo-Blume,Fleur Holo,Flor Holo,Flor Holo,Голо-цветок,Fiore Olografico,全像花,全息花,홀로 플라워,Kwiat Holo,Голо-квітка,Holografische Bloem,Holo Çiçeği
L_DEC_HOLOSHRUB,,Holo Shrub,ホロシュラブ,Holo-Strauch,Buisson Holographique,Arbusto Holo,Arbusto Holo,Голо-куст,Arbusto Olografico,全像灌木,全息灌木,홀로 관목,Holokrzew,Голографічний Кущ,Holografische Struik,Holo Çalı
L_DEC_MALFUNCTIONINGHOLOUNIT,,Malfunctioning Holo Unit,故障したホロユニット,Fehlerhafte Holo-Einheit,Unité Holo Défectueuse,Unidad Holo Defectuosa,Unidade Holo com Defeito,Неисправный голоблок,Unità Olografica Malfunzionante,故障全像投影裝置,故障全息装置,오작동하는 홀로 유닛,Wadliwa Jednostka Holograficzna,Несправний голопристрій,Defecte Holo-eenheid,Arızalı Holo Ünitesi
L_DEC_HOLOTREE,,Holo Tree,ホロツリー,Holo-Baum,Arbre Holographique,Árbol Holo,Árvore Holo,Голо-Дерево,Albero Olografico,幻影樹,全息树,홀로 트리,Drzewo Holo,Голографічне Дерево,Holografische Boom,Holo Ağaç
L_DEC_HOLONETTLES,,Holo Nettles,ホロネトル,Holo-Nesseln,Orties Holo,Ortigas Holo,Urtigas Holo,Голо-Крапива,Ortiche Olografiche,全像蕁麻,全息荨麻,홀로 쐐기풀,Holo Pokrzywy,Голо-Кропива,Holo Brandnetels,Holo Isırganlar
L_DEC_LIGHTDISPLAY,,Light Display,ライトディスプレイ,Lichtanzeige,Affichage lumineux,Exhibición de Luz,Exibição de Luz,Световое представление,Esposizione Luminosa,光芒展示,光效显示,빛 전시,Pokaz Świateł,Світлове шоу,Lichtshow,Işık Gösterisi
L_DEC_4080'STABLE,,4080's Table,4080のテーブル,4080's Tisch,Table de 4080,Mesa de 4080,Mesa de 4080,Таблица 4080,Tavolo di 4080,4080的桌子,4080的桌子,4080의 테이블,Stół 4080,Таблиця 4080,4080's Tafel,4080'in Masası
L_DEC_4080'STHRONE,,4080's Throne,4080の玉座,4080s Thron,Trône de 4080,Trono de 4080,Trono de 4080,Трон 4080,Trono di 4080,4080的王座,4080的王座,4080의 왕좌,Tron 4080,Трон 4080,4080's Troon,4080'in Tahtı
L_DEC_TRIBUTETOSHALLAN,,Tribute to Shallan,シャランへの献辞,Tribut an Shallan,Hommage à Shallan,Tributo a Shallan,Tributo a Shallan,Дань Шаллан,Tributo a Shallan,向夏蘭致敬,莎兰的进贡祭坛,샬란에게 바치는 헌사,Hołd dla Shallan,Данина Шаллан,Eerbetoon aan Shallan,Shallan'a Saygı
L_DEC_SHALLAN'SBANNER,,Shallan's Banner,シャランの旗,Shallans Banner,Bannière de Shallan,Estandarte de Shallan,Estandarte de Shallan,Знамя Шаллан,Stendardo di Shallan,夏倫的旗幟,莎兰的旗帜,샬란의 깃발,Sztandar Shallan,Знамено Шаллан,Shallans Banier,Shallan'ın Sancağı
L_DEC_SHALLAN'SBIGRUG,,Shallan's Big Rug,シャランの大きな絨毯,Shallans großer Teppich,Tapis Géant de Shallan,Alfombra Grande de Shallan,Tapete Grande de Shallan,Большой ковёр Шаллан,Il Grande Tappeto di Shallan,夏倫的大地毯,莎兰的大地毯,샬란의 큰 러그,Wielki Dywan Shallan,Великий Килим Шаллан,Shallans Grote Tapijt,Shallan'ın Büyük Halısı
L_DEC_SHALLAN'SCANDLESTICK,,Shallan's Candlestick,シャランの燭台,Shallans Kerzenständer,Chandelier de Shallan,Candelabro de Shallan,Castiçal de Shallan,Подсвечник Шаллан,Candeliere di Shallan,夏倫的燭台,莎兰的烛台,샬란의 촛대,Lichtarz Shallan,Свічник Шаллан,Shallans Kandelaar,Shallan'ın Şamdanı
L_DEC_SHALLAN'SCHAIR,,Shallan's Chair,シャランの椅子,Shallans Stuhl,Chaise de Shallan,Silla de Shallan,Cadeira de Shallan,Стул Шаллан,Sedia di Shallan,夏倫的椅子,莎兰的椅子,샬란의 의자,Krzesło Shallan,Крісло Шаллан,Shallans Stoel,Shallan'ın Sandalyesi
L_DEC_SHALLAN'SPILLAR,,Shallan's Pillar,シャランの柱,Shallans Säule,Pilier de Shallan,Pilar de Shallan,Pilar de Shallan,Столп Шаллан,Pilastro di Shallan,夏蘭之柱,莎兰的柱子,샬란의 기둥,Filar Shallan,Стовп Шаллан,Shallans Pilaar,Shallan'ın Sütunu
L_DEC_SHALLAN'SLONGRUG,,Shallan's Long Rug,シャランの長い絨毯,Shallans langer Teppich,Tapis Long de Shallan,Alfombra Larga de Shallan,Tapete Comprido de Shallan,Длинный ковёр Шаллан,Tappeto Lungo di Shallan,夏倫的長地毯,莎兰的长地毯,샬란의 긴 러그,Długi Dywan Shallan,Довгий килим Шаллан,Shallans Lange Tapijt,Shallan'ın Uzun Halısı
L_DEC_SPRITEART,,Sprite Art,スプライトアート,Sprite-Kunst,Art de sprite,Arte de Sprite,Arte de Sprite,Спрайт-арт,Sprite Art,精靈美術,小妖精画作,스프라이트 아트,Grafika Sprite,Спрайт-арт,Sprite Art,Sprite Sanatı
L_DEC_THEFAIRYLANDSCENERY,,The Fairyland Scenery,妖精の国の風景,Das Märchenland-Panorama,Le Paysage du Pays des Fées,El Paisaje del País de las Hadas,O Cenário da Terra das Fadas,Пейзаж Волшебной Страны,Il Paesaggio delle Fate,仙境風光,仙境风光,동화나라 풍경,Krajobraz Baśniowej Krainy,Казковий Пейзаж,Het Sprookjesland Landschap,Peri Diyarı Manzarası
L_DEC_FAEBERRIES,,Fae Berries,フェイの実,Feenbeeren,Baies Féeriques,Bayas Feéricas,Bagas Feéricas,Ягоды Фей,Bacche Fatate,精靈漿果,仙灵浆果,요정 열매,Jagody Fae,Ягоди Фей,Elfenbessen,Peri Yemişleri
L_DEC_GLITTERBOMBS,,Glitter Bombs,グリッターボム,Glitzerbomben,Bombes à Paillettes,Bombas de Purpurina,Bombas de Brilho,Блестящие бомбы,Bombe Scintillanti,閃光炸彈,闪光炸弹,반짝이 폭탄,Błyszczące Bomby,Блискучі бомби,Glitterbommen,Işıltı Bombaları
L_DEC_RAINBLOOMS,,Rainblooms,レインブルーム,Regenblüten,Floraisons,Florlluvias,Florescências,Радужноцветы,Fioripiovosi,雨花綻放,雨之绽放,레인블룸,Deszczokwiaty,Райноцвіти,Regenbloesems,Yağmurçiçekleri
L_DEC_GLIMMERBELLS,,Glimmerbells,グリマーベル,Glimmerglocken,Clochettes Scintillantes,Campanillas Brillantes,Sinos Cintilantes,Мерцающие колокольчики,Campanelucenti,微光鈴,微光铃铛,반짝종,Błyskotzwonki,Мерехтливі дзвіночки,Glimmerbellen,Işıltıçanlar
L_DEC_WILLOWISPS,,Willowisps,ウィロウィスプ,Irrlichter,Feux follets,Fuegos fatuos,Fogos-fátuos,Блуждающие огоньки,Fuochi Fatui,鬼火,鬼火,위습,Ogniki,Вогники,Dwaallichtjes,Ateşböcekleri
L_DEC_FAEWHIMSY,,Fae Whimsy,フェイの気まぐれ,Feenlaune,Caprice Féerique,Capricho Feérico,Capricho Feérico,Причуда Фей,Capriccio Fatato,精靈奇想,仙灵奇想,요정의 변덕,Kaprysy Fae,Примхи Фей,Elfenluim,Peri Kapris
L_DEC_SHALLAN'STABLE,,Shallan's Table,シャランの机,Shallans Tisch,Table de Shallan,Mesa de Shallan,Mesa de Shallan,Стол Шаллан,Tavolo di Shallan,夏倫的餐桌,莎兰的桌子,샬란의 테이블,Stół Shallan,Стіл Шаллан,Shallans Tafel,Shallan'ın Masası
L_DEC_SHALLAN'STHRONE,,Shallan's Throne,シャランの玉座,Shallans Thron,Trône de Shallan,Trono de Shallan,Trono de Shallan,Трон Шаллан,Trono di Shallan,夏蘭的王座,莎兰的王座,샬란의 왕좌,Tron Shallan,Трон Шаллан,Shallans Troon,Shallan'ın Tahtı
L_DEC_TRIBUTETOT'MEREM'RGO,,Tribute to T'mere M'rgo,トゥメア・ムルゴへの献辞,Tribut an T'mere M'rgo,Hommage à T'mere M'rgo,Tributo a T'mere M'rgo,Tributo a T'mere M'rgo,Дань уважения Т'мере М'рго,Tributo a T'mere M'rgo,向提米爾·姆戈致敬,特米尔·莫尔戈的进贡祭坛,트메르 므르고에게 바치는 헌사,Hołd dla T'mere M'rgo,Данина Т'мере М'рго,Eerbetoon aan T'mere M'rgo,T'mere M'rgo'ya Saygı
L_DEC_T'MEREM'RGO'SBANNER,,T'mere M'rgo's Banner,ティメア・マーゴの旗印,T'mere M'rgos Banner,Bannière de T'mere M'rgo,Estandarte de T'mere M'rgo,Estandarte de T'mere M'rgo,Знамя Т'мер М'рго,Vessillo di T'mere M'rgo,提米爾·莫戈的旗幟,特米尔·莫尔戈的旗帜,트메르 므르고의 깃발,Sztandar T'mere M'rgo,Знамено Т'мере М'рго,T'mere M'rgo's Banier,T'mere M'rgo'nun Sancağı
L_DEC_T'MEREM'RGO'SBIGRUG,,T'mere M'rgo's Big Rug,ト'メア・ム'ルゴの大きな絨毯,T'mere M'rgos großer Teppich,Le Grand Tapis de T'mere M'rgo,La Gran Alfombra de T'mere M'rgo,Tapete Grande de T'mere M'rgo,Большой Ковёр Т'мера М'рго,Il Grande Tappeto di T'mere M'rgo,提米爾·莫戈的大地毯,特米尔·莫尔戈的大地毯,트메르 므르고의 큰 러그,Wielki Dywan T'mere M'rgo,Великий Килим Т'мере М'рго,T'mere M'rgo's Grote Tapijt,T'mere M'rgo'nun Büyük Halısı
L_DEC_T'MEREM'RGO'SCANDLESTICK,,T'mere M'rgo's Candlestick,ト'メア・ム'ルゴの燭台,T'mere M'rgos Kerzenständer,Chandelier de T'mere M'rgo,Candelabro de T'mere M'rgo,Castiçal de T'mere M'rgo,Подсвечник Т'мер М'рго,Candeliere di T'mere M'rgo,特米爾·莫戈的燭台,特米尔·莫尔戈的烛台,트메르 므르고의 촛대,Lichtarz T'mere M'rgo,Свічник Т'мере М'рго,T'mere M'rgo's Kandelaar,T'mere M'rgo'nun Şamdanı
L_DEC_T'MEREM'RGO'SCHAIR,,T'mere M'rgo's Chair,ト'メア・ム'ルゴの椅子,T'mere M'rgos Stuhl,Chaise de T'mere M'rgo,Silla de T'mere M'rgo,Cadeira de T'mere M'rgo,Кресло Т'мер М'рго,Seggio di T'mere M'rgo,特米爾·莫戈的椅子,特米尔·莫尔戈的椅子,트메르 므르고의 의자,Krzesło T'mere M'rgo,Крісло Т'мере М'рго,T'mere M'rgo's Stoel,T'mere M'rgo'nun Sandalyesi
L_DEC_T'MEREM'RGO'SPILLAR,,T'mere M'rgo's Pillar,ト'メア・ム'ルゴの柱,T'mere M'rgos Säule,Pilier de T'mere M'rgo,Pilar de T'mere M'rgo,Pilar de T'mere M'rgo,Столп Т'мер М'рго,Pilastro di T'mere M'rgo,特米爾·莫戈之柱,特米尔·莫尔戈的柱子,트메르 므르고의 기둥,Filar T'mere M'rgo,Стовп Т'мере М'рґо,T'mere M'rgo's Pilaar,T'mere M'rgo'nun Sütunu
L_DEC_T'MEREM'RGO'SLONGRUG,,T'mere M'rgo's Long Rug,ト'メア・ム'ルゴの長い絨毯,T'mere M'rgos Langer Teppich,Tapis Long de T'mere M'rgo,Alfombra Larga de T'mere M'rgo,Tapete Comprido de T'mere M'rgo,Длинный Ковёр Т'мира М'рго,Il Lungo Tappeto di T'mere M'rgo,特米爾·莫戈的長地毯,特米尔·莫尔戈的长地毯,트메르 므르고의 긴 러그,Długi Dywan T'mere M'rgo,Довгий Килим Т'мере М'рго,T'mere M'rgo's Lange Tapijt,T'mere M'rgo'nun Uzun Halısı
L_DEC_VISION,,Vision,ビジョン,Vision,Vision,Visión,Visão,Зрение,Visione,視野,视野,시야,Wizja,Зір,Visie,Görüş
L_DEC_GAZEOFTHESHAPER,,Gaze of the Shaper,創造者の眼差し,Blick des Gestalters,Regard du Façonneur,Mirada del Modelador,Olhar do Moldador,Взгляд Создателя,Sguardo del Plasmatore,塑形者的凝視,塑形者凝视,창조자의 응시,Spojrzenie Kształtującego,Погляд Творця,Blik van de Vormgever,Şekillendiricinin Bakışı
L_DEC_BOUQUETOFFLESH,,Bouquet of Flesh,肉の花束,Fleischstrauß,Bouquet de Chair,Ramo de Carne,Buquê de Carne,Букет Плоти,Mazzo di Carne,血肉花束,血肉花束,살점의 꽃다발,Bukiet Ciała,Букет Плоті,Boeket van Vlees,Et Buketi
L_DEC_CLAWBLOSSOMS,,Claw Blossoms,爪の花,Klauenblüten,Floraisons de Griffes,Flores de Garra,Flores de Garra,Цветущие Когти,Fioriture d'Artiglio,爪花,利爪花,발톱꽃,Kwieciste Szpony,Квіти-Кігті,Klauwbloesems,Pençe Çiçekleri
L_DEC_ELDRITCHFINGERS,,Eldritch Fingers,エルドリッチフィンガー,Eldrische Finger,Doigts Occultes,Dedos Arcanos,Dedos Místicos,Колдовские Пальцы,Dita Arcane,魔能之指,异能之指,신비한 손가락,Pradawne Palce,Примарні Пальці,Duistere Vingers,Esrarengiz Parmaklar
L_DEC_BEAUTIFULCOMMUNION,,Beautiful Communion,美しき交感,Wunderschöne Gemeinschaft,Belle Communion,Hermosa Comunión,Comunhão Bela,Прекрасное Причастие,Bellissima Comunione,美麗的共融,美丽交融,아름다운 교감,Piękna Komunia,Прекрасне Причастя,Prachtige Communie,Muhteşem Birleşme
L_DEC_MISCHIEVOUSMISTAKE,,Mischievous Mistake,いたずら失敗,Schelmischer Fehler,Erreur Malicieuse,Error Travieso,Erro Travesso,Озорная Ошибка,Errore Malizioso,頑皮的錯誤,恶作剧的失误,장난스러운 실수,Psotna Pomyłka,Пустотлива Помилка,Ondeugende Vergissing,Yaramaz Hata
L_DEC_DARKGRASP,,Dark Grasp,ダークグラスプ,Dunkler Griff,Étreinte Ténébreuse,Garra Oscura,Garra Sombria,Темная Хватка,Presa Oscura,暗影之握,暗影之握,어둠의 손아귀,Mroczny Chwyt,Темне Захоплення,Duistere Greep,Karanlık Kavrayış
L_DEC_T'MEREM'RGO'STABLE,,T'mere M'rgo's Table,ト'メア・ム'ルゴの食卓,T'mere M'rgos Tisch,La Table de T'mere M'rgo,Mesa de T'mere M'rgo,Mesa de T'mere M'rgo,Стол Т'мира М'рго,Il Tavolo di T'mere M'rgo,特米爾·莫戈的餐桌,特米尔·莫尔戈的桌子,트메르 므르고의 테이블,Stół T'mere M'rgo,Стіл Т'мере М'рґо,T'mere M'rgo's Tafel,T'mere M'rgo'nun Masası
L_DEC_T'MEREM'RGO'STHRONE,,T'mere M'rgo's Throne,ト'メア・ム'ルゴの玉座,T'mere M'rgos Thron,Le Trône de T'mere M'rgo,Trono de T'mere M'rgo,Trono de T'mere M'rgo,Трон Т'мер М'рго,Il Trono di T'mere M'rgo,特米爾·莫戈的王座,特米尔·莫尔戈的王座,트메르 므르고의 왕좌,Tron T'mere M'rgo,Трон Т'мере М'рго,T'mere M'rgo's Troon,T'mere M'rgo'nun Tahtı
L_DEC_REALMALTAROFANNELTHA,,Realm Altar of Anneltha,アネルサの領界祭壇,Reichsaltar von Anneltha,Autel du Royaume d'Anneltha,Altar del Reino de Anneltha,Altar do Reino de Anneltha,Алтарь Царства Аннельты,Altare del Regno di Anneltha,安妮爾薩的領域祭壇,安妮莎的领域祭坛,아넬타의 영역 제단,Ołtarz Krainy Anneltha,Вівтар Царства Аннельти,Rijkaltaar van Anneltha,Anneltha'nın Diyar Sunağı
L_DEC_REALMALTAROFALEXANDRIA,,Realm Altar of Alexandria,レルム祭壇・アレクサンドリア,Reichsaltar von Alexandria,Autel du Royaume d'Alexandrie,Altar del Reino de Alejandría,Altar do Reino de Alexandria,Алтарь Царства Александрии,Altare del Regno di Alessandria,亞歷山德里亞的領域祭壇,亚历山大的领域祭坛,알렉산드리아의 영역 제단,Ołtarz Krainy Aleksandrii,Вівтар Царства Александрії,Rijksaltaar van Alexandria,Realm Altar İskenderiye
L_DEC_REALMALTAROFARIAMAKI,,Realm Altar of Ariamaki,レルム祭壇・アリアマキ,Reichsaltar von Ariamaki,Autel du Royaume d'Ariamaki,Altar del Reino de Ariamaki,Altar do Reino de Ariamaki,Алтарь Царства Ариамаки,Altare del Regno di Ariamaki,亞里亞瑪基的領域祭壇,阿瑞玛基的的领域祭坛,아리아마키의 영역 제단,Ołtarz Krainy Ariamaki,Вівтар Царства Аріамакі,Rijksaltaar van Ariamaki,Ariamaki'nin Diyar Sunağı
L_DEC_REALMALTAROFGENAROS,,Realm Altar of Genaros,レルム祭壇・ゲナロス,Reichsaltar von Genaros,Autel du Royaume de Genaros,Altar del Reino de Genaros,Altar do Reino de Genaros,Алтарь Царства Генароса,Altare del Regno di Genaros,傑納洛斯的領域祭壇,杰纳罗斯的领域祭坛,제나로스의 영역 제단,Ołtarz Krainy Genaros,Вівтар Царства Генароса,Rijkaltaar van Genaros,Genaros'un Diyar Sunağı
L_DEC_REALMALTAROFRECLUSA,,Realm Altar of Reclusa,レクルーサの領域祭壇,Reichsaltar von Reclusa,Autel du Royaume de Reclusa,Altar del Reino de Reclusa,Altar do Reino de Reclusa,Алтарь Царства Реклуса,Altare del Regno di Reclusa,蛛域祭壇,瑞克露莎的领域祭坛,레클루사의 영역 제단,Ołtarz Królestwa Reclusa,Вівтар Царства Реклюзи,Rijkaltaar van Reclusa,Reclusa Diyarı Sunağı
L_DEC_REALMALTAROFMUSE,,Realm Altar of Muse,ミューズの王国祭壇,Reichsaltar der Muse,Autel du Royaume de Muse,Altar del Reino de Musa,Altar do Reino de Musa,Алтарь Царства Музы,Altare del Regno di Musa,繆思的領域祭壇,缪斯的领域祭坛,뮤즈의 영역 제단,Ołtarz Krainy Muzy,Вівтар Царства Музи,Rijkaltaar van Muse,Müz'ün Diyar Sunağı
L_DEC_REALMALTAROFT'MEREM'RGO,,Realm Altar of T'mere M'rgo,レルム祭壇・テメレ・ムルゴ,Reichsaltar von T'mere M'rgo,Autel du Royaume de T'mere M'rgo,Altar del Reino de T'mere M'rgo,Altar do Reino de T'mere M'rgo,Алтарь Царства Т'мере М'рго,Altare del Regno di T'mere M'rgo,特米爾·莫戈的領域祭壇,特米尔·莫尔戈的领域祭坛,트메레 므르고의 영역 제단,Ołtarz Krainy T'mere M'rgo,Вівтар Царства Т'мере М'рго,Rijkaltaar van T'mere M'rgo,T'mere M'rgo'nun Diyar Sunağı
L_DEC_REALMALTAROFSHALLAN,,Realm Altar of Shallan,シャランの王国祭壇,Reichsaltar von Shallan,Autel du Royaume de Shallan,Altar del Reino de Shallan,Altar do Reino de Shallan,Алтарь Царства Шаллан,Altare del Regno di Shallan,夏蘭的領域祭壇,莎兰的领域祭坛,샬란의 영역 제단,Ołtarz Krainy Shallan,Вівтар Царства Шаллан,Rijkaltaar van Shallan,Shallan'ın Diyar Sunağı
L_DEC_REALMALTAROF4080,,Realm Altar of 4080,レルム祭壇の4080,Reichsaltar der 4080,Autel du Royaume de 4080,Altar del Reino de 4080,Altar do Reino de 4080,Алтарь Королевства 4080,Altare del Regno di 4080,4080的領域祭壇,4080的领域祭坛,4080의 영역 제단,Ołtarz Krainy 4080,Вівтар Королівства 4080,Rijkaltaar van 4080,Diyar Sunağı 4080
L_DEC_AMARANTHPLUSH2,,Amaranth Plush (2),アマランスのぬいぐるみ (2),Amaranth-Plüsch (2),Peluche d'Amarante (2),Peluche de Amaranto (2),Pelúcia de Amaranto (2),Плюшевый Амарант (2),Peluche di Amaranto (2),紫莧絨毛玩偶 (2),长生花毛绒玩具（2）,아마란스 인형 (2),Pluszowy Amarant (2),Плюшевий амарант (2),Amarant Pluche (2),Amaranth Peluş (2)
L_DEC_AMPHISBAENAPLUSH2,,Amphisbaena Plush (2),アンフィスバエナのぬいぐるみ (2),Amphisbaena-Plüschtier (2),Peluche d'Amphisbène (2),Peluche de Anfisbena (2),Pelúcia de Anfisbena (2),Плюшевая Амфисбена (2),Peluche di Anfisbena (2),雙頭蛇絨毛玩偶 (2),双头蛇毛绒玩具（2）,암피스바에나 인형 (2),Pluszowa Amfisbena (2),Плюшева Амфісбена (2),Amphisbaena Knuffel (2),Amphisbaena Peluş (2)
L_DEC_ANGELPLUSH2,,Angel Plush (2),エンジェルぬいぐるみ (2),Engelsplüschtier (2),Peluche d'Ange (2),Peluche de Ángel (2),Pelúcia de Anjo (2),Плюшевый Ангел (2),Peluche d'Angelo (2),天使絨毛玩偶 (2),天使毛绒玩具（2）,천사 인형 (2),Pluszowy Anioł (2),Плюшевий Ангел (2),Engelenknuffel (2),Melek Peluş (2)
L_DEC_ANIMATIONPLUSH,,Animation Plush,アニメーションぬいぐるみ,Animation Plüsch,Peluche Animée,Peluche Animado,Pelúcia Animada,Анимационная Плюшка,Peluche Animato,動畫絨毛玩偶,灵体毛绒玩具,애니메이션 인형,Pluszowa Animacja,Анімаційна іграшка,Animatie Knuffel,Animasyon Peluş
L_DEC_APISPLUSH2,,Apis Plush (2),アピスのぬいぐるみ (2),Apis-Plüschtier (2),Peluche d'Apis (2),Peluche de Apis (2),Pelúcia de Apis (2),Плюшевый Апис (2),Peluche di Apis (2),阿匹斯絨毛玩偶 (2),阿匹斯毛绒玩具（2）,아피스 인형 (2),Pluszowa Pszczoła (2),Плюшева Бджілка (2),Apis Knuffel (2),Apis Peluş (2)
L_DEC_APOCALYPSEPLUSH2,,Apocalypse Plush (2),アポカリプスぬいぐるみ (2),Apokalypse-Plüsch (2),Peluche Apocalyptique (2),Peluche del Apocalipsis (2),Pelúcia do Apocalipse (2),Плюшевый Апокалипсис (2),Peluche dell'Apocalisse (2),末日絨毛玩偶 (2),末日兽毛绒玩具（2）,종말의 인형 (2),Pluszowa Apokalipsa (2),Апокаліптичний Плюш (2),Apocalyps Knuffel (2),Kıyamet Peluşu (2)
L_DEC_ARBITERPLUSH,,Arbiter Plush,裁定者のぬいぐるみ,Schiedsrichter-Plüschtier,Peluche d'Arbitre,Peluche de Árbitro,Pelúcia do Árbitro,Плюшевый Арбитр,Peluche dell'Arbitro,仲裁者玩偶,仲裁者毛绒玩具,중재자 인형,Pluszowy Arbiter,Плюшевий Арбітр,Arbiter Knuffel,Hakem Peluş
L_DEC_ASPECTPLUSH2,,Aspect Plush (2),アスペクト・ぬいぐるみ (2),Aspekt-Plüsch (2),Peluche d'Aspect (2),Peluche de Aspecto (2),Pelúcia de Aspecto (2),Плюшевый Аспект (2),Peluche dell'Aspetto (2),相位絨毛 (2),具像毛绒玩具（2）,속성 인형 (2),Pluszowy Aspekt (2),Плюшевий Аспект (2),Aspect Knuffel (2),Görünüm Peluşu (2)
L_DEC_BANSHEEPLUSH2,,Banshee Plush (2),バンシーのぬいぐるみ (2),Banshee-Plüschtier (2),Peluche de Banshee (2),Peluche de Banshee (2),Pelúcia de Banshee (2),Плюшевая Банши (2),Peluche di Banshee (2),女妖絨毛玩偶 (2),报丧女妖毛绒玩具（2）,밴시 인형 (2),Pluszowa Banshee (2),Плюшева Банші (2),Banshee Knuffel (2),Banshee Peluşu (2)
L_DEC_BASILISKPLUSH2,,Basilisk Plush (2),バジリスクのぬいぐるみ (2),Basilisken-Plüsch (2),Peluche de Basilic (2),Peluche de Basilisco (2),Pelúcia de Basilisco (2),Плюшевый Василиск (2),Peluche di Basilisco (2),蛇妖玩偶 (2),蛇怪毛绒玩具（2）,바실리스크 인형 (2),Pluszowy Bazyliszek (2),Плюшевий Василіск (2),Basilisk Knuffel (2),Basilisk Peluşu (2)
L_DEC_BEACONPLUSH,,Beacon Plush,ビーコンぬいぐるみ,Leuchtfeuer-Plüsch,Peluche Balise,Peluche de Faro,Pelúcia de Farol,Плюшевый Маяк,Peluche Faro,信標玩偶,信标毛绒玩具,비콘 인형,Pluszowy Przekaźnik,Плюшевий Маяк,Baken Knuffel,Fener Peluş
L_DEC_CARVERPLUSH2,,Carver Plush (2),カーバーのぬいぐるみ (2),Carver-Plüschtier (2),Peluche Sculpteur (2),Peluche de Tallador (2),Pelúcia do Carver (2),Плюшевый Карвер (2),Peluche di Carver (2),雕刻師玩偶 (2),切割者毛绒玩具（2）,조각가 인형 (2),Pluszowy Carver (2),Плюшевий Карвер (2),Carver Knuffel (2),Oymacı Peluşu (2)
L_DEC_CHERUBPLUSH,,Cherub Plush,ケルビムのぬいぐるみ,Cherub-Plüschtier,Peluche de Chérubin,Peluche de Querubín,Pelúcia de Querubim,Плюшевый Херувим,Peluche di Cherubino,小天使玩偶,智天使毛绒玩具,케루빔 인형,Pluszowy Cherubin,Плюшевий херувим,Cherubijn Knuffel,Melek Peluşu
L_DEC_CHIMERAPLUSH,,Chimera Plush,キメラのぬいぐるみ,Chimära-Plüschtier,Peluche de Chimère,Peluche de Quimera,Pelúcia de Quimera,Плюшевая Химера,Peluche di Chimera,奇美拉玩偶,奇美拉毛绒玩具,키메라 인형,Pluszowy Chimera,Плюшева Химера,Chimera Knuffel,Kimera Peluş
L_DEC_CLOCKWORKPLUSH,,Clockwork Plush,ゼンマイ仕掛けのぬいぐるみ,Uhrwerk-Plüsch,Peluche Mécanique,Peluche Mecánico,Pelúcia Mecânica,Заводная Игрушка,Peluche Meccanico,發條絨毛玩偶,发条机械毛绒玩具,태엽 인형,Mechaniczny Pluszak,Механічна М'яка Іграшка,Mechanisch Knuffelbeest,Kurmalı Peluş
L_DEC_CLUTCHERPLUSH2,,Clutcher Plush (2),クラッチャーのぬいぐるみ (2),Greifer-Plüsch (2),Peluche Agrippeur (2),Peluche de Agarrador (2),Pelúcia de Agarrador (2),Плюшевый Хвататель (2),Peluche Afferratore (2),抓握布偶 (2),捕手毛绒玩具（2）,클러처 인형 (2),Pluszowy Chwytacz (2),Плюшевий Хапун (2),Grijper Knuffel (2),Kavrayıcı Peluş (2)
L_DEC_COCKATRICEPLUSH2,,Cockatrice Plush (2),コカトリスのぬいぐるみ (2),Kokatrix-Plüschtier (2),Peluche de Cocatrice (2),Peluche de Cocatriz (2),Pelúcia de Cocatrice (2),Плюшевый Василиск (2),Peluche di Cockatrice (2),雞蛇絨毛玩偶 (2),鸡蛇毛绒玩具（2）,코카트리스 인형 (2),Pluszowy Kuroliszek (2),Плюшевий Василіск (2),Cockatrice Knuffel (2),Tepegöz Peluşu (2)
L_DEC_CONCOCTIONPLUSH2,,Concoction Plush (2),コンコクション・ぬいぐるみ (2),Gebräu-Plüschtier (2),Peluche de Mixture (2),Peluche de Brebaje (2),Pelúcia de Poção (2),Плюшевое Зелье (2),Peluche di Pozione (2),調製絨毛玩偶 (2),混合体毛绒玩具（2）,조제 인형 (2),Pluszowy Wywar (2),Плюшевий Відвар (2),Brouwsel Knuffel (2),İksir Peluşu (2)
L_DEC_CRUSADERPLUSH2,,Crusader Plush (2),クルセイダーのぬいぐるみ (2),Kreuzritter-Plüsch (2),Peluche de Croisé (2),Peluche de Cruzado (2),Pelúcia de Cruzado (2),Плюшевый Крестоносец (2),Peluche del Crociato (2),聖騎士絨毛玩偶 (2),圣斗士毛绒玩具（2）,성기사 인형 (2),Pluszowy Krzyżowiec (2),Плюшевий хрестоносець (2),Kruisvaarder Knuffel (2),Haçlı Peluşu (2)
L_DEC_DEMIGODPLUSH2,,Demigod Plush (2),デミゴッドぬいぐるみ (2),Halbgott-Plüschtier (2),Peluche de Demi-dieu (2),Peluche de Semidiós (2),Pelúcia de Semideus (2),Плюшевый Полубог (2),Peluche Semidio (2),半神絨毛玩偶 (2),半神毛绒玩具（2）,반신 인형 (2),Pluszowy Półbóg (2),Плюшевий Напівбог (2),Halfgod Knuffel (2),Yarıtanrı Peluş (2)
L_DEC_DJINNPLUSH2,,Djinn Plush (2),ジンのぬいぐるみ (2),Dschinn-Plüschtier (2),Peluche Djinn (2),Peluche de Djinn (2),Pelúcia de Djinn (2),Плюшевый Джинн (2),Peluche di Djinn (2),精靈玩偶 (2),灯灵毛绒玩具（2）,정령 인형 (2),Pluszowy Dżinn (2),Плюшевий Джинн (2),Djinn Knuffel (2),Cin Peluşu (2)
L_DEC_DOOMFORTRESSPLUSH2,,Doom Fortress Plush (2),ドゥームフォートレスのぬいぐるみ (2),Plüschfestung des Untergangs (2),Peluche de Forteresse Funeste (2),Peluche de Fortaleza de la Perdición (2),Pelúcia da Fortaleza da Perdição (2),Плюшевая Крепость Рока (2),Peluche della Fortezza del Destino (2),厄運堡壘絨毛玩偶 (2),末日要塞毛绒玩具（2）,파멸의 요새 인형 (2),Pluszowa Forteca Zagłady (2),Плюшева Фортеця Загибелі (2),Verdoemenis Vesting Knuffel (2),Kıyamet Kalesi Peluşu (2)
L_DEC_DRYADPLUSH2,,Dryad Plush (2),ドライアドのぬいぐるみ (2),Dryaden-Plüschtier (2),Peluche de Dryade (2),Peluche de Dríada (2),Pelúcia de Dríade (2),Плюшевая Дриада (2),Peluche di Driade (2),樹精玩偶 (2),树妖毛绒玩具（2）,드라이어드 인형 (2),Pluszowy Driad (2),Плюшева Дріада (2),Bosnimf Knuffel (2),Dryad Peluş (2)
L_DEC_ELECTROPODPLUSH,,Electropod Plush,エレクトロポッド・ぬいぐるみ,Elektropoden-Plüschtier,Peluche d'Électropode,Peluche de Electrópodo,Pelúcia de Eletropode,Плюшевый Электропод,Peluche di Elettropodo,電蟲絨毛玩偶,电气荚毛绒玩具,일렉트로포드 인형,Pluszowy Elektropod,Плюшевий Електропод,Elektropod Knuffel,Elektropod Peluş
L_DEC_ELFPLUSH,,Elf Plush,エルフのぬいぐるみ,Elfen-Plüschtier,Peluche d'elfe,Peluche de Elfo,Pelúcia de Elfo,Плюшевый эльф,Peluche di Elfo,精靈玩偶,精灵毛绒玩具,엘프 인형,Pluszowy Elf,Ельфійська м'яка іграшка,Elfenpop,Elf Peluşu
L_DEC_FAEPLUSH,,Fae Plush,フェイのぬいぐるみ,Feenplüsch,Peluche Fée,Peluche de Hada,Pelúcia de Fada,Фейская Игрушка,Peluche Fatato,精靈絨毛玩偶,仙灵毛绒玩具,요정 인형,Pluszowa Wróżka,Плюшева Фея,Feeënknuffel,Peri Peluşu
L_DEC_FAMILIARPLUSH2,,Familiar Plush (2),ぬいぐるみの使い魔 (2),Plüschtier-Vertrauter (2),Peluche Familière (2),Peluche Familiar (2),Pelúcia Familiar (2),Плюшевый Фамильяр (2),Peluche Familiare (2),熟悉絨毛玩偶 (2),使魔毛绒玩具（2）,친숙한 봉제인형 (2),Pluszowy Chowaniec (2),Плюшевий Фамільяр (2),Vertrouwde Knuffel (2),Tanıdık Peluş (2)
L_DEC_GORGONPLUSH2,,Gorgon Plush (2),ゴルゴンのぬいぐるみ (2),Gorgonen-Plüschtier (2),Peluche de Gorgone (2),Peluche de Gorgona (2),Pelúcia de Górgona (2),Плюшевая Горгона (2),Peluche di Gorgone (2),戈爾貢玩偶 (2),蛇发女妖毛绒玩具（2）,고르곤 인형 (2),Pluszowy Gorgon (2),Плюшева Горгона (2),Gorgon Knuffel (2),Gorgon Peluşu (2)
L_DEC_GRIMOIREPLUSH2,,Grimoire Plush (2),グリモアぬいぐるみ (2),Grimoire-Plüschtier (2),Peluche de Grimoire (2),Peluche de Grimorio (2),Pelúcia de Grimório (2),Плюшевый Гримуар (2),Peluche del Grimorio (2),魔法書玩偶 (2),魔法书毛绒玩具（2）,마법서 인형 (2),Pluszowy Grimuar (2),Плюшевий Грімуар (2),Grimoire Knuffel (2),Grimoire Peluş (2)
L_DEC_HARPYPLUSH2,,Harpy Plush (2),ハーピーのぬいぐるみ (2),Harpyien-Plüschtier (2),Peluche de Harpie (2),Peluche de Arpía (2),Pelúcia de Harpia (2),Чучело Гарпии (2),Peluche di Arpia (2),鷹身女妖玩偶 (2),鹰身女妖毛绒玩具（2）,하피 인형 (2),Pluszowa Harpia (2),Опудало Гарпії (2),Harpij Knuffel (2),Harpi Peluşu (2)
L_DEC_HERBLINGPLUSH,,Herbling Plush,ハーブリングのぬいぐるみ,Kräuterling-Plüsch,Peluche d'Herbling,Peluche de Hierbita,Pelúcia de Herbinho,Плюшевый Травник,Peluche di Erbetto,草藥精靈玩偶,草灵毛绒玩具,허블링 인형,Pluszowy Zielak,Трав'яна М'яка Іграшка,Kruideling Knuffel,Otçuk Peluşu
L_DEC_HOUNDPLUSH2,,Hound Plush (2),ハウンドぬいぐるみ (2),Hundeplüschtier (2),Peluche de Chien (2),Peluche de Sabueso (2),Pelúcia de Cão (2),Плюшевая Гончая (2),Peluche di Segugio (2),獵犬玩偶 (2),猎犬毛绒玩具（2）,하운드 인형 (2),Pluszowy Ogar (2),Плюшевий пес (2),Hondenpluche (2),Tazı Peluşu (2)
L_DEC_IMLERPLUSH2,,Imler Plush (2),イムラーのぬいぐるみ (2),Imler Plüschtier (2),Peluche d'Imler (2),Peluche de Imler (2),Pelúcia do Imler (2),Плюшевый Имлер (2),Peluche di Imler (2),伊姆勒玩偶 (2),伊姆魔像毛绒玩具（2）,임러 인형 (2),Pluszak Imler (2),Плюшевий Імлер (2),Imler Knuffel (2),İmler Peluş (2)
L_DEC_IMLINGPLUSH2,,Imling Plush (2),イムリングのぬいぐるみ (2),Imling-Plüschtier (2),Peluche d'Imling (2),Peluche de Imling (2),Pelúcia de Imling (2),Плюшевый Имлинг (2),Peluche di Imling (2),伊姆林玩偶 (2),伊姆毛绒玩具（2）,임링 인형 (2),Pluszowy Imling (2),Плюшевий імлінг (2),Imling Knuffel (2),İmling Peluşu (2)
L_DEC_KINGDUMPLINGPLUSH,,King Dumpling Plush,キングダンプリングぬいぐるみ,König Knödel Plüsch,Peluche du Roi Ravioli,Peluche del Rey Dumpling,Pelúcia do Rei Bolinho,Плюшевый Король Пельменей,Peluche del Re Gnocco,國王水餃絨毛玩偶,团子王毛绒玩具,왕 만두 인형,Pluszak Król Pieróg,Плюшевий Король Пельменів,Koning Dumpling Knuffel,Kral Mantı Peluş
L_DEC_KOLOSSPLUSH2,,Koloss Plush (2),コロッサスのぬいぐるみ (2),Koloss-Plüschtier (2),Peluche de Koloss (2),Peluche de Koloss (2),Pelúcia de Koloss (2),Плюшевый Колосс (2),Peluche di Koloss (2),巨像絨毛玩偶 (2),巨怪毛绒玩具（2）,콜로스 인형 (2),Pluszowy Koloss (2),Плюшевий Колос (2),Koloss Knuffel (2),Koloss Peluş (2)
L_DEC_KRAKENPLUSH,,Kraken Plush,クラーケンのぬいぐるみ,Kraken-Plüschtier,Peluche de Kraken,Peluche de Kraken,Pelúcia de Kraken,Плюшевый Кракен,Peluche di Kraken,海妖玩偶,克拉肯毛绒玩具,크라켄 인형,Pluszowy Kraken,Плюшевий Кракен,Krakenknuffel,Kraken Peluşu
L_DEC_LEPERPLUSH2,,Leper Plush (2),レパー・プラッシュ (2),Aussätziger Plüsch (2),Peluche de Lépreux (2),Peluche de Leproso (2),Pelúcia de Leproso (2),Плюшевый Прокажённый (2),Peluche del Lebbroso (2),痲瘋病患玩偶 (2),麻风怪毛绒玩具（2）,나병환자 인형 (2),Pluszowy Trędowaty (2),Плюшевий прокажений (2),Melaatse Knuffel (2),Cüzzamlı Peluş (2)
L_DEC_LUCKMANTRIAPLUSH,,Luckmantria Plush,ラックマントリアのぬいぐるみ,Luckmantria-Plüschtier,Peluche Luckmantria,Peluche de Luckmantria,Pelúcia de Luckmantria,Плюшевая Лакмантрия,Peluche di Luckmantria,幸運蛾絨毛玩偶,幸运蛾毛绒玩具,행운나방 인형,Pluszak Luckmantria,Плюшевий Лакмантрія,Luckmantria Knuffel,Şans Mantisi Peluş
L_DEC_MODRONPLUSH,,Modron Plush,モドロンのぬいぐるみ,Modron-Plüschtier,Peluche de Modron,Peluche de Modron,Pelúcia de Modron,Плюшевый Модрон,Peluche di Modron,魔像絨毛玩偶,魔械毛绒玩具,모드론 인형,Pluszowy Modron,Плюшевий Модрон,Modron Knuffel,Modron Peluş
L_DEC_MOGWAIPLUSH,,Mogwai Plush,モグワイのぬいぐるみ,Mogwai-Plüschtier,Peluche Mogwai,Peluche de Mogwai,Pelúcia de Mogwai,Плюшевый Могвай,Peluche di Mogwai,魔怪絨毛玩偶,魔怪毛绒玩具,모그와이 인형,Pluszak Mogwai,Плюшевий Могвай,Mogwai Knuffel,Mogwai Peluşu
L_DEC_MUMMYPLUSH2,,Mummy Plush (2),マミーぬいぐるみ (2),Mumien-Plüsch (2),Peluche de Momie (2),Peluche de Momia (2),Pelúcia de Múmia (2),Плюшевая Мумия (2),Peluche di Mummia (2),木乃伊玩偶 (2),木乃伊毛绒玩具（2）,미라 인형 (2),Pluszowa Mumia (2),Плюшева мумія (2),Mummie Knuffel (2),Mumya Peluşu (2)
L_DEC_MYTHICANTPLUSH,,Mythicant Plush,ミシカントぬいぐるみ,Mythicant-Plüschtier,Peluche Mythicant,Peluche de Mythicant,Pelúcia Mythicant,Плюшевый Мификант,Peluche Mythicant,神話幻境絨毛玩偶,神话毛绒玩具,미시칸트 인형,Pluszak Mythicant,Плюшевий Міфікант,Mythicant Knuffel,Efsanevi Peluş
L_DEC_NEPHILIMPLUSH,,Nephilim Plush,ネフィリムのぬいぐるみ,Nephilim-Plüschtier,Peluche de Néphilim,Peluche de Nefilim,Pelúcia de Nephilim,Плюшевый Нефилим,Peluche di Nephilim,涅菲利姆絨毛玩偶,堕落者毛绒玩具,네피림 인형,Pluszowy Nefilim,Плюшевий Нефілім,Nephilim Knuffel,Nefilim Peluş
L_DEC_NIHILISTPLUSH,,Nihilist Plush,ニヒリストぬいぐるみ,Nihilisten-Plüsch,Peluche Nihiliste,Peluche Nihilista,Pelúcia Niilista,Плюшевый Нигилист,Peluche Nichilista,虛無主義絨毛玩偶,虚无论者毛绒玩具,허무주의자 인형,Pluszowy Nihilista,Плюшевий Нігіліст,Nihilistische Knuffel,Nihilist Peluş
L_DEC_OPHANPLUSH2,,Ophan Plush 2,オーファン・ぬいぐるみ 2,Ophan-Plüschtier 2,Peluche d'Ophan 2,Peluche de Ophan 2,Pelúcia de Ophan 2,Плюшевый Офан 2,Peluche di Ophan 2,奧凡絨毛玩偶 2,座天使毛绒玩具2,오판 인형 2,Pluszowy Ophan 2,Плюшевий Офан 2,Ophan Knuffel 2,Ophan Peluş 2
L_DEC_PANDEMONIUMKINGPLUSH,,Pandemonium King Plush,パンデモニウムキングぬいぐるみ,Plüsch-Pandemoniumkönig,Peluche du Roi du Pandémonium,Rey del Pandemonio de Peluche,Pelúcia do Rei do Pandemônio,Плюшевый Король Пандемониума,Re del Pandemonio Peluche,混沌王絨毛玩偶,混乱之王毛绒玩具,판데모니움 왕 인형,Pluszak Króla Pandemonium,Плюшевий Король Пандемоніуму,Pandemonium Koning Knuffel,Pandemonium Kralı Peluş
L_DEC_PANDEMONIUMQUEENPLUSH,,Pandemonium Queen Plush,パンデモニウムの女王ぬいぐるみ,Plüsch-Pandemoniumkönigin,Peluche de la Reine du Pandémonium,Peluche de la Reina del Pandemonio,Pelúcia da Rainha do Pandemônio,Плюшевая Королева Пандемониума,Regina del Pandemonio Peluche,混沌女王絨毛玩偶,混乱女王毛绒玩具,혼돈의 여왕 인형,Pluszowa Królowa Pandemonium,Плюшева Королева Пандемоніуму,Pandemonium Koningin Knuffel,Pandemonium Kraliçesi Peluş
L_DEC_PANDORA'SBOXPLUSH,,Pandora's Box Plush,パンドラの箱のぬいぐるみ,Pandoras Box Plüschtier,Peluche de la Boîte de Pandore,Peluche de la Caja de Pandora,Pelúcia da Caixa de Pandora,Плюшевый ящик Пандоры,Peluche della Scatola di Pandora,潘朵拉的盒子玩偶,潘多拉魔盒毛绒玩具,판도라의 상자 인형,Pluszowe Pudełko Pandory,Плюшева Скринька Пандори,Pandora's Box Knuffel,Pandora'nın Kutusu Peluşu
L_DEC_PARAGONPLUSH2,,Paragon Plush (2),パラゴンぬいぐるみ (2),Paragon-Plüsch (2),Peluche Parangon (2),Peluche Ejemplar (2),Pelúcia Exemplar (2),Плюшевый Образец (2),Peluche Esemplare (2),典範絨毛玩偶 (2),典范毛绒玩具（2）,모범생 인형 (2),Pluszak Wzorca (2),Плюшевий Зразок (2),Paragon Knuffel (2),Örnek Peluş (2)
L_DEC_PITWORMPLUSH2,,Pit Worm Plush (2),ピットワームのぬいぐるみ (2),Grubenwurm-Plüschtier (2),Peluche de Ver des Fosses (2),Peluche de Gusano de Fosa (2),Pelúcia de Verme do Poço (2),Плюшевый Червь из Ямы (2),Peluche di Verme della Fossa (2),坑蟲絨毛玩偶 (2),深坑蠕虫毛绒玩具（2）,구덩이 벌레 인형 (2),Pluszowy Robak z Dołu (2),Плюшевий Ямний Черв'як (2),Putwormpluche (2),Çukur Kurdu Peluşu (2)
L_DEC_PLAGUEDOCTORPLUSH2,,Plague Doctor Plush (2),ペスト医師のぬいぐるみ (2),Pestdoktor-Plüsch (2),Peluche de Médecin de la Peste (2),Peluche de Médico de la Peste (2),Pelúcia de Médico da Peste (2),Плюшевый Чумной Доктор (2),Peluche del Medico della Peste (2),瘟疫醫生玩偶 (2),瘟疫医生毛绒玩具（2）,역병 의사 인형 (2),Pluszowy Doktor Dżumy (2),Плюшевий Чумний Лікар (2),Pestdokter Knuffel (2),Veba Doktoru Peluş (2)
L_DEC_PRIESTPLUSH2,,Priest Plush (2),プリースト・プラッシュ (2),Priester-Plüsch (2),Peluche de Prêtre (2),Peluche de Sacerdote (2),Pelúcia de Sacerdote (2),Плюшевый Жрец (2),Peluche del Sacerdote (2),神父絨毛玩偶 (2),祭司毛绒玩具（2）,사제 인형 (2),Pluszowy Kapłan (2),Плюшевий Священик (2),Priesterpop (2),Rahip Peluşu (2)
L_DEC_PURRGHASTPLUSH,,Purrghast Plush,プルガスト・ぬいぐるみ,Purrghast-Plüschtier,Peluche Miaoufantôme,Peluche de Purrghast,Pelúcia de Purrghast,Плюшевый Мяугост,Peluche di Purrghast,幽靈貓絨毛玩偶,魂猫毛绒玩具,퍼거스트 인형,Pluszak Purrghast,Плюшевий Муркопривид,Purrghast Knuffel,Pırrıhayalet Peluş
L_DEC_RAVENPLUSH2,,Raven Plush (2),レイヴンのぬいぐるみ (2),Rabenpuppe (2),Peluche de Corbeau (2),Peluche de Cuervo (2),Pelúcia de Corvo (2),Плюшевый Ворон (2),Peluche di Corvo (2),烏鴉絨毛玩偶 (2),渡鸦毛绒玩具（2）,까마귀 인형 (2),Pluszowy Kruk (2),Плюшевий Ворон (2),Ravenpluche (2),Kuzgun Peluşu (2)
L_DEC_REAPERPLUSH2,,Reaper Plush (2),リーパーのぬいぐるみ (2),Sensenmann-Plüsch (2),Peluche de Faucheur (2),Peluche de Segador (2),Pelúcia de Ceifador (2),Плюшевый Жнец (2),Peluche del Mietitore (2),死神絨毛玩偶 (2),收割者毛绒玩具（2）,사신 인형 (2),Pluszowy Żniwiarz (2),Плюшевий Жнець (2),Maaimachine Knuffel (2),Ölüm Meleği Peluşu (2)
L_DEC_REVENANTPLUSH2,,Revenant Plush (2),レヴナントのぬいぐるみ (2),Revenant-Plüschtier (2),Peluche de Revenant (2),Peluche de Aparecido (2),Pelúcia de Espectro (2),Плюшевый Ревенант (2),Peluche di Spettro (2),亡靈玩偶 (2),复生者毛绒玩具（2）,망령 인형 (2),Pluszowy Upiór (2),Плюшевий Примарник (2),Revenant Knuffel (2),Hayalet Peluş (2)
L_DEC_RIDDLEDWARFPLUSH,,Riddle Dwarf Plush,リドル・ドワーフのぬいぐるみ,Rätselzwerg-Plüsch,Peluche de Nain Énigmatique,Peluche de Enano Enigmático,Pelúcia de Anão Enigmático,Плюшевый Гном-Загадка,Peluche di Nano Enigmatico,謎語矮人玩偶,谜语矮人毛绒玩具,수수께끼 드워프 인형,Pluszowy Krasnolud Zagadka,Плюшевий Гном-Загадка,Raadsel Dwerg Knuffel,Bilmece Cüce Peluşu
L_DEC_RIFTDANCERPLUSH2,,Rift Dancer Plush (2),リフトダンサーのぬいぐるみ (2),Riss-Tänzer Plüschtier (2),Peluche de Danseur des Failles (2),Peluche de Bailarín de Grieta (2),Pelúcia de Dançarino das Fendas (2),Плюшевый Танцор Разлома (2),Peluche del Danzatore del Varco (2),裂隙舞者玩偶 (2),裂隙舞者毛绒玩具（2）,균열 무용수 인형 (2),Pluszak Tancerza Szczelin (2),Плюшевий Танцюрист Розломів (2),Riftdanser Knuffel (2),Yarık Dansçısı Peluş (2)
L_DEC_SALAMANDERPLUSH2,,Salamander Plush (2),サラマンダーのぬいぐるみ (2),Salamander-Plüschtier (2),Peluche de Salamandre (2),Peluche de Salamandra (2),Pelúcia de Salamandra (2),Плюшевая Саламандра (2),Peluche di Salamandra (2),火蜥蜴玩偶 (2),蝾螈毛绒玩具（2）,샐러맨더 인형 (2),Pluszowy Salamander (2),Плюшева Саламандра (2),Salamander Knuffel (2),Semender Peluş (2)
L_DEC_SANCTUSPLUSH2,,Sanctus Plush (2),サンクタスぬいぐるみ (2),Sanctus Plüschtier (2),Peluche Sanctus (2),Peluche Sanctus (2),Pelúcia Sanctus (2),Плюшевый Санктус (2),Peluche Sanctus (2),聖潔絨毛玩偶 (2),圣灵毛绒玩具（2）,성스러운 인형 (2),Pluszowy Sanctus (2),Священний Плюш (2),Sanctus Knuffel (2),Kutsal Peluş (2)
L_DEC_SEASHAMBLERPLUSH2,,Sea Shambler Plush (2),シーシャンブラーのぬいぐるみ (2),Meeresschlurfer-Plüschtier (2),Peluche de Traîneur des Mers (2),Peluche de Vagabundo Marino (2),Pelúcia de Cambaleante do Mar (2),Плюшевый Морской Шатун (2),Peluche di Vagabondo Marino (2),海洋蹣跚者玩偶 (2),海洋蹒跚者毛绒玩具（2）,바다 비틀이 인형 (2),Pluszak Morskiego Włóczęgi (2),Плюшевий Морський Блукач (2),Zeezwerver Knuffel (2),Deniz Sürükleyicisi Peluş (2)
L_DEC_SERAPHPLUSH2,,Seraph Plush (2),セラフぬいぐるみ (2),Seraph-Plüschtier (2),Peluche Séraphin (2),Peluche de Serafín (2),Pelúcia de Serafim (2),Плюшевый Серафим (2),Peluche di Serafino (2),熾天使絨毛玩偶 (2),炽天使毛绒玩具（2）,세라프 인형 (2),Pluszowy Seraf (2),Плюшевий Серафим (2),Serafijn Knuffel (2),Seraf Peluşu (2)
L_DEC_SHADEPLUSH2,,Shade Plush (2),シェイドのぬいぐるみ (2),Schatten-Plüsch (2),Peluche d'Ombre (2),Peluche de Sombra (2),Pelúcia de Sombra (2),Плюшевая Тень (2),Peluche d'Ombra (2),暗影絨毛玩偶 (2),阴影毛绒玩具（2）,그림자 인형 (2),Pluszowy Cień (2),Тіньова М'яка Іграшка (2),Schaduw Knuffel (2),Gölge Peluş (2)
L_DEC_SHADOWPLUSH2,,Shadow Plush (2),シャドウぬいぐるみ (2),Schatten-Plüsch (2),Peluche d'Ombre (2),Peluche de Sombra (2),Pelúcia de Sombra (2),Теневая Игрушка (2),Peluche d'Ombra (2),暗影絨毛玩偶 (2),暗影毛绒玩具（2）,그림자 인형 (2),Pluszowy Cień (2),Тіньова М'яка Іграшка (2),Schaduw Knuffel (2),Gölge Peluş (2)
L_DEC_SIRENPLUSH2,,Siren Plush (2),サイレンのぬいぐるみ (2),Sirenen-Plüschtier (2),Peluche de Sirène (2),Peluche de Sirena (2),Pelúcia de Sereia (2),Плюшевая Сирена (2),Peluche di Sirena (2),海妖玩偶 (2),海妖毛绒玩具（2）,사이렌 인형 (2),Pluszowa Syrena (2),Плюшева Сирена (2),Sirenenpop (2),Siren Peluşu (2)
L_DEC_SLIMEPLUSH2,,Slime Plush (2),スライムのぬいぐるみ (2),Schleimplüschtier (2),Peluche de Slime (2),Peluche de Limo (2),Pelúcia de Slime (2),Плюшевый Слизень (2),Peluche di Slime (2),史萊姆玩偶 (2),史莱姆毛绒玩具（2）,슬라임 인형 (2),Pluszowy Szlam (2),Плюшевий слиз (2),Slijm Knuffel (2),Balçık Peluş (2)
L_DEC_SNAPTRAPPLUSH2,,Snaptrap Plush (2),スナップトラップのぬいぐるみ (2),Schnappfallen-Plüschtier (2),Peluche Piège-Éclair (2),Peluche de Cepotrampas (2),Pelúcia de Armadilha (2),Плюшевая Ловушка (2),Peluche Trappola (2),捕捉陷阱玩偶 (2),捕噬草毛绒玩具（2）,스냅트랩 인형 (2),Pluszowy Potrzask (2),Плюшева Пастка (2),Klapvalknuffel (2),Kapan Peluşu (2)
L_DEC_SOULFLAYERPLUSH2,,Soulflayer Plush (2),ソウルフレイヤーのぬいぐるみ (2),Seelenschinder-Plüschtier (2),Peluche d'Écorcheur d'Âmes (2),Peluche de Desollador de Almas (2),Pelúcia de Esfolador de Almas (2),Плюшевый Пожиратель Душ (2),Peluche del Divoratore di Anime (2),靈魂剝奪者玩偶 (2),夺魂者毛绒玩具（2）,영혼약탈자 인형 (2),Pluszowy Pożeracz Dusz (2),Плюшевий Пожирач Душ (2),Zielenviller Knuffel (2),Ruhyüzücü Peluş (2)
L_DEC_SPARKTAILPLUSH2,,Sparktail Plush (2),スパークテイルのぬいぐるみ (2),Funkenflossplüsch (2),Peluche Queue-étincelle (2),Peluche de Colabrillo (2),Pelúcia de Cauda Faiscante (2),Плюшевый Искрохвост (2),Peluche Codascintilla (2),火花尾絨毛玩偶 (2),闪尾毛绒玩具（2）,스파크테일 인형 (2),Pluszowy Iskroogon (2),Плюшевий Іскрохвіст (2),Vonkstaart Knuffel (2),Kıvılcım Kuyruklu Peluş (2)
L_DEC_SPELLMANEPLUSH,,Spellmane Plush,スペルメインのぬいぐるみ,Zaubermähnen-Plüschtier,Peluche de Crinière Magique,Peluche de Hechizocrin,Pelúcia de Crinefeitiço,Плюшевый Чаромаг,Peluche di Spellmane,法獸絨毛玩偶,魔鬃兽毛绒玩具,마법갈기 인형,Pluszowy Czarogrzywiarz,Плюшевий Чаромаг,Toversierpluis,Büyücü Aslan Peluşu
L_DEC_SPHINXPLUSH2,,Sphinx Plush (2),スフィンクスのぬいぐるみ (2),Sphinx-Plüschtier (2),Peluche de Sphinx (2),Peluche de Esfinge (2),Pelúcia de Esfinge (2),Плюшевый Сфинкс (2),Peluche di Sfinge (2),獅身人面像絨毛玩偶 (2),斯芬克斯毛绒玩具（2）,스핑크스 인형 (2),Pluszowy Sfinks (2),Плюшевий Сфінкс (2),Sfinx Knuffel (2),Sfenks Peluş (2)
L_DEC_SPIRITPLUSH2,,Spirit Plush (2),スピリットぬいぐるみ (2),Geistplüsch (2),Peluche Spirituelle (2),Peluche Espiritual (2),Pelúcia Espiritual (2),Плюшевый Дух (2),Peluche Spirituale (2),靈魂絨毛玩偶 (2),幽灵毛绒玩具（2）,영혼 인형 (2),Pluszowy Duch (2),Плюшевий Дух (2),Geestknuffel (2),Ruh Peluşu (2)
L_DEC_STAGPLUSH2,,Stag Plush (2),シカのぬいぐるみ (2),Hirschplüsch (2),Peluche de Cerf (2),Peluche de Ciervo (2),Pelúcia de Cervo (2),Плюшевый олень (2),Peluche di Cervo (2),鹿玩偶 (2),雄鹿毛绒玩具（2）,사슴 인형 (2),Pluszowy Jeleń (2),Плюшевий олень (2),Hertenpluche (2),Geyik Peluş (2)
L_DEC_STORMPLUSH2,,Storm Plush (2),ストームぬいぐるみ (2),Sturm-Plüschtier (2),Peluche Tempête (2),Peluche de Tormenta (2),Pelúcia de Tempestade (2),Плюшевая Буря (2),Peluche Tempesta (2),風暴絨毛玩偶 (2),风暴毛绒玩具（2）,폭풍 인형 (2),Pluszowa Burza (2),Плюшева Буря (2),Storm Plush (2),Fırtına Peluşu (2)
L_DEC_TANUKROOKPLUSH,,Tanukrook Plush,タヌクルークのぬいぐるみ,Tanukrook-Plüschtier,Peluche Tanukrook,Peluche de Tanukrook,Pelúcia de Tanukrook,Плюшевый Танукрук,Peluche di Tanukrook,狸貍精玩偶,森林恐魔毛绒玩具,타누크룩 인형,Pluszowy Tanukrook,Плюшевий Танукрук,Tanukrook Knuffel,Tanukrook Peluşu
L_DEC_THYLACINEPLUSH,,Thylacine Plush,サイラシンのぬいぐるみ,Beutelwolf-Plüschtier,Peluche de Thylacine,Peluche de Tilacino,Pelúcia de Tilacino,Плюшевый Тилацин,Peluche di Tilacino,袋狼玩偶,袋狼毛绒玩具,타즈매니아 타이거 인형,Pluszowy Tygrys Tasmański,Плюшевий тилацин,Buidelwolf Knuffel,Keseli Kurt Peluşu
L_DEC_TREMORPLUSH2,,Tremor Plush (2),トレマー・ぬいぐるみ (2),Tremor-Plüschtier (2),Peluche Séisme (2),Peluche de Temblor (2),Pelúcia de Tremor (2),Плюшевый Тремор (2),Peluche Tremor (2),震顫絨毛玩偶 (2),颤地兽毛绒玩具（2）,진동 인형 (2),Pluszowy Wstrząs (2),Плюшевий Тремор (2),Tremor Knuffel (2),Sarsıntı Peluşu (2)
L_DEC_UNGUIDEDPLUSH2,,Unguided Plush (2),アンガイデッド・プラッシュ (2),Ungeführter Plüsch (2),Peluche Sans Guide (2),Peluche sin guía (2),Pelúcia Não-Guiada (2),Неуправляемый Плюш (2),Peluche Senza Guida (2),無導向絨毛 (2),放逐者毛绒玩具（2）,무지향성 봉제인형 (2),Nieprowadzony Pluszak (2),Некерований Плюш (2),Onbegeleide Knuffel (2),Rehbersiz Peluş (2)
L_DEC_UNICORNPLUSH2,,Unicorn Plush (2),ユニコーンのぬいぐるみ (2),Einhorn-Plüschtier (2),Peluche de Licorne (2),Peluche de Unicornio (2),Pelúcia de Unicórnio (2),Плюшевый единорог (2),Peluche di Unicorno (2),獨角獸玩偶 (2),独角兽毛绒玩具（2）,유니콘 인형 (2),Pluszowy Jednorożec (2),Плюшевий єдиноріг (2),Eenhoorn Knuffel (2),Tek Boynuzlu At Peluşu (2)
L_DEC_URALOSPLUSH,,Uralos Plush,ウラロスのぬいぐるみ,Uralos-Plüschtier,Peluche d'Uralos,Peluche de Uralos,Pelúcia de Uralos,Плюшевый Уралос,Peluche di Uralos,烏拉洛斯絨毛玩偶,熊人毛绒玩具,우랄로스 인형,Pluszowy Uralos,Плюшевий Уралос,Uralos Knuffel,Uralos Peluş
L_DEC_VALKYRIEPLUSH2,,Valkyrie Plush (2),ヴァルキリーのぬいぐるみ (2),Walküren-Plüschtier (2),Peluche de Valkyrie (2),Peluche de Valquiria (2),Pelúcia de Valquíria (2),Плюшевая Валькирия (2),Peluche di Valchiria (2),女武神玩偶 (2),女武神毛绒玩具（2）,발키리 인형 (2),Pluszowa Walkiria (2),Плюшева Валькірія (2),Walkure Knuffel (2),Valkyrie Peluş (2)
L_DEC_VOIDLORDPLUSH2,,Voidlord Plush (2),ヴォイドロードのぬいぐるみ (2),Nichtsherr-Plüschtier (2),Peluche de Seigneur du Néant (2),Peluche de Señor del Vacío (2),Pelúcia de Senhor do Vazio (2),Плюшевый Повелитель Пустоты (2),Peluche del Signore del Vuoto (2),虛空領主絨毛玩偶 (2),虚空领主毛绒玩具（2）,공허군주 인형 (2),Pluszowy Władca Pustki (2),Плюшевий Володар Порожнечі (2),Leegheerknuffel (2),Boşluk Lordu Peluş (2)
L_DEC_VULPESPLUSH2,,Vulpes Plush (2),ウルペスのぬいぐるみ (2),Vulpes-Plüschtier (2),Peluche de Renard (2),Peluche de Vulpes (2),Pelúcia de Raposa (2),Плюшевая лисица (2),Peluche di Volpe (2),狐狸絨毛玩偶 (2),灵狐毛绒玩具（2）,여우 인형 (2),Pluszowy Lis (2),Плюшевий лис (2),Vossen Knuffel (2),Tilki Peluşu (2)
L_DEC_YETIPLUSH2,,Yeti Plush (2),イエティのぬいぐるみ (2),Yeti-Plüschtier (2),Peluche de Yéti (2),Peluche de Yeti (2),Pelúcia de Yeti (2),Плюшевый Йети (2),Peluche di Yeti (2),雪怪玩偶 (2),雪怪毛绒玩具（2）,예티 인형 (2),Pluszowy Yeti (2),Плюшевий Єті (2),Yeti Knuffel (2),Yeti Peluşu (2)
L_DEC_ABOMINATIONPLUSH2,,Abomination Plush (2),アボミネーションぬいぐるみ (2),Abscheulichkeits-Plüsch (2),Peluche d'Abomination (2),Peluche de Abominación (2),Pelúcia de Abominação (2),Плюшевая Мерзость (2),Peluche dell'Abominio (2),憎惡玩偶 (2),憎恶毛绒玩具（2）,혐오생물 인형 (2),Pluszowy Abominacja (2),Плюшева Мерзота (2),Gruwelmonster Knuffel (2),Ucube Peluş (2)
L_DEC_ALEMENTALPLUSH2,,Alemental Plush (2),アレメンタルぬいぐるみ (2),Alemental-Plüschtier (2),Peluche Alémentale (2),Peluche Alemental (2),Pelúcia Alemental (2),Алементальная Игрушка (2),Peluche Alementale (2),元素精靈玩偶 (2),酒灵毛绒玩具（2）,알레멘탈 인형 (2),Pluszak Alementalny (2),Алементальна м'яка іграшка (2),Alemental Knuffel (2),Alemental Peluş (2)
L_DEC_POTIONSHELF,,Potion Shelf,ポーション棚,Trankregal,Étagère à Potions,Estante de Pociones,Prateleira de Poções,Полка с зельями,Scaffale di Pozioni,藥水架,药水架,물약 선반,Półka na Mikstury,Полиця зілля,Drankjesplank,İksir Rafı
L_DEC_SEASHAMBLERFOUNTAIN,,Sea Shambler Fountain,海の彷徨者の泉,Meeresschlurfer-Brunnen,Fontaine du Vagabond des Mers,Fuente del Vagabundo Marino,Fonte do Vagante do Mar,Фонтан Морского Шатуна,Fontana del Vagabondo Marino,海洋蹣跚者噴泉,海洋蹒跚者喷泉,바다 비틀거리는 자 분수대,Fontanna Morskiego Włóczęgi,Фонтан Морського Блукача,Zeezwerver Fontein,Deniz Sürükleyicisi Çeşmesi
L_DEC_SUSPICIOUSGARGOYLESTATUE,,Suspicious Gargoyle Statue,怪しいガーゴイル像,Verdächtige Gargoylenfigur,Statue de Gargouille Suspecte,Estatua de Gárgola Sospechosa,Estátua de Gárgula Suspeita,Подозрительная Статуя Горгульи,Statua di Gargoyle Sospetta,可疑的石像鬼雕像,可疑的滴水兽雕像,수상한 가고일 석상,Podejrzany Posąg Gargulca,Підозріла Статуя Гаргуйля,Verdachtig Gargouille Standbeeld,Şüpheli Gargoyle Heykeli
L_DEC_DRIFTERTHESAMURAIFOX,,Drifter the Samurai Fox,漂流者 狐侍,Drifter der Samurai-Fuchs,Drifter le Renard Samouraï,Drifter el Zorro Samurái,Drifter o Raposo Samurai,Дрифтер Самурай-Лис,Drifter la Volpe Samurai,浪人狐狸劍客,武士狐漂泊者,방랑자 사무라이 여우,Drifter Samurajski Lis,Дріфтер Лис-Самурай,Drifter de Samoerai Vos,Gezgin Samuray Tilki
L_DEC_SWARMINGSTATUE,,Swarming Statue,群がる像,Schwärmende Statue,Statue Grouillante,Estatua Enjambrante,Estátua Enxameante,Роящаяся Статуя,Statua Sciamante,蜂擁雕像,蜂拥雕像,떼지어 몰려드는 석상,Rojąca się Statua,Статуя Роїння,Zwermend Standbeeld,Sürü Heykeli
L_DEC_BASICBOOKSHELF,,Basic Bookshelf,基本的な本棚,Einfaches Bücherregal,Bibliothèque Basique,Estantería Básica,Estante Básica,Простой книжный шкаф,Libreria Base,基本書架,基础书架,기본 책장,Podstawowa Biblioteczka,Проста книжкова полиця,Eenvoudige Boekenkast,Basit Kitaplık
L_DEC_GRIMBOOKSHELF,,Grim Bookshelf,不気味な本棚,Düsteres Bücherregal,Bibliothèque Sinistre,Estantería Sombría,Estante Sinistra,Мрачный книжный шкаф,Libreria Tetra,陰森書架,阴森书架,음산한 책장,Ponura Biblioteczka,Похмура книжкова полиця,Grimmige Boekenkast,Kasvetli Kitaplık
L_DEC_PRISTINEBOOKSHELF,,Pristine Bookshelf,手入れの行き届いた本棚,Makelloses Bücherregal,Bibliothèque Immaculée,Estantería Impecable,Estante Imaculada,Безупречный книжный шкаф,Libreria Immacolata,完好無損的書架,崭新的书架,깨끗한 책장,Nieskazitelny Regał na Książki,Бездоганна книжкова полиця,Onberispelijke Boekenkast,Kusursuz Kitaplık
L_DEC_ARCANEBOOKSHELF,,Arcane Bookshelf,魔法の本棚,Arkanes Bücherregal,Bibliothèque Arcanique,Estantería Arcana,Estante Arcana,Магическая Книжная Полка,Libreria Arcana,奧術書架,奥术书架,신비한 책장,Tajemnicza Biblioteczka,Магічна книжкова полиця,Arcane Boekenplank,Büyülü Kitaplık
L_DEC_BEES!,,Bees!,ハチ！,Bienen!,Abeilles !,¡Abejas!,Abelhas!,Пчёлы!,Api!,蜜蜂！,蜜蜂！,벌!,Pszczoły!,Бджоли!,Bijen!,Arılar!
L_DEC_BALANCINGACT,,Balancing Act,バランシングアクト,Balanceakt,Jeu d'équilibre,Acto de Equilibrio,Ato de Equilíbrio,Балансировка,Gioco di Equilibrio,平衡之術,平衡之术,균형 잡기,Balansowanie,Балансування,Balanceeract,Denge Oyunu
L_DEC_BRAINSANDBRAWN,,Brains and Brawn,知力と腕力,Köpfchen und Muskeln,Cervelle et Muscles,Cerebro y Músculo,Cérebro e Força,Мозги и Мускулы,Cervello e Muscoli,智慧與蠻力,智勇双全,지능과 힘,Mózg i Mięśnie,Розум та Сила,Hersenen en Spierkracht,Akıl ve Kuvvet
L_DEC_FOOD/WATERBOWLS,,Food/Water Bowls,フード/ウォーターボウル,Futter-/Wassernäpfe,Gamelles/Bols d'eau,Cuencos de Comida/Agua,Tigelas de Comida/Água,Миски для еды/воды,Ciotole per Cibo/Acqua,食物/水碗,食槽/水碗,음식/물 그릇,Miski na Jedzenie/Wodę,Миски для їжі/води,Voedsel-/Waterbakken,Yemek/Su Kapları
L_DEC_IDLEWASPID,,Idle Waspid,休眠ワスピド,Untätige Wespide,Waspid inactif,Waspid Inactivo,Vespídeo Ocioso,Праздный Оспид,Waspide Inattivo,閒置蜂蟲,悠闲黄蜂,게으른 와스피드,Bezczynny Waspid,Бездіяльний Оспід,Inactieve Waspid,Boş Yaban Arısı
L_DEC_LOAFINGMANTICORE,,Loafing Manticore,怠けるマンティコア,Faulenzender Mantikor,Manticore Fainéant,Mantícora Holgazana,Mantícora Preguiçosa,Ленивая Мантикора,Manticora Indolente,懶散蠍獅,懒散蝎狮,게으른 만티코어,Leniwy Mantykora,Ледачий Мантикор,Luierende Manticore,Tembel Mantikor
L_DEC_BEEHIVE,,Beehive,ハチの巣,Bienenstock,Ruche,Colmena,Colmeia,Улей,Alveare,蜂巢,蜂巢,벌집,Ul,Вулик,Bijenkorf,Arı Kovanı
L_DEC_RUBBERCOCKATRICE,,Rubber Cockatrice,ゴムのコカトリス,Gummi-Cockatrice,Cocatrice en Caoutchouc,Cocatriz de Goma,Cocatrice de Borracha,Резиновый Василиск,Cockatrice di Gomma,橡膠雞蛇,橡胶鸡蛇,고무 콕카트리스,Gumowy Bazyliszek,Гумовий Василіск,Rubberen Cockatrice,Lastik Cockatrice
L_DEC_SALADPLATTER,,Salad Platter,サラダプレート,Salatplatte,Plateau de Salade,Plato de Ensalada,Prato de Salada,Овощная тарелка,Piatto di Insalata,沙拉拼盤,沙拉拼盘,샐러드 플래터,Talerz Sałatkowy,Салатна тарілка,Saladeschotel,Salata Tabağı
L_DEC_SIMPLECABINET,,Simple Cabinet,シンプルな棚,Einfacher Schrank,Armoire Simple,Gabinete Simple,Armário Simples,Простой шкаф,Armadietto Semplice,簡易櫃子,简易储物柜,간단한 캐비닛,Prosta Szafka,Проста шафа,Eenvoudige Kast,Basit Dolap
L_DEC_SLEEPINGBAT,,Sleeping Bat,眠りコウモリ,Schlafende Fledermaus,Chauve-souris endormie,Murciélago Dormido,Morcego Adormecido,Спящая летучая мышь,Pipistrello Dormiente,沉睡蝙蝠,熟睡的蝙蝠,잠자는 박쥐,Śpiący Nietoperz,Сплячий кажан,Slapende Vleermuis,Uyuyan Yarasa
L_DEC_SLEEPINGCARBUNCLE,,Sleeping Carbuncle,眠れるカーバンクル,Schlafender Karfunkel,Carbuncle Endormi,Carbúnculo Durmiente,Carbúnculo Adormecido,Спящий Карбункул,Carbuncle Dormiente,沉睡的寶石獸,熟睡的宝玉兔,잠자는 카벙클,Śpiący Karbunkuł,Сплячий Карбункул,Slapende Carbuncle,Uyuyan Karbonkül
L_DEC_SLEEPINGCARVER,,Sleeping Carver,眠れる彫刻師,Schlafender Schnitzer,Sculpteur Endormi,Tallador Durmiente,Entalhador Adormecido,Спящий Резчик,Intagliatore Dormiente,沉睡的雕刻師,熟睡的切割者,잠자는 조각가,Śpiący Rzeźbiarz,Сплячий Різьбяр,Slapende Houtsnijder,Uyuyan Oymacı
L_DEC_SLEEPINGDRAGON,,Sleeping Dragon,眠れる竜,Schlafender Drache,Dragon Dormant,Dragón Durmiente,Dragão Adormecido,Спящий Дракон,Drago Dormiente,沉睡之龍,熟睡的龙,잠자는 용,Śpiący Smok,Сплячий Дракон,Slapende Draak,Uyuyan Ejderha
L_DEC_SLEEPINGDUMPLING,,Sleeping Dumpling,眠れる餃子,Schlafender Knödel,Dumpling Endormi,Dumpling Durmiente,Bolinho Adormecido,Спящий Пельмень,Gnocco Dormiente,睡眠水餃,熟睡的团子,잠자는 만두,Śpiący Pieróg,Сонна Пельмешка,Slapende Dumpling,Uyuyan Mantı
L_DEC_SLEEPINGFAMILIAR,,Sleeping Familiar,眠れる使い魔,Schlafender Vertrauter,Familier Endormi,Familiar Durmiente,Familiar Adormecido,Спящий фамильяр,Famiglio Dormiente,沉睡的魔寵,熟睡的使魔,잠자는 사역마,Śpiący Chowaniec,Сплячий фамільяр,Slapende Vertrouweling,Uyuyan Yoldaş
L_DEC_SLEEPINGFIEND,,Sleeping Fiend,眠れる魔物,Schlafender Unhold,Démon Dormant,Demonio Durmiente,Demônio Adormecido,Спящий Изверг,Demone Dormiente,沉睡魔物,熟睡的恶鬼,잠자는 마귀,Śpiący Demon,Сплячий Демон,Slapende Duivel,Uyuyan İblis
L_DEC_SLEEPINGHOUND,,Sleeping Hound,眠れる猟犬,Schlafender Hund,Chien Dormant,Sabueso Durmiente,Cão Adormecido,Спящий Пёс,Segugio Dormiente,沉睡獵犬,熟睡的猎犬,잠자는 사냥개,Śpiący Ogar,Сплячий Пес,Slapende Hond,Uyuyan Tazı
L_DEC_SLEEPINGHUNTER,,Sleeping Hunter,眠れる狩人,Schlafender Jäger,Chasseur Endormi,Cazador Durmiente,Caçador Adormecido,Спящий Охотник,Cacciatore Dormiente,沉睡的獵人,熟睡的猎手,잠자는 사냥꾼,Śpiący Łowca,Сплячий Мисливець,Slapende Jager,Uyuyan Avcı
L_DEC_SLEEPINGLEPER,,Sleeping Leper,眠れる癩者,Schlafender Aussätziger,Lépreux Endormi,Leproso Durmiente,Leproso Adormecido,Спящий Прокажённый,Lebbroso Dormiente,沉睡的痲瘋病患,熟睡的麻风怪,잠자는 나병환자,Śpiący Trędowaty,Сплячий Прокажений,Slapende Melaatse,Uyuyan Cüzzamlı
L_DEC_SLEEPINGOPHAN,,Sleeping Ophan,眠れるオーファン,Schlafender Ophan,Ophan Endormi,Ophan Durmiente,Ophan Adormecido,Спящий Офан,Ophan Dormiente,沉睡的奧芬,熟睡的座天使,잠자는 오판,Śpiący Ophan,Сплячий Орфан,Slapende Ophan,Uyuyan Ophan
L_DEC_SLEEPINGSPARKTAIL,,Sleeping Sparktail,眠れるスパークテイル,Schlafender Funkenschwanz,Queue de Foudre Endormie,Sparktail Durmiente,Cauda Faiscante Adormecida,Спящий Искрохвост,Sparktail Dormiente,沉睡的火尾,熟睡的闪尾,잠자는 스파크테일,Śpiący Iskrogon,Сплячий Іскрохвіст,Slapende Vonkstaart,Uyuyan Kıvılcımkuyruk
L_DEC_SLEEPINGWARHOG,,Sleeping Warhog,眠れる戦猪,Schlafender Kriegseber,Warhog Dormant,Jabalí de Guerra Durmiente,Javali de Guerra Adormecido,Спящий Боевой Кабан,Cinghiale da Guerra Dormiente,沉睡戰豬,熟睡的战猪,잠자는 워호그,Śpiący Warchlak,Сплячий Бойовий Кабан,Slapende Oorlogszwijn,Uyuyan Savaşdomuzu
L_DEC_SLEEPINGWATCHER,,Sleeping Watcher,眠れる監視者,Schlafender Wächter,Veilleur Endormi,Vigilante Durmiente,Vigia Adormecido,Спящий Страж,Guardiano Dormiente,沉睡守望者,熟睡的观察者,잠자는 감시자,Śpiący Obserwator,Сплячий Спостерігач,Slapende Wachter,Uyuyan Gözcü
L_DEC_SLEEPINGWISP,,Sleeping Wisp,眠れる魂火,Schlafender Irrwisch,Lueur Dormante,Fuego Fatuo Durmiente,Wisp Adormecido,Дремлющий Огонек,Spirito Dormiente,沉睡的精靈,熟睡的鬼火,잠자는 위습,Śpiący Ognik,Сонний Віхоть,Slapende Dwaallicht,Uyuyan Ateşböceği
L_DEC_SLEEPINGWOLPERTINGER,,Sleeping Wolpertinger,眠れるヴォルペルティンガー,Schlafender Wolpertinger,Wolpertinger Endormi,Wolpertinger Durmiente,Wolpertinger Adormecido,Спящий вольпертингер,Wolpertinger Dormiente,沉睡的鹿角兔,熟睡的鹿角翼兔,잠자는 볼퍼팅거,Śpiący Wolpertinger,Сплячий Вольпертінгер,Slapende Wolpertinger,Uyuyan Wolpertinger
L_DEC_TRANSPARENTREVENANTFOUNTAIN,,Transparent Revenant Fountain,透明なレヴナントの泉,Transparenter Wiedergänger-Brunnen,Fontaine de Revenant Transparente,Fuente del Espectro Transparente,Fonte do Espectro Transparente,Прозрачный Фонтан Ревенанта,Fontana del Fantasma Trasparente,透明亡靈噴泉,透明复生者喷泉,투명한 망령 분수,Przezroczysta Fontanna Upiora,Прозорий Фонтан Примари,Transparante Geestenfontein,Şeffaf Hayalet Çeşmesi
L_DEC_SNAPTRAPPLANTER,,Snaptrap Planter,スナップトラップ・プランター,Schnappfallen-Pflanzer,Planteur de Piège-Éclair,Plantador de Cepotrampas,Plantador de Armadilha,Сажалка Хлопкоуловителя,Piantatore di Tagliole,捕捉陷阱種植器,捕噬草花盆,덫식물 심기,Sadzarka Zatrzaskowa,Саджалка Клацпастки,Klapvalplanter,Kapan Ekici
L_DEC_CALENDAR,,Calendar,カレンダー,Kalender,Calendrier,Calendario,Calendário,Календарь,Calendario,行事曆,日历,달력,Kalendarz,Календар,Kalender,Takvim
L_DEC_UNLIMITEDBEERFOUNTAIN,,Unlimited Beer Fountain,無限ビール噴水,Unendlicher Bier-Brunnen,Fontaine de Bière Illimitée,Fuente de Cerveza Ilimitada,Fonte de Cerveja Ilimitada,Неиссякаемый Пивной Фонтан,Fontana di Birra Illimitata,無限啤酒噴泉,无限啤酒喷泉,무한 맥주 분수,Nieskończona Fontanna Piwa,Невичерпне Пивне Джерело,Onbeperkte Bierfontein,Sınırsız Bira Çeşmesi
L_DEC_SUMMONINGCIRCLE,,Summoning Circle,召喚陣,Beschwörungskreis,Cercle d'invocation,Círculo de Invocación,Círculo de Invocação,Круг Призыва,Cerchio di Evocazione,召喚法陣,召唤法阵,소환 마법진,Krąg Przyzwania,Коло Виклику,Bezweringscirkel,Çağırma Çemberi
L_DEC_THERE'SNOTHINGTHERE!,,There's Nothing There!,そこには何もない！,Da ist nichts!,Il n'y a rien là !,¡No hay nada ahí!,Não Há Nada Aí!,Там ничего нет!,Non c'è niente lì!,那裡什麼都沒有！,那里什么都没有！,아무것도 없다!,Nic tam nie ma!,Там нічого немає!,Er is niets daar!,Orada Hiçbir Şey Yok!
L_DEC_WORKPLACEHAZARD,,Workplace Hazard,職場の危険,Arbeitsplatzgefahr,Risque professionnel,Riesgo Laboral,Risco Ocupacional,Производственная опасность,Rischio sul Lavoro,工作場所危害,工作危险,작업장 위험,Zagrożenie w Miejscu Pracy,Професійна небезпека,Werkplek Gevaar,İş Yeri Tehlikesi
L_DEC_DECLARATIONOFVICTORY,,Declaration of Victory,勝利宣言,Siegeserklärung,Déclaration de Victoire,Declaración de Victoria,Declaração de Vitória,Объявление Победы,Dichiarazione di Vittoria,勝利宣言,胜利宣言,승리 선언,Deklaracja Zwycięstwa,Декларація Перемоги,Overwinningsverklaring,Zafer Beyannamesi
L_DEC_FINALRESTINGPLACE,,Final Resting Place,最後の安息の地,Letzte Ruhestätte,Dernier Repos,Lugar de Descanso Final,Lugar de Descanso Final,Место Последнего Упокоения,Luogo di Riposo Eterno,最終安息之地,最终安息之地,최후의 안식처,Miejsce Wiecznego Spoczynku,Останній притулок,Laatste Rustplaats,Son Dinlenme Yeri
L_DEC_UNKNOWABLEGESTURE,,Unknowable Gesture,不可知の身振り,Unergründliche Geste,Geste Inconnaissable,Gesto Incognoscible,Gesto Incognoscível,Непостижимый Жест,Gesto Inconoscibile,不可知手勢,不可知手势,알 수 없는 제스처,Niepoznawalny Gest,Незбагненний Жест,Onkenbaar Gebaar,Bilinmez Hareket
L_DEC_GRACEFULBONFIRE,,Graceful Bonfire,優雅な篝火,Anmutiges Lagerfeuer,Feu de Camp Gracieux,Hoguera Elegante,Fogueira Graciosa,Изящный Костер,Falò Aggraziato,優雅篝火,优雅篝火,우아한 모닥불,Wdzięczne Ognisko,Витончене Вогнище,Sierlijk Kampvuur,Zarif Kamp Ateşi
L_DEC_LIVINGSHADOW,,Living Shadow,生きる影,Lebender Schatten,Ombre Vivante,Sombra Viviente,Sombra Viva,Живая Тень,Ombra Vivente,活體暗影,活体暗影,살아있는 그림자,Żywy Cień,Жива Тінь,Levende Schaduw,Yaşayan Gölge
L_DEC_REAGENTSHELF,,Reagent Shelf,試薬棚,Reagenzregal,Étagère à réactifs,Estante de Reactivos,Prateleira de Reagentes,Полка с реагентами,Scaffale dei Reagenti,試劑架,试剂架,시약 선반,Półka na Reagenty,Полиця для реагентів,Reagentiaplank,Reaktif Rafı
L_MUS_BATTLE,,Battle,バトル,Kampf,Combat,Batalla,Batalha,Бой,Battaglia,戰鬥,战斗,전투,Bitwa,Бій,Gevecht,Savaş
L_MUS_GODBATTLE,,God Battle,神との戦い,Götterkampf,Combat Divin,Batalla Divina,Batalha Divina,Битва с Богом,Battaglia Divina,神之戰,神明之战,신 전투,Bitwa Bogów,Битва з Богом,Godenstrijd,Tanrı Savaşı
L_MUS_BOSSBATTLES3,,Boss Battle (S3),ボス戦 (S3),Boss-Kampf (S3),Combat de Boss (S3),Batalla de Jefe (S3),Batalha de Chefe (S3),Битва с боссом (S3),Boss Battle (S3),頭目戰鬥 (S3),首领战（S3）,보스 전투 (S3),Walka z Bossem (S3),Битва з босом (S3),Eindbaasgevecht (S3),Patron Savaşı (S3)
L_MUS_BOSSBATTLES2,,Boss Battle (S2),ボス戦 (S2),Boss-Kampf (S2),Combat de Boss (S2),Batalla de Jefe (S2),Batalha de Chefe (S2),Битва с боссом (S2),Boss Battle (S2),頭目戰鬥 (S2),首领战（S2）,보스 전투 (S2),Walka z Bossem (S2),Битва з босом (S2),Baasgevecht (S2),Patron Savaşı (S2)
L_MUS_VICTORY!S3,,Victory! (S3),勝利！(S3),Sieg! (S3),Victoire ! (S3),¡Victoria! (S3),Vitória! (S3),Победа! (S3),Vittoria! (S3),勝利！(S3),胜利！（S3）,승리! (S3),Zwycięstwo! (S3),Перемога! (S3),Overwinning! (S3),Zafer! (S3)
L_MUS_GAMEOVERS3,,Game Over (S3),ゲームオーバー (S3),Game Over (S3),Game Over (S3),Game Over (S3),Game Over (S3),Игра окончена (S3),Game Over (S3),遊戲結束 (S3),游戏结束（S3）,게임 오버 (S3),Game Over (S3),Кінець гри (S3),Game Over (S3),Oyun Bitti (S3)
L_MUS_TAVERNBRAWL,,Tavern Brawl,酒場の乱闘,Wirtshausschlägerei,Bagarre de Taverne,Pelea de Taberna,Briga de Taverna,Трактирная Драка,Rissa da Taverna,酒館鬥毆,酒馆斗殴,선술집 난투,Bijatyka w Karczmie,Трактирна Бійка,Kroeggevecht,Meyhane Kavgası
L_MUS_KINGDOMOFNEXS3,,Kingdom of Nex (S3),ネックス王国（S3）,Königreich von Nex (S3),Royaume de Nex (S3),Reino de Nex (S3),Reino de Nex (S3),Королевство Некс (S3),Regno di Nex (S3),奈克斯王國 (S3),奈克斯王国（S3）,넥스 왕국 (S3),Królestwo Nex (S3),Королівство Некс (S3),Koninkrijk van Nex (S3),Nex Krallığı (S3)
L_MUS_KINGDOMOFSIRALIM,,Kingdom of Siralim,シラリムの王国,Königreich von Siralim,Royaume de Siralim,Reino de Siralim,Reino de Siralim,Королевство Сиралим,Regno di Siralim,希拉利姆王國,瑟拉利姆王国,시랄림 왕국,Królestwo Siralim,Королівство Сіралім,Koninkrijk van Siralim,Siralim Krallığı
L_MUS_GREATPANDEMONIUM,,Great Pandemonium,大混沌,Großes Pandemonium,Grand Pandémonium,Gran Pandemonio,Grande Pandemonium,Великий Пандемониум,Grande Pandemonium,大混亂,混乱之域,대혼란,Wielki Pandemonium,Великий Пандемоніум,Groot Pandemonium,Büyük Kargaşa
L_MUS_PATHOFTHEDAMNED,,Path of the Damned,呪われし者の道,Pfad der Verdammten,Chemin des Damnés,Camino de los Condenados,Caminho dos Condenados,Путь Проклятых,Sentiero dei Dannati,詛咒之途,亡者之路,저주받은 자의 길,Ścieżka Potępionych,Шлях Проклятих,Pad der Verdoemden,Lanetlilerin Yolu
L_MUS_TORTURECHAMBER,,Torture Chamber,拷問室,Folterkammer,Chambre de torture,Cámara de Tortura,Câmara de Tortura,Камера пыток,Camera di Tortura,刑求室,酷刑密室,고문실,Sala Tortur,Катівня,Martelkamer,İşkence Odası
L_MUS_THESWAMPLANDS,,The Swamplands,湿地帯,Die Sümpfe,Les Marécages,Los Pantanos,Os Pântanos,Болотные земли,Le Paludi,沼澤地帶,沼泽之地,늪지대,Mokradła,Болотні землі,De Moeraslanden,Bataklık Toprakları
L_MUS_UNSULLIEDMEADOWS,,Unsullied Meadows,穢れなき草原,Unbefleckte Auen,Prairies Immaculées,Prados Inmaculados,Campinas Imaculadas,Незапятнанные Луга,Prati Incontaminati,純淨草原,纯净草原,오염되지 않은 초원,Nieskalane Łąki,Незаплямовані Луки,Onbevlekte Weiden,Lekesiz Çayırlar
L_MUS_AZUREDREAM,,Azure Dream,蒼き夢,Azurtraum,Rêve d'Azur,Sueño Azur,Sonho Azul,Лазурный Сон,Sogno Azzurro,蒼藍夢境,碧蓝梦境,푸른 꿈,Lazurowy Sen,Лазуровий Сон,Azuurblauwe Droom,Mavi Rüya
L_MUS_FROSTBITECAVERNS,,Frostbite Caverns,フロストバイト洞窟,Frosthöhlen,Cavernes du Gel Mordant,Cavernas Heladas,Cavernas da Mordida Gélida,Морозные Пещеры,Caverne del Gelo Mordente,霜咬洞窟,寒霜洞穴,서리물림 동굴,Lodowe Jaskinie,Крижані Печери,Ijsbijtgrotten,Ayaz Mağaraları
L_MUS_REFUGEOFTHEMAGI,,Refuge of the Magi,魔術師の避難所,Zuflucht der Magier,Refuge des Mages,Refugio de los Magos,Refúgio dos Magos,Убежище Магов,Rifugio dei Maghi,魔法師的庇護所,贤者避难所,마법사들의 피난처,Schronienie Magów,Притулок Магів,Toevluchtsoord van de Magiërs,Büyücülerin Sığınağı
L_MUS_SUPERBOSSBATTLE,,Super Boss Battle,スーパーボスバトル,Super-Bosskampf,Combat de Super Boss,Batalla contra el Superjefe,Batalha de Super Chefe,Битва с Супербоссом,Super Battaglia del Boss,超級頭目戰鬥,超级首领战,슈퍼 보스 전투,Super Walka z Bossem,Битва з Супербосом,Superbaasgevecht,Süper Patron Savaşı
L_MUS_ARACHNIDNEST,,Arachnid Nest,アラクニドの巣,Spinnennest,Nid d'Arachnide,Nido de Arácnido,Ninho de Aracnídeo,Гнездо арахнидов,Nido di Aracnidi,蜘蛛巢穴,蜘蛛巢穴,거미 둥지,Gniazdo Arachnidów,Павуче Гніздо,Spinnennest,Örümcek Yuvası
L_MUS_TITLETHEMES3,,Title Theme (S3),タイトルテーマ (S3),Title Theme (S3),Thème du titre (S3),Title Theme (S3),Tema do Título (S3),Главная тема (S3),Title Theme (S3),標題主題 (S3),主题曲（S3）,타이틀 테마 (S3),Title Theme (S3),Головна тема (S3),Titelmuziek (S3),Başlık Teması (S3)
L_MUS_TITLETHEME,,Title Theme,タイトルテーマ,Titelmelodie,Thème du titre,Tema Principal,Tema Principal,Главная тема,Tema Principale,主題曲,主题曲,타이틀 테마,Motyw Tytułowy,Головна тема,Titelmuziek,Başlık Müziği
L_MUS_THEBARRENS,,The Barrens,不毛の地,Die Ödlande,Les Terres Désolées,Los Páramos,Os Ermos,Пустоши,Le Lande Desolate,荒原,荒芜之地,황무지,Pustkowia,Пустища,De Woestenij,Çorak Topraklar
L_MUS_KINGDOMOFHERETICS,,Kingdom of Heretics,異端者の王国,Königreich der Ketzer,Royaume des Hérétiques,Reino de Herejes,Reino dos Hereges,Королевство Еретиков,Regno degli Eretici,異教徒王國,异教王国,이단자의 왕국,Królestwo Heretyków,Королівство Єретиків,Koninkrijk der Ketters,Sapkınlar Krallığı
L_MUS_FARAWAYENCLAVE,,Faraway Enclave,遠方の飛地,Entlegene Enklave,Enclave Lointaine,Enclave Lejano,Enclave Distante,Дальний Анклав,Enclave Remota,遙遠飛地,遥远飞地,먼 곳의 은신처,Odległa Enklawa,Віддалений Анклав,Verre Enclave,Uzak Yerleşke
L_MUS_CUTTHROATJUNGLE,,Cutthroat Jungle,カットスロート・ジャングル,Halsabschneider-Dschungel,Jungle Impitoyable,Jungla Despiadada,Selva Implacável,Джунгли Головорезов,Giungla dei Tagliagole,殺戮叢林,绝命丛林,살인마의 정글,Dżungla Bezwzględnych,Безжальні Джунглі,Meedogenloze Jungle,Haydut Ormanı
L_MUS_ETERNITY'SEND,,Eternity's End,永遠の終焉,Ewigkeits Ende,Fin de l'Éternité,El Fin de la Eternidad,Fim da Eternidade,Конец Вечности,Fine dell'Eternità,永恆終焉,永恒尽头,영원의 끝,Kres Wieczności,Кінець Вічності,Einde der Eeuwigheid,Sonsuzluğun Sonu
L_MUS_WHERETHEDEADSHIPSDWELL,,Where the Dead Ships Dwell,死せる船の住処,Wo die toten Schiffe ruhen,Là où Gisent les Navires Morts,Donde Moran los Barcos Muertos,Onde Habitam os Navios Mortos,Где Обитают Мёртвые Корабли,Dove Dimorano le Navi dei Morti,亡船棲息之地,亡船居所,죽은 배들이 머무는 곳,Gdzie Spoczywają Martwe Okręty,Де Оселяються Мертві Кораблі,Waar de Dode Schepen Verblijven,Ölü Gemilerin Mesken Tuttuğu Yer
L_MUS_TEMPLEOFLIES,,Temple of Lies,嘘の神殿,Tempel der Lügen,Temple des Mensonges,Templo de las Mentiras,Templo das Mentiras,Храм Лжи,Tempio delle Menzogne,謊言神殿,谎言神庙,거짓의 신전,Świątynia Kłamstw,Храм Брехні,Tempel van Leugens,Yalanlar Tapınağı
L_MUS_BLOODGROVE,,Blood Grove,血の林,Bluthain,Bosquet Sanglant,Arboleda Sangrienta,Bosque Sangrento,Кровавая Роща,Boschetto di Sangue,血林,血色树林,블러드 그로브,Gaj Krwi,Кривавий Гай,Bloedwoud,Kan Korusu
L_MUS_TITAN'SWOUND,,Titan's Wound,タイタンの傷,Titanenwunde,Blessure du Titan,Herida del Titán,Ferida do Titã,Рана Титана,Ferita del Titano,泰坦之傷,泰坦之伤,타이탄의 상처,Rana Tytana,Рана Титана,Wond van de Titaan,Titan'ın Yarası
L_MUS_BOSSBATTLE,,Boss Battle,ボス戦,Bosskampf,Combat de Boss,Batalla de Jefe,Batalha de Chefe,Битва с боссом,Battaglia col Boss,頭目戰鬥,首领战,보스전,Walka z Bossem,Битва з босом,Baasgevecht,Patron Savaşı
L_MUS_ENDOFDAYS,,End of Days,終末の日,Ende der Tage,Fin des Temps,Fin de los Días,Fim dos Dias,Конец Времён,Fine dei Giorni,末日時刻,末日降临,종말의 날,Koniec Dni,Кінець Днів,Einde der Dagen,Kıyamet Günü
L_MUS_SANCTUMUMBRA,,Sanctum Umbra,サンクタム・アンブラ,Sanctum Umbra,Sanctum Umbra,Sanctum Umbra,Santuário Sombrio,Святилище Теней,Sanctum Umbra,闇影聖殿,暗影圣所,성역의 그림자,Sanktuarium Cienia,Святилище Тіні,Heiligdom van Schaduw,Gölge Tapınağı
L_MUS_CAUSTICREACTOR,,Caustic Reactor,腐食反応炉,Ätzender Reaktor,Réacteur Caustique,Reactor Cáustico,Reator Cáustico,Едкий реактор,Reattore Caustico,腐蝕反應爐,腐蚀性反应堆,부식성 원자로,Reaktor Żrący,Їдкий реактор,Bijtende Reactor,Kostik Reaktör
L_MUS_BASTIONOFTHEVOID,,Bastion of the Void,虚無の砦,Bastion der Leere,Bastion du Néant,Bastión del Vacío,Bastião do Vazio,Бастион Пустоты,Bastione del Vuoto,虛空堡壘,虚空堡垒,공허의 요새,Bastion Pustki,Бастіон Порожнечі,Bastion van de Leegte,Boşluğun Kalesi
L_MUS_BATTLES1&2,,Battle (S1 & 2),バトル (S1 & 2),Kampf (S1 & 2),Combat (S1 & 2),Batalla (S1 y 2),Batalha (S1 e 2),Битва (С1 и 2),Battaglia (S1 & 2),戰鬥（S1和2）,战斗（S1 & 2）,전투 (S1 & 2),Bitwa (S1 i 2),Бій (С1 і 2),Gevecht (S1 & 2),Savaş (S1 & 2)
L_MUS_BOSSTHEMES1,,Boss Theme (S1),ボステーマ (S1),Boss Theme (S1),Thème de Boss (S1),Boss Theme (S1),Tema de Chefe (S1),Тема Босса (S1),Tema del Boss (S1),魔王主題 (S1),首领曲（S1）,보스 테마 (S1),Motyw Bossa (S1),Тема Боса (S1),Baasthema (S1),Boss Teması (S1)
L_MUS_BOSSTHEMES2,,Boss Theme (S2),ボステーマ (S2),Boss Theme (S2),Thème de Boss (S2),Tema de Jefe (S2),Tema de Chefe (S2),Тема Босса (S2),Tema del Boss (S2),魔王主題 (S2),首领曲（S2）,보스 테마 (S2),Motyw Bossa (S2),Тема Боса (S2),Baasthema (S2),Boss Teması (S2)
L_MUS_KINGDOMOFSIRALIMS1,,Kingdom of Siralim (S1),シラリムの王国 (S1),Königreich von Siralim (S1),Royaume de Siralim (S1),Reino de Siralim (S1),Reino de Siralim (S1),Королевство Сиралим (S1),Regno di Siralim (S1),希拉利姆王國 (S1),瑟拉利姆王国（S1）,시랄림 왕국 (S1),Królestwo Siralim (S1),Королівство Сіралім (S1),Koninkrijk van Siralim (S1),Siralim Krallığı (S1)
L_MUS_KINGDOMOFSIRALIMS2,,Kingdom of Siralim (S2),シラリムの王国 (S2),Königreich von Siralim (S2),Royaume de Siralim (S2),Reino de Siralim (S2),Reino de Siralim (S2),Королевство Сиралим (S2),Regno di Siralim (S2),希拉利姆王國 (S2),瑟拉利姆王国（S2）,시랄림 왕국 (S2),Królestwo Siralim (S2),Королівство Сіралім (S2),Koninkrijk van Siralim (S2),Siralim Krallığı (S2)
L_MUS_ARACHNIDNESTS2,,Arachnid Nest (S2),アラクニドの巣 (S2),Spinnennest (S2),Nid d'Arachnide (S2),Nido de Arácnido (S2),Ninho de Aracnídeo (S2),Гнездо Арахнида (S2),Nido di Aracnidi (S2),蜘蛛巢穴 (S2),蜘蛛巢穴（S2）,거미 둥지 (S2),Gniazdo Arachnidów (S2),Павуче Гніздо (S2),Spinnennest (S2),Örümcek Yuvası (S2)
L_MUS_GREATPANDEMONIUMS1&2,,Great Pandemonium (S1 & 2),大混沌(S1 & 2),Großes Pandämonium (S1 & 2),Grand Pandémonium (S1 & 2),Gran Pandemonium (S1 y 2),Grande Pandemonium (S1 & 2),Великий Хаос (S1 и 2),Grande Pandemonium (S1 & 2),大混亂（S1和2）,混乱之域（S1 & 2）,대혼란 (S1 & 2),Wielki Pandemonium (S1 i 2),Велике Сум'яття (С1 і 2),Groot Pandemonium (S1 & 2),Büyük Kargaşa (S1 & 2)
L_MUS_PATHOFTHEDAMNEDS1&2,,Path of the Damned (S1 & 2),呪われし者の道 (S1 & 2),Pfad der Verdammten (S1 & 2),Voie des Damnés (S1 & 2),Camino de los Condenados (S1 y 2),Caminho dos Condenados (S1 e 2),Путь Проклятых (С1 и 2),Sentiero dei Dannati (S1 & 2),詛咒之路（S1與2）,亡者之路（S1 & 2）,저주받은 자의 길 (S1 & 2),Ścieżka Potępionych (S1 i 2),Шлях Проклятих (С1 і 2),Pad van de Verdoemden (S1 & 2),Lanetlilerin Yolu (S1 & 2)
L_MUS_GODOFREVOLUTIONS2,,God of Revolution (S2),革命の神 (S2),Gott der Revolution (S2),Dieu de la Révolution (S2),Dios de la Revolución (S2),Deus da Revolução (S2),Бог Революции (S2),Dio della Rivoluzione (S2),革命之神 (S2),革命之神（S2）,혁명의 신 (S2),Bóg Rewolucji (S2),Бог Революції (S2),God van Revolutie (S2),Devrim Tanrısı (S2)
L_MUS_THEBARRENSS2,,The Barrens (S2),不毛の地 (S2),Die Ödlande (S2),Les Terres Arides (S2),Los Páramos (S2),Os Ermos (S2),Пустоши (S2),Le Lande Desolate (S2),荒原 (S2),荒芜之地（S2）,황무지 (S2),Pustkowia (S2),Пустища (S2),De Woestenij (S2),Çorak Topraklar (S2)
L_MUS_TORTURECHAMBERS2,,Torture Chamber (S2),拷問室（S2）,Folterkammer (S2),Chambre de torture (S2),Cámara de Tortura (S2),Câmara de Tortura (S2),Камера пыток (S2),Camera di Tortura (S2),刑求室 (S2),酷刑密室（S2）,고문실 (S2),Komnata Tortur (S2),Камера тортур (S2),Martelkamer (S2),İşkence Odası (S2)
L_MUS_KINGDOMOFHERETICSS2,,Kingdom of Heretics (S2),異端者の王国 (S2),Königreich der Ketzer (S2),Royaume des Hérétiques (S2),Reino de Herejes (S2),Reino dos Hereges (S2),Королевство Еретиков (S2),Regno degli Eretici (S2),異教徒王國 (S2),异教王国（S2）,이단자의 왕국 (S2),Królestwo Heretyków (S2),Королівство Єретиків (S2),Koninkrijk der Ketters (S2),Sapkınlar Krallığı (S2)
L_MUS_GODBATTLES2,,God Battle (S2),神との戦い (S2),Götterkampf (S2),Combat Divin (S2),Batalla Divina (S2),Batalha Divina (S2),Битва с Богом (S2),Battaglia Divina (S2),神之戰 (S2),神明之战（S2）,신 전투 (S2),Bitwa z Bogiem (S2),Битва з Богом (S2),Godenstrijd (S2),Tanrı Savaşı (S2)
L_MUS_UNSULLIEDMEADOWSS2,,Unsullied Meadows (S2),穢れなき草原 (S2),Unbefleckte Auen (S2),Prairies Immaculées (S2),Prados Impolutos (S2),Campinas Imaculadas (S2),Незапятнанные Луга (S2),Prati Incontaminati (S2),純淨草原 (S2),纯净草原（S2）,순수한 초원 (S2),Nieskalane Łąki (S2),Незаплямовані Луки (S2),Onbevlekte Weiden (S2),Lekesiz Çayırlar (S2)
L_MUS_FARAWAYENCLAVES2,,Faraway Enclave (S2),遠方の飛地 (S2),Entlegene Enklave (S2),Enclave Lointaine (S2),Enclave Lejano (S2),Enclave Distante (S2),Дальний Анклав (S2),Enclave Remota (S2),遙遠飛地 (S2),遥远飞地（S2）,먼 곳의 은신처 (S2),Odległa Enklawa (S2),Віддалений Анклав (S2),Verre Enclave (S2),Uzak Yerleşke (S2)
L_MUS_CUTTHROATJUNGLES2,,Cutthroat Jungle (S2),カットスロート・ジャングル (S2),Halsabschneider-Dschungel (S2),Jungle Impitoyable (S2),Jungla Despiadada (S2),Selva Implacável (S2),Джунгли Головорезов (S2),Giungla dei Tagliagole (S2),殺戮叢林 (S2),绝命丛林（S2）,살인마의 정글 (S2),Dżungla Bezwzględnych (S2),Безжальні Джунглі (S2),Meedogenloze Jungle (S2),Haydut Ormanı (S2)
L_MUS_AZUREDREAMS2,,Azure Dream (S2),蒼穹の夢 (S2),Azure Dream (S2),Rêve d'Azur (S2),Sueño Azur (S2),Sonho Azul (S2),Лазурный Сон (S2),Sogno Azzurro (S2),蒼藍之夢 (S2),碧蓝梦境（S2）,하늘빛 꿈 (S2),Lazurowy Sen (S2),Лазуровий Сон (S2),Azuurblauwe Droom (S2),Azur Rüya (S2)
L_MUS_THESWAMPLANDSS2,,The Swamplands (S2),湿地帯（S2）,Die Sümpfe (S2),Les Marécages (S2),Los Pantanos (S2),Os Pântanos (S2),Болотные земли (S2),Le Paludi (S2),沼澤地帶 (S2),沼泽之地（S2）,늪지대 (S2),Mokradła (S2),Болотні землі (S2),De Moeraslanden (S2),Bataklık Toprakları (S2)
L_MUS_FROSTBITECAVERNSS2,,Frostbite Caverns (S2),フロストバイト洞窟 (S2),Frostbiss-Höhlen (S2),Cavernes du Gel Mordant (S2),Cavernas Heladas (S2),Cavernas Gélidas (S2),Морозные Пещеры (S2),Caverne del Gelo (S2),霜咬洞穴 (S2),寒霜洞穴（S2）,서리물림 동굴 (S2),Lodowe Jaskinie (S2),Крижані Печери (S2),Ijsbijtgrotten (S2),Ayaz Mağaraları (S2)
L_MUS_REFUGEOFTHEMAGIS2,,Refuge of the Magi (S2),魔術師の避難所（S2）,Zuflucht der Magier (S2),Refuge des Mages (S2),Refugio de los Magos (S2),Refúgio dos Magos (S2),Убежище Магов (S2),Rifugio dei Maghi (S2),法師庇護所 (S2),贤者避难所（S2）,마법사들의 피난처 (S2),Schronienie Magów (S2),Притулок Магів (S2),Toevluchtsoord van de Magiërs (S2),Büyücülerin Sığınağı (S2)
L_MUS_ETERNITY'SENDS2,,Eternity's End (S2),エタニティズ・エンド (S2),Ewigkeits Ende (S2),Fin de l'Éternité (S2),Fin de la Eternidad (S2),Fim da Eternidade (S2),Конец Вечности (S2),Fine dell'Eternità (S2),永恆終結（S2）,永恒尽头（S2）,영원의 끝 (S2),Kres Wieczności (S2),Кінець Вічності (С2),Einde der Eeuwigheid (S2),Sonsuzluğun Sonu (S2)
L_MUS_TITLETHEMES1,,Title Theme (S1),タイトルテーマ (S1),Title Theme (S1),Thème du titre (S1),Title Theme (S1),Tema do Título (S1),Главная тема (S1),Title Theme (S1),主題曲 (S1),主题曲（S1）,타이틀 테마 (S1),Title Theme (S1),Головна тема (S1),Titelmuziek (S1),Başlık Teması (S1)
L_MUS_TITLETHEMES2,,Title Theme (S2),タイトルテーマ (S2),Title Theme (S2),Thème du titre (S2),Title Theme (S2),Tema do Título (S2),Главная тема (S2),Title Theme (S2),主題曲 (S2),主题曲（S2）,타이틀 테마 (S2),Title Theme (S2),Головна тема (S2),Titelmuziek (S2),Başlık Teması (S2)
L_MUS_WHERETHEDEADSHIPSDWELLS2,,Where the Dead Ships Dwell (S2),死せる船の住処 (S2),Wo die toten Schiffe ruhen (S2),Là où Gisent les Navires Morts (S2),Donde Moran los Barcos Muertos (S2),Onde os Navios Mortos Habitam (S2),Где Обитают Мёртвые Корабли (S2),Dove Dimorano le Navi Morte (S2),亡船棲息地 (S2),亡船居所（S2）,죽은 배들이 머무는 곳 (S2),Gdzie Spoczywają Martwe Statki (S2),Де Мешкають Мертві Кораблі (S2),Waar de Dode Schepen Verblijven (S2),Ölü Gemilerin Yuvası (S2)
L_MUS_CAMPAIGNKANA,,Campaign (Kana),キャンペーン,Kampagne (Kana),Campagne (Kana),Campaña (Kana),Campanha (Kana),Кампания (Кана),Campagna (Kana),戰役（卡納）,战役（Kana）,캠페인 (카나),Kampania (Kana),Кампанія (Кана),Campagne (Kana),Kampanya (Kana)
L_MUS_PLAYMODEKANA,,Play Mode (Kana),プレイモード（カナ）,Spielmodus (Kana),Mode de jeu (Kana),Modo de juego (Kana),Modo de Jogo (Kana),Режим игры (Кана),Modalità di gioco (Kana),遊戲模式（假名）,游戏模式（Kana）,플레이 모드 (가나),Tryb gry (Kana),Режим гри (Кана),Speelmodus (Kana),Oyun Modu (Kana)
L_MUS_TITLETHEMEKANA,,Title Theme (Kana),タイトルテーマ（カナ）,Titelthema (Kana),Thème du Titre (Kana),Tema Principal (Kana),Tema do Título (Kana),Главная тема (Кана),Title Theme (Kana),標題主題 (假名),主题曲（Kana）,타이틀 테마 (카나),Motyw Tytułowy (Kana),Головна тема (Кана),Titelmuziek (Kana),Başlık Teması (Kana)
L_MUS_TRAININGMODEKANA,,Training Mode (Kana),トレーニングモード（かな）,Trainingsmodus (Kana),Mode Entraînement (Kana),Modo de Entrenamiento (Kana),Modo de Treinamento (Kana),Тренировочный режим (Кана),Modalità Allenamento (Kana),訓練模式（假名）,训练模式（Kana）,훈련 모드 (가나),Tryb Treningowy (Kana),Тренувальний режим (Кана),Trainingsmodus (Kana),Eğitim Modu (Kana)
L_MUS_ARACHNIDNESTCCG,,Arachnid Nest (CCG),アラクニド・ネスト（CCG）,Spinnennest (CCG),Nid d'Arachnide (CCG),Nido de Arácnido (CCG),Ninho de Aracnídeo (CCG),Гнездо Арахнидов (ККИ),Nido di Aracnidi (CCG),蜘蛛巢穴 (CCG),蜘蛛巢穴（CCG）,거미 둥지 (CCG),Gniazdo Arachnidów (CCG),Павутинне Гніздо (CCG),Spinnenest (CCG),Örümcek Yuvası (CCG)
L_MUS_AZUREDREAMCCG,,Azure Dream (CCG),アズール・ドリーム（CCG）,Azurtraum (KKS),Rêve d'Azur (JCC),Sueño Azur (CCG),Sonho Azul (CCG),Лазурный Сон (ККИ),Sogno Azzurro (CCG),蒼藍夢境 (CCG),碧蓝梦境（CCG）,하늘빛 꿈 (CCG),Lazurowy Sen (CCG),Лазуровий Сон (ККГ),Azure Dream (CCG),Azur Rüya (KOK)
L_MUS_BOSSBATTLECCG,,Boss Battle (CCG),ボス戦（CCG）,Boss-Kampf (CCG),Combat de Boss (CCG),Batalla de Jefe (CCG),Batalha de Chefe (CCG),Битва с боссом (ККИ),Boss Battle (CCG),頭目戰鬥 (CCG),首领战（CCG）,보스 전투 (CCG),Walka z Bossem (CCG),Битва з босом (ККГ),Eindbaasgevecht (CCG),Patron Savaşı (CCG)
L_MUS_CUTTHROATJUNGLECCG,,Cutthroat Jungle (CCG),カットスロート・ジャングル（CCG）,Halsabschneider-Dschungel (CCG),Jungle Impitoyable (CCG),Jungla Despiadada (CCG),Selva Implacável (CCG),Джунгли Головорезов (ККИ),Giungla dei Tagliagole (CCG),殺戮叢林 (CCG),绝命丛林（CCG）,살인마의 정글 (CCG),Dżungla Bezwzględnych (CCG),Безжальні Джунглі (CCG),Meedogenloze Jungle (CCG),Acımasız Orman (CCG)
L_MUS_ETERNITY'SENDCCG,,Eternity's End (CCG),永遠の終焉（CCG）,Ewigkeits Ende (CCG),Fin de l'Éternité (JCC),Fin de la Eternidad (CCG),Fim da Eternidade (CCG),Конец Вечности (ККИ),Confine dell'Eternità (CCG),永恆終結（CCG）,永恒尽头（CCG）,영원의 끝 (CCG),Kres Wieczności (CCG),Кінець Вічності (ККГ),Einde der Eeuwigheid (CCG),Sonsuzluğun Sonu (CCG)
L_MUS_FARAWAYENCLAVECCG,,Faraway Enclave (CCG),遠方の飛地 (CCG),Entlegene Enklave (CCG),Enclave Lointaine (CCG),Enclave Lejano (CCG),Enclave Distante (CCG),Дальний Анклав (ККИ),Enclave Remota (CCG),遙遠飛地 (CCG),遥远飞地（CCG）,먼 곳의 은신처 (CCG),Odległa Enklawa (CCG),Віддалений Анклав (CCG),Verre Enclave (CCG),Uzak Yerleşke (CCG)
L_MUS_FROSTBITECAVERNSCCG,,Frostbite Caverns (CCG),フロストバイト洞窟（CCG）,Frostbiss-Höhlen (CCG),Cavernes du Gel Mordant (CCG),Cavernas Heladas (CCG),Cavernas Gélidas (CCG),Морозные Пещеры (CCG),Caverne del Gelo (CCG),霜咬洞穴 (CCG),寒霜洞穴（CCG）,서리물림 동굴 (CCG),Lodowe Jaskinie (CCG),Крижані Печери (CCG),Ijsbijtgrotten (CCG),Ayaz Mağaraları (CCG)
L_MUS_GAMEOVERCCG,,Game Over (CCG),ゲームオーバー (CCG),Spiel vorbei (CCG),Partie terminée (CCG),Game Over (CCG),Game Over (CCG),Игра окончена (ККИ),Game Over (CCG),遊戲結束 (CCG),游戏结束（CCG）,게임 오버 (CCG),Koniec Gry (CCG),Кінець гри (CCG),Game Over (CCG),Oyun Bitti (CCG)
L_MUS_GREATPANDEMONIUMCCG,,Great Pandemonium (CCG),大混沌（CCG）,Großes Pandemonium (CCG),Grand Pandémonium (CCG),Gran Pandemonium (CCG),Grande Pandemonium (CCG),Великий Пандемониум (ККИ),Grande Pandemonium (CCG),大混亂（CCG）,混乱之域（CCG）,대혼란 (CCG),Wielki Pandemonium (CCG),Великий Пандемоніум (CCG),Groot Pandemonium (CCG),Büyük Kargaşa (CCG)
L_MUS_KINGDOMOFHERETICSCCG,,Kingdom of Heretics (CCG),異端者の王国 (CCG),Königreich der Ketzer (CCG),Royaume des Hérétiques (JCC),Reino de Herejes (CCG),Reino dos Hereges (CCG),Королевство Еретиков (ККИ),Regno degli Eretici (CCG),異教徒王國 (CCG),异教王国（CCG）,이단자의 왕국 (CCG),Królestwo Heretyków (CCG),Королівство Єретиків (ККГ),Koninkrijk der Ketters (CCG),Sapkınlar Krallığı (CCG)
L_MUS_PATHOFTHEDAMNEDCCG,,Path of the Damned (CCG),呪われし者の道 (CCG),Pfad der Verdammten (CCG),Voie des Damnés (CCG),Camino de los Condenados (CCG),Caminho dos Condenados (CCG),Путь Проклятых (ККИ),Sentiero dei Dannati (CCG),詛咒之途 (CCG),亡者之路（CCG）,저주받은 자의 길 (CCG),Ścieżka Potępionych (CCG),Шлях Проклятих (CCG),Pad van de Verdoemden (CCG),Lanetlilerin Yolu (CCG)
L_MUS_REFUGEOFTHEMAGICCG,,Refuge of the Magi (CCG),魔道士の避難所（CCG）,Zuflucht der Magier (CCG),Refuge des Mages (CCG),Refugio de los Magos (CCG),Refúgio dos Magos (CCG),Убежище Магов (ККИ),Rifugio dei Maghi (CCG),法師庇護所（CCG）,贤者避难所（CCG）,마법사들의 피난처 (CCG),Schronienie Magów (CCG),Притулок Магів (CCG),Toevluchtsoord van de Magiërs (CCG),Büyücülerin Sığınağı (CCG)
L_MUS_THEBARRENSCCG,,The Barrens (CCG),バレンズ（CCG）,Die Ödlande (CCG),Les Terres Désolées (CCG),Los Páramos (CCG),Os Ermos (CCG),Пустоши (ККИ),Le Radure (CCG),荒原（CCG）,荒芜之地（CCG）,황야 (CCG),Pustkowia (CCG),Пустища (CCG),De Woestenij (CCG),Çorak Topraklar (CCG)
L_MUS_THESWAMPLANDSCCG,,The Swamplands (CCG),湿地帯（CCG）,Die Sumpfländer (CCG),Les Marécages (CCG),Los Pantanos (CCG),Os Pântanos (CCG),Болотные земли (CCG),Le Paludi (CCG),沼澤地帶 (CCG),沼泽之地（CCG）,늪지대 (CCG),Mokradła (CCG),Болотні землі (CCG),De Moeraslanden (CCG),Bataklık Toprakları (CCG)
L_MUS_TITLETHEMECCG,,Title Theme (CCG),タイトルテーマ (CCG),Title Theme (CCG),Thème du titre (CCG),Title Theme (CCG),Tema do Título (CCG),Главная тема (CCG),Title Theme (CCG),主題曲 (CCG),主题曲（CCG）,타이틀 테마 (CCG),Title Theme (CCG),Головна тема (CCG),Titelmuziek (CCG),Başlık Teması (CCG)
L_MUS_TORTURECHAMBERCCG,,Torture Chamber (CCG),拷問室（CCG）,Folterkammer (CCG),Chambre de Torture (CCG),Cámara de Tortura (CCG),Câmara de Tortura (CCG),Камера пыток (CCG),Camera di Tortura (CCG),刑求室（CCG）,酷刑密室（CCG）,고문실 (CCG),Komnata Tortur (CCG),Камера тортур (CCG),Martelkamer (CCG),İşkence Odası (CCG)
L_MUS_UNSULLIEDMEADOWSCCG,,Unsullied Meadows (CCG),穢れなき草原 (CCG),Unbefleckte Auen (CCG),Prairies Immaculées (CCG),Prados Inmaculados (CCG),Campinas Imaculadas (CCG),Незапятнанные Луга (ККИ),Prati Incontaminati (CCG),純淨草原 (CCG),纯净草原（CCG）,순수한 초원 (CCG),Nieskalane Łąki (CCG),Незаплямовані Луки (CCG),Onbevlekte Weiden (CCG),Lekesiz Çayırlar (CCG)
L_MUS_VICTORY!CCG,,Victory! (CCG),勝利！(CCG),Sieg! (CCG),Victoire ! (CCG),¡Victoria! (CCG),Vitória! (CCG),Победа! (CCG),Vittoria! (CCG),勝利！(CCG),胜利！（CCG）,승리! (CCG),Zwycięstwo! (CCG),Перемога! (CCG),Overwinning! (CCG),Zafer! (CCG)
L_MUS_WHERETHEDEADSHIPSDWELLCCG,,Where the Dead Ships Dwell (CCG),死せる船の住処（CCG）,Wo die toten Schiffe ruhen (CCG),Là où Gisent les Navires Morts (CCG),Donde Moran los Barcos Muertos (CCG),Onde os Navios Mortos Habitam (CCG),Где Обитают Мёртвые Корабли (ККИ),Dove Dimorano le Navi Morte (CCG),亡船棲息地 (CCG),亡船居所（CCG）,죽은 배들이 머무는 곳 (CCG),Gdzie Spoczywają Martwe Okręty (CCG),Де Мешкають Мертві Кораблі (ККГ),Waar de Dode Schepen Verblijven (CCG),Ölü Gemilerin Mesken Tuttuğu Yer (CCG)
L_MUS_BATTLES3,,Battle (S3),バトル (S3),Kampf (S3),Combat (S3),Batalla (S3),Batalha (S3),Битва (S3),Battaglia (S3),戰鬥 (S3),战斗（S3）,전투 (S3),Bitwa (S3),Битва (S3),Gevecht (S3),Savaş (S3)
L_MUS_RANDOMMUSIC,,Random Music,ランダム音楽,Zufällige Musik,Musique Aléatoire,Música Aleatoria,Música Aleatória,Случайная музыка,Musica Casuale,隨機音樂,随机音乐,랜덤 음악,Losowa muzyka,Випадкова музика,Willekeurige Muziek,Rastgele Müzik
L_MUS_AMALGAMGARDENS,,Amalgam Gardens,アマルガム・ガーデン,Amalgam-Gärten,Jardins d'Amalgame,Jardines Amalgama,Jardins Amalgamados,Сады Амальгамы,Giardini dell'Amalgama,混合花園,融合花园,혼합 정원,Ogrody Amalgamatu,Сади Амальгами,Amalgaamtuinen,Birleşik Bahçeler
L_MUS_ASTRALGALLERY,,Astral Gallery,アストラルギャラリー,Astrale Galerie,Galerie Astrale,Galería Astral,Galeria Astral,Астральная Галерея,Galleria Astrale,星界畫廊,星界画廊,천체 갤러리,Galeria Astralna,Астральна Галерея,Astrale Galerij,Astral Galeri
L_MUS_DAMAREL,,Damarel,ダマレル,Damarel,Damarel,Damarel,Damarel,Дамарел,Damarel,達瑪雷爾,达玛瑞尔,다마렐,Damarel,Дамарел,Damarel,Damarel
L_MUS_FAELANDS,,Fae Lands,フェイの国,Feenreiche,Terres Féeriques,Tierras Feéricas,Terras Feéricas,Земли Фей,Terre Fatate,精靈仙境,仙灵秘境,요정의 땅,Krainy Fae,Землі Фей,Elfenrijken,Peri Diyarları
L_MUS_FORBIDDENDEPTHS,,Forbidden Depths,禁断の深淵,Verbotene Tiefen,Profondeurs Interdites,Profundidades Prohibidas,Profundezas Proibidas,Запретные Глубины,Profondità Proibite,禁忌深淵,深渊禁地,금지된 심연,Zakazane Głębiny,Заборонені Глибини,Verboden Diepten,Yasaklı Derinlikler
L_MUS_FORGOTTENLABORATORY,,Forgotten Laboratory,忘れられた研究所,Vergessenes Labor,Laboratoire Oublié,Laboratorio Olvidado,Laboratório Esquecido,Забытая Лаборатория,Laboratorio Dimenticato,遺忘的實驗室,被遗忘的实验室,잊혀진 연구실,Zapomniane Laboratorium,Забута Лабораторія,Vergeten Laboratorium,Unutulmuş Laboratuvar
L_MUS_GAMBLER'SHIVE,,Gambler's Hive,ギャンブラーの巣窟,Spielerhöhle,Ruche du Joueur,Colmena del Jugador,Colmeia do Apostador,Улей Азартных Игроков,Alveare del Giocatore d'Azzardo,賭徒巢穴,赌徒蜂巢,도박꾼의 소굴,Ul Hazardzisty,Вулик Азартника,Gokkersnest,Kumarbazın Kovanı
L_MUS_LANDOFBREATH&BALANCE,,Land of Breath & Balance,息吹と均衡の地,Land des Atems & Gleichgewichts,Terre de Souffle & d'Équilibre,Tierra de Aliento y Equilibrio,Terra de Sopro & Equilíbrio,Земля Дыхания и Равновесия,Terra del Respiro e dell'Equilibrio,氣息與平衡之地,调息之地,숨결과 균형의 땅,Kraina Oddechu i Równowagi,Земля Подиху і Рівноваги,Land van Adem & Balans,Nefes ve Denge Diyarı
L_MUS_OVERGROWNTEMPLE,,Overgrown Temple,生い茂った寺院,Überwucherter Tempel,Temple Envahi,Templo Invadido por la Vegetación,Templo Abandonado,Заросший Храм,Tempio Invaso dalla Vegetazione,雜草叢生的神廟,荒蔓神庙,우거진 사원,Zarośnięta Świątynia,Зарослий Храм,Overwoekerde Tempel,Yabani Tapınak
L_MUS_SNOWLILYCODYGLENN,,Snow Lily (Cody Glenn),スノーリリー（コーディ・グレン）,Schneelilie (Cody Glenn),Lys des Neiges (Cody Glenn),Lirio de Nieve (Cody Glenn),Lírio de Neve (Cody Glenn),Снежная Лилия (Коди Гленн),Giglio di Neve (Cody Glenn),雪百合（科迪·葛倫）,雪百合（Cody Glenn）,스노우 릴리 (코디 글렌),Śnieżna Lilia (Cody Glenn),Снігова Лілія (Коді Ґленн),Sneeuwlelie (Cody Glenn),Kar Zambağı (Cody Glenn)
L_WALL_MORTEM,,Mortem,モルテム,Mortem,Mortem,Mortem,Mortem,Мортем,Mortem,莫特姆,莫特姆,모르템,Mortem,Мортем,Mortem,Mortem
L_WALL_REGALIS,,Regalis,レガリス,Regalis,Regalis,Regalis,Regalis,Регалис,Regalis,雷加利斯,蕾伽丽丝,레갈리스,Regalis,Регаліс,Regalis,Regalis
L_WALL_STANDARD,,Standard,標準,Standard,Standard,Estándar,Padrão,Стандартный,Standard,標準,标准,표준,Standardowy,Стандартний,Standaard,Standart
L_WALL_SURATHLI,,Surathli,スラスリ,Surathli,Surathli,Surathli,Surathli,Суратли,Surathli,蘇拉斯利,苏拉斯莉,수라슬리,Surathli,Суратлі,Surathli,Surathli
L_WALL_APOCRANOX,,Apocranox,アポクラノックス,Apocranox,Apocranox,Apocranox,Apocranox,Апокранокс,Apocranox,啟示錄諾克斯,阿波克拉诺,아포크라녹스,Apocranox,Апокранокс,Apocranox,Apocranox
L_WALL_AEOLIAN,,Aeolian,イオリアン,Aeolisch,Éolien,Eólico,Eólio,Эолийский,Eolio,伊奧利安,伊欧利安,에올리안,Eolski,Еолійський,Aeolisch,Aeolian
L_WALL_AURUM,,Aurum,オーラム,Aurum,Aurum,Aurum,Aurum,Аурум,Aurum,黃金,奥鲁姆,아우룸,Aurum,Аурум,Aurum,Altın
L_WALL_AZURAL,,Azural,アズラル,Azural,Azural,Azural,Azural,Азурал,Azural,艾祖拉爾,阿祖拉,아주랄,Azural,Азурал,Azural,Azural
L_WALL_EREBYSS,,Erebyss,エレビス,Erebyss,Erebyss,Erebyss,Erebyss,Эребисс,Erebyss,艾瑞比斯,艾瑞比丝,에레비스,Erebyss,Еребіс,Erebyss,Erebyss
L_WALL_GONFURIAN,,Gonfurian,ゴンフリアン,Gonfurian,Gonfurian,Gonfurian,Gonfurian,Гонфуриан,Gonfurian,貢夫里安,贡弗瑞安,곤푸리안,Gonfurian,Гонфуріан,Gonfurian,Gonfurian
L_WALL_FRIDEN,,Friden,フリデン,Friden,Friden,Friden,Friden,Фриден,Friden,弗里登,弗里登,프리든,Friden,Фріден,Friden,Friden
L_WALL_LISTER,,Lister,リスター,Lister,Lister,Listar,Catalogador,Листер,Elenco,清單,利斯特,리스터,Lister,Лістер,Lijster,Listeleyici
L_WALL_MERAXIS,,Meraxis,メラクシス,Meraxis,Meraxis,Meraxis,Meraxis,Мераксис,Meraxis,梅拉克斯,梅拉西斯,메락시스,Meraxis,Мераксіс,Meraxis,Meraxis
L_WALL_PERDITION,,Perdition,破滅,Verdammnis,Perdition,Perdición,Perdição,Погибель,Perdizione,滅亡,珀迪森,멸망,Zatracenie,Загибель,Verdoemenis,Cehennem
L_WALL_TARTARITH,,Tartarith,タルタリス,Tartarith,Tartarith,Tartarith,Tartarith,Тартарит,Tartarith,塔爾塔里斯,塔尔塔里斯,타르타리스,Tartarith,Тартаріт,Tartarith,Tartarith
L_WALL_TENEBRIS,,Tenebris,テネブリス,Tenebris,Tenebris,Tenebris,Tenebris,Тенебрис,Tenebris,闇黑,特内布里斯,테네브리스,Tenebris,Тенебріс,Tenebris,Tenebris
L_WALL_TORUN,,Torun,トルン,Torun,Torun,Torun,Torun,Торун,Torun,托倫,托伦,토룬,Toruń,Торун,Torun,Torun
L_WALL_VENEDON,,Venedon,ヴェネドン,Venedon,Venedon,Venedon,Venedon,Венедон,Venedon,維尼頓,维内多,베네돈,Venedon,Венедон,Venedon,Venedon
L_WALL_VERTRAAG,,Vertraag,ヴェルトラーグ,Vertraag,Ralentissement,Vertraag,Retardar,Вертрааг,Vertraag,維特拉格,维特拉戈,버트라그,Vertraag,Вертрааг,Slow,Yavaşlat
L_WALL_VULCANAR,,Vulcanar,ヴァルカナー,Vulcanar,Vulcanar,Vulcanar,Vulcanar,Вулканар,Vulcanar,火山巨獸,瓦尔卡纳,불카나르,Vulcanar,Вулканар,Vulcanar,Vulcanar
L_WALL_YSEROS,,Yseros,イセロス,Yseros,Yseros,Yseros,Yseros,Исерос,Yseros,伊瑟洛斯,伊瑟洛丝,이세로스,Yseros,Ісерос,Yseros,Yseros
L_WALL_ZONTE,,Zonte,ゾンテ,Zonte,Zonte,Zonte,Zonte,Зонте,Zonte,宗特,佐特,존테,Zonte,Зонте,Zonte,Zonte
L_WALL_T'MEREM'RGO,,T'mere M'rgo,ティメア・マーゴ,T'mere M'rgo,T'mere M'rgo,T'mere M'rgo,T'mere M'rgo,Т'мер М'рго,T'mere M'rgo,提米爾·莫戈,特米尔·莫尔戈,트메르 므르고,T'mere M'rgo,Т'мере М'рго,T'mere M'rgo,T'mere M'rgo
L_WALL_4080,,4080,4080,4080,4080,4080,4080,4080,4080,4080,4080,4080,4080,4080,4080,4080
L_WALL_RECLUSA,,Reclusa,レクルーサ,Reclusa,Reclusa,Reclusa,Reclusa,Реклуза,Reclusa,隱居者,瑞克露莎,레클루사,Reclusa,Реклюза,Reclusa,Reclusa
L_WALL_MUSE,,Muse,ミューズ,Muse,Muse,Musa,Musa,Муза,Musa,繆思,缪斯,뮤즈,Muza,Муза,Muze,İlham Perisi
L_WALL_GENAROS,,Genaros,ゲナロス,Genaros,Genaros,Genaros,Genaros,Генарос,Genaros,傑納洛斯,杰纳罗斯,제나로스,Genaros,Генарос,Genaros,Genaros
L_WALL_ARIAMAKI,,Ariamaki,アリアマキ,Ariamaki,Ariamaki,Ariamaki,Ariamaki,Ариамаки,Ariamaki,艾莉亞瑪基,阿瑞玛基,아리아마키,Ariamaki,Аріамакі,Ariamaki,Ariamaki
L_WALL_ANNELTHA,,Anneltha,アネルサ,Anneltha,Anneltha,Anneltha,Anneltha,Аннельта,Anneltha,安妮爾薩,安妮莎,안넬타,Anneltha,Аннельта,Anneltha,Anneltha
L_WALL_ALEXANDRIA,,Alexandria,アレクサンドリア,Alexandria,Alexandria,Alexandria,Alexandria,Александрия,Alexandria,亞歷山卓,亚历山大,알렉산드리아,Aleksandria,Александрія,Alexandria,Alexandria
L_WALL_SHALLAN,,Shallan,シャラン,Shallan,Shallan,Shallan,Shallan,Шаллан,Shallan,夏蘭,莎兰,샬란,Shallan,Шаллан,Shallan,Shallan
L_WALL_ARCADE,,Arcade,アーケード,Spielhalle,Arcade,Arcade,Fliperama,Аркада,Sala giochi,電玩街機,街机,아케이드,Salon gier,Аркада,Arcade,Oyun Salonu
L_FLOOR_MORTEM,,Mortem,モルテム,Mortem,Mortem,Mortem,Mortem,Мортем,Mortem,莫特姆,莫特姆,모르템,Mortem,Мортем,Mortem,Mortem
L_FLOOR_REGALIS,,Regalis,レガリス,Regalis,Regalis,Regalis,Regalis,Регалис,Regalis,雷加利斯,蕾伽丽丝,레갈리스,Regalis,Регаліс,Regalis,Regalis
L_FLOOR_STANDARD,,Standard,標準,Standard,Standard,Estándar,Padrão,Стандартный,Standard,標準,标准,표준,Standardowy,Стандартний,Standaard,Standart
L_FLOOR_SURATHLI,,Surathli,スラスリ,Surathli,Surathli,Surathli,Surathli,Суратли,Surathli,蘇拉斯利,苏拉斯莉,수라슬리,Surathli,Суратлі,Surathli,Surathli
L_FLOOR_ARACHNIDNESTREALM,,Arachnid Nest (Realm),アラクニドの巣 (レルム),Spinnennest (Reich),Nid d'Arachnide (Royaume),Nido de Arácnidos (Reino),Ninho de Aracnídeo (Reino),Гнездо Арахнидов (Измерение),Nido di Aracnidi (Regno),蜘蛛巢穴（領域）,蜘蛛巢穴（领域）,거미 둥지 (영역),Gniazdo Arachnidów (Kraina),Гніздо Арахнідів (Царство),Spinnenest (Rijk),Örümcek Yuvası (Diyar)
L_FLOOR_AZUREDREAMREALM,,Azure Dream (Realm),蒼穹の夢 (領域),Azurtraum (Reich),Rêve d'Azur (Royaume),Sueño Azur (Reino),Sonho Azul (Reino),Лазурный Сон (Царство),Sogno Azzurro (Regno),蒼藍夢境（領域）,碧蓝梦境（领域）,하늘빛 꿈 (영역),Lazurowy Sen (Kraina),Лазуровий Сон (Світ),Azuurblauwe Droom (Rijk),Azur Rüya (Diyar)
L_FLOOR_CUTTHROATJUNGLEREALM,,Cutthroat Jungle (Realm),カットスロート・ジャングル（領域）,Halsabschneider-Dschungel (Reich),Jungle Impitoyable (Royaume),Jungla Despiadada (Reino),Selva dos Degoladores (Reino),Джунгли Головорезов (Мир),Giungla dei Tagliagole (Regno),殺手叢林（領域）,绝命丛林（领域）,살인귀 정글 (영역),Dżungla Opryszków (Kraina),Джунглі Головорізів (Світ),Meedogenloze Jungle (Rijk),Haydut Ormanı (Diyar)
L_FLOOR_ETERNITY'SENDREALM,,Eternity's End (Realm),永遠の終焉（領域）,Ewigkeits Ende (Reich),Fin de l'Éternité (Royaume),Fin de la Eternidad (Reino),Fim da Eternidade (Reino),Конец Вечности (Мир),Fine dell'Eternità (Regno),永恆終界（領域）,永恒尽头（领域）,영원의 끝 (영역),Kres Wieczności (Kraina),Кінець Вічності (Світ),Einde der Eeuwigheid (Rijk),Sonsuzluğun Sonu (Diyar)
L_FLOOR_FARAWAYENCLAVEREALM,,Faraway Enclave (Realm),遠方の飛地（領域）,Entlegene Enklave (Reich),Enclave Lointaine (Royaume),Enclave Lejano (Reino),Enclave Distante (Reino),Дальний Анклав (Царство),Enclave Remota (Regno),遙遠飛地（領域）,遥远飞地（领域）,먼 곳의 은신처 (영역),Odległa Enklawa (Kraina),Віддалений Анклав (Царство),Verafgelegen Enclave (Rijk),Uzak Yerleşke (Diyar)
L_FLOOR_FROSTBITECAVERNSREALM,,Frostbite Caverns (Realm),フロストバイト洞窟（領域）,Frostbiss-Höhlen (Reich),Cavernes du Gel Mordant (Royaume),Cavernas Heladas (Reino),Cavernas Gélidas (Reino),Морозные Пещеры (Мир),Caverne Gelide (Regno),霜咬洞窟（領域）,寒霜洞穴（领域）,서리물림 동굴 (영역),Lodowe Jaskinie (Kraina),Крижані Печери (Світ),Vorstkloofgrotten (Rijk),Ayaz Mağaraları (Diyar)
L_FLOOR_KINGDOMOFHERETICSREALM,,Kingdom of Heretics (Realm),異端者の王国（領域）,Königreich der Ketzer (Reich),Royaume des Hérétiques (Royaume),Reino de Herejes (Reino),Reino dos Hereges (Reino),Королевство Еретиков (Владение),Regno degli Eretici (Reame),異教徒王國（領域）,异教王国（领域）,이단자의 왕국 (영역),Królestwo Heretyków (Kraina),Королівство Єретиків (Володіння),Koninkrijk der Ketters (Rijk),Sapkınlar Krallığı (Diyar)
L_FLOOR_PATHOFTHEDAMNEDREALM,,Path of the Damned (Realm),堕落者の道（領域）,Pfad der Verdammten (Reich),Voie des Damnés (Royaume),Camino de los Condenados (Reino),Caminho dos Condenados (Reino),Путь Проклятых (Царство),Sentiero dei Dannati (Regno),詛咒之途（領域）,亡者之路（领域）,저주받은 자의 길 (영역),Ścieżka Potępionych (Kraina),Шлях Проклятих (Царство),Pad der Verdoemden (Rijk),Lanetlilerin Yolu (Diyar)
L_FLOOR_THESWAMPLANDSREALM,,The Swamplands (Realm),沼地（領域）,Die Sümpfe (Reich),Les Marécages (Royaume),Los Pantanos (Reino),Os Pântanos (Reino),Болотные земли (Мир),Le Paludi (Regno),沼澤地帶（領域）,沼泽之地（领域）,늪지대 (영역),Mokradła (Kraina),Болотні Землі (Царство),De Moeraslanden (Rijk),Bataklık Diyarı (Alem)
L_FLOOR_GREATPANDEMONIUMREALM,,Great Pandemonium (Realm),大混沌界（レルム）,Großes Pandämonium (Reich),Grand Pandémonium (Royaume),Gran Pandemonium (Reino),Grande Pandemonium (Reino),Великий Пандемониум (Царство),Grande Pandemonium (Regno),大混沌界（領域）,混乱之域（领域）,대혼돈의 영역 (차원),Wielki Pandemonium (Kraina),Велике Пандемоніум (Царство),Groot Pandemonium (Rijk),Büyük Kargaşa (Diyar)
L_FLOOR_THEBARRENSREALM,,The Barrens (Realm),不毛の地（領域）,Die Ödlande (Reich),Les Terres Arides (Royaume),Los Páramos (Reino),Os Ermos (Reino),Пустоши (Измерение),Le Lande (Regno),荒原（領域）,荒芜之地（领域）,황무지 (영역),Pustkowia (Kraina),Пустища (Царство),De Woestenij (Rijk),Çorak Topraklar (Diyar)
L_FLOOR_TORTURECHAMBERREALM,,Torture Chamber (Realm),拷問部屋（領域）,Folterkammer (Reich),Chambre de Torture (Royaume),Cámara de Tortura (Reino),Câmara de Tortura (Reino),Камера пыток (Измерение),Camera di Tortura (Regno),酷刑室（領域）,酷刑密室（领域）,고문실 (영역),Komnata Tortur (Kraina),Катівня (Вимір),Martelkamer (Rijk),İşkence Odası (Diyar)
L_FLOOR_REFUGEOFTHEMAGIREALM,,Refuge of the Magi (Realm),魔術師の避難所（領域）,Zuflucht der Magier (Reich),Refuge des Mages (Royaume),Refugio de los Magos (Reino),Refúgio dos Magos (Reino),Убежище Магов (Сфера),Rifugio dei Maghi (Regno),法師庇護所（領域）,贤者避难所（领域）,마법사들의 피난처 (영역),Schronienie Magów (Kraina),Притулок Магів (Сфера),Toevluchtsoord van de Magiërs (Rijk),Büyücülerin Sığınağı (Diyar)
L_FLOOR_UNSULLIEDMEADOWSREALM,,Unsullied Meadows (Realm),穢れなき草原（領域）,Unbefleckte Auen (Reich),Prairies Immaculées (Royaume),Prados Impolutos (Reino),Prados Imaculados (Reino),Незапятнанные Луга (Царство),Prati Incontaminati (Regno),純淨草原（領域）,纯净草原（领域）,순수한 초원 (영역),Nieskalane Łąki (Kraina),Незаплямовані Луки (Царство),Onbevlekte Weiden (Rijk),Lekesiz Çayırlar (Diyar)
L_FLOOR_WHERETHEDEADSHIPSDWELLREALM,,Where the Dead Ships Dwell (Realm),死せる船の住処（レルム）,Wo die Totenschiffe Hausen (Reich),Où Gisent les Navires Morts (Royaume),Donde Moran los Barcos Muertos (Reino),Onde os Navios Mortos Habitam (Reino),Обитель Мёртвых Кораблей (Измерение),Dove Dimorano le Navi Morte (Regno),亡船棲息之地（領域）,亡船居所（领域）,죽은 배들이 머무는 곳 (영역),Gdzie Spoczywają Martwe Okręty (Kraina),Де Мешкають Мертві Кораблі (Світ),Waar de Dode Schepen Verblijven (Rijk),Ölü Gemilerin Mesken Tuttuğu Yer (Diyar)
L_FLOOR_BLOODGROVEREALM,,Blood Grove (Realm),血の林 (レルム),Bluthain (Reich),Bosquet Sanglant (Royaume),Arboleda de Sangre (Reino),Bosque de Sangue (Reino),Кровавая Роща (Измерение),Boschetto di Sangue (Regno),血林（領域）,血色树林（领域）,피의 숲 (영역),Gaj Krwi (Kraina),Кривавий Гай (Царство),Bloedwoud (Rijk),Kan Korusu (Diyar)
L_FLOOR_TEMPLEOFLIESREALM,,Temple of Lies (Realm),嘘の神殿（領域）,Tempel der Lügen (Reich),Temple des Mensonges (Royaume),Templo de las Mentiras (Reino),Templo das Mentiras (Reino),Храм Лжи (Царство),Tempio delle Menzogne (Regno),謊言神殿（領域）,谎言神庙（领域）,거짓의 신전 (영역),Świątynia Kłamstw (Kraina),Храм Брехні (Царство),Tempel van Leugens (Rijk),Yalanlar Tapınağı (Diyar)
L_FLOOR_TITAN'SWOUNDREALM,,Titan's Wound (Realm),タイタンの傷跡（領域）,Titanenwunde (Reich),Blessure du Titan (Royaume),Herida del Titán (Reino),Ferida do Titã (Reino),Рана Титана (Измерение),Ferita del Titano (Regno),泰坦之傷（領域）,泰坦之伤（领域）,타이탄의 상처 (영역),Rana Tytana (Kraina),Рана Титана (Світ),Titanenwond (Rijk),Titan'ın Yarası (Diyar)
L_FLOOR_SANCTUMUMBRAREALM,,Sanctum Umbra (Realm),聖域の影 (領域),Sanctum Umbra (Reich),Sanctum Umbra (Royaume),Sanctum Umbra (Reino),Sanctum Umbra (Reino),Святилище Теней (Царство),Sanctum Umbra (Regno),闇聖殿（領域）,暗影圣所（领域）,성역 움브라 (영역),Sanktuarium Cienia (Kraina),Святилище Тіні (Вимір),Sanctum Umbra (Rijk),Sanctum Umbra (Diyar)
L_FLOOR_CAUSTICREACTORREALM,,Caustic Reactor (Realm),腐食反応炉（領域）,Ätzender Reaktor (Reich),Réacteur Caustique (Royaume),Reactor Cáustico (Reino),Reator Cáustico (Reino),Едкий Реактор (Измерение),Reattore Caustico (Regno),腐蝕反應爐（領域）,腐蚀性反应堆（领域）,부식성 원자로 (영역),Reaktor Żrący (Kraina),Каустичний Реактор (Вимір),Bijtende Reactor (Rijk),Kostik Reaktör (Diyar)
L_FLOOR_BASTIONOFTHEVOIDREALM,,Bastion of the Void (Realm),虚無の砦（領域）,Bastion der Leere (Reich),Bastion du Néant (Royaume),Bastión del Vacío (Reino),Bastião do Vazio (Reino),Бастион Пустоты (Измерение),Bastione del Vuoto (Regno),虛空堡壘（領域）,虚空堡垒（领域）,공허의 요새 (영역),Bastion Pustki (Kraina),Бастіон Порожнечі (Царство),Bastion van de Leegte (Rijk),Boşluğun Kalesi (Alem)
L_FLOOR_AEOLIAN,,Aeolian,イオリアン,Aeolisch,Éolien,Eólico,Eólio,Эолийский,Eolio,伊奧利安,伊欧利安,에올리안,Eolski,Еолійський,Aeolisch,Aeolian
L_FLOOR_APOCRANOX,,Apocranox,アポクラノックス,Apocranox,Apocranox,Apocranox,Apocranox,Апокранокс,Apocranox,啟示錄諾克斯,阿波克拉诺,아포크라녹스,Apocranox,Апокранокс,Apocranox,Apocranox
L_FLOOR_AZURAL,,Azural,アズラル,Azural,Azural,Azural,Azural,Азурал,Azural,艾祖拉爾,阿祖拉,아주랄,Azural,Азурал,Azural,Azural
L_FLOOR_EREBYSS,,Erebyss,エレビス,Erebyss,Erebyss,Erebyss,Erebyss,Эребисс,Erebyss,艾瑞比斯,艾瑞比丝,에레비스,Erebyss,Еребіс,Erebyss,Erebyss
L_FLOOR_FRIDEN,,Friden,フリデン,Friden,Friden,Friden,Friden,Фриден,Friden,弗里登,弗里登,프리든,Friden,Фріден,Friden,Friden
L_FLOOR_GONFURIAN,,Gonfurian,ゴンフリアン,Gonfurian,Gonfurian,Gonfurian,Gonfurian,Гонфуриан,Gonfurian,貢夫里安,贡弗瑞安,곤푸리안,Gonfurian,Гонфуріан,Gonfurian,Gonfurian
L_FLOOR_LISTER,,Lister,リスター,Lister,Lister,Listar,Catalogador,Листер,Elenco,清單,利斯特,리스터,Lister,Лістер,Lijster,Listeleyici
L_FLOOR_MERAXIS,,Meraxis,メラクシス,Meraxis,Meraxis,Meraxis,Meraxis,Мераксис,Meraxis,梅拉克斯,梅拉西斯,메락시스,Meraxis,Мераксіс,Meraxis,Meraxis
L_FLOOR_PERDITION,,Perdition,破滅,Verdammnis,Perdition,Perdición,Perdição,Погибель,Perdizione,滅亡,珀迪森,멸망,Zatracenie,Загибель,Verdoemenis,Cehennem
L_FLOOR_TARTARITH,,Tartarith,タルタリス,Tartarith,Tartarith,Tartarith,Tartarith,Тартарит,Tartarith,塔爾塔里斯,塔尔塔里斯,타르타리스,Tartarith,Тартаріт,Tartarith,Tartarith
L_FLOOR_TENEBRIS,,Tenebris,テネブリス,Tenebris,Tenebris,Tenebris,Tenebris,Тенебрис,Tenebris,闇黑,特内布里斯,테네브리스,Tenebris,Тенебріс,Tenebris,Tenebris
L_FLOOR_TORUN,,Torun,トルン,Torun,Torun,Torun,Torun,Торун,Torun,托倫,托伦,토룬,Toruń,Торун,Torun,Torun
L_FLOOR_VENEDON,,Venedon,ヴェネドン,Venedon,Venedon,Venedon,Venedon,Венедон,Venedon,維尼頓,维内多,베네돈,Venedon,Венедон,Venedon,Venedon
L_FLOOR_VERTRAAG,,Vertraag,ヴェルトラーグ,Vertraag,Ralentissement,Vertraag,Retardar,Вертрааг,Vertraag,維特拉格,维特拉戈,버트라그,Vertraag,Вертрааг,Slow,Yavaşlat
L_FLOOR_VULCANAR,,Vulcanar,ヴァルカナー,Vulcanar,Vulcanar,Vulcanar,Vulcanar,Вулканар,Vulcanar,火山巨獸,瓦尔卡纳,불카나르,Vulcanar,Вулканар,Vulcanar,Vulcanar
L_FLOOR_YSEROS,,Yseros,イセロス,Yseros,Yseros,Yseros,Yseros,Исерос,Yseros,伊瑟洛斯,伊瑟洛丝,이세로스,Yseros,Ісерос,Yseros,Yseros
L_FLOOR_ZONTE,,Zonte,ゾンテ,Zonte,Zonte,Zonte,Zonte,Зонте,Zonte,宗特,佐特,존테,Zonte,Зонте,Zonte,Zonte
L_FLOOR_AURUM,,Aurum,オーラム,Aurum,Aurum,Aurum,Aurum,Аурум,Aurum,黃金,奥鲁姆,아우룸,Aurum,Аурум,Aurum,Altın
L_FLOOR_TAVERN,,Tavern,酒場,Taverne,Taverne,Taberna,Taverna,Таверна,Taverna,酒館,酒馆,선술집,Karczma,Таверна,Herberg,Meyhane
L_FLOOR_BLOOD,,Blood,血,Blut,Sang,Sangre,Sangue,Кровь,Sangue,血液,血,피,Krew,Кров,Bloed,Kan
L_FLOOR_LAVA,,Lava,溶岩,Lava,Lave,Lava,Lava,Лава,Lava,熔岩,熔岩,용암,Lawa,Лава,Lava,Lav
L_FLOOR_POISON,,Poison,毒,Gift,Poison,Veneno,Veneno,Яд,Veleno,毒,毒,독,Trucizna,Отрута,Vergif,Zehir
L_FLOOR_VOIDFLUID,,Void Fluid,虚無の液体,Leere-Flüssigkeit,Fluide du Néant,Fluido del Vacío,Fluido do Vazio,Пустотная Жидкость,Fluido del Vuoto,虛空液體,虚空液体,공허의 액체,Płyn Pustki,Порожнеча,Leegtevloeistof,Boşluk Sıvısı
L_FLOOR_WATER,,Water,水,Wasser,Eau,Agua,Água,Вода,Acqua,水,水,물,Woda,Вода,Water,Su
L_FLOOR_MARBLEBLACK,,Marble (Black),大理石（黒）,Marmor (Schwarz),Marbre (Noir),Mármol (Negro),Mármore (Preto),Мрамор (Чёрный),Marmo (Nero),黑色大理石,大理石（黑）,대리석 (검정),Marmur (Czarny),Мармур (Чорний),Marmer (Zwart),Mermer (Siyah)
L_FLOOR_MARBLEWHITE,,Marble (White),大理石（白）,Marmor (Weiß),Marbre (Blanc),Mármol (Blanco),Mármore (Branco),Мрамор (Белый),Marmo (Bianco),大理石（白色）,大理石（白）,대리석 (흰색),Marmur (Biały),Мармур (Білий),Marmer (Wit),Mermer (Beyaz)
L_FLOOR_CHECKERBOARD,,Checkerboard,チェッカーボード,Schachbrettmuster,Damier,Tablero de ajedrez,Tabuleiro de xadrez,Шахматная доска,Scacchiera,棋盤格,棋盘,체크무늬판,Szachownica,Шахівниця,Schaakbord,Dama Tahtası
L_FLOOR_SOLIDICE,,Solid Ice,堅氷,Festes Eis,Glace Solide,Hielo Sólido,Gelo Sólido,Твёрдый Лёд,Ghiaccio Solido,堅冰,坚冰,단단한 얼음,Lity Lód,Міцний лід,Massief IJs,Katı Buz
L_FLOOR_RAINBOWCARPETH,,Rainbow Carpet (H),レインボーカーペット(H),Regenbogenteppich (H),Tapis Arc-en-ciel (H),Alfombra Arcoíris (H),Tapete Arco-íris (H),Радужный ковёр (Г),Tappeto Arcobaleno (H),彩虹地毯 (H),彩虹地毯（横向）,무지개 카펫 (H),Tęczowy Dywan (H),Райдужний килим (Г),Regenboogtapijt (H),Gökkuşağı Halı (H)
L_FLOOR_RAINBOWCARPETV,,Rainbow Carpet (V),レインボーカーペット (V),Regenbogenteppich (V),Tapis Arc-en-ciel (V),Alfombra Arcoíris (V),Tapete Arco-íris (V),Радужный ковёр (V),Tappeto Arcobaleno (V),彩虹地毯 (V),彩虹地毯（纵向）,무지개 카펫 (V),Tęczowy Dywan (V),Райдужний Килим (V),Regenboogtapijt (V),Gökkuşağı Halısı (V)
L_FLOOR_SKULLS,,Skulls,スカル,Schädel,Crânes,Calaveras,Crânios,Черепа,Teschi,骷髏,骷髅,해골,Czaszki,Черепи,Schedels,Kafatasları
L_FLOOR_CLOCKWORK,,Clockwork,クロックワーク,Uhrwerk,Mécanique,Mecanismo de relojería,Mecanismo,Часовой механизм,Meccanismo,發條機關,发条机械,태엽장치,Mechanizm zegarowy,Механізм,Uurwerk,Saat Mekanizması
L_FLOOR_COBBLESTONE,,Cobblestone,丸石,Kopfsteinpflaster,Pavé,Adoquín,Pedra de Calçada,Булыжник,Ciottolo,鵝卵石,鹅卵石,자갈돌,Bruk,Бруківка,Keisteen,Kaldırım Taşı
L_FLOOR_FLOWERBED,,Flowerbed,花壇,Blumenbeet,Parterre de fleurs,Parterre,Canteiro de flores,Клумба,Aiuola,花圃,花圃,꽃밭,Grządka kwiatowa,Клумба,Bloemperk,Çiçek Tarhı
L_FLOOR_HIVE,,Hive,ハイブ,Schwarm,Ruche,Colmena,Colmeia,Улей,Alveare,蜂巢,蜂巢,군락,Ul,Вулик,Bijenkorf,Kovan
L_FLOOR_OBSIDIAN,,Obsidian,黒曜石,Obsidian,Obsidienne,Obsidiana,Obsidiana,Обсидиан,Ossidiana,黑曜石,黑曜石,흑요석,Obsydian,Обсидіан,Obsidiaan,Obsidyen
L_FLOOR_BURNINGCOALS,,Burning Coals,燃える炭,Glühende Kohlen,Braises Ardentes,Brasas Ardientes,Brasas Ardentes,Горящие Угли,Carboni Ardenti,燃燒的煤炭,燃烧煤炭,타오르는 숯불,Płonące Węgle,Палаюче Вугілля,Brandende Kolen,Yanan Közler
L_FLOOR_FLESHY,,Fleshy,肉質の,Fleischig,Charnu,Carnoso,Carnudo,Мясистый,Carnoso,肉質,肉质,살점의,Mięsisty,М'ясистий,Vlezig,Etli
L_FLOOR_GEOMANCYCARVING,,Geomancy Carving,地霊術の彫刻,Geomantische Gravur,Gravure de Géomancie,Talla de Geomancia,Entalhe de Geomancia,Геомантическая Резьба,Incisione Geomantica,地靈雕刻,风水雕刻,지맥 조각,Rzeźbienie Geomancji,Геомантичне різьблення,Geomantische Gravure,Yerbilim Oymacılığı
L_FLOOR_SOSIG,,Sosig,ソーセージ,Wurst,Saucisse,Sosig,Sosig,Сосиска,Salsiccia,香腸,索西格,소시지,Kiełbasa,Ковбаска,Worst,Sosig
L_FLOOR_CELTICTRIVET,,Celtic Trivet,ケルトの鍋敷き,Keltischer Untersetzer,Trépied celtique,Trípode Celta,Trevo Celta,Кельтский подставной треножник,Treppiede Celtico,凱爾特三腳架,凯尔特三脚架,켈트 삼각대,Celtycki Trójnóg,Кельтський триніжок,Keltische Onderzetter,Kelt Üçayak
L_FLOOR_T'MEREM'RGO,,T'mere M'rgo,ティメア・マーゴ,T'mere M'rgo,T'mere M'rgo,T'mere M'rgo,T'mere M'rgo,Т'мер М'рго,T'mere M'rgo,提米爾·莫戈,特米尔·莫尔戈,트메르 므르고,T'mere M'rgo,Т'мере М'рго,T'mere M'rgo,T'mere M'rgo
L_FLOOR_4080,,4080,4080,4080,4080,4080,4080,4080,4080,4080,4080,4080,4080,4080,4080,4080
L_FLOOR_RECLUSA,,Reclusa,レクルーサ,Reclusa,Reclusa,Reclusa,Reclusa,Реклуза,Reclusa,隱居者,瑞克露莎,레클루사,Reclusa,Реклюза,Reclusa,Reclusa
L_FLOOR_MUSE,,Muse,ミューズ,Muse,Muse,Musa,Musa,Муза,Musa,繆思,缪斯,뮤즈,Muza,Муза,Muze,İlham Perisi
L_FLOOR_GENAROS,,Genaros,ゲナロス,Genaros,Genaros,Genaros,Genaros,Генарос,Genaros,傑納洛斯,杰纳罗斯,제나로스,Genaros,Генарос,Genaros,Genaros
L_FLOOR_ARIAMAKI,,Ariamaki,アリアマキ,Ariamaki,Ariamaki,Ariamaki,Ariamaki,Ариамаки,Ariamaki,艾莉亞瑪基,阿瑞玛基,아리아마키,Ariamaki,Аріамакі,Ariamaki,Ariamaki
L_FLOOR_ANNELTHA,,Anneltha,アネルサ,Anneltha,Anneltha,Anneltha,Anneltha,Аннельта,Anneltha,安妮爾薩,安妮莎,안넬타,Anneltha,Аннельта,Anneltha,Anneltha
L_FLOOR_ALEXANDRIA,,Alexandria,アレクサンドリア,Alexandria,Alexandria,Alexandria,Alexandria,Александрия,Alexandria,亞歷山卓,亚历山大,알렉산드리아,Aleksandria,Александрія,Alexandria,Alexandria
L_FLOOR_ARCADE,,Arcade,アーケード,Spielhalle,Arcade,Arcade,Fliperama,Аркада,Sala giochi,電玩街機,街机,아케이드,Salon gier,Аркада,Arcade,Oyun Salonu
L_FLOOR_SHALLAN,,Shallan,シャラン,Shallan,Shallan,Shallan,Shallan,Шаллан,Shallan,夏蘭,莎兰,샬란,Shallan,Шаллан,Shallan,Shallan
L_FLOOR_FAELANDSREALM,,Fae Lands (Realm),フェイの国 (領域),Feenländer (Reich),Terres Féeriques (Royaume),Tierras Feéricas (Reino),Terras Feéricas (Reino),Земли Фей (Царство),Terre Fatate (Regno),精靈國度（領域）,仙灵秘境（领域）,요정의 땅 (영역),Kraina Fae (Sfera),Землі Фей (Царство),Feeënlanden (Rijk),Peri Diyarları (Alem)
L_FLOOR_GAMBLER'SHIVEREALM,,Gambler's Hive (Realm),ギャンブラーの巣窟（領域）,Spielerhöhle (Reich),Ruche du Joueur (Royaume),Colmena del Jugador (Reino),Colmeia do Apostador (Reino),Улей Азартных Игроков (Измерение),Alveare del Giocatore d'Azzardo (Regno),賭徒蜂巢（領域）,赌徒蜂巢（领域）,도박꾼의 소굴 (영역),Ul Hazardzisty (Kraina),Вулик Азартника (Царство),Gokkersbijenkorf (Rijk),Kumarbazın Kovanı (Diyar)
L_FLOOR_ASTRALGALLERYREALM,,Astral Gallery (Realm),アストラルギャラリー（領域）,Astralgalerie (Reich),Galerie Astrale (Royaume),Galería Astral (Reino),Galeria Astral (Reino),Астральная Галерея (Царство),Galleria Astrale (Regno),星界畫廊（領域）,星界画廊（领域）,천체 갤러리 (영역),Galeria Astralna (Kraina),Астральна Галерея (Царство),Astrale Galerij (Rijk),Astral Galeri (Alem)
L_FLOOR_OVERGROWNTEMPLEREALM,,Overgrown Temple (Realm),生い茂った寺院（レルム）,Überwucherter Tempel (Reich),Temple Envahi (Royaume),Templo Invadido por la Vegetación (Reino),Templo Coberto de Vegetação (Reino),Заросший Храм (Измерение),Tempio Invaso dalla Vegetazione (Regno),雜草叢生的神廟（境域）,荒蔓神庙（领域）,우거진 사원 (영역),Przerośnięta Świątynia (Kraina),Зарослий Храм (Царство),Overwoekerde Tempel (Rijk),Büyümüş Tapınak (Diyar)
L_FLOOR_LANDOFBREATH&BALANCEREALM,,Land of Breath & Balance (Realm),息吹と均衡の地（領域）,Land des Atems & Gleichgewichts (Reich),Terre de Souffle & Équilibre (Royaume),Tierra de Aliento y Equilibrio (Reino),Terra do Sopro e Equilíbrio (Reino),Земля Дыхания и Равновесия (Мир),Terra del Respiro e dell'Equilibrio (Regno),氣息與平衡之地（領域）,调息之地（领域）,숨결과 균형의 땅 (영역),Kraina Oddechu i Równowagi (Sfera),Земля Подиху і Рівноваги (Світ),Land van Adem & Balans (Rijk),Nefes ve Denge Diyarı (Alem)
L_FLOOR_FORBIDDENDEPTHSREALM,,Forbidden Depths (Realm),禁断の深淵（領域）,Verbotene Tiefen (Reich),Profondeurs Interdites (Royaume),Profundidades Prohibidas (Reino),Profundezas Proibidas (Reino),Запретные Глубины (Измерение),Profondità Proibite (Regno),禁忌深淵（領域）,深渊禁地（领域）,금지된 심연 (영역),Zakazane Głębie (Kraina),Заборонені Глибини (Царство),Verboden Diepten (Rijk),Yasaklı Derinlikler (Diyar)
L_FLOOR_DAMARELREALM,,Damarel (Realm),ダマレル（領域）,Damarel (Reich),Damarel (Royaume),Damarel (Reino),Damarel (Reino),Дамарел (Королевство),Damarel (Regno),達瑪雷爾（領域）,达玛瑞尔（领域）,다마렐 (영역),Damarel (Kraina),Дамарел (Королівство),Damarel (Rijk),Damarel (Diyar)
L_FLOOR_AMALGAMGARDENSREALM,,Amalgam Gardens (Realm),アマルガム・ガーデン（領域）,Amalgam-Gärten (Reich),Jardins d'Amalgame (Royaume),Jardines Amalgama (Reino),Jardins Amalgamados (Reino),Сады Амальгамы (Царство),Giardini dell'Amalgama (Regno),混合花園（領域）,融合花园（领域）,혼합 정원 (영역),Ogrody Amalgamatu (Kraina),Сади Амальгами (Царство),Amalgaamtuinen (Rijk),Birleşik Bahçeler (Diyar)
L_FLOOR_FORGOTTENLABREALM,,Forgotten Lab (Realm),忘れられた研究所（領域）,Vergessenes Labor (Reich),Laboratoire Oublié (Royaume),Laboratorio Olvidado (Reino),Laboratório Esquecido (Reino),Забытая Лаборатория (Измерение),Laboratorio Dimenticato (Regno),遺忘實驗室（領域）,被遗忘的实验室（领域）,잊혀진 연구실 (영역),Zapomniane Laboratorium (Kraina),Забута Лабораторія (Вимір),Vergeten Laboratorium (Rijk),Unutulmuş Laboratuvar (Diyar)
L_BG_BLACK,,Black,黒,Schwarz,Noir,Negro,Preto,Чёрный,Nero,黑色,黑色,검은색,Czarny,Чорний,Zwart,Siyah
L_BG_CLOUDSNIGHT,,Clouds (Night),雲（夜）,Wolken (Nacht),Nuages (Nuit),Nubes (Noche),Nuvens (Noite),Облака (Ночь),Nuvole (Notte),雲層（夜晚）,云（夜晚）,구름 (밤),Chmury (Noc),Хмари (Ніч),Wolken (Nacht),Bulutlar (Gece)
L_BG_CLOUDSREGULAR,,Clouds (Regular),雲（通常）,Wolken (Normal),Nuages (Régulier),Nubes (Regular),Nuvens (Regular),Облака (Обычные),Nuvole (Normale),雲朵（一般）,云（常规）,구름 (일반),Chmury (Zwykłe),Хмари (Звичайні),Wolken (Normaal),Bulutlar (Normal)
L_BG_CLOUDSSUNSET,,Clouds (Sunset),雲（夕暮れ）,Wolken (Sonnenuntergang),Nuages (Crépuscule),Nubes (Atardecer),Nuvens (Pôr do Sol),Облака (Закат),Nuvole (Tramonto),雲朵（黃昏）,云（日落）,구름 (노을),Chmury (Zachód słońca),Хмари (Захід сонця),Wolken (Zonsondergang),Bulutlar (Günbatımı)
L_BG_CLOUDSTOXIC,,Clouds (Toxic),雲(毒),Wolken (Giftig),Nuages (Toxiques),Nubes (Tóxico),Nuvens (Tóxicas),Облака (Токсичные),Nubi (Tossiche),雲霧（毒性）,云（剧毒）,구름 (독성),Chmury (Toksyczne),Хмари (Токсичні),Wolken (Giftig),Bulutlar (Toksik)
L_BG_HALLOWEEN,,Halloween,ハロウィン,Halloween,Halloween,Halloween,Halloween,Хэллоуин,Halloween,萬聖節,万圣,할로윈,Halloween,Хелловін,Halloween,Cadılar Bayramı
L_BG_BLUELIGHT,,Blue Light,ブルーライト,Blaues Licht,Lumière Bleue,Luz Azul,Luz Azul,Синий Свет,Luce Blu,藍光,蓝色光芒,푸른 빛,Niebieskie Światło,Синє Світло,Blauw Licht,Mavi Işık
L_BG_GOLDENLIGHT,,Golden Light,黄金の光,Goldenes Licht,Lumière Dorée,Luz Dorada,Luz Dourada,Translator: Золотой Свет,Luce Dorata,黃金之光,金色光芒,황금빛 빛,Złote Światło,Золоте Світло,Gouden Licht,Altın Işık
L_BG_PINKLIGHT,,Pink Light,ピンクライト,Rosa Licht,Lumière Rose,Luz Rosa,Luz Rosa,Розовый Свет,Luce Rosa,粉紅光芒,粉色光芒,분홍빛,Różowe Światło,Рожеве Світло,Roze Licht,Pembe Işık
L_BG_TEALLIGHT,,Teal Light,ティールライト,Türkises Licht,Lumière Sarcelle,Luz Turquesa,Luz Turquesa,Бирюзовый Свет,Luce Turchese,青藍光,青绿光芒,청록색 빛,Turkusowe Światło,Бірюзове Світло,Turkoois Licht,Turkuaz Işık
L_BG_BLOOD,,Blood,血,Blut,Sang,Sangre,Sangue,Кровь,Sangue,血液,血,피,Krew,Кров,Bloed,Kan
L_BG_LAVA,,Lava,溶岩,Lava,Lave,Lava,Lava,Лава,Lava,熔岩,熔岩,용암,Lawa,Лава,Lava,Lav
L_BG_POISON,,Poison,毒,Gift,Poison,Veneno,Veneno,Яд,Veleno,毒,毒,독,Trucizna,Отрута,Vergif,Zehir
L_BG_WATER,,Water,水,Wasser,Eau,Agua,Água,Вода,Acqua,水,水,물,Woda,Вода,Water,Su
L_BG_BLOODMIST,,Blood Mist,血霧,Blutnebel,Brume Sanglante,Niebla de Sangre,Névoa de Sangue,Кровавый Туман,Nebbia di Sangue,血霧,血雾,혈안개,Krwawa Mgła,Кривавий Туман,Bloedmist,Kan Sisi
L_BG_DARKMIST,,Dark Mist,ダークミスト,Dunkelnebel,Brume Sombre,Niebla Oscura,Névoa Sombria,Тёмный Туман,Nebbia Oscura,暗霧,暗雾,어둠의 안개,Mroczna Mgła,Темний Туман,Duistere Nevel,Karanlık Sis
L_BG_PINKMIST,,Pink Mist,ピンクミスト,Rosa Nebel,Brume Rose,Neblina Rosa,Névoa Rosa,Розовый Туман,Nebbia Rosa,粉紅霧氣,粉雾,핑크 미스트,Różowa Mgła,Рожевий Туман,Roze Nevel,Pembe Sis
L_BG_WHITEMIST,,White Mist,白霧,Weißer Nebel,Brume Blanche,Niebla Blanca,Névoa Branca,Белый Туман,Nebbia Bianca,白霧,白雾,하얀 안개,Biała Mgła,Білий Туман,Witte Nevel,Beyaz Sis
L_BG_STARSBLUE,,Stars (Blue),スター（青）,Sterne (Blau),Étoiles (Bleues),Estrellas (Azul),Estrelas (Azul),Звёзды (Синие),Stelle (Blu),星星（藍）,星星（蓝）,별 (파란색),Gwiazdy (Niebieskie),Зірки (Сині),Sterren (Blauw),Yıldızlar (Mavi)
L_BG_STARSPURPLE,,Stars (Purple),スター（紫）,Sterne (Lila),Étoiles (Violet),Estrellas (Púrpura),Estrelas (Roxo),Звёзды (Фиолетовые),Stelle (Viola),星星（紫色）,星星（紫）,별 (보라색),Gwiazdy (Fioletowe),Зірки (Фіолетові),Sterren (Paars),Yıldızlar (Mor)
L_BG_STARSRED,,Stars (Red),スター（赤）,Sterne (Rot),Étoiles (Rouge),Estrellas (Rojo),Estrelas (Vermelhas),Звёзды (Красные),Stelle (Rosse),星星（紅）,星星（红）,별 (빨강),Gwiazdy (Czerwone),Зірки (Червоні),Sterren (Rood),Yıldızlar (Kırmızı)
L_BG_STARSYELLOW,,Stars (Yellow),星（黄色）,Sterne (Gelb),Étoiles (Jaune),Estrellas (Amarillas),Estrelas (Amarelas),Звёзды (Жёлтые),Stelle (Gialle),星星（黃色）,星星（黄）,별 (노란색),Gwiazdy (Żółte),Зірки (Жовті),Sterren (Geel),Yıldızlar (Sarı)
L_BG_AZUREDREAMFLOOR,,Azure Dream (Floor),蒼の夢 (階層),Azurtraum (Stockwerk),Rêve d'Azur (Étage),Sueño Azur (Piso),Sonho Azul (Andar),Лазурный Сон (Этаж),Sogno Azzurro (Piano),蒼藍夢境（樓層）,碧蓝梦境（地板）,푸른 꿈 (층),Lazurowy Sen (Piętro),Лазуровий Сон (Поверх),Azuurblauwe Droom (Verdieping),Göksel Rüya (Kat)
L_BG_CUTTHROATJUNGLEFLOOR,,Cutthroat Jungle (Floor),殺伐とした密林（階層）,Halsabschneider-Dschungel (Etage),Jungle des Coupe-gorges (Étage),Jungla Despiadada (Piso),Selva dos Degoladores (Andar),Джунгли Головорезов (Этаж),Giungla dei Tagliagole (Piano),殺手叢林（樓層）,绝命丛林（地板）,살인귀 정글 (층),Dżungla Opryszków (Piętro),Джунглі Головорізів (Поверх),Meedogenloze Jungle (Verdieping),Haydut Ormanı (Kat)
L_BG_ETERNITY'SENDFLOOR,,Eternity's End (Floor),永遠の終焉（階層）,Ewigkeitsende (Etage),Fin de l'Éternité (Étage),Fin de la Eternidad (Piso),Fim da Eternidade (Andar),Конец Вечности (Этаж),Fine dell'Eternità (Piano),永恆終境（樓層）,永恒尽头（地板）,영원의 끝 (층),Kres Wieczności (Piętro),Кінець Вічності (Поверх),Einde der Eeuwigheid (Verdieping),Sonsuzluğun Sonu (Kat)
L_BG_FARAWAYENCLAVEFLOOR,,Faraway Enclave (Floor),遠方の飛地（階層）,Entlegene Enklave (Stockwerk),Enclave Lointaine (Étage),Enclave Lejano (Piso),Enclave Distante (Andar),Дальний Анклав (Этаж),Enclave Lontana (Piano),遙遠飛地（樓層）,遥远飞地（地板）,먼 곳의 은신처 (층),Odległa Enklawa (Piętro),Віддалений Анклав (Поверх),Verafgelegen Enclave (Verdieping),Uzak Yerleşke (Kat)
L_BG_FROSTBITECAVERNSFLOOR,,Frostbite Caverns (Floor),フロストバイト洞窟（階層）,Frostbiss-Höhlen (Etage),Cavernes du Gel Mordant (Étage),Cavernas Heladas (Piso),Cavernas Gélidas (Andar),Морозные Пещеры (Этаж),Caverne Gelide (Piano),霜咬洞窟（樓層）,寒霜洞穴（地板）,서리물림 동굴 (층),Lodowe Jaskinie (Piętro),Крижані Печери (Поверх),Ijsbijtgrotten (Verdieping),Ayaz Mağaraları (Kat)
L_BG_GREATPANDEMONIUMFLOOR,,Great Pandemonium (Floor),大混沌(階層),Großes Pandämonium (Stockwerk),Grand Pandémonium (Étage),Gran Pandemonium (Piso),Grande Pandemônio (Andar),Великий Пандемониум (Этаж),Grande Pandemonium (Piano),大混亂之地（樓層）,混乱之域（地板）,대혼란의 층,Wielki Pandemonium (Piętro),Великий Пандемоніум (Поверх),Groot Pandemonium (Verdieping),Büyük Kargaşa (Kat)
L_BG_KINGDOMOFHERETICSFLOOR,,Kingdom of Heretics (Floor),異端者の王国（階層）,Königreich der Ketzer (Etage),Royaume des Hérétiques (Étage),Reino de Herejes (Piso),Reino dos Hereges (Andar),Королевство Еретиков (Этаж),Regno degli Eretici (Piano),異教徒王國（樓層）,异教王国（地板）,이단자의 왕국 (층),Królestwo Heretyków (Piętro),Королівство Єретиків (Поверх),Koninkrijk der Ketters (Verdieping),Sapkınlar Krallığı (Kat)
L_BG_PATHOFTHEDAMNEDFLOOR,,Path of the Damned (Floor),堕落者の道（階層）,Pfad der Verdammten (Etage),Voie des Damnés (Étage),Camino de los Condenados (Piso),Caminho dos Condenados (Andar),Путь Проклятых (Этаж),Sentiero dei Dannati (Piano),詛咒之途（樓層）,亡者之路（地板）,저주받은 자의 길 (층),Ścieżka Potępionych (Piętro),Шлях Проклятих (Поверх),Pad der Verdoemden (Verdieping),Lanetlilerin Yolu (Kat)
L_BG_ARACHNIDNESTFLOOR,,Arachnid Nest (Floor),アラクニド・ネスト（フロア）,Spinnennest (Boden),Nid d'Arachnide (Étage),Nido de Arácnidos (Piso),Ninho de Aracnídeo (Andar),Паучье Гнездо (Этаж),Nido di Aracnidi (Piano),蜘蛛巢穴（地板）,蜘蛛巢穴（地板）,거미 둥지 (층),Gniazdo Arachnidów (Piętro),Павутинне Гніздо (Поверх),Spinnennest (Verdieping),Örümcek Yuvası (Kat)
L_BG_THEBARRENSFLOOR,,The Barrens (Floor),不毛の地（階層）,Die Ödlande (Stockwerk),Les Terres Arides (Étage),Los Páramos (Piso),Os Ermos (Andar),Пустоши (Этаж),Le Lande (Piano),荒原（樓層）,荒芜之地（地板）,황무지 (층),Jałowe Ziemie (Piętro),Пустища (Поверх),De Woestenij (Verdieping),Çorak Topraklar (Kat)
L_BG_THESWAMPLANDSFLOOR,,The Swamplands (Floor),沼地(階層),Die Sümpfe (Stockwerk),Les Marécages (Étage),Los Pantanos (Piso),Os Pântanos (Andar),Болотные земли (Этаж),Le Paludi (Piano),沼澤地帶（樓層）,沼泽之地（地板）,늪지대 (층),Bagna (Piętro),Болотні землі (Поверх),De Moeraslanden (Verdieping),Bataklık (Kat)
L_BG_TORTURECHAMBERFLOOR,,Torture Chamber (Floor),拷問室（床）,Folterkammer (Etage),Chambre de torture (Étage),Cámara de Tortura (Piso),Câmara de Tortura (Andar),Камера пыток (Этаж),Camera di Tortura (Piano),刑求室（地板）,酷刑密室（地板）,고문실 (바닥),Sala Tortur (Piętro),Катівня (Поверх),Martelkamer (Verdieping),İşkence Odası (Kat)
L_BG_REFUGEOFTHEMAGIFLOOR,,Refuge of the Magi (Floor),魔術師の避難所（階層）,Zuflucht der Magier (Etage),Refuge des Mages (Étage),Refugio de los Magos (Piso),Refúgio dos Magos (Andar),Убежище Магов (Этаж),Rifugio dei Maghi (Piano),法師避難所（樓層）,贤者避难所（地板）,마법사들의 피난처 (층),Schronienie Magów (Piętro),Притулок Магів (Поверх),Toevluchtsoord van de Magiërs (Verdieping),Büyücülerin Sığınağı (Kat)
L_BG_UNSULLIEDMEADOWSFLOOR,,Unsullied Meadows (Floor),穢れなき草原（階層）,Unbefleckte Auen (Etage),Prairies Immaculées (Étage),Prados Impolutos (Piso),Campinas Imaculadas (Andar),Нетронутые Луга (Этаж),Prati Incontaminati (Piano),純淨草原（樓層）,纯净草原（地板）,오염되지 않은 초원 (층),Nieskalane Łąki (Piętro),Незаплямовані Луки (Поверх),Onbevlekte Weiden (Verdieping),Lekesiz Çayırlar (Kat)
L_BG_WHERETHEDEADSHIPSDWELLFLOOR,,Where the Dead Ships Dwell (Floor),死せる船の住処（階層）,Wo die toten Schiffe ruhen (Etage),Où Gisent les Navires Morts (Étage),Donde Moran las Naves Muertas (Piso),Onde os Navios Mortos Habitam (Andar),Где Обитают Мёртвые Корабли (Этаж),Dove Dimorano le Navi Morte (Piano),亡船棲息之地（樓層）,亡船居所（地板）,죽은 배들이 머무는 곳 (층),Gdzie Spoczywają Martwe Statki (Piętro),Де Мешкають Мертві Кораблі (Поверх),Waar de Dode Schepen Verblijven (Verdieping),Ölü Gemilerin Mesken Tuttuğu Yer (Kat)
L_BG_BLOODGROVEFLOOR,,Blood Grove (Floor),血の林 (階層),Bluthain (Stockwerk),Bosquet Sanglant (Étage),Arboleda Sangrienta (Piso),Bosque Sangrento (Andar),Кровавая Роща (Этаж),Boschetto di Sangue (Piano),血林地帶（樓層）,血色树林（地板）,피의 숲 (층),Gaj Krwi (Piętro),Кривавий Гай (Поверх),Bloedwoud (Verdieping),Kan Korusu (Kat)
L_BG_TITAN'SWOUNDFLOOR,,Titan's Wound (Floor),タイタンの傷跡（階層）,Titanenwunde (Boden),Blessure du Titan (Étage),Herida del Titán (Piso),Ferida do Titã (Andar),Рана Титана (Этаж),Ferita del Titano (Piano),泰坦之傷（地板）,泰坦之伤（地板）,타이탄의 상처 (층),Rana Tytana (Piętro),Рана Титана (Поверх),Wond van de Titaan (Verdieping),Titan'ın Yarası (Kat)
L_BG_TEMPLEOFLIESFLOOR,,Temple of Lies (Floor),嘘の神殿（階層）,Tempel der Lügen (Etage),Temple des Mensonges (Étage),Templo de las Mentiras (Piso),Templo das Mentiras (Andar),Храм Лжи (Этаж),Tempio delle Menzogne (Piano),謊言神殿（樓層）,谎言神庙（地板）,거짓의 신전 (층),Świątynia Kłamstw (Piętro),Храм Брехні (Поверх),Tempel van Leugens (Verdieping),Yalanlar Tapınağı (Kat)
L_BG_SANCTUMUMBRAFLOOR,,Sanctum Umbra (Floor),聖域の影 (階層),Sanctum Umbra (Etage),Sanctum Umbra (Étage),Sanctum Umbra (Piso),Sanctum Umbra (Andar),Святилище Теней (Этаж),Sanctum Umbra (Piano),闇聖殿（樓層）,暗影圣所（地板）,성역의 그림자 (층),Sanktuarium Cienia (Piętro),Святилище Тіні (Поверх),Sanctum Umbra (Verdieping),Gölge Tapınağı (Kat)
L_BG_CAUSTICREACTORFLOOR,,Caustic Reactor (Floor),腐食反応炉（床）,Ätzender Reaktor (Boden),Réacteur Caustique (Sol),Reactor Cáustico (Piso),Reator Cáustico (Andar),Едкий Реактор (Этаж),Reattore Caustico (Piano),腐蝕反應爐（地板）,腐蚀性反应堆（地板）,부식성 원자로 (바닥),Reaktor Żrący (Piętro),Їдкий реактор (Поверх),Bijtende Reactor (Vloer),Kostik Reaktör (Zemin)
L_BG_BASTIONOFTHEVOIDFLOOR,,Bastion of the Void (Floor),虚無の砦（階層）,Bastion der Leere (Etage),Bastion du Néant (Étage),Bastión del Vacío (Piso),Bastião do Vazio (Andar),Бастион Пустоты (Этаж),Bastione del Vuoto (Piano),虛空堡壘（樓層）,虚空堡垒（地板）,공허의 요새 (층),Bastion Pustki (Piętro),Бастіон Порожнечі (Поверх),Bastion van de Leegte (Verdieping),Boşluğun Kalesi (Kat)
L_BG_GLITTER,,Glitter,キラキラ,Glitzer,Éclat,Brillo,Brilho,Блеск,Scintillio,閃粉,闪光,반짝임,Błysk,Блиск,Glitter,Parıltı
L_BG_GLITTERSUBTLE,,Glitter (Subtle),キラキラ（控えめ）,Glitzer (Dezent),Éclat (Subtil),Brillo (Sutil),Brilho (Sutil),Блеск (Тонкий),Scintillio (Sottile),閃粉（微妙）,闪光（暗淡）,반짝임 (미묘한),Błysk (Subtelny),Мерехтіння (Тонке),Glinstering (Subtiel),Parıltı (Hafif)
L_BG_MUSEACRYLLIC,,Muse (Acryllic),ミューズ（アクリル）,Muse (Acryllic),Muse (Acrylique),Musa (Acrílico),Musa (Acrílica),Муза (Акрил),Musa (Acrilico),繆思（壓克力）,缪斯（丙烯酸颜料）,뮤즈 (아크릴릭),Muza (Akrylowa),Муза (Акрил),Muze (Acryl),Muse (Akrilik)
L_BG_MUSEDARK,,Muse (Dark),ミューズ（闇）,Muse (Dunkel),Muse (Ténèbres),Musa (Oscura),Musa (Sombria),Муза (Тьма),Musa (Oscura),繆思（黑暗）,缪斯（深色）,뮤즈 (어둠),Muza (Mrok),Муза (Темна),Muze (Duister),Müz (Karanlık)
L_BG_MUSEPASTELS,,Muse (Pastels),ミューズ（パステル）,Muse (Pastels),Muse (Pastels),Musa (Pasteles),Musa (Pastéis),Муза (Пастель),Musa (Pastelli),繆思（粉彩）,缪斯（彩色蜡笔）,뮤즈 (파스텔),Muza (Pastele),Муза (Пастелі),Muze (Pastels),Muse (Pasteller)
L_BG_PERDITIONBLUERUNES,,Perdition (Blue Runes),破滅（青のルーン）,Verdammnis (Blaue Runen),Perdition (Runes Bleues),Perdición (Runas Azules),Perdição (Runas Azuis),Погибель (Синие руны),Perdizione (Rune Blu),滅亡（藍色符文）,珀迪森（蓝色符文）,멸망 (푸른 룬),Zatracenie (Niebieskie Runy),Загибель (Сині Руни),Verdoemenis (Blauwe Runen),Cehennem (Mavi Runlar)
L_BG_PERDITIONGREENRUNES,,Perdition (Green Runes),破滅（緑のルーン）,Verdammnis (Grüne Runen),Perdition (Runes Vertes),Perdición (Runas Verdes),Perdição (Runas Verdes),Погибель (Зеленые Руны),Perdizione (Rune Verdi),滅亡（綠色符文）,珀迪森（绿色符文）,멸망 (녹색 룬),Zatracenie (Zielone Runy),Загибель (Зелені Руни),Verdoemenis (Groene Runen),Mahvolma (Yeşil Runlar)
L_BG_PERDITIONREDRUNES,,Perdition (Red Runes),破滅（赤色のルーン）,Verdammnis (Rote Runen),Perdition (Runes Rouges),Perdición (Runas Rojas),Perdição (Runas Vermelhas),Погибель (Красные Руны),Perdizione (Rune Rosse),滅亡（紅色符文）,珀迪森（红色符文）,멸망 (붉은 룬),Zatracenie (Czerwone Runy),Загибель (Червоні Руни),Verdoemenis (Rode Runen),Cehennem (Kızıl Runlar)
L_BG_PERDITIONYELLOWRUNES,,Perdition (Yellow Runes),破滅（黄色のルーン）,Verdammnis (Gelbe Runen),Perdition (Runes Jaunes),Perdición (Runas Amarillas),Perdição (Runas Amarelas),Погибель (Жёлтые Руны),Perdizione (Rune Gialle),滅亡（黃色符文）,珀迪森（黄色符文）,멸망 (노란 룬),Zatracenie (Żółte Runy),Загибель (Жовті Руни),Verdoemenis (Gele Runen),Cehennem (Sarı Runlar)
L_BG_YSEROSSANDSTORM,,Yseros (Sandstorm),イセロス（サンドストーム）,Yseros (Sandsturm),Yseros (Tempête de sable),Yseros (Tormenta de Arena),Yseros (Tempestade de Areia),Исерос (Песчаная буря),Yseros (Tempesta di Sabbia),伊瑟洛斯（沙暴）,伊瑟洛丝（沙尘暴）,이세로스 (모래폭풍),Yseros (Burza Piaskowa),Ісерос (Піщана буря),Yseros (Zandstorm),Yseros (Kum Fırtınası)
L_BG_YSEROSMIRAGELIGHTS,,Yseros (Mirage Lights),イセロス（蜃気楼の光）,Yseros (Truglichter),Yseros (Lumières Mirages),Yseros (Luces Espejismo),Yseros (Luzes de Miragem),Исерос (Мираж Огней),Yseros (Luci Illusorie),伊瑟洛斯（幻影之光）,伊瑟洛丝（幻象之光）,이세로스 (신기루 빛),Yseros (Światła Mirażu),Ісерос (Міражні Вогні),Yseros (Luchtspiegeling Lichten),Yseros (Serap Işıkları)
L_BG_SURATHLISUBTLERADIANCE,,Surathli (Subtle Radiance),スラスリ（微かな輝き）,Surathli (Subtile Ausstrahlung),Surathli (Rayonnement Subtil),Surathli (Resplandor Sutil),Surathli (Radiância Sutil),Суратли (Тонкое Сияние),Surathli (Radianza Sottile),蘇拉斯利（微妙輝光）,苏拉斯莉（暗淡辉光）,수라틀리 (미묘한 광채),Surathli (Subtelny Blask),Суратлі (Тонке Сяйво),Surathli (Subtiele Uitstraling),Surathli (İnce Işıltı)
L_BG_LISTERSUBTLETROPICAL,,Lister (Subtle Tropical),リスター（サブトル・トロピカル）,Lister (Subtropisch),Lister (Tropical Subtil),Lister (Tropical Sutil),Lister (Tropical Sutil),Листер (Тонкий Тропический),Lister (Tropicale Sottile),列斯特（微妙熱帶）,利斯特（暗淡热带）,리스터 (은은한 트로피컬),Lister (Subtelny Tropikalny),Лістер (Витончений Тропічний),Lister (Subtiel Tropisch),Lister (İnce Tropikal)
L_BG_LISTERGREENTROPICAL,,Lister (Green Tropical),リスター（グリーン・トロピカル）,Lister (Grüner Tropischer),Lister (Tropical Vert),Lister (Tropical Verde),Lister (Tropical Verde),Листер (Зеленый Тропический),Lister (Tropicale Verde),列表器（綠色熱帶）,利斯特（绿色热带）,리스터 (그린 트로피컬),Lister (Zielony Tropikalny),Лістер (Зелений Тропічний),Lister (Groene Tropische),Lister (Yeşil Tropikal)
L_BG_LISTERORANGETROPICAL,,Lister (Orange Tropical),リスター（オレンジトロピカル）,Lister (Oranges Tropengewächs),Lister (Orange Tropical),Lister (Tropical Naranja),Lister (Tropical Laranja),Листер (Оранжевый Тропический),Lister (Tropicale Arancione),列表器（橙色熱帶）,利斯特（橙色热带）,리스터 (오렌지 트로피컬),Lister (Pomarańczowy Tropikalny),Лістер (Помаранчевий Тропічний),Lister (Oranje Tropisch),Lister (Turuncu Tropikal)
L_BG_SURATHLIBLUERADIANCE,,Surathli (Blue Radiance),スラスリ（蒼輝）,Surathli (Blaue Ausstrahlung),Surathli (Radiance Bleue),Surathli (Resplandor Azul),Surathli (Radiância Azul),Суратли (Синее Сияние),Surathli (Radianza Blu),蘇拉斯利（藍輝）,苏拉斯莉（蓝色辉光）,수라틀리 (푸른 광휘),Surathli (Błękitny Blask),Суратлі (Блакитне Сяйво),Surathli (Blauwe Uitstraling),Surathli (Mavi Işıltı)
L_BG_SURATHLIWHITERADIANCE,,Surathli (White Radiance),スラスリ（白輝）,Surathli (Weißer Glanz),Surathli (Radiance Blanche),Surathli (Resplandor Blanco),Surathli (Radiância Branca),Суратли (Белое Сияние),Surathli (Radianza Bianca),蘇拉斯利（白輝）,苏拉斯莉（白色辉光）,수라틀리 (백색 광휘),Surathli (Biały Blask),Суратлі (Біле Сяйво),Surathli (Witte Uitstraling),Surathli (Beyaz Parıltı)
L_BG_SURATHLIYELLOWRADIANCE,,Surathli (Yellow Radiance),スラスリ（黄色の輝き）,Surathli (Gelbe Ausstrahlung),Surathli (Radiance Jaune),Surathli (Resplandor Amarillo),Surathli (Radiância Amarela),Суратли (Жёлтое Сияние),Surathli (Radianza Gialla),蘇拉斯利（黃輝）,苏拉斯莉（黄色辉光）,수라틀리 (황금빛 광채),Surathli (Żółta Poświata),Суратлі (Жовте Сяйво),Surathli (Gele Uitstraling),Surathli (Sarı Işıltı)
L_BG_T'MEREM'RGOBLUE/PURPLERUNES,,T'mere M'rgo (Blue/Purple Runes),ティメア・マーゴ（青/紫のルーン）,T'mere M'rgo (Blaue/Lila Runen),T'mere M'rgo (Runes Bleues/Violettes),T'mere M'rgo (Runas Azules/Púrpuras),T'mere M'rgo (Runas Azuis/Roxas),Т'мере М'рго (Синие/Фиолетовые Руны),T'mere M'rgo (Rune Blu/Viola),提米爾·莫戈（藍/紫符文）,特米尔·莫尔戈（蓝紫符文）,티메르 므르고 (파랑/보라 룬),T'mere M'rgo (Niebieskie/Fioletowe Runy),Т'мере М'рґо (Сині/Фіолетові Руни),T'mere M'rgo (Blauwe/Paarse Runen),T'mere M'rgo (Mavi/Mor Runlar)
L_BG_T'MEREM'RGOPINK/PURPLERUNES,,T'mere M'rgo (Pink/Purple Runes),ティメア・マーゴ（ピンク/パープルルーン）,T'mere M'rgo (Rosa/Violette Runen),T'mere M'rgo (Runes Roses/Violettes),T'mere M'rgo (Runas Rosas/Púrpuras),T'mere M'rgo (Runas Rosa/Roxas),Т'мере М'рго (Розовые/Фиолетовые Руны),T'mere M'rgo (Rune Rosa/Viola),提米爾·莫戈（粉紅/紫色符文）,特米尔·莫尔戈（粉紫符文）,티메르 므르고 (분홍색/보라색 룬),T'mere M'rgo (Różowe/Fioletowe Runy),Т'мере М'рґо (Рожеві/Фіолетові Руни),T'mere M'rgo (Roze/Paarse Runen),T'mere M'rgo (Pembe/Mor Runler)
L_BG_T'MEREM'RGOPINK/GREENRUNES,,T'mere M'rgo (Pink/Green Runes),ティメア・マーゴ（ピンク/グリーンルーン）,T'mere M'rgo (Rosa/Grüne Runen),T'mere M'rgo (Runes Roses/Vertes),T'mere M'rgo (Runas Rosas/Verdes),T'mere M'rgo (Runas Rosa/Verde),Т'мер М'рго (Розовые/Зеленые Руны),T'mere M'rgo (Rune Rosa/Verde),提米爾·莫戈（粉紅/綠色符文）,特米尔·莫尔戈（粉绿符文）,티메르 므르고 (분홍색/녹색 룬),T'mere M'rgo (Różowe/Zielone Runy),Т'мере М'рґо (Рожеві/Зелені Руни),T'mere M'rgo (Roze/Groene Runen),T'mere M'rgo (Pembe/Yeşil Runlar)
L_BG_AURUMPOLISHED,,Aurum (Polished),オーラム（磨き上げられた）,Aurum (Poliert),Aurum (Poli),Aurum (Pulido),Aurum (Polido),Аурум (Полированный),Aurum (Lucidato),黃金（拋光）,奥鲁姆（抛光）,아우룸 (광택),Aurum (Wypolerowany),Аурум (Полірований),Aurum (Gepolijst),Aurum (Parlatılmış)
L_BG_AURUMBRIGHTSUBTLE,,Aurum (Bright Subtle),オーラム（ブライト・サブトル）,Aurum (Helles Dezentes),Aurum (Subtil Lumineux),Aurum (Sutil Brillante),Aurum (Brilho Sutil),Аурум (Яркий Тонкий),Aurum (Luminoso Sottile),奧倫（明亮微妙）,奥鲁姆（明亮暗淡）,아우룸 (밝은 미묘함),Aurum (Jasny Subtelny),Аурум (Яскравий Тонкий),Aurum (Helder Subtiel),Aurum (Parlak İnce)
L_BG_AURUMRICH,,Aurum (Rich),オーラム（裕福）,Aurum (Reich),Aurum (Riche),Aurum (Rico),Aurum (Rico),Аурум (Богатый),Aurum (Ricco),黃金（富有）,奥鲁姆（浓艳）,아우룸 (부유함),Aurum (Bogaty),Аурум (Багатий),Aurum (Rijk),Aurum (Zengin)
L_BG_AURUMDARKSUBTLE,,Aurum (Dark Subtle),オーラム（ダークサブトル）,Aurum (Dunkel Subtil),Aurum (Sombre Subtil),Aurum (Oscuro Sutil),Aurum (Sombrio Sutil),Аурум (Тёмный Скрытый),Aurum (Oscuro Sottile),奧倫（暗沉微妙）,奥鲁姆（深色暗淡）,아우룸 (어둡고 미묘한),Aurum (Mroczny Subtelny),Аурум (Темний Прихований),Aurum (Donker Subtiel),Aurum (Karanlık İnce)
L_BG_TENEBRISVOIDEYES,,Tenebris (Void Eyes),テネブリス（虚無の眼）,Tenebris (Leere Augen),Tenebris (Yeux du Néant),Tenebris (Ojos del Vacío),Tenebris (Olhos do Vazio),Тенебрис (Глаза Пустоты),Tenebris (Occhi del Vuoto),特涅布里斯（虛無之眼）,特内布里斯（虚空之眼）,테네브리스 (공허의 눈),Tenebris (Oczy Pustki),Тенебріс (Очі Порожнечі),Tenebris (Leegte-ogen),Tenebris (Boşluk Gözleri)
L_BG_TENEBRISVOIDCLOUDS,,Tenebris (Void Clouds),テネブリス（虚無の雲）,Tenebris (Leere-Wolken),Tenebris (Nuages du Néant),Tenebris (Nubes del Vacío),Tenebris (Nuvens do Vazio),Тенебрис (Облака Пустоты),Tenebris (Nubi del Vuoto),特涅布里斯（虛空雲）,特内布里斯（虚空之云）,테네브리스 (공허의 구름),Tenebris (Chmury Pustki),Тенебріс (Порожнечі Хмари),Tenebris (Leegtewolken),Tenebris (Boşluk Bulutları)
L_BG_AZURALSNOW,,Azural (Snow),アズラル（雪）,Azural (Schnee),Azural (Neige),Azural (Nieve),Azural (Neve),Азурал (Снег),Azural (Neve),艾祖拉爾（雪）,阿祖拉（雪）,아주랄 (눈),Azural (Śnieg),Азурал (Сніг),Azural (Sneeuw),Azural (Kar)
L_BG_AZURALSUBTLESNOW,,Azural (Subtle Snow),アズラル（淡雪）,Azural (Sanfter Schnee),Azural (Neige Subtile),Azural (Nieve Sutil),Azural (Neve Sutil),Азурал (Незаметный Снег),Azural (Neve Sottile),艾祖拉爾（微雪）,阿祖拉（暗淡雪）,아주랄 (미묘한 눈),Azural (Subtelny Śnieg),Азурал (Ледь Помітний Сніг),Azural (Subtiele Sneeuw),Azural (Hafif Kar)
L_BG_AEOLIANBREEZE,,Aeolian (Breeze),エオリアン（そよ風）,Äolisch (Brise),Éolien (Brise),Eólico (Brisa),Eólio (Brisa),Эолийский (Бриз),Aeoliano (Brezza),伊奧利安（微風）,伊欧利安（微风）,에올리안 (미풍),Eolski (Bryza),Еолійський (Бриз),Aeolisch (Bries),Aeolian (Esinti)
L_BG_AEOLIANWINDSTORM,,Aeolian (Wind Storm),イオリアン（風嵐）,Äolisch (Windsturm),Éolien (Tempête de Vent),Eólico (Tormenta de Viento),Eólico (Tempestade de Vento),Эолийский (Буря Ветров),Aeoliano (Tempesta di Vento),伊奧利安（風暴）,伊欧利安（风暴）,에올리안 (바람 폭풍),Eolijski (Burza Wiatru),Еолійський (Буревій),Aeolisch (Windstorm),Aeolian (Rüzgar Fırtınası)
L_BG_AEOLIANSUBTLEWIND,,Aeolian (Subtle Wind),イオリアン（微風）,Äolisch (Sanfter Wind),Éolien (Vent Subtil),Eólico (Viento Sutil),Eólio (Vento Sutil),Эолийский (Тонкий Ветер),Eolio (Vento Sottile),伊奧利安（微風）,伊欧利安（暗淡风）,에올리안 (미묘한 바람),Eolski (Subtelny Wiatr),Еоловий (Легкий Вітер),Aeolisch (Subtiele Wind),Aeolian (Hafif Rüzgar)
L_BG_ZONTEBLUECONSTELLATION,,Zonte (Blue Constellation),ゾンテ（青い星座）,Zonte (Blaue Konstellation),Zonte (Constellation Bleue),Zonte (Constelación Azul),Zonte (Constelação Azul),Зонте (Синее Созвездие),Zonte (Costellazione Blu),宗特（藍色星座）,佐特（蓝色星座）,존테 (푸른 별자리),Zonte (Niebieska Konstelacja),Зонте (Синє Сузір'я),Zonte (Blauwe Constellatie),Zonte (Mavi Takımyıldız)
L_BG_ZONTEPURPLECONSTELLATION,,Zonte (Purple Constellation),ゾンテ（紫の星座）,Zonte (Lila Konstellation),Zonte (Constellation Violette),Zonte (Constelación Púrpura),Zonte (Constelação Roxa),Зонте (Пурпурное Созвездие),Zonte (Costellazione Viola),宗特（紫色星座）,佐特（紫色星座）,존테 (보라색 별자리),Zonte (Fioletowa Konstelacja),Зонте (Пурпурове Сузір'я),Zonte (Paarse Constellatie),Zonte (Mor Takımyıldız)
L_BG_ZONTEORANGECONSTELLATION,,Zonte (Orange Constellation),ゾンテ（オレンジの星座）,Zonte (Orange-Sternbild),Zonte (Constellation Orange),Zonte (Constelación Naranja),Zonte (Constelação Laranja),Зонте (Оранжевое Созвездие),Zonte (Costellazione Arancione),宗特（橙色星座）,佐特（橙色星座）,존테 (오렌지 별자리),Zonte (Pomarańczowa Konstelacja),Зонте (Помаранчеве Сузір'я),Zonte (Oranje Constellatie),Zonte (Turuncu Takımyıldız)
L_BG_ZONTESUBTLECONSTELLATION,,Zonte (Subtle Constellation),ゾンテ（微妙な星座）,Zonte (Subtile Konstellation),Zonte (Constellation Subtile),Zonte (Constelación Sutil),Zonte (Constelação Sutil),Зонте (Тонкое Созвездие),Zonte (Costellazione Sottile),宗特（微妙星座）,佐特（暗淡星座）,존테 (미묘한 별자리),Zonte (Subtelna Konstelacja),Зонте (Тонке Сузір'я),Zonte (Subtiele Constellatie),Zonte (Gizli Takımyıldız)
L_BG_RECLUSAFELTCARDS,,Reclusa (Felt Cards),レクルーサ（フェルトカード）,Reclusa (Filzkarten),Reclusa (Cartes de Feutre),Reclusa (Cartas de Fieltro),Reclusa (Cartas de Feltro),Реклуза (Войлочные карты),Reclusa (Carte di Feltro),雷克魯薩（氈卡）,瑞克露莎（毛毡卡牌）,레클루사 (펠트 카드),Reclusa (Filcowe Karty),Реклюза (Фетрові карти),Reclusa (Viltkaarten),Reclusa (Keçe Kartlar)
L_BG_RECLUSATRADITIONALCARDS,,Reclusa (Traditional Cards),レクルーサ（トラディショナルカード）,Reclusa (Traditionelle Karten),Reclusa (Cartes Traditionnelles),Reclusa (Cartas Tradicionales),Reclusa (Cartas Tradicionais),Реклуза (Традиционные карты),Reclusa (Carte Tradizionali),蜘蛛（傳統卡牌）,瑞克露莎（传统卡牌）,레클루사 (전통 카드),Reclusa (Tradycyjne Karty),Реклюза (Традиційні карти),Reclusa (Traditionele Kaarten),Reclusa (Geleneksel Kartlar)
L_BG_RECLUSAHIVE,,Reclusa (Hive),レクルーサ（ハイヴ）,Reclusa (Schwarm),Reclusa (Ruche),Reclusa (Colmena),Reclusa (Colmeia),Реклуза (Улей),Reclusa (Alveare),雷克魯薩（巢穴）,瑞克露莎（蜂巢）,레클루사 (군락),Reclusa (Gniazdo),Реклюза (Вулик),Reclusa (Zwerm),Reclusa (Kovan)
L_BG_RECLUSASUBTLEHIVE,,Reclusa (Subtle Hive),レクルーサ（隠れ巣）,Reclusa (Subtiles Nest),Reclusa (Ruche Subtile),Reclusa (Colmena Sutil),Reclusa (Colmeia Sutil),Реклуза (Скрытый Улей),Reclusa (Alveare Sottile),蛛巢（隱秘蜂巢）,瑞克露莎（暗淡巢穴）,레클루사 (은밀한 군락),Reclusa (Subtelny Ul),Реклюза (Прихований Вулик),Reclusa (Subtiele Zwerm),Reclusa (Gizli Kovan)
L_BG_ALEXANDRIASUBTLECOPPER,,Alexandria (Subtle Copper),アレクサンドリア（サブタイル・カッパー）,Alexandria (Subtiles Kupfer),Alexandrie (Cuivre Subtil),Alexandria (Cobre Sutil),Alexandria (Cobre Sutil),Александрия (Тонкая Медь),Alessandria (Rame Sottile),亞歷山卓（微妙銅）,亚历山大（暗淡铜）,알렉산드리아 (은은한 구리),Aleksandria (Subtelna Miedź),Александрія (Тонка Мідь),Alexandria (Subtiel Koper),Alexandria (Hafif Bakır)
L_BG_ALEXANDRIACOPPER,,Alexandria (Copper),アレクサンドリア（銅）,Alexandria (Kupfer),Alexandrie (Cuivre),Alejandría (Cobre),Alexandria (Cobre),Александрия (Медь),Alessandria (Rame),亞歷山卓（銅）,亚历山大（铜）,알렉산드리아 (구리),Aleksandria (Miedź),Александрія (Мідь),Alexandria (Koper),Alexandria (Bakır)
L_BG_ALEXANDRIASTEEL,,Alexandria (Steel),アレクサンドリア（鋼）,Alexandria (Stahl),Alexandria (Acier),Alexandria (Acero),Alexandria (Aço),Александрия (Сталь),Alessandria (Acciaio),亞歷山卓（鋼鐵）,亚历山大（钢）,알렉산드리아 (강철),Aleksandria (Stal),Александрія (Сталь),Alexandria (Staal),Alexandria (Çelik)
L_BG_ALEXANDRIASUBTLESTEEL,,Alexandria (Subtle Steel),アレクサンドリア（繊細な鋼）,Alexandria (Subtiler Stahl),Alexandrie (Acier Subtil),Alexandria (Acero Sutil),Alexandria (Aço Sutil),Александрия (Тонкая Сталь),Alessandria (Acciaio Sottile),亞歷山卓（隱鋼）,亚历山大（暗淡钢）,알렉산드리아 (미묘한 강철),Aleksandria (Subtelna Stal),Александрія (Витончена Сталь),Alexandria (Subtiel Staal),Alexandria (İnce Çelik)
L_BG_FRIDENBLUE,,Friden (Blue),フリデン（青）,Friden (Blau),Friden (Bleu),Friden (Azul),Friden (Azul),Фриден (Синий),Friden (Blu),弗里登（藍）,弗里登（蓝）,프리덴 (블루),Friden (Niebieski),Фріден (Синій),Friden (Blauw),Friden (Mavi)
L_BG_FRIDENGREEN,,Friden (Green),フリデン（緑）,Friden (Grün),Friden (Vert),Friden (Verde),Friden (Verde),Фриден (Зеленый),Friden (Verde),弗里登（綠）,弗里登（绿）,프리덴 (초록),Friden (Zielony),Фріден (Зелений),Friden (Groen),Friden (Yeşil)
L_BG_VERTRAAGPURPLENEBULA,,Vertraag (Purple Nebula),ヴェルトラーグ（紫色の星雲）,Vertraag (Violetter Nebel),Vertraag (Nébuleuse Pourpre),Vertraag (Nebulosa Púrpura),Vertraag (Nebulosa Púrpura),Вертрааг (Пурпурная Туманность),Vertraag (Nebulosa Viola),維特拉格（紫色星雲）,维特拉戈（紫色星云）,베르트라그 (보라색 성운),Vertraag (Purpurowa Mgławica),Вертрааг (Пурпурова Туманність),Vertraag (Paarse Nevel),Vertraag (Mor Nebula)
L_BG_VERTRAAGPLANETARY,,Vertraag (Planetary),ヴェルトラーグ（惑星）,Vertraag (Planetarisch),Vertraag (Planétaire),Vertraag (Planetario),Vertraag (Planetário),Вертрааг (Планетарный),Vertraag (Planetario),維特拉格（行星）,维特拉戈（行星）,버트라그 (행성),Vertraag (Planetarny),Вертрааг (Планетарний),Vertraag (Planetair),Vertraag (Gezegensel)
L_BG_VERTRAAGBLUENEBULA,,Vertraag (Blue Nebula),ヴェルトラーグ（青い星雲）,Vertraag (Blaue Nebula),Vertraag (Nébuleuse Bleue),Vertraag (Nebulosa Azul),Vertraag (Nebulosa Azul),Вертрааг (Голубая Туманность),Vertraag (Nebulosa Blu),維特拉格（藍色星雲）,维特拉戈（蓝色星云）,버트라그 (푸른 성운),Vertraag (Błękitna Mgławica),Вертрааг (Блакитна Туманність),Vertraag (Blauwe Nevel),Vertraag (Mavi Nebula)
L_BG_EREBYSSROSES,,Erebyss (Roses),エレビス（薔薇）,Erebyss (Rosen),Erebyss (Roses),Erebyss (Rosas),Erebyss (Rosas),Эребисс (Розы),Erebyss (Rose),艾瑞比斯（玫瑰）,艾瑞比丝（玫瑰）,에레비스 (장미),Erebyss (Róże),Еребісс (Троянди),Erebyss (Rozen),Erebyss (Güller)
L_BG_EREBYSSSUBTLEROSES,,Erebyss (Subtle Roses),エレビス（隠れ薔薇）,Erebyss (Subtile Rosen),Erebyss (Roses Subtiles),Erebyss (Rosas Sutiles),Erebyss (Rosas Sutis),Эребисс (Нежные Розы),Erebyss (Rose Sottili),艾瑞比斯（微妙玫瑰）,艾瑞比丝（暗淡玫瑰）,에레비스 (은은한 장미),Erebyss (Subtelne Róże),Еребіс (Витончені Троянди),Erebyss (Subtiele Rozen),Erebyss (Zarif Güller)
L_BG_EREBYSSSKULLS,,Erebyss (Skulls),エレビス（スカル）,Erebyss (Schädel),Erebyss (Crânes),Erebyss (Calaveras),Erebyss (Caveiras),Эребисс (Черепа),Erebyss (Teschi),艾瑞比斯（骷髏）,艾瑞比丝（骷髅）,에레비스 (해골),Erebyss (Czaszki),Еребіс (Черепи),Erebyss (Schedels),Erebyss (Kafatasları)
L_BG_EREBYSSSUBTLESKULLS,,Erebyss (Subtle Skulls),エレビス（隠密の髑髏団）,Erebyss (Subtile Schädel),Erebyss (Crânes Subtils),Erebyss (Cráneos Sutiles),Erebyss (Crânios Sutis),Эребисс (Незаметные Черепа),Erebyss (Teschi Sottili),艾瑞比斯（隱匿骷髏）,艾瑞比丝（暗淡骷髅）,에레비스 (교활한 해골단),Erebyss (Subtelne Czaszki),Еребіс (Непомітні Черепи),Erebyss (Subtiele Schedels),Erebyss (Gizli Kafatasları)
L_BG_ARIAMAKIDARK,,Ariamaki (Dark),アリアマキ（闇）,Ariamaki (Dunkel),Ariamaki (Ténèbres),Ariamaki (Oscuro),Ariamaki (Sombrio),Ариамаки (Тёмный),Ariamaki (Oscuro),艾莉亞瑪基（黑暗）,阿瑞玛基（深色）,아리아마키 (어둠),Ariamaki (Mrok),Аріамакі (Темний),Ariamaki (Duister),Ariamaki (Karanlık)
L_BG_ARIAMAKISUBTLE,,Ariamaki (Subtle),アリアマキ（控えめ）,Ariamaki (Subtil),Ariamaki (Subtil),Ariamaki (Sutil),Ariamaki (Sutil),Ариамаки (Тонкий),Ariamaki (Sottile),艾莉亞瑪基（微妙）,阿瑞玛基（暗淡）,아리아마키 (미묘한),Ariamaki (Subtelny),Аріамакі (Тонкий),Ariamaki (Subtiel),Ariamaki (Gizli)
L_BG_ARIAMAKILIGHT,,Ariamaki (Light),アリアマキ（ライト）,Ariamaki (Licht),Ariamaki (Lumière),Ariamaki (Luz),Ariamaki (Luz),Ариамаки (Свет),Ariamaki (Luce),艾莉亞瑪基（光）,阿瑞玛基（浅色）,아리아마키 (빛),Ariamaki (Światło),Аріамакі (Світло),Ariamaki (Licht),Ariamaki (Işık)
L_BG_ANNELTHAAMBER,,Anneltha (Amber),アネルサ（アンバー）,Anneltha (Bernstein),Anneltha (Ambre),Anneltha (Ámbar),Anneltha (Âmbar),Аннельта (Янтарь),Anneltha (Ambra),安妮爾薩（琥珀）,安妮莎（琥珀）,안넬타 (앰버),Anneltha (Bursztyn),Аннельта (Бурштин),Anneltha (Amber),Anneltha (Kehribar)
L_BG_ANNELTHAMALACHITE,,Anneltha (Malachite),アネルサ（孔雀石）,Anneltha (Malachit),Anneltha (Malachite),Anneltha (Malaquita),Anneltha (Malaquita),Аннельта (Малахит),Anneltha (Malachite),安妮爾薩（孔雀石）,安妮莎（孔雀石）,안넬타 (공작석),Anneltha (Malachit),Аннельта (Малахіт),Anneltha (Malachiet),Anneltha (Malakit)
L_BG_ANNELTHAROSEQUARTZ,,Anneltha (Rose Quartz),アネルサ（ローズクォーツ）,Anneltha (Rosenquarz),Anneltha (Quartz Rose),Anneltha (Cuarzo Rosa),Anneltha (Quartzo Rosa),Аннельта (Розовый кварц),Anneltha (Quarzo Rosa),安妮爾薩（玫瑰石英）,安妮莎（粉晶）,안넬타 (로즈 쿼츠),Anneltha (Różowy Kwarc),Аннельта (Рожевий кварц),Anneltha (Rozenkwarts),Anneltha (Gül Kuvars)
L_BG_ANNELTHASUBTLE,,Anneltha (Subtle),アネルサ（微妙）,Anneltha (Subtil),Anneltha (Subtile),Anneltha (Sutil),Anneltha (Sutil),Аннельта (Тонкая),Anneltha (Sottile),安妮爾薩（微妙）,安妮莎（暗淡）,안넬타 (미묘한),Anneltha (Subtelna),Аннельта (Витончена),Anneltha (Subtiel),Anneltha (Gizli)
L_BG_ANNELTHAZIRCON,,Anneltha (Zircon),アネルサ（ジルコン）,Anneltha (Zirkon),Anneltha (Zircon),Anneltha (Circón),Anneltha (Zircão),Аннельта (Циркон),Anneltha (Zircone),安妮爾薩（石英）,安妮莎（锆石）,안넬타 (지르콘),Anneltha (Cyrkon),Аннельта (Цирконій),Anneltha (Zirkoon),Anneltha (Zircon)
L_BG_APOCRANOXAUTUMN,,Apocranox (Autumn),アポクラノックス（秋）,Apocranox (Herbst),Apocranox (Automne),Apocranox (Otoño),Apocranox (Outono),Апокранокс (Осень),Apocranox (Autunno),阿波克拉諾克斯（秋季）,阿波克拉诺（秋）,아포크라녹스 (가을),Apocranox (Jesień),Апокранокс (Осінь),Apocranox (Herfst),Apocranox (Sonbahar)
L_BG_APOCRANOXSPRING,,Apocranox (Spring),アポクラノックス（春）,Apocranox (Frühling),Apocranox (Printemps),Apocranox (Primavera),Apocranox (Primavera),Апокранокс (Весна),Apocranox (Primavera),啟示錄諾克斯（春季）,阿波克拉诺（春）,아포크라녹스 (봄),Apocranox (Wiosna),Апокранокс (Весна),Apocranox (Lente),Apocranox (Bahar)
L_BG_APOCRANOXSUBTLEAUTUMN,,Apocranox (Subtle Autumn),アポクラノックス（静かな秋）,Apocranox (Sanfter Herbst),Apocranox (Automne Subtil),Apocranox (Otoño Sutil),Apocranox (Outono Sutil),Апокранокс (Тонкая Осень),Apocranox (Autunno Sottile),啟示錄諾克斯（微秋）,阿波克拉诺（暗淡秋）,아포크라녹스 (은은한 가을),Apocranox (Subtelna Jesień),Апокранокс (Тиха Осінь),Apocranox (Subtiele Herfst),Apocranox (Hafif Sonbahar)
L_BG_APOCRANOXSUBTLESPRING,,Apocranox (Subtle Spring),アポクラノックス（微妙な春）,Apocranox (Sanfter Frühling),Apocranox (Printemps Subtil),Apocranox (Primavera Sutil),Apocranox (Primavera Sutil),Апокранокс (Тонкая Весна),Apocranox (Primavera Sottile),啟示錄之劍（微妙之春）,阿波克拉诺（暗淡春）,아포크라녹스 (미묘한 봄),Apocranox (Subtelna Wiosna),Апокранокс (Тонка Весна),Apocranox (Subtiele Lente),Apocranox (Hafif Bahar)
L_BG_MERAXISVINES,,Meraxis (Vines),メラクシス（蔓）,Meraxis (Ranken),Meraxis (Vignes),Meraxis (Enredaderas),Meraxis (Vinhas),Мераксис (Лозы),Meraxis (Rampicanti),梅拉克西斯（藤蔓）,梅拉西斯（藤蔓）,메락시스 (덩굴),Meraxis (Pnącza),Мераксіс (Лози),Meraxis (Ranken),Meraxis (Sarmaşıklar)
L_BG_MERAXISSUBTLEVINES,,Meraxis (Subtle Vines),メラクシス（隠れた蔓）,Meraxis (Subtile Ranken),Meraxis (Vignes Subtiles),Meraxis (Enredaderas Sutiles),Meraxis (Vinhas Sutis),Мераксис (Незаметные Лозы),Meraxis (Liane Sottili),梅拉克西斯（隱秘藤蔓）,梅拉西斯（暗淡藤蔓）,메락시스 (은밀한 덩굴),Meraxis (Subtelne Pnącza),Мераксіс (Непомітні Лози),Meraxis (Subtiele Ranken),Meraxis (Gizli Sarmaşıklar)
L_BG_REGALISBLUEWEBS,,Regalis (Blue Webs),レガリス（青い蜘蛛の巣）,Regalis (Blaue Netze),Regalis (Toiles Bleues),Regalis (Telarañas Azules),Regalis (Teias Azuis),Регалис (Синяя Паутина),Regalis (Ragnatele Blu),雷加利斯（藍網）,蕾伽丽丝（蓝网）,레갈리스 (푸른 거미줄),Regalis (Niebieskie Sieci),Регаліс (Сині Павутини),Regalis (Blauwe Webben),Regalis (Mavi Ağlar)
L_BG_REGALISGRAYWEBS,,Regalis (Gray Webs),レガリス（灰色の蜘蛛の巣）,Regalis (Graue Netze),Regalis (Toiles Grises),Regalis (Telarañas Grises),Regalis (Teias Cinzentas),Регалис (Серые Паутины),Regalis (Ragnatele Grigie),雷加利斯（灰網）,蕾伽丽丝（灰网）,레갈리스 (회색 거미줄),Regalis (Szare Sieci),Регаліс (Сірі Павутини),Regalis (Grijze Webben),Regalis (Gri Ağlar)
L_BG_TORUNGREENFLAMES,,Torun (Green Flames),トルン（緑の炎）,Torun (Grüne Flammen),Torun (Flammes Vertes),Torun (Llamas Verdes),Torun (Chamas Verdes),Торун (Зеленое Пламя),Torun (Fiamme Verdi),托倫（綠焰）,托伦（绿焰）,토룬 (녹색 불꽃),Torun (Zielone Płomienie),Торун (Зелене Полум'я),Torun (Groene Vlammen),Torun (Yeşil Alevler)
L_BG_TORUNRAGINGABYSS,,Torun (Raging Abyss),トルン（レイジング・アビス）,Torun (Tobender Abgrund),Torun (Abîme Furieux),Torun (Abismo Furioso),Torun (Abismo Furioso),Торун (Бушующая Бездна),Torun (Abisso Furente),托倫（狂怒深淵）,托伦（狂怒深渊）,토룬 (광란의 심연),Torun (Szalejąca Otchłań),Торун (Шаленуюча Безодня),Torun (Razende Afgrond),Torun (Çılgın Uçurum)
L_BG_TORUNROCKS,,Torun (Rocks),トルン（岩）,Torun (Steine),Torun (Roches),Torun (Rocas),Torun (Rochas),Торун (Камни),Torun (Rocce),托倫（岩石）,托伦（岩石）,토룬 (바위),Torun (Skały),Торун (Каміння),Torun (Stenen),Torun (Kayalar)
L_BG_4080SUBTLECIRCUITRY,,4080 (Subtle Circuitry),4080 (繊細な回路),4080 (Subtile Schaltkreise),4080 (Circuits subtils),4080 (Circuitos Sutiles),4080 (Circuito Sutil),4080 (Тонкие схемы),4080 (Circuiti Sottili),4080（精巧電路）,4080（暗淡电路）,4080 (미묘한 회로),4080 (Subtelne Obwody),4080 (Тонка схемотехніка),4080 (Subtiele Bedrading),4080 (Gizli Devreler)
L_BG_4080CIRCUITRY,,4080 (Circuitry),4080（回路）,4080 (Schaltkreise),4080 (Circuit),4080 (Circuitería),4080 (Circuitaria),4080 (Схемотехника),4080 (Circuiti),4080（電路）,4080（电路）,4080 (회로),4080 (Obwody),4080 (Схеми),4080 (Bedrading),4080 (Devre)
L_BG_GENAROSGRANITE,,Genaros (Granite),ジェナロス（花崗岩）,Genaros (Granit),Genaros (Granit),Genaros (Granito),Genaros (Granito),Генарос (Гранит),Genaros (Granito),傑納洛斯（花崗岩）,杰纳罗斯（花岗岩）,게나로스 (화강암),Genaros (Granit),Генарос (Граніт),Genaros (Graniet),Genaros (Granit)
L_BG_GENAROSSANDSTONE,,Genaros (Sandstone),ゲナロス（砂岩）,Genaros (Sandstein),Genaros (Grès),Genaros (Arenisca),Genaros (Arenito),Генарос (Песчаник),Genaros (Arenaria),傑納洛斯（砂岩）,杰纳罗斯（砂岩）,게나로스 (사암),Genaros (Piaskowiec),Генарос (Пісковик),Genaros (Zandsteen),Genaros (Kumtaşı)
L_BG_GENAROSSUBTLEGRANITE,,Genaros (Subtle Granite),ジェナロス（サブタイル・グラナイト）,Genaros (Subtiler Granit),Genaros (Granit Subtil),Genaros (Granito Sutil),Genaros (Granito Sutil),Генарос (Тонкий Гранит),Genaros (Granito Sottile),傑納洛斯（微妙花崗岩）,杰纳罗斯（暗淡花岗岩）,제나로스 (미묘한 화강암),Genaros (Subtelny Granit),Генарос (Тонкий Граніт),Genaros (Subtiel Graniet),Genaros (İnce Granit)
L_BG_GENAROSSUBTLESANDSTONE,,Genaros (Subtle Sandstone),ジェナロス（微妙な砂岩）,Genaros (Subtiler Sandstein),Genaros (Grès Subtil),Genaros (Arenisca Sutil),Genaros (Arenito Sutil),Генарос (Тонкий Песчаник),Genaros (Arenaria Sottile),傑納洛斯（微妙砂岩）,杰纳罗斯（暗淡砂岩）,게나로스 (미묘한 사암),Genaros (Subtelny Piaskowiec),Генарос (Тонкий Пісковик),Genaros (Subtiele Zandsteen),Genaros (İnce Kumtaşı)
L_BG_CALIBANSUBDUED,,Caliban (Subdued),カリバン（抑制）,Caliban (Bezwungen),Caliban (Maîtrisé),Calibán (Sometido),Caliban (Subjugado),Калибан (Усмиренный),Caliban (Sottomesso),卡利班（受制）,卡利班（受制）,칼리반 (제압됨),Kaliban (Poskromiony),Каліба́н (Приборканий),Caliban (Bedwongen),Caliban (Bastırılmış)
L_BG_CALIBANRED,,Caliban (Red),カリバン（赤）,Caliban (Rot),Caliban (Rouge),Calibán (Rojo),Caliban (Vermelho),Калибан (Красный),Caliban (Rosso),卡利班（紅）,卡利班（红）,칼리반 (레드),Kaliban (Czerwony),Каліба́н (Червоний),Caliban (Rood),Caliban (Kırmızı)
L_BG_CALIBANVIVID,,Caliban (Vivid),カリバン（ヴィヴィッド）,Caliban (Lebhaft),Caliban (Vif),Caliban (Vívido),Caliban (Vívido),Калибан (Яркий),Caliban (Vivido),卡利班（鮮豔）,卡利班（鲜艳）,칼리반 (비비드),Kaliban (Jaskrawy),Каліба́н (Яскравий),Caliban (Levendig),Caliban (Canlı)
L_BG_CALIBANGREEN,,Caliban (Green),カリバン（緑）,Caliban (Grün),Caliban (Vert),Calibán (Verde),Caliban (Verde),Калибан (Зеленый),Caliban (Verde),卡利班（綠）,卡利班（绿）,칼리반 (초록),Kaliban (Zielony),Каліба́н (Зелений),Caliban (Groen),Caliban (Yeşil)
L_BG_VENEDONRUST,,Venedon (Rust),ヴェネドン（錆）,Venedon (Rost),Venedon (Rouille),Venedon (Óxido),Venedon (Ferrugem),Венедон (Ржавчина),Venedon (Ruggine),維尼頓（鏽）,维内多（锈）,베네돈 (녹),Venedon (Rdza),Венедон (Іржа),Venedon (Roest),Venedon (Pas)
L_BG_VENEDONSTEEL,,Venedon (Steel),ヴェネドン（鋼）,Venedon (Stahl),Venedon (Acier),Venedon (Acero),Venedon (Aço),Венедон (Сталь),Venedon (Acciaio),維尼頓（鋼）,维内多（钢）,베네돈 (강철),Venedon (Stal),Венедон (Сталь),Venedon (Staal),Venedon (Çelik)
L_BG_VENEDONSUBTLE,,Venedon (Subtle),ヴェネドン（微妙）,Venedon (Subtil),Venedon (Subtil),Venedon (Sutil),Venedon (Sutil),Венедон (Тонкий),Venedon (Sottile),維尼頓（隱晦）,维内多（暗淡）,베네돈 (미묘한),Venedon (Subtelny),Венедон (Витончений),Venedon (Subtiel),Venedon (Gizli)
L_BG_VENEDONGREEN,,Venedon (Green),ヴェネドン（緑）,Venedon (Grün),Venedon (Vert),Venedon (Verde),Venedon (Verde),Венедон (Зеленый),Venedon (Verde),維尼頓（綠）,维内多（绿）,베네돈 (초록),Venedon (Zielony),Венедон (Зелений),Venedon (Groen),Venedon (Yeşil)
L_BG_VENEDONRED,,Venedon (Red),ヴェネドン（赤）,Venedon (Rot),Venedon (Rouge),Venedon (Rojo),Venedon (Vermelho),Венедон (Красный),Venedon (Rosso),維尼頓（紅）,维内多（红）,베네돈 (적색),Venedon (Czerwony),Венедон (Червоний),Venedon (Rood),Venedon (Kırmızı)
L_BG_VULCANARSMOLDERING,,Vulcanar (Smoldering),ヴァルカナー（燻る）,Vulcanar (Schwelend),Vulcanar (Incandescent),Vulcanar (Humeante),Vulcanar (Fumegante),Вулканар (Тлеющий),Vulcanar (Ardente),火山獸（悶燃）,瓦尔卡纳（阴燃）,불카나르 (연기 뿜는),Vulcanar (Tlący się),Вулканар (Тліючий),Vulcanar (Smeulend),Vulcanar (Kor Saçan)
L_BG_VULCANARSUBTLE,,Vulcanar (Subtle),ヴァルカナー（微妙）,Vulcanar (Subtil),Vulcanar (Subtil),Vulcanar (Sutil),Vulcanar (Sutil),Вулканар (Тонкий),Vulcanar (Sottile),火山獸（隱匿）,瓦尔卡纳（暗淡）,불카나르 (미묘한),Vulcanar (Subtelny),Вулканар (Непомітний),Vulcanar (Subtiel),Vulcanar (Gizli)
L_BG_VULCANARBLAZING,,Vulcanar (Blazing),ヴァルカナー（灼熱）,Vulcanar (Lodernd),Vulcanar (Flamboyant),Vulcanar (Ardiente),Vulcanar (Ardente),Вулканар (Пылающий),Vulcanar (Fiammeggiante),火山獸（熾熱）,瓦尔卡纳（炽热）,불카나르 (불타는),Vulcanar (Płonący),Вулканар (Палаючий),Vulcanar (Laaiend),Vulcanar (Alevli)
L_BG_VULCANARINTENSE,,Vulcanar (Intense),ヴァルカナー（激烈）,Vulcanar (Intensiv),Vulcanar (Intense),Vulcanar (Intenso),Vulcanar (Intenso),Вулканар (Интенсивный),Vulcanar (Intenso),火山魔神（激烈）,瓦尔卡纳（强烈）,불카나르 (격렬함),Vulcanar (Intensywny),Вулканар (Інтенсивний),Vulcanar (Intens),Vulcanar (Yoğun)
L_BG_TARTARITHSUBTLECHAINS,,Tartarith (Subtle Chains),タルタリス（隠された鎖）,Tartarith (Subtile Ketten),Tartarith (Chaînes Subtiles),Tartarith (Cadenas Sutiles),Tartarith (Correntes Sutis),Тартарит (Незримые Цепи),Tartarith (Catene Sottili),塔塔利斯（隱秘鎖鏈）,塔尔塔里斯（暗淡锁链）,타르타리스 (은밀한 사슬),Tartarith (Subtelne Łańcuchy),Тартаріт (Тонкі Ланцюги),Tartarith (Subtiele Ketens),Tartarith (Gizli Zincirler)
L_BG_TARTARITHCHAINS,,Tartarith (Chains),タルタリス（鎖）,Tartarith (Ketten),Tartarith (Chaînes),Tartarith (Cadenas),Tartarith (Correntes),Тартарит (Цепи),Tartarith (Catene),塔塔利斯（鎖鏈）,塔尔塔里斯（锁链）,타르타리스 (사슬),Tartarith (Łańcuchy),Тартаріт (Ланцюги),Tartarith (Ketens),Tartarith (Zincirler)
L_BG_GONFURIANBLUE,,Gonfurian (Blue),ゴンフリアン（青）,Gonfurian (Blau),Gonfurian (Bleu),Gonfurian (Azul),Gonfurian (Azul),Гонфуриан (Синий),Gonfurian (Blu),貢夫里安（藍）,贡弗瑞安（蓝）,곤푸리안 (블루),Gonfurian (Niebieski),Гонфуріан (Синій),Gonfurian (Blauw),Gonfurian (Mavi)
L_BG_GONFURIANORANGE,,Gonfurian (Orange),ゴンフリアン（オレンジ）,Gonfurian (Orange),Gonfurian (Orange),Gonfurian (Naranja),Gonfuriano (Laranja),Гонфуриан (Оранжевый),Gonfuriano (Arancione),貢夫里安（橙色）,贡弗瑞安（橙）,곤푸리안 (오렌지),Gonfurian (Pomarańczowy),Гонфуріан (Помаранчевий),Gonfurian (Oranje),Gonfurian (Turuncu)
L_BG_SHALLANSUBTLE,,Shallan (Subtle),シャラン（微妙）,Shallan (Subtil),Shallan (Subtile),Shallan (Sutil),Shallan (Sutil),Шаллан (Тонкая),Shallan (Sottile),夏倫（隱晦）,莎兰（暗淡）,샬란 (미묘한),Shallan (Subtelna),Шаллан (Витончена),Shallan (Subtiel),Shallan (Kurnaz)
L_BG_SHALLANGREEN,,Shallan (Green),シャラン（緑）,Shallan (Grün),Shallan (Vert),Shallan (Verde),Shallan (Verde),Шаллан (Зеленый),Shallan (Verde),夏蘭（綠）,莎兰（绿）,샬란 (초록),Shallan (Zielony),Шаллан (Зелений),Shallan (Groen),Shallan (Yeşil)
L_BG_SHALLANPINK,,Shallan (Pink),シャラン（ピンク）,Shallan (Rosa),Shallan (Rose),Shallan (Rosa),Shallan (Rosa),Шаллан (Розовый),Shallan (Rosa),夏蘭（粉紅）,莎兰（粉）,샬란 (핑크),Shallan (Różowy),Шаллан (Рожевий),Shallan (Roze),Shallan (Pembe)
L_BG_SHALLANYELLOW,,Shallan (Yellow),シャラン（黄色）,Shallan (Gelb),Shallan (Jaune),Shallan (Amarillo),Shallan (Amarelo),Шаллан (Жёлтый),Shallan (Giallo),夏蘭（黃色）,莎兰（黄）,샬란 (노랑),Shallan (Żółty),Шаллан (Жовтий),Shallan (Geel),Shallan (Sarı)
L_BG_MORTEMSUBTLEBLUE,,Mortem (Subtle Blue),モーテム（サブトルブルー）,Mortem (Dezentes Blau),Mortem (Bleu Subtil),Mortem (Azul Sutil),Mortem (Azul Sutil),Мортем (Нежно-голубой),Mortem (Blu Tenue),死亡（淡藍色）,莫特姆（暗淡蓝）,모르템 (서브틀 블루),Mortem (Subtelny Błękit),Мортем (Тонкий Синій),Mortem (Subtiel Blauw),Mortem (Hafif Mavi)
L_BG_MORTEMSUBTLERED,,Mortem (Subtle Red),モルテム（淡い赤）,Mortem (Dezentes Rot),Mortem (Rouge Subtil),Mortem (Rojo Sutil),Mortem (Vermelho Sutil),Мортем (Тонкий красный),Mortem (Rosso Tenue),死亡（淡紅色）,莫特姆（暗淡红）,모르템 (은은한 붉은색),Mortem (Subtelna Czerwień),Мортем (Тонкий Червоний),Mortem (Subtiel Rood),Mortem (Hafif Kırmızı)
L_BG_MORTEMFLESH,,Mortem (Flesh),モーテム（肉）,Mortem (Fleisch),Mortem (Chair),Mortem (Carne),Mortem (Carne),Мортем (Плоть),Mortem (Carne),莫特姆（血肉）,莫特姆（血肉）,모르템 (살),Mortem (Ciało),Мортем (Плоть),Mortem (Vlees),Mortem (Et)
L_BG_SYNTHESTOMNE,,Synthest Omne,シンセスト・オムネ,Synthest Omne,Synthest Omne,Synthest Omne,Synthest Omne,Синтест Омне,Synthest Omne,全能合成師,万象合一,신세스트 옴네,Synthest Omne,Синтест Омне,Synthest Omne,Synthest Omne
L_MUS_CHIP_BATTLE,,Battle (8-bit),バトル (8-bit),Kampf (8-bit),Combat (8-bit),Batalla (8-bit),Batalha (8-bit),Битва (8-бит),Battaglia (8-bit),戰鬥 (8位元),战斗（8-bit）,전투 (8비트),Bitwa (8-bit),Битва (8-біт),Gevecht (8-bit),Savaş (8-bit)
L_MUS_CHIP_GODBATTLE,,God Battle (8-bit),ゴッドバトル（8ビット）,Götterkampf (8-bit),Combat Divin (8-bit),Batalla Divina (8-bit),Batalha Divina (8-bit),Битва с Богом (8-бит),Battaglia Divina (8-bit),神之戰 (8位元),神明之战（8-bit）,신 전투 (8비트),Bitwa z Bogiem (8-bit),Битва з Богом (8-біт),Godenstrijd (8-bit),Tanrı Savaşı (8-bit)
L_MUS_CHIP_BOSSBATTLES3,,"Boss Battle (S3, 8-bit)",ボス戦（S3、8ビット）,"Boss Battle (S3, 8-bit)","Combat de Boss (S3, 8-bit)","Batalla de Jefe (S3, 8-bit)","Batalha de Chefe (S3, 8-bit)","Битва с боссом (S3, 8-бит)","Boss Battle (S3, 8-bit)","Boss戰鬥 (S3, 8位元)",首领战（S3，8-bit）,"보스전 (S3, 8비트)","Boss Battle (S3, 8-bit)","Битва з босом (S3, 8-біт)","Boss Battle (S3, 8-bit)","Boss Savaşı (S3, 8-bit)"
L_MUS_CHIP_BOSSBATTLES2,,"Boss Battle (S2, 8-bit)",ボス戦（S2、8ビット）,"Boss Battle (S2, 8-bit)","Combat de Boss (S2, 8-bit)","Batalla de Jefe (S2, 8-bit)","Batalha de Chefe (S2, 8-bit)","Битва с боссом (S2, 8-бит)","Boss Battle (S2, 8-bit)",頭目戰鬥（S2，8位元）,首领战斗（S2，8-bit）,"보스전 (S2, 8비트)","Walka z Bossem (S2, 8-bit)","Битва з босом (S2, 8-біт)","Boss Battle (S2, 8-bit)","Boss Savaşı (S2, 8-bit)"
L_MUS_CHIP_TAVERNBRAWL,,Tavern Brawl (8-bit),居酒屋の乱闘（8ビット）,Tavernenschlägerei (8-bit),Bagarre de Taverne (8-bit),Pelea de Taberna (8-bit),Briga de Taverna (8-bit),Трактирная Драка (8-бит),Rissa da Taverna (8-bit),酒館鬥毆（8位元）,酒馆斗殴（8-bit）,선술집 난투 (8비트),Bijatyka w Karczmie (8-bit),Таверна Бійка (8-біт),Kroeggevecht (8-bit),Meyhane Kavgası (8-bit)
L_MUS_CHIP_KINGDOMOFNEXS3,,"Kingdom of Nex (S3, 8-bit)",ネックス王国（S3、8ビット）,"Königreich von Nex (S3, 8-bit)","Royaume de Nex (S3, 8-bit)","Reino de Nex (S3, 8-bit)","Reino de Nex (S3, 8-bit)","Королевство Некс (S3, 8-бит)","Regno di Nex (S3, 8-bit)",奈克斯王國（S3，8位元）,奈克斯王国（S3，8-bit）,"넥스 왕국 (S3, 8-bit)","Królestwo Nex (S3, 8-bit)","Королівство Некс (S3, 8-біт)","Koninkrijk van Nex (S3, 8-bit)","Nex Krallığı (S3, 8-bit)"
L_MUS_CHIP_KINGDOMOFSIRALIM,,Kingdom of Siralim (8-bit),キングダム・オブ・シラリム（8ビット）,Königreich von Siralim (8-bit),Royaume de Siralim (8-bit),Reino de Siralim (8-bit),Reino de Siralim (8-bit),Королевство Сиралим (8-бит),Regno di Siralim (8-bit),希拉利姆王國 (8位元),瑟拉利姆王国（8-bit）,시랄림 왕국 (8비트),Królestwo Siralim (8-bit),Королівство Сіралім (8-біт),Koninkrijk van Siralim (8-bit),Siralim Krallığı (8-bit)
L_MUS_CHIP_GREATPANDEMONIUM,,Great Pandemonium (8-bit),グレート・パンデモニウム（8ビット）,Großes Pandemonium (8-bit),Grand Pandémonium (8-bit),Gran Pandemonio (8-bit),Grande Pandemonium (8-bit),Великий Хаос (8-bit),Grande Pandemonium (8-bit),大混亂（8位元）,混乱之域（8-bit）,대혼란 (8비트),Wielki Pandemonium (8-bit),Велике Сум'яття (8-біт),Groot Pandemonium (8-bit),Büyük Kargaşa (8-bit)
L_MUS_CHIP_PATHOFTHEDAMNED,,Path of the Damned (8-bit),呪われし者の道 (8ビット),Pfad der Verdammten (8-bit),Chemin des Damnés (8-bit),Camino de los Condenados (8-bit),Caminho dos Condenados (8-bit),Путь Проклятых (8-bit),Sentiero dei Dannati (8-bit),詛咒之路 (8位元),亡者之路（8-bit）,저주받은 자의 길 (8비트),Ścieżka Potępionych (8-bit),Шлях Проклятих (8-біт),Pad der Verdoemden (8-bit),Lanetlilerin Yolu (8-bit)
L_MUS_CHIP_TORTURECHAMBER,,Torture Chamber (8-bit),拷問部屋（8ビット）,Folterkammer (8-bit),Chambre de Torture (8-bit),Cámara de Tortura (8-bit),Câmara de Tortura (8-bit),Камера пыток (8-бит),Camera di Tortura (8-bit),刑求室（8位元）,酷刑密室（8-bit）,고문실 (8비트),Sala Tortur (8-bit),Камера тортур (8-біт),Martelkamer (8-bit),İşkence Odası (8-bit)
L_MUS_CHIP_THESWAMPLANDS,,The Swamplands (8-bit),沼地（8ビット）,Die Sumpfländer (8-bit),Les Marécages (8-bit),Los Pantanos (8-bit),Os Pântanos (8-bit),Болотные земли (8-бит),Le Paludi (8-bit),沼澤地帶 (8位元),沼泽之地（8-bit）,늪지대 (8비트),Bagna (8-bit),Болотні землі (8-біт),De Moeraslanden (8-bit),Bataklık Toprakları (8-bit)
L_MUS_CHIP_UNSULLIEDMEADOWS,,Unsullied Meadows (8-bit),穢れなき草原（8ビット）,Unbefleckte Wiesen (8-bit),Prairies Immaculées (8-bit),Prados Inmaculados (8-bit),Prados Imaculados (8-bit),Нетронутые Луга (8-бит),Prati Incontaminati (8-bit),純淨草原（8位元）,纯净草原（8-bit）,순수한 초원 (8비트),Nieskalane Łąki (8-bit),Незаймані Луки (8-біт),Onbevlekte Weiden (8-bit),Lekesiz Çayırlar (8-bit)
L_MUS_CHIP_AZUREDREAM,,Azure Dream (8-bit),アズールドリーム（8ビット）,Azure Dream (8-bit),Rêve d'Azur (8-bit),Sueño Azul (8-bit),Sonho Azul (8-bit),Лазурный Сон (8-бит),Sogno Azzurro (8-bit),蒼藍夢境 (8位元),碧蓝梦境（8-bit）,하늘빛 꿈 (8비트),Lazurowy Sen (8-bit),Лазурний Сон (8-біт),Azure Dream (8-bit),Azur Rüya (8-bit)
L_MUS_CHIP_FROSTBITECAVERNS,,Frostbite Caverns (8-bit),フロストバイト洞窟（8ビット）,Frostbiss-Höhlen (8-bit),Cavernes Glaciales (8-bit),Cavernas Heladas (8-bit),Cavernas Congelantes (8-bit),Ледяные Пещеры (8-бит),Caverne Gelide (8-bit),霜咬洞窟 (8位元),寒霜洞穴（8-bit）,서리물린 동굴 (8비트),Lodowe Jaskinie (8-bit),Крижані Печери (8-біт),Ijskoude Grotten (8-bit),Ayaz Mağaraları (8-bit)
L_MUS_CHIP_REFUGEOFTHEMAGI,,Refuge of the Magi (8-bit),魔道士の避難所（8ビット）,Zuflucht der Magier (8-bit),Refuge des Mages (8-bit),Refugio de los Magos (8-bit),Refúgio dos Magos (8-bit),Убежище Магов (8-бит),Rifugio dei Maghi (8-bit),魔法師的避難所（8位元）,贤者避难所（8-bit）,마법사들의 피난처 (8비트),Schronienie Magów (8-bit),Притулок Магів (8-біт),Toevluchtsoord van de Magiërs (8-bit),Büyücülerin Sığınağı (8-bit)
L_MUS_CHIP_SUPERBOSSBATTLE,,Super Boss Battle (8-bit),スーパーボスバトル（8ビット）,Super-Bosskampf (8-bit),Combat de Super Boss (8-bit),Batalla contra Superjefe (8-bit),Super Batalha de Chefe (8-bit),Супер Битва с Боссом (8-бит),Super Boss Battle (8-bit),超級頭目戰鬥（8位元）,超级首领战（8-bit）,슈퍼 보스 배틀 (8비트),Super Walka z Bossem (8-bit),Супер Битва з Босом (8-біт),Super Baasgevecht (8-bit),Süper Patron Savaşı (8-bit)
L_MUS_CHIP_ARACHNIDNEST,,Arachnid Nest (8-bit),アラクニドの巣 (8ビット),Spinnennest (8-bit),Nid d'Arachnide (8-bit),Nido de Arácnido (8-bit),Ninho de Aracnídeo (8-bit),Паучье Гнездо (8-бит),Nido di Aracnidi (8-bit),蜘蛛巢穴（8位元）,蜘蛛巢穴（8-bit）,거미 둥지 (8비트),Gniazdo Pajęczaków (8-bit),Павуче Гніздо (8-біт),Spinnennest (8-bit),Örümcek Yuvası (8-bit)
L_MUS_CHIP_TITLETHEMES3,,"Title Theme (S3, 8-bit)",タイトルテーマ（S3、8ビット）,"Title Theme (S3, 8-bit)","Thème du titre (S3, 8-bit)","Tema del Título (S3, 8-bit)","Tema do Título (S3, 8-bit)","Главная тема (S3, 8-бит)","Title Theme (S3, 8-bit)",標題主題（S3，8位元）,主题曲（S3，8-bit）,"타이틀 테마 (S3, 8비트)","Title Theme (S3, 8-bit)","Головна тема (S3, 8-біт)","Titelmuziek (S3, 8-bit)","Başlık Müziği (S3, 8-bit)"
L_MUS_CHIP_TITLETHEME,,Title Theme (8-bit),タイトルテーマ（8ビット）,Title Theme (8-bit),Thème du titre (8-bit),Tema Principal (8-bit),Tema do Título (8-bit),Главная тема (8-бит),Title Theme (8-bit),標題主題 (8位元),主题曲（8-bit）,타이틀 테마 (8비트),Motyw Tytułowy (8-bit),Головна тема (8-біт),Titelmuziek (8-bit),Başlık Müziği (8-bit)
L_MUS_CHIP_THEBARRENS,,The Barrens (8-bit),バレンズ（8ビット）,Die Ödlande (8-bit),Les Terres Arides (8-bit),Los Páramos (8-bit),The Barrens (8-bit),Пустоши (8-бит),Le Lande (8-bit),荒原（8位元）,荒芜之地（8-bit）,황무지 (8비트),Pustkowia (8-bit),Пустища (8-біт),De Woestenij (8-bit),Çorak Topraklar (8-bit)
L_MUS_CHIP_KINGDOMOFHERETICS,,Kingdom of Heretics (8-bit),異端者の王国（8ビット）,Königreich der Ketzer (8-bit),Royaume des Hérétiques (8-bit),Reino de Herejes (8-bit),Reino dos Hereges (8-bit),Королевство Еретиков (8-бит),Regno degli Eretici (8-bit),異教徒王國 (8位元),异教王国（8-bit）,이단자의 왕국 (8비트),Królestwo Heretyków (8-bit),Королівство Єретиків (8-біт),Koninkrijk der Ketters (8-bit),Sapkınlar Krallığı (8-bit)
L_MUS_CHIP_FARAWAYENCLAVE,,Faraway Enclave (8-bit),遠方の飛地（8ビット）,Entlegene Enklave (8-bit),Enclave Lointaine (8-bit),Enclave Lejano (8-bit),Enclave Distante (8-bit),Далекий Анклав (8-бит),Enclave Lontana (8-bit),遙遠飛地（8位元）,遥远飞地（8-bit）,머나먼 은신처 (8비트),Odległa Enklawa (8-bit),Далеке Укріплення (8-біт),Verre Enclave (8-bit),Uzak Yerleşke (8-bit)
L_MUS_CHIP_CUTTHROATJUNGLE,,Cutthroat Jungle (8-bit),カットスロート・ジャングル（8ビット）,Halsabschneider-Dschungel (8-bit),Jungle Impitoyable (8-bit),Jungla Despiadada (8-bit),Selva dos Degoladores (8-bit),Джунгли Головорезов (8-бит),Giungla Spietata (8-bit),殘酷叢林（8位元）,绝命丛林（8-bit）,살인마의 정글 (8비트),Dżungla Opryszków (8-bit),Безжальні Джунглі (8-біт),Meedogenloze Jungle (8-bit),Haydut Ormanı (8-bit)
L_MUS_CHIP_ETERNITY'SEND,,Eternity's End (8-bit),エタニティズ・エンド (8ビット),Ewigkeits Ende (8-bit),Fin de l'Éternité (8-bit),Fin de la Eternidad (8-bit),Fim da Eternidade (8-bit),Конец Вечности (8-бит),Eternity's End (8-bit),永恆終結（8位元）,永恒尽头（8-bit）,영원의 끝 (8비트),Kres Wieczności (8-bit),Кінець Вічності (8-біт),Einde der Eeuwigheid (8-bit),Sonsuzluğun Sonu (8-bit)
L_MUS_CHIP_WHERETHEDEADSHIPSDWELL,,Where the Dead Ships Dwell (8-bit),死せる船の住処（8ビット）,Wo die toten Schiffe ruhen (8-bit),Là où Gisent les Navires Morts (8-bit),Donde Moran los Barcos Muertos (8-bit),Onde os Navios Mortos Habitam (8-bit),Где Обитают Мёртвые Корабли (8-bit),Dove Dimorano le Navi Morte (8-bit),亡船棲息之地 (8位元),亡船居所（8-bit）,죽은 배들이 머무는 곳 (8비트),Gdzie Spoczywają Martwe Statki (8-bit),Де Мешкають Мертві Кораблі (8-біт),Waar de Dode Schepen Verblijven (8-bit),Ölü Gemilerin Yuvası (8-bit)
L_MUS_CHIP_TEMPLEOFLIES,,Temple of Lies (8-bit),嘘の神殿（8ビット）,Tempel der Lügen (8-bit),Temple des Mensonges (8-bit),Templo de Mentiras (8-bit),Templo das Mentiras (8-bit),Храм Лжи (8-бит),Tempio delle Menzogne (8-bit),謊言神殿 (8位元),谎言神庙（8-bit）,거짓의 신전 (8비트),Świątynia Kłamstw (8-bit),Храм Брехні (8-біт),Tempel van Leugens (8-bit),Yalanlar Tapınağı (8-bit)
L_MUS_CHIP_BLOODGROVE,,Blood Grove (8-bit),ブラッドグローブ（8ビット）,Bluthain (8-bit),Bosquet Sanglant (8-bit),Arboleda Sangrienta (8-bit),Bosque Sangrento (8-bit),Кровавая Роща (8-bit),Boschetto Sanguinario (8-bit),血林(8位元),血色树林（8-bit）,블러드 그로브 (8비트),Krwawy Gaj (8-bit),Кривавий Гай (8-біт),Bloedwoud (8-bit),Kan Korusu (8-bit)
L_MUS_CHIP_TITAN'SWOUND,,Titan's Wound (8-bit),タイタンの傷跡（8ビット）,Titans Wunde (8-bit),Blessure du Titan (8-bit),Herida del Titán (8-bit),Ferida do Titã (8-bit),Рана Титана (8-бит),Ferita del Titano (8-bit),泰坦之傷 (8-bit),泰坦之伤（8-bit）,타이탄의 상처 (8비트),Rana Tytana (8-bit),Рана Титана (8-біт),Titanenwond (8-bit),Titan'ın Yarası (8-bit)
L_MUS_CHIP_BOSSBATTLE,,Boss Battle (8-bit),ボス戦（8ビット）,Boss-Kampf (8-bit),Combat de Boss (8-bit),Batalla de Jefe (8-bit),Batalha de Chefe (8-bit),Битва с боссом (8-бит),Boss Battle (8-bit),頭目戰鬥 (8位元),首领战（8-bit）,보스전 (8비트),Walka z Bossem (8-bit),Битва з босом (8-біт),Eindbaasgevecht (8-bit),Patron Savaşı (8-bit)
L_MUS_CHIP_ENDOFDAYS,,End of Days (8-bit),終末の日々（8ビット）,Ende der Tage (8-bit),Fin des Jours (8-bit),Fin de los Días (8-bit),Fim dos Dias (8-bit),Конец Дней (8-бит),Fine dei Giorni (8-bit),末日降臨（8位元）,末日降临（8-bit）,종말의 날 (8비트),Koniec Dni (8-bit),Кінець Днів (8-bit),Einde der Dagen (8-bit),Kıyamet Günü (8-bit)
L_MUS_CHIP_SANCTUMUMBRA,,Sanctum Umbra (8-bit),サンクタム・アンブラ（8ビット）,Sanctum Umbra (8-bit),Sanctum Umbra (8-bit),Sanctum Umbra (8-bit),Sanctum Umbra (8-bit),Святилище Теней (8-бит),Sanctum Umbra (8-bit),暗影聖殿 (8-bit),暗影圣所（8-bit）,성역의 그림자 (8비트),Sanktuarium Cienia (8-bit),Святилище Тіні (8-біт),Sanctum Umbra (8-bit),Sanctum Umbra (8-bit)
L_MUS_CHIP_CAUSTICREACTOR,,Caustic Reactor (8-bit),コースティック・リアクター（8ビット）,Ätzender Reaktor (8-bit),Réacteur Caustique (8-bit),Reactor Cáustico (8-bit),Reator Cáustico (8-bit),Едкий Реактор (8-bit),Reattore Caustico (8-bit),腐蝕反應爐（8位元）,腐蚀性反应堆（8-bit）,부식성 원자로 (8비트),Reaktor Żrący (8-bit),Каустичний Реактор (8-біт),Bijtende Reactor (8-bit),Kostik Reaktör (8-bit)
L_MUS_CHIP_BASTIONOFTHEVOID,,Bastion of the Void (8-bit),虚無の砦（8ビット）,Bastion der Leere (8-bit),Bastion du Néant (8-bit),Bastión del Vacío (8-bit),Bastião do Vazio (8-bit),Бастион Пустоты (8-бит),Bastione del Vuoto (8-bit),虛空堡壘 (8位元),虚空堡垒（8-bit）,공허의 요새 (8비트),Bastion Pustki (8-bit),Бастіон Порожнечі (8-біт),Bastion van de Leegte (8-bit),Boşluğun Kalesi (8-bit)
L_MUS_CHIP_BATTLES1&2,,"Battle (S1 & 2, 8-bit)",バトル（S1＆2、8ビット）,"Kampf (S1 & 2, 8-bit)","Combat (S1 & 2, 8-bit)","Batalla (S1 y 2, 8-bit)","Batalha (S1 e 2, 8-bit)","Битва (S1 и 2, 8-бит)","Battaglia (S1 e 2, 8-bit)",戰鬥（S1 & 2，8位元）,战斗（S1 & 2，8-bit）,"전투 (S1 & 2, 8비트)","Bitwa (S1 i 2, 8-bit)","Битва (S1 і 2, 8-біт)","Gevecht (S1 & 2, 8-bit)","Savaş (S1 & 2, 8-bit)"
L_MUS_CHIP_BOSSTHEMES1,,"Boss Theme (S1, 8-bit)",ボステーマ（S1、8ビット）,"Boss Theme (S1, 8-bit)","Thème de Boss (S1, 8-bit)","Tema de Jefe (S1, 8-bit)","Tema de Chefe (S1, 8-bit)","Тема Босса (S1, 8-бит)","Tema del Boss (S1, 8-bit)",Boss主題曲（S1，8位元）,首领曲（S1，8-bit）,"보스 테마 (S1, 8비트)","Motyw Bossa (S1, 8-bit)","Тема Боса (S1, 8-біт)","Boss Theme (S1, 8-bit)","Boss Teması (S1, 8-bit)"
L_MUS_CHIP_BOSSTHEMES2,,"Boss Theme (S2, 8-bit)",ボステーマ（S2、8ビット）,"Boss Theme (S2, 8-bit)","Thème de Boss (S2, 8-bit)","Tema de Jefe (S2, 8-bit)","Tema de Chefe (S2, 8-bit)","Тема Босса (S2, 8-бит)","Tema del Boss (S2, 8-bit)",Boss主題曲（S2，8位元）,首领曲（S2，8-bit）,"보스 테마 (S2, 8비트)","Motyw Bossa (S2, 8-bit)","Тема Боса (S2, 8-біт)","Boss Theme (S2, 8-bit)","Boss Teması (S2, 8-bit)"
L_MUS_CHIP_KINGDOMOFSIRALIMS1,,"Kingdom of Siralim (S1, 8-bit)",キングダム・オブ・シラリム（S1、8ビット）,"Königreich von Siralim (S1, 8-bit)","Royaume de Siralim (S1, 8-bit)","Reino de Siralim (S1, 8-bit)","Reino de Siralim (S1, 8-bit)","Королевство Сиралим (S1, 8-бит)","Regno di Siralim (S1, 8-bit)",希拉利姆王國（S1，8位元）,瑟拉利姆王国（S1，8-bit）,"시랄림 왕국 (S1, 8비트)","Kingdom of Siralim (S1, 8-bit)","Королівство Сіралім (S1, 8-біт)","Koninkrijk van Siralim (S1, 8-bit)","Siralim Krallığı (S1, 8-bit)"
L_MUS_CHIP_KINGDOMOFSIRALIMS2,,"Kingdom of Siralim (S2, 8-bit)",キングダム・オブ・シラリム（S2、8ビット）,"Kingdom of Siralim (S2, 8-bit)","Kingdom of Siralim (S2, 8-bit)","Reino de Siralim (S2, 8-bit)","Reino de Siralim (S2, 8-bit)","Королевство Сиралим (S2, 8-бит)","Regno di Siralim (S2, 8-bit)",希拉利姆王國（S2，8位元）,瑟拉利姆王国（S2，8-bit）,"시랄림 왕국 (S2, 8비트)","Kingdom of Siralim (S2, 8-bit)","Королівство Сіралім (S2, 8-біт)","Koninkrijk van Siralim (S2, 8-bit)","Kingdom of Siralim (S2, 8-bit)"
L_MUS_CHIP_ARACHNIDNESTS2,,"Arachnid Nest (S2, 8-bit)","アラクニドの巣 (S2, 8ビット)","Spinnennest (S2, 8-bit)","Nid d'Arachnide (S2, 8-bit)","Nido de Arácnido (S2, 8-bit)","Ninho de Aracnídeo (S2, 8-bit)","Гнездо Арахнида (S2, 8-bit)","Nido di Aracnidi (S2, 8-bit)",蜘蛛巢穴（S2，8位元）,蜘蛛巢穴（S2，8-bit）,"거미 둥지 (S2, 8-bit)","Gniazdo Pajęczaków (S2, 8-bit)","Павуче Гніздо (S2, 8-біт)","Spinnennest (S2, 8-bit)","Örümcek Yuvası (S2, 8-bit)"
L_MUS_CHIP_GREATPANDEMONIUMS1&2,,"Great Pandemonium (S1 & 2, 8-bit)",グレート・パンデモニウム（S1＆2、8ビット）,"Großes Pandemonium (S1 & 2, 8-bit)","Grand Pandémonium (S1 & 2, 8-bit)","Gran Pandemonium (S1 y 2, 8-bit)","Grande Pandemonium (S1 & 2, 8-bit)","Великий Пандемониум (S1 и 2, 8-бит)","Grande Pandemonium (S1 & 2, 8-bit)",大混亂（S1和2，8位元）,混乱之域（S1 & 2，8-bit）,"대혼란 (S1 & 2, 8비트)","Wielki Pandemonium (S1 i 2, 8-bit)","Велике Сум'яття (S1 і 2, 8-біт)","Groot Pandemonium (S1 & 2, 8-bit)","Büyük Kargaşa (S1 & 2, 8-bit)"
L_MUS_CHIP_PATHOFTHEDAMNEDS1&2,,"Path of the Damned (S1 & 2, 8-bit)","呪われし者の道 (S1 & 2, 8ビット)","Pfad der Verdammten (S1 & 2, 8-bit)","Chemin des Damnés (S1 & 2, 8-bit)","Camino de los Condenados (S1 y 2, 8-bit)","Caminho dos Condenados (S1 & 2, 8-bit)","Путь Проклятых (S1 и 2, 8-бит)","Sentiero dei Dannati (S1 & 2, 8-bit)",詛咒之路（S1和2，8位元）,亡者之路（S1 & 2，8-bit）,"저주받은 자의 길 (S1 & 2, 8비트)","Ścieżka Potępionych (S1 i 2, 8-bit)","Шлях Проклятих (S1 і 2, 8-біт)","Pad van de Verdoemden (S1 & 2, 8-bit)","Lanetlilerin Yolu (S1 & 2, 8-bit)"
L_MUS_CHIP_GODOFREVOLUTIONS2,,"God of Revolution (S2, 8-bit)","革命の神 (S2, 8-bit)","Gott der Revolution (S2, 8-bit)","Dieu de la Révolution (S2, 8-bit)","Dios de la Revolución (S2, 8-bit)","Deus da Revolução (S2, 8-bit)","Бог Революции (S2, 8-бит)","Dio della Rivoluzione (S2, 8-bit)",革命之神（S2，8位元）,革命之神（S2，8-bit）,"혁명의 신 (S2, 8비트)","Bóg Rewolucji (S2, 8-bit)","Бог Революції (S2, 8-біт)","God van de Revolutie (S2, 8-bit)","Devrim Tanrısı (S2, 8-bit)"
L_MUS_CHIP_THEBARRENSS2,,"The Barrens (S2, 8-bit)","バレンズ (S2, 8ビット)","Die Ödlande (S2, 8-bit)","Les Terres Arides (S2, 8-bit)","Los Páramos (S2, 8-bit)","Os Ermos (S2, 8-bit)","Пустоши (S2, 8-bit)","Le Lande Desolate (S2, 8-bit)",荒原（S2，8位元）,荒芜之地（S2，8-bit）,"황무지 (S2, 8비트)","Pustkowia (S2, 8-bit)","Пустища (S2, 8-біт)","De Woestenij (S2, 8-bit)","Çorak Topraklar (S2, 8-bit)"
L_MUS_CHIP_TORTURECHAMBERS2,,"Torture Chamber (S2, 8-bit)",拷問部屋（S2、8ビット）,"Folterkammer (S2, 8-bit)","Chambre de Torture (S2, 8-bit)","Cámara de Tortura (S2, 8-bit)","Câmara de Tortura (S2, 8-bit)","Камера пыток (S2, 8-bit)","Camera di Tortura (S2, 8-bit)",刑訊室（S2，8位元）,酷刑密室（S2，8-bit）,"고문실 (S2, 8-bit)","Komnata Tortur (S2, 8-bit)","Камера тортур (S2, 8-біт)","Martelkamer (S2, 8-bit)","İşkence Odası (S2, 8-bit)"
L_MUS_CHIP_KINGDOMOFHERETICSS2,,Kingdom of Heretics (S2. 8-bit),異端者の王国（S2. 8ビット）,Königreich der Ketzer (S2. 8-bit),Royaume des Hérétiques (S2. 8-bit),Reino de Herejes (S2. 8-bit),Reino dos Hereges (S2. 8-bit),Королевство Еретиков (S2. 8-bit),Regno degli Eretici (S2. 8-bit),異教徒王國 (S2. 8位元),异教王国（S2， 8-bit）,이단자의 왕국 (S2. 8-bit),Królestwo Heretyków (S2. 8-bit),Королівство Єретиків (S2. 8-біт),Koninkrijk der Ketters (S2. 8-bit),Sapkınlar Krallığı (S2. 8-bit)
L_MUS_CHIP_GODBATTLES2,,"God Battle (S2, 8-bit)",ゴッドバトル（S2、8ビット）,"Götterkampf (S2, 8-bit)","Combat Divin (S2, 8-bit)","Batalla Divina (S2, 8-bit)","Batalha Divina (S2, 8-bit)","Битва с Богом (S2, 8-бит)","God Battle (S2, 8-bit)","神之戰 (S2, 8位元)",神明之战（S2，8-bit）,"신 전투 (S2, 8-bit)","Bitwa Bogów (S2, 8-bit)","Битва з Богом (S2, 8-біт)","God Battle (S2, 8-bit)","Tanrı Savaşı (S2, 8-bit)"
L_MUS_CHIP_UNSULLIEDMEADOWSS2,,"Unsullied Meadows (S2, 8-bit)","穢れなき草原 (S2, 8-bit)","Unbefleckte Auen (S2, 8-bit)","Prairies Immaculées (S2, 8-bit)","Prados Inmaculados (S2, 8-bit)","Prados Imaculados (S2, 8-bit)","Незапятнанные Луга (S2, 8-bit)","Prati Incontaminati (S2, 8-bit)",純淨草原（S2，8位元）,纯净草原（S2，8-bit）,"순수한 초원 (S2, 8-bit)","Nieskalane Łąki (S2, 8-bit)","Незаплямовані Луки (S2, 8-біт)","Onbevlekte Weiden (S2, 8-bit)","Lekesiz Çayırlar (S2, 8-bit)"
L_MUS_CHIP_FARAWAYENCLAVES2,,"Faraway Enclave (S2, 8-bit)","遠方の飛地 (S2, 8ビット)","Entlegene Enklave (S2, 8-bit)","Enclave Lointaine (S2, 8-bit)","Enclave Lejano (S2, 8-bit)","Enclave Distante (S2, 8-bit)","Дальний Анклав (S2, 8-bit)","Enclave Remota (S2, 8-bit)",遙遠飛地（S2，8位元）,遥远飞地（S2，8-bit）,"먼 곳의 은신처 (S2, 8-bit)","Odległa Enklawa (S2, 8-bit)","Віддалений Анклав (S2, 8-біт)","Verafgelegen Enclave (S2, 8-bit)","Uzak Yerleşke (S2, 8-bit)"
L_MUS_CHIP_CUTTHROATJUNGLES2,,"Cutthroat Jungle (S2, 8-bit)",カットスロート・ジャングル（S2、8ビット）,"Halsabschneider-Dschungel (S2, 8-bit)","Jungle Impitoyable (S2, 8-bit)","Jungla Despiadada (S2, 8-bit)","Selva Implacável (S2, 8-bit)","Джунгли Головорезов (S2, 8-бит)","Giungla dei Tagliagole (S2, 8-bit)",殺手叢林（S2，8位元）,绝命丛林（S2，8-bit）,"살인마의 정글 (S2, 8-bit)","Dżungla Bezwzględnych (S2, 8-bit)","Безжальні Джунглі (S2, 8-біт)","Meedogenloze Jungle (S2, 8-bit)","Haydut Ormanı (S2, 8-bit)"
L_MUS_CHIP_AZUREDREAMS2,,"Azure Dream (S2, 8-bit)",アズールドリーム（S2、8ビット）,"Azure Dream (S2, 8-bit)","Azure Dream (S2, 8-bit)","Sueño Azur (S2, 8-bit)","Sonho Azul (S2, 8-bit)","Лазурный Сон (S2, 8-бит)","Azure Dream (S2, 8-bit)",蔚藍夢境（S2，8位元）,碧蓝梦境（S2，8-bit）,"하늘빛 꿈 (S2, 8-bit)","Lazurowy Sen (S2, 8-bit)","Лазурний Сон (S2, 8-біт)","Azure Dream (S2, 8-bit)","Mavi Rüya (S2, 8-bit)"
L_MUS_CHIP_THESWAMPLANDSS2,,"The Swamplands (S2, 8-bit)","沼地 (S2, 8ビット)","Die Sumpfländer (S2, 8-bit)","Les Marécages (S2, 8-bit)","Los Pantanos (S2, 8-bit)","Os Pântanos (S2, 8-bit)","Болотные земли (S2, 8-bit)","Le Paludi (S2, 8-bit)",沼澤地帶（S2，8位元）,沼泽之地（S2，8-bit）,"늪지대 (S2, 8비트)","Mokradła (S2, 8-bit)","Болотні землі (S2, 8-bit)","De Moeraslanden (S2, 8-bit)","Bataklık Toprakları (S2, 8-bit)"
L_MUS_CHIP_FROSTBITECAVERNSS2,,"Frostbite Caverns (S2, 8-bit)",フロストバイト洞窟（S2、8ビット）,"Frostbiss-Höhlen (S2, 8-bit)","Cavernes Glaciales (S2, 8-bit)","Cavernas Heladas (S2, 8-bit)","Cavernas Gélidas (S2, 8-bit)","Морозные Пещеры (S2, 8-bit)","Caverne Gelide (S2, 8-bit)",霜咬洞窟（S2，8位元）,寒霜洞穴（S2，8-bit）,"서리물림 동굴 (S2, 8비트)","Lodowe Jaskinie (S2, 8-bit)","Крижані Печери (S2, 8-біт)","Ijskoude Grotten (S2, 8-bit)","Ayaz Mağaraları (S2, 8-bit)"
L_MUS_CHIP_REFUGEOFTHEMAGIS2,,"Refuge of the Magi (S2, 8-bit)",魔術師の避難所（S2、8ビット）,"Zuflucht der Magier (S2, 8-bit)","Refuge des Mages (S2, 8-bit)","Refugio de los Magos (S2, 8-bit)","Refúgio dos Magos (S2, 8-bit)","Убежище Магов (S2, 8-bit)","Rifugio dei Maghi (S2, 8-bit)",魔法師的庇護所（S2，8位元）,贤者避难所（S2，8-bit）,"마법사들의 피난처 (S2, 8-bit)","Schronienie Magów (S2, 8-bit)","Притулок Магів (S2, 8-біт)","Toevluchtsoord van de Magiërs (S2, 8-bit)","Büyücülerin Sığınağı (S2, 8-bit)"
L_MUS_CHIP_ETERNITY'SENDS2,,"Eternity's End (S2, 8-bit)","エタニティズ・エンド (S2, 8ビット)","Ewigkeits Ende (S2, 8-bit)","Fin de l'Éternité (S2, 8-bit)","Fin de la Eternidad (S2, 8-bit)","Fim da Eternidade (S2, 8-bit)","Конец Вечности (S2, 8-бит)","Eternity's End (S2, 8-bit)",永恆終焉（S2，8位元）,永恒尽头（S2，8-bit）,"영원의 끝 (S2, 8-bit)","Kres Wieczności (S2, 8-bit)","Кінець Вічності (S2, 8-біт)","Einde der Eeuwigheid (S2, 8-bit)","Sonsuzluğun Sonu (S2, 8-bit)"
L_MUS_CHIP_TITLETHEMES1,,"Title Theme (S1, 8-bit)",タイトルテーマ（S1、8ビット）,"Titelthema (S1, 8-bit)","Thème du titre (S1, 8-bit)","Tema del Título (S1, 8-bit)","Tema do Título (S1, 8-bit)","Главная тема (S1, 8-бит)","Title Theme (S1, 8-bit)",標題主題（S1，8位元）,主题曲（S1，8-bit）,"타이틀 테마 (S1, 8비트)","Motyw Tytułowy (S1, 8-bit)","Головна тема (S1, 8-біт)","Titelmuziek (S1, 8-bit)","Başlık Müziği (S1, 8-bit)"
L_MUS_CHIP_TITLETHEMES2,,"Title Theme (S2, 8-bit)",タイトルテーマ（S2、8ビット）,"Titelthema (S2, 8-bit)","Thème du titre (S2, 8-bit)","Title Theme (S2, 8-bit)","Tema do Título (S2, 8-bit)","Главная тема (S2, 8-бит)","Title Theme (S2, 8-bit)",標題主題（S2，8位元）,主题曲（S2，8-bit）,"타이틀 테마 (S2, 8비트)","Motyw Tytułowy (S2, 8-bit)","Головна тема (S2, 8-біт)","Title Theme (S2, 8-bit)","Başlık Müziği (S2, 8-bit)"
L_MUS_CHIP_WHERETHEDEADSHIPSDWELLS2,,"Where the Dead Ships Dwell (S2, 8-bit)",死せる船の住処（S2、8ビット）,"Wo die toten Schiffe ruhen (S2, 8-bit)","Là où Gisent les Navires Morts (S2, 8-bit)","Donde Moran los Barcos Muertos (S2, 8-bit)","Onde os Navios Mortos Habitam (S2, 8-bit)","Где Обитают Мёртвые Корабли (S2, 8-bit)","Dove Dimorano le Navi Morte (S2, 8-bit)",亡船棲息之地（S2，8位元）,亡船居所（S2，8-bit）,"죽은 배들이 머무는 곳 (S2, 8-bit)","Gdzie Spoczywają Martwe Statki (S2, 8-bit)","Де Мешкають Мертві Кораблі (S2, 8-біт)","Where the Dead Ships Dwell (S2, 8-bit)","Ölü Gemilerin Mesken Tuttuğu Yer (S2, 8-bit)"
L_MUS_CHIP_BATTLES3,,"Battle (S3, 8-bit)",バトル（S3、8ビット）,"Kampf (S3, 8-bit)","Combat (S3, 8-bit)","Batalla (S3, 8-bit)","Batalha (S3, 8-bit)","Битва (S3, 8-bit)","Battaglia (S3, 8-bit)",戰鬥（S3，8位元）,战斗（S3，8-bit）,"전투 (S3, 8비트)","Bitwa (S3, 8-bit)","Битва (S3, 8-біт)","Gevecht (S3, 8-bit)","Savaş (S3, 8-bit)"
L_MUS_CHIP_AMALGAMGARDENS,,Amalgam Gardens (8-bit),アマルガム・ガーデン（8ビット）,Amalgam-Gärten (8-bit),Jardins d'Amalgame (8-bit),Jardines Amalgama (8-bit),Jardins Amalgamados (8-bit),Сады Амальгамы (8-бит),Giardini Amalgama (8-bit),混合花園（8位元）,融合花园（8-bit）,아말감 가든 (8비트),Ogrody Amalgamatu (8-bit),Сади Амальгами (8-біт),Amalgaam Tuinen (8-bit),Amalgam Bahçeleri (8-bit)
L_MUS_CHIP_ASTRALGALLERY,,Astral Gallery (8-bit),アストラルギャラリー（8ビット）,Astrale Galerie (8-bit),Galerie Astrale (8-bit),Galería Astral (8-bit),Galeria Astral (8-bit),Астральная Галерея (8-бит),Galleria Astrale (8-bit),星界畫廊（8位元）,星界画廊（8-bit）,천체 갤러리 (8비트),Galeria Astralna (8-bit),Астральна Галерея (8-біт),Astrale Galerij (8-bit),Astral Galeri (8-bit)
L_MUS_CHIP_DAMAREL,,Damarel (8-bit),ダマレル（8ビット）,Damarel (8-bit),Damarel (8-bit),Damarel (8-bit),Damarel (8-bit),Дамарел (8-бит),Damarel (8-bit),達瑪雷爾 (8位元),达玛瑞尔（8-bit）,다마렐 (8비트),Damarel (8-bit),Дамарел (8-біт),Damarel (8-bit),Damarel (8-bit)
L_MUS_CHIP_FAELANDS,,Fae Lands (8-bit),フェイの国 (8ビット),Feenländer (8-bit),Terres Féeriques (8-bit),Tierras Feéricas (8-bit),Terras das Fadas (8-bit),Волшебные Земли (8-бит),Terre Fatate (8-bit),精靈國度 (8位元),仙灵秘境（8-bit）,요정의 땅 (8비트),Kraina Fae (8-bit),Чарівні Землі (8-біт),Feeënlanden (8-bit),Peri Diyarları (8-bit)
L_MUS_CHIP_FORBIDDENDEPTHS,,Forbidden Depths (8-bit),禁断の深淵（8ビット）,Verbotene Tiefen (8-bit),Profondeurs Interdites (8-bit),Profundidades Prohibidas (8-bit),Profundezas Proibidas (8-bit),Запретные Глубины (8-бит),Profondità Proibite (8-bit),禁忌深淵 (8-bit),深渊禁地（8-bit）,금지된 심연 (8비트),Zakazane Głębiny (8-bit),Заборонені Глибини (8-біт),Verboden Diepten (8-bit),Yasak Derinlikler (8-bit)
L_MUS_CHIP_FORGOTTENLABORATORY,,Forgotten Laboratory (8-bit),忘れられた研究所（8ビット）,Vergessenes Labor (8-bit),Laboratoire Oublié (8-bit),Laboratorio Olvidado (8-bit),Laboratório Esquecido (8-bit),Забытая Лаборатория (8-bit),Laboratorio Dimenticato (8-bit),遺忘的實驗室（8位元）,被遗忘的实验室（8-bit）,잊혀진 연구소 (8비트),Zapomniane Laboratorium (8-bit),Забута Лабораторія (8-біт),Vergeten Laboratorium (8-bit),Unutulmuş Laboratuvar (8-bit)
L_MUS_CHIP_GAMBLER'SHIVE,,Gambler's Hive (8-bit),ギャンブラーの巣窟（8ビット）,Spielerhöhle (8-bit),Ruche du Joueur (8-bit),Colmena del Jugador (8-bit),Colmeia do Apostador (8-bit),Улей Азартных Игр (8-бит),Alveare del Giocatore d'Azzardo (8-bit),賭徒蜂巢（8位元）,赌徒蜂巢（8-bit）,도박꾼의 소굴 (8비트),Ul Hazardzisty (8-bit),Вулик Азартника (8-біт),Gokkersbijenkorf (8-bit),Kumarbazın Kovanı (8-bit)
L_MUS_CHIP_LANDOFBREATH&BALANCE,,Land of Breath & Balance (8-bit),息吹と均衡の地（8ビット）,Land des Atems & Gleichgewichts (8-bit),Terre de Souffle & Équilibre (8-bit),Tierra de Aliento y Equilibrio (8-bit),Terra do Sopro & Equilíbrio (8-bit),Земля Дыхания и Равновесия (8-бит),Terra del Respiro e dell'Equilibrio (8-bit),氣息與平衡之地（8位元）,调息之地（8-bit）,숨결과 균형의 땅 (8비트),Kraina Oddechu i Równowagi (8-bit),Земля Подиху і Балансу (8-біт),Land van Adem & Balans (8-bit),Nefes ve Denge Diyarı (8-bit)
L_MUS_CHIP_OVERGROWNTEMPLE,,Overgrown Temple (8-bit),オーバーグロウン・テンプル（8ビット）,Überwucherter Tempel (8-bit),Temple Envahi (8-bit),Templo Invadido por la Vegetación (8-bit),Templo Abandonado (8-bit),Заросший Храм (8-бит),Tempio Invaso dalla Vegetazione (8-bit),雜草叢生的神廟（8位元）,荒蔓神庙（8-bit）,우거진 사원 (8비트),Przerośnięta Świątynia (8-bit),Зарослий Храм (8-біт),Overwoekerde Tempel (8-bit),Büyümüş Tapınak (8-bit)
L_DEC_FOUNDINGOFANEWHOME,,Founding of a New Home,新たな故郷の創設,Gründung einer neuen Heimat,Fondation d'un Nouveau Foyer,Fundación de un Nuevo Hogar,Fundação de um Novo Lar,Основание Нового Дома,Fondazione di una Nuova Dimora,建立新家園,新家园的建立,새로운 보금자리의 건설,Założenie Nowego Domu,Заснування Нового Дому,Stichting van een Nieuw Thuis,Yeni Bir Yuvanın Kuruluşu
L_DEC_PLEISTOCENERUNES,,Pleistocene Runes,プレイストセーン・ルーン,Pleistozän-Runen,Runes du Pléistocène,Runas del Pleistoceno,Runas do Pleistoceno,Руны Плейстоцена,Rune del Pleistocene,更新世符文,更新世符文,플라이스토세 룬,Runy Plejstocenu,Плейстоценові руни,Pleistocene Runen,Pleyistosen Runları
L_DEC_LUCANIANILLUMINATOR,,Lucanian Plush,ルカニアンぬいぐるみ,Lukanisches Plüschtier,Peluche Lucanienne,Peluche Lucaniano,Pelúcia Lucaniana,Плюшевый Луканец,Peluche Lucaniano,盧卡尼亞絨毛玩偶,卢卡尼亚毛绒玩具,루카니안 인형,Pluszak Lukański,Луканська М'яка Іграшка,Lucaniaanse Knuffel,Lucanialı Peluş
L_DEC_MARIONETTEDEIMOSELLE,,Marionette Plush,マリオネットぬいぐるみ,Marionettenpuppe,Peluche Marionnette,Peluche de Marioneta,Boneco de Pelúcia Marionete,Плюшевая Марионетка,Peluche Marionetta,傀儡絨毛玩偶,提线木偶毛绒玩具,마리오네트 인형,Pluszowa Marionetka,Маріонеткова М'яка Іграшка,Marionettenknuffel,Kukla Peluş
L_DEC_NIHILISTSEALER,,Nihilist Plush (2),ニヒリストぬいぐるみ (2),Nihilisten-Plüsch (2),Peluche Nihiliste (2),Peluche Nihilista (2),Pelúcia Niilista (2),Плюшевый Нигилист (2),Peluche Nichilista (2),虛無主義絨毛玩偶 (2),虚无论者毛绒玩具（2）,허무주의자 인형 (2),Pluszowy Nihilista (2),Плюшевий Нігіліст (2),Nihilistische Knuffel (2),Nihilist Peluş (2)
L_DEC_ASCENDEDMERMAID,,Monument of the Deep,深淵の碑,Monument der Tiefe,Monument des Profondeurs,Monumento de las Profundidades,Monumento das Profundezas,Монумент Глубин,Monumento delle Profondità,深淵紀念碑,深渊纪念碑,심연의 기념비,Pomnik Głębin,Монумент Глибин,Monument van de Diepte,Derinliklerin Anıtı
L_WEA_HEAVENLYSTARFALL,,Heavenly Starfall,天空の星落とし,Himmlischer Sternenfall,Chute d'Étoiles Céleste,Caída Celestial,Queda Celestial,Небесный Звездопад,Caduta Celeste,天穹隕星,天国落星,천상의 별무리,Niebiański Gwiazdopad,Небесний Зорепад,Hemelse Sterrenval,Göksel Yıldız Düşüşü
L_WEA_HEAVENLYSTORMCLOUDS,,Heavenly Stormclouds,天空の嵐雲,Himmlische Sturmwolken,Nuages d'Orage Célestes,Nubes de Tormenta Celestiales,Nuvens de Tempestade Celestiais,Небесные Грозовые Тучи,Nubi Tempestose Celesti,天國風暴雲,天国暴风云,천상의 폭풍구름,Niebiańskie Burzowe Chmury,Небесні Грозові Хмари,Hemelse Stormwolken,Semavi Fırtına Bulutları
L_WEA_GRAVEYARDFOG,,Graveyard Fog,墓地の霧,Friedhofsnebel,Brume du Cimetière,Niebla del Cementerio,Névoa do Cemitério,Туман Кладбища,Nebbia del Cimitero,墓園迷霧,墓地雾,묘지 안개,Mgła Cmentarna,Туман Кладовища,Kerkhofmist,Mezarlık Sisi
L_WEA_GRAVEYARDRAIN,,Graveyard Rain,墓地の雨,Friedhofsregen,Pluie du Cimetière,Lluvia del Cementerio,Chuva do Cemitério,Дождь на Кладбище,Pioggia del Cimitero,墓園之雨,墓地雨,묘지의 비,Deszcz Cmentarny,Дощ на Кладовищі,Kerkhof Regen,Mezarlık Yağmuru
L_WEA_SWAMPLANDSPORES,,Swampland Spores,沼地の胞子,Sumpfland-Sporen,Spores des Marécages,Esporas del Pantano,Esporos do Pântano,Болотные Споры,Spore della Palude,沼澤孢子,沼泽孢子,늪지대 포자,Zarodniki Moczarów,Болотні Спори,Moerasland Sporen,Bataklık Sporları
L_WEA_SWAMPLANDFOG,,Swampland Fog,沼地の霧,Sumpflandnebel,Brume des Marécages,Niebla del Pantano,Névoa do Pântano,Болотный Туман,Nebbia della Palude,沼澤迷霧,沼泽雾,늪지대의 안개,Mgła Moczarów,Болотний Туман,Moeraslandnevel,Bataklık Sisi
L_WEA_SWAMPLANDRAIN,,Swampland Rain,沼地の雨,Sumpfland-Regen,Pluie des Marécages,Lluvia del Pantano,Chuva do Pântano,Дождь Болотных Земель,Pioggia della Palude,沼澤雨林,沼泽雨,늪지대의 비,Deszcz Moczarów,Болотний Дощ,Moerasregen,Bataklık Yağmuru
L_WEA_ARCANEFOG,,Arcane Fog,アルケインフォッグ,Arkaner Nebel,Brume Arcanique,Niebla Arcana,Névoa Arcana,Магический Туман,Nebbia Arcana,奧術迷霧,奥术雾,신비한 안개,Mistyczna Mgła,Таємничий Туман,Mystieke Mist,Büyülü Sis
L_WEA_ARCANEMOTES,,Arcane Motes,魔力の粒子,Arkane Partikel,Brumes Arcaniques,Motas Arcanas,Partículas Arcanas,Чародейские крупицы,Frammenti Arcani,奧術微粒,奥术微尘,비전 티끌,Okruchy Tajemnicy,Магічні Часточки,Arcane Vonken,Büyülü Zerrecikler
L_WEA_VOLCANOEMBERS,,Volcano Embers,火山の燠火,Vulkanglut,Braises du Volcan,Brasas del Volcán,Brasas do Vulcão,Вулканические Угли,Braci del Vulcano,火山餘燼,火山余烬,화산 잔불,Żar Wulkanu,Вулканічне Жарево,Vulkaanas,Volkan Közleri
L_WEA_VOLCANOASHES,,Volcano Ashes,火山の灰,Vulkanasche,Cendres Volcaniques,Cenizas Volcánicas,Cinzas Vulcânicas,Пепел Вулкана,Ceneri Vulcaniche,火山灰燼,火山灰烬,화산재,Popioły Wulkanu,Вулканічний попіл,Vulkaanas,Volkan Külleri
L_WEA_VOLCANOSMOG,,Volcano Smog,火山の煙霧,Vulkanischer Smog,Brume Volcanique,Smog Volcánico,Fumaça Vulcânica,Вулканический Смог,Smog Vulcanico,火山煙霧,火山烟雾,화산 스모그,Wulkaniczny Smog,Вулканічний Смог,Vulkaansmog,Volkan Dumanı
L_WEA_GRASSLANDRAIN,,Grassland Rain,草原の雨,Graslandniederschlag,Pluie des Prairies,Lluvia de Pradera,Chuva da Pradaria,Дождь в степи,Pioggia della Prateria,草原雨,草原雨,초원의 비,Deszcz na Łąkach,Дощ у степу,Graslandregens,Çayır Yağmuru
L_WEA_GRASSLANDWIND,,Grassland Wind,草原の風,Graslandwind,Vent des Prairies,Viento de la Pradera,Vento da Pradaria,Ветер Равнин,Vento della Prateria,草原之風,草原风,초원의 바람,Wiatr Stepów,Вітер Степів,Grasvlaktewind,Çayır Rüzgarı
L_WEA_ARCTICSNOW,,Arctic Snow,極寒の雪,Arktischer Schnee,Neige Arctique,Nieve Ártica,Neve Ártica,Арктический Снег,Neve Artica,極地雪原,极地雪,극지방 눈,Arktyczny Śnieg,Арктичний сніг,Arctische Sneeuw,Kutup Karı
L_WEA_ARCTICWINDS,,Arctic Winds,極寒の風,Arktische Winde,Vents Arctiques,Vientos Árticos,Ventos Árticos,Арктические Ветра,Venti Artici,極地寒風,极地风,북극의 바람,Arktyczne Wiatry,Арктичні Вітри,Arctische Winden,Kutup Rüzgarları
L_WEA_DUNGEONFOG,,Dungeon Fog,ダンジョンフォグ,Verliessnebel,Brume du Donjon,Niebla de Mazmorra,Névoa da Masmorra,Туман Подземелья,Nebbia del Dungeon,地城迷霧,地牢雾,던전 안개,Mgła Lochu,Туманне Підземелля,Kerkerwaas,Zindan Sisi
L_WEA_DUNGEONBLOODFALL,,Dungeon Bloodfall,ダンジョン・ブラッドフォール,Dungeon Bloodfall,Donjon Sangchute,Mazmorra Caída de Sangre,Masmorra Queda de Sangue,Подземелье Кровопад,Dungeon Bloodfall,地牢血殞,地牢血雨,던전 블러드폴,Loch Krwawego Upadku,Підземелля Кровопад,Kerker Bloedval,Zindan Kanakışı
L_WEA_CAVERNSWARM,,Cavern Spider Swarm,洞窟の蜘蛛の群れ,Höhlenschwarm-Spinnen,Nuée d'Araignées des Cavernes,Enjambre de Arañas de Caverna,Enxame de Aranhas da Caverna,Рой Пещерных Пауков,Sciame di Ragni delle Caverne,洞穴蜘蛛群,洞穴蜘蛛雨,동굴 거미 떼,Rój Pająków Jaskiniowych,Рій Печерних Павуків,Grotspinnenzwerm,Mağara Örümcek Sürüsü
L_WEA_CAVERNFOG,,Cavern Fog,洞窟の霧,Höhlennebel,Brume des Cavernes,Niebla de Caverna,Névoa da Caverna,Пещерный Туман,Nebbia della Caverna,洞穴迷霧,洞穴雾,동굴 안개,Mgła Jaskiniowa,Печерний Туман,Grottennevel,Mağara Sisi
L_WEA_DESERTRAIN,,Desert Rain,砂漠の雨,Wüstenregen,Pluie du Désert,Lluvia del Desierto,Chuva do Deserto,Пустынный Дождь,Pioggia del Deserto,沙漠之雨,沙漠雨,사막의 비,Pustynny Deszcz,Пустельний Дощ,Woestijnregen,Çöl Yağmuru
L_WEA_DESERTSANDSTORM,,Desert Sandstorm,砂漠の砂嵐,Wüstensandsturm,Tempête de Sable du Désert,Tormenta de Arena del Desierto,Tempestade de Areia do Deserto,Песчаная Буря Пустыни,Tempesta di Sabbia del Deserto,沙漠風暴,沙漠沙尘暴,사막 모래폭풍,Pustynna Burza Piaskowa,Піщана Буря Пустелі,Woestijnzandstorm,Çöl Kum Fırtınası
L_WEA_ISLANDRAIN,,Island Rain,アイランドレイン,Inselregen,Pluie d'Île,Lluvia Isleña,Chuva da Ilha,Островной Дождь,Pioggia dell'Isola,島嶼雨,岛屿雨,섬의 비,Deszcz na Wyspie,Острівний Дощ,Eilandregen,Ada Yağmuru
L_WEA_ISLANDGUSTS,,Island Gusts,島風,Inselwinde,Rafales Insulaires,Ráfagas Isleñas,Rajadas da Ilha,Островные Порывы,Raffiche dell'Isola,島嶼強風,岛屿劲风,섬의 돌풍,Wyspowe Podmuchy,Острівні Пориви,Eilandwinden,Ada Rüzgarları
L_WEA_UNDERWATERBUBBLES,,Underwater Bubbles,水中の泡,Unterwasserblasen,Bulles sous-marines,Burbujas Submarinas,Bolhas Subaquáticas,Подводные Пузыри,Bolle Sottomarine,水下泡泡,水下气泡,수중 방울,Podwodne Bąbelki,Підводні Бульбашки,Onderwaterbellen,Sualtı Kabarcıkları
L_WEA_GALAXYSTARS,,Galaxy Stars,ギャラクシースターズ,Galaxiesterne,Étoiles de la Galaxie,Estrellas de la Galaxia,Estrelas da Galáxia,Звёзды Галактики,Stelle Galattiche,銀河星辰,星系星辰,갤럭시 스타즈,Gwiazdy Galaktyki,Галактичні Зірки,Melkwegsterren,Galaksi Yıldızları
L_WEA_GALAXYPARTICLES,,Galaxy Particles,ギャラクシーパーティクル,Galaxiepartikel,Particules Galactiques,Partículas Galácticas,Partículas da Galáxia,Галактические Частицы,Particelle Galattiche,星系粒子,星系粒子,은하 입자,Cząsteczki Galaktyki,Галактичні Частинки,Melkwegdeeltjes,Galaksi Parçacıkları
L_WEA_JUNGLERAIN,,Jungle Rain,ジャングルの雨,Dschungelregen,Pluie de Jungle,Lluvia de la Jungla,Chuva da Selva,Тропический Ливень,Pioggia della Giungla,叢林雨,丛林雨,정글 비,Deszcz Dżungli,Тропічний Дощ,Jungleregens,Orman Yağmuru
L_WEA_JUNGLEFOG,,Jungle Fog,ジャングルの霧,Dschungelnebel,Brume de la Jungle,Niebla de la Jungla,Névoa da Selva,Туманные Джунгли,Nebbia della Giungla,叢林迷霧,丛林雾,정글 안개,Mgła Dżungli,Туманні Джунглі,Junglesmist,Orman Sisi
L_WEA_ITSRAININGMEN,,It's Raining Men,男が降ってくる,Es regnen Männer,Il Pleut des Hommes,Están Lloviendo Hombres,Está Chovendo Homens,Идёт Дождь из Мужчин,Piovono Uomini,男人從天而降,人头雨,남자가 비처럼 쏟아진다,Spadają Faceci,Падають чоловіки,Het Regent Mannen,Erkekler Yağıyor
L_WEA_CASTLEGRIME,,Castle Grime,グライム城,Schloss Schmutz,Château Sinistre,Castillo Inmundo,Castelo Sórdido,Замок Грязи,Castello Grime,骯髒城堡,城堡尘垢,그라임 성,Zamek Brud,Замок Бруду,Kasteel Vuil,Kir Kalesi
L_WEA_AUTUMNBLOODFALL,,Autumn Bloodfall,秋の血降り,Herbstblutfall,Chute de Sang d'Automne,Caída de Sangre Otoñal,Queda de Sangue Outonal,Осенний Кровопад,Caduta di Sangue Autunnale,秋季血落,秋景血雨,가을의 피낙엽,Jesienny Krwispad,Осіння Кровотеча,Herfst Bloedval,Sonbahar Kan Dökümü
L_WEA_AUTUMNLEAVES,,Autumn Leaves,秋の葉,Herbstlaub,Feuilles d'Automne,Hojas de Otoño,Folhas de Outono,Осенние Листья,Foglie d'Autunno,秋葉,秋景落叶,가을 낙엽,Jesienne Liście,Осіннє Листя,Herfstbladeren,Sonbahar Yaprakları
L_WEA_VOIDMIST,,Void Mist,虚無の霧,Leere Nebel,Brume du Néant,Niebla del Vacío,Névoa do Vazio,Туманная Пустота,Nebbia del Vuoto,虛空霧,虚空迷雾,공허의 안개,Mgła Pustki,Порожнистий Туман,Leegte Nevel,Boşluk Sisi
L_WEA_VOIDMOTES,,Void Motes,虚無の欠片,Leere-Partikel,Particules du Néant,Motas del Vacío,Fragmentos do Vazio,Частицы Пустоты,Frammenti del Vuoto,虛無微粒,虚空微尘,공허의 티끌,Okruchy Pustki,Частки Порожнечі,Leegtemoeten,Boşluk Zerreleri
L_WEA_CATHEDRALFEATHERFALL,,Cathedral Featherfall,大聖堂の羽降り,Kathedralenfedern,Chute de Plume de la Cathédrale,Caída de Plumas de la Catedral,Queda de Penas da Catedral,Перезвон Собора,Piuma Cadente della Cattedrale,大教堂羽落,教堂落羽,대성당 깃털낙하,Katedralne Pióropad,Собор Пір'япад,Kathedraal Vederdaling,Katedral Tüydüşüşü
L_WEA_CATHEDRALMOTES,,Cathedral Motes,大聖堂の粒子,Kathedralenstäubchen,Particules de Cathédrale,Motas de Catedral,Partículas da Catedral,Частицы Собора,Particelle della Cattedrale,大教堂微粒,教堂微尘,대성당 티끌,Okruchy Katedry,Собор Порошинок,Kathedraal Deeltjes,Katedral Zerreleri
L_WEA_RAINBLOOD,,Rain of Blood,血の雨,Blutregen,Pluie de Sang,Lluvia de Sangre,Chuva de Sangue,Кровавый Дождь,Pioggia di Sangue,血雨,血雨,피의 비,Deszcz Krwi,Кривавий Дощ,Bloedstorm,Kan Yağmuru
L_WEA_BLOODMIST,,Blood Mist,血霧,Blutnebel,Brume Sanglante,Niebla de Sangre,Névoa de Sangue,Кровавый Туман,Nebbia di Sangue,血霧,血雾,혈안개,Krwawa Mgła,Кривавий Туман,Bloednevel,Kan Sisi
L_WEA_ACIDRAIN,,Acid Rain,アシッドレイン,Säureregen,Pluie Acide,Lluvia Ácida,Chuva Ácida,Кислотный Дождь,Pioggia Acida,酸雨,酸雨,산성비,Kwaśny Deszcz,Кислотний Дощ,Zure Regen,Asit Yağmuru
L_WEA_ACIDMIST,,Acid Mist,アシッドミスト,Säurenebel,Brume Acide,Niebla Ácida,Névoa Ácida,Кислотный Туман,Nebbia Acida,酸霧,酸雾,산성 안개,Kwasowa Mgła,Кислотний Туман,Zuurmist,Asit Sisi
L_WEA_GEMFALLGEMFALL,,Gemfall,ジェムフォール,Gemfall,Chute de Gemmes,Caída de Gemas,Queda de Gemas,Падение Самоцветов,Caduta di Gemme,寶石隕落,宝石雨,보석낙하,Upadek Klejnotów,Падіння самоцвітів,Gemval,Taşdüşüşü
L_WEA_GEMTRACES,,Gem Traces,宝石の痕跡,Edelsteinspuren,Traces de gemme,Rastros de Gema,Vestígios de Gema,Следы самоцветов,Tracce di Gemme,寶石痕跡,宝石痕,보석 흔적,Ślady Klejnotów,Сліди самоцвітів,Edelsteensporen,Mücevher İzleri
L_WEA_FAIRYMOTES,,Fairy Motes,妖精の粉,Feenstaub,Poussières de Fée,Motas de Hada,Pó de Fada,Пыльца фей,Polvere di Fata,精靈塵,仙灵微尘,요정의 가루,Pyłki Wróżek,Чарівний Пилок,Feeënstof,Peri Tozları
L_WEA_FAIRYBREATH,,Fairy Breath,フェアリーブレス,Feenatem,Souffle Féerique,Aliento de Hada,Sopro de Fada,Дыхание Феи,Soffio di Fata,精靈之息,仙灵之息,요정의 숨결,Oddech Wróżki,Подих Феї,Feeënadem,Peri Nefesi
L_WEA_GALLERYMOTES,,Gallery Motes,ギャラリーモート,Galerie-Partikel,Motes de Galerie,Motas de Galería,Motes de Galeria,Галерейные частицы,Mote della Galleria,畫廊微塵,画廊微尘,갤러리 모트,Pyłki Galerii,Галерейні Частки,Galerij Motes,Galeri Notları
L_WEA_GALLERYDUST,,Gallery Dust,ギャラリーダスト,Galerie-Staub,Poussière de Galerie,Polvo de Galería,Poeira da Galeria,Галерейная пыль,Polvere della Galleria,畫廊塵埃,画廊粉尘,갤러리 더스트,Kurz Galerii,Галерейний пил,Galerij Stof,Galeri Tozu
L_WEA_NEONEMBERS,,Neon Embers,ネオン・エンバーズ,Neon Glut,Braises Néon,Brasas de Neón,Brasas de Neon,Неоновые Угли,Braci al Neon,霓虹餘燼,霓虹余烬,네온 엠버스,Neonowe Żagwie,Неонові Жарини,Neon Sintels,Neon Közler
L_WEA_NEONESSENCE,,Neon Essence,ネオンエッセンス,Neon-Essenz,Essence Néon,Esencia Neón,Essência Neon,Неоновая Эссенция,Essenza Neon,霓虹精華,霓虹精华,네온 에센스,Neonowa Esencja,Неонова Есенція,Neon Essentie,Neon Özü
L_WEA_TEMPLERAIN,,Temple Rain,神殿の雨,Tempelregen,Pluie du Temple,Lluvia del Templo,Chuva do Templo,Храмовый Дождь,Pioggia del Tempio,神廟之雨,神庙雨,신전의 비,Deszcz Świątyni,Храмовий Дощ,Tempelregen,Tapınak Yağmuru
L_WEA_TEMPLEGUSTS,,Temple Gusts,神殿の突風,Tempelböen,Rafales du Temple,Ráfagas del Templo,Rajadas do Templo,Храмовые Порывы,Raffiche del Tempio,神廟勁風,神庙狂风,사원의 돌풍,Podmuchy Świątyni,Храмові Пориви,Tempelwindvlagen,Tapınak Esintileri
L_WEA_HONEYHONEY,,Honey,ハニー,Honig,Miel,Miel,Mel,Мёд,Miele,蜂蜜,蜂蜜,꿀,Miód,Мед,Honing,Bal
L_WEA_GAMBLERSDREAM,,Gambler's Dream,ギャンブラーの夢,Traum des Spielers,Rêve du Joueur,Sueño del Jugador,Sonho do Jogador,Мечта Азартного Игрока,Sogno del Giocatore d'Azzardo,賭徒之夢,赌徒之梦,도박꾼의 꿈,Sen Hazardzisty,Мрія Гравця,Droom van de Gokker,Kumarbazın Rüyası
L_WEA_POWERFULWINDS,,Powerful Winds,強風,Mächtige Winde,Vents Puissants,Vientos Poderosos,Ventos Poderosos,Могучие Ветра,Venti Potenti,強勁之風,强风,강력한 바람,Potężne Wiatry,Могутні Вітри,Krachtige Winden,Güçlü Rüzgarlar
L_WEA_COGSPARKS,,Cog Sparks,コグスパーク,Zahnräderfunken,Étincelles d'Engrenage,Chispas de Engranaje,Fagulhas de Engrenagem,Искры Шестерёнки,Scintille di Ingranaggio,齒輪火花,齿轮火花,톱니 불꽃,Iskry Trybików,Іскри Шестерні,Tandwielspranken,Çark Kıvılcımları
L_WEA_BATTERYACID,,Battery Acid,バッテリー液,Batteriesäure,Acide de batterie,Ácido de batería,Ácido de Bateria,Аккумуляторная кислота,Acido per batterie,電池酸液,电池酸液,배터리 산,Kwas akumulatorowy,Акумуляторна кислота,Accuzuur,Akü Asidi
L_WEA_UNLEASHEDEXPERIMENT,,Unleashed Experiment,解き放たれた実験体,Entfesseltes Experiment,Expérience Déchaînée,Experimento Desatado,Experimento Desencadeado,Высвобожденный Эксперимент,Esperimento Scatenato,釋放的實驗,爆发的实验,풀려난 실험체,Uwolniony Eksperyment,Вивільнений Експеримент,Ontketend Experiment,Serbest Bırakılan Deney
L_WEA_EARTHENDUST,,Earthen Dust,大地の塵,Erdstaub,Poussière Terrestre,Polvo Terroso,Poeira Terrosa,Земная Пыль,Polvere Terrosa,土塵,泥土尘,대지의 먼지,Ziemisty Pył,Земляний Пил,Aardse Stof,Toprak Tozu
L_WEA_EARTHENMIST,,Earthen Mist,大地の霧,Erdennebel,Brume Terrestre,Niebla Terrestre,Névoa Terrena,Земляной Туман,Nebbia Terrena,土靈之霧,泥土雾,대지의 안개,Ziemna Mgła,Земляний Туман,Aardse Nevel,Toprak Sisi
L_WEA_NOWEATHER,,No Weather,天候なし,Kein Wetter,Pas de météo,Sin Clima,Sem Clima,Нет погоды,Nessun Clima,無天氣,无天气,날씨 없음,Brak Pogody,Немає погоди,Geen Weer,Hava Durumu Yok
L_BG_REGALISFLOOR,,Regalis' Landscape,レガリスの風景,Regalis' Landschaft,Paysage de Regalis,Paisaje de Regalis,Paisagem de Regalis,Пейзаж Регалиса,Paesaggio di Regalis,雷加利斯的風景,蕾伽丽丝的地貌,레갈리스의 풍경,Krajobraz Regalisa,Ландшафт Регаліса,Regalis' Landschap,Regalis'in Manzarası
L_BG_AEOLIANFLOOR,,Aeolian's Landscape,エオリアンの風景,Aeolians Landschaft,Paysage d'Éole,Paisaje de Aeolian,Paisagem de Eólio,Пейзаж Эолиана,Paesaggio di Eolo,伊奧利安的風景,伊欧利安的地貌,에올리안의 풍경,Krajobraz Eolski,Пейзаж Еоліана,Aeolians Landschap,Aeolian'ın Manzarası
L_BG_APOCRANOXFLOOR,,Apocranox's Landscape,アポクラノックスの風景,Apocranox' Landschaft,Paysage d'Apocranox,Paisaje de Apocranox,Paisagem de Apocranox,Пейзаж Апокранокса,Paesaggio di Apocranox,阿波克拉諾克斯的風景,阿波克拉诺的地貌,아포크라녹스의 풍경,Krajobraz Apocranoksa,Ландшафт Апокранокса,Apocranox's Landschap,Apocranox'un Manzarası
L_BG_AZURALFLOOR,,Azural's Landscape,アズラルの風景,Azurals Landschaft,Paysage d'Azural,Paisaje de Azural,Paisagem de Azural,Пейзаж Азурала,Paesaggio di Azural,艾祖拉爾的風景,阿祖拉的地貌,아주랄의 풍경,Krajobraz Azurala,Пейзаж Азурала,Azurals Landschap,Azural'ın Manzarası
L_BG_EREBYSSFLOOR,,Erebyss' Landscape,エレビスの風景,Erebyss' Landschaft,Paysage d'Erebyss,Paisaje de Erebyss,Paisagem de Erebyss,Пейзаж Эребисс,Paesaggio di Erebyss,艾瑞比斯的風景,艾瑞比丝的地貌,에레비스의 풍경,Krajobraz Erebyss,Пейзаж Еребіс,Erebyss' Landschap,Erebyss'in Manzarası
L_BG_FRIDENFLOOR,,Friden's Landscape,フリデンの風景,Fridens Landschaft,Paysage de Friden,Paisaje de Friden,Paisagem de Friden,Пейзаж Фридена,Paesaggio di Friden,弗里登的風景,弗里登的地貌,프리든의 풍경,Krajobraz Fridena,Пейзаж Фрідена,Fridens Landschap,Friden'in Manzarası
L_BG_GONFURIANFLOOR,,Gonfurian's Landscape,ゴンフリアンの風景,Gonfurians Landschaft,Paysage de Gonfurian,Paisaje de Gonfurian,Paisagem de Gonfurian,Пейзаж Гонфуриана,Paesaggio di Gonfurian,貢弗里安的風景,贡弗瑞安的地貌,곤푸리안의 풍경,Krajobraz Gonfuriana,Пейзаж Гонфуріана,Gonfurians Landschap,Gonfurian'ın Manzarası
L_BG_LISTERFLOOR,,Lister's Landscape,リスターの風景,Listers Landschaft,Paysage de Lister,Paisaje de Lister,Paisagem de Lister,Пейзаж Листера,Paesaggio di Lister,李斯特的風景畫,利斯特的地貌,리스터의 풍경,Krajobraz Listera,Пейзаж Лістера,Listers Landschap,Lister'ın Manzarası
L_BG_MERAXISFLOOR,,Meraxis's Landscape,メラクシスの風景,Meraxis' Landschaft,Paysage de Meraxis,Paisaje de Meraxis,Paisagem de Meraxis,Ландшафт Мераксиса,Paesaggio di Meraxis,梅拉克西斯的風景,梅拉西斯的地貌,메락시스의 풍경,Krajobraz Meraxis,Ландшафт Мераксіса,Meraxis's Landschap,Meraxis'in Manzarası
L_BG_PERDITIONFLOOR,,Perdition's Landscape,破滅の風景,Landschaft der Verdammnis,Paysage de la Perdition,Paisaje de la Perdición,Paisagem da Perdição,Пейзаж Погибели,Paesaggio della Perdizione,滅亡之景,珀迪森的地貌,파멸의 풍경,Krajobraz Zatracenia,Пейзаж Загибелі,Landschap der Verdoemenis,Mahşerin Manzarası
L_BG_TARTARITHFLOOR,,Tartarith's Landscape,タルタリスの風景,Tartariths Landschaft,Paysage de Tartarith,Paisaje de Tartarith,Paisagem de Tartarith,Пейзаж Тартарита,Paesaggio di Tartarith,塔塔利斯的風景,塔尔塔里斯的地貌,타르타리스의 풍경,Krajobraz Tartarith,Ландшафт Тартаріта,Tartarith's Landschap,Tartarith'in Manzarası
L_BG_TENEBRISFLOOR,,Tenebris' Landscape,テネブリスの風景,Tenebris' Landschaft,Paysage de Tenebris,Paisaje de Tenebris,Paisagem de Tenebris,Пейзаж Тенебриса,Paesaggio di Tenebris,特涅布里斯的風景,特内布里斯的地貌,테네브리스의 풍경,Krajobraz Tenebris,Ландшафт Тенебріса,Tenebris' Landschap,Tenebris'in Manzarası
L_BG_TORUNFLOOR,,Torun's Landscape,トゥルンの風景,Toruns Landschaft,Paysage de Torun,Paisaje de Torun,Paisagem de Torun,Пейзаж Торуна,Paesaggio di Torun,托倫的風景,托伦的地貌,토룬의 풍경,Krajobraz Torunia,Пейзаж Торуна,Toruns Landschap,Torun'un Manzarası
L_BG_VENEDONFLOOR,,Venedon's Landscape,ヴェネドンの風景,Venedons Landschaft,Paysage de Venedon,Paisaje de Venedon,Paisagem de Venedon,Ландшафт Венедона,Paesaggio di Venedon,維尼頓的風景,维内多的地貌,베네돈의 풍경,Krajobraz Venedonu,Ландшафт Венедона,Venedon's Landschap,Venedon'un Manzarası
L_BG_VERTRAAGFLOOR,,Vertraag's Landscape,ヴェルトラーグの風景,Vertraags Landschaft,Paysage de Vertraag,Paisaje de Vertraag,Paisagem de Vertraag,Пейзаж Вертраага,Paesaggio di Vertraag,維特拉格的風景,维特拉戈的地貌,버트라그의 풍경,Krajobraz Vertraaga,Ландшафт Вертраага,Vertraag's Landschap,Vertraag'ın Manzarası
L_BG_VULCANARFLOOR,,Vulcanar's Landscape,ヴァルカナーの風景,Vulcanars Landschaft,Paysage de Vulcanar,Paisaje de Vulcanar,Paisagem de Vulcanar,Пейзаж Вулканара,Paesaggio di Vulcanar,火神之地景,瓦尔卡纳的地貌,불카나르의 풍경,Krajobraz Vulcanara,Ландшафт Вулканара,Vulcanars Landschap,Vulcanar'ın Manzarası
L_BG_YSEROSFLOOR,,Yseros' Landscape,イセロスの風景,Yseros' Landschaft,Paysage d'Yseros,Paisaje de Yseros,Paisagem de Yseros,Пейзаж Исероса,Paesaggio di Yseros,伊瑟洛斯的風景,伊瑟洛丝的地貌,이세로스의 풍경,Krajobraz Yserosa,Пейзаж Ісероса,Yseros' Landschap,Yseros'un Manzarası
L_BG_ZONTEFLOOR,,Zonte's Landscape,ゾンテの風景,Zontes Landschaft,Paysage de Zonte,Paisaje de Zonte,Paisagem de Zonte,Пейзаж Зонте,Paesaggio di Zonte,宗特的風景,佐特的地貌,존테의 풍경,Krajobraz Zonte,Ландшафт Зонте,Zonte's Landschap,Zonte'nin Manzarası
L_BG_AURUMFLOOR,,Aurum's Landscape,オーラムの風景,Aurums Landschaft,Paysage d'Aurum,Paisaje de Aurum,Paisagem de Aurum,Пейзаж Аурума,Paesaggio di Aurum,奧倫的風景,奥鲁姆的地貌,아우룸의 풍경,Krajobraz Aurum,Пейзаж Аурума,Aurum's Landschap,Aurum'un Manzarası
L_BG_STANDARDFLOOR,,Standard Landscape,標準の風景,Standardlandschaft,Paysage Standard,Paisaje Estándar,Paisagem Padrão,Стандартный пейзаж,Paesaggio Standard,標準風景,标准地貌,표준 풍경,Standardowy krajobraz,Стандартний ландшафт,Standaard Landschap,Standart Manzara
L_BG_MORTEMFLOOR,,Mortem's Landscape,モーテムの風景,Mortems Landschaft,Paysage de Mortem,Paisaje de Mortem,Paisagem de Mortem,Пейзаж Мортема,Paesaggio di Mortem,莫特姆的風景,莫特姆的地貌,모르템의 풍경,Kraina Mortema,Пейзаж Мортема,Mortem's Landschap,Mortem'in Manzarası
L_BG_SURATHLIFLOOR,,Surathli's Landscape,スラスリの風景,Surathlis Landschaft,Paysage de Surathli,Paisaje de Surathli,Paisagem de Surathli,Пейзаж Суратли,Paesaggio di Surathli,蘇拉斯利的風景,苏拉斯莉的地貌,수라슬리의 풍경,Krajobraz Surathli,Пейзаж Суратлі,Surathli's Landschap,Surathli'nin Manzarası
L_BG_CHAOSBIOMEFLOOR,,Great Pandemonium Landscape,大混沌の風景,Große Pandemonium-Landschaft,Grand Paysage de Pandémonium,Gran Paisaje del Pandemonio,Grande Paisagem do Pandemônio,Великий Пейзаж Пандемониума,Grande Paesaggio del Pandemonio,大混亂奇景,混乱之域地貌,대혼란의 풍경,Wielki Krajobraz Pandemonium,Великий Пейзаж Пандемоніуму,Groot Pandemonium Landschap,Büyük Kargaşa Manzarası
L_BG_DEATHBIOMEFLOOR,,Path of the Damned Landscape,呪われし者の道の風景,Pfad der Verdammten Landschaft,Paysage du Chemin des Damnés,Paisaje del Camino de los Condenados,Caminho dos Condenados Paisagem,Путь Проклятых Пейзаж,Paesaggio del Sentiero dei Dannati,詛咒之徑地景,诅咒之路地貌,저주받은 자의 길 풍경,Krajobraz Ścieżki Potępionych,Шлях Проклятих Земель,Pad van de Verdoemden Landschap,Lanetlilerin Yolu Manzarası
L_BG_DUNGEONFLOOR,,Torture Chamber Landscape,拷問部屋の風景,Folterkammer-Landschaft,Paysage de Chambre de Torture,Paisaje de Cámara de Tortura,Paisagem da Câmara de Tortura,Пейзаж Камеры Пыток,Camera di Tortura Paesaggio,酷刑室景觀,酷刑密室地貌,고문실 풍경,Krajobraz Komnaty Tortur,Пейзаж Катувальної Камери,Martelkamer Landschap,İşkence Odası Manzarası
L_BG_AUTUMNFLOOR,,Blood Grove Landscape,血の林景観,Bluthainhügellandschaft,Paysage du Bosquet Sanglant,Paisaje del Bosque Sangriento,Paisagem do Bosque Sangrento,Пейзаж Кровавой Рощи,Paesaggio del Boschetto Sanguigno,血林景觀,血色树林地貌,피의 숲 풍경,Krajobraz Krwawego Gaju,Кривавий Гай,Bloedwoud Landschap,Kan Korusu Manzarası
L_BG_GEMFLOOR,,Temple of Lies Landscape,嘘の神殿の風景,Tempel der Lügen Landschaft,Temple des Mensonges Paysage,Paisaje del Templo de las Mentiras,Paisagem do Templo das Mentiras,Пейзаж Храма Лжи,Paesaggio del Tempio delle Menzogne,謊言神殿風景,谎言神庙地貌,거짓의 신전 풍경,Krajobraz Świątyni Kłamstw,Пейзаж Храму Брехні,Tempel van Leugens Landschap,Yalanlar Tapınağı Manzarası
L_BG_PURGATORYFLOOR,,Sanctum Umbra Landscape,聖なる影の風景,Schattensanktum-Landschaft,Paysage du Sanctum Umbra,Paisaje del Sanctum Umbra,Paisagem do Sanctum Umbra,Пейзаж Святилища Теней,Paesaggio del Sanctum Umbra,闇聖殿景觀,暗影圣所地貌,성역의 그림자 풍경,Krajobraz Sanctum Umbra,Краєвид Темного Святилища,Heiligdom van de Schaduw Landschap,Kutsal Gölge Manzarası
L_BG_REACTORFLOOR,,Caustic Reactor Landscape,腐食性反応炉の風景,Ätzende Reaktorlandschaft,Paysage de Réacteur Caustique,Paisaje del Reactor Cáustico,Paisagem do Reator Cáustico,Ландшафт Едкого Реактора,Paesaggio del Reattore Caustico,腐蝕反應爐景觀,腐蚀性反应堆地貌,부식성 원자로 풍경,Krajobraz Reaktora Żrącego,Ландшафт Каустичного Реактора,Bijtend Reactorlandschap,Kostik Reaktör Manzarası
L_BG_VOIDFLOOR,,Bastion of the Void Landscape,虚無の砦の風景,Bastion der Leere Landschaft,Bastion du Néant,Bastión del Vacío,Bastião do Vazio Paisagem,Бастион Пустоты,Bastione del Vuoto Paesaggio,虛空堡壘地景,虚空堡垒地貌,공허의 요새 풍경,Bastion Pustki,Бастіон Порожнечі,Bastion van de Leegte Landschap,Boşluğun Kalesi Manzarası
L_BG_CAVEFLOOR,,Arachnid Nest Landscape,クモの巣の風景,Spinnennest-Landschaft,Paysage de Nid d'Arachnide,Paisaje del Nido de Arácnidos,Paisagem do Ninho de Aracnídeos,Паучье Гнездо,Paesaggio del Nido di Aracnidi,蜘蛛巢穴景觀,蜘蛛巢穴地貌,거미 둥지 풍경,Krajobraz Gniazda Arachnidów,Павутинне Гніздо,Spinnennestenlandschap,Örümcek Yuvası Manzarası
L_BG_LIFEBIOMEFLOOR,,Azure Dream Landscape,蒼夢の風景,Azurblaue Traumlandschaft,Paysage de Rêve Azuré,Paisaje del Sueño Azur,Paisagem do Sonho Azul,Пейзаж Лазурной Мечты,Paesaggio del Sogno Azzurro,蒼藍夢境風景,碧蓝梦境地貌,푸른 꿈의 풍경,Krajobraz Lazurowego Snu,Краєвид Лазурового Сну,Azuurblauwe Droomlandschap,Azur Rüya Manzarası
L_BG_JUNGLEFLOOR,,Cutthroat Jungle Landscape,無慈悲なジャングルの風景,Halsabschneider-Dschungellandschaft,Paysage de la Jungle Impitoyable,Paisaje de la Jungla Despiadada,Paisagem da Selva Implacável,Джунгли Головорезов,Paesaggio della Giungla Spietata,殘酷叢林景觀,绝命丛林地貌,살벌한 정글 풍경,Krajobraz Bezwzględnej Dżungli,Ландшафт Безжального Джунглів,Meedogenloze Junglelandschap,Acımasız Orman Manzarası
L_BG_SPACEFLOOR,,Eternity's End Landscape,永遠の終焉の風景,Landschaft des Ewigen Endes,Paysage de la Fin de l'Éternité,Paisaje del Fin de la Eternidad,Paisagem do Fim da Eternidade,Пейзаж Края Вечности,Paesaggio della Fine dell'Eternità,永恆終焉之境,永恒尽头地貌,영원의 끝 풍경,Krajobraz Kresu Wieczności,Краєвид Кінця Вічності,Landschap van het Einde der Eeuwigheid,Sonsuzluğun Sonu Manzarası
L_BG_ISLANDFLOOR,,Faraway Enclave Landscape,遠方の飛地の風景,Landschaft der Fernen Enklave,Paysage de l'Enclave Lointaine,Paisaje del Enclave Lejano,Paisagem do Enclave Distante,Пейзаж Далёкого Анклава,Paesaggio dell'Enclave Remota,遙遠飛地景觀,遥远飞地地貌,먼 곳의 은신처 풍경,Krajobraz Odległej Enklawy,Ландшафт Віддаленого Анклаву,Verafgelegen Enclave Landschap,Uzak Yerleşke Manzarası
L_BG_SNOWFLOOR,,Frostbite Caverns Landscape,フロストバイト洞窟の風景,Frostbiss-Höhlen Landschaft,Paysage des Cavernes Glaciales,Paisaje de las Cavernas Heladas,Paisagem das Cavernas Gélidas,Ландшафт Морозных Пещер,Paesaggio delle Caverne Gelide,霜咬洞窟景觀,寒霜洞穴地貌,서리물린 동굴 풍경,Krajobraz Mroźnych Jaskiń,Ландшафт Крижаних Печер,Landschap van de Vorstbeetgrotten,Ayazısırığı Mağaraları Manzarası
L_BG_HAUNTEDFLOOR,,Kingdom of Heretics Landscape,異端者の王国の風景,Königreich der Ketzer Landschaft,Paysage du Royaume des Hérétiques,Reino de Herejes Paisaje,Reino dos Hereges Paisagem,Королевство Еретиков Пейзаж,Regno degli Eretici Paesaggio,異教徒王國風景,异教王国地貌,이단자의 왕국 풍경,Kraina Heretyków,Королівство Єретиків Пейзаж,Koninkrijk van Ketters Landschap,Sapkınlar Krallığı Manzarası
L_BG_DESERTFLOOR,,The Barrens Landscape,荒野の風景,Die Ödland-Landschaft,Les Terres Désolées,El Paisaje de Los Páramos,Paisagem dos Ermos,Пустошь,La Landa Desolata,荒原景觀,荒芜之地地貌,황무지 풍경,Krajobraz Pustkowi,Пустельний Ландшафт,De Woestenij,Çorak Topraklar Manzarası
L_BG_NATUREBIOMEFLOOR,,The Swamplands Landscape,湿地帯の風景,Die Sumpfland-Landschaft,Les Marécages,Los Pantanos,Os Pântanos,Болотные Земли,Le Paludi,沼澤地景觀,沼泽之地地貌,늪지대 풍경,Krajobraz Bagien,Болотні Землі,De Moeraslanden,Bataklık Manzarası
L_BG_SORCERYFLOOR,,Refuge of the Magi Landscape,魔術師の避難所の風景,Zuflucht der Magier Landschaft,Refuge des Mages Paysage,Refugio de los Magos Paisaje,Refúgio dos Magos Paisagem,Убежище Магов Пейзаж,Rifugio dei Maghi Paesaggio,法師避難所景觀,贤者避难所地貌,마법사들의 피난처 풍경,Kraina Schronienia Magów,Пейзаж Притулку Магів,Toevluchtsoord van de Magiërs Landschap,Büyücülerin Sığınağı Manzarası
L_BG_GRASSLANDFLOOR,,Unsullied Meadows Landscape,穢れなき草原の風景,Unbefleckte Wiesen Landschaft,Paysage des Prairies Immaculées,Paisaje de Prados Inmaculados,Paisagem dos Prados Imaculados,Нетронутые Луга,Paesaggio delle Praterie Incontaminate,純淨草原景觀,纯净草原地貌,순수한 초원 풍경,Krajobraz Nieskalanych Łąk,Незаплямовані Луки,Onbezoedelde Weidelandschap,Lekesiz Çayırlar Manzarası
L_BG_UNDERWATERFLOOR,,Dead Ships Landscape,死せる船の風景,Landschaft der toten Schiffe,Paysage de Navires Morts,Paisaje de Barcos Muertos,Paisagem de Navios Mortos,Пейзаж Мёртвых Кораблей,Paesaggio di Navi Morte,亡船風景,亡船居所地貌,죽은 배들의 풍경,Krajobraz Martwych Statków,Пейзаж Мертвих Кораблів,Landschap van Dode Schepen,Ölü Gemiler Manzarası
L_BG_BLOODBONEFLOOR,,Titan's Wound Landscape,タイタンの傷跡の風景,Landschaft der Titanenwunde,Paysage de la Blessure du Titan,Paisaje de la Herida del Titán,Paisagem da Ferida do Titã,Ландшафт Раны Титана,Paesaggio della Ferita del Titano,泰坦之傷地貌,泰坦之伤地貌,타이탄의 상처 풍경,Krajobraz Rany Tytana,Ландшафт Рани Титана,Landschap van de Titanenwond,Titan'ın Yarası Manzarası
L_BG_TAVERNFLOOR,,Tavern Landscape,酒場の風景,Tavernengegend,Paysage de Taverne,Paisaje de Taberna,Paisagem de Taverna,Пейзаж таверны,Paesaggio della Taverna,酒館風景,酒馆地貌,선술집 풍경,Krajobraz Tawerny,Пейзаж таверни,Herberglandschap,Meyhane Manzarası
L_BG_LIQUIDBLOOD7743,,Blood Landscape,血の風景,Blutlandschaft,Paysage Sanglant,Paisaje de Sangre,Paisagem de Sangue,Кровавый Пейзаж,Paesaggio di Sangue,血色風景,血之地貌,피의 풍경,Krwawy Krajobraz,Кривавий Пейзаж,Bloedlandschap,Kan Manzarası
L_BG_LIQUIDLAVA7744,,Lava Landscape,溶岩の風景,Lavalandschaft,Paysage de Lave,Paisaje de Lava,Paisagem de Lava,Лавовый пейзаж,Paesaggio Lavico,熔岩地貌,熔岩地貌,용암 지형,Krajobraz Lawy,Лавовий ландшафт,Lavalandschap,Lav Manzarası
L_BG_LIQUIDPOISON7745,,Poison Landscape,毒の風景,Giftlandschaft,Paysage Empoisonné,Paisaje Venenoso,Paisagem Venenosa,Ядовитый Ландшафт,Paesaggio Velenoso,毒素荒原,毒之地貌,독성 풍경,Trujący Krajobraz,Отруйний Ландшафт,Giftig Landschap,Zehirli Manzara
L_BG_LIQUIDVOIDFLUID7746,,Void Fluid,虚無の液体,Leere-Flüssigkeit,Fluide du Néant,Fluido del Vacío,Fluido do Vazio,Пустотная жидкость,Fluido del Vuoto,虛空液體,虚空液体,공허의 액체,Płyn Pustki,Порожнеча,Leegtevloeistof,Boşluk Sıvısı
L_BG_LIQUIDWATER7747,,Water Landscape,水の風景,Wasserlandschaft,Paysage Aquatique,Paisaje Acuático,Paisagem Aquática,Водный Пейзаж,Paesaggio Acquatico,水景,水之地貌,물의 풍경,Wodny Krajobraz,Водний пейзаж,Waterlandschap,Su Manzarası
L_BG_MARBLEBLACK7741,,Marble Tile (Black),大理石タイル（黒）,Marmorfliese (Schwarz),Dalle de Marbre (Noir),Baldosa de Mármol (Negro),Ladrilho de Mármore (Preto),Мраморная плитка (Чёрная),Piastrella di Marmo (Nero),大理石地磚（黑色）,大理石地砖（黑）,대리석 타일 (검정),Marmurowa Płytka (Czarna),Мармурова плитка (чорна),Marmeren Tegel (Zwart),Mermer Karo (Siyah)
L_BG_MARBLEWHITE7742,,Marble Tile (White),大理石タイル（白）,Marmorfliese (Weiß),Dalle de Marbre (Blanc),Baldosa de Mármol (Blanca),Ladrilho de Mármore (Branco),Мраморная плитка (белая),Piastrella di Marmo (Bianco),大理石地磚（白色）,大理石地砖（白）,대리석 타일 (흰색),Marmurowa Płytka (Biała),Мармурова плитка (біла),Marmeren Tegel (Wit),Mermer Karo (Beyaz)
L_BG_TILECHECKERBOARD7739,,Checkerboard Tile,チェッカーボードタイル,Schachbrettfliese,Dalle en damier,Baldosa de Ajedrez,Ladrilho Quadriculado,Клетчатая плитка,Piastrella a Scacchiera,棋盤格地磚,棋盘格地砖,체크무늬 타일,Kafelka w Szachownicę,Клітчаста плитка,Schaakbordtegel,Dama Tahtası Döşemesi
L_BG_TILESOLIDICE7740,,Solid Ice,堅氷,Festes Eis,Glace Solide,Hielo Sólido,Gelo Sólido,Твёрдый Лёд,Ghiaccio Solido,堅冰,坚冰,단단한 얼음,Lity Lód,Міцний лід,Massief IJs,Katı Buz
L_BG_TILERAINBOWCARPETH,,Rainbow Carpet (H),レインボーカーペット(H),Regenbogenteppich (H),Tapis Arc-en-ciel (H),Alfombra Arcoíris (H),Tapete Arco-íris (H),Радужный ковёр (Г),Tappeto Arcobaleno (H),彩虹地毯 (H),彩虹地毯（横向）,무지개 카펫 (H),Tęczowy Dywan (H),Райдужний Килим (Г),Regenboogtapijt (H),Gökkuşağı Halı (H)
L_BG_TILERAINBOWCARPETV,,Rainbow Carpet (V),レインボーカーペット (V),Regenbogenteppich (V),Tapis Arc-en-ciel (V),Alfombra Arcoíris (V),Tapete Arco-íris (V),Радужный ковёр (V),Tappeto Arcobaleno (V),彩虹地毯 (V),彩虹地毯（纵向）,무지개 카펫 (V),Tęczowy Dywan (V),Райдужний Килим (V),Regenboogtapijt (V),Gökkuşağı Halısı (V)
L_BG_TILESKULLS,,Skulls,スカル,Schädel,Crânes,Calaveras,Crânios,Черепа,Teschi,骷髏,骷髅,해골,Czaszki,Черепи,Schedels,Kafatasları
L_BG_TILECLOCKWORK,,Clockwork,クロックワーク,Uhrwerk,Mécanique,Mecanismo de relojería,Mecanismo,Часовой механизм,Meccanismo,發條機關,发条机械,태엽장치,Mechanizm zegarowy,Механізм,Uurwerk,Çarklı Düzenek
L_BG_TILECOBBLESTONE,,Cobblestone,丸石,Kopfsteinpflaster,Pavé,Adoquín,Pedra de Calçada,Булыжник,Ciottolo,鵝卵石,鹅卵石,자갈돌,Bruk,Бруківка,Kasseisteen,Kaldırım Taşı
L_BG_TILEFLOWERBED,,Flowerbed,花壇,Blumenbeet,Parterre de fleurs,Parterre,Canteiro de flores,Клумба,Aiuola,花圃,花圃,꽃밭,Grządka kwiatowa,Клумба,Bloemperk,Çiçek Tarhı
L_BG_TILEHIVE,,Hive,ハイブ,Schwarm,Ruche,Colmena,Colmeia,Улей,Alveare,蜂巢,蜂巢,군락,Ul,Вулик,Bijenkorf,Kovan
L_BG_TILEOBSIDIAN,,Obsidian,黒曜石,Obsidian,Obsidienne,Obsidiana,Obsidiana,Обсидиан,Ossidiana,黑曜石,黑曜石,흑요석,Obsydian,Обсидіан,Obsidiaan,Obsidyen
L_BG_TILEBURNINGCOALS,,Burning Coals,燃える炭,Glühende Kohlen,Braises Ardentes,Brasas Ardientes,Brasas Ardentes,Горящие Угли,Carboni Ardenti,燃燒的煤炭,燃烧煤炭,타오르는 숯불,Płonące Węgle,Палаюче Вугілля,Brandende Kolen,Yanan Közler
L_BG_TILEFLESHY,,Fleshy,肉質の,Fleischig,Charnu,Carnoso,Carnudo,Мясистый,Carnoso,肉質,肉质,살점의,Mięsisty,М'ясистий,Vlezig,Etli
L_BG_TILEGEOMANCYCARVING,,Geomancy Carving,地霊術の彫刻,Geomantische Gravur,Gravure Géomantique,Talla de Geomancia,Entalhe de Geomancia,Геомантическая Резьба,Incisione Geomantica,地靈雕刻,风水雕刻,지맥 조각,Rzeźbienie Geomancji,Різьблення геомантії,Geomantische Gravure,Yerşekil Oyması
L_BG_TILESOSIGFLOORTILE,,Sosig,ソーセージ,Wurst,Saucisse,Sosig,Sosig,Сосиска,Salsiccia,香腸,索西格,소시지,Kiełbasa,Ковбаска,Worst,Sosis
L_BG_TILECELTICTRIVET,,Celtic Trivet,ケルトの鍋敷き,Keltischer Untersetzer,Trépied Celtique,Trípode Celta,Trevo Celta,Кельтский подставной треножник,Treppiede Celtico,凱爾特三腳架,凯尔特三脚架,켈트 삼각대,Celtycki Trójnóg,Кельтський триніжок,Keltische Drievoet,Kelt Üçayak
L_BG_TILETMEREMRGO,,T'mere M'rgo's Landscape,ト'メア・ム'ルゴの風景,T'mere M'rgos Landschaft,Le Paysage de T'mere M'rgo,El Paisaje de T'mere M'rgo,Paisagem de T'mere M'rgo,Пейзаж Т'мер М'рго,Il Paesaggio di T'mere M'rgo,提米爾·莫戈的風景畫,特米尔·莫尔戈的地貌,트메르 므르고의 풍경,Krajobraz T'mere M'rgo,Пейзаж Т'мере М'рго,T'mere M'rgo's Landschap,T'mere M'rgo'nun Manzarası
L_BG_TILEROBO,,4080's Landscape,4080のランドスケープ,4080's Landschaft,Paysage de 4080,Paisaje de 4080,Paisagem de 4080,Пейзаж 4080-х,Paesaggio di 4080,4080的風景,4080的地貌,4080의 풍경,Krajobraz 4080,Ландшафт 4080-х,4080's Landschap,4080'in Manzarası
L_BG_TILERECLUSA,,Reclusa's Landscape,レクルーサの風景,Reclusa-Landschaft,Paysage de Reclusa,Paisaje de la Reclusa,Paisagem da Reclusa,Пейзаж Реклузы,Paesaggio di Reclusa,雷克魯薩的風景,瑞克露莎的地貌,레클루사의 풍경,Krajobraz Reclusy,Ландшафт Реклюзи,Reclusa's Landschap,Reclusa'nın Manzarası
L_BG_TILEMUSE,,Muse's Landscape,ミューズの風景,Landschaft der Muse,Paysage de la Muse,Paisaje de la Musa,Paisagem da Musa,Пейзаж Музы,Paesaggio della Musa,繆思的風景,缪斯的地貌,뮤즈의 풍경,Krajobraz Muzy,Пейзаж Музи,Landschap van de Muze,Müzün Manzarası
L_BG_TILEGENAROS,,Genaros's Landscape,ジェナロスの風景,Genaros' Landschaft,Paysage de Genaros,Paisaje de Genaros,Paisagem de Genaros,Пейзаж Дженароса,Paesaggio di Genaros,傑納洛斯的風景,杰纳罗斯的地貌,제나로스의 풍경,Krajobraz Genarosa,Пейзаж Дженароса,Genaros's Landschap,Genaros'un Manzarası
L_BG_TILEARIAMAKI,,Ariamaki's Landscape,アリアマキの風景,Ariamakis Landschaft,Paysage d'Ariamaki,Paisaje de Ariamaki,Paisagem de Ariamaki,Пейзаж Ариамаки,Paesaggio di Ariamaki,艾莉亞瑪基的風景,阿瑞玛基的地貌,아리아마키의 풍경,Krajobraz Ariamaki,Пейзаж Аріамакі,Ariamaki's Landschap,Ariamaki'nin Manzarası
L_BG_TILEANNELTHA,,Anneltha's Landscape,アネルサの風景,Annelthas Landschaft,Paysage d'Anneltha,Paisaje de Anneltha,Paisagem de Anneltha,Пейзаж Аннельты,Paesaggio di Anneltha,安妮爾薩的風景,安妮莎的地貌,아넬타의 풍경,Krajobraz Annelthy,Пейзаж Аннельти,Anneltha's Landschap,Anneltha'nın Manzarası
L_BG_TILEALEXANDRIA,,Alexandria's Landscape,アレクサンドリアの風景,Alexandrias Landschaft,Paysage d'Alexandrie,Paisaje de Alexandria,Paisagem de Alexandria,Ландшафт Александрии,Il Paesaggio di Alexandria,亞歷山卓的風景,亚历山大的地貌,알렉산드리아의 풍경,Krajobraz Aleksandrii,Ландшафт Александрії,Alexandrië's Landschap,Alexandria'nın Manzarası
L_BG_FAELANDSFLOOR11079,,Fae Lands Landscape,フェイの国の風景,Feenland-Landschaft,Paysage des Terres Féeriques,Paisaje de las Tierras Feéricas,Paisagem das Terras Feéricas,Пейзаж Земель Фей,Paesaggio delle Terre Fatate,仙境風光,仙灵秘境地貌,요정의 땅 풍경,Krajobraz Krain Fae,Краєвид Земель Фей,Feeënlanden Landschap,Peri Diyarları Manzarası
L_BG_GAMBLERSHIVEFLOOR11075,,Gambler's Hive Landscape,ギャンブラーの巣窟の風景,Landschaft des Spielerhorts,Paysage de la Ruche du Joueur,Paisaje del Panal del Jugador,Paisagem da Colmeia do Apostador,Улей Азартных Игроков,Paesaggio dell'Alveare del Giocatore d'Azzardo,賭徒蜂巢地景,赌徒蜂巢地貌,도박꾼의 벌집 풍경,Krajobraz Ula Hazardzisty,Пейзаж Вулика Гравця,Gokkersbijenkorf Landschap,Kumarbazın Kovanı Manzarası
L_BG_ASTRALGALLERYFLOOR11078,,Astral Gallery Landscape,アストラルギャラリー風景,Astrale Galerie Landschaft,Paysage de la Galerie Astrale,Paisaje de la Galería Astral,Paisagem da Galeria Astral,Астральная Галерея Пейзаж,Paesaggio della Galleria Astrale,星界畫廊風景,星界画廊地貌,천체 갤러리 풍경,Krajobraz Galerii Astralnej,Астральна Галерея Пейзажів,Astraal Galerij Landschap,Astral Galeri Manzarası
L_BG_OVERGROWNTEMPLEFLOOR11076,,Overgrown Temple Landscape,生い茂った寺院の風景,Überwucherter Tempelgarten,Temple envahi par la végétation,Paisaje del Templo Cubierto de Vegetación,Paisagem do Templo Coberto de Vegetação,Заросший Храмовый Пейзаж,Paesaggio del Tempio Invaso dalla Vegetazione,雜草叢生的神廟景觀,荒蔓神庙地貌,우거진 사원 풍경,Krajobraz Zarośniętej Świątyni,Зарослий Храмовий Пейзаж,Overwoekerde Tempelomgeving,Büyümüş Tapınak Manzarası
L_BG_LANDOFBALANCEFLOOR11074,,Land of Breath & Balance Landscape,息吹と均衡の地の風景,Land des Atems & Gleichgewichts Landschaft,Paysage de la Terre du Souffle & de l'Équilibre,Paisaje de la Tierra del Aliento y Equilibrio,Terra do Sopro & Equilíbrio Paisagem,Земля Дыхания и Равновесия Пейзаж,Terra del Respiro e dell'Equilibrio Paesaggio,氣息與平衡之地景觀,调息之地地貌,숨결과 균형의 땅 풍경,Kraina Oddechu i Równowagi Krajobraz,Земля Подиху і Рівноваги Ландшафт,Land van Adem & Balans Landschap,Nefes ve Denge Diyarı Manzarası
L_BG_FORBIDDENDEPTHSFLOOR11080,,Forbidden Depths Landscape,禁断の深淵の風景,Verbotene Tiefen-Landschaft,Paysage des Profondeurs Interdites,Paisaje de las Profundidades Prohibidas,Paisagem das Profundezas Proibidas,Пейзаж Запретных Глубин,Paesaggio delle Profondità Proibite,禁忌深淵地景,深渊禁地地貌,금지된 심연 풍경,Krajobraz Zakazanych Głębin,Заборонені Глибини,Verboden Diepten Landschap,Yasaklı Derinlikler Manzarası
L_BG_DAMARELFLOOR11073,,Damarel Landscape,ダマレル風景,Damarel-Landschaft,Paysage de Damarel,Paisaje de Damarel,Paisagem de Damarel,Пейзаж Дамарела,Paesaggio di Damarel,達瑪雷爾風景,达玛瑞尔地貌,다마렐 풍경,Kraina Damarel,Ландшафт Дамарела,Damarel Landschap,Damarel Manzarası
L_BG_AMALGAMGARDENSFLOOR11077,,Amalgam Gardens Landscape,アマルガム・ガーデン風景,Amalgam-Gärten Landschaft,Jardins d'Amalgame Paysage,Paisaje de los Jardines Amalgama,Jardins Amalgamados Paisagem,Ландшафт Садов Амальгамы,Paesaggio dei Giardini Amalgama,混合花園景觀,融合花园地貌,혼합 정원 풍경,Krajobraz Ogrodów Amalgamatu,Сади Амальгами,Amalgaam Tuinen Landschap,Amalgam Bahçeleri Manzarası
L_BG_FORGOTTENLABFLOOR11072,,Forgotten Lab Landscape,忘れられた研究所の風景,Vergessene Laborlandschaft,Paysage de Laboratoire Oublié,Paisaje del Laboratorio Olvidado,Paisagem do Laboratório Esquecido,Забытая Лабораторная Местность,Paesaggio del Laboratorio Dimenticato,遺忘的實驗室景觀,被遗忘的实验室地貌,잊혀진 연구실 풍경,Zapomniany Krajobraz Laboratorium,Забутий Лабораторний Ландшафт,Vergeten Laboratorium Landschap,Unutulmuş Laboratuvar Manzarası
L_BG_TILESHALLAN,,Shallan's Landscape,シャランの風景,Shallans Landschaft,Paysage de Shallan,Paisaje de Shallan,Paisagem de Shallan,Пейзаж Шаллан,Paesaggio di Shallan,夏倫的風景畫,莎兰的地貌,샬란의 풍경화,Krajobraz Shallan,Пейзаж Шаллан,Shallans Landschap,Shallan'ın Manzarası
L_BG_ARCADE,,Arcade Landscape,アーケードの風景,Arcade-Landschaft,Paysage d'Arcade,Paisaje Arcade,Cenário de Arcade,Аркадный Ландшафт,Paesaggio Arcade,街機風景,街机地貌,아케이드 풍경,Krajobraz Arkadowy,Аркадний пейзаж,Arcade Landschap,Arcade Manzarası
L_MUS_CHIP_VICTORY,,Victory! (8-bit),勝利！(8ビット),Sieg! (8-bit),Victoire ! (8-bit),¡Victoria! (8-bit),Vitória! (8-bit),Победа! (8-bit),Vittoria! (8-bit),勝利！(8-bit),胜利！（8-bit）,승리! (8-bit),Zwycięstwo! (8-bit),Перемога! (8-bit),Overwinning! (8-bit),Zafer! (8-bit)
L_MUS_CHIP_GAMEOVER,,Game Over (8-bit),ゲームオーバー (8-bit),Game Over (8-bit),Game Over (8-bit),Game Over (8-bit),Game Over (8-bit),Game Over (8-bit),Game Over (8-bit),遊戲結束 (8位元),游戏结束（8-bit）,게임 오버 (8-bit),Game Over (8-bit),Гра закінчена (8-біт),Game Over (8-bit),Oyun Bitti (8-bit)
L_DEC_ANTIQUARIANWEAPONRACK,,Weapon Rack,武器ラック,Waffengestell,Râtelier d'armes,Estante de armas,Suporte de Armas,Стойка для оружия,Rastrelliera per Armi,武器架,武器架,무기 거치대,Stojak na broń,Стійка для зброї,Wapenrek,Silah Rafı
L_DEC_MESMERISTCRYSTAL,,Mesmerist's Crystal,催眠術師の水晶,Kristall des Mesmeristen,Cristal du Magnétiseur,Cristal del Hipnotizador,Cristal do Mesmerista,Кристалл Месмериста,Cristallo del Mesmerista,催眠師水晶,催眠师的水晶,최면술사의 수정,Kryształ Mesmerysty,Кристал Месмериста,Kristal van de Mesmerist,Büyüleyicinin Kristali
