Tag,Notes,English,Japanese,German,French,Spanish,Portuguese,Russian,Italian,Chinese (Traditional),Chinese (Simplified),Korean,Polish,Ukrainian,Dutch,Turkish
L_MAT_REDAMBER,,Red Amber,レッドアンバー,Roter Bernstein,Ambre Rouge,Ámbar Rojo,Âmbar Vermelho,Красный янтарь,Ambra Rossa,赤琥珀,红琥珀,붉은 호박석,Czerwony Bursztyn,Червоний бурштин,Rood Barnsteen,Kızıl Kehribar
L_MAT_PURPLEAMBER,,Purple Amber,パープルアンバー,Purpurner Bernstein,Ambre Pourpre,Ámbar Púrpura,Âmbar Púrpura,Пурпурный янтарь,Ambra Viola,紫琥珀,紫琥珀,보라색 호박석,Purpurowy Bursztyn,Пурпурний бурштин,Paars Barnsteen,Mor Kehribar
L_MAT_BLUEAMBER,,Blue Amber,蒼琥珀,Blauer Bernstein,Ambre Bleu,Ámbar Azul,Âmbar Azul,Синий янтарь,Ambra Blu,藍琥珀,蓝琥珀,푸른 호박,Błękitny Bursztyn,Блакитний бурштин,Blauw Barnsteen,Mavi Kehribar
L_MAT_GREENAMBER,,Green Amber,グリーンアンバー,Grüner Bernstein,Ambre Vert,Ámbar Verde,Âmbar Verde,Зелёный янтарь,Ambra Verde,綠琥珀,绿琥珀,녹색 호박,Zielony Bursztyn,Зелений бурштин,Groene Amber,Yeşil Kehribar
L_MAT_YELLOWAMBER,,Yellow Amber,黄琥珀,Gelber Bernstein,Ambre Jaune,Ámbar Amarillo,Âmbar Amarelo,Желтый янтарь,Ambra Gialla,黃琥珀,黄琥珀,황색 호박,Żółty Bursztyn,Жовтий бурштин,Geel Barnsteen,Sarı Kehribar
L_MAT_SMELLYPUMPKIN,,Smelly Pumpkin,臭いカボチャ,Stinkender Kürbis,Citrouille Puante,Calabaza Apestosa,Abóbora Fedorenta,Вонючая Тыква,Zucca Puzzolente,臭南瓜,发臭南瓜,냄새나는 호박,Śmierdzący Dyniaczek,Смердючий Гарбуз,Stinkende Pompoen,Kokulu Balkabağı
L_MAT_INFLATABLEDRINK,,Inflatable Drink,インフレータブルドリンク,Aufblasbares Getränk,Boisson Gonflable,Bebida Inflable,Bebida Inflável,Надувной Напиток,Bevanda Gonfiabile,充氣飲料,充气饮料,팽창식 음료,Nadmuchiwany Napój,Надувний Напій,Opblaasbaar Drankje,Şişirilebilir İçecek
L_MAT_SOLARDRINK,,Solar Drink,ソーラードリンク,Sonnentrunk,Boisson Solaire,Bebida Solar,Bebida Solar,Солнечный напиток,Bevanda Solare,太陽飲料,太阳饮料,태양 음료,Napój Słoneczny,Сонячний напій,Zonnedrank,Güneş İçeceği
L_MAT_MELONDRINK,,Melon Drink,メロンドリンク,Melonengetränk,Boisson au Melon,Bebida de Melón,Bebida de Melão,Дынный напиток,Bevanda al Melone,哈密瓜飲料,甜瓜饮料,멜론 음료,Napój Melonowy,Напій з дині,Meloendrank,Kavun İçeceği
L_MAT_KILLERDRINK,,Killer Drink,キラードリンク,Tödliches Getränk,Boisson Mortelle,Bebida Asesina,Bebida Mortal,Убийственный Напиток,Bevanda Letale,殺手飲料,杀手饮料,살인자의 음료,Zabójczy Napój,Вбивчий Напій,Moorddrank,Katil İçecek
L_MAT_FESTIVALDRINK,,Festival Drink,祭りの飲み物,Festgetränk,Boisson de Festival,Bebida Festiva,Bebida do Festival,Праздничный напиток,Bevanda del Festival,節慶飲料,节庆饮料,축제 음료,Festiwalowy Napój,Святковий напій,Festivaldrank,Festival İçeceği
L_MAT_SUNBATHERDRINK,,Sunbather Drink,サンベイザー・ドリンク,Sonnenbad-Getränk,Boisson du Bain de Soleil,Bebida del Bañista Solar,Bebida do Banhista de Sol,Напиток Загорающего,Bevanda del Bagnante di Sole,日光浴飲料,日光浴者饮料,일광욕 음료,Napój Plażowicza,Напій Сонцелюба,Zonnebaderdrank,Güneşlenen İçeceği
L_MAT_PUMPDRILL,,Pump Drill,ポンプドリル,Handbohrer,Foreuse à Pompe,Taladro de Bombeo,Broca Manual,Ручная дрель,Trapano a Mano,手搖鑽,穿孔器,펌프 드릴,Wiertło Pompowe,Ручний дриль,Pompboor,Tulumba Matkabı
L_MAT_SLIPPERYSTONE,,Slippery Stone,滑る石,Rutschiger Stein,Pierre Glissante,Piedra Resbaladiza,Pedra Escorregadia,Скользкий Камень,Pietra Scivolosa,滑溜石,油滑石块,미끄러운 돌,Śliski Kamień,Слизький Камінь,Glibberige Steen,Kaygan Taş
L_MAT_JAGGEDROCK,,Jagged Rock,ギザギザ岩,Zackiger Felsen,Roche Dentelée,Roca Dentada,Rocha Serrilhada,Зазубренная Скала,Roccia Frastagliata,鋸齒岩石,锯齿岩石,톱니바위,Postrzępiona Skała,Зазубрена Скеля,Gekartelde Rots,Çentikli Kaya
L_MAT_GUMMYEGG,,Gummy Egg,グミの卵,Gummi-Ei,Œuf Gélifié,Huevo de Goma,Ovo de Goma,Желейное Яйцо,Uovo Gommoso,軟糖蛋,黏性蛋,젤리 알,Galaretowe Jajo,Желейне Яйце,Gummi-ei,Jelatinli Yumurta
L_MAT_OVOIDEGG,,Ovoid Egg,楕円形の卵,Ovoides Ei,Œuf Ovoïde,Huevo Ovoide,Ovo Ovoide,Яйцо овальной формы,Uovo Ovoidale,橢圓蛋,卵形蛋,타원형 알,Jajowaty Jaj,Яйце овальної форми,Ovoïde Ei,Oval Yumurta
L_MAT_SCRAMBLEDEGG,,Scrambled Egg,スクランブルエッグ,Rührei,Œuf brouillé,Huevo Revuelto,Ovo Mexido,Яичница-болтунья,Uovo Strapazzato,炒蛋,炒鸡蛋,스크램블 에그,Jajecznica,Яєчня,Roerei,Karışık Yumurta
L_MAT_CHOCOLATEEGG,,Chocolate Egg,チョコレートエッグ,Schokoladenei,Œuf en chocolat,Huevo de Chocolate,Ovo de Chocolate,Шоколадное яйцо,Uovo di Cioccolato,巧克力蛋,巧克力蛋,초콜릿 에그,Czekoladowe Jajko,Шоколадне яйце,Chocolade-ei,Çikolatalı Yumurta
L_MAT_BUNNYEGG,,Bunny Egg,バニーエッグ,Hasenei,Œuf de lapin,Huevo de Conejo,Ovo de Coelho,Кроличье Яйцо,Uovo di Coniglio,兔子蛋,兔兔蛋,토끼 알,Jajo Królika,Кролячі Яйця,Konijnenei,Tavşan Yumurtası
L_MAT_LIFECRIPPLER,,Life Crippler,ライフクリップラー,Lebenszerstörer,Mutilateur de Vie,Mutilador de Vida,Aleijador Vital,Калечащий Жизнь,Mutilatore Vitale,生命殘害者,生命克星,생명 파괴자,Kaleka Życia,Калічник Життя,Levensverminking,Yaşam Sakatlayanı
L_MAT_DEATHCRIPPLER,,Death Crippler,デスクリップラー,Todesverkrüppler,Estropieur Mortel,Mutilador Mortal,Mutilador Mortal,Смертельный Калечитель,Mutilatore Mortale,死亡殘廢者,死亡克星,죽음의 불구자,Kaleka Śmierci,Калічник Смерті,Doodsverminking,Ölüm Sakatlatıcı
L_MAT_CHAOSCRIPPLER,,Chaos Crippler,カオスクリップラー,Chaosbrecher,Estropieur du Chaos,Mutilador del Caos,Aleijador do Caos,Калечащий Хаос,Mutilatore del Caos,混沌殘害者,混沌克星,혼돈의 불구자,Okaleczacz Chaosu,Калічитель Хаосу,Chaosverlammer,Kaos Sakatlayıcı
L_MAT_SORCERYCRIPPLER,,Sorcery Crippler,魔術無力化,Magie-Lähmer,Mutilateur de Sorcellerie,Debilitador de Hechicería,Aleijador de Feitiçaria,Калечащее Колдовство,Mutilatore di Stregoneria,巫術殘廢者,巫术克星,마법 무력화기,Osłabiacz Magii,Калічник Чаклунства,Magie-Verlammeraar,Büyü Sakatlayıcı
L_MAT_NATURECRIPPLER,,Nature Crippler,自然破壊者,Naturverkrüppler,Mutilateur de la Nature,Mutilador de la Naturaleza,Aleijador da Natureza,Калечащий Природу,Mutilatore della Natura,自然殘害者,自然克星,자연 무력화기,Kaleczący Naturę,Калічник Природи,Natuurverzwakker,Doğa Sakatlayıcı
L_MAT_SLATEOFARCANA,,Slate of Arcana,スレート・オブ・アルカナ,Tafel der Arkana,Ardoise des Arcanes,Pizarra de Arcana,Lousa de Arcana,Скрижаль Тайн,Tavola degli Arcani,奧術石板,奥术石板,비전의 석판,Tablica Arkanów,Скрижаль Аркани,Plaat van Arcana,Büyü Levhası
L_MAT_SLATEOFINVISIBILITY,,Slate of Invisibility,透明の石板,Tafel der Unsichtbarkeit,Ardoise d'Invisibilité,Pizarra de Invisibilidad,Lousa da Invisibilidade,Сланец Невидимости,Lastra dell'Invisibilità,隱形石板,隐形石板,투명의 석판,Tablica Niewidzialności,Сланець Невидимості,Lei van Onzichtbaarheid,Görünmezlik Taşı
L_MAT_SLATEOFBERSERKING,,Slate of Berserking,バーサーキングの石板,Tafel der Berserkerwut,Ardoise de Berserker,Pizarra de Berserker,Lápide de Fúria Incontrolável,Плита Берсерка,Lastra del Berserker,狂戰士石板,狂暴石板,광전사의 석판,Tablica Berserka,Плита Берсерка,Lei van Razernij,Çılgınlık Taşı
L_MAT_SLATEOFMENDING,,Slate of Mending,修復の石板,Tafel der Heilung,Ardoise de Réparation,Pizarra de Reparación,Lousa de Reparação,Плита Исцеления,Lastra di Riparazione,修復石板,愈合石板,회복의 석판,Tablica Naprawy,Плита Відновлення,Lei van Herstel,Onarım Tahtası
L_MAT_SLATEOFSHELTERING,,Slate of Sheltering,守りの石板,Tafel des Schutzes,Ardoise de Protection,Pizarra de Refugio,Lousa de Abrigo,Плита Укрытия,Lastra del Riparo,庇護石板,庇护石板,보호의 석판,Płyta Schronienia,Сланець Укриття,Lei van Bescherming,Korunaklı Kayrak
L_MAT_SLATEOFGRACE,,Slate of Grace,恩寵の石板,Tafel der Gnade,Ardoise de Grâce,Pizarra de Gracia,Lousa da Graça,Скрижаль Благодати,Tavola della Grazia,恩典石板,优雅石板,은총의 석판,Tablica Łaski,Скрижаль Благодаті,Plaat van Genade,Lütuf Levhası
L_MAT_SLATEOFLEECHING,,Slate of Leeching,吸収の石板,Tafel des Aussaugens,Ardoise de Ponction,Pizarra de Absorción,Lápide de Absorção,Плита Поглощения,Lastra del Risucchio,吸血石板,吸血石板,흡혈의 석판,Tablica Wysysania,Плита Висмоктування,Plaat van Bloedzuigen,Sömürme Taşı
L_MAT_SLATEOFSAVAGERY,,Slate of Savagery,野蛮の石板,Tafel der Wildheit,Ardoise de Sauvagerie,Pizarra de Salvajismo,Lápide da Selvageria,Доска Дикости,Lastra della Ferocia,野蠻石板,野蛮石板,야만의 석판,Tablica Dzikości,Скрижаль Дикості,Lei van Wreedheid,Vahşet Levhası
L_MAT_SLATEOFWARDING,,Slate of Warding,守護の石板,Tafel des Schutzes,Ardoise de Protection,Pizarra de Protección,Lousa de Proteção,Плита Оберега,Lastra di Protezione,守護石板,护佑石板,수호의 석판,Tablica Ochrony,Плита Захисту,Schild van Bescherming,Koruma Levhası
L_MAT_SLATEOFTAUNTING,,Slate of Taunting,挑発の石板,Tafel der Verhöhnung,Ardoise de Provocation,Pizarra de Provocación,Lousa de Provocação,Сланец Насмешки,Tavoletta del Provocare,嘲諷石板,嘲讽石板,도발의 석판,Tablica Prowokacji,Сланець Глузування,Lei van Bespotting,Alay Tahtası
L_MAT_SLATEOFPROTECTION,,Slate of Protection,守護の石板,Schutztafel,Ardoise de Protection,Pizarra de Protección,Lousa de Proteção,Сланец Защиты,Lastra di Protezione,防護石板,保护石板,보호의 석판,Tablica Ochrony,Сланцева Захисна Плита,Leisteen van Bescherming,Koruma Levhası
L_MAT_SLATEOFSPLASHING,,Slate of Splashing,スプラッシュの石板,Tafel des Plätscherns,Ardoise d'Éclaboussure,Pizarra de Salpicaduras,Lousa de Respingos,Сланец Всплеска,Lastra degli Schizzi,濺水石板,飞溅石板,물보라의 석판,Tablica Plusku,Сланець Сплеску,Lei van Spatten,Sıçrama Tahtası
L_MAT_SLATEOFBARRIERS,,Slate of Barriers,バリアの石板,Tafel der Barrieren,Ardoise des Barrières,Pizarra de Barreras,Lousa de Barreiras,Сланец Преград,Lastra delle Barriere,屏障石板,屏障石板,장벽의 석판,Tablica Barier,Сланець Бар'єрів,Leisteen van Barrières,Bariyerler Levhası
L_MAT_ADOLESCENTEGG,,Adolescent Egg,若い卵,Adoleszentes Ei,Œuf d'adolescent,Huevo Adolescente,Ovo Adolescente,Подростковое Яйцо,Uovo Adolescente,青少年蛋,少年蛋,미성숙한 알,Młode Jajo,Підлітковe Яйце,Adolescente Ei,Ergen Yumurta
L_MAT_MIMICGIFT,,Mimic Gift,ミミックの贈り物,Mimikry-Gabe,Don Mimique,Don Regalo,Presente Mimético,Дар Мимика,Dono del Mimo,模仿天賦,宝箱怪礼物,미믹 기프트,Dar Mimika,Дар Мімікрії,Mimiekgave,Taklit Hediyesi
L_MAT_EVERGREENGIFT,,Evergreen Gift,エバーグリーンの贈り物,Immergrünes Geschenk,Cadeau Éternel,Regalo Perenne,Presente Perene,Вечнозелёный Дар,Dono Sempreverde,常青禮物,常青礼物,상록수 선물,Wieczny Dar,Вічнозелений Дарунок,Eeuwiggroene Gift,Yeşil Armağan
L_MAT_BLIZZARDGIFT,,Blizzard Gift,ブリザードギフト,Blizzardsgeschenk,Cadeau de Blizzard,Regalo de Ventisca,Presente da Blizzard,Подарок Метели,Dono Gelido,暴雪禮物,暴风雪礼物,눈보라 선물,Dar Mrozu,Крижаний Дарунок,Blizzardgeschenk,Buz Fırtınası Hediyesi
L_MAT_HOLIDAYGIFT,,Holiday Gift,ホリデーギフト,Festtagsgeschenk,Cadeau de Fête,Regalo Festivo,Presente de Férias,Праздничный подарок,Regalo Festivo,節慶禮物,节日礼物,명절 선물,Świąteczny Prezent,Святковий Подарунок,Feestdaggeschenk,Tatil Hediyesi
L_MAT_REINDEERGIFT,,Reindeer Gift,トナカイの贈り物,Rentiergeschenk,Cadeau du Renne,Regalo de Reno,Presente de Rena,Подарок Оленя,Regalo della Renna,馴鹿禮物,驯鹿礼物,순록 선물,Prezent Renifera,Подарунок Північного Оленя,Rendiergeschenk,Ren Geyiği Hediyesi
L_MAT_PUDDINGGIFT,,Pudding Gift,プリンのギフト,Pudding-Geschenk,Cadeau de Pudding,Regalo de Pudín,Presente de Pudim,Подарок из Пудинга,Dono di Budino,布丁禮物,布丁礼物,푸딩 선물,Prezent Pudding,Пудинговий подарунок,Pudding Cadeau,Puding Hediyesi
L_MAT_CAROLLERGIFT,,Caroller Gift,キャロラーの贈り物,Caroller-Geschenk,Cadeau du Chanteur de Noël,Regalo de Caroller,Presente de Caroller,Подарок Колядника,Dono del Cantore di Natale,頌歌者禮物,欢颂者礼物,캐롤러 선물,Prezent Kolędnika,Подарунок Колядника,Caroller Geschenk,Noel Şarkıcısı Hediyesi
L_MAT_JINGLEGIFT,,Jingle Gift,ジングルギフト,Glöckchengeschenk,Cadeau Tintant,Regalo Navideño,Presente Natalino,Подарок с Бубенцами,Regalo Festivo,叮鈴禮物,叮当礼物,징글 선물,Świąteczny Prezent,Дзвінкий Подарунок,Kerstcadeau,Çıngırak Hediye
L_MAT_BAGOFBROKENTOYS,,Bag of Broken Toys,おもちゃの壊れた袋,Beutel zerbrochener Spielzeuge,Sac de Jouets Cassés,Bolsa de Juguetes Rotos,Bolsa de Brinquedos Quebrados,Мешок Сломанных Игрушек,Sacca di Giocattoli Rotti,破損玩具袋,破损玩具袋,부서진 장난감 가방,Worek Zepsutych Zabawek,Мішок Зламаних Іграшок,Zak met Kapotte Speeltjes,Kırık Oyuncaklar Çantası
L_MAT_BLOODMAILSOUL,,Bloodmail Soul,ブラッドメイルソウル,Blutkettenhemd-Seele,Âme de Cotte de Mailles Sanglante,Alma de Malla Sangrienta,Alma de Malha Sangrenta,Кровавая Душа,Anima della Corazza di Sangue,血郵靈魂,血甲之魂,피의 갑옷 영혼,Dusza Krwawej Zbroi,Кривава Душа,Bloedmail Ziel,Kan Zırhı Ruhu
L_MAT_ASTROSOUL,,Astro Soul,アストロソウル,Astro Soul,Âme Astrale,Alma Astral,Alma Astral,Астральная Душа,Anima Astrale,星靈魂,星象之魂,아스트로 소울,Astro Soul,Астральна Душа,Astro Soul,Astro Ruh
L_MAT_WILLOWSOUL,,Willow Soul,ウィローソウル,Weidenseele,Âme de Saule,Alma de Sauce,Alma de Salgueiro,Душа Ивы,Anima di Salice,柳魂,柳木之魂,버드나무 영혼,Dusza Wierzby,Душа Верби,Wilgenziel,Söğüt Ruhu
L_MAT_CURIOOFPOISONING,,Curio of Poisoning,毒の珍品,Kuriosität der Vergiftung,Curiosité d'Empoisonnement,Curiosidad de Envenenamiento,Curiosidade de Envenenamento,Диковинка Отравления,Curiosità dell'Avvelenamento,毒害奇物,中毒咒物,중독의 진귀품,Osobliwość Zatrucia,Диковина Отруєння,Curiositeit van Vergiftiging,Zehirleme Nadiresi
L_MAT_CURIOOFBURNING,,Curio of Burning,燃焼の珍品,Kuriosität des Brennens,Curiosité de Combustion,Curiosidad de Ardor,Relíquia de Queimadura,Диковинка Горения,Curio del Fuoco Ardente,燃燒奇物,燃烧咒物,불타는 진귀품,Osobliwość Płomieni,Диковина Горіння,Curiositeit van Verbranding,Yanma Nadiresi
L_MAT_CURIOOFCONFUSION,,Curio of Confusion,混乱の珍品,Kuriosität der Verwirrung,Curiosité de Confusion,Curiosidad de Confusión,Relíquia da Confusão,Диковинка Смятения,Curiosità della Confusione,迷惑奇物,困惑咒物,혼란의 진귀품,Kuriozum Zamętu,Диковина Сум'яття,Curiosum van Verwarring,Kafa Karışıklığı Nadiresi
L_MAT_CURIOOFFREEZING,,Curio of Freezing,凍結の珍品,Kuriosität des Einfrierens,Curiosité du Gel,Curiosidad de Congelación,Relíquia do Congelamento,Диковинка Заморозки,Curio del Congelamento,冰凍奇物,霜冻咒物,동결의 진귀품,Osobliwość Zamrożenia,Диковина Заморозки,Curiositeit van Bevriezing,Donma Nadiresi
L_MAT_CURIOOFSLUMBERING,,Curio of Slumbering,眠りの珍品,Kuriosität des Schlummers,Curiosité du Sommeil,Curiosidad del Adormecimiento,Relíquia do Adormecimento,Диковинка Дремоты,Curiosità del Dormiente,沉睡奇物,睡眠咒物,잠들어 있는 진귀품,Osobliwość Drzemki,Диковина Дрімоти,Curiositeit van Sluimering,Uyuyan Nadide Eşya
L_MAT_CURIOOFWEAKNESS,,Curio of Weakness,弱点の珍品,Kuriosität der Schwäche,Curiosité de Faiblesse,Curiosidad de Debilidad,Curiosidade da Fraqueza,Диковинка Слабости,Curio di Debolezza,弱點奇物,软弱咒物,약점의 호기심,Osobliwość Słabości,Диковина Слабкості,Curiositeit van Zwakte,Zayıflık Nadiresi
L_MAT_CURIOOFCURSING,,Curio of Cursing,呪いの珍品,Kuriosum des Fluchens,Curiosité de Malédiction,Curiosidad de Maldición,Curiosidade de Maldição,Диковина Проклятия,Curiosità della Maledizione,詛咒奇物,诅咒咒物,저주의 진귀품,Osobliwość Przekleństwa,Талісман Прокляття,Curiosum van Vervloeking,Lanetleme Nadiresi
L_MAT_CURIOOFENSNARING,,Curio of Ensnaring,絡み取りの珍品,Kuriosität des Umgarnens,Curiosité d'Emprisonnement,Curiosidad de Atrapamiento,Curiosidade de Enredamento,Диковинка Западни,Curiosità dell'Intrappolamento,纏縛奇物,诱捕咒物,속박의 진귀품,Osobliwość Usidlenia,Диковина Поневолення,Curiositeit van Verstrikking,Tuzağa Düşürme Nadiresi
L_MAT_CURIOOFSILENCING,,Curio of Silencing,沈黙の珍品,Kuriosität des Verstummens,Curiosité du Silence,Curiosidad del Silenciamiento,Relíquia do Silenciamento,Диковинка Безмолвия,Curio del Silenzio,沉默奇物,沉默咒物,침묵의 진귀품,Osobliwość Uciszenia,Диковина Безмовності,Curiosum van Verstilling,Susturma Nadiresi
L_MAT_CURIOOFBLINDNESS,,Curio of Blindness,盲目の珍品,Kuriosität der Blindheit,Curiosité d'Aveuglement,Reliquia de Ceguera,Relíquia da Cegueira,Диковинка Слепоты,Curio della Cecità,盲目奇物,失明咒物,실명의 진귀품,Osobliwość Ślepoty,Диковина Сліпоти,Curiosum van Blindheid,Körlük Nadiresi
L_MAT_CURIOOFSCORNING,,Curio of Scorning,蔑みの珍品,Kuriosität der Verachtung,Curiosité du Mépris,Reliquia del Desprecio,Relíquia do Desprezo,Диковина Презрения,Reliquia del Disprezzo,蔑視奇物,受辱咒物,경멸의 진귀품,Kuriozum Pogardy,Диковина Зневаги,Curiosum van Versmading,Hor Görme Nadiresi
L_MAT_CURIOOFBLEEDING,,Curio of Bleeding,流血の珍品,Kuriosität des Blutens,Curiosité Sanglante,Curiosidad Sangrante,Relíquia do Sangramento,Диковинка Кровотечения,Curiosità del Sanguinamento,流血奇物,流血咒物,출혈의 진귀품,Osobliwość Krwawienia,Диковина Кровотечі,Curiositeit van Bloeden,Kanama Nadiresi
L_MAT_CURIOOFBLIGHTING,,Curio of Blighting,荒廃の珍品,Kuriosität der Verderbnis,Curiosité de Flétrissement,Curiosidad de Plaga,Curiosidade da Praga,Диковинка Порчи,Curio del Flagello,枯萎奇物,枯萎咒物,황폐의 진귀품,Kuriozum Zarazy,Диковина Виснаження,Curio van Verderf,Kara Veba Nadiresi
L_MAT_CURIOOFVULNERABILITY,,Curio of Vulnerability,脆弱の珍品,Kuriosität der Verwundbarkeit,Curiosité de Vulnérabilité,Curiosidad de Vulnerabilidad,Curiosidade de Vulnerabilidade,Диковинка Уязвимости,Curio di Vulnerabilità,脆弱奇物,易伤咒物,취약성의 진귀품,Kuriozum Podatności,Диковина Вразливості,Curiositeit van Kwetsbaarheid,Savunmasızlık Nadiresi
L_MAT_TREEWALLSOUL,,Treewall Soul,トリーウォール・ソウル,Baumwandseele,Âme de Murarbre,Alma de Muro Arbóreo,Alma de Muro de Árvores,Душа Древостены,Anima del Muro d'Alberi,樹牆之魂,树墙之魂,나무벽 영혼,Dusza Drzewomuru,Душа Деревостіни,Boomwand Ziel,Ağaçduvar Ruhu
L_MAT_SKYWATCHSOUL,,Skywatch Soul,スカイウォッチ・ソウル,Himmelsblick-Seele,Âme de Guet-Ciel,Alma de Vigía Celeste,Alma de Vigia Celeste,Душа Небесного Дозора,Anima del Guardiacielo,天眺之魂,天翼之魂,하늘감시자의 영혼,Dusza Nieboskłonu,Душа Небесної Варти,Zielenwachter,Gökyüzü Bekçisinin Ruhu
L_MAT_HEAVENSHIELDSOUL,,Heavenshield Soul,ヘヴンシールドソウル,Himmelsschild-Seele,Âme du Bouclier Céleste,Alma de Escudo Celestial,Alma do Escudo Celestial,Душа Небесного Щита,Anima Scudoceleste,天盾之魂,天盾之魂,천상의 방패 영혼,Dusza Niebiańskiej Tarczy,Душа Небесного Щита,Hemelschild Ziel,Cennet Kalkanı Ruhu
L_MAT_SILVERBONESOUL,,Silverbone Soul,シルバーボーンソウル,Silberknochen-Seele,Âme d'Argent-Os,Alma de Hueso Plateado,Alma de Osso Prateado,Душа Серебряной Кости,Anima d'Argento,銀骨之魂,银骨之魂,은뼈 영혼,Dusza Srebrnej Kości,Срібнокоста Душа,Zilverbeen Ziel,Gümüşkemik Ruhu
L_MAT_NIGHTVEILSOUL,,Nightveil Soul,ナイトヴェイルソウル,Nachtschleierseele,Âme du Voile Nocturne,Alma del Velo Nocturno,Alma do Véu Noturno,Душа Ночной Вуали,Anima del Velo Notturno,夜幕靈魂,夜幕之魂,밤장막 영혼,Dusza Nocnej Zasłony,Душа Нічної Завіси,Nachtsluier Ziel,Geceperdesi Ruhu
L_MAT_MAGMASOUL,,Magma Soul,マグマソウル,Magmaseele,Âme de Magma,Alma de Magma,Alma de Magma,Магическая Душа,Anima di Magma,熔岩魂魄,熔岩之魂,마그마 소울,Dusza Magmy,Магмова Душа,Magmaziel,Magma Ruhu
L_MAT_REDSTEELSOUL,,Redsteel Soul,レッドスティール・ソウル,Rotstahlseele,Âme d'Acier Rouge,Alma de Acero Rojo,Alma de Aço Vermelho,Душа Красной Стали,Anima d'Acciaio Rosso,赤鋼之魂,赤钢之魂,붉은강철 영혼,Dusza Czerwonej Stali,Душа Червоної Сталі,Roodstalen Ziel,Kızılçelik Ruhu
L_MAT_HEADLESSPUMPKIN,,Headless Pumpkin,ヘッドレスパンプキン,Kopfloser Kürbis,Citrouille Sans Tête,Calabaza sin Cabeza,Abóbora Sem Cabeça,Безголовая Тыква,Zucca Senza Testa,無頭南瓜,无头南瓜,머리 없는 호박,Bezgłowa Dynia,Безголовий Гарбуз,Hoofdloze Pompoen,Kafasız Balkabağı
L_MAT_SPOOKYPUMPKIN,,Spooky Pumpkin,スプーキーパンプキン,Gruseliger Kürbis,Citrouille Effrayante,Calabaza Espeluznante,Abóbora Assustadora,Жуткая Тыква,Zucca Spettrale,詭異南瓜,幽森南瓜,으스스한 호박,Upiornia Dynia,Моторошний Гарбуз,Griezelige Pompoen,Ürkütücü Balkabağı
L_MAT_TRICKPUMPKIN,,Trick Pumpkin,トリックパンプキン,Täuschungskürbis,Citrouille Malicieuse,Calabaza Engañosa,Abóbora Travessa,Обманчивая Тыква,Zucca Ingannatrice,詭計南瓜,诡术南瓜,속임수 호박,Podstępna Dynia,Хитрий Гарбуз,Bedriegpompoen,Hileci Balkabağı
L_MAT_TREATPUMPKIN,,Treat Pumpkin,カボチャのお菓子,Kürbis-Leckerei,Friandise Citrouille,Golosina de Calabaza,Guloseima de Abóbora,Угощение Тыква,Dolcetto di Zucca,治療南瓜,治疗南瓜,호박 치료,Przysmak z Dyni,Ласощі з Гарбуза,Pompoen Traktatie,Balkabağı İkramı
L_MAT_ELDRITCHPUMPKIN,,Eldritch Pumpkin,エルドリッチパンプキン,Ätherkürbis,Citrouille Mystique,Calabaza Arcana,Abóbora Sobrenatural,Мистическая Тыква,Zucca Occulta,魔異南瓜,异能南瓜,신비한 호박,Upiornia Dynia,Примарний Гарбуз,Mystieke Pompoen,Esrarengiz Balkabağı
L_MAT_BOTTLEOFLAGERGOYLE,,Bottle of Lagergoyle,ラガーゴイルの瓶,Flasche Lagergoyle,Bouteille de Lagergoyle,Botella de Lagergoyle,Garrafa de Lagergoyle,Бутылка Лагергойля,Bottiglia di Lagergoyle,石像鬼啤酒瓶,啤酒滴水兽之瓶,라거가고일 병,Butelka Lagergoyle'a,Пляшка Лагергарґуля,Fles Lagergoyle,Lagergoyle Şişesi
L_MAT_BOTTLEOFSCOTCHPION,,Bottle of Scotchpion,スコーピオン酒の瓶,Flasche Skorpionschnaps,Bouteille de Scorpion,Botella de Escorpiscotch,Garrafa de Escorpiscócia,Бутылка Скотчпиона,Bottiglia di Scotchpione,蠍子威士忌酒瓶,苏格兰威士忌蝎之瓶,스콧치피온 병,Butelka Skorpionówki,Пляшка Скорпіонського,Fles Scotchpioen,Akrep Viskisi Şişesi
L_MAT_BOTTLEOFGRENALE,,Bottle of Grenale,グレネールの瓶,Flasche Grenale,Bouteille de Grenale,Botella de Grenale,Garrafa de Grenale,Бутылка Гренейла,Bottiglia di Grenale,格瑞納爾酒瓶,歌海娜尔之瓶,그레날 병,Butelka Grenale,Пляшка Гренейлу,Fles Grenale,Grenale Şişesi
L_MAT_BOTTLEOFVERMOWL,,Bottle of Vermowl,ヴァーマウルの瓶,Flasche des Vermuhls,Bouteille de Vermowl,Botella de Vermowl,Garrafa de Vermowl,Бутылка Вермосовы,Bottiglia di Vermowl,貓頭鷹酒瓶,苦艾枭之瓶,버모울 병,Butelka Vermowla,Пляшка Вермосови,Fles Vermoeluil,Baykuşotu Şişesi
L_MAT_BOTTLEOFWOODKA,,Bottle of Woodka,ウッドカの瓶,Flasche Waldka,Bouteille de Woodka,Botella de Woodka,Garrafa de Woodka,Бутылка Вудки,Bottiglia di Woodka,伍德卡酒瓶,伏特加树精之瓶,우드카 병,Butelka Wódki,Пляшка Деревняки,Fles Houtka,Odunka Şişesi
L_MAT_BOTTLEOFVULPERRY,,Bottle of Vulperry,ヴァルペリーの瓶,Flasche Vulperry,Bouteille de Vulperry,Botella de Vulperry,Garrafa de Vulperry,Бутылка вульперри,Bottiglia di Vulperry,狐莓酒瓶,梨酒狐之瓶,벌페리 병,Butelka Vulperry,Пляшка вульперрі,Fles Vulperry,Vulperry Şişesi
L_MAT_BOTTLEOFRYETRAP,,Bottle of Ryetrap,ライトラップの瓶,Flasche mit Roggenfalle,Bouteille de Ryetrap,Botella de Ryetrap,Garrafa de Ryetrap,Бутылка Ржеловушки,Bottiglia di Ryetrap,黑麥陷阱藥水,黑麦草之瓶,라이트랩 병,Butelka Ryetrapu,Пляшка Житньої Пастки,Fles Roggevalstrik,Çavdar Tuzağı Şişesi
L_MAT_BOTTLEOFWHISKULL,,Bottle of Whiskull,ウィスカルの瓶,Flasche Totenkopfwhisky,Bouteille de Crâniskey,Botella de Whiskull,Garrafa de Craniuísque,Бутылка Вискулла,Bottiglia di Whiskull,骷髏威士忌酒瓶,威斯忌骷髅之瓶,위스컬 병,Butelka Czaszkowicy,Пляшка Віскулу,Fles Schedelwhisky,Kafatası Viskisi Şişesi
L_MAT_BOTTLEOFWINEGEL,,Bottle of Winegel,ワインジェルの瓶,Flasche Weingel,Bouteille de Winegel,Botella de Winegel,Garrafa de Winegel,Бутылка Вингеля,Bottiglia di Winegel,酒凝膠瓶,红酒鸟之瓶,와인젤 병,Butelka Winegelu,Пляшка Вінегелю,Fles Wijngel,Winegel Şişesi
L_MAT_BOTTLEOFSPIRITS,,Bottle of Spirits,霊酒の瓶,Flasche mit Geistern,Bouteille d'Esprits,Botella de Espíritus,Garrafa de Espíritos,Бутылка спиртного,Bottiglia di Spiriti,靈酒瓶,烈酒之瓶,영혼의 병,Butelka Duchów,Пляшка Духів,Fles Geesten,Ruhlar Şişesi
L_MAT_GRAVEPIMPLE,,Grave Pimple,グレイブ・ピンプル,Grabes-Pickel,Bouton Funèbre,Grano Sepulcral,Espinha Tumular,Могильный Прыщ,Pustola Tombale,墓穴疙瘩,墓穴脓包,무덤 여드름,Grobowy Pryszcz,Могильний Прищ,Grafpuist,Mezar Sivilce
L_MAT_SCAVENGERSKULL,,Scavenger Skull,スカベンジャー・スカル,Plünderer-Schädel,Crâne de Charognard,Cráneo de Carroñero,Crânio de Catador,Череп Мародёра,Teschio del Predone,拾荒者頭骨,拾荒者头骨,청소부 해골,Czaszka Padlinożercy,Череп Збирача,Aasgierenschedel,Çöpçü Kafatası
L_MAT_ARCANESIGIL,,Arcane Sigil,魔法の印,Arkanes Siegel,Sigil Arcanique,Sigilo Arcano,Sigilo Arcano,Тайный Символ,Sigillo Arcano,奧術印記,奥术魔符,비전 문양,Mistyczny Sigil,Магічна Печатка,Arcaan Zegel,Büyülü Mühür
L_MAT_ARMORSCRAP,,Armor Scrap,防具の破片,Rüstungsschrott,Débris d'armure,Chatarra de armadura,Sucata de Armadura,Обломок брони,Rottame di Armatura,護甲碎片,护甲碎片,방어구 파편,Złom Pancerny,Брухт обладунків,Pantserafval,Zırh Parçası
L_MAT_WHETSTONE,,Whetstone,砥石,Wetzstein,Pierre à aiguiser,Piedra de afilar,Pedra de Amolar,Точильный камень,Pietra per affilare,磨刀石,磨刀石,숫돌,Osełka,Точильний камінь,Slijpsteen,Bileği Taşı
L_MAT_VIVIFIERHORSESHOE,,Vivifier Horseshoe,蘇生の蹄鉄,Belebender Hufeisen,Fer à Cheval Vivifiant,Herradura Vivificadora,Ferradura Vivificante,Подкова Оживителя,Ferro di Cavallo Vivificante,復活馬蹄鐵,复苏者马掌,소생의 편자,Podkowa Ożywiciela,Підковка Оживлювача,Levengevend Hoefijzer,Canlandırıcı Nal
L_MAT_CONSECRATORHORSESHOE,,Consecrator Horseshoe,聖別者の蹄鉄,Weihe-Hufeisen,Fer à Cheval du Consécrateur,Herradura del Consagrador,Ferradura do Consagrador,Подкова Освятителя,Ferro di Cavallo del Consacratore,聖化馬蹄鐵,祝圣者马掌,축성자의 편자,Podkowa Konsekratora,Освячена Підкова,Gewijde Hoefijzer,Kutsayıcı Nal
L_MAT_STORMBRINGERHORSESHOE,,Stormbringer Horseshoe,ストームブリンガーの蹄鉄,Sturmrufer-Hufeisen,Fer à Cheval du Porteur de Tempête,Herradura del Portador de Tormentas,Ferradura do Portador da Tempestade,Подкова Буреносца,Ferro di Cavallo del Portatore di Tempeste,風暴使者馬蹄鐵,风暴使者马掌,폭풍소환자 편자,Podkowa Burzodzierżcy,Підкова Буревісника,Stormbrenger Hoefijzer,Fırtınagetiren Nal
L_MAT_THUNDERCRACKERHORSESHOE,,Thundercracker Horseshoe,サンダークラッカーの蹄鉄,Donnerkracher-Hufeisen,Fer à Cheval Foudroyant,Herradura Tronadora,Ferradura Trovejante,Подкова Громовержца,Ferro di Cavallo Tuonante,雷霆蹄鐵,碎雷者马蹄铁,천둥파괴자 편자,Podkowa Gromowładcy,Підкова Громовержця,Donderklapper Hoefijzer,Gökgürültüsü Nalı
L_MAT_PEGASUSHORSESHOE,,Pegasus Horseshoe,ペガサスの蹄鉄,Pegasus-Hufeisen,Fer à Cheval de Pégase,Herradura de Pegaso,Ferradura de Pégaso,Подкова Пегаса,Ferro di Cavallo di Pegaso,天馬馬蹄鐵,天马马掌,페가수스 편자,Podkowa Pegaza,Підкова Пегаса,Pegasus Hoefijzer,Pegasus Nalı
L_MAT_FIREWOUNDCLAYMORE,,Firewound Claymore,炎傷の大剣,Feuerwunden-Claymore,Claymore de Brûlure Ardente,Claymore de Herida Ígnea,Claymore da Ferida Flamejante,Пламенный Клеймор,Spadone della Ferita Ardente,火傷巨劍,火伤大剑,화상의 클레이모어,Rozżarzona Claymore,Вогнепальний Клеймор,Vuurwond Claymore,Ateş Yarası Palaşı
L_MAT_ICEWOUNDCLAYMORE,,Icewound Claymore,アイスウンド・クレイモア,Eiswunden-Claymore,Espadon de la Plaie Glaciale,Claymore de Herida Helada,Espadão Ferida Gélida,Морозный Двуручный Меч,Spadone Feritadighiaccio,冰傷巨劍,冰伤大剑,얼음상처 클레이모어,Lodozimny Claymore,Льодорана Дворучна Шабля,IJswond Tweehander,Buzlu Yara İki Elli Kılıç
L_MAT_GOLDBLIGHTCLAYMORE,,Goldblight Claymore,ゴールドブライト・クレイモア,Goldblichtklingenmehr,Claymore de Lueur d'Or,Claymore de Plaga Dorada,Claymore do Brilho Dourado,Златоблескный клеймор,Spadone Luce d'Oro,金輝巨劍,金蚀大剑,황금광 클레이모어,Złotoblaski Dwuręczny Miecz,Золотосяйний Дворучник,Goudvlam Tweehander,Altınveba Palakilıcı
L_MAT_DOOMBLIGHTCLAYMORE,,Doomblight Claymore,ドゥームブライト・クレイモア,Unheilsfluch-Claymore,Espadon du Fléau Funeste,Mandoble de Plaga Funesta,Espadão da Praga Sinistra,Мрачный Клеймор,Spadone Flagellotenebre,厄光巨劍,灾蚀大剑,파멸의 광휘 클레이모어,Miecz Dwuręczny Mrocznej Zagłady,Клеймор Згубного Мороку,Verdoemenisvloek Tweehander,Kıyamet Işığı İki Elli Kılıç
L_MAT_IMPERIALCLAYMORE,,Imperial Claymore,インペリアル・クレイモア,Kaiserlicher Zweihänder,Claymore Impériale,Claymore Imperial,Claymore Imperial,Имперский клеймор,Spadone Imperiale,帝國闊劍,帝国大剑,제국 클레이모어,Cesarski Claymore,Імператорський дворучний меч,Keizerlijk Tweesnijdend Zwaard,İmparatorluk Kılıcı
L_MAT_SOULSLAYERCLAYMORE,,Soulslayer Claymore,ソウルスレイヤー・クレイモア,Seelenschlächter-Claymore,Claymore du Dévoreur d'Âmes,Claymore del Asesino de Almas,Claymore do Ceifador de Almas,Клеймор Пожирателя Душ,Spadone Divoratore di Anime,靈魂屠殺者大劍,灭魂者大剑,영혼학살자 클레이모어,Miecz Pożeracz Dusz,Клеймор Пожирач Душ,Zielenslachter Tweehander,Ruhkıyıcı Pala
L_MAT_WILLOWFLUFF,,Willow Fluff,ウィローフラフ,Weidenflaum,Duvet de Saule,Pelusa de Sauce,Penugem de Salgueiro,Пух Ивы,Lanugine di Salice,柳絮,柳木绒毛,버들솜,Puch Wierzbowy,Вербовий Пух,Wilgenpluisjes,Söğüt Tüyü
L_MAT_FROZENFLUFF,,Frozen Fluff,フローズンフラフ,Gefrorene Flauschigkeit,Duvet Glacé,Pelusa Congelada,Pelúcia Congelada,Ледяной Пух,Soffice Gelato,冰凍絨毛,冰冻绒毛,얼어붙은 솜털,Lodowa Puszystość,Морозний Пух,Bevroren Pluis,Donmuş Tüy
L_MAT_SUCCUBUSFLUFF,,Succubus Fluff,サキュバスの羽毛,Sukkubus-Fluff,Charme Succube,Pelusa de Súcubo,Penugem de Súcubo,Суккуб Флафф,Morbidezza Succube,魅魔絨毛,魅魔绒毛,서큐버스 플러프,Puszek Sukkuba,Суккуб Флаф,Succubus Dons,Şeytan Tüyü
L_MAT_ANCIENTFLUFF,,Ancient Fluff,古代の綿毛,Uralter Flaum,Duvet Ancien,Pelusa Antigua,Pelúcia Antiga,Древний Пух,Batuffolo Antico,遠古絨毛,远古绒毛,고대의 솜털,Starożytny Puch,Прадавній Пух,Oeroude Pluis,Kadim Tüy
L_MAT_EXALTEDFLUFF,,Exalted Fluff,高位の綿毛,Erhabener Fluff,Duvet Exalté,Pelusa Exaltada,Penugem Exaltada,Превознесенный Пух,Imbottitura Esaltata,崇高絨毛,崇高绒毛,고귀한 솜털,Wzniosła Puszystość,Піднесений Пух,Verheven Dons,Yüce Tüy
L_MAT_CLAIRVOYANTFLUFF,,Clairvoyant Fluff,クレアボヤントフラフ,Hellseherischer Fluff,Duvet Clairvoyant,Peluche Clarividente,Penugem Clarividente,Ясновидящий Пух,Batuffolo Chiaroveggente,通靈絨毛,先知绒毛,투시력 있는 솜털,Jasnowidzący Puch,Провидницьке Пухнастя,Helderziende Fluff,Kahin Tüy
L_MAT_TIMELESSCROWN,,Timeless Crown,永遠の王冠,Zeitlose Krone,Couronne Intemporelle,Corona Atemporal,Coroa Atemporal,Корона Вечности,Corona Senza Tempo,永恆王冠,永恒王冠,영원한 왕관,Wieczna Korona,Вічна Корона,Tijdloze Kroon,Zamansız Taç
L_MAT_CEASELESSCROWN,,Ceaseless Crown,永久の冠,Endlose Krone,Couronne Éternelle,Corona Incesante,Coroa Incessante,Неустанная Корона,Corona Incessante,無盡王冠,无休王冠,끝없는 왕관,Nieustająca Korona,Невпинна Корона,Eindeloze Kroon,Sonsuz Taç
L_MAT_INFINITECROWN,,Infinite Crown,インフィニット・クラウン,Unendliche Krone,Couronne Infinie,Corona Infinita,Coroa Infinita,Бесконечная Корона,Corona Infinita,無限王冠,无尽王冠,무한의 왕관,Nieskończona Korona,Нескінченна Корона,Oneindige Kroon,Sonsuz Taç
L_MAT_CELESTIALCROWN,,Celestial Crown,天空の冠,Himmlische Krone,Couronne Céleste,Corona Celestial,Coroa Celestial,Небесная Корона,Corona Celeste,天界之冠,天界王冠,천상의 왕관,Korona Niebios,Небесна Корона,Hemelse Kroon,Göksel Taç
L_MAT_OMNIPOTENTCROWN,,Omnipotent Crown,全能の冠,Allwissende Krone,Couronne Omnipotente,Corona Omnipotente,Coroa Onipotente,Корона Всемогущества,Corona Onnipotente,全能王冠,全能王冠,전지전능의 왕관,Korona Wszechmocy,Всемогутня Корона,Almachtige Kroon,Kudretli Taç
L_MAT_IMMORTALCROWN,,Immortal Crown,不滅の王冠,Unsterbliche Krone,Couronne Immortelle,Corona Inmortal,Coroa Imortal,Бессмертная Корона,Corona Immortale,不朽王冠,不朽王冠,불멸의 왕관,Nieśmiertelna Korona,Безсмертна Корона,Onsterfelijke Kroon,Ölümsüz Taç
L_MAT_FORESTROD,,Forest Rod,森の杖,Waldrute,Bâton de la Forêt,Vara del Bosque,Cajado da Floresta,Лесной Посох,Bastone della Foresta,森林法杖,森林权杖,숲의 지팡이,Różdżka Leśna,Лісовий Жезл,Woudstaf,Orman Asası
L_MAT_WARROD,,War Rod,戦杖,Kriegsstab,Bâton de guerre,Vara de Guerra,Bastão de Guerra,Боевой Жезл,Verga da Guerra,戰爭權杖,战争权杖,전쟁 지팡이,Różdżka Wojny,Бойовий Жезл,Oorlogsstaf,Savaş Asası
L_MAT_WATERROD,,Water Rod,水の杖,Wasserstab,Bâton d'eau,Vara de Agua,Bastão de Água,Водяной жезл,Verga d'Acqua,水之杖,水波权杖,물의 지팡이,Różdżka Wody,Водяний Жезл,Waterstaaf,Su Asası
L_MAT_FIREROD,,Fire Rod,火の杖,Feuerstab,Bâton de feu,Vara de Fuego,Bastão de Fogo,Огненный Жезл,Verga di Fuoco,火焰杖,火焰权杖,화염 지팡이,Różdżka Ognia,Вогняний Жезл,Vuurstaf,Ateş Asası
L_MAT_MOUNTAINROD,,Mountain Rod,山の杖,Bergstab,Bâton de Montagne,Vara de Montaña,Cajado da Montanha,Горная Удочка,Bastone di Montagna,山岳之杖,山岳权杖,산봉 막대,Górska Różdżka,Гірський Жезл,Bergstaf,Dağ Asası
L_MAT_LIGHTROD,,Light Rod,ライトロッド,Lichtstab,Bâton de Lumière,Vara de Luz,Bastão de Luz,Светящийся жезл,Verga di Luce,光之杖,光明权杖,빛의 지팡이,Laska Światła,Світловий Жезл,Lichtstaf,Işık Çubuğu
L_MAT_RADIANCEROD,,Radiance Rod,ラディアンスロッド,Strahlungsstab,Bâton de Radiance,Vara de Resplandor,Bastão da Radiância,Жезл Сияния,Verga Radiante,光輝法杖,光辉权杖,광휘의 지팡이,Różdżka Blasku,Жезл Сяйва,Stralingsstaaf,Işıltı Asası
L_MAT_VIZIERROD,,Vizier Rod,ヴィジールの杖,Wesirstab,Bâton du Vizir,Vara del Visir,Cajado do Vizir,Жезл Визиря,Bastone del Visir,宰相權杖,宰相权杖,비지어 로드,Berło Wezyra,Жезл Візира,Vizier Staf,Vezir Asası
L_MAT_PLANETARYSPLINTERS,,Planetary Splinters,惑星の欠片,Planetensplitter,Éclats Planétaires,Fragmentos Planetarios,Fragmentos Planetários,Планетарные Осколки,Frammenti Planetari,星球碎片,星球裂片,행성의 파편,Odłamki Planet,Планетарні Уламки,Planetaire Splinters,Gezegen Parçaları
L_MAT_STARDUSTSPLINTERS,,Stardust Splinters,スターダストスプリンター,Sternenstaub-Splitter,Éclats d'Étoile,Fragmentos de Polvo Estelar,Fragmentos de Poeira Estelar,Осколки Звездной Пыли,Frammenti di Polvere Stellare,星塵碎片,星尘裂片,별의 파편,Odłamki Gwiezdnego Pyłu,Уламки зоряного пилу,Sterrenstofscherven,Yıldız Tozu Parçaları
L_MAT_NEXUSSPLINTERS,,Nexus Splinters,ネクサスの欠片,Nexus-Splitter,Éclats du Nexus,Fragmentos del Nexo,Fragmentos do Nexus,Осколки Нексуса,Frammenti del Nexus,次元碎片,联结裂片,넥서스 파편,Odłamki Nexusa,Уламки Нексусу,Nexus Splinters,Bağlantı Parçaları
L_MAT_LOSTSPLINTERS,,Lost Splinters,失われた破片,Verlorene Splitter,Éclats Perdus,Fragmentos Perdidos,Fragmentos Perdidos,Потерянные Осколки,Schegge Perdute,失落碎片,迷失裂片,잃어버린 파편,Zagubione Odłamki,Загублені Уламки,Verloren Splinters,Kayıp Parçalar
L_MAT_ENCLAVESPLINTERS,,Enclave Splinters,エンクレイブの欠片,Enklavensplitter,Éclats d'Enclave,Fragmentos del Enclave,Fragmentos do Enclave,Осколки Анклава,Frammenti dell'Enclave,飛地碎片,飞地裂片,엔클레이브 파편,Odłamki Enklawy,Уламки Анклаву,Enclave Splinters,Enklave Parçaları
L_MAT_AMARANTHINESPLINTERS,,Amaranthine Splinters,アマランサインの欠片,Amaranthine Splitter,Éclats d'Amarante,Fragmentos de Amaranto,Fragmentos de Amaranto,Аметистовые Осколки,Schegge di Amaranto,永恆碎片,不凋裂片,불멸의 파편,Amarantowe Odłamki,Аметистові Уламки,Amaranten Splinters,Ölümsüz Kıymıklar
L_MAT_ORACLEBELL,,Oracle Bell,オラクルベル,Orakelglocke,Cloche d'Oracle,Campana del Oráculo,Sino do Oráculo,Колокол Оракула,Campana dell'Oracolo,神諭鈴,预言者铃铛,오라클 벨,Dzwon Wyroczni,Дзвін Оракула,Orakelklok,Kehanet Çanı
L_MAT_COERCERBELL,,Coercer Bell,強制の鈴,Zwingerglocke,Cloche de Coercition,Campana del Coercionador,Sino do Coersor,Колокол Принуждения,Campana del Coercitore,強制之鈴,威胁者铃铛,강제자의 종,Dzwon Przymusu,Дзвін Примусу,Dwingersklok,Zorlayıcı Çan
L_MAT_BEGUILERBELL,,Beguiler Bell,惑わしの鈴,Verführerglocke,Clochette d'Envoûtement,Campana de Embaucador,Sino do Ilusionista,Колокольчик Обольстителя,Campana dell'Ammaliatore,迷惑之鈴,诱骗者铃铛,현혹의 종,Dzwon Zwodziciela,Дзвіночок Чарівника,Verleidersklokje,Büyüleyici Çan
L_MAT_PURIFIERBELL,,Purifier Bell,浄化の鈴,Läuterungsglocke,Cloche Purificatrice,Campana Purificadora,Sino Purificador,Колокол Очищения,Campana Purificatrice,淨化鈴,净化者铃铛,정화의 종,Dzwon Oczyszczający,Дзвін Очищення,Zuiveringsklok,Arındırıcı Çan
L_MAT_ASCENDANTBELL,,Ascendant Bell,昇天の鐘,Aufsteigende Glocke,Cloche Ascendante,Campana Ascendente,Sino Ascendente,Колокол Вознесения,Campana Ascendente,超凡之鐘,飞升者铃铛,승천의 종,Dzwon Wzniesienia,Дзвін Вознесіння,Verheven Klok,Yükseliş Çanı
L_MAT_GIANTEMERALD,,Giant Emerald,巨大なエメラルド,Riesiger Smaragd,Émeraude Géante,Esmeralda Gigante,Esmeralda Gigante,Гигантский Изумруд,Smeraldo Gigante,巨大翡翠,巨型翡翠,거대한 에메랄드,Gigantyczny Szmaragd,Гігантський Смарагд,Reusachtige Smaragd,Dev Zümrüt
L_MAT_GIANTRUBY,,Giant Ruby,巨大なルビー,Riesenrubin,Rubis Géant,Rubí Gigante,Rubi Gigante,Гигантский Рубин,Rubino Gigante,巨大紅寶石,巨型红宝石,거대한 루비,Gigantyczny Rubin,Гігантовий Рубін,Reuzensaffier,Dev Yakut
L_MAT_GIANTTOPAZ,,Giant Topaz,巨大なトパーズ,Riesentopas,Topaze géante,Topacio Gigante,Topázio Gigante,Гигантский топаз,Topazio Gigante,巨型黃玉,巨型黄玉,거대한 토파즈,Gigantyczny Topaz,Гігантський топаз,Reuzentopaz,Dev Topaz
L_MAT_GIANTDIAMOND,,Giant Diamond,巨大なダイヤモンド,Riesendiamant,Diamant Géant,Diamante Gigante,Diamante Gigante,Гигантский Алмаз,Diamante Gigante,巨型鑽石,巨型钻石,거대한 다이아몬드,Gigantyczny Diament,Гігантський діамант,Reuzediamant,Dev Elmas
L_MAT_GIANTSAPPHIRE,,Giant Sapphire,巨大なサファイア,Riesensaphir,Saphir Géant,Zafiro Gigante,Safira Gigante,Гигантский Сапфир,Zaffiro Gigante,巨型藍寶石,巨型蓝宝石,거대한 사파이어,Gigantyczny Szafir,Гігантовий Сапфір,Reuzensaffier,Dev Safir
L_MAT_RAMUNSILK,,Ramun Silk,ラムン・シルク,Ramun-Seide,Soie de Ramun,Seda de Ramun,Seda de Ramun,Шелк Рамуна,Seta di Ramun,拉蒙絲綢,拉蒙丝绸,라문 실크,Jedwab Ramun,Шовк Рамуна,Ramun Zijde,Ramun İpeği
L_MAT_NADINSILK,,Nadin Silk,ナディン・シルク,Nadin Silk,Nadin Silk,Nadin Silk,Nadin Silk,Надин Силк,Nadin Silk,納丁·絲克,纳汀丝绸,나딘 실크,Nadin Silk,Надін Сілк,Nadin Silk,Nadin Silk
L_MAT_INAERSILK,,Inaer Silk,イナエルの絹,Inaer-Seide,Soie d'Inaer,Seda de Inaer,Seda de Inaer,Шелк Инаэр,Seta di Inaer,伊奈爾絲綢,伊奈尔丝绸,이나에르 실크,Jedwab Inaer,Шовк Інаер,Inaer Zijde,İnaer İpeği
L_MAT_AENSILK,,Aen Silk,エン・シルク,Aen Silk,Soie d'Aen,Seda Aen,Seda Aen,Аэн Шелк,Seta Aen,艾恩絲綢,伊恩丝绸,에인 실크,Jedwabny Aen,Ейн Шовк,Aen Zijde,Aen İpek
L_MAT_AERUMSILK,,Aerum Silk,エアラムシルク,Aerum-Seide,Soie d'Aerum,Seda de Aerum,Seda de Aerum,Шелк Аэрума,Seta di Aerum,靈絲綢,伊露丝绸,에어룸 실크,Jedwab Aerum,Шовк Аеруму,Aerumzijde,Aerum İpeği
L_MAT_VANELINSYMBOL,,Vanelin Symbol,ヴァネリンの紋章,Vanelin-Symbol,Symbole de Vanelin,Símbolo de Vanelin,Símbolo de Vanelin,Символ Ванелина,Simbolo di Vanelin,凡尼林符號,瓦内林符号,바넬린 심볼,Symbol Vanelina,Символ Ванеліна,Vanelin Symbool,Vanelin Sembolü
L_MAT_UNDOLIMSYMBOL,,Undolim Symbol,アンドリム・シンボル,Undolim-Symbol,Symbole d'Undolim,Símbolo de Undolim,Símbolo de Undolim,Символ Ундолима,Simbolo di Undolim,安多利姆符號,安多利姆符号,운돌림 상징,Symbol Undolim,Символ Ундоліма,Undolim Symbool,Undolim Sembolü
L_MAT_ANDOLINSYMBOL,,Andolin Symbol,アンドリン・シンボル,Andolin-Symbol,Symbole d'Andolin,Símbolo de Andolin,Símbolo de Andolin,Символ Андолина,Simbolo di Andolin,安多林符號,安多林符号,안돌린 상징,Symbol Andolina,Символ Андоліна,Andolin Symbool,Andolin Sembolü
L_MAT_SIRALIMSYMBOL,,Siralim Symbol,シラリムの紋章,Siralim-Symbol,Symbole de Siralim,Símbolo de Siralim,Símbolo de Siralim,Символ Сиралима,Simbolo di Siralim,希拉利姆符號,瑟拉利姆符号,시랄림 심볼,Symbol Siralim,Символ Сіраліму,Siralim Symbool,Siralim Sembolü
L_MAT_NERALIMSYMBOL,,Neralim Symbol,ネラリムの紋章,Neralim-Symbol,Symbole de Neralim,Símbolo de Neralim,Símbolo de Neralim,Символ Нералима,Simbolo di Neralim,奈拉林符號,奈拉利姆符号,네랄림 상징,Symbol Neralim,Символ Нераліма,Neralim Symbool,Neralim Sembolü
L_MAT_DEFENDERHEADDRESS,,Defender Headdress,守護者の頭飾り,Verteidigerhaube,Coiffe du Défenseur,Tocado del Defensor,Tiara do Defensor,Головной убор защитника,Copricapo del Difensore,防禦者頭飾,防御者头饰,수호자 머리장식,Hełm Obrońcy,Захисний головний убір,Verdedigershoofddeksel,Savunucu Başlığı
L_MAT_PROTECTORHEADDRESS,,Protector Headdress,プロテクターヘッドドレス,Beschützer-Kopfschmuck,Coiffe du Protecteur,Tocado Protector,Tiara Protetora,Защитный Головной Убор,Copricapo del Protettore,守護者頭飾,保护者头饰,수호자 머리장식,Diadem Obrońcy,Захисний Головний Убір,Beschermende Hoofdtooi,Koruyucu Başlık
L_MAT_GUARDIANHEADDRESS,,Guardian Headdress,ガーディアンの頭飾り,Wächter-Kopfschmuck,Coiffe du Gardien,Tocado del Guardián,Adorno de Guardião,Головной убор Стража,Copricapo del Guardiano,守護者頭飾,守护者头饰,수호자의 머리장식,Pióropusz Strażnika,Головний убір Охоронця,Beschermerhoofdtooi,Koruyucu Başlık
L_MAT_ENDURERHEADDRESS,,Endurer Headdress,耐久者の兜飾り,Ausdauerkrone,Coiffe d'Endurance,Tocado del Resistente,Elmo do Resistente,Головной убор Выносливого,Copricapo del Resistente,堅毅頭飾,忍耐者头饰,인듀러 투구,Nakrycie Głowy Wytrwałego,Головний убір Витривалого,Volhoudersdiadeem,Dayanıklı Başlık
L_MAT_CHARGERHEADDRESS,,Charger Headdress,チャージャーの頭飾り,Läufer-Kopfschmuck,Coiffe de Charger,Tocado del Cargador,Cocar do Investidor,Головной убор Заряжающего,Copricapo del Caricatore,充能頭飾,冲锋者头饰,돌격 머리장식,Nakrycie Głowy Szarżownika,Головний убір Зарядника,Stormlopers Hoofdtooi,Şarjör Başlığı
L_MAT_MAJESTYHEADDRESS,,Majesty Headdress,威厳の頭飾り,Majestätischer Kopfschmuck,Coiffe Majestueuse,Corona de Majestad,Tiara da Majestade,Величественный головной убор,Corona Maestosa,威嚴頭飾,王之头饰,위엄의 머리장식,Majestatyczny Pióropusz,Величний головний убір,Majestueuze Hoofdtooi,Haşmet Başlığı
L_MAT_SCOUTRAPIER,,Scout Rapier,スカウトレイピア,Kundschafter-Rapier,Rapière d'Éclaireur,Estoque de Explorador,Florete de Batedor,Скаутская рапира,Stocco da Esploratore,偵查劍,侦察兵刺剑,정찰용 레이피어,Rapier Zwiadowcy,Розвідницька рапіра,Verkennerrapier,İzci Rapyeri
L_MAT_KNIGHTRAPIER,,Knight Rapier,ナイトレイピア,Ritterrapier,Rapière de Chevalier,Estoque de Caballero,Rapieira do Cavaleiro,Рыцарский рапир,Stocco del Cavaliere,騎士刺劍,骑士刺剑,기사 레이피어,Rapier Rycerski,Лицарська рапіра,Ridderrapier,Şövalye Rapier
L_MAT_LANCERRAPIER,,Lancer Rapier,ランサーレイピア,Lanzenrapier,Rapière de Lancier,Estoque de Lancero,Rapieira de Lanceiro,Копейное рапье,Lancia Rapiera,槍騎兵刺劍,枪兵刺剑,랜서 레이피어,Rapier Lansjerski,Спис-рапіра,Lansierrapier,Mızrakçı Rapier
L_MAT_SHIELDMAIDENRAPIER,,Shieldmaiden Rapier,シールドメイデンのレイピア,Schildmaid-Rapier,Rapière de la Vierge au Bouclier,Estoque de la Doncella Escudera,Florete da Escudeira,Рапира Щитоносицы,Stocco della Scudiera,盾女劍,盾卫刺剑,방패여전사의 레이피어,Rapier Tarczowniczki,Рапіра Щитоносиці,Schildmaagd Rapier,Kalkanhanımı Rapier
L_MAT_CHAMPIONRAPIER,,Champion Rapier,チャンピオンレイピア,Meisterrapier,Rapière de champion,Estoque de Campeón,Florete do Campeão,Чемпионская рапира,Stocco del Campione,冠軍刺劍,勇士刺剑,챔피언 레이피어,Rapier Mistrzowski,Чемпіонська рапіра,Kampioensrapier,Şampiyon Rapier
L_MAT_QUEENRAPIER,,Queen Rapier,クイーン・レイピア,Königinnenrapier,Rapière de la Reine,Estoque de la Reina,Florete da Rainha,Рапира Королевы,Stocco Regale,女王刺劍,女王刺剑,여왕의 레이피어,Rapier Królowej,Рапіра Королеви,Koninginnenrapier,Kraliçe Rapier
L_MAT_NARKLINEYEBALL,,Narklin Eyeball,ナークリンの眼球,Narklin-Auge,Œil de Narklin,Ojo de Narklin,Olho de Narklin,Глаз Нарклина,Occhio di Narklin,納克林眼球,纳克林眼球,나클린 눈알,Oko Narklina,Око Нарклін,Narklin Oogbol,Narklin Gözü
L_MAT_ENIMEYEBALL,,Enim Eyeball,エニム・アイボール,Enim Augapfel,Œil d'Enim,Ojo de Enim,Olho de Enim,Глаз Энима,Occhio di Enim,艾尼姆眼球,艾尼姆眼球,에님 아이볼,Oko Enim,Око Еніма,Enim Oogbol,Enim Gözü
L_MAT_IRANTHAEYEBALL,,Irantha Eyeball,イランサの眼球,Irantha-Augapfel,Œil d'Irantha,Ojo de Irantha,Olho de Irantha,Глаз Иранты,Occhio di Irantha,伊蘭薩之眼,伊兰萨眼球,이란타 눈알,Oko Iranthy,Око Іранти,Irantha Oogbol,İrantha Göz Küresi
L_MAT_GEYLIANEYEBALL,,Geylian Eyeball,ゲイリアンの眼球,Geylianisches Auge,Œil de Geylian,Ojo de Geylian,Olho Geyliano,Глаз Гейлиана,Occhio di Geylian,蓋利安眼球,盖利安眼球,게일리안 눈알,Geyliańskie Oko,Ґейліанське Око,Geylianoog,Geylian Gözü
L_MAT_BURHUAEYEBALL,,Burhua Eyeball,ブルフア・アイボール,Burhua-Augapfel,Œil de Burhua,Ojo de Burhua,Olho de Burhua,Глаз Бурхуа,Occhio di Burhua,布爾華眼球,布鲁华眼球,부르화 눈알,Oko Burhuy,Око Бургуа,Burhua Oogbol,Burhua Göz Küresi
L_MAT_MITIDAEYEBALL,,Mitida Eyeball,ミティダの眼球,Mitida-Augapfel,Œil de Mitida,Ojo de Mitida,Olho de Mitida,Глаз Митиды,Occhio di Mitida,米蒂達之眼,米蒂达眼球,미티다 눈알,Oko Mitidy,Око Мітіди,Mitida Oogbol,Mitida Gözü
L_MAT_BOOKOFHUMILITY,,Book of Humility,謙虚の書,Buch der Demut,Livre d'Humilité,Libro de Humildad,Livro da Humildade,Книга Смирения,Libro dell'Umiltà,謙卑之書,谦逊之书,겸손의 서,Księga Pokory,Книга Смирення,Boek van Nederigheid,Alçakgönüllülük Kitabı
L_MAT_BOOKOFCHARITY,,Book of Charity,慈愛の書,Buch der Barmherzigkeit,Livre de Charité,Libro de Caridad,Livro da Caridade,Книга Милосердия,Libro della Carità,慈善之書,慷慨之书,자비의 서,Księga Miłosierdzia,Книга Милосердя,Boek van Naastenliefde,Hayırseverlik Kitabı
L_MAT_BOOKOFCHASTITY,,Book of Chastity,純潔の書,Buch der Keuschheit,Livre de Chasteté,Libro de Castidad,Livro da Castidade,Книга Целомудрия,Libro della Castità,貞潔之書,贞洁之书,정결의 서,Księga Czystości,Книга Цнотливості,Boek van Kuisheid,Iffet Kitabı
L_MAT_BOOKOFKINDNESS,,Book of Kindness,優しさの書,Buch der Güte,Livre de Bonté,Libro de Bondad,Livro da Bondade,Книга Доброты,Libro della Gentilezza,仁慈之書,宽容之书,친절의 책,Księga Dobroci,Книга Доброти,Boek van Vriendelijkheid,Şefkat Kitabı
L_MAT_BOOKOFTEMPERANCE,,Book of Temperance,節制の書,Buch der Mäßigung,Livre de Tempérance,Libro de la Templanza,Livro da Temperança,Книга Воздержания,Libro della Temperanza,節制之書,节制之书,절제의 서,Księga Umiarkowania,Книга Стриманості,Boek van Gematigdheid,Ölçülülük Kitabı
L_MAT_BOOKOFPATIENCE,,Book of Patience,忍耐の書,Buch der Geduld,Livre de Patience,Libro de Paciencia,Livro da Paciência,Книга Терпения,Libro della Pazienza,耐心之書,温和之书,인내의 책,Księga Cierpliwości,Книга Терпіння,Boek van Geduld,Sabır Kitabı
L_MAT_BOOKOFDILIGENCE,,Book of Diligence,勤勉の書,Buch des Fleißes,Livre de Diligence,Libro de Diligencia,Livro da Diligência,Книга Усердия,Libro della Diligenza,勤勉之書,勤勉之书,근면의 서,Księga Pilności,Книга Старанності,Boek van IJver,Gayret Kitabı
L_MAT_SILVERCLAWBEAK,,Silverclaw Beak,シルバークロー・ビーク,Silberklauen-Schnabel,Bec d'Argent-Griffe,Pico Garra Plateada,Bico de Garra Prateada,Клюв Серебряного Когтя,Becco d'Artiglio d'Argento,銀爪鳥喙,银爪鸟喙,은발톱 부리,Dziób Srebrnego Szponu,Дзьоб Срібнокігтя,Zilverklauwsnavel,Gümüşpençe Gaga
L_MAT_ASSAULTBEAK,,Assault Beak,アサルトビーク,Sturmschnabel,Bec d'Assaut,Pico de Asalto,Bico de Assalto,Клюв-Штурмовик,Becco d'Assalto,突擊喙,突击鸟喙,돌격 부리,Dziób Szturmowy,Атакуючий Дзьоб,Aanvalssnavel,Saldırı Gagası
L_MAT_RAZORFOOTBEAK,,Razorfoot Beak,鋭爪嘴,Klingenfuß-Schnabel,Bec Piedtranchant,Pico Pieafilado,Bico de Pé-Cortante,Клюв Бритвоногого,Becco Piedilama,刃足鳥喙,锐爪鸟喙,면도날발톱 부리,Dziób Ostrostopego,Дзьоб Гостролапа,Scheermesvoet Snavel,Jiletayak Gaga
L_MAT_DREAMFINDERBEAK,,Dreamfinder Beak,ドリームファインダーの嘴,Traumfinder-Schnabel,Bec du Chercheur de Rêves,Pico del Buscasueños,Bico do Buscador de Sonhos,Клюв Искателя Снов,Becco del Cercasogni,尋夢者之喙,寻梦者鸟喙,꿈찾기 부리,Dziób Poszukiwacza Snów,Дзьоб Шукача Снів,Droomvinder Snavel,Düşbulucu Gaga
L_MAT_SCREECHERBEAK,,Screecher Beak,スクリーチャー・ビーク,Kreischerschnabel,Bec Hurleur,Pico Chillón,Bico Estridente,Клюв Визгуна,Becco Stridulo,尖嘯鳥喙,尖啸者鸟喙,비명부리,Wrzaskliwy Dziób,Крикливий Дзьоб,Krijssnavel,Çığlıkçı Gaga
L_MAT_DIVEBOMBERBEAK,,Divebomber Beak,ダイブボマービーク,Sturzflugschnabel,Bec Plongeant,Pico Bombardero,Bico Bombardeiro,Клюв Пикировщика,Becco Picchiatore,俯衝啄擊,俯冲轰炸者鸟喙,급강하 부리,Dziób Bombardiera,Дзьоб Пікірувальника,Duikbomvalk,Dalışçı Gaga
L_MAT_DUSKHAMMER,,Dusk Hammer,黄昏の鉄槌,Dämmerungshammer,Marteau du Crépuscule,Martillo del Ocaso,Martelo do Crepúsculo,Сумеречный Молот,Martello del Crepuscolo,黃昏之錘,黄昏之锤,황혼 망치,Młot Zmierzchu,Сутінковий Молот,Schemerhamer,Alacakaranlık Çekici
L_MAT_BLOODHAMMER,,Blood Hammer,ブラッドハンマー,Bluthammer,Marteau de Sang,Martillo de Sangre,Martelo de Sangue,Кровавый Молот,Martello di Sangue,血錘,血之锤,피의 망치,Krwawy Młot,Кривавий Молот,Bloedhamer,Kan Çekici
L_MAT_DAWNHAMMER,,Dawn Hammer,暁槌,Morgendämmerungshammer,Marteau de l'Aube,Martillo del Alba,Martelo do Amanhecer,Молот Рассвета,Martello dell'Alba,黎明之錘,黎明之锤,여명의 망치,Młot Świtu,Молот Світанку,Dageraadshamer,Şafak Çekici
L_MAT_MISTHAMMER,,Mist Hammer,ミストハンマー,Nebelhammer,Marteau de Brume,Martillo de Niebla,Martelo de Névoa,Туманный Молот,Martello di Nebbia,霧錘,雾之锤,안개 망치,Młot Mgły,Туманний Молот,Nevelhamer,Sis Çekici
L_MAT_SUNHAMMER,,Sun Hammer,サンハンマー,Sonnenhammer,Marteau Solaire,Martillo Solar,Martelo Solar,Солнечный Молот,Martello Solare,太陽之錘,太阳之锤,태양 망치,Młot Słońca,Сонячний Молот,Zonhamer,Güneş Çekici
L_MAT_HOLYHAMMER,,Holy Hammer,聖なる鉄槌,Heiliger Hammer,Marteau Sacré,Martillo Sagrado,Martelo Sagrado,Святой Молот,Martello Sacro,神聖之錘,神圣之锤,신성한 망치,Święty Młot,Святий Молот,Heilige Hamer,Kutsal Çekiç
L_MAT_JUSTICARMANE,,Justicar Mane,ジャスティカー・メイン,Justicar Mähne,Crinière du Justicier,Melena del Justiciero,Justicar Mane,Грива Юстициара,Criniera del Giustiziere,正義使者·馬恩,执法官鬃毛,심판관 메인,Grzywa Justycjariusza,Грива Юстиціара,Justicar Mane,Adalet Muhafızı Mane
L_MAT_AVENGERMANE,,Avenger Mane,アヴェンジャー・メイン,Rächermähne,Crinière du Vengeur,Melena Vengadora,Crina Vingadora,Грива Мстителя,Criniera del Vendicatore,復仇者鬃毛,复仇者鬃毛,복수자의 갈기,Grzywa Mściciela,Грива Месника,Wreker Manen,İntikamcı Yele
L_MAT_ZEALOTMANE,,Zealot Mane,狂信者のたてがみ,Fanatikermähne,Crinière du Zélote,Melena del Fanático,Crina do Fanático,Грива Фанатика,Criniera dello Zelota,狂熱者鬃毛,狂热者鬃毛,광신도의 갈기,Grzywa Zeloty,Грива Фанатика,Fanatiekeling Manen,Fanatik Yelesi
L_MAT_ORDAINERMANE,,Ordainer Mane,オーデイナー・メイン,Ordinator-Mähne,Crinière de l'Ordonnateur,Melena del Ordenante,Crina do Ordenador,Грива Посвятителя,Criniera dell'Ordinatore,神諭獅鬃,裁决者鬃毛,심판관 갈기,Grzywa Nakazującego,Грива Посвячувача,Verordener Maan,Düzenleyici Yele
L_MAT_HEALERMANE,,Healer Mane,ヒーラーのたてがみ,Heiler-Mähne,Crinière Guérisseuse,Melena Sanadora,Crina Curandeira,Грива Целителя,Criniera del Guaritore,治療師鬃毛,治疗师鬃毛,치유사 메인,Grzywa Uzdrowiciela,Грива Цілителя,Genezersmanier,Şifacı Yele
L_MAT_ELDERMANE,,Elder Mane,古老のたてがみ,Ältere Mähne,Crinière Ancienne,Melena Anciana,Juba Ancião,Старейшина Грива,Criniera Antica,長老鬃,长老鬃毛,장로 갈기,Starszy Grzywacz,Старійшина Грива,Oude Manen,Yaşlı Yele
L_MAT_FALLENEXOSKELETON,,Fallen Exoskeleton,堕ちた外骨格,Gefallenes Exoskelett,Exosquelette Déchu,Exoesqueleto Caído,Exoesqueleto Caído,Павший Экзоскелет,Esoscheletro Caduto,墮落外骨骼,堕落外骨骼,떨어진 외골격,Porzucony Egzoszkielet,Опалий Екзоскелет,Gevallen Exoskelet,Düşmüş Dış İskelet
L_MAT_ROTTENEXOSKELETON,,Rotten Exoskeleton,腐った外骨格,Verfaultes Exoskelett,Exosquelette Pourri,Exoesqueleto Podrido,Exoesqueleto Apodrecido,Гнилой экзоскелет,Esoscheletro Marcio,腐爛外骨骼,腐烂外骨骼,썩은 외골격,Zgniły Egzoszkielet,Гнилий екзоскелет,Verrotte Exoskelet,Çürük Dış İskelet
L_MAT_TORMENTEREXOSKELETON,,Tormenter Exoskeleton,トーメンター・エグゾスケルトン,Foltermeister-Exoskelett,Exosquelette du Tourmenteur,Exoesqueleto Atormentador,Exoesqueleto do Atormentador,Экзоскелет Мучителя,Esoscheletro del Tormentatore,折磨者外骨骼,折磨者外骨骼,고문자 외골격,Egzoszkielet Dręczyciela,Екзоскелет Мучителя,Kwelgeest Exoskelet,İşkenceci Dış İskelet
L_MAT_ANTAGONIZEREXOSKELETON,,Antagonizer Exoskeleton,アンタゴナイザー外骨格,Antagonisten-Exoskelett,Exosquelette d'Antagoniste,Exoesqueleto Antagonizador,Exoesqueleto Antagonizador,Экзоскелет Антагониста,Esoscheletro dell'Antagonista,挑釁者外骨骼,挑衅者外骨骼,적대자 외골격,Egzoszkielet Antagonisty,Екзоскелет Антагоніста,Antagonist Exoskelet,Antagonist Dış İskeleti
L_MAT_SHADOWEXOSKELETON,,Shadow Exoskeleton,シャドウ・エクソスケルトン,Schattenexoskelett,Exosquelette d'Ombre,Exoesqueleto Sombrío,Exoesqueleto Sombrio,Теневой Экзоскелет,Esoscheletro d'Ombra,暗影外骨骼,暗影外骨骼,그림자 외골격,Egzoszkielet Cienia,Тіньовий Екзоскелет,Schaduwexoskelet,Gölge Dış İskelet
L_MAT_DESTRUCTOREXOSKELETON,,Destructor Exoskeleton,デストラクター外骨格,Destruktor-Exoskelett,Exosquelette Destructeur,Exoesqueleto Destructor,Exoesqueleto Destruidor,Экзоскелет-Разрушитель,Esoscheletro Distruttore,毀滅者外骨骼,毁灭者外骨骼,파괴자 외골격,Egzoszkielet Destruktor,Екзоскелет-Руйнівник,Destructor Exoskelet,Yıkıcı Dış İskelet
L_MAT_SWAMPDWELLERPINCER,,Swampdweller Pincer,沼地住まいの鋏,Sumpfbewohner-Kneifer,Pince de Marécageux,Pinza del Morador del Pantano,Pinça do Habitante do Pântano,Клешня Болотного Жителя,Chela del Paludoso,沼澤居民鉗爪,沼泽居民之钳,늪지기 집게,Szczypce Bagiennego Mieszkańca,Клешня болотного жителя,Moerasbewoner Klauw,Bataklık Sakini Kıskaç
L_MAT_ROTMONGERERPINCER,,Rotmongerer Pincer,腐敗商人の鋏,Fäulnishändler-Klaue,Pince du Putréfacteur,Pinza del Pudremongero,Pinça do Putrefator,Клешня Гнилоторговца,Chela del Putrefattore,腐敗販子鉗爪,腐败者之钳,부패조장자의 집게,Kleszcz Gnilca,Клешня Гнилорозповсюджувача,Rottinghandelaar Klauw,Çürükçü Kıskaç
L_MAT_SEACRAWLERPINCER,,Seacrawler Pincer,シークローラーの鋏,Meerkriecher-Schere,Pince de Rampeur des Mers,Pinza de Reptamar,Pinça do Rastejante Marinho,Клешня Морского Ползуна,Chela del Marciatore Marino,海爬獸鉗爪,海行者之钳,바다크롤러 집게발,Szczypce Morskiego Pełzacza,Клешня Морського Повзуна,Zeekruiper Schaar,Denizgezeri Kıskacı
L_MAT_BONESCRAPERPINCER,,Bonescraper Pincer,ボーンスクレイパー・ピンサー,Knochenschaber-Kneifzange,Pince d'Écorche-os,Pinza Rascahuesos,Pinça do Arranha-ossos,Костолом-Клешня,Tenaglia Spaccaossa,骨刮鉗爪,刮骨者之钳,뼈긁개 집게,Kleszcze Kościoszarpa,Кістяні Клешні,Bottenkrasser Klauw,Kemikkıyıcı Kıskaç
L_MAT_SCOURGEWALKERPINCER,,Scourgewalker Pincer,スカージウォーカー・ピンサー,Geißelwandler-Klaue,Pince du Marchefléau,Pinza del Caminante de la Plaga,Pinça do Andarilho da Praga,Клешня Скверноходца,Tenaglia del Flagellatore,災禍行者鉗爪,瘟疫行者之钳,재앙보행자 집게발,Kleszcze Pomrocznika,Клешня Ходака Чуми,Geselwandelaar Klauw,Bela Yürüyücüsü Kıskaç
L_MAT_SPINEWHIPPERPINCER,,Spinewhipper Pincer,スパインウィッパー・ピンサー,Wirbelsäulenpeitscher-Klaue,Pince Fouette-échine,Pinza Azotalomo,Pinça do Açoitador de Espinhos,Шипастые Клешни,Chela Sferzaspina,脊鞭巨螯,鞭刺者之钳,가시채찍 집게발,Kleszcze Kręgosmagacza,Шипохльосткі Клешні,Rugzweepschaar,Omurgakırbaçlayıcı Kıskaç
L_MAT_PRIESTKNIFE,,Priest Knife,聖職者のナイフ,Priestermesser,Couteau de Prêtre,Cuchillo de Sacerdote,Faca de Sacerdote,Нож Жреца,Coltello del Sacerdote,祭司匕首,祭司匕首,사제의 단검,Nóż Kapłana,Ніж Священика,Priesterdolk,Rahip Bıçağı
L_MAT_SHADOWCASTERKNIFE,,Shadowcaster Knife,シャドウキャスターの短剣,Schattenwirker-Messer,Couteau de Lanceur d'ombre,Cuchillo del Lanzasombras,Faca do Lançador de Sombras,Нож Теневержца,Coltello dell'Ombramante,暗影施術者匕首,暗影法师匕首,그림자술사의 단검,Nóż Rzucającego Cienie,Ніж Тіньового Заклинателя,Schaduwwerper Mes,Gölgeşekillendirici Hançer
L_MAT_HELLCASTERKNIFE,,Hellcaster Knife,ヘルキャスターナイフ,Höllenbeschwörer-Messer,Couteau de Lancefeu,Cuchillo del Invocador Infernal,Adaga do Conjurador Infernal,Нож Адского Чародея,Pugnale dell'Evocatore Infernale,地獄施法者匕首,地狱法师匕首,지옥술사의 단검,Nóż Piekielnego Maga,Ніж Пеклозаклинача,Hellevuurwerper Mes,Cehennem Büyücüsü Hançeri
L_MAT_BLOODLETTERKNIFE,,Bloodletter Knife,血放ちの短刀,Blutlassermesser,Couteau du Saigneur,Cuchillo Sangrador,Faca Sangria,Нож кровопускателя,Coltello Salasso,血書小刀,血使匕首,피의 서신 단검,Nóż Krwiopuszcza,Ніж Кровопускача,Bloedlatermes,Kan Akıtan Bıçak
L_MAT_OVERSEERKNIFE,,Overseer Knife,監視者のナイフ,Aufseher-Messer,Couteau du Surveillant,Cuchillo del Supervisor,Faca do Supervisor,Нож Надзирателя,Coltello del Sorvegliante,監督者小刀,监督者匕首,감독관의 단검,Nóż Nadzorcy,Ніж Наглядача,Opzichtersmes,Gözetmen Bıçağı
L_MAT_KINGKNIFE,,King Knife,キングナイフ,Messer-König,Roi Couteau,Rey Cuchillo,Rei Faca,Король Нож,Re Coltello,刀王,王之匕首,킹 나이프,Król Nóż,Король Ніж,Koning Mes,Kral Bıçak
L_MAT_TUNNELERACID,,Tunneler Acid,トンネラーの酸,Tunnelgräber-Säure,Acide de Tunnelier,Ácido de Tunelador,Ácido de Perfurador,Кислота Туннельщика,Acido del Tunnellatore,掘洞者酸液,掘进者酸液,굴착기 산성액,Kwas Drążnika,Кислота Тунелера,Tunnelgraverszuur,Tünelci Asidi
L_MAT_SPITTINGACID,,Spitting Acid,酸の噴射,Säurespucken,Crachat d'Acide,Escupir Ácido,Cuspe Ácido,Плевок кислотой,Sputo Acido,噴吐酸液,吐毒酸液,산성 침뱉기,Plujący Kwas,Плювок кислотою,Zuur Spuwen,Asit Püskürtme
L_MAT_GLADIATORACID,,Gladiator Acid,グラディエーターアシッド,Gladiatoren-Säure,Acide de Gladiateur,Ácido de Gladiador,Ácido do Gladiador,Кислота Гладиатора,Acido del Gladiatore,角鬥士酸液,角斗士酸液,검투사 산성,Kwas Gladiatora,Кислота Гладіатора,Gladiator Zuur,Gladyatör Asidi
L_MAT_ACCURSEDACID,,Accursed Acid,呪われた酸,Verfluchte Säure,Acide Maudit,Ácido Maldito,Ácido Amaldiçoado,Проклятая кислота,Acido Maledetto,詛咒酸液,诅咒酸液,저주받은 산성,Przeklęty Kwas,Прокляте Кислота,Vervloekt Zuur,Lanetli Asit
L_MAT_HARBINGERACID,,Harbinger Acid,ハービンジャー・アシッド,Vorbote der Säure,Présage Acide,Heraldo Ácido,Ácido Precursor,Предвестник Кислоты,Araldo Acido,先驅酸,预告者酸液,선구자의 산,Zwiastun Kwasu,Передвісник Кислоти,Voorbode Zuur,Haberci Asit
L_MAT_VICIOUSACID,,Vicious Acid,猛毒の酸,Ätzende Säure,Acide Vicieux,Ácido Despiadado,Ácido Cruel,Едкая кислота,Acido Feroce,兇猛酸液,凶恶酸液,맹독성 산성,Żrący Kwas,Жорстока кислота,Bijtend Zuur,Şiddetli Asit
L_MAT_ANGUISHDOLL,,Anguish Doll,苦悶人形,Qualvolle Puppe,Poupée d'Angoisse,Muñeca de Angustia,Boneca da Angústia,Кукла Страдания,Bambola dell'Angoscia,痛苦娃娃,痛苦人偶,고통의 인형,Lalka Udręki,Лялька Страждання,Kwellingspop,Izdırap Bebeği
L_MAT_IMPALERDOLL,,Impaler Doll,インペイラー・ドール,Pfählerpuppe,Poupée Empaleur,Muñeca Empaladora,Boneca Empaladora,Кукла-Пронзатель,Bambola Impalatrice,穿刺人偶,尖刺人偶,꿰뚫는 인형,Lalka Nabijaczka,Лялька-Пронизувач,Spiesenpoppen,İğneci Bebek
L_MAT_STYXDOLL,,Styx Doll,スティクス人形,Styx-Puppe,Poupée de Styx,Muñeco de Styx,Boneco de Styx,Кукла Стикса,Bambola di Stige,冥河娃娃,冥河人偶,스틱스 인형,Lalka Styksu,Лялька Стіксу,Styx Pop,Styx Bebek
L_MAT_DESTRUCTIONDOLL,,Destruction Doll,破壊人形,Zerstörungspuppe,Poupée de Destruction,Muñeca de Destrucción,Boneca da Destruição,Кукла Разрушения,Bambola della Distruzione,毀滅人偶,毁灭人偶,파괴 인형,Lalka Zniszczenia,Лялька Руйнування,Vernietigingspop,Yıkım Bebeği
L_MAT_TORMENTEDDOLL,,Tormented Doll,苦悶の人形,Gequälte Puppe,Poupée Tourmentée,Muñeca Atormentada,Boneca Atormentada,Измученная Кукла,Bambola Tormentata,受苦娃娃,苦痛人偶,고통받는 인형,Udręczona Lalka,Зачарована Лялька,Gekwelde Pop,Işkence Görmüş Bebek
L_MAT_ABYSSDOLL,,Abyss Doll,アビスドール,Abgrundpuppe,Poupée des Abysses,Muñeca del Abismo,Boneca do Abismo,Кукла Бездны,Bambola dell'Abisso,深淵人偶,深渊人偶,심연 인형,Lalka z Otchłani,Лялька Безодні,Afgrondpop,Uçurum Bebeği
L_MAT_VALENTINEDOLL,,Valentine Doll,バレンタインドール,Valentinspuppe,Poupée Valentine,Muñeca de San Valentín,Boneca Valentine,Кукла Валентина,Bambola di San Valentino,情人節娃娃,情人人偶,발렌타인 인형,Lalka Walentynkowa,Лялька Валентина,Valentijnspop,Sevgililer Günü Bebeği
L_MAT_SNIPERBONE,,Sniper Bone,スナイパーボーン,Scharfschützenknochen,Os de Sniper,Hueso de Francotirador,Osso de Atirador,Снайперская Кость,Osso del Cecchino,狙擊骨,狙击手之骨,저격수의 뼈,Kość Snajpera,Снайперська Кістка,Scherpschutterbot,Keskin Nişancı Kemiği
L_MAT_TRIGGERMANBONE,,Triggerman Bone,トリガーマン・ボーン,Revolverheld Bone,Tireur d'élite Bone,Hueso el Gatillero,Gatilheiro Bone,Костолом-Стрелок,Osso il Sicario,扳機手骨頭,枪手之骨,방아쇠맨 본,Kościany Strzelec,Кістяний Стрілець,Scherpschutter Bone,Tetikçi Kemik
L_MAT_CANNONEERBONE,,Cannoneer Bone,砲手の骨,Kanonier-Knochen,Ossement de Canonnier,Hueso de Cañonero,Osso de Canhoneiro,Кость Канонира,Osso del Cannoniere,砲手骨,炮手之骨,포병 뼈,Kościany Kanonier,Кістка Канонера,Kanonnierbot,Topçu Kemiği
L_MAT_MARKSMANBONE,,Marksman Bone,射手の骨,Schützenknochen,Os du Tireur d'élite,Hueso de Tirador,Osso de Atirador,Кость Стрелка,Osso del Tiratore,神射手之骨,射手之骨,명사수의 뼈,Kość Strzelca,Кістка Стрільця,Scherpschuttersbeen,Nişancı Kemiği
L_MAT_MORTARMANBONE,,Mortarman Bone,モルタル砲兵ボーン,Mörserschütze Knochen,Osseux Mortier,Artillero Hueso,Ossuário Morteiro,Костяной Минометчик,Osseo Mortaista,迫擊砲手骨,迫击炮手之骨,박격포병 본,Kościany Moździerzysta,Кістяний Мінометник,Mortierwerper Bot,Havan Kemiği
L_MAT_GUNSLINGERBONE,,Gunslinger Bone,ガンスリンガー・ボーン,Revolverheld-Knochen,Tireur d'Os,Hueso del Pistolero,Osso do Pistoleiro,Кость Стрелка,Osso del Pistolero,神槍手之骨,快枪手之骨,건슬링어 본,Kość Rewolwerowca,Кістка Стрільця,Revolverheld Bot,Silahşör Kemiği
L_MAT_RAPTUROUSTOE,,Rapturous Toe,恍惚の足指,Verzückter Zeh,Orteil Extatique,Dedo del Pie Extasiado,Dedo Extasiado,Восхитительный Палец Ноги,Dito Estatico,狂喜之趾,狂热之趾,황홀한 발가락,Zachwycający Palec,Захоплений Палець,Verrukkelijke Teen,Coşkulu Parmak
L_MAT_DELIRIOUSTOE,,Delirious Toe,錯乱した足指,Wahnwitziger Zeh,Orteil Délirant,Dedo del Pie Delirante,Dedo Delirante,Бредовый Палец,Alluce Delirante,瘋狂之趾,亢奋之趾,헛소리하는 발가락,Obłąkany Palec,Божевільний Палець Ноги,Waanzinnige Teen,Sayıklayan Parmak
L_MAT_MANIACALTOE,,Maniacal Toe,マニアカルトゥ,Wahnsinniger Zeh,Orteil Maniaque,Dedo Maníaco,Dedo Maníaco,Маниакальный Палец Ноги,Alluce Maniacale,瘋狂之趾,疯狂之趾,광기의 발가락,Szalony Palec,Маніакальний Палець Ноги,Waanzinnige Teen,Çılgın Parmak
L_MAT_FRENZYTOE,,Frenzy Toe,フレンジートゥ,Rasende Zehe,Orteil Frénétique,Dedo Frenético,Dedo Frenético,Бешеный Палец,Dito Frenetico,狂暴之趾,发狂之趾,광란의 발가락,Szalony Palec,Шалений Палець,Razende Teen,Çılgın Parmak
L_MAT_HYSTERIATOE,,Hysteria Toe,ヒステリアトゥ,Hysterie-Zeh,Orteil Hystérique,Dedo de Histeria,Dedo da Histeria,Истерический Палец,Dito dell'Isteria,歇斯底里之趾,癔病之趾,히스테리아 토,Histeria Palca,Істерична Пальчик,Hysteria Teen,Histeri Parmağı
L_MAT_BLOODCOLLAR,,Blood Collar,血の首輪,Blutband,Collier de Sang,Collar de Sangre,Coleira de Sangue,Кровавый Ошейник,Collare di Sangue,血之項圈,寻血项圈,피의 목걸이,Obroża Krwi,Кривавий Нашийник,Bloedkraag,Kan Tasması
L_MAT_HORRORCOLLAR,,Horror Collar,ホラーカラー,Schreckenshalsband,Collier d'Horreur,Collar de Horror,Coleira de Horror,Ошейник Ужаса,Collare dell'Orrore,恐怖項圈,恐怖项圈,공포의 목걸이,Obroża Grozy,Жахливий Нашийник,Gruwelkraag,Dehşet Tasması
L_MAT_PANICCOLLAR,,Panic Collar,パニックカラー,Panikband,Collier de Panique,Collar de Pánico,Coleira de Pânico,Ошейник Паники,Collare del Panico,恐慌項圈,恐慌项圈,공황 목걸이,Obroża Paniki,Панічний Нашийник,Paniekband,Panik Tasması
L_MAT_DREADCOLLAR,,Dread Collar,恐怖の首輪,Schreckensband,Collier d'Effroi,Collar de Pavor,Colar do Pavor,Ошейник Ужаса,Collare del Terrore,恐懼項圈,恐惧项圈,공포의 목걸이,Obroża Grozy,Комір Жаху,Angstaanjagende Halsband,Korku Gerdanlığı
L_MAT_HELLCOLLAR,,Hell Collar,地獄の首輪,Höllenband,Collier Infernal,Collar Infernal,Coleira Infernal,Адский Ошейник,Collare Infernale,地獄項圈,地狱项圈,지옥의 목줄,Obroża Piekieł,Нашийник Пекла,Helskraag,Cehennem Tasması
L_MAT_TERRORCOLLAR,,Terror Collar,テラーカラー,Terrorhalsband,Collier de Terreur,Collar de Terror,Coleira do Terror,Ошейник Ужаса,Collare del Terrore,恐懼項圈,恐怯项圈,공포의 목걸이,Obroża Terroru,Нашийник Жаху,Terreurhalsband,Dehşet Tasması
L_MAT_GIMPWRAPPINGS,,Gimp Wrappings,ギンプ・ラッピング,Krüppelbinden,Bandages de l'Infirme,Vendas del Lisiado,Ataduras de Aleijado,Обмотки Калеки,Bende dello Storpio,殘廢繃帶,跛腿绷带,절름발이 붕대,Bandaże Kulawca,Кульгаві Обмотки,Kreupele Windsels,Topal Sargıları
L_MAT_SCOURGEWRAPPINGS,,Scourge Wrappings,スカージの包帯,Geißelwickel,Bandelettes du Fléau,Envolturas de Plaga,Envoltórios da Praga,Обмотки Бича,Bende del Flagello,天譴裹布,灾祸绷带,역병 붕대,Opaski Plagi,Обмотки Бича,Geselwikkels,Bela Sargıları
L_MAT_CREEPWRAPPINGS,,Creep Wrappings,クリープラッピング,Gruselumhüllungen,Bandelettes Rampantes,Vendas Espeluznantes,Envoltórios Sinistros,Обмотки Ползуна,Bende Striscianti,蠕行纏布,潜行绷带,기괴한 붕대,Owijki Pełzacza,Моторошні Обмотки,Griezelwindsels,Sürüngen Sargıları
L_MAT_DOOMWRAPPINGS,,Doom Wrappings,破滅の包帯,Unheilsbinden,Bandelettes Funestes,Vendas de la Perdición,Envolturas da Perdição,Обмотки Рока,Bende del Fato,厄運纏繞,厄运绷带,파멸의 붕대,Całuny Zagłady,Обмотки Фатуму,Verdoemeniswikkels,Kıyamet Sargıları
L_MAT_NIGHTMAREWRAPPINGS,,Nightmare Wrappings,ナイトメアラッピング,Albtraumhüllen,Enveloppes de Cauchemar,Envolturas de Pesadilla,Envoltórios de Pesadelo,Обертки Кошмара,Involucri da Incubo,夢魘纏繞物,梦魇绷带,악몽의 붕대,Opętańcze Bandaże,Кошмарні Обмотки,Nachtmerrie Windsels,Kabus Sargıları
L_MAT_LORDWRAPPINGS,,Lord Wrappings,ラッピング卿,Lord Wrappings,Seigneur Bandelettes,Señor Vendajes,Lorde Ataduras,Лорд Бинтов,Lord Wrappings,裹布領主,领主绷带,랩핑 군주,Pan Bandaże,Лорд Бинтів,Heer Windsels,Lord Wrappings
L_MAT_BLOODSCYTHE,,Blood Scythe,ブラッドサイズ,Blutsense,Faux de Sang,Guadaña de Sangre,Foice de Sangue,Кровавая Коса,Falce di Sangue,血鐮,血之镰,블러드 사이즈,Krwawa Kosa,Кривава Коса,Bloedzeis,Kan Tırpanı
L_MAT_BONESCYTHE,,Bone Scythe,骨の大鎌,Knochensense,Faux d'Os,Guadaña de Hueso,Foice de Osso,Костяная Коса,Falce d'Ossa,骨鐮,骨之镰,뼈 낫,Kosa Kościana,Кістяна Коса,Botsenmaaimachine,Kemik Tırpan
L_MAT_SOULSCYTHE,,Soul Scythe,魂の大鎌,Seelensense,Faux de l'Âme,Guadaña del Alma,Foice da Alma,Коса Душ,Falce dell'Anima,靈魂鐮刀,灵魂之镰,영혼 낫,Kosa Dusz,Коса Душ,Zielenzeis,Ruh Tırpanı
L_MAT_SHADOWSCYTHE,,Shadow Scythe,シャドウサイズ,Schattensensenklinge,Faux de l'Ombre,Guadaña Sombría,Foice das Sombras,Теневая Коса,Falce d'Ombra,暗影鐮刀,暗影之镰,그림자 낫,Kosa Cienia,Коса Тіні,Schaduwzeis,Gölge Tırpan
L_MAT_CURSEDSCYTHE,,Cursed Scythe,呪われた大鎌,Verfluchte Sense,Faux Maudite,Guadaña Maldita,Foice Amaldiçoada,Проклятая Коса,Falce Maledetta,詛咒鐮刀,诅咒之镰,저주받은 낫,Przeklęta Kosa,Проклята Коса,Vervloekte Zeis,Lanetli Tırpan
L_MAT_INCURSIONSCYTHE,,Incursion Scythe,インカージョン・サイズ,Eindringungs-Sense,Faux de l'Incursion,Guadaña de Incursión,Foice de Incursão,Коса Вторжения,Falce d'Incursione,入侵鐮刀,突袭之镰,침략의 낫,Kosa Najazdu,Коса Вторгнення,Invasie Zeis,İstila Tırpanı
L_MAT_REDEEMERGANGLION,,Redeemer Ganglion,リディーマー・ガングリオン,Erlöser-Ganglion,Ganglion du Rédempteur,Ganglio Redentor,Gânglio Redentor,Ганглий Искупителя,Ganglio del Redentore,救贖神經節,救赎者神经节,구원자 신경절,Zwój Odkupiciela,Ганглій Спокутника,Verlosser Ganglion,Kurtarıcı Ganglion
L_MAT_DOMINATORGANGLION,,Dominator Ganglion,ドミネーター・ガングリオン,Dominator-Ganglion,Ganglion Dominateur,Ganglio Dominador,Gânglio Dominador,Доминирующий Ганглий,Ganglio Dominatore,支配神經節,支配者神经节,지배자 신경절,Zwój Dominatora,Домінуючий Ганглій,Dominante Ganglion,Hâkim Ganglion
L_MAT_LIBERATORGANGLION,,Liberator Ganglion,リベレーター・ガングリオン,Befreier-Ganglion,Ganglion Libérateur,Ganglio Liberador,Gânglio Libertador,Ганглий Освободителя,Ganglio Liberatore,解放者神經節,解放者神经节,해방자 신경절,Zwój Wyzwoliciela,Визвольний Ганглій,Bevrijder Ganglion,Kurtarıcı Ganglion
L_MAT_LORDGANGLION,,Lord Ganglion,ガングリオン卿,Lord Ganglion,Seigneur Ganglion,Lord Ganglion,Lorde Ganglion,Лорд Ганглион,Lord Ganglion,甘格里恩領主,领主神经节,갱글리온 경,Lord Ganglion,Лорд Ганґліон,Heer Ganglion,Lord Ganglion
L_MAT_OVERMINDGANGLION,,Overmind Ganglion,オーバーマインド・ガングリオン,Überhirn-Ganglion,Ganglion de la Surconscience,Ganglio de la Supermente,Gânglio Supermente,Ганглий Сверхразума,Ganglio della Supermente,超心靈神經節,主宰神经节,초월정신 신경절,Zwój Nadumysłu,Ганглій Надрозуму,Overmeester Ganglion,Üstakıl Gangliyonu
L_MAT_OBLITERATORGANGLION,,Obliterator Ganglion,オブリタレーター・ガングリオン,Vernichter-Ganglion,Ganglion Oblitérateur,Ganglio Obliterador,Gânglio Obliterador,Уничтожающий Ганглий,Ganglio Obliteratore,殲滅神經節,毁灭者神经节,절멸자 신경절,Zwój Unicestwienia,Гангліон-Знищувач,Vernietigingsganglion,Yok Edici Ganglion
L_MAT_BOOKOFPRIDE,,Book of Pride,傲慢の書,Buch des Stolzes,Livre de l'Orgueil,Libro del Orgullo,Livro do Orgulho,Книга Гордыни,Libro dell'Orgoglio,驕傲之書,傲慢之书,오만의 서,Księga Dumy,Книга Гордості,Boek van Trots,Gurur Kitabı
L_MAT_BOOKOFGREED,,Book of Greed,強欲の書,Buch der Gier,Livre de l'Avarice,Libro de la Avaricia,Livro da Ganância,Книга Алчности,Libro dell'Avidità,貪婪之書,贪婪之书,탐욕의 서,Księga Chciwości,Книга Жадібності,Boek van Hebzucht,Açgözlülük Kitabı
L_MAT_BOOKOFLUST,,Book of Lust,欲望の書,Buch der Lust,Livre de Luxure,Libro de Lujuria,Livro da Luxúria,Книга Вожделения,Libro della Lussuria,慾望之書,色欲之书,욕망의 서,Księga Pożądania,Книга Хтивості,Boek der Lust,Şehvet Kitabı
L_MAT_BOOKOFENVY,,Book of Envy,嫉妬の書,Buch des Neids,Livre de l'Envie,Libro de la Envidia,Livro da Inveja,Книга Зависти,Libro dell'Invidia,嫉妒之書,嫉妒之书,질투의 서,Księga Zazdrości,Книга Заздрості,Boek van Afgunst,Kıskançlık Kitabı
L_MAT_BOOKOFGLUTTONY,,Book of Gluttony,暴食の書,Buch der Völlerei,Livre de la Gloutonnerie,Libro de la Gula,Livro da Gula,Книга Чревоугодия,Libro della Gola,饕餮之書,暴食之书,탐식의 서,Księga Obżarstwa,Книга Ненажерливості,Boek van Gulzigheid,Oburluk Kitabı
L_MAT_BOOKOFWRATH,,Book of Wrath,怒りの書,Buch des Zorns,Livre de Courroux,Libro de la Ira,Livro da Ira,Книга Гнева,Libro dell'Ira,憤怒之書,暴怒之书,분노의 서,Księga Gniewu,Книга Гніву,Boek van Toorn,Gazap Kitabı
L_MAT_BOOKOFSLOTH,,Book of Sloth,怠惰の書,Buch der Faulheit,Livre de Paresse,Libro de la Pereza,Livro da Preguiça,Книга Лени,Libro della Pigrizia,懶惰之書,懒惰之书,나태의 서,Księga Lenistwa,Книга Ліні,Boek van Luiheid,Tembellik Kitabı
L_MAT_ADDLEDPIMPLE,,Addled Pimple,混乱したにきび,Verwirrter Pickel,Bouton Confus,Grano Confuso,Espinha Confusa,Одурманенный Прыщ,Brufolo Confuso,困惑膿皰,迷糊脓包,혼란스러운 여드름,Zamroczony Pryszcz,Запаморочений Прищ,Verwarde Puist,Bulanık Sivilce
L_MAT_CRAZEDPIMPLE,,Crazed Pimple,狂気のニキビ,Wahnsinniger Pickel,Bouton Dément,Grano Enloquecido,Espinha Enlouquecida,Бешеный Прыщ,Brufolo Impazzito,瘋狂的青春痘,疯狂脓包,광기의 여드름,Szalony Pryszcz,Божевільний Прищ,Waanzinnige Puist,Çılgın Sivilce
L_MAT_TORTUREDPIMPLE,,Tortured Pimple,苦悶のニキビ,Gequälter Pickel,Bouton Torturé,Grano Torturado,Espinha Torturada,Измученный Прыщ,Brufolo Torturato,痛苦的痘痘,受虐脓包,고통받는 여드름,Umęczony Pryszcz,Змучений Прищ,Gekwelde Puist,İşkence Görmüş Sivilce
L_MAT_DEFILERPIMPLE,,Defiler Pimple,汚染者のニキビ,Schänder-Pickel,Bouton du Profanateur,Grano Profanador,Espinha Profanadora,Осквернитель Прыщ,Pustola del Profanatore,褻瀆者膿包,亵渎者脓包,더럽히는 자 여드름,Plugawy Pryszcz,Осквернитель Прищ,Bezoedelaar Puistje,Kirletici Sivilce
L_MAT_BLIGHTBRINGERPIMPLE,,Blightbringer Pimple,ブライトブリンガー・ピンプル,Pestbringer-Pickel,Pustule du Porteur de Fléau,Grano Portador de Plaga,Espinha Portadora da Praga,Прыщ Чумоносец,Pustola Portaflagello,瘟疫使者皰瘡,病毒使者脓包,역병인도자 여드름,Pryszcz Niosący Zarazę,Гнилоносний Прищ,Pestbrenger Puist,Kırgıngetiren Sivilce
L_MAT_PLAGUESPREADERPIMPLE,,Plaguespreader Pimple,疫病撒き散らしの吹き出物,Seuchenbringer-Pickel,Pustule Propagateur de Peste,Grano Propagaplaga,Espinha Propagadora de Peste,Чумной Прыщ,Pustola Spargipeste,瘟疫散播者膿瘡,瘟疫传播者脓包,역병전파자 여드름,Pryszcz Roznosiciel Zarazy,Чумний Прищ,Pestverspreider Puist,Veba Yayıcı Sivilce
L_MAT_SOLDIERFIN,,Soldier Fin,ソルジャー・フィン,Soldat Fin,Soldat Fin,Soldado Fin,Soldado Fin,Солдат Фин,Soldato Fin,士兵芬,士兵鱼鳍,병사 핀,Żołnierz Fin,Солдат Фін,Soldaat Vin,Asker Fin
L_MAT_CABALISTFIN,,Cabalist Fin,カバリスト・フィン,Kabalist Fin,Fin Cabaliste,Cabalista Fin,Cabalista Fin,Каббалист Фин,Cabbalista Fin,秘法師芬,秘术师鱼鳍,마법사 핀,Kabalista Fin,Кабаліст Фін,Cabalist Fin,Büyücü Fin
L_MAT_SEALORDFIN,,Sealord Fin,シールロードの鰭,Seelord Flosse,Aileron du Seigneur des Mers,Aleta del Señor del Mar,Barbatana do Senhor dos Mares,Морской Владыка Фин,Pinna del Signore dei Mari,海王鰭,海王鱼鳍,바다군주의 지느러미,Płetwisty Władca Mórz,Морський Володар Фін,Zeeheer Vin,Denizlord Yüzgeç
L_MAT_HORRORFIN,,Horror Fin,ホラーフィン,Schreckens-Flosse,Nageoire d'Horreur,Aleta de Horror,Barbatana do Horror,Плавник Ужаса,Pinna dell'Orrore,恐怖鰭,恐魔鱼鳍,공포 지느러미,Płetwa Grozy,Жахливий Плавник,Gruwelvin,Korku Yüzgeci
L_MAT_CAPTAINFIN,,Captain Fin,キャプテン・フィン,Kapitän Fin,Capitaine Fin,Capitán Fin,Capitão Fin,Капитан Фин,Capitano Fin,芬船長,队长鱼鳍,핀 선장,Kapitan Fin,Капітан Фін,Kapitein Vin,Kaptan Fin
L_MAT_KINGFIN,,King Fin,キング・フィン,König Fin,Roi Fin,Rey Fin,Rei Fin,Король Фин,Re Fin,芬王,王之鱼鳍,핀 왕,Król Fin,Король Фін,Koning Fin,Kral Fin
L_MAT_DREADRATTLE,,Dread Rattle,ドレッド・ラトル,Schreckensrassel,Crépitement Sinistre,Cascabel Aterrador,Chocalho Medonho,Жуткая Погремушка,Sonaglio del Terrore,恐怖響尾,恐惧之响,공포의 딸랑이,Złowieszczy Grzechot,Жахливий Гуркіт,Angstaanjagend Geratel,Korkunç Çıngırak
L_MAT_RECLUSIVERATTLE,,Reclusive Rattle,隠遁の鳴動,Zurückgezogene Rassel,Cliquetis Reclus,Cascabel Solitario,Chocalho Recluso,Затворнический Грохот,Sonaglio Solitario,隱居響尾,隐居之响,은둔한 딸랑이,Samotny Grzechotnik,Відлюдний Гуркіт,Teruggetrokken Ratelaar,Münzevi Çıngırak
L_MAT_ROOFSTALKERRATTLE,,Roofstalker Rattle,ルーフストーカー・ラトル,Dachpirscher-Rassel,Crécelle du Rôdeur des Toits,Cascabel del Acechador de Tejados,Chocalho do Caça-telhados,Грохот Кровельного Охотника,Sonaglio del Cacciatore di Tetti,屋頂潛行者響尾,屋顶潜行之响,지붕잠입자의 딸랑이,Grzechotka Dachołaza,Гуркіт Покрівельного Мисливця,Daakjager Ratel,Çatı Avcısı Çıngırağı
L_MAT_TERRORRATTLE,,Terror Rattle,テラーラトル,Schreckensrassel,Crécelle de Terreur,Cascabel del Terror,Chocalho do Terror,Гремучий Ужас,Sonaglio del Terrore,恐懼響尾,恐怖之响,공포의 딸랑이,Grzechotka Grozy,Жахливий Брязкіт,Angstrammelaar,Dehşet Çıngırağı
L_MAT_GRAVEBANERATTLE,,Gravebane Rattle,グレイブベイン・ラトル,Grabfluchrassel,Crécelle Tombefléau,Cascabel de Tumbabane,Chocalho Tumbamorte,Погремушка Могильной Погибели,Sonaglio Flagellotomba,墓禍搖鈴,墓祸之响,무덤파멸 딸랑이,Grzechotka Mogiłozguby,Гробова Тріскачка,Grafvloekratel,Mezarbane Çıngırağı
L_MAT_TREPIDATIONRATTLE,,Trepidation Rattle,戦慄の鳴動,Angstgerassel,Cliquetis d'Appréhension,Cascabel de Inquietud,Chocalho da Trepidação,Дрожь Тревоги,Sonaglio dell'Inquietudine,戰慄之響,惊惧之响,공포의 딸랑이,Grzechotka Trwogi,Тривожний Брязкіт,Angstwekkende Ratel,Endişe Çıngırağı
L_MAT_DUNGEONINCENSE,,Dungeon Incense,ダンジョンの香,Verlies-Weihrauch,Encens de Donjon,Incienso de Mazmorra,Incenso de Masmorra,Благовония Подземелья,Incenso del Dungeon,地城薰香,地牢熏香,던전 향,Kadzidło Lochowe,Підземельне Пахощі,Kerkerreukwerk,Zindan Tütsüsü
L_MAT_EVERNIGHTINCENSE,,Evernight Incense,常夜の香,Immernacht-Weihrauch,Encens d'Éternuit,Incienso de Eternoche,Incenso de Eternoite,Благовония Вечной Ночи,Incenso di Eternotte,永夜香,永夜熏香,영원한 밤의 향,Kadzidło Wiecznej Nocy,Пахощі Вічної Ночі,Eeuwignacht Wierook,Gece Tütsüsü
L_MAT_DRIFTINGINCENSE,,Drifting Incense,漂う香,Treibender Weihrauch,Encens Flottant,Incienso a la Deriva,Incenso à Deriva,Плывущий Аромат,Incenso Fluttuante,飄香,漂浮熏香,표류하는 향,Dryfujące Kadzidło,Мандрівний Ладан,Zwevende Wierook,Sürüklenen Tütsü
L_MAT_GATEWAYINCENSE,,Gateway Incense,門扉の香,Tor-Weihrauch,Encens de Passage,Incienso de Portal,Incenso do Portal,Благовония Врат,Incenso del Portale,門戶薰香,传送熏香,관문 향,Kadzidło Bramy,Пахощі Брами,Poortincens,Geçit Tütsüsü
L_MAT_HOARINCENSE,,Hoar Incense,白霜の香,Raureif-Weihrauch,Encens Givré,Incienso Gélido,Incenso Gélido,Морозный ладан,Incenso Gelido,霜凍薰香,霜隐熏香,서리 향,Mroźne Kadzidło,Морозний Ладан,Rijpwierook,Kırağı Tütsüsü
L_MAT_WHISPERINGINCENSE,,Whispering Incense,囁きの香,Flüsternder Weihrauch,Encens Murmurant,Incienso Susurrante,Incenso Sussurrante,Шепчущий Фимиам,Incenso Sussurrante,低語薰香,低语熏香,속삭이는 향,Szepcące Kadzidło,Шепочучий Ладан,Fluisterend Wierook,Fısıldayan Tütsü
L_MAT_CRYPTBATWINGS,,Crypt Bat Wings,クリプトバットの翼,Kryptafledermausflügel,Ailes de Chauve-souris des Cryptes,Alas de Murciélago de Cripta,Asas de Morcego da Cripta,Крылья склеповой летучей мыши,Ali di Pipistrello della Cripta,墓穴蝙蝠翼,墓穴蝙蝠翅膀,지하묘지 박쥐 날개,Skrzydła Kryptowego Nietoperza,Крила Склепного Кажана,Cryptevleermuisvleugels,Mezar Yarasası Kanatları
L_MAT_PULSEBATWINGS,,Pulse Bat Wings,パルスコウモリの翼,Fledermauspulsflügel,Ailes de Chauve-souris Pulsantes,Alas de Murciélago Pulsante,Asas de Morcego Pulsantes,Крылья Импульсной Летучей Мыши,Ali di Pipistrello Pulsante,脈衝蝙蝠翼,脉冲蝙蝠翅膀,맥박 박쥐 날개,Skrzydła Nietoperza Pulsu,Крила Пульсового Кажана,Vleermuisvleugels van Puls,Nabız Yarasa Kanatları
L_MAT_VAMPIREBATWINGS,,Vampire Bat Wings,吸血コウモリの翼,Vampirfledermausflügel,Ailes de Chauve-souris Vampire,Alas de Murciélago Vampiro,Asas de Morcego Vampiro,Крылья вампирской летучей мыши,Ali di Pipistrello Vampiro,吸血蝙蝠翼,吸血蝙蝠翅膀,흡혈박쥐 날개,Skrzydła Wampira,Крила вампіра-кажана,Vampiervleermuisvleugels,Vampir Yarasa Kanatları
L_MAT_MUTATEDVAMPIREBATWINGS,,Mutated Vampire Bat Wings,変異した吸血コウモリの翼,Flügel einer mutierten Vampirfledermaus,Ailes de Chauve-souris Vampire Mutante,Alas de Murciélago Vampiro Mutado,Asas de Morcego Vampiro Mutante,Крылья мутировавшей вампирской летучей мыши,Ali di Pipistrello Vampiro Mutato,變異吸血蝙蝠翼,变异吸血蝙蝠翅膀,돌연변이 흡혈박쥐 날개,Skrzydła Zmutowanego Nietoperza Wampira,Крила Мутованого Вампіра-Кажана,Gemuteerde Vampiervleermuis Vleugels,Mutasyona Uğramış Vampir Yarasa Kanatları
L_MAT_MUTATEDPULSEBATWINGS,,Mutated Pulse Bat Wings,変異したパルスコウモリの翼,Flügel einer mutierten Pulsfledermaus,Ailes de Chauve-souris à Impulsion Mutante,Alas de Murciélago de Pulso Mutado,Asas de Morcego de Pulso Mutante,Крылья мутировавшей импульсной летучей мыши,Ali di Pipistrello Pulsante Mutato,變異脈衝蝙蝠翼,变异脉冲蝙蝠翅膀,돌연변이 맥박 박쥐 날개,Skrzydła Zmutowanego Nietoperza Pulsującego,Крила мутованого імпульсного кажана,Gemuteerde Pulsvleermuis Vleugels,Mutasyona Uğramış Nabız Yarasa Kanatları
L_MAT_MUTATEDCRYPTBATWINGS,,Mutated Crypt Bat Wings,変異した地下墓所コウモリの翼,Flügel der mutierten Kryptafledermaus,Ailes de Chauve-souris Cryptique Mutante,Alas de Murciélago Mutado de Cripta,Asas de Morcego Mutante da Cripta,Крылья мутировавшей склеповой летучей мыши,Ali di Pipistrello Mutato della Cripta,變異地穴蝙蝠翼,变异墓穴蝙蝠翅膀,돌연변이 지하묘지 박쥐 날개,Skrzydła Zmutowanego Nietoperza z Krypty,Крила мутованого склепного кажана,Gemuteerde Cryptvleermuisvleugels,Mutasyona Uğramış Mezar Yarasası Kanatları
L_MAT_DEATHBATWINGS,,Death Bat Wings,デスバットの翼,Todesfledermaushäute,Ailes de Chauve-souris Mortelle,Alas de Murciélago de la Muerte,Asas de Morcego da Morte,Крылья Летучей Смерти,Ali di Pipistrello della Morte,死亡蝙蝠翼,死亡蝙蝠翅膀,죽음 박쥐 날개,Skrzydła Śmiercionietoperza,Крила Кажана Смерті,Doodsvleermuisvleugels,Ölüm Yarasası Kanatları
L_MAT_STONEBRACER,,Stone Bracer,ストーンブレイサー,Steinarmschiene,Bracelet de Pierre,Brazal de Piedra,Bracelete de Pedra,Каменный наруч,Bracciale di Pietra,石製護腕,岩石护腕,돌 팔찌,Kamienna Bransoleta,Кам'яний наруч,Stenen Armband,Taş Bileklik
L_MAT_CINDERBRACER,,Cinder Bracer,シンダーブレイサー,Glutreif,Bracelet de Braise,Brazal de Ceniza,Bracelete de Cinzas,Огненный Наруч,Bracciale di Brace,灰燼護腕,灰烬护腕,신더 브레이서,Bransoleta Żaru,Вогняний Наруч,Sintelarmband,Kor Bilekliği
L_MAT_TWISTEDBRACER,,Twisted Bracer,ねじれた籠手,Verdrehter Armschutz,Bracelet Tordu,Brazal Retorcido,Bracelete Retorcido,Искривленный Наруч,Bracciale Contorto,扭曲護腕,扭曲护腕,뒤틀린 팔보호구,Skręcona Bransoleta,Скручений Наруч,Verwrongen Armband,Bükülmüş Kolluk
L_MAT_SKULLBRACER,,Skull Bracer,スカルブレイサー,Schädelarmschiene,Bracelet Crânien,Brazal de Calavera,Bracelete Caveira,Браслет-Череп,Bracciale del Teschio,骷髏護腕,骷髅护腕,해골 팔찌,Czaszkonakładka,Браслет Черепа,Schedelbeschermer,Kafatası Bilekliği
L_MAT_DOOMBRACER,,Doom Bracer,破滅の籠手,Unheilsarmschiene,Bracelet du Destin,Brazal de la Perdición,Bracelete da Ruína,Браслет Рока,Bracciale del Fato,厄運臂環,厄运护腕,파멸의 팔찌,Bransoleta Zagłady,Браслет Загибелі,Noodlotarmband,Kıyamet Bileziği
L_MAT_CHRISTMASBRACER,,Christmas Bracer,クリスマスブレイサー,Weihnachts-Armschiene,Bracelet de Noël,Brazal Navideño,Bracelete de Natal,Рождественский браслет,Bracciale Natalizio,聖誕節臂環,圣诞护腕,크리스마스 브레이서,Świąteczna Bransoleta,Різдвяний наруч,Kerstarmband,Noel Bilekliği
L_MAT_BERSERKERTOOTH,,Berserker Tooth,バーサーカーの牙,Berserkerreißzahn,Dent du Berserker,Colmillo del Berserker,Dente do Berserker,Клык Берсерка,Zanna del Berserker,狂戰士之牙,狂战之牙,광전사의 이빨,Kieł Berserkera,Зуб Берсерка,Berserkerstand,Berserker Dişi
L_MAT_THRASHERTOOTH,,Thrasher Tooth,スラッシャー・トゥース,Drescherzahn,Dent Broyeuse,Diente Triturador,Dente Triturador,Клык Молотильщика,Dente Frantumatore,暴擊之牙,暴虐之牙,파쇄이빨,Kieł Młóciciela,Зуб Молотильника,Slagtand,Parçalayıcı Diş
L_MAT_MAULERTOOTH,,Mauler Tooth,モーラー・トゥース,Maulerzahn,Croc du Massacreur,Colmillo Aplastador,Dente do Espancador,Клык Крушителя,Zanna del Massacratore,重擊獠牙,重击之牙,몰러 이빨,Kieł Miażdżyciela,Зуб Трощителя,Kneustandkies,Parçalayıcı Diş
L_MAT_FEROCIOUSTOOTH,,Ferocious Tooth,猛牙,Wilder Zahn,Croc Féroce,Colmillo Feroz,Presa Feroz,Свирепый Клык,Zanna Feroce,兇猛之牙,凶猛之牙,맹렬한 이빨,Zaciekły Kieł,Лютий Зуб,Woeste Tand,Vahşi Diş
L_MAT_DESTROYERTOOTH,,Destroyer Tooth,破壊者の牙,Zerstörerzahn,Dent du Destructeur,Diente Destructor,Dente Destruidor,Клык Разрушителя,Dente del Distruttore,毀滅者之牙,毁灭之牙,파괴자의 이빨,Kieł Niszczyciela,Зуб Руйнівника,Vernietigertand,Yok Edici Diş
L_MAT_ANNIHILATORTOOTH,,Annihilator Tooth,アナイアレイター・トゥース,Vernichter-Zahn,Dent d'Annihilateur,Colmillo Aniquilador,Dente Aniquilador,Клык Аннигилятора,Zanna Annientatrice,殲滅者之牙,歼灭之牙,섬멸자의 이빨,Kieł Anihilatora,Зуб Анігілятора,Vernietigingstand,Yok Edici Diş
L_MAT_GORETONGUETEETH,,Goretongue Teeth,ゴアタングの歯,Goretongue-Zähne,Dents de Languessang,Dientes de Lenguasangrienta,Dentes de Língua Sangrenta,Зубы Кровавого Языка,Denti di Linguasanguinaria,血舌之牙,淤舌之齿,피혈의 이빨,Kły Krwawego Języka,Зуби Кривавого Язика,Bloedtongkiezen,Kankıl Dişleri
L_MAT_DUSKTAILTEETH,,Dusktail Teeth,ダスクテイルの歯,Dämmerungsschweif-Zähne,Dents de Crépusqueue,Dientes de Crepúsculo,Dentes de Cauda-Crepuscular,Клыки Сумрачного Хвоста,Denti di Codacrepuscolo,暮尾獸牙,暮尾之齿,황혼꼬리 이빨,Kły Zmierzchoogona,Зуби Сутінкохвоста,Schemestaart Tanden,Alacakaranlık Kuyruğu Dişleri
L_MAT_NIGHTWINGTEETH,,Nightwing Teeth,ナイトウィングの歯,Nachtschwingenzähne,Dents d'Aile-de-nuit,Dientes de Ala Nocturna,Dentes de Asa Noturna,Зубы Ночного Крыла,Denti dell'Ala Notturna,夜翼之牙,夜翼之齿,밤날개 이빨,Zęby Nocnego Skrzydła,Зуби Нічного Крила,Nachtvleugeltanden,Gece Kanat Dişleri
L_MAT_BLOODFANGTEETH,,Bloodfang Teeth,血牙の歯,Blutfangzähne,Crocs de Sangcroc,Colmillos de Sangrefauce,Presas de Sangue,Клыки Кровавого Клыка,Zanne di Sanguelupo,血牙之齒,血牙之齿,피의송곳니 이빨,Kły Krwawego Kła,Зуби Кривавого Ікла,Bloedvangertanden,Kankurt Dişleri
L_MAT_SUNCLAWTEETH,,Sunclaw Teeth,太陽爪の歯,Sonnenklauenzähne,Dents de Griffesoleil,Dientes de Garra Solar,Dentes de Garra Solar,Зубы Солнечного Когтя,Denti di Artigli Solari,日爪之牙,日爪之齿,태양발톱 이빨,Kły Słonecznego Pazura,Зуби Сонцекігтя,Zonklauwentanden,Güneşpençe Dişleri
L_MAT_DARKEYETEETH,,Darkeye Teeth,ダークアイの歯,Dunkelauge-Zähne,Dents d'Œil-Sombre,Dientes de Ojooscuro,Dentes de Olhoscuro,Зубы Темноглаза,Denti d'Occhioscuro,暗眼獠牙,暗瞳之齿,암안 이빨,Kły Ciemnookiego,Зуби Темноока,Duisteroog Tanden,Karanlıkgöz Dişleri
L_MAT_CHAOSHELMET,,Chaos Helmet,カオスヘルメット,Chaoshelm,Casque du Chaos,Casco del Caos,Elmo do Caos,Шлем Хаоса,Elmo del Caos,混沌頭盔,混沌头盔,혼돈의 투구,Hełm Chaosu,Шолом Хаосу,Chaoshelm,Kaos Miğferi
L_MAT_DEATHHELMET,,Death Helmet,デスヘルメット,Todeshelm,Casque de la Mort,Casco de la Muerte,Elmo da Morte,Шлем Смерти,Elmo della Morte,死亡頭盔,死亡头盔,죽음의 투구,Hełm Śmierci,Шолом Смерті,Dodenhelm,Ölüm Miğferi
L_MAT_PITHELMET,,Pit Helmet,ピットヘルメット,Grubenhelm,Casque de Fosse,Casco de Fosa,Capacete de Fosso,Шлем Ямы,Elmo da Fossa,深坑頭盔,深坑头盔,구덩이 투구,Hełm Bojowy,Шоломник,Mijnhelm,Çukur Miğferi
L_MAT_INFERNALHELMET,,Infernal Helmet,地獄のヘルメット,Höllischer Helm,Casque Infernal,Yelmo Infernal,Elmo Infernal,Адский Шлем,Elmo Infernale,地獄頭盔,地狱头盔,지옥의 투구,Piekielny Hełm,Пекельний шолом,Helse Helm,Cehennemî Miğfer
L_MAT_PERDITIONHELMET,,Perdition Helmet,破滅のヘルメット,Verdammnishelm,Heaume de Perdition,Yelmo de Perdición,Elmo da Perdição,Шлем Проклятия,Elmo della Perdizione,滅亡頭盔,毁灭头盔,파멸의 투구,Hełm Zatracenia,Шолом Загибелі,Verdoemenis Helm,Cehennem Miğferi
L_MAT_ABADDONHELMET,,Abaddon Helmet,アバドンヘルメット,Abaddon-Helm,Casque d'Abaddon,Casco de Abadón,Elmo de Abaddon,Шлем Абаддона,Elmo di Abaddon,阿巴頓頭盔,亚巴顿头盔,아바돈 투구,Hełm Abaddona,Шолом Абаддона,Abaddon Helm,Abaddon Miğferi
L_MAT_OBSERVERFLAG,,Observer Flag,オブザーバーフラグ,Beobachter-Flagge,Drapeau d'observateur,Bandera de Observador,Bandeira de Observador,Флаг Наблюдателя,Bandiera dell'Osservatore,觀察者旗幟,观察者标记,관찰자 플래그,Flaga Obserwatora,Прапор Спостерігача,Observator Vlag,Gözlemci Bayrağı
L_MAT_WATCHMANFLAG,,Watchman Flag,監視者の旗,Wächterflagge,Étendard du Veilleur,Bandera del Vigilante,Bandeira do Vigia,Флаг Стражника,Vessillo del Guardiano,守望者旗幟,看守者之旗,감시자의 깃발,Flaga Strażnika,Прапор Вартового,Wachtersvlag,Bekçi Bayrağı
L_MAT_SPECTATORFLAG,,Spectator Flag,観戦フラグ,Zuschauer-Flagge,Drapeau de Spectateur,Bandera de Espectador,Bandeira de Espectador,Флаг Зрителя,Bandiera Spettatore,觀眾旗幟,旁观者之旗,관전자 플래그,Flaga Widza,Прапор Глядача,Toeschouwer Vlag,İzleyici Bayrağı
L_MAT_INTRUDERFLAG,,Intruder Flag,侵入者フラグ,Eindringling-Flagge,Drapeau d'Intrus,Bandera de Intruso,Bandeira de Intruso,Флаг Нарушителя,Segnale d'Intruso,入侵者標記,入侵者之旗,침입자 표시,Flaga Intruza,Прапор Порушника,Indringervlag,İzinsiz Giriş Bayrağı
L_MAT_HENCHMANFLAG,,Henchman Flag,手下フラグ,Dienerstandarte,Drapeau de Sbire,Bandera de Secuaz,Bandeira de Capanga,Флаг Приспешника,Bandiera del Tirapiedi,爪牙旗幟,追随者之旗,부하 깃발,Flaga Sługusa,Прапор Поплічника,Handlanger Vlag,Yardakçı Bayrağı
L_MAT_COMMANDERFLAG,,Commander Flag,司令官フラッグ,Kommandant Flagge,Drapeau du Commandant,Comandante Bandera,Comandante Bandeira,Командир Флаг,Comandante Flag,指揮官旗幟,指挥者之旗,지휘관 플래그,Komandor Flaga,Командир Прапор,Commandant Vlag,Komutan Bayrak
L_MAT_MENACEFLAG,,Menace Flag,脅威フラグ,Bedrohungsflagge,Drapeau de Menace,Bandera de Amenaza,Bandeira de Ameaça,Флаг Угрозы,Bandiera della Minaccia,威脅標記,威胁者之旗,위협 깃발,Flaga Zagrożenia,Прапор Загрози,Dreigingsvlag,Tehdit Bayrağı
L_MAT_NEMESISFLAG,,Nemesis Flag,ネメシスフラグ,Nemesis-Flagge,Drapeau de Némésis,Bandera de Némesis,Bandeira de Nêmesis,Флаг Немезиды,Bandiera Nemesi,宿敵標記,宿敌之旗,천적 플래그,Flaga Nemezis,Прапор Немезиди,Nemesis Vlag,Nemesis Bayrağı
L_MAT_INSURGENTFLAG,,Insurgent Flag,反乱軍の旗,Aufständischen-Flagge,Drapeau Insurgé,Bandera Insurgente,Bandeira Insurgente,Флаг Повстанцев,Bandiera degli Insorti,叛軍旗幟,反叛者之旗,반란군 깃발,Flaga Powstańców,Прапор Повстанців,Opstandelingenvlag,İsyancı Bayrağı
L_MAT_REBELFLAG,,Rebel Flag,反逆の旗,Rebellenflagge,Drapeau Rebelle,Bandera Rebelde,Bandeira Rebelde,Флаг Повстанцев,Bandiera Ribelle,叛軍旗幟,叛乱者之旗,반란군 깃발,Flaga Rebelii,Прапор повстанців,Rebellenvlag,İsyancı Bayrağı
L_MAT_STRONGHOLDBRICK,,Stronghold Brick,砦の煉瓦,Festungsziegelstein,Brique de forteresse,Ladrillo de Fortaleza,Tijolo de Fortaleza,Кирпич крепости,Mattone della Roccaforte,堡壘磚,要塞砖块,요새 벽돌,Cegła Twierdzy,Цегла твердині,Vestingbaksteen,Kale Tuğlası
L_MAT_NECROPOLISBRICK,,Necropolis Brick,ネクロポリスの煉瓦,Nekropolen-Ziegel,Brique de Nécropole,Ladrillo de Necrópolis,Tijolo de Necrópole,Кирпич Некрополя,Mattone della Necropoli,墓城磚,墓地砖块,네크로폴리스 벽돌,Cegła z Nekropolii,Цеглина Некрополя,Necropolis Baksteen,Nekropol Tuğlası
L_MAT_ALCAZARBRICK,,Alcazar Brick,アルカザールの煉瓦,Alcazar-Ziegel,Brique d'Alcazar,Ladrillo de Alcázar,Tijolo de Alcazar,Кирпич Алькасара,Mattone di Alcazar,阿爾卡薩磚,城堡砖块,알카자르 벽돌,Cegła Alcazar,Цегла Алькасара,Alcazar Baksteen,Alcazar Tuğlası
L_MAT_CRYPTBRICK,,Crypt Brick,クリプトブリック,Kryptaziegel,Brique de Crypte,Ladrillo de Cripta,Tijolo de Cripta,Могильный кирпич,Mattone della Cripta,墓穴磚,墓穴砖块,지하묘지 벽돌,Cegła Krypty,Цеглина Крипти,Cryptesteen,Mezar Tuğlası
L_MAT_BASTIONBRICK,,Bastion Brick,バスティオンブリック,Bastion-Ziegel,Brique de Bastion,Ladrillo de Bastión,Tijolo do Bastião,Бастионный Кирпич,Mattone del Bastione,堡壘磚,棱堡砖块,바스티온 브릭,Cegła Bastionu,Цегла Бастіону,Bastion Baksteen,Kale Tuğlası
L_MAT_HELLBRICK,,Hell Brick,地獄のレンガ,Höllenstein,Brique Infernale,Ladrillo Infernal,Tijolo Infernal,Адский кирпич,Mattone Infernale,地獄磚,地狱砖块,지옥 벽돌,Piekielna Cegła,Пекельна Цегла,Hellesteen,Cehennem Tuğlası
L_MAT_NOXIOUSSMOKE,,Noxious Smoke,有毒な煙,Giftiger Rauch,Fumée Toxique,Humo Nocivo,Fumaça Nociva,Ядовитый Дым,Fumo Nocivo,毒煙,有害之烟,유독 연기,Trujący Dym,Отруйний Дим,Giftige Rook,Zehirli Duman
L_MAT_LETHALSMOKE,,Lethal Smoke,致命の煙,Tödlicher Rauch,Fumée Mortelle,Humo Letal,Fumaça Letal,Смертоносный Дым,Fumo Letale,致命煙霧,致命之烟,치명적인 연기,Zabójczy Dym,Смертельний Дим,Dodelijke Rook,Ölümcül Duman
L_MAT_CANCEROUSSMOKE,,Cancerous Smoke,癌煙,Krebserregender Rauch,Fumée Cancérigène,Humo Cancerígeno,Fumaça Cancerígena,Раковый Дым,Fumo Cancerogeno,癌煙,致癌之烟,유독한 연기,Rakotwórczy Dym,Ракова Димова Завіса,Kankerverwekkende Rook,Kanserli Duman
L_MAT_PESTILENTSMOKE,,Pestilent Smoke,疫煙,Pestilente Rauchschwaden,Fumée Pestilentielle,Humo Pestilente,Fumaça Pestilenta,Зловонный Дым,Fumo Pestilenziale,瘟疫煙霧,瘟疫之烟,역병 연기,Morowa Mgła,Чумний Дим,Pestilente Rook,Bulaşıcı Duman
L_MAT_SCOURGESMOKE,,Scourge Smoke,スカージスモーク,Geißelrauch,Fumée du Fléau,Humo de Azote,Fumaça da Praga,Дымовая Плеть,Fumo Pestilenziale,天譴之煙,灾祸之烟,재앙의 연기,Dym Plagi,Чума Диму,Geselrook,Bela Dumanı
L_MAT_LORDSMOKE,,Lord Smoke,ロード・スモーク,Lord Smoke,Seigneur Fumée,Lord Smoke,Lorde Fumaça,Лорд Дым,Lord Smoke,煙霧領主,领主之烟,연기 군주,Lord Smoke,Лорд Дим,Heer Rook,Lord Smoke
L_MAT_WARRIORPLATE,,Warrior Plate,戦士の鎧,Kriegerrüstung,Plaque du Guerrier,Placa del Guerrero,Placa do Guerreiro,Латы Воина,Corazza del Guerriero,戰士鎧甲,战士板甲,전사의 판금갑옷,Płyta Wojownika,Лати воїна,Krijgersharnas,Savaşçı Zırhı
L_MAT_EARTHSHAKERPLATE,,Earthshaker Plate,アースシェイカープレート,Erderschütterer-Platte,Plaque du Secoueur de Terre,Coraza del Sacudidor de Tierra,Armadura Sísmica,Латы Землетрясения,Corazza del Terremoto,震地重甲,震地者板甲,대지진 갑옷,Płyta Wstrząsająca Ziemię,Панцир Землетрясіння,Aardschokplaat,Yersarsıcı Zırh
L_MAT_SKULLCRUSHERPLATE,,Skullcrusher Plate,スカルクラッシャー・プレート,Schädelbrecher-Platte,Plaque du Brise-crâne,Coraza Rompecráneos,Placa do Esmagador de Crânios,Латы Сокрушителя Черепов,Corazza Fracassateschi,碎顱鎧甲,碎颅者板甲,두개골분쇄자 판금갑옷,Płyta Miażdżyciela Czaszek,Панцир Черепотрощителя,Schedelbreker Plaat,Kafatası Ezici Zırh
L_MAT_BATTLEMASTERPLATE,,Battlemaster Plate,バトルマスターの鎧,Schlachtmeister-Platte,Plaque du Maître de Guerre,Coraza del Maestro de Batalla,Placa do Mestre de Batalha,Латы Боевого Мастера,Corazza del Maestro di Battaglia,戰鬥大師鎧甲,战斗大师板甲,전투대가의 판금갑옷,Płyta Mistrza Bitwy,Лати Майстра Битв,Strijdmeesterpantser,Savaş Ustası Zırhı
L_MAT_JUGGERNAUTPLATE,,Juggernaut Plate,ジャガーノートプレート,Panzerplatte des Koloss,Plaque du Juggernaut,Coraza del Juggernaut,Armadura de Juggernaut,Латы Джаггернаута,Corazza del Mastodonte,巨像鎧甲,重甲战士板甲,저거너트 플레이트,Płyta Juggernauta,Панцир Джаггернаута,Kolossusplaat,Juggernaut Zırhı
L_MAT_BEHEMOTHPLATE,,Behemoth Plate,ベヒーモスプレート,Behemoth-Platte,Plaque du Béhémoth,Coraza de Behemot,Placa do Behemoth,Доспех Бегемота,Corazza del Behemoth,巨獸鎧甲,巨兽板甲,베히모스 판금갑옷,Płyta Behemota,Панцир Бегемота,Behemoth Pantser,Canavar Zırhı
L_MAT_SONICSCREECHERHEAD,,Sonicscreecher Head,ソニックスクリーチャーの頭,Schallkreischer-Kopf,Tête de Hurleur Sonique,Cabeza de Chirridor Sónico,Cabeça de Guinchador Sônico,Голова Звукокричателя,Testa di Stridulasonico,音爆尖嘯獸頭,尖啸者之头,음파비명 머리,Głowa Dźwiękoskowytka,Голова Звукокричателя,Sonische Krijser Hoofd,Sonikçığlıkçı Kafa
L_MAT_WINDRIDERHEAD,,Windrider Head,ウィンドライダーの頭,Windreiter-Kopf,Tête de Chevaucheur du Vent,Cabeza de Jinete del Viento,Cabeça de Cavaleiro do Vento,Голова Ветрохода,Testa del Cavalcavento,風行者頭盔,风骑士之头,윈드라이더 머리,Głowa Wiatrojeźdźcy,Голова Вітрогона,Windruiterhoofd,Rüzgârsüvari Başlığı
L_MAT_SKYSTALKERHEAD,,Skystalker Head,スカイストーカーの頭,Himmelspiäher-Kopf,Tête de Traqueciel,Cabeza de Acechador Celeste,Cabeça de Caçador Celeste,Голова Небесного Охотника,Testa del Predatore Celeste,天空獵者頭盔,空猎者之头,하늘추적자 머리,Głowa Niebołowcy,Голова Небесного Мисливця,Hemelbespieder Hoofd,Gökkovalayan Kafa
L_MAT_AIRSLAYERHEAD,,Airslayer Head,エアスレイヤーヘッド,Luftschlächter-Kopf,Tête du Pourfendeur d'Air,Cabeza de Matavientos,Cabeça de Matador de Ar,Голова Воздухоубийцы,Testa Ammazzacielo,風斬頭盔,空戮者之头,에어슬레이어 헤드,Głowa Powietrznego Łowcy,Голова Повітрорізця,Luchtdoder Hoofd,Hava Avcısı Başlığı
L_MAT_DAYBREAKERHEAD,,Daybreaker Head,デイブレイカー・ヘッド,Tagesanbruch-Kopf,Tête du Briseur d'Aube,Cabeza Rompedora del Alba,Cabeça do Quebra-Alvorada,Голова Рассветного,Testa del Distruttore dell'Alba,破曉頭盔,破晓者之头,데이브레이커 헤드,Głowa Łamacza Świtu,Голова Руйнівника Світанку,Dagbreker Hoofd,Şafak Kıran Kafa
L_MAT_WICKEDSHIV,,Wicked Shiv,邪悪な短剣,Tückischer Dolch,Dague Perfide,Daga Perversa,Adaga Perversa,Зловещий нож,Stiletto Maligno,邪惡短刀,邪恶短刀,사악한 단검,Plugawy Sztylet,Підступний кинджал,Boosaardige Dolk,Kötücül Hançer
L_MAT_TWISTEDSHIV,,Twisted Shiv,ねじれた短剣,Verdrehter Dolch,Dague Tordue,Daga Retorcida,Adaga Retorcida,Искривленный кинжал,Stiletto Contorto,扭曲短刀,扭曲短刀,뒤틀린 단검,Wykrzywiony Sztylet,Викривлений кинджал,Gekromde Dolk,Kıvrık Hançer
L_MAT_DEMENTEDSHIV,,Demented Shiv,狂気の短剣,Wahnsinniger Dolch,Dague Démente,Puñal Demente,Adaga Demente,Безумный Заточенный Нож,Stiletto Demoniaco,瘋狂短刀,疯狂短刀,광기의 단검,Obłąkany Sztylet,Божевільний кинджал,Waanzinnige Dolk,Çılgın Hançer
L_MAT_SADISTSHIV,,Sadist Shiv,サディストの短剣,Sadistendolch,Dague du Sadique,Daga Sádica,Adaga do Sádico,Садистский Кинжал,Stiletto del Sadico,虐待狂短刀,施虐狂短刀,가학자의 단검,Sztylet Sadysty,Садистський Кинджал,Sadistendolk,Sadist Hançer
L_MAT_HEARTSEEKERSHIV,,Heartseeker Shiv,ハートシーカー短剣,Herzsucher-Messer,Stylet Cherche-cœur,Daga Buscacorazones,Adaga Caçadora de Corações,Кинжал Искателя Сердец,Stiletto Cercacuori,尋心刺刀,寻心者短刀,심장추적자 단검,Sztylet Poszukiwacza Serc,Кинджал Шукач Сердець,Hartzoeker Dolk,Kalp Avcısı Hançer
L_MAT_SHADOWSTALKERSHIV,,Shadowstalker Shiv,シャドウストーカーの短剣,Schattenschleicher-Messer,Stylet de Traqueur d'Ombre,Daga del Acechador de Sombras,Adaga do Caçador das Sombras,Кинжал Теневого Охотника,Stiletto del Cacciatore d'Ombre,暗影獵者短刀,影行者短刀,그림자추적자의 단검,Sztylet Cienioluba,Кинджал Тіньового Мисливця,Schaduwsluiper Dolk,Gölgeizleyici Hançer
L_MAT_NECROTICFINGER,,Necrotic Finger,ネクロティックフィンガー,Nekrotischer Finger,Doigt Nécrotique,Dedo Necrótico,Dedo Necrótico,Некротический Перст,Dito Necrotico,死靈之指,死灵之指,괴사의 손가락,Nekrotyczny Palec,Некротичний Палець,Necrotische Vinger,Nekrotik Parmak
L_MAT_VITALFINGER,,Vital Finger,バイタルフィンガー,Vitaler Finger,Doigt Vital,Dedo Vital,Dedo Vital,Жизненный Палец,Dito Vitale,生命之指,生命之指,생명의 손가락,Życiowy Palec,Життєвий Палець,Vitale Vinger,Hayati Parmak
L_MAT_FLAMEGRIPFINGER,,Flamegrip Finger,炎掌の指,Flammengriffdaumen,Doigt d'Emprise Flamboyante,Dedo de Empuñadura Ígnea,Dedo de Empunhadura Flamejante,Палец Огненной Хватки,Dito Strizzafiamme,烈焰掌指,烈焰之指,화염손아귀 손가락,Palec Ognistego Chwytu,Палаючий Перст,Vuurgreepvinger,Alevkavrayış Parmağı
L_MAT_ETHEREALFINGER,,Ethereal Finger,エーテルの指,Ätherischer Finger,Doigt Éthéré,Dedo Etéreo,Dedo Etéreo,Эфирный Перст,Dito Etereo,虛幻之指,虚幻之指,환영의 손가락,Eteryczny Palec,Ефірний Палець,Etherische Vinger,Esrarengiz Parmak
L_MAT_VENOMOUSFINGER,,Venomous Finger,毒指,Giftiger Finger,Doigt Venimeux,Dedo Venenoso,Dedo Venenoso,Ядовитый Перст,Dito Velenoso,毒指,剧毒之指,독성의 손가락,Jadowity Palec,Отруйний Палець,Giftige Vinger,Zehirli Parmak
L_MAT_DOOMFINGER,,Doom Finger,破滅の指,Schicksalsfinger,Doigt Funeste,Dedo de la Perdición,Dedo da Ruína,Перст Судьбы,Dito del Fato,厄運之指,厄运之指,파멸의 손가락,Palec Zagłady,Палець Загибелі,Verdoemenisvinger,Kıyamet Parmağı
L_MAT_HAGCREST,,Hag Crest,ハグの紋章,Hexenkamm,Emblème de Sorcière,Emblema de Bruja,Emblema da Bruxa,Герб Ведьмы,Emblema della Megera,巫婆徽章,巫婆饰章,마녀 문장,Godło Wiedźmy,Гребінь Відьми,Hekseninsigne,Cadı Arması
L_MAT_SCREAMERCREST,,Screamer Crest,スクリーマー・クレスト,Kreischer-Wappen,Emblème du Hurleur,Emblema del Gritador,Crista do Gritador,Герб Крикуна,Emblema dell'Urlatore,尖嘯紋章,尖啸者饰章,비명 문장,Godło Krzykacza,Герб Крикуна,Gillerschild,Çığlıkçı Arması
L_MAT_PILLAGERCREST,,Pillager Crest,略奪者の紋章,Plünderer-Wappen,Emblème du Pilleur,Emblema del Saqueador,Emblema do Saqueador,Герб Мародёра,Emblema del Predone,掠奪者紋章,劫掠者饰章,약탈자의 문장,Godło Grabieżcy,Герб Грабіжника,Plunderaarskam,Yağmacı Arması
L_MAT_EYEGOUGERCREST,,Eyegouger Crest,眼抉りの紋章,Augenstechersiegel,Emblème du Creveur d'Œil,Cresta del Arrancaojos,Brasão do Arranca-olhos,Герб Глазодёра,Stemma Strappocchi,挖眼者紋章,挖眼者饰章,안구도려내기 문장,Herb Wydłubywacza Oczu,Герб Виколювача Очей,Ooguitsteker Embleem,Göz Oyucu Arması
L_MAT_TORTURERCREST,,Torturer Crest,拷問者の紋章,Folterercrest,Emblème du Tortionnaire,Cresta del Torturador,Emblema do Torturador,Герб Палача,Emblema del Torturatore,折磨者紋章,施虐者饰章,고문관 문장,Godło Oprawcy,Герб Ката,Folteraarskam,İşkenceci Arması
L_MAT_QUEENCREST,,Queen Crest,クイーンクレスト,Königinnenabzeichen,Emblème de la Reine,Corona de la Reina,Insígnia da Rainha,Королевский Герб,Corona della Regina,女王紋章,女王饰章,여왕의 문장,Herb Królowej,Королівський Герб,Koninginnenkroon,Kraliçe Arması
L_MAT_INOXSINEW,,Inox Sinew,イノックスの腱,Inox-Sehne,Tendon d'Inox,Tendón de Inox,Tendão de Inox,Сухожилие инокса,Tendine di Inox,獸人筋腱,伊诺克斯肌腱,이녹스 힘줄,Ścięgno Inoxa,Сухожилля Інокса,Inox Pees,İnoks Siniri
L_MAT_ZAROXSINEW,,Zarox Sinew,ザロックス・シニュー,Zarox Sinew,Tendon de Zarox,Tendón de Zarox,Tendão de Zarox,Зарокс Жила,Tendine di Zarox,札洛克斯·辛紐,扎罗克斯肌腱,자록스 시뉴,Ścięgno Zaroxa,Зарокс Жила,Zarox Sinew,Zarox Sinir
L_MAT_AGORSINEW,,Agor Sinew,アゴル・シニュー,Agor Sehne,Agor Sinew,Tendón de Agor,Tendão de Agor,Агор Жила,Agor Sinew,阿戈爾·筋腱,阿戈尔肌腱,아고르 시뉴,Agor Ścięgno,Агор Жила,Agor Sinew,Agor Sinew
L_MAT_GORUMSINEW,,Gorum Sinew,ゴルムの筋腱,Gorum-Sehne,Tendon de Gorum,Tendón de Gorum,Tendão de Gorum,Жила Горума,Tendine di Gorum,戈倫筋腱,戈鲁姆肌腱,고룸 힘줄,Ścięgno Goruma,Жила Горума,Gorum Pees,Gorum Siniri
L_MAT_AAXERSINEW,,Aaxer Sinew,アクサー・シニュー,Aaxer-Sehne,Tendon d'Aaxer,Tendón de Aaxer,Tendão de Aaxer,Жилы Ааксера,Tendine di Aaxer,艾克瑟之筋,艾克瑟肌腱,액서 힘줄,Ścięgno Aaxera,Сухожилля Ааксера,Aaxer Pees,Aaxer Siniri
L_MAT_BLOODDRINKERTATTOO,,Blooddrinker Tattoo,血飲みの刺青,Bluttrinker-Tätowierung,Tatouage du Buveur de Sang,Tatuaje Bebedor de Sangre,Tatuagem Sorvesangue,Татуировка Кровопийцы,Tatuaggio Sanguisuga,嗜血紋身,饮血者纹身,피를 마시는 자의 문신,Tatuaż Krwiopijcy,Татуювання Кровопивці,Bloeddrinker Tatoeage,Kandçen Dövmesi
L_MAT_GUTSLASHERTATTOO,,Gutslasher Tattoo,ガッツスラッシャーの刺青,Darmschlitzer-Tattoo,Tatouage Éventreur,Tatuaje Destripador,Tatuagem Rasgaentranhas,"Тату ""Потрошитель""",Tatuaggio Squartabudella,腸割者刺青,断肠者纹身,내장절단자 문신,Tatuaż Rozpruwacza Trzewi,"Тату ""Різник Нутрощів""",Ingewandenhakker Tatoeage,Bağırsak Doğrayıcı Dövmesi
L_MAT_STRANGLERTATTOO,,Strangler Tattoo,ストラングラーの刺青,Würger-Tattoo,Tatouage d'Étrangleur,Tatuaje del Estrangulador,Tatuagem do Estrangulador,Татуировка Душителя,Tatuaggio dello Strangolatore,絞殺者紋身,绞杀者纹身,교살자 문신,Tatuaż Dusiciela,Татуювання Душителя,Wurger Tatoeage,Boğucu Dövme
L_MAT_HEARTRIPPERTATTOO,,Heartripper Tattoo,ハートリッパーの刺青,Herzreißer-Tätowierung,Tatouage Arrache-cœur,Tatuaje Desgarracorazones,Tatuagem Arranca-Corações,"Тату ""Сердцедер""",Tatuaggio Squarciatore di Cuori,碎心刺青,裂心者纹身,심장파괴자 문신,Tatuaż Rozdzieracz Serc,Татуювання Серцедер,Hartenscheurdertattoo,Yürek Parçalayan Dövme
L_MAT_ZANTAITATTOO,,Zantai Tattoo,ザンタイの刺青,Zantai-Tattoo,Tatouage de Zantai,Tatuaje de Zantai,Tatuagem de Zantai,Татуировка Зантай,Tatuaggio di Zantai,贊泰紋身,赞泰纹身,잔타이 문신,Tatuaż Zantai,Татуювання Зантай,Zantai Tattoeage,Zantai Dövmesi
L_MAT_FLAILINGTAIL,,Flailing Tail,暴れる尻尾,Peitschender Schwanz,Queue Battante,Cola Azotadora,Cauda Açoitante,Хлещущий хвост,Coda Sferzante,狂甩尾巴,狂舞之尾,휘두르는 꼬리,Młócący Ogon,Розмахуючий Хвіст,Zwiepende Staart,Savrulan Kuyruk
L_MAT_SAWBACKTAIL,,Sawback Tail,ノコギリ尾,Sägerückenschwanz,Queue de Scie,Cola de Sierra,Cauda Serrilhada,Хвост-Пила,Coda Seghettata,鋸背尾,锯背之尾,톱니꼬리,Ogon Piły,Хвіст-Пилка,Zaagrug Staart,Testere Sırtlı Kuyruk
L_MAT_CRIMSONTAIL,,Crimson Tail,紅き尾,Purpurroter Schweif,Queue Écarlate,Cola Carmesí,Cauda Carmesim,Алый Хвост,Coda Cremisi,赤紅尾巴,猩红之尾,진홍색 꼬리,Translator: Karmazynowy Ogon,Багряний Хвіст,Karmozijnen Staart,Kızıl Kuyruk
L_MAT_CONQUERORTAIL,,Conqueror Tail,征服者の尾,Erobererschwanz,Queue du Conquérant,Cola del Conquistador,Cauda do Conquistador,Хвост Завоевателя,Coda del Conquistatore,征服者尾巴,征服者之尾,정복자의 꼬리,Ogon Zdobywcy,Хвіст Завойовника,Veroveraarsstaart,Fatih Kuyruğu
L_MAT_DECIMATORTAIL,,Decimator Tail,デシメイター・テイル,Dezimator-Schwanz,Queue Décimateur,Cola Decimadora,Cauda Dizimadora,Хвост-Дециматор,Coda Decimatrice,毀滅者尾巴,毁灭者之尾,파괴자의 꼬리,Ogon Dziesiątkujący,Хвіст-Нищівник,Decimator Staart,Parçalayıcı Kuyruk
L_MAT_MARTYAXWARTAIL,,Martyaxwar Tail,マーティアクスウォー・テイル,Martyaxwar-Schweif,Queue de Martyaxwar,Cola de Martyaxwar,Cauda de Martyaxwar,Хвост Мартьяксвара,Coda di Martyaxwar,馬提亞克斯戰爭之尾,马蒂亚克斯之尾,마티악스워 테일,Ogon Martyaxwara,Хвіст Мартіаксвара,Martyaxwar Staart,Martyaxwar Kuyruğu
L_MAT_QUIVERINGSCORPION,,Quivering Scorpion,震える蠍,Zitternder Skorpion,Scorpion Frémissant,Escorpión Tembloroso,Escorpião Trêmulo,Дрожащий Скорпион,Scorpione Tremante,顫抖蠍子,颤栗蝎子,떨리는 전갈,Drżący Skorpion,Тремтячий Скорпіон,Trillende Schorpioen,Titreyen Akrep
L_MAT_CAUSTICCHAIN,,Caustic Chain,腐食の鎖,Ätzende Kette,Chaîne Caustique,Cadena Cáustica,Corrente Cáustica,Едкая Цепь,Catena Caustica,腐蝕鎖鏈,腐蚀锁链,부식성 사슬,Łańcuch Żrący,Каустичний Ланцюг,Bijtende Ketting,Kostik Zincir
L_MAT_LIGHTNINGCHAIN,,Lightning Chain,ライトニングチェーン,Blitzkette,Chaîne d'Éclair,Cadena de Relámpagos,Corrente de Relâmpago,Цепь Молний,Catena Fulminante,閃電鏈,闪电锁链,번개 사슬,Łańcuch Błyskawic,Ланцюг Блискавки,Bliksemketen,Yıldırım Zinciri
L_MAT_ASHMOUTHCHAIN,,Ashmouth Chain,アッシュマウス・チェーン,Aschmaul-Kette,Chaîne d'Ashmouth,Cadena de Bocafraga,Corrente de Ashmouth,Цепь Пеплоуста,Catena di Ashmouth,灰口鎖鏈,灰口锁链,애쉬마우스 체인,Łańcuch Popielnych Ust,Ланцюг Попелоуста,Asmond Keten,Kül Ağız Zinciri
L_MAT_HELLGUARDCHAIN,,Hellguard Chain,ヘルガード・チェーン,Höllenwächter-Kette,Chaîne du Gardien Infernal,Cadena del Guardia Infernal,Corrente do Guardião Infernal,Адская Цепь,Catena dell'Infernale Guardiano,地獄守衛鎖鏈,地狱守卫锁链,지옥수호자 사슬,Łańcuch Piekielnej Straży,Пекельний Ланцюг,Hellewachtersketting,Cehennem Muhafızı Zinciri
L_MAT_GATEWATCHERCHAIN,,Gatewatcher Chain,ゲートウォッチャーの鎖,Kette des Torwächters,Chaîne du Gardien des Portes,Cadena del Vigilante de la Puerta,Corrente do Vigia do Portal,Цепь Стража Врат,Catena del Guardiano del Portale,守門者鏈,看门员锁链,관문 감시자의 사슬,Łańcuch Strażnika Bramy,Ланцюг Вартового Брами,Ketenwachter Ketting,Geçitgözcüsü Zinciri
L_MAT_BANELORDCHAIN,,Banelord Chain,ベインロード・チェーン,Bannherrkette,Chaîne du Seigneur Funeste,Cadena del Señor de la Perdición,Corrente do Senhor da Ruína,Цепь Повелителя Погибели,Catena del Signore del Flagello,禍魔鏈,魔王锁链,파멸군주의 사슬,Łańcuch Władcy Klątw,Ланцюг Володаря Загибелі,Baneheerser Ketting,Kıyamet Lordu Zinciri
L_MAT_SCOUTDRAGONSCALE,,Scout Dragon Scale,スカウトドラゴンスケール,Kundschafter-Drachenschuppe,Écaille de Dragon Éclaireur,Escama de Dragón Explorador,Escama de Dragão Batedor,Чешуя Дракона-Разведчика,Scaglia di Drago Esploratore,偵查龍鱗,侦察兵龙鳞,정찰용 용비늘,Smocza Łuska Zwiadowcy,Луска Дракона-Розвідника,Verkenner Drakenschub,İzci Ejderha Pulu
L_MAT_SOLDIERDRAGONSCALE,,Soldier Dragon Scale,ソルジャードラゴンスケール,Drachenschuppe des Soldaten,Écaille de Dragon Soldat,Escama de Dragón Soldado,Escama de Dragão Soldado,Драконья Чешуя Солдата,Scaglia di Drago Soldato,士兵龍鱗,士兵龙鳞,병사 용비늘,Smocza Łuska Żołnierza,Луска Драконячого Солдата,Soldaten Drakenschub,Asker Ejderha Pulu
L_MAT_SENTINELDRAGONSCALE,,Sentinel Dragon Scale,番竜の鱗,Drachenschuppe des Wächters,Écaille de Dragon Sentinelle,Escama de Dragón Centinela,Escama de Dragão Sentinela,Чешуя Дракона-Стража,Scaglia di Drago Sentinella,哨兵龍鱗,哨兵龙鳞,파수꾼 용의 비늘,Smocza Łuska Strażnika,Луска Дракона-Вартового,Schild van de Draakwachter,Muhafız Ejderha Pulu
L_MAT_GUARDIANDRAGONSCALE,,Guardian Dragon Scale,守護竜の鱗,Drachenschuppe des Wächters,Écaille de Dragon Gardien,Escama de Dragón Guardián,Escama do Dragão Guardião,Чешуя Дракона-Хранителя,Scaglia del Drago Guardiano,守護龍鱗,守卫龙鳞,수호용 비늘,Smocza Łuska Strażnika,Луска Дракона-Охоронця,Beschermende Drakenschub,Koruyucu Ejderha Pulu
L_MAT_REVENANTDRAGONSCALE,,Revenant Dragon Scale,レヴナントドラゴンの鱗,Drachenschuppe des Wiedergängers,Écaille de Dragon Revenant,Escama de Dragón Resucitado,Escama de Dragão Revenante,Чешуя Дракона-Ревенанта,Scaglia di Drago Redivivo,亡靈龍鱗,亡魂龙鳞,망령 용의 비늘,Smocza Łuska Upiora,Луска Дракона-Ревенанта,Revenantendrakenschub,Hayalet Ejderha Pulu
L_MAT_QUEENDRAGONSCALE,,Queen Dragon Scale,ドラゴンクイーンの鱗,Drachenschuppe der Königin,Écaille de Reine Dragon,Escama de Dragón Reina,Escama da Rainha Dragão,Чешуя Королевы Драконов,Scaglia di Drago Regina,龍后鱗片,皇后龙鳞,여왕 용 비늘,Smocza Łuska Królowej,Луска Королеви Драконів,Koninginnendrakenschub,Kraliçe Ejderha Pulu
L_MAT_SPIDERORB,,Spider Orb,スパイダーオーブ,Spinnenorb,Orbe d'Araignée,Orbe de Araña,Orbe de Aranha,Паучья Сфера,Sfera del Ragno,蜘蛛寶珠,蜘蛛宝珠,거미 오브,Kula Pająka,Павучий Сфероїд,Spinnenbol,Örümcek Küresi
L_MAT_VIPERORB,,Viper Orb,バイパーオーブ,Vipernorb,Orbe de Vipère,Orbe de Víbora,Orbe da Víbora,Сфера Гадюки,Globo del Vipera,蝮蛇寶珠,蝰蛇宝珠,독사 오브,Kula Żmii,Зміїна Сфера,Adderkogel,Engerek Küresi
L_MAT_RAPTORORB,,Raptor Orb,ラプターオーブ,Raptor-Kugel,Orbe Raptor,Orbe Raptor,Orbe do Raptor,Сфера Раптора,Sfera del Raptor,猛禽寶珠,猛禽宝珠,랩터 오브,Kula Raptora,Сфера Раптора,Raptor Bol,Yırtıcı Küre
L_MAT_DISCIPLEORB,,Disciple Orb,弟子の宝珠,Jünger-Kugel,Orbe du Disciple,Orbe de Discípulo,Orbe do Discípulo,Сфера Ученика,Sfera del Discepolo,門徒寶珠,信徒宝珠,제자 오브,Kula Ucznia,Сфера Учня,Leerling-orb,Mürit Küresi
L_MAT_ZEALOTORB,,Zealot Orb,狂信者のオーブ,Eiferer-Kugel,Orbe du Zélote,Orbe del Fanático,Orbe do Fanático,Сфера Фанатика,Globo dello Zelota,狂熱者寶珠,狂热宝珠,광신자 오브,Kula Zeloty,Сфера Фанатика,Fanatieke Bol,Fanatik Küre
L_MAT_MIRAGEORB,,Mirage Orb,ミラージュオーブ,Trugbild-Kugel,Orbe de Mirage,Orbe de Espejismo,Orbe da Miragem,Сфера Миража,Globo del Miraggio,幻影寶珠,幻象宝珠,환영 오브,Kula Mirażu,Сфера Міражу,Luchtspiegelingsorb,Serap Küresi
L_MAT_DELUSIONORB,,Delusion Orb,妄想のオーブ,Illusionskugel,Orbe d'Illusion,Orbe de Ilusión,Orbe da Ilusão,Сфера Иллюзий,Sfera dell'Illusione,幻想寶珠,幻觉宝珠,망상의 오브,Kula Złudzeń,Сфера Ілюзій,Waanorb,Sanrı Küresi
L_MAT_SPELLBINDERORB,,Spellbinder Orb,スペルバインダーオーブ,Zauberbannerorb,Orbe du Lieur de Sorts,Orbe del Conjurador,Orbe do Conjurador,Сфера Заклинателя,Sfera dell'Incantatore,咒縛寶珠,缚术师宝珠,주문결속 보주,Kula Zaklinacza,Сфера Заклинателя,Tovenaarsorb,Büyübağlayıcı Küre
L_MAT_IRONCOG,,Iron Cog,アイアンコグ,Eisenzahnrad,Rouage de Fer,Engranaje de Hierro,Engrenagem de Ferro,Железная Шестерня,Ingranaggio di Ferro,鐵齒輪,钢铁齿轮,철제 톱니바퀴,Żelazne Koło Zębate,Залізна Шестерня,IJzeren Tandwiel,Demir Dişli
L_MAT_GRANITECOG,,Granite Cog,花崗岩の歯車,Granitrad,Engrenage de Granit,Engranaje de Granito,Engrenagem de Granito,Гранитная шестерня,Ingranaggio di Granito,花崗岩齒輪,花岗岩齿轮,화강암 톱니바퀴,Granitowe Koło Zębate,Гранітна шестерня,Granieten Tandwiel,Granit Dişli
L_MAT_MAGMACOG,,Magma Cog,マグマの歯車,Magmazahnrad,Rouage de Magma,Engranaje de Magma,Engrenagem de Magma,Магмовая шестерня,Ingranaggio di Magma,熔岩齒輪,熔岩齿轮,마그마 톱니바퀴,Zębatka Magmy,Магмове Колесо,Magmakogge,Magma Dişlisi
L_MAT_REGALCOG,,Regal Cog,王家の歯車,Königliches Zahnrad,Engrenage Royal,Engranaje Real,Engrenagem Real,Королевская шестерня,Ingranaggio Regale,皇家齒輪,帝王齿轮,왕가의 톱니바퀴,Królewski Trybik,Королівська шестерня,Koninklijk Tandwiel,Kraliyet Dişlisi
L_MAT_MOSSCOG,,Moss Cog,モスコグ,Moosmechanismus,Rouage de Mousse,Engranaje de Musgo,Engrenagem de Musgo,Моховая шестерня,Ingranaggio di Muschio,苔蘚齒輪,苔藓齿轮,이끼 톱니바퀴,Zębatka Mchu,Моховий Механізм,Mosrad,Yosun Dişlisi
L_MAT_GOLDCOG,,Gold Cog,金の歯車,Goldenes Zahnrad,Engrenage d'or,Engranaje Dorado,Engrenagem Dourada,Золотая шестерня,Ingranaggio d'Oro,黃金齒輪,黄金齿轮,황금 톱니바퀴,Złote Koło Zębate,Золота шестерня,Gouden Tandwiel,Altın Dişli
L_MAT_WARCOG,,War Cog,戦闘歯車,Kriegsrad,Rouage de Guerre,Engranaje de Guerra,Engrenagem de Guerra,Боевая шестерня,Ingranaggio di Guerra,戰爭齒輪,战争齿轮,전쟁 톱니바퀴,Wojenna Zębatka,Бойовий Механізм,Oorlogstandwiel,Savaş Dişlisi
L_MAT_HAUNTEDCOG,,Haunted Cog,呪われた歯車,Verfluchtes Zahnrad,Rouage Hanté,Engranaje Encantado,Engrenagem Assombrada,Проклятая шестерня,Ingranaggio Infestato,鬧鬼齒輪,鬼魂齿轮,유령 톱니바퀴,Nawiedzony Trybik,Зачарована шестерня,Behekst Tandwiel,Lanetli Dişli
L_MAT_NIGHTMARECOG,,Nightmare Cog,ナイトメア・コグ,Albtraum-Zahnrad,Rouage de Cauchemar,Engranaje de Pesadilla,Engrenagem do Pesadelo,Шестерня Кошмара,Ingranaggio dell'Incubo,夢魘齒輪,梦魇齿轮,악몽의 톱니바퀴,Koszmarny Trybik,Шестерня Кошмару,Nachtmerrie Tandwiel,Kabus Dişlisi
L_MAT_GIANTJACK-O-LANTERN,,Giant Jack-o-lantern,ジャイアント・ジャック・オー・ランタン,Riesen-Kürbislaterne,Citrouille géante,Calabaza gigante,Abóbora Gigante,Гигантская тыква-фонарь,Zucca Gigante di Halloween,巨型南瓜燈,巨型南瓜灯,거대한 잭오랜턴,Gigantyczna Dynia-Latarnia,Гігантський ліхтар Джека,Reusachtige Pompoenkaars,Dev Balkabağı Feneri
L_MAT_WILDFIREASHES,,Wildfire Ashes,野火の灰,Wildfeuerasche,Cendres de Feu Sauvage,Cenizas de Incendio Forestal,Cinzas de Incêndio Florestal,Пепел Лесного Пожара,Ceneri del Fuoco Selvaggio,野火灰燼,荒野灰烬,야생불 재,Popioły Pożogi,Попіл Лісової Пожежі,Wildvuurassen,Yaban Ateşi Külleri
L_MAT_VOLCANICASHES,,Volcanic Ashes,火山の灰,Vulkanische Asche,Cendres Volcaniques,Cenizas Volcánicas,Cinzas Vulcânicas,Вулканический пепел,Ceneri Vulcaniche,火山灰燼,火山灰烬,화산재,Wulkaniczny Popiół,Вулканічний попіл,Vulkanische As,Volkanik Küller
L_MAT_FLAMETONGUEASHES,,Flametongue Ashes,炎舌の灰,Flammenzungenaschen,Cendres de Langue-Flamme,Cenizas de Lenguafuego,Cinzas da Língua de Fogo,Пепел Огненного Языка,Ceneri Linguafiamma,烈焰之舌灰燼,焰舌灰烬,화염의 혀 재,Popioły Ognistego Języka,Попіл Вогняного Язика,Vlamtongassen,Alevdil Külleri
L_MAT_ASHBONEASHES,,Ashbone Ashes,灰骨の灰,Aschenknochenasche,Cendres d'Ossements,Cenizas de Hueso Ceniciento,Cinzas de Osso Cinzento,Пепел Костяного Праха,Ceneri di Ossocenere,灰骨之灰,烬骨灰烬,잿뼈 재,Popioły Kościogrodu,Попіл Ясенокості,Asbeenderas,Külkemik Külleri
L_MAT_FROSTFIREASHES,,Frostfire Ashes,フロストファイアの灰,Frostfeuersasche,Cendres de Givrefeu,Cenizas de Fuego Helado,Cinzas de Fogelo,Пепел Морозного Огня,Ceneri di Fuocogelo,霜火灰燼,霜焰灰烬,서리불 재,Popioły Mrozistego Ognia,Попіл Морозного Вогню,Vuurvorstas,Buzateşi Külleri
L_MAT_OBSIDIANASHES,,Obsidian Ashes,黒曜の灰,Obsidianische Asche,Cendres d'Obsidienne,Cenizas de Obsidiana,Cinzas de Obsidiana,Обсидиановый Пепел,Ceneri d'Ossidiana,黑曜石灰燼,黑曜石灰烬,흑요석 재,Obsydianowy Popiół,Обсидіанове Попелище,Obsidiaan As,Obsidyen Külleri
L_MAT_BRIMAXE,,Brim Axe,ブリムアックス,Randaxt,Hache du Bord,Hacha del Borde,Machado da Borda,Секира Края,Ascia del Bordo,滿溢之斧,硫磺之斧,가장자리 도끼,Toporna Siekiera,Сокира Бріма,Randsbijl,Kenar Balta
L_MAT_CRYSTALAXE,,Crystal Axe,クリスタルアックス,Kristallaxt,Hache de Cristal,Hacha de Cristal,Machado de Cristal,Хрустальный Топор,Ascia di Cristallo,水晶斧,水晶之斧,수정 도끼,Kryształowy Topór,Кришталева Сокира,Kristallen Bijl,Kristal Balta
L_MAT_DARKBRIMAXE,,Dark Brim Axe,ダークブリムアックス,Düstere Randaxt,Hache à Rebord Sombre,Hacha de Borde Oscuro,Machado de Borda Sombria,Топор Тёмного Обода,Ascia dal Bordo Oscuro,暗緣戰斧,黑暗硫磺之斧,어둠 테두리 도끼,Topór Mrocznego Brzegu,Сокира Темного Обода,Duistere Randenbijl,Karanlık Kenarlı Balta
L_MAT_BLACKCRYSTALAXE,,Black Crystal Axe,黒水晶の斧,Schwarze Kristallaxt,Hache de Cristal Noir,Hacha de Cristal Negro,Machado de Cristal Negro,Топор Чёрного Кристалла,Ascia di Cristallo Nero,黑水晶斧,黑暗水晶之斧,흑수정 도끼,Czarny Kryształowy Topór,Сокира Чорного Кристалу,Zwarte Kristallen Bijl,Kara Kristal Balta
L_MAT_DEPRAVITYAXE,,Depravity Axe,堕落の斧,Verderbnisaxt,Hache de Dépravation,Hacha de Depravación,Machado da Depravação,Топор Разврата,Ascia della Depravazione,墮落之斧,堕落之斧,타락의 도끼,Topór Deprawacji,Сокира Розпусти,Verdorvenheidsbijl,Ahlaksızlık Baltası
L_MAT_DISEASEAXE,,Disease Axe,疫病の斧,Seuchenklinge,Hache de Maladie,Hacha de Enfermedad,Machado da Doença,Топор Болезни,Ascia della Pestilenza,瘟疫斧,疫病之斧,질병 도끼,Topór Zarazy,Сокира Хвороби,Ziekteknots,Hastalık Baltası
L_MAT_DEATHAXE,,Death Axe,デスアックス,Todesaxt,Hache de Mort,Hacha de la Muerte,Machado da Morte,Секира Смерти,Ascia della Morte,死亡之斧,死亡之斧,죽음의 도끼,Topór Śmierci,Сокира Смерті,Doodsbijl,Ölüm Baltası
L_MAT_PESTILENCEAXE,,Pestilence Axe,疫病の斧,Pestilenzaxt,Hache de Pestilence,Hacha de Pestilencia,Machado da Pestilência,Топор Мора,Ascia della Pestilenza,瘟疫之斧,瘟疫之斧,역병 도끼,Topór Zarazy,Сокира Чуми,Pestilentiebijl,Veba Baltası
L_MAT_IANNE'SSPAREHAMMER,,Ianne's Spare Hammer,イアンの予備ハンマー,Iannes Ersatzhammer,Marteau de Rechange d'Ianne,Martillo de Repuesto de Ianne,Martelo Reserva de Ianne,Запасной Молот Ианны,Martello di Riserva di Ianne,伊安妮的備用鎚子,艾安的备用锤子,이안의 여분 망치,Zapasowy Młot Ianne,Запасний молот Іанни,Ianne's Reservehamer,Ianne'nin Yedek Çekici
L_MAT_VOLATILEPLUME,,Volatile Plume,爆発性の羽飾り,Flüchtige Feder,Plume Volatile,Pluma Volátil,Pluma Volátil,Взрывоопасное Оперение,Piuma Volatile,爆發羽冠,爆裂羽毛,불안정한 깃털,Niestabilne Pióro,Нестійке Пір'я,Vluchtige Pluim,Uçucu Tüy
L_MAT_THUNDERSTRUCKPLUME,,Thunderstruck Plume,雷撃の羽飾り,Donnergetroffene Feder,Plume Foudroyante,Pluma Fulminante,Pluma Fulminante,Громовое Оперение,Piuma Folgorata,雷擊羽冠,雷霆羽毛,번개맞은 깃털,Piorun Pióro,Громовражене Перо,Donderslagveer,Yıldırım Çarpmış Tüy
L_MAT_FROSTPLUME,,Frost Plume,フロストプルーム,Frostfeder,Plume de Givre,Pluma de Escarcha,Pluma de Gelo,Морозное Перо,Piuma di Gelo,霜羽,冰霜羽毛,서리 깃털,Lodowe Pióro,Морозне Перо,Ijsveder,Buz Tüyü
L_MAT_ROYALPLUME,,Royal Plume,ロイヤルプルーム,Königliche Feder,Plume Royale,Pluma Real,Pluma Real,Королевское перо,Piuma Regale,皇家羽飾,皇家羽毛,왕실 깃털,Królewski Pióropusz,Королівське перо,Koninklijke Pluim,Kraliyet Tüyü
L_MAT_CORRUPTEDPLUME,,Corrupted Plume,腐敗した羽根,Verderbte Feder,Plume Corrompue,Pluma Corrupta,Pluma Corrompida,Оскверненное Перо,Piuma Corrotta,腐化羽毛,腐化羽毛,타락한 깃털,Skażone Pióro,Зіпсоване Перо,Verdorven Veer,Bozulmuş Tüy
L_MAT_ANCESTRALPLUME,,Ancestral Plume,祖霊の羽飾り,Ahnenfeder,Plume Ancestrale,Pluma Ancestral,Pluma Ancestral,Родовое Перо,Piuma Ancestrale,祖傳羽飾,先祖羽毛,조상의 깃털,Pióro Przodków,Прадавнє Перо,Voorouderlijke Pluim,Atalara Ait Tüy
L_MAT_ILLUSIONISTLAMP,,Illusionist Lamp,イリュージョニストランプ,Illusionistenlampe,Lampe d'Illusionniste,Lámpara del Ilusionista,Lâmpada do Ilusionista,Лампа Иллюзиониста,Lampada dell'Illusionista,幻術師燈,幻术师之灯,환술사의 등불,Lampa Iluzjonisty,Лампа Ілюзіоніста,Illusionistenlamp,İllüzyonist Lambası
L_MAT_EVOKERLAMP,,Evoker Lamp,エヴォーカーランプ,Beschwörerlampe,Lampe d'Évocateur,Lámpara del Evocador,Lâmpada do Evocador,Лампа Заклинателя,Lampada dell'Evocatore,喚術師燈,塑能师之灯,환기사의 등불,Lampa Przywoływacza,Лампа Викликача,Oproeperlamp,Çağırıcı Lambası
L_MAT_PYROMANCERLAMP,,Pyromancer Lamp,炎術師のランプ,Pyromantiker-Lampe,Lampe du Pyromancien,Lámpara de Piromante,Lâmpada do Piromante,Лампа Пироманта,Lampada del Piromante,火術師燈,火法师之灯,화염술사의 등불,Lampa Piromancera,Лампа Піроманта,Pyromancier Lamp,Ateşbaz Lambası
L_MAT_DREAMWEAVERLAMP,,Dreamweaver Lamp,ドリームウィーバーランプ,Traumweber-Lampe,Lampe du Tisserêve,Lámpara del Tejedor de Sueños,Lâmpada do Tecelão de Sonhos,Лампа Ткача Снов,Lampada del Tessitore di Sogni,織夢燈,织梦者之灯,꿈술사의 등,Lampa Tkacza Snów,Лампа Сновидця,Droomweverslamp,Düşdokuyan Lamba
L_MAT_ARCANOMANCERLAMP,,Arcanomancer Lamp,アルカノマンサーランプ,Arkanomanten-Lampe,Lampe d'Arcanomancien,Lámpara de Arcanomante,Lâmpada do Arcanomante,Лампа Арканоманта,Lampada dell'Arcanomante,奧術師燈,奥术师之灯,비전술사 등불,Lampa Arkanomancera,Лампа Арканоманта,Arcanomancerlamp,Büyücü Lambası
L_MAT_UNCHAINEDLAMP,,Unchained Lamp,アンチェインド・ランプ,Entfesselte Lampe,Lampe Déchaînée,Lámpara Desencadenada,Lâmpada Libertada,Освобожденная Лампа,Lampada Liberata,解鎖之燈,自由之灯,풀려난 등불,Wyzwolona Lampa,Розкутий Ліхтар,Ontketende Lamp,Zincirlerinden Kurtulmuş Lamba
L_MAT_ACOLYTECLAW,,Acolyte Claw,アコライトの爪,Akolytenklaue,Griffe d'Acolyte,Garra de Acólito,Garra do Acólito,Коготь Служителя,Artiglio dell'Accolito,侍僧之爪,侍祭之爪,수행자의 발톱,Pazur Akolitki,Кіготь Служителя,Acolitenklauw,Mürit Pençesi
L_MAT_DEFILERCLAW,,Defiler Claw,穢れの爪,Schänder-Klaue,Griffe du Profanateur,Garra Profanadora,Garra Profanadora,Коготь Осквернителя,Artiglio del Profanatore,褻瀆者之爪,亵渎者之爪,모독자의 발톱,Pazur Plugawiciela,Кіготь Осквернителя,Bezoedelaarsklauw,Kirletici Pençe
L_MAT_RITUALISTCLAW,,Ritualist Claw,儀式術師の爪,Ritualistenklaue,Griffe du Ritualiste,Garra de Ritualista,Garra do Ritualista,Коготь Ритуалиста,Artiglio del Ritualista,祭儀師之爪,祭祀者之爪,의식술사의 발톱,Szpon Rytualisty,Ритуальний Кіготь,Ritualistenklauw,Ayinci Pençesi
L_MAT_BATMASTERCLAW,,Batmaster Claw,バットマスターの爪,Fledermausmeister-Klaue,Griffe du Maître des Chauves-souris,Garra del Maestro Murciélago,Garra do Mestre dos Morcegos,Коготь Повелителя Летучих Мышей,Artiglio del Maestro dei Pipistrelli,蝙蝠大師之爪,控蝠者之爪,박쥐대장 발톱,Pazur Mistrzowskiego Nietoperza,Кіготь Кажановода,Vleermuismeester Klauw,Yarasa Ustası Pençe
L_MAT_BLOODMAGECLAW,,Bloodmage Claw,ブラッドメイジの爪,Blutmagier-Klaue,Griffe du Mage de Sang,Garra del Mago Sangriento,Garra do Mago Sangrento,Коготь Кровомага,Artiglio del Mago del Sangue,血法師之爪,血法师之爪,혈마법사의 발톱,Szpon Krwimaga,Кіготь Кровомага,Bloedmagiërklauw,Kan Büyücüsü Pençesi
L_MAT_LORDCLAW,,Lord Claw,ロード・クロウ,Lord Claw,Seigneur Griffe,Lord Claw,Lorde Garra,Лорд Коготь,Lord Claw,爪王大人,领主之爪,클로 군주,Lord Claw,Лорд Клов,Heer Klauw,Lord Claw
L_MAT_SPELLBLADEPRISM,,Spellblade Prism,スペルブレイド・プリズム,Zauberklingenprisma,Prisme du Mage-lame,Prisma del Hechicero,Prisma da Lâmina Mágica,Призма Заклинателя Клинков,Prisma della Lama Magica,法劍稜鏡,咒刃棱镜,마법검 프리즘,Pryzmat Ostrza Zaklęć,Призма Чародійського Клинка,Toversabel Prisma,Büyükılıç Prizması
L_MAT_KNIGHTPRISM,,Knight Prism,ナイトプリズム,Ritterprismen,Prisme du Chevalier,Prisma de Caballero,Prisma do Cavaleiro,Призма Рыцаря,Prisma del Cavaliere,騎士稜鏡,骑士棱镜,기사의 프리즘,Pryzmat Rycerza,Лицарська Призма,Ridderprisma,Şövalye Prizması
L_MAT_MARAUDERPRISM,,Marauder Prism,マローダー・プリズム,Marodeur-Prisma,Prisme du Maraudeur,Prisma del Merodeador,Prisma do Saqueador,Призма Мародёра,Prisma del Predone,掠奪者棱鏡,劫掠者棱镜,약탈자 프리즘,Pryzmat Grabieżcy,Призма Мародера,Plunderaarsprisma,Yağmacı Prizması
L_MAT_PALADINPRISM,,Paladin Prism,パラディン・プリズム,Paladin-Prisma,Prisme du Paladin,Prisma Paladín,Prisma Paladino,Призма Паладина,Prisma del Paladino,聖騎士稜鏡,圣骑士棱镜,팔라딘 프리즘,Pryzmat Paladyna,Призма Паладина,Paladijnprisma,Paladinin Prizması
L_MAT_EXECUTIONERPRISM,,Executioner Prism,処刑者のプリズム,Henkersprima,Prisme du Bourreau,Prisma del Verdugo,Prisma do Carrasco,Призма Палача,Prisma del Boia,劊子手稜鏡,行刑者棱镜,집행자 프리즘,Pryzmat Kata,Призма Ката,Beulsprisme,İnfazcı Prizma
L_MAT_PRISTINEMARBLE,,Pristine Marble,神秘の大理石,Makelloser Marmor,Marbre Immaculé,Mármol Prístino,Mármore Imaculado,Безупречный мрамор,Marmo Immacolato,純淨大理石,纯净大理石,순수한 대리석,Nieskazitelny Marmur,Бездоганний мармур,Ongerept Marmer,Kusursuz Mermer
L_MAT_CHAMPIONPRISM,,Champion Prism,チャンピオンプリズム,Meisterprisme,Prisme du Champion,Prisma de Campeón,Prisma do Campeão,Призма Чемпиона,Prisma del Campione,冠軍稜鏡,勇士棱镜,챔피언 프리즘,Pryzmat Czempiona,Призма Чемпіона,Kampioenskristal,Şampiyon Prizması
L_MAT_GLUTINOUSOOZE,,Glutinous Ooze,グルテン状スライム,Klebriger Schleim,Vase Glutineuse,Limo Glutinoso,Gosma Glutinosa,Клейкая Слизь,Melma Glutinosa,黏稠軟泥,黏性软泥,끈적한 점액,Glutowaty Szlam,Клейка Слизь,Kleverig Slijm,Yapışkan Balçık
L_MAT_MERCURIALOOZE,,Mercurial Ooze,マーキュリアルスライム,Quecksilberschleim,Vase Mercurielle,Limo Mercurial,Gosma Mercurial,Ртутная Слизь,Melma Mercuriale,水銀軟泥,水银软泥,수은 점액,Rtęciowy Szlam,Ртутний Слиз,Kwikzilverachtig Slijm,Cıvalı Balçık
L_MAT_BILEOOZE,,Bile Ooze,バイル・ウーズ,Gallenschleim,Suintement Bilieux,Limo Biliar,Gosma Biliar,Желчная Слизь,Melma Biliare,膽汁軟泥,胆汁软泥,담즙 점액,Żółciowy Szlam,Жовчний Слиз,Galzweer,Safra Balçığı
L_MAT_PARANORMALOOZE,,Paranormal Ooze,超常現象スライム,Paranormaler Schleim,Limon Paranormal,Limo Paranormal,Gosma Paranormal,Паранормальная Слизь,Melma Paranormale,超自然軟泥,超自然软泥,초자연적 점액,Paranormalna Maź,Паранормальний Слиз,Paranormaal Slijm,Doğaüstü Balçık
L_MAT_ECTOPLASMICOOZE,,Ectoplasmic Ooze,エクトプラズミックウーズ,Ektoplasmatischer Schleim,Limon Ectoplasmique,Limo Ectoplásmico,Gosma Ectoplasmática,Эктоплазменная Слизь,Melma Ectoplasmatica,靈質軟泥,灵质软泥,유령질 점액,Ektoplazmatyczna Maź,Ектоплазмовий слиз,Ectoplasmatisch Slijm,Ektoplazmik Balçık
L_MAT_BLOODOOZE,,Blood Ooze,ブラッド・ウーズ,Blutschleim,Vase de Sang,Pústula de Sangre,Gosma de Sangue,Кровавая Слизь,Melma di Sangue,血漿怪,血液软泥,혈액 점액,Krwawa Maź,Кривава Слизь,Bloedslĳm,Kan Balçığı
L_MAT_DERANGEDSNAKE,,Deranged Snake,狂乱の蛇,Wahnsinnige Schlange,Serpent Dérangé,Serpiente Enloquecida,Serpente Enlouquecida,Безумная Змея,Serpente Folle,瘋狂蛇,疯狂之蛇,광란의 뱀,Oszalały Wąż,Божевільна Змія,Waanzinnige Slang,Çılgın Yılan
L_MAT_UNHINGEDSNAKE,,Unhinged Snake,アンヒンジド・スネーク,Entfesselter Schlange,Serpent Dérangé,Serpiente Desquiciada,Serpente Desvairada,Безумная Змея,Serpente Squilibrato,瘋狂之蛇,发颠之蛇,광기의 뱀,Szalony Wąż,Божевільна Змія,Ontspoorde Slang,Çılgın Yılan
L_MAT_SORCERESSSNAKE,,Sorceress Snake,魔女蛇,Zauberschlange,Serpent Sorcière,Serpiente Hechicera,Serpente Feiticeira,Змея-Колдунья,Serpente Incantatrice,巫蛇,术士之蛇,마법사 뱀,Wężowa Czarodziejka,Чаклунка-Змія,Tovenares Slang,Büyücü Yılan
L_MAT_GAZERSNAKE,,Gazer Snake,ゲイザースネーク,Blickschlange,Serpent Scrutateur,Serpiente Observadora,Serpente Observadora,Змей-созерцатель,Serpente Scrutatore,凝視蛇,凝视者之蛇,응시뱀,Wężooki,Змій-Споглядач,Gazer Slang,Bakışyılanı
L_MAT_WITCHSNAKE,,Witch Snake,ウィッチスネーク,Hexenschlange,Serpent Sorcier,Serpiente Bruja,Serpente Bruxa,Змея-ведьма,Serpente Strega,巫蛇,巫婆之蛇,마녀 뱀,Wężowa Wiedźma,Відьма-Змія,Heksenslang,Cadı Yılanı
L_MAT_MEDUSASNAKE,,Medusa Snake,メデューサスネーク,Medusa-Schlange,Serpent Méduse,Serpiente Medusa,Serpente Medusa,Змея Медуза,Serpente Medusa,美杜莎蛇,美杜莎之蛇,메두사 스네이크,Wężyca Meduza,Медуза-змія,Medusa Slang,Medusa Yılanı
L_MAT_FROSTBITESNOWBALL,,Frostbite Snowball,フロストバイト・スノーボール,Frostbiss-Schneeball,Boule de Neige Glaciale,Bola de Nieve Helada,Bola de Neve Congelante,Морозный Снежок,Palla di Neve Gelida,霜凍雪球,霜噬雪球,서리물린 눈덩이,Lodowata Śnieżka,Морозна Сніжка,Ijskoude Sneeuwbal,Ayaz Kartopu
L_MAT_ICEMANESNOWBALL,,Icemane Snowball,アイスメーン・スノーボール,Eisemähne-Schneeball,Boule de Neige Crinière-de-Glace,Bola de Nieve Crinhelada,Bola de Neve Crina de Gelo,Снежок Ледогривы,Palla di Neve Crinegelo,冰鬃雪球,冰鬃雪球,얼음갈기 눈덩이,Śnieżka Lodogrzywego,Сніжка Крижаної Гриви,IJsmanenschneeuwbal,Buzkafası Kartopu
L_MAT_CHILLBREEZESNOWBALL,,Chillbreeze Snowball,チルブリーズ・スノーボール,Frosthauch-Schneeball,Boule de Neige Brise-Froid,Bola de Nieve Brisa Helada,Bola de Neve Brisa Gelada,Морозный Снежок,Palla di Neve Brezzagelida,寒風雪球,冷风雪球,냉풍 눈덩이,Śnieżka Chłodnego Wiatru,Сніжка Холодного Вітру,Koudebries Sneeuwbal,Soğuk Esinti Kartopu
L_MAT_COLDSLAMSNOWBALL,,Coldslam Snowball,コールドスラム・スノーボール,Kälteschlag-Schneeball,Boule de Neige Glaciale,Bola de Nieve Golpe Frío,Bola de Neve Congelante,Ледяной Снежок,Palla di Neve Gelida,寒擊雪球,寒击雪球,냉동강타 눈덩이,Lodowa Kula Śnieżna,Крижана Сніжка,Koudeknal Sneeuwbal,Soğukçarpan Kartopu
L_MAT_SNOWSTINGSNOWBALL,,Snowsting Snowball,スノースティング・スノーボール,Schneestich-Schneeball,Boule de Neige Morsure-Glacée,Bola de Nieve Picahielo,Bola de Neve Ferroada,Снежный Шип,Palla di Neve Gelida,雪刺雪球,雪刺雪球,눈쏘기 눈덩이,Śnieżna Kula Lodowego Ukłucia,"Сніжна Куля ""Сніжне Жало""",Sneeuwsteek Sneeuwbal,Kartopu Soğukısırığı
L_MAT_RIMEFISTSNOWBALL,,Rimefist Snowball,リムフィストの雪玉,Eisfaust-Schneeball,Boule de Neige Poigne-Givre,Bola de Nieve Puñoescarcha,Bola de Neve Punho Gélido,Снежок Ледяного Кулака,Palla di Neve Pugnogelo,霜拳雪球,雾拳雪球,서리주먹 눈덩이,Śnieżna Kula Lodowej Pięści,Сніжка Крижаного Кулака,Rijmvuist Sneeuwbal,Buzpençe Kartopu
L_MAT_WITCHSTAKE,,Witch Stake,魔女の杭,Hexenpfahl,Pieu de Sorcière,Estaca de Bruja,Estaca de Bruxa,Кол Ведьмы,Palo della Strega,女巫刑柱,女巫刑柱,마녀 말뚝,Pal Czarownicy,Відьомський Кіл,Heksenpaal,Cadı Kazığı
L_MAT_LURIDSTAKE,,Lurid Stake,妖艶な杭,Greller Pfahl,Pieu Sinistre,Estaca Lúgubre,Estaca Lúgubre,Зловещий Кол,Palo Macabro,妖豔木樁,病态刑柱,섬뜩한 말뚝,Jaskrawy Kołek,Моторошний Кіл,Griezige Staak,Korkunç Kazık
L_MAT_FAVOREDSTAKE,,Favored Stake,お気に入りの杭,Bevorzugter Pflock,Pieu Favori,Estaca Favorita,Estaca Favorita,Избранный Кол,Palo Prediletto,偏愛之樁,受宠刑柱,선호하는 말뚝,Ulubiony Kołek,Улюблений Кіл,Favoriete Staak,Gözde Kazık
L_MAT_SANGUINESTAKE,,Sanguine Stake,血染めの杭,Blutroter Pfahl,Pieu Sanguin,Estaca Sanguínea,Estaca Sanguínea,Кровавый Кол,Palo Sanguigno,血腥木樁,嗜血刑柱,핏빛 말뚝,Krwawy Kołek,Кривавий Кіл,Bloeddorstige Staak,Kanlı Kazık
L_MAT_MACABRESTAKE,,Macabre Stake,マカブル・ステーク,Makabrer Pfahl,Pieu Macabre,Estaca Macabra,Estaca Macabra,Жуткий Кол,Palo Macabro,詭譎木樁,阴森刑柱,섬뜩한 말뚝,Makabryczny Kołek,Моторошний Кіл,Macabere Staak,Korkunç Kazık
L_MAT_SADOMASOCHISTSTAKE,,Sadomasochist Stake,サドマゾの杭,Sadomasochistischer Pfahl,Pieu Sadomasochiste,Estaca Sadomasoquista,Estaca Sadomasoquista,Кол Садомазохиста,Palo del Sadomasochista,受虐嗜虐者木樁,施虐受虐狂刑柱,가학피학 스테이크,Pal Sadomasochisty,Кіл Садомазохіста,Sadomasochistische Staak,Mazoşist Kazık
L_MAT_COASTTEARS,,Coast Tears,海岸の涙,Küstentränen,Larmes de la Côte,Lágrimas de la Costa,Lágrimas da Costa,Слезы Побережья,Lacrime della Costa,海岸之淚,海岸之泪,해안의 눈물,Łzy Wybrzeża,Сльози Узбережжя,Kustzeetranen,Sahil Gözyaşları
L_MAT_GLADETEARS,,Glade Tears,グレイドの涙,Haintränen,Larmes de la Clairière,Lágrimas del Claro,Lágrimas da Clareira,Слезы Поляны,Lacrime del Bosco,林間之淚,林地之泪,숲의 눈물,Łzy Polany,Сльози Галявини,Wouwtranenvloed,Orman Gözyaşları
L_MAT_SKYTEARS,,Sky Tears,天涙,Himmelstränen,Larmes du Ciel,Lágrimas del Cielo,Lágrimas do Céu,Слёзы Неба,Lacrime del Cielo,天空之淚,天空之泪,하늘의 눈물,Łzy Nieba,Небесні Сльози,Hemeltranen,Gökyüzü Gözyaşları
L_MAT_ROOSTTEARS,,Roost Tears,巣の涙,Nesttränen,Larmes de Perchoir,Lágrimas de Nido,Lágrimas do Poleiro,Слезы Гнезда,Lacrime del Nido,棲息之淚,栖息地之泪,둥지의 눈물,Łzy Gniazda,Сльози Гнізда,Nesttranen,Yuva Gözyaşları
L_MAT_HELLTEARS,,Hell Tears,地獄の涙,Höllentränen,Larmes Infernales,Lágrimas del Infierno,Lágrimas do Inferno,Адские Слёзы,Lacrime Infernali,地獄之淚,地狱之泪,지옥의 눈물,Łzy Piekła,Пекельні Сльози,Helletranen,Cehennem Gözyaşları
L_MAT_RIFTTEARS,,Rift Tears,リフトの涙,Risstränen,Larmes de Faille,Lágrimas de Fisura,Lágrimas da Fenda,Разрывы Разлома,Lacrime del Varco,裂隙之淚,裂隙之泪,균열의 눈물,Łzy Szczeliny,Розриви Розлому,Riftscheuren,Boyut Yırtıkları
L_MAT_RUNICPARCHMENT,,Runic Parchment,ルーン文字の羊皮紙,Runenpergament,Parchemin runique,Pergamino Rúnico,Pergaminho Rúnico,Рунический пергамент,Pergamena Runica,符文羊皮紙,符文羊皮纸,룬 양피지,Pergamin Runiczny,Рунічний пергамент,Runisch Perkament,Runik Parşömen
L_MAT_PYROPARCHMENT,,Pyro Parchment,炎の羊皮紙,Pyro-Pergament,Parchemin Pyro,Pergamino de Fuego,Pergaminho de Fogo,Огненный пергамент,Pergamena Piro,火焰羊皮紙,烈焰羊皮纸,화염 양피지,Ognisty Pergamin,Вогняний Пергамент,Vuurperkament,Ateş Parşömeni
L_MAT_NECROPARCHMENT,,Necro Parchment,ネクロの羊皮紙,Nekromanten-Pergament,Parchemin Nécro,Pergamino Necro,Pergaminho Necro,Некро Пергамент,Pergamena Necro,死靈羊皮紙,死灵羊皮纸,사령 양피지,Nekromancki Pergamin,Некромантський пергамент,Necro Perkament,Nekro Parşömen
L_MAT_FORBIDDENPARCHMENT,,Forbidden Parchment,禁断の羊皮紙,Verbotenes Pergament,Parchemin Interdit,Pergamino Prohibido,Pergaminho Proibido,Запретный Пергамент,Pergamena Proibita,禁忌羊皮紙,禁忌羊皮纸,금지된 양피지,Zakazany Pergamin,Заборонений Пергамент,Verboden Perkament,Yasaklı Parşömen
L_MAT_FADEDPARCHMENT,,Faded Parchment,色あせた羊皮紙,Verblasstes Pergament,Parchemin Décoloré,Pergamino Descolorido,Pergaminho Desbotado,Выцветший пергамент,Pergamena Sbiadita,褪色的羊皮紙,褪色羊皮纸,바랜 양피지,Wyblakły Pergamin,Вицвілий пергамент,Vervaagd Perkament,Solmuş Parşömen
L_MAT_ANCIENTPARCHMENT,,Ancient Parchment,古代の羊皮紙,Alte Pergamentrolle,Parchemin Ancien,Pergamino Antiguo,Pergaminho Antigo,Древний пергамент,Pergamena Antica,古老羊皮紙,远古羊皮纸,고대 양피지,Starożytny Pergamin,Стародавній пергамент,Oud Perkament,Kadim Parşömen
L_MAT_MANAWIND,,Mana Wind,マナの風,Manawind,Vent de Mana,Viento de Maná,Vento de Mana,Ветер Маны,Vento di Mana,魔力之風,法力之风,마나 바람,Wiatr Many,Вітер Мани,Mana Wind,Mana Rüzgarı
L_MAT_PSYCHICWIND,,Psychic Wind,サイキックウインド,Psychischer Wind,Vent Psychique,Viento Psíquico,Vento Psíquico,Психический Ветер,Vento Psichico,靈能之風,心灵之风,사이킥 윈드,Psychiczny Wiatr,Психічний Вітер,Psychische Wind,Psişik Rüzgar
L_MAT_CEREBRALWIND,,Cerebral Wind,脳風,Geisteswind,Vent Cérébral,Viento Cerebral,Vento Cerebral,Ментальный Ветер,Vento Cerebrale,腦風,理智之风,정신의 바람,Wiatr Umysłu,Ментальний Вітер,Cerebrale Wind,Zihinsel Rüzgar
L_MAT_SULFURICWIND,,Sulfuric Wind,硫黄の風,Schwefelwind,Vent Sulfurique,Viento Sulfúrico,Vento Sulfúrico,Серный Ветер,Vento Sulfureo,硫酸之風,硫酸之风,유황 바람,Siarkowy Wiatr,Сірчаний Вітер,Zwavelachtige Wind,Sülfürik Rüzgar
L_MAT_CONSUMINGWIND,,Consuming Wind,風を喰らう,Verzehrender Wind,Vent Dévorant,Viento Consumidor,Vento Consumidor,Поглощающий Ветер,Vento Divorante,噬風,吞噬之风,소비하는 바람,Pożerający Wiatr,Поглинаючий Вітер,Verslindende Wind,Tüketen Rüzgar
L_MAT_UNTAMEDWIND,,Untamed Wind,荒ぶる風,Ungezähmter Wind,Vent Sauvage,Viento Indómito,Vento Indomável,Неукротимый Ветер,Vento Selvaggio,狂野之風,狂野之风,야생의 바람,Dziki Wiatr,Неприборканий Вітер,Ongetemde Wind,Dizginlenemeyen Rüzgar
L_MAT_ELEMENTALPINION,,Elemental Pinion,エレメンタルピニオン,Elementarfeder,Pinion Élémentaire,Pinión Elemental,Pináculo Elemental,Стихийное Оперение,Penna Elementale,元素之翼,元素翎羽,원소의 날개깃,Żywiołowe Skrzydło,Стихійне Оперення,Elementair Vleugel,Elementsel Kanat
L_MAT_MYSTICALPINION,,Mystical Pinion,神秘の翼,Mystische Schwinge,Penne Mystique,Pinión Místico,Pena Mística,Мистическое Оперение,Penna Mistica,神秘羽翼,神秘翎羽,신비한 깃털,Mistyczne Pióro,Містичне Перо,Mystieke Slagpen,Mistik Kanat Tüyü
L_MAT_PALACEPINION,,Palace Pinion,宮殿の歯車,Palastritzel,Pignon du Palais,Piñón del Palacio,Pinhão do Palácio,Дворцовое Перо,Perno del Palazzo,宮殿齒輪,宫廷翎羽,궁전 피니언,Pałacowe Koło Zębate,Палацова Шестерня,Paleisrondsel,Saray Dişlisi
L_MAT_FLOODPINION,,Flood Pinion,洪水の翼,Flutpinion,Aileron d'Inondation,Pinza de Inundación,Pináculo do Dilúvio,Штырь Потопа,Perno dell'Inondazione,洪水之翼,洪水翎羽,홍수의 날개,Szpica Powodzi,Повінний Шип,Vloedvleugel,Sel Kanadı
L_MAT_ARCANEPINION,,Arcane Pinion,アルケインピニオン,Arkane Schwinge,Aileron Arcanique,Pinión Arcano,Pináculo Arcano,Магическое Перо,Penna Arcana,奧術羽翼,奥术翎羽,비전 피니언,Mistyczne Skrzydło,Магічне Крило,Arcane Vleugel,Büyülü Kanat
L_MAT_JUDGEPINION,,Judge Pinion,ジャッジ・ピニオン,Richter Pinion,Juge Pinion,Juez Pinión,Juiz Pinhão,Судья Пинион,Giudice Pignone,審判之羽,审判翎羽,판사 피니언,Sędzia Pinion,Суддя Шестерня,Rechter Pinion,Yargıç Pinion
L_MAT_SANDBOULDER,,Sand Boulder,砂の大岩,Sandfelsen,Rocher de sable,Roca de Arena,Pedregulho de Areia,Песчаный Валун,Masso di Sabbia,沙岩巨石,沙巨石,모래 바위,Piaskowy Głaz,Піщаний Валун,Zandrots,Kum Kaya
L_MAT_STONEBOULDER,,Stone Boulder,石の大岩,Steinbrocken,Rocher de Pierre,Roca Gigante,Pedregulho,Каменная Глыба,Masso di Pietra,石塊巨石,石巨石,돌 바위,Kamienny Głaz,Кам'яний валун,Stenen Rotsblok,Taş Kaya
L_MAT_WALLBOULDER,,Wall Boulder,壁の大岩,Wandfelsen,Rocher Mural,Roca de Muro,Pedregulho de Parede,Валун-стена,Masso da Muro,牆壁巨石,墙巨石,벽 바위,Głaz Ścienny,Валун стіни,Muurkei,Duvar Kaya
L_MAT_TOWERBOULDER,,Tower Boulder,タワーボルダー,Turmfelsen,Tour de Rocher,Torre Pedregosa,Torre Rochosa,Башенный Валун,Torre Masso,塔石巨礫,塔巨石,타워 볼더,Wieżowy Głaz,Вежова Брила,Torenboulder,Kule Kaya
L_MAT_COSMICBOULDER,,Cosmic Boulder,コズミックボルダー,Kosmischer Felsbrocken,Rocher Cosmique,Roca Cósmica,Pedregulho Cósmico,Космический Валун,Masso Cosmico,宇宙巨石,宇宙巨石,우주 바위,Kosmiczny Głaz,Космічний Валун,Kosmische Kei,Kozmik Kaya
L_MAT_COLOSSALBOULDER,,Colossal Boulder,巨大岩石,Kolossaler Felsbrocken,Rocher Colossal,Roca Colosal,Pedregulho Colossal,Исполинский Валун,Masso Colossale,巨型巨石,庞大巨石,거대한 바위,Kolosalny Głaz,Колосальний Валун,Kolossale Rotsblok,Devasa Kaya
L_MAT_MANGLERBOULDER,,Mangler Boulder,マングラー・ボルダー,Zermalmer-Felsen,Rocher Mutilateur,Roca Destrozadora,Pedregulho Mutilador,Валун Кромсателя,Masso Dilaniatore,撕裂巨石,撕裂者巨石,맹글러 볼더,Głaz Miażdżyciel,Камінь-Розривач,Vergruizer Rotsblok,Parçalayıcı Kaya
L_MAT_AUTUMNFIGMENT,,Autumn Figment,秋の幻影,Herbst-Trugbild,Chimère d'Automne,Espectro Otoñal,Fragmento de Outono,Осенний Призрак,Illusione Autunnale,秋之幻影,秋季幻象,가을의 환영,Jesienny Wymysł,Осінній Привид,Herfstschim,Sonbahar Hayal
L_MAT_SUMMERFIGMENT,,Summer Figment,夏の幻影,Sommer-Trugbild,Chimère d'Été,Fragmento de Verano,Fragmento de Verão,Летний Вымысел,Frammento Estivo,夏日幻象,夏季幻象,여름의 환영,Letni Wytwór,Літній Образ,Zomerfantasie,Yaz Hayali
L_MAT_SPRINGTIMEFIGMENT,,Springtime Figment,春の幻影,Frühlingstraumbild,Chimère Printanière,Espectro Primaveral,Fragmento Primaveril,Весенний Фантом,Frammento Primaverile,春日幻象,春日幻象,봄의 환영,Wiosenny Wymysł,Весняний Образ,Lentedenkbeeld,Bahar Hayali
L_MAT_WINTERFIGMENT,,Winter Figment,ウィンターフィグメント,Wintertrugbild,Chimère d'Hiver,Espectro Invernal,Fragmento de Inverno,Зимний Фантом,Illusione Invernale,冬之幻影,冬季幻象,겨울 환영,Zimowy Wytwór,Зимовий Привид,Winterverschijning,Kış Hayali
L_MAT_SEASONSFIGMENT,,Seasons Figment,シーズンズ・フィグメント,Jahreszeiten-Trugbild,Figment des Saisons,Fragmento de Estaciones,Fragmento das Estações,Фрагмент Сезонов,Frammento di Stagioni,季節幻象,季节幻象,계절의 환영,Figment Pór Roku,Фігмент Пір Року,Seizoenen Figment,Mevsimler Figment
L_MAT_SERVANTGLAIVE,,Servant Glaive,従者の薙刀,Dienergleve,Glaive du Serviteur,Guja del Sirviente,Glaive do Servo,Глефа Слуги,Falce del Servitore,侍從戰戟,随侍宽刀,하인 글레이브,Glewia Sługi,Клинок Слуги,Dienaar Glaive,Hizmetkâr Glaive
L_MAT_LIGHTGLAIVE,,Light Glaive,ライトグレイヴ,Lichtgleve,Glaive de Lumière,Guja de Luz,Glaive de Luz,Светлая глефа,Falcione Luminoso,光之長戟,光明宽刀,라이트 글레이브,Lekki Glewia,Світлова глефа,Lichtglaive,Işık Glaivi
L_MAT_MOONGLAIVE,,Moon Glaive,月の薙刀,Mondgleve,Glaive Lunaire,Luna Guja,Glaive Lunar,Лунный глефа,Falce Lunare,月刃,月之宽刀,월광검,Księżycowa Glewia,Місячна глефа,Maanzeis,Ay Kılıcı
L_MAT_FAITHGLAIVE,,Faith Glaive,フェイス・グレイヴ,Glaubenssense,Foi Glaive,Guja de Fe,Gládio da Fé,Клинок Веры,Falce della Fede,信仰戰戟,信仰宽刀,신념 글레이브,Ostrze Wiary,Клинок Віри,Geloofsglaive,İnanç Glaive
L_MAT_HERETICGLAIVE,,Heretic Glaive,異端の薙刀,Ketzer-Gleve,Glaive Hérétique,Guja Herética,Glaive Herege,Еретический глефа,Falce dell'Eretico,異教徒戰鐮,异端宽刀,이단자의 창,Heretycka Glewia,Єретичний Глефа,Ketterse Glaive,Sapkın Glaiv
L_MAT_DIRECTORGLAIVE,,Director Glaive,ディレクター・グレイブ,Direktor Glaive,Directeur Glaive,Director Glaive,Diretor Glaive,Директор Глейв,Direttore Glaive,格萊夫主任,首领宽刀,디렉터 글레이브,Dyrektor Glaive,Директор Глейв,Directeur Glaive,Direktör Glaive
L_MAT_REDCLOUD,,Red Cloud,赤雲,Rote Wolke,Nuage Rouge,Nube Roja,Nuvem Vermelha,Красное Облако,Nube Rossa,赤雲,红云,붉은 구름,Czerwona Chmura,Червона Хмара,Rode Wolk,Kızıl Bulut
L_MAT_RAVINGCLOUD,,Raving Cloud,狂乱の雲,Tobender Nebel,Nuage Délirant,Nube Frenética,Nuvem Furiosa,Неистовое Облако,Nube Delirante,狂暴之雲,狂怒之云,광란의 구름,Szalejąca Chmura,Шалена Хмара,Razende Wolk,Çılgın Bulut
L_MAT_THUNDERCLOUD,,Thunder Cloud,サンダークラウド,Gewitterwolke,Nuage de Foudre,Nube de Trueno,Nuvem Trovejante,Грозовое Облако,Nube Tonante,雷雲,轰雷之云,천둥 구름,Chmura Piorunów,Грозова Хмара,Donderwolk,Gök Gürültüsü Bulutu
L_MAT_CYCLONECLOUD,,Cyclone Cloud,サイクロンクラウド,Zyklonwolke,Nuage Cyclonique,Nube Ciclónica,Nuvem Ciclônica,Облако Циклона,Nube Ciclonica,旋風雲,龙卷风之云,싸이클론 클라우드,Chmura Cyklonu,Хмара Циклону,Cycloonwolk,Siklon Bulutu
L_MAT_HURRICANECLOUD,,Hurricane Cloud,ハリケーンクラウド,Orkanwolke,Nuage d'Ouragan,Nube Huracán,Nuvem de Furacão,Ураганное Облако,Nube Uragano,颶風雲,飓风之云,허리케인 클라우드,Chmura Huraganu,Хмара Урагану,Orkaanwolk,Kasırga Bulutu
L_MAT_LORDCLOUD,,Lord Cloud,ロード・クラウド,Fürst Cloud,Seigneur Cloud,Lord Cloud,Lorde Cloud,Лорд Клауд,Lord Cloud,克勞德大人,领主之云,클라우드 경,Lord Cloud,Лорд Клауд,Heer Cloud,Lord Cloud
L_MAT_SANDSTONEORE,,Sandstone Ore,砂岩鉱石,Sandsteinenerz,Minerai de grès,Mineral de Arenisca,Minério de Arenito,Песчаниковая руда,Minerale di Arenaria,砂岩礦石,砂岩矿石,사암 광석,Ruda Piaskowca,Пісковикова руда,Zandsteenerts,Kumtaşı Cevheri
L_MAT_REDSTONEORE,,Redstone Ore,レッドストーン鉱石,Redstone-Erz,Minerai de redstone,Mineral de Redstone,Minério de Redstone,Руда красного камня,Minerale di Pietrarossa,紅石礦,红石矿石,레드스톤 광석,Ruda Czerwonego Kamienia,Руда червоного каменю,Roodsteen Erts,Kızıltaş Cevheri
L_MAT_BOULDERORE,,Boulder Ore,巨岩鉱石,Felsbrocken-Erz,Minerai de Rocher,Mineral de Roca,Minério de Pedregulho,Рудный Валун,Minerale di Masso,巨石礦,巨石矿石,바위 광석,Ruda Głazowa,Валунна Руда,Rotserts,Kaya Cevheri
L_MAT_IRONORE,,Iron Ore,鉄鉱石,Eisenerz,Minerai de fer,Mineral de hierro,Minério de Ferro,Железная руда,Minerale di Ferro,鐵礦石,铁矿石,철광석,Ruda Żelaza,Залізна руда,IJzererts,Demir Cevheri
L_MAT_SILVERORE,,Silver Ore,銀鉱石,Silbererz,Minerai d'argent,Mineral de Plata,Minério de Prata,Серебряная руда,Minerale d'Argento,銀礦石,银矿石,은광석,Ruda Srebra,Срібна руда,Zilvererts,Gümüş Cevheri
L_MAT_MITHRILORE,,Mithril Ore,ミスリル鉱石,Mithril-Erz,Minerai de mithril,Mineral de Mitrilo,Minério de Mithril,Мифриловая руда,Minerale di Mithril,秘銀礦石,秘银矿石,미스릴 광석,Ruda Mithrilu,Мітрилова руда,Mithrilerts,Mithril Cevheri
L_MAT_VARVECHARM,,Varve Charm,ヴァーヴの護符,Varve-Amulett,Charme de Varve,Amuleto de Varve,Amuleto de Varve,Амулет Варва,Amuleto di Varve,年紋護符,纹泥咒符,바브 부적,Amulet Warwy,Чари Варву,Varve Amulet,Varve Tılsımı
L_MAT_LEDACHARM,,Leda Charm,レダの魅力,Leda-Amulett,Charme de Léda,Encanto de Leda,Amuleto de Leda,Амулет Леды,Fascino di Leda,列達護符,莱达咒符,레다 참,Urok Ledy,Чари Леди,Leda Charme,Leda Tılsımı
L_MAT_TAINTEDCHARM,,Tainted Charm,穢れの魔除け,Befleckter Talisman,Charme Corrompu,Amuleto Corrompido,Amuleto Corrompido,Оскверненный Амулет,Amuleto Contaminato,污染的護符,污染咒符,오염된 부적,Skażony Amulet,Зіпсований Амулет,Besmet Amulet,Kirli Muska
L_MAT_PUTRIDCHARM,,Putrid Charm,腐敗の魅力,Fauliger Talisman,Charme Putride,Amuleto Pútrido,Amuleto Pútrido,Гнилой Амулет,Amuleto Putrido,腐臭護符,腐臭咒符,부패한 부적,Zgniły Amulet,Гнилий Амулет,Bedorven Amulet,Çürük Muska
L_MAT_RANCIDCHARM,,Rancid Charm,腐敗の魔除け,Verdorbener Talisman,Charme Rance,Amuleto Rancio,Amuleto Rançoso,Прогнивший Амулет,Amuleto Rancido,腐臭護符,变质咒符,썩은 부적,Zgniły Amulet,Зіпсований Амулет,Bedorven Amulet,Çürük Muska
L_MAT_DIAMONDCHARM,,Diamond Charm,ダイヤモンドのお守り,Diamant-Amulett,Charme de Diamant,Amuleto de Diamante,Amuleto de Diamante,Алмазный Амулет,Amuleto di Diamante,鑽石護符,钻石咒符,다이아몬드 부적,Diamentowy Amulet,Діамантовий Амулет,Diamanten Amulet,Elmas Muska
L_MAT_MAULERMAUL,,Mauler Maul,モーラー・モール,Prügler-Keule,Masse du Massacreur,Maza del Apaleador,Maça do Espancador,Дробитель Дробила,Maglio del Massacratore,重擊者重擊,猛击者之槌,몰러 마울,Młot Miażdżyciela,Молот Трощія,Knuppelaar Knuppel,Ezici Topuz
L_MAT_TRICKSTERMAUL,,Trickster Maul,トリックスターモール,Schelmischer Hammer,Masse du Filou,Mazo del Embaucador,Maça do Trapaceiro,Булава Обманщика,Maglio dell'Imbroglione,詭術重錘,诡术师之槌,트릭스터 몰,Maczuga Oszusta,Булава Трикстера,Schelmenknots,Hilebaz Balyoz
L_MAT_CAPTAINMAUL,,Captain Maul,キャプテン・モール,Kapitän Maul,Capitaine Maul,Capitán Maul,Capitão Maul,Капитан Маул,Capitano Maul,莫爾船長,队长之槌,선장 마울,Kapitan Maul,Капітан Маул,Kapitein Maul,Kaptan Maul
L_MAT_ENFORCERMAUL,,Enforcer Maul,エンフォーサー・モール,Vollstrecker-Streitkolben,Masse du Garde,Mazo del Ejecutor,Maça do Impositor,Дробящий Молот Карателя,Maglio dell'Esecutore,執法者重錘,执行者之槌,집행자 몰,Maczuga Egzekutora,Молот Карателя,Knuppel van de Handhaver,Zorlayıcı Topuz
L_MAT_BRUTEMAUL,,Brute Maul,ブルートモール,Brutaler Schläger,Maillet Brutal,Mazo Brutal,Maça Brutal,Дубина Громилы,Maglio Brutale,蠻力重錘,暴徒之槌,난폭한 망치,Brutalne Maczugi,Брутальний Молот,Brute Moker,Vahşi Tokmak
L_MAT_BLADEMASTERMAUL,,Blademaster Maul,ブレードマスター・モール,Klingenmeister Maul,Maître-Lame Maul,Maestro de Espadas Maul,Mestre da Lâmina Maul,Мастер Клинка Молот,Maglio del Maestro di Spade,刀劍大師莫爾,剑术大师之槌,검술대가 마울,Mistrz Ostrzy Maul,Клинкомайстер Молот,Zwaardmeester Moker,Kılıç Ustası Maul
L_MAT_SHOGUNMAUL,,Shogun Maul,将軍モール,Shogun Maul,Shogun Maul,Shogun Maul,Shogun Maul,Сёгун Маул,Shogun Maul,魔將軍,将军之槌,쇼군 몰,Szogun Maul,Сьоґун Маул,Shogun Maul,Şogun Maul
L_MAT_NATURALISTDEW,,Naturalist Dew,ナチュラリストの露,Naturforscher-Tau,Rosée du Naturaliste,Rocío del Naturalista,Orvalho do Naturalista,Роса Натуралиста,Rugiada del Naturalista,自然學家露水,博物学者露水,자연학자의 이슬,Naturalistyczna Rosa,Роса Натураліста,Natuurkundige Dauw,Doğa Bilimcisi Çiyi
L_MAT_RAINCALLERDEW,,Raincaller Dew,雨呼びの露,Regensänger-Tau,Rosée d'Invocateur de Pluie,Rocío del Invocalluvia,Orvalho do Invocachuva,Роса Призывателя Дождя,Rugiada del Richiamatore di Pioggia,喚雨露,唤雨者露水,비소환자의 이슬,Rosa Przywoływacza Deszczu,Роса Призивача Дощу,Regenroeper Dauw,Yağmurçağıran Çiy
L_MAT_PROLIFERATORDEW,,Proliferator Dew,増殖露,Proliferator-Tau,Rosée Prolifératrice,Rocío Proliferador,Orvalho Proliferador,Роса Пролифератора,Rugiada del Proliferatore,增殖露珠,增殖者露水,증식제 이슬,Kropla Proliferatora,Роса Проліфератора,Proliferatorendauw,Çoğaltıcı Çiy
L_MAT_WARDENDEW,,Warden Dew,ウォーデン・デュー,Wächter Tau,Rosée du Gardien,Rocío del Guardián,Orvalho do Guardião,Страж Росы,Rugiada del Guardiano,守望者露,守护者露水,감시자 이슬,Strażnik Rosy,Страж Роси,Bewaker Dauw,Muhafız Çiy
L_MAT_KEEPERDEW,,Keeper Dew,キーパーの露,Hüter-Tau,Rosée du Gardien,Rocío del Guardián,Orvalho do Guardião,Роса Хранителя,Rugiada del Custode,守護者露,监护者露水,키퍼 듀,Strażnik Rosy,Роса Хранителя,Bewaarder Dauw,Muhafız Çiyi
L_MAT_VINDICATORDEW,,Vindicator Dew,ヴィンディケーター・デュー,Rechtfertiger-Tau,Rosée du Justicier,Rocío del Vindicador,Orvalho do Vindicador,Роса Мстителя,Rugiada del Vendicatore,復仇者露珠,维护者露水,응징자의 이슬,Łza Mściciela,Роса Месника,Wreker Dauw,İntikamcı Çiy
L_MAT_EBONYBRANCH,,Ebony Branch,漆黒の枝,Ebenholzzweig,Branche d'Ébène,Rama de Ébano,Galho de Ébano,Эбеновая Ветвь,Ramo d'Ebano,烏木枝,乌木树枝,흑단 가지,Hebanowa Gałąź,Ебонітова Гілка,Ebbenhouttak,Abanoz Dal
L_MAT_ASHWOODBRANCH,,Ashwood Branch,アッシュウッドの枝,Eschenholzzweig,Branche de Frêne,Rama de Fresno,Galho de Freixo,Ясеневая ветвь,Ramo di Frassino,灰木枝,白蜡树枝,잿빛나무 가지,Gałąź Jesionu,Ясенева Гілка,Essenhouten Tak,Külkavak Dalı
L_MAT_HEMLOCKBRANCH,,Hemlock Branch,ヘムロックの枝,Schierlingszweig,Branche de Ciguë,Rama de Cicuta,Ramo de Cicuta,Ветвь болиголова,Ramo di Cicuta,鐵杉樹枝,铁杉树枝,독미나리 가지,Gałąź Cykuty,Гілка болиголова,Doorntak,Baldıran Dalı
L_MAT_TIMEWORNBRANCH,,Timeworn Branch,古びた枝,Verwitterter Ast,Branche Usée,Rama Desgastada,Galho Desgastado,Древняя Ветвь,Ramo Consunto,陳舊的樹枝,苍老树枝,낡은 가지,Starodawna Gałąź,Старовинна гілка,Verweerde Tak,Eskimiş Dal
L_MAT_ELDERBRANCH,,Elder Branch,古木の枝,Älterer Zweig,Branche Ancienne,Rama Ancestral,Galho Ancião,Древняя Ветвь,Ramo Antico,長老樹枝,长老树枝,고대 가지,Gałąź Starca,Старша Гілка,Oudere Tak,Yaşlı Dal
L_MAT_ANCIENTBRANCH,,Ancient Branch,古代の枝,Uralter Zweig,Branche Ancienne,Rama Antigua,Galho Antigo,Древняя Ветвь,Ramo Antico,古老樹枝,远古树枝,고대의 가지,Pradawna Gałąź,Прадавня Гілка,Oude Tak,Kadim Dal
L_MAT_SLATEOFREBIRTH,,Slate of Rebirth,再生の石板,Tafel der Wiedergeburt,Ardoise de Renaissance,Pizarra del Renacimiento,Lápide do Renascimento,Плита Возрождения,Lastra della Rinascita,重生石板,重生石板,환생의 석판,Tablica Odrodzenia,Скрижаль Відродження,Lei van Wedergeboorte,Yeniden Doğuş Levhası
L_MAT_SACRIFICERTOTEM,,Sacrificer Totem,生贄の像,Opfertotem,Totem du Sacrificateur,Tótem Sacrificador,Totem do Sacrificador,Тотем Жертвователя,Totem del Sacrificatore,獻祭圖騰,献祭者图腾,희생자 토템,Totem Ofiarnika,Тотем Жертвоприносця,Offertotem,Kurban Totemi
L_MAT_SHAMANTOTEM,,Shaman Totem,シャーマントーテム,Schamanentotem,Totem du Chaman,Tótem del Chamán,Totem do Xamã,Тотем Шамана,Totem dello Sciamano,薩滿圖騰,萨满图腾,주술사 토템,Totem Szamana,Тотем Шамана,Sjamanistische Totem,Şaman Totemi
L_MAT_INSCRIBERTOTEM,,Inscriber Totem,銘刻師のトーテム,Inschriftentotem,Totem d'Inscripteur,Tótem del Inscriptor,Totem do Inscritor,Тотем Начертателя,Totem dell'Incisore,銘刻師圖騰,铭刻师图腾,각인사 토템,Totem Inskrybenta,Тотем Писаря,Inscriptie Totem,Nakşedici Totem
L_MAT_RITUALISTTOTEM,,Ritualist Totem,儀式術師のトーテム,Ritualistischer Totem,Totem de Ritualiste,Tótem de Ritualista,Totem do Ritualista,Тотем Ритуалиста,Totem del Ritualista,祭儀師圖騰,祭祀者图腾,의식술사 토템,Totem Rytualisty,Тотем Ритуаліста,Ritualist Totem,Ayinci Totemi
L_MAT_NECROMANCERTOTEM,,Necromancer Totem,ネクロマンサーのトーテム,Nekromanten-Totem,Totem de Nécromancien,Tótem de Nigromante,Totem de Necromante,Тотем Некроманта,Totem del Negromante,死靈法師圖騰,死灵法师图腾,강령술사 토템,Totem Nekromanty,Тотем некроманта,Necromancertotem,Nekromancer Totemi
L_MAT_INVADERGOO,,Invader Goo,インベーダーグー,Eindringling-Schleim,Gelée Envahissante,Moco Invasor,Gosma Invasora,Слизь-захватчик,Melma Invasore,入侵黏液,侵略者黏液,침략자 구,Galaretka Najeźdźca,Слиз-загарбник,Indringer Goo,İstilacı Balçık
L_MAT_SKIRMISHERGOO,,Skirmisher Goo,スカーミッシャー・グー,Scharmützler-Schleim,Gelée Escarmoucheuse,Baba de Escaramuzador,Gosma do Escaramuçador,Слизь Налётчика,Melma del Guerrigliero,遊擊黏液,争斗者黏液,척후병 점액,Maź Harcownika,Слиз Сутички,Schermutselaarsslijm,Çatışmacı Balçık
L_MAT_INTERLOPERGOO,,Interloper Goo,インターロパー・グー,Eindringlingsschleim,Gelée d'Intrus,Baba Intrusa,Gosma Intrusa,Слизь Чужака,Melma dell'Intruso,入侵者黏液,入侵者黏液,침입자 점액,Maź Intruza,Слиз Порушника,Indringer Slijm,İstilacı Balçık
L_MAT_WEBWEAVERGOO,,Webweaver Goo,ウェブウィーバーの粘液,Netzweberspinnenschleim,Glu de Tissetoile,Baba de Tejerredes,Gosma de Tecelão de Teias,Паутинная Слизь,Melma del Tessitore di Ragnatele,織網黏液,织网者黏液,거미줄 점액,Śluz Tkacza Sieci,Слиз Павутинника,Webweverspap,Ağ Dokuyucu Balçık
L_MAT_GRAVEDIGGERGOO,,Gravedigger Goo,墓掘りグー,Totengräberschleim,Gelée de Fossoyeur,Limo de Sepulturero,Gosma do Coveiro,Слизь Могильщика,Melma del Becchino,掘墓黏液,掘墓者黏液,무덤지기 점액,Maź Grabarza,Слиз Гробокопача,Grafdelversslijm,Mezarcı Balçığı
L_MAT_PLAGUESPREADERGOO,,Plaguespreader Goo,疫病拡散スライム,Seuchenbringer-Schleim,Gelée Propagatrice de Peste,Limo Propagaplaga,Gosma Propagadora de Praga,Чумная Слизь,Melma Spargipeste,瘟疫散播黏液,传染者黏液,역병전파자 점액,Śluzowata Zaraza,Чумна Слизь,Pestverspreider Slijm,Veba Yayıcı Balçık
L_MAT_ARSONISTSWEAT,,Arsonist Sweat,放火魔の汗,Brandstifterschweiß,Sueur d'Incendiaire,Sudor de Pirómano,Suor do Incendiário,Пот Поджигателя,Sudore dell'Incendiario,縱火犯之汗,纵火犯汗液,방화범의 땀,Pot Podpalacza,Піт Палія,Pyromanen Zweet,Kundakçı Teri
L_MAT_NECKSNAPPERSWEAT,,Necksnapper Sweat,ネックスナッパーの汗,Nackenbrechersschweiß,Sueur de Brise-nuque,Sudor de Rompecuellos,Suor do Quebra-Pescoço,Пот Душителя,Sudore Spezzacolli,斷頸者之汗,断喉者汗液,목꺾기 땀,Pot Łamacza Karków,Піт Душителя,Nekbreker Zweet,Boyunkıran Teri
L_MAT_BERSERKERSWEAT,,Berserker Sweat,バーサーカーの汗,Berserkersschweiß,Sueur de Berserker,Sudor de Berserker,Suor de Berserker,Пот Берсерка,Sudore del Berserker,狂戰士之汗,狂战士汗液,광전사의 땀,Pot Berserkera,Піт Берсерка,Berserkerszweet,Berserker Teri
L_MAT_KNIFEJUGGLERSWEAT,,Knife Juggler Sweat,ナイフジャグラーの汗,Messerjongleur-Schweiß,Sueur du Jongleur de Couteaux,Sudor del Malabarista de Cuchillos,Suor do Malabarista de Facas,Пот Метателя Ножей,Sudore del Giocoliere di Coltelli,飛刀雜耍者之汗,飞刀杂耍者汗液,칼 곡예사의 땀,Pot Żonglera Nożami,Піт Метальника Ножів,Messenwerper Zweet,Bıçak Cambazı Teri
L_MAT_ALEMASTERSWEAT,,Alemaster Sweat,アレマスターの汗,Alebrauer-Schweiß,Sueur d'Alemaître,Sudor de Maestro Cervecero,Suor de Alemestre,Пот Элемастера,Sudore dell'Alemaster,釀酒師汗水,酿酒师汗液,에일마스터 땀,Pot Alemistrza,Піт Елемайстра,Alebrouwer Zweet,Aleustası Teri
L_MAT_KINGSWEAT,,King Sweat,キング・スウェット,König Schweiß,Roi Sueur,Rey Sudor,Rei Suor,Король Пот,Re Sudore,汗王,王之汗液,왕 스웨트,Król Pot,Король Піт,Koning Zweet,Kral Ter
L_MAT_PEASANTSICKLE,,Peasant Sickle,農民の鎌,Bauernsichel,Faucille de Paysan,Hoz de Campesino,Foice de Camponês,Серп крестьянина,Falce del Contadino,農夫鐮刀,农民镰刀,농부의 낫,Sierp Chłopa,Селянський серп,Boerensikkel,Köylü Orağı
L_MAT_GUARDIANSICKLE,,Guardian Sickle,守護者の鎌,Sichel des Wächters,Faucille du Gardien,Hoz del Guardián,Foice do Guardião,Серп Стража,Falce del Guardiano,守護鐮刀,守卫镰刀,수호자의 낫,Kosa Strażnika,Серп Охоронця,Beschermerszeis,Koruyucu Orak
L_MAT_SLASHERSICKLE,,Slasher Sickle,スラッシャー鎌,Schlitzer-Sichel,Faucille Tranchante,Guadaña Cortante,Foice Cortante,Серп Мясника,Falce Squartatrice,屠殺鐮刀,杀手镰刀,도살자의 낫,Sierp Rzeźnika,Серп Різника,Moordenaarszeis,Doğrayıcı Orak
L_MAT_ARCANESICKLE,,Arcane Sickle,アルケインシックル,Arkansichel,Faucille Arcanique,Hoz Arcana,Foice Arcana,Магический Серп,Falce Arcana,奧術鐮刀,奥术镰刀,비전 낫,Magiczna Sierp,Магічна Коса,Mystieke Sikkel,Büyülü Orak
L_MAT_FLAMEHOOKSICKLE,,Flamehook Sickle,フレイムフック鎌,Flammenhaken-Sichel,Faucille Crochet-Flamme,Hoz de Gancho Llameante,Foice Flamejante,Серп Огненного Крюка,Falce Uncinafuoco,火鉤鐮刀,火钩镰刀,화염갈고리 낫,Sierp Ognistego Haka,Серп Вогняного Гака,Vuurhaak Sikkel,Alevkanca Orak
L_MAT_DARKSCYTHESICKLE,,Darkscythe Sickle,ダークサイズの鎌,Dunkelsensenklinge,Faucille Sombre-faux,Guadaña Oscura,Foice Lâmina Sombria,Серп Темнокосы,Falce Lamanera,暗鐮鎌刀,暗镰镰刀,암흑낫 낫,Kosa Mrocznej Kosy,Серп Темнокоси,Duisterzeis Sikkel,Karanlık Tırpan
L_MAT_STEAMPOWEREDSICKLE,,Steampowered Sickle,スチームパワード・シックル,Dampfbetriebene Sichel,Faucille à Vapeur,Hoz a Vapor,Foice a Vapor,Паровая Коса,Falce a Vapore,蒸汽動力鐮刀,蒸汽动力镰刀,증기동력 낫,Paronapędzany Sierp,Паровий Серп,Stoomaangedreven Sikkel,Buharla Çalışan Orak
L_MAT_STURDYTREETRUNK,,Sturdy Tree Trunk,頑丈な木の幹,Robuster Baumstamm,Tronc d'Arbre Robuste,Tronco de Árbol Resistente,Tronco de Árvore Resistente,Крепкий Ствол Дерева,Tronco d'Albero Robusto,堅固的樹幹,坚固树干,튼튼한 나무 줄기,Wytrzymały Pień Drzewa,Міцний Стовбур Дерева,Stevige Boomstam,Sağlam Ağaç Gövdesi
L_MAT_FEARSOMETREETRUNK,,Fearsome Tree Trunk,恐ろしい木の幹,Furchteinflößender Baumstamm,Tronc d'Arbre Redoutable,Tronco de Árbol Temible,Tronco de Árvore Ameaçador,Устрашающий Ствол Дерева,Tronco d'Albero Terrificante,恐怖樹幹,恐怖树干,무시무시한 나무 줄기,Przerażający Pień Drzewa,Грізний Стовбур Дерева,Angstaanjagende Boomstam,Korkunç Ağaç Gövdesi
L_MAT_DAUNTINGTREETRUNK,,Daunting Tree Trunk,威圧的な木の幹,Bedrohlicher Baumstamm,Tronc d'Arbre Intimidant,Tronco de Árbol Intimidante,Tronco de Árvore Intimidante,Устрашающий Ствол Дерева,Tronco d'Albero Imponente,令人生畏的樹幹,恐惧树干,위압적인 나무 줄기,Przytłaczający Pień Drzewa,Грізний Стовбур Дерева,Intimiderende Boomstam,Göz Korkutan Ağaç Gövdesi
L_MAT_MANGLEDTREETRUNK,,Mangled Tree Trunk,引き裂かれた木の幹,Zerfetzter Baumstamm,Tronc d'Arbre Mutilé,Tronco de Árbol Destrozado,Tronco de Árvore Mutilado,Изуродованный Ствол Дерева,Tronco d'Albero Dilaniato,扭曲的樹幹,残破树干,뒤틀린 나무 줄기,Zmasakrowany Pień Drzewa,Понівечений Стовбур Дерева,Verminkte Boomstam,Parçalanmış Ağaç Gövdesi
L_MAT_FORESTTREETRUNK,,Forest Tree Trunk,森の木の幹,Baumstamm im Wald,Tronc d'Arbre de la Forêt,Tronco de Árbol del Bosque,Tronco de Árvore da Floresta,Ствол лесного дерева,Tronco d'Albero della Foresta,森林樹幹,森林树干,숲 나무 줄기,Pień Drzewa Leśnego,Стовбур лісового дерева,Boomstam in het Bos,Orman Ağaç Gövdesi
L_MAT_MONSTROUSTREETRUNK,,Monstrous Tree Trunk,怪物の木の幹,Monströser Baumstamm,Tronc d'Arbre Monstrueux,Tronco de Árbol Monstruoso,Tronco de Árvore Monstruoso,Чудовищный Древесный Ствол,Tronco d'Albero Mostruoso,巨獸樹幹,庞大树干,괴물 같은 나무 줄기,Potworny Pień Drzewa,Величезний Стовбур Дерева,Monsterlijke Boomstam,Canavar Ağaç Gövdesi
L_MAT_URHULSOIL,,Urhul Soil,ウルフル土壌,Urhul-Erde,Terre d'Urhul,Tierra de Urhul,Solo de Urhul,Почва Урхула,Terra di Urhul,烏爾胡爾土壤,厄胡尔土壤,우르훌 토양,Ziemia Urhul,Ґрунт Ургула,Urhul Aarde,Urhul Toprağı
L_MAT_AHNKOLSOIL,,Ahnkol Soil,アンコル土壌,Ahnkol-Erde,Terre d'Ahnkol,Tierra de Ahnkol,Solo de Ahnkol,Почва Анкола,Terreno di Ahnkol,安科爾土壤,安科尔土壤,안콜 토양,Ziemia Ahnkol,Ґрунт Анкола,Ahnkol Aarde,Ahnkol Toprağı
L_MAT_QUARNOKSOIL,,Quarnok Soil,クァーノク土壌,Quarnok-Erde,Terre de Quarnok,Tierra de Quarnok,Solo de Quarnok,Почва Кварнока,Terra di Quarnok,夸諾克土壤,夸诺克土壤,쿠아르녹 토양,Gleba Quarnok,Ґрунт Кварнока,Quarnok Aarde,Quarnok Toprağı
L_MAT_QUAMARSOIL,,Quamar Soil,クアマルの土,Quamar-Erde,Terre de Quamar,Tierra de Quamar,Solo de Quamar,Почва Квамара,Terra di Quamar,夸馬爾土壤,夸马尔土壤,쿠아마르 토양,Ziemia Quamar,Ґрунт Квамару,Quamar Aarde,Quamar Toprağı
L_MAT_AHNOKSOIL,,Ahnok Soil,アーノク土,Ahnok-Erde,Terre d'Ahnok,Tierra de Ahnok,Solo de Ahnok,Почва Анок,Terra di Ahnok,安諾克土壤,安诺克土壤,안녹 토양,Ziemia Ahnok,Ґрунт Анок,Ahnok Aarde,Ahnok Toprağı
L_MAT_WORKERSTINGER,,Worker Stinger,ワーカースティンガー,Arbeiter-Stachel,Dard Ouvrier,Aguijón de Trabajador,Ferrão do Trabalhador,Рабочий Жалоносец,Pungiglione Operaio,工人蜂刺,苦力蜂刺,일꾼 스팅어,Żądło Robotnika,Жало Робітника,Werkerbij Steker,İşçi İğnesi
L_MAT_SOLDIERSTINGER,,Soldier Stinger,ソルジャー・スティンガー,Soldaten-Stachel,Dard du Soldat,Aguijón de Soldado,Ferrão do Soldado,Жало Солдата,Pungiglione del Soldato,士兵刺針,士兵蜂刺,병사 스팅어,Żądło Żołnierza,Жало Солдата,Soldaat Stinger,Asker İğnesi
L_MAT_SLICERSTINGER,,Slicer Stinger,スライサー・スティンガー,Schnitter-Stachel,Dard Tranchant,Aguijón Cortante,Ferrão Cortante,Жалящий Рассекатель,Pungiglione Tagliente,切割刺針,切割者蜂刺,슬라이서 스팅어,Żądło Siekacza,Різак-Жало,Snijdende Steker,Dilimleyici İğne
L_MAT_INFILTRATORSTINGER,,Infiltrator Stinger,インフィルトレーター・スティンガー,Infiltrator-Stachel,Dard d'Infiltrateur,Aguijón del Infiltrador,Ferrão do Infiltrador,Жало Лазутчика,Pungiglione dell'Infiltratore,滲透者刺針,渗入者蜂刺,잠입자의 독침,Żądło Infiltratora,Жало Інфільтратора,Infiltratorsteek,Sızmacı İğnesi
L_MAT_GUARDIANSTINGER,,Guardian Stinger,ガーディアンスティンガー,Wächter-Stachel,Dard du Gardien,Aguijón Guardián,Ferrão do Guardião,Жало Стража,Pungiglione del Guardiano,守護者刺針,守卫蜂刺,수호자 스팅어,Żądło Strażnika,Жало Вартового,Beschermersstekel,Koruyucu İğne
L_MAT_HIVELEADERSTINGER,,Hiveleader Stinger,ハイブリーダー・スティンガー,Schwarmführer Stachel,Dard du Chef de Ruche,Aguijón del Líder Colmena,Líder da Colmeia Ferrão,Жалоносец Улья,Capo Alveare Pungiglione,蜂巢首領刺針,虫群首领蜂刺,군락지도자 스팅어,Przywódca Roju Żądło,Жалоносець Вуликовий,Zwermleider Stekel,Kovan Lideri İğne
L_MAT_SPITTINGMANDIBLE,,Spitting Mandible,吐き出す大顎,Spuckender Kiefer,Mandibule Crachante,Mandíbula Escupidora,Mandíbula Cuspidora,Плюющаяся Челюсть,Mandibola Sputante,噴吐顎骨,吐酸下颚,침 뱉는 턱뼈,Plująca Żuwaczka,Плювальна Щелепа,Spuwende Kaak,Tükürme Çenesi
L_MAT_DRAGONLAIRMANDIBLE,,Dragonlair Mandible,ドラゴンの巣穴の顎骨,Drachenhorst-Mandibel,Mandibule de Repaire de Dragon,Mandíbula de Guarida de Dragón,Mandíbula do Covil do Dragão,Драконья Челюсть,Mandibola del Covo del Drago,龍穴顎骨,龙穴下颚,용굴 하악골,Żuwaczka ze Smoczej Jamy,Щелепа Драконового Лігва,Drakennestkaken,Ejderha Yuvası Çenesi
L_MAT_GOLIATHMANDIBLE,,Goliath Mandible,ゴライアスの大顎,Goliath-Kiefer,Mandibule de Goliath,Mandíbula de Goliat,Mandíbula de Golias,Челюсть Голиафа,Mandibola di Golia,巨人下顎骨,巨型下颚,골리앗 하악,Żuchwa Goliata,Щелепа Голіафа,Goliath Kaak,Dev Çene Kemiği
L_MAT_WOOLLYMANDIBLE,,Woolly Mandible,ウーリー・マンディブル,Wolliger Kiefer,Mandibule Laineuse,Mandíbula Lanuda,Mandíbula Lanosa,Шерстистая Челюсть,Mandibola Lanosa,毛茸茸的下顎,毛茸下颚,양털 턱뼈,Włochata Żuchwa,Вовняста Щелепа,Wollige Kaak,Yünlü Çene
L_MAT_CANOPYMANDIBLE,,Canopy Mandible,キャノピー・マンディブル,Baldachin-Mandibel,Mandibule de Canopée,Mandíbula de Dosel,Mandíbula de Dossel,Мандибула Полога,Mandibola del Baldacchino,樹冠顎骨,天篷下颚,캐노피 맨디블,Żuwaczka Baldachimu,Мандибула Навісу,Luifeldkaak,Gölgelik Çene
L_MAT_ANCIENTMANDIBLE,,Ancient Mandible,古代の下顎骨,Uralter Kiefer,Mandibule Antique,Mandíbula Antigua,Mandíbula Antiga,Древняя Челюсть,Mandibola Antica,遠古顎骨,远古颚骨,고대의 하악골,Pradawna Żuchwa,Стародавня Щелепа,Oeroude Kaak,Kadim Çene
L_MAT_RAWDOUGHBALL,,Raw Dough Ball,生地の玉,Roher Teigklumpen,Boule de pâte crue,Bola de Masa Cruda,Bola de Massa Crua,Сырой Комок Теста,Palla di Pasta Cruda,生麵團,生面团,생 반죽 덩어리,Surowa Kula Ciasta,Сира Кулька Тіста,Rauwe Deegbal,Çiğ Hamur Topu
L_MAT_LIFEPLASMA,,Life Plasma,ライフプラズマ,Lebensplasma,Plasma vital,Plasma Vital,Plasma Vital,Жизненная плазма,Plasma Vitale,生命漿液,生命血浆,생명 플라즈마,Plazma Życia,Життєва плазма,Levensplasma,Yaşam Plazması
L_MAT_DEATHPLASMA,,Death Plasma,デスプラズマ,Todesplasma,Plasma de la Mort,Plasma de Muerte,Plasma da Morte,Плазма Смерти,Plasma della Morte,死亡電漿,死亡血浆,죽음의 플라즈마,Plazma Śmierci,Смертельна плазма,Dodenplasma,Ölüm Plazması
L_MAT_CHAOSPLASMA,,Chaos Plasma,カオスプラズマ,Chaosplasma,Plasma du Chaos,Plasma del Caos,Plasma do Caos,Плазма Хаоса,Plasma del Caos,混沌電漿,混沌血浆,혼돈 플라즈마,Plazma Chaosu,Плазма Хаосу,Chaosplasma,Kaos Plazması
L_MAT_SORCERYPLASMA,,Sorcery Plasma,魔術プラズマ,Zauberplasma,Plasma de Sorcellerie,Plasma de Hechicería,Plasma de Feitiçaria,Колдовская Плазма,Plasma Magico,魔法電漿,巫术血浆,마법 플라즈마,Plazma Czarnoksięstwa,Чаклунська Плазма,Toverij Plasma,Büyü Plazması
L_MAT_NATUREPLASMA,,Nature Plasma,ネイチャープラズマ,Naturplasma,Plasma Naturel,Plasma Natural,Plasma da Natureza,Природная Плазма,Plasma Naturale,自然電漿,自然血浆,자연 플라즈마,Plazma Natury,Природна Плазма,Natuurplasma,Doğa Plazması
L_MAT_MASTERPLASMA,,Master Plasma,マスタープラズマ,Meister-Plasma,Maître Plasma,Plasma Maestro,Mestre Plasma,Мастер Плазмы,Plasma Maestro,等離子大師,大师血浆,마스터 플라즈마,Mistrz Plazmy,Майстер Плазми,Meester Plasma,Usta Plazma
L_MAT_VICIOUSCARROT,,Vicious Carrot,凶暴なニンジン,Bösartige Karotte,Carotte Féroce,Zanahoria Feroz,Cenoura Cruel,Злобная Морковь,Carota Feroce,兇猛胡蘿蔔,凶恶胡萝卜,사나운 당근,Okrutna Marchewka,Лютий Морквин,Gemene Wortel,Zalim Havuç
L_MAT_VILECARROT,,Vile Carrot,邪悪なニンジン,Üble Karotte,Carotte Infâme,Zanahoria Vil,Cenoura Vil,Мерзкая Морковь,Carota Vile,邪惡胡蘿蔔,邪恶胡萝卜,사악한 당근,Plugawy Marchewiak,Мерзенна Морква,Verachtelijke Wortel,İğrenç Havuç
L_MAT_VOLATILECARROT,,Volatile Carrot,爆発性ニンジン,Explosive Karotte,Carotte Volatile,Zanahoria Volátil,Cenoura Volátil,Взрывоопасная Морковь,Carota Esplosiva,爆裂胡蘿蔔,易爆胡萝卜,폭발성 당근,Niestabilna Marchewka,Вибуховий Морквяник,Explosieve Wortel,Patlayıcı Havuç
L_MAT_VOLCANICCARROT,,Volcanic Carrot,火山ニンジン,Vulkanische Karotte,Carotte Volcanique,Zanahoria Volcánica,Cenoura Vulcânica,Вулканическая Морковь,Carota Vulcanica,火山胡蘿蔔,火山胡萝卜,화산 당근,Wulkaniczna Marchewka,Вулканічна Морква,Vulkanische Wortel,Volkanik Havuç
L_MAT_VIRIDIANCARROT,,Viridian Carrot,ビリジアンキャロット,Smaragdgrüne Karotte,Carotte Viridienne,Zanahoria Verdosa,Cenoura Viridiana,Изумрудная морковь,Carota Viridiana,翠綠胡蘿蔔,翠绿胡萝卜,비취색 당근,Szmaragdowa Marchewka,Смарагдова морква,Smaragdgroene Wortel,Yeşil Havuç
L_MAT_VAMPIRICCARROT,,Vampiric Carrot,ヴァンパイアニンジン,Vampirische Karotte,Carotte Vampirique,Zanahoria Vampírica,Cenoura Vampírica,Вампирская Морковь,Carota Vampirica,吸血紅蘿蔔,吸血胡萝卜,흡혈 당근,Wampirza Marchew,Вампірська Морква,Vampirische Wortel,Vampirik Havuç
L_MAT_ABYSSALEMBRYO,,Abyssal Embryo,アビサル・エンブリオ,Abyssales Embryo,Embryon Abyssal,Embrión Abisal,Embrião Abissal,Зародыш Бездны,Embrione Abissale,深淵胚胎,深渊胚胎,심연의 태아,Zarodek Otchłani,Ембріон Безодні,Abyssaal Embryo,Cehennemî Embriyo
L_MAT_TRANSIENTEMBRYO,,Transient Embryo,一時的胚子,Vergänglicher Embryo,Embryon Éphémère,Embrión Transitorio,Embrião Transitório,Переходный Эмбрион,Embrione Transitorio,瞬變胚胎,瞬逝胚胎,일시적 태아,Przejściowy Embrion,Тимчасовий Ембріон,Voorbijgaand Embryo,Geçici Embriyo
L_MAT_DREADEMBRYO,,Dread Embryo,ドレッド・エンブリオ,Schreckensembryo,Embryon Sinistre,Embrión Aterrador,Embrião Temível,Ужасный Эмбрион,Embrione del Terrore,恐懼胚胎,恐怖胚胎,공포의 태아,Przerażający Embrion,Жахливий Ембріон,Angstaanjagend Embryo,Korkunç Embriyo
L_MAT_ENTROPICEMBRYO,,Entropic Embryo,エントロピックエンブリオ,Entropischer Embryo,Embryon Entropique,Embrión Entrópico,Embrião Entrópico,Энтропический Эмбрион,Embrione Entropico,熵變胚胎,无序胚胎,엔트로픽 엠브리오,Entropijny Embrion,Ентропійний Ембріон,Entropisch Embryo,Entropik Embriyo
L_MAT_NIGHTVEILEMBRYO,,Nightveil Embryo,ナイトヴェイル・エンブリオ,Nachtschleier-Embryo,Embryon du Voile Nocturne,Embrión del Velo Nocturno,Embrião do Véu Noturno,Зародыш Ночной Вуали,Embrione del Velo Notturno,夜幕胚胎,夜幕胚胎,밤장막 태아,Zarodek Nocnej Zasłony,Ембріон Нічної Завіси,Nachtsluier Embryo,Geceperdesi Embriyo
L_MAT_DOOMSDAYEMBRYO,,Doomsday Embryo,終末の胎児,Weltuntergangs-Embryo,Embryon de l'Apocalypse,Embrión del Apocalipsis,Embrião do Juízo Final,Эмбрион Судного Дня,Embrione dell'Apocalisse,末日胚胎,末日胚胎,종말의 태아,Embrion Zagłady,Ембріон Судного Дня,Doemsdag Embryo,Kıyamet Embriyosu
L_MAT_SOOTHSAYERBELL,,Soothsayer Bell,予言者の鈴,Wahrsagerglöckchen,Cloche du Devin,Campana del Adivino,Sino do Vidente,Колокол Предсказателя,Campana del Veggente,預言者之鈴,占卜者铃铛,예언자의 종,Dzwon Wieszcza,Дзвін Віщуна,Waarzeggersbel,Kâhin Çanı
L_MAT_HOLYCASTERHORSESHOE,,Holycaster Horseshoe,ホーリーキャスターの蹄鉄,Heiligzauberer-Hufeisen,Fer à Cheval du Lancesort Sacré,Herradura del Lanzasagrado,Ferradura do Conjurador Sagrado,Подкова Святокаста,Ferro di Cavallo del Sacroincantatore,聖法馬蹄鐵,圣咏者马掌,홀리캐스터 말굽,Podkowa Świętorzucającego,Підкова Святого Заклинателя,Heiligwerper Hoefijzer,Kutsal Büyücü Nalı
L_MAT_DRIEDVOMIT,,Dried Vomit,乾いた嘔吐物,Getrocknete Kotze,Vomi séché,Vómito Seco,Vômito Seco,Засохшая рвота,Vomito Secco,乾涸的嘔吐物,干呕吐物,말라붙은 토사물,Zaschnięte wymiociny,Засохле блювотиння,Opgedroogd Braaksel,Kurumuş Kusmuk
L_MAT_BROKENBOTTLE,,Broken Bottle,割れたボトル,Zerbrochene Flasche,Bouteille Cassée,Botella Rota,Garrafa Quebrada,Разбитая бутылка,Bottiglia Rotta,破碎酒瓶,破碎酒瓶,깨진 병,Rozbita Butelka,Розбита Пляшка,Gebroken Fles,Kırık Şişe
L_MAT_MUSGRAVE'STEARS,,Musgrave's Tears,マスグレイヴの涙,Musgraves Tränen,Larmes de Musgrave,Lágrimas de Musgrave,Lágrimas de Musgrave,Слёзы Масгрейва,Lacrime di Musgrave,馬斯格雷夫之淚,马斯格雷夫之泪,머스그레이브의 눈물,Łzy Musgrave'a,Сльози Масґрейва,Musgrave's Tranen,Musgrave'ın Gözyaşları
L_MAT_MOTHIS'TEARS,,Mothis' Tears,モシスの涙,Mothis' Tränen,Larmes de Mothis,Lágrimas de Mothis,Lágrimas de Mothis,Слёзы Мотис,Lacrime di Mothis,莫西斯之淚,莫西斯之泪,모티스의 눈물,Łzy Mothis,Сльози Мотіс,Tranen van Mothis,Mothis'in Gözyaşları
L_MAT_VASHSTINE'STEARS,,Vashstine's Tears,ヴァシュタインの涙,Vashstines Tränen,Larmes de Vashstine,Lágrimas de Vashstine,Lágrimas de Vashstine,Слёзы Ваштайна,Lacrime di Vashstine,瓦什汀之淚,瓦什廷之泪,바쉬타인의 눈물,Łzy Vashstine'a,Сльози Ваштайна,Vashstine's Tranen,Vaştin'in Gözyaşları
L_MAT_PLUGGEDEAR,,Plugged Ear,耳栓,Verstopftes Ohr,Oreille bouchée,Oído Tapado,Ouvido Tampado,Заткнутое ухо,Orecchio Tappato,塞住的耳朵,堵塞之耳,막힌 귀,Zatkane Ucho,Закладене вухо,Verstopt Oor,Tıkalı Kulak
L_MAT_SILVERSPUR,,Silver Spur,シルバースパー,Silbersporn,Éperon d'Argent,Espuela de Plata,Espora de Prata,Серебряная Шпора,Sperone d'Argento,銀刺,银刺,실버 스퍼,Srebrna Ostroga,Срібна Шпора,Zilveren Spoor,Gümüş Mahmuz
L_MAT_BLINDEYE,,Blind Eye,盲目の眼,Blindes Auge,Œil aveugle,Ojo Ciego,Olho Cego,Слепой Глаз,Occhio Cieco,盲目之眼,失明之眼,맹목적 시선,Ślepe Oko,Сліпе Око,Blind Oog,Kör Göz
L_MAT_CHROMA'SEMBLEM,,Chroma's Emblem,クロマの紋章,Chromas Emblem,Emblème de Chroma,Emblema de Chroma,Emblema de Chroma,Эмблема Хромы,Emblema di Chroma,克洛瑪的徽章,变色灵的徽章,크로마의 문장,Godło Chromy,Емблема Хроми,Chroma's Embleem,Kroma'nın Arması
L_MAT_CHROMA'STARNISHEDJEWEL,,Chroma's Tarnished Jewel,クロマの曇った宝石,Chromas Befleckte Juwel,Joyau Terni de Chroma,Joya Empañada de Chroma,Joia Manchada de Chroma,Потускневший Самоцвет Хромы,Gemma Offuscata di Chroma,克洛瑪的黯淡寶石,变色灵的褪色宝珠,크로마의 녹슨 보석,Splamiony Klejnot Chromy,Потьмяніла Коштовність Хроми,Chroma's Besmeurd Juweel,Kroma'nın Lekeli Mücevheri
L_MAT_CHROMA'SBENTCROWN,,Chroma's Bent Crown,クロマの歪んだ王冠,Chromas Verbogene Krone,Couronne Tordue de Chroma,Corona Torcida de Chroma,Coroa Retorcida de Chroma,Изогнутая Корона Хромы,Corona Piegata di Chroma,克洛瑪的彎曲王冠,变色灵的弯曲之冠,크로마의 휘어진 왕관,Wygięta Korona Chromy,Вигнута Корона Хроми,Chroma's Gebogen Kroon,Chroma'nın Eğik Tacı
L_MAT_IANNE'SBADLEG,,Ianne's Bad Leg,イアンの悪い足,Iannes lahmes Bein,La Jambe Blessée d'Ianne,La Pierna Mala de Ianne,Perna Ruim de Ianne,Больная нога Ианны,La Gamba Malata di Ianne,伊安妮的壞腿,艾安的伤腿,이안의 다친 다리,Chora Noga Ianne,Хвора нога Іанни,Iannes Slechte Been,Ianne'nin Kötü Bacağı
L_MAT_IANNE'SCHICLETS,,Ianne's Chiclets,イアンのチクレッツ,Iannes Kaugummis,Chiclets d'Ianne,Chicles de Ianne,Chiclets de Ianne,Чиклеты Ианны,Gomme da Masticare di Ianne,伊安妮的口香糖,艾安的碎零件,이안의 치클릿,Chicletsy Ianne,Жуйки Іанни,Ianne's Chiclets,Ianne'nin Sakızları
L_MAT_IANNE'STHIRDEYE,,Ianne's Third Eye,イアンの第三の目,Iannes Drittes Auge,L'Œil du Milieu d'Ianne,El Tercer Ojo de Ianne,Terceiro Olho de Ianne,Третий Глаз Ианны,L'Occhio del Terzo di Ianne,伊安妮的第三隻眼,艾安的第三只眼,이안의 제3의 눈,Trzecie Oko Ianne,Третє Око Іанни,Ianne's Derde Oog,Ianne'nin Üçüncü Gözü
L_MAT_CYHRA'STATTEREDEAR,,Cyhra's Tattered Ear,シーラの裂けた耳,Cyhras Zerfetztes Ohr,Oreille Déchirée de Cyhra,Oreja Desgarrada de Cyhra,Orelha Rasgada de Cyhra,Рваное Ухо Сайры,Orecchio Lacerato di Cyhra,賽拉的破損耳朵,赛拉的破耳,시라의 찢어진 귀,Poszarpane Ucho Cyhry,Пошарпане Вухо Сіри,Cyhra's Gescheurde Oor,Cyhra'nın Yırtık Kulağı
L_MAT_CEASELESSSPIT,,Ceaseless Spit,絶え間ない唾液,Unaufhörlicher Spucke,Crachat Incessant,Escupitajo Incesante,Cuspe Incessante,Бесконечный Плевок,Sputo Incessante,無盡唾液,不息唾液,끊임없는 침뱉기,Nieustanny Plwocina,Безперервний Плювок,Eindeloos Spuug,Durmaksızın Tükürük
L_MAT_CEASELESSHEART,,Ceaseless Heart,絶え間ない心,Unermüdliches Herz,Cœur Incessant,Corazón Incesante,Coração Incessante,Неустанное Сердце,Cuore Incessante,不息之心,不息之心,끝없는 심장,Nieustające Serce,Невпинне Серце,Onophoudelijk Hart,Durmaksızın Çarpan Kalp
L_MAT_CEASELESSFANG,,Ceaseless Fang,絶え間ない牙,Unaufhörlicher Fangzahn,Croc Incessant,Colmillo Incesante,Presa Incessante,Неустанный Клык,Zanna Incessante,無盡之牙,不息之牙,끝없는 송곳니,Nieustający Kieł,Невпинне Ікло,Eindeloze Hoektand,Durmaksızın Diş
L_MAT_DEATHWALKER'SGEM,,Deathwalker's Gem,デスウォーカーの宝石,Edelstein des Todesläufers,Gemme du Marcheur de la Mort,Gema del Caminante de la Muerte,Gema do Caminhante da Morte,Самоцвет Смертоходца,Gemma del Camminamorte,死亡行者寶石,死亡行者的宝石,죽음방랑자의 보석,Klejnot Kroczącego Śmiercią,Самоцвіт Смертоходця,Doodslopers Edelsteen,Ölümyürüyenin Mücevheri
L_MAT_DEATHWALKER'STIARA,,Deathwalker's Tiara,デスウォーカーの冠,Tiara des Todeswandlers,Tiare du Marcheur de la Mort,Tiara del Caminante de la Muerte,Tiara do Caminhante da Morte,Тиара Смертоходца,Tiara del Camminatore della Morte,死亡行者之冠,死亡行者的头冠,죽음방랑자의 티아라,Tiara Kroczącego Śmiercią,Тіара Смертоходця,Tiara van de Doodsreiziger,Ölümyürüyenin Tacı
L_MAT_DEATHWALKER'SHARP,,Deathwalker's Harp,デスウォーカーのハープ,Harfe des Todeswandlers,Harpe du Marcheur de la Mort,Arpa del Caminante de la Muerte,Harpa do Caminhante da Morte,Арфа Смертоходца,Arpa del Camminamorte,死亡行者之豎琴,死亡行者的竖琴,죽음방랑자의 하프,Harfa Kroczącego Śmiercią,Арфа Смертоходця,Harp van de Doodswandelaar,Ölümyürüyenin Arpı
L_MAT_SHARDOFTHEUNGUIDED,,Shard of The Unguided,導かれざる者の欠片,Splitter des Ungeleiteten,Éclat de l'Égaré,Fragmento del Desorientado,Fragmento do Desguiado,Осколок Неведомого,Frammento dell'Incustodito,無引導者的碎片,放逐者碎片,인도받지 않은 자의 파편,Odłamek Niesprowadzonego,Уламок Непровідного,Scherf van De Ongeleide,Rehbersizin Parçası
L_MAT_EYEOFTHEUNGUIDED,,Eye of The Unguided,導かれざる者の眼,Auge des Ungeleiteten,Œil de l'Égaré,Ojo del Desorientado,Olho do Desguiado,Око Неприкаянного,Occhio dell'Incustodito,無引導者之眼,放逐者之眼,인도받지 않은 자의 눈,Oko Nieprowadzonego,Око Непровідного,Oog van De Ongeleide,Rehbersizin Gözü
L_MAT_BLADEOFTHEUNGUIDED,,Blade of The Unguided,導かれざる者の剣,Klinge des Ungeleiteten,Lame des Sans-Guide,Espada del Desorientado,Lâmina do Desguiado,Клинок Непутёвого,Lama del Non Guidato,無引導者之刃,放逐者之刃,인도받지 못한 자의 검,Ostrze Nieprowadzonego,Клинок Непровідного,Zwaard van De Ongeleide,Rehbersizlerin Kılıcı
L_MAT_FLUBRIS'SICHOR,,Flubris's Ichor,フルブリスの霊液,Flubris' Ichor,Ichor de Flubris,Icor de Flubris,Ícor de Flubris,Ихор Флубриса,Icore di Flubris,弗魯布里斯之靈液,弗鲁布里斯的灵液,플루브리스의 영액,Posoka Flubrisa,Іхор Флубріса,Flubris' Ichor,Flubris'in Öz Sıvısı
L_MAT_FLUBRIS'SEYEBALLS,,Flubris's Eyeballs,フルブリスの眼球,Flubris' Augäpfel,Globes Oculaires de Flubris,Globos Oculares de Flubris,Globos Oculares de Flubris,Глазные Яблоки Флубриса,Globi Oculari di Flubris,弗魯布里斯的眼球,弗鲁布里斯的眼珠,플루브리스의 눈알,Gałki Oczne Flubrisa,Очі Флубріса,Flubris' Oogbollen,Flubris'in Göz Küreleri
L_MAT_FLUBRIS'STHIRDARM,,Flubris's Third Arm,フルブリスの第三の腕,Flubris' dritter Arm,Troisième Bras de Flubris,Tercer Brazo de Flubris,Terceiro Braço de Flubris,Третья Рука Флубриса,Terzo Braccio di Flubris,弗魯布里斯的第三隻手臂,弗鲁布里斯的第三只手臂,플루브리스의 세 번째 팔,Trzecie Ramię Flubrisa,Третя Рука Флубріса,Flubris' Derde Arm,Flubris'in Üçüncü Kolu
L_MAT_SCROLLOFMISERY,,Scroll of Misery,悲惨の巻物,Schriftrolle des Elends,Parchemin de Misère,Pergamino de Miseria,Pergaminho da Miséria,Свиток Страдания,Pergamena della Miseria,痛苦卷軸,悲痛卷轴,비참의 두루마리,Zwój Udręki,Сувій Страждання,Boekrol van Ellende,Sefalet Tomarı
L_MAT_CROWNOFMISERY,,Crown of Misery,悲哀の冠,Krone des Elends,Couronne de Misère,Corona de Miseria,Coroa da Miséria,Корона Скорби,Corona di Miseria,悲慘之冠,悲痛之冠,비참의 왕관,Korona Cierpienia,Корона Страждань,Kroon van Ellende,Sefalet Tacı
L_MAT_TWINSWORDSOFMISERY,,Twin Swords of Misery,悲哀の双剣,Zwillingsklingen des Elends,Épées Jumelles de Misère,Espadas Gemelas de la Miseria,Espadas Gêmeas da Miséria,Парные Мечи Скорби,Spade Gemelle della Miseria,悲慘雙劍,悲痛双剑,비참의 쌍검,Bliźniacze Miecze Niedoli,Парні Мечі Страждання,Tweelingzwaarden van Ellende,İkiz Keder Kılıçları
L_MAT_SCYLLA'SPLUME,,Scylla's Plume,シラの羽飾り,Scyllas Feder,Plume de Scylla,Pluma de Escila,Pluma de Cila,Перо Сциллы,Piuma di Scilla,席拉的羽毛,斯库拉的羽毛,실라의 깃털,Pióro Scylli,Перо Сцилли,Scylla's Veer,Scylla'nın Tüyü
L_MAT_CHARYBDIS'TRIDENT,,Charybdis' Trident,カリュブディスの三叉槍,Dreizack der Charybdis,Trident de Charybde,Tridente de Caribdis,Tridente de Caríbdis,Трезубец Харибды,Tridente di Cariddi,卡律布狄斯之三叉戟,卡律布狄斯的三叉戟,카립디스의 삼지창,Trójząb Charybdy,Тризуб Харібди,Drietand van Charybdis,Charybdis'in Üç Dişli Mızrağı
L_MAT_CLOUDOPAL,,Cloud Opal,クラウドオパール,Wolkenopal,Opale Nuageuse,Ópalo de Nube,Opala de Nuvem,Облачный Опал,Opale di Nuvola,雲蛋白石,混浊欧泊,구름 오팔,Opał Chmurowy,Хмарний Опал,Wolkenopaal,Bulut Opali
L_MAT_PHOBOS'SUNRELENTINGGRASP,,Phobos's Unrelenting Grasp,フォボスの容赦なき掌握,Phobos' Unerbittlicher Griff,L'Étreinte Implacable de Phobos,Garra Implacable de Fobos,Garra Implacável de Phobos,Безжалостная Хватка Фобоса,Morsa Implacabile di Phobos,福波斯的無情掌握,福波斯的无情之爪,포보스의 끈질긴 손아귀,Nieustępliwy Uścisk Phobosa,Невблаганна Хватка Фобоса,Phobos's Onverbiddelijke Greep,Phobos'un Amansız Kavrayışı
L_MAT_PHOBOS'SSHORTSWORD,,Phobos's Shortsword,フォボスのショートソード,Phobos' Kurzschwert,Épée courte de Phobos,Espada Corta de Fobos,Espada Curta de Phobos,Короткий меч Фобоса,Spada Corta di Phobos,福波斯的短劍,福波斯的短剑,포보스의 단검,Krótki Miecz Phobosa,Короткий меч Фобоса,Kortzwaard van Phobos,Phobos'un Kısa Kılıcı
L_MAT_PHOBOS'SCREST,,Phobos's Crest,フォボスの紋章,Phobos' Wappen,Emblème de Phobos,Cresta de Fobos,Emblema de Fobos,Герб Фобоса,Emblema di Phobos,福波斯的紋章,福波斯的纹章,포보스의 문장,Herb Fobosa,Герб Фобоса,Phobos' Embleem,Phobos'un Arması
L_MAT_ANDRICK'STATTEREDGARB,,Andrick's Tattered Garb,アンドリックのボロボロの衣服,Andricks Zerschlissene Gewandung,Haillons d'Andrick,Ropajes Raídos de Andrick,Traje Esfarrapado de Andrick,Потрёпанное одеяние Андрика,Abiti Logori di Andrick,安德里克的破舊衣衫,安德里克的破旧衣衫,앤드릭의 낡은 의복,Zniszczone Odzienie Andricka,Потріпаний одяг Андріка,Andricks Gescheurde Kledij,Andrick'in Yırtık Pırtık Kıyafeti
L_MAT_ANDRICK'STARNISHEDCROWN,,Andrick's Tarnished Crown,アンドリックの曇りし王冠,Andricks Befleckte Krone,La Couronne Ternie d'Andrick,Corona Empañada de Andrick,Coroa Manchada de Andrick,Потускневшая Корона Андрика,Corona Offuscata di Andrick,安德里克的斑駁王冠,安德里克的褪色之冠,안드릭의 녹슨 왕관,Zmatowiała Korona Andricka,Потьмяніла Корона Андріка,Andricks Bezoedelde Kroon,Andrick'in Lekeli Tacı
L_MAT_ANDRICK'SMOLDINGTOME,,Andrick's Molding Tome,アンドリックの成形の書,Andricks Formungsbuch,Tome de Façonnage d'Andrick,Tomo de Moldeo de Andrick,Tomo de Moldagem de Andrick,Формирующий фолиант Андрика,Tomo di Modellamento di Andrick,安德里克的塑形典籍,安德里克的模制典籍,안드릭의 성형 서적,Księga Formowania Andricka,Формувальний том Андріка,Andricks Vormgevend Boekwerk,Andrick'in Şekillendirme Kitabı
L_MAT_CLAYMOREOFJUDGMENT,,Claymore of Judgment,クレイモア・オブ・ジャッジメント,Richtschwert des Urteils,Claymore du Jugement,Claymore del Juicio,Claymore do Julgamento,Клеймор Правосудия,Spadone del Giudizio,審判巨劍,审判大剑,심판의 클레이모어,Kosa Sądu,Клеймор Правосуддя,Zwaard des Oordeels,Hüküm Kılıcı
L_MAT_CLAYMOREOFMERCY,,Claymore of Mercy,クレイモア・オブ・マーシー,Klinge der Barmherzigkeit,Claymore de la Miséricorde,Claymore de la Misericordia,Claymore da Misericórdia,Клеймор Милосердия,Spadone della Misericordia,慈悲闊劍,仁慈大剑,자비의 클레이모어,Kordelas Miłosierdzia,Клеймор Милосердя,Zwaard der Genade,Merhamet Kılıcı
L_MAT_CLAYMOREOFHATRED,,Claymore of Hatred,憎悪のクレイモア,Klinge des Hasses,Espadon de la Haine,Claymore del Odio,Claymore do Ódio,Клеймор Ненависти,Spadone dell'Odio,憎恨闊劍,憎恶大剑,증오의 클레이모어,Miecz Nienawiści,Клеймор Ненависті,Klaymore van Haat,Nefret Palaşı
L_MAT_SHACKLER'SCHAINS,,Shackler's Chains,シャックラーの鎖,Ketten des Fesslers,Chaînes de l'Entraveur,Cadenas del Encadenador,Correntes do Agrilhoador,Цепи Оковщика,Catene dell'Incatenatore,束縛者之鎖,束缚者的链条,구속자의 사슬,Łańcuchy Zniewoliciela,Кайдани Поневолювача,Ketenen van de Boeier,Zincirleyicinin Zincirleri
L_MAT_SHACKLER'SSIGNET,,Shackler's Signet,シャックラーの印章,Siegel des Fesslers,Sceau du Geôlier,Sello del Encadenador,Sinete do Agrilhoador,Перстень Оковщика,Sigillo dell'Incatenatore,束縛者璽戒,束缚者的戒徽,구속자의 인장,Sygnet Zniewoliciela,Перстень Поневолювача,Boei van de Ketener,Prangacının Yüzüğü
L_MAT_SHACKLER'SCAPE,,Shackler's Cape,シャックラーのマント,Umhang des Fesslers,Cape du Geôlier,Capa del Encadenador,Manto do Agrilhoador,Плащ Оковщика,Mantello del Soggiogatore,束縛者披風,束缚者的披风,구속자의 망토,Peleryna Zniewoliciela,Плащ Поневолювача,Ketener's Mantel,Zincirleyici'nin Pelerini
L_MAT_SKYWARDEAR,,Skyward Ear,スカイワード・イヤー,Himmelsohr,Oreille Céleste,Oreja Celestial,Orelha Celestial,Небесное Ухо,Orecchio Celeste,天翔之耳,天咏之耳,천공의 귀,Niebiańskie Ucho,Небесне Вухо,Hemelwaarts Oor,Göğe Yükselen Kulak
L_MAT_DECAYINGEAR,,Decaying Ear,腐敗した耳,Verfallendes Ohr,Oreille en Décomposition,Oreja en Descomposición,Orelha em Decomposição,Гниющее Ухо,Orecchio in Decomposizione,腐朽之耳,腐朽之耳,부패하는 귀,Gnijące Ucho,Гниюче Вухо,Rottend Oor,Çürüyen Kulak
L_MAT_SPIRITEAR,,Spirit Ear,霊耳,Geistohr,Oreille Spirituelle,Oído Espiritual,Ouvido Espiritual,Духовное Ухо,Orecchio Spirituale,靈耳,魂体之耳,영혼의 귀,Duchowe Ucho,Духовне Вухо,Geestoor,Ruh Kulağı
L_MAT_TERRAEAR,,Terra Ear,テラ・イヤー,Terra Ohr,Oreille de Terra,Oreja de Tierra,Terra Orelha,Земное Ухо,Orecchio di Terra,大地之耳,大地之耳,테라 이어,Terra Ear,Земне Вухо,Terra Oor,Terra Kulak
L_MAT_COSMOSEAR,,Cosmos Ear,コスモスイヤー,Kosmos-Ohr,Oreille Cosmique,Oreja Cósmica,Orelha Cósmica,Космическое Ухо,Orecchio del Cosmo,宇宙之耳,宇宙之耳,코스모스 이어,Kosmiczne Ucho,Космічне Вухо,Kosmisch Oor,Kozmos Kulağı
L_MAT_LOSTEAR,,Lost Ear,失われた耳,Verlorenes Ohr,Oreille Perdue,Oreja Perdida,Orelha Perdida,Потерянное Ухо,Orecchio Perduto,遺失的耳朵,迷失之耳,잃어버린 귀,Zgubione Ucho,Загублене Вухо,Verloren Oor,Kayıp Kulak
L_MAT_OVERSEERANTLER,,Overseer Antler,オーバーシア・アントラー,Aufseher Antler,Surveillant Antler,Supervisor Antler,Supervisor Antler,Смотритель Рогач,Sovrintendente Antler,監督者安特勒,监督者鹿角,감독관 앤틀러,Nadzorca Antler,Наглядач Антлер,Opzichter Antler,Gözetmen Antler
L_MAT_CELESTIALANTLER,,Celestial Antler,天空の角,Himmlisches Geweih,Bois Céleste,Asta Celestial,Chifre Celestial,Небесный Рог,Corno Celestiale,天界鹿角,天使鹿角,천상의 뿔,Niebiańskie Poroże,Небесні Роги,Hemels Gewei,Göksel Boynuz
L_MAT_GUARDIANANTLER,,Guardian Antler,守護者の角,Wächtergeweih,Bois de Gardien,Cornamenta de Guardián,Chifre do Guardião,Рог Стража,Corno del Guardiano,守護者鹿角,守护者鹿角,수호자의 뿔,Poroże Strażnika,Ріг Охоронця,Beschermerhoren,Koruyucu Boynuz
L_MAT_IDOLANTLER,,Idol Antler,アイドルの角,Idolgeweih,Bois de Cerf Idole,Cuerno de Ídolo,Chifre de Ídolo,Оленьи Рога Идола,Corno dell'Idolo,偶像鹿角,偶像鹿角,우상 뿔,Poroże Idola,Оленячий Ріг,Idoolgewei,İdol Boynuzu
L_MAT_ROYALANTLER,,Royal Antler,王家の角,Königliches Geweih,Bois Royal,Asta Real,Chifre Real,Королевский Рог,Corno Reale,皇家鹿角,皇族鹿角,왕실 뿔,Królewskie Poroże,Королівський Ріг,Koninklijk Gewei,Kraliyet Boynuzu
L_MAT_SPIRITANTLER,,Spirit Antler,スピリットアントラー,Geistgeweih,Bois d'Esprit,Asta Espiritual,Chifre Espiritual,Рога Духа,Corna Spirituali,靈鹿角,灵之鹿角,영혼 뿔,Duchowe Poroże,Духовні Роги,Geestgewei,Ruh Boynuzu
L_MAT_GUARDIANMASK,,Guardian Mask,ガーディアンマスク,Wächtermaske,Masque du Gardien,Máscara del Guardián,Máscara do Guardião,Маска Стража,Maschera del Guardiano,守護者面具,守护者面具,수호자의 가면,Maska Strażnika,Маска Охоронця,Beschermmasker,Koruyucu Maske
L_MAT_SHADOWJUMPERMASK,,Shadowjumper Mask,シャドウジャンパーの仮面,Schattenspringer-Maske,Masque du Bondisseur d'Ombre,Máscara del Saltasombras,Máscara do Saltador das Sombras,Маска Теневого Прыгуна,Maschera del Saltatore d'Ombra,影躍者面具,影跃者面具,그림자도약자 가면,Maska Cienioskoczka,Маска Тіньострибуна,Schaduwspringer Masker,Gölgesıçrayıcı Maskesi
L_MAT_CREEPERMASK,,Creeper Mask,クリーパーマスク,Creeper-Maske,Masque de Creeper,Máscara de Creeper,Máscara de Creeper,Маска Крипера,Maschera del Creeper,爬行者面具,潜行者面具,크리퍼 마스크,Maska Creepera,Маска Кріпера,Kruipermasker,Sürüngen Maskesi
L_MAT_IMPOSTERMASK,,Imposter Mask,インポスターマスク,Betrügermaske,Masque d'Imposteur,Máscara de Impostor,Máscara do Impostor,Маска Самозванца,Maschera dell'Impostore,冒牌面具,冒牌货面具,사칭자의 가면,Maska Oszusta,Маска Самозванця,Bedriegermasker,Sahtekâr Maskesi
L_MAT_INFORMERMASK,,Informer Mask,密告者の仮面,Informantenmaske,Masque d'Informateur,Máscara de Informante,Máscara do Informante,Маска Осведомителя,Maschera dell'Informatore,告密者面具,情报员面具,정보원 가면,Maska Informatora,Маска Інформатора,Verklikkermasker,Muhbir Maskesi
L_MAT_SCOUNDRELMASK,,Scoundrel Mask,ならず者の仮面,Schurkische Maske,Masque de Canaille,Máscara de Pícaro,Máscara do Patife,Маска Негодяя,Maschera del Furfante,惡棍面具,小混混面具,악당의 가면,Maska Łotrzyka,Маска Шахрая,Schurkmasker,Haydut Maskesi
L_MAT_HUNTSMANPOEM,,Huntsman Poem,狩人の詩,Jägersmann Gedicht,Poème du Chasseur,Poema del Cazador,Poema do Caçador,Стихотворение Охотника,Poema del Cacciatore,獵人詩,狩猎者诗篇,사냥꾼의 시,Wiersz Łowcy,Вірш Мисливця,Jagergedicht,Avcı Şiiri
L_MAT_BARBARIANPOEM,,Barbarian Poem,バーバリアンの詩,Barbarengedicht,Poème Barbare,Poema Bárbaro,Poema Bárbaro,Варварская Поэма,Poema Barbaro,野蠻人詩篇,野蛮者诗篇,야만인의 시,Poemat Barbarzyńcy,Варварська Поема,Barbaars Gedicht,Barbar Şiiri
L_MAT_CLERICPOEM,,Cleric Poem,聖職者の詩,Klerikerlied,Poème du Clerc,Poema del Clérigo,Poema do Clérigo,Поэма Жреца,Poema del Chierico,牧師詩篇,牧师诗篇,성직자 시,Poemat Kapłana,Вірш Клірика,Klerikaal Gedicht,Rahip Şiiri
L_MAT_MONKPOEM,,Monk Poem,僧侶の詩,Mönchsgedicht,Poème du Moine,Poema del Monje,Poema do Monge,Монашеская Поэма,Poema del Monaco,僧人詩,武僧诗篇,승려의 시,Mnisi Poemat,Вірш Ченця,Monnikengedicht,Keşiş Şiiri
L_MAT_MYSTICPOEM,,Mystic Poem,神秘の詩,Mystisches Gedicht,Poème Mystique,Poema Místico,Poema Místico,Мистическая Поэма,Poema Mistico,神秘詩篇,秘术师诗篇,신비한 시,Mistyczny Poemat,Містична Поема,Mystiek Gedicht,Mistik Şiir
L_MAT_ROGUEPOEM,,Rogue Poem,ローグの詩,Schurkengedicht,Poème du Voleur,Poema del Pícaro,Poema do Ladino,Стихотворение Разбойника,Poema del Ladro,盜賊詩,游荡者诗篇,도적의 시,Wiersz Łotrzyka,Поема Розбійника,Dievengedicht,Haydut Şiiri
L_MAT_MINSTRELHARP,,Minstrel Harp,吟遊詩人のハープ,Bardenharfe,Harpe de Ménestrel,Arpa de Juglar,Harpa do Menestrel,Арфа Менестреля,Arpa del Menestrello,吟遊詩人豎琴,游艺者竖琴,음유시인의 하프,Harfa Minstrela,Арфа Менестреля,Minstreelharp,Ozan Arpı
L_MAT_BALLADEERHARP,,Balladeer Harp,バラッドハープ,Bardenharfe,Harpe de Baladin,Arpa de Trovador,Harpa do Menestrel,Арфа Сказителя,Arpa del Menestrello,吟遊詩人豎琴,演唱者竖琴,음유시인의 하프,Harfa Pieśniarza,Арфа Співця Балад,Balladezanger Harp,Ozan Arpı
L_MAT_JONGLEURHARP,,Jongleur Harp,ジョングルールのハープ,Jongleur-Harfe,Harpe de Jongleur,Arpa de Juglar,Harpa de Menestrel,Арфа Жонглёра,Arpa del Giullare,雜耍豎琴,杂耍者竖琴,광대의 하프,Harfa Żonglera,Арфа Жонглера,Jongleursharpe,Hokkabaz Arp
L_MAT_POETHARP,,Poet Harp,詩人のハープ,Dichterharfe,Harpe du Poète,Arpa de Poeta,Harpa do Poeta,Арфа Поэта,Arpa del Poeta,詩人豎琴,作词者竖琴,시인의 하프,Harfa Poety,Арфа Поета,Dichterslier,Şair Arp
L_MAT_TROVATOREHARP,,Trovatore Harp,トロヴァトーレハープ,Trovatore-Harfe,Harpe de Trovatore,Arpa de Trovador,Harpa do Trovador,Арфа Трубадура,Arpa del Trovatore,吟遊詩人豎琴,行吟者竖琴,트로바토레 하프,Harfa Truwerska,Арфа Трубадура,Trovatore Harp,Trovatore Arp
L_MAT_VERSIFIERHARP,,Versifier Harp,詩人のハープ,Dichterharfe,Harpe du Versificateur,Arpa del Versificador,Harpa do Versificador,Арфа Стихотворца,Arpa del Versificatore,詩人豎琴,作曲者竖琴,시인의 하프,Harfa Wierszopisarza,Арфа Віршотворця,Dichterslier,Şair Arpı
L_MAT_ROARINGHUSK,,Roaring Husk,咆哮する抜け殻,Brüllende Hülle,Carcasse Rugissante,Cáscara Rugiente,Casco Rugidor,Ревущая Оболочка,Guscio Ruggente,咆哮空殼,咆哮外壳,포효하는 껍데기,Ryczący Pancerz,Ревучий Панцир,Brullende Huls,Kükreyen Kabuk
L_MAT_DORMANTHUSK,,Dormant Husk,休眠する外殻,Ruhende Hülle,Carcasse Dormante,Caparazón Inactivo,Carcaça Dormente,Бездействующая Оболочка,Guscio Dormiente,休眠的軀殼,休眠外壳,휴면 껍질,Uśpiona Powłoka,Сплячий Панцир,Slapende Huls,Uyuyan Kabuk
L_MAT_ETHEREALHUSK,,Ethereal Husk,エーテルの抜け殻,Ätherische Hülle,Carcasse Éthérée,Caparazón Etéreo,Casco Etéreo,Эфирная Оболочка,Guscio Etereo,虛幻軀殼,虚幻外壳,환영의 껍질,Eteryczna Powłoka,Примарна Оболонка,Etherische Huls,Esrarengiz Kabuk
L_MAT_LURKINGHUSK,,Lurking Husk,潜む抜け殻,Lauernde Hülle,Carcasse Embusquée,Caparazón Acechante,Carcaça Espreitante,Затаившийся Остов,Guscio Furtivo,潛伏枯殼,潜伏外壳,잠복하는 껍데기,Czający się Szkielet,Причаєна Оболонка,Sluipende Huls,Pusuya Yatan Kabuk
L_MAT_CRASHINGHUSK,,Crashing Husk,崩れる外殻,Zerschmetternde Hülle,Carapace Fracassante,Cáscara Aplastante,Casco Destruidor,Крушащая Оболочка,Guscio Dirompente,崩裂空殼,猛冲外壳,충돌하는 껍질,Roztrzaskana Powłoka,Руйнівна Оболонка,Neerstortende Huls,Çarpan Kabuk
L_MAT_STOMPINGHUSK,,Stomping Husk,踏み潰す外殻,Stampfende Hülle,Carapace Piétinante,Caparazón Aplastante,Casco Esmagador,Топающая Оболочка,Guscio Pestante,踐踏空殼,践踏外壳,짓밟는 껍질,Tratujący Pancerz,Тупотливий Панцир,Stampende Huls,Ezici Kabuk
L_MAT_FIREOIL,,Fire Oil,火油,Feueröl,Huile de feu,Aceite de Fuego,Óleo de Fogo,Огненное масло,Olio Incendiario,火油,火油,화염 오일,Olej Ognisty,Вогняна олія,Vuurolie,Ateş Yağı
L_MAT_EARTHOIL,,Earth Oil,大地の油,Erdöl,Huile de Terre,Aceite de Tierra,Óleo de Terra,Земляное масло,Olio di Terra,地油,地油,대지유,Olej Ziemny,Земляна олія,Aardolie,Toprak Yağı
L_MAT_ICEOIL,,Ice Oil,氷の油,Eisöl,Huile de glace,Aceite de Hielo,Óleo de Gelo,Ледяное масло,Olio di Ghiaccio,冰油,冰油,얼음 오일,Olej Lodowy,Крижана олія,IJsolie,Buz Yağı
L_MAT_THUNDEROIL,,Thunder Oil,サンダーオイル,Donneröl,Huile de Foudre,Aceite de Trueno,Óleo de Trovão,Масло грома,Olio del Tuono,雷電油,雷油,번개 오일,Olej Gromowy,Олія грому,Donderolie,Gök Yağı
L_MAT_WATEROIL,,Water Oil,水油,Wasseröl,Huile d'eau,Aceite de Agua,Óleo de Água,Водяное масло,Olio d'Acqua,水油,水油,물 오일,Olej Wodny,Водяна олія,Waterolie,Su Yağı
L_MAT_WINDOIL,,Wind Oil,風油,Windöl,Huile de Vent,Aceite de Viento,Óleo de Vento,Масло ветра,Olio di Vento,風油,风油,바람 오일,Olejek Wiatru,Олія вітру,Windolie,Rüzgar Yağı
L_MAT_CHASERTUFT,,Chaser Tuft,チェイサー・タフト,Jäger-Büschel,Touffe du Poursuivant,Mechón Perseguidor,Tufo Perseguidor,Чейзер Тафт,Ciuffo Inseguitore,追逐者塔夫特,追逐者簇毛,추격자 터프트,Pętelka Tropiciel,Переслідувач Туфт,Jager Pluk,Avcı Tutam
L_MAT_DUELISTTUFT,,Duelist Tuft,決闘者の房,Duellanten-Büschel,Touffe de Duelliste,Mechón de Duelista,Tufo do Duelista,Пучок Дуэлянта,Ciuffo del Duellante,決鬥者毛簇,决斗者簇毛,결투가의 술,Pióropusz Dualisty,Чубчик Дуелянта,Duellistenkuif,Düellocu Tutamı
L_MAT_RANGERTUFT,,Ranger Tuft,レンジャー・タフト,Waldläufer Tuft,Touffe du Rôdeur,Mechón Montaraz,Tufo do Patrulheiro,Рейнджер Тафт,Ciuffo del Ranger,遊俠塔夫特,游侠簇毛,레인저 터프트,Kępka Strażnika,Рейнджер Тафт,Boswachter Tuft,Korucu Tuft
L_MAT_RUNNERTUFT,,Runner Tuft,ランナー・タフト,Läuferquaste,Touffe du Coureur,Mechón Corredor,Tufo Corredor,Пучок Бегуна,Ciuffo del Corridore,跑者塔夫特,奔跑者簇毛,러너 터프트,Kępka Biegacza,Пучок Бігуна,Hardloopkuif,Koşucu Tutam
L_MAT_WARRIORTUFT,,Warrior Tuft,戦士のタフト,Kriegerquaste,Touffe du Guerrier,Mechón Guerrero,Tufo Guerreiro,Воинственный Хохолок,Ciuffo del Guerriero,戰士毛叢,战士簇毛,전사 터프트,Kędzior Wojownik,Воїнський Чуб,Krijgerskuif,Savaşçı Tutam
L_MAT_WRANGLERTUFT,,Wrangler Tuft,ラングラー・タフト,Viehtreiber-Büschel,Touffe du Dompteur,Mechón del Domador,Tufo do Domador,Пучок Укротителя,Ciuffo del Mandriano,牧馬人毛叢,牧者簇毛,목동 터프트,Kępka Poskramiacza,Чуб Ковбоя,Veedrijverspluk,Kovboy Tutamı
L_MAT_SCHOLARSCALPEL,,Scholar Scalpel,学者のメス,Gelehrtenskalpell,Scalpel d'Érudit,Bisturí de Erudito,Bisturi do Erudito,Скальпель Учёного,Bisturi dell'Erudito,學者手術刀,学者解剖刀,학자의 메스,Skalpel Uczonego,Скальпель Вченого,Geleerden Scalpel,Bilgin Neşteri
L_MAT_HERBALISTSCALPEL,,Herbalist Scalpel,薬草師のメス,Kräuterkundigen-Skalpell,Scalpel d'Herboriste,Bisturí de Herbolario,Bisturi de Herborista,Скальпель травника,Bisturi dell'Erborista,草藥師手術刀,草药师解剖刀,약초사의 메스,Skalpel Zielarza,Скальпель травника,Kruidenkundige Scalpel,Şifacı Neşteri
L_MAT_ALCHEMISTSCALPEL,,Alchemist Scalpel,錬金術師のメス,Alchemistenspatel,Scalpel d'Alchimiste,Escalpelo de Alquimista,Bisturi de Alquimista,Скальпель алхимика,Bisturi dell'Alchimista,鍊金術師手術刀,炼金术士解剖刀,연금술사의 메스,Skalpel Alchemika,Скальпель алхіміка,Alchemistenschalpel,Simyacı Neşteri
L_MAT_SOOTHSAYERSCALPEL,,Soothsayer Scalpel,予言者の外科刀,Wahrsager-Skalpell,Scalpel du Devin,Escalpelo del Adivino,Bisturi do Vidente,Скальпель Прорицателя,Bisturi del Veggente,預言師手術刀,占卜者解剖刀,예언자의 메스,Skalpel Wieszcza,Скальпель Віщуна,Waarzeggerscalpel,Falcı Neşteri
L_MAT_QUACKSCALPEL,,Quack Scalpel,クアック・スカルペル,Quak-Skalpell,Scalpel Canard,Bisturí de Pato,Bisturi de Pato,Кряк-скальпель,Bisturi Qua Qua,鴨嘴手術刀,庸医解剖刀,꽥꽥 메스,Kacze Skalpel,Качине Скальпель,Kwak Scalpel,Vak Neşter
L_MAT_SURGEONSCALPEL,,Surgeon Scalpel,外科医のメス,Chirurgenskalpell,Scalpel de Chirurgien,Bisturí de Cirujano,Bisturi do Cirurgião,Хирургический скальпель,Bisturi del Chirurgo,外科手術刀,医师解剖刀,외과의사 메스,Skalpel Chirurga,Хірургічний скальпель,Chirurgenscalpel,Cerrah Neşteri
L_MAT_BLACKCLOUD,,Black Cloud,黒雲,Schwarze Wolke,Nuage Noir,Nube Negra,Nuvem Negra,Чёрное Облако,Nube Nera,黑雲,黑云,검은 구름,Czarna Chmura,Чорна Хмара,Zwarte Wolk,Kara Bulut
L_MAT_MUSTARD,,Mustard,マスタード,Senf,Moutarde,Mostaza,Mostarda,Горчица,Senape,芥末,芥末,머스타드,Musztarda,Гірчиця,Mosterd,Hardal
L_MAT_BADGEOFLEADERSHIP,,Badge of Leadership,リーダーシップの徽章,Abzeichen der Führung,Badge du Leadership,Insignia de Liderazgo,Insígnia de Liderança,Знак Лидерства,Distintivo di Leadership,領導者徽章,领导证章,지도력의 배지,Odznaka Przywództwa,Знак Лідерства,Badge van Leiderschap,Liderlik Nişanı
L_MAT_MEDITATOR'SFOCUS,,Meditator's Focus,瞑想者の集中力,Fokus des Meditierenden,Concentration du Méditant,Enfoque del Meditador,Foco do Meditador,Сосредоточение Медитирующего,Concentrazione del Meditatore,冥想者的專注,冥想者的专注,명상가의 집중,Skupienie Medytującego,Зосередження Медитатора,Concentratie van de Mediteerder,Meditasyoncunun Odağı
L_MAT_UNBREAKABLEMARBLE,,Unbreakable Marble,不壊の大理石,Unzerbrechlicher Marmor,Marbre Incassable,Mármol Irrompible,Mármore Inquebrantável,Нерушимый Мрамор,Marmo Infrangibile,堅不可摧的彈珠,不破弹珠,부서지지 않는 대리석,Niezniszczalny Marmur,Незламний Мармур,Onbreekbaar Marmer,Kırılmaz Mermer
L_MAT_GNARLEDBRANCH,,Gnarled Branch,節くれだった枝,Knorriger Ast,Branche Noueuse,Rama Nudosa,Galho Retorcido,Узловатая Ветвь,Ramo Nodoso,扭曲樹枝,扭曲树枝,뒤틀린 나뭇가지,Sękaty Kij,Вузлувата Гілка,Knoestige Tak,Kıvrımlı Dal
L_MAT_PARTICLEOFMUMU,,Particle of Mumu,ムムの粒子,Partikel von Mumu,Particule de Mumu,Partícula de Mumu,Partícula de Mumu,Частица Муму,Particella di Mumu,姆姆粒子,姆姆微粒,무무의 입자,Cząstka Mumu,Частинка Муму,Deeltje van Mumu,Mumu Parçacığı
L_MAT_PARTICLEOFUGAT,,Particle of Ugat,ウガトの粒子,Partikel von Ugat,Particule d'Ugat,Partícula de Ugat,Partícula de Ugat,Частица Угата,Particella di Ugat,烏加特粒子,乌加特微粒,우갓의 입자,Cząstka Ugat,Частинка Угату,Deeltje van Ugat,Ugat Parçacığı
L_MAT_PARTICLEOFAJABIRKU,,Particle of Aja Birku,アジャ・ビルクの粒子,Partikel von Aja Birku,Particule d'Aja Birku,Partícula de Aja Birku,Partícula de Aja Birku,Частица Аджа Бирку,Particella di Aja Birku,阿賈比爾庫之粒子,阿贾·比尔库微粒,아자 비르쿠의 입자,Cząstka Aja Birku,Частинка Аджа Бірку,Deeltje van Aja Birku,Aja Birku Parçacığı
L_MAT_PARTICLEOFOTTUM,,Particle of Ottum,オッタムの粒子,Partikel von Ottum,Particule d'Ottum,Partícula de Ottum,Partícula de Ottum,Частица Оттума,Particella di Ottum,奧特姆粒子,奥图姆微粒,오툼의 입자,Cząstka Ottum,Частинка Оттума,Deeltje van Ottum,Ottum Parçacığı
L_MAT_PARTICLEOFDIKYA,,Particle of Dikya,ディキャの粒子,Partikel von Dikya,Particule de Dikya,Partícula de Dikya,Partícula de Dikya,Частица Дикьи,Particella di Dikya,迪卡亞粒子,迪卡亚微粒,디키아의 입자,Cząstka Dikyi,Частинка Дікії,Deeltje van Dikya,Dikya Parçacığı
L_MAT_PARTICLEOFELQOR,,Particle of Elqor,エルカーの粒子,Partikel von Elqor,Particule d'Elqor,Partícula de Elqor,Partícula de Elqor,Частица Элкора,Particella di Elqor,艾爾科爾粒子,艾尔科微粒,엘코르의 입자,Cząstka Elqoru,Частинка Елкора,Deeltje van Elqor,Elqor Parçacığı
L_MAT_PARTICLEOFICONUS,,Particle of Iconus,イコナスの粒子,Partikel von Iconus,Particule d'Iconus,Partícula de Iconus,Partícula de Iconus,Частица Иконуса,Particella di Iconus,艾克諾斯粒子,伊科洛斯微粒,아이코누스의 입자,Cząstka Iconusa,Частинка Іконуса,Deeltje van Iconus,Iconus Parçacığı
L_MAT_PARTICLEOFLAGLOR,,Particle of Laglor,ラグロールの粒子,Partikel von Laglor,Particule de Laglor,Partícula de Laglor,Partícula de Laglor,Частица Лаглора,Particella di Laglor,拉格洛爾粒子,拉格洛尔微粒,라글로의 입자,Cząstka Laglora,Частинка Лаглора,Deeltje van Laglor,Laglor Parçacığı
L_MAT_PARTICLEOFYLLOR,,Particle of Yllor,イロールの粒子,Partikel von Yllor,Particule d'Yllor,Partícula de Yllor,Partícula de Yllor,Частица Иллора,Particella di Yllor,伊洛爾粒子,伊洛微粒,일로의 입자,Cząstka Yllora,Частинка Іллора,Deeltje van Yllor,Yllor Parçacığı
L_MAT_PARTICLEOFTISYA,,Particle of Tisya,ティシャの粒子,Partikel von Tisya,Particule de Tisya,Partícula de Tisya,Partícula de Tisya,Частица Тисьи,Particella di Tisya,提西亞粒子,缇丝娅微粒,티샤의 입자,Cząstka Tisyi,Частинка Тісії,Deeltje van Tisya,Tisya Parçacığı
L_MAT_PARTICLEOFTHELOST,,Particle of The Lost,失われしものの粒子,Partikel des Verlorenen,Particule du Perdu,Partícula de Lo Perdido,Partícula do Perdido,Частица Утраченного,Particella del Perduto,失落之粒,迷失者微粒,잃어버린 자의 입자,Cząstka Zagubionego,Частинка Втраченого,Deeltje van Het Verlorene,Kayıp Parçacığı
L_MAT_PARTICLEOFALAKADAN,,Particle of Alakadan,アラカダンの粒子,Partikel von Alakadan,Particule d'Alakadan,Partícula de Alakadan,Partícula de Alakadan,Частица Алакадана,Particella di Alakadan,阿拉卡丹粒子,阿拉卡丹微粒,알라카단의 입자,Cząstka Alakadanu,Частинка Алакадану,Deeltje van Alakadan,Alakadan Parçacığı
L_MAT_PARTICLEOFKALASAG,,Particle of Kalasag,カラサグの粒子,Partikel von Kalasag,Particule de Kalasag,Partícula de Kalasag,Partícula de Kalasag,Частица Каласага,Particella di Kalasag,卡拉薩格粒子,卡拉萨格微粒,칼라삭의 입자,Cząstka Kalasag,Частинка Каласаґа,Deeltje van Kalasag,Kalasag Parçacığı
L_MAT_PARTICLEOFWALKEN,,Particle of Walken,ウォーケンの粒子,Partikel von Walken,Particule de Walken,Partícula de Walken,Partícula de Walken,Частица Уолкена,Particella di Walken,沃肯粒子,沃肯微粒,워컨의 입자,Cząstka Walkena,Частинка Волкена,Deeltje van Walken,Walken Parçacığı
L_MAT_ROTTENPORTAL,,Rotten Portal,腐敗の門,Fauliges Portal,Portail Putride,Portal Putrefacto,Portal Podre,Гнилой Портал,Portale Marcio,腐爛之門,腐烂传送门,부패한 차원문,Zgniły Portal,Гнилий Портал,Verrotte Portaal,Çürük Portal
L_MAT_STONEPORTAL,,Stone Portal,石の門,Steinportal,Portail de Pierre,Portal de Piedra,Portal de Pedra,Каменный Портал,Portale di Pietra,石之傳送門,石之传送门,돌 관문,Kamienny Portal,Кам'яний Портал,Stenen Portaal,Taş Portal
L_MAT_BLOODPORTAL,,Blood Portal,血の門,Blutportal,Portail de Sang,Portal de Sangre,Portal de Sangue,Кровавый Портал,Portale di Sangue,血之傳送門,血之传送门,피의 차원문,Portal Krwi,Кривавий Портал,Bloedportaal,Kan Portalı
L_MAT_FLESHPORTAL,,Flesh Portal,肉の門,Fleischportal,Portail de Chair,Portal de Carne,Portal de Carne,Портал Плоти,Portale di Carne,血肉傳送門,血肉传送门,살점 차원문,Portal Ciała,Портал Плоті,Vleesportaal,Et Portalı
L_MAT_DARKPORTAL,,Dark Portal,ダークポータル,Dunkles Portal,Portail des Ténèbres,Portal Oscuro,Portal Sombrio,Тёмный Портал,Portale Oscuro,黑暗傳送門,黑暗传送门,어둠의 관문,Mroczny Portal,Темний Портал,Duistere Portaal,Karanlık Portal
L_MAT_FADINGPORTAL,,Fading Portal,フェイディング・ポータル,Verblassendes Portal,Portail Évanescent,Portal Desvaneciente,Portal Evanescente,Угасающий портал,Portale Evanescente,消逝之門,褪色传送门,사라지는 포탈,Zanikający Portal,Згасаючий портал,Vervagende Portaal,Solan Portal
L_MAT_VEXT'STOES,,Vext's Toes,ヴェクストの足指,Vexts Zehen,Orteils de Vext,Dedos de Vext,Dedos de Vext,Пальцы Векста,Dita di Vext,維克斯特的腳趾,维克斯特的脚趾,벡스트의 발가락,Palce Vexta,Пальці Векста,Vext's Tenen,Vext'in Parmakları
L_MAT_VEXT'SFINGERS,,Vext's Fingers,ヴェクストの指,Vexts Finger,Doigts de Vext,Dedos de Vext,Dedos de Vext,Пальцы Векста,Dita di Vext,維克斯特之指,维克斯特的手指,벡스트의 손가락,Palce Vexta,Пальці Векста,Vext's Vingers,Vext'in Parmakları
L_MAT_VEXT'SEYEBROWS,,Vext's Eyebrows,ヴェクストの眉,Vexts Augenbrauen,Sourcils de Vext,Cejas de Vext,Sobrancelhas de Vext,Брови Векста,Sopracciglia di Vext,維克斯特的眉毛,维克斯特的眉毛,벡스트의 눈썹,Brwi Vexta,Брови Векста,Vext's Wenkbrauwen,Vext'in Kaşları
L_MAT_VEXT'SFUR,,Vext's Fur,ヴェクストの毛皮,Vexts Fell,Fourrure de Vext,Pelaje de Vext,Pele de Vext,Мех Векста,Pelliccia di Vext,維克斯特的毛皮,维克斯特的皮毛,벡스트의 모피,Futro Vexta,Хутро Векста,Vext's Vacht,Vext'in Kürkü
L_MAT_REVOLUTIONOFSIRALIM,,Revolution of Siralim,シラリムの革命,Revolution von Siralim,Révolution de Siralim,Revolución de Siralim,Revolução de Siralim,Революция Сиралима,Rivoluzione di Siralim,希拉利姆革命,瑟拉利姆的革命,시랄림의 혁명,Rewolucja Siralim,Революція Сіраліму,Revolutie van Siralim,Siralim Devrimi
L_MAT_FALLOFSIRALIM,,Fall of Siralim,シラリムの没落,Fall von Siralim,Chute de Siralim,Caída de Siralim,Queda de Siralim,Падение Сиралима,Caduta di Siralim,希拉林的殞落,瑟拉利姆的陨落,시랄림의 몰락,Upadek Siralim,Падіння Сіраліму,Val van Siralim,Siralim'in Düşüşü
L_MAT_RISEOFSIRALIM,,Rise of Siralim,シラリムの台頭,Aufstieg von Siralim,L'Ascension de Siralim,Ascenso de Siralim,Ascensão de Siralim,Восхождение Сиралима,Rise of Siralim,希拉林的崛起,瑟拉利姆的崛起,시랄림의 부상,Powstanie Siralim,Повстання Сіраліму,Opkomst van Siralim,Siralim'in Yükselişi
L_MAT_DAMAOS'SKULL,,Damaos' Skull,ダマオスの頭蓋骨,Damaos' Schädel,Crâne de Damaos,Cráneo de Damaos,Crânio de Damaos,Череп Дамаоса,Teschio di Damaos,達瑪歐斯的頭骨,达玛欧斯的头骨,다마오스의 두개골,Czaszka Damaosa,Череп Дамаоса,Damaos' Schedel,Damaos'un Kafatası
L_MAT_DAMAOS'BROKENCROWN,,Damaos' Broken Crown,ダマオスの砕けた王冠,Damaos' Zerbrochene Krone,Couronne Brisée de Damaos,Corona Rota de Damaos,Coroa Quebrada de Damaos,Сломанная Корона Дамаоса,Corona Infranta di Damaos,達瑪歐斯的破碎王冠,达玛欧斯的破碎之冠,다마오스의 부서진 왕관,Złamana Korona Damaosa,Розбита Корона Дамаоса,Damaos' Gebroken Kroon,Damaos'un Kırık Tacı
L_MAT_DAMAOS'RUSTEDBLADE,,Damaos' Rusted Blade,ダマオスの錆びた剣,Damaos' Verrostete Klinge,Lame Rouillée de Damaos,Espada Oxidada de Damaos,Lâmina Enferrujada de Damaos,Ржавый Клинок Дамаоса,Lama Arrugginita di Damaos,達瑪歐斯的鏽劍,达玛欧斯的生锈刀刃,다마오스의 녹슨 검,Zardzewiałe Ostrze Damaosa,Іржавий Клинок Дамаоса,Verroeste Kling van Damaos,Damaos'un Paslı Kılıcı
L_MAT_NOETHERIAN'SRIGHTHAND,,Noetherian's Right Hand,ノエセリアンの右腕,Noetherian's Rechte Hand,Main Droite de Noetherian,Mano Derecha de Noetherian,Mão Direita de Noetherian,Правая Рука Нётериана,Mano Destra di Noetherian,諾伊特里安的右手,诺特的右手,노에테리안의 오른손,Prawa Ręka Noetheriana,Права Рука Нетеріана,Noetherian's Rechterhand,Noetherian'ın Sağ Eli
L_MAT_NOETHERIAN'SSOUL,,Noetherian's Soul,ノエセリアンの魂,Noetherian-Seele,Âme de Noetherian,Alma de Noetheriano,Alma de Noetherian,Душа Нётерианца,Anima di Noetherian,諾伊特利安之魂,诺特的灵魂,노에테리안의 영혼,Dusza Noetheriana,Душа Нетеріана,Noetheriaanse Ziel,Noetherian'ın Ruhu
L_MAT_NOETHERIAN'SLEFTHAND,,Noetherian's Left Hand,ノエセリアンの左手,Noetherian's Linke Hand,Main Gauche de Noetherian,Mano Izquierda de Noetheriano,Mão Esquerda de Noetherian,Левая Рука Нетериана,Mano Sinistra di Noetherian,諾伊特里安的左手,诺特的左手,노에테리안의 왼손,Lewa Ręka Noetheriana,Ліва Рука Нетеріан,Noetheriaanse Linkerhand,Noetherian'ın Sol Eli
L_MAT_WARRIORHEADDRESS,,Warrior Headdress,戦士の頭飾り,Kriegerhaube,Coiffe de Guerrier,Tocado de Guerrero,Cocar de Guerreiro,Воинский Головной Убор,Copricapo del Guerriero,戰士頭飾,战士头饰,전사의 머리장식,Pióropusz Wojownika,Головний убір воїна,Krijgershoofddeksel,Savaşçı Başlığı
L_MAT_BRUTESTITCHES,,Brute Stitches,ブルート・スティッチーズ,Brutale Nähte,Sutures Brutales,Costuras Brutales,Costuras Brutais,Грубые Швы,Cuciture Brutali,蠻力縫合怪,蛮兽缝线,난폭한 스티치즈,Brutalne Szwy,Брутальні Шви,Brute Hechtingen,Kaba Dikişler
L_MAT_VOLATILESTITCHES,,Volatile Stitches,不安定な縫合,Instabile Nähte,Sutures Instables,Suturas Volátiles,Pontos Voláteis,Нестабильные Швы,Punti Volatili,不穩定縫合,暴怒缝线,불안정한 봉합,Niestabilne Szwy,Нестабільні Шви,Vluchtige Steken,Kararsız Dikişler
L_MAT_FLESHSTITCHES,,Flesh Stitches,肉の縫合,Fleischwunden,Sutures de Chair,Costuras de Carne,Costuras de Carne,Плотские Швы,Punti di Carne,血肉縫合,血肉缝线,살점 봉합,Szwy Ciała,Плоть Зшита,Vleeshechtingen,Et Dikişleri
L_MAT_GORESTITCHES,,Gore Stitches,ゴア・スティッチ,Blutfetzen,Sutures Sanglantes,Puntadas Sangrientas,Pontos de Sangue,Кровавые Швы,Punti di Sutura Cruenti,血肉縫合,血污缝线,핏빛 봉합,Krwawe Szwy,Криваві Шви,Bloedige Hechtingen,Kan Dikişleri
L_MAT_RITUALSTITCHES,,Ritual Stitches,儀式の縫合,Rituelle Stiche,Sutures Rituelles,Puntadas Rituales,Pontos Rituais,Ритуальные Стежки,Punti Rituali,儀式縫合,仪式缝线,의식의 바느질,Rytualne Szwy,Ритуальні Стібки,Rituele Steken,Ritüel Dikişleri
L_MAT_WANDERINGSTITCHES,,Wandering Stitches,さまよう縫い目,Wandernde Stiche,Coutures Vagabondes,Puntadas Errantes,Pontos Errantes,Блуждающие Стежки,Punti Vaganti,漫遊縫線,游荡缝线,방랑하는 바느질,Błądzące Szwy,Мандрівні Стібки,Zwervende Steken,Gezgin Dikişler
L_MAT_TIMEFIGMENT,,Time Figment,時の断片,Zeitfragment,Fragment Temporel,Fragmento de Tiempo,Fragmento do Tempo,Фрагмент Времени,Frammento Temporale,時間幻影,时间幻象,시간의 잔영,Odłamek Czasu,Часовий Уламок,Tijdsfragment,Zaman Parçası
L_MAT_CHOPPERSHIV,,Chopper Shiv,チョッパーシヴ,Hackbeil-Messer,Couteau-Hachoir,Cuchillo Picador,Faca de Açougueiro,Тесак Мясника,Coltello Troncatore,砍刀,砍伐者短刀,초퍼 칼,Tasak Siekacza,Рубальний Ніж,Hakmes,Doğrayıcı Hançer
L_MAT_SAVAGEDOLL,,Savage Doll,サベージドール,Wilde Puppe,Poupée Sauvage,Muñeca Salvaje,Boneca Selvagem,Дикая Кукла,Bambola Selvaggia,野蠻娃娃,野蛮人偶,야만적인 인형,Dzika Lalka,Дикунська Лялька,Woeste Pop,Vahşi Bebek
L_MAT_DAGONFIN,,Dagon Fin,ダゴン・フィン,Dagon-Flosse,Nageoire de Dagon,Aleta de Dagón,Barbatana de Dagon,Плавник Дагона,Pinna di Dagon,達貢鰭,达贡鱼鳍,다곤 핀,Płetwa Dagona,Плавник Дагона,Dagon Vin,Dagon Yüzgeci
L_MAT_SPITTINGHUSK,,Spitting Husk,吐き出す殻,Spuckender Balg,Coque Crachante,Cáscara Escupidora,Casca Cuspidora,Плюющаяся Оболочка,Guscio Sputante,吐痰空殼,喷吐外壳,뱉는 껍질,Plująca Łuska,Плюючий Панцир,Spuwende Schil,Tüküren Kabuk
L_MAT_SLURPINGBATWINGS,,Slurping Bat Wings,スラーピングバットウィング,Schlürfende Fledermausflügel,Ailes de Chauve-souris Gluantes,Alas de Murciélago Sorbedoras,Asas de Morcego Sugadoras,Хлюпающие Крылья Летучей Мыши,Ali di Pipistrello Succhianti,吸吮蝙蝠翼,啜噬蝙蝠翅膀,후루룩 마시는 박쥐 날개,Skrzydła Mlaskającego Nietoperza,Хлюпаючі крила кажана,Slurpende Vleermuisvleugels,Şapırdayan Yarasa Kanatları
L_MAT_ITHERIANSCALES,,Itherian Scales,イセリアンの鱗,Itherianische Schuppen,Écailles d'Ithéria,Escamas Itherianas,Escamas de Itheria,Итерианская Чешуя,Scaglie Itheriane,伊瑟利安鱗片,伊瑟利安鳞片,이테리안 비늘,Łuski Itheriańskie,Ітерійська Луска,Itheriaanse Schubben,İteryan Pulları
L_MAT_BILESTITCHES,,Bile Stitches,胆汁の縫合,Gallennähte,Sutures Bilieuses,Suturas de Bilis,Suturas de Bile,Желчные Швы,Punti di Bile,膽汁縫合,胆汁缝线,담즙 봉합,Żółciowe Szwy,Жовчні Шви,Galzweren,Safra Dikişleri
L_MAT_RADIANTSPLINTERS,,Radiant Splinters,光輝の欠片,Strahlende Splitter,Éclats Radieux,Fragmentos Radiantes,Fragmentos Radiantes,Сияющие Осколки,Frammenti Radianti,光輝碎片,光辉裂片,빛나는 파편,Promienne Odłamki,Сяючі Уламки,Stralende Splinters,Işıltılı Parçacıklar
L_MAT_AEGISCLAYMORE,,Aegis Claymore,イージスクレイモア,Aegis-Claymore,Claymore d'Égide,Mandoble Égida,Claymore de Égide,Эгида Клеймор,Spadone Egida,神盾巨劍,庇护大剑,이지스 클레이모어,Miecz Obronny Aegis,Егіда Клеймор,Aegis Claymore,Aegis Kılıcı
L_MAT_FLESHSTOMPERTATTOO,,Fleshstomper Tattoo,フレッシュストンパーの刺青,Fleischstampfer-Tätowierung,Tatouage Écrase-chair,Tatuaje Aplastacarne,Tatuagem Esmagadora de Carne,Тату Мясодробителя,Tatuaggio Schiacciatore di Carne,踐肉紋身,践肉者纹身,살짓밟기 문신,Tatuaż Miazdżyciela Ciał,Тату Топтальника Плоті,Vleesvertrapper Tatoeage,Etçiğneyici Dövme
L_MAT_CREEPINGMANDIBLE,,Creeping Mandible,忍び寄る大顎,Kriechender Kiefer,Mandibule Rampante,Mandíbula Reptante,Mandíbula Rastejante,Ползучая Мандибула,Mandibola Strisciante,蠕行顎骨,潜行下颚,기어다니는 턱뼈,Pełzająca Żuwaczka,Повзуча Щелепа,Kruipende Kaak,Sürünen Çene
L_MAT_CHANGEFIGMENT,,Change Figment,フィグメント変更,Figment wechseln,Changer de Figment,Cambiar Figmento,Mudar Fragmento,Изменить Фрагмент,Cambia Figmento,更換虛影,更改幻象,환영 변경,Zmień Figment,Змінити Фігмент,Figment Wijzigen,Figment Değiştir
L_MAT_LONERMAUL,,Loner Maul,孤独者の大槌,Einzelgänger-Keule,Masse du Solitaire,Mazo del Solitario,Maça do Solitário,Булава Одиночки,Maglio del Solitario,孤獨重錘,独行者之槌,외톨이 몽둥이,Młot Samotnika,Молот Одинака,Eenzame Moker,Yalnız Topuz
L_MAT_DEVOUREREXOSKELETON,,Devourer Exoskeleton,デヴァウラー・エクソスケルトン,Verschlinger-Exoskelett,Exosquelette du Dévoreur,Exoesqueleto Devorador,Exoesqueleto Devorador,Экзоскелет Пожирателя,Esoscheletro del Divoratore,噬魂者外骨骼,吞噬者外骨骼,포식자 외골격,Egzoszkielet Pożeracza,Екзоскелет Пожирача,Verslinder Exoskelet,Yiyici Dış İskelet
L_MAT_RAIDERTUFT,,Raider Tuft,レイダーのタフト,Räuberhaarbüschel,Touffe de Pillard,Mechón de Asaltante,Tufo do Saqueador,Пучок Налётчика,Ciuffo del Predone,掠奪者毛簇,劫掠者簇毛,약탈자 터프트,Kępka Najeźdźcy,Пасмо Рейдера,Plunderaarskuif,Akıncı Tutamı
L_MAT_USURPERMANE,,Usurper Mane,簒奪者のたてがみ,Thronräuber-Mähne,Crinière de l'Usurpateur,Melena Usurpadora,Crina Usurpadora,Узурпаторская Грива,Criniera dell'Usurpatore,篡位者鬃毛,篡位者鬃毛,찬탈자의 갈기,Uzurpatorska Grzywa,Узурпаторська Грива,Overweldiger Manen,Gaspçı Yele
L_MAT_BOUNDCHAIN,,Bound Chain,束縛の鎖,Gebundene Kette,Chaîne Liée,Cadena Atada,Corrente Vinculada,Связанная Цепь,Catena Vincolante,束縛鎖鏈,受缚锁链,속박의 사슬,Łańcuch Więzów,Зв'язаний Ланцюг,Gebonden Ketting,Bağlı Zincir
L_MAT_STATICFINGER,,Static Finger,スタティックフィンガー,Statischer Finger,Doigt Statique,Dedo Estático,Dedo Estático,Статический Палец,Dito Statico,靜電之指,静电之指,정적의 손가락,Statyczny Palec,Статичний Палець,Statische Vinger,Statik Parmak
L_MAT_WHIPTAILFINGER,,Whiptail Finger,ウィップテイル・フィンガー,Peitschenschwanzfinger,Doigt Fouet,Dedo Látigo,Dedo Chicote,Хвостокол,Dito Codaflagello,鞭尾指,鞭尾之指,채찍꼬리 손가락,Palec Biczoogona,Хвостатий Палець,Zweepstaart Vinger,Kırbaç Kuyruklu Parmak
L_MAT_MOONHAMMER,,Moon Hammer,月槌,Mondhammer,Marteau Lunaire,Martillo Lunar,Martelo Lunar,Лунный Молот,Martello Lunare,月神之錘,月之锤,달 망치,Młot Księżycowy,Місячний Молот,Maanhamer,Ay Çekici
L_MAT_ETERNALCROWN,,Eternal Crown,永遠の王冠,Ewige Krone,Couronne Éternelle,Corona Eterna,Coroa Eterna,Вечная Корона,Corona Eterna,永恆之冠,神性王冠,영원한 왕관,Wieczna Korona,Вічна Корона,Eeuwige Kroon,Ebedi Taç
L_MAT_SMOKEBRACER,,Smoke Bracer,スモークブレイサー,Raucharmschiene,Bracelet de Fumée,Brazal de Humo,Bracelete de Fumaça,Дымовой Наруч,Bracciale di Fumo,煙霧護腕,烟雾护腕,연기 팔찌,Dymna Bransoleta,Димовий наруч,Rookarmband,Duman Bilekliği
L_MAT_BHUTAFLAG,,Bhuta Flag,ブータの旗,Bhuta-Flagge,Drapeau Bhuta,Bandera Bhuta,Bandeira Bhuta,Флаг Бхуты,Bandiera Bhuta,浮世旗幟,浮陀之旗,부타 깃발,Flaga Bhuty,Прапор Бхути,Bhuta Vlag,Bhuta Bayrağı
L_MAT_COROXSINEW,,Corox Sinew,コロックスの腱,Corox-Sehne,Tendon de Corox,Tendón de Corox,Tendão de Corox,Жила Корокса,Tendine di Corox,科洛克斯筋腱,科洛斯肌腱,코록스 힘줄,Ścięgno Coroxa,Сухожилля Корокса,Corox Pees,Corox Siniri
L_MAT_GHULALAMP,,Ghula Lamp,グーラランプ,Ghula-Lampe,Lampe de Ghula,Lámpara de Ghula,Lâmpada de Ghula,Лампа Гулы,Lampada di Ghula,食屍鬼燈,女鬼之灯,굴라 램프,Lampa Ghuli,Лампа Гули,Ghula Lamp,Ghula Lambası
L_MAT_CITADELBRICK,,Citadel Brick,シタデルブリック,Zitadellenstein,Brique de Citadelle,Ladrillo de Ciudadela,Tijolo da Cidadela,Кирпич Цитадели,Mattone della Cittadella,城塞磚,堡垒砖块,성채 벽돌,Cegła Cytadeli,Цитадельна Цегла,Citadelblok,Kale Tuğlası
L_MAT_SENTRYHELMET,,Sentry Helmet,歩哨のヘルメット,Wachhelm,Casque de Sentinelle,Casco Centinela,Capacete de Sentinela,Шлем Часового,Elmo da Sentinella,哨兵頭盔,哨兵头盔,보초병 투구,Hełm Strażnika,Шолом Вартового,Wachtershelm,Nöbetçi Kaskı
L_MAT_TOXICFANGHEAD,,Toxicfang Head,毒牙の頭,Giftzahnkopf,Tête de Crocvenin,Cabeza de Colmillo Tóxico,Cabeça de Presa Tóxica,Голова Ядовитого Клыка,Testa di Zannavelenosa,毒牙頭盔,毒牙之头,독사 머리,Głowa Toksycznego Kła,Голова Отруйного Ікла,Giftige Kop,Zehirli Diş Başlığı
L_MAT_SEDUCTRESSDEW,,Seductress Dew,誘惑の露,Verführerischer Tau,Rosée de Séductrice,Rocío de Seductora,Orvalho da Sedutora,Роса Соблазнительницы,Rugiada della Seduttrice,誘惑女妖之露,勾引者露水,유혹의 이슬,Czarująca Rosa,Роса Спокусниці,Verleidster Dauw,Baştan Çıkarıcı Çiy
L_MAT_VEGETABLEDOUGHBALL,,Vegetable Dough Ball,野菜団子,Gemüseteigbällchen,Boule de Pâte aux Légumes,Bola de Masa de Verduras,Bolinho de Massa Vegetal,Овощной Колобок,Polpetta di Pasta Vegetale,蔬菜麵糰,素面团,야채 반죽 경단,Kulka z Ciasta Warzywnego,Овочева тістова кулька,Groenteknoedel,Sebzeli Hamur Topu
L_MAT_DREADFULASHES,,Dreadful Ashes,恐るべき灰,Translator: Schreckliche Asche,Cendres Effroyables,Cenizas Espantosas,Cinzas Terríveis,Ужасный Пепел,Ceneri Terrificanti,恐怖灰燼,恐怖灰烬,끔찍한 재,Straszliwy Popiół,Жахливий Попіл,Verschrikkelijke As,Korkunç Küller
L_MAT_DRIFTERPOEM,,Drifter Poem,漂流者の詩,Vagabundengedicht,Poème du Vagabond,Poema del Vagabundo,Poema do Andarilho,Стихотворение Скитальца,Poema del Vagabondo,漂泊者詩篇,漂流者诗篇,방랑자의 시,Poemat Włóczęgi,Вірш Мандрівника,Zwerver Gedicht,Gezgin Şiiri
L_MAT_EFFLORESCENTBRANCH,,Efflorescent Branch,花咲く枝,Blühender Zweig,Branche Efflorescente,Rama Floreciente,Ramo Eflorescente,Цветущая Ветвь,Ramo Efflorescente,綻華枝,繁花树枝,만개한 가지,Rozkwitła Gałąź,Квітуча Гілка,Bloeiende Tak,Çiçeklenen Dal
L_MAT_SPECTRALPINION,,Spectral Pinion,霊羽,Spektralflügel,Aile Spectrale,Pinión Espectral,Pináculo Espectral,Призрачное Крыло,Penna Spettrale,幽靈之翼,幽灵翎羽,유령 날개,Widmowe Skrzydło,Примарне Крило,Spectraal Vleugel,Hayaletsi Kanat
L_MAT_DECEPTIVETOOTH,,Deceptive Tooth,欺瞞の牙,Trügerischer Zahn,Dent Trompeuse,Colmillo Engañoso,Dente Enganador,Обманчивый Клык,Dente Ingannevole,詭詐之牙,欺诈之牙,기만의 이빨,Zwodliwy Kieł,Оманливий Зуб,Bedrieglijke Tand,Aldatıcı Diş
L_MAT_PLAGUEBEARERPINCER,,Plaguebearer Pincer,疫病運び鋏,Pestseuchen-Kneifer,Pince du Pestiféré,Pinza del Portador de Plaga,Pinça do Portador da Praga,Клешня Чумоносца,Chela del Portapeste,瘟疫使者之鉗,瘟疫使者之钳,역병전파자 집게,Kleszcze Nosiciela Zarazy,Клешня Чумоносця,Pestdrager Klauw,Veba Taşıyıcı Kıskaç
L_MAT_SHACKLEDTREETRUNK,,Shackled Tree Trunk,鎖でつながれた木の幹,Gefesselter Baumstamm,Tronc d'Arbre Enchaîné,Tronco de Árbol Encadenado,Tronco de Árvore Acorrentado,Скованный Ствол Дерева,Tronco d'Albero Incatenato,被束縛的樹幹,束缚树干,쇠사슬에 묶인 나무 줄기,Spętany Pień Drzewa,Закутий Стовбур Дерева,Geketende Boomstam,Zincirlenmiş Ağaç Gövdesi
L_MAT_STONEHORNTEETH,,Stonehorn Teeth,ストーンホーンの牙,Steinhorn-Zähne,Dents de Cornépierre,Dientes de Cuerno Pétreo,Dentes de Chifre de Pedra,Зубы Камнерога,Denti di Corno di Pietra,石角獸牙,石角之齿,돌뿔 이빨,Zęby Kamiennego Rogu,Зуби Кам'яного Рогу,Steenhoorn Tanden,Taşboynuz Dişleri
L_MAT_FESTERINGTOE,,Festering Toe,膿んだ足指,Eiternder Zeh,Orteil Purulent,Dedo Purulento,Dedo Putrefato,Гниющий Палец,Dito Putrescente,腐爛的腳趾,腐烂之趾,썩어가는 발가락,Gnijący Palec,Гниючий Палець,Etterende Teen,Çürüyen Parmak
L_MAT_MYSTICALBOULDER,,Mystical Boulder,神秘の岩,Mystischer Felsen,Rocher Mystique,Roca Mística,Pedra Mística,Мистический Валун,Masso Mistico,神秘巨石,神秘巨石,신비한 바위,Mistyczny Głaz,Містичний Валун,Mystieke Rotsblok,Mistik Kaya
L_MAT_MUDCOG,,Mud Cog,マッドコグ,Schlammzahnrad,Engrenage de Boue,Engranaje de Barro,Engrenagem de Lama,Грязевая шестерня,Ingranaggio di Fango,泥齒輪,泥土齿轮,진흙 톱니바퀴,Błotne Tryby,Брудний Механізм,Modderrad,Çamur Dişli
L_MAT_TRICKSTERSNAKE,,Trickster Snake,トリックスター・スネーク,Schlangenbetrüger,Serpent Fourbe,Serpiente Embaucadora,Serpente Trapaceira,Змей-обманщик,Serpente Ingannatore,詭術之蛇,诡术师之蛇,교활한 뱀,Wężowy Szachraj,Змій-хитрун,Bedriegersslang,Hilekâr Yılan
L_MAT_ARCHERBEAK,,Archer Beak,アーチャービーク,Bogenschnabel,Bec d'Archer,Pico de Arquero,Bico de Arqueiro,Клюв Лучника,Becco dell'Arciere,弓箭鳥喙,射手鸟喙,궁수 부리,Dziób Łucznika,Дзьоб Лучника,Boogschutterbek,Okçu Gaga
L_MAT_HIDDENPARCHMENT,,Hidden Parchment,隠された羊皮紙,Verborgenes Pergament,Parchemin caché,Pergamino Oculto,Pergaminho Oculto,Скрытый пергамент,Pergamena Nascosta,隱藏的羊皮紙,隐秘羊皮纸,숨겨진 양피지,Ukryty Pergamin,Прихований пергамент,Verborgen Perkament,Gizli Parşömen
L_MAT_MARAUDERCREST,,Marauder Crest,マローダー・クレスト,Marodeur-Wappen,Emblème du Maraudeur,Emblema del Merodeador,Emblema do Saqueador,Герб Мародёра,Emblema del Predone,掠奪者紋章,猎食者饰章,약탈자 문장,Godło Grabieżcy,Герб Мародера,Plunderaarskam,Yağmacı Arması
L_MAT_BONECOLLAR,,Bone Collar,骨の首輪,Knochenhalsband,Collier d'Os,Collar de Hueso,Colar de Ossos,Костяной ошейник,Collare d'Ossa,骨頸圈,枯骨项圈,뼈 목걸이,Obroża z Kości,Кістяний Нашийник,Bottenband,Kemik Tasma
L_MAT_SCOUTGLAIVE,,Scout Glaive,スカウト・グレイブ,Kundschafter-Gleve,Glaive Éclaireur,Glaive Explorador,Glaive Batedor,Разведчик-глефа,Glaive Esploratore,偵查長刃,侦察兵宽刀,정찰 글레이브,Zwiadowca Glewii,Розвідник-глефа,Verkenner Glaive,İzci Glaive
L_MAT_SILENTGLAIVE,,Silent Glaive,サイレントグレイブ,Stille Gleve,Glaive Silencieux,Guja Silenciosa,Glaive Silenciosa,Безмолвная Глефа,Falce Silenziosa,寂靜戰戟,寂静宽刀,고요한 창,Cicha Glewia,Безмовна Глефа,Stille Glaive,Sessiz Glaive
L_MAT_MARBLEORE,,Marble Ore,大理石鉱石,Marmorerz,Minerai de marbre,Mineral de Mármol,Minério de Mármore,Мраморная руда,Minerale di Marmo,大理石礦,大理石矿石,대리석 광석,Ruda Marmuru,Мармуровий камінь,Marmererts,Mermer Cevheri
L_MAT_ROCKCHARM,,Rock Charm,岩のお守り,Steinamulett,Charme de Pierre,Amuleto de Roca,Amuleto de Pedra,Каменный Амулет,Amuleto di Pietra,岩石護符,岩石咒符,바위 부적,Kamienny Amulet,Кам'яний Амулет,Rotssteen,Kaya Muskası
L_MAT_INCANDESCENTEAR,,Incandescent Ear,輝耳,Leuchtendes Ohr,Oreille Incandescente,Oreja Incandescente,Orelha Incandescente,Сияющее Ухо,Orecchio Incandescente,熾熱之耳,炽热之耳,빛나는 귀,Rozświetlone Ucho,Сяюче Вухо,Gloeiend Oor,Işıldayan Kulak
L_MAT_BLOODPIMPLE,,Blood Pimple,血の吹き出物,Blutpickel,Pustule Sanglante,Grano de Sangre,Espinha de Sangue,Кровавый Прыщ,Pustola di Sangue,血痘,血之脓包,피고름,Krwawy Pryszcz,Кривавий Прищ,Bloedpuist,Kan Sivilcesi
L_MAT_NECROMANCERKNIFE,,Necromancer Knife,ネクロマンサーナイフ,Nekromantendolch,Couteau de Nécromancien,Cuchillo de Nigromante,Adaga do Necromante,Нож Некроманта,Pugnale del Negromante,死靈法師匕首,死灵法师匕首,사령술사의 단검,Nóż Nekromanty,Ніж некроманта,Necromancermesje,Nekromancer Bıçağı
L_MAT_PROWLINGTAIL,,Prowling Tail,忍び寄る尻尾,Lauernder Schweif,Queue en chasse,Cola Acechante,Cauda Espreitante,Крадущийся Хвост,Coda Furtiva,潛行之尾,潜行之尾,배회하는 꼬리,Skradający się Ogon,Крадучийся хвіст,Sluipende Staart,Pusu Kuran Kuyruk
L_MAT_LANCERPLATE,,Lancer Plate,ランサープレート,Lanzenrüstung,Plaque de Lancier,Coraza de Lancero,Armadura de Lanceiro,Латная броня копейщика,Corazza del Lanciere,槍騎兵板甲,枪兵板甲,랜서 플레이트,Płyta Lansjerska,Лицарський обладунок,Lansierplaat,Mızrakçı Zırhı
L_MAT_ANGLERSTAKE,,Angler Stake,アングラーステーク,Angelrute,Piquet de Pêcheur,Estaca de Pescador,Estaca de Pescador,Рыбацкий кол,Palo da Pescatore,釣魚者木樁,渔夫刑柱,낚시꾼 말뚝,Pal Wędkarza,Рибальський кілок,Hengelaarspaal,Balıkçı Kazığı
L_MAT_PARALYZERGOO,,Paralyzer Goo,麻痺の粘液,Lähmungsschleim,Gelée Paralysante,Baba Paralizante,Gosma Paralisante,Парализующая слизь,Melma Paralizzante,麻痺黏液,麻痹者黏液,마비 점액,Paraliżujący Szlam,Паралізуючий слиз,Verlammende Smurrie,Felç Edici Sıvı
L_MAT_SWARMWRAPPINGS,,Swarm Wrappings,群れの包帯,Schwarmumhüllung,Bandelettes d'Essaim,Envolturas de Enjambre,Envoltórios de Enxame,Обмотки Роя,Bende dello Sciame,蟲群纏繞,集群绷带,군체 붕대,Owijacze Roju,Обмотки Рою,Zwermomhulsels,Sürü Sargıları
L_MAT_BACKSTABBERMASK,,Backstabber Mask,裏切り者の仮面,Meuchelmördermaske,Masque du Traître,Máscara del Apuñalador,Máscara do Apunhalador,Маска Предателя,Maschera del Pugnalatore alle Spalle,背刺者面具,背刺者面具,암습자의 가면,Maska Skrytobójcy,Маска Зрадника,Sluipmoordenaarsmasker,Sırttan Bıçaklayan Maske
L_MAT_CELESTIALORB,,Celestial Orb,天空のオーブ,Himmlische Kugel,Orbe Céleste,Orbe Celestial,Orbe Celestial,Небесная Сфера,Sfera Celeste,天界寶珠,天界宝珠,천체의 오브,Niebiańska Kula,Небесна Сфера,Hemelse Bol,Göksel Küre
L_MAT_MALUHEYEBALL,,Maluh Eyeball,マルー・アイボール,Maluh-Augapfel,Œil de Maluh,Ojo de Maluh,Olho de Maluh,Глаз Малуха,Occhio di Maluh,瑪魯眼球,玛露眼球,말루 눈알,Oko Maluha,Око Малуха,Maluh Oogbol,Maluh Gözü
L_MAT_GIANTAMETHYST,,Giant Amethyst,巨大なアメジスト,Riesiger Amethyst,Améthyste géante,Amatista Gigante,Ametista Gigante,Гигантский аметист,Ametista Gigante,巨型紫水晶,巨型紫晶,거대한 자수정,Gigantyczny Ametyst,Гігантський аметист,Reusachtige Amethist,Dev Ametist
L_MAT_GIANTOPAL,,Giant Opal,巨大オパール,Riesenopal,Opale géante,Ópalo Gigante,Opala Gigante,Гигантский Опал,Opale Gigante,巨型蛋白石,巨型欧泊,거대한 오팔,Gigantyczny Opal,Гігантський Опал,Reuzeopaal,Dev Opal
L_MAT_ROGUEPRISM,,Rogue Prism,ローグプリズム,Schurkenprismen,Prisme Félon,Prisma Pícaro,Prisma Ladino,Разбойничья Призма,Prisma del Furfante,盜賊稜鏡,游荡者棱镜,로그 프리즘,Rozbójniczy Pryzmat,Розбійницька Призма,Schurkenprisma,Haydut Prizma
L_MAT_TRANSCENDEDPLUME,,Transcended Plume,超越の羽,Transzendierte Feder,Plume Transcendée,Pluma Trascendida,Pluma Transcendida,Возвышенное Перо,Piuma Trascesa,超越之羽,超凡羽毛,초월한 깃털,Transcendentne Pióro,Трансцендентне Перо,Getranscendeerde Veer,Aşkın Tüy
L_MAT_HARVESTERSICKLE,,Harvester Sickle,収穫鎌,Erntersichel,Faucille du Moissonneur,Hoz de Cosechador,Foice do Ceifador,Серп Жнеца,Falce del Mietitore,收割鐮刀,收割者镰刀,수확자의 낫,Sierp Żniwiarza,Серп Жнеця,Oogsterzeis,Hasat Orağı
L_MAT_HERBALISTSICKLE,,Herbalist Sickle,薬草師の鎌,Kräutersichel,Faucille d'Herboriste,Hoz de Herbolario,Foice do Herborista,Серп Травника,Falce dell'Erborista,藥草師鐮刀,草药师镰刀,약초사의 낫,Sierp Zielarza,Серп травника,Kruidensnijmes,Şifacı Orağı
L_MAT_LURKINGACID,,Lurking Acid,潜む酸,Lauernde Säure,Acide Embusqué,Ácido Acechante,Ácido Furtivo,Затаившаяся кислота,Acido Furtivo,潛伏酸液,潜伏酸液,잠복 산성,Czający się Kwas,Прихована Кислота,Sluipend Zuur,Sinsi Asit
L_MAT_TORMENTERGANGLION,,Tormenter Ganglion,トーメンター・ガングリオン,Quälerganglion,Ganglion Tourmenteur,Ganglio Atormentador,Gânglio Atormentador,Ганглий Мучителя,Ganglio Tormentatore,折磨神經節,折磨者神经节,고문자 신경절,Zwój Dręczyciela,Вузол Мучителя,Kwellende Ganglion,Azap Verici Ganglion
L_MAT_PROPHETICEMBRYO,,Prophetic Embryo,予言の胎児,Prophetischer Embryo,Embryon Prophétique,Embrión Profético,Embrião Profético,Пророческий Эмбрион,Embrione Profetico,預言胚胎,预言胚胎,예언의 태아,Proroczy Embrion,Пророчий Ембріон,Profetisch Embryo,Kehanetli Embriyo
L_MAT_DESERTROD,,Desert Rod,砂漠の杖,Wüstenstab,Bâton du Désert,Vara del Desierto,Bastão do Deserto,Посох Пустыни,Bastone del Deserto,沙漠杖,沙漠权杖,사막 지팡이,Pustynna Różdżka,Пустельний Жезл,Woestijnstaf,Çöl Asası
L_MAT_GUARDIANCLAW,,Guardian Claw,ガーディアンクロー,Wächter-Klaue,Griffe du Gardien,Garra del Guardián,Garra do Guardião,Коготь Стража,Artiglio del Guardiano,守護者之爪,守护者之爪,수호자의 발톱,Pazur Strażnika,Кіготь Охоронця,Beschermersklauw,Koruyucu Pençe
L_MAT_PLAGUESCYTHE,,Plague Scythe,疫病の大鎌,Seuchensense,Faux de la Peste,Guadaña de Plaga,Foice da Peste,Коса Чумы,Falce della Peste,瘟疫鐮刀,瘟疫之镰,역병 낫,Kosa Zarazy,Коса Чуми,Pestscythe,Veba Tırpanı
L_MAT_GORLUMSOIL,,Gorlum Soil,ゴーラムの土,Gorlum-Erde,Terre de Gorlum,Tierra de Gorlum,Solo de Gorlum,Почва Горлума,Terreno di Gorlum,戈倫土壤,戈鲁姆土壤,고를럼 토양,Ziemia Gorlum,Ґрунт Горлума,Gorlum Aarde,Gorlum Toprağı
L_MAT_APOLLINAIRESILK,,Apollinaire Silk,アポリネール・シルク,Apollinaire Silk,Apollinaire Silk,Apollinaire Silk,Apollinaire Silk,Аполлинер Силк,Apollinaire Silk,阿波利奈爾·席爾克,阿波利奈尔丝绸,아폴리네르 실크,Apollinaire Silk,Аполлінер Шовк,Apollinaire Silk,Apollinaire Silk
L_MAT_CHAOSOIL,,Chaos Oil,混沌の油,Chaos-Öl,Huile de Chaos,Aceite del Caos,Óleo do Caos,Масло Хаоса,Olio del Caos,混沌之油,混沌油,혼돈의 오일,Olej Chaosu,Олія Хаосу,Chaos Olie,Kaos Yağı
L_MAT_FOOLHARP,,Fool Harp,フールハープ,Narrenharfe,Harpe du Fou,Arpa del Bufón,Harpa do Tolo,Арфа Шута,Arpa del Folle,愚者豎琴,愚者竖琴,바보 하프,Harfa Głupca,Арфа Блазня,Dwaasharp,Aptal Arp
L_MAT_NEXSYMBOL,,Nex Symbol,ネクスシンボル,Nex-Symbol,Symbole Nex,Símbolo Nex,Símbolo Nex,Символ Некса,Simbolo Nex,奈克斯符號,奈克斯符号,넥스 심볼,Symbol Nex,Символ Некс,Nex Symbool,Nex Sembolü
L_MAT_WANDERINGINCENSE,,Wandering Incense,彷徨う香,Wandernder Weihrauch,Encens Vagabond,Incienso Errante,Incenso Errante,Блуждающий Фимиам,Incenso Vagante,流浪香,游荡熏香,방랑의 향,Wędrowne Kadzidło,Мандрівний Ладан,Zwervende Wierook,Gezgin Tütsü
L_MAT_APPRENTICEPLASMA,,Apprentice Plasma,見習いプラズマ,Lehrling des Plasmas,Apprenti Plasma,Aprendiz de Plasma,Aprendiz de Plasma,Ученик Плазмы,Apprendista Plasma,學徒電漿,学徒血浆,견습 플라즈마,Uczeń Plazmy,Учень Плазми,Leerling Plasma,Çırak Plazma
L_MAT_VENGEFULLAMP,,Vengeful Lamp,復讐のランプ,Rachsüchtige Lampe,Lampe Vengeresse,Lámpara Vengativa,Lâmpada Vingativa,Мстительная Лампа,Lampada Vendicativa,復仇之燈,复仇之灯,복수의 등잔,Mściwa Lampa,Мстива Лампа,Wraakzuchtige Lamp,İntikamcı Lamba
L_MAT_BOOKOFIMPOSITION,,Book of Imposition,強制の書,Buch der Auferlegung,Livre d'Imposition,Libro de Imposición,Livro da Imposição,Книга Наложения,Libro dell'Imposizione,強制之書,征收之书,부과의 서,Księga Narzucenia,Книга Накладання,Boek van Oplegging,Dayatma Kitabı
L_MAT_BUCCANEERBONE,,Buccaneer Bone,バッカニアの骨,Freibeuterknochen,Ossement de Boucanier,Hueso de Bucanero,Osso de Bucaneiro,Пиратская Кость,Osso del Bucaniere,海盜骨頭,海盗之骨,해적 뼈,Kość Korsarza,Кістка Буканьєра,Boekanier Bot,Korsan Kemiği
L_MAT_CURSEDOOZE,,Cursed Ooze,呪われたスライム,Verfluchter Schleim,Limon Maudit,Limo Maldito,Gosma Amaldiçoada,Проклятая Слизь,Melma Maledetta,詛咒軟泥,诅咒软泥,저주받은 점액,Przeklęta Maź,Проклятий Слиз,Vervloekte Slijm,Lanetli Balçık
L_MAT_INFESTEDOOZE,,Infested Ooze,感染したスライム,Verseuchter Schleim,Limon Infesté,Limo Infestado,Gosma Infestada,Заражённая Слизь,Melma Infestata,感染軟泥,染病软泥,감염된 점액,Zainfekowana Maź,Заражена Слизь,Geïnfesteerde Slijm,Enfekte Balçık
L_MAT_WARAXE,,War Axe,戦斧,Kriegsaxt,Hache de guerre,Hacha de Guerra,Machado de Guerra,Боевой топор,Ascia da Guerra,戰斧,战斧,전투도끼,Topór Wojenny,Бойова сокира,Strijdbijl,Savaş Baltası
L_MAT_TOXICSMOKE,,Toxic Smoke,毒煙,Giftiger Rauch,Fumée Toxique,Humo Tóxico,Fumaça Tóxica,Токсичный Дым,Fumo Tossico,毒煙,剧毒之烟,독성 연기,Toksyczny Dym,Токсичний дим,Giftige Rook,Zehirli Duman
L_MAT_WOEFULEMBRYO,,Woeful Embryo,悲惨な胚,Jammervoller Embryo,Embryon Lamentable,Embrión Lamentable,Embrião Lamentável,Горестный Эмбрион,Embrione Miserabile,悲慘胚胎,悲惨胚胎,비통한 태아,Żałosny Embrion,Скорботний Ембріон,Jammerlijke Embryo,Acınası Embriyo
L_MAT_BOOKOFPAIN,,Book of Pain,苦痛の書,Buch des Schmerzes,Livre de Douleur,Libro del Dolor,Livro da Dor,Книга Боли,Libro del Dolore,痛苦之書,痛苦之书,고통의 서,Księga Bólu,Книга Болю,Boek van Pijn,Acı Kitabı
L_MAT_SUBAQUEOUSDRAGONSCALE,,Subaqueous Dragon Scale,水中竜の鱗,Unterwasserdrachen-Schuppe,Écaille de Dragon Subaquatique,Escama de Dragón Subacuática,Escama de Dragão Subaquática,Чешуя Подводного Дракона,Scaglia di Drago Subacquea,水下龍鱗,水下龙鳞,수중 용비늘,Smocza Łuska Podwodna,Підводна Луска Дракона,Onderwaterdraken Schub,Sualtı Ejderha Pulu
L_MAT_YOUNGSTERSWEAT,,Youngster Sweat,若者の汗,Jungspund-Schweiß,Sueur de Jeunot,Sudor de Novato,Suor de Jovem,Пот Юнца,Sudore del Giovincello,少年汗水,幼崽汗液,초보자의 땀,Pot Młodzika,Піт Юнака,Jonge Zweter,Genç Ter
L_MAT_FOGFLUFF,,Fog Fluff,フォグフラフ,Nebelflausch,Duvet de Brume,Pelusa de Niebla,Tufos de Névoa,Туманный Пух,Batuffolo di Nebbia,霧絨,迷雾绒毛,안개 솜털,Mgielna Puszystość,Туманний Пух,Mistpluis,Sis Tüyü
L_MAT_ABSTRACTANTLER,,Abstract Antler,抽象的な枝角,Abstraktes Geweih,Bois Abstrait,Asta Abstracta,Chifre Abstrato,Абстрактный Рог,Corno Astratto,抽象鹿角,虚象鹿角,추상적인 뿔,Abstrakcyjne Poroże,Абстрактні Роги,Abstracte Gewei,Soyut Boynuz
L_MAT_MALIGNANTCLOUD,,Malignant Cloud,悪性の雲,Bösartige Wolke,Nuage Malin,Nube Maligna,Nuvem Maligna,Зловещее Облако,Nube Maligna,惡性雲霧,恶意之云,악성 구름,Złowroga Chmura,Зловісна Хмара,Kwaadaardige Wolk,Habis Bulut
L_MAT_MALIGNANTFLUFF,,Malignant Fluff,悪性の綿毛,Bösartiger Flaum,Duvet Malin,Pelusa Maligna,Pelúcia Maligna,Зловещий Пух,Batuffolo Maligno,惡性絨毛,恶意绒毛,악성 솜털,Złośliwy Puch,Злоякісний Пух,Kwaadaardig Pluis,Habis Tüy
L_MAT_LIFETAKERBELL,,Lifetaker Bell,生命奪取の鐘,Lebensnehmer-Glocke,Cloche Voleuse de Vie,Campana Robavidas,Sino Devorador de Vida,Колокол Похитителя Жизни,Campana Ruba-Vita,奪命之鐘,夺命者铃铛,생명탈취의 종,Dzwon Zabójcy Życia,Дзвін Викрадача Життя,Levensnemer Bel,Yaşam Çalan Çan
L_MAT_FIREWALKERHORSESHOE,,Firewalker Horseshoe,火渡りの蹄鉄,Feuerwandler-Hufeisen,Fer à Cheval du Marcheur de Feu,Herradura del Caminante de Fuego,Ferradura do Caminhante de Fogo,Подкова Огнеходца,Ferro di Cavallo del Camminafuoco,火行者馬蹄鐵,火行者马掌,불길걸음 편자,Podkowa Ognistego Wędrowca,Підкова Вогнеходця,Vuurloper Hoefijzer,Ateş Yürüyücüsü Nalı
L_MAT_DUELISTRAPIER,,Duelist Rapier,決闘家のレイピア,Duellanten-Rapier,Rapière de Duelliste,Estoque de Duelista,Florete do Duelista,Рапира дуэлянта,Stocco del Duellante,決鬥者細劍,决斗者刺剑,결투가의 레이피어,Rapier Pojedynkowicza,Рапіра дуелянта,Duellistenrapier,Düellocu Rapyeri
L_MAT_OBSERVERWIND,,Observer Wind,観察者の風,Windbeobachter,Observateur du Vent,Observador del Viento,Vento Observador,Наблюдатель Ветра,Osservatore del Vento,觀風者,观察者之风,관찰자의 바람,Obserwator Wiatru,Спостерігач Вітру,Windwaarnemer,Gözlemci Rüzgar
L_MAT_INCARNATETOTEM,,Incarnate Totem,化身のトーテム,Inkarnationstotem,Totem d'Incarnation,Tótem Encarnado,Totem Encarnado,Тотем Воплощения,Totem Incarnato,化身圖騰,化身图腾,화신 토템,Totem Wcielenia,Тотем Втілення,Incarnatietotem,Enkarne Totemi
L_MAT_SCOUTSTINGER,,Scout Stinger,スカウトスティンガー,Kundschafter-Stachel,Dard Éclaireur,Aguijón Explorador,Ferrão do Batedor,Жало Разведчика,Scout Stinger,偵查刺針,侦察兵蜂刺,정찰 스팅어,Żądło Zwiadowcy,Жало Розвідника,Verkenner Stinger,İzci Sokucusu
L_MAT_SENTINELTEARS,,Sentinel Tears,センチネルの涙,Tränen des Wächters,Larmes du Sentinelle,Lágrimas del Centinela,Lágrimas do Sentinela,Слезы Стража,Lacrime del Sentinella,哨兵之淚,哨兵之泪,파수꾼의 눈물,Łzy Strażnika,Сльози Вартового,Tranen van de Wachter,Muhafız Gözyaşları
L_MAT_FROSTBITERATTLE,,Frostbite Rattle,フロストバイト・ラトル,Frostbiss-Rassel,Crécelle Givreuse,Cascabel de Escarcha,Chocalho Congelante,Морозная Погремушка,Sonaglio Gelido,霜咬響尾,霜噬之响,서리물린 딸랑이,Grzechotka Mrozu,Морозний Брязкіт,Vorstbeet Rammelaar,Ayaz Çıngırağı
L_MAT_DOCILECARROT,,Docile Carrot,おとなしいニンジン,Zahme Karotte,Carotte Docile,Zanahoria Dócil,Cenoura Dócil,Послушная Морковь,Carota Docile,溫馴胡蘿蔔,温顺胡萝卜,순한 당근,Potulna Marchewka,Покірна Морква,Makke Wortel,Uysal Havuç
L_MAT_EXPERTSCALPEL,,Expert Scalpel,エキスパートメス,Meisterskalpell,Scalpel d'Expert,Bisturí Experto,Bisturi de Especialista,Скальпель эксперта,Bisturi Esperto,專家手術刀,专家解剖刀,전문가의 메스,Mistrzowski Skalpel,Експертний скальпель,Meesterlijk Scalpel,Uzman Neşter
L_MAT_PARTICLEOFEMLAI,,Particle of Emlai,エムライの粒子,Partikel von Emlai,Particule d'Emlai,Partícula de Emlai,Partícula de Emlai,Частица Эмлай,Particella di Emlai,埃姆萊粒子,恩来微粒,엠라이의 입자,Cząstka Emlai,Частинка Емлаю,Deeltje van Emlai,Emlai Parçacığı
L_MAT_ANCIENTSNOWBALL,,Ancient Snowball,古代の雪玉,Uralter Schneeball,Boule de Neige Ancienne,Bola de Nieve Antigua,Bola de Neve Ancestral,Древний Снежок,Palla di Neve Antica,遠古雪球,远古雪球,고대 눈덩이,Starożytna Śnieżka,Древня Снігова Куля,Oeroude Sneeuwbal,Kadim Kartopu
L_MAT_PANDEMONIUMBEAD,,Pandemonium Bead,パンデモニウムビーズ,Pandämonium-Perle,Perle de Pandémonium,Cuenta del Pandemonio,Conta do Pandemônio,Бусина Пандемониума,Perla del Pandemonio,混沌珠,混乱宝珠,혼돈의 구슬,Koralik Pandemonium,Намисто Пандемоніуму,Pandemonium Kraal,Kargaşa Boncuğu
L_MAT_PANDEMONIUMLEAF,,Pandemonium Leaf,パンデモニウムの葉,Pandämoniumblatt,Feuille de Pandémonium,Hoja de Pandemonio,Folha do Pandemônio,Лист Пандемониума,Foglia del Pandemonio,混沌之葉,混乱树叶,혼돈의 잎,Liść Pandemonium,Лист Пандемоніуму,Pandemonium Blad,Kargaşa Yaprağı
L_MAT_PANDEMONIUMTRINKET,,Pandemonium Trinket,パンデモニウムの装身具,Pandämonium-Kleinod,Babiole du Pandémonium,Baratija del Pandemonio,Amuleto do Pandemônio,Безделушка Пандемониума,Amuleto del Pandemonio,混沌飾品,混乱饰物,판데모니움 장신구,Bibelot Pandemonium,Амулет Пандемоніуму,Pandemonium Sieraad,Pandemonium Muska
L_MAT_PANDEMONIUMSTONE,,Pandemonium Stone,パンデモニウムストーン,Pandämoniumstein,Pierre de Pandémonium,Piedra del Pandemonio,Pedra do Pandemônio,Камень Пандемониума,Pietra del Pandemonio,混沌石,混乱石块,혼돈의 돌,Kamień Pandemonium,Камінь Пандемоніуму,Pandemonium Steen,Kargaşa Taşı
L_MAT_PANDEMONIUMJUICE,,Pandemonium Juice,パンデモニウムジュース,Pandämonium-Saft,Jus de Pandémonium,Jugo de Pandemonio,Suco do Pandemônio,Сок Пандемониума,Succo del Pandemonium,混沌果汁,混乱汁液,판데모니움 주스,Sok Pandemonium,Сік Пандемоніуму,Pandemonium Sap,Pandemonium Suyu
L_MAT_PANDEMONIUMICHOR,,Pandemonium Ichor,パンデモニウム・アイコール,Pandämonium-Ichor,Ichor du Pandémonium,Icor de Pandemonio,Ícor do Pandemônio,Ихор Пандемониума,Icore del Pandemonio,混沌魔液,混乱灵液,혼돈의 영액,Posoka Pandemonium,Ікор Пандемоніуму,Pandemonium Ichor,Pandemonium Özsuyu
L_MAT_PANDEMONIUMBRAIN,,Pandemonium Brain,パンデモニウム・ブレイン,Pandämonium-Gehirn,Cerveau du Pandémonium,Cerebro del Pandemonio,Cérebro do Pandemônio,Мозг Пандемониума,Cervello del Pandemonio,混沌魔腦,混乱大脑,판데모니움 브레인,Mózg Pandemonium,Мозок Пандемоніуму,Pandemonium Brein,Cehennem Beyni
L_MAT_PANDEMONIUMSKULL,,Pandemonium Skull,パンデモニウムの髑髏,Pandämonium-Schädel,Crâne du Pandémonium,Cráneo del Pandemonio,Crânio do Pandemônio,Череп Пандемониума,Teschio del Pandemonio,混沌骷髏,混乱头骨,혼돈의 해골,Czaszka Pandemonium,Череп Пандемоніуму,Pandemonium Schedel,Kargaşa Kafatası
L_MAT_PANDEMONIUMFLAME,,Pandemonium Flame,パンデモニウムフレイム,Pandämoniumsflamme,Flamme du Pandémonium,Llama del Pandemonio,Chama do Pandemônio,Пламя Пандемониума,Fiamma del Pandemonio,混沌烈焰,混乱火焰,혼돈의 불꽃,Płomień Pandemonium,Полум'я Пандемоніуму,Pandemonium Vlam,Cehennem Alevi
L_MAT_HEBRON'SBROKENPLATE,,Hebron's Broken Plate,ヘブロンの割れた皿,Hebrons zerbrochener Teller,L'Assiette Brisée d'Hebron,Plato Roto de Hebrón,Prato Quebrado de Hebron,Разбитая тарелка Хеброна,Piatto Rotto di Hebron,希伯倫的破碎餐盤,赫布隆的破碎餐盘,헤브론의 깨진 접시,Rozbity Talerz Hebrona,Розбита Тарілка Геброна,Hebrons Gebroken Bord,Hebron'un Kırık Tabağı
L_MAT_HEBRON'SBROKENSHIELD,,Hebron's Broken Shield,ヘブロンの砕けた盾,Hebrons Zerbrochener Schild,Bouclier Brisé d'Hébron,Escudo Roto de Hebrón,Escudo Quebrado de Hebron,Сломанный Щит Хеброна,Scudo Infranto di Hebron,希伯倫的破盾,赫布隆的破碎之盾,헤브론의 부서진 방패,Pęknięta Tarcza Hebrona,Розбитий Щит Геброна,Hebrons Gebroken Schild,Hebron'un Kırık Kalkanı
L_MAT_HEBRON'SBROKENGAUNTLET,,Hebron's Broken Gauntlet,ヘブロンの壊れた篭手,Hebrons Zerbrochener Handschuh,Gantelet Brisé d'Hébron,Guantelete Roto de Hebrón,Manopla Quebrada de Hebron,Сломанная Рукавица Хеброна,Guanto Infranto di Hebron,希伯倫的破碎護手,赫布隆的破碎护手,헤브론의 부서진 건틀릿,Pęknięta Rękawica Hebrona,Зламана Рукавиця Геброна,Hebrons Gebroken Handschoen,Hebron'un Kırık Eldiveni
L_MAT_HEBRON'SBROKENHELMET,,Hebron's Broken Helmet,ヘブロンの壊れた兜,Hebrons zerbrochener Helm,Heaume Brisé d'Hebron,Casco Roto de Hebrón,Elmo Quebrado de Hebron,Сломанный шлем Хеброна,Elmo Spezzato di Hebron,希伯倫的破損頭盔,赫布隆的破损头盔,헤브론의 부서진 투구,Pęknięty Hełm Hebrona,Розбитий шолом Геброна,Hebrons Gebroken Helm,Hebron'un Kırık Miğferi
L_MAT_NERLYX'SCLOSEDEYE,,Nerlyx's Closed Eye,ネリクスの閉じた目,Nerlyx' geschlossenes Auge,L'Œil Fermé de Nerlyx,Ojo Cerrado de Nerlyx,Olho Fechado de Nerlyx,Сомкнутый Глаз Нерликса,L'Occhio Chiuso di Nerlyx,奈利克斯的閉眼,奈利克斯的闭合之眼,넬릭스의 감긴 눈,Zamknięte Oko Nerlyxa,Закрите Око Нерлікса,Nerlyx' Gesloten Oog,Nerlyx'in Kapalı Gözü
L_MAT_NERLYX'SDAMAGEDCORNEA,,Nerlyx's Damaged Cornea,ネリクスの損傷した角膜,Nerlyx' beschädigte Hornhaut,Cornée Endommagée de Nerlyx,Córnea Dañada de Nerlyx,Córnea Danificada de Nerlyx,Поврежденная роговица Нерликса,Cornea Danneggiata di Nerlyx,奈利克斯的受損角膜,奈利克斯的受损角膜,넬릭스의 손상된 각막,Uszkodzona rogówka Nerlyxa,Пошкоджена рогівка Нерлікса,Beschadigde Hoornvlies van Nerlyx,Nerlyx'in Hasarlı Kornea
L_MAT_NERLYX'SGORGEDVEIN,,Nerlyx's Gorged Vein,ネリクスの肥大した血管,Nerlyx' Geschwollene Ader,Veine Gorgée de Nerlyx,Vena Engullida de Nerlyx,Veia Ingurgitada de Nerlyx,Разбухшая Вена Нерликса,Vena Ingorgata di Nerlyx,奈利克斯的脹滿血管,奈利克斯的饱胀血管,네릭스의 부풀어 오른 혈관,Napęczniała Żyła Nerlyxa,Переповнена Вена Нерлікса,Nerlyx's Opgezwollen Ader,Nerlyx'in Şişkin Damarı
L_MAT_ZENPANG'SFEATHER,,Zenpang's Feather,ゼンパングの羽,Zenpangs Feder,Plume de Zenpang,Pluma de Zenpang,Pena de Zenpang,Перо Зенпанга,Piuma di Zenpang,禪胖的羽毛,禅庞的羽毛,젠팡의 깃털,Pióro Zenpanga,Перо Зенпанга,Zenpang's Veer,Zenpang'ın Tüyü
L_MAT_ZENPANG'SBOUNTY,,Zenpang's Bounty,ゼンパングの賞金,Zenpangs Kopfgeld,Prime de Zenpang,Recompensa de Zenpang,Recompensa de Zenpang,Награда Зенпанга,Taglia di Zenpang,贊邦的賞金,禅庞的赏金,젠팡의 현상금,Nagroda Zenpanga,Нагорода Зенпанга,Zenpang's Premie,Zenpang'ın Ganimeti
L_MAT_ZENPANG'SBENTSCYTHE,,Zenpang's Bent Scythe,ゼンパングの曲がった鎌,Zenpangs Gebogene Sense,Faux Courbe de Zenpang,Guadaña Curvada de Zenpang,Foice Curvada de Zenpang,Изогнутая Коса Зенпанга,Falce Ricurva di Zenpang,禪胖的彎鐮刀,禅庞的弯镰,젠팡의 휘어진 낫,Zgięta Kosa Zenpanga,Вигнута Коса Зенпанга,Zenpang's Gebogen Zeis,Zenpang'ın Eğri Tırpanı
L_MAT_SAREA'SBROKENHEART,,Sarea's Broken Heart,サレアの砕けた心,Sareas gebrochenes Herz,Cœur Brisé de Sarea,Corazón Roto de Sarea,Coração Partido de Sarea,Разбитое сердце Сареи,Il Cuore Infranto di Sarea,薩瑞雅的碎心,萨瑞娅的破碎之心,사레아의 상한 마음,Złamane Serce Sarei,Розбите Серце Сареї,Sarea's Gebroken Hart,Sarea'nın Kırık Kalbi
L_MAT_SAREA'SBRITTLEHAIR,,Sarea's Brittle Hair,サレアの脆い髪,Sareas Brüchiges Haar,Cheveux Cassants de Sarea,Cabello Quebradizo de Sarea,Cabelo Quebradiço de Sarea,Ломкие Волосы Сареи,Capelli Fragili di Sarea,薩瑞雅的脆弱髮絲,萨瑞娅的脆弱发丝,사레아의 부서지기 쉬운 머리카락,Kruche Włosy Sarei,Ламке Волосся Сареї,Sarea's Broze Haar,Sarea'nın Kırılgan Saçı
L_MAT_SAREA'SFLAYEDSKIN,,Sarea's Flayed Skin,サレアの剥がれた皮,Sareas Gehäutete Haut,Peau Écorchée de Sarea,Piel Desollada de Sarea,Pele Esfolada de Sarea,Содранная кожа Сареи,Pelle Scorticata di Sarea,薩瑞亞的剝皮,萨瑞娅的剥裂之肤,사레아의 벗겨진 피부,Obdarta Skóra Sarei,Здерта Шкіра Сареї,Gevilde Huid van Sarea,Sarea'nın Yüzülmüş Derisi
L_MAT_KATARINA'SVISAGE,,Katarina's Visage,カタリナの面影,Katarinas Antlitz,Visage de Katarina,Semblante de Katarina,Semblante de Katarina,Облик Катарины,Volto di Katarina,卡塔莉娜的面容,卡特琳娜的面容,카타리나의 얼굴,Oblicze Katariny,Лик Катарини,Katarina's Gelaat,Katarina'nın Yüzü
L_MAT_KATARINA'SBRACE,,Katarina's Brace,カタリナの腕輪,Katarinas Armschiene,Brassard de Katarina,Brazal de Katarina,Braçadeira de Katarina,Наручи Катарины,Bracciale di Katarina,卡塔莉娜的護腕,卡特琳娜的护腕,카타리나의 팔보호구,Naramiennik Katariny,Браслет Катаріни,Katarina's Armband,Katarina'nın Bileziği
L_MAT_KATARINA'SESSENCE,,Katarina's Essence,カタリナの精髄,Katarinas Essenz,Essence de Katarina,Esencia de Katarina,Essência de Katarina,Сущность Катарины,Essenza di Katarina,卡塔莉娜的精華,卡特琳娜的精华,카타리나의 정수,Esencja Katariny,Сутність Катарини,Katarina's Essentie,Katarina'nın Özü
L_MAT_MEDIERRA'SBLOOD,,Medierra's Blood,メディエラの血,Medierras Blut,Sang de Medierra,Sangre de Medierra,Sangue de Medierra,Кровь Медиерры,Sangue di Medierra,梅迪拉之血,梅蒂拉的血液,메디에라의 피,Krew Medierry,Кров Медієрри,Medierra's Bloed,Medierra'nın Kanı
L_MAT_MEDIERRA'STENDONS,,Medierra's Tendons,メディエラの腱,Medierras Sehnen,Tendons de Medierra,Tendones de Medierra,Tendões de Medierra,Сухожилия Медиерры,Tendini di Medierra,梅迪拉的肌腱,梅蒂拉的肌腱,메디에라의 힘줄,Ścięgna Medierry,Сухожилля Медієрри,Medierra's Pezen,Medierra'nın Tendonları
L_MAT_MEDIERRA'SEYELID,,Medierra's Eyelid,メディエラの瞼,Medierras Augenlid,Paupière de Medierra,Párpado de Medierra,Pálpebra de Medierra,Веко Медиерры,Palpebra di Medierra,梅迪拉之眼瞼,梅蒂拉的眼睑,메디에라의 눈꺼풀,Powieka Medierry,Повіка Медієрри,Medierra's Ooglid,Medierra'nın Göz Kapağı
L_MAT_CYHRA'SBROKENWHISKERS,,Cyhra's Broken Whiskers,シーラの折れたヒゲ,Cyhras Gebrochene Schnurrhaare,Les Moustaches Brisées de Cyhra,Bigotes Rotos de Cyhra,Bigodes Quebrados de Cyhra,Сломанные Усы Сайры,Baffi Spezzati di Cyhra,賽拉的斷鬚,赛拉的断须,시라의 부러진 수염,Złamane Wąsy Cyhry,Зламані Вуса Сайри,Cyhra's Gebroken Snorharen,Cyhra'nın Kırık Bıyıkları
L_MAT_CYHRA'SSEVEREDTAIL,,Cyhra's Severed Tail,シーラの切断された尻尾,Cyhras abgetrennter Schwanz,Queue de Cyhra Tranchée,Cola Cortada de Cyhra,Cauda Cortada de Cyhra,Отрубленный хвост Сайры,Coda Mozzata di Cyhra,賽拉的斷尾,赛拉的断尾,시라의 잘린 꼬리,Odcięty Ogon Cyhry,Відрубаний хвіст Сайри,Cyhra's Afgehakte Staart,Cyhra'nın Kopmuş Kuyruğu
L_MAT_PILLS,,Pills,薬,Pillen,Pilules,Píldoras,Pílulas,Таблетки,Pillole,藥丸,药丸,알약,Pigułki,Пігулки,Pillen,Haplar
L_MAT_SLATEOFRESISTANCE,,Slate of Resistance,抵抗の石板,Tafel des Widerstands,Ardoise de Résistance,Pizarra de Resistencia,Lousa da Resistência,Скрижаль Сопротивления,Lastra della Resistenza,抵抗石板,抵抗石板,저항의 석판,Tablica Oporu,Сланець Опору,Lei van Verzet,Direnç Levhası
L_MAT_SLATEOFDEFENSIVENESS,,Slate of Defensiveness,防御の石板,Tafel der Abwehr,Ardoise de Défensivité,Pizarra de Defensividad,Lousa da Defensividade,Сланец Защиты,Lastra della Difensività,防禦石板,防守石板,방어의 석판,Płyta Obronności,Сланець Захисності,Leisteen van Verdediging,Savunma Levhası
L_MAT_SLATEOFPROFICIENCY,,Slate of Proficiency,熟練の石板,Tafel der Fertigkeit,Ardoise de Compétence,Pizarra de Competencia,Lousa de Proficiência,Сланец Мастерства,Lastra di Competenza,熟練石板,娴熟石板,숙련의 석판,Tablica Biegłości,Сланець Майстерності,Lei van Bekwaamheid,Yeterlilik Levhası
L_MAT_CURIOOFFEARFULNESS,,Curio of Fearfulness,恐怖の珍品,Kuriosum der Furchtsamkeit,Curiosité d'Effroi,Reliquia del Temor,Relíquia do Pavor,Диковинка Страха,Curiosità della Pavidità,恐懼奇物,恐惧咒物,두려움의 진귀품,Kuriozum Bojaźliwości,Диковина Страху,Curiositeit van Angst,Korku Nadiresi
L_MAT_CURIOOFDISARMING,,Curio of Disarming,武装解除の珍品,Kuriosität der Entwaffnung,Curiosité de Désarmement,Curiosidad de Desarme,Curiosidade de Desarmar,Диковинка Обезвреживания,Curiosità del Disarmo,解除機關的珍品,缴械咒物,무장 해제의 진귀품,Osobliwość Rozbrajania,Диковина Роззброєння,Curiosum van Ontwapening,Silahsızlandırma Nadiresi
L_MAT_CURIOOFBOMBING,,Curio of Bombing,爆撃の珍品,Kuriosität des Bombardierens,Curiosité de Bombardement,Curiosidad de Bombardeo,Curiosidade de Bombardeio,Редкость Бомбардировки,Curiosità del Bombardamento,爆炸奇物,炸弹咒物,폭발의 유물,Osobliwość Bombardowania,Диковина Бомбардування,Curiositeit van Bombarderen,Bombalama Nadiresi
L_MAT_SLATEOFIMMUNITY,,Slate of Immunity,免疫の石板,Tafel der Immunität,Ardoise d'Immunité,Pizarra de Inmunidad,Lousa da Imunidade,Сланец Иммунитета,Lastra dell'Immunità,免疫石板,免疫石板,면역의 석판,Łupek Odporności,Сланець Імунітету,Leisteen van Immuniteit,Bağışıklık Levhası
L_MAT_RUBYTRINKET,,Ruby Trinket,ルビーの小物,Rubin-Schmuckstück,Breloque de Rubis,Baratija de Rubí,Berloque de Rubi,Рубиновый Талисман,Monile di Rubino,紅寶石飾物,红宝石饰物,루비 장신구,Rubinowy Drobiazg,Рубіновий Амулет,Robijnen Sieraad,Yakut Süs Eşyası
L_MAT_SAPPHIRETRINKET,,Sapphire Trinket,サファイアの小物,Saphir-Schmuckstück,Bijou de Saphir,Baratija de Zafiro,Berloque de Safira,Сапфировая Безделушка,Monile di Zaffiro,藍寶石飾物,蓝宝石饰物,사파이어 장신구,Szafirowy Drobiazg,Сапфірова Дрібничка,Saffieren Sieraad,Safir Muska
L_MAT_TOPAZTRINKET,,Topaz Trinket,トパーズの小物,Topas-Schmuckstück,Babiole de Topaze,Baratija de Topacio,Bugiganga de Topázio,Топазовая безделушка,Ninnolo di Topazio,黃玉飾品,黄玉饰物,토파즈 장신구,Topazowy Drobiazg,Топазова дрібничка,Topazen Sieraad,Topaz Muska
L_MAT_EMERALDTRINKET,,Emerald Trinket,エメラルドの小物,Smaragdschmuckstück,Bijou d'Émeraude,Amuleto Esmeralda,Amuleto de Esmeralda,Изумрудный Талисман,Amuleto di Smeraldo,翡翠小飾品,翡翠饰物,에메랄드 장신구,Szmaragdowy Drobiazg,Смарагдова Дрібничка,Smaragden Sieraad,Zümrüt Muska
L_MAT_ONYXTRINKET,,Onyx Trinket,オニキスの小物,Onyx-Schmuckstück,Breloque d'Onyx,Baratija de Ónice,Amuleto de Ônix,Ониксовый Амулет,Amuleto d'Onice,黑瑪瑙飾物,玛瑙饰物,오닉스 장신구,Onyksowy Drobiazg,Онікс-талісман,Onyx Sieraad,Oniks Süs Eşyası
L_MAT_AQUAMARINETRINKET,,Aquamarine Trinket,アクアマリンの小物,Aquamarin-Schmuckstück,Babiole d'Aigue-marine,Baratija de Aguamarina,Berloque de Água-marinha,Аквамариновая безделушка,Ninnolo Acquamarina,海藍寶石飾物,海蓝宝石饰物,아쿠아마린 장신구,Akwamarynowy Drobiazg,Аквамаринова Дрібничка,Aquamarijn Snuisterij,Akuamarin Süs Eşyası
L_MAT_WHITESTARSHARD,,Whitestar Shard,ホワイトスター・シャード,Weißstern-Splitter,Éclat d'Étoile Blanche,Fragmento de Estrella Blanca,Fragmento de Estrela Branca,Осколок Белой Звезды,Frammento di Stella Bianca,白星碎片,白星碎片,화이트스타 샤드,Odłamek Białej Gwiazdy,Уламок Білої Зірки,Witster Scherf,Beyazyıldız Parçası
L_MAT_ROCKMOSSSHARD,,Rockmoss Shard,ロックモスの欠片,Felsmoosfragment,Éclat de Mousseroche,Fragmento de Musgoroca,Fragmento de Musgo Rochoso,Осколок Скального Мха,Frammento di Muschio Roccioso,岩苔碎片,岩苔碎片,바위이끼 파편,Odłamek Skałomchu,Уламок скельного моху,Rotsmosscherf,Kayataşı Parçası
L_MAT_NIGHTVELVETSHARD,,Nightvelvet Shard,ナイトベルベットの欠片,Nachtsamtsplitter,Éclat de Velours Nocturne,Fragmento de Terciopelo Nocturno,Fragmento de Veludo Noturno,Осколок Ночного Бархата,Frammento di Velluto Notturno,夜絲碎片,夜绒碎片,밤벨벳 파편,Odłamek Nocnego Aksamitu,Уламок Нічного Оксамиту,Nachtzijdesplinter,Gecekadife Parçası
L_MAT_STILLFIRESHARD,,Stillfire Shard,静炎の欠片,Stillfeuersplitter,Éclat de Feu Immobile,Fragmento de Fuego Inmóvil,Fragmento de Fogo Imóvel,Осколок Тихого Пламени,Scheggia di Fuoco Immobile,靜焰碎片,静火碎片,고요한불꽃 파편,Odłamek Cichego Ognia,Уламок Тихого Вогню,Stilvuurscherf,Durgun Ateş Parçası
L_MAT_ETERNALDEWSHARD,,Eternaldew Shard,エターナルデューの欠片,Ewigstau-Splitter,Éclat de Rosée Éternelle,Fragmento de Rocío Eterno,Fragmento de Orvalho Eterno,Осколок Вечной Росы,Frammento di Rugiada Eterna,永露碎片,永露碎片,영원이슬 파편,Odłamek Wiecznej Rosy,Уламок Вічної Роси,Eeuwigdauwscherf,Sonsuzçiy Parçası
L_MAT_CRYSTALDUNESHARD,,Crystaldune Shard,クリスタルデューンの欠片,Kristalldünensplitter,Éclat de Cristaldune,Fragmento de Cristalduna,Fragmento de Cristalduna,Осколок Кристальных Дюн,Frammento di Cristalduna,水晶沙丘碎片,晶丘碎片,수정사막 파편,Odłamek Kryształowej Wydmy,Кристалічний Уламок Дюни,Kristalduin Scherf,Kristal Kum Tepesi Parçası
L_MAT_FROSTBITECARAPACE,,Frostbite Carapace,フロストバイト・キャラペイス,Frostbiss-Panzer,Carapace Givreuse,Caparazón de Escarcha,Carapaça Gélida,Морозный Панцирь,Carapace Gelido,霜凍甲殼,霜噬背甲,서리 갑각,Lodowy Pancerz,Крижаний панцир,Vorstkraag,Ayaz Kabuğu
L_MAT_RAINBOWCARAPACE,,Rainbow Carapace,レインボーキャラペイス,Regenbogenpanzer,Carapace Arc-en-ciel,Caparazón Arcoíris,Carapaça Arco-Íris,Радужный панцирь,Carapace Arcobaleno,彩虹甲殼,彩虹背甲,무지개 갑각,Tęczowy Pancerz,Райдужний панцир,Regenboogschild,Gökkuşağı Kabuk
L_MAT_ELDERCARAPACE,,Elder Carapace,古老の甲殻,Älterer Panzer,Carapace Ancienne,Caparazón Ancestral,Carapaça Anciã,Старинный Панцирь,Carapace Antico,長老甲殼,年老背甲,장로 갑각,Starożytny Pancerz,Старий Панцир,Oudere Carapas,Yaşlı Kabuk
L_MAT_POSSESSEDCARAPACE,,Possessed Carapace,憑依された甲殻,Besessener Panzer,Carapace Possédée,Caparazón Poseído,Carapaça Possuída,Одержимый Панцирь,Carapace Posseduto,附身甲殼,附身背甲,빙의된 갑각,Opętany Pancerz,Одержимий Панцир,Bezeten Pantser,Ele Geçirilmiş Kabuk
L_MAT_BLOODSUCKERCARAPACE,,Bloodsucker Carapace,吸血甲殻,Blutsauger-Panzer,Carapace de Suceur de Sang,Caparazón de Chupasangre,Carapaça do Suga-Sangue,Панцирь Кровососа,Carapace del Succhiasangue,吸血蟲甲殼,吸血背甲,흡혈충 갑각,Pancerz Krwiopijcy,Панцир Кровопивці,Bloedzuigerpantser,Kan Emici Kabuk
L_MAT_TREASURECARAPACE,,Treasure Carapace,宝の甲殻,Schatzpanzer,Carapace du Trésor,Caparazón del Tesoro,Carapaça do Tesouro,Сокровищный Панцирь,Carapace del Tesoro,寶藏甲殼,宝藏背甲,보물 갑각,Pancerz Skarbów,Скарбовий Панцир,Schatkist Pantser,Hazine Kabuğu
L_MAT_SLASHERPOISON,,Slasher Poison,スラッシャー・ポイズン,Schlitzer-Gift,Poison Tranchant,Veneno Tajante,Veneno Cortante,Отравляющий Рассекатель,Veleno del Massacratore,斬擊毒素,乱砍者毒药,절단독,Trucizna Siekacza,Отруйний Різак,Snijer Gif,Kesici Zehir
L_MAT_PARASITEPOISON,,Parasite Poison,寄生毒,Parasitengift,Poison Parasite,Veneno Parásito,Veneno Parasita,Паразитический Яд,Veleno Parassita,寄生毒素,寄生者毒药,기생충 독,Trucizna Pasożyta,Паразитична Отрута,Parasietengif,Parazit Zehri
L_MAT_INFECTORPOISON,,Infector Poison,インフェクター・ポイズン,Infektionsgift,Poison d'Infecteur,Veneno Infector,Veneno do Infectante,Яд Заражающего,Veleno dell'Infettore,感染毒素,感染者毒药,감염독,Trucizna Infektora,Отруйний Інфектор,Infectiegif,Bulaştırıcı Zehir
L_MAT_BLOODBATHERPOISON,,Bloodbather Poison,血浴びの毒,Blutbadgift,Poison du Baigneur de Sang,Veneno Bañasangre,Veneno Banho de Sangue,Кровавый Яд,Veleno Sanguibagno,浴血毒液,浴血者毒药,피목욕 독,Trucizna Krwawej Kąpieli,Отрута Кровокупальника,Bloedbaadgif,Kan Banyosu Zehri
L_MAT_MUTANTPOISON,,Mutant Poison,変異毒,Mutantengift,Poison Mutant,Veneno Mutante,Veneno Mutante,Мутагенный Яд,Veleno Mutante,變種毒素,变异者毒药,돌연변이 독,Trucizna Mutanta,Мутантська отрута,Mutantvergif,Mutant Zehri
L_MAT_DECOYPOISON,,Decoy Poison,デコイポイズン,Lockgift,Poison Leurre,Veneno Señuelo,Veneno Chamariz,Отвлекающий Яд,Veleno Esca,誘餌毒藥,诱惑者毒药,유인 독,Trucizna Wabik,Отруйна приманка,Lokgif,Yanıltıcı Zehir
L_MAT_ARMOREDFOOT,,Armored Foot,装甲歩兵,Gepanzerter Fuß,Pied Blindé,Pie Blindado,Pé Blindado,Бронированная Нога,Piede Corazzato,裝甲步兵,装甲之足,중장 보병,Opancerzona Stopa,Броньована Стопа,Gepantserde Voet,Zırhlı Ayak
L_MAT_LEADERFOOT,,Leader Foot,リーダーフット,Anführerfuß,Pied du Chef,Pie del Líder,Pé do Líder,Нога Лидера,Piede del Leader,領袖之足,领袖之足,리더 풋,Stopa Przywódcy,Нога Лідера,Leidersvoet,Lider Ayak
L_MAT_WARRIORFOOT,,Warrior Foot,戦士の足,Kriegerfuß,Pied du Guerrier,Pie de Guerrero,Pé de Guerreiro,Нога Воина,Piede del Guerriero,戰士之足,战士之足,전사의 발,Stopa Wojownika,Нога Воїна,Krijgervoet,Savaşçı Ayağı
L_MAT_BUILDERFOOT,,Builder Foot,ビルダーフット,Baumeister-Fuß,Pied du Bâtisseur,Pie de Constructor,Pé de Construtor,Нога Строителя,Piede del Costruttore,建築師之足,建造者之足,건축가 발,Stopa Budowniczego,Нога Будівельника,Bouwersvoet,İnşaatçı Ayak
L_MAT_HUNTERFOOT,,Hunter Foot,ハンターフット,Jägerfuß,Pied du Chasseur,Pie de Cazador,Pé de Caçador,Нога Охотника,Piede del Cacciatore,獵人之足,猎手之足,사냥꾼의 발,Stopa Łowcy,Нога Мисливця,Jagervoet,Avcı Ayağı
L_MAT_MUTANTFOOT,,Mutant Foot,ミュータントフット,Mutantenfuß,Pied Mutant,Pie Mutante,Pé Mutante,Нога мутанта,Piede Mutante,變種腳,变种之足,돌연변이 발,Stopa Mutanta,Мутантська Нога,Mutantenvoet,Mutant Ayak
L_MAT_BLOBBARIANGEL,,Blobbarian Gel,ブロッバリアンジェル,Blobbarian-Gel,Gel Blobbarian,Gel Blobariano,Gel Bolhoso,Гель Блоббариана,Gel Blobbaro,泡泡蠻族凝膠,泥团蛮族凝胶,블로바리안 젤,Żel Blobbariański,Желе Блоббаріана,Blobbariaanse Gel,Jel Barbar
L_MAT_MYSTERYGEL,,Mystery Gel,ミステリージェル,Mysterium-Gel,Gel Mystérieux,Gel Misterioso,Gel Misterioso,Таинственный гель,Gel Misterioso,神秘凝膠,神秘凝胶,미스터리 젤,Tajemniczy Żel,Таємничий гель,Mysterieuze Gel,Gizemli Jel
L_MAT_GOOARRIORGEL,,Gooarrior Gel,グーアリオル・ジェル,Gooarrior Gel,Gel de Gooarrior,Gel de Gooarrior,Gel de Gooarrior,Гель Гуариора,Gel del Gooarriero,黏黏戰士凝膠,黏液战士凝胶,구아리어 젤,Żelogłaz,Гель Гуаріора,Gooarrior Gel,Gooarrior Jel
L_MAT_GLOOPDIATORGEL,,Gloopdiator Gel,グループディエーター・ジェル,Gloopdiator-Gel,Gel de Gloopdiateur,Gel de Gloopdiador,Gel do Gloopdiador,Гель Глупдиатора,Gel del Gloopdiatore,黏鬥士凝膠,黏液斗士凝胶,글루프디에이터 젤,Żel Gloopiatora,Гель Глупдіатора,Gloopdiator Gel,Gloopdiator Jeli
L_MAT_SLUDGECHEMISTGEL,,Sludgechemist Gel,スラッジケミストのジェル,Schlammchemiker-Gel,Gel de Chimeboue,Gel de Lodoquímico,Gel do Lodoalquimista,Гель Слизехимика,Gel dell'Alchimista di Melma,泥漿鍊金師凝膠,污泥炼金术师凝胶,슬러지화학자 젤,Żel Szlamochemika,Гель Брудохіміка,Slijmchemicus Gel,Çamurşimyacı Jeli
L_MAT_SWORDSLIMEGEL,,Swordslime Gel,スライムソードのジェル,Schwertschleim-Gel,Gel de Limépée,Gel de Espadalimo,Gel de Espadalimo,Гель Мечеслизня,Gel di Spadalimo,劍史萊姆凝膠,利剑史莱姆凝胶,검슬라임 젤,Żel Mieczoszlamu,Гель Мечеслизня,Zwaardslijn Gel,Kılıçbalçığı Jeli
L_MAT_ERRANTSTARDUST,,Errant Stardust,迷える星屑,Verirrter Sternenstaub,Poussière d'Étoile Vagabonde,Polvo Estelar Errante,Poeira Estelar Errante,Блуждающая Звездная Пыль,Polvere di Stelle Errante,迷途星塵,歧途星尘,방랑의 별의 먼지,Zbłąkany Pył Gwiezdny,Блукаючий Зоряний Пил,Dwalende Sterrenpoeder,Başıboş Yıldıztozu
L_MAT_DIMENSIONALSTARDUST,,Dimensional Stardust,次元の星屑,Dimensionenstaub,Poussière d'Étoile Dimensionnelle,Polvo Estelar Dimensional,Poeira Estelar Dimensional,Звездная Пыль Измерений,Polvere di Stelle Dimensionale,次元星塵,次元星尘,차원의 별의 먼지,Gwiezdny Pył Wymiarów,Зоряний пил вимірів,Dimensionaal Sterrenstof,Boyutsal Yıldız Tozu
L_MAT_PSYCHICSTARDUST,,Psychic Stardust,サイキック・スターダスト,Psychischer Sternenstaub,Poussière d'Étoile Psychique,Polvo Estelar Psíquico,Poeira Estelar Psíquica,Психическая Звездная Пыль,Polvere di Stelle Psichica,靈能星塵,灵能者星尘,사이킥 스타더스트,Psychiczny Pył Gwiezdny,Психічний Зоряний Пил,Psychische Sterrenstof,Psişik Yıldız Tozu
L_MAT_SADISTSTARDUST,,Sadist Stardust,サディスト・スターダスト,Sadistischer Sternenstaub,Poussière d'Étoile Sadique,Polvo Estelar Sádico,Poeira Estelar Sádica,Садист Звездная Пыль,Polvere di Stelle Sadica,虐待狂星塵,施虐者星尘,새디스트 스타더스트,Gwiezdny Sadysta,Садист Зоряний Пил,Sadistische Sterrenstof,Sadist Yıldıztozu
L_MAT_DEMOLISHERSTARDUST,,Demolisher Stardust,デモリッシャー・スターダスト,Zerstörer-Sternenstaub,Poussière d'Étoile Démolisseuse,Polvo Estelar Demoledor,Poeira Estelar Demolidora,Сокрушитель Звездная Пыль,Polvere di Stelle Demolitrice,毀滅者星塵,粉碎者星尘,파괴자 스타더스트,Niszczyciel Gwiezdny Pył,Зоряний Руйнівник,Verwoester Sterrenstof,Yıkıcı Yıldıztozu
L_MAT_MERCIFULSTARDUST,,Merciful Stardust,慈悲の星屑,Barmherziger Sternenstaub,Poussière d'Étoile Miséricordieuse,Polvo Estelar Misericordioso,Poeira Estelar Misericordiosa,Милосердная Звездная Пыль,Polvere di Stelle Misericordiosa,仁慈星塵,仁慈星尘,자비로운 별의 먼지,Miłosierny Pył Gwiezdny,Милосердний Зоряний Пил,Barmhartig Sterrenstof,Merhametli Yıldız Tozu
L_MAT_PEACEMAKERBRAIN,,Peacemaker Brain,ピースメーカー・ブレイン,Friedensstifter-Gehirn,Cerveau du Pacificateur,Cerebro Pacificador,Cérebro Pacificador,Мозг Миротворца,Cervello del Pacificatore,和平締造者之腦,和平使者之脑,평화주의자 두뇌,Mózg Rozjemcy,Мозок Миротворця,Vredestichterbrein,Barış Sağlayıcı Beyin
L_MAT_SLEEPLESSBRAIN,,Sleepless Brain,不眠の脳,Schlafloser Verstand,Cerveau Sans Sommeil,Cerebro Insomne,Cérebro Insone,Неспящий Мозг,Cervello Insonne,不眠之腦,不眠之脑,불면의 두뇌,Bezsenność Umysłu,Невтомний Мозок,Slapeloze Hersenen,Uykusuz Beyin
L_MAT_DRONEBRAIN,,Drone Brain,ドローン・ブレイン,Drohnengehirn,Cerveau de Drone,Cerebro de Dron,Cérebro de Drone,Мозг дрона,Cervello Drone,無人機腦,寄生者之脑,드론 두뇌,Mózg Drona,Мозок дрона,Dronehersenen,Drone Beyni
L_MAT_DREAMWEAVERBRAIN,,Dreamweaver Brain,ドリームウィーバーの脳,Traumweber-Gehirn,Cerveau du Tisserêve,Cerebro Tejedor de Sueños,Cérebro Tecelume,Мозг Сновидца,Cervello del Tessitore di Sogni,織夢腦,织梦者之脑,꿈술사의 뇌,Mózg Tkacza Snów,Мозок Сновидця,Droomwever Brein,Düşdokuyan Beyin
L_MAT_HEALERBRAIN,,Healer Brain,ヒーラーブレイン,Heiler-Gehirn,Cerveau Guérisseur,Cerebro Sanador,Cérebro Curador,Мозг Целителя,Cervello del Guaritore,治療師之腦,治疗师之脑,치유사의 두뇌,Mózg Uzdrowiciela,Мозок Цілителя,Genezersbrein,Şifacı Beyin
L_MAT_QUEENBRAIN,,Queen Brain,クイーン・ブレイン,Gehirnkönigin,Cerveau de la Reine,Cerebro Reina,Cérebro da Rainha,Королева-Мозг,Cervello Regina,腦后,女王之脑,퀸 브레인,Mózg Królowej,Мозок Королеви,Koningin Brein,Kraliçe Beyin
L_MAT_NIGHTBLADE,,Night Blade,ナイトブレード,Nachtklinge,Lame Nocturne,Espada Nocturna,Lâmina Noturna,Ночной Клинок,Lama Notturna,夜刃,黑夜之刃,나이트 블레이드,Ostrze Nocy,Нічний Клинок,Nachtkling,Gece Kılıcı
L_MAT_DULLBLADE,,Dull Blade,鈍い刀,Stumpfe Klinge,Lame Émoussée,Espada Sin Filo,Lâmina Cega,Тупой Клинок,Lama Smussata,鈍劍,迟钝之刀,무딘 검,Tępy Miecz,Тупий Клинок,Botte Kling,Kör Kılıç
L_MAT_FLAMINGBLADE,,Flaming Blade,炎の剣,Flammende Klinge,Lame Flamboyante,Espada Llameante,Lâmina Flamejante,Пылающий Клинок,Lama Fiammeggiante,烈焰之刃,烈焰之刃,불꽃 검,Płonące Ostrze,Палаючий Клинок,Vlammend Zwaard,Alevli Kılıç
L_MAT_IMPERFECTBLADE,,Imperfect Blade,不完全な剣,Unvollkommene Klinge,Lame Imparfaite,Hoja Imperfecta,Lâmina Imperfeita,Несовершенный Клинок,Lama Imperfetta,不完美之刃,残缺之刃,불완전한 검,Niedoskonałe Ostrze,Недосконалий Клинок,Onvolmaakte Kling,Kusurlu Kılıç
L_MAT_BASTARDBLADE,,Bastard Blade,バスタードブレード,Bastardklinge,Lame Bâtarde,Espada Bastarda,Lâmina Bastarda,Клинок Ублюдка,Lama Bastarda,混帳之刃,恶棍之刃,비열한 검,Plugawy Miecz,Клинок Байстрюка,Bastaardzwaard,Piç Kılıcı
L_MAT_SERRATEDBLADE,,Serrated Blade,鋸歯状の刃,Gezackte Klinge,Lame Dentelée,Hoja Dentada,Lâmina Serrilhada,Зазубренный Клинок,Lama Seghettata,鋸齒刀刃,锯齿之刃,톱니 검,Ząbkowane Ostrze,Зазубрений Клинок,Getande Kling,Tırtıklı Bıçak
L_MAT_EXILEDHOOF,,Exiled Hoof,追放された蹄,Verbannter Huf,Sabot Exilé,Pezuña Exiliada,Casco Exilado,Изгнанное Копыто,Zoccolo Esiliato,流放之蹄,流放之蹄,추방된 발굽,Wygnane Kopyto,Вигнане Копито,Verbannen Hoef,Sürgün Toynak
L_MAT_SPRYHOOF,,Spry Hoof,素早い蹄,Flinker Huf,Sabot Agile,Pezuña Ágil,Casco Ágil,Ловкое Копыто,Zoccolo Agile,靈巧蹄,敏捷之蹄,민첩한 발굽,Zwinne Kopyto,Спритне Копито,Vlugge Hoef,Çevik Toynak
L_MAT_RAMMERHOOF,,Rammer Hoof,ラマー・フーフ,Rammbock-Huf,Sabot Percuteur,Pezuña Ariete,Casco Aríete,Таранное Копыто,Zoccolo Sfondante,衝撞蹄,猛撞者之蹄,래머 후프,Taranujące Kopyto,Таранне Копито,Rammerhoef,Koçbaşı Toynak
L_MAT_DOMINATORHOOF,,Dominator Hoof,ドミネーターフーフ,Dominator-Huf,Sabot Dominateur,Pezuña Dominadora,Casco Dominador,Копыто Доминатора,Zoccolo del Dominatore,支配者之蹄,支配者之蹄,지배자의 발굽,Kopyto Dominatora,Копито Домінатора,Dominatorhoef,Hâkim Toynak
L_MAT_SQUIREHOOF,,Squire Hoof,スクワイア・フーフ,Knappe Huf,Écuyer Sabot,Escudero Pezuña,Escudeiro Casco,Оруженосец Копыто,Scudiero Zoccolo,侍從蹄,乡绅之蹄,스콰이어 후프,Giermek Kopyto,Зброєносець Копито,Schildknaap Hoef,Çırak Toynak
L_MAT_GUARDIANHOOF,,Guardian Hoof,守護の蹄,Wächterhuf,Sabot du Gardien,Pezuña Guardiana,Casco Guardião,Копыто Стража,Zoccolo del Guardiano,守護者之蹄,守卫之蹄,수호자의 발굽,Kopyto Strażnika,Копито Охоронця,Beschermerhoof,Koruyucu Toynak
L_MAT_COUNTESSCHALICE,,Countess Chalice,カウンテス・チャリス,Gräfin Chalice,Comtesse Chalice,Condesa Chalice,Condessa Chalice,Графиня Чаша,Contessa Calice,卡莉絲伯爵夫人,伯爵高脚杯,챌리스 백작부인,Hrabina Chalice,Графиня Чаша,Gravin Chalice,Kontes Chalice
L_MAT_EGGLAYERCHALICE,,Egglayer Chalice,エッグレイヤーの聖杯,Eierlegender Kelch,Calice de la Pondeuse,Cáliz del Ponedor de Huevos,Cálice do Ovíparo,Чаша Яйцекладущего,Calice dell'Oviparo,產卵聖杯,产卵者高脚杯,알 낳는 성배,Kielich Składacza Jaj,Чаша Яйцекладки,Eierlegger Kelk,Yumurtlayan Kadeh
L_MAT_CARNIVOROUSCHALICE,,Carnivorous Chalice,肉食の聖杯,Fleischfressender Kelch,Calice Carnivore,Cáliz Carnívoro,Cálice Carnívoro,Плотоядная Чаша,Calice Carnivoro,食肉聖杯,食肉高脚杯,육식성 성배,Mięsożerny Kielich,Плотоїдна Чаша,Vleesetende Kelk,Etobur Kadeh
L_MAT_WATCHFULCHALICE,,Watchful Chalice,警戒の聖杯,Wachsamer Kelch,Calice Vigilant,Cáliz Vigilante,Cálice Vigilante,Бдительная Чаша,Calice Vigile,警戒聖杯,警觉高脚杯,경계의 성배,Czujny Kielich,Пильна Чаша,Waakzame Kelk,Tetikte Kadeh
L_MAT_WEAVERCHALICE,,Weaver Chalice,織り手の聖杯,Weberkelch,Calice du Tisserand,Cáliz del Tejedor,Cálice do Tecelão,Чаша Ткача,Calice del Tessitore,編織者聖杯,编织者高脚杯,위버 성배,Kielich Tkacza,Чаша Ткача,Weverkelk,Dokumacı Kadehi
L_MAT_INFERNALCHALICE,,Infernal Chalice,地獄の聖杯,Höllischer Kelch,Calice Infernal,Cáliz Infernal,Cálice Infernal,Адский Потир,Calice Infernale,煉獄聖杯,地狱高脚杯,지옥의 성배,Piekielny Kielich,Пекельна Чаша,Helse Kelk,Cehennemî Kadeh
L_MAT_SHADOWFOSSIL,,Shadow Fossil,シャドウフォッシル,Schattenfossil,Fossile d'ombre,Fósil de Sombra,Fóssil Sombrio,Теневое Ископаемое,Fossile d'Ombra,暗影化石,暗影化石,그림자 화석,Skamieniały Cień,Тіньове Скам'яніння,Schaduwfossiel,Gölge Fosili
L_MAT_BLOODYFOSSIL,,Bloody Fossil,血染めの化石,Blutiges Fossil,Fossile Sanglant,Fósil Sangriento,Fóssil Sangrento,Кровавое Ископаемое,Fossile Insanguinato,血染化石,血腥化石,핏빛 화석,Krwawy Skamieniałość,Скривавлене Скам'яніння,Bloederig Fossiel,Kanlı Fosil
L_MAT_IGNEOUSFOSSIL,,Igneous Fossil,火成化石,Versteinertes Magmagestein,Fossile Igné,Fósil Ígneo,Fóssil Ígneo,Окаменелость Вулканической Породы,Fossile Igneo,火成化石,火山化石,화성 화석,Skamieniałość Magmowa,Вогняне Скам'яніння,Vulkanisch Fossiel,Volkanik Fosil
L_MAT_SCOURGEFOSSIL,,Scourge Fossil,スカージの化石,Geißelfossil,Fossile du Fléau,Fósil de Azote,Fóssil da Praga,Окаменелость Бича,Fossile Flagello,災禍化石,灾祸化石,재앙의 화석,Skamieniałość Plagi,Скам'янілість Бича,Geselplaag Fossiel,Kıyamet Fosili
L_MAT_UNFINISHEDFOSSIL,,Unfinished Fossil,未完成の化石,Unvollständiges Fossil,Fossile incomplet,Fósil Incompleto,Fóssil Inacabado,Незавершенная окаменелость,Fossile Incompleto,未完成的化石,未完成的化石,미완성 화석,Niedokończona Skamieniałość,Незавершена скам'янілість,Onvoltooid Fossiel,Tamamlanmamış Fosil
L_MAT_DEFENDERFOSSIL,,Defender Fossil,ディフェンダーの化石,Verteidiger-Fossil,Fossile Défenseur,Fósil Defensor,Fóssil Defensor,Окаменелость Защитника,Fossile Difensore,防禦者化石,防御者化石,수호자 화석,Skamieniałość Obrońcy,Скам'янілість Захисника,Verdediger Fossiel,Savunucu Fosili
L_MAT_LUNARBLOODVIAL,,Lunar Blood Vial,月の血の小瓶,Mondblutphiole,Fiole de Sang Lunaire,Vial de Sangre Lunar,Frasco de Sangue Lunar,Флакон Лунной Крови,Fiala di Sangue Lunare,月光血瓶,月之血瓶,월광 피의 약병,Fiolka Księżycowej Krwi,Флакон Місячної Крові,Maanbloed Fiool,Ay Kanı Şişesi
L_MAT_MUTANTBLOODVIAL,,Mutant Blood Vial,変異した血の小瓶,Phiole mit Mutantenblut,Fiole de Sang Mutant,Vial de Sangre Mutante,Frasco de Sangue Mutante,Флакон Мутантской Крови,Fiala di Sangue Mutante,突變血瓶,变异血瓶,돌연변이 피 바이알,Fiolka Zmutowanej Krwi,Флакон Мутантської Крові,Mutantenbloedflesje,Mutant Kan Şişesi
L_MAT_SEERBLOODVIAL,,Seer Blood Vial,予知者の血液瓶,Blutphiole des Sehers,Fiole de Sang de Voyant,Vial de Sangre del Vidente,Frasco de Sangue do Vidente,Флакон Крови Провидца,Fiala di Sangue del Veggente,先知血瓶,预言者血瓶,예지자의 피 약병,Fiolka Krwi Jasnowidza,Флакон Крові Провидця,Bloedflacon van de Ziener,Kahin Kan Şişesi
L_MAT_LORDBLOODVIAL,,Lord Blood Vial,血瓶卿,Fürst Blutphiole,Seigneur Fiole de Sang,Lord Vial de Sangre,Lorde Frasco de Sangue,Лорд Кровавый Флакон,Lord Fiala di Sangue,血瓶領主,领主血瓶,블러드 바이얼 경,Pan Fiolka Krwi,Лорд Кривавий Флакон,Heer Bloedfiool,Kan Şişesi Lordu
L_MAT_DONORBLOODVIAL,,Donor Blood Vial,献血の小瓶,Spenderblutphiole,Fiole de Sang de Donneur,Vial de Sangre de Donante,Frasco de Sangue de Doador,Флакон донорской крови,Fiala di Sangue del Donatore,捐贈者血瓶,供给者血瓶,기부자의 피 바이알,Fiolka Krwi Dawcy,Флакон донорської крові,Donorbloedflesje,Bağışçı Kan Şişesi
L_MAT_DEVOURERBLOODVIAL,,Devourer Blood Vial,喰らう者の血液瓶,Blutphiole des Verschlingers,Fiole de Sang du Dévoreur,Vial de Sangre del Devorador,Frasco de Sangue do Devorador,Флакон Крови Пожирателя,Fiala di Sangue del Divoratore,吞噬者血瓶,吞噬者血瓶,포식자의 피 유리병,Fiolka Krwi Pożeracza,Флакон Крові Пожирача,Bloedflacon van de Verslinder,Yiyici Kan Şişesi
L_MAT_OCULUMCYST,,Oculum Cyst,オキュラム・シスト,Okulumzyste,Kyste Oculaire,Quiste Ocular,Cisto Ocular,Глазная Киста,Cisti Oculare,眼瘡囊腫,明目囊肿,안구 낭종,Cysta Oculum,Очна Кіста,Oculumcyste,Göz Kisti
L_MAT_CELESTIALCYST,,Celestial Cyst,セレスチャル・シスト,Himmlische Zyste,Kyste Céleste,Quiste Celestial,Cisto Celestial,Небесная Киста,Cisti Celestiale,天體囊腫,天界囊肿,천상의 낭종,Niebiańska Cysta,Небесна Кіста,Hemelse Cyste,Göksel Kist
L_MAT_TOXICCYST,,Toxic Cyst,毒性嚢胞,Toxische Zyste,Kyste Toxique,Quiste Tóxico,Cisto Tóxico,Токсическая Киста,Cisti Tossica,毒囊腫,剧毒囊肿,독성 낭종,Toksyczna Cysta,Токсична Кіста,Toxische Cyste,Toksik Kist
L_MAT_DEVOURERCYST,,Devourer Cyst,捕食者の嚢胞,Verschlinger-Zyste,Kyste Dévoreur,Quiste Devorador,Cisto Devorador,Киста Пожирателя,Cisti Divoratrice,吞噬者囊腫,吞噬者囊肿,포식자 낭종,Cysta Pożeracza,Пожирач-Циста,Verslinder Cyste,Yiyici Kist
L_MAT_OOZINGCYST,,Oozing Cyst,滲み出る嚢胞,Triefende Zyste,Kyste Suintant,Quiste Supurante,Cisto Supurante,Сочащаяся Киста,Cisti Purulenta,滲膿囊腫,渗液囊肿,진물 흘리는 낭종,Sączący się Torbiel,Сочиста Кіста,Etterende Cyste,İrinli Kist
L_MAT_DIGGERCYST,,Digger Cyst,ディガー・シスト,Gräberschwellung,Kyste Fouisseur,Quiste Excavador,Cisto Escavador,Киста Копателя,Cisti Scavatrice,挖掘囊腫,挖掘者囊肿,굴착 낭종,Cysta Kopacza,Кіста Копача,Graafcyste,Kazıcı Kist
L_MAT_ABYSSALPHYLACTERY,,Abyssal Phylactery,アビサル・フィラクタリー,Abyssaler Phylakterium,Phylactère Abyssal,Filacteria Abisal,Filactério Abissal,Филактерия Бездны,Filatterio Abissale,深淵護命匣,深渊命匣,심연의 성물함,Abysalna Filakteria,Філактерій Безодні,Abyssale Fylacterium,Dipsiz Muska
L_MAT_DANCINGPHYLACTERY,,Dancing Phylactery,踊る魔封器,Tanzende Phylakterie,Phylactère Dansant,Filacteria Danzante,Filactério Dançante,Танцующий Филактерий,Filatterio Danzante,舞動的護命匣,跃动命匣,춤추는 성물함,Tańczący Filakterium,Танцюючий філактерій,Dansende Phylacterium,Dans Eden Muhafaza
L_MAT_LAUGHINGPHYLACTERY,,Laughing Phylactery,笑う聖遺物,Lachende Phylakterie,Phylactère Rieur,Filacteria Risueña,Filactério Risonho,Смеющийся Филактерий,Filatterio Ridente,笑鳴魂匣,大笑命匣,웃는 성물함,Śmiejący się Filakterium,Сміхотливий Філактерій,Lachende Fylacterij,Gülen Muhafaza
L_MAT_SCHEMINGPHYLACTERY,,Scheming Phylactery,策謀の聖遺物,Intrigantes Phylakterium,Phylactère Comploteur,Filacteria Conspiradora,Filactério Conspirador,Коварный Филактерий,Filatterio Macchinatore,詭計魂匣,阴谋命匣,음모의 성물함,Knująca Filakteria,Хитромудрий Філактерій,Intrigerende Fylacterij,Düzenbaz Muhafaza
L_MAT_SEERPHYLACTERY,,Seer Phylactery,予知者の聖遺物,Seher-Phylakterium,Phylactère du Voyant,Filacteria del Vidente,Filactério do Vidente,Филактерий Провидца,Filatterio del Veggente,先知護符,预言家命匣,예언자의 성물함,Filakterium Jasnowidza,Філактерій Провидця,Zienersfylacterium,Kahin Muhafazası
L_MAT_WATCHERPHYLACTERY,,Watcher Phylactery,監視者の聖遺物,Wächter-Phylakterium,Phylactère du Guetteur,Filacteria del Vigilante,Filactério do Observador,Филактерия Стража,Filatterio del Guardiano,守望者聖匣,观察者命匣,감시자의 성물함,Filakterium Strażnika,Філактерій Спостерігача,Wachtersfylacterium,İzleyici Muhafazası
L_MAT_VAMPIREHEART,,Vampire Heart,ヴァンパイアハート,Vampirherz,Cœur de Vampire,Corazón de Vampiro,Coração de Vampiro,Сердце Вампира,Cuore di Vampiro,吸血鬼之心,吸血之心,뱀파이어 하트,Wampirze Serce,Вампірське Серце,Vampierhart,Vampir Kalbi
L_MAT_WEREWOLFHEART,,Werewolf Heart,狼人の心臓,Werwolfherz,Cœur de Loup-garou,Corazón de Hombre Lobo,Coração de Lobisomem,Сердце Оборотня,Cuore di Lupo Mannaro,狼人之心,狼人之心,늑대인간의 심장,Serce Wilkołaka,Серце перевертня,Weerwolfhart,Kurt Adam Kalbi
L_MAT_DEVILHEART,,Devil Heart,魔心,Teufelsherz,Cœur du Diable,Corazón Diabólico,Coração do Diabo,Дьявольское Сердце,Cuore del Diavolo,惡魔之心,恶魔之心,악마의 심장,Diabelskie Serce,Диявольське Серце,Duivelshart,Şeytan Kalbi
L_MAT_SUBVERSIVEHEART,,Subversive Heart,サブバーシブ・ハート,Subversives Herz,Cœur Subversif,Corazón Subversivo,Coração Subversivo,Мятежное Сердце,Cuore Sovversivo,顛覆之心,颠覆之心,반항적인 심장,Wywrotowe Serce,Бунтівне Серце,Subversief Hart,Yıkıcı Kalp
L_MAT_IMPERIALHEART,,Imperial Heart,インペリアル・ハート,Kaiserliches Herz,Cœur Impérial,Corazón Imperial,Coração Imperial,Имперское Сердце,Cuore Imperiale,帝國之心,帝国之心,제국의 심장,Serce Imperium,Імператорське Серце,Keizerlijk Hart,İmparatorluk Kalbi
L_MAT_ANGELHEART,,Angel Heart,エンジェル・ハート,Engelsherz,Cœur d'Ange,Corazón de Ángel,Coração de Anjo,Ангельское Сердце,Cuore d'Angelo,天使之心,天使之心,엔젤 하트,Anielskie Serce,Ангельське Серце,Engelenhart,Melek Kalbi
L_MAT_DEMONICBLACKHOLE,,Demonic Black Hole,魔性の暗黒穴,Dämonisches Schwarzes Loch,Trou Noir Démoniaque,Agujero Negro Demoníaco,Buraco Negro Demoníaco,Демоническая Черная Дыра,Buco Nero Demoniaco,惡魔黑洞,恶魔黑洞,악마의 블랙홀,Demoniczna Czarna Dziura,Демонічна Чорна Діра,Demonisch Zwart Gat,Şeytani Kara Delik
L_MAT_JUGGERNAUTBLACKHOLE,,Juggernaut Black Hole,ジャガーノート・ブラックホール,Gigantischer Schwarzer Schlund,Trou Noir du Juggernaut,Agujero Negro Colosal,Buraco Negro Colossal,Черная дыра Джаггернаута,Buco Nero del Titano,巨力黑洞,巨械黑洞,저거너트 블랙홀,Czarna Dziura Juggernauta,Чорна Діра Джаггернаута,Kolossaal Zwart Gat,Juggernaut Kara Delik
L_MAT_WOLFBLACKHOLE,,Wolf Black Hole,ウルフブラックホール,Wolfs-Schwarzes Loch,Trou Noir du Loup,Agujero Negro del Lobo,Buraco Negro do Lobo,Черная Дыра Волка,Buco Nero del Lupo,狼之黑洞,狼之黑洞,늑대 블랙홀,Czarna Dziura Wilka,Чорна Діра Вовка,Zwart Gat van de Wolf,Kurt Kara Deliği
L_MAT_ZEALOTBLACKHOLE,,Zealot Black Hole,ゼロットブラックホール,Schwarzes Loch des Fanatikers,Trou Noir du Zélote,Agujero Negro del Fanático,Buraco Negro do Fanático,Черная Дыра Фанатика,Buco Nero Zelota,狂熱者黑洞,狂热者黑洞,광신도의 블랙홀,Czarna Dziura Fanatyka,Чорна Діра Фанатика,Zwart Gat Fanaticus,Fanatik Kara Delik
L_MAT_MOTHBLACKHOLE,,Moth Black Hole,モスブラックホール,Motten-Schwarzes Loch,Trou Noir de Papillon de Nuit,Agujero Negro de Polilla,Buraco Negro da Mariposa,Черная Дыра Мотылька,Buco Nero della Falena,蛾黑洞,蛾之黑洞,나방 블랙홀,Czarna Dziura Ćmy,Чорна Діра Метелика,Mottenkolkgat,Güve Kara Deliği
L_MAT_COBRABLACKHOLE,,Cobra Black Hole,コブラ・ブラックホール,Kobra-Schwarzes Loch,Trou Noir du Cobra,Agujero Negro de Cobra,Buraco Negro da Cobra,Черная дыра Кобры,Buco Nero del Cobra,眼鏡蛇黑洞,眼镜蛇黑洞,코브라 블랙홀,Czarna Dziura Kobry,Чорна Діра Кобри,Cobra Zwart Gat,Kobra Kara Delik
L_MAT_COURIERSPARK,,Courier Spark,クーリエ・スパーク,Kurier Funke,Étincelle du Messager,Chispa Mensajera,Mensageiro Faísca,Курьер Искра,Corriere Scintilla,信使之光,信使电火花,전령 스파크,Kurier Iskra,Кур'єр Іскра,Koerier Vonk,Kurye Kıvılcım
L_MAT_ENGINEERSPARK,,Engineer Spark,エンジニア・スパーク,Ingenieur Funke,Étincelle l'Ingénieur,Ingeniero Chispa,Engenheiro Faísca,Инженер Искра,Scintilla dell'Ingegnere,工程師 斯帕克,工程师电火花,기술자 스파크,Inżynier Iskra,Інженер Іскра,Ingenieur Vonk,Mühendis Kıvılcım
L_MAT_OFFICERSPARK,,Officer Spark,オフィサー・スパーク,Offizier Spark,Officier Spark,Oficial Spark,Oficial Spark,Офицер Спарк,Ufficiale Spark,斯帕克警官,军官电火花,스파크 경관,Oficer Spark,Офіцер Спарк,Officier Spark,Memur Spark
L_MAT_PROFESSORSPARK,,Professor Spark,プロフェッサー・スパーク,Professor Spark,Professeur Spark,Profesor Spark,Professor Spark,Профессор Спарк,Professor Spark,斯帕克教授,教授电火花,스파크 교수,Profesor Spark,Професор Спарк,Professor Spark,Profesör Spark
L_MAT_SEARCHERSPARK,,Searcher Spark,サーチャー・スパーク,Sucher-Funke,Étincelle de Chercheur,Chispa Buscadora,Centelha do Buscador,Искатель Искра,Scintilla del Cercatore,探索者之光,搜寻者电火花,탐색자의 불꽃,Iskra Poszukiwacza,Іскра Шукача,Zoeker Vonk,Arayıcı Kıvılcım
L_MAT_STUDENTSPARK,,Student Spark,学生の輝き,Schülerfunke,Étincelle Étudiante,Chispa Estudiantil,Centelha Estudantil,Студенческая Искра,Scintilla Studentesca,學生火花,学生电火花,학생의 불꽃,Iskra Studenta,Студентська Іскра,Studentenvonk,Öğrenci Kıvılcımı
L_MAT_ALLURINGPITCHER,,Alluring Pitcher,魅惑の投手,Verführerische Kanne,Pichet Séduisant,Jarra Seductora,Jarro Sedutor,Соблазнительный Кувшин,Brocca Seducente,誘人的投手,诱惑陶罐,매혹적인 투수,Kusząca Dzbanica,Спокусливий Глечик,Verleidelijke Werper,Çekici Sürahi
L_MAT_BATPITCHER,,Bat Pitcher,バットピッチャー,Fledermauswerfer,Lanceur de chauve-souris,Lanzador Murciélago,Arremessador Morcego,Подающий Летучая Мышь,Lanciatore Pipistrello,蝙蝠投手,蝙蝠陶罐,박쥐 투수,Miotacz Nietoperzy,Кажан-пітчер,Vleermuis Werper,Yarasa Atıcı
L_MAT_CULTIVARPITCHER,,Cultivar Pitcher,栽培者のピッチャー,Kultivator-Krug,Pichet Cultivar,Jarra Cultivadora,Jarro de Cultivo,Кувшин культивара,Brocca Coltivata,培育投手,培育种陶罐,재배종 피처,Dzban Kultywaru,Глечик культивару,Cultivar Kan,Kültür Sürahisi
L_MAT_PARASITICPITCHER,,Parasitic Pitcher,寄生投手,Parasitischer Krug,Lanceur Parasitique,Lanzador Parasitario,Jarro Parasita,Паразитический Кувшин,Lanciatore Parassita,寄生投手,寄生陶罐,기생 투수,Dzban Pasożytniczy,Паразитичний Глечик,Parasitaire Werper,Parazit Sürahi
L_MAT_STICKYPITCHER,,Sticky Pitcher,粘着投手,Klebrige Kanne,Pichet Collant,Jarra Pegajosa,Jarro Pegajoso,Липкий Кувшин,Brocca Appiccicosa,黏性投手,粘性陶罐,끈적한 투수,Lepki Dzban,Липкий Глечик,Kleverige Werper,Yapışkan Sürahi
L_MAT_WIZENEDPITCHER,,Wizened Pitcher,老練な投手,Verwitterter Krug,Pichet Vétuste,Jarra Marchita,Jarro Envelhecido,Старый Кувшин,Brocca del Saggio,睿智投手,干瘪陶罐,노련한 투수,Sędziwy Miotacz,Мудрий Глечик,Wijze Werper,Bilge Sürahi
L_MAT_AMORPHOUSHOOK,,Amorphous Hook,アモルファスフック,Amorpher Haken,Crochet Amorphe,Gancho Amorfo,Gancho Amorfo,Аморфный Крюк,Uncino Amorfo,無定形鉤爪,无定形鱼钩,무정형 갈고리,Amorficzny Hak,Аморфний Гак,Amorfe Haak,Amorf Kanca
L_MAT_RESCUERHOOK,,Rescuer Hook,レスキューフック,Retterharken,Crochet de Sauveteur,Gancho Rescatador,Gancho de Resgate,Крюк Спасателя,Gancio del Soccorritore,救援鉤,救援者鱼钩,구조자의 갈고리,Hak Ratownika,Рятівний Гак,Reddingshaak,Kurtarıcı Kanca
L_MAT_INNOCENTHOOK,,Innocent Hook,イノセント・フック,Unschuldiger Haken,Crochet Innocent,Gancho Inocente,Gancho Inocente,Крючок Невинности,Amo Innocente,純真鉤爪,无辜鱼钩,순수한 갈고리,Niewinny Hak,Гачок Невинності,Onschuldige Haak,Masum Kanca
L_MAT_JUGGERNAUTHOOK,,Juggernaut Hook,ジャガーノートフック,Juggernaut-Haken,Crochet du Juggernaut,Gancho del Juggernaut,Gancho do Juggernaut,Крюк Джаггернаута,Uncino del Juggernaut,巨像鉤爪,主宰鱼钩,저거너트 훅,Hak Juggernauta,Гак Джаггернаута,Juggernaut Haak,Juggernaut Kancası
L_MAT_LUGUBRIOUSHOOK,,Lugubrious Hook,陰鬱な鉤爪,Trübseliger Haken,Crochet Lugubre,Gancho Lúgubre,Gancho Lúgubre,Унылый Крюк,Uncino Lugubre,悲愴鉤爪,忧郁鱼钩,침울한 갈고리,Posępny Hak,Скорботний Гак,Lugubere Haak,Kasvetli Kanca
L_MAT_RECRUITERHOOK,,Recruiter Hook,リクルーターフック,Rekrutierer-Köder,Appât de Recruteur,Gancho de Reclutador,Isca de Recrutamento,Вербовочный Крючок,Esca del Reclutatore,招募者鉤子,征集者鱼钩,모집자 후크,Haczyk Rekrutera,Вербувальний Гачок,Rekruteringstruc,İşe Alım Kancası
L_MAT_CACOPHONOUSCOMB,,Cacophonous Comb,喧騒の櫛,Kakophonischer Kamm,Peigne Cacophonique,Peine Cacofónico,Pente Cacofônico,Какофонический Гребень,Pettine Cacofonico,喧囂之梳,嘈杂之梳,불협화음의 빗,Kakofoniczny Grzebień,Какофонічний Гребінь,Kakofone Kam,Kakofoni Tarağı
L_MAT_CARRIONCOMB,,Carrion Comb,キャリオンコーム,Aaskamm,Peigne Charognard,Peine de Carroña,Pente de Carniça,Гребень Падали,Pettine di Carogna,腐屍之梳,腐尸之梳,부패한 빗,Grzebień Padliny,Гребінь Падла,Aasvlees Kam,Leş Tarak
L_MAT_CAVECOMB,,Cave Comb,洞窟の櫛,Höhlenkamm,Peigne des Cavernes,Peine de Cueva,Pente da Caverna,Пещерный Гребень,Pettine della Caverna,洞穴梳,洞穴之梳,동굴 빗,Grzebień Jaskiniowy,Печерний гребінь,Grotenkam,Mağara Tarağı
L_MAT_CLAWINGCOMB,,Clawing Comb,爪状の櫛,Krallendes Kamm,Peigne Griffant,Peine Desgarrador,Pente Garras,Когтистый Гребень,Pettine Artigliante,利爪梳,利爪之梳,할퀴는 빗,Szponiasty Grzebień,Кігтистий Гребінь,Klauwende Kam,Pençeleyen Tarak
L_MAT_COLDCOMB,,Cold Comb,冷たい櫛,Kalter Kamm,Peigne Glacial,Peine Frío,Pente Gelado,Ледяной Гребень,Pettine Gelido,冰冷梳子,寒冷之梳,차가운 빗,Zimowy Grzebień,Холодний Гребінь,Koude Kam,Soğuk Tarak
L_MAT_CONTAGIOUSCOMB,,Contagious Comb,伝染性の櫛,Ansteckender Kamm,Peigne Contagieux,Peine Contagioso,Pente Contagioso,Заразный Гребень,Pettine Contagioso,傳染性梳子,瘟疫之梳,전염성 빗,Zaraźliwy Grzebień,Заразний Гребінь,Besmettelijke Kam,Bulaşıcı Tarak
L_MAT_ANCIENTGEAR,,Ancient Gear,古代の歯車,Uraltes Getriebe,Mécanisme Ancien,Engranaje Antiguo,Engrenagem Antiga,Древний Механизм,Ingranaggio Antico,遠古機械,远古机械,고대 장치,Starożytne Wyposażenie,Стародавній Механізм,Antieke Uitrusting,Antik Çark
L_MAT_ARCANEGEAR,,Arcane Gear,アーケイン・ギア,Arkane Ausrüstung,Équipement Arcanique,Equipo Arcano,Equipamento Arcano,Магическое Снаряжение,Equipaggiamento Arcano,奧術裝備,奥术机械,비전 장비,Mistyczny Ekwipunek,Магічне Спорядження,Arcane Uitrusting,Büyülü Teçhizat
L_MAT_CURSEDGEAR,,Cursed Gear,呪われた装備,Verfluchte Ausrüstung,Équipement Maudit,Equipo Maldito,Equipamento Amaldiçoado,Проклятое Снаряжение,Equipaggiamento Maledetto,詛咒裝備,诅咒机械,저주받은 장비,Przeklęty Ekwipunek,Проклятий Обладунок,Vervloekte Uitrusting,Lanetli Teçhizat
L_MAT_DECREPITGEAR,,Decrepit Gear,朽ちた装備,Verrottete Ausrüstung,Équipement Délabré,Equipo Decrépito,Equipamento Decrépito,Ветхое снаряжение,Equipaggiamento Logoro,老舊裝備,破旧机械,낡은 장비,Zużyty Ekwipunek,Старе спорядження,Versleten Uitrusting,Eski Teçhizat
L_MAT_LUXURYGEAR,,Luxury Gear,高級装備,Luxusausrüstung,Équipement de luxe,Equipo de Lujo,Equipamento de Luxo,Роскошное снаряжение,Equipaggiamento di Lusso,奢華裝備,豪华机械,고급 장비,Luksusowy Ekwipunek,Розкішне спорядження,Luxe Uitrusting,Lüks Ekipman
L_MAT_SIEGEGEAR,,Siege Gear,攻城装備,Belagerungsausrüstung,Équipement de Siège,Equipo de Asedio,Equipamento de Cerco,Осадное снаряжение,Equipaggiamento d'Assedio,攻城裝備,围城机械,공성 장비,Sprzęt Oblężniczy,Облогове спорядження,Belegeringsuitrusting,Kuşatma Teçhizatı
L_MAT_WARGEAR,,War Gear,戦闘装備,Kriegsausrüstung,Équipement de Guerre,Equipo de Guerra,Equipamento de Guerra,Военное снаряжение,Equipaggiamento da Guerra,戰鬥裝備,战争机械,전쟁 장비,Ekwipunek Wojenny,Військове спорядження,Oorlogsuitrusting,Savaş Teçhizatı
L_MAT_TANUKROOKPACT,,Tanukrook Pact,タヌクルック協定,Tanukrook-Pakt,Pacte de Tanukrook,Pacto Tanukrook,Pacto Tanukrook,Договор Танукруков,Patto di Tanukrook,狸貍盟約,森林恐魔契约,타누크룩 서약,Pakt Tanukrooków,Договір Танукрука,Tanukrook Pact,Tanukrook Paktı
L_MAT_ATTORNEYCORD,,Attorney Cord,弁護士コード,Anwalt Cord,Avocat Cord,Abogado Cord,Advogado Cord,Адвокат Корд,Avvocato Cord,律師科德,律师绳索,변호사 코드,Adwokat Cord,Адвокат Корд,Advocaat Cord,Avukat Cord
L_MAT_CHEFCORD,,Chef Cord,シェフ・コード,Chefkoch Cord,Chef Cord,Chef Cord,Chef Cord,Шеф-повар Корд,Chef Cord,廚師科德,厨师绳索,셰프 코드,Szef Kuchni Cord,Шеф-кухар Корд,Chef Cord,Şef Cord
L_MAT_HORTICULTURISTCORD,,Horticulturist Cord,園芸家コード,Gärtner Cord,Horticulteur Cord,Botánico Cord,Horticultor Cord,Садовод Корд,Orticoltore Cord,園藝學家科德,园艺师绳索,원예가 코드,Ogrodnik Cord,Садівник Корд,Tuinbouwkundige Cord,Bahçıvan Cord
L_MAT_INSPECTORCORD,,Inspector Cord,インスペクター・コード,Inspektor Cord,Inspecteur Cord,Inspector Cord,Inspetor Cord,Инспектор Корд,Ispettore Cord,考德督察,调查员绳索,수사관 코드,Inspektor Cord,Інспектор Корд,Inspecteur Cord,Müfettiş Cord
L_MAT_PROSPECTORCORD,,Prospector Cord,プロスペクター・コード,Prospektor Cord,Corde du Prospecteur,Cuerda de Prospector,Corda do Prospector,Шнур Старателя,Corda del Cercatore,探礦者繩索,勘探者绳索,탐사꾼 코드,Sznur Poszukiwacza,Шнур Старателя,Prospector Koord,Kaşif Kordon
L_MAT_VACCINATORCORD,,Vaccinator Cord,ワクシネーターコード,Vakzinator-Kabel,Cordon du Vaccinateur,Cordón del Vacunador,Cordão do Vacinador,Шнур Вакцинатора,Corda del Vaccinatore,疫苗注射器連接線,注射员绳索,백신 주입기 코드,Przewód Szczepionkowy,Вакцинаторний шнур,Vaccinator Koord,Aşılayıcı Kordon
L_MAT_GARNETOFAQUARIUS,,Garnet of Aquarius,ガーネット・オブ・アクエリアス,Granat des Wassermanns,Grenat du Verseau,Granate de Acuario,Granate de Aquário,Гранат Водолея,Granato dell'Acquario,水瓶座的石榴石,水瓶石榴石,물병자리의 가넷,Granat Wodnika,Гранат Водолія,Granaat van Waterman,Kova Burcu'nun Granati
L_MAT_BLOODSTONEOFARIES,,Bloodstone of Aries,牡羊座の血石,Blutstein des Widders,Pierre de Sang du Bélier,Piedra de Sangre de Aries,Pedra de Sangue de Áries,Кровавый камень Овна,Pietra Sanguigna dell'Ariete,白羊座的血石,白羊血石,양자리의 혈석,Krwawy Kamień Barana,Кривавий камінь Овна,Bloedsteen van Ram,Koç Burcu Kan Taşı
L_MAT_EMERALDOFCANCER,,Emerald of Cancer,蟹座のエメラルド,Smaragd des Krebses,Émeraude du Cancer,Esmeralda de Cáncer,Esmeralda de Câncer,Изумруд Рака,Smeraldo del Cancro,巨蟹座翡翠,巨蟹翡翠,게자리의 에메랄드,Szmaragd Raka,Смарагд Рака,Smaragd van Kreeft,Yengeç Zümrüdü
L_MAT_RUBYOFCAPRICORN,,Ruby of Capricorn,カプリコーンの紅玉,Rubin des Steinbocks,Rubis du Capricorne,Rubí de Capricornio,Rubi de Capricórnio,Рубин Козерога,Rubino del Capricorno,摩羯座紅寶石,摩羯红宝石,염소자리의 루비,Rubin Koziorożca,Рубін Козерога,Robijn van Steenbok,Oğlak Yakutu
L_MAT_AGATEOFGEMINI,,Agate of Gemini,アゲート・オブ・ジェミニ,Achat des Zwillings,Agate des Gémeaux,Ágata de Géminis,Ágata de Gêmeos,Агат Близнецов,Agata dei Gemelli,雙子瑪瑙,双子玛瑙,쌍둥이자리의 마노,Agat Bliźniąt,Агат Близнюків,Agaat van Tweelingen,İkizler Akiği
L_MAT_ONYXOFLEO,,Onyx of Leo,レオのオニキス,Onyx des Löwen,Onyx du Lion,Ónice de Leo,Ônix de Leão,Оникс Льва,Onice del Leone,獅子座的縞瑪瑙,狮子缟玛瑙,레오의 오닉스,Oniks Lwa,Онікс Лева,Onyx van Leo,Aslan'ın Oniksi
L_MAT_PERIDOTOFLIBRA,,Peridot of Libra,天秤座のペリドット,Peridot der Waage,Péridot de la Balance,Peridot de Libra,Peridot de Libra,Перидот Весов,Peridot della Bilancia,天秤座的橄欖石,天秤橄榄石,천칭자리의 페리도트,Perydot Wagi,Перидот Терезів,Peridot van Weegschaal,Terazi'nin Peridutu
L_MAT_AMETHYSTOFPISCES,,Amethyst of Pisces,アメジストオブパイシーズ,Amethyst des Fisches,Améthyste des Poissons,Amatista de Piscis,Ametista de Peixes,Аметист Рыб,Ametista dei Pesci,雙魚座紫水晶,双鱼紫水晶,물고기자리의 자수정,Ametyst Ryb,Аметист Риб,Amethist van Vissen,Balık Burcu Ametisti
L_MAT_TOPAZOFSAGITTARIUS,,Topaz of Sagittarius,射手座のトパーズ,Topas des Schützen,Topaze du Sagittaire,Topacio de Sagitario,Topázio de Sagitário,Топаз Стрельца,Topazio del Sagittario,射手座的黃玉,射手黄玉,사수자리의 토파즈,Topaz Strzelca,Топаз Стрільця,Topaas van Boogschutter,Yay Burcu Topazı
L_MAT_BERYLOFSCORPIO,,Beryl of Scorpio,ベリル・オブ・スコーピオ,Beryll des Skorpions,Béryl du Scorpion,Berilo de Escorpio,Berilo de Escorpião,Берилл Скорпиона,Berillo dello Scorpione,天蠍座的貝瑞爾,天蝎绿柱石,전갈자리의 베릴,Beryl ze Skorpiona,Берил Скорпіона,Beryl van Schorpioen,Akrep'in Beril'i
L_MAT_SAPPHIREOFTAURUS,,Sapphire of Taurus,牡牛座のサファイア,Saphir des Stiers,Saphir du Taureau,Zafiro de Tauro,Safira de Touro,Сапфир Тельца,Zaffiro del Toro,金牛座的藍寶石,金牛蓝宝石,황소자리의 사파이어,Szafir Byka,Сапфір Тельця,Saffier van Stier,Boğa'nın Safiri
L_MAT_CARNELIANOFVIRGO,,Carnelian of Virgo,カルネリアン・オブ・ヴァルゴ,Karneol des Jungfrau,Carnélien du Vierge,Carneliana de Virgo,Carneliana de Virgem,Карнелиан Девы,Carnelian del Vergine,處女座的紅玉髓,处女光玉髓,처녀자리의 카넬리안,Karneol Panny,Карнеліан Діви,Carnelian van Maagd,Başak Karnelianı
L_MAT_LOSTSTAR,,Lost Star,ロストスター,Verlorener Stern,Étoile Perdue,Estrella Perdida,Estrela Perdida,Потерянная Звезда,Stella Perduta,失落之星,迷失之星,잃어버린 별,Zagubiona Gwiazda,Загублена Зірка,Verloren Ster,Kayıp Yıldız
L_MAT_PARTICLEOFCOLG,,Particle of Colg,コルグの粒子,Partikel von Colg,Particule de Colg,Partícula de Colg,Partícula de Colg,Частица Колга,Particella di Colg,柯爾格粒子,科尔格微粒,콜그의 입자,Cząstka Colga,Частинка Колга,Deeltje van Colg,Colg Parçacığı
L_MAT_PARTICLEOFDARKSULKER,,Particle of Darksulker,ダークサルカーの粒子,Partikel des Dunkellauerers,Particule de Darksulker,Partícula de Darksulker,Partícula de Darksulker,Частица Темного Скитальца,Particella di Darksulker,黯潛者微粒,暗潜者微粒,다크설커의 입자,Cząstka Mrocznegołowcy,Частинка Темнопоглинача,Deeltje van Duisterzuiger,Karanlık Avcı Parçacığı
L_MAT_PARTICLEOFDIAMANT,,Particle of Diamant,ディアマントの粒子,Partikel des Diamanten,Particule de Diamant,Partícula de Diamant,Partícula de Diamante,Частица Диаманта,Particella di Diamant,鑽石微粒,晶簇灵微粒,디아망의 입자,Cząstka Diamentu,Частинка Діаманту,Deeltje van Diamant,Elmas Parçacığı
L_MAT_PARTICLEOFKAPRE,,Particle of Kapre,カプレの粒子,Partikel des Kapre,Particule de Kapre,Partícula de Kapre,Partícula de Kapre,Частица Капре,Particella di Kapre,卡普雷粒子,卡普雷微粒,카프레의 입자,Cząstka Kapre,Частинка Капре,Deeltje van Kapre,Kapre Parçacığı
L_MAT_PARTICLEOFLINTA,,Particle of Linta,リンタの粒子,Partikel von Linta,Particule de Linta,Partícula de Linta,Partícula de Linta,Частица Линты,Particella di Linta,琳塔粒子,林塔微粒,린타의 입자,Cząstka Linty,Частинка Лінти,Deeltje van Linta,Linta Parçacığı
L_MAT_PARTICLEOFNOXPIT,,Particle of Noxpit,ノックスピットの粒子,Partikel von Noxpit,Particule de Noxpit,Partícula de Noxpit,Partícula de Noxpit,Частица Ноксита,Particella di Noxpit,諾克斯坑粒子,诺克斯皮特微粒,녹스핏의 입자,Cząstka Noxpitu,Частинка Нокспіту,Deeltje van Noxpit,Noxpit Parçacığı
L_MAT_PARTICLEOFTENBRAN,,Particle of Tenbran,テンブランの粒子,Partikel von Tenbran,Particule de Tenbran,Partícula de Tenbran,Partícula de Tenbran,Частица Тенбрана,Particella di Tenbran,天然粒子,坦布兰微粒,텐브란의 입자,Cząstka Tenbranu,Частинка Тенбрану,Deeltje van Tenbran,Tenbran Parçacığı
L_MAT_MOGWAI'SSANCTUARY,,Mogwai's Sanctuary,モグワイの聖域,Mogwais Heiligtum,Sanctuaire de Mogwai,Santuario de Mogwai,Santuário de Mogwai,Святилище Могвая,Santuario di Mogwai,魔怪的聖殿,魔怪的圣所,모과이의 성역,Sanktuarium Mogwaia,Святилище Могвая,Mogwai's Heiligdom,Mogwai'nin Sığınağı
L_MAT_PURRGHAST'SEMBLEM,,Purrghast's Emblem,パーガストの紋章,Purrghasts Emblem,Emblème de Purrghast,Emblema de Purrghast,Emblema de Purrghast,Эмблема Мяугаста,Emblema di Purrghast,貓魂徽章,魂猫的徽章,퍼거스트의 문장,Godło Purrghasta,Емблема Муркотіні,Purrghast's Embleem,Purrghast'ın Arması
L_MAT_HOWLERSKULL,,Howler Skull,遠吠えの頭蓋骨,Heuler-Schädel,Crâne Hurleur,Cráneo Aullador,Crânio Uivante,Череп Воющего,Teschio Urlante,嚎叫者頭骨,嚎叫者头骨,울부짖는 해골,Czaszka Wyjca,Череп Виючого,Huilerschedel,Uluyan Kafatası
L_MAT_STALKERSKULL,,Stalker Skull,ストーカースカル,Stalker-Schädel,Crâne de Traqueur,Cráneo Acechador,Crânio de Perseguidor,Череп Сталкера,Teschio del Cacciatore,潛行者骷髏,潜行者头骨,스토커 해골,Czaszka Prześladowcy,Череп Сталкера,Stalker Schedel,Avcı Kafatası
L_MAT_CLIMBERSKULL,,Climber Skull,登山家の頭蓋骨,Kletterer-Schädel,Crâne d'Alpiniste,Cráneo de Escalador,Crânio de Escalador,Череп альпиниста,Teschio dell'Arrampicatore,攀岩者頭骨,攀登者头骨,등반가 해골,Czaszka Wspinacza,Череп альпініста,Klimmersdoodshoofd,Tırmanıcı Kafatası
L_MAT_ELDERSKULL,,Elder Skull,エルダースカル,Älterer Schädel,Crâne Ancien,Cráneo Ancestral,Crânio Ancião,Древний Череп,Teschio Antico,長老骷髏,长老头骨,고대 해골,Starożytna Czaszka,Древній Череп,Oudere Schedel,Yaşlı Kafatası
L_MAT_BLOODYSKULL,,Bloody Skull,血塗れた髑髏,Blutiger Schädel,Crâne Sanglant,Calavera Sangrienta,Crânio Sangrento,Кровавый Череп,Teschio Insanguinato,血腥骷髏,血红头骨,피의 해골,Krwawiąca Czaszka,Кривавий Череп,Bloedige Schedel,Kanlı Kafatası
L_MAT_ASCENDANTLANTERN,,Ascendant Lantern,昇天のランタン,Aufsteigende Laterne,Lanterne Ascendante,Linterna Ascendente,Lanterna Ascendente,Вознесенный Фонарь,Lanterna Ascendente,超凡明燈,超凡灯笼,승천 랜턴,Wzniosła Latarnia,Вознесений Ліхтар,Verheven Lantaarn,Yükseliş Feneri
L_MAT_FORTUNELANTERN,,Fortune Lantern,フォーチュンランタン,Glückslaterne,Lanterne de Fortune,Farol de la Fortuna,Lanterna da Fortuna,Фонарь Удачи,Lanterna della Fortuna,幸運燈籠,幸运灯笼,행운의 등불,Latarnia Fortuny,Ліхтар Фортуни,Gelukslantaarn,Talih Feneri
L_MAT_TROLLBOARLANTERN,,Trollboar Lantern,トロールイノシシのランタン,Trolleber-Laterne,Lanterne de Sanglitroll,Linterna de Jabalí Troll,Lanterna do Javali-Troll,Фонарь Тролльего Вепря,Lanterna del Cinghiale Troll,巨魔豬燈籠,巨魔野猪灯笼,트롤멧돼지 랜턴,Latarnia Trollo-Dzika,Ліхтар Троля-Вепра,Trollzwijnlantaarn,Trolldomuz Feneri
L_MAT_CURIOOFSTONE,,Curio of Stone,石の珍品,Kuriosität aus Stein,Curiosité de Pierre,Curiosidad de Piedra,Curiosidade de Pedra,Диковинка из Камня,Curiosità di Pietra,石之珍品,石化咒物,돌의 진귀품,Osobliwość z Kamienia,Диковина з Каменю,Curiositeit van Steen,Taş Nadiresi
L_MAT_BONEBREAKERTATTOO,,Bonebreaker Tattoo,ボーンブレイカーの刺青,Knochenbrecher-Tattoo,Tatouage Brise-os,Tatuaje Rompehúesos,Tatuagem Quebra-ossos,"Тату ""Костолом""",Tatuaggio Spaccaossa,碎骨刺青,碎骨者纹身,뼈부수기 문신,Tatuaż Łamacza Kości,Татуювання Кісткотроща,Bottenbrekertattoo,Kemikkırıcı Dövme
L_MAT_BOLDAMBER,,Bold Amber,大胆な琥珀,Kühnes Bernstein,Ambre Audacieux,Ámbar Audaz,Âmbar Ousado,Смелый Янтарь,Ambra Audace,勇猛琥珀,暗色琥珀,대담한 호박색,Śmiała Bursztynowa,Сміливий Бурштин,Gedurfd Amber,Cesur Kehribar
L_MAT_SMOKYAMBER,,Smoky Amber,スモーキーアンバー,Rauchiger Bernstein,Ambre Fumé,Ámbar Ahumado,Âmbar Fumegante,Дымчатый янтарь,Ambra Fumosa,煙燻琥珀,烟青琥珀,스모키 앰버,Dymny Bursztyn,Димчастий бурштин,Rokerige Amber,Dumanlı Kehribar
L_MAT_PALEAMBER,,Pale Amber,淡い琥珀,Blasses Bernstein,Ambre Pâle,Ámbar Pálido,Âmbar Pálido,Бледный янтарь,Ambra Pallida,淡琥珀,淡色琥珀,창백한 호박색,Blady Bursztyn,Блідий бурштин,Bleek Barnsteen,Soluk Kehribar
L_MAT_BRIGHTAMBER,,Bright Amber,輝く琥珀,Helles Bernstein,Ambre Brillant,Ámbar Brillante,Âmbar Brilhante,Яркий янтарь,Ambra Lucente,明亮琥珀,明亮琥珀,밝은 호박석,Jasny Bursztyn,Яскравий бурштин,Helder Barnsteen,Parlak Kehribar
L_MAT_DEEPAMBER,,Deep Amber,深琥珀,Tiefes Bernstein,Ambre Profond,Ámbar Profundo,Âmbar Profundo,Глубокий Янтарь,Ambra Profonda,深琥珀,深色琥珀,깊은 호박색,Głęboki Bursztyn,Глибокий бурштин,Diep Amber,Derin Kehribar
L_MAT_ROSEAMBER,,Rose Amber,ローズアンバー,Rose Amber,Rose Ambre,Rosa Ámbar,Rosa Âmbar,Роза Янтарь,Rosa Ambra,玫瑰琥珀,玫红琥珀,로즈 앰버,Bursztynowa Róża,Бурштинова Роза,Roos Amber,Gül Kehribar
L_MAT_GLOSSYAMBER,,Glossy Amber,光沢のある琥珀,Glänzender Bernstein,Ambre Lustré,Ámbar Brillante,Âmbar Lustroso,Глянцевый янтарь,Ambra Lucente,光澤琥珀,光亮琥珀,윤나는 호박,Błyszczący Bursztyn,Глянцевий бурштин,Glanzend Barnsteen,Parlak Kehribar
L_MAT_MURKYAMBER,,Murky Amber,濁った琥珀,Trüber Bernstein,Ambre Trouble,Ámbar Turbio,Âmbar Turvo,Мутный янтарь,Ambra Torbida,渾濁琥珀,浑浊琥珀,탁한 호박석,Mętny Bursztyn,Мутний бурштин,Troebel Barnsteen,Bulanık Kehribar
L_MAT_SPARKLINGAMBER,,Sparkling Amber,輝く琥珀,Funkelnder Bernstein,Ambre Étincelant,Ámbar Resplandeciente,Âmbar Cintilante,Искрящийся янтарь,Ambra Scintillante,閃爍琥珀,闪耀琥珀,반짝이는 호박석,Iskrzący Bursztyn,Мерехтливий бурштин,Fonkelend Barnsteen,Parlayan Kehribar
L_MAT_SHINYAMBER,,Shiny Amber,輝く琥珀,Glänzender Bernstein,Ambre Brillant,Ámbar Brillante,Âmbar Brilhante,Сияющий янтарь,Ambra Lucente,閃亮琥珀,闪亮琥珀,빛나는 호박,Lśniący Bursztyn,Сяюча Бурштина,Glanzend Barnsteen,Parlak Kehribar
L_MAT_KIICHI'SFANG,,Kiichi's Fang,紀一の牙,Kiichis Reißzahn,Croc de Kiichi,Colmillo de Kiichi,Presa de Kiichi,Клык Киичи,Zanna di Kiichi,紀一之牙,吉一的尖牙,키이치의 송곳니,Kieł Kiichiego,Ікло Кіічі,Kiichi's Hoektand,Kiichi'nin Dişi
L_MAT_KIICHI'SMANE,,Kiichi's Mane,キイチのたてがみ,Kiichis Mähne,Crinière de Kiichi,Melena de Kiichi,Juba de Kiichi,Грива Киичи,Criniera di Kiichi,紀一的鬃毛,吉一的鬃毛,키이치의 갈기,Grzywa Kiichiego,Грива Кіічі,Kiichi's Manen,Kiichi'nin Yelesi
L_MAT_KIICHI'STAIL,,Kiichi's Tail,キイチの尻尾,Kiichis Schweif,Queue de Kiichi,Cola de Kiichi,Cauda de Kiichi,Хвост Киичи,Coda di Kiichi,紀一的尾巴,吉一的尾巴,키이치의 꼬리,Ogon Kiichiego,Хвіст Кіічі,Kiichi's Staart,Kiichi'nin Kuyruğu
L_MAT_MYRTLE'SSHELL,,Myrtle's Shell,マートルの殻,Myrtles Muschel,Coquillage de Myrtle,Concha de Myrtle,Concha de Myrtle,Ракушка Миртл,Conchiglia di Myrtle,默特爾的貝殼,默特尔的外壳,머틀의 껍질,Muszla Myrtle,Мушля Міртл,Schelp van Myrtle,Myrtle'ın Kabuğu
L_MAT_MYRTLE'SSCALES,,Myrtle's Scales,マートルの鱗,Myrtles Schuppen,Écailles de Myrtle,Escamas de Myrtle,Escamas de Myrtle,Чешуя Миртл,Squame di Myrtle,默特爾的鱗片,默特尔的鳞片,머틀의 비늘,Łuski Myrtle,Луска Міртл,Schubben van Myrtle,Myrtle'ın Pulları
L_MAT_MYRTLE'STOOTH,,Myrtle's Tooth,マートルの歯,Myrtles Zahn,Dent de Myrte,Diente de Myrtle,Dente de Murta,Зуб Миртл,Dente di Myrtle,默特爾的牙齒,默特尔的牙齿,머틀의 이빨,Ząb Myrtle,Зуб Міртл,Tand van Myrtle,Myrtle'ın Dişi
L_MAT_LOID'SPIMPLE,,Loid's Pimple,ロイドのにきび,Loids Pickel,Bouton de Loid,Grano de Loid,Espinha de Loid,Прыщ Лоида,Brufolo di Loid,洛伊德的痘痘,洛伊德的痘痘,로이드의 여드름,Pryszcz Loida,Прищ Лоїда,Loids Puistje,Loid'in Sivilcesi
L_MAT_LOID'SBOIL,,Loid's Boil,ロイドの腫れ物,Loids Furunkel,Furoncle de Loid,Forúnculo de Loid,Furúnculo de Loid,Нарыв Лоида,Foruncolo di Loid,洛伊德的膿瘡,洛伊德的疖子,로이드의 종기,Wrzód Loida,Нарив Лоїда,Loids Steenpuist,Loid'in Çıbanı
L_MAT_LOID'SHAIR,,Loid's Hair,ロイドの髪,Loids Haar,Cheveux de Loid,Cabello de Loid,Cabelo de Loid,Волосы Лоида,Capelli di Loid,洛伊德的頭髮,洛伊德的头发,로이드의 머리카락,Włosy Loida,Волосся Лоїда,Loids Haar,Loid'in Saçı
L_MAT_GIRAN'SKNEECAP,,Giran's Kneecap,ギランの膝蓋骨,Girans Kniescheibe,Rotule de Giran,Rótula de Giran,Rótula de Giran,Коленная Чашечка Гирана,Rotula di Giran,基蘭的膝蓋骨,吉兰的膝盖骨,기란의 무릎뼈,Rzepka Girana,Колінна Чашечка Гірана,Girans Knieschijf,Giran'ın Diz Kapağı
L_MAT_GIRAN'SSKULL,,Giran's Skull,ギランの頭蓋骨,Girans Schädel,Crâne de Giran,Cráneo de Giran,Crânio de Giran,Череп Гирана,Teschio di Giran,基蘭的頭骨,吉兰的头骨,기란의 두개골,Czaszka Girana,Череп Гірана,Girans Schedel,Giran'ın Kafatası
L_MAT_GIRAN'SEYE,,Giran's Eye,ギランの目,Girans Auge,Œil de Giran,Ojo de Giran,Olho de Giran,Око Гирана,Occhio di Giran,基蘭之眼,吉兰的眼珠,기란의 눈,Oko Girana,Око Гірана,Girans Oog,Giran'ın Gözü
L_MAT_VLORA'SFLOWER,,Vlora's Flower,ヴローラの花,Vloras Blume,Fleur de Vlora,Flor de Vlora,Flor de Vlora,Цветок Влоры,Fiore di Vlora,薇洛拉之花,薇洛拉的花,블로라의 꽃,Kwiat Vlory,Квітка Влори,Vlora's Bloem,Vlora'nın Çiçeği
L_MAT_VLORA'SPOEM,,Vlora's Poem,ヴローラの詩,Vloras Gedicht,Le Poème de Vlora,Poema de Vlora,Poema de Vlora,Поэма Влоры,Poema di Vlora,薇洛拉的詩,薇洛拉的诗,블로라의 시,Poemat Vlory,Вірш Влори,Vlora's Gedicht,Vlora'nın Şiiri
L_MAT_VLORA'SESSENCE,,Vlora's Essence,ヴローラの精髄,Vloras Essenz,Essence de Vlora,Esencia de Vlora,Essência de Vlora,Сущность Влоры,Essenza di Vlora,薇洛拉的精華,薇洛拉的精华,블로라의 정수,Esencja Vlory,Сутність Влори,Vlora's Essentie,Vlora'nın Özü
L_MAT_PEACEBLOOM,,Peacebloom,ピースブルーム,Friedensblume,Pacifique,Flor de paz,Flor da Paz,Мироцвет,Fiorpace,寧神花,宁神花,평화꽃,Pokojokwiat,Мирноцвіт,Vredesbloem,Barışçiçeği
L_MAT_SIGNETOFUNITY,,Signet of Unity,団結の印章,Siegel der Einheit,Sceau d'Unité,Sello de Unidad,Sigilo da Unidade,Печать Единства,Sigillo dell'Unità,團結徽記,团结图章,단결의 인장,Sygnet Jedności,Знак Єдності,Zegel van Eenheid,Birlik Mührü
L_MAT_WHACKINGSTICK,,Whacking Stick,叩き棒,Prügelstock,Bâton Cogneur,Palo de Golpear,Vara de Bater,Дубинка,Bastone Picchiatore,敲打棍,敲打棍,때리는 막대기,Kij do Walenia,Дрючок для Лупцювання,Mepper Stok,Vurma Sopası
L_MAT_XYRXZY'SBRAIN,,Xyrxzy's Brain,ザーザジーの脳,Xyrxzys Gehirn,Cerveau de Xyrxzy,Cerebro de Xyrxzy,Cérebro de Xyrxzy,Мозг Зирзи,Cervello di Xyrxzy,薛爾克西的大腦,克西尔瑞克西滋义斯的大脑,지르지의 뇌,Mózg Xyrxzy'ego,Мозок Ксірксзі,Xyrxzy's Brein,Xyrxzy'nin Beyni
L_MAT_XYRXZY'SNOSE,,Xyrxzy's Nose,シルクシーの鼻,Xyrxzys Nase,Le Nez de Xyrxzy,La Nariz de Xyrxzy,Nariz de Xyrxzy,Нос Зирзи,Il Naso di Xyrxzy,席爾茲的鼻子,克西尔瑞克西滋义斯的鼻子,지르지의 코,Nos Xyrxzy'ego,Ніс Зірзі,Xyrxzy's Neus,Xyrxzy'nin Burnu
L_MAT_XYRXZYFLESH,,Xyrxzy Flesh,ザーザジー・フレッシュ,Xyrxzy-Fleisch,Chair de Xyrxzy,Carne de Xyrxzy,Carne de Xyrxzy,Плоть Зирзи,Carne di Xyrxzy,薩爾茲茲肉,克西尔瑞克西滋义斯的血肉,지르지 살점,Ciało Xyrxzy,Плоть Ксирксзі,Xyrxzy Vlees,Xyrxzy Eti
L_MAT_SPOONOR'SSPOON,,Spoonor's Spoon,スプーナーのスプーン,Spoonors Löffel,Cuillère de Spoonor,Cuchara de Spoonor,Colher de Spoonor,Ложка Спунора,Cucchiaio di Spoonor,史普諾的湯匙,斯普诺的勺子,스푸너의 숟가락,Łyżka Spoonora,Ложка Спунора,Spoonor's Lepel,Spoonor'un Kaşığı
L_MAT_SPOONOR'SFORK,,Spoonor's Fork,スプーナーの分岐,Spoonors Gabel,Fourchette de Spoonor,Tenedor de Spoonor,Garfo de Spoonor,Вилка Спунора,Forchetta di Spoonor,史普諾的叉子,斯普诺的叉子,스푸너의 포크,Widelec Spoonora,Виделка Спунора,Spoonor's Vork,Spoonor'un Çatalı
L_MAT_SPOONOR'SSPORK,,Spoonor's Spork,スプーナーのスポーク,Spoonors Göffel,Fourchette de Spoonor,Tenedor-cuchara de Spoonor,Garfo-colher de Spoonor,Вилколожка Спунора,Forchetta-Cucchiaio di Spoonor,史普諾的叉匙,斯普诺的叉勺,스푸너의 스포크,Widelcołyżka Spoonora,Виделка Спунора,Spoonor's Spork,Spoonor'un Çatalkaşığı
L_MAT_QILA'SWING,,Qila's Wing,キラの翼,Qilas Schwinge,Aile de Qila,Ala de Qila,Asa de Qila,Крыло Килы,Ala di Qila,奇拉之翼,奇拉的翅膀,퀼라의 날개,Skrzydło Qili,Крило Кіли,Qila's Vleugel,Qila'nın Kanadı
L_MAT_QILA'SHORN,,Qila's Horn,キラの角,Qilas Horn,Corne de Qila,Cuerno de Qila,Chifre de Qila,Рог Килы,Corno di Qila,奇拉之角,奇拉的独角,퀼라의 뿔,Róg Qili,Ріг Кіли,Qila's Hoorn,Qila'nın Boynuzu
L_MAT_QILA'SMANE,,Qila's Mane,キラのたてがみ,Qilas Mähne,Crinière de Qila,Melena de Qila,Crina de Qila,Грива Килы,Criniera di Qila,奇拉的鬃毛,奇拉的鬃毛,퀼라의 갈기,Grzywa Qili,Грива Кіли,Qila's Manen,Qila'nın Yelesi
L_MAT_VITJA'STAIL,,Vitja's Tail,ヴィチャの尻尾,Vitjas Schweif,Queue de Vitja,Cola de Vitja,Cauda de Vitja,Хвост Вити,Coda di Vitja,維特亞的尾巴,维佳的尾巴,비차의 꼬리,Ogon Vitji,Хвіст Віті,Vitja's Staart,Vitja'nın Kuyruğu
L_MAT_VITJA'SJEWEL,,Vitja's Jewel,ヴィチャの宝石,Vitjas Juwel,Joyau de Vitja,Joya de Vitja,Joia de Vitja,Драгоценность Вити,Gemma di Vitja,維提亞的寶石,维佳的珠宝,비차의 보석,Klejnot Vitji,Коштовність Віті,Vitja's Juweel,Vitja'nın Mücevheri
L_MAT_VITJA'SEAR,,Vitja's Ear,ヴィチャの耳,Vitjas Ohr,L'Oreille de Vitja,Oreja de Vitja,Orelha de Vitja,Ухо Вити,Orecchio di Vitja,維提亞的耳朵,维佳的耳朵,비차의 귀,Ucho Vitji,Вухо Віті,Vitja's Oor,Vitja'nın Kulağı
L_MAT_IMPINGTON'STOTEM,,Impington's Totem,インピントンのトーテム,Impingtons Totem,Totem d'Impington,Tótem de Impington,Totem de Impington,Тотем Импингтона,Totem di Impington,英普頓的圖騰,英普顿的图腾,임핑턴의 토템,Totem Impingtona,Тотем Імпінгтона,Impington's Totem,Impington'un Totemi
L_MAT_IMPINGTON'SCOG,,Impington's Cog,インピントンの歯車,Impingtons Zahnrad,Rouage d'Impington,Engranaje de Impington,Engrenagem de Impington,Шестерня Импингтона,Ingranaggio di Impington,英普頓的齒輪,英普顿的齿轮,임핑턴의 톱니바퀴,Trybik Impingtona,Шестерня Імпінгтона,Impington's Tandwiel,Impington'un Dişlisi
L_MAT_IMPINGTON'SLASEREYE,,Impington's Laser Eye,インピントンのレーザーアイ,Impingtons Laserauge,Œil Laser d'Impington,Ojo Láser de Impington,Olho Laser de Impington,Лазерный Глаз Импингтона,Occhio Laser di Impington,英普頓的雷射眼,英普顿的激光眼,임핑턴의 레이저 눈,Laserowe Oko Impingtona,Лазерне Око Імпінгтона,Impington's Laseroog,Impington'un Lazer Gözü
L_MAT_ETTA'SSPICES,,Etta's Spices,エッタのスパイス,Ettas Gewürze,Épices d'Etta,Especias de Etta,Especiarias da Etta,Специи Этты,Spezie di Etta,艾塔的香料,艾塔的香料,에타의 향신료,Przyprawy Etty,Спеції Етти,Etta's Kruiden,Etta'nın Baharatları
L_MAT_ETTA'SDOLL,,Etta's Doll,エッタの人形,Ettas Puppe,Poupée d'Etta,Muñeca de Etta,Boneca da Etta,Кукла Этты,Bambola di Etta,艾塔的娃娃,艾塔的玩偶,에타의 인형,Lalka Etty,Лялька Етти,Etta's Pop,Etta'nın Bebeği
L_MAT_ETTA'SBLINDFOLD,,Etta's Blindfold,エッタの目隠し,Ettas Augenbinde,Bandeau d'Etta,Venda de Etta,Venda de Etta,Повязка Этты,Benda di Etta,艾塔的眼罩,艾塔的眼罩,에타의 안대,Opaska Etty,Пов'язка Етти,Etta's Blinddoek,Etta'nın Göz Bandı
L_MAT_TELLUR'SBLOOD,,Tellur's Blood,テルルの血,Tellurs Blut,Sang de Tellur,Sangre de Tellur,Sangue de Tellur,Кровь Теллура,Sangue di Tellur,泰勒之血,泰勒的血液,텔루르의 피,Krew Tellura,Кров Теллура,Tellur's Bloed,Tellur'un Kanı
L_MAT_TELLUR'SMARROW,,Tellur's Marrow,テルルの髄,Tellurs Mark,Moelle de Tellur,Médula de Tellur,Medula de Tellur,Костный мозг Теллура,Midollo di Tellur,泰勒爾之髓,泰勒的骨髓,텔루르의 골수,Szpik Tellura,Кістковий Мозок Теллура,Tellur's Merg,Tellur'un İliği
L_MAT_TELLUR'SSCALES,,Tellur's Scales,テルルの鱗,Tellurs Schuppen,Écailles de Tellur,Escamas de Tellur,Escamas de Tellur,Весы Теллура,Bilance di Tellur,泰勒的鱗片,泰勒的鳞片,텔루르의 저울,Łuski Tellura,Луска Теллура,Tellur's Weegschaal,Tellur'un Pulları
L_MAT_RAMSES'SCREST,,Ramses's Crest,ラムセスの紋章,Ramses' Wappen,Emblème de Ramsès,Emblema de Ramsés,Emblema de Ramsés,Герб Рамзеса,Emblema di Ramses,拉姆西斯的紋章,拉美西斯的纹章,람세스의 문장,Herb Ramsesa,Герб Рамзеса,Ramses' Embleem,Ramses'in Arması
L_MAT_RAMSES'SEYE,,Ramses's Eye,ラムセスの目,Ramses' Auge,Œil de Ramsès,Ojo de Ramsés,Olho de Ramsés,Око Рамзеса,Occhio di Ramses,拉姆西斯之眼,拉美西斯的眼珠,람세스의 눈,Oko Ramzesa,Око Рамзеса,Ramses' Oog,Ramses'in Gözü
L_MAT_RAMSES'SMANE,,Ramses's Mane,ラムセスのたてがみ,Ramses' Mähne,Crinière de Ramsès,Melena de Ramses,Juba de Ramsés,Грива Рамзеса,Criniera di Ramses,拉姆西斯的鬃毛,拉美西斯的鬃毛,람세스의 갈기,Grzywa Ramzesa,Грива Рамзеса,Ramses' Manen,Ramses'in Yelesi
L_MAT_KRAYNAKS'STOOTH,,Kraynaks's Tooth,クレイナクスの牙,Kraynaks Zahn,Croc de Kraynak,Colmillo de Kraynak,Presa de Kraynak,Клык Крайнака,Zanna di Kraynak,克雷納克斯之牙,克雷纳克斯的牙齿,크레이낙의 이빨,Kieł Kraynaka,Зуб Крайнака,Kraynaks's Tand,Kraynak'ın Dişi
L_MAT_KRAYNAKS'SPLANK,,Kraynaks's Plank,クレイナクスの板,Kraynaks Planke,Planche de Kraynak,Tablón de Kraynak,Prancha de Kraynak,Доска Крайнака,Tavola di Kraynak,克雷納克斯的木板,克雷纳克斯的平板,크레이낙의 널빤지,Deska Kraynaka,Дошка Крайнака,Kraynaks's Plank,Kraynaks'ın Tahtası
L_MAT_KRAYNAKS'STONGUE,,Kraynaks's Tongue,クレイナクスの舌,Kraynaks Zunge,Langue de Kraynak,Lengua de Kraynak,Língua de Kraynak,Язык Крайнака,Lingua di Kraynak,克雷納克斯之舌,克雷纳克斯的舌头,크레이낙의 혀,Język Kraynaka,Язик Крайнака,Kraynaks's Tong,Kraynaks'ın Dili
L_MAT_SHADOWESSENCE,,Shadow Essence,シャドウエッセンス,Schattenessenz,Essence d'Ombre,Esencia de Sombra,Essência Sombria,Теневая Сущность,Essenza d'Ombra,暗影精華,暗影精华,그림자 정수,Esencja Cienia,Тіньова Есенція,Schaduwessentie,Gölge Özü
L_MAT_SHADOWHEART,,Shadow Heart,シャドウハート,Schattenherz,Cœur d'Ombre,Corazón de Sombra,Coração das Sombras,Сердце Тени,Cuore d'Ombra,暗影之心,暗影之心,그림자 심장,Mroczne Serce,Тіньове Серце,Schaduwhart,Gölge Kalp
L_MAT_SHADOWSKULL,,Shadow Skull,シャドウスカル,Schattenschädel,Crâne d'Ombre,Cráneo Sombrío,Crânio Sombrio,Теневой Череп,Teschio d'Ombra,暗影骷髏,暗影头骨,그림자 해골,Czaszka Cienia,Тіньовий Череп,Schaduwschedel,Gölge Kafatası
L_MAT_SIGILOFTHECRUSADER,,Sigil of the Crusader,十字軍の印章,Siegel des Kreuzfahrers,Sceau du Croisé,Sigilo del Cruzado,Sigilo do Cruzado,Печать Крестоносца,Sigillo del Crociato,十字軍徽印,圣斗士魔符,성전사의 인장,Pieczęć Krzyżowca,Печатка Хрестоносця,Zegel van de Kruisvaarder,Haçlı Mührü
L_MAT_SIGILOFTHECARBUNCLE,,Sigil of the Carbuncle,カーバンクルの印章,Siegel des Karfunkels,Sceau du Carbuncle,Sello del Carbúnculo,Sigilo do Carbúnculo,Печать Карбункула,Sigillo del Carbuncolo,珍獸印記,宝玉兔魔符,카벙클의 인장,Pieczęć Karbunkuła,Печатка Карбункула,Zegel van de Karbonkel,Karbonkül Mührü
L_MAT_SIGILOFTHECARNAGE,,Sigil of the Carnage,殺戮の印,Siegel des Gemetzels,Sceau du Carnage,Sigilo de la Carnicería,Sigilo da Carnificina,Печать Кровопролития,Sigillo del Massacro,屠殺徽印,屠戮者魔符,학살의 인장,Pieczęć Rzezi,Печатка Різанини,Zegel van het Bloedbad,Katliam Mührü
L_MAT_SIGILOFTHECARVER,,Sigil of the Carver,彫刻師の印章,Siegel des Schnitzers,Sceau du Sculpteur,Sello del Tallador,Sigilo do Entalhador,Печать Резчика,Sigillo dell'Intagliatore,雕刻者印記,切割者魔符,조각가의 인장,Pieczęć Rzeźbiarza,Печатка Різьбяра,Zegel van de Houtsnijder,Oymacının Mührü
L_MAT_SIGILOFTHECENTAUR,,Sigil of the Centaur,ケンタウロスの印章,Siegel des Zentauren,Sceau du Centaure,Sello del Centauro,Sigilo do Centauro,Печать Кентавра,Sigillo del Centauro,人馬座印記,半人马魔符,켄타우로스의 인장,Pieczęć Centaura,Печатка Кентавра,Zegel van de Centaur,Sentaur Mührü
L_MAT_SIGILOFTHECLUTCHER,,Sigil of the Clutcher,シギル・オブ・ザ・クラッチャー,Siegel des Packers,Sceau de l'Agrippeur,Sello del Aferrador,Sigilo do Agarrador,Печать Хватателя,Sigillo del Ghermitore,抓握者之印記,捕手魔符,움켜쥐는 자의 인장,Pieczęć Chwytacza,Печатка Хапуна,Zegel van de Grijper,Kavrayıcının Mührü
L_MAT_SIGILOFTHEBANSHEE,,Sigil of the Banshee,シギル・オブ・ザ・バンシー,Siegel der Todesfee,Sceau de la Banshee,Sello de la Banshee,Sigilo da Banshee,Печать Баньши,Sigillo della Banshee,女妖封印,报丧女妖魔符,밴시의 인장,Pieczęć Banshee,Печатка Банші,Zegel van de Banshee,Banshee Mührü
L_MAT_SIGILOFTHEBARD,,Sigil of the Bard,吟遊詩人の印章,Siegel des Barden,Sceau du Barde,Sello del Bardo,Sigilo do Bardo,Печать Барда,Sigillo del Bardo,吟遊詩人的徽印,吟游诗人魔符,음유시인의 인장,Pieczęć Barda,Печатка Барда,Zegel van de Bard,Ozan Mührü
L_MAT_SIGILOFTHEBASILISK,,Sigil of the Basilisk,バジリスクの印章,Siegel des Basilisken,Sceau du Basilic,Sello del Basilisco,Sigilo do Basilisco,Печать Василиска,Sigillo del Basilisco,蛇妖徽印,蛇怪魔符,바실리스크의 인장,Pieczęć Bazyliszka,Печатка Василіска,Zegel van de Basilisk,Bazilisk Mührü
L_MAT_SIGILOFTHECERBERUS,,Sigil of the Cerberus,ケルベロスの印章,Siegel des Zerberus,Sceau du Cerbère,Sello del Cerbero,Sigilo do Cérbero,Печать Цербера,Sigillo del Cerbero,地獄犬之印記,地狱三头犬魔符,케르베로스의 인장,Pieczęć Cerbera,Печатка Цербера,Zegel van de Cerberus,Kerberos Mührü
L_MAT_SIGILOFTHEAUTOMATON,,Sigil of the Automaton,機械仕掛けの印章,Siegel des Automaten,Sceau de l'Automate,Sello del Autómata,Sigilo do Autômato,Печать Автоматона,Sigillo dell'Automa,自動機械的符印,自动机魔符,자동인형의 인장,Pieczęć Automatu,Печатка Автоматона,Zegel van de Automaton,Otomatonun Mührü
L_MAT_SIGILOFTHEBAT,,Sigil of the Bat,シギル・オブ・ザ・バット,Siegel der Fledermaus,Sceau de la Chauve-souris,Sigilo del Murciélago,Sigilo do Morcego,Печать Летучей Мыши,Sigillo del Pipistrello,蝙蝠徽印,蝙蝠魔符,박쥐의 인장,Pieczęć Nietoperza,Печатка Кажана,Zegel van de Vleermuis,Yarasa Mührü
L_MAT_SIGILOFTHEBROWNIE,,Sigil of the Brownie,ブラウニーの印章,Siegel des Wichtels,Sceau du Brownie,Sello del Duende,Sigilo do Duende,Печать Брауни,Sigillo del Folletto,布朗尼之印記,棕仙魔符,브라우니의 인장,Pieczęć Skrzata,Печатка Брауні,Zegel van de Kabouter,Cin Mührü
L_MAT_SIGILOFTHEAMARANTH,,Sigil of the Amaranth,シギル・オブ・ジ・アマランス,Siegel des Amaranth,Sceau de l'Amarante,Sello del Amaranto,Sigilo do Amaranto,Печать Амаранта,Sigillo dell'Amaranto,不凋花徽記,长生花魔符,아마란스의 인장,Pieczęć Amarantu,Печатка Амаранту,Zegel van de Amarant,Amarant Mührü
L_MAT_SIGILOFTHEWATCHER,,Sigil of the Watcher,監視者の印章,Siegel des Wächters,Sceau de l'Observateur,Sello del Vigilante,Sigilo do Observador,Печать Наблюдателя,Sigillo dell'Osservatore,守望者之印,观察者魔符,감시자의 인장,Pieczęć Obserwatora,Печатка Спостерігача,Zegel van de Wachter,Gözcünün Mührü
L_MAT_SIGILOFTHEWYVERN,,Sigil of the Wyvern,ワイバーンの印章,Siegel des Lindwurms,Sceau du Vouivre,Sello del Guiverno,Sigilo do Wyvern,Печать Виверны,Sigillo del Viverno,飛龍之印,飞龙魔符,와이번의 인장,Pieczęć Wywerna,Печатка Виверни,Zegel van de Wyvern,Vyvern Mührü
L_MAT_SIGILOFTHEAPOCALYPSE,,Sigil of the Apocalypse,黙示録の印,Siegel der Apokalypse,Sceau de l'Apocalypse,Sello del Apocalipsis,Sigilo do Apocalipse,Печать Апокалипсиса,Sigillo dell'Apocalisse,啟示錄之印記,启示录魔符,종말의 인장,Pieczęć Apokalipsy,Печатка Апокаліпсису,Zegel van de Apocalyps,Kıyametin Mührü
L_MAT_SIGILOFTHEVOIDLORD,,Sigil of the Voidlord,虚無王の印,Siegel des Nichtfürsten,Sceau du Seigneur du Néant,Sello del Señor del Vacío,Sigilo do Senhor do Vazio,Печать Повелителя Пустоты,Sigillo del Signore del Vuoto,虛空領主之印,虚空领主魔符,공허군주의 인장,Pieczęć Władcy Pustki,Печатка Володаря Пустоти,Zegel van de Leegteheer,Boşluk Efendisi'nin Mührü
L_MAT_SIGILOFTHEALEMENTAL,,Sigil of the Alemental,シギル・オブ・ジ・エレメンタル,Siegel des Alemental,Sceau de l'Élémental,Sello del Alemental,Sigilo do Alemental,Печать Алементаля,Sigillo dell'Alemental,元素精靈印記,酒灵魔符,원소정령의 인장,Pieczęć Alementu,Печатка Алементаля,Zegel van de Alemental,Alemental Mührü
L_MAT_SIGILOFTHEAPIS,,Sigil of the Apis,アピスの印章,Siegel des Apis,Sceau de l'Apis,Sello del Apis,Sigilo do Ápis,Печать Аписа,Sigillo dell'Apis,阿匹斯之印記,阿匹斯魔符,아피스의 인장,Pieczęć Apisa,Печатка Апіса,Zegel van de Apis,Apis Mührü
L_MAT_SIGILOFTHEASURA,,Sigil of the Asura,アスラの印章,Siegel des Asura,Sceau de l'Asura,Sello del Asura,Sigilo do Asura,Печать Асуры,Sigillo dell'Asura,阿修羅之印,阿修罗魔符,아수라의 인장,Pieczęć Asury,Печатка Асури,Zegel van de Asura,Asura Mührü
L_MAT_SIGILOFTHEVALKYRIE,,Sigil of the Valkyrie,ヴァルキリーの印章,Siegel der Walküre,Sceau de la Valkyrie,Sello de la Valquiria,Sigilo da Valquíria,Печать Валькирии,Sigillo della Valchiria,女武神之印,女武神魔符,발키리의 인장,Pieczęć Walkirii,Печатка Валькірії,Zegel van de Walkure,Valkyrie Mührü
L_MAT_SIGILOFTHEWASPID,,Sigil of the Waspid,ワスピドの印章,Siegel des Waspiden,Sceau du Guêpide,Sello del Véspido,Sigilo do Vespídeo,Печать Осоида,Sigillo del Vespide,蜂獸之印記,黄蜂魔符,와스피드의 인장,Pieczęć Osowatego,Печатка Оспіда,Zegel van de Wespide,Waspid Mührü
L_MAT_SIGILOFTHEWOLPERTINGER,,Sigil of the Wolpertinger,ヴォルペルティンガーの印章,Siegel des Wolpertingers,Sceau du Wolpertinger,Sello del Wolpertinger,Sigilo do Wolpertinger,Печать Вольпертингера,Sigillo del Wolpertinger,狼兔獸徽記,鹿角翼兔魔符,볼퍼팅거의 인장,Pieczęć Wolpertingera,Печатка Вольпертінґера,Zegel van de Wolpertinger,Wolpertinger Mührü
L_MAT_SIGILOFTHEABOMINATION,,Sigil of the Abomination,忌まわしきものの印,Siegel der Abscheulichkeit,Sceau de l'Abomination,Sello de la Abominación,Sigilo da Abominação,Печать Мерзости,Sigillo dell'Abominio,厭惡之印記,憎恶魔符,혐오물의 인장,Pieczęć Ohydztwa,Печатка Мерзоти,Zegel van de Gruwel,Garabetin Mührü
L_MAT_SIGILOFTHEANGEL,,Sigil of the Angel,天使の印章,Siegel des Engels,Sceau de l'Ange,Sello del Ángel,Sigilo do Anjo,Печать Ангела,Sigillo dell'Angelo,天使之印,天使魔符,천사의 인장,Pieczęć Anioła,Печатка Ангела,Zegel van de Engel,Melek Mührü
L_MAT_SIGILOFTHEASPECT,,Sigil of the Aspect,アスペクトの印,Siegel des Aspekts,Sceau de l'Aspect,Sigilo del Aspecto,Sigilo do Aspecto,Печать Аспекта,Sigillo dell'Aspetto,相位印記,具像魔符,상의 인장,Pieczęć Aspektu,Печатка Аспекту,Zegel van het Aspect,Görünüş Mührü
L_MAT_SIGILOFTHEUNICORN,,Sigil of the Unicorn,ユニコーンの印章,Siegel des Einhorns,Sceau de la Licorne,Sello del Unicornio,Selo do Unicórnio,Печать Единорога,Sigillo dell'Unicorno,獨角獸之印記,独角兽魔符,유니콘의 인장,Pieczęć Jednorożca,Печатка Єдинорога,Zegel van de Eenhoorn,Tekboynuz Mührü
L_MAT_SIGILOFTHEVULPES,,Sigil of the Vulpes,狐の印章,Siegel des Vulpes,Sceau du Vulpes,Sello del Vulpes,Sigilo da Vulpes,Печать Вульпес,Sigillo della Volpe,狐狸印記,灵狐魔符,여우의 인장,Pieczęć Vulpesa,Печатка Вульпеса,Zegel van de Vulpes,Vulpes Mührü
L_MAT_SIGILOFTHEWISP,,Sigil of the Wisp,鬼火の印,Siegel des Irrlichts,Sceau du Feu Follet,Sello del Fuego Fatuo,Sigilo do Fogo-Fátuo,Печать Блуждающего Огонька,Sigillo del Folletto,幽靈印記,鬼火魔符,도깨비불의 인장,Pieczęć Ognika,Печатка Віспа,Zegel van de Dwaallicht,Ateşböceği Mührü
L_MAT_SIGILOFTHEAMPHISBAENA,,Sigil of the Amphisbaena,双頭蛇の印,Siegel der Amphisbaena,Sceau de l'Amphisbène,Sello de la Anfisbena,Sigilo da Anfisbena,Печать Амфисбены,Sigillo dell'Anfisbena,雙頭蛇之印,双头蛇魔符,암피스바에나의 인장,Pieczęć Amfisbeny,Печатка Амфісбени,Zegel van de Amphisbaena,Amfisben Mührü
L_MAT_SIGILOFTHEARACHNALISK,,Sigil of the Arachnalisk,蜘蛛魔の印章,Siegel der Arachnaliske,Sceau de l'Arachnalisque,Sello del Aracnalisco,Sigilo da Aracnalisco,Печать Арахналиска,Sigillo dell'Aracnalisco,蛛魔印記,蛛魔魔符,아라크날리스크의 인장,Pieczęć Arachnaliska,Печатка Арахналіска,Zegel van de Arachnalisk,Örümceklik Mührü
L_MAT_SIGILOFTHEUNGUIDED,,Sigil of the Unguided,導かれざる者の印,Siegel der Ungeleiteten,Sceau des Égarés,Sigilo del Desorientado,Sigilo dos Desorientados,Печать Неприкаянных,Sigillo dei Senza Guida,迷途者印記,放逐者魔符,방랑자의 인장,Pieczęć Niesprowadzonych,Печатка Непровідних,Zegel van de Ongeleide,Rehbersizlerin Mührü
L_MAT_SIGILOFTHEVORTEX,,Sigil of the Vortex,渦の印,Siegel des Vortex,Sceau du Vortex,Sello del Vórtice,Sigilo do Vórtice,Печать Вихря,Sigillo del Vortice,漩渦之印,漩涡魔符,소용돌이의 인장,Pieczęć Wiru,Печатка Виру,Zegel van de Vortex,Girdap Mührü
L_MAT_SIGILOFTHEWIGHT,,Sigil of the Wight,亡者の印,Siegel des Wiedergängers,Sceau du Spectre,Sello del Espectro,Sigilo do Espectro,Печать Нежити,Sigillo del Necrospettro,鬼靈之印,尸妖魔符,망령의 인장,Pieczęć Upiora,Печатка Примари,Zegel van de Ondode,Hortlak Mührü
L_MAT_SIGILOFTHEYETI,,Sigil of the Yeti,イェティの印章,Siegel des Yeti,Sceau du Yéti,Sello del Yeti,Sigilo do Yeti,Печать Йети,Sigillo dello Yeti,雪怪之印,雪怪魔符,예티의 인장,Pieczęć Yeti,Печатка Єті,Zegel van de Yeti,Yeti Mührü
L_MAT_SIGILOFTHESIN,,Sigil of the Sin,罪の印,Siegel der Sünde,Sceau du Péché,Sello del Pecado,Selo do Pecado,Печать Греха,Sigillo del Peccato,罪惡之印,罪恶魔符,죄악의 인장,Pieczęć Grzechu,Печатка Гріха,Zegel van de Zonde,Günah Mührü
L_MAT_SIGILOFTHESMITH,,Sigil of the Smith,鍛冶師の印,Siegel des Schmieds,Sceau du Forgeron,Sello del Herrero,Sigilo do Ferreiro,Печать Кузнеца,Sigillo del Fabbro,鍛造師之印記,工匠魔符,대장장이의 인장,Pieczęć Kowala,Печатка Коваля,Zegel van de Smid,Demircinin Mührü
L_MAT_SIGILOFTHESPARKTAIL,,Sigil of the Sparktail,スパークテイルの印章,Siegel des Funkenschweifs,Sceau du Queuetincelle,Sello del Chisporrabo,Sigilo da Cauda Faiscante,Печать Искрохвоста,Sigillo della Codascintilla,火花尾巴印記,闪尾魔符,불꽃꼬리의 인장,Pieczęć Iskrzącego Ogona,Печатка Іскрохвоста,Zegel van de Vonkstaart,Kıvılcımkuyruk Mührü
L_MAT_SIGILOFTHESTAG,,Sigil of the Stag,鹿の印章,Siegel des Hirsches,Sceau du Cerf,Sello del Ciervo,Sigilo do Cervo,Печать Оленя,Sigillo del Cervo,鹿之印記,雄鹿魔符,사슴의 인장,Pieczęć Jelenia,Печатка Оленя,Zegel van het Hert,Geyik Mührü
L_MAT_SIGILOFTHETROLL,,Sigil of the Troll,トロールの印章,Siegel des Trolls,Sceau du Troll,Sello del Trol,Sigilo do Troll,Печать Тролля,Sigillo del Troll,巨魔之印,巨魔魔符,트롤의 인장,Pieczęć Trolla,Печатка Троля,Zegel van de Trol,Trol Mührü
L_MAT_SIGILOFTHESERAPH,,Sigil of the Seraph,セラフの印章,Siegel des Seraphs,Sceau du Séraphin,Sello del Serafín,Sigilo do Serafim,Печать Серафима,Sigillo del Serafino,熾天使之印,炽天使魔符,세라프의 인장,Pieczęć Serafina,Печатка Серафима,Zegel van de Serafijn,Seraf Mührü
L_MAT_SIGILOFTHESEASHAMBLER,,Sigil of the Sea Shambler,シーシャンブラーの印章,Siegel des Meereswandlers,Sceau du Traîneur des Mers,Sigilo del Vagabundo del Mar,Sigilo do Vagante do Mar,Печать Морского Шамбалы,Sigillo dello Strisciante del Mare,海中蹣跚者之印記,海洋蹒跚者魔符,바다 비틀거리는 자의 인장,Pieczęć Morskiego Włóczęgi,Печатка Морського Блукача,Zegel van de Zeeslenteraar,Deniz Sürükleyicisinin Mührü
L_MAT_SIGILOFTHESHAPESHIFTER,,Sigil of the Shapeshifter,シギル・オブ・ザ・シェイプシフター,Siegel des Gestaltwandlers,Sceau du Métamorphe,Sello del Cambiaformas,Sigilo do Metamorfo,Печать Оборотня,Sigillo del Mutaforma,變形者之印記,变形者魔符,변신자의 인장,Pieczęć Zmiennokształtnego,Печатка Перевертня,Zegel van de Gedaanteverwisselaar,Şekildeğiştiren'in Mührü
L_MAT_SIGILOFTHESLIME,,Sigil of the Slime,スライムの印章,Siegel des Schleims,Sceau de la Vase,Sello del Limo,Sigilo da Gosma,Печать Слизня,Sigillo della Melma,史萊姆之印,史莱姆魔符,슬라임의 인장,Pieczęć Śluzu,Печатка Слизу,Zegel van de Slijm,Balçık Mührü
L_MAT_SIGILOFTHESOULFLAYER,,Sigil of the Soulflayer,魂裂きの印,Siegel des Seelenschinders,Sceau du Dévoreur d'Âmes,Sigilo del Desollador de Almas,Sigilo do Dilacerador de Almas,Печать Свежевателя Душ,Sigillo dello Scorticatore d'Anime,靈魂剝奪者之印記,夺魂者魔符,영혼약탈자의 인장,Pieczęć Łupieżcy Dusz,Печатка Пожирача Душ,Zegel van de Zielenviller,Ruh Yüzücünün Mührü
L_MAT_SIGILOFTHESPIRIT,,Sigil of the Spirit,魂の印,Siegel des Geistes,Sceau de l'Esprit,Sello del Espíritu,Sigilo do Espírito,Печать Духа,Sigillo dello Spirito,靈魂印記,幽灵魔符,영혼의 인장,Pieczęć Ducha,Печатка Духу,Zegel van de Geest,Ruh Mührü
L_MAT_SIGILOFTHETREMOR,,Sigil of the Tremor,震動の印,Siegel des Bebens,Sceau du Séisme,Sello del Temblor,Sigilo do Tremor,Печать Сотрясения,Sigillo del Tremore,震顫印記,颤地兽魔符,진동의 인장,Pieczęć Drżenia,Печатка Тремтіння,Zegel van de Siddering,Sarsıntı Mührü
L_MAT_SIGILOFTHESNAPTRAP,,Sigil of the Snaptrap,スナップトラップの印章,Siegel der Schnappfalle,Sceau du Piège-Éclair,Sello del Cepoveloz,Sigilo da Armadilha Rápida,Печать Ловушки,Sigillo della Trappola Scattante,捕獸夾印記,捕噬草魔符,스냅트랩의 인장,Pieczęć Zatrzaskowej Pułapki,Печатка Хваткопастки,Zegel van de Klapval,Kapantuzağı Mührü
L_MAT_SIGILOFTHESPHINX,,Sigil of the Sphinx,スフィンクスの印章,Siegel der Sphinx,Sceau du Sphinx,Sello del Esfinge,Selo da Esfinge,Печать Сфинкса,Sigillo della Sfinge,獅身人面像之印記,斯芬克斯魔符,스핑크스의 인장,Pieczęć Sfinksa,Печатка Сфінкса,Zegel van de Sfinx,Sfenks Mührü
L_MAT_SIGILOFTHETOXDWELLER,,Sigil of the Toxdweller,毒棲みの印,Siegel des Giftbewohners,Sceau du Toxhabitant,Sigilo del Morador Tóxico,Sigilo do Habitante Tóxico,Печать Ядожителя,Sigillo del Tossicante,毒居者之印記,毒居者魔符,독거주자의 인장,Pieczęć Jadowitego Mieszkańca,Печатка Отрутожителя,Zegel van de Gifbewoner,Zehirdolananın Mührü
L_MAT_SIGILOFTHESATYR,,Sigil of the Satyr,サテュロスの印章,Siegel des Satyrs,Sceau du Satyre,Sello del Sátiro,Sigilo do Sátiro,Печать Сатира,Sigillo del Satiro,薩提爾印記,萨堤尔魔符,사티로스의 인장,Pieczęć Satyra,Печатка Сатира,Zegel van de Sater,Satir Mührü
L_MAT_SIGILOFTHESHADOW,,Sigil of the Shadow,シャドウの印,Siegel des Schattens,Sceau de l'Ombre,Sello de la Sombra,Sigilo da Sombra,Печать Тени,Sigillo dell'Ombra,暗影之印,暗影魔符,그림자의 인장,Pieczęć Cienia,Печатка Тіні,Zegel van de Schaduw,Gölgenin Mührü
L_MAT_SIGILOFTHESKELETON,,Sigil of the Skeleton,スケルトンの印章,Siegel des Skeletts,Sceau du Squelette,Sello del Esqueleto,Sigilo do Esqueleto,Печать Скелета,Sigillo dello Scheletro,骷髏徽印,骷髅魔符,해골의 인장,Pieczęć Szkieletu,Печатка Скелета,Zegel van het Skelet,İskelet Mührü
L_MAT_SIGILOFTHESANCTUS,,Sigil of the Sanctus,聖印,Siegel des Sanctus,Sceau du Sanctus,Sello del Sanctus,Sigilo do Sanctus,Печать Санктуса,Sigillo del Sanctus,聖印之徽,圣灵魔符,성스러움의 인장,Pieczęć Sanctusa,Печатка Санктуса,Zegel van de Sanctus,Sanctus Mührü
L_MAT_SIGILOFTHESHADE,,Sigil of the Shade,シェイドの印章,Siegel des Schattens,Sceau de l'Ombre,Sigilo de la Sombra,Sigilo da Sombra,Печать Тени,Sigillo dell'Ombra,暗影之印,阴影魔符,그림자의 인장,Pieczęć Cienia,Печатка Тіні,Zegel van de Schim,Gölge Mührü
L_MAT_SIGILOFTHESIREN,,Sigil of the Siren,サイレンの印章,Siegel der Sirene,Sceau de la Sirène,Sello de la Sirena,Sigilo da Sereia,Печать Сирены,Sigillo della Sirena,海妖之印,海妖魔符,세이렌의 인장,Pieczęć Syreny,Печатка Сирени,Zegel van de Sirene,Siren Mührü
L_MAT_SIGILOFTHESMOG,,Sigil of the Smog,スモッグの印章,Siegel des Smogs,Sceau de la Brume Toxique,Sigilo del Smog,Sigilo da Névoa,Печать Смога,Sigillo della Caligine,煙霧之印,烟雾魔符,스모그의 인장,Pieczęć Smogu,Печатка Смогу,Zegel van de Smog,Sis Mührü
L_MAT_SIGILOFTHESPECTRE,,Sigil of the Spectre,亡霊の印,Siegel des Gespenstes,Sceau du Spectre,Sello del Espectro,Sigilo do Espectro,Печать Призрака,Sigillo dello Spettro,幽魂之印,幽鬼魔符,망령의 인장,Pieczęć Widma,Печатка Примари,Zegel van het Spook,Hayalet Mührü
L_MAT_SIGILOFTHESTORM,,Sigil of the Storm,嵐の印章,Siegel des Sturms,Sceau de la Tempête,Sello de la Tormenta,Sigilo da Tempestade,Печать Бури,Sigillo della Tempesta,風暴之印,风暴魔符,폭풍의 인장,Pieczęć Burzy,Печатка Бурі,Zegel van de Storm,Fırtına Mührü
L_MAT_SIGILOFTHESALAMANDER,,Sigil of the Salamander,サラマンダーの印章,Siegel des Salamanders,Sceau de la Salamandre,Sello de la Salamandra,Sigilo da Salamandra,Печать Саламандры,Sigillo della Salamandra,火蜥蜴之印,蝾螈魔符,불도마뱀의 인장,Pieczęć Salamandry,Печатка Саламандри,Zegel van de Salamander,Semender Mührü
L_MAT_SIGILOFTHEMIMIC,,Sigil of the Mimic,ミミックの印章,Siegel des Gestaltwandlers,Sceau du Mimique,Sello del Mímico,Sigilo do Mímico,Печать Мимика,Sigillo del Mimo,擬態獸之印記,宝箱怪魔符,미믹의 인장,Pieczęć Mimika,Печатка Міміка,Zegel van de Nabootser,Taklitçinin Mührü
L_MAT_SIGILOFTHENIX,,Sigil of the Nix,シギル・オブ・ザ・ニクス,Siegel des Nichts,Sceau du Néant,Sigilo del Nix,Sigilo do Nix,Печать Никс,Sigillo del Nix,虛無之印,水妖魔符,닉스의 인장,Pieczęć Nicości,Печатка Нікс,Zegel van de Nix,Hiçlik Mührü
L_MAT_SIGILOFTHEPARAGON,,Sigil of the Paragon,パラゴンの印章,Siegel des Vorbilds,Sceau du Parangon,Sigilo del Parangón,Sigilo do Paradigma,Печать Образца,Sigillo del Campione,典範之印記,典范魔符,모범의 인장,Pieczęć Wzorca,Печатка Взірця,Zegel van de Toonbeeld,Üstün Olanın Mührü
L_MAT_SIGILOFTHEPITWORM,,Sigil of the Pit Worm,奈落蟲の印,Siegel des Grubenwurms,Sceau du Ver des Abysses,Sigilo del Gusano del Abismo,Sigilo do Verme do Abismo,Печать Ямного Червя,Sigillo del Verme dell'Abisso,深淵蟲印記,深坑蠕虫魔符,구덩이 벌레의 인장,Pieczęć Jamowego Robaka,Печатка Ямового Хробака,Zegel van de Putwormen,Çukur Solucanı Mührü
L_MAT_SIGILOFTHERAVEN,,Sigil of the Raven,鴉の印章,Siegel des Raben,Sceau du Corbeau,Sello del Cuervo,Sigilo do Corvo,Печать Ворона,Sigillo del Corvo,烏鴉之印,渡鸦魔符,까마귀의 인장,Pieczęć Kruka,Печатка Ворона,Zegel van de Raaf,Kuzgun Mührü
L_MAT_SIGILOFTHEMASOCHIST,,Sigil of the Masochist,マゾヒストの印章,Siegel des Masochisten,Sceau du Masochiste,Sigilo del Masoquista,Sigilo do Masoquista,Печать Мазохиста,Sigillo del Masochista,受虐者印記,受虐狂魔符,마조히스트의 인장,Pieczęć Masochisty,Печатка Мазохіста,Zegel van de Masochist,Mazoşistin Mührü
L_MAT_SIGILOFTHEMUMMY,,Sigil of the Mummy,ミイラの印章,Siegel der Mumie,Sceau de la Momie,Sello del Momificado,Selo da Múmia,Печать Мумии,Sigillo della Mummia,木乃伊之印記,木乃伊魔符,미라의 인장,Pieczęć Mumii,Печатка Мумії,Zegel van de Mummie,Mumya Mührü
L_MAT_SIGILOFTHEOSSEIN,,Sigil of the Ossein,骨の印章,Siegel des Gebeins,Sceau de l'Osséine,Sigilo del Óseo,Sigilo do Osseíno,Печать Костяного,Sigillo dell'Osseina,骸骨徽印,骨魔魔符,뼈의 인장,Pieczęć Kościana,Печатка Кісткової Тканини,Zegel van het Gebeente,Kemik Mührü
L_MAT_SIGILOFTHEPILWIZ,,Sigil of the Pilwiz,ピルウィズの印章,Siegel des Pilwiz,Sceau du Pilwiz,Sello del Pilwiz,Sigilo do Pilwiz,Печать Пилвиза,Sigillo del Pilwiz,皮爾維茲之印記,皮威斯魔符,필위즈의 인장,Pieczęć Pilwiza,Печатка Пілвіза,Zegel van de Pilwiz,Pilwiz Mührü
L_MAT_SIGILOFTHEPRIEST,,Sigil of the Priest,司祭の印章,Siegel des Priesters,Sceau du Prêtre,Sigilo del Sacerdote,Sigilo do Sacerdote,Печать Жреца,Sigillo del Sacerdote,祭司之印,祭司魔符,사제의 인장,Pieczęć Kapłana,Печатка Жерця,Zegel van de Priester,Rahip Mührü
L_MAT_SIGILOFTHERIFTDANCER,,Sigil of the Rift Dancer,リフトダンサーの印章,Siegel des Rifttänzers,Sceau du Danseur de Faille,Sello del Bailarín del Abismo,Sigilo do Dançarino da Fenda,Печать Танцора Разлома,Sigillo del Danzatore del Varco,裂隙舞者之印記,裂隙舞者魔符,균열 무용수의 인장,Pieczęć Tancerza Szczeliny,Печатка Танцюриста Розломів,Zegel van de Kloofsdanser,Yarık Dansçısının Mührü
L_MAT_SIGILOFTHEREVENANT,,Sigil of the Revenant,亡霊の印,Siegel des Wiedergängers,Sceau du Revenant,Sello del Aparecido,Sigilo do Espectro,Печать Ревенанта,Sigillo del Redivivo,亡靈印記,复生者魔符,망령의 인장,Pieczęć Upiora,Печатка Примари,Zegel van de Wederkerende,Hayalet Mührü
L_MAT_SIGILOFTHEMANTICORE,,Sigil of the Manticore,マンティコアの印章,Siegel des Mantikors,Sceau du Manticore,Sello del Manticora,Sigilo do Manticora,Печать Мантикоры,Sigillo del Manticora,蠍獅徽記,蝎狮魔符,맨티코어의 인장,Pieczęć Mantykory,Печатка Мантикори,Zegel van de Mantichora,Mantikor Mührü
L_MAT_SIGILOFTHEMITE,,Sigil of the Mite,ダニの印章,Siegel der Milbe,Sceau du Mite,Sigilo del Ácaro,Sigilo do Ácaro,Печать Клеща,Sigillo dell'Acaro,微蟲印記,螨虫魔符,진드기의 인장,Pieczęć Drobnicy,Печатка Кліща,Zegel van de Mijt,Ufaklık Mührü
L_MAT_SIGILOFTHEOPHAN,,Sigil of the Ophan,オーファンの印章,Siegel des Ophan,Sceau de l'Ophan,Sello del Ofán,Sigilo do Ophan,Печать Офана,Sigillo dell'Ophan,歐凡之印記,座天使魔符,오판의 인장,Pieczęć Ofana,Печатка Офана,Zegel van de Ophan,Ophan Mührü
L_MAT_SIGILOFTHEPHOENIX,,Sigil of the Phoenix,不死鳥の印,Siegel des Phönix,Sceau du Phénix,Sello del Fénix,Sigilo da Fênix,Печать Феникса,Sigillo della Fenice,鳳凰徽印,不死鸟魔符,불사조의 인장,Pieczęć Feniksa,Печатка Фенікса,Zegel van de Feniks,Anka Kuşu Mührü
L_MAT_SIGILOFTHEPLAGUEDOCTOR,,Sigil of the Plague Doctor,疫病医の印章,Siegel des Pestarztes,Sceau du Médecin de Peste,Sello del Médico de la Peste,Selo do Médico da Peste,Печать Чумного Доктора,Sigillo del Medico della Peste,瘟疫醫師之印記,瘟疫医生魔符,역병 의사의 인장,Pieczęć Doktora Plagi,Печатка Чумного Лікаря,Zegel van de Pestdokter,Veba Doktorunun Mührü
L_MAT_SIGILOFTHEMANIAC,,Sigil of the Maniac,狂人の印,Siegel des Wahnsinnigen,Sceau du Maniaque,Sello del Maníaco,Sigilo do Maníaco,Печать Безумца,Sigillo del Folle,狂人印記,狂魔魔符,광인의 인장,Pieczęć Szaleńca,Печатка Маніяка,Zegel van de Waanzinnige,Manyağın Mührü
L_MAT_SIGILOFTHEOCCULTIST,,Sigil of the Occultist,秘術師の印章,Siegel des Okkultisten,Sceau de l'Occultiste,Sello del Ocultista,Sigilo do Ocultista,Печать Оккультиста,Sigillo dell'Occultista,神秘學者的法印,秘咒师魔符,비술사의 인장,Pieczęć Okultysty,Печатка Окультиста,Zegel van de Occultist,Okültistin Mührü
L_MAT_SIGILOFTHEPHASEWARRIOR,,Sigil of the Phase Warrior,相位戦士の印章,Siegel des Phasenkriegers,Sceau du Guerrier de Phase,Sigilo del Guerrero de Fase,Sigilo do Guerreiro de Fase,Печать Фазового Воина,Sigillo del Guerriero di Fase,相位戰士之印記,相位战士魔符,위상 전사의 인장,Sigil Wojownika Fazowego,Сигіл Фазового Воїна,Zegel van de Fasekrijger,Faz Savaşçısının Mührü
L_MAT_SIGILOFTHEPITWRAITH,,Sigil of the Pit Wraith,奈落の亡霊の印,Siegel des Grubengeists,Sceau du Spectre de la Fosse,Sigilo del Espectro del Abismo,Sigilo do Espectro do Abismo,Печать Призрака Бездны,Sigillo dello Spettro dell'Abisso,深淵幽魂之印,深坑幽灵魔符,나락 망령의 인장,Pieczęć Upiornego Widma,Печатка Примари Безодні,Zegel van de Putgeest,Çukur Hayaletinin Mührü
L_MAT_SIGILOFTHEREAPER,,Sigil of the Reaper,死神の印,Siegel des Sensenmanns,Sceau du Faucheur,Sello del Segador,Sigilo do Ceifador,Печать Жнеца,Sigillo del Mietitore,死神之印,收割者魔符,사신의 인장,Pieczęć Kosiarza,Печатка Женця,Zegel van de Maaier,Ölüm Meleğinin Mührü
L_MAT_SIGILOFTHELICH,,Sigil of the Lich,リッチの印章,Siegel des Lichs,Sceau du Liche,Sello del Liche,Sigilo do Lich,Печать Лича,Sigillo del Lich,巫妖之印,巫妖魔符,리치의 인장,Pieczęć Licza,Печатка Ліча,Zegel van de Lich,Nekromant Mührü
L_MAT_SIGILOFTHEMINOTAUR,,Sigil of the Minotaur,ミノタウロスの印章,Siegel des Minotaurus,Sceau du Minotaure,Sello del Minotauro,Sigilo do Minotauro,Печать Минотавра,Sigillo del Minotauro,牛頭怪的印記,牛头人魔符,미노타우르의 인장,Pieczęć Minotaura,Печатка Мінотавра,Zegel van de Minotaurus,Minotaur Mührü
L_MAT_SIGILOFTHEHEMOMANCER,,Sigil of the Hemomancer,血術師の印章,Siegel des Hämomanten,Sceau de l'Hémomancien,Sigilo del Hemomante,Sigilo do Hemomante,Печать Гемоманта,Sigillo dell'Emomante,血法師之印記,血魔法师魔符,혈법사의 인장,Pieczęć Hemomanty,Печатка Гемоманта,Zegel van de Hemomancer,Kan Büyücüsünün Mührü
L_MAT_SIGILOFTHEHUNTER,,Sigil of the Hunter,狩人の印,Siegel des Jägers,Sceau du Chasseur,Sello del Cazador,Sigilo do Caçador,Печать Охотника,Sigillo del Cacciatore,獵人印記,猎手魔符,사냥꾼의 인장,Pieczęć Łowcy,Печатка Мисливця,Zegel van de Jager,Avcının Mührü
L_MAT_SIGILOFTHEIMLING,,Sigil of the Imling,イムリングの印章,Siegel des Imlings,Sceau de l'Imling,Sello del Imling,Sigilo do Imling,Печать Имлинга,Sigillo dell'Imling,伊姆靈印記,伊姆魔符,임링의 인장,Pieczęć Imlinga,Печатка Імлінга,Zegel van de Imling,İmling Mührü
L_MAT_SIGILOFTHEINQUISITOR,,Sigil of the Inquisitor,審問官の印章,Siegel des Inquisitors,Sceau de l'Inquisiteur,Sello del Inquisidor,Sigilo do Inquisidor,Печать Инквизитора,Sigillo dell'Inquisitore,審判官印記,审判官魔符,심문관의 인장,Pieczęć Inkwizytora,Печатка Інквізитора,Zegel van de Inquisiteur,Sorgulayıcının Mührü
L_MAT_SIGILOFTHELEECH,,Sigil of the Leech,吸血の印,Siegel des Blutegels,Sceau de la Sangsue,Sello de la Sanguijuela,Sigilo da Sanguessuga,Печать Пиявки,Sigillo della Sanguisuga,水蛭徽印,血蛭魔符,거머리의 인장,Pieczęć Pijawki,Печатка П'явки,Zegel van de Bloedzuiger,Sülük Mührü
L_MAT_SIGILOFTHEHARPY,,Sigil of the Harpy,ハーピーの印章,Siegel der Harpyie,Sceau de la Harpie,Sello de la Arpía,Sigilo da Harpia,Печать Гарпии,Sigillo dell'Arpia,鷹身女妖之印,鹰身女妖魔符,하피의 인장,Pieczęć Harpii,Печатка Гарпії,Zegel van de Harpij,Harpi Mührü
L_MAT_SIGILOFTHEHOUND,,Sigil of the Hound,猟犬の印,Siegel des Hundes,Sceau du Limier,Sello del Sabueso,Sigilo do Cão de Caça,Печать Гончей,Sigillo del Segugio,獵犬之印,猎犬魔符,사냥개의 인장,Pieczęć Ogara,Печатка Гончака,Zegel van de Jachthond,Tazı Mührü
L_MAT_SIGILOFTHEIMLER,,Sigil of the Imler,イムラーの印章,Siegel der Imler,Sceau des Imler,Sello de los Imler,Sigilo do Imler,Печать Имлера,Sigillo dell'Imler,伊姆勒之印記,伊姆魔像魔符,임러의 인장,Pieczęć Imlera,Печатка Імлера,Zegel van de Imler,İmler Mührü
L_MAT_SIGILOFTHEIMP,,Sigil of the Imp,インプの印章,Siegel des Kobolds,Sceau de l'Diablotin,Sello del Diablillo,Sigilo do Diabrete,Печать Беса,Sigillo dell'Imp,小惡魔之印,小鬼魔符,임프의 인장,Pieczęć Chochlika,Печатка Біса,Zegel van de Imp,İblis Mührü
L_MAT_SIGILOFTHEKOLOSS,,Sigil of the Koloss,コロスの印章,Siegel des Koloss,Sceau du Koloss,Sello del Koloss,Sigilo do Koloss,Печать Колосса,Sigillo del Koloss,巨魔印記,巨怪魔符,콜로스의 인장,Pieczęć Kolossa,Печатка Колоса,Zegel van de Koloss,Koloss Mührü
L_MAT_SIGILOFTHELEPER,,Sigil of the Leper,癩者の印,Siegel des Aussätzigen,Sceau du Lépreux,Sigilo del Leproso,Sigilo do Leproso,Печать Прокаженного,Sigillo del Lebbroso,痲瘋者之印記,麻风怪魔符,나병환자의 인장,Pieczęć Trędowatego,Печатка Прокаженого,Zegel van de Melaatse,Cüzzamlının Mührü
L_MAT_SIGILOFTHEGRIMOIRE,,Sigil of the Grimoire,魔導書の印章,Siegel des Grimoires,Sceau du Grimoire,Sello del Grimorio,Selo do Grimório,Печать Гримуара,Sigillo del Grimorio,魔典之印,魔法书魔符,마법서의 인장,Pieczęć Grimuaru,Печатка Грімуару,Zegel van het Grimoire,Grimuar Mührü
L_MAT_SIGILOFTHEFIEND,,Sigil of the Fiend,魔物の印章,Siegel des Dämons,Sceau du Démon,Sello del Demonio,Sigilo do Demônio,Печать Исчадия,Sigillo del Demone,魔鬼之印,恶鬼魔符,마귀의 인장,Pieczęć Diabła,Печатка Диявола,Zegel van de Duivel,Şeytan Mührü
L_MAT_SIGILOFTHEGARGANTUAN,,Sigil of the Gargantuan,巨大の印,Siegel des Gigantischen,Sceau du Gargantuesque,Sello del Gargantuesco,Sigilo do Colossal,Печать Исполинского,Sigillo del Gargantuesco,巨獸徽印,巨像魔符,거대한 자의 인장,Pieczęć Giganta,Печатка Гаргантюанського,Zegel van de Kolossale,Devasa Mührü
L_MAT_SIGILOFTHEGEMLING,,Sigil of the Gemling,シジル・オブ・ザ・ジェムリング,Siegel des Gemlings,Sceau du Gemling,Sello del Gemling,Sigilo do Geminídeo,Печать Самоцвета,Sigillo del Gemling,寶石靈印,宝石灵魔符,젬링의 인장,Pieczęć Klejnotnika,Печатка Самоцвіту,Zegel van de Edelsteen,Gemling Mührü
L_MAT_SIGILOFTHEGIANT,,Sigil of the Giant,巨人の印,Siegel des Riesen,Sceau du Géant,Sello del Gigante,Sigilo do Gigante,Печать Гиганта,Sigillo del Gigante,巨人之印,巨人魔符,거인의 인장,Pieczęć Giganta,Печатка Велетня,Zegel van de Reus,Dev Mührü
L_MAT_SIGILOFTHEGORGON,,Sigil of the Gorgon,ゴルゴンの印章,Siegel der Gorgone,Sceau de la Gorgone,Sello de la Gorgona,Sigilo da Górgona,Печать Горгоны,Sigillo della Gorgone,蛇髮女妖之印,蛇发女妖魔符,고르곤의 인장,Pieczęć Gorgony,Печатка Горгони,Zegel van de Gorgon,Gorgon Mührü
L_MAT_SIGILOFTHEFAMILIAR,,Sigil of the Familiar,使い魔の印,Siegel des Vertrauten,Sceau du Familier,Sello del Familiar,Selo do Familiar,Печать Фамильяра,Sigillo del Famiglio,魔寵印記,使魔魔符,사역마의 인장,Pieczęć Chowańca,Печатка Фаміліара,Zegel van de Vertrouweling,Tanıdık Mührü
L_MAT_SIGILOFTHEFORSAKEN,,Sigil of the Forsaken,見捨てられし者の印,Siegel der Verstoßenen,Sceau des Abandonnés,Sigilo de los Olvidados,Sigilo dos Abandonados,Печать Отверженных,Sigillo dei Rinnegati,遺棄者之印,流亡者魔符,버림받은 자의 인장,Pieczęć Zapomnianych,Печатка Забутих,Zegel van de Verlatenen,Terk Edilmişlerin Mührü
L_MAT_SIGILOFTHEGARGOYLE,,Sigil of the Gargoyle,ガーゴイルの印章,Siegel des Gargoyles,Sceau du Gargouille,Sello del Gárgola,Selo do Gárgula,Печать Горгульи,Sigillo del Gargoyle,石像鬼之印,滴水兽魔符,가고일의 인장,Pieczęć Gargulca,Печатка Горгульї,Zegel van de Waterspuwer,Gargoyle Mührü
L_MAT_SIGILOFTHEGHOUL,,Sigil of the Ghoul,シギル・オブ・ザ・グール,Siegel des Ghuls,Sceau du Goule,Sello del Necrófago,Sigilo do Carniçal,Печать Упыря,Sigillo del Ghoul,食屍鬼之印記,食尸鬼魔符,구울의 인장,Pieczęć Ghoula,Печатка Упиря,Zegel van de Ghoul,Gulyabani Mührü
L_MAT_SIGILOFTHEGOLEM,,Sigil of the Golem,ゴーレムの印章,Siegel des Golems,Sceau du Golem,Sello del Gólem,Selo do Golem,Печать Голема,Sigillo del Golem,魔像之印,魔像魔符,골렘의 인장,Pieczęć Golema,Печатка Голема,Zegel van de Golem,Golem Mührü
L_MAT_SIGILOFTHEGRIFFON,,Sigil of the Griffon,グリフォンの印章,Siegel des Greifen,Sceau du Griffon,Sello del Grifo,Selo do Grifo,Печать Грифона,Sigillo del Grifone,獅鷲之印,狮鹫魔符,그리폰의 인장,Pieczęć Gryfa,Печатка Грифона,Zegel van de Griffioen,Grifon Mührü
L_MAT_SIGILOFTHEDIABOLICHORDE,,Sigil of the Diabolic Horde,悪魔の大群の印,Siegel der diabolischen Horde,Sceau de la Horde Diabolique,Sello de la Horda Diabólica,Sigilo da Horda Diabólica,Печать Дьявольской Орды,Sigillo dell'Orda Diabolica,魔族大軍之印記,恶魔军团魔符,악마적 무리의 인장,Pieczęć Diabolicznej Hordy,Печатка Диявольської Орди,Zegel van de Duivelse Horde,Şeytani Sürünün Mührü
L_MAT_SIGILOFTHEDOOMFORTRESS,,Sigil of the Doom Fortress,破滅の要塞の印章,Siegel der Schicksalsfestung,Sceau de la Forteresse Funeste,Sello de la Fortaleza de la Perdición,Sigilo da Fortaleza da Ruína,Печать Крепости Рока,Sigillo della Fortezza del Fato,厄運堡壘之印記,末日要塞魔符,파멸의 요새의 인장,Pieczęć Fortecy Zagłady,Печатка Фортеці Загибелі,Zegel van de Verdoemenisvesting,Kıyamet Kalesi'nin Mührü
L_MAT_SIGILOFTHEDRAGON,,Sigil of the Dragon,竜の印章,Siegel des Drachen,Sceau du Dragon,Sello del Dragón,Selo do Dragão,Печать Дракона,Sigillo del Drago,龍之印記,龙之魔符,용의 인장,Pieczęć Smoka,Печатка Дракона,Zegel van de Draak,Ejderha Mührü
L_MAT_SIGILOFTHEDUMPLING,,Sigil of the Dumpling,シギル・オブ・ザ・ダンプリング,Siegel des Knödels,Sceau du Ravioli,Sello del Dumpling,Sigilo do Bolinho,Печать Пельменя,Sigillo del Raviolo,餃子印記,团子魔符,만두의 인장,Pieczęć Pierożka,Печатка Пельменя,Zegel van de Dumpling,Mantı Mührü
L_MAT_SIGILOFTHEEFT,,Sigil of the Eft,エフトの印章,Sigil des Molchs,Sceau de la Salamandre,Sigilo del Tritón,Sigilo do Lagarto,Печать Тритона,Sigillo della Salamandra,蜥蜴之印,幼蝾魔符,도마뱀 인장,Sigil Jaszczurki,Печатка Ефта,Zegel van de Watersalamander,Semender Mührü
L_MAT_SIGILOFTHEENT,,Sigil of the Ent,エントの印章,Siegel des Ents,Sceau de l'Ent,Sello del Ent,Sigilo do Ent,Печать Энта,Sigillo dell'Ent,樹人之印記,树精魔符,엔트의 인장,Pieczęć Enta,Печатка Ента,Zegel van de Ent,Ent Mührü
L_MAT_SIGILOFTHEDEVIL,,Sigil of the Devil,悪魔の印,Siegel des Teufels,Sceau du Diable,Sello del Diablo,Sigilo do Diabo,Печать Дьявола,Sigillo del Diavolo,惡魔之印,魔鬼魔符,악마의 인장,Pieczęć Diabła,Печатка Диявола,Zegel van de Duivel,Şeytan'ın Mührü
L_MAT_SIGILOFTHEDOOMGUARD,,Sigil of the Doomguard,シジル・オブ・ザ・ドゥームガード,Siegel der Schicksalswache,Sceau de la Garde Funeste,Sello de la Guardia del Destino,Sigilo da Guarda da Ruína,Печать Дуомгарда,Sigillo della Guardia del Fato,末日守衛之印記,末日守卫魔符,파멸단의 인장,Pieczęć Straży Zagłady,Печатка Варти Фатуму,Zegel van de Doomguard,Kıyamet Muhafızlarının Mührü
L_MAT_SIGILOFTHEDRYAD,,Sigil of the Dryad,ドライアドの印章,Siegel der Dryade,Sceau de la Dryade,Sello de la Dríada,Sigilo da Dríade,Печать Дриады,Sigillo della Driade,枯木精靈印記,树妖魔符,드라이어드의 인장,Pieczęć Driady,Печатка Дріади,Zegel van de Bosnimf,Dryad Mührü
L_MAT_SIGILOFTHEELF,,Sigil of the Elf,エルフの印章,Siegel des Elfen,Sceau de l'Elfe,Sello del Elfo,Sigilo do Elfo,Печать Эльфа,Sigillo dell'Elfo,精靈印記,精灵魔符,엘프의 인장,Pieczęć Elfa,Печатка Ельфа,Zegel van de Elf,Elf Mührü
L_MAT_SIGILOFTHEDEMIGOD,,Sigil of the Demigod,半神の印章,Siegel des Halbgottes,Sceau du Demi-dieu,Sello del Semidiós,Sigilo do Semideus,Печать Полубога,Sigillo del Semidio,半神之印,半神魔符,반신의 인장,Pieczęć Półboga,Печатка Напівбога,Zegel van de Halfgod,Yarıtanrı Mührü
L_MAT_SIGILOFTHEDJINN,,Sigil of the Djinn,ジンの印章,Siegel des Dschinns,Sceau du Djinn,Sello del Djinn,Selo do Djinn,Печать Джинна,Sigillo del Djinn,神靈之印,灯灵魔符,지니의 인장,Pieczęć Dżinna,Печатка Джина,Zegel van de Djinn,Cin Mührü
L_MAT_SIGILOFTHEEFREET,,Sigil of the Efreet,イフリートの印章,Siegel des Ifrit,Sceau de l'Éfrit,Sello del Ifrit,Sigilo do Efreet,Печать Ифрита,Sigillo dell'Ifrit,火靈印記,火怪魔符,이프리트의 인장,Pieczęć Ifrita,Печатка Іфрита,Zegel van de Efreet,Efrit Mührü
L_MAT_SIGILOFTHECOCKATRICE,,Sigil of the Cockatrice,コカトリスの印章,Siegel des Basilisken,Sceau du Cocatrice,Sello del Cocatriz,Sigilo do Cocatriz,Печать Кокатрикса,Sigillo del Basilisco,雞蛇之印,鸡蛇魔符,코카트리스의 인장,Pieczęć Bazyliszka,Печатка Кокатриса,Zegel van de Basilisk,Tepeligöz Mührü
L_MAT_SIGILOFTHECONCOCTION,,Sigil of the Concoction,調合の印章,Siegel der Mixtur,Sceau de la Mixture,Sigilo de la Cocción,Sigilo da Concocção,Печать Зелья,Sigillo della Mistura,藥劑之印記,混合体魔符,조합의 인장,Pieczęć Mikstury,Печатка Зілля,Zegel van het Brouwsel,İksir Mührü
L_MAT_SIGILOFTHECONSTRUCT,,Sigil of the Construct,構造体の印章,Siegel des Konstrukts,Sceau du Construct,Sello del Constructo,Sigilo do Constructo,Печать Конструкта,Sigillo del Costrutto,構造體徽印,构造体魔符,구조물의 인장,Pieczęć Konstruktu,Печатка Конструкта,Zegel van het Construct,Yapı Mührü
L_MAT_SIGILOFTHECRUNCHER,,Sigil of the Cruncher,クランチャーの印章,Siegel des Zermalmers,Sceau du Broyeur,Sello del Triturador,Sigilo do Triturador,Печать Сокрушителя,Sigillo del Trituratore,嚼碎者之印記,粉碎者魔符,분쇄자의 인장,Pieczęć Miażdżyciela,Печатка Трощителя,Zegel van de Verpletter,Ezici'nin Mührü
L_MAT_HEXERTOTEM,,Hexer Totem,ヘクサートーテム,Hexer-Totem,Totem d'Envoûteur,Tótem de Hechicero,Totem do Feiticeiro,Тотем Ведьмака,Totem dell'Esagrammista,巫咒圖騰,巫师图腾,마법사 토템,Totem Wiedźmina,Тотем Відьмака,Heksentotem,Büyücü Totemi
L_MAT_TREASUREGOLEM'STEDDYBEAR,,Treasure Golem's Teddy Bear,トレジャーゴーレムのテディベア,Teddybär des Schatzgolems,Ours en Peluche du Golem des Trésors,Osito de Peluche del Gólem del Tesoro,Ursinho de Pelúcia do Golem do Tesouro,Плюшевый Мишка Голема-Сокровища,Orsacchiotto del Golem del Tesoro,寶藏魔像的泰迪熊,宝藏魔像的泰迪熊,보물 골렘의 테디 베어,Pluszowy Miś Golema Skarbów,Плюшевий ведмедик Скарбового Голема,Teddybeer van de Schatgolem,Hazine Goleminin Oyuncak Ayısı
L_MAT_TREASUREGOLEM'SCORE,,Treasure Golem's Core,トレジャーゴーレムの核,Kern des Schatzgolems,Cœur de Golem des Trésors,Núcleo del Gólem del Tesoro,Núcleo do Golem do Tesouro,Ядро Сокровищного Голема,Nucleo del Golem del Tesoro,寶藏魔像之核心,宝藏魔像的核心,보물 골렘의 핵,Rdzeń Skarbowego Golema,Ядро Скарбового Голема,Kern van de Schatgolem,Hazine Goleminin Özü
L_MAT_TREASUREGOLEM'SPLATE,,Treasure Golem's Plate,トレジャーゴーレムの鎧,Platte des Schatzgolems,Plaque du Golem des Trésors,Coraza del Gólem del Tesoro,Placa do Golem do Tesouro,Латы Сокровищного Голема,Corazza del Golem del Tesoro,寶藏魔像的鎧甲,宝藏魔像的板甲,보물 골렘의 판금갑옷,Płyta Golema Skarbów,Лати Скарбового Голема,Plaat van de Schatgollem,Hazine Golem'inin Zırhı
L_MAT_ROYALDOUGHBALL,,Royal Dough Ball,ロイヤルドウボール,Königlicher Teigball,Boule de Pâte Royale,Bollo Real,Bolinho Real,Королевский Шарик Теста,Palla di Pasta Reale,皇家麵團,皇家面团,왕실 반죽 덩어리,Królewska Kula Ciasta,Королівська Тістова Куля,Koninklijke Deegbal,Kraliyet Hamur Topu
L_MAT_GOLDENDOUGHBALL,,Golden Dough Ball,黄金の生地玉,Goldener Teigball,Boule de Pâte Dorée,Bola de Masa Dorada,Bola de Massa Dourada,Золотой Шарик Теста,Palla di Pasta Dorata,黃金麵糰球,金色面团,황금 반죽 덩어리,Złota Kula Ciasta,Золота Кулька Тіста,Gouden Deegbal,Altın Hamur Topu
L_MAT_JEWELOFZANTAIBLUE,,Jewel of Zantai (Blue),ザンタイの宝玉（青）,Juwel von Zantai (Blau),Joyau de Zantaï (Bleu),Joya de Zantai (Azul),Joia de Zantai (Azul),Самоцвет Зантая (Синий),Gemma di Zantai (Blu),贊泰之寶（藍）,赞泰宝珠（蓝）,잔타이의 보석 (파랑),Klejnot Zantai (Niebieski),Самоцвіт Зантаю (Синій),Juweel van Zantai (Blauw),Zantai'nin Mücevheri (Mavi)
L_MAT_JEWELOFZANTAICYAN,,Jewel of Zantai (Cyan),ザンタイの宝玉（シアン）,Juwel von Zantai (Cyan),Joyau de Zantaï (Cyan),Joya de Zantai (Cian),Joia de Zantai (Ciano),Самоцвет Зантая (Бирюзовый),Gemma di Zantai (Ciano),贊泰寶石（青色）,赞泰宝珠（青）,잔타이의 보석 (청록색),Klejnot Zantai (Cyjanowy),Самоцвіт Зантаю (Блакитний),Juweel van Zantai (Cyaan),Zantai'nin Mücevheri (Camgöbeği)
L_MAT_JEWELOFZANTAIGREEN,,Jewel of Zantai (Green),ザンタイの宝玉（緑）,Juwel von Zantai (Grün),Joyau de Zantai (Vert),Joya de Zantai (Verde),Joia de Zantai (Verde),Самоцвет Зантая (Зелёный),Gemma di Zantai (Verde),贊泰寶石（綠）,赞泰宝珠（绿）,잔타이의 보석 (녹색),Klejnot Zantai (Zielony),Самоцвіт Зантаю (Зелений),Juweel van Zantai (Groen),Zantai'nin Mücevheri (Yeşil)
L_MAT_JEWELOFZANTAIMAGENTA,,Jewel of Zantai (Magenta),ザンタイの宝玉（マゼンタ）,Juwel von Zantai (Magenta),Joyau de Zantaï (Magenta),Joya de Zantai (Magenta),Joia de Zantai (Magenta),Самоцвет Зантая (Пурпурный),Gemma di Zantai (Magenta),贊泰之寶石（洋紅色）,赞泰宝珠（品红）,잔타이의 보석 (마젠타),Klejnot Zantai (Karmazynowy),Самоцвіт Зантаю (Пурпуровий),Juweel van Zantai (Magenta),Zantai'nin Mücevheri (Macenta)
L_MAT_JEWELOFZANTAIORANGE,,Jewel of Zantai (Orange),ザンタイの宝珠（オレンジ）,Juwel von Zantai (Orange),Joyau de Zantaï (Orange),Joya de Zantai (Naranja),Joia de Zantai (Laranja),Самоцвет Зантая (Оранжевый),Gemma di Zantai (Arancione),贊泰之寶石（橙）,赞泰宝珠（橙）,잔타이의 보석 (주황색),Klejnot Zantai (Pomarańczowy),Коштовність Зантаю (Помаранчева),Juweel van Zantai (Oranje),Zantai'nin Mücevheri (Turuncu)
L_MAT_JEWELOFZANTAIPURPLE,,Jewel of Zantai (Purple),ザンタイの宝玉（紫）,Juwel von Zantai (Lila),Joyau de Zantai (Violet),Joya de Zantai (Púrpura),Joia de Zantai (Roxa),Самоцвет Зантая (Фиолетовый),Gemma di Zantai (Viola),贊泰之寶 (紫),赞泰宝珠（紫）,잔타이의 보석 (보라색),Klejnot Zantai (Fioletowy),Коштовність Зантаю (Фіолетова),Juweel van Zantai (Paars),Zantai'nin Mücevheri (Mor)
L_MAT_JEWELOFZANTAIRED,,Jewel of Zantai (Red),ザンタイの宝玉（赤）,Juwel von Zantai (Rot),Joyau de Zantaï (Rouge),Joya de Zantai (Roja),Joia de Zantai (Vermelha),Самоцвет Зантая (Красный),Gemma di Zantai (Rossa),贊泰之寶石（紅）,赞泰宝珠（红）,잔타이의 보석 (적색),Klejnot Zantai (Czerwony),Самоцвіт Зантаю (Червоний),Juweel van Zantai (Rood),Zantai'nin Mücevheri (Kırmızı)
L_MAT_JEWELOFZANTAITEAL,,Jewel of Zantai (Teal),ザンタイの宝玉（青緑）,Juwel von Zantai (Türkis),Joyau de Zantaï (Sarcelle),Joya de Zantai (Turquesa),Joia de Zantai (Turquesa),Самоцвет Зантая (Бирюзовый),Gemma di Zantai (Turchese),贊泰之寶 (藍綠色),赞泰宝珠（青绿）,잔타이의 보석 (청록색),Klejnot Zantai (Morski),Самоцвіт Зантаю (Бірюзовий),Juweel van Zantai (Groenblauw),Zantai'nin Mücevheri (Turkuaz)
L_MAT_JEWELOFZANTAIWHITE,,Jewel of Zantai (White),ザンタイの宝玉（白）,Juwel von Zantai (Weiß),Joyau de Zantai (Blanc),Joya de Zantai (Blanco),Joia de Zantai (Branco),Самоцвет Зантая (Белый),Gemma di Zantai (Bianca),贊泰之寶石（白）,赞泰宝珠（白）,잔타이의 보석 (백색),Klejnot Zantai (Biały),Коштовність Зантаю (Біла),Juweel van Zantai (Wit),Zantai'nin Mücevheri (Beyaz)
L_MAT_JEWELOFZANTAIYELLOW,,Jewel of Zantai (Yellow),ザンタイの宝玉（黄）,Juwel von Zantai (Gelb),Joyau de Zantai (Jaune),Joya de Zantai (Amarilla),Joia de Zantai (Amarela),Самоцвет Зантая (Жёлтый),Gemma di Zantai (Gialla),贊泰之寶石（黃）,赞泰宝珠（黄）,잔타이의 보석 (노랑),Klejnot Zantai (Żółty),Самоцвіт Зантаю (Жовтий),Juweel van Zantai (Geel),Zantai'nin Mücevheri (Sarı)
L_MAT_ZZYIASINEW,,Zzyia Sinew,ジジア・シニュー,Zzyia Sinew,Tendon de Zzyia,Tendón de Zzyia,Tendão de Zzyia,Ззия Жила,Tendine di Zzyia,茲伊亞筋腱,兹亚肌腱,지아 힘줄,Ścięgno Zzyii,Жила Ззії,Zzyia Sinew,Zzyia Siniri
L_MAT_FERALSHIV,,Feral Shiv,フェラルシヴ,Wilde Klinge,Dague Sauvage,Puñal Salvaje,Estoque Selvagem,Дикий Нож,Stiletto Selvaggio,野性短刃,野性短刀,야생의 단검,Dziki Sztylet,Дикий Кинджал,Wilde Dolk,Vahşi Hançer
L_MAT_SABERTOOTHTAIL,,Sabertooth Tail,サーベルタイガーの尻尾,Säbelzahnschwanz,Queue de Sabretooth,Cola de Dientes de Sable,Cauda de Dente-de-Sabre,Хвост Саблезуба,Coda di Tigre dai Denti a Sciabola,劍齒虎尾,剑齿之尾,검은이빨 꼬리,Ogon Szablozębnego,Хвіст шаблезубого тигра,Sabertand Staart,Kılıçdişli Kuyruk
L_MAT_INCENDIARYSMOKE,,Incendiary Smoke,焼夷煙幕,Entzündlicher Rauch,Fumée Incendiaire,Humo Incendiario,Fumaça Incendiária,Воспламеняющийся дым,Fumo Incendiario,燃燒煙霧,燃烧之烟,발화성 연막,Dym Zapalający,Запальний дим,Brandende Rook,Yakıcı Duman
L_MAT_CHAOSSWEAT,,Chaos Sweat,カオスの汗,Chaosschweiß,Sueur du Chaos,Sudor del Caos,Suor do Caos,Пот Хаоса,Sudore del Caos,混沌汗液,混沌汗液,혼돈의 땀,Pot Chaosu,Піт Хаосу,Chaosgeur,Kaos Teri
L_MAT_WARBOULDER,,War Boulder,戦争の大岩,Kriegsfelsen,Rocher de Guerre,Roca de Guerra,Pedregulho de Guerra,Боевой Валун,Masso da Guerra,戰爭巨石,战争巨石,전쟁 바위,Wojenny Głaz,Бойовий Валун,Oorlogskei,Savaş Kaya Kütlesi
L_MAT_FREAKSTAKE,,Freak Stake,フリークステーク,Freak Einsatz,Mise Bizarre,Apuesta Extraña,Aposta Bizarra,Жуткая Ставка,Posta Bizzarra,怪咖賭注,怪胎刑柱,괴짜 스테이크,Dziwaczny Pal,Дивний Кіл,Freak Inzet,Ucube Bahis
L_MAT_PHOBOSDOLL,,Phobos Doll,フォボスの人形,Phobos-Puppe,Poupée de Phobos,Muñeco de Fobos,Boneca de Fobos,Кукла Фобоса,Bambola di Fobos,恐懼娃娃,恐惧人偶,포보스 인형,Lalka Fobosa,Лялька Фобоса,Phobos Pop,Phobos Kukla
L_MAT_EXILEMASK,,Exile Mask,追放の仮面,Verbannungsmaske,Masque d'Exil,Máscara del Exilio,Máscara do Exílio,Маска Изгнанника,Maschera dell'Esilio,流放面具,流放者面具,추방의 가면,Maska Wygnańca,Маска Вигнанця,Ballingschapsmasker,Sürgün Maskesi
L_MAT_MARINEACID,,Marine Acid,マリンアシッド,Meeressäure,Acide Marin,Ácido Marino,Ácido Marinho,Морская кислота,Acido Marino,海洋酸液,海洋酸液,해양산,Kwas Morski,Морська кислота,Zeeacide,Deniz Asidi
L_MAT_TECHSCYTHE,,Tech Scythe,テックサイズ,Techsense,Faux Technologique,Guadaña Tecnológica,Foice Tecnológica,Технокоса,Falce Tecnologica,科技鐮刀,科技镰刀,테크 사이즈,Kosa Techniczna,Технокоса,Techzeis,Teknoloji Tırpanı
L_MAT_DECAYFIGMENT,,Decay Figment,腐敗の幻影,Verfallsfragment,Figment de Décomposition,Fragmento de Decadencia,Fragmento de Decomposição,Фантом Разложения,Frammento di Decadimento,腐朽幻象,腐朽幻象,부패의 환영,Figment Rozkładu,Фантом Розпаду,Verval Fragment,Çürüme Hayali
L_MAT_EVILFLUFF,,Evil Fluff,イビルフラフ,Böser Flaum,Fluff Maléfique,Pelusa Maligna,Pelúcia Maligna,Злобный Пух,Batuffolo Malvagio,邪惡絨毛,邪恶绒毛,사악한 솜털,Zły Puszek,Злобний Пух,Kwaadaardige Pluis,Kötü Tüy
"L_MAT_DEEPFINGER,HEH",,"Deep Finger, Heh",ディープフィンガー、へへ,"Tiefer Finger, Heh","Doigt Profond, Heh","Dedo Profundo, Je","Dedo Profundo, Heh","Глубокий Палец, Хех","Dito Profondo, Heh",深指，嘿,深渊之指，嘿,"깊은 손가락, 헤","Głęboki Palec, Heh","Глибокий Палець, Хех","Diepe Vinger, Heh","Derin Parmak, Heh"
L_MAT_PHLEBOTOMISTSCALPEL,,Phlebotomist Scalpel,フレボトミスト・スカルペル,Phlebotomisten-Skalpell,Scalpel de Phlébotomiste,Bisturí de Flebotomista,Bisturi de Flebotomista,Скальпель флеботомиста,Bisturi del Flebotomista,抽血師手術刀,抽血员解剖刀,채혈사의 메스,Skalpel Flebotomisty,Скальпель флеботоміста,Flebotomist Scalpel,Flebotomist Neşter
L_MAT_MALICECREST,,Malice Crest,悪意の紋章,Bosheitssiegel,Emblème de Malveillance,Emblema de Malicia,Crista da Malícia,Печать Злобы,Emblema della Malvagità,惡意紋章,恶意饰章,악의의 문장,Klejnot Złośliwości,Гребінь Злоби,Kwaadaardig Embleem,Kötülük Arması
L_MAT_RINGLEADERTOE,,Ringleader Toe,リングリーダー・トー,Anführer Zeh,Meneur Orteil,Dedo Líder,Líder Dedo do Pé,Главарь Тоу,Capo Dito,首領托,头目之趾,링리더 토,Przywódca Paluch,Ватажок Тоу,Ringmeester Toe,Elebaşı Toe
L_MAT_SUPREMECROWN,,Supreme Crown,至高の王冠,Erhabene Krone,Couronne Suprême,Corona Suprema,Coroa Suprema,Высшая Корона,Corona Suprema,至尊皇冠,至高王冠,최고의 왕관,Korona Najwyższa,Верховна Корона,Opperkroon,Yüce Taç
L_MAT_THUNDERWOUNDCLAYMORE,,Thunderwound Claymore,サンダーウーンド・クレイモア,Donnerwunden-Claymore,Claymore Foudroyante,Mandoble de Herida Trueno,Espadão da Ferida Trovejante,Громовая Рана,Spadone Feritafulmine,雷傷巨劍,雷伤大剑,천둥상처 클레이모어,Gromobliznowy Claymore,Громовий Клеймор,Donderwond Tweehander,Yıldırım Yarası Palakilici
L_MAT_VETERANBEAK,,Veteran Beak,ベテランくちばし,Veteranenschnabel,Bec Vétéran,Pico Veterano,Bico Veterano,Клюв Ветерана,Becco Veterano,老練鳥喙,老兵鸟喙,노련한 부리,Weterani Dziób,Ветеранський Дзьоб,Veteranenbek,Usta Gaga
L_MAT_BISMUTHJEWEL,,Bismuth Jewel,ビスマス宝石,Bismuth-Juwel,Joyau de Bismuth,Joya de Bismuto,Joia de Bismuto,Висмутовый самоцвет,Gioiello di Bismuto,鉍石寶珠,铋晶宝珠,비스무스 보석,Klejnot Bizmutu,Бісмутовий самоцвіт,Bismuth Juweel,Bizmut Mücevheri
L_MAT_DIVINEPLUME,,Divine Plume,神聖な羽根,Göttliche Feder,Plume Divine,Pluma Divina,Pluma Divina,Божественное Перо,Piuma Divina,神聖羽毛,神圣羽毛,신성한 깃털,Boskie Pióro,Божественне Перо,Goddelijke Veer,İlahi Tüy
L_MAT_HOLYRATTLE,,Holy Rattle,ホーリーラトル,Heilige Rassel,Hochet Sacré,Cascabel Sagrado,Chocalho Sagrado,Святая Погремушка,Sonaglio Sacro,聖靈搖鈴,神圣之响,신성한 딸랑이,Święty Grzechotek,Святий Брязкальце,Heilige Rammelaar,Kutsal Çıngırak
L_MAT_NAXSILK,,Nax Silk,ナックスシルク,Nax-Seide,Soie de Nax,Seda de Nax,Seda de Nax,Шелк Накса,Seta di Nax,納克斯絲綢,纳斯丝绸,낙스 실크,Jedwab Nax,Шовк Накса,Nax Zijde,Nax İpeği
L_MAT_KAITOSYMBOL,,Kaito Symbol,カイトシンボル,Kaito-Symbol,Symbole de Kaito,Símbolo de Kaito,Símbolo de Kaito,Символ Кайто,Simbolo di Kaito,凱托符號,凯托符号,카이토 심볼,Symbol Kaito,Символ Кайто,Kaito Symbool,Kaito Sembolü
L_MAT_PRIESTESSRAPIER,,Priestess Rapier,巫女のレイピア,Priesterinnen-Rapier,Rapière de Prêtresse,Estoque de Sacerdotisa,Florete da Sacerdotisa,Рапира Жрицы,Stocco della Sacerdotessa,女祭司細劍,祭司刺剑,여사제의 레이피어,Rapier Kapłanki,Рапіра Жриці,Priestesrapier,Rahibe Rapyeri
L_MAT_ANGELBATWINGS,,Angel Bat Wings,エンジェルバットウィング,Engelsfledermausflügel,Ailes de Chauve-Souris Angélique,Alas de Murciélago Angelical,Asas de Morcego Angelical,Крылья Ангельской Летучей Мыши,Ali di Pipistrello Angelico,天使蝙蝠翼,天使蝙蝠翅膀,천사 박쥐 날개,Anielskie Skrzydła Nietoperza,Крила Ангельського Кажана,Engelenvleermuis Vleugels,Melek Yarasa Kanatları
L_MAT_BISHOPTOTEM,,Bishop Totem,ビショップトーテム,Bischofs-Totem,Totem d'Évêque,Tótem del Obispo,Totem do Bispo,Тотем Епископа,Totem del Vescovo,主教圖騰,主教图腾,비숍 토템,Totem Biskupa,Тотем Єпископа,Bisschopstotem,Piskopos Totemi
L_MAT_RAZORWEBMANDIBLE,,Razorweb Mandible,鋭糸顎,Klingennetz-Mandibel,Mandibule Toile-Rasoir,Mandíbula de Telaraña Cortante,Mandíbula de Teia-Cortante,Жвало Бритвенной Паутины,Mandibola Ragnotela,刀網顎骨,利网下颚,면도날그물 턱뼈,Żuwaczka Ostrosieci,Жвала Лезової Павутини,Scheermandibel,Jilet Ağı Çenesi
L_MAT_KHANTUFT,,Khan Tuft,カーン・タフト,Khan Tuft,Khan Tuft,Khan Tuft,Khan Tuft,Хан Тафт,Khan Tuft,可汗·塔夫特,可汗簇毛,칸 터프트,Khan Tuft,Хан Тафт,Khan Tuft,Khan Tuft
L_MAT_BRAWLERPOEM,,Brawler Poem,ブロウラーの詩,Brawler Gedicht,Poème du Bagarreur,Poema del Luchador,Poema do Lutador,Стихотворение Драчуна,Poema del Lottatore,格鬥詩,格斗家诗篇,격투가의 시,Poemat Zawadiaki,Вірш Забіяки,Brawler Gedicht,Dövüşçü Şiiri
L_MAT_ASPENBRANCH,,Aspen Branch,アスペンの枝,Espenzweig,Branche de Tremble,Rama de Álamo,Ramo de Álamo,Ветвь Осины,Ramo di Pioppo,白楊樹枝,山杨树枝,아스펜 가지,Gałąź Osikowa,Гілка Осики,Espentwijg,Kavak Dalı
L_MAT_VOLCANICTREETRUNK,,Volcanic Tree Trunk,火山の木の幹,Vulkanischer Baumstamm,Tronc d'Arbre Volcanique,Tronco de Árbol Volcánico,Tronco de Árvore Vulcânica,Вулканический Древесный Ствол,Tronco d'Albero Vulcanico,火山樹幹,火山树干,화산 나무 줄기,Pień Wulkanicznego Drzewa,Вулканічний стовбур дерева,Vulkanische Boomstam,Volkanik Ağaç Gövdesi
L_MAT_HANYACSOIL,,Hanyac Soil,ハニャック土壌,Hanyac-Erde,Terre de Hanyac,Tierra de Hanyac,Solo de Hanyac,Почва Ханьяк,Terreno di Hanyac,漢亞克土壤,汉亚克土壤,한약 토양,Ziemia Hanyac,Ґрунт Ханьяк,Hanyac Aarde,Hanyac Toprağı
L_MAT_VILLOUSCARROT,,Villous Carrot,ビロウスキャロット,Haariger Karotte,Carotte Velue,Zanahoria Vellosa,Cenoura Vilosa,Ворсистая морковь,Carota Villosa,絨毛胡蘿蔔,毛绒胡萝卜,털이 난 당근,Włochata Marchew,Волохата Морква,Harige Wortel,Tüylü Havuç
L_MAT_SPIRITDRAGONSCALE,,Spirit Dragon Scale,霊竜の鱗,Geisterdrachenschuppe,Écaille de Dragon Spirituel,Escama de Dragón Espiritual,Escama de Dragão Espiritual,Чешуя Духовного Дракона,Scaglia di Drago Spirituale,靈龍鱗,魂之龙鳞,영혼 용린,Łuska Smoczego Ducha,Луска Духовного Дракона,Geestdrakenschub,Ruh Ejderhası Pulu
L_MAT_SEERCLAW,,Seer Claw,予知者の爪,Seherenklaue,Griffe du Voyant,Garra del Vidente,Garra do Vidente,Коготь Провидца,Artiglio del Veggente,先知之爪,预言者之爪,예지자의 발톱,Szpon Jasnowidza,Кіготь Провидця,Zienersgrijper,Kahin Pençesi
L_MAT_UNSTABLEPLASMA,,Unstable Plasma,不安定プラズマ,Instabiles Plasma,Plasma instable,Plasma Inestable,Plasma Instável,Нестабильная плазма,Plasma Instabile,不穩定電漿,不稳定血浆,불안정한 플라즈마,Niestabilna Plazma,Нестабільна плазма,Onstabiel Plasma,Kararsız Plazma
L_MAT_EVILWIND,,Evil Wind,邪悪な風,Böser Wind,Vent Maléfique,Viento Maligno,Vento Maligno,Злой Ветер,Vento Maligno,邪惡之風,邪恶之风,사악한 바람,Zły Wiatr,Злий Вітер,Boosaardige Wind,Kötü Rüzgar
L_MAT_NETHERWALKERKNIFE,,Netherwalker Knife,ネザーウォーカーの短剣,Netherläufer-Messer,Couteau du Marcheur des Abysses,Cuchillo del Caminante del Inframundo,Adaga do Caminhante do Abismo,Нож Скитальца Пустоты,Lama del Camminatore dell'Abisso,冥行者匕首,下界行者匕首,저승방랑자의 단검,Nóż Zaświatowca,Ніж Примарного Блукача,Onderwereldwandelaar Mes,Yeraltı Yürüyücüsü Bıçağı
L_MAT_HERETICHAMMER,,Heretic Hammer,異端の鉄槌,Ketzer-Hammer,Marteau Hérétique,Martillo Herético,Martelo Herético,Еретический Молот,Martello Eretico,異教徒之錘,异端之锤,이단자의 망치,Młot Heretyka,Єретичний Молот,Ketterhamer,Sapkın Çekiç
L_MAT_ARCUSEAR,,Arcus Ear,アーカスの耳,Arcus-Ohr,Oreille d'Arcus,Oreja de Arcus,Orelha de Arcus,Ухо Аркуса,Orecchio di Arcus,阿卡斯之耳,虹彩之耳,아쿠스 이어,Ucho Arkusa,Вухо Аркуса,Arcus Oor,Arcus Kulak
L_MAT_STEELHEARTTEETH,,Steelheart Teeth,スティールハートの歯,Stahlherzzähne,Crocs d'Acier,Dientes de Corazón de Acero,Dentes de Coração de Aço,Стальные Клыки,Denti di Cuoracciaio,鋼心之牙,钢心之齿,강철심장 이빨,Zęby Stalowego Serca,Сталесерді Зуби,Staalhart Tanden,Çelik Yürek Dişleri
L_MAT_LENSOFINSIGHT,,Lens of Insight,洞察の眼鏡,Linse der Einsicht,Lentille de Perspicacité,Lente de Perspicacia,Lente da Percepção,Линза Прозрения,Lente dell'Intuizione,洞察之鏡,洞察之镜,통찰의 렌즈,Soczewka Wglądu,Лінза Прозріння,Lens van Inzicht,Kavrayış Merceği
L_MAT_GLOWSTICK,,Glowstick,グロウスティック,Leuchtstab,Bâton lumineux,Barra luminosa,Bastão Luminoso,Светящаяся палочка,Luminello,螢光棒,荧光棒,글로우스틱,Świetlik,Світлова паличка,Glowstaaf,Işıldak
L_MAT_SCHEMINGSHIELD,,Scheming Shield,策謀の盾,Intrigenschild,Bouclier Sournois,Escudo Conspirador,Escudo Ardiloso,Щит Интриги,Scudo Ingannatore,詭計之盾,阴谋之盾,책략의 방패,Tarcza Intryg,Щит Інтриг,Sluwe Schild,Düzenbaz Kalkan
L_MAT_MAGE'SPLAYBOOK,,Mage's Playbook,魔道士の戦術書,Zauberer-Handbuch,Grimoire du Mage,Libro de Estrategias del Mago,Grimório do Mago,Справочник Мага,Manuale del Mago,法師的戰術手冊,法师手册,마법사의 지침서,Księga Maga,Книга Мага,Tovernaarshandboek,Büyücünün Oyun Kitabı
L_MAT_CROWNOFKINGS,,Crown of Kings,王者の冠,Krone der Könige,Couronne des Rois,Corona de Reyes,Coroa dos Reis,Корона Королей,Corona dei Re,王者之冠,国王之冠,왕들의 왕관,Korona Królów,Корона Королів,Kroon der Koningen,Kralların Tacı
L_MAT_ARCANEPUZZLE,,Arcane Puzzle,アルケインパズル,Arkanes Rätsel,Énigme Arcanique,Enigma Arcano,Enigma Arcano,Тайна Головоломки,Enigma Arcano,奧術謎題,奥术谜题,신비한 퍼즐,Magiczna Zagadka,Магічна Головоломка,Arcaan Raadsel,Büyülü Bulmaca
L_MAT_CURSEDCOBWEB,,Cursed Cobweb,呪われた蜘蛛の巣,Verfluchtes Spinnennetz,Toile Maudite,Telaraña Maldita,Teia Amaldiçoada,Проклятая Паутина,Ragnatela Maledetta,詛咒蛛網,诅咒蛛网,저주받은 거미줄,Przeklęta Pajęczyna,Прокляте павутиння,Vervloekt Spinnenweb,Lanetli Örümcek Ağı
L_MAT_SPECIALSNOWBALL,,Special Snowball,スペシャルスノーボール,Besondere Schneekugel,Boule de Neige Spéciale,Bola de Nieve Especial,Bola de Neve Especial,Особый Снежок,Palla di Neve Speciale,特殊雪球,特制雪球,특별한 눈덩이,Specjalna Śnieżka,Особливий сніжок,Speciale Sneeuwbal,Özel Kartopu
L_MAT_HANDCUFFS,,Handcuffs,手錠,Handschellen,Menottes,Esposas,Algemas,Наручники,Manette,手銬,手铐,수갑,Kajdanki,Наручники,Handboeien,Kelepçe
L_MAT_ASHOFRENEWAL,,Ash of Renewal,再生の灰,Asche der Erneuerung,Cendre du Renouveau,Ceniza de Renovación,Cinzas da Renovação,Пепел Возрождения,Cenere del Rinnovamento,重生之灰,重生灰烬,재생의 재,Popiół Odrodzenia,Попіл Відродження,As van Vernieuwing,Yenilenme Külü
L_MAT_UNIVERSALBLOOD,,Universal Blood,万能血液,Universalblut,Sang Universel,Sangre Universal,Sangue Universal,Универсальная Кровь,Sangue Universale,萬用血液,万能血液,만능 혈액,Krew Uniwersalna,Універсальна Кров,Universeel Bloed,Evrensel Kan
L_MAT_SELENE'SSOUL,,Selene's Soul,セレネの魂,Selenes Seele,Âme de Séléné,Alma de Selene,Alma de Selene,Душа Селены,Anima di Selene,瑟蓮之魂,塞勒涅之魂,셀레네의 영혼,Dusza Selene,Душа Селени,Ziel van Selene,Selene'nin Ruhu
L_MAT_FIREDEVIL'STEARS,,Firedevil's Tears,炎魔の涙,Tränen des Feuerdämons,Larmes du Diable de Feu,Lágrimas del Diablo de Fuego,Lágrimas do Demoníaco de Fogo,Слёзы Огненного Дьявола,Lacrime del Diavolofiamma,火魔之淚,火魔鬼之泪,화마의 눈물,Łzy Ognistego Diabła,Сльози Вогняного Диявола,Vuurduivelstranen,Ateşşeytanı'nın Gözyaşları
L_MAT_LUNARDUST,,Lunar Dust,月の塵,Mondstaub,Poussière Lunaire,Polvo Lunar,Poeira Lunar,Лунная Пыль,Polvere Lunare,月塵,月尘,월면 먼지,Księżycowy Pył,Місячний Пил,Maanstof,Ay Tozu
L_MAT_LIONTOY,,Lion Toy,ライオンのおもちゃ,Löwenspielzeug,Jouet Lion,Juguete de León,Brinquedo de Leão,Игрушечный Лев,Giocattolo Leone,獅子玩具,狮子玩具,사자 장난감,Zabawka Lew,Іграшковий лев,Leeuwenspeeltje,Aslan Oyuncağı
L_MAT_EMPTYOFFERING,,Empty Offering,空の供物,Leere Opfergabe,Offrande Vide,Ofrenda Vacía,Oferenda Vazia,Пустое Подношение,Offerta Vuota,空祭品,空祭品,빈 공물,Pusta Ofiara,Порожнє Підношення,Leeg Offer,Boş Sunu
L_MAT_STOLENPIG,,Stolen Pig,盗まれた豚,Gestohlenes Schwein,Cochon Volé,Cerdo Robado,Porco Roubado,Украденная Свинья,Maiale Rubato,被偷的豬,被盗的猪,도둑맞은 돼지,Skradziona Świnia,Вкрадена Свиня,Gestolen Varken,Çalıntı Domuz
L_MAT_VENOMOUSSTINGER,,Venomous Stinger,毒の刺し,Giftiger Stachel,Dard Venimeux,Aguijón Venenoso,Ferrão Venenoso,Ядовитое Жало,Aculeo Velenoso,劇毒刺針,毒刺,맹독 침,Jadowite Żądło,Отруйне Жало,Giftige Angel,Zehirli İğne
L_MAT_INSTABILITY,,Instability,不安定性,Instabilität,Instabilité,Inestabilidad,Instabilidade,Нестабильность,Instabilità,不穩定性,不稳定性,불안정성,Niestabilność,Нестабільність,Instabiliteit,Kararsızlık
L_MAT_BROKENTHERMOMETER,,Broken Thermometer,壊れた温度計,Kaputtes Thermometer,Thermomètre cassé,Termómetro Roto,Termômetro Quebrado,Сломанный термометр,Termometro Rotto,損壞的溫度計,破损温度计,고장난 온도계,Zepsuty Termometr,Зламаний термометр,Kapotte Thermometer,Kırık Termometre
L_MAT_BOONOFTHESWARM,,Boon of the Swarm,群れの恩恵,Segen des Schwarms,Faveur de l'Essaim,Bendición del Enjambre,Dádiva do Enxame,Дар Роя,Dono dello Sciame,蟲群之恩賜,虫群恩赐,군체의 축복,Błogosławieństwo Roju,Благословення Рою,Zegen van de Zwerm,Sürü Nimeti
L_MAT_CLUMPOFSPIDERLINGS,,Clump of Spiderlings,クモの子の塊,Spinnenjungenklumpen,Amas d'Araignées Juvéniles,Grupo de Arañitas,Aglomerado de Aranhinhas,Скопление паучат,Gruppo di Ragnetti,蜘蛛幼群,蜘蛛幼虫群,새끼거미 무리,Kłębowisko Pajączków,Скупчення павученят,Kluit Spinnetjes,Örümcek Yavruları Kümesi
L_MAT_WEEDSANDSEEDS,,Weeds and Seeds,雑草と種子,Unkraut und Samen,Mauvaises herbes et graines,Hierbas y Semillas,Ervas e Sementes,Сорняки и Семена,Erbacce e Semi,雜草與種子,杂草与种子,잡초와 씨앗,Chwasty i Nasiona,Бур'яни та Насіння,Onkruid en Zaden,Yabani Otlar ve Tohumlar
L_MAT_BLOODYSOULCRYSTAL,,Bloody Soul Crystal,血染めの魂結晶,Blutiger Seelenkristall,Cristal d'Âme Sanglant,Cristal de Alma Sangrienta,Cristal de Alma Sangrento,Кровавый кристалл души,Cristallo d'Anima Insanguinato,血魂水晶,血魂水晶,핏빛 영혼 수정,Krwawy Kryształ Duszy,Кривавий Кристал Душі,Bloedige Zielenkristal,Kanlı Ruh Kristali
L_MAT_GOLDSTAROFCOURAGE,,Gold Star of Courage,勇気の金星,Goldener Stern des Mutes,Étoile d'Or du Courage,Estrella Dorada del Valor,Estrela de Ouro da Coragem,Золотая Звезда Отваги,Stella d'Oro del Coraggio,勇氣金星,勇气金星,용기의 금색 별,Złota Gwiazda Odwagi,Золота Зірка Відваги,Gouden Ster van Moed,Cesaret Altın Yıldızı
L_MAT_DRACORUBIES,,Draco Rubies,ドラコルビー,Draco-Rubine,Rubis de Draco,Rubíes de Draco,Rubis de Dragão,Рубины Дракона,Rubini di Draco,龍紅寶石,天龙红宝石,드라코 루비,Rubiny Smoka,Рубіни Драко,Draco Robijnen,Ejder Yakutları
L_MAT_DIEFRAGMENTS,,Die Fragments,ダイフラグメント,Die Fragmente,Fragments de dé,Fragmentos de Dado,Fragmentos de Dado,Фрагменты Кубика,Frammenti di Dado,死亡碎片,死亡碎片,죽음의 파편,Fragmenty Śmierci,Фрагменти кубиків,Sterfragmenten,Zar Parçaları
L_MAT_ALCHEMICALFROST,,Alchemical Frost,錬金術の霜,Alchemistischer Frost,Givre Alchimique,Escarcha Alquímica,Geada Alquímica,Алхимический Мороз,Gelo Alchemico,鍊金霜凍,炼金之霜,연금술적 서리,Alchemiczny Mróz,Алхімічний Мороз,Alchemistische Vorst,Simyasal Ayaz
L_MAT_TACTICIAN'SMANUAL,,Tactician's Manual,戦術家の手引書,Taktiker-Handbuch,Manuel du Tacticien,Manual del Táctico,Manual do Estrategista,Руководство тактика,Manuale del Tattico,戰術家手冊,战术家手册,전술가의 지침서,Podręcznik Taktyka,Посібник Тактика,Handboek van de Tacticus,Taktisyen El Kitabı
L_MAT_LOSTNOTES,,Lost Notes,失われた手記,Verlorene Notizen,Notes perdues,Notas Perdidas,Anotações Perdidas,Утерянные записи,Appunti Perduti,遺失的筆記,丢失的笔记,잃어버린 노트,Zagubione Notatki,Загублені Нотатки,Verloren Notities,Kayıp Notlar
L_MAT_STRANGESMOKE,,Strange Smoke,怪しい煙,Seltsamer Rauch,Fumée Étrange,Humo Extraño,Fumaça Estranha,Странный Дым,Fumo Strano,詭異煙霧,奇异烟雾,이상한 연기,Dziwny Dym,Дивний Дим,Vreemde Rook,Garip Duman
L_MAT_VERDANTSTONE,,Verdant Stone,翠玉石,Smaragdstein,Pierre Verdoyante,Piedra Verdosa,Pedra Verdejante,Изумрудный Камень,Pietra Verdeggiante,翠綠石,翠绿石头,신록의 돌,Szmaragdowy Kamień,Смарагдовий Камінь,Smaragdgroene Steen,Yeşil Taş
L_MAT_BARRIERPARTS,,Barrier Parts,バリアパーツ,Barriereteile,Pièces de Barrière,Piezas de Barrera,Peças de Barreira,Детали Барьера,Componenti della Barriera,屏障零件,屏障零件,장벽 부품,Części Bariery,Частини бар'єру,Barrière-onderdelen,Bariyer Parçaları
L_MAT_GELATINLUMP,,Gelatin Lump,ゼラチンの塊,Gelatineklumpen,Masse de Gélatine,Masa de Gelatina,Massa de Gelatina,Студенистый Комок,Grumo di Gelatina,凝膠塊,明胶块,젤라틴 덩어리,Galaretowata Bryła,Желейна Грудка,Gelatineklomp,Jöle Yumağı
L_MAT_MINIONACCELERATOR,,Minion Accelerator,ミニオン・アクセラレーター,Diener-Beschleuniger,Accélérateur de Sbires,Acelerador de Esbirros,Acelerador de Lacaios,Ускоритель Миньонов,Acceleratore di Servitori,爪牙加速器,仆从加速器,하수인 가속기,Akcelerator Sługusów,Прискорювач Посіпак,Handlanger Versneller,Yamak Hızlandırıcı
L_MAT_HIVESTONE,,Hivestone,ハイブストーン,Bienenstein,Ruche-pierre,Piedra Colmena,Pedra-colmeia,Улей-камень,Pietra Alveare,蜂巢石,蜂巢石,하이브스톤,Rojowiec,Вулик-камінь,Bijenkorf,Kovan Taşı
L_MAT_PRISTINEFOXFANG,,Pristine Fox Fang,無垢なる狐の牙,Makelloser Fuchszahn,Croc de Renard Immaculé,Colmillo de Zorro Prístino,Presa de Raposa Imaculada,Безупречный Лисий Клык,Zanna di Volpe Immacolata,純淨狐牙,纯净狐牙,순수한 여우 송곳니,Nieskazitelny Kieł Lisa,Бездоганний Лисячий Ікло,Onberispelijke Vossenslagtand,Saf Tilki Dişi
L_MAT_WEAPONKIT,,Weapon Kit,武器キット,Waffenset,Kit d'arme,Kit de Arma,Kit de Arma,Оружейный набор,Kit Arma,武器套件,武器套件,무기 키트,Zestaw Broni,Набір зброї,Wapenset,Silah Kiti
L_MAT_OBVIOUSWEAKSPOT,,Obvious Weak Spot,明らかな弱点,Offensichtliche Schwachstelle,Point Faible Évident,Punto Débil Obvio,Ponto Fraco Óbvio,Очевидное слабое место,Punto Debole Evidente,明顯的弱點,明显弱点,명백한 약점,Oczywisty Słaby Punkt,Очевидне слабке місце,Duidelijk Zwak Punt,Belirgin Zayıf Nokta
L_MAT_ESSENCEOFENTROPY,,Essence of Entropy,エントロピーの精髄,Essenz der Entropie,Essence d'Entropie,Esencia de Entropía,Essência da Entropia,Эссенция Энтропии,Essenza dell'Entropia,熵之精華,熵之精华,혼돈의 정수,Esencja Entropii,Есенція Ентропії,Essentie van Entropie,Entropi Özü
L_MAT_JIMLY'STOME,,Jimly's Tome,ジムリーの書,Jimlys Foliant,Tome de Jimly,Tomo de Jimly,Tomo de Jimly,Том Джимли,Tomo di Jimly,吉姆利的典籍,吉姆利的典籍,짐리의 서책,Księga Jimly'ego,Том Джимлі,Jimly's Codex,Jimly'nin Kitabı
L_MAT_EMERALDTIDESCRAP,,Emerald Tide Scrap,エメラルドタイドの廃材,Smaragdflut-Schrott,Débris de la Marée d'Émeraude,Chatarra de Marea Esmeralda,Sucata da Maré Esmeralda,Изумрудный Прибойный Лом,Rottame della Marea di Smeraldo,翡翠潮汐碎片,翡翠潮碎片,에메랄드 타이드 스크랩,Złom Szmaragdowego Przypływu,Брухт Смарагдового Припливу,Smaragdgetij Schroot,Zümrüt Gelgit Hurda
L_MAT_PIRATE'STREASURE,,Pirate's Treasure,海賊の宝,Piratenschatz,Trésor du Pirate,Tesoro del Pirata,Tesouro do Pirata,Сокровище Пирата,Tesoro del Pirata,海盜寶藏,海盗的宝藏,해적의 보물,Skarb Pirata,Скарб Пірата,Piraten Schat,Korsan Hazinesi
L_MAT_TORNFLAG,,Torn Flag,引き裂かれた旗,Zerrissene Flagge,Drapeau Déchiré,Bandera Rasgada,Bandeira Rasgada,Разорванный флаг,Bandiera Strappata,破損的旗幟,破损的旗帜,찢어진 깃발,Podarta Flaga,Розірваний прапор,Gescheurde Vlag,Yırtık Bayrak
L_MAT_POCKETTADPOLE,,Pocket Tadpole,ポケットおたまじゃくし,Taschen-Kaulquappe,Têtard de Poche,Renacuajo de Bolsillo,Girino de Bolso,Карманный Головастик,Girino Tascabile,口袋蝌蚪,口袋蝌蚪,포켓 올챙이,Kieszonkowy Kijanka,Кишеньковий Пуголовок,Zakje Kikkervisje,Cep İrini
L_MAT_SCERBONIUM,,Scerbonium,スケルボニウム,Scerbonium,Scerbonium,Escerbonio,Escerbônio,Сцербоний,Scerbonium,斯克伯尼姆,瑟伯尼姆,스커보늄,Scerbonium,Скербоній,Scerbonium,Scerbonium
L_MAT_THETEDIOUSDEVICE,,The Tedious Device,面倒な装置,Das Mühselige Gerät,L'Appareil Fastidieux,El Dispositivo Tedioso,O Dispositivo Tedioso,Утомительное Устройство,Il Dispositivo Tedioso,繁瑣裝置,繁琐装置,지루한 장치,Nużące Urządzenie,Нудний Пристрій,Het Vervelende Apparaat,Sıkıcı Cihaz
L_MAT_BINDWOOD,,Bindwood,バインドウッド,Bindholz,Bois-Lié,Bindwood,Bindwood,Биндвуд,Bindwood,綁木,常春藤,바인드우드,Bindwood,Біндвуд,Bindwoud,Bağlıağaç
L_MAT_FRIEDCIRCUITRY,,Fried Circuitry,フライド・サーキット,Gebratene Schaltkreise,Circuits Frits,Circuitos Fritos,Circuito Frito,Обгоревшие Схемы,Circuiti Fritti,燒毀的電路,烧毁的电路,튀긴 회로,Smażone Obwody,Смажена Електроніка,Gebakken Bedrading,Kızarmış Devreler
L_MAT_OUROBOROSKEY,,Ouroboros Key,ウロボロスの鍵,Ouroboros-Schlüssel,Clé d'Ouroboros,Llave de Ouroboros,Chave de Ouroboros,Ключ Уробороса,Chiave di Ouroboros,銜尾蛇之鑰,衔尾蛇之匙,우로보로스 열쇠,Klucz Uroborosa,Ключ Уробороса,Ouroboros Sleutel,Ouroboros Anahtarı
L_MAT_SLIDERULE,,Slide Rule,スライドルール,Rechenschieber,Règle à calcul,Regla de cálculo,Régua de Cálculo,Логарифмическая линейка,Regolo calcolatore,計算尺,计算尺,계산자,Suwak logarytmiczny,Логарифмічна лінійка,Rekenliniaal,Sürgülü Hesap Cetveli
L_MAT_CONTRARYCLOCK,,Contrary Clock,逆時計,Gegenuhrzeiger,Horloge Contraire,Reloj Contrario,Relógio Contrário,Обратные Часы,Orologio Contrario,逆時鐘,反方向的钟,역시계,Przeciwzegar,Протигодинник,Tegenklok,Ters Saat
L_MAT_BLOODYRAGS,,Bloody Rags,血染めのぼろ布,Blutige Lumpen,Haillons Ensanglantés,Trapos Ensangrentados,Trapos Ensanguentados,Окровавленные тряпки,Stracci Insanguinati,血染破布,血腥破布,핏빛 누더기,Zakrwawione szmaty,Закривавлене ганчір'я,Bloederige Vodden,Kanlı Paçavralar
L_MAT_RITUALWRITINGS,,Ritual Writings,儀式の書,Rituelle Schriften,Écritures Rituelles,Escritos Rituales,Escritos Rituais,Ритуальные Писания,Scritti Rituali,儀式文字,仪式文书,의식의 문서,Pisma Rytualne,Ритуальні Письмена,Rituele Geschriften,Ritüel Yazıları
L_MAT_LANDO'SGOLDENTOE,,Lando's Golden Toe,ランドの黄金の足指,Landos Goldener Zeh,L'Orteil d'Or de Lando,El Dedo Dorado de Lando,Dedo de Ouro de Lando,Золотой палец Ландо,Dito d'Oro di Lando,蘭多的黃金腳趾,兰多的金脚趾,랜도의 황금 발가락,Złoty Palec Lando,Золотий Палець Ландо,Lando's Gouden Teen,Lando'nun Altın Parmağı
L_MAT_FADINGGARNET,,Fading Garnet,フェイディング・ガーネット,Verblassender Granat,Grenat Évanescent,Granate Desvaneciente,Rubi Esmaecido,Угасающий Гранат,Granato Evanescente,褪色石榴石,褪色石榴石,희미해지는 가넷,Gasnący Granat,Згасаючий гранат,Verblekend Granaat,Solan Granat
L_MAT_SENTIMENTALROCK,,Sentimental Rock,センチメンタルロック,Sentimentaler Stein,Roche Sentimentale,Roca Sentimental,Pedra Sentimental,Сентиментальный Камень,Roccia Sentimentale,感懷之石,感伤之石,감상적인 바위,Sentymentalny Kamień,Сентиментальний Камінь,Sentimentele Steen,Duygusal Kaya
L_MAT_SICKLYTOAD'SSTOOL,,Sickly Toad's Stool,病気のカエルの腰掛け,Kranker Krötenstuhl,Tabouret du Crapaud Maladif,Taburete del Sapo Enfermizo,Cogumelo do Sapo Doente,Стул Болезненной Жабы,Sgabello del Rospo Malaticcio,病蛙菇,病蛙粪便,병든 두꺼비의 버섯,Stołek Chorowitej Ropuchy,Стілець Хворобливої Жаби,Ziekelijke Paddenstoel,Hastalıklı Kurbağa İskemlesi
L_MAT_ANGELICTEARS,,Angelic Tears,天使の涙,Engeltränen,Larmes Angéliques,Lágrimas Angelicales,Lágrimas Angelicais,Ангельские Слёзы,Lacrime Angeliche,天使之淚,天使之泪,천사의 눈물,Łzy Anielskie,Ангельські Сльози,Engelentranen,Melek Gözyaşları
L_MAT_SELF-HELPBOOK,,Self-Help Book,自己啓発本,Selbsthilfebuch,Manuel de développement personnel,Libro de Autoayuda,Livro de Autoajuda,Книга по самопомощи,Libro di Auto-Aiuto,自助指南,自助指南,자기계발서,Poradnik,Книга самодопомоги,Zelfhulpboek,Kişisel Gelişim Kitabı
L_MAT_CADUCEUSSTAFF,,Caduceus Staff,カドゥケウスの杖,Caduceus-Stab,Bâton de Caducée,Bastón de Caduceo,Cajado de Caduceu,Посох Кадуцей,Bastone del Caduceo,醫神杖,墨丘利之杖,카두세우스 지팡이,Laska Kaduceusza,Жезл Кадуцей,Caduceusstaf,Kadüse Asası
L_MAT_CELESTIALMAP,,Celestial Map,天体図,Himmelskarte,Carte Céleste,Mapa Celestial,Mapa Celestial,Небесная Карта,Mappa Celeste,天象圖,天国地图,천체 지도,Mapa Niebios,Небесна Карта,Hemelse Kaart,Göksel Harita
L_MAT_INTEGERITE,,Integerite,インテジェライト,Integerit,Intégrité,Integerita,Integerite,Целостность,Integerite,整數石,整数石,인테저라이트,Integerite,Цілісність,Integriteit,Bütünlük
L_MAT_BROKENLANTERN,,Broken Lantern,壊れた灯籠,Zerbrochene Laterne,Lanterne Brisée,Farol Roto,Lanterna Quebrada,Разбитый Фонарь,Lanterna Rotta,破損的燈籠,破损灯笼,깨진 랜턴,Rozbita Latarnia,Розбитий Ліхтар,Gebroken Lantaarn,Kırık Fener
L_MAT_CRAZYMAN'SCORPSE,,Crazy Man's Corpse,狂人の死体,Leiche des Verrückten,Cadavre d'Homme Fou,Cadáver del Hombre Loco,Cadáver do Homem Louco,Труп Безумца,Cadavere dell'Uomo Folle,瘋子的屍體,疯子的尸体,미친 사람의 시체,Zwłoki Szaleńca,Труп Божевільного,Lijk van een Krankzinnige Man,Deli Adamın Cesedi
L_MAT_MEATPOPSICLE,,Meat Popsicle,肉の棒アイス,Fleischlutscher,Sucette de Viande,Paleta de Carne,Picolé de Carne,Мясной леденец,Ghiacciolo di Carne,肉冰棒,肉冰棍,고기 아이스바,Mięsny Lizak,М'ясний льодяник,Vleeslolly,Et Dondurması
L_MAT_EXTRACTEDSHADOW,,Extracted Shadow,抽出された影,Extrahierter Schatten,Ombre Extraite,Sombra Extraída,Sombra Extraída,Извлечённая Тень,Ombra Estratta,萃取之影,精萃暗影,추출된 그림자,Wydobyty Cień,Вилучена Тінь,Geëxtraheerde Schaduw,Çıkarılmış Gölge
L_MAT_LITHOSSINEW,,Lithos Sinew,リトスの腱,Lithos-Sehne,Tendon de Lithos,Tendón de Lithos,Tendão de Lithos,Литос Синью,Tendine di Lithos,石質筋腱,岩石肌腱,리토스 힘줄,Ścięgno Lithosu,Літосні Жили,Lithos Pees,Lithos Sinir
L_MAT_SCORPIONGRASS,,Scorpion Grass,スコーピオングラス,Skorpiongras,Herbe de Scorpion,Hierba de Escorpión,Erva-Escorpião,Скорпионова Трава,Erba Scorpione,蠍尾草,蝎之草,전갈풀,Trawa Skorpionowa,Скорпіонова Трава,Schorpioenkruid,Akrep Otu
L_MAT_VACCINE,,Vaccine,ワクチン,Impfstoff,Vaccin,Vacuna,Vacina,Вакцина,Vaccino,疫苗,疫苗,백신,Szczepionka,Вакцина,Vaccin,Aşı
L_MAT_POISONOUSGAS,,Poisonous Gas,毒ガス,Giftgas,Gaz Toxique,Gas Venenoso,Gás Venenoso,Ядовитый Газ,Gas Velenoso,毒氣,毒气,독가스,Trujący Gaz,Отруйний газ,Giftig Gas,Zehirli Gaz
L_MAT_DICESET,,Dice Set,ダイスセット,Würfelset,Set de dés,Conjunto de dados,Conjunto de Dados,Набор костей,Set di dadi,骰子組,骰子组,주사위 세트,Zestaw kości,Набір кубиків,Dobbelsteenset,Zar Seti
L_MAT_PULSINGSTONE,,Pulsing Stone,脈動する石,Pulsierender Stein,Pierre Pulsante,Piedra Pulsante,Pedra Pulsante,Пульсирующий Камень,Pietra Pulsante,脈動石,脉动石,맥동하는 돌,Pulsujący Kamień,Пульсуючий Камінь,Kloppende Steen,Titreşen Taş
L_MAT_ANCIENTSOULSOIL,,Ancient Soulsoil,古の魂土,Uralte Seelenerde,Terreau d'Âme Ancien,Tierra de Almas Antigua,Solo Ancestral,Древняя Душепочва,Terriccio Antico dell'Anima,古老靈魂土,远古魂土,고대 영혼토양,Pradawna Duszoziemia,Прадавній Ґрунт Душ,Oeroude Zielenaarde,Kadim Ruhtoprağı
L_MAT_VEXTINGSALT,,Vexting Salt,ヴェクスティングソルト,Vexender Salz,Sel de Vexation,Sal de Vexting,Sal Irritante,Соль Векстинга,Sale Vessante,惱人鹽,恼人盐,베스팅 솔트,Sól Dręcząca,Дратівлива Сіль,Kwellend Zout,Kışkırtıcı Tuz
L_MAT_GLASSEYE,,Glass Eye,ガラスの目,Glasauge,Œil de verre,Ojo de Cristal,Olho de Vidro,Стеклянный глаз,Occhio di Vetro,玻璃眼珠,玻璃眼,유리 눈,Szklane Oko,Скляне Око,Glazen Oog,Cam Göz
L_MAT_ONIFRAGMENT,,Oni Fragment,鬼の欠片,Oni-Fragment,Fragment d'Oni,Fragmento de Oni,Fragmento de Oni,Фрагмент Они,Frammento di Oni,鬼魂碎片,鬼之碎片,오니 파편,Fragment Oni,Фрагмент Оні,Oni Fragment,Oni Parçası
L_MAT_BAGOFCHIPS,,Bag of Chips,ポテトチップの袋,Tüte Chips,Sac de Chips,Bolsa de Patatas Fritas,Saco de Batatas Fritas,Пакет чипсов,Sacchetto di Patatine,洋芋片袋,袋装薯片,감자칩 봉지,Paczka Chipsów,Пакет чіпсів,Zak Chips,Cips Torbası
L_MAT_CRYSTALLINEBLOODSUCKER,,Crystalline Bloodsucker,水晶の吸血鬼,Kristalliner Blutsauger,Suceur de Sang Cristallin,Chupasangre Cristalino,Sugador de Sangue Cristalino,Кристаллический кровопийца,Succhiasangue Cristallino,晶化吸血者,结晶吸血鬼,수정 흡혈귀,Krystaliczny Krwiopijca,Кристалічний Кровопивця,Kristallijne Bloedzuiger,Kristal Kan Emici
L_MAT_PRISMATICFEATHER,,Prismatic Feather,プリズマティック・フェザー,Prismatische Feder,Plume Prismatique,Pluma Prismática,Pena Prismática,Призматическое Перо,Piuma Prismatica,虹彩羽毛,棱彩羽毛,프리즘 깃털,Pryzmatyczne Pióro,Райдужне Перо,Prismatische Veer,Prizmatik Tüy
L_MAT_MYSTERIOUSSCROLL,,Mysterious Scroll,謎の巻物,Mysteriöse Schriftrolle,Parchemin mystérieux,Pergamino Misterioso,Pergaminho Misterioso,Таинственный свиток,Pergamena Misteriosa,神秘卷軸,神秘卷轴,신비한 두루마리,Tajemniczy Zwój,Таємничий сувій,Mysterieuze Rol,Gizemli Tomar
L_MAT_SOULSOFTHEINEFFABLE,,Souls of the Ineffable,不可思議なる魂,Seelen des Unaussprechlichen,Âmes de l'Ineffable,Almas de lo Inefable,Almas do Inefável,Души Невыразимого,Anime dell'Ineffabile,難以言喻之魂,妙不可言之魂,불가해한 자들의 영혼,Dusze Niewyrażalnego,Душі Невимовного,Zielen van het Onuitsprekelijke,Anlatılamaz Ruhlar
L_MAT_TOMEOFELDRITCHKNOWLEDGE,,Tome of Eldritch Knowledge,魔道知識の書,Foliant des Unheimlichen Wissens,Tome de Savoir Occulte,Tomo de Conocimiento Arcano,Tomo do Conhecimento Arcano,Том Тайного Знания,Tomo della Conoscenza Arcana,古老知識之書,邪术知识古籍,비전 지식의 고서,Księga Pradawnej Wiedzy,Том Таємничих Знань,Boek van Occulte Kennis,Kadim Bilgi Kitabı
L_MAT_CONCHOFTHESIREN,,Conch of the Siren,サイレンの巻貝,Muschel der Sirene,Conque de la Sirène,Caracola de la Sirena,Concha da Sereia,Раковина Сирены,Conchiglia della Sirena,海妖的螺號,海妖的海螺,세이렌의 소라,Muszla Syreny,Мушля Сирени,Schelp van de Sirene,Siren'in Deniz Kabuğu
L_MAT_ROGUE'SHOOD,,Rogue's Hood,ローグのフード,Kapuze des Schurken,Capuche de voleur,Capucha de Pícaro,Capuz do Ladino,Капюшон Разбойника,Cappuccio del Ladro,盜賊兜帽,盗贼兜帽,도적의 두건,Kaptur Łotrzyka,Каптур Розбійника,Kap van de Dief,Haydut Başlığı
L_MAT_NEURALCHIP,,Neural Chip,ニューラルチップ,Neuraler Chip,Puce neurale,Chip Neural,Chip Neural,Нейрочип,Chip Neurale,神經晶片,神经芯片,신경 칩,Chip Neuronowy,Нейрочіп,Neurale Chip,Nöral Çip
L_MAT_BROKENSCALES,,Broken Scales,壊れた天秤,Zerbrochene Waagen,Balances Brisées,Balanzas Rotas,Balanças Quebradas,Сломанные Весы,Bilance Infrante,破碎天秤,破碎天平,깨진 저울,Zerwane Szale,Зламані Терези,Gebroken Weegschalen,Kırık Teraziler
L_MAT_EMPTYBEERMUG,,Empty Beer Mug,空のビールジョッキ,Leerer Bierkrug,Chope de Bière Vide,Jarra de Cerveza Vacía,Caneca de Cerveja Vazia,Пустая Пивная Кружка,Boccale di Birra Vuoto,空啤酒杯,空啤酒杯,빈 맥주잔,Pusty Kufel Piwa,Порожня пивна кухоль,Lege Bierpul,Boş Bira Kupası
L_MAT_NON-EXISTENTBLADE,,Non-Existent Blade,存在しない刃,Nichtexistierende Klinge,Lame Inexistante,Espada Inexistente,Lâmina Inexistente,Несуществующий Клинок,Lama Inesistente,不存在之刃,虚无之刃,존재하지 않는 검,Nieistniejące Ostrze,Неіснуючий Клинок,Niet-Bestaand Zwaard,Var Olmayan Kılıç
L_MAT_VORPALCORE,,Vorpal Core,ヴォーパルコア,Vorpal-Kern,Noyau Vorpal,Núcleo Vorpal,Núcleo Vorpal,Ядро Ворпал,Nucleo Vorpal,虛空核心,斩首核心,보팔 코어,Rdzeń Vorpala,Вихровий Осередок,Vorpal Kern,Ölümcül Öz
L_MAT_RINGOFECHOES,,Ring of Echoes,木霊の指輪,Ring der Echos,Anneau des Échos,Anillo de Ecos,Anel dos Ecos,Кольцо Эха,Anello degli Echi,迴響之戒,回声之戒,메아리의 반지,Pierścień Ech,Перстень Відлуння,Ring van Echo's,Yankılar Yüzüğü
L_MAT_CANO'CANTH,,Can o' Canth,カンス・オ・カンス,Dose Canth,Boîte d' Canth,Lata de Canth,Lata de Canth,Банка Канта,Barattolo di Canth,坎斯罐頭,坎斯罐头,캔스 통조림,Puszka Canth,Бляшанка Канта,Blik Canth,Canth Konservesi
L_MAT_SACRIFICIALSTINGER,,Sacrificial Stinger,犠牲の毒針,Opfernadel,Dard Sacrificiel,Aguijón Sacrificial,Ferrão Sacrificial,Жертвенное Жало,Pungiglione Sacrificale,犧牲刺針,献祭蜂刺,희생의 침,Ofiarny Żądlec,Жертовне Жало,Offerstinger,Fedai İğnesi
L_MAT_LAVABUBBLE,,Lava Bubble,溶岩バブル,Lavablase,Bulle de Lave,Burbuja de Lava,Bolha de Lava,Лавовый Пузырь,Bolla di Lava,熔岩泡泡,熔岩泡泡,용암 방울,Bąbel Lawy,Лавова Бульбашка,Lavabel,Lav Kabarcığı
L_MAT_SPECTRALSTRING,,Spectral String,スペクトラルストリング,Spektrale Saite,Corde Spectrale,Cuerda Espectral,Corda Espectral,Призрачная Струна,Corda Spettrale,幽靈絃,幽灵之弦,유령의 끈,Widmowa Struna,Примарна Струна,Spectraal Koord,Hayaletimsi İp
L_MAT_CRYPTIDTAROT,,Cryptid Tarot,クリプティッド・タロット,Kryptiden-Tarot,Tarot des Cryptides,Tarot Criptídico,Tarô Criptídeo,Таро Криптидов,Tarocchi Criptidi,神秘生物塔羅,秘兽塔罗,크립티드 타로,Tarot Kryptyd,Таро Криптидів,Cryptide Tarot,Kriptid Tarot
L_MAT_CRABSHIELD,,Crab Shield,カニの盾,Krabben-Schild,Bouclier de Crabe,Escudo de Cangrejo,Escudo de Caranguejo,Щит-краб,Scudo Granchio,蟹盾,蟹盾,게 방패,Tarcza Kraba,Крабовий щит,Krabbenschild,Yengeç Kalkanı
L_MAT_SKULLSHARD,,Skull Shard,髑髏の欠片,Schädelscherbe,Éclat de Crâne,Fragmento de Cráneo,Fragmento de Crânio,Осколок Черепа,Frammento di Teschio,骷髏碎片,头骨碎片,해골 파편,Odłamek Czaszki,Уламок черепа,Schedelscherf,Kafatası Parçası
L_MAT_BUTTERYBAIT,,Buttery Bait,バター風味の餌,Buttrige Köder,Appât Beurré,Cebo Mantecoso,Isca Amanteigada,Масляная Приманка,Esca Burrosa,奶油誘餌,黄油诱饵,버터 미끼,Maślana Przynęta,Масляна Приманка,Boterachtig Aas,Tereyağlı Yem
L_MAT_MUSCULARSTONE,,Muscular Stone,筋肉の石,Muskelstein,Pierre Musculaire,Piedra Muscular,Pedra Muscular,Каменная Мускулатура,Pietra Muscolare,肌肉石,肌肉石,근육질 돌,Kamienny Mocarz,М'язистий Камінь,Gespierde Steen,Kaslı Taş
L_MAT_BLOODYBEADS,,Bloody Beads,血染めの珠,Blutige Perlen,Perles Sanglantes,Cuentas Sangrientas,Contas Sangrentas,Кровавые Бусы,Perle Sanguinose,血染珠串,血腥珠串,핏빛 구슬,Krwawe Koraliki,Криваві Намистини,Bloedige Kralen,Kanlı Boncuklar
L_MAT_UNLITCANDLE,,Unlit Candle,火の灯っていないろうそく,Unangezündete Kerze,Bougie éteinte,Vela Apagada,Vela Apagada,Незажженная свеча,Candela Spenta,未點燃的蠟燭,未燃之烛,꺼진 양초,Niezapalona Świeca,Незапалена свічка,Onbrandende Kaars,Yanmamış Mum
L_MAT_MEMORYOFBINDING,,Memory of Binding,束縛の記憶,Erinnerung der Bindung,Souvenir de Lien,Recuerdo de Atadura,Memória de Ligação,Воспоминание о Связывании,Ricordo del Vincolo,束縛之記憶,束缚之记忆,속박의 기억,Wspomnienie Więzi,Пам'ять Зв'язування,Herinnering van Binding,Bağlama Anısı
L_MAT_CONSTELLATIONOFKIRIN,,Constellation of Kirin,キリンの星座,Konstellation des Kirin,Constellation du Kirin,Constelación de Kirin,Constelação de Kirin,Созвездие Кирина,Costellazione di Kirin,麒麟星座,麒麟星座,기린의 별자리,Konstelacja Kirina,Сузір'я Кіріна,Constellatie van Kirin,Kirin Takımyıldızı
L_MAT_CONSTELLATIONOFBYAKKO,,Constellation of Byakko,白虎の星座,Konstellation des Byakko,Constellation du Byakko,Constelación de Byakko,Constelação de Byakko,Созвездие Бьякко,Costellazione di Byakko,白虎星座,白虎星座,백호의 별자리,Konstelacja Byakko,Сузір'я Б'якко,Constellatie van Byakko,Byakko Takımyıldızı
L_MAT_CONSTELLATIONOFSUZAKU,,Constellation of Suzaku,朱雀の星座,Konstellation des Suzaku,Constellation de Suzaku,Constelación de Suzaku,Constelação de Suzaku,Созвездие Судзаку,Costellazione di Suzaku,朱雀星座,朱雀星座,주작의 별자리,Konstelacja Suzaku,Сузір'я Судзаку,Constellatie van Suzaku,Suzaku Takımyıldızı
L_MAT_CONSTELLATIONOFSEIRYU,,Constellation of Seiryu,青龍の星座,Konstellation des Seiryu,Constellation du Seiryu,Constelación de Seiryu,Constelação de Seiryu,Созвездие Сэйрю,Costellazione di Seiryu,青龍星座,青龙星座,청룡의 별자리,Konstelacja Seiryu,Сузір'я Сейрю,Constellatie van Seiryu,Seiryu Takımyıldızı
L_MAT_CONSTELLATIONOFGENBU,,Constellation of Genbu,玄武の星座,Konstellation des Genbu,Constellation du Genbu,Constelación de Genbu,Constelação de Genbu,Созвездие Генбу,Costellazione di Genbu,玄武星宿,玄武星宿,현무의 별자리,Konstelacja Genbu,Сузір'я Генбу,Constellatie van Genbu,Genbu Takımyıldızı
L_MAT_CONSTELLATIONOFHUANGLONG,,Constellation of Huanglong,黄龍の星座,Konstellation von Huanglong,Constellation de Huanglong,Constelación de Huanglong,Constelação de Huanglong,Созвездие Хуанлун,Costellazione di Huanglong,黃龍星座,黄龙星座,황룡의 별자리,Konstelacja Huanglong,Сузір'я Хуанлонга,Constellatie van Huanglong,Huanglong Takımyıldızı
L_MAT_FLUFFYTAIL,,Fluffy Tail,ふわふわの尻尾,Flauschiger Schwanz,Queue de Peluche,Cola Esponjosa,Cauda Fofa,Пушистый хвост,Coda Soffice,蓬鬆尾巴,蓬松尾巴,복슬복슬한 꼬리,Puszysty Ogon,Пухнастий хвіст,Pluizige Staart,Kabarık Kuyruk
L_MAT_RISKIUM,,Riskium,リスキウム,Riskium,Riskium,Riskium,Riskium,Рискиум,Riskium,瑞斯基姆,瑞斯基姆,리스키움,Riskium,Ризікіум,Riskium,Riskium
L_MAT_GIANTPILEOFCORPSES,,Giant Pile of Corpses,巨大な死体の山,Riesiger Leichenhaufen,Gigantesque Tas de Cadavres,Montón Gigante de Cadáveres,Pilha Gigante de Cadáveres,Гигантская Куча Трупов,Enorme Cumulo di Cadaveri,巨大屍骸堆,巨大尸体堆,거대한 시체 더미,Gigantyczny Stos Zwłok,Гігантська Купа Трупів,Gigantische Stapel Lijken,Devasa Ceset Yığını
L_MAT_SACREDMACE,,Sacred Mace,聖なる鎚,Heiliger Streitkolben,Masse Sacrée,Maza Sagrada,Maça Sagrada,Священная булава,Mazza Sacra,神聖權杖,神圣钉锤,신성한 철퇴,Święty Buzdygan,Священна булава,Heilige Knots,Kutsal Topuz
L_MAT_TRAITLAUNCHER,,Trait Launcher,特性ランチャー,Merkmalswerfer,Lanceur de Traits,Lanzador de Rasgos,Lançador de Traços,Пусковая установка черт,Lanciatore di Tratti,特質發射器,特性发射器,특성 발사기,Wyrzutnia Cech,Запускач Рис,Eigenschap Lanceerder,Özellik Başlatıcı
L_MAT_CURSEDSCOPE,,Cursed Scope,呪われた照準器,Verfluchtes Zielfernrohr,Lunette Maudite,Mira Maldita,Mira Amaldiçoada,Проклятый прицел,Cannocchiale Maledetto,詛咒瞄準鏡,诅咒瞄准镜,저주받은 조준경,Przeklęta Luneta,Проклятий приціл,Vervloekte Vizier,Lanetli Dürbün
L_MAT_BROKENROULETTEWHEEL,,Broken Roulette Wheel,壊れたルーレット,Kaputtes Rouletterad,Roulette Cassée,Ruleta Rota,Roleta Quebrada,Сломанное Колесо Рулетки,Ruota della Roulette Rotta,損壞的輪盤,损坏的轮盘赌轮,고장난 룰렛 휠,Zepsuty Stół Ruletki,Зламане Колесо Рулетки,Kapot Roulettewiel,Bozuk Rulet Çarkı
L_MAT_BATTEREDSCALES,,Battered Scales,ボロボロの鱗,Zerschlagene Schuppen,Écailles Abîmées,Escamas Maltratadas,Escamas Desgastadas,Потрепанная Чешуя,Squame Malconce,破損的鱗片,破损鳞片,낡은 비늘,Zniszczone Łuski,Потріпана Луска,Gehavende Schubben,Yıpranmış Pullar
L_MAT_STILL-BEATINGHEART,,Still-Beating Heart,鼓動する心臓,Noch schlagendes Herz,Cœur Encore Battant,Corazón Palpitante,Coração Pulsante,Всё Ещё Бьющееся Сердце,Cuore Pulsante,仍在跳動的心臟,仍在跳动的心脏,아직도 뛰는 심장,Wciąż Bijące Serce,"Серце, Що Досі Б'ється",Nog-Kloppend Hart,Hâlâ Atan Kalp
L_MAT_COLDIRONNEEDLE,,Cold Iron Needle,冷鉄の針,Kalteiserne Nadel,Aiguille de Fer Froid,Aguja de Hierro Frío,Agulha de Ferro Frio,Игла из Холодного Железа,Ago di Ferro Freddo,寒鐵針,寒铁针,냉철 바늘,Igła z Zimnego Żelaza,Голка з Холодного Заліза,Koudijzeren Naald,Soğuk Demir İğne
L_MAT_CORRUPTIUM,,Corruptium,コラプティウム,Korruptium,Corruptium,Corruptium,Corruptium,Коррупциум,Corruptium,腐化石,腐化晶,부패석,Corruptium,Корупцій,Corruptium,Yozlaşım
L_MAT_DISCARDEDBLOOD,,Discarded Blood,捨て去られた血,Verworfenes Blut,Sang Abandonné,Sangre Descartada,Sangue Descartado,Отверженная Кровь,Sangue Scartato,棄血,遗弃血液,버려진 피,Odrzucona Krew,Відкинута Кров,Verworpen Bloed,Atılmış Kan
L_MAT_WARRIOR'SDYINGRAGE,,Warrior's Dying Rage,戦士の死の怒り,Zorn des sterbenden Kriegers,Rage Mourante du Guerrier,Furia Moribunda del Guerrero,Fúria Moribunda do Guerreiro,Предсмертная Ярость Воина,Furia Morente del Guerriero,戰士的垂死怒火,战士的垂死怒火,전사의 죽음의 분노,Konająca Furia Wojownika,Передсмертна Лють Воїна,Stervende Woede van de Krijger,Savaşçının Ölüm Öfkesi
L_MAT_LEGENDARYUNDEADFRAGMENT,,Legendary Undead Fragment,伝説のアンデッド欠片,Legendäres Untoten-Fragment,Fragment Légendaire de Mort-Vivant,Fragmento Legendario de No Muerto,Fragmento Lendário de Morto-vivo,Легендарный Фрагмент Нежити,Frammento Leggendario di Non Morto,傳說亡靈碎片,传奇亡灵碎片,전설의 언데드 파편,Fragment Legendarnego Nieumarłego,Легендарний Фрагмент Немертвого,Legendarisch Ondood Fragment,Efsanevi Hortlak Parçası
L_MAT_SOULSTONES,,Soul Stones,ソウルストーン,Seelensteine,Pierres d'Âme,Piedras de Alma,Pedras de Alma,Камни Души,Pietre dell'Anima,靈魂石,灵魂石,영혼석,Kamienie Duszy,Камені Душі,Zielenstenen,Ruh Taşları
L_MAT_SHATTEREDMIRROR,,Shattered Mirror,砕かれた鏡,Zerbrochener Spiegel,Miroir Brisé,Espejo Roto,Espelho Estilhaçado,Разбитое Зеркало,Specchio Infranto,破碎之鏡,破碎之镜,깨진 거울,Rozbite Lustro,Розбите Дзеркало,Versplinterde Spiegel,Kırık Ayna
L_MAT_DRAKESCALE,,Drake Scale,ドレイクの鱗,Drachenschuppe,Écaille de Drake,Escama de Drake,Escama de Drake,Чешуя Дракона,Scaglia di Drago,龍鱗,龙鳞,드레이크 비늘,Smocza Łuska,Луска Дракона,Draakschub,Ejderha Pulu
L_MAT_BOMBSCRAPS,,Bomb Scraps,爆弾の破片,Bombenreste,Débris de Bombe,Restos de Bomba,Restos de Bomba,Обломки бомбы,Rottami di Bomba,炸彈碎片,炸弹碎片,폭탄 파편,Szczątki Bomby,Уламки бомби,Bomresten,Bomba Parçaları
L_MAT_BLADEOFDIVINITY,,Blade of Divinity,神性の剣,Klinge der Göttlichkeit,Lame de Divinité,Espada de Divinidad,Lâmina da Divindade,Клинок Божественности,Lama della Divinità,神聖之刃,神性之刃,신성의 검,Ostrze Boskości,Клинок Божественності,Kling van Goddelijkheid,İlahi Kılıç
L_MAT_CRYSTALLIZEDCOWARDICE,,Crystallized Cowardice,結晶化した臆病さ,Kristallisierte Feigheit,Lâcheté Cristallisée,Cobardía Cristalizada,Covardia Cristalizada,Кристаллизованная Трусость,Codardia Cristallizzata,結晶化的懦弱,结晶怯懦,결정화된 비겁함,Skrystalizowane Tchórzostwo,Кристалізована Боягузливість,Gekristalliseerde Lafheid,Kristalleşmiş Korkaklık
L_MAT_FRIGIDFLAME,,Frigid Flame,凍える炎,Eisige Flamme,Flamme Glaciale,Llama Gélida,Chama Gélida,Морозное Пламя,Fiamma Gelida,冰冷烈焰,寒冷烈焰,차가운 불꽃,Mroźny Płomień,Крижаний Вогонь,Ijzige Vlam,Soğuk Alev
L_MAT_SAVINGSBOND,,Savings Bond,貯蓄債券,Sparbond,Obligation d'épargne,Bono de ahorro,Título de Poupança,Сберегательная облигация,Buono di risparmio,儲蓄債券,储蓄债券,저축 채권,Obligacja Oszczędnościowa,Ощадний облігація,Spaarbon,Tasarruf Bonosu
L_MAT_RUSTEDCROWN,,Rusted Crown,錆びた王冠,Verrostete Krone,Couronne Rouillée,Corona Oxidada,Coroa Enferrujada,Ржавая Корона,Corona Arrugginita,鏽蝕王冠,锈蚀之冠,녹슨 왕관,Zardzewiała Korona,Іржава Корона,Verroeste Kroon,Paslı Taç
L_MAT_DEATHHERALD,,Death Herald,デスヘラルド,Todesbote,Héraut de la Mort,Heraldo de la Muerte,Arauto da Morte,Вестник Смерти,Araldo della Morte,死亡先驅,死亡先驱,죽음의 전령,Herold Śmierci,Вісник Смерті,Doodsheraut,Ölüm Habercisi
L_MAT_LEADER'SMANTLE,,Leader's Mantle,リーダーのマント,Anführermantel,Manteau du Chef,Manto del Líder,Manto do Líder,Мантия Лидера,Manto del Condottiero,領導者披風,领袖披风,지도자의 망토,Płaszcz Przywódcy,Мантія Лідера,Mantel van de Leider,Lider Pelerini
L_MAT_RUBYDAGGER,,Ruby Dagger,ルビーの短剣,Rubindolch,Dague de Rubis,Daga de Rubí,Adaga de Rubi,Рубиновый кинжал,Pugnale di Rubino,紅寶石匕首,红宝石匕首,루비 단검,Rubinowy Sztylet,Рубіновий кинджал,Robijnen Dolk,Yakut Hançer
L_MAT_LUCKYCOIN,,Lucky Coin,幸運のコイン,Glücksmünze,Pièce Porte-bonheur,Moneda de la Suerte,Moeda da Sorte,Счастливая Монета,Moneta Fortunata,幸運硬幣,幸运硬币,행운의 동전,Szczęśliwa Moneta,Щаслива Монета,Geluksmunt,Şanslı Para
L_MAT_ANCESTRALSHIELD,,Ancestral Shield,祖先の盾,Ahnenschild,Bouclier Ancestral,Escudo Ancestral,Escudo Ancestral,Родовой Щит,Scudo Ancestrale,祖傳之盾,先祖之盾,선조의 방패,Tarcza Przodków,Щит Предків,Voorouderlijk Schild,Ata Kalkanı
L_MAT_MATHEMATICSTEXTBOOK,,Mathematics Textbook,数学の教科書,Mathematik-Lehrbuch,Manuel de mathématiques,Libro de texto de matemáticas,Livro de Matemática,Учебник математики,Libro di Matematica,數學教科書,数学课本,수학 교과서,Podręcznik do matematyki,Підручник з математики,Wiskundeboek,Matematik Ders Kitabı
L_MAT_PRISMATICSTONE,,Prismatic Stone,プリズムストーン,Prismatischer Stein,Pierre prismatique,Piedra Prismática,Pedra Prismática,Призматический камень,Pietra Prismatica,稜鏡石,棱镜石,프리즘 스톤,Pryzmatyczny Kamień,Призматичний Камінь,Prismatische Steen,Prizmatik Taş
L_MAT_DARKSTICK,,Dark Stick,ダークスティック,Dunkler Stock,Bâton Sombre,Bastón Oscuro,Bastão Sombrio,Темная Палка,Bastone Oscuro,黑暗棍,黑暗棍棒,암흑 지팡이,Mroczny Kij,Темна Палиця,Duistere Stok,Karanlık Sopa
L_MAT_MINIONMASTERSTAFF,,Minion Master Staff,ミニオンマスターの杖,Stab des Dienermeister,Bâton du Maître des Sbires,Bastón del Maestro de Esbirros,Cajado do Mestre de Lacaios,Посох Повелителя Миньонов,Bastone del Padrone di Servitori,爪牙大師法杖,仆从大师法杖,하수인 지배자의 지팡이,Kostur Władcy Sługusów,Посох Повелителя Прислужників,Staf van de Handlangermeester,Yamak Efendisi Asası
L_MAT_SHARPENEDKNIFE,,Sharpened Knife,研ぎ澄まされたナイフ,Geschärftes Messer,Couteau Aiguisé,Cuchillo Afilado,Faca Afiada,Заточенный нож,Coltello Affilato,磨利的小刀,锋利小刀,날카로운 칼,Naostrzony Nóż,Загострений ніж,Geslepen Mes,Bilenmiş Bıçak
L_MAT_PARTICLEOFADAXIAL,,Particle of Adaxial,アダキシアルの粒子,Partikel der Adaxialität,Particule d'Adaxial,Partícula de Adaxial,Partícula de Adaxial,Частица Адаксиальности,Particella di Adaxial,向軸微粒,阿达克西尔微粒,아닥시얼의 입자,Cząstka Adaksjalna,Частинка Адаксіальності,Deeltje van Adaxiaal,Adaksiyal Parçacık
L_MAT_PARTICLEOFB004,,Particle of B004,パーティクル・オブ・B004,Partikel von B004,Particule de B004,Partícula de B004,Partícula de B004,Частица B004,Particella di B004,B004的粒子,B004微粒,입자 B004,Cząstka B004,Частинка B004,Deeltje van B004,Parçacık B004
L_MAT_PARTICLEOFNALAS,,Particle of Nalas,ナラスの粒子,Partikel von Nalas,Particule de Nalas,Partícula de Nalas,Partícula de Nalas,Частица Наласа,Particella di Nalas,納拉斯粒子,娜拉丝微粒,날라스의 입자,Cząstka Nalas,Частинка Наласу,Deeltje van Nalas,Nalas Parçacığı
L_MAT_PARTICLEOFRENGAS,,Particle of Rengas,レンガスの粒子,Partikel von Rengas,Particule de Rengas,Partícula de Rengas,Partícula de Rengas,Частица Ренгаса,Particella di Rengas,倫加斯粒子,伦加斯微粒,렝가스의 입자,Cząstka Rengas,Частинка Ренгасу,Deeltje van Rengas,Rengas Parçacığı
L_MAT_PARTICLEOFSAUREL,,Particle of Saurel,サウレルの粒子,Partikel von Saurel,Particule de Saurel,Partícula de Saurel,Partícula de Saurel,Частица Сореля,Particella di Saurel,索瑞爾粒子,索雷尔微粒,사우렐의 입자,Cząstka Saurela,Частинка Сореля,Deeltje van Saurel,Saurel Parçacığı
L_MAT_PARTICLEOFAKARA,,Particle of Akara,アカラの粒子,Partikel von Akara,Particule d'Akara,Partícula de Akara,Partícula de Akara,Частица Акары,Particella di Akara,阿卡拉粒子,阿卡拉微粒,아카라의 입자,Cząstka Akary,Частинка Акари,Deeltje van Akara,Akara Parçacığı
L_MAT_PARTICLEOFEMUS,,Particle of Emus,エミューの粒子,Partikel der Emus,Particule d'Émeus,Partícula de Emús,Partícula de Emus,Частица Эму,Particella di Emù,鴯鶓粒子,伊穆丝微粒,에뮤의 입자,Cząstka Emu,Частинка Ему,Deeltje van Emoes,Emuların Parçacığı
L_MAT_PARTICLEOFGROM'MET,,Particle of Grom'Met,グロム・メットの粒子,Partikel von Grom'Met,Particule de Grom'Met,Partícula de Grom'Met,Partícula de Grom'Met,Частица Гром'Мета,Particella di Grom'Met,葛洛姆特粒子,格罗姆梅特微粒,그롬멧의 입자,Cząstka Grom'Meta,Частинка Гром'Мета,Deeltje van Grom'Met,Grom'Met Parçacığı
L_MAT_PARTICLEOFTHANA,,Particle of Thana,タナの粒子,Partikel von Thana,Particule de Thana,Partícula de Thana,Partícula de Thana,Частица Таны,Particella di Thana,塔娜粒子,萨娜微粒,타나의 입자,Cząstka Thany,Частинка Тани,Deeltje van Thana,Thana Parçacığı
L_MAT_SIGILOFTHEANIMATION,,Sigil of the Animation,シギル・オブ・アニメーション,Siegel der Animation,Sigil de l'Animation,Sigilo de la Animación,Sigilo da Animação,Печать Анимации,Sigillo dell'Animazione,活化印記,灵体魔符,활성화의 인장,Pieczęć Animacji,Сигіл Анімації,Zegel van de Animatie,Canlandırma Mührü
L_MAT_SIGILOFTHEARBITER,,Sigil of the Arbiter,裁定者の印,Siegel des Richters,Sceau de l'Arbitre,Sello del Árbitro,Sigilo do Árbitro,Печать Арбитра,Sigillo dell'Arbitro,仲裁者之印,仲裁者魔符,심판관의 인장,Pieczęć Rozjemcy,Печатка Арбітра,Zegel van de Scheidsrechter,Hakem Mührü
L_MAT_SIGILOFTHEBEACON,,Sigil of the Beacon,標の印,Siegel des Leuchtfeuers,Sceau du Phare,Sigilo del Faro,Sigilo do Farol,Печать Маяка,Sigillo del Faro,信標徽印,信标魔符,봉화의 인장,Pieczęć Latarni,Печатка Маяка,Zegel van het Baken,Fener Mührü
L_MAT_SIGILOFTHECHERUB,,Sigil of the Cherub,ケルビムの印章,Siegel des Cherubs,Sceau du Chérubin,Sello del Querubín,Sigilo do Querubim,Печать Херувима,Sigillo del Cherubino,小天使之印記,智天使魔符,케루빔의 인장,Pieczęć Cherubina,Печатка Херувима,Zegel van de Cherubijn,Kerub Mührü
L_MAT_SIGILOFTHECHIMERA,,Sigil of the Chimera,キメラの印章,Siegel der Chimäre,Sceau de la Chimère,Sello de la Quimera,Selo da Quimera,Печать Химеры,Sigillo della Chimera,奇美拉之印,奇美拉魔符,키메라의 인장,Pieczęć Chimery,Печатка Химери,Zegel van de Chimaera,Kimera Mührü
L_MAT_SIGILOFTHECLOCKWORK,,Sigil of the Clockwork,機械仕掛けの印章,Siegel des Uhrwerks,Sceau de l'Horlogerie,Sello del Mecanismo,Sigilo do Mecanismo,Печать Часового Механизма,Sigillo dell'Orologeria,發條印記,发条机械魔符,시계태엽의 인장,Pieczęć Mechanizmu,Печатка Годинникового Механізму,Zegel van het Raderwerk,Çarkıfelek Mührü
L_MAT_SIGILOFTHEELECTROPOD,,Sigil of the Electropod,シギル・オブ・ジ・エレクトロポッド,Siegel des Elektropoden,Sceau de l'Électropode,Sello del Electrópodo,Sigilo do Eletropode,Печать Электропода,Sigillo dell'Elettropode,電水母之印記,电气荚魔符,일렉트로포드의 인장,Pieczęć Elektropoda,Печатка Електропода,Zegel van de Elektropod,Elektropod Mührü
L_MAT_SIGILOFTHEFAE,,Sigil of the Fae,フェイの印章,Siegel der Feenwesen,Sceau des Faes,Sello de las Hadas,Sigilo dos Fae,Печать Фэйри,Sigillo dei Fatati,妖精印記,仙灵魔符,요정의 인장,Pieczęć Fae,Печатка Фей,Zegel van de Fae,Peri Mührü
L_MAT_SIGILOFTHEKRAKEN,,Sigil of the Kraken,クラーケンの印章,Siegel des Kraken,Sceau du Kraken,Sello del Kraken,Sigilo do Kraken,Печать Кракена,Sigillo del Kraken,海妖封印,克拉肯魔符,크라켄의 인장,Pieczęć Krakena,Печатка Кракена,Zegel van de Kraken,Kraken Mührü
L_MAT_SIGILOFTHELUCKMANTRIA,,Sigil of the Luckmantria,シギル・オブ・ザ・ラックマントリア,Siegel der Glücksmantria,Sceau de la Chancemantria,Sigilo de la Luckmantria,Sigilo da Luckmantria,Печать Лакмантрии,Sigillo della Luckmantria,幸運螳螂之印,幸运蛾魔符,행운만트리아의 인장,Sigil Szczęściomantry,Печатка Лакмантрії,Zegel van de Geluksmantria,Talihböceği Mührü
L_MAT_SIGILOFTHEMODRON,,Sigil of the Modron,モドロンの印章,Siegel des Modron,Sceau du Modron,Sello del Modrón,Sigilo do Módron,Печать Модрона,Sigillo del Modron,模卓隆之印記,魔械魔符,모드론의 인장,Pieczęć Modrona,Печатка Модрона,Zegel van de Modron,Modron Mührü
L_MAT_SIGILOFTHEMYTHICANT,,Sigil of the Mythicant,神話の印章,Siegel des Mythikanten,Sceau du Mythicant,Sello del Miticante,Sigilo do Miticante,Печать Мификанта,Sigillo del Miticante,神秘幻境之印,神话魔符,신화의 인장,Pieczęć Mitykanta,Печатка Міфіканта,Zegel van de Mythicant,Efsanevi Mühür
L_MAT_SIGILOFTHENIHILIST,,Sigil of the Nihilist,虚無主義者の印,Siegel des Nihilisten,Sceau du Nihiliste,Sello del Nihilista,Sigilo do Niilista,Печать Нигилиста,Sigillo del Nichilista,虛無主義者之印記,虚无论者魔符,허무주의자의 인장,Pieczęć Nihilisty,Печатка Нігіліста,Zegel van de Nihilist,Hiççinin Mührü
L_MAT_SIGILOFTHENEPHILIM,,Sigil of the Nephilim,ネフィリムの印章,Siegel der Nephilim,Sceau des Néphilim,Sello de los Nefilim,Sigilo dos Nefilins,Печать Нефилима,Sigillo dei Nephilim,涅法林印記,堕落者魔符,네필림의 인장,Pieczęć Nefilimów,Печатка Нефілімів,Zegel van de Nephilim,Nefilim Mührü
L_MAT_SIGILOFTHESPELLMANE,,Sigil of the Spellmane,魔術師の印章,Siegel des Zaubermähns,Sceau du Manemage,Sello del Hechicero,Sigilo do Mago-Crina,Печать Чародейской Гривы,Sigillo dello Spellmane,法鬃印記,魔鬃兽魔符,마법갈기의 인장,Pieczęć Czarogrzywy,Печатка Чаромана,Zegel van de Toverkam,Büyücü Yelesi Mührü
L_MAT_SIGILOFTHEURALOS,,Sigil of the Uralos,ウラロスの印章,Siegel der Uralos,Sceau des Uralos,Sello de los Uralos,Sigilo dos Uralos,Печать Уралоса,Sigillo degli Uralos,烏拉洛斯之印,熊人魔符,우랄로스의 인장,Pieczęć Uralosów,Печатка Уралосу,Zegel van de Uralos,Uralos Mührü
L_MAT_SIGILOFTHEWARHOG,,Sigil of the Warhog,戦猪の印章,Siegel des Kriegsschweins,Sceau du Sanglier de Guerre,Sello del Jabalí de Guerra,Sigilo do Javali de Guerra,Печать Боевого Вепря,Sigillo del Cinghiale da Guerra,戰豬徽印,战猪魔符,전쟁멧돼지의 인장,Pieczęć Bojowego Wieprza,Печатка Бойового Кабана,Zegel van het Oorlogszwijn,Savaşdomuzu Mührü
L_MAT_RUBBERDUCKY,,Rubber Ducky,ゴム製のアヒル,Gummiente,Canard en caoutchouc,Patito de Goma,Patinho de Borracha,Резиновая уточка,Paperella di Gomma,橡膠小鴨,橡皮鸭,고무 오리,Gumowa Kaczuszka,Гумова качечка,Badeendje,Lastik Ördek
L_MAT_SKETCHPAPER,,Sketch Paper,スケッチ用紙,Skizzenpapier,Papier à croquis,Papel de Boceto,Papel de Rascunho,Эскизная бумага,Carta da Schizzo,素描紙,素描纸,스케치 종이,Papier do szkiców,Ескізний папір,Schetsblad,Taslak Kağıdı
L_MAT_HOURGLASSSAND,,Hourglass Sand,砂時計の砂,Stundenglas-Sand,Sable de Sablier,Arena de Reloj de Arena,Areia da Ampulheta,Песок Песочных Часов,Sabbia della Clessidra,沙漏之砂,沙漏之沙,모래시계 모래,Piasek Klepsydry,Пісок Пісочного Годинника,Zandloperzand,Kum Saati Kumu
L_MAT_SCEPTERPRISM,,Scepter Prism,セプターの棱晶,Zepterprismen,Prisme du Sceptre,Prisma de Cetro,Prisma do Cetro,Скипетр-Призма,Prisma dello Scettro,權杖稜鏡,权杖棱镜,홀 프리즘,Pryzmat Berła,Скіпетр-Призма,Scepterprisma,Asa Prizması
L_MAT_INKOFETERNITY,,Ink of Eternity,永遠のインク,Tinte der Ewigkeit,Encre d'Éternité,Tinta de la Eternidad,Tinta da Eternidade,Чернила Вечности,Inchiostro dell'Eternità,永恆之墨,永恒之墨,영원의 잉크,Atrament Wieczności,Чорнило Вічності,Inkt van Eeuwigheid,Sonsuzluğun Mürekkebi
L_MAT_SMALLDOLL,,Small Doll,小さな人形,Kleine Puppe,Petite Poupée,Muñeca Pequeña,Boneca Pequena,Маленькая Кукла,Bambola Piccola,小娃娃,小型人偶,작은 인형,Mała Lalka,Маленька Лялька,Kleine Pop,Küçük Bebek
L_MAT_PALEFEATHER,,Pale Feather,淡き羽,Blasse Feder,Plume Pâle,Pluma Pálida,Pena Pálida,Бледное Перо,Piuma Pallida,蒼羽,苍白羽毛,창백한 깃털,Blady Pióropusz,Бліде Перо,Bleke Veer,Soluk Tüy
L_MAT_CAPACITOR,,Capacitor,コンデンサー,Kondensator,Condensateur,Condensador,Capacitor,Конденсатор,Condensatore,電容器,电容器,축전기,Kondensator,Конденсатор,Condensator,Kapasitör
L_MAT_INDUCTOR,,Inductor,インダクター,Induktor,Inducteur,Inductor,Indutor,Индуктор,Induttore,感應器,感应器,인덕터,Induktor,Індуктор,Inductor,Endüktör
L_MAT_RESISTOR,,Resistor,レジスター,Widerstand,Résistance,Resistor,Resistor,Резистор,Resistore,電阻器,电阻器,저항자,Rezystor,Резистор,Weerstand,Direnç
L_MAT_TRANSISTOR,,Transistor,トランジスター,Transistor,Transistor,Transistor,Transistor,Транзистор,Transistor,電晶體,晶体管,트랜지스터,Tranzystor,Транзистор,Transistor,Transistor
L_MAT_DIODE,,Diode,ダイオード,Diode,Diode,Diodo,Diodo,Диод,Diodo,二極體,二极管,다이오드,Dioda,Діод,Diode,Diyot
L_MAT_TRANSFORMER,,Transformer,トランスフォーマー,Transformer,Transformateur,Transformador,Transformador,Трансформер,Trasformatore,變形金剛,变压器,변신자,Transformator,Трансформер,Transformator,Dönüştürücü
L_MAT_DECORATEDSHELL,,Decorated Shell,装飾された殻,Verzierte Muschel,Coquille Décorée,Caparazón Decorado,Concha Decorada,Украшенная ракушка,Conchiglia Decorata,裝飾貝殼,装饰甲壳,장식된 껍질,Ozdobna Muszla,Прикрашена мушля,Versierde Schelp,Süslü Kabuk
L_MAT_ANGELICHALO,,Angelic Halo,天使の光輪,Engelshalo,Halo Angélique,Halo Angelical,Auréola Angelical,Ангельский Нимб,Aureola Angelica,天使光環,天使光环,천사의 후광,Anielska Aureola,Ангельський Ореол,Engelenkrans,Melek Halesi
L_MAT_DARKCLOAK,,Dark Cloak,ダークマント,Dunkler Umhang,Cape Sombre,Capa Oscura,Manto Sombrio,Тёмный Плащ,Mantello Oscuro,暗影斗篷,暗影斗篷,어둠의 망토,Mroczny Płaszcz,Темний Плащ,Duistere Mantel,Karanlık Pelerin
L_MAT_JEWELSHELL,,Jewel Shell,宝石の殻,Juwelenmuschel,Coquille de Joyau,Caparazón de Joyas,Concha de Joia,Драгоценная Ракушка,Conchiglia Gioiello,寶石貝殼,珠光甲壳,보석 껍질,Klejnotowa Muszla,Коштовна Мушля,Juwelenschelp,Mücevher Kabuğu
L_MAT_SHARPSHELL,,Sharp Shell,鋭い殻,Scharfe Schale,Coquille Tranchante,Caparazón Afilado,Concha Afiada,Острая Ракушка,Guscio Affilato,銳利貝殼,锐利甲壳,날카로운 껍질,Ostra Skorupa,Гострий Панцир,Scherpe Schelp,Keskin Kabuk
L_MAT_GHOSTLYEAR,,Ghostly Ear,幽霊の耳,Geisterhaftes Ohr,Oreille Fantomatique,Oído Fantasmal,Orelha Fantasmagórica,Призрачное Ухо,Orecchio Spettrale,幽靈之耳,幽灵之耳,유령의 귀,Widmowe Ucho,Примарне Вухо,Spookachtig Oor,Hayaletimsi Kulak
L_MAT_LOSTSOUL,,Lost Soul,迷える魂,Verlorene Seele,Âme perdue,Alma Perdida,Alma Perdida,Потерянная Душа,Anima Perduta,迷失靈魂,迷失之魂,길 잃은 영혼,Zagubiona Dusza,Загублена Душа,Verloren Ziel,Kayıp Ruh
L_MAT_HYDRA'SSCALE,,Hydra's Scale,ヒドラの鱗,Hydra-Schuppe,Écaille d'Hydre,Escama de Hidra,Escama de Hidra,Чешуя Гидры,Scaglia d'Idra,海德拉之鱗,三头蛇鳞片,히드라의 비늘,Łuska Hydry,Луска Гідри,Hydraschub,Hidra'nın Pulu
L_MAT_AMETRINESHARD,,Ametrine Shard,アメトリンの欠片,Ametrinscherbe,Éclat d'Amétrine,Fragmento de Ametrino,Fragmento de Ametrina,Осколок аметрина,Frammento di Ametrino,紫黃晶碎片,紫黄晶碎片,애머트린 파편,Odłamek Ametrynu,Аметриновий уламок,Ametrijn Scherf,Ametrin Parçası
L_MAT_NOX'SSTAFF,,Nox's Staff,ノックスの杖,Nox' Stab,Bâton de Nox,Bastón de Nox,Cajado de Nox,Посох Нокса,Bastone di Nox,諾克斯之杖,诺克斯之杖,녹스의 지팡이,Kostur Noxa,Посох Нокса,Staf van Nox,Nox'un Asası
L_MAT_ROTTINGANTLER,,Rotting Antler,腐りかけた枝角,Verrottetes Geweih,Bois de Cerf Pourri,Asta Putrefacta,Chifre Apodrecido,Гнилой Рог,Corno Marcescente,腐朽鹿角,腐朽鹿角,썩어가는 뿔,Gnijące Poroże,Гнилий Ріг,Rottend Gewei,Çürüyen Geyik Boynuzu
L_MAT_REAVER'SSKULL,,Reaver's Skull,リーヴァーの頭蓋骨,Schädel des Plünderers,Crâne du Faucheur,Cráneo del Saqueador,Crânio do Saqueador,Череп Разорителя,Teschio del Predone,掠奪者頭骨,掠夺者的头骨,약탈자의 두개골,Czaszka Grabieżcy,Череп Розбійника,Schedel van de Plunderaar,Biçici'nin Kafatası
L_MAT_CLAWTAILPARASITE,,Clawtail Parasite,クロウテイル・パラサイト,Klauenschwanz-Parasit,Parasite Griffequeue,Parásito Colagarra,Parasita Rabo-de-Garra,Паразит-Когтехвост,Parassita Codaartiglio,爪尾寄生蟲,爪尾寄生虫,발톱꼬리 기생충,Pasożyt Szponiastego Ogona,Паразит-Кігтехвіст,Klauwstaartparasiet,Pençekuyruk Parazit
L_MAT_OLDWORLDMICROBE,,Old World Microbe,旧世界の微生物,Mikrobe der Alten Welt,Microbe de l'Ancien Monde,Microbio del Viejo Mundo,Micróbio do Velho Mundo,Микроб Старого Мира,Microbo del Vecchio Mondo,古代微生物,旧世界微生物,구세계 미생물,Mikrob Starego Świata,Мікроб Старого Світу,Oudwereldmicrobe,Eski Dünya Mikrobu
L_MAT_ALCHEMICALCATALYST,,Alchemical Catalyst,錬金触媒,Alchemistischer Katalysator,Catalyseur Alchimique,Catalizador Alquímico,Catalisador Alquímico,Алхимический катализатор,Catalizzatore Alchemico,鍊金觸媒,炼金催化剂,연금술 촉매,Katalizator Alchemiczny,Алхімічний каталізатор,Alchemistische Katalysator,Simyasal Katalizör
L_MAT_LIZARDWIZARD'STOME,,Lizard Wizard's Tome,トカゲの魔術師の書,Wälzer des Eidechsenzauberers,Tome du Sorcier Lézard,Tomo del Mago Lagarto,Tomo do Mago Lagarto,Том Ящера-Волшебника,Tomo del Mago Lucertola,蜥蜴巫師之典籍,蜥蜴巫师的典籍,도마뱀 마법사의 서책,Księga Jaszczurzego Czarodzieja,Том Чарівника-Ящера,Toverboek van de Hagedistovenaar,Kertenkele Büyücüsünün Kitabı
L_MAT_PUFFERFISHSPIKE,,Pufferfish Spike,フグのトゲ,Kugelfischstachel,Épine de Poisson-globe,Púa de Pez Globo,Espinho de Baiacu,Шип рыбы-фугу,Spina di Pesce Palla,河豚刺,河豚刺,복어 가시,Kolec Rozdymki,Шип Риби-Фугу,Kogelvisstekel,Balon Balığı Dikeni
L_MAT_BLACKEAR,,Black Ear,黒耳,Schwarzohr,Oreille Noire,Oreja Negra,Orelha Negra,Чёрное Ухо,Orecchio Nero,黑耳,黑耳,검은 귀,Czarne Ucho,Чорне Вухо,Zwart Oor,Kara Kulak
L_MAT_VOIDBORNECRYSTALSCRAPS,,Voidborne Crystal Scraps,虚無生まれの水晶の欠片,Leere-Kristallsplitter,Débris de Cristal Néantique,Fragmentos de Cristal Nacido del Vacío,Fragmentos de Cristal Nascido do Vazio,Обломки Кристалла Пустоты,Frammenti di Cristallo Natovuoto,虛空晶石碎片,虚空水晶碎片,공허태생 수정 파편,Odłamki Kryształu Zrodzonego z Pustki,Уламки Кристалу Пустоти,Leegtekristal Scherven,Boşlukdoğan Kristal Parçaları
L_MAT_EYEOFTHESTORM,,Eye of the Storm,嵐の目,Auge des Sturms,Œil de la Tempête,Ojo de la Tormenta,Olho da Tempestade,Око Бури,Occhio della Tempesta,風暴之眼,风暴之眼,폭풍의 눈,Oko Burzy,Око Бурі,Oog van de Storm,Fırtınanın Gözü
L_MAT_PUREDRAGONBLOOD,,Pure Dragon Blood,純粋な竜の血,Reines Drachenblut,Sang de Dragon Pur,Sangre de Dragón Pura,Sangue de Dragão Puro,Чистая Драконья Кровь,Sangue di Drago Puro,純龍之血,纯净龙血,순수한 용의 피,Czysta Smocza Krew,Чиста Драконяча Кров,Puur Drakenbloed,Saf Ejderha Kanı
L_MAT_KOBOLD'SGUIDEBOOK,,Kobold's Guidebook,コボルドの手引書,Kobold-Handbuch,Manuel du Kobold,Manual del Kobold,Guia do Kobold,Руководство Кобольда,Manuale del Coboldo,狗頭人指南,狗头人指南,코볼드의 안내서,Podręcznik Kobolda,Довідник Кобольда,Kobold's Handboek,Kobold'un Rehberi
L_MAT_BURIALGIFT,,Burial Gift,埋葬の贈り物,Grabgeschenk,Cadeau Funéraire,Regalo Funerario,Presente Fúnebre,Погребальный Дар,Dono Funebre,埋葬禮物,葬礼之礼,매장 선물,Dar Pogrzebowy,Поховальний Дар,Grafgeschenk,Defin Hediyesi
L_MAT_SINISTERENERGY,,Sinister Energy,邪悪なエネルギー,Finstere Energie,Énergie Sinistre,Energía Siniestra,Energia Sinistra,Зловещая Энергия,Energia Sinistra,邪惡能量,邪恶能量,사악한 에너지,Złowroga Energia,Зловісна Енергія,Duistere Energie,Uğursuz Enerji
L_MAT_BLAZINGENERGY,,Blazing Energy,燃え盛るエネルギー,Lodernde Energie,Énergie Flamboyante,Energía Ardiente,Energia Ardente,Пылающая Энергия,Energia Ardente,熾烈能量,烈焰能量,맹렬한 에너지,Płomienna Energia,Палаюча Енергія,Vlammende Energie,Yakıcı Enerji
L_MAT_CELESTINEENERGY,,Celestine Energy,セレスティンエネルギー,Himmlische Energie,Énergie Célestine,Energía Celestina,Energia Celestial,Энергия Селестина,Energia Celestina,天輝能量,天界能量,셀레스틴 에너지,Energia Celestyny,Енергія Селестини,Hemelse Energie,Göksel Enerji
L_MAT_FLORALENERGY,,Floral Energy,フローラルエナジー,Blumenenergie,Énergie Florale,Energía Floral,Energia Floral,Цветочная Энергия,Energia Floreale,花卉能量,花卉能量,꽃의 에너지,Energia Kwiatowa,Квіткова Енергія,Bloemenenergie,Çiçek Enerjisi
L_MAT_NEGATIVEENERGY,,Negative Energy,ネガティブエネルギー,Negative Energie,Énergie négative,Energía Negativa,Energia Negativa,Негативная энергия,Energia Negativa,負能量,负面能量,부정적 에너지,Energia Negatywna,Негативна Енергія,Negatieve Energie,Negatif Enerji
L_MAT_RADIANTENERGY,,Radiant Energy,光輝エネルギー,Strahlende Energie,Énergie Radieuse,Energía Radiante,Energia Radiante,Лучистая Энергия,Energia Radiante,光輝能量,耀光能量,빛나는 에너지,Promienna Energia,Променева Енергія,Stralende Energie,Işıldayan Enerji
L_MAT_JUNKYARDSCRAP,,Junkyard Scrap,ジャンクヤードの廃品,Schrottplatz-Abfall,Ferraille de Décharge,Chatarra del Vertedero,Sucata do Ferro-velho,Хлам со Свалки,Rottame da Discarica,廢棄場廢料,废品场废料,고물상 고철,Złom ze Złomowiska,Брухт зі Звалища,Schroothoop Afval,Hurdalık Hurdası
L_MAT_BIOSCRAP,,Bio Scrap,バイオスクラップ,Bio-Schrott,Bio Ferraille,Bio Chatarra,Sucata Biológica,Био-хлам,Bio Scarto,生物廢料,生物废料,바이오 스크랩,Bio Złom,Біовідходи,Bio Afval,Biyo Hurda
L_MAT_DULLSCRAP,,Dull Scrap,鈍い屑,Stumpfer Schrott,Débris Terne,Chatarra Opaca,Sucata Sem Brilho,Тусклый Лом,Rottame Opaco,鈍重廢料,钝化废料,무딘 고철,Tępy Złom,Тьмяний брухт,Doffe Schroot,Donuk Hurda
L_MAT_ENCHANTEDSCRAP,,Enchanted Scrap,エンチャントされた屑,Verzauberter Schrott,Débris Enchanté,Chatarra Encantada,Sucata Encantada,Зачарованный Лом,Rottame Incantato,魔化碎片,附魔废料,마법의 고철,Zaczarowany Złom,Зачарований Брухт,Betoverd Schroot,Büyülü Hurda
L_MAT_SENTRYSCRAP,,Sentry Scrap,センチネルの残骸,Wachposten-Schrott,Ferraille de Sentinelle,Chatarra de Centinela,Sucata de Sentinela,Обломки Часового,Rottame di Sentinella,哨兵廢料,哨兵废料,보초 고철,Złom Strażniczy,Брухт Вартового,Wachtersschroot,Nöbetçi Hurda
L_MAT_SHIELDSCRAP,,Shield Scrap,シールドスクラップ,Schildschrott,Débris de bouclier,Chatarra de Escudo,Sucata de Escudo,Обломок щита,Rottame di Scudo,盾牌碎片,护盾废料,방패 파편,Złom Tarczowy,Уламок щита,Schildschroot,Kalkan Hurda
L_MAT_SIGILOFTHEGODSPAWN,,Sigil of the Godspawn,神の落とし子の印,Siegel des Gottgeborenen,Sceau de l'Enfant-Divin,Sello del Vástago Divino,Sigilo do Progênie Divina,Печать Богорожденного,Sigillo del Progenie Divina,神裔之印,神裔魔符,신의 자손의 인장,Pieczęć Bożego Potomka,Печатка Богонародженого,Zegel van het Godskind,Tanrısoyu Mührü
L_MAT_NEURALATTACKIMPLANT,,Neural Attack Implant,ニューラル攻撃インプラント,Neuraler Angriffsimplantat,Implant d'Attaque Neurale,Implante de Ataque Neural,Implante de Ataque Neural,Нейронный Атакующий Имплант,Impianto di Attacco Neurale,神經攻擊植入物,神经攻击植入物,신경 공격 임플란트,Implant Ataku Neuronowego,Нейронний Атакуючий Імплант,Neuraal Aanvalsimplantaat,Sinirsel Saldırı İmplantı
L_MAT_NEURALDEFENSEIMPLANT,,Neural Defense Implant,ニューラル防御インプラント,Neurales Verteidigungsimplantat,Implant de Défense Neurale,Implante de Defensa Neural,Implante de Defesa Neural,Нейронный защитный имплант,Impianto di Difesa Neurale,神經防禦植入物,神经防御植入物,신경 방어 임플란트,Neuronowy Implant Obronny,Нейронний Захисний Імплант,Neuraal Verdedigingsimplantaat,Nöral Savunma İmplantı
L_MAT_NEURALHIVENETWORKIMPLANT,,Neural Hive Network Implant,ニューラル・ハイヴ・ネットワーク・インプラント,Neurales Schwarmnetwerk-Implantat,Implant de Réseau Neuronal en Ruche,Implante de Red Neuronal de Colmena,Implante de Rede Neural em Colmeia,Имплант Нейронной Сетевой Системы,Impianto di Rete Neurale Alveare,神經蜂巢網路植入物,神经蜂巢网络植入物,신경 집단망 임플란트,Implant Neuronowej Sieci Rojowej,Нейронний Імплант Вуликової Мережі,Neuraal Zwermnetwerk Implantaat,Sinirsel Kovan Ağı İmplantı
L_MAT_NEURALHEALTHIMPLANT,,Neural Health Implant,ニューラル・ヘルス・インプラント,Neuraler Gesundheitsimplantat,Implant de Santé Neuronal,Implante Neural de Salud,Implante Neural de Saúde,Нейронный имплант здоровья,Impianto Neurale per la Salute,神經健康植入物,神经生命值植入物,신경 건강 임플란트,Neuronowy Implant Zdrowotny,Нейронний імплант здоров'я,Neuraal Gezondheidsimplantaat,Sinirsel Sağlık İmplantı
L_MAT_NEURALINTELLIGENCEIMPLANT,,Neural Intelligence Implant,ニューラル・インテリジェンス・インプラント,Neurales Intelligenz-Implantat,Implant d'Intelligence Neurale,Implante de Inteligencia Neural,Implante de Inteligência Neural,Нейронный Имплант Интеллекта,Impianto di Intelligenza Neurale,神經智能植入物,神经智力植入物,신경 지능 임플란트,Neuronowy Implant Inteligencji,Нейронний Імплант Інтелекту,Neuraal Intelligentie Implantaat,Nöral Zeka İmplantı
L_MAT_NEURALSPEEDIMPLANT,,Neural Speed Implant,ニューラル・スピード・インプラント,Neurales Geschwindigkeitsimplantat,Implant de Vitesse Neurale,Implante de Velocidad Neural,Implante de Velocidade Neural,Нейронный Имплант Скорости,Impianto di Velocità Neurale,神經速度植入物,神经速度植入物,신경 속도 임플란트,Implant Neuronowego Przyspieszenia,Нейронний імплант швидкості,Neuraal Snelheidsimplantaat,Nöral Hız İmplantı
L_MAT_VITALSCALES,,Vital Scales,バイタルスケール,Lebenswichtige Schuppen,Écailles Vitales,Escamas Vitales,Escamas Vitais,Жизненные Весы,Scaglie Vitali,生命之鱗,生命鳞片,생명의 비늘,Łuski Życia,Життєві Ваги,Vitale Schalen,Yaşamsal Pullar
L_MAT_EMOTINGSCALES,,Emoting Scales,感情表現スケール,Ausdrucksstarke Schuppen,Écailles d'Émotion,Escalas de Emoción,Escalas de Emoção,Эмоциональные Весы,Scale Emotive,情緒量表,情绪鳞片,감정 표현 스케일,Skale Emocji,Емоційні Ваги,Emotionele Schalen,Duygu Ölçekleri
L_MAT_BRAINYSCALES,,Brainy Scales,ブレイニー・スケールズ,Schlaue Schuppen,Écailles Astucieuses,Escamas Cerebrales,Escamas Cerebrais,Мозговитая Чешуя,Scaglie Intelligenti,聰慧鱗片,脑力鳞片,영리한 비늘,Mądre Łuski,Розумна Луска,Slimme Schubben,Akıllı Pullar
L_MAT_DURABLESCALES,,Durable Scales,頑丈な鱗,Widerstandsfähige Schuppen,Écailles Durables,Escamas Duraderas,Escamas Duráveis,Прочная Чешуя,Scaglie Resistenti,堅固鱗片,坚固鳞片,튼튼한 비늘,Wytrzymałe Łuski,Міцна Луска,Duurzame Schubben,Dayanıklı Pullar
L_MAT_SWIFTSCALES,,Swift Scales,迅速な鱗,Flinke Schuppen,Écailles Rapides,Escamas Veloces,Escamas Velozes,Быстрая Чешуя,Squame Veloci,迅捷鱗片,迅捷鳞片,신속한 비늘,Szybkie Łuski,Швидка Луска,Snelle Schubben,Çevik Pullar
L_MAT_SCALYSCALES,,Scaly Scales,鱗の鱗,Schuppige Schuppen,Écailles Écailleuses,Escamas Escamosas,Escamas Escamosas,Чешуйчатая Чешуя,Squame Squamose,鱗片秤,鳞状鳞片,비늘 저울,Łuskowate Łuski,Лускаті Луски,Geschubde Schubben,Pullu Pullar
L_MAT_ARCANESTAFF,,Arcane Staff,アルケインスタッフ,Arkaner Stab,Bâton Arcanique,Bastón Arcano,Cajado Arcano,Магический Посох,Bastone Arcano,奧術法杖,奥术法杖,비전 지팡이,Magiczna Laska,Магічний Посох,Arcane Staf,Büyülü Asa
L_MAT_TORNCARDACE,,Torn Card (Ace),破れたカード（エース）,Zerrissene Karte (Ass),Carte Déchirée (As),Carta Rota (As),Carta Rasgada (Ás),Порванная карта (Туз),Carta Strappata (Asso),破損的卡牌（A）,破损卡牌（Ace）,찢어진 카드 (에이스),Podarta Karta (As),Розірвана карта (туз),Gescheurde Kaart (Aas),Yırtık Kart (As)
L_MAT_TORNCARDCLUB,,Torn Card (Club),破れたカード（クラブ）,Zerrissene Karte (Kreuz),Carte Déchirée (Trèfle),Carta Rota (Trébol),Carta Rasgada (Paus),Рваная карта (Трефы),Carta Strappata (Fiori),破損的卡牌（梅花）,破损卡牌（梅花）,찢어진 카드 (클럽),Podarta Karta (Trefl),Розірвана карта (Трефа),Gescheurde Kaart (Klaver),Yırtık Kart (Sinek)
L_MAT_TORNCARDDIAMOND,,Torn Card (Diamond),破れたカード（ダイヤ）,Zerrissene Karte (Karo),Carte Déchirée (Carreau),Carta Rota (Diamante),Carta Rasgada (Diamante),Порванная карта (бубны),Carta Strappata (Quadri),破損的卡片（方塊）,破损卡牌（方块）,찢어진 카드 (다이아몬드),Podarta Karta (Karo),Розірвана карта (Бубни),Gescheurde Kaart (Ruiten),Yırtık Kart (Karo)
L_MAT_TORNCARDHEART,,Torn Card (Heart),破れたカード（ハート）,Zerrissene Karte (Herz),Carte Déchirée (Cœur),Carta Rota (Corazón),Carta Rasgada (Coração),Порванная карта (Черви),Carta Strappata (Cuore),破損的卡片（紅心）,破损卡牌（红心）,찢어진 카드 (하트),Podarta Karta (Serce),Розірвана карта (Чирва),Gescheurde Kaart (Hart),Yırtık Kart (Kupa)
L_MAT_TORNCARDJOKER,,Torn Card (Joker),破れたカード（ジョーカー）,Zerrissene Karte (Joker),Carte Déchirée (Joker),Carta Rasgada (Joker),Carta Rasgada (Coringa),Порванная карта (Джокер),Carta Strappata (Joker),破損的牌卡（鬼牌）,破损卡牌（王版）,찢어진 카드 (조커),Podarta Karta (Joker),Розірвана карта (Джокер),Gescheurde Kaart (Joker),Yırtık Kart (Joker)
L_MAT_TORNCARDSPADE,,Torn Card (Spade),破れたカード（スペード）,Zerrissene Karte (Pik),Carte Déchirée (Pique),Carta Rasgada (Pica),Carta Rasgada (Espadas),Порванная карта (пики),Carta Strappata (Picche),破損的撲克牌（黑桃）,破损卡牌（黑桃）,찢어진 카드 (스페이드),Podarta Karta (Pik),Розірвана карта (піка),Gescheurde Kaart (Schoppen),Yırtık Kart (Maça)
L_MAT_BATTEREDSHIELD,,Battered Shield,ボロボロの盾,Ramponierter Schild,Bouclier Abîmé,Escudo Abollado,Escudo Desgastado,Потрёпанный щит,Scudo Malconcio,破損的盾牌,破损盾牌,낡은 방패,Zniszczona Tarcza,Пошарпаний щит,Gehavend Schild,Hırpalanmış Kalkan
L_MAT_PRIMITIVESPEAR,,Primitive Spear,原始の槍,Primitive Speer,Lance primitive,Lanza Primitiva,Lança Primitiva,Примитивное Копьё,Lancia Primitiva,原始長矛,原始长矛,원시 창,Prymitywna Włócznia,Примітивний спис,Primitieve Speer,İlkel Mızrak
L_MAT_BLOODSTAINEDCLAW,,Bloodstained Claw,血染めの爪,Blutbefleckte Klaue,Griffe Ensanglantée,Garra Ensangrentada,Garra Ensanguentada,Окровавленный Коготь,Artiglio Insanguinato,血染之爪,血染熊爪,피묻은 발톱,Zakrwawiony Szpon,Закривавлений Кіготь,Bebloed Klauw,Kanlı Pençe
L_MAT_ENVENOMEDDAGGER,,Envenomed Dagger,毒を塗った短剣,Vergifteter Dolch,Dague Empoisonnée,Daga Envenenada,Adaga Envenenada,Отравленный кинжал,Pugnale Avvelenato,淬毒匕首,淬毒小刀,독 묻은 단검,Zatruty Sztylet,Отруєний кинджал,Vergiftigde Dolk,Zehirli Hançer
L_MAT_UNIDENTIFIEDFLASK,,Unidentified Flask,正体不明のフラスコ,Unbekannte Flasche,Flacon non identifié,Frasco no identificado,Frasco Não Identificado,Неопознанная фляга,Fiala Non Identificata,未辨識的藥瓶,未鉴定的药瓶,정체불명의 플라스크,Nieznana Flaszka,Невідома Колба,Ongeïdentificeerde Fles,Tanımlanamayan Şişe
L_MAT_COMPLICATEDRECIPE,,Complicated Recipe,複雑なレシピ,Kompliziertes Rezept,Recette Compliquée,Receta Complicada,Receita Complicada,Сложный рецепт,Ricetta Complicata,複雜的配方,复杂配方,복잡한 레시피,Skomplikowany Przepis,Складний рецепт,Ingewikkeld Recept,Karmaşık Tarif
L_MAT_FORBIDDENRECIPE,,Forbidden Recipe,禁断のレシピ,Verbotenes Rezept,Recette Interdite,Receta Prohibida,Receita Proibida,Запретный Рецепт,Ricetta Proibita,禁忌配方,禁忌配方,금지된 레시피,Zakazana Receptura,Заборонений рецепт,Verboden Recept,Yasak Tarif
L_MAT_HIDDENRECIPE,,Hidden Recipe,隠しレシピ,Verborgenes Rezept,Recette Cachée,Receta Oculta,Receita Oculta,Скрытый рецепт,Ricetta Nascosta,隱藏配方,隐秘配方,숨겨진 레시피,Ukryty Przepis,Прихований рецепт,Verborgen Recept,Gizli Tarif
L_MAT_IMPOSSIBLERECIPE,,Impossible Recipe,不可能なレシピ,Unmögliches Rezept,Recette Impossible,Receta Imposible,Receita Impossível,Невозможный Рецепт,Ricetta Impossibile,不可能的配方,不可能的配方,불가능한 레시피,Niemożliwa Receptura,Неможливий Рецепт,Onmogelijk Recept,İmkansız Tarif
L_MAT_NATURALRECIPE,,Natural Recipe,ナチュラルレシピ,Natürliches Rezept,Recette Naturelle,Receta Natural,Receita Natural,Природный Рецепт,Ricetta Naturale,自然配方,自然配方,자연의 조리법,Naturalny Przepis,Природний Рецепт,Natuurlijk Recept,Doğal Tarif
L_MAT_ORTHODOXRECIPE,,Orthodox Recipe,正統派レシピ,Orthodoxes Rezept,Recette Orthodoxe,Receta Ortodoxa,Receita Ortodoxa,Ортодоксальный Рецепт,Ricetta Ortodossa,正統配方,正统配方,정통 레시피,Przepis Ortodoksyjny,Православний рецепт,Orthodoxe Recept,Ortodoks Tarifi
L_MAT_BLUESHACKLE,,Blue Shackle,青い枷,Blaue Fessel,Entraves Bleues,Grillete Azul,Grilhão Azul,Синие Оковы,Catena Blu,藍色鐐銬,蓝色镣铐,푸른 족쇄,Niebieskie Kajdany,Сині Кайдани,Blauwe Boei,Mavi Pranga
L_MAT_GREENSHACKLE,,Green Shackle,緑の枷,Grüne Fessel,Entraves Vertes,Grillete Verde,Grilhão Verde,Зеленые Оковы,Vincolo Verde,綠色鐐銬,绿色镣铐,녹색 족쇄,Zielone Okowy,Зелені Кайдани,Groene Boei,Yeşil Pranga
L_MAT_PURPLESHACKLE,,Purple Shackle,紫の枷,Violette Fessel,Entraves Violettes,Grillete Púrpura,Grilhão Púrpura,Пурпурные Оковы,Ceppo Viola,紫色鐐銬,紫色镣铐,보라색 족쇄,Purpurowe Kajdany,Фіолетові Кайдани,Paarse Boei,Mor Pranga
L_MAT_REDSHACKLE,,Red Shackle,赤い枷,Rote Fessel,Entraves Rouges,Grillete Rojo,Grilhão Vermelho,Красные Оковы,Catena Rossa,赤色鐐銬,红色镣铐,붉은 족쇄,Czerwone Kajdany,Червоні Кайдани,Rode Boei,Kızıl Pranga
L_MAT_SILVERSHACKLE,,Silver Shackle,銀の枷,Silberne Fessel,Entraves d'Argent,Grillete de Plata,Grilhão de Prata,Серебряные Оковы,Catena d'Argento,銀鐐,银色镣铐,은빛 족쇄,Srebrne Kajdany,Срібні Кайдани,Zilveren Boei,Gümüş Kelepçe
L_MAT_YELLOWSHACKLE,,Yellow Shackle,黄色の枷,Gelbe Fessel,Entraves Jaunes,Grillete Amarillo,Grilhão Amarelo,Желтые Оковы,Catena Gialla,黃色枷鎖,黄色镣铐,노란 족쇄,Żółte Kajdany,Жовті Кайдани,Gele Boei,Sarı Pranga
L_MAT_RIMEPELT,,Rime Pelt,霜の毛皮,Reifpelz,Peau Givrée,Piel de Escarcha,Pelagem Gélida,Морозная Шкура,Pelliccia di Brina,霜皮,霜毛皮,서리 모피,Szronowa Skóra,Крижана Шкура,Rijmvacht,Kırağı Postu
L_MAT_ASHENPELT,,Ashen Pelt,灰色の毛皮,Aschenfell,Pelage Cendré,Pelaje Ceniciento,Pelagem Cinzenta,Пепельная Шкура,Pelliccia Cinerea,灰燼皮毛,灰毛皮,잿빛 모피,Popielate Futro,Попелястий Хутряний Покрив,Asgrauwe Vacht,Kül Rengi Post
L_MAT_VOLTAICPELT,,Voltaic Pelt,ボルテック・ペルト,Elektrisierende Haut,Pelage Voltaïque,Pelaje Voltaico,Pelagem Voltaica,Наэлектризованная Шкура,Pelliccia Voltaica,電光毛皮,电毛皮,전기 모피,Woltowa Skóra,Наелектризована Шкура,Elektrische Vacht,Elektrikli Post
L_MAT_VENOMOUSPELT,,Venomous Pelt,毒皮,Giftiger Pelz,Peau Venimeuse,Piel Venenosa,Pelagem Venenosa,Ядовитая Шкура,Pelliccia Velenosa,毒皮,毒毛皮,독성 가죽,Jadowita Skóra,Отруйна Шкура,Giftige Vacht,Zehirli Post
L_MAT_DRYPELT,,Dry Pelt,乾燥した毛皮,Trockenes Fell,Peau Sèche,Pellejo Seco,Pelego Seco,Сухая Шкура,Pelliccia Secca,乾燥獸皮,干毛皮,마른 가죽,Sucha Skóra,Сухе хутро,Droge Vacht,Kuru Post
L_MAT_CLOUDYPELT,,Cloudy Pelt,曇り毛皮,Wolkenfell,Pelage Nuageux,Pelaje Nuboso,Pelagem Nebulosa,Облачная Шкура,Pelliccia Nuvolosa,雲紋皮毛,云毛皮,흐린 모피,Mgliste Futro,Хмарна Шкура,Wolkige Vacht,Bulutsu Post
L_MAT_ARMOREDTUSK,,Armored Tusk,装甲牙獣,Gepanzerter Stoßzahn,Défense Blindée,Colmillo Blindado,Presa Blindada,Бронированный Клык,Zanna Corazzata,裝甲獠牙,装甲长牙,갑옷 엄니,Opancerzony Kieł,Броньований Ікло,Gepantserde Slagtand,Zırhlı Dişler
L_MAT_BALEFULTUSK,,Baleful Tusk,凶悪な牙,Unheilvoller Stoßzahn,Défense Sinistre,Colmillo Funesto,Presa Funesta,Зловещий Клык,Zanna Funesta,凶惡獠牙,凶恶长牙,불길한 엄니,Złowieszczy Kieł,Зловісний Бивень,Onheilspellende Slagtand,Uğursuz Azıdişi
L_MAT_BLADEDTUSK,,Bladed Tusk,刃牙,Klingenhauer,Défense Tranchante,Colmillo Afilado,Presa Laminada,Клыкастый Клинок,Zanna Affilata,刃牙獠牙,利刃长牙,칼날 엄니,Kieł Ostrza,Клинковий Ікло,Gekartelde Slagtand,Bıçaklı Diş
L_MAT_CORRODEDTUSK,,Corroded Tusk,腐食した牙,Verrosteter Stoßzahn,Défense Corrodée,Colmillo Corroído,Presa Corroída,Ржавый Клык,Zanna Corrosa,腐蝕獠牙,腐蚀长牙,부식된 엄니,Skorodowany Kieł,Іржавий Бивень,Gecorrodeerde Slagtand,Paslanmış Diş
L_MAT_GOLDTUSK,,Gold Tusk,金牙,Goldstoßzahn,Défense d'Or,Colmillo Dorado,Presa Dourada,Золотой Клык,Zanna d'Oro,金牙,金色长牙,황금 엄니,Złoty Kieł,Золоте Ікло,Gouden Slagtand,Altın Diş
L_MAT_RUNICTUSK,,Runic Tusk,ルーン牙,Runenhauer,Défense Runique,Colmillo Rúnico,Presa Rúnica,Рунический Клык,Zanna Runica,符文獠牙,符文长牙,룬 엄니,Runiczny Kieł,Рунічне Ікло,Runentand,Runik Diş
L_MAT_STOICTHREADOFFATE,,Stoic Thread of Fate,運命の禁欲的な糸,Stoischer Schicksalsfaden,Fil Stoïque du Destin,Hilo Estoico del Destino,Fio Estoico do Destino,Стоическая Нить Судьбы,Filo Stoico del Destino,命運的堅毅之線,隐忍命运之线,운명의 금욕적 실,Stoicki Wątek Przeznaczenia,Стоїчна Нитка Долі,Stoïsche Draad van het Lot,Yazgının Vakur İpliği
L_MAT_ARCANETHREADOFFATE,,Arcane Thread of Fate,運命の秘術の糸,Arkaner Schicksalsfaden,Fil Arcanique du Destin,Hilo Arcano del Destino,Fio Arcano do Destino,Тайная Нить Судьбы,Filo Arcano del Destino,神秘命運之線,奥术命运之线,신비한 운명의 실,Tajemnicza Nić Przeznaczenia,Таємнича Нитка Долі,Mystieke Draad van het Lot,Kaderin Gizemli İpliği
L_MAT_NOBLETHREADOFFATE,,Noble Thread of Fate,運命の高貴な糸,Edler Schicksalsfaden,Fil Noble du Destin,Hilo Noble del Destino,Nobre Fio do Destino,Благородная Нить Судьбы,Nobile Filo del Destino,命運的高貴絲線,贵族命运之线,고귀한 운명의 실,Szlachetna Nić Przeznaczenia,Благородна Нитка Долі,Edele Draad van het Lot,Asil Kader İpliği
L_MAT_VIOLENTTHREADOFFATE,,Violent Thread of Fate,運命の暴力の糸,Gewaltsamer Schicksalsfaden,Fil Violent du Destin,Hilo Violento del Destino,Fio Violento do Destino,Жестокая Нить Судьбы,Filo Violento del Destino,命運的暴烈絲線,暴烈命运之线,폭력적인 운명의 실,Gwałtowna Nić Przeznaczenia,Жорстока Нитка Долі,Gewelddadige Draad van het Lot,Kaderin Şiddetli İpliği
L_MAT_VOLATILETHREADOFFATE,,Volatile Thread of Fate,不安定な運命の糸,Flüchtiger Schicksalsfaden,Fil Volatile du Destin,Hilo Volátil del Destino,Fio Volátil do Destino,Непостоянная Нить Судьбы,Filo Volatile del Destino,變幻莫測的命運之線,动荡命运之线,불안정한 운명의 실,Niestabilna Nić Przeznaczenia,Мінливий Потік Долі,Vluchtige Draad van het Lot,Değişken Kader İpi
L_MAT_DEVOTEDTHREADOFFATE,,Devoted Thread of Fate,運命の献身の糸,Geweihter Faden des Schicksals,Fil Dévoué du Destin,Hilo Devoto del Destino,Fio Devoto do Destino,Нить Судьбы Преданного,Filo Devoto del Destino,命運的虔誠之線,虔诚命运之线,운명의 헌신적인 실,Oddana Nić Przeznaczenia,Відданий Потік Долі,Toegewijde Draad van het Lot,Kaderin Adanmış İpliği
L_MAT_CREEPYSUCKER,,Creepy Sucker,不気味な吸血鬼,Gruseliger Sauger,Suceur Sinistre,Chupador Espeluznante,Sugador Sinistro,Жуткий Кровосос,Succhiatore Inquietante,詭異吸血鬼,诡异吸盘,기괴한 흡혈자,Upiorny Ssak,Моторошний Смоктун,Griezelige Zuiger,Ürkütücü Emici
L_MAT_DREADFULSUCKER,,Dreadful Sucker,恐ろしい吸血鬼,Schrecklicher Sauger,Suceur Effroyable,Succionador Terrible,Sugador Terrível,Жуткий Кровопийца,Succhiatore Terrificante,恐怖吸血鬼,恐怖吸盘,끔찍한 흡혈자,Straszliwy Pijawka,Жахливий Кровопивця,Vreselijke Zuiger,Korkunç Emici
L_MAT_GHASTLYSUCKER,,Ghastly Sucker,恐ろしい吸血鬼,Grausiger Sauger,Suceur Sinistre,Succionador Espectral,Sugador Fantasmagórico,Жуткий Кровосос,Succhiatore Spettrale,恐怖吸血鬼,苍白吸盘,섬뜩한 흡혈자,Upiorny Ssak,Моторошний Смоктун,Griezelige Zuiger,Korkunç Emici
L_MAT_GROSSSUCKER,,Gross Sucker,グロス・サッカー,Ekelhafter Sauger,Suceur Répugnant,Chupador Asqueroso,Sugador Nojento,Мерзкий Сосун,Succhiatore Ripugnante,噁心吸血鬼,恶心吸盘,역겨운 흡혈자,Obrzydliwy Ssak,Огидний Смоктун,Vieze Zuiger,İğrenç Emici
L_MAT_HIDEOUSSUCKER,,Hideous Sucker,醜悪な吸引者,Widerlicher Sauger,Suceur Hideux,Chupador Horrendo,Sugador Hediondo,Мерзкий Кровосос,Succhiatore Ripugnante,醜陋吸血怪,丑陋吸盘,흉측한 흡혈자,Ohydny Ssak,Огидний Смоктун,Afzichtelijke Zuiger,İğrenç Emici
L_MAT_REPULSIVESUCKER,,Repulsive Sucker,忌まわしい吸盤,Abstoßender Sauger,Ventouse Répugnante,Ventosa Repulsiva,Ventosa Repulsiva,Отвратительный Присосок,Ventosa Ripugnante,噁心吸盤,可憎吸盘,역겨운 빨판,Obrzydliwy Ssak,Огидний Присосок,Weerzinwekkende Zuiger,İğrenç Emici
L_MAT_TYRANT'SLANTERN,,Tyrant's Lantern,暴君の灯火,Tyrannenlaterne,Lanterne du Tyran,Linterna del Tirano,Lanterna do Tirano,Фонарь Тирана,Lanterna del Tiranno,暴君之燈,暴君灯笼,폭군의 등불,Latarnia Tyrana,Ліхтар Тирана,Lantaarn van de Tiran,Tiran'ın Feneri
L_MAT_STOIC'SLANTERN,,Stoic's Lantern,禁欲者の灯火,Laterne des Stoikers,Lanterne du Stoïque,Linterna del Estoico,Lanterna do Estoico,Фонарь Стоика,Lanterna dello Stoico,堅忍者的燈籠,隐忍灯笼,금욕주의자의 등불,Latarnia Stoika,Ліхтар Стоїка,Lantaarn van de Stoïcijn,Stoik'in Feneri
L_MAT_PREDATOR'SLANTERN,,Predator's Lantern,捕食者の灯火,Raubtierlaterne,Lanterne du Prédateur,Linterna del Depredador,Lanterna do Predador,Фонарь Хищника,Lanterna del Predatore,掠食者明燈,掠食者灯笼,포식자의 랜턴,Latarnia Drapieżcy,Ліхтар Хижака,Roofdierslantaarn,Avcının Feneri
L_MAT_DESECRATOR'SLANTERN,,Desecrator's Lantern,冒涜者の灯火,Laterne des Entweihers,Lanterne du Profanateur,Linterna del Profanador,Lanterna do Profanador,Фонарь Осквернителя,Lanterna del Profanatore,褻瀆者的燈籠,亵渎者灯笼,모독자의 등불,Latarnia Bezczeszcząca,Ліхтар Осквернителя,Ontwijdingslantaarn,Kutsalbozan'ın Feneri
L_MAT_ZEALOT'SLANTERN,,Zealot's Lantern,狂信者の灯火,Laterne des Eiferers,Lanterne du Zélote,Linterna del Fanático,Lanterna do Fanático,Фонарь Фанатика,Lanterna dello Zelota,狂熱者之燈,狂热者灯笼,광신자의 랜턴,Latarnia Zeloty,Ліхтар Фанатика,Lantaarn van de Fanatiekeling,Fanatik'in Feneri
L_MAT_MENDICANT'SLANTERN,,Mendicant's Lantern,托鉢僧の灯籠,Laterne des Bettlers,Lanterne du Mendiant,Farol del Mendicante,Lanterna do Mendigo,Фонарь Нищего,Lanterna del Mendicante,乞丐的燈籠,乞丐灯笼,탁발승의 등불,Latarnia Żebraka,Ліхтар Жебрака,Lantaarn van de Bedelaar,Dilencinin Feneri
L_MAT_PEOPLE'STALE,,People's Tale,民衆の物語,Volksgeschichte,Conte du Peuple,Cuento del Pueblo,Conto do Povo,Народная Сказка,Racconto del Popolo,人民的故事,人民故事,민중의 이야기,Opowieść Ludu,Народна Казка,Volksverhaal,Halkın Hikâyesi
L_MAT_MAGI'STALE,,Magi's Tale,マギの物語,Magiers Erzählung,Le Conte du Mage,El Cuento del Mago,Conto do Mago,Сказание Мага,Il Racconto del Mago,魔導師的故事,贤者故事,마법사의 이야기,Opowieść Maga,Казка Мага,Verhaal van de Magiër,Büyücünün Hikayesi
L_MAT_MINSTREL'STALE,,Minstrel's Tale,吟遊詩人の物語,Ballade des Barden,Conte du Ménestrel,Relato del Trovador,Conto do Menestrel,Сказание Менестреля,Racconto del Menestrello,吟遊詩人的故事,乐师故事,음유시인의 이야기,Opowieść Minstrela,Балада Менестреля,Minnezangers Verhaal,Ozan'ın Hikâyesi
L_MAT_NOBLE'STALE,,Noble's Tale,貴族の物語,Adelsgeschichte,Le Conte du Noble,Relato del Noble,Conto do Nobre,Сказание о Дворянине,Racconto del Nobile,貴族的故事,贵族故事,귀족의 이야기,Opowieść Szlachcica,Розповідь Шляхтича,Verhaal van de Edelman,Asilzadenin Hikâyesi
L_MAT_ORPHAN'STALE,,Orphan's Tale,孤児の物語,Waisengeschichte,Le Conte de l'Orphelin,Cuento del Huérfano,Conto do Órfão,Сказание сироты,Racconto dell'Orfano,孤兒的故事,孤儿故事,고아의 이야기,Opowieść Sieroty,Історія Сироти,Verhaal van een Wees,Yetimin Hikâyesi
L_MAT_SURVIVOR'STALE,,Survivor's Tale,サバイバーの物語,Überlebensgeschichte,Récit du Survivant,Relato del Superviviente,História do Sobrevivente,Рассказ Выжившего,Racconto del Sopravvissuto,倖存者的故事,幸存者故事,생존자의 이야기,Opowieść Ocalałego,Розповідь Вцілілого,Verhaal van een Overlevende,Hayatta Kalanın Hikayesi
L_MAT_CRIMSONPOWDER,,Crimson Powder,紅の粉末,Karmesinpulver,Poudre Cramoisie,Polvo Carmesí,Pó Carmesim,Алый порошок,Polvere Cremisi,赤紅粉末,猩红粉末,진홍색 가루,Karmazynowy Proszek,Багряний Порошок,Karmozijn Poeder,Kızıl Toz
L_MAT_EYEGLASSES,,Eye Glasses,メガネ,Brille,Lunettes,Gafas,Óculos,Очки,Occhiali,眼鏡,眼镜,안경,Okulary,Окуляри,Bril,Gözlük
L_MAT_BOOKOFNINETAILS,,Book of Nine Tails,九尾の書,Buch der Neun Schwänze,Livre des Neuf Queues,Libro de las Nueve Colas,Livro das Nove Caudas,Книга Девяти Хвостов,Libro delle Nove Code,九尾之書,九尾之书,구미호의 서,Księga Dziewięciu Ogonów,Книга Дев'яти Хвостів,Boek van Negen Staarten,Dokuz Kuyruk Kitabı
L_MAT_DNASPLICER,,DNA Splicer,DNAスプライサー,DNA-Verbinder,Fusionneur ADN,Fusionador ADN,Fusionador de DNA,ДНК-Сплайсер,Combinatore DNA,DNA接合器,DNA接合器,DNA 접합기,Łącznik DNA,ДНК-Сплайсер,DNA-Splicer,DNA Birleştirici
L_MAT_NOKIUM,,Nokium,ノキウム,Nokium,Nokium,Nokium,Nokium,Нокиум,Nokium,諾基姆,诺基姆,노키움,Nokium,Нокіум,Nokium,Nokyum
L_MAT_GRAVESHOVEL,,Grave Shovel,墓掘りシャベル,Grabschaufel,Pelle Funéraire,Pala de Sepulturero,Pá Sepulcral,Могильная Лопата,Pala Tombale,墓穴鏟,掘墓铲,묘지 삽,Łopata Grabarza,Могильна Лопата,Grafschop,Mezar Küreği
L_MAT_NASTYDOUGH,,Nasty Dough,不気味な生地,Widerlicher Teig,Pâte Infecte,Masa Repugnante,Massa Nojenta,Мерзкое Тесто,Impasto Disgustoso,噁心麵團,恶心面团,끔찍한 반죽,Paskudne Ciasto,Бридке Тісто,Smerig Deeg,Kötü Hamur
L_MAT_ROLLOFTAPE,,Roll of Tape,テープの巻き,Klebebandrolle,Rouleau de Ruban Adhésif,Rollo de Cinta,Rolo de Fita,Рулон ленты,Rotolo di Nastro,膠帶卷,胶带卷,테이프 롤,Rolka Taśmy,Рулон стрічки,Rol Tape,Bant Rulosu
L_MAT_WARPEDNEURON,,Warped Neuron,歪んだニューロン,Verzerrtes Neuron,Neurone Déformé,Neurona Distorsionada,Neurônio Distorcido,Искаженный Нейрон,Neurone Distorto,扭曲神經元,扭曲神经元,뒤틀린 뉴런,Wypaczony Neuron,Викривлений Нейрон,Verwrongen Neuron,Çarpık Nöron
L_MAT_LIVINGBLOOD,,Living Blood,生きた血,Lebendes Blut,Sang Vivant,Sangre Viva,Sangue Vivo,Живая Кровь,Sangue Vivente,活血,活化血液,살아있는 피,Żywa Krew,Жива Кров,Levend Bloed,Yaşayan Kan
L_MAT_OTHERWORLDER'SSOUL,,Otherworlder's Soul,異世界者の魂,Seele des Andersweltlers,Âme d'Outremondain,Alma del Forastero,Alma do Forasteiro,Душа Пришельца из Иного Мира,Anima dell'Oltremondano,異界者之魂,异界之魂,이계인의 영혼,Dusza Przybysza z Innego Świata,Душа Іншосвітянина,Ziel van de Anderwereldling,Ötedünyalının Ruhu
L_MAT_PIERCINGLEGS,,Piercing Legs,貫通脚,Durchbohrende Beine,Jambes Perçantes,Piernas Perforantes,Pernas Perfurantes,Пронзающие Ноги,Gambe Perforanti,穿刺腿,锋利之腿,관통하는 다리,Przeszywające Nogi,Пронизуючі ноги,Doorborende Benen,Delici Bacaklar
L_MAT_CORRUPTEDGEODE,,Corrupted Geode,腐敗した晶洞石,Verdorbene Geode,Géode corrompue,Geoda Corrompida,Geodo Corrompido,Искаженный Жеод,Geode Corrotta,腐化晶石,腐化晶洞,오염된 지오드,Skażony Geod,Зіпсований Жеод,Verdorven Geode,Bozulmuş Jeod
L_MAT_FRAGMENTEDBLOOD,,Fragmented Blood,断片化した血,Zersplittertes Blut,Sang Fragmenté,Sangre Fragmentada,Sangue Fragmentado,Фрагментированная Кровь,Sangue Frammentato,破碎之血,破碎之血,파편화된 피,Roztrzaskana Krew,Фрагментована Кров,Gefragmenteerd Bloed,Parçalanmış Kan
L_MAT_NATURE'SFURY,,Nature's Fury,自然の怒り,Zorn der Natur,Fureur de la Nature,Furia de la Naturaleza,Fúria da Natureza,Ярость Природы,Furia della Natura,自然之怒,自然之怒,자연의 분노,Gniew Natury,Лють Природи,Natuurs Woede,Doğanın Öfkesi
L_MAT_BOOKOFINFINITY,,Book of Infinity,無限の書,Buch der Unendlichkeit,Livre de l'Infini,Libro del Infinito,Livro do Infinito,Книга Бесконечности,Libro dell'Infinito,無限之書,无限之书,무한의 서,Księga Nieskończoności,Книга Нескінченності,Boek van Oneindigheid,Sonsuzluk Kitabı
L_MAT_SOLIDIFIEDSLIME,,Solidified Slime,固形スライム,Verfestigter Schleim,Slime Solidifié,Limo Solidificado,Limo Solidificado,Затвердевший Слизень,Melma Solidificata,凝固史萊姆,固态史莱姆,응고된 슬라임,Zestalony Szlam,Затверділий слиз,Gestolde Slijm,Katılaşmış Balçık
L_MAT_ELECTRICFOSSIL,,Electric Fossil,エレクトリックフォッシル,Elektrisches Fossil,Fossile Électrique,Fósil Eléctrico,Fóssil Elétrico,Электрическое Ископаемое,Fossile Elettrico,電能化石,电能化石,전기 화석,Elektryczna Skamielina,Електричне Викопне,Elektrisch Fossiel,Elektrik Fosili
L_MAT_DRAKETEETH,,Drake Teeth,ドレイクの牙,Drachenzähne,Dents de Drake,Dientes de Drake,Dentes de Drake,Зубы Дракона,Denti di Drago,龍牙,德雷克之牙,드레이크 이빨,Zęby Smoka,Зуби Дракона,Draaktanden,Ejderha Dişleri
L_MAT_PUREHEART,,Pure Heart,清らかな心,Reines Herz,Cœur Pur,Corazón Puro,Coração Puro,Чистое Сердце,Cuore Puro,純潔之心,纯洁之心,순수한 마음,Czyste Serce,Чисте Серце,Zuiver Hart,Saf Kalp
L_MAT_MASSIVEJAWBONE,,Massive Jawbone,巨大な顎骨,Massiver Kieferknochen,Mâchoire Massive,Mandíbula Masiva,Mandíbula Massiva,Массивая Челюсть,Mascella Massiccia,巨大顎骨,巨型颚骨,거대한 턱뼈,Masywna Szczęka,Масивна Щелепа,Massief Kaakbeen,Devasa Çene Kemiği
L_MAT_SPRIGGAN'SEYE,,Spriggan's Eye,スプリガンの目,Spriggan-Auge,Œil de Spriggan,Ojo de Spriggan,Olho do Spriggan,Глаз Сприггана,Occhio di Spriggan,樹精靈之眼,树精之眼,스프리건의 눈,Oko Spriggana,Око Спріггана,Spriggan's Oog,Spriggan'ın Gözü
L_MAT_POCKETGRUBS,,Pocket Grubs,ポケットグラブ,Taschenlarven,Larves de Poche,Gusanos de Bolsillo,Larvas de Bolso,Карманные Личинки,Larve Tascabili,口袋蟲蟲,口袋蛆,주머니 벌레,Kieszonkowe Larwy,Кишенькові Личинки,Zakwormen,Cep Kurtçukları
L_MAT_HONEYPOT,,Honey Pot,ハニーポット,Honigtopf,Pot de Miel,Tarro de Miel,Pote de Mel,Горшочек мёда,Vaso di Miele,蜜罐,蜂蜜罐,꿀단지,Garnek Miodu,Горщик меду,Honingpot,Bal Küpü
L_MAT_CERTIFICATEOFABSOLUTION,,Certificate of Absolution,免罪証明書,Zertifikat der Absolution,Certificat d'Absolution,Certificado de Absolución,Certificado de Absolvição,Свидетельство об Отпущении Грехов,Certificato di Assoluzione,赦免證明,赦免证明,면죄 증서,Certyfikat Rozgrzeszenia,Сертифікат Відпущення Гріхів,Certificaat van Absolutie,Günahlardan Arınma Sertifikası
L_MAT_STILLWATERS,,Still Waters,静水,Stille Wasser,Eaux Calmes,Aguas Tranquilas,Águas Calmas,Тихие Воды,Acque Calme,止水,静水,고요한 물,Spokojne Wody,Тихі Води,Stille Wateren,Durgun Sular
L_MAT_AVIONCLAW,,Avion Claw,アビオンクロー,Avion-Klaue,Griffe d'Avion,Garra de Avión,Garra de Avion,Коготь Авиона,Artiglio Aviario,艾維恩爪,艾维恩之爪,에이비온 클로,Szpon Aviona,Кіготь Авіона,Avion Klauw,Avion Pençesi
L_MAT_WIREFRAMEMATRIX,,Wireframe Matrix,ワイヤーフレームマトリックス,Drahtgittermatrix,Matrice Filaire,Matriz de Estructura,Matriz de Wireframe,Проволочная Матрица,Matrice Wireframe,線框矩陣,线框电路,와이어프레임 매트릭스,Matryca Szkieletowa,Дротяна Матриця,Draadmodel Matrix,Tel Çerçeve Matrisi
L_MAT_BLOODBANNER,,Blood Banner,血の旗印,Blutbanner,Bannière de Sang,Estandarte de Sangre,Estandarte de Sangue,Кровавое Знамя,Stendardo di Sangue,血旗,染血旗帜,피의 깃발,Krwawy Sztandar,Кривавий Стяг,Bloedbanier,Kan Sancağı
L_MAT_KAVNAK'SWORM,,Kavnak's Worm,カヴナクのワーム,Kavnaks Wurm,Ver de Kavnak,Gusano de Kavnak,Verme de Kavnak,Червь Кавнака,Translator: Verme di Kavnak,卡夫納克的蟲,卡夫纳克的蠕虫,카브낙의 벌레,Robak Kavnaka,Черв'як Кавнака,Kavnak's Worm,Kavnak'ın Solucanı
L_MAT_ANARCHICEGGSHELL,,Anarchic Egg Shell,アナーキーな卵の殻,Anarchische Eierschale,Coquille d'Œuf Anarchique,Caparazón de Huevo Anárquico,Casca de Ovo Anárquica,Анархичная Яичная Скорлупа,Guscio d'Uovo Anarchico,混沌蛋殼,无序蛋壳,무정부적 알껍질,Anarchiczna Skorupa Jaja,Анархічна Яєчна Шкаралупа,Anarchistische Eierschaal,Anarşik Yumurta Kabuğu
L_MAT_ARITHMETICIAN'STEXTBOOK,,Arithmetician's Textbook,算術師の教科書,Arithmetiker-Lehrbuch,Manuel d'Arithméticien,Libro de texto del Aritmético,Livro de Texto do Aritmético,Учебник Арифметика,Manuale dell'Aritmetico,算術師的教科書,算术课本,산술사의 교본,Podręcznik Arytmetyka,Підручник Арифметика,Rekenkundeboek,Aritmetikçinin Ders Kitabı
L_MAT_LIGHTNINGFIN,,Lightning Fin,ライトニングフィン,Blitzflosse,Aileron Foudroyant,Aleta Relámpago,Barbatana Relâmpago,Плавник Молнии,Pinna Fulminea,閃電鰭,闪电鱼鳍,번개 지느러미,Płetwa Błyskawicy,Блискавичний Плавець,Bliksemvin,Şimşek Yüzgeci
L_MAT_BLACKRAINDROP,,Black Raindrop,黒雨滴,Schwarzer Regentropfen,Goutte de Pluie Noire,Gota de Lluvia Negra,Gota de Chuva Negra,Чёрная Капля,Goccia Nera,黑雨滴,黑色雨滴,검은 빗방울,Czarna Kropla Deszczu,Чорна Краплина,Zwarte Regendruppel,Kara Yağmur Damlası
L_MAT_WEREWOLFWHISTLE,,Werewolf Whistle,人狼の笛,Werwolfpfeife,Sifflet de Loup-garou,Silbato de Hombre Lobo,Apito de Lobisomem,Волчий Свисток,Fischietto del Lupo Mannaro,狼人哨子,狼人口哨,늑대인간 호루라기,Gwizdek Wilkołaka,Вовчий Свисток,Weerwolffluit,Kurt Adam Düdüğü
L_MAT_BEEFSTICK,,Beef Stick,ビーフスティック,Rindfleischstange,Bâtonnet de bœuf,Palito de Carne,Palito de Carne,Мясная палочка,Bastoncino di Manzo,牛肉乾,牛肉棒,소고기 스틱,Paluszek wołowy,Яловичина на паличці,Rundvleesstaaf,Et Çubuğu
L_MAT_BLUEBOTTLEDFAIRY,,Blue Bottled Fairy,青い瓶入りの妖精,Blaue Flaschenfee,Fée en Bouteille Bleue,Hada Embotellada Azul,Fada Engarrafada Azul,Фея в Синей Бутылке,Fata in Bottiglia Blu,藍瓶精靈,蓝瓶装精灵,파란 병에 든 요정,Błękitna Wróżka w Butelce,Фея в Блакитній Пляшці,Blauwe Gebottelde Fee,Mavi Şişelenmiş Peri
L_MAT_GREENBOTTLEDFAIRY,,Green Bottled Fairy,緑の瓶入り妖精,Grüne Flaschenelfe,Fée en Bouteille Verte,Hada Embotellada Verde,Fada Engarrafada Verde,Зеленая Фея в Бутылке,Fata in Bottiglia Verde,綠瓶精靈,绿瓶装精灵,초록병 요정,Zielona Wróżka w Butelce,Зелена Фея у Пляшці,Groene Gebottelde Fee,Yeşil Şişeli Peri
L_MAT_PINKBOTTLEDFAIRY,,Pink Bottled Fairy,ピンクの瓶入り妖精,Rosa Feenflasche,Fée en Bouteille Rose,Hada Embotellada Rosa,Fada Engarrafada Rosa,Розовая Фея в Бутылке,Fata in Bottiglia Rosa,粉紅瓶裝精靈,粉色瓶装精灵,분홍색 병에 든 요정,Różowa Zaklęta Wróżka,Рожева Фея у Пляшці,Roze Gebottelde Fee,Pembe Şişeli Peri
L_MAT_PURPLEBOTTLEDFAIRY,,Purple Bottled Fairy,紫色の瓶入り妖精,Lila Flaschenelfe,Fée en Bouteille Violette,Hada Embotellada Púrpura,Fada Engarrafada Roxa,Фиолетовая Фея в Бутылке,Fata in Bottiglia Viola,紫瓶精靈,紫瓶装精灵,보라색 병에 든 요정,Fioletowa Butelkowa Wróżka,Фіолетова Фея у Пляшці,Paarse Gebottelde Fee,Mor Şişelenmiş Peri
L_MAT_YELLOWBOTTLEDFAIRY,,Yellow Bottled Fairy,黄色の瓶詰め妖精,Gelbe Flaschen-Fee,Fée en Bouteille Jaune,Hada Embotellada Amarilla,Fada Engarrafada Amarela,Желтая Фея в Бутылке,Fata in Bottiglia Gialla,黃瓶精靈,黄瓶装精灵,노란 병에 든 요정,Żółta Butelkowana Wróżka,Жовта Фея у Пляшці,Gele Gebottelde Fee,Sarı Şişeli Peri
L_MAT_REDBOTTLEDFAIRY,,Red Bottled Fairy,赤い瓶入り妖精,Rote Flaschen-Fee,Fée en Bouteille Rouge,Hada Embotellada Roja,Fada Engarrafada Vermelha,Красная Фея в Бутылке,Fata in Bottiglia Rossa,紅瓶精靈,红瓶装精灵,빨간 병에 든 요정,Czerwona Butelkowana Wróżka,Червона Фея у Пляшці,Rode Gebottelde Fee,Kırmızı Şişelenmiş Peri
L_MAT_BENEFACTORHOOK,,Benefactor Hook,恩人フック,Gönner-Haken,Bienfaiteur,Benefactor Gancho,Benfeitor,Покровитель,Benefattore,贊助者背景,施惠者鱼钩,후원자 훅,Dobroczyńca,Благодійник,Weldoener Haak,Hayırsever Kancası
L_ART_HELMET,,Helmet,ヘルメット,Helm,Casque,Casco,Elmo,Шлем,Elmo,頭盔,头盔,투구,Hełm,Шолом,Helm,Kask
L_ART_SWORD,,Sword,剣,Schwert,Épée,Espada,Espada,Меч,Spada,劍,剑,검,Miecz,Меч,Zwaard,Kılıç
L_ART_STAFF,,Staff,スタッフ,Stab,Bâton,Bastón,Cajado,Посох,Bastone,法杖,法杖,지팡이,Kostur,Посох,Staf,Asa
L_ART_SHIELD,,Shield,シールド,Schild,Bouclier,Escudo,Escudo,Щит,Scudo,盾牌,盾,방패,Tarcza,Щит,Schild,Kalkan
L_ART_BOOTS,,Boots,ブーツ,Stiefel,Bottes,Botas,Botas,Сапоги,Stivali,靴子,靴子,부츠,Buty,Чоботи,Laarzen,Botlar
L_DEC_MUSIC,,Music,音楽,Musik,Musique,Música,Música,Музыка,Musica,音樂,音乐,음악,Muzyka,Музика,Muziek,Müzik
L_DEC_WALL,,Wall,壁,Wand,Mur,Muro,Parede,Стена,Muro,牆壁,墙,벽,Ściana,Стіна,Muur,Duvar
L_DEC_FLOOR,,Floor,フロア,Etage,Étage,Piso,Andar,Этаж,Piano,樓層,地板,층,Piętro,Поверх,Verdieping,Kat
L_DEC_WEATHER,,Weather,天候,Wetter,Météo,Clima,Clima,Погода,Tempo,天氣,天气,날씨,Pogoda,Погода,Weer,Hava Durumu
L_DEC_BACKGROUND,,Background,背景,Hintergrund,Contexte,Antecedentes,Antecedentes,Предыстория,Sfondo,背景,背景,배경,Tło,Передісторія,Achtergrond,Arkaplan
L_DEC_ACCESSORY,,Accessory,アクセサリー,Accessoire,Accessoire,Accesorio,Acessório,Аксессуар,Accessorio,配件,饰品,장신구,Akcesorium,Аксесуар,Accessoire,Aksesuar
L_DEC_DECORATION,,Decoration,装飾,Dekoration,Décoration,Decoración,Decoração,Украшение,Decorazione,裝飾,装饰,장식품,Dekoracja,Прикраса,Decoratie,Dekorasyon
L_SPELLGEM_CLASS,1 = class name,{1} Spell Gem,{1}の魔石,{1} Zauberstein,{1} Gemme de sort,{1} Gema de hechizo,{1} Gema de Feitiço,{1} Самоцвет заклинания,{1} Gemma Incantesimo,{1} 法術寶石,{1}法术宝石,{1} 주문 보석,{1} Klejnot Zaklęcia,{1} Магічний камінь,{1} Spreuksteen,{1} Büyü Taşı
L_ITEMTYPE_ARTIFACT,,Artifact,アーティファクト,Artefakt,Artéfact,Artefacto,Artefato,Артефакт,Artefatto,神器,神器,유물,Artefakt,Артефакт,Artefact,Eser
L_ITEMTYPE_CARD,,Card,カード,Karte,Carte,Carta,Carta,Карта,Carta,卡牌,卡牌,카드,Karta,Карта,Kaart,Kart
L_ITEMTYPE_CRAFTING_MATERIAL_SPELL_GEMS,,Crafting Material (Spell Gems),クラフト素材（呪文の宝石）,Handwerksmaterial (Zaubersteine),Matériau d'artisanat (Gemmes de sort),Material de Fabricación (Gemas de Hechizo),Material de Criação (Gemas de Feitiço),Материал для крафта (Самоцветы заклинаний),Materiale di Creazione (Gemme Incantesimo),製作材料（法術寶石）,制作材料（法术宝石）,제작 재료 (주문 보석),Materiał Rzemieślniczy (Klejnoty Zaklęć),Матеріал для крафту (Самоцвіти заклинань),Ambachtsmateriaal (Spreukedelstenen),Zanaat Malzemesi (Büyü Taşları)
L_ITEMTYPE_FIELD_ITEM,,Field Item,フィールドアイテム,Feldgegenstand,Objet de terrain,Objeto de Campo,Item de Campo,Полевой предмет,Oggetto da Campo,場地道具,野外物品,필드 아이템,Przedmiot Terenowy,Польовий предмет,Veldvoorwerp,Alan Eşyası
L_ITEMTYPE_CRAFTING_MATERIAL_ARTIFACTS,,Crafting Material (Artifacts),クラフト素材（アーティファクト）,Handwerksmaterial (Artefakte),Matériau d'artisanat (Artefacts),Material de Fabricación (Artefactos),Material de Criação (Artefatos),Материал для крафта (Артефакты),Materiale di Fabbricazione (Artefatti),製作材料（神器）,制作材料（神器）,제작 재료 (유물),Materiał Rzemieślniczy (Artefakty),Матеріал для крафту (Артефакти),Ambachtmateriaal (Artefacten),Zanaat Malzemesi (Eserler)
L_ITEMTYPE_NETHER_STONE,,Nether Stone,冥石,Netherkristall,Pierre des Limbes,Piedra del Inframundo,Pedra do Nether,Камень Нижнего мира,Pietra dell'Oltretomba,冥石,下界石,황천석,Kamień Otchłani,Камінь Пустоти,Nethersteen,Öte Taş
L_ITEMTYPE_SPECIAL,,Special,特殊,Spezial,Spécial,Especial,Especial,Особый,Speciale,特殊,特殊,특수,Specjalny,Особливий,Speciaal,Özel
L_ITEMTYPE_SPELL_GEM,,Spell Gem,魔法の宝石,Zauberstein,Gemme de sort,Gema de Hechizo,Gema de Feitiço,Самоцвет заклинания,Gemma Incantesimo,法術寶石,法术宝石,주문 보석,Klejnot Zaklęcia,Самоцвіт заклинання,Toversteen,Büyü Taşı
L_ITEMTYPE_DECORATION,,Decoration,装飾,Dekoration,Décoration,Decoración,Decoração,Украшение,Decorazione,裝飾,装饰,장식,Dekoracja,Прикраса,Decoratie,Dekorasyon
L_ID_DUST_AGATE,,This item can be taken to the Enchanter to add the following property to your Spell Gems:\n\nMore Charges,このアイテムは付呪師に持っていくことで、呪文の宝石に以下の特性を追加できます：\n\n追加チャージ,"Dieser Gegenstand kann zum Verzauberer gebracht werden, um deinen Zaubersteinen folgende Eigenschaft hinzuzufügen:\n\nMehr Ladungen",Cet objet peut être apporté à l'Enchanteur pour ajouter la propriété suivante à vos Gemmes de Sort :\n\nPlus de Charges,Este objeto puede llevarse al Encantador para añadir la siguiente propiedad a tus Gemas de Hechizo:\n\nMás Cargas,Este item pode ser levado ao Encantador para adicionar a seguinte propriedade às suas Gemas de Feitiço:\n\nMais Cargas,"Этот предмет можно отнести к Чародею, чтобы добавить следующее свойство к вашим Самоцветам Заклинаний:\n\nБольше Зарядов",Questo oggetto può essere portato all'Incantatore per aggiungere la seguente proprietà alle tue Gemme Incantesimo:\n\nPiù Cariche,此物品可以帶到附魔師處，為你的法術寶石添加以下屬性：\n\n更多充能,这个物品可以带到附魔师处，为你的法术宝石添加以下词条：\n\n更多充能,이 아이템은 마법부여사에게 가져가 주문 보석에 다음 속성을 추가할 수 있습니다:\n\n추가 충전량,"Ten przedmiot można zanieść do Zaklinacza, aby dodać następującą właściwość do twoich Klejnotów Zaklęć:\n\nWięcej Ładunków","Цей предмет можна віднести до Чарівника, щоб додати наступну властивість до ваших Каменів Заклинань:\n\nБільше Зарядів",Dit voorwerp kan naar de Betoveraar worden gebracht om de volgende eigenschap aan je Spreukstenen toe te voegen:\n\nMeer Ladingen,"Bu eşya, Büyü Taşlarınıza aşağıdaki özelliği eklemek için Büyücü'ye götürülebilir:\n\nDaha Fazla Şarj"
L_ID_DUST_AQUAMARINE,,This item can be taken to the Enchanter to add the following property to your Spell Gems:\n\nCascading: the spell's potency is increased by 3% for each Charge the Spell Gem is missing.,このアイテムを付呪師に持っていくと、呪文の宝石に以下の特性を追加できます：\n\n連鎖：呪文の宝石が失っている充填ごとに、呪文の効力が3%増加します。,"Dieser Gegenstand kann zum Verzauberer gebracht werden, um deinen Zaubersteinen folgende Eigenschaft hinzuzufügen:\n\nKaskadierend: Die Zaubermacht des Zaubers wird um 3% für jede fehlende Ladung des Zaubersteins erhöht.",Cet objet peut être apporté à l'Enchanteur pour ajouter la propriété suivante à vos Gemmes de Sort :\n\nCascade : la puissance du sort est augmentée de 3% pour chaque Charge manquante à la Gemme de Sort.,Este objeto puede llevarse al Encantador para añadir la siguiente propiedad a tus Gemas de Hechizo:\n\nCascada: la potencia del hechizo aumenta un 3% por cada Carga que le falte a la Gema de Hechizo.,Este item pode ser levado ao Encantador para adicionar a seguinte propriedade às suas Gemas de Feitiço:\n\nCascata: a potência do feitiço é aumentada em 3% para cada Carga que falta à Gema de Feitiço.,"Этот предмет можно отнести к Чародею, чтобы добавить следующее свойство к вашим Самоцветам Заклинаний:\n\nКаскадное: сила заклинания увеличивается на 3% за каждый недостающий Заряд Самоцвета Заклинания.",Questo oggetto può essere portato all'Incantatore per aggiungere la seguente proprietà alle tue Gemme Incantesimo:\n\nCascata: la potenza dell'incantesimo aumenta del 3% per ogni Carica mancante alla Gemma Incantesimo.,此物品可以帶到附魔師處，為你的法術寶石添加以下屬性：\n\n連鎖：法術寶石每缺少一點充能，法術威力就會提高3%。,这个物品可以带到附魔师处，为你的法术宝石添加以下词条：\n\n层叠：法术宝石每缺少一点充能，法术效能增加3%。,이 아이템은 마법 부여자에게 가져가 주문 보석에 다음 속성을 추가할 수 있습니다:\n\n연쇄: 주문 보석에 부족한 충전당 주문의 효력이 3% 증가합니다.,"Ten przedmiot można zanieść do Zaklinacza, aby dodać następującą właściwość do twoich Klejnotów Zaklęć:\n\nKaskadowy: moc zaklęcia zwiększa się o 3% za każdy brakujący Ładunek Klejnotu Zaklęcia.","Цей предмет можна віднести до Чарівника, щоб додати наступну властивість до ваших Магічних Самоцвітів:\n\nКаскадність: сила закляття збільшується на 3% за кожен відсутній Заряд Магічного Самоцвіту.",Dit voorwerp kan naar de Betoveraar worden gebracht om de volgende eigenschap aan je Spreukstenen toe te voegen:\n\nCascaderend: de kracht van de spreuk wordt verhoogd met 3% voor elke Lading die de Spreuksteen mist.,"Bu eşya, Büyü Taşlarınıza aşağıdaki özelliği eklemek için Büyücü'ye götürülebilir:\n\nKaskatlama: büyünün gücü, Büyü Taşının eksik olan her Şarj başına %3 artar."
L_ID_DUST_AVENTURINE,,This item can be taken to the Enchanter to add the following property to your Spell Gems:\n\nSingular: the spell's potency is increased by 30% for each empty Spell Gem slot the creature has.,このアイテムを付呪師に持っていくと、呪文の宝石に以下の特性を追加できます：\n\n単独：クリーチャーが持つ空の呪文の宝石スロット1つにつき、呪文の効力が30％増加します。,"Dieser Gegenstand kann zum Verzauberer gebracht werden, um deinen Zaubersteinen folgende Eigenschaft hinzuzufügen:\n\nSingulär: Die Zaubermacht des Zaubers wird um 30% für jeden leeren Zauberstein-Platz erhöht, den die Kreatur hat.",Cet objet peut être apporté à l'Enchanteur pour ajouter la propriété suivante à vos Gemmes de Sort :\n\nSingulier : la puissance du sort est augmentée de 30% pour chaque emplacement de Gemme de Sort vide que possède la créature.,Este objeto puede llevarse al Encantador para añadir la siguiente propiedad a tus Gemas de Hechizo:\n\nSingular: la potencia del hechizo aumenta un 30% por cada ranura de Gema de Hechizo vacía que tenga la criatura.,Este item pode ser levado ao Encantador para adicionar a seguinte propriedade às suas Gemas de Feitiço:\n\nSingular: a potência do feitiço é aumentada em 30% para cada espaço vazio de Gema de Feitiço que a criatura possui.,"Этот предмет можно отнести к Чародею, чтобы добавить следующее свойство к вашим Камням Заклинаний:\n\nСингулярность: сила заклинания увеличивается на 30% за каждый пустой слот Камня Заклинаний у существа.",Questo oggetto può essere portato all'Incantatore per aggiungere la seguente proprietà alle tue Gemme Incantesimo:\n\nSingolare: la potenza dell'incantesimo aumenta del 30% per ogni slot di Gemma Incantesimo vuoto che la creatura possiede.,此物品可以帶到附魔師處，為你的法術寶石添加以下屬性：\n\n奇異：生物每有一個空的法術寶石槽位，法術威力就會增加30%。,这个物品可以带到附魔师处，为你的法术宝石添加以下词条：\n\n奇异：生物每有一个空的法术宝石槽位，法术效能提高30%。,이 아이템은 마법 보석에 다음 속성을 추가하기 위해 마법 부여자에게 가져갈 수 있습니다:\n\n단일: 생물이 가진 빈 마법 보석 슬롯마다 주문의 효력이 30% 증가합니다.,"Ten przedmiot można zanieść do Zaklinacza, aby dodać następującą właściwość do twoich Klejnotów Zaklęć:\n\nOsobliwy: moc zaklęcia wzrasta o 30% za każde puste miejsce na Klejnot Zaklęć, które posiada stworzenie.","Цей предмет можна віднести до Чарівника, щоб додати наступну властивість до ваших Каменів Заклинань:\n\nОдиничність: сила заклинання збільшується на 30% за кожен порожній слот Каменя Заклинань, який має істота.",Dit voorwerp kan naar de Betoveraar worden gebracht om de volgende eigenschap aan je Spreukstenen toe te voegen:\n\nSingulier: de kracht van de spreuk wordt met 30% verhoogd voor elke lege Spreuksteen-sleuf die het wezen heeft.,"Bu eşya, Büyü Taşlarınıza aşağıdaki özelliği eklemek için Büyücü'ye götürülebilir:\n\nTekil: yaratığın boş olan her Büyü Taşı yuvası için büyünün gücü %30 artar."
L_ID_DUST_AZURITE,,This item can be taken to the Enchanter to add the following property to your Spell Gems:\n\nDefense Penetration,このアイテムは付術師に持っていくことで、呪文の宝石に以下の特性を追加できる：\n\n防御貫通,"Dieser Gegenstand kann zum Verzauberer gebracht werden, um deinen Zaubersteinen folgende Eigenschaft hinzuzufügen:\n\nVerteidigungsdurchdringung",Cet objet peut être apporté à l'Enchanteur pour ajouter la propriété suivante à vos Gemmes de Sort :\n\nPénétration de Défense,Este objeto puede llevarse al Encantador para añadir la siguiente propiedad a tus Gemas de Hechizo:\n\nPenetración de Defensa,Este item pode ser levado ao Encantador para adicionar a seguinte propriedade às suas Gemas de Feitiço:\n\nPenetração de Defesa,"Этот предмет можно отнести Чародею, чтобы добавить следующее свойство к вашим Самоцветам Заклинаний:\n\nПробивание Защиты",Questo oggetto può essere portato all'Incantatore per aggiungere la seguente proprietà alle tue Gemme Incantesimo:\n\nPenetrazione della Difesa,此物品可以帶到附魔師處，為你的法術寶石添加以下屬性：\n\n防禦穿透,这个物品可以带到附魔师处，为你的法术宝石添加以下词条：\n\n防御穿透,이 아이템은 마법 부여자에게 가져가 주문 보석에 다음 속성을 추가할 수 있습니다:\n\n방어력 관통,"Ten przedmiot można zanieść do Zaklinacza, aby dodać następującą właściwość do twoich Klejnotów Zaklęć:\n\nPrzebicie Obrony","Цей предмет можна віднести до Чарівника, щоб додати наступну властивість до ваших Магічних Самоцвітів:\n\nПробиття Захисту",Dit voorwerp kan naar de Betoveraar worden gebracht om de volgende eigenschap aan je Spreukstenen toe te voegen:\n\nVerdedigingsdoordringing,"Bu eşya, Büyü Taşlarınıza aşağıdaki özelliği eklemek için Büyücü'ye götürülebilir:\n\nSavunma Delme"
L_ID_DUST_BERYL,,This item can be taken to the Enchanter to add the following property to your Spell Gems:\n\nMagnetic: the spell's potency is increased by 15% for each creature in your party with that same spell equipped.,このアイテムを付呪師に持っていくと、呪文の宝石に以下の特性を追加できます：\n\n磁性：同じ呪文を装備しているパーティメンバーが1人増えるごとに、呪文の効力が15％上昇します。,"Dieser Gegenstand kann zum Verzauberer gebracht werden, um deinen Zaubersteinen folgende Eigenschaft hinzuzufügen:\n\nMagnetisch: Die Zaubermacht des Zaubers wird um 15% für jede Kreatur in deiner Gruppe erhöht, das denselben Zauber ausgerüstet hat.",Cet objet peut être apporté à l'Enchanteur pour ajouter la propriété suivante à vos Gemmes de Sort :\n\nMagnétique : la puissance du sort est augmentée de 15% pour chaque créature de votre groupe équipée du même sort.,Este objeto puede llevarse al Encantador para añadir la siguiente propiedad a tus Gemas de Hechizo:\n\nMagnético: la potencia del hechizo aumenta un 15% por cada criatura en tu grupo que tenga equipado ese mismo hechizo.,Este item pode ser levado ao Encantador para adicionar a seguinte propriedade às suas Gemas de Feitiço:\n\nMagnético: a potência do feitiço é aumentada em 15% para cada criatura em seu grupo que tenha o mesmo feitiço equipado.,"Этот предмет можно отнести к Чародею, чтобы добавить следующее свойство к вашим Самоцветам Заклинаний:\n\nМагнетический: сила заклинания увеличивается на 15% за каждого существа в вашей группе с тем же экипированным заклинанием.",Questo oggetto può essere portato all'Incantatore per aggiungere la seguente proprietà alle tue Gemme Incantesimo:\n\nMagnetico: la potenza dell'incantesimo aumenta del 15% per ogni creatura nel tuo gruppo con lo stesso incantesimo equipaggiato.,這個物品可以帶到附魔師處，為你的法術寶石添加以下屬性：\n\n磁性：若隊伍中有其他成員裝備相同法術，每位成員使該法術威力提升15%。,这个物品可以带到附魔师处，为你的法术宝石添加以下词条：\n\n引力：队伍中每有一个装备相同法术的生物，法术效能增加15%。,이 아이템은 마법 보석에 다음 속성을 추가하기 위해 마법 부여자에게 가져갈 수 있습니다:\n\n자기력: 파티 내에서 같은 주문을 장착한 생물 한 마리당 주문의 효력이 15% 증가합니다.,"Ten przedmiot można zanieść do Zaklinacza, aby dodać następującą właściwość do twoich Klejnotów Zaklęć:\n\nMagnetyczny: moc zaklęcia wzrasta o 15% za każdą istotę w twojej drużynie, która ma wyposażone to samo zaklęcie.","Цей предмет можна віднести до Чарівника, щоб додати наступну властивість до ваших Магічних Самоцвітів:\n\nМагнетичний: потужність закляття збільшується на 15% за кожного члена вашої групи, який має це ж закляття.",Dit voorwerp kan naar de Betoveraar worden gebracht om de volgende eigenschap aan je Spreukstenen toe te voegen:\n\nMagnetisch: de kracht van de spreuk wordt met 15% verhoogd voor elk wezen in je groep dat dezelfde spreuk heeft uitgerust.,"Bu eşya, Büyü Taşlarınıza aşağıdaki özelliği eklemek için Büyücü'ye götürülebilir:\n\nManyetik: büyünün gücü, grubunuzda aynı büyüyü kuşanmış her yaratık için %15 artar."
L_ID_DUST_BLOODSTONE,,This item can be taken to the Enchanter to add the following property to your Spell Gems:\n\nChance to Attack After Use,このアイテムは付呪師に持っていくことで、呪文の宝石に以下の特性を追加できます：\n\n使用後に攻撃するチャンス,"Dieser Gegenstand kann zum Verzauberer gebracht werden, um deinen Zaubersteinen folgende Eigenschaft hinzuzufügen:\n\nChance auf Angriff nach Verwendung",Cet objet peut être apporté à l'Enchanteur pour ajouter la propriété suivante à vos Gemmes de Sort :\n\nChance d'Attaquer Après Utilisation,Este objeto puede llevarse al Encantador para añadir la siguiente propiedad a tus Gemas de Hechizo:\n\nProbabilidad de Atacar Después de Usar,Este item pode ser levado ao Encantador para adicionar a seguinte propriedade às suas Gemas de Feitiço:\n\nChance de Atacar Após Uso,"Этот предмет можно отнести к Чародею, чтобы добавить следующее свойство к вашим Самоцветам Заклинаний:\n\nШанс Атаковать После Использования",Questo oggetto può essere portato all'Incantatore per aggiungere la seguente proprietà alle tue Gemme Incantesimo:\n\nPossibilità di Attaccare Dopo l'Uso,此物品可以帶到附魔師處，為你的法術寶石添加以下屬性：\n\n使用後有機率攻擊,这个物品可以带到附魔师处，为你的法术宝石添加以下词条：\n\n使用后有几率攻击,이 아이템은 마법 부여자에게 가져가 주문 보석에 다음 속성을 추가할 수 있습니다:\n\n사용 후 공격 확률,"Ten przedmiot można zanieść do Zaklinacza, aby dodać następującą właściwość do twoich Klejnotów Zaklęć:\n\nSzansa na Atak Po Użyciu","Цей предмет можна віднести до Чарівника, щоб додати наступну властивість до ваших Каменів Заклинань:\n\nШанс атакувати після використання",Dit voorwerp kan naar de Betoveraar worden gebracht om de volgende eigenschap aan je Spreukstenen toe te voegen:\n\nKans om aan te vallen na gebruik,"Bu eşya, Büyü Taşlarınıza aşağıdaki özelliği eklemek için Büyücü'ye götürülebilir:\n\nKullanımdan Sonra Saldırma Şansı"
L_ID_DUST_CARNELIAN,,This item can be taken to the Enchanter to add the following property to your Spell Gems:\n\nChance to Defend After Use,このアイテムは付呪師に持っていくことで、呪文の宝石に以下の特性を追加できます：\n\n使用後に防御する確率,"Dieser Gegenstand kann zum Verzauberer gebracht werden, um deinen Zaubersteinen folgende Eigenschaft hinzuzufügen:\n\nChance auf Verteidigung nach Gebrauch",Cet objet peut être apporté à l'Enchanteur pour ajouter la propriété suivante à vos Gemmes de Sort :\n\nChance de Défendre Après Utilisation,Este objeto puede llevarse al Encantador para añadir la siguiente propiedad a tus Gemas de Hechizo:\n\nProbabilidad de Defender Después de Usar,Este item pode ser levado ao Encantador para adicionar a seguinte propriedade às suas Gemas de Feitiço:\n\nChance de Defender Após Uso,"Этот предмет можно отнести Чародею, чтобы добавить следующее свойство к вашим Самоцветам Заклинаний:\n\nШанс на Защиту После Использования",Questo oggetto può essere portato all'Incantatore per aggiungere la seguente proprietà alle tue Gemme Incantesimo:\n\nPossibilità di Difendere Dopo l'Uso,此物品可以帶到附魔師處，為你的法術寶石添加以下屬性：\n\n使用後有機率進行防禦,这个物品可以带到附魔师处，为你的法术宝石添加以下词条：\n\n使用后有几率防御,이 아이템은 마법 부여자에게 가져가 주문 보석에 다음 속성을 추가할 수 있습니다:\n\n사용 후 방어 확률,"Ten przedmiot można zanieść do Zaklinacza, aby dodać następującą właściwość do twoich Klejnotów Zaklęć:\n\nSzansa na Obronę Po Użyciu","Цей предмет можна віднести до Чарівника, щоб додати наступну властивість до ваших Каменів Заклинань:\n\nШанс на Захист Після Використання",Dit voorwerp kan naar de Betoveraar worden gebracht om de volgende eigenschap aan je Spreukstenen toe te voegen:\n\nKans om te Verdedigen na Gebruik,"Bu eşya, Büyü Taşlarınıza aşağıdaki özelliği eklemek için Büyücü'ye götürülebilir:\n\nKullanımdan Sonra Savunma Şansı"
L_ID_DUST_CITRINE,,"This item can be taken to the Enchanter to add the following properties to your Spell Gems:\n\nCast On Attack, Cast On Defend, Cast On Provoke, Cast On Heal",このアイテムをエンチャンターに持っていくと、呪文の宝石に以下の特性を追加できます：\n\n攻撃時発動、防御時発動、挑発時発動、回復時発動,"Dieser Gegenstand kann zum Verzauberer gebracht werden, um deinen Zaubersteinen die folgenden Eigenschaften hinzuzufügen:\n\nZaubern bei Angriff, Zaubern bei Verteidigung, Zaubern bei Provokation, Zaubern bei Heilung","Cet objet peut être apporté à l'Enchanteur pour ajouter les propriétés suivantes à vos Gemmes de Sort :\n\nLancer à l'Attaque, Lancer en Défense, Lancer sur Provocation, Lancer lors des Soins","Este objeto puede llevarse al Encantador para añadir las siguientes propiedades a tus Gemas de Hechizo:\n\nLanzar al Atacar, Lanzar al Defender, Lanzar al Provocar, Lanzar al Curar","Este item pode ser levado ao Encantador para adicionar as seguintes propriedades às suas Gemas de Feitiço:\n\nLançar ao Atacar, Lançar ao Defender, Lançar ao Provocar, Lançar ao Curar","Этот предмет можно отнести к Чародею, чтобы добавить следующие свойства к вашим Самоцветам Заклинаний:\n\nПрименение при Атаке, Применение при Защите, Применение при Провокации, Применение при Лечении","Questo oggetto può essere portato all'Incantatore per aggiungere le seguenti proprietà alle tue Gemme Incantesimo:\n\nLancio su Attacco, Lancio su Difesa, Lancio su Provocazione, Lancio su Cura",此物品可以帶到附魔師處，為你的法術寶石添加以下屬性：\n\n攻擊時施放、防禦時施放、挑釁時施放、治療時施放,这个物品可以带到附魔师处，为你的法术宝石添加以下词条：\n\n攻击时施法，防御时施法，挑衅时施法，治疗时施法,"이 아이템은 마법 부여자에게 가져가 주문 보석에 다음 속성을 추가할 수 있습니다:\n\n공격 시 시전, 방어 시 시전, 도발 시 시전, 치유 시 시전","Ten przedmiot można zanieść do Zaklinacza, aby dodać następujące właściwości do twoich Klejnotów Zaklęć:\n\nRzuć Podczas Ataku, Rzuć Podczas Obrony, Rzuć Podczas Prowokacji, Rzuć Podczas Leczenia","Цей предмет можна віднести до Чарівника, щоб додати наступні властивості до ваших Магічних Самоцвітів:\n\nЗастосування при Атаці, Застосування при Захисті, Застосування при Провокації, Застосування при Лікуванні","Dit voorwerp kan naar de Betoveraar worden gebracht om de volgende eigenschappen aan je Spreukstenen toe te voegen:\n\nSpreuk bij Aanval, Spreuk bij Verdediging, Spreuk bij Provocatie, Spreuk bij Genezing","Bu eşya, Büyü Taşlarınıza aşağıdaki özellikleri eklemek için Büyücü'ye götürülebilir:\n\nSaldırıda Kullan, Savunmada Kullan, Kışkırtmada Kullan, İyileştirmede Kullan"
L_ID_DUST_DIAMOND,,This item can be taken to the Enchanter to add the following property to your Spell Gems:\n\nCasts On Extra Target,このアイテムは付呪師に持っていくことで、呪文の宝石に以下の特性を追加できます：\n\n追加対象に発動,"Dieser Gegenstand kann zum Verzauberer gebracht werden, um deinen Zaubersteinen folgende Eigenschaft hinzuzufügen:\n\nWirkt auf zusätzliches Ziel",Cet objet peut être apporté à l'Enchanteur pour ajouter la propriété suivante à vos Gemmes de Sort :\n\nLance sur une Cible Supplémentaire,Este objeto puede llevarse al Encantador para añadir la siguiente propiedad a tus Gemas de Hechizo:\n\nLanza en Objetivo Adicional,Este item pode ser levado ao Encantador para adicionar a seguinte propriedade às suas Gemas de Feitiço:\n\nLança em Alvo Extra,"Этот предмет можно отнести к Чародею, чтобы добавить следующее свойство к вашим Самоцветам Заклинаний:\n\nНакладывает на дополнительную цель",Questo oggetto può essere portato all'Incantatore per aggiungere la seguente proprietà alle tue Gemme Incantesimo:\n\nLancia su Bersaglio Extra,此物品可以帶到附魔師處，為你的法術寶石添加以下屬性：\n\n對額外目標施法,这个物品可以带到附魔师处，为你的法术宝石添加以下词条：\n\n对额外目标施放,이 아이템은 마법 부여자에게 가져가 주문 보석에 다음 속성을 추가할 수 있습니다:\n\n추가 대상에게 시전,"Ten przedmiot można zanieść do Zaklinacza, aby dodać następującą właściwość do twoich Klejnotów Zaklęć:\n\nRzuca na Dodatkowy Cel","Цей предмет можна віднести до Чарівника, щоб додати наступну властивість до ваших Каменів Заклинань:\n\nНакладає на додаткову ціль",Dit voorwerp kan naar de Betoveraar worden gebracht om de volgende eigenschap aan je Spreukstenen toe te voegen:\n\nWerkt Op Extra Doelwit,"Bu eşya, Büyü Taşlarınıza aşağıdaki özelliği eklemek için Büyücü'ye götürülebilir:\n\nEkstra Hedefe Büyü Yapar"
L_ID_DUST_EMERALD,,This item can be taken to the Enchanter to add the following property to your Spell Gems:\n\nChance to Provoke After Use,このアイテムは付呪師に持っていくことで、呪文の宝石に以下の特性を追加できます：\n\n使用後に挑発する確率,"Dieser Gegenstand kann zum Verzauberer gebracht werden, um deinen Zaubersteinen folgende Eigenschaft hinzuzufügen:\n\nChance auf Provokation nach Gebrauch",Cet objet peut être apporté à l'Enchanteur pour ajouter la propriété suivante à vos Gemmes de Sort :\n\nChance de Provoquer Après Utilisation,Este objeto puede llevarse al Encantador para añadir la siguiente propiedad a tus Gemas de Hechizo:\n\nProbabilidad de Provocar Después de Usar,Este item pode ser levado ao Encantador para adicionar a seguinte propriedade às suas Gemas de Feitiço:\n\nChance de Provocar Após Uso,"Этот предмет можно отнести к Чародею, чтобы добавить следующее свойство к вашим Самоцветам Заклинаний:\n\nШанс Спровоцировать После Использования",Questo oggetto può essere portato all'Incantatore per aggiungere la seguente proprietà alle tue Gemme Incantesimo:\n\nPossibilità di Provocare Dopo l'Uso,此物品可以帶到附魔師處，為你的法術寶石添加以下屬性：\n\n使用後有機率挑釁,这个物品可以带到附魔师处，为你的法术宝石添加以下词条：\n\n使用后有几率挑衅,이 아이템은 마법 부여자에게 가져가 주문 보석에 다음 속성을 추가할 수 있습니다:\n\n사용 후 도발 확률,"Ten przedmiot można zanieść do Zaklinacza, aby dodać następującą właściwość do twoich Klejnotów Zaklęć:\n\nSzansa na Sprowokowanie Po Użyciu","Цей предмет можна віднести до Чарівника, щоб додати наступну властивість до ваших Каменів Заклинань:\n\nШанс Спровокувати Після Використання",Dit voorwerp kan naar de Betoveraar worden gebracht om de volgende eigenschap aan je Spreukstenen toe te voegen:\n\nKans om te Provoceren Na Gebruik,"Bu eşya, Büyü Taşlarınıza aşağıdaki özelliği eklemek için Büyücü'ye götürülebilir:\n\nKullanımdan Sonra Kışkırtma Şansı"
L_ID_DUST_GARNET,,This item can be taken to the Enchanter to add the following property to your Spell Gems:\n\nChance to Cast Twice,このアイテムは付呪師に持っていくことで、呪文の宝石に以下の特性を追加できます：\n\n二重詠唱の可能性,"Dieser Gegenstand kann zum Verzauberer gebracht werden, um deinen Zaubersteinen folgende Eigenschaft hinzuzufügen:\n\nChance, zweimal zu wirken",Cet objet peut être apporté à l'Enchanteur pour ajouter la propriété suivante à vos Gemmes de Sort :\n\nChance de Lancer Deux Fois,Este objeto puede llevarse al Encantador para añadir la siguiente propiedad a tus Gemas de Hechizo:\n\nProbabilidad de Lanzar Dos Veces,Este item pode ser levado ao Encantador para adicionar a seguinte propriedade às suas Gemas de Feitiço:\n\nChance de Lançar Duas Vezes,"Этот предмет можно отнести Чародею, чтобы добавить следующее свойство к вашим Самоцветам Заклинаний:\n\nШанс Применить Дважды",Questo oggetto può essere portato all'Incantatore per aggiungere la seguente proprietà alle tue Gemme Incantesimo:\n\nPossibilità di Lanciare Due Volte,此物品可以帶到附魔師處，為你的法術寶石添加以下屬性：\n\n有機率施放兩次,这个物品可以带到附魔师处，为你的法术宝石添加以下词条：\n\n有几率施放两次,이 아이템은 마법 부여자에게 가져가 주문 보석에 다음 속성을 추가할 수 있습니다:\n\n두 번 시전 확률,"Ten przedmiot można zanieść do Zaklinacza, aby dodać następującą właściwość do twoich Klejnotów Zaklęć:\n\nSzansa na Podwójne Rzucenie","Цей предмет можна віднести до Чарівника, щоб додати наступну властивість до ваших Каменів Заклинань:\n\nШанс Спрацювати Двічі",Dit voorwerp kan naar de Betoveraar worden gebracht om de volgende eigenschap aan je Spreukstenen toe te voegen:\n\nKans om Tweemaal te Casten,"Bu eşya, Büyü Taşlarınıza aşağıdaki özelliği eklemek için Büyücü'ye götürülebilir:\n\nİki Kez Büyü Yapma Şansı"
L_ID_DUST_JADE,,"This item can be taken to the Enchanter to add the following property to your Spell Gems:\n\nGenerosity: at the start of battle, this gem is shared with the bearer's allies with only 1 Charge.",このアイテムは付呪師に持っていくことで、呪文の宝石に以下の特性を追加できます：\n\n寛大さ：戦闘開始時、この宝石は所持者の味方と共有されますが、チャージは1つだけになります。,"Dieser Gegenstand kann zum Verzauberer gebracht werden, um deinen Zaubersteinen folgende Eigenschaft hinzuzufügen:\n\nGroßzügigkeit: Zu Beginn des Kampfes wird dieser Stein mit den Verbündeten des Trägers geteilt, jedoch nur mit 1 Ladung.","Cet objet peut être apporté à l'Enchanteur pour ajouter la propriété suivante à vos Gemmes de Sort :\n\nGénérosité : au début du combat, cette gemme est partagée avec les alliés du porteur avec seulement 1 Charge.","Este objeto puede llevarse al Encantador para añadir la siguiente propiedad a tus Gemas de Hechizo:\n\nGenerosidad: al inicio del combate, esta gema se comparte con los aliados del portador con solo 1 Carga.","Este item pode ser levado ao Encantador para adicionar a seguinte propriedade às suas Gemas de Feitiço:\n\nGenerosidade: no início da batalha, esta gema é compartilhada com os aliados do portador com apenas 1 Carga.","Этот предмет можно отнести к Чародею, чтобы добавить следующее свойство к вашим Самоцветам Заклинаний:\n\nЩедрость: в начале боя этот самоцвет передаётся союзникам носителя, но только с 1 Зарядом.","Questo oggetto può essere portato all'Incantatore per aggiungere la seguente proprietà alle tue Gemme Incantesimo:\n\nGenerosità: all'inizio della battaglia, questa gemma viene condivisa con gli alleati del portatore con solo 1 Carica.",此物品可以帶到附魔師處，為你的法術寶石添加以下屬性：\n\n慷慨：戰鬥開始時，此寶石會與持有者的盟友共享，但僅有1次充能。,这个物品可以带到附魔师处，为你的法术宝石添加以下词条：\n\n慷慨：战斗开始时，这个宝石会与持有者的盟友共享，但只有1点充能。,"이 아이템은 마법 보석에 다음 속성을 추가하기 위해 마법 부여자에게 가져갈 수 있습니다:\n\n관대함: 전투 시작 시, 이 보석은 단 1번의 충전만으로 소지자의 동료들과 공유됩니다.","Ten przedmiot można zanieść do Zaklinacza, aby dodać następującą właściwość do twoich Klejnotów Zaklęć:\n\nHojność: na początku walki ten klejnot jest współdzielony z sojusznikami posiadacza, ale tylko z 1 Ładunkiem.","Цей предмет можна віднести до Чарівника, щоб додати наступну властивість до ваших Магічних Самоцвітів:\n\nЩедрість: на початку бою цей самоцвіт передається союзникам носія лише з 1 Зарядом.",Dit voorwerp kan naar de Betoveraar worden gebracht om de volgende eigenschap aan je Spreukstenen toe te voegen:\n\nGulheid: aan het begin van het gevecht wordt deze steen gedeeld met de bondgenoten van de drager met slechts 1 Lading.,"Bu eşya, Büyü Taşlarınıza aşağıdaki özelliği eklemek için Büyücü'ye götürülebilir:\n\nCömertlik: savaşın başında, bu taş sadece 1 Şarj ile taşıyıcının müttefikleriyle paylaşılır."
L_ID_DUST_JASPER,,This item can be taken to the Enchanter to add the following property to your Spell Gems:\n\nIncreased Duration,このアイテムは付呪師に持っていくことで、呪文の宝石に以下の特性を追加できます：\n\n持続時間増加,"Dieser Gegenstand kann zum Verzauberer gebracht werden, um deinen Zaubersteinen folgende Eigenschaft hinzuzufügen:\n\nErhöhte Dauer",Cet objet peut être apporté à l'Enchanteur pour ajouter la propriété suivante à vos Gemmes de Sort :\n\nDurée Augmentée,Este objeto puede llevarse al Encantador para añadir la siguiente propiedad a tus Gemas de Hechizo:\n\nDuración Aumentada,Este item pode ser levado ao Encantador para adicionar a seguinte propriedade às suas Gemas de Feitiço:\n\nDuração Aumentada,"Этот предмет можно отнести Чародею, чтобы добавить следующее свойство к вашим Самоцветам Заклинаний:\n\nУвеличенная Длительность",Questo oggetto può essere portato all'Incantatore per aggiungere la seguente proprietà alle tue Gemme Incantesimo:\n\nDurata Aumentata,此物品可以帶到附魔師處，為你的法術寶石添加以下屬性：\n\n持續時間延長,这个物品可以带到附魔师处，为你的法术宝石添加以下词条：\n\n持续时间延长,이 아이템은 마법부여사에게 가져가 주문 보석에 다음 속성을 추가할 수 있습니다:\n\n지속시간 증가,"Ten przedmiot można zanieść do Zaklinacza, aby dodać następującą właściwość do twoich Klejnotów Zaklęć:\n\nWydłużony Czas Trwania","Цей предмет можна віднести до Чарівника, щоб додати наступну властивість до ваших Каменів Заклинань:\n\nЗбільшена Тривалість",Dit voorwerp kan naar de Betoveraar worden gebracht om de volgende eigenschap aan je Spreukstenen toe te voegen:\n\nVerlengde Duur,"Bu eşya, Büyü Taşlarınıza aşağıdaki özelliği eklemek için Büyücü'ye götürülebilir:\n\nArttırılmış Süre"
L_ID_DUST_MALACHITE,,This item can be taken to the Enchanter to add the following property to your Spell Gems:\n\nIncreased Stat Potency,このアイテムは付呪師に持っていくことで、呪文の宝石に以下の特性を追加できます：\n\n能力値効果上昇,"Dieser Gegenstand kann zum Verzauberer gebracht werden, um deinen Zaubersteinen folgende Eigenschaft hinzuzufügen:\n\nErhöhte Statuswirksamkeit",Cet objet peut être apporté à l'Enchanteur pour ajouter la propriété suivante à vos Gemmes de Sort :\n\nPuissance de Statistique Accrue,Este objeto puede llevarse al Encantador para añadir la siguiente propiedad a tus Gemas de Hechizo:\n\nPotencia de Estadística Aumentada,Este item pode ser levado ao Encantador para adicionar a seguinte propriedade às suas Gemas de Feitiço:\n\nPotência de Atributo Aumentada,"Этот предмет можно отнести Чародею, чтобы добавить следующее свойство к вашим Самоцветам Заклинаний:\n\nУвеличенная Сила Характеристик",Questo oggetto può essere portato all'Incantatore per aggiungere la seguente proprietà alle tue Gemme Incantesimo:\n\nPotenza Statistica Aumentata,此物品可以帶到附魔師處，為你的法術寶石添加以下屬性：\n\n提升屬性效能,这个物品可以带到附魔师处，为你的法术宝石添加以下词条：\n\n提高属性值效能,이 아이템은 마법 부여자에게 가져가 주문 보석에 다음 속성을 추가할 수 있습니다:\n\n능력치 효능 증가,"Ten przedmiot można zanieść do Zaklinacza, aby dodać następującą właściwość do twoich Klejnotów Zaklęć:\n\nZwiększona Moc Statystyk","Цей предмет можна віднести до Чарівника, щоб додати наступну властивість до ваших Каменів Заклинань:\n\nПідвищена Сила Характеристик",Dit voorwerp kan naar de Betoveraar worden gebracht om de volgende eigenschap aan je Spreukstenen toe te voegen:\n\nVerhoogde Statistiek Kracht,"Bu eşya, Büyü Taşlarınıza aşağıdaki özelliği eklemek için Büyücü'ye götürülebilir:\n\nArttırılmış Özellik Gücü"
L_ID_DUST_MOONSTONE,,This item can be taken to the Enchanter to add the following property to your Spell Gems:\n\nIncreased Damage,このアイテムは付呪師に持っていくことで、呪文の宝石に以下の特性を追加できる：\n\n威力上昇,"Dieser Gegenstand kann zum Verzauberer gebracht werden, um deinen Zaubersteinen folgende Eigenschaft hinzuzufügen:\n\nErhöhter Schaden",Cet objet peut être apporté à l'Enchanteur pour ajouter la propriété suivante à vos Gemmes de Sort :\n\nDégâts augmentés,Este objeto puede llevarse al Encantador para añadir la siguiente propiedad a tus Gemas de Hechizo:\n\nDaño Aumentado,Este item pode ser levado ao Encantador para adicionar a seguinte propriedade às suas Gemas de Feitiço:\n\nDano Aumentado,"Этот предмет можно отнести Чародею, чтобы добавить следующее свойство к вашим Самоцветам Заклинаний:\n\nУвеличенный Урон",Questo oggetto può essere portato all'Incantatore per aggiungere la seguente proprietà alle tue Gemme Incantesimo:\n\nDanno Aumentato,此物品可以帶到附魔師處，為你的法術寶石添加以下屬性：\n\n增加傷害,这个物品可以带到附魔师处，为你的法术宝石添加以下词条：\n\n伤害提高,이 아이템은 마법 부여자에게 가져가 주문 보석에 다음 속성을 추가할 수 있습니다:\n\n피해량 증가,"Ten przedmiot można zanieść do Zaklinacza, aby dodać następującą właściwość do twoich Klejnotów Zaklęć:\n\nZwiększone Obrażenia","Цей предмет можна віднести до Чарівника, щоб додати наступну властивість до ваших Каменів Заклинань:\n\nЗбільшена Шкода",Dit voorwerp kan naar de Betoveraar worden gebracht om de volgende eigenschap aan je Spreukstenen toe te voegen:\n\nVerhoogde Schade,"Bu eşya, Büyü Taşlarınıza aşağıdaki özelliği eklemek için Büyücü'ye götürülebilir:\n\nArttırılmış Hasar"
L_ID_DUST_OBSIDIAN,,This item can be taken to the Enchanter to add the following property to your Spell Gems:\n\nIncreased Healing,このアイテムは付呪師に持っていくことで、呪文の宝石に以下の特性を追加できます：\n\n回復量上昇,"Dieser Gegenstand kann zum Verzauberer gebracht werden, um deinen Zaubersteinen folgende Eigenschaft hinzuzufügen:\n\nErhöhte Heilung",Cet objet peut être apporté à l'Enchanteur pour ajouter la propriété suivante à vos Gemmes de Sort :\n\nSoins Améliorés,Este objeto puede llevarse al Encantador para añadir la siguiente propiedad a tus Gemas de Hechizo:\n\nCuración Aumentada,Este item pode ser levado ao Encantador para adicionar a seguinte propriedade às suas Gemas de Feitiço:\n\nCura Aumentada,"Этот предмет можно отнести Чародею, чтобы добавить следующее свойство к вашим Самоцветам Заклинаний:\n\nУвеличенное Исцеление",Questo oggetto può essere portato all'Incantatore per aggiungere la seguente proprietà alle tue Gemme Incantesimo:\n\nGuarigione Aumentata,此物品可以帶到附魔師處，為你的法術寶石添加以下屬性：\n\n治療效果提升,这个物品可以带到附魔师处，为你的法术宝石添加以下词条：\n\n治疗提升,이 아이템은 마법 부여자에게 가져가 주문 보석에 다음 속성을 추가할 수 있습니다:\n\n치유량 증가,"Ten przedmiot można zanieść do Zaklinacza, aby dodać następującą właściwość do twoich Klejnotów Zaklęć:\n\nZwiększone Leczenie","Цей предмет можна віднести до Чарівника, щоб додати наступну властивість до ваших Магічних Самоцвітів:\n\nПосилене Зцілення",Dit voorwerp kan naar de Betoveraar worden gebracht om de volgende eigenschap aan je Spreukstenen toe te voegen:\n\nVerhoogde Genezing,"Bu eşya, Büyü Taşlarınıza aşağıdaki özelliği eklemek için Büyücü'ye götürülebilir:\n\nArttırılmış İyileştirme"
L_ID_DUST_ONYX,,This item can be taken to the Enchanter to add the following property to your Spell Gems:\n\nPotency Based On Attack,このアイテムは付呪師に持っていくことで、呪文の宝石に以下の特性を追加できます：\n\n攻撃力に基づく威力,"Dieser Gegenstand kann zum Verzauberer gebracht werden, um deinen Zaubersteinen folgende Eigenschaft hinzuzufügen:\n\nZaubermacht basiert auf Angriff",Cet objet peut être apporté à l'Enchanteur pour ajouter la propriété suivante à vos Gemmes de Sort :\n\nPuissance Basée sur l'Attaque,Este objeto puede llevarse al Encantador para añadir la siguiente propiedad a tus Gemas de Hechizo:\n\nPotencia Basada en Ataque,Este item pode ser levado ao Encantador para adicionar a seguinte propriedade às suas Gemas de Feitiço:\n\nPotência Baseada no Ataque,"Этот предмет можно отнести к Чародею, чтобы добавить следующее свойство к вашим Самоцветам Заклинаний:\n\nМощь на основе Атаки",Questo oggetto può essere portato all'Incantatore per aggiungere la seguente proprietà alle tue Gemme Incantesimo:\n\nPotenza Basata sull'Attacco,此物品可以帶到附魔師處，為你的法術寶石添加以下屬性：\n\n基於攻擊的威力,这个物品可以带到附魔师处，为你的法术宝石添加以下词条：\n\n效能基于攻击,이 아이템은 마법 보석에 다음 속성을 추가하기 위해 마법 부여자에게 가져갈 수 있습니다:\n\n공격력 기반 위력,"Ten przedmiot można zanieść do Zaklinacza, aby dodać następującą właściwość do twoich Klejnotów Zaklęć:\n\nMoc Oparta na Ataku","Цей предмет можна віднести до Чарівника, щоб додати наступну властивість до ваших Каменів Заклинань:\n\nСила на основі Атаки",Dit voorwerp kan naar de Betoveraar worden gebracht om de volgende eigenschap aan je Spreukstenen toe te voegen:\n\nKracht Gebaseerd Op Aanval,"Bu eşya, Büyü Taşlarınıza aşağıdaki özelliği eklemek için Büyücü'ye götürülebilir:\n\nSaldırıya Dayalı Güç"
L_ID_DUST_OPAL,,This item can be taken to the Enchanter to add the following property to your Spell Gems:\n\nClass Swap,このアイテムは付呪師に持っていくことで、呪文の宝石に以下の特性を追加できます：\n\nクラス交換,"Dieser Gegenstand kann zum Verzauberer gebracht werden, um deinen Zaubersteinen folgende Eigenschaft hinzuzufügen:\n\nKlassentausch",Cet objet peut être apporté à l'Enchanteur pour ajouter la propriété suivante à vos Gemmes de Sort :\n\nÉchange de Classe,Este objeto puede llevarse al Encantador para añadir la siguiente propiedad a tus Gemas de Hechizo:\n\nIntercambio de Clase,Este item pode ser levado ao Encantador para adicionar a seguinte propriedade às suas Gemas de Feitiço:\n\nTroca de Classe,"Этот предмет можно отнести Чародею, чтобы добавить следующее свойство к вашим Самоцветам Заклинаний:\n\nСмена Класса",Questo oggetto può essere portato all'Incantatore per aggiungere la seguente proprietà alle tue Gemme Incantesimo:\n\nScambio Classe,此物品可以帶到附魔師處，為你的法術寶石添加以下屬性：\n\n職業互換,这个物品可以带到附魔师处，为你的法术宝石添加以下词条：\n\n系别转换,이 아이템을 마법부여사에게 가져가면 주문 보석에 다음 속성을 추가할 수 있습니다:\n\n클래스 교체,"Ten przedmiot można zanieść do Zaklinacza, aby dodać następującą właściwość do twoich Klejnotów Zaklęć:\n\nZamiana Klasy","Цей предмет можна віднести до Чарівника, щоб додати наступну властивість до ваших Каменів Заклинань:\n\nЗміна Класу",Dit voorwerp kan naar de Betoveraar worden gebracht om de volgende eigenschap aan je Spreukstenen toe te voegen:\n\nKlassewisseling,"Bu eşya, Büyü Taşlarınıza aşağıdaki özelliği eklemek için Büyücü'ye götürülebilir:\n\nSınıf Değişimi"
L_ID_DUST_SAPPHIRE,,This item can be taken to the Enchanter to add the following property to your Spell Gems:\n\nPotency Based On Speed,このアイテムは付呪師に持っていくことで、呪文の宝石に以下の特性を追加できます：\n\n速度に基づく威力,"Dieser Gegenstand kann zum Verzauberer gebracht werden, um deinen Zaubersteinen folgende Eigenschaft hinzuzufügen:\n\nZaubermacht basierend auf Geschwindigkeit",Cet objet peut être apporté à l'Enchanteur pour ajouter la propriété suivante à vos Gemmes de Sort :\n\nPuissance Basée sur la Vitesse,Este objeto puede llevarse al Encantador para añadir la siguiente propiedad a tus Gemas de Hechizo:\n\nPotencia Basada en Velocidad,Este item pode ser levado ao Encantador para adicionar a seguinte propriedade às suas Gemas de Feitiço:\n\nPotência Baseada na Velocidade,"Этот предмет можно отнести к Чародею, чтобы добавить следующее свойство к вашим Самоцветам Заклинаний:\n\nСила зависит от Скорости",Questo oggetto può essere portato all'Incantatore per aggiungere la seguente proprietà alle tue Gemme Incantesimo:\n\nPotenza Basata sulla Velocità,此物品可以帶到附魔師處，為你的法術寶石添加以下屬性：\n\n基於速度的威力,这个物品可以带到附魔师处，为你的法术宝石添加以下词条：\n\n效能基于速度,이 아이템은 마법 부여자에게 가져가 주문 보석에 다음 속성을 추가할 수 있습니다:\n\n속도 기반 위력,"Ten przedmiot można zanieść do Zaklinacza, aby dodać następującą właściwość do twoich Klejnotów Zaklęć:\n\nMoc Zależna Od Szybkości","Цей предмет можна віднести до Чарівника, щоб додати наступну властивість до ваших Магічних Самоцвітів:\n\nСила залежить від швидкості",Dit voorwerp kan naar de Betoveraar worden gebracht om de volgende eigenschap aan je Spreukstenen toe te voegen:\n\nKracht Gebaseerd Op Snelheid,"Bu eşya, Büyü Taşlarınıza aşağıdaki özelliği eklemek için Büyücü'ye götürülebilir:\n\nHıza Dayalı Güç"
L_ID_DUST_TOPAZ,,This item can be taken to the Enchanter to add the following property to your Spell Gems:\n\nPotency Based On Defense,この道具は付術師に持っていくことで、呪文の宝石に以下の特性を追加できる：\n\n防御力に基づく威力,"Dieser Gegenstand kann zum Verzauberer gebracht werden, um deinen Zaubersteinen folgende Eigenschaft hinzuzufügen:\n\nZaubermacht basiert auf Verteidigung",Cet objet peut être apporté à l'Enchanteur pour ajouter la propriété suivante à vos Gemmes de Sort :\n\nPuissance Basée sur la Défense,Este objeto puede llevarse al Encantador para añadir la siguiente propiedad a tus Gemas de Hechizo:\n\nPotencia Basada en Defensa,Este item pode ser levado ao Encantador para adicionar a seguinte propriedade às suas Gemas de Feitiço:\n\nPotência Baseada na Defesa,"Этот предмет можно отнести к Чародею, чтобы добавить следующее свойство к вашим Самоцветам Заклинаний:\n\nСила зависит от Защиты",Questo oggetto può essere portato all'Incantatore per aggiungere la seguente proprietà alle tue Gemme Incantesimo:\n\nPotenza Basata sulla Difesa,此物品可以帶到附魔師處，為你的法術寶石添加以下屬性：\n\n基於防禦的威力,这个物品可以带到附魔师处，为你的法术宝石添加以下词条：\n\n效能基于防御,이 아이템은 마법 부여자에게 가져가 주문 보석에 다음 속성을 추가할 수 있습니다:\n\n방어력 기반 위력,"Ten przedmiot można zanieść do Zaklinacza, aby dodać następującą właściwość do twoich Klejnotów Zaklęć:\n\nMoc Oparta na Obronie","Цей предмет можна віднести до Чарівника, щоб додати наступну властивість до ваших Каменів Заклинань:\n\nСила на основі Захисту",Dit voorwerp kan naar de Betoveraar worden gebracht om de volgende eigenschap aan je Spreukstenen toe te voegen:\n\nKracht Gebaseerd Op Verdediging,"Bu eşya, Büyü Taşlarınıza aşağıdaki özelliği eklemek için Büyücü'ye götürülebilir:\n\nSavunmaya Dayalı Güç"
L_ID_DUST_TOURMALINE,,This item can be taken to the Enchanter to add the following property to your Spell Gems:\n\nPotency Based On Health,このアイテムは付呪師に持っていくことで、呪文の宝石に以下の特性を追加できます：\n\n体力に基づく威力,"Dieser Gegenstand kann zum Verzauberer gebracht werden, um deinen Zaubersteinen folgende Eigenschaft hinzuzufügen:\n\nZaubermacht basierend auf Gesundheit",Cet objet peut être apporté à l'Enchanteur pour ajouter la propriété suivante à vos Gemmes de Sort :\n\nPuissance Basée Sur la Santé,Este objeto puede llevarse al Encantador para añadir la siguiente propiedad a tus Gemas de Hechizo:\n\nPotencia Basada en Salud,Este item pode ser levado ao Encantador para adicionar a seguinte propriedade às suas Gemas de Feitiço:\n\nPotência Baseada na Saúde,"Этот предмет можно отнести к Чародею, чтобы добавить следующее свойство к вашим Самоцветам Заклинаний:\n\nСила зависит от Здоровья",Questo oggetto può essere portato all'Incantatore per aggiungere la seguente proprietà alle tue Gemme Incantesimo:\n\nPotenza Basata sulla Salute,此物品可以帶到附魔師處，為你的法術寶石添加以下屬性：\n\n基於生命值的威力,这个物品可以带到附魔师处，为你的法术宝石添加以下词条：\n\n效能基于生命值,이 아이템은 마법 부여자에게 가져가 주문 보석에 다음 속성을 추가할 수 있습니다:\n\n체력 기반 위력,"Ten przedmiot można zanieść do Zaklinacza, aby dodać następującą właściwość do twoich Klejnotów Zaklęć:\n\nMoc Zależna Od Zdrowia","Цей предмет можна віднести до Чарівника, щоб додати наступну властивість до ваших Каменів Заклинань:\n\nСила залежить від Здоров'я",Dit voorwerp kan naar de Betoveraar worden gebracht om de volgende eigenschap aan je Spreukstenen toe te voegen:\n\nKracht Gebaseerd Op Gezondheid,"Bu eşya, Büyü Taşlarınıza aşağıdaki özelliği eklemek için Büyücü'ye götürülebilir:\n\nCana Dayalı Güç"
L_ID_NETHER_STONE_DESC,"1 = rarity number, 2 = list of properties",Rarity: {1}\n\nSocket an Artifact's Nether Slot with this item to gain these properties:\n\n{2},レアリティ: {1}\n\nこのアイテムをアーティファクトの冥府スロットに装着すると、以下の特性を獲得します:\n\n{2},"Seltenheit: {1}\n\nBestücke den Äther-Sockel eines Artefakts mit diesem Gegenstand, um diese Eigenschaften zu erhalten:\n\n{2}",Rareté : {1}\n\nSertissez l'Emplacement Néant d'un Artéfact avec cet objet pour obtenir ces propriétés :\n\n{2},Rareza: {1}\n\nColoca este objeto en la Ranura de Vacío de un Artefacto para obtener estas propiedades:\n\n{2},Raridade: {1}\n\nEncaixe este item no Slot Inferior de um Artefato para ganhar estas propriedades:\n\n{2},"Редкость: {1}\n\nВставьте этот предмет в Пустотный Слот Артефакта, чтобы получить следующие свойства:\n\n{2}",Rarità: {1}\n\nInserisci questo oggetto nello Slot Abissale di un Artefatto per ottenere queste proprietà:\n\n{2},稀有度: {1}\n\n將此物品鑲嵌到神器的虛空插槽中以獲得以下屬性：\n\n{2},稀有度: {1}\n\n将此物品镶嵌到神器的下界石槽中以获得以下词条：\n\n{2},희귀도: {1}\n\n이 아이템으로 유물의 네더 슬롯을 장착하여 다음 속성을 얻으세요:\n\n{2},"Rzadkość: {1}\n\nUmieść ten przedmiot w Gnieździe Netheru Artefaktu, aby zyskać te właściwości:\n\n{2}","Рідкісність: {1}\n\nВставте цей предмет у Потойбічний Слот Артефакту, щоб отримати ці властивості:\n\n{2}",Zeldzaamheid: {1}\n\nPlaats dit item in de Nether-sleuf van een Artefact om deze eigenschappen te verkrijgen:\n\n{2},Nadirlik: {1}\n\nBu eşyayı bir Eserin Öte Yuvasına yerleştirerek şu özellikleri kazanın:\n\n{2}
L_ID_CURRENCY_DESCRIPTION,,These resources are recognized as one of five types of currency that can be used to purchase goods and services all across Rodia.\n\nThis item is automatically added to your Currency when you pick it up.,これらの資源はロディア全土で商品やサービスを購入するために使用できる5種類の通貨の一つとして認識されています。\n\n入手すると自動的にあなたの通貨に追加されるアイテムです。,"Diese Ressourcen werden als eine von fünf Währungsarten anerkannt, die zum Kauf von Waren und Dienstleistungen in ganz Rodia verwendet werden können.\n\nDieser Gegenstand wird automatisch deiner Währung hinzugefügt, wenn du ihn aufhebst.",Ces ressources sont reconnues comme l'un des cinq types de monnaie qui peuvent être utilisés pour acheter des biens et des services partout sur Rodia.\n\nCet objet est automatiquement ajouté à votre Devise lorsque vous le ramassez.,Estos recursos son reconocidos como uno de los cinco tipos de moneda que pueden usarse para comprar bienes y servicios en todo Rodia.\n\nEste objeto se añade automáticamente a tu Moneda cuando lo recoges.,Esses recursos são reconhecidos como um dos cinco tipos de moeda que podem ser usados para comprar bens e serviços por toda Rodia.\n\nEste item é automaticamente adicionado à sua Moeda quando você o pega.,"Эти ресурсы признаны одним из пяти типов валюты, которые можно использовать для покупки товаров и услуг по всей Родии.\n\nЭтот предмет автоматически добавляется в вашу Валюту при подборе.",Queste risorse sono riconosciute come uno dei cinque tipi di valuta che possono essere utilizzati per acquistare beni e servizi in tutta Rodia.\n\nQuesto oggetto viene automaticamente aggiunto alla tua Valuta quando lo raccogli.,這些資源被視為五種貨幣之一，可用於在羅迪亞各地購買商品和服務。\n\n當你拾取此物品時，它會自動添加到你的貨幣中。,这些资源被视为可在罗迪亚全境用于购买商品和服务的五种货币之一。\n\n当你拾取此物品时，它将自动添加到你的货币中。,이 자원들은 로디아 전역에서 물품과 서비스를 구매하는 데 사용할 수 있는 다섯 가지 유형의 화폐 중 하나로 인정받고 있습니다.\n\n이 아이템은 획득 시 자동으로 당신의 통화에 추가됩니다.,"Te zasoby są uznawane za jeden z pięciu rodzajów waluty, które można wykorzystać do zakupu towarów i usług w całej Rodii.\n\nTen przedmiot jest automatycznie dodawany do Twojej Waluty, gdy go podnosisz.","Ці ресурси визнаються одним із п'яти типів валюти, яку можна використовувати для придбання товарів і послуг по всій Родії.\n\nЦей предмет автоматично додається до вашої Валюти, коли ви його підбираєте.",Deze grondstoffen worden erkend als een van de vijf soorten valuta die kunnen worden gebruikt om goederen en diensten te kopen in heel Rodia.\n\nDit voorwerp wordt automatisch aan je Valuta toegevoegd wanneer je het oppakt.,"Bu kaynaklar, Rodia genelinde mal ve hizmet satın almak için kullanılabilen beş para birimi türünden biri olarak kabul edilir.\n\nBu eşya toplandığında otomatik olarak Para Biriminize eklenir."
L_ID_CURRENCY_BRIMSTONE,,"Contains 400 Brimstone, which will be added to your total Currency automatically when you pick up this item.",400個のブリムストーンが含まれており、このアイテムを拾うと自動的に総通貨に追加されます。,"Enthält 400 Schwefel, die automatisch zu deiner Gesamtwährung hinzugefügt werden, wenn du diesen Gegenstand aufhebst.","Contient 400 Soufre, qui sera automatiquement ajouté à votre Monnaie totale lorsque vous ramasserez cet objet.","Contiene 400 Azufre, que se añadirá automáticamente a tu Moneda total cuando recojas este objeto.","Contém 400 Pedras de Enxofre, que serão adicionadas automaticamente ao seu total de Moeda quando você pegar este item.","Содержит 400 Серы, которая автоматически добавится к вашей общей Валюте, когда вы подберёте этот предмет.","Contiene 400 Zolfo, che verrà aggiunto automaticamente alla tua Valuta totale quando raccogli questo oggetto.",包含400硫磺，當你拾取此物品時，會自動添加到你的總貨幣中。,包含400硫磺，拾取此物品时，它将自动添加到你的货币中。,이 아이템을 획득하면 400 브림스톤이 자동으로 당신의 총 통화에 추가됩니다.,"Zawiera 400 Siarki, która zostanie automatycznie dodana do twojej łącznej Waluty po podniesieniu tego przedmiotu.","Містить 400 Сірки, яка автоматично додається до вашої загальної Валюти, коли ви підбираєте цей предмет.","Bevat 400 Zwavelsteen, dat automatisch aan je totale Valuta wordt toegevoegd wanneer je dit voorwerp oppakt.","400 Brimstone içerir, bu eşyayı aldığınızda otomatik olarak toplam Para Birimine eklenecektir."
L_ID_CURRENCY_CRYSTAL,,"Contains 400 Crystal, which will be added to your total Currency automatically when you pick up this item.",このアイテムを拾うと、400クリスタルが自動的にあなたの総通貨に追加されます。,"Enthält 400 Kristalle, die automatisch zu deiner Gesamtwährung hinzugefügt werden, wenn du diesen Gegenstand aufhebst.","Contient 400 Cristaux, qui seront automatiquement ajoutés à votre Monnaie totale lorsque vous ramasserez cet objet.","Contiene 400 Cristales, que se añadirán automáticamente a tu Moneda total cuando recojas este objeto.","Contém 400 Cristais, que serão adicionados automaticamente ao seu total de Moeda quando você pegar este item.","Содержит 400 Кристаллов, которые автоматически добавятся к вашей общей Валюте, когда вы подберёте этот предмет.","Contiene 400 Cristalli, che verranno aggiunti automaticamente alla tua Valuta totale quando raccogli questo oggetto.",包含400水晶，當你拾取此物品時，將自動添加至你的總貨幣中。,包含400水晶，拾取此物品时，它将自动添加到你的货币中。,이 아이템을 획득하면 400 크리스탈이 자동으로 당신의 총 통화에 추가됩니다.,"Zawiera 400 Kryształów, które zostaną automatycznie dodane do twojej łącznej Waluty, gdy podniesiesz ten przedmiot.","Містить 400 Кристалів, які автоматично додаються до вашої загальної Валюти, коли ви підбираєте цей предмет.","Bevat 400 Kristal, dat automatisch aan je totale Valuta wordt toegevoegd wanneer je dit voorwerp oppakt.","400 Kristal içerir, bu eşyayı aldığınızda otomatik olarak toplam Para Birimine eklenecektir."
L_ID_CURRENCY_ESSENCE,,"Contains 400 Essence, which will be added to your total Currency automatically when you pick up this item.",このアイテムを拾うと、400のエッセンスが自動的にあなたの総通貨に追加されます。,"Enthält 400 Essenz, die automatisch zu deiner Gesamtwährung hinzugefügt wird, wenn du diesen Gegenstand aufhebst.","Contient 400 Essence, qui sera automatiquement ajoutée à votre Monnaie totale lorsque vous ramasserez cet objet.","Contiene 400 Esencia, que se añadirá automáticamente a tu Moneda total cuando recojas este objeto.","Contém 400 Essência, que será adicionada automaticamente ao seu total de Moeda quando você pegar este item.","Содержит 400 Эссенции, которая автоматически добавится к вашей общей Валюте, когда вы подберёте этот предмет.","Contiene 400 Essenza, che verrà aggiunta automaticamente alla tua Valuta totale quando raccogli questo oggetto.",包含400精華，當你拾取此物品時，將自動添加至你的總貨幣中。,包含400精华，拾取此物品时，它将自动添加到你的货币中。,이 아이템을 획득하면 400 에센스가 자동으로 당신의 총 통화에 추가됩니다.,"Zawiera 400 Esencji, która zostanie automatycznie dodana do twojej łącznej Waluty po podniesieniu tego przedmiotu.","Містить 400 Есенції, яка автоматично додається до вашої загальної Валюти, коли ви підбираєте цей предмет.","Bevat 400 Essentie, die automatisch aan je totale Valuta wordt toegevoegd wanneer je dit voorwerp oppakt.","400 Öz içerir, bu eşyayı aldığınızda otomatik olarak toplam Para Birimine eklenecektir."
L_ID_CURRENCY_GRANITE,,"Contains 400 Granite, which will be added to your total Currency automatically when you pick up this item.",この400個の花崗岩を含むアイテムを拾うと、自動的に総通貨に追加されます。,"Enthält 400 Granit, die automatisch zu deiner Gesamtwährung hinzugefügt werden, wenn du diesen Gegenstand aufhebst.","Contient 400 Granite, qui sera automatiquement ajouté à votre Monnaie totale lorsque vous ramasserez cet objet.","Contiene 400 de Granito, que se añadirá automáticamente a tu Moneda total cuando recojas este objeto.","Contém 400 Granito, que será adicionado automaticamente ao seu total de Moeda quando você pegar este item.","Содержит 400 гранита, который автоматически добавится к вашей общей валюте, когда вы подберёте этот предмет.","Contiene 400 Granito, che verrà aggiunto automaticamente alla tua Valuta totale quando raccogli questo oggetto.",包含400個花崗岩，當你拾取此物品時，將自動添加到你的總貨幣中。,包含400花岗岩，拾取此物品时，它将自动添加到你的货币中。,이 아이템을 획득하면 400 화강암이 자동으로 당신의 총 통화에 추가됩니다.,"Zawiera 400 Granitu, który zostanie automatycznie dodany do twojej łącznej Waluty po podniesieniu tego przedmiotu.","Містить 400 Граніту, який буде автоматично додано до вашої загальної Валюти, коли ви підберете цей предмет.","Bevat 400 Graniet, dat automatisch aan je totale Valuta wordt toegevoegd wanneer je dit voorwerp oppakt.","400 Granit içerir, bu eşyayı aldığınızda otomatik olarak toplam Para Birimine eklenecektir."
L_ID_SCROLL_ATTACK,,Increases a creature's base Attack by 1.\n\nCreatures can consume a maximum of 15 scrolls.,クリーチャーの基本攻撃力を1上昇させる。\n\nクリーチャーは最大15個の巻物を消費できる。,Erhöht den Basis-Angriff einer Kreatur um 1.\n\nKreaturen können maximal 15 Schriftrollen konsumieren.,Augmente l'Attaque de base d'une créature de 1.\n\nLes créatures peuvent consommer un maximum de 15 parchemins.,Aumenta el Ataque base de una criatura en 1.\n\nLas criaturas pueden consumir un máximo de 15 pergaminos.,Aumenta o Ataque base de uma criatura em 1.\n\nAs criaturas podem consumir no máximo 15 pergaminhos.,Увеличивает базовую Атаку существа на 1.\n\nСущества могут потребить максимум 15 свитков.,Aumenta l'Attacco base di una creatura di 1.\n\nLe creature possono consumare un massimo di 15 pergamene.,增加生物的基礎攻擊力1點。\n\n生物最多可以消耗15個卷軸。,增加生物的基础攻击1点。\n\n生物最多可以消耗15个卷轴。,생물의 기본 공격력을 1 증가시킵니다.\n\n생물은 최대 15개의 두루마리를 소비할 수 있습니다.,Zwiększa bazowy Atak stworzenia o 1.\n\nStworzenia mogą spożyć maksymalnie 15 zwojów.,Збільшує базову Атаку істоти на 1.\n\nІстоти можуть спожити максимум 15 сувоїв.,Verhoogt de basis Aanval van een wezen met 1.\n\nWezens kunnen maximaal 15 spreukenrollen consumeren.,Bir yaratığın temel Saldırısını 1 arttırır.\n\nYaratıklar en fazla 15 tomar tüketebilir.
L_ID_SCROLL_DEFENSE,,Increases a creature's base Defense by 1.\n\nCreatures can consume a maximum of 15 scrolls.,生物の基本防御力を1上昇させる。\n\n生物は最大15個の巻物を消費できる。,Erhöht die Basis-Verteidigung einer Kreatur um 1.\n\nKreaturen können maximal 15 Schriftrollen konsumieren.,Augmente la Défense de base d'une créature de 1.\n\nLes créatures peuvent consommer un maximum de 15 parchemins.,Aumenta la Defensa base de una criatura en 1.\n\nLas criaturas pueden consumir un máximo de 15 pergaminos.,Aumenta a Defesa base de uma criatura em 1.\n\nAs criaturas podem consumir um máximo de 15 pergaminhos.,Увеличивает базовую Защиту существа на 1.\n\nСущества могут потребить максимум 15 свитков.,Aumenta la Difesa base di una creatura di 1.\n\nLe creature possono consumare un massimo di 15 pergamene.,增加生物的基礎防禦力1點。\n\n生物最多可以消耗15個卷軸。,增加生物的基础防御1点。\n\n生物最多可以消耗15个卷轴。,생물의 기본 방어력을 1 증가시킵니다.\n\n생물은 최대 15개의 두루마리를 소비할 수 있습니다.,Zwiększa bazową Obronę stworzenia o 1.\n\nStworzenia mogą spożyć maksymalnie 15 zwojów.,Збільшує базовий Захист істоти на 1.\n\nІстоти можуть спожити максимум 15 сувоїв.,Verhoogt de basis Verdediging van een wezen met 1.\n\nWezens kunnen maximaal 15 spreukenrollen consumeren.,Bir yaratığın temel Savunmasını 1 arttırır.\n\nYaratıklar en fazla 15 tomar tüketebilir.
L_ID_SCROLL_INTELLIGENCE,,Increases a creature's base Intelligence by 1.\n\nCreatures can consume a maximum of 15 scrolls.,生物の基本知能を1上昇させる。\n\n生物は最大15個の巻物を消費できる。,Erhöht die Basis-Intelligenz einer Kreatur um 1.\n\nKreaturen können maximal 15 Schriftrollen konsumieren.,Augmente l'Intelligence de base d'une créature de 1.\n\nLes créatures peuvent consommer un maximum de 15 parchemins.,Aumenta la Inteligencia base de una criatura en 1.\n\nLas criaturas pueden consumir un máximo de 15 pergaminos.,Aumenta a Inteligência base de uma criatura em 1.\n\nAs criaturas podem consumir um máximo de 15 pergaminhos.,Увеличивает базовый Интеллект существа на 1.\n\nСущества могут употребить максимум 15 свитков.,Aumenta l'Intelligenza base di una creatura di 1.\n\nLe creature possono consumare un massimo di 15 pergamene.,增加生物的基礎智力值1點。\n\n生物最多可以消耗15個卷軸。,增加生物的基础智力1点。\n\n生物最多可以消耗15个卷轴。,생물의 기본 지능을 1 증가시킵니다.\n\n생물은 최대 15개의 두루마리를 소비할 수 있습니다.,Zwiększa podstawową Inteligencję stworzenia o 1.\n\nStworzenia mogą spożyć maksymalnie 15 zwojów.,Збільшує базовий Інтелект істоти на 1.\n\nІстоти можуть спожити максимум 15 сувоїв.,Verhoogt de basis Intelligentie van een wezen met 1.\n\nWezens kunnen maximaal 15 boekrollen consumeren.,Bir yaratığın temel Zekasını 1 arttırır.\n\nYaratıklar en fazla 15 tomar tüketebilir.
L_ID_SCROLL_SPEED,,Increases a creature's base Speed by 1.\n\nCreatures can consume a maximum of 15 scrolls.,生物の基本速度を1上昇させる。\n\n生物は最大15個の巻物を消費できる。,Erhöht die Basis-Geschwindigkeit einer Kreatur um 1.\n\nKreaturen können maximal 15 Schriftrollen konsumieren.,Augmente la Vitesse de base d'une créature de 1.\n\nLes créatures peuvent consommer un maximum de 15 parchemins.,Aumenta la Velocidad base de una criatura en 1.\n\nLas criaturas pueden consumir un máximo de 15 pergaminos.,Aumenta a Velocidade base de uma criatura em 1.\n\nCriaturas podem consumir um máximo de 15 pergaminhos.,Увеличивает базовую Скорость существа на 1.\n\nСущества могут потребить максимум 15 свитков.,Aumenta la Velocità base di una creatura di 1.\n\nLe creature possono consumare un massimo di 15 pergamene.,增加生物的基礎速度1點。\n\n生物最多可以消耗15個卷軸。,增加生物的基础速度1点。\n\n生物最多可以消耗15个卷轴。,생물의 기본 속도를 1 증가시킵니다.\n\n생물은 최대 15개의 두루마리를 소비할 수 있습니다.,Zwiększa bazową Szybkość stworzenia o 1.\n\nStworzenia mogą spożyć maksymalnie 15 zwojów.,Збільшує базову Швидкість істоти на 1.\n\nІстоти можуть спожити максимум 15 сувоїв.,Verhoogt de basis Snelheid van een wezen met 1.\n\nWezens kunnen maximaal 15 spreukenrollen consumeren.,Bir yaratığın temel Hızını 1 arttırır.\n\nYaratıklar en fazla 15 tomar tüketebilir.
L_ID_SCROLL_HEALTH,,Increases a creature's base Health by 1.\n\nCreatures can consume a maximum of 15 scrolls.,生物の基本体力を1増加させる。\n\n生物は最大15個の巻物を消費できる。,Erhöht die Basis-Gesundheit einer Kreatur um 1.\n\nKreaturen können maximal 15 Schriftrollen konsumieren.,Augmente la Santé de base d'une créature de 1.\n\nLes créatures peuvent consommer un maximum de 15 parchemins.,Aumenta la Salud base de una criatura en 1.\n\nLas criaturas pueden consumir un máximo de 15 pergaminos.,Aumenta a Saúde base de uma criatura em 1.\n\nCriaturas podem consumir um máximo de 15 pergaminhos.,Увеличивает базовое Здоровье существа на 1.\n\nСущества могут потребить максимум 15 свитков.,Aumenta la Salute base di una creatura di 1.\n\nLe creature possono consumare un massimo di 15 pergamene.,增加生物的基礎生命值1點。\n\n生物最多可以消耗15個卷軸。,增加生物的基础生命值1点。\n\n生物最多可以消耗15个卷轴。,생물의 기본 체력을 1 증가시킵니다.\n\n생물은 최대 15개의 두루마리를 소비할 수 있습니다.,Zwiększa podstawowe Zdrowie stworzenia o 1.\n\nStworzenia mogą spożyć maksymalnie 15 zwojów.,Збільшує базове Здоров'я істоти на 1.\n\nІстоти можуть спожити максимум 15 сувоїв.,Verhoogt de basis Gezondheid van een wezen met 1.\n\nWezens kunnen maximaal 15 spreuken consumeren.,Bir yaratığın temel Sağlığını 1 arttırır.\n\nYaratıklar en fazla 15 tomar tüketebilir.
L_ID_CURRENCY_POWER,,"Contains 400 Power, which will be added to your total Currency automatically when you pick up this item.",このアイテムを拾うと、400パワーが自動的にあなたの総通貨に追加されます。,"Enthält 400 Macht, die automatisch zu deiner Gesamtwährung hinzugefügt wird, wenn du diesen Gegenstand aufhebst.","Contient 400 Puissance, qui sera automatiquement ajoutée à votre Monnaie totale lorsque vous ramasserez cet objet.","Contiene 400 de Poder, que se añadirá automáticamente a tu Moneda total cuando recojas este objeto.","Contém 400 de Poder, que será adicionado automaticamente ao seu total de Moeda quando você pegar este item.","Содержит 400 Силы, которая будет автоматически добавлена к вашей общей Валюте, когда вы подберёте этот предмет.","Contiene 400 Potere, che verrà aggiunto automaticamente alla tua Valuta totale quando raccogli questo oggetto.",包含400力量，當你拾取此物品時，將自動添加至你的總貨幣中。,包含400能量，拾取此物品时，它将自动添加到你的货币中。,이 아이템을 획득하면 자동으로 총 통화에 추가되는 400 파워를 포함하고 있습니다.,"Zawiera 400 Mocy, która zostanie automatycznie dodana do twojej całkowitej Waluty, gdy podniesiesz ten przedmiot.","Містить 400 Сили, яка автоматично додасться до вашої загальної Валюти, коли ви підберете цей предмет.","Bevat 400 Kracht, die automatisch aan je totale Valuta wordt toegevoegd wanneer je dit voorwerp oppakt.","400 Güç içerir, bu eşyayı aldığınızda otomatik olarak toplam Para Birimine eklenecektir."
L_ID_KNOWLEDGE_POINTS_10,1 = creature name,Automatically grants a small amount of Knowledge Points about {1} creatures when you pick up this item.,このアイテムを拾うと、自動的に{1}の生物に関する少量の知識ポイントが付与されます。,"Gewährt automatisch eine kleine Menge an Wissenspunkten über {1}-Kreaturen, wenn du diesen Gegenstand aufhebst.",Octroie automatiquement une petite quantité de Points de Connaissance sur les créatures {1} lorsque vous ramassez cet objet.,Otorga automáticamente una pequeña cantidad de Puntos de Conocimiento sobre criaturas {1} cuando recoges este objeto.,Concede automaticamente uma pequena quantidade de Pontos de Conhecimento sobre criaturas {1} quando você pega este item.,Автоматически даёт небольшое количество Очков Знаний о существах {1} при подборе этого предмета.,Concede automaticamente una piccola quantità di Punti Conoscenza sulle creature {1} quando raccogli questo oggetto.,拾取此物品時，自動獲得少量關於{1}生物的知識點數。,拾取此物品时，自动获得少量关于{1}生物的知识。,이 아이템을 획득하면 자동으로 {1} 생물에 대한 소량의 지식 포인트를 얻습니다.,"Automatycznie przyznaje niewielką ilość Punktów Wiedzy o stworzeniach {1}, gdy podnosisz ten przedmiot.",Автоматично надає невелику кількість Очків Знань про істот {1} при підбиранні цього предмета.,Geeft automatisch een kleine hoeveelheid Kennispunten over {1} wezens wanneer je dit voorwerp oppakt.,Bu eşyayı aldığında otomatik olarak {1} yaratıkları hakkında az miktarda Bilgi Puanı kazandırır.
L_ID_KNOWLEDGE_POINTS_25,1 = creature name,Automatically grants a moderate amount of Knowledge Points about {1} creatures when you pick up this item.,このアイテムを拾うと、自動的に{1}の生物に関する適度な量の知識ポイントが付与されます。,"Gewährt automatisch eine moderate Menge an Wissenspunkten über {1}-Kreaturen, wenn du diesen Gegenstand aufhebst.",Octroie automatiquement une quantité modérée de Points de Connaissance sur les créatures {1} lorsque vous ramassez cet objet.,Otorga automáticamente una cantidad moderada de Puntos de Conocimiento sobre criaturas {1} cuando recoges este objeto.,Concede automaticamente uma quantidade moderada de Pontos de Conhecimento sobre criaturas {1} quando você pega este item.,Автоматически даёт умеренное количество Очков Знаний о существах {1} при подборе этого предмета.,Concede automaticamente una quantità moderata di Punti Conoscenza sulle creature {1} quando raccogli questo oggetto.,當你拾取此物品時，自動獲得關於{1}生物的適量知識點數。,拾取此物品时，自动获得中量关于{1}生物的知识。,이 아이템을 획득하면 자동으로 {1} 생물에 대한 적당한 양의 지식 포인트를 얻습니다.,"Automatycznie przyznaje umiarkowaną ilość Punktów Wiedzy o stworzeniach {1}, gdy podnosisz ten przedmiot.",Автоматично надає помірну кількість Очків Знань про істот {1} при підбиранні цього предмета.,Geeft automatisch een redelijke hoeveelheid Kennispunten over {1} wezens wanneer je dit voorwerp oppakt.,Bu eşyayı aldığınızda otomatik olarak {1} yaratıkları hakkında orta miktarda Bilgi Puanı kazandırır.
L_ID_KNOWLEDGE_POINTS_50,1 = creature name,Automatically grants a large amount of Knowledge Points about {1} creatures when you pick up this item.,このアイテムを拾うと、{1}の生物に関する多くの知識ポイントが自動的に付与されます。,"Gewährt automatisch eine große Menge an Wissenspunkten über {1}-Kreaturen, wenn du diesen Gegenstand aufhebst.",Octroie automatiquement une grande quantité de Points de Connaissance sur les créatures {1} lorsque vous ramassez cet objet.,Otorga automáticamente una gran cantidad de Puntos de Conocimiento sobre criaturas {1} cuando recoges este objeto.,Concede automaticamente uma grande quantidade de Pontos de Conhecimento sobre criaturas {1} quando você pega este item.,Автоматически даёт большое количество Очков Знаний о существах {1} при подборе этого предмета.,Concede automaticamente una grande quantità di Punti Conoscenza sulle creature {1} quando raccogli questo oggetto.,當你拾取此物品時，自動獲得大量關於{1}生物的知識點數。,拾取此物品时，自动获得大量关于{1}生物的知识。,이 아이템을 획득하면 자동으로 {1} 생물에 관한 많은 지식 포인트를 얻습니다.,"Automatycznie przyznaje dużą ilość Punktów Wiedzy o stworzeniach {1}, gdy podnosisz ten przedmiot.",Автоматично надає велику кількість Очків Знань про істот {1} при підбиранні цього предмета.,Geeft automatisch een grote hoeveelheid Kennispunten over {1} wezens wanneer je dit voorwerp oppakt.,Bu eşyayı aldığınızda otomatik olarak {1} yaratıkları hakkında büyük miktarda Bilgi Puanı kazandırır.
L_ID_KNOWLEDGE_POINTS_75,1 = creature name,Automatically grants a massive amount of Knowledge Points about {1} creatures when you pick up this item.,このアイテムを拾うと、{1}の生物に関する膨大な量の知識ポイントが自動的に付与されます。,"Gewährt automatisch eine massive Menge an Wissenspunkten über {1} Kreaturen, wenn du diesen Gegenstand aufhebst.",Octroie automatiquement une quantité massive de Points de Connaissance sur les créatures {1} lorsque vous ramassez cet objet.,Otorga automáticamente una cantidad masiva de Puntos de Conocimiento sobre criaturas {1} cuando recoges este objeto.,Concede automaticamente uma quantidade massiva de Pontos de Conhecimento sobre criaturas {1} quando você pega este item.,Автоматически даёт огромное количество Очков Знаний о существах {1} при подборе этого предмета.,Concede automaticamente una quantità massiccia di Punti Conoscenza sulle creature {1} quando raccogli questo oggetto.,當你拾取此物品時，自動獲得大量關於{1}生物的知識點數。,拾取此物品时，自动获得巨量关于{1}生物的知识。,이 아이템을 획득하면 {1} 생물에 관한 대량의 지식 포인트를 자동으로 획득합니다.,"Automatycznie przyznaje ogromną ilość Punktów Wiedzy o stworzeniach {1}, gdy podnosisz ten przedmiot.","Автоматично надає величезну кількість Очків Знань про істот {1}, коли ви підбираєте цей предмет.",Geeft automatisch een enorme hoeveelheid Kennispunten over {1} wezens wanneer je dit voorwerp oppakt.,Bu eşyayı aldığınızda otomatik olarak {1} yaratıkları hakkında büyük miktarda Bilgi Puanı kazandırır.
L_ID_KNOWLEDGE_POINTS_100,1 = creature name,Automatically grants an enormous amount of Knowledge Points about {1} creatures when you pick up this item.,このアイテムを拾うと、{1}の生物に関する膨大な量の知識ポイントが自動的に付与されます。,"Gewährt automatisch eine enorme Menge an Wissenspunkten über {1}-Kreaturen, wenn du diesen Gegenstand aufhebst.",Octroie automatiquement une énorme quantité de Points de Connaissance sur les créatures {1} lorsque vous ramassez cet objet.,Otorga automáticamente una enorme cantidad de Puntos de Conocimiento sobre criaturas {1} cuando recoges este objeto.,Concede automaticamente uma enorme quantidade de Pontos de Conhecimento sobre criaturas {1} quando você pega este item.,Автоматически даёт огромное количество Очков Знаний о существах {1} при подборе этого предмета.,Concede automaticamente un'enorme quantità di Punti Conoscenza sulle creature {1} quando raccogli questo oggetto.,當你拾取此物品時，自動獲得大量關於{1}生物的知識點數。,拾取此物品时，自动获得海量关于{1}生物的知识。,이 아이템을 획득하면 자동으로 {1} 생물에 관한 엄청난 양의 지식 포인트를 얻습니다.,"Automatycznie przyznaje ogromną ilość Punktów Wiedzy o stworzeniach {1}, gdy podnosisz ten przedmiot.","Автоматично надає величезну кількість Очків Знань про істот {1}, коли ви підбираєте цей предмет.",Geeft automatisch een enorme hoeveelheid Kennispunten over {1} wezens wanneer je dit voorwerp oppakt.,Bu eşyayı aldığınızda otomatik olarak {1} yaratıkları hakkında muazzam miktarda Bilgi Puanı kazandırır.
L_ID_GEM_CRAFT_DESC,"1 = spell name, 2 = description",Allows you to craft Gems of {1} at the Enchanter.\n\nDescription:\n{2}\n\nThis item is automatically consumed when you pick it up.,付魔師のところで{1}の宝石を作成できるようになります。\n\n説明：\n{2}\n\nこのアイテムは拾った時に自動的に消費されます。,"Ermöglicht es dir, Edelsteine von {1} beim Verzauberer herzustellen.\n\nBeschreibung:\n{2}\n\nDieser Gegenstand wird automatisch verbraucht, wenn du ihn aufhebst.",Vous permet de fabriquer des Gemmes de {1} chez l'Enchanteur.\n\nDescription :\n{2}\n\nCet objet est automatiquement consommé lorsque vous le ramassez.,Te permite crear Gemas de {1} en el Encantador.\n\nDescripción:\n{2}\n\nEste objeto se consume automáticamente cuando lo recoges.,Permite que você crie Gemas de {1} no Encantador.\n\nDescrição:\n{2}\n\nEste item é automaticamente consumido quando você o pega.,Позволяет создавать Самоцветы {1} у Чародея.\n\nОписание:\n{2}\n\nЭтот предмет автоматически расходуется при подборе.,Ti permette di creare Gemme di {1} dall'Incantatore.\n\nDescrizione:\n{2}\n\nQuesto oggetto viene consumato automaticamente quando lo raccogli.,允許你在附魔師處製作{1}寶石。\n\n描述：\n{2}\n\n此物品在你拾取時會自動消耗。,允许你在附魔师处制作{1}宝石。\n\n描述：\n{2}\n\n拾取此物品时会自动消耗。,마법부여사에서 {1}의 보석을 제작할 수 있게 해줍니다.\n\n설명:\n{2}\n\n이 아이템은 획득 시 자동으로 소모됩니다.,"Pozwala na tworzenie Klejnotów {1} u Zaklinacza.\n\nOpis:\n{2}\n\nTen przedmiot jest automatycznie zużywany, gdy go podnosisz.","Дозволяє вам створювати Самоцвіти {1} у Чарівника.\n\nОпис:\n{2}\n\nЦей предмет автоматично використовується, коли ви його підбираєте.",Hiermee kun je Edelstenen van {1} maken bij de Betoveraar.\n\nBeschrijving:\n{2}\n\nDit voorwerp wordt automatisch verbruikt wanneer je het oppakt.,Büyücü'de {1} Mücevherleri üretmenizi sağlar.\n\nAçıklama:\n{2}\n\nBu eşya onu aldığınızda otomatik olarak tüketilir.
L_ID_PERSONALITY_LAZY,"1 = stat name, 2 = stat name","Changes a creature's personality to ""Lazy"".\n\nCreatures with this personality have the following stat changes:\n{1}\n{2}",生物の性格を「怠惰」に変更します。\n\nこの性格を持つ生物は以下のステータス変化があります：\n{1}\n{2},"Ändert die Persönlichkeit einer Kreatur zu ""Faul"".\n\nKreaturen mit dieser Persönlichkeit haben folgende Statusänderungen:\n{1}\n{2}","Change la personnalité d\'une créature en ""Paresseux"".\n\nLes créatures avec cette personnalité ont les modifications de statistiques suivantes :\n{1}\n{2}","Cambia la personalidad de una criatura a ""Perezoso"".\n\nLas criaturas con esta personalidad tienen los siguientes cambios de estadísticas:\n{1}\n{2}","Muda a personalidade de uma criatura para ""Preguiçoso"".\n\nCriaturas com esta personalidade têm as seguintes mudanças de atributos:\n{1}\n{2}","Изменяет характер существа на ""Ленивый"".\n\nСущества с этим характером имеют следующие изменения характеристик:\n{1}\n{2}","Cambia la personalità di una creatura in ""Pigra"".\n\nLe creature con questa personalità hanno le seguenti modifiche alle statistiche:\n{1}\n{2}",將生物的性格改變為「懶惰」。\n\n具有此性格的生物會有以下能力值變化：\n{1}\n{2},"将生物的性格变为""懒惰""。\n\n此性格的生物会有以下属性值变化：\n{1}\n{2}","생물의 성격을 ""게으른""으로 변경합니다.\n\n이 성격을 가진 생물은 다음과 같은 능력치 변화가 있습니다:\n{1}\n{2}","Zmienia osobowość stworzenia na ""Leniwy"".\n\nStworzenia z tą osobowością mają następujące zmiany statystyk:\n{1}\n{2}","Змінює особистість істоти на ""Лінива"".\n\nІстоти з цією особистістю мають такі зміни характеристик:\n{1}\n{2}","Verandert de persoonlijkheid van een wezen naar ""Lui"".\n\nWezens met deze persoonlijkheid hebben de volgende statusveranderingen:\n{1}\n{2}","Bir yaratığın kişiliğini ""Tembel"" olarak değiştirir.\n\nBu kişiliğe sahip yaratıkların aşağıdaki istatistik değişiklikleri vardır:\n{1}\n{2}"
L_ID_PERSONALITY_APATHETIC,"1 = stat name, 2 = stat name","Changes a creature's personality to ""Apathetic"".\n\nCreatures with this personality have the following stat changes:\n{1}\n{2}",生物の性格を「無関心」に変更します。\n\nこの性格を持つ生物は以下のステータス変化を受けます：\n{1}\n{2},"Ändert die Persönlichkeit einer Kreatur zu ""Teilnahmslos"".\n\nKreaturen mit dieser Persönlichkeit haben folgende Statusänderungen:\n{1}\n{2}","Change la personnalité d\'une créature en ""Apathique"".\n\nLes créatures avec cette personnalité ont les modifications de statistiques suivantes :\n{1}\n{2}","Cambia la personalidad de una criatura a ""Apático"".\n\nLas criaturas con esta personalidad tienen los siguientes cambios de estadísticas:\n{1}\n{2}","Muda a personalidade de uma criatura para ""Apático"".\n\nCriaturas com esta personalidade têm as seguintes mudanças de atributos:\n{1}\n{2}","Изменяет характер существа на ""Апатичный"".\n\nСущества с этим характером имеют следующие изменения характеристик:\n{1}\n{2}","Cambia la personalità di una creatura in ""Apatico"".\n\nLe creature con questa personalità hanno le seguenti modifiche alle statistiche:\n{1}\n{2}",將生物的性格改變為「冷漠」。\n\n具有此性格的生物會有以下屬性變化：\n{1}\n{2},"将生物的性格变为""淡漠""。\n\n此性格的生物会有以下属性值变化：\n{1}\n{2}","생물의 성격을 ""무관심""으로 변경합니다.\n\n이 성격을 가진 생물은 다음과 같은 스탯 변화가 있습니다:\n{1}\n{2}","Zmienia osobowość stworzenia na ""Apatyczne"".\n\nStworzenia z tą osobowością mają następujące zmiany statystyk:\n{1}\n{2}","Змінює особистість істоти на ""Апатичний"".\n\nІстоти з цією особистістю мають такі зміни характеристик:\n{1}\n{2}","Verandert de persoonlijkheid van een wezen naar ""Onverschillig"".\n\nWezens met deze persoonlijkheid hebben de volgende statusveranderingen:\n{1}\n{2}","Bir yaratığın kişiliğini ""Kayıtsız"" olarak değiştirir.\n\nBu kişiliğe sahip yaratıkların aşağıdaki istatistik değişiklikleri vardır:\n{1}\n{2}"
L_ID_PERSONALITY_INDIFFERENT,"1 = stat name, 2 = stat name","Changes a creature's personality to ""Indifferent"".\n\nCreatures with this personality have the following stat changes:\n{1}\n{2}",生物の性格を「無関心」に変更します。\n\nこの性格を持つ生物は以下のステータス変化を受けます：\n{1}\n{2},"Ändert die Persönlichkeit einer Kreatur zu ""Gleichgültig"".\n\nKreaturen mit dieser Persönlichkeit haben folgende Statusänderungen:\n{1}\n{2}","Change la personnalité d\'une créature en ""Indifférent"".\n\nLes créatures avec cette personnalité ont les modifications de statistiques suivantes :\n{1}\n{2}","Cambia la personalidad de una criatura a ""Indiferente"".\n\nLas criaturas con esta personalidad tienen los siguientes cambios de estadísticas:\n{1}\n{2}","Muda a personalidade de uma criatura para ""Indiferente"".\n\nCriaturas com esta personalidade têm as seguintes mudanças de atributos:\n{1}\n{2}","Изменяет характер существа на ""Безразличный"".\n\nСущества с этим характером имеют следующие изменения характеристик:\n{1}\n{2}","Cambia la personalità di una creatura in ""Indifferente"".\n\nLe creature con questa personalità hanno le seguenti modifiche alle statistiche:\n{1}\n{2}",將生物的性格改變為「冷漠」。\n\n擁有此性格的生物會有以下屬性變化：\n{1}\n{2},"将生物的性格变为""冷漠""。\n\n此性格的生物会有以下属性值变化：\n{1}\n{2}","생물의 성격을 ""무심함""으로 변경합니다.\n\n이 성격을 가진 생물은 다음과 같은 능력치 변화가 있습니다:\n{1}\n{2}","Zmienia osobowość stworzenia na ""Obojętny"".\n\nStworzenia z tą osobowością mają następujące zmiany statystyk:\n{1}\n{2}","Змінює особистість істоти на ""Байдужий"".\n\nІстоти з цією особистістю мають такі зміни характеристик:\n{1}\n{2}","Verandert de persoonlijkheid van een wezen naar ""Onverschillig"".\n\nWezens met deze persoonlijkheid hebben de volgende statusveranderingen:\n{1}\n{2}","Bir yaratığın kişiliğini ""Kayıtsız"" olarak değiştirir.\n\nBu kişiliğe sahip yaratıklar aşağıdaki istatistik değişikliklerine sahiptir:\n{1}\n{2}"
L_ID_PERSONALITY_RELAXED,"1 = stat name, 2 = stat name","Changes a creature's personality to ""Relaxed"".\n\nCreatures with this personality have the following stat changes:\n{1}\n{2}",生物の性格を「のんびり」に変更します。\n\nこの性格を持つ生物は以下のステータス変化があります：\n{1}\n{2},"Ändert die Persönlichkeit einer Kreatur zu ""Entspannt"".\n\nKreaturen mit dieser Persönlichkeit haben folgende Statusänderungen:\n{1}\n{2}","Change la personnalité d\'une créature en ""Détendue"".\n\nLes créatures avec cette personnalité ont les modifications de statistiques suivantes :\n{1}\n{2}","Cambia la personalidad de una criatura a ""Relajada"".\n\nLas criaturas con esta personalidad tienen los siguientes cambios de estadísticas:\n{1}\n{2}","Muda a personalidade de uma criatura para ""Relaxado"".\n\nCriaturas com esta personalidade têm as seguintes mudanças de atributos:\n{1}\n{2}","Изменяет характер существа на ""Спокойный"".\n\nСущества с этим характером имеют следующие изменения характеристик:\n{1}\n{2}","Cambia la personalità di una creatura in ""Rilassata"".\n\nLe creature con questa personalità hanno le seguenti modifiche alle statistiche:\n{1}\n{2}",將生物的性格改變為「悠閒」。\n\n擁有此性格的生物會有以下能力值變化：\n{1}\n{2},"将生物的性格变为""随和""。\n\n此性格的生物会有以下属性值变化：\n{1}\n{2}","생물의 성격을 ""느긋함""으로 변경합니다.\n\n이 성격을 가진 생물은 다음과 같은 능력치 변화가 있습니다:\n{1}\n{2}","Zmienia osobowość stworzenia na ""Zrelaksowany"".\n\nStworzenia z tą osobowością mają następujące zmiany statystyk:\n{1}\n{2}","Змінює характер істоти на ""Розслаблений"".\n\nІстоти з цим характером мають такі зміни характеристик:\n{1}\n{2}","Verandert de persoonlijkheid van een wezen naar ""Ontspannen"".\n\nWezens met deze persoonlijkheid hebben de volgende statusveranderingen:\n{1}\n{2}","Bir yaratığın kişiliğini ""Rahat"" olarak değiştirir.\n\nBu kişiliğe sahip yaratıklar aşağıdaki istatistik değişikliklerine sahiptir:\n{1}\n{2}"
L_ID_PERSONALITY_RECKLESS,"1 = stat name, 2 = stat name","Changes a creature's personality to ""Reckless"".\n\nCreatures with this personality have the following stat changes:\n{1}\n{2}",生物の性格を「向こう見ず」に変更する。\n\nこの性格を持つ生物は以下のステータス変化を受ける：\n{1}\n{2},"Ändert die Persönlichkeit einer Kreatur zu ""Leichtsinnig"".\n\nKreaturen mit dieser Persönlichkeit haben folgende Statusänderungen:\n{1}\n{2}","Change la personnalité d\'une créature en ""Téméraire"".\n\nLes créatures avec cette personnalité ont les modifications de statistiques suivantes :\n{1}\n{2}","Cambia la personalidad de una criatura a ""Temeraria"".\n\nLas criaturas con esta personalidad tienen los siguientes cambios de estadísticas:\n{1}\n{2}","Muda a personalidade de uma criatura para ""Imprudente"".\n\nCriaturas com esta personalidade têm as seguintes mudanças de atributos:\n{1}\n{2}","Изменяет характер существа на ""Безрассудный"".\n\nСущества с этим характером имеют следующие изменения характеристик:\n{1}\n{2}","Cambia la personalità di una creatura in ""Spericolato"".\n\nLe creature con questa personalità hanno le seguenti modifiche alle statistiche:\n{1}\n{2}",將生物的性格改變為「魯莽」。\n\n擁有此性格的生物會有以下屬性變化：\n{1}\n{2},"将生物的性格变为""鲁莽""。\n\n此性格的生物会有以下属性值变化：\n{1}\n{2}","생물의 성격을 ""무모함""으로 변경합니다.\n\n이 성격을 가진 생물은 다음과 같은 능력치 변화가 있습니다:\n{1}\n{2}","Zmienia osobowość stworzenia na ""Lekkomyślny"".\n\nStworzenia z tą osobowością mają następujące zmiany statystyk:\n{1}\n{2}","Змінює характер істоти на ""Необачний"".\n\nІстоти з цим характером мають такі зміни характеристик:\n{1}\n{2}","Verandert de persoonlijkheid van een wezen naar ""Roekeloos"".\n\nWezens met deze persoonlijkheid hebben de volgende statusveranderingen:\n{1}\n{2}","Bir yaratığın kişiliğini ""Pervasız"" olarak değiştirir.\n\nBu kişiliğe sahip yaratılar aşağıdaki istatistik değişikliklerine sahiptir:\n{1}\n{2}"
L_ID_PERSONALITY_BRAVE,"1 = stat name, 2 = stat name","Changes a creature's personality to ""Brave"".\n\nCreatures with this personality have the following stat changes:\n{1}\n{2}",生物の性格を「勇敢」に変更します。\n\nこの性格を持つ生物は以下のステータス変化があります：\n{1}\n{2},"Ändert die Persönlichkeit einer Kreatur zu ""Mutig"".\n\nKreaturen mit dieser Persönlichkeit haben folgende Statusänderungen:\n{1}\n{2}","Change la personnalité d\'une créature en ""Brave"".\n\nLes créatures avec cette personnalité ont les modifications de statistiques suivantes :\n{1}\n{2}","Cambia la personalidad de una criatura a ""Valiente"".\n\nLas criaturas con esta personalidad tienen los siguientes cambios de estadísticas:\n{1}\n{2}","Muda a personalidade de uma criatura para ""Corajosa"".\n\nCriaturas com esta personalidade têm as seguintes mudanças de atributos:\n{1}\n{2}","Изменяет характер существа на ""Храбрый"".\n\nСущества с этим характером получают следующие изменения характеристик:\n{1}\n{2}","Cambia la personalità di una creatura in ""Coraggioso"".\n\nLe creature con questa personalità hanno le seguenti modifiche alle statistiche:\n{1}\n{2}",將生物的性格改變為「勇敢」。\n\n擁有此性格的生物會有以下能力值變化：\n{1}\n{2},"将生物的性格变为""勇敢""。\n\n此性格的生物会有以下属性值变化：\n{1}\n{2}","생물의 성격을 ""용감함""으로 변경합니다.\n\n이 성격을 가진 생물은 다음과 같은 스탯 변화가 있습니다:\n{1}\n{2}","Zmienia osobowość stworzenia na ""Odważna"".\n\nStworzenia z tą osobowością mają następujące zmiany statystyk:\n{1}\n{2}","Змінює характер істоти на ""Хоробрий"".\n\nІстоти з цим характером мають такі зміни характеристик:\n{1}\n{2}","Verandert de persoonlijkheid van een wezen naar ""Moedig"".\n\nWezens met deze persoonlijkheid hebben de volgende statusveranderingen:\n{1}\n{2}","Bir yaratığın kişiliğini ""Cesur"" olarak değiştirir.\n\nBu kişiliğe sahip yaratıklar aşağıdaki istatistik değişikliklerine sahiptir:\n{1}\n{2}"
L_ID_PERSONALITY_BRUTAL,"1 = stat name, 2 = stat name","Changes a creature's personality to ""Brutal"".\n\nCreatures with this personality have the following stat changes:\n{1}\n{2}",生物の性格を「残忍」に変更する。\n\nこの性格を持つ生物は以下のステータス変化を得る：\n{1}\n{2},"Ändert die Persönlichkeit einer Kreatur zu ""Brutal"".\n\nKreaturen mit dieser Persönlichkeit haben folgende Statusänderungen:\n{1}\n{2}","Change la personnalité d\'une créature en ""Brutal"".\n\nLes créatures avec cette personnalité ont les modifications de statistiques suivantes :\n{1}\n{2}","Cambia la personalidad de una criatura a ""Brutal"".\n\nLas criaturas con esta personalidad tienen los siguientes cambios de estadísticas:\n{1}\n{2}","Muda a personalidade de uma criatura para ""Brutal"".\n\nCriaturas com esta personalidade têm as seguintes mudanças de atributos:\n{1}\n{2}","Изменяет характер существа на ""Жестокий"".\n\nСущества с этим характером имеют следующие изменения характеристик:\n{1}\n{2}","Cambia la personalità di una creatura in ""Brutale"".\n\nLe creature con questa personalità hanno le seguenti modifiche alle statistiche:\n{1}\n{2}",將生物的性格改變為「殘暴」。\n\n具有此性格的生物會有以下屬性變化：\n{1}\n{2},"将生物的性格变为""残暴""。\n\n此性格的生物会有以下属性值变化：\n{1}\n{2}","생물의 성격을 ""잔혹함""으로 변경합니다.\n\n이 성격을 가진 생물은 다음과 같은 스탯 변화가 있습니다:\n{1}\n{2}","Zmienia osobowość stworzenia na ""Brutalny"".\n\nStworzenia z tą osobowością mają następujące zmiany statystyk:\n{1}\n{2}","Змінює особистість істоти на ""Жорстокий"".\n\nІстоти з цією особистістю мають такі зміни характеристик:\n{1}\n{2}","Verandert de persoonlijkheid van een wezen naar ""Bruut"".\n\nWezens met deze persoonlijkheid hebben de volgende statusveranderingen:\n{1}\n{2}","Bir yaratığın kişiliğini ""Vahşi"" olarak değiştirir.\n\nBu kişiliğe sahip yaratıklar aşağıdaki istatistik değişikliklerine sahiptir:\n{1}\n{2}"
L_ID_PERSONALITY_DARING,"1 = stat name, 2 = stat name","Changes a creature's personality to ""Daring"".\n\nCreatures with this personality have the following stat changes:\n{1}\n{2}",生物の性格を「大胆」に変更します。\n\nこの性格を持つ生物は以下のステータス変化があります：\n{1}\n{2},"Ändert die Persönlichkeit einer Kreatur zu ""Wagemutig"".\n\nKreaturen mit dieser Persönlichkeit haben folgende Statusänderungen:\n{1}\n{2}","Change la personnalité d\'une créature en ""Audacieuse"".\n\nLes créatures avec cette personnalité ont les modifications de statistiques suivantes :\n{1}\n{2}","Cambia la personalidad de una criatura a ""Audaz"".\n\nLas criaturas con esta personalidad tienen los siguientes cambios de estadísticas:\n{1}\n{2}","Muda a personalidade de uma criatura para ""Audaciosa"".\n\nCriaturas com esta personalidade têm as seguintes mudanças de atributos:\n{1}\n{2}","Изменяет характер существа на ""Смелый"".\n\nСущества с этим характером имеют следующие изменения характеристик:\n{1}\n{2}","Cambia la personalità di una creatura in ""Audace"".\n\nLe creature con questa personalità hanno le seguenti modifiche alle statistiche:\n{1}\n{2}",將生物的性格改變為「大膽」。\n\n擁有此性格的生物會有以下能力值變化：\n{1}\n{2},"将生物的性格变为""狂妄""。\n\n此性格的生物会有以下属性值变化：\n{1}\n{2}","생물의 성격을 ""대담함""으로 변경합니다.\n\n이 성격을 가진 생물은 다음과 같은 능력치 변화가 있습니다:\n{1}\n{2}","Zmienia osobowość stworzenia na ""Śmiała"".\n\nStworzenia z tą osobowością mają następujące zmiany statystyk:\n{1}\n{2}","Змінює особистість істоти на ""Відважна"".\n\nІстоти з цією особистістю мають такі зміни характеристик:\n{1}\n{2}","Verandert de persoonlijkheid van een wezen naar ""Gedurfd"".\n\nWezens met deze persoonlijkheid hebben de volgende statusveranderingen:\n{1}\n{2}","Bir yaratığın kişiliğini ""Cesur"" olarak değiştirir.\n\nBu kişiliğe sahip yaratıklar aşağıdaki istatistik değişikliklerine sahiptir:\n{1}\n{2}"
L_ID_PERSONALITY_SELFLESS,"1 = stat name, 2 = stat name","Changes a creature's personality to ""Selfless"".\n\nCreatures with this personality have the following stat changes:\n{1}\n{2}",生物の性格を「無私」に変更します。\n\nこの性格を持つ生物は以下のステータス変化を受けます：\n{1}\n{2},"Ändert die Persönlichkeit einer Kreatur zu ""Selbstlos"".\n\nKreaturen mit dieser Persönlichkeit haben folgende Statusänderungen:\n{1}\n{2}","Change la personnalité d\'une créature en ""Altruiste"".\n\nLes créatures avec cette personnalité ont les modifications de statistiques suivantes :\n{1}\n{2}","Cambia la personalidad de una criatura a ""Altruista"".\n\nLas criaturas con esta personalidad tienen los siguientes cambios de estadísticas:\n{1}\n{2}","Muda a personalidade de uma criatura para ""Altruísta"".\n\nCriaturas com esta personalidade têm as seguintes mudanças de atributos:\n{1}\n{2}","Изменяет характер существа на ""Самоотверженный"".\n\nСущества с этим характером имеют следующие изменения характеристик:\n{1}\n{2}","Cambia la personalità di una creatura in ""Altruista"".\n\nLe creature con questa personalità hanno le seguenti modifiche alle statistiche:\n{1}\n{2}",將生物的性格改變為「無私」。\n\n具有此性格的生物會有以下屬性變化：\n{1}\n{2},"将生物的性格变为""无私""。\n\n此性格的生物会有以下属性值变化：\n{1}\n{2}","생물의 성격을 ""이타적""으로 변경합니다.\n\n이 성격을 가진 생물은 다음과 같은 능력치 변화가 있습니다:\n{1}\n{2}","Zmienia osobowość stworzenia na ""Bezinteresowny"".\n\nStworzenia z tą osobowością mają następujące zmiany statystyk:\n{1}\n{2}","Змінює особистість істоти на ""Самовідданий"".\n\nІстоти з цією особистістю мають такі зміни характеристик:\n{1}\n{2}","Verandert de persoonlijkheid van een wezen naar ""Onbaatzuchtig"".\n\nWezens met deze persoonlijkheid hebben de volgende statusveranderingen:\n{1}\n{2}","Bir yaratığın kişiliğini ""Özverili"" olarak değiştirir.\n\nBu kişiliğe sahip yaratılar aşağıdaki istatistik değişikliklerine sahiptir:\n{1}\n{2}"
L_ID_PERSONALITY_PROTECTIVE,"1 = stat name, 2 = stat name","Changes a creature's personality to ""Protective"".\n\nCreatures with this personality have the following stat changes:\n{1}\n{2}",生物の性格を「守護的」に変更します。\n\nこの性格を持つ生物は以下のステータス変化を得ます：\n{1}\n{2},"Ändert die Persönlichkeit einer Kreatur zu ""Beschützend"".\n\nKreaturen mit dieser Persönlichkeit haben folgende Statusänderungen:\n{1}\n{2}","Change la personnalité d\'une créature en ""Protecteur"".\n\nLes créatures avec cette personnalité ont les modifications de statistiques suivantes :\n{1}\n{2}","Cambia la personalidad de una criatura a ""Protectora"".\n\nLas criaturas con esta personalidad tienen los siguientes cambios de estadísticas:\n{1}\n{2}","Muda a personalidade de uma criatura para ""Protetora"".\n\nCriaturas com esta personalidade têm as seguintes mudanças de atributos:\n{1}\n{2}","Изменяет характер существа на ""Защитник"".\n\nСущества с этим характером имеют следующие изменения характеристик:\n{1}\n{2}","Cambia la personalità di una creatura in ""Protettiva"".\n\nLe creature con questa personalità hanno i seguenti cambiamenti alle statistiche:\n{1}\n{2}",將生物的性格改變為「保護型」。\n\n具有此性格的生物會有以下能力值變化：\n{1}\n{2},"将生物的性格变为""关怀""。\n\n此性格的生物会有以下属性值变化：\n{1}\n{2}","생물의 성격을 ""보호적""으로 변경합니다.\n\n이 성격을 가진 생물은 다음과 같은 스탯 변화가 있습니다:\n{1}\n{2}","Zmienia osobowość stworzenia na ""Opiekuńcza"".\n\nStworzenia z tą osobowością mają następujące zmiany statystyk:\n{1}\n{2}","Змінює особистість істоти на ""Захисна"".\n\nІстоти з цією особистістю мають такі зміни характеристик:\n{1}\n{2}","Verandert de persoonlijkheid van een wezen naar ""Beschermend"".\n\nWezens met deze persoonlijkheid hebben de volgende statusveranderingen:\n{1}\n{2}","Bir yaratığın kişiliğini ""Koruyucu"" olarak değiştirir.\n\nBu kişiliğe sahip yaratıklar aşağıdaki istatistik değişikliklerine sahiptir:\n{1}\n{2}"
L_ID_PERSONALITY_GENTLE,"1 = stat name, 2 = stat name","Changes a creature's personality to ""Gentle"".\n\nCreatures with this personality have the following stat changes:\n{1}\n{2}",生物の性格を「おだやか」に変更します。\n\nこの性格を持つ生物は以下のステータス変化があります：\n{1}\n{2},"Ändert die Persönlichkeit einer Kreatur zu ""Sanft"".\n\nKreaturen mit dieser Persönlichkeit haben folgende Statusänderungen:\n{1}\n{2}","Change la personnalité d\'une créature en ""Doux"".\n\nLes créatures avec cette personnalité ont les modifications de statistiques suivantes :\n{1}\n{2}","Cambia la personalidad de una criatura a ""Gentil"".\n\nLas criaturas con esta personalidad tienen los siguientes cambios de estadísticas:\n{1}\n{2}","Muda a personalidade de uma criatura para ""Gentil"".\n\nCriaturas com esta personalidade têm as seguintes mudanças de atributos:\n{1}\n{2}","Изменяет характер существа на ""Кроткий"".\n\nСущества с этим характером имеют следующие изменения характеристик:\n{1}\n{2}","Cambia la personalità di una creatura in ""Gentile"".\n\nLe creature con questa personalità hanno le seguenti modifiche alle statistiche:\n{1}\n{2}",將生物的性格改變為「溫和」。\n\n擁有此性格的生物會有以下能力值變化：\n{1}\n{2},"将生物的性格变为""温和""。\n\n此性格的生物会有以下属性值变化：\n{1}\n{2}","생물의 성격을 ""온순함""으로 변경합니다.\n\n이 성격을 가진 생물은 다음과 같은 스탯 변화가 있습니다:\n{1}\n{2}","Zmienia osobowość stworzenia na ""Łagodna"".\n\nStworzenia z tą osobowością mają następujące zmiany statystyk:\n{1}\n{2}","Змінює характер істоти на ""Лагідний"".\n\nІстоти з цим характером мають такі зміни характеристик:\n{1}\n{2}","Verandert de persoonlijkheid van een wezen naar ""Zachtaardig"".\n\nWezens met deze persoonlijkheid hebben de volgende statusveranderingen:\n{1}\n{2}","Bir yaratığın kişiliğini ""Nazik"" olarak değiştirir.\n\nBu kişiliğe sahip yaratıklar aşağıdaki istatistik değişikliklerine sahiptir:\n{1}\n{2}"
L_ID_PERSONALITY_PEACEFUL,"1 = stat name, 2 = stat name","Changes a creature's personality to ""Peaceful"".\n\nCreatures with this personality have the following stat changes:\n{1}\n{2}",生物の性格を「平和的」に変更します。\n\nこの性格を持つ生物は以下のステータス変化を受けます：\n{1}\n{2},"Ändert die Persönlichkeit einer Kreatur zu ""Friedlich"".\n\nKreaturen mit dieser Persönlichkeit haben folgende Statusänderungen:\n{1}\n{2}","Change la personnalité d\'une créature en ""Pacifique"".\n\nLes créatures avec cette personnalité ont les changements de statistiques suivants :\n{1}\n{2}","Cambia la personalidad de una criatura a ""Pacífica"".\n\nLas criaturas con esta personalidad tienen los siguientes cambios de estadísticas:\n{1}\n{2}","Muda a personalidade de uma criatura para ""Pacífica"".\n\nCriaturas com esta personalidade têm as seguintes mudanças de atributos:\n{1}\n{2}","Изменяет характер существа на ""Мирный"".\n\nСущества с этим характером имеют следующие изменения характеристик:\n{1}\n{2}","Cambia la personalità di una creatura in ""Pacifica"".\n\nLe creature con questa personalità hanno le seguenti modifiche alle statistiche:\n{1}\n{2}",將生物的性格改變為「和平」。\n\n具有此性格的生物會有以下能力值變化：\n{1}\n{2},"将生物的性格变为""平和""。\n\n此性格的生物会有以下属性值变化：\n{1}\n{2}","생물의 성격을 ""평화로움""으로 변경합니다.\n\n이 성격을 가진 생물은 다음과 같은 스탯 변화가 있습니다:\n{1}\n{2}","Zmienia osobowość stworzenia na ""Pokojowa"".\n\nStworzenia z tą osobowością mają następujące zmiany statystyk:\n{1}\n{2}","Змінює характер істоти на ""Мирний"".\n\nІстоти з цим характером мають такі зміни характеристик:\n{1}\n{2}","Verandert de persoonlijkheid van een wezen naar ""Vredelievend"".\n\nWezens met deze persoonlijkheid hebben de volgende statusveranderingen:\n{1}\n{2}","Bir yaratığın kişiliğini ""Barışçıl"" olarak değiştirir.\n\nBu kişiliğe sahip yaratılar aşağıdaki istatistik değişikliklerine sahiptir:\n{1}\n{2}"
L_ID_PERSONALITY_ANALYTICAL,"1 = stat name, 2 = stat name","Changes a creature's personality to ""Analytical"".\n\nCreatures with this personality have the following stat changes:\n{1}\n{2}",生物の性格を「分析的」に変更します。\n\nこの性格を持つ生物は以下のステータス変化があります：\n{1}\n{2},"Ändert die Persönlichkeit einer Kreatur zu ""Analytisch"".\n\nKreaturen mit dieser Persönlichkeit haben folgende Statusänderungen:\n{1}\n{2}","Change la personnalité d\'une créature en ""Analytique"".\n\nLes créatures avec cette personnalité ont les modifications de statistiques suivantes :\n{1}\n{2}","Cambia la personalidad de una criatura a ""Analítica"".\n\nLas criaturas con esta personalidad tienen los siguientes cambios de estadísticas:\n{1}\n{2}","Muda a personalidade de uma criatura para ""Analítica"".\n\nCriaturas com esta personalidade têm as seguintes mudanças de atributos:\n{1}\n{2}","Изменяет характер существа на ""Аналитический"".\n\nСущества с этим характером имеют следующие изменения характеристик:\n{1}\n{2}","Cambia la personalità di una creatura in ""Analitica"".\n\nLe creature con questa personalità hanno le seguenti modifiche alle statistiche:\n{1}\n{2}",將生物的性格改變為「分析型」。\n\n具有此性格的生物會有以下能力值變化：\n{1}\n{2},"将生物的性格变为""理性""。\n\n此性格的生物会有以下属性值变化：\n{1}\n{2}","생물의 성격을 ""분석적""으로 변경합니다.\n\n이 성격을 가진 생물은 다음과 같은 능력치 변화가 있습니다:\n{1}\n{2}","Zmienia osobowość stworzenia na ""Analityczna"".\n\nStworzenia z tą osobowością mają następujące zmiany statystyk:\n{1}\n{2}","Змінює особистість істоти на ""Аналітична"".\n\nІстоти з цією особистістю мають такі зміни характеристик:\n{1}\n{2}","Verandert de persoonlijkheid van een wezen naar ""Analytisch"".\n\nWezens met deze persoonlijkheid hebben de volgende statusveranderingen:\n{1}\n{2}","Bir yaratığın kişiliğini ""Analitik"" olarak değiştirir.\n\nBu kişiliğe sahip yaratılar aşağıdaki istatistik değişikliklerine sahiptir:\n{1}\n{2}"
L_ID_PERSONALITY_CAREFUL,"1 = stat name, 2 = stat name","Changes a creature's personality to ""Careful"".\n\nCreatures with this personality have the following stat changes:\n{1}\n{2}",生物の性格を「慎重」に変更します。\n\nこの性格を持つ生物は以下のステータス変化があります：\n{1}\n{2},"Ändert die Persönlichkeit einer Kreatur zu ""Vorsichtig"".\n\nKreaturen mit dieser Persönlichkeit haben folgende Statusänderungen:\n{1}\n{2}","Change la personnalité d\'une créature en ""Prudent"".\n\nLes créatures avec cette personnalité ont les modifications de statistiques suivantes :\n{1}\n{2}","Cambia la personalidad de una criatura a ""Prudente"".\n\nLas criaturas con esta personalidad tienen los siguientes cambios de estadísticas:\n{1}\n{2}","Muda a personalidade de uma criatura para ""Cuidadosa"".\n\nCriaturas com esta personalidade têm as seguintes mudanças de atributos:\n{1}\n{2}","Изменяет характер существа на ""Осторожный"".\n\nСущества с этим характером имеют следующие изменения характеристик:\n{1}\n{2}","Cambia la personalità di una creatura in ""Prudente"".\n\nLe creature con questa personalità hanno le seguenti modifiche alle statistiche:\n{1}\n{2}",將生物的性格改變為「謹慎」。\n\n擁有此性格的生物會有以下能力值變化：\n{1}\n{2},"将生物的性格变为""谨慎""。\n\n此性格的生物会有以下属性值变化：\n{1}\n{2}","생물의 성격을 ""신중함""으로 변경합니다.\n\n이 성격을 가진 생물은 다음과 같은 능력치 변화가 있습니다:\n{1}\n{2}","Zmienia osobowość stworzenia na ""Ostrożna"".\n\nStworzenia z tą osobowością mają następujące zmiany statystyk:\n{1}\n{2}","Змінює характер істоти на ""Обережний"".\n\nІстоти з цим характером мають такі зміни характеристик:\n{1}\n{2}","Verandert de persoonlijkheid van een wezen naar ""Voorzichtig"".\n\nWezens met deze persoonlijkheid hebben de volgende statusveranderingen:\n{1}\n{2}","Bir yaratığın kişiliğini ""Dikkatli"" olarak değiştirir.\n\nBu kişiliğe sahip yaratıklar aşağıdaki istatistik değişikliklerine sahiptir:\n{1}\n{2}"
L_ID_PERSONALITY_CLEVER,"1 = stat name, 2 = stat name","Changes a creature's personality to ""Clever"".\n\nCreatures with this personality have the following stat changes:\n{1}\n{2}",生物の性格を「賢い」に変更します。\n\nこの性格を持つ生物は以下のステータス変化があります：\n{1}\n{2},"Ändert die Persönlichkeit einer Kreatur zu ""Clever"".\n\nKreaturen mit dieser Persönlichkeit haben folgende Statusänderungen:\n{1}\n{2}","Change la personnalité d\'une créature en ""Astucieux"".\n\nLes créatures avec cette personnalité ont les modifications de statistiques suivantes :\n{1}\n{2}","Cambia la personalidad de una criatura a ""Astuta"".\n\nLas criaturas con esta personalidad tienen los siguientes cambios de estadísticas:\n{1}\n{2}","Muda a personalidade de uma criatura para ""Esperto"".\n\nCriaturas com esta personalidade têm as seguintes mudanças de atributos:\n{1}\n{2}","Изменяет характер существа на ""Умный"".\n\nСущества с этим характером имеют следующие изменения характеристик:\n{1}\n{2}","Cambia la personalità di una creatura in ""Astuta"".\n\nLe creature con questa personalità hanno le seguenti modifiche alle statistiche:\n{1}\n{2}",將生物的性格改變為「聰明」。\n\n擁有此性格的生物會有以下能力值變化：\n{1}\n{2},"将生物的性格变为""机智""。\n\n此性格的生物会有以下属性值变化：\n{1}\n{2}","생물의 성격을 ""영리함""으로 변경합니다.\n\n이 성격을 가진 생물은 다음과 같은 능력치 변화가 있습니다:\n{1}\n{2}","Zmienia osobowość stworzenia na ""Sprytny"".\n\nStworzenia z tą osobowością mają następujące zmiany statystyk:\n{1}\n{2}","Змінює особистість істоти на ""Кмітлива"".\n\nІстоти з цією особистістю мають такі зміни характеристик:\n{1}\n{2}","Verandert de persoonlijkheid van een wezen naar ""Slim"".\n\nWezens met deze persoonlijkheid hebben de volgende statusveranderingen:\n{1}\n{2}","Bir yaratığın kişiliğini ""Kurnaz"" olarak değiştirir.\n\nBu kişiliğe sahip yaratıkların aşağıdaki istatistik değişiklikleri vardır:\n{1}\n{2}"
L_ID_PERSONALITY_SHREWD,"1 = stat name, 2 = stat name","Changes a creature's personality to ""Shrewd"".\n\nCreatures with this personality have the following stat changes:\n{1}\n{2}",生物の性格を「狡猾」に変更します。\n\nこの性格を持つ生物は以下のステータス変化があります：\n{1}\n{2},"Ändert die Persönlichkeit einer Kreatur zu ""Gerissen"".\n\nKreaturen mit dieser Persönlichkeit haben folgende Statusänderungen:\n{1}\n{2}","Change la personnalité d\'une créature en ""Rusé"".\n\nLes créatures avec cette personnalité ont les modifications de statistiques suivantes :\n{1}\n{2}","Cambia la personalidad de una criatura a ""Astuta"".\n\nLas criaturas con esta personalidad tienen los siguientes cambios de estadísticas:\n{1}\n{2}","Muda a personalidade de uma criatura para ""Astuto"".\n\nCriaturas com esta personalidade têm as seguintes mudanças de atributos:\n{1}\n{2}","Изменяет характер существа на ""Хитрый"".\n\nСущества с этим характером имеют следующие изменения характеристик:\n{1}\n{2}","Cambia la personalità di una creatura in ""Astuta"".\n\nLe creature con questa personalità hanno le seguenti modifiche alle statistiche:\n{1}\n{2}",將生物的性格改變為「精明」。\n\n擁有此性格的生物會有以下能力值變化：\n{1}\n{2},"将生物的性格变为""精明""。\n\n此性格的生物会有以下属性值变化：\n{1}\n{2}","생물의 성격을 ""약삭빠른""으로 변경합니다.\n\n이 성격을 가진 생물은 다음과 같은 스탯 변화가 있습니다:\n{1}\n{2}","Zmienia osobowość stworzenia na ""Przebiegły"".\n\nStworzenia z tą osobowością mają następujące zmiany statystyk:\n{1}\n{2}","Змінює особистість істоти на ""Хитра"".\n\nІстоти з цією особистістю мають такі зміни характеристик:\n{1}\n{2}","Verandert de persoonlijkheid van een wezen naar ""Sluw"".\n\nWezens met deze persoonlijkheid hebben de volgende statusveranderingen:\n{1}\n{2}","Bir yaratığın kişiliğini ""Kurnaz"" olarak değiştirir.\n\nBu kişiliğe sahip yaratıkların aşağıdaki istatistik değişiklikleri vardır:\n{1}\n{2}"
L_ID_PERSONALITY_NERVOUS,"1 = stat name, 2 = stat name","Changes a creature's personality to ""Nervous"".\n\nCreatures with this personality have the following stat changes:\n{1}\n{2}",生物の性格を「神経質」に変更します。\n\nこの性格を持つ生物には以下のステータス変化があります：\n{1}\n{2},"Ändert die Persönlichkeit einer Kreatur zu ""Nervös"".\n\nKreaturen mit dieser Persönlichkeit haben folgende Statusänderungen:\n{1}\n{2}","Change la personnalité d\'une créature en ""Nerveux"".\n\nLes créatures avec cette personnalité ont les modifications de statistiques suivantes :\n{1}\n{2}","Cambia la personalidad de una criatura a ""Nervioso"".\n\nLas criaturas con esta personalidad tienen los siguientes cambios de estadísticas:\n{1}\n{2}","Muda a personalidade de uma criatura para ""Nervoso"".\n\nCriaturas com esta personalidade têm as seguintes mudanças de atributos:\n{1}\n{2}","Изменяет характер существа на ""Нервный"".\n\nСущества с этим характером имеют следующие изменения характеристик:\n{1}\n{2}","Cambia la personalità di una creatura in ""Nervosa"".\n\nLe creature con questa personalità hanno le seguenti modifiche alle statistiche:\n{1}\n{2}",將生物的性格改變為「緊張」。\n\n具有此性格的生物會有以下屬性變化：\n{1}\n{2},"将生物的性格变为""紧张""。\n\n此性格的生物会有以下属性值变化：\n{1}\n{2}","생물의 성격을 ""불안""으로 변경합니다.\n\n이 성격을 가진 생물은 다음과 같은 스탯 변화가 있습니다:\n{1}\n{2}","Zmienia osobowość stworzenia na ""Nerwowy"".\n\nStworzenia z tą osobowością mają następujące zmiany statystyk:\n{1}\n{2}","Змінює особистість істоти на ""Нервова"".\n\nІстоти з цією особистістю мають такі зміни характеристик:\n{1}\n{2}","Verandert de persoonlijkheid van een wezen naar ""Nerveus"".\n\nWezens met deze persoonlijkheid hebben de volgende statusveranderingen:\n{1}\n{2}","Bir yaratığın kişiliğini ""Gergin"" olarak değiştirir.\n\nBu kişiliğe sahip yaratılar aşağıdaki istatistik değişikliklerine sahiptir:\n{1}\n{2}"
L_ID_PERSONALITY_BASHFUL,"1 = stat name, 2 = stat name","Changes a creature's personality to ""Bashful"".\n\nCreatures with this personality have the following stat changes:\n{1}\n{2}",生物の性格を「内気」に変更します。\n\nこの性格を持つ生物は以下のステータス変化があります：\n{1}\n{2},"Ändert die Persönlichkeit einer Kreatur zu ""Schüchtern"".\n\nKreaturen mit dieser Persönlichkeit haben folgende Statusänderungen:\n{1}\n{2}","Change la personnalité d\'une créature en ""Timide"".\n\nLes créatures avec cette personnalité ont les modifications de statistiques suivantes :\n{1}\n{2}","Cambia la personalidad de una criatura a ""Tímida"".\n\nLas criaturas con esta personalidad tienen los siguientes cambios de estadísticas:\n{1}\n{2}","Muda a personalidade de uma criatura para ""Tímida"".\n\nCriaturas com esta personalidade têm as seguintes mudanças de atributos:\n{1}\n{2}","Изменяет характер существа на ""Застенчивый"".\n\nСущества с этим характером имеют следующие изменения характеристик:\n{1}\n{2}","Cambia la personalità di una creatura in ""Timida"".\n\nLe creature con questa personalità hanno le seguenti modifiche alle statistiche:\n{1}\n{2}",將生物的性格改變為「害羞」。\n\n擁有此性格的生物會有以下能力值變化：\n{1}\n{2},"将生物的性格变为""羞怯""。\n\n此性格的生物会有以下属性值变化：\n{1}\n{2}","생물의 성격을 ""수줍음""으로 변경합니다.\n\n이 성격을 가진 생물은 다음과 같은 스탯 변화가 있습니다:\n{1}\n{2}","Zmienia osobowość stworzenia na ""Nieśmiała"".\n\nStworzenia z tą osobowością mają następujące zmiany statystyk:\n{1}\n{2}","Змінює характер істоти на ""Сором\'язливий"".\n\nІстоти з цим характером мають такі зміни характеристик:\n{1}\n{2}","Verandert de persoonlijkheid van een wezen naar ""Verlegen"".\n\nWezens met deze persoonlijkheid hebben de volgende statusveranderingen:\n{1}\n{2}","Bir yaratığın kişiliğini ""Utangaç"" olarak değiştirir.\n\nBu kişiliğe sahip yaratıların aşağıdaki istatistik değişiklikleri vardır:\n{1}\n{2}"
L_ID_PERSONALITY_SHY,"1 = stat name, 2 = stat name","Changes a creature's personality to ""Shy"".\n\nCreatures with this personality have the following stat changes:\n{1}\n{2}",生物の性格を「内気」に変更します。\n\nこの性格を持つ生物は以下のステータス変化があります：\n{1}\n{2},"Ändert die Persönlichkeit einer Kreatur zu ""Schüchtern"".\n\nKreaturen mit dieser Persönlichkeit haben folgende Statusänderungen:\n{1}\n{2}","Change la personnalité d\'une créature en ""Timide"".\n\nLes créatures avec cette personnalité ont les modifications de statistiques suivantes :\n{1}\n{2}","Cambia la personalidad de una criatura a ""Tímida"".\n\nLas criaturas con esta personalidad tienen los siguientes cambios de estadísticas:\n{1}\n{2}","Muda a personalidade de uma criatura para ""Tímida"".\n\nCriaturas com esta personalidade têm as seguintes mudanças de atributos:\n{1}\n{2}","Изменяет характер существа на ""Застенчивый"".\n\nСущества с этим характером имеют следующие изменения характеристик:\n{1}\n{2}","Cambia la personalità di una creatura in ""Timida"".\n\nLe creature con questa personalità hanno le seguenti modifiche alle statistiche:\n{1}\n{2}",將生物的性格改變為「害羞」。\n\n具有此性格的生物會有以下屬性變化：\n{1}\n{2},"将生物的性格变为""害羞""。\n\n此性格的生物会有以下属性值变化：\n{1}\n{2}","생물의 성격을 ""수줍음""으로 변경합니다.\n\n이 성격을 가진 생물은 다음과 같은 스탯 변화가 있습니다:\n{1}\n{2}","Zmienia osobowość stworzenia na ""Nieśmiała"".\n\nStworzenia z tą osobowością mają następujące zmiany statystyk:\n{1}\n{2}","Змінює особистість істоти на ""Сором\'язлива"".\n\nІстоти з цією особистістю мають такі зміни характеристик:\n{1}\n{2}","Verandert de persoonlijkheid van een wezen naar ""Verlegen"".\n\nWezens met deze persoonlijkheid hebben de volgende statusveranderingen:\n{1}\n{2}","Bir yaratığın kişiliğini ""Utangaç"" olarak değiştirir.\n\nBu kişiliğe sahip yaratıkların aşağıdaki istatistik değişiklikleri vardır:\n{1}\n{2}"
L_ID_PERSONALITY_TIMID,"1 = stat name, 2 = stat name","Changes a creature's personality to ""Timid"".\n\nCreatures with this personality have the following stat changes:\n{1}\n{2}",生物の性格を「臆病」に変更します。\n\nこの性格を持つ生物は以下のステータス変化があります：\n{1}\n{2},"Ändert die Persönlichkeit einer Kreatur zu ""Schüchtern"".\n\nKreaturen mit dieser Persönlichkeit haben folgende Statusänderungen:\n{1}\n{2}","Change la personnalité d\'une créature en ""Timide"".\n\nLes créatures avec cette personnalité ont les modifications de statistiques suivantes :\n{1}\n{2}","Cambia la personalidad de una criatura a ""Tímido"".\n\nLas criaturas con esta personalidad tienen los siguientes cambios de estadísticas:\n{1}\n{2}","Muda a personalidade de uma criatura para ""Tímido"".\n\nCriaturas com esta personalidade têm as seguintes mudanças de atributos:\n{1}\n{2}","Изменяет характер существа на ""Робкий"".\n\nСущества с этим характером имеют следующие изменения характеристик:\n{1}\n{2}","Cambia la personalità di una creatura in ""Timido"".\n\nLe creature con questa personalità hanno le seguenti modifiche alle statistiche:\n{1}\n{2}",將生物的性格改變為「膽小」。\n\n擁有此性格的生物會有以下能力值變化：\n{1}\n{2},"将生物的性格变为""胆小""。\n\n此性格的生物会有以下属性值变化：\n{1}\n{2}","생물의 성격을 ""소심함""으로 변경합니다.\n\n이 성격을 가진 생물은 다음과 같은 스탯 변화가 있습니다:\n{1}\n{2}","Zmienia osobowość stworzenia na ""Płochliwy"".\n\nStworzenia z tą osobowością mają następujące zmiany statystyk:\n{1}\n{2}","Змінює характер істоти на ""Боязкий"".\n\nІстоти з цим характером мають такі зміни характеристик:\n{1}\n{2}","Verandert de persoonlijkheid van een wezen naar ""Schuchter"".\n\nWezens met deze persoonlijkheid hebben de volgende statusveranderingen:\n{1}\n{2}","Bir yaratığın kişiliğini ""Ürkek"" olarak değiştirir.\n\nBu kişiliğe sahip yaratılar aşağıdaki istatistik değişikliklerine sahiptir:\n{1}\n{2}"
L_ID_WARDROBE_COSTUME,1 = costume name,"Unlocks the wardrobe costume, ""{1}"". You can change your costume at the Enchanted Wardrobe in {2}.\n\nThis item is automatically consumed when you pick it up.",衣装「{1}」を解放します。{2}にある魔法の衣装箪笥で衣装を変更できます。\n\nこのアイテムは入手すると自動的に消費されます。,"Schaltet das Garderobenkostüm „{1}"" frei. Du kannst dein Kostüm an der Verzauberten Garderobe in {2} ändern.\n\nDieser Gegenstand wird automatisch verbraucht, wenn du ihn aufhebst.","Débloque le costume de garde-robe, ""{1}"". Vous pouvez changer de costume à la Garde-robe Enchantée à {2}.\n\nCet objet est automatiquement consommé lorsque vous le ramassez.","Desbloquea el atuendo de vestuario, ""{1}"". Puedes cambiar tu atuendo en el Armario Encantado en {2}.\n\nEste objeto se consume automáticamente cuando lo recoges.","Desbloqueia o traje de guarda-roupa, ""{1}"". Você pode mudar seu traje no Guarda-Roupa Encantado em {2}.\n\nEste item é automaticamente consumido quando você o pega.","Разблокирует костюм для гардероба, ""{1}"". Вы можете сменить свой костюм в Зачарованном Гардеробе в {2}.\n\nЭтот предмет автоматически используется при получении.","Sblocca il costume da guardaroba, ""{1}"". Puoi cambiare il tuo costume all\'Armadio Incantato a {2}.\n\nQuesto oggetto viene consumato automaticamente quando lo raccogli.",解鎖衣櫃服裝「{1}」。你可以在{2}的魔法衣櫃更換你的服裝。\n\n此物品在你拾取時會自動消耗。,"解锁衣柜服装""{1}""。你可以在{2}的魔法衣柜处更换服装。\n\n拾取时此物品会自动消耗。","""{1}"" 옷장 의상을 해제합니다. {2}에 있는 마법의 옷장에서 의상을 변경할 수 있습니다.\n\n이 아이템은 획득 시 자동으로 소모됩니다.","Odblokowuje kostium z garderoby, ""{1}"". Możesz zmienić swój kostium w Zaczarowanej Garderobie w {2}.\n\nTen przedmiot jest automatycznie zużywany, gdy go podnosisz.","Розблоковує костюм для гардеробу, ""{1}"". Ви можете змінити свій костюм у Зачарованому Гардеробі в {2}.\n\nЦей предмет автоматично використовується, коли ви його підбираєте.","Ontgrendelt het garderobekostuum, ""{1}"". Je kunt je kostuum veranderen bij de Betoverde Garderobe in {2}.\n\nDit voorwerp wordt automatisch verbruikt wanneer je het oppakt.","Gardırop kostümü ""{1}"" açılır. Kostümünüzü {2}\'deki Büyülü Gardırop\'ta değiştirebilirsiniz.\n\nBu eşya onu aldığınızda otomatik olarak tüketilir."
L_ID_DECORATION_UNLOCK,1 = decoration name,"Unlocks the decoration, ""{1}"". You can place this decoration in your castle.\n\nThis item is automatically consumed when you pick it up.",装飾「{1}」のロックを解除します。この装飾はあなたの城に設置できます。\n\nこのアイテムは入手すると自動的に消費されます。,"Schaltet die Dekoration „{1}"" frei. Du kannst diese Dekoration in deinem Schloss platzieren.\n\nDieser Gegenstand wird automatisch verbraucht, wenn du ihn aufhebst.","Débloque la décoration, ""{1}"". Vous pouvez placer cette décoration dans votre château.\n\nCet objet est automatiquement consommé lorsque vous le ramassez.","Desbloquea la decoración, ""{1}"". Puedes colocar esta decoración en tu castillo.\n\nEste objeto se consume automáticamente cuando lo recoges.","Desbloqueia a decoração, ""{1}"". Você pode colocar esta decoração em seu castelo.\n\nEste item é automaticamente consumido quando você o pega.","Разблокирует украшение ""{1}"". Вы можете разместить это украшение в своём замке.\n\nЭтот предмет автоматически расходуется при подборе.","Sblocca la decorazione ""{1}"". Puoi posizionare questa decorazione nel tuo castello.\n\nQuesto oggetto viene consumato automaticamente quando lo raccogli.",解鎖裝飾「{1}」。你可以在你的城堡中放置這個裝飾。\n\n當你拾取此物品時，它會自動被消耗。,"解锁装饰""{1}""。你可以在城堡中放置这个装饰。\n\n拾取此物品时会自动消耗。","장식품 ""{1}""을(를) 해금합니다. 이 장식품을 당신의 성에 배치할 수 있습니다.\n\n이 아이템은 획득 시 자동으로 소모됩니다.","Odblokowuje dekorację „{1}"". Możesz umieścić tę dekorację w swoim zamku.\n\nTen przedmiot jest automatycznie zużywany, gdy go podnosisz.","Розблоковує прикрасу ""{1}"". Ви можете розмістити цю прикрасу у своєму замку.\n\nЦей предмет автоматично використовується, коли ви його підбираєте.","Ontgrendelt de decoratie, ""{1}"". Je kunt deze decoratie in je kasteel plaatsen.\n\nDit voorwerp wordt automatisch verbruikt wanneer je het oppakt.","""{1}"" dekorasyonunu açar. Bu dekorasyonu kalenize yerleştirebilirsiniz.\n\nBu eşya onu aldığınızda otomatik olarak tüketilir."
L_ID_MUSIC_UNLOCK,1 = music name,"Unlocks the music, ""{1}"" for you to use in your castle.\n\nThis item is automatically consumed when you pick it up.",{1}の音楽をあなたの城で使用できるようにアンロックします。\n\nこのアイテムは拾った時点で自動的に消費されます。,"Schaltet die Musik ""{1}"" frei, die du in deiner Burg verwenden kannst.\n\nDieser Gegenstand wird automatisch verbraucht, wenn du ihn aufhebst.",Débloque la musique « {1} » pour que vous puissiez l'utiliser dans votre château.\n\nCet objet est automatiquement consommé lorsque vous le ramassez.,"Desbloquea la música, ""{1}"" para que la uses en tu castillo.\n\nEste objeto se consume automáticamente cuando lo recoges.","Desbloqueia a música, ""{1}"" para você usar em seu castelo.\n\nEste item é automaticamente consumido quando você o pega.","Разблокирует музыку ""{1}"" для использования в вашем замке.\n\nЭтот предмет автоматически расходуется при подборе.","Sblocca la musica ""{1}"" da utilizzare nel tuo castello.\n\nQuesto oggetto viene consumato automaticamente quando lo raccogli.",為你解鎖音樂「{1}」，可在你的城堡中使用。\n\n當你拾取此物品時，它會自動消耗。,"解锁音乐""{1}""，供你在城堡中使用。\n\n拾取此物品时会自动消耗。","음악 ""{1}""을(를) 해금하여 당신의 성에서 사용할 수 있게 합니다.\n\n이 아이템은 획득 시 자동으로 소모됩니다.","Odblokowuje muzykę „{1}"" do użytku w twoim zamku.\n\nTen przedmiot jest automatycznie zużywany, gdy go podnosisz.","Розблоковує музику ""{1}"" для використання у вашому замку.\n\nЦей предмет автоматично використовується, коли ви його підбираєте.","Ontgrendelt de muziek, ""{1}"" voor gebruik in je kasteel.\n\nDit voorwerp wordt automatisch verbruikt wanneer je het oppakt.","""{1}"" müziğini kalenizde kullanmanız için açar.\n\nBu eşya onu aldığınızda otomatik olarak tüketilir."
L_ID_WALL_STYLE_UNLOCK,1 = wall name,"Unlocks the wall style, ""{1}"" for you to use in your castle.\n\nThis item is automatically consumed when you pick it up.",あなたの城で使用できる壁スタイル「{1}」をアンロックします。\n\nこのアイテムは拾った時点で自動的に消費されます。,"Schaltet den Wandstil „{1}"" für die Verwendung in deiner Burg frei.\n\nDieser Gegenstand wird automatisch verbraucht, wenn du ihn aufhebst.","Débloque le style de mur, ""{1}"" pour que vous puissiez l\'utiliser dans votre château.\n\nCet objet est automatiquement consommé lorsque vous le ramassez.","Desbloquea el estilo de pared, ""{1}"" para que lo uses en tu castillo.\n\nEste objeto se consume automáticamente cuando lo recoges.","Desbloqueia o estilo de parede, ""{1}"" para você usar em seu castelo.\n\nEste item é automaticamente consumido quando você o pega.","Разблокирует стиль стены ""{1}"" для использования в вашем замке.\n\nЭтот предмет автоматически расходуется при поднятии.","Sblocca lo stile di muro, ""{1}"" da utilizzare nel tuo castello.\n\nQuesto oggetto viene consumato automaticamente quando lo raccogli.",為您解鎖城堡牆壁風格「{1}」。\n\n此物品在拾取時會自動消耗。,"解锁墙壁样式""{1}""，供你在城堡使用。\n\n拾取此物品时会自动消耗。","성에서 사용할 수 있는 벽 스타일 ""{1}""을(를) 해금합니다.\n\n이 아이템은 획득 시 자동으로 소모됩니다.","Odblokowuje styl ściany „{1}"" do wykorzystania w twoim zamku.\n\nTen przedmiot jest automatycznie zużywany, gdy go podnosisz.","Розблоковує стиль стіни ""{1}"" для використання у вашому замку.\n\nЦей предмет автоматично використовується, коли ви його підбираєте.","Ontgrendelt de muurstijl, ""{1}"" voor gebruik in je kasteel.\n\nDit voorwerp wordt automatisch verbruikt wanneer je het oppakt.","Kale duvar stilini, ""{1}"" kullanabilmeniz için açar.\n\nBu eşya onu aldığınızda otomatik olarak tüketilir."
L_ID_FLOOR_STYLE_UNLOCK,1 = floor name,"Unlocks the floor style, ""{1}"" for you to use in your castle.\n\nThis item is automatically consumed when you pick it up.",あなたの城で使用できる床のスタイル「{1}」をアンロックします。\n\nこのアイテムは拾った時点で自動的に消費されます。,"Schaltet den Bodenstil „{1}"" frei, den du in deinem Schloss verwenden kannst.\n\nDieser Gegenstand wird automatisch verbraucht, wenn du ihn aufhebst.","Débloque le style de sol, ""{1}"" pour l\'utiliser dans votre château.\n\nCet objet est automatiquement consommé lorsque vous le ramassez.","Desbloquea el estilo de suelo, ""{1}"" para que lo uses en tu castillo.\n\nEste objeto se consume automáticamente cuando lo recoges.","Desbloqueia o estilo de piso, ""{1}"" para você usar em seu castelo.\n\nEste item é automaticamente consumido quando você o pega.","Разблокирует стиль пола ""{1}"" для использования в вашем замке.\n\nЭтот предмет автоматически расходуется при поднятии.","Sblocca lo stile di pavimento ""{1}"" da utilizzare nel tuo castello.\n\nQuesto oggetto viene consumato automaticamente quando lo raccogli.",為您解鎖城堡地板風格「{1}」。\n\n此物品在您拾取時會自動消耗。,"解锁地板样式""{1}""，供你在城堡使用。\n\n拾取此物品时会自动消耗。","성에서 사용할 수 있는 바닥 스타일 ""{1}""을(를) 해금합니다.\n\n이 아이템은 획득 시 자동으로 소모됩니다.","Odblokowuje styl podłogi „{1}"" do wykorzystania w twoim zamku.\n\nTen przedmiot jest automatycznie zużywany, gdy go podnosisz.","Розблоковує стиль підлоги ""{1}"" для використання у вашому замку.\n\nЦей предмет автоматично використовується, коли ви його підбираєте.","Ontgrendelt de vloerstijl ""{1}"" voor gebruik in je kasteel.\n\nDit voorwerp wordt automatisch verbruikt wanneer je het oppakt.","Kale tasarımınızda kullanmanız için ""{1}"" zemin stilini açar.\n\nBu eşya onu aldığınızda otomatik olarak tüketilir."
L_ID_BACKGROUND_STYLE_UNLOCK,1 = background name,"Unlocks the background style, ""{1}"" for you to use in your castle.\n\nThis item is automatically consumed when you pick it up.",あなたの城で使用できる背景スタイル「{1}」をアンロックします。\n\nこのアイテムは拾った時点で自動的に消費されます。,"Schaltet den Hintergrundstil „{1}"" frei, den du in deiner Burg verwenden kannst.\n\nDieser Gegenstand wird automatisch verbraucht, wenn du ihn aufhebst.","Débloque le style d\'arrière-plan, ""{1}"" pour que vous puissiez l\'utiliser dans votre château.\n\nCet objet est automatiquement consommé lorsque vous le ramassez.","Desbloquea el estilo de fondo, ""{1}"" para que lo uses en tu castillo.\n\nEste objeto se consume automáticamente cuando lo recoges.","Desbloqueia o estilo de fundo, ""{1}"" para você usar em seu castelo.\n\nEste item é automaticamente consumido quando você o pega.","Разблокирует стиль фона ""{1}"" для использования в вашем замке.\n\nЭтот предмет автоматически расходуется при подборе.","Sblocca lo stile di sfondo, ""{1}"" da utilizzare nel tuo castello.\n\nQuesto oggetto viene consumato automaticamente quando lo raccogli.",為你解鎖城堡背景風格「{1}」。\n\n此物品在拾取時會自動消耗。,"解锁背景样式""{1}""，供你在城堡使用。\n\n拾取此物品时会自动消耗。","배경 스타일 ""{1}""을(를) 해제하여 당신의 성에서 사용할 수 있게 합니다.\n\n이 아이템은 획득 시 자동으로 소모됩니다.","Odblokowuje styl tła „{1}"" do wykorzystania w twoim zamku.\n\nTen przedmiot jest automatycznie zużywany, gdy go podnosisz.","Розблоковує стиль фону ""{1}"" для використання у вашому замку.\n\nЦей предмет автоматично використовується, коли ви його підбираєте.","Ontgrendelt de achtergrondstype ""{1}"" voor gebruik in je kasteel.\n\nDit voorwerp wordt automatisch verbruikt wanneer je het oppakt.","""{1}"" arka plan stilini açar ve kalen için kullanabilirsin.\n\nBu eşya onu aldığında otomatik olarak tüketilir."
L_ID_WEATHER_UNLOCK,1 = weather name,"Unlocks the weather effect, ""{1}"" for you to use in your castle.\n\nThis item is automatically consumed when you pick it up.",この城の天候効果「{1}」をアンロックします。\\n\\nこのアイテムは拾った時点で自動的に消費されます。,"Schaltet den Wettereffekt „{1}"" frei, den du in deiner Burg verwenden kannst.\\n\\nDieser Gegenstand wird automatisch verbraucht, wenn du ihn aufhebst.","Débloque l\'effet météorologique, ""{1}"" pour que vous puissiez l\'utiliser dans votre château.\\n\\nCet objet est automatiquement consommé lorsque vous le ramassez.","Desbloquea el efecto climático, ""{1}"" para que lo uses en tu castillo.\\n\\nEste objeto se consume automáticamente cuando lo recoges.","Desbloqueia o efeito climático, ""{1}"" para você usar em seu castelo.\\n\\nEste item é automaticamente consumido quando você o pega.","Разблокирует эффект погоды ""{1}"" для использования в вашем замке.\\n\\nЭтот предмет автоматически расходуется при подборе.","Sblocca l\'effetto meteo ""{1}"" che potrai usare nel tuo castello.\\n\\nQuesto oggetto viene consumato automaticamente quando lo raccogli.",為您解鎖天氣效果「{1}」，可在您的城堡中使用。\\n\\n此物品在您拾取時會自動消耗。,"解锁天气效果""{1}""，供你在城堡使用。\n\n拾取此物品时会自动消耗。","날씨 효과 ""{1}""을(를) 해제하여 당신의 성에서 사용할 수 있게 합니다.\\n\\n이 아이템은 획득 시 자동으로 소모됩니다.","Odblokowuje efekt pogodowy „{1}"" do wykorzystania w twoim zamku.\\n\\nTen przedmiot jest automatycznie zużywany, gdy go podnosisz.","Розблоковує ефект погоди ""{1}"" для використання у вашому замку.\\n\\nЦей предмет автоматично використовується, коли ви його підбираєте.","Ontgrendelt het weereffect ""{1}"" voor gebruik in je kasteel.\\n\\nDit voorwerp wordt automatisch verbruikt wanneer je het oppakt.","""{1}"" hava efektini şatonuzda kullanmanız için açar.\\n\\nBu eşya onu aldığınızda otomatik olarak tüketilir."
L_ID_PROJECT_DISTRIBUTION,,Distributed to all your active Projects.\n\nThis item is automatically consumed when you pick it up.,すべてのアクティブなプロジェクトに配分されます。\n\n拾った時点でこのアイテムは自動的に消費されます。,"Wird an alle deine aktiven Projekte verteilt.\n\nDieser Gegenstand wird automatisch verbraucht, wenn du ihn aufnimmst.",Distribué à tous vos Projets actifs.\n\nCet objet est automatiquement consommé lorsque vous le ramassez.,Distribuido a todos tus Proyectos activos.\n\nEste objeto se consume automáticamente cuando lo recoges.,Distribuído para todos os seus Projetos ativos.\n\nEste item é automaticamente consumido quando você o pega.,Распределяется между всеми вашими активными Проектами.\n\nЭтот предмет автоматически расходуется при подборе.,Distribuito a tutti i tuoi Progetti attivi.\n\nQuesto oggetto viene automaticamente consumato quando lo raccogli.,分配給你所有的活躍專案。\n\n此物品在你拾取時會自動消耗。,分配给你所有进行中的工程。\n\n拾取此物品时会自动消耗。,활성화된 모든 프로젝트에 분배됩니다.\n\n이 아이템은 획득 시 자동으로 소모됩니다.,"Rozdzielone pomiędzy wszystkie twoje aktywne Projekty.\n\nTen przedmiot jest automatycznie zużywany, gdy go podnosisz.","Розподіляється між усіма вашими активними Проєктами.\n\nЦей предмет автоматично використовується, коли ви його підбираєте.",Verdeeld over al je actieve Projecten.\n\nDit voorwerp wordt automatisch verbruikt wanneer je het oppakt.,Tüm aktif Projelerine dağıtılır.\n\nBu eşya onu aldığında otomatik olarak tüketilir.
L_ID_PROJECT_COMPLETION,,Item used to complete Projects.\n\nThis item is automatically consumed when you pick it up.,プロジェクトを完成させるために使用するアイテム。\n\n拾った時点で自動的に消費されます。,"Gegenstand, der zum Abschließen von Projekten verwendet wird.\n\nDieser Gegenstand wird automatisch verbraucht, wenn du ihn aufhebst.",Objet utilisé pour compléter des Projets.\n\nCet objet est automatiquement consommé lorsque vous le ramassez.,Objeto utilizado para completar Proyectos.\n\nEste objeto se consume automáticamente cuando lo recoges.,Item usado para completar Projetos.\n\nEste item é automaticamente consumido quando você o pega.,"Предмет, используемый для выполнения Проектов.\n\nЭтот предмет автоматически расходуется при подборе.",Oggetto usato per completare Progetti.\n\nQuesto oggetto viene automaticamente consumato quando lo raccogli.,用於完成專案的物品。\n\n此物品在你撿起時會自動消耗。,用于完成工程的物品。\n\n拾取此物品时会自动消耗。,프로젝트를 완료하는 데 사용되는 아이템.\n\n이 아이템은 획득 시 자동으로 소모됩니다.,"Przedmiot używany do ukończenia Projektów.\n\nTen przedmiot jest automatycznie zużywany, gdy go podnosisz.","Предмет, що використовується для завершення Проєктів.\n\nЦей предмет автоматично споживається, коли ви його підбираєте.",Voorwerp gebruikt om Projecten te voltooien.\n\nDit voorwerp wordt automatisch verbruikt wanneer je het oppakt.,Projeleri tamamlamak için kullanılan eşya.\n\nBu eşya onu aldığınızda otomatik olarak tüketilir.
L_ID_CURRENCY_ARENA,,This currency can be used to purchase items from the Arena Shop.\n\nThis item is automatically added to your Currency when you pick it up.,このアリーナショップで商品を購入するために使用できる通貨です。\n\n入手すると自動的に通貨に追加されるアイテムです。,"Diese Währung kann verwendet werden, um Gegenstände im Arena-Shop zu kaufen.\n\nDieser Gegenstand wird automatisch zu deiner Währung hinzugefügt, wenn du ihn aufhebst.",Cette monnaie peut être utilisée pour acheter des objets dans la Boutique de l'Arène.\n\nCet objet est automatiquement ajouté à votre Monnaie lorsque vous le ramassez.,Esta moneda puede usarse para comprar objetos en la Tienda de la Arena.\n\nEste objeto se añade automáticamente a tu Moneda cuando lo recoges.,Esta moeda pode ser usada para comprar itens na Loja da Arena.\n\nEste item é automaticamente adicionado à sua Moeda quando você o pega.,"Эта валюта может быть использована для покупки предметов в Магазине Арены.\n\nЭтот предмет автоматически добавляется к вашей Валюте, когда вы его подбираете.",Questa valuta può essere utilizzata per acquistare oggetti dal Negozio dell'Arena.\n\nQuesto oggetto viene automaticamente aggiunto alla tua Valuta quando lo raccogli.,這種貨幣可用於在競技場商店購買物品。\n\n當你撿起此物品時，它會自動添加到你的貨幣中。,这种货币可以用来在竞技场商店购买物品。\n\n当你拾取此物品时，它将自动添加到你的货币中。,이 화폐는 투기장 상점에서 아이템을 구매하는 데 사용할 수 있습니다.\n\n이 아이템은 획득 시 자동으로 당신의 화폐에 추가됩니다.,"Ta waluta może być używana do zakupu przedmiotów ze Sklepu Areny.\n\nTen przedmiot jest automatycznie dodawany do Twoich Walut, gdy go podnosisz.","Цю валюту можна використовувати для придбання предметів у Магазині Арени.\n\nЦей предмет автоматично додається до вашої Валюти, коли ви його підбираєте.",Deze valuta kan worden gebruikt om items te kopen in de Arena Winkel.\n\nDit voorwerp wordt automatisch aan je Valuta toegevoegd wanneer je het oppakt.,Bu para birimi Arena Mağazası'ndan eşya satın almak için kullanılabilir.\n\nBu eşya topladığınızda otomatik olarak Para Biriminize eklenir.
L_ID_CURRENCY_RELIQUARY,,This currency can be used to upgrade your Relics of the Gods at the Reliquary.\n\nThis item is automatically added to your Currency when you pick it up.,この通貨は神殿の「神々の遺物」をアップグレードするために使用できます。\n\n入手すると自動的に通貨に追加されます。,"Diese Währung kann verwendet werden, um deine Göttlichen Relikte im Reliquarium aufzuwerten.\n\nDieser Gegenstand wird automatisch deiner Währung hinzugefügt, wenn du ihn aufhebst.",Cette monnaie peut être utilisée pour améliorer vos Reliques des Dieux au Reliquaire.\n\nCet objet est automatiquement ajouté à votre Monnaie lorsque vous le ramassez.,Esta moneda puede usarse para mejorar tus Reliquias de los Dioses en el Relicario.\n\nEste objeto se añade automáticamente a tu Moneda cuando lo recoges.,Esta moeda pode ser usada para melhorar suas Relíquias dos Deuses no Relicário.\n\nEste item é automaticamente adicionado à sua Moeda quando você o pega.,Эта валюта может быть использована для улучшения ваших Реликвий Богов в Реликварии.\n\nЭтот предмет автоматически добавляется в вашу Валюту при подборе.,Questa valuta può essere utilizzata per potenziare le tue Reliquie degli Dei nel Reliquiario.\n\nQuesto oggetto viene automaticamente aggiunto alla tua Valuta quando lo raccogli.,這種貨幣可以在聖物殿用來升級你的神之聖物。\n\n當你拾取此物品時，它會自動添加到你的貨幣中。,这种货币可以在圣物库用来升级你的众神圣物。\n\n当你拾取此物品时，它将自动添加到你的货币中。,이 화폐는 성물 보관소에서 신들의 유물을 업그레이드하는 데 사용할 수 있습니다.\n\n이 아이템은 획득 시 자동으로 화폐에 추가됩니다.,"Ta waluta może być używana do ulepszania Relikwii Bogów w Relikwiarzu.\n\nTen przedmiot jest automatycznie dodawany do twoich Walut, gdy go podnosisz.","Цю валюту можна використовувати для покращення ваших Реліквій Богів у Реліквіарії.\n\nЦей предмет автоматично додається до вашої Валюти, коли ви його підбираєте.",Deze valuta kan worden gebruikt om je Relikwieën van de Goden te upgraden bij het Relikwarium.\n\nDit voorwerp wordt automatisch aan je Valuta toegevoegd wanneer je het oppakt.,"Bu para birimi, Kutsal Emanetler'deki Tanrıların Yadigarlarını yükseltmek için kullanılabilir.\n\nBu eşya toplandığında otomatik olarak Para Biriminize eklenir."
L_ID_CURRENCY_ARCANE_VAULT,,This currency can be used to upgrade your Talismans at the Arcane Vault.\n\nThis item is automatically added to your Currency when you pick it up.,この通貨は秘術の宝庫であなたのタリスマンをアップグレードするために使用できます。\n\nこのアイテムは拾った時に自動的にあなたの通貨に追加されます。,"Diese Währung kann verwendet werden, um deine Talismane im Arkanen Tresor aufzuwerten.\n\nDieser Gegenstand wird automatisch deiner Währung hinzugefügt, wenn du ihn aufhebst.",Cette monnaie peut être utilisée pour améliorer vos Talismans au Caveau Arcanique.\n\nCet objet est automatiquement ajouté à votre Monnaie lorsque vous le ramassez.,Esta moneda puede usarse para mejorar tus Talismanes en la Bóveda Arcana.\n\nEste objeto se añade automáticamente a tu Moneda cuando lo recoges.,Esta moeda pode ser usada para melhorar seus Talismãs no Cofre Arcano.\n\nEste item é automaticamente adicionado à sua Moeda quando você o pega.,"Эта валюта может быть использована для улучшения ваших Талисманов в Тайном Хранилище.\n\nЭтот предмет автоматически добавляется в вашу Валюту, когда вы его подбираете.",Questa valuta può essere utilizzata per potenziare i tuoi Talismani presso la Volta Arcana.\n\nQuesto oggetto viene automaticamente aggiunto alla tua Valuta quando lo raccogli.,這種貨幣可以在奧術寶庫用來升級你的護符。\n\n當你撿起此物品時，它會自動添加到你的貨幣中。,这种货币可以在奥术宝库用来升级你的护符。\n\n当你拾取此物品时，它将自动添加到你的货币中。,이 화폐는 비전 금고에서 당신의 부적을 업그레이드하는 데 사용할 수 있습니다.\n\n이 아이템은 획득 시 자동으로 당신의 화폐에 추가됩니다.,"Ta waluta może być wykorzystana do ulepszania Talizmanów w Tajemnym Skarbcu.\n\nTen przedmiot jest automatycznie dodawany do twoich Walut, gdy go podnosisz.","Цю валюту можна використовувати для покращення ваших Талісманів в Таємничому Сховищі.\n\nЦей предмет автоматично додається до вашої Валюти, коли ви його підбираєте.",Deze valuta kan worden gebruikt om je Talismans te upgraden in de Arcane Vault.\n\nDit voorwerp wordt automatisch aan je Valuta toegevoegd wanneer je het oppakt.,"Bu para birimi, Gizemli Kasa'da Tılsımlarını yükseltmek için kullanılabilir.\n\nBu eşya toplandığında otomatik olarak Para Birimine eklenir."
L_ID_CURRENCY_TAVERN,,This currency can be used to purchase items from the Tavern Shop.\n\nThis item is automatically added to your Currency when you pick it up.,このお金は酒場の店で商品を購入するのに使えます。\n\n入手すると自動的にあなたの通貨に追加されます。,"Diese Währung kann verwendet werden, um Gegenstände im Tavernenladen zu kaufen.\n\nDieser Gegenstand wird automatisch zu deiner Währung hinzugefügt, wenn du ihn aufhebst.",Cette monnaie peut être utilisée pour acheter des objets à la Boutique de la Taverne.\n\nCet objet est automatiquement ajouté à votre Monnaie lorsque vous le ramassez.,Esta moneda puede usarse para comprar objetos en la Tienda de la Taberna.\n\nEste objeto se añade automáticamente a tu Moneda cuando lo recoges.,Esta moeda pode ser usada para comprar itens na Loja da Taverna.\n\nEste item é automaticamente adicionado à sua Moeda quando você o pega.,"Эта валюта может быть использована для покупки предметов в Таверне.\n\nЭтот предмет автоматически добавляется в вашу Валюту, когда вы его подбираете.",Questa valuta può essere utilizzata per acquistare oggetti dal Negozio della Taverna.\n\nQuesto oggetto viene automaticamente aggiunto alla tua Valuta quando lo raccogli.,這種貨幣可以用來在酒館商店購買物品。\n\n當你撿起此物品時，它會自動添加到你的貨幣中。,这种货币可以用来在酒馆商店购买物品。\n\n当你拾取此物品时，它将自动添加到你的货币中。,이 화폐는 선술집 상점에서 아이템을 구매하는 데 사용할 수 있습니다.\n\n이 아이템은 획득하면 자동으로 당신의 화폐에 추가됩니다.,"Ta waluta może być używana do zakupu przedmiotów w Sklepie Tawerny.\n\nTen przedmiot jest automatycznie dodawany do Twoich Walut, gdy go podnosisz.","Цю валюту можна використовувати для купівлі предметів у Таверні.\n\nЦей предмет автоматично додається до вашої Валюти, коли ви його підбираєте.",Deze valuta kan worden gebruikt om items te kopen in de Herbergwinkel.\n\nDit voorwerp wordt automatisch aan je Valuta toegevoegd wanneer je het oppakt.,Bu para birimi Taverna Dükkanı'ndan eşya satın almak için kullanılabilir.\n\nBu eşya onu aldığınızda otomatik olarak Para Biriminize eklenir.
L_ID_CARD_SET,,"This Card is part of a Card Set. After you find enough Cards in a Card Set, you'll unlock a permanent bonus for you and your creatures.\n\nThis item is automatically added to its corresponding Card Set when you pick it up.",このカードはカードセットの一部です。カードセットの中から十分な数のカードを見つけると、あなたとあなたの生物に永続的なボーナスが解放されます。\n\nこのアイテムは拾った時点で、対応するカードセットに自動的に追加されます。,"Diese Karte ist Teil eines Kartensatzes. Nachdem du genügend Karten in einem Kartensatz gefunden hast, schaltest du einen permanenten Bonus für dich und deine Kreaturen frei.\n\nDieser Gegenstand wird automatisch dem entsprechenden Kartensatz hinzugefügt, wenn du ihn aufhebst.","Cette Carte fait partie d'un Ensemble de Cartes. Après avoir trouvé suffisamment de Cartes dans un Ensemble de Cartes, vous débloquerez un bonus permanent pour vous et vos créatures.\n\nCet objet est automatiquement ajouté à son Ensemble de Cartes correspondant lorsque vous le ramassez.","Esta Carta forma parte de un Conjunto de Cartas. Después de encontrar suficientes Cartas en un Conjunto de Cartas, desbloquearás un bono permanente para ti y tus criaturas.\n\nEste objeto se añade automáticamente a su Conjunto de Cartas correspondiente cuando lo recoges.","Este Cartão faz parte de uma Coleção de Cartões. Depois de encontrar cartões suficientes em uma Coleção de Cartões, você desbloqueará um bônus permanente para você e suas criaturas.\n\nEste item é automaticamente adicionado à sua Coleção de Cartões correspondente quando você o pega.","Эта Карта является частью Набора Карт. После того, как вы найдете достаточно Карт в Наборе Карт, вы разблокируете постоянный бонус для вас и ваших существ.\n\nЭтот предмет автоматически добавляется в соответствующий Набор Карт, когда вы его подбираете.","Questa Carta fa parte di un Set di Carte. Dopo aver trovato abbastanza Carte in un Set di Carte, sbloccherai un bonus permanente per te e le tue creature.\n\nQuesto oggetto viene automaticamente aggiunto al Set di Carte corrispondente quando lo raccogli.",此卡牌是卡牌組的一部分。當你收集到足夠數量的卡牌組中的卡牌後，你和你的生物將解鎖永久性獎勵。\n\n當你拾取此物品時，它會自動添加到對應的卡牌組中。,这张卡牌是牌组的一部分。当你收集到足够数量的牌组后，你和你的生物将解锁永久加成。\n\n当你拾取此物品时，它将自动添加到你的相应牌组中。,"이 카드는 카드 세트의 일부입니다. 카드 세트에서 충분한 카드를 모으면, 당신과 당신의 생물들에게 영구적인 보너스가 해제됩니다.\n\n이 아이템은 획득하는 즉시 해당 카드 세트에 자동으로 추가됩니다.","Ta Karta jest częścią Zestawu Kart. Po znalezieniu wystarczającej liczby Kart w Zestawie Kart, odblokujesz stałą premię dla siebie i swoich stworzeń.\n\nTen przedmiot jest automatycznie dodawany do odpowiadającego mu Zestawu Kart, gdy go podnosisz.","Ця Картка є частиною Набору Карток. Після того, як ви знайдете достатньо Карток у Наборі Карток, ви розблокуєте постійний бонус для вас та ваших істот.\n\nЦей предмет автоматично додається до відповідного Набору Карток, коли ви його підбираєте.","Deze Kaart maakt deel uit van een Kaartenset. Nadat je genoeg Kaarten in een Kaartenset hebt gevonden, ontgrendel je een permanente bonus voor jou en je wezens.\n\nDit voorwerp wordt automatisch toegevoegd aan de bijbehorende Kaartenset wanneer je het oppakt.","Bu Kart bir Kart Seti'nin parçasıdır. Bir Kart Seti'nde yeterince Kart bulduğunuzda, kendiniz ve yaratıklarınız için kalıcı bir bonus açacaksınız.\n\nBu eşya toplandığında otomatik olarak ilgili Kart Seti'ne eklenir."
L_ID_CREATURE_MANA,"1 = creature name, 2 = castle name","This is Mana for {1}. After you obtain enough Mana, you can summon this creature at the Summoning Brazier in {2}.\n\nThis item is automatically consumed when you pick it up.",これは{1}のマナです。十分なマナを集めると、{2}の召喚火鉢でこのクリーチャーを召喚できます。\n\nこのアイテムは拾った時点で自動的に消費されます。,"Dies ist Mana für {1}. Nachdem du genug Mana gesammelt hast, kannst du diese Kreatur am Beschwörungsbecken in {2} herbeirufen.\n\nDieser Gegenstand wird automatisch verbraucht, wenn du ihn aufhebst.","Ceci est du Mana pour {1}. Après avoir obtenu suffisamment de Mana, vous pourrez invoquer cette créature au Brasero d'Invocation dans {2}.\n\nCet objet est automatiquement consommé lorsque vous le ramassez.","Esta es Maná para {1}. Después de obtener suficiente Maná, podrás invocar a esta criatura en el Brasero de Invocación en {2}.\n\nEste objeto se consume automáticamente cuando lo recoges.","Este é Mana para {1}. Depois de obter Mana suficiente, você pode invocar esta criatura no Braseiro de Invocação em {2}.\n\nEste item é automaticamente consumido quando você o pega.","Это Мана для {1}. После того, как вы получите достаточно Маны, вы сможете призвать это существо у Жаровни Призыва в {2}.\n\nЭтот предмет автоматически расходуется при подборе.","Questa è Mana per {1}. Dopo aver ottenuto abbastanza Mana, potrai evocare questa creatura al Braciere di Evocazione in {2}.\n\nQuesto oggetto viene automaticamente consumato quando lo raccogli.",這是{1}的魔力。當你獲得足夠的魔力後，你可以在{2}的召喚火盆處召喚這個生物。\n\n此物品在你拾取時會自動消耗。,这是{1}的法力。当你获得足够的法力后，你可以在{2}的召唤火盆处召唤这个生物。\n\n拾取此物品时会自动消耗。,이것은 {1}을(를) 위한 마나입니다. 충분한 마나를 모으면 {2}에 있는 소환 화로에서 이 생물을 소환할 수 있습니다.\n\n이 아이템은 주웠을 때 자동으로 소모됩니다.,"To jest Mana dla {1}. Po zdobyciu wystarczającej ilości Many, możesz przywołać tę istotę przy Kadzielnicach Przywołania w {2}.\n\nTen przedmiot jest automatycznie zużywany, gdy go podnosisz.","Це Мана для {1}. Після того, як ви отримаєте достатньо Мани, ви зможете викликати цю істоту біля Жаровні Виклику в {2}.\n\nЦей предмет автоматично використовується, коли ви його підбираєте.","Dit is Mana voor {1}. Nadat je genoeg Mana hebt verzameld, kun je dit wezen oproepen bij het Oproepingsvuur in {2}.\n\nDit voorwerp wordt automatisch verbruikt wanneer je het oppakt.","Bu, {1} için Mana. Yeterli Mana elde ettikten sonra, bu yaratığı {2}'deki Çağırma Mangalı'nda çağırabilirsin.\n\nBu eşya, onu aldığında otomatik olarak tüketilir."
L_ID_SPECIALIZATION_UNLOCK,,Unlocks the {1} specialization.\n\nThis item is automatically consumed when you pick it up.,{1}特化をアンロックします。\n\n拾った時に自動的に消費されるアイテムです。,"Schaltet die {1}-Spezialisierung frei.\n\nDieser Gegenstand wird automatisch verbraucht, wenn du ihn aufhebst.",Débloque la spécialisation {1}.\n\nCet objet est automatiquement consommé lorsque vous le ramassez.,Desbloquea la especialización {1}.\n\nEste objeto se consume automáticamente cuando lo recoges.,Desbloqueia a especialização {1}.\n\nEste item é automaticamente consumido quando você o pega.,Разблокирует специализацию {1}.\n\nЭтот предмет автоматически расходуется при поднятии.,Sblocca la specializzazione {1}.\n\nQuesto oggetto viene consumato automaticamente quando lo raccogli.,解鎖{1}專精。\n\n此物品在你拾取時會自動消耗。,解锁{1}专精。\n\n拾取此物品时会自动消耗。,{1} 전문화를 해제합니다.\n\n이 아이템은 획득 시 자동으로 소모됩니다.,"Odblokowuje specjalizację {1}.\n\nTen przedmiot jest automatycznie zużywany, gdy go podnosisz.","Розблоковує спеціалізацію {1}.\n\nЦей предмет автоматично використовується, коли ви його підбираєте.",Ontgrendelt de {1} specialisatie.\n\nDit voorwerp wordt automatisch verbruikt wanneer je het oppakt.,{1} uzmanlığını açar.\n\nBu eşya onu aldığınızda otomatik olarak tüketilir.
L_ID_PERK_POINT,,Grants a Perk Point that can be used to unlock perks for your specialization.\n\nThis item is automatically consumed when you pick it up.,専門分野のパークをアンロックするために使用できるパークポイントを付与します。\n\n拾った時点でこのアイテムは自動的に消費されます。,"Gewährt einen Talentpunkt, der verwendet werden kann, um Talente für deine Spezialisierung freizuschalten.\n\nDieser Gegenstand wird automatisch verbraucht, wenn du ihn aufhebst.",Accorde un Point de Talent qui peut être utilisé pour débloquer des talents pour votre spécialisation.\n\nCet objet est automatiquement consommé lorsque vous le ramassez.,Otorga un Punto de Ventaja que puede usarse para desbloquear ventajas para tu especialización.\n\nEste objeto se consume automáticamente cuando lo recoges.,Concede um Ponto de Talento que pode ser usado para desbloquear talentos para sua especialização.\n\nEste item é automaticamente consumido quando você o pega.,"Даёт Очко Навыка, которое можно использовать для разблокировки перков вашей специализации.\n\nЭтот предмет автоматически расходуется при подборе.",Concede un Punto Talento che può essere utilizzato per sbloccare talenti per la tua specializzazione.\n\nQuesto oggetto viene consumato automaticamente quando lo raccogli.,授予一個可用於解鎖你專精技能的特長點數。\n\n此物品在你拾取時會自動消耗。,提供可用于解锁你专精专长的专长点。\n\n拾取此物品时会自动消耗。,당신의 전문화를 위한 특성을 해금하는 데 사용할 수 있는 특성 포인트를 부여합니다.\n\n이 아이템은 획득 시 자동으로 소모됩니다.,"Przyznaje Punkt Umiejętności, który może być użyty do odblokowania umiejętności dla twojej specjalizacji.\n\nTen przedmiot jest automatycznie zużywany, gdy go podnosisz.","Надає Очко Навичок, яке можна використати для розблокування перків вашої спеціалізації.\n\nЦей предмет автоматично використовується, коли ви його підбираєте.",Geeft een Vaardighedenpunt dat kan worden gebruikt om vaardigheden voor je specialisatie vrij te spelen.\n\nDit voorwerp wordt automatisch verbruikt wanneer je het oppakt.,Uzmanlığın için yetenek puanlarının kilidini açmak amacıyla kullanılabilen bir Yetenek Puanı verir.\n\nBu eşya onu aldığında otomatik olarak tüketilir.
L_ID_CREATURE_SKIN_UNLOCK,"1 = creature skin name, 2 = castle name","Unlocks the creature skin, ""{1}"". You can set a creature's skin at the Fusion Station in {2}.\n\n{3}\n\nThis item is automatically consumed when you pick it up.",クリーチャースキン「{1}」をアンロックします。{2}のフュージョンステーションでクリーチャーのスキンを設定できます。\n\n{3}\n\nこのアイテムは拾った時点で自動的に消費されます。,"Schaltet die Kreaturenhaut „{1}"" frei. Du kannst die Haut einer Kreatur an der Fusionsstation in {2} einstellen.\n\n{3}\n\nDieser Gegenstand wird automatisch verbraucht, wenn du ihn aufhebst.","Débloque l\'apparence de créature, ""{1}"". Vous pouvez définir l\'apparence d\'une créature à la Station de Fusion dans {2}.\n\n{3}\n\nCet objet est automatiquement consommé lorsque vous le ramassez.","Desbloquea la piel de criatura, ""{1}"". Puedes establecer la piel de una criatura en la Estación de Fusión en {2}.\n\n{3}\n\nEste objeto se consume automáticamente cuando lo recoges.","Desbloqueia a aparência de criatura, ""{1}"". Você pode definir a aparência de uma criatura na Estação de Fusão em {2}.\n\n{3}\n\nEste item é automaticamente consumido quando você o pega.","Разблокирует облик существа, ""{1}"". Вы можете установить облик существа на Станции Слияния в {2}.\n\n{3}\n\nЭтот предмет автоматически расходуется при подборе.","Sblocca la skin della creatura, ""{1}"". Puoi impostare la skin di una creatura alla Stazione di Fusione in {2}.\n\n{3}\n\nQuesto oggetto viene consumato automaticamente quando lo raccogli.",解鎖生物外觀「{1}」。你可以在{2}的融合站設定生物的外觀。\n\n{3}\n\n此物品在你拾取時會自動消耗。,"解锁生物皮肤""{1}""。你可以在{2}的融合站设置生物的皮肤。\n\n{3}\n\n拾取此物品时会自动消耗。","생물 스킨 ""{1}""을(를) 해금합니다. {2}에 있는 융합 스테이션에서 생물의 스킨을 설정할 수 있습니다.\n\n{3}\n\n이 아이템은 획득 시 자동으로 소모됩니다.","Odblokowuje skórkę stworzenia, ""{1}"". Możesz ustawić skórkę stworzenia na Stacji Fuzji w {2}.\n\n{3}\n\nTen przedmiot jest automatycznie zużywany, gdy go podnosisz.","Розблоковує шкіру істоти ""{1}"". Ви можете встановити шкіру істоти на Станції Злиття в {2}.\n\n{3}\n\nЦей предмет автоматично використовується, коли ви його підбираєте.","Ontgrendelt de wezenhuid, ""{1}"". Je kunt de huid van een wezen instellen bij het Fusiestation in {2}.\n\n{3}\n\nDit voorwerp wordt automatisch verbruikt wanneer je het oppakt.","Yaratık görünümünü açar: ""{1}"". Bir yaratığın görünümünü {2}\'deki Füzyon İstasyonu\'nda ayarlayabilirsin.\n\n{3}\n\nBu eşya onu aldığında otomatik olarak tüketilir."
L_ID_RANDOM_ITEMS,,Contains random items.,ランダムなアイテムが含まれています。,Enthält zufällige Gegenstände.,Contient des objets aléatoires.,Contiene objetos aleatorios.,Contém itens aleatórios.,Содержит случайные предметы.,Contiene oggetti casuali.,包含隨機物品。,包含随机物品。,무작위 아이템이 포함되어 있습니다.,Zawiera losowe przedmioty.,Містить випадкові предмети.,Bevat willekeurige voorwerpen.,Rastgele eşyalar içerir.
L_ID_ACCESSORY_UNLOCK,"1 = accessory name, 2 = castle name","Unlocks the accessory, ""{1}"". You can equip an accessory to a creature at the Enchanted Wardrobe in {2}.\n\nThis item is automatically consumed when you pick it up.",アクセサリー「{1}」を解放します。{2}の魔法の衣装箪笥でクリーチャーにアクセサリーを装備させることができます。\n\nこのアイテムは入手すると自動的に消費されます。,"Schaltet das Accessoire „{1}"" frei. Du kannst ein Accessoire an einem Kreatur im Verzauberten Kleiderschrank in {2} ausrüsten.\n\nDieser Gegenstand wird automatisch verbraucht, wenn du ihn aufhebst.","Débloque l\'accessoire, ""{1}"". Vous pouvez équiper un accessoire sur une créature à la Garde-robe Enchantée à {2}.\n\nCet objet est automatiquement consommé lorsque vous le ramassez.","Desbloquea el accesorio, ""{1}"". Puedes equipar un accesorio a una criatura en el Armario Encantado en {2}.\n\nEste objeto se consume automáticamente cuando lo recoges.","Desbloqueia o acessório, ""{1}"". Você pode equipar um acessório em uma criatura no Guarda-Roupa Encantado em {2}.\n\nEste item é automaticamente consumido quando você o pega.","Разблокирует аксессуар ""{1}"". Вы можете экипировать аксессуар на существо в Зачарованном Гардеробе в {2}.\n\nЭтот предмет автоматически расходуется при подборе.","Sblocca l\'accessorio ""{1}"". Puoi equipaggiare un accessorio a una creatura presso il Guardaroba Incantato a {2}.\n\nQuesto oggetto viene automaticamente consumato quando lo raccogli.",解鎖配件「{1}」。你可以在{2}的魔法衣櫃為生物裝備配件。\n\n此物品在你拾取時會自動消耗。,"解锁饰品""{1}""。你可以在{2}的魔法衣柜为生物装备饰品。\n\n拾取此物品时会自动消耗。","장신구 ""{1}""을(를) 해제합니다. {2}에 있는 마법의 옷장에서 생물에게 장신구를 장착할 수 있습니다.\n\n이 아이템은 획득 시 자동으로 소모됩니다.","Odblokowuje akcesorium „{1}"". Możesz wyposażyć stworzenie w akcesorium w Zaczarowanej Szafie w {2}.\n\nTen przedmiot jest automatycznie zużywany, gdy go podnosisz.","Розблоковує аксесуар ""{1}"". Ви можете спорядити аксесуар істоті в Зачарованій Шафі в {2}.\n\nЦей предмет автоматично використовується, коли ви його підбираєте.","Ontgrendelt het accessoire, ""{1}"". Je kunt een accessoire uitrusten bij een wezen in de Betoverde Kledingkast in {2}.\n\nDit voorwerp wordt automatisch verbruikt wanneer je het oppakt.","""{1}"" aksesuarını açar. {2}\'deki Büyülü Gardırop\'ta bir yaratığa aksesuar takabilirsin.\n\nBu eşya onu aldığında otomatik olarak tüketilir."
L_ID_ANOINTMENT_UNLOCK,1 = anointment name,"Unlocks the Anointment of {1}, which can be equipped and used no matter what your specialization is.\n\nThis item is automatically consumed when you pick it up.",{1}の塗油を解放します。これは専門化に関係なく装備して使用できます。\n\n拾った時点でこのアイテムは自動的に消費されます。,"Schaltet die Salbung von {1} frei, die ausgerüstet und verwendet werden kann, unabhängig von deiner Spezialisierung.\n\nDieser Gegenstand wird automatisch verbraucht, wenn du ihn aufhebst.","Débloque l'Onction de {1}, qui peut être équipée et utilisée quelle que soit votre spécialisation.\n\nCet objet est automatiquement consommé lorsque vous le ramassez.","Desbloquea la Unción de {1}, que puede ser equipada y usada sin importar cuál sea tu especialización.\n\nEste objeto se consume automáticamente cuando lo recoges.","Desbloqueia a Unção de {1}, que pode ser equipada e usada independentemente da sua especialização.\n\nEste item é automaticamente consumido quando você o pega.","Открывает Помазание {1}, которое можно экипировать и использовать независимо от вашей специализации.\n\nЭтот предмет автоматически расходуется при подборе.","Sblocca l'Unzione di {1}, che può essere equipaggiata e utilizzata indipendentemente dalla tua specializzazione.\n\nQuesto oggetto viene automaticamente consumato quando lo raccogli.",解鎖{1}的塗油，無論你的專精為何，都可以裝備和使用。\n\n此物品在你拾取時會自動消耗。,解锁{1}圣油，无论你的专精是什么时都可以装备和使用。\n\n拾取此物品时会自动消耗。,"{1} 연성을 해제하며, 당신의 전문화가 무엇이든 상관없이 장착하고 사용할 수 있습니다.\n\n이 아이템은 획득 시 자동으로 소모됩니다.","Odblokowuje Namaszczenie {1}, które może być wyposażone i używane niezależnie od twojej specjalizacji.\n\nTen przedmiot jest automatycznie zużywany, gdy go podnosisz.","Розблоковує Помазання {1}, яке можна екіпірувати та використовувати незалежно від вашої спеціалізації.\n\nЦей предмет автоматично споживається, коли ви його підбираєте.","Ontgrendelt de Zalving van {1}, die kan worden uitgerust en gebruikt ongeacht je specialisatie.\n\nDit voorwerp wordt automatisch verbruikt wanneer je het oppakt.","{1} Kutsanmasının kilidini açar, uzmanlığınız ne olursa olsun donatılabilir ve kullanılabilir.\n\nBu eşya onu aldığınızda otomatik olarak tüketilir."
L_ID_SKIN_RESTRICTION_CREATURE,,This can only be equipped by the following creature: {1}.,これは以下の生物のみが装備可能です：{1}。,Dies kann nur von folgender Kreatur ausgerüstet werden: {1}.,Ceci ne peut être équipé que par la créature suivante : {1}.,Esto solo puede ser equipado por la siguiente criatura: {1}.,Isso só pode ser equipado pela seguinte criatura: {1}.,Это может быть экипировано только следующим существом: {1}.,Questo può essere equipaggiato solo dalla seguente creatura: {1}.,此物品只能由以下生物裝備：{1}。,这只能被以下生物装备：{1}。,이것은 다음 생물만 장착할 수 있습니다: {1}.,To może być wyposażone tylko przez następującą istotę: {1}.,Це може бути екіповано лише наступною істотою: {1}.,Dit kan alleen worden uitgerust door het volgende wezen: {1}.,Bu sadece şu yaratık tarafından kuşanılabilir: {1}.
L_ID_SKIN_RESTRICTION_RACE,1 = race name,Only creatures that belong to the {1} race can equip this skin.,この外見は{1}種族に属するクリーチャーのみが装備できます。,"Nur Kreaturen, die zur Rasse {1} gehören, können dieses Aussehen ausrüsten.",Seules les créatures appartenant à la race {1} peuvent équiper cette apparence.,Solo las criaturas que pertenecen a la raza {1} pueden equipar esta apariencia.,Apenas criaturas que pertencem à raça {1} podem equipar esta aparência.,"Только существа, принадлежащие к расе {1}, могут экипировать этот скин.",Solo le creature che appartengono alla razza {1} possono equipaggiare questa skin.,只有屬於{1}種族的生物才能裝備此外觀。,只有属于{1}种族的生物才能装备此皮肤。,이 스킨은 {1} 종족에 속한 생물만 장착할 수 있습니다.,Tylko stworzenia należące do rasy {1} mogą założyć tę skórkę.,"Лише істоти, що належать до раси {1}, можуть екіпірувати цей скін.",Alleen wezens die tot het {1} ras behoren kunnen deze skin uitrusten.,Sadece {1} ırkına ait yaratıklar bu görünümü kuşanabilir.
L_ID_MATERIAL_STAT_SLOT,,[slot_stat] Stat Slot,[slot_stat] ステータススロット,[slot_stat] Attributplatz,[slot_stat] Emplacement de stat,[slot_stat] Ranura de estadística,[slot_stat] Slot de Atributo,[slot_stat] Слот характеристики,[slot_stat] Slot Statistica,[slot_stat] 屬性欄位,[slot_stat]属性值槽,[slot_stat] 스탯 슬롯,[slot_stat] Miejsce na statystykę,[slot_stat] Слот характеристики,[slot_stat] Statistiek Slot,[slot_stat] İstatistik Yuvası
L_ID_MATERIAL_TRICK_SLOT,,[slot_trick] Trick Slot,[slot_trick] トリックスロット,[slot_trick] Trick-Slot,[slot_trick] Emplacement d'Astuce,[slot_trick] Ranura de Truco,[slot_trick] Espaço de Truque,[slot_trick] Слот для трюка,[slot_trick] Slot Trucco,[slot_trick] 詭計槽,[slot_trick]技巧槽,[slot_trick] 트릭 슬롯,[slot_trick] Slot na Sztuczki,[slot_trick] Слот трюку,[slot_trick] Truc Slot,[slot_trick] Hile Yuvası
L_ID_MATERIAL_SOCKET_DESCRIPTION,1 = slot name,Socket an Artifact's {1} with this item to gain this property:\n\n{2},ソケットにこのアイテムを装着して、アーティファクトの{1}にこの特性を付与する：\n\n{2},"Bestücke den {1} eines Artefakts mit diesem Gegenstand, um diese Eigenschaft zu erhalten:\n\n{2}",Sertissez le {1} d'un Artéfact avec cet objet pour obtenir cette propriété :\n\n{2},Coloca este objeto en el {1} de un Artefacto para obtener esta propiedad:\n\n{2},Encaixe o {1} de um Artefato com este item para ganhar esta propriedade:\n\n{2},"Вставьте этот предмет в {1} Артефакта, чтобы получить это свойство:\n\n{2}",Inserisci questo oggetto nella {1} di un Artefatto per ottenere questa proprietà:\n\n{2},將此物品鑲嵌到神器的{1}中以獲得此屬性：\n\n{2},将此物品镶嵌到神器的{1}中以获得词条：\n\n{2},이 아이템으로 유물의 {1}에 장착하여 다음 속성을 획득하세요:\n\n{2},"Umieść ten przedmiot w {1} Artefaktu, aby zyskać tę właściwość:\n\n{2}","Вставте цей предмет у {1} Артефакту, щоб отримати цю властивість:\n\n{2}",Socket een Artefact's {1} met dit voorwerp om deze eigenschap te verkrijgen:\n\n{2},Bu eşyayı bir Eserin {1} yuvasına yerleştirerek şu özelliği kazan:\n\n{2}
L_ID_MATERIAL_SOCKET_AMOUNT_5,,\n\nYou need 5 of these materials to use them for Socketing.,装着するには、これらの素材が5つ必要です。,"Du benötigst 5 dieser Materialien, um sie für die Sockelung zu verwenden.",Vous avez besoin de 5 de ces matériaux pour les utiliser pour l'Enchâssement.,Necesitas 5 de estos materiales para usarlos en el Engarce.,Você precisa de 5 destes materiais para usá-los no Encaixe.,"Вам нужно 5 таких материалов, чтобы использовать их для Вставки.",Hai bisogno di 5 di questi materiali per utilizzarli per l'Incavo.,\n\n您需要 5 個這些材料才能用於鑲嵌。,\n\n你需要5个这种材料才能用于镶嵌。,소켓팅에 사용하려면 이 재료가 5개 필요합니다.,"Potrzebujesz 5 tych materiałów, aby użyć ich do Osadzania.","Вам потрібно 5 таких матеріалів, щоб використати їх для Гніздування.",Je hebt 5 van deze materialen nodig om ze voor Socketing te gebruiken.,Bu malzemeleri Soketleme için kullanmak için 5 tanesine ihtiyacınız var.
L_ID_MATERIAL_SOCKET_AMOUNT_3,,\n\nYou need 3 of these materials to use them for Socketing.,装備品にソケットを付けるには、これらの素材が3つ必要です。,"Du benötigst 3 dieser Materialien, um sie für die Sockelung zu verwenden.",Vous avez besoin de 3 de ces matériaux pour les utiliser pour l'Enchâssement.,Necesitas 3 de estos materiales para usarlos en el Engarce.,Você precisa de 3 destes materiais para usá-los no Encaixe.,"Вам нужно 3 таких материала, чтобы использовать их для Вставки.",Hai bisogno di 3 di questi materiali per utilizzarli per l'Incavo.,\n\n您需要 3 個這些材料才能用於鑲嵌。,\n\n你需要3个这种材料才能用于镶嵌。,소켓 작업에 사용하려면 이 재료가 3개 필요합니다.,"Potrzebujesz 3 tych materiałów, aby użyć ich do Osadzania.","Вам потрібно 3 таких матеріалів, щоб використати їх для Гніздування.",Je hebt 3 van deze materialen nodig om ze voor Socketing te gebruiken.,Bu malzemeleri Soketleme için kullanmak için 3 tanesine ihtiyacınız var.
L_ID_MATERIAL_TRAIT_SLOT,,Socket an Artifact's [slot_trait] Trait Slot with this item to gain this trait:\n\n,アーティファクトの[slot_trait]特性スロットにこのアイテムをはめ込むと、この特性を獲得します：\n\n,"Sockle diesen Gegenstand in den [slot_trait]-Merkmalsplatz eines Artefakts ein, um diese Merkmal zu erhalten:\n\n",Insérez cet objet dans l'Emplacement de Trait [slot_trait] d'un Artéfact pour obtenir ce trait :\n\n,Coloca este objeto en la Ranura de Rasgo [slot_trait] de un Artefacto para obtener este rasgo:\n\n,Encaixe este item no Espaço de Traço [slot_trait] de um Artefato para ganhar este traço:\n\n,"Вставьте этот предмет в Слот Черты [slot_trait] Артефакта, чтобы получить эту черту:\n\n",Inserisci questo oggetto nello Slot Tratto [slot_trait] di un Artefatto per ottenere questo tratto:\n\n,將此物品鑲嵌到神器的[slot_trait]特質插槽中以獲得此特質：\n\n,将此物品镶嵌到神器的[slot_trait]特性槽中以获得此特性：\n\n,이 아이템으로 유물의 [slot_trait] 특성 슬롯을 장착하여 다음 특성을 획득하세요:\n\n,"Umieść ten przedmiot w Gnieździe Cechy [slot_trait] Artefaktu, aby zyskać tę cechę:\n\n","Вставте цей предмет у Слот Характеристики [slot_trait] Артефакту, щоб отримати цю характеристику:\n\n",Plaats dit item in een Artefact's [slot_trait] Eigenschap Slot om deze eigenschap te verkrijgen:\n\n,Bu eşyayı bir Eserin [slot_trait] Özellik Yuvasına yerleştirerek bu özelliği kazan:\n\n
L_ID_MISC_CATALYST,,This rare item serves as a catalyst to craft a key to a god's or goddess' domain.,この希少なアイテムは、神や女神の領域への鍵を作るための触媒として機能する。,"Dieser seltene Gegenstand dient als Katalysator, um einen Schlüssel zu einer Domäne eines Gottes oder einer Göttin herzustellen.",Cet objet rare sert de catalyseur pour fabriquer une clé vers le domaine d'un dieu ou d'une déesse.,Este objeto raro sirve como catalizador para fabricar una llave al dominio de un dios o diosa.,Este item raro serve como catalisador para criar uma chave para o domínio de um deus ou deusa.,Этот редкий предмет служит катализатором для создания ключа к владениям бога или богини.,Questo raro oggetto serve come catalizzatore per forgiare una chiave per il dominio di un dio o una dea.,這個稀有物品可作為製作通往神明領域鑰匙的催化劑。,这件稀有物品可作为催化剂，用于制作通往神明领地的钥匙。,이 희귀 아이템은 신이나 여신의 영역으로 가는 열쇠를 제작하기 위한 촉매제 역할을 합니다.,Ten rzadki przedmiot służy jako katalizator do wytworzenia klucza do domeny boga lub bogini.,Цей рідкісний предмет служить каталізатором для створення ключа до володінь бога чи богині.,Dit zeldzame voorwerp dient als katalysator om een sleutel te maken naar het domein van een god of godin.,"Bu nadir eşya, bir tanrının veya tanrıçanın diyarına açılan bir anahtar yapmak için katalizör görevi görür."
L_ID_MISC_GOD_CURRENCY,,This rare item can be used to purchase powerful items from its respective god.\n\nThis item is automatically added to your Currency when you pick it up.,この希少なアイテムは、それぞれの神から強力なアイテムを購入するために使用できます。\n\n拾った時点で自動的に通貨に追加されます。,"Dieser seltene Gegenstand kann verwendet werden, um mächtige Gegenstände von seinem jeweiligen Gott zu kaufen.\n\nDieser Gegenstand wird automatisch deiner Währung hinzugefügt, wenn du ihn aufhebst.",Cet objet rare peut être utilisé pour acheter des objets puissants auprès de son dieu respectif.\n\nCet objet est automatiquement ajouté à votre Monnaie lorsque vous le ramassez.,Este objeto raro puede usarse para comprar objetos poderosos de su dios correspondiente.\n\nEste objeto se añade automáticamente a tu Moneda cuando lo recoges.,Este item raro pode ser usado para comprar itens poderosos de seu respectivo deus.\n\nEste item é automaticamente adicionado à sua Moeda quando você o pega.,"Этот редкий предмет можно использовать для покупки мощных вещей у соответствующего бога.\n\nЭтот предмет автоматически добавляется в вашу Валюту, когда вы его подбираете.",Questo oggetto raro può essere usato per acquistare potenti oggetti dal rispettivo dio.\n\nQuesto oggetto viene automaticamente aggiunto alla tua Valuta quando lo raccogli.,這個稀有物品可以用來向其對應的神明購買強力物品。\n\n當你撿起此物品時，它會自動添加到你的貨幣中。,这种稀有物品可用于向其对应的神明购买强力物品。\n\n当你拾取此物品时，它将自动添加到你的货币中。,이 희귀 아이템은 해당 신으로부터 강력한 아이템을 구매하는 데 사용할 수 있습니다.\n\n이 아이템은 획득 시 자동으로 통화에 추가됩니다.,"Ten rzadki przedmiot może zostać użyty do zakupu potężnych przedmiotów od odpowiadającego mu boga.\n\nTen przedmiot jest automatycznie dodawany do twojej Waluty, gdy go podnosisz.","Цей рідкісний предмет можна використати для купівлі потужних речей у відповідного бога.\n\nЦей предмет автоматично додається до вашої Валюти, коли ви його підбираєте.",Dit zeldzame voorwerp kan worden gebruikt om krachtige items te kopen van de bijbehorende god.\n\nDit voorwerp wordt automatisch toegevoegd aan je Valuta wanneer je het oppakt.,"Bu nadir eşya, ilgili tanrıdan güçlü eşyalar satın almak için kullanılabilir.\n\nBu eşya onu aldığınızda otomatik olarak Para Birimine eklenir."
L_ID_MISC_SIRALOPOLY,1 = castle name,You can bring this item to the tavern in {1} to play Siralopoly.,このアイテムを{1}の酒場に持っていくと、シラロポリーで遊べます。,"Du kannst diesen Gegenstand zur Taverne in {1} bringen, um Siralopoly zu spielen.",Vous pouvez apporter cet objet à la taverne de {1} pour jouer à Siralopoly.,Puedes llevar este objeto a la taberna en {1} para jugar a Siralopoly.,Você pode levar este item para a taverna em {1} para jogar Siralopoly.,"Вы можете принести этот предмет в таверну в {1}, чтобы сыграть в Сиралополи.",Puoi portare questo oggetto alla taverna di {1} per giocare a Siralopoly.,你可以把這個物品帶到{1}的酒館來玩西拉洛波利棋盤遊戲。,你可以把这个物品带到{1}的酒馆里玩瑟拉大富翁。,이 아이템을 {1}의 선술집에 가져가면 시랄로폴리를 플레이할 수 있습니다.,"Możesz zanieść ten przedmiot do tawerny w {1}, aby zagrać w Siralopoly.","Ви можете принести цей предмет до таверни в {1}, щоб зіграти в Сіралополі.",Je kunt dit voorwerp naar de taverne in {1} brengen om Siralopoly te spelen.,Bu eşyayı {1}'deki meyhanede Siralopoly oynamak için getirebilirsin.
L_ID_MISC_KENO,1 = castle name,You can bring this item to the tavern in {1} to play Keno.,このアイテムを{1}の酒場に持っていくとケノを遊ぶことができます。,"Du kannst diesen Gegenstand zur Taverne in {1} bringen, um Keno zu spielen.",Vous pouvez apporter cet objet à la taverne de {1} pour jouer au Keno.,Puedes llevar este objeto a la taberna en {1} para jugar al Keno.,Você pode levar este item para a taverna em {1} para jogar Keno.,"Вы можете принести этот предмет в таверну в {1}, чтобы сыграть в Кено.",Puoi portare questo oggetto alla taverna in {1} per giocare a Keno.,你可以將此物品帶到{1}的酒館來玩基諾彩票。,你可以把这个物品带到{1}的酒馆里玩基诺。,이 아이템을 {1}의 선술집에 가져가서 케노를 플레이할 수 있습니다.,"Możesz zanieść ten przedmiot do tawerny w {1}, aby zagrać w Keno.","Ви можете принести цей предмет до таверни в {1}, щоб зіграти в Кено.",Je kunt dit voorwerp naar de taverne in {1} brengen om Keno te spelen.,Bu eşyayı {1}'deki meyhanede Keno oynamak için getirebilirsin.
L_ID_MISC_SCRATCH_CARD,1 = castle name,You can bring this item to the tavern in {1} and exchange it for a Scratch Card.,このアイテムを{1}の酒場に持っていくと、スクラッチカードと交換できます。,Du kannst diesen Gegenstand zur Taverne in {1} bringen und ihn gegen eine Rubbelkarte eintauschen.,Vous pouvez apporter cet objet à la taverne de {1} et l'échanger contre une Carte à Gratter.,Puedes llevar este objeto a la taberna en {1} y cambiarlo por una Tarjeta de Rasca y Gana.,Você pode levar este item para a taverna em {1} e trocá-lo por um Cartão de Raspadinha.,Вы можете принести этот предмет в таверну в {1} и обменять его на Лотерейный Билет.,Puoi portare questo oggetto alla taverna in {1} e scambiarlo per un Gratta e Vinci.,你可以將此物品帶到{1}的酒館，並用它換取一張刮刮卡。,你可以把这个物品带到{1}的酒馆里玩刮刮乐。,이 아이템을 {1}의 선술집에 가져가면 스크래치 카드로 교환할 수 있습니다.,Możesz zanieść ten przedmiot do tawerny w {1} i wymienić go na Zdrapkę.,Ви можете принести цей предмет до таверни в {1} та обміняти його на Лотерейний Квиток.,Je kunt dit voorwerp naar de taverne in {1} brengen en het ruilen voor een Kraskaart.,Bu eşyayı {1}'deki tavernaya götürebilir ve bir Kazı Kazan Kartı ile takas edebilirsin.
L_ID_MISC_SLOT_MACHINES,1 = castle name,You can bring this item to the tavern in {1} to play at the Slot Machines.,このアイテムを{1}の酒場に持っていくと、スロットマシンで遊ぶことができます。,"Du kannst diesen Gegenstand zur Taverne in {1} bringen, um an den Spielautomaten zu spielen.",Vous pouvez apporter cet objet à la taverne de {1} pour jouer aux machines à sous.,Puedes llevar este objeto a la taberna en {1} para jugar en las Máquinas Tragamonedas.,Você pode levar este item para a taverna em {1} para jogar nas Máquinas Caça-Níqueis.,"Вы можете принести этот предмет в таверну в {1}, чтобы сыграть на игровых автоматах.",Puoi portare questo oggetto alla taverna di {1} per giocare alle Slot Machine.,你可以將此物品帶到{1}的酒館，在角子老虎機上玩。,你可以把这个物品带到{1}的酒馆里玩老虎机。,이 아이템을 {1}의 선술집에 가져가면 슬롯머신을 이용할 수 있습니다.,"Możesz zanieść ten przedmiot do tawerny w {1}, aby zagrać na automatach.","Ви можете принести цей предмет до таверни в {1}, щоб зіграти в ігрові автомати.",Je kunt dit voorwerp naar de taverne in {1} brengen om te spelen op de gokautomaten.,Bu eşyayı {1}'deki tavernaya götürerek Kumar Makinelerinde oynayabilirsin.
L_ID_MISC_GOD_BATTLE,,This item can be used at the Gate of the Gods to challenge one of the gods to a battle.,このアイテムは神々の門で使用することで、神の一柱との戦いに挑むことができる。,"Dieser Gegenstand kann am Tor der Götter verwendet werden, um einen der Götter zu einem Kampf herauszufordern.",Cet objet peut être utilisé à la Porte des Dieux pour défier l'un des dieux au combat.,Este objeto puede usarse en la Puerta de los Dioses para desafiar a uno de los dioses a una batalla.,Este item pode ser usado no Portão dos Deuses para desafiar um dos deuses para uma batalha.,"Этот предмет можно использовать у Врат Богов, чтобы бросить вызов одному из богов на битву.",Questo oggetto può essere usato al Portale degli Dei per sfidare uno degli dei in battaglia.,此物品可在諸神之門使用，用來挑戰其中一位神明進行戰鬥。,这个物品可以在众神之门使用，用来挑战其中一位神明。,이 아이템은 신들의 문에서 신 중 하나에게 도전하여 전투를 벌일 때 사용할 수 있습니다.,"Ten przedmiot może być użyty przy Bramie Bogów, aby wyzwać jednego z bogów na pojedynek.","Цей предмет можна використати біля Брами Богів, щоб викликати одного з богів на битву.",Dit voorwerp kan worden gebruikt bij de Poort der Goden om een van de goden uit te dagen voor een gevecht.,"Bu eşya, tanrılardan biriyle savaşmak için meydan okumak amacıyla Tanrılar Kapısı'nda kullanılabilir."
L_ID_MISC_GOD_BATTLE_FRAGMENT,,Collect 10 of these fragments and they'll turn into a full key that can be used at the Gate of the Gods to challenge one of the gods to a battle.,これらの欠片を10個集めると、完全な鍵になり、神々の門で神の一柱に戦いを挑むために使うことができる。,"Sammle 10 dieser Fragmente und sie verwandeln sich in einen vollständigen Schlüssel, der am Tor der Götter verwendet werden kann, um einen der Götter zum Kampf herauszufordern.",Récupérez 10 de ces fragments et ils se transformeront en une clé complète qui pourra être utilisée à la Porte des Dieux pour défier l'un des dieux au combat.,Recolecta 10 de estos fragmentos y se convertirán en una llave completa que puede usarse en la Puerta de los Dioses para desafiar a uno de los dioses a una batalla.,Colete 10 destes fragmentos e eles se transformarão em uma chave completa que pode ser usada no Portão dos Deuses para desafiar um dos deuses para uma batalha.,"Соберите 10 таких фрагментов, и они превратятся в полный ключ, который можно использовать у Врат Богов, чтобы бросить вызов одному из богов на битву.",Raccogli 10 di questi frammenti e si trasformeranno in una chiave completa che può essere usata al Cancello degli Dei per sfidare uno degli dei in battaglia.,收集10個這些碎片，它們就會變成一把完整的鑰匙，可以在眾神之門用來挑戰其中一位神明進行戰鬥。,收集10个这样的碎片，它们就会变成一把完整的钥匙，可以用来在众神之门挑战一位神明。,이 조각들을 10개 모으면 신들의 문에서 신 중 하나에게 도전하여 싸울 수 있는 완전한 열쇠로 변합니다.,"Zbierz 10 takich fragmentów, a zamienią się w pełny klucz, którego można użyć przy Bramie Bogów, aby wyzwać jednego z bogów na pojedynek.","Зберіть 10 таких фрагментів, і вони перетворяться на повний ключ, який можна використати біля Брами Богів, щоб кинути виклик одному з богів на битву.",Verzamel 10 van deze fragmenten en ze veranderen in een volledige sleutel die gebruikt kan worden bij de Poort der Goden om een van de goden uit te dagen voor een gevecht.,"Bu parçalardan 10 tane topla ve bunlar, Tanrılar Kapısı'nda tanrılardan biriyle savaşmak için kullanılabilecek tam bir anahtara dönüşecek."
L_IN_NETHERSTONE_NAME,"1 = nether stone name, 2 = rarity number",{1} ({2}),{1} ({2}),{1} ({2}),{1} ({2}),{1} ({2}),{1} ({2}),{1} ({2}),{1} ({2}),{1} ({2}),{1}({2}),{1} ({2}),{1} ({2}),{1} ({2}),{1} ({2}),{1} ({2})
L_IN_DUST_AGATE,,Agate,アゲート,Achat,Agate,Ágata,Ágata,Агат,Agata,瑪瑙,玛瑙,마노,Agat,Агат,Agaat,Akik
L_IN_DUST_AQUAMARINE,,Aquamarine,アクアマリン,Aquamarin,Aigue-marine,Aguamarina,Água-marinha,Аквамарин,Acquamarina,海藍寶石,海蓝宝石,아쿠아마린,Akwamaryn,Аквамарин,Aquamarijn,Akuamarin
L_IN_DUST_AVENTURINE,,Aventurine,アベンチュリン,Aventurin,Aventurine,Aventurina,Aventurina,Авантюрин,Aventurina,綠冒石,砂金石,어벤츄린,Awenturyn,Авантюрин,Aventurijn,Aventurin
L_IN_DUST_AZURITE,,Azurite,アズライト,Azurit,Azurite,Azurita,Azurita,Азурит,Azzurrite,石青,天青石,남정석,Azuryt,Азурит,Azuriet,Azurit
L_IN_DUST_BERYL,,Beryl,ベリル,Beryl,Béryl,Berilo,Berilo,Берилл,Berillo,綠柱石,绿柱石,베릴,Beryl,Берил,Beryl,Beril
L_IN_DUST_BLOODSTONE,,Bloodstone,ブラッドストーン,Blutstein,Sanguine,Piedra de sangre,Pedra de Sangue,Кровавый камень,Pietra di Sangue,血石,血石,블러드스톤,Krwawy Kamień,Кривавий камінь,Bloedsteen,Kan Taşı
L_IN_DUST_CARNELIAN,,Carnelian,カーネリアン,Karneol,Carnélien,Cornalina,Carneliana,Карнелиан,Corniola,紅玉髓,光玉髓,카넬리언,Karneol,Карнеліан,Carneool,Karneol
L_IN_DUST_CITRINE,,Citrine,シトリン,Citrin,Citrine,Citrino,Citrino,Цитрин,Citrino,黃水晶,黄水晶,황수정,Cytryn,Цитрин,Citrien,Sitrin
L_IN_DUST_DIAMOND,,Diamond,ダイヤモンド,Diamant,Diamant,Diamante,Diamante,Алмаз,Diamante,鑽石,钻石,다이아몬드,Diament,Діамант,Diamant,Elmas
L_IN_DUST_EMERALD,,Emerald,エメラルド,Smaragd,Émeraude,Esmeralda,Esmeralda,Изумруд,Smeraldo,翡翠,翡翠,에메랄드,Szmaragd,Смарагд,Smaragd,Zümrüt
L_IN_DUST_GARNET,,Garnet,ガーネット,Granat,Grenat,Granate,Granate,Гранат,Granato,石榴石,石榴石,가넷,Granat,Гранат,Granaat,Garnet
L_IN_DUST_JADE,,Jade,ジェイド,Jade,Jade,Jade,Jade,Нефрит,Giada,翡翠,碧玉,비취,Jadeit,Нефрит,Jade,Yeşim
L_IN_DUST_JASPER,,Jasper,ジャスパー,Jasper,Jasper,Jasper,Jasper,Джаспер,Jasper,賈斯伯,水苍玉,재스퍼,Jasper,Джаспер,Jasper,Jasper
L_IN_DUST_MALACHITE,,Malachite,マラカイト,Malachit,Malachite,Malaquita,Malaquita,Малахит,Malachite,孔雀石,孔雀石,공작석,Malachit,Малахіт,Malachiet,Malakit
L_IN_DUST_MOONSTONE,,Moonstone,ムーンストーン,Mondstein,Pierre de Lune,Piedra lunar,Pedra Lunar,Лунный камень,Pietra Lunare,月長石,月长石,문스톤,Kamień Księżycowy,Місячний камінь,Maansteen,Aytaşı
L_IN_DUST_OBSIDIAN,,Obsidian,黒曜石,Obsidian,Obsidienne,Obsidiana,Obsidiana,Обсидиан,Ossidiana,黑曜石,黑曜石,흑요석,Obsydian,Обсидіан,Obsidiaan,Obsidyen
L_IN_DUST_ONYX,,Onyx,オニキス,Onyx,Onyx,Ónix,Ônix,Оникс,Onice,黑瑪瑙,缟玛瑙,오닉스,Onyks,Онікс,Onyx,Oniks
L_IN_DUST_OPAL,,Opal,オパール,Opal,Opale,Ópalo,Opala,Опал,Opale,蛋白石,欧泊,오팔,Opal,Опал,Opaal,Opal
L_IN_DUST_SAPPHIRE,,Sapphire,サファイア,Saphir,Saphir,Zafiro,Safira,Сапфир,Zaffiro,藍寶石,蓝宝石,사파이어,Szafir,Сапфір,Saffier,Safir
L_IN_DUST_TOPAZ,,Topaz,トパーズ,Topas,Topaze,Topacio,Topázio,Топаз,Topazio,黃玉,黄玉,토파즈,Topaz,Топаз,Topaas,Topaz
L_IN_DUST_TOURMALINE,,Tourmaline,トルマリン,Turmalin,Tourmaline,Turmalina,Turmalina,Турмалин,Tormalina,碧璽,碧玺,전기석,Turmalin,Турмалін,Toermalijn,Turmalin
L_IN_CURRENCY_BRIMSTONE,,Brimstone,ブリムストーン,Schwefel,Soufre,Azufre,Enxofre,Сера,Zolfo,硫磺石,硫磺,유황석,Siarka,Сірка,Zwavel,Kükürt
L_IN_CURRENCY_CRYSTAL,,Crystal,クリスタル,Kristall,Cristal,Cristal,Cristal,Кристалл,Cristallo,水晶,水晶,크리스탈,Kryształ,Кристал,Kristal,Kristal
L_IN_CURRENCY_ESSENCE,,Essence,エッセンス,Essenz,Essence,Esencia,Essência,Эссенция,Essenza,精華,精华,정수,Esencja,Есенція,Essentie,Öz
L_IN_CURRENCY_GRANITE,,Granite,花崗岩,Granit,Granit,Granito,Granito,Гранит,Granito,花崗岩,花岗岩,화강암,Granit,Граніт,Graniet,Granit
L_IN_CURRENCY_POWER,,Power,パワー,Kraft,Puissance,Poder,Poder,Сила,Potere,力量,能量,힘,Moc,Сила,Kracht,Güç
L_IN_CURRENCY_BUNDLE_BRIMSTONE,,Bundle of Brimstone,硫黄の束,Bündel Schwefelstein,Fagot de Soufre,Manojo de Azufre,Feixe de Enxofre,Связка серы,Fascio di Zolfo,硫磺束,一捆硫磺,유황 다발,Wiązka Siarki,В'язка сірки,Bundel Zwavel,Kükürt Demeti
L_IN_CURRENCY_BUNDLE_CRYSTAL,,Bundle of Crystal,水晶の束,Kristallbündel,Fagot de Cristal,Manojo de Cristal,Feixe de Cristal,Связка кристаллов,Fascio di Cristallo,水晶束,一捆水晶,수정 묶음,Wiązka Kryształów,Пучок кристалів,Bundel Kristal,Kristal Demeti
L_IN_CURRENCY_BUNDLE_ESSENCE,,Bundle of Essence,エッセンスの束,Bündel der Essenz,Faisceau d'Essence,Manojo de Esencia,Feixe de Essência,Сгусток Эссенции,Fascio di Essenza,精華束,一捆精华,정수 묶음,Wiązka Esencji,Жмуток Есенції,Bundel Essentie,Öz Demeti
L_IN_CURRENCY_BUNDLE_GRANITE,,Bundle of Granite,花崗岩の束,Granitbündel,Bloc de Granit,Fardo de Granito,Feixe de Granito,Связка гранита,Fascio di Granito,花崗岩捆,一捆花岗岩,화강암 묶음,Wiązka Granitu,В'язка граніту,Bundel Graniet,Granit Demeti
L_IN_SCROLL_DEFENSE,,Scroll of Defense,防御の巻物,Schriftrolle der Verteidigung,Parchemin de Défense,Pergamino de Defensa,Pergaminho de Defesa,Свиток Защиты,Pergamena della Difesa,防禦卷軸,防御卷轴,방어의 두루마리,Zwój Obrony,Сувій Захисту,Verdedigingsrol,Savunma Tomarı
L_IN_SCROLL_HEALTH,,Scroll of Health,体力の巻物,Schriftrolle der Gesundheit,Parchemin de Santé,Pergamino de Salud,Pergaminho de Saúde,Свиток Здоровья,Pergamena della Salute,生命卷軸,生命值卷轴,체력의 두루마리,Zwój Zdrowia,Сувій Здоров'я,Gezondheidsrol,Sağlık Tomarı
L_IN_SCROLL_INTELLIGENCE,,Scroll of Intelligence,知力の巻物,Schriftrolle der Intelligenz,Parchemin d'Intelligence,Pergamino de Inteligencia,Pergaminho de Inteligência,Свиток Интеллекта,Pergamena dell'Intelligenza,智力卷軸,智力卷轴,지능의 두루마리,Zwój Inteligencji,Сувій Інтелекту,Boekrol van Intelligentie,Zeka Tomarı
L_IN_SCROLL_SPEED,,Scroll of Speed,素早さの巻物,Schriftrolle der Geschwindigkeit,Parchemin de Vitesse,Pergamino de Velocidad,Pergaminho de Velocidade,Свиток скорости,Pergamena della Velocità,速度卷軸,速度卷轴,신속의 두루마리,Zwój Szybkości,Сувій Швидкості,Snelheidsrol,Hız Tomarı
L_IN_SCROLL_ATTACK,,Scroll of Attack,攻撃の巻物,Schriftrolle des Angriffs,Parchemin d'Attaque,Pergamino de Ataque,Pergaminho de Ataque,Свиток Атаки,Pergamena dell'Attacco,攻擊卷軸,攻击卷轴,공격의 두루마리,Zwój Ataku,Сувій Атаки,Aanvalsrol,Saldırı Tomarı
L_IN_CREATURE_KNOWLEDGE_1,1 = creature name,{1} I,{1} 私,{1} Ich,{1} Je,{1} Yo,{1} Eu,{1} Я,{1} I,{1} 我,{1} I,{1} 나,{1} Ja,{1} Я,{1} Ik,{1} Ben
L_IN_CREATURE_KNOWLEDGE_2,1 = creature name,{1} II,{1} II,{1} II,{1} II,{1} II,{1} II,{1} II,{1} II,{1} II,{1} II,{1} II,{1} II,{1} II,{1} II,{1} II
L_IN_CREATURE_KNOWLEDGE_3,1 = creature name,{1} III,{1} III,{1} III,{1} III,{1} III,{1} III,{1} III,{1} III,{1} III,{1} III,{1} III,{1} III,{1} III,{1} III,{1} III
L_IN_CREATURE_KNOWLEDGE_4,1 = creature name,{1} IV,{1} IV,{1} IV,{1} IV,{1} IV,{1} IV,{1} IV,{1} IV,{1} IV,{1} IV,{1} IV,{1} IV,{1} IV,{1} IV,{1} IV
L_IN_CREATURE_KNOWLEDGE_5,1 = creature name,{1} V,{1} V,{1} V,{1} V,{1} V,{1} V,{1} V,{1} V,{1} V,{1} V,{1} V,{1} V,{1} V,{1} V,{1} V
L_IN_INSCRIPTION,1 = spell name,{1},{1},{1},{1},{1},{1},{1},{1},{1},{1},{1},{1},{1},{1},{1}
L_IN_TOME_LAZINESS,,Tome of Laziness,怠惰の書,Buch der Faulheit,Tome de Paresse,Tomo de la Pereza,Tomo da Preguiça,Том Лени,Tomo della Pigrizia,懶惰之書,懒惰之书,게으름의 서,Księga Lenistwa,Том Ліні,Boek van Luiheid,Tembellik Kitabı
L_IN_TOME_APATHY,,Tome of Apathy,無関心の書,Foliant der Apathie,Tome d'Apathie,Tomo de Apatía,Tomo da Apatia,Том Апатии,Tomo dell'Apatia,冷漠之書,淡漠之书,무관심의 서,Księga Apatii,Том Апатії,Boek van Apathie,Kayıtsızlık Kitabı
L_IN_TOME_INDIFFERENCE,,Tome of Indifference,無関心の書,Buch der Gleichgültigkeit,Tome d'Indifférence,Tomo de la Indiferencia,Tomo da Indiferença,Том Безразличия,Tomo dell'Indifferenza,冷漠之書,冷漠之书,무관심의 서,Księga Obojętności,Том Байдужості,Boek van Onverschilligheid,İlgisizlik Kitabı
L_IN_TOME_RELAXATION,,Tome of Relaxation,安らぎの書,Buch der Entspannung,Tome de Relaxation,Tomo de Relajación,Tomo do Relaxamento,Том Расслабления,Tomo del Rilassamento,放鬆之書,随和之书,휴식의 서,Księga Relaksu,Том Розслаблення,Boek van Ontspanning,Rahatlama Kitabı
L_IN_TOME_RECKLESSNESS,,Tome of Recklessness,無謀の書,Buch der Unbesonnenheit,Tome de Témérité,Tomo de la Temeridad,Tomo da Imprudência,Том Безрассудства,Tomo della Temerarietà,魯莽之書,鲁莽之书,무모함의 서,Księga Lekkomyślności,Том Безрозсудності,Boek van Roekeloosheid,Pervasızlık Kitabı
L_IN_TOME_BRAVERY,,Tome of Bravery,勇気の書,Foliant der Tapferkeit,Tome de Bravoure,Tomo del Valor,Tomo da Bravura,Том Отваги,Tomo del Coraggio,勇氣之書,勇敢之书,용기의 서,Księga Odwagi,Том Хоробрості,Boek van Dapperheid,Cesaret Kitabı
L_IN_TOME_BRUTALITY,,Tome of Brutality,残虐の書,Foliant der Brutalität,Tome de Brutalité,Tomo de Brutalidad,Tomo de Brutalidade,Том Жестокости,Tomo della Brutalità,殘暴之書,残暴之书,잔혹의 고서,Księga Brutalności,Том Жорстокості,Boek van Wreedheid,Vahşet Kitabı
L_IN_TOME_DARING,,Tome of Daring,勇気の書,Buch der Kühnheit,Tome d'Audace,Tomo de Osadía,Tomo da Ousadia,Том Отваги,Tomo dell'Audacia,勇氣之書,狂妄之书,대담의 서,Księga Śmiałości,Том Відваги,Boek van Durf,Cesaret Kitabı
L_IN_TOME_SELFLESSNESS,,Tome of Selflessness,無私の書,Buch der Selbstlosigkeit,Tome d'Abnégation,Tomo del Desinterés,Tomo do Altruísmo,Том Самоотверженности,Tomo dell'Abnegazione,無私之書,无私之书,무아지경의 서,Księga Bezinteresowności,Том Самовідданості,Boek van Onbaatzuchtigheid,Özgecilik Kitabı
L_IN_TOME_PROTECTIVENESS,,Tome of Protectiveness,守護の書,Foliant der Beschützung,Tome de Protection,Tomo de Protección,Tomo da Proteção,Том Защиты,Tomo della Protezione,守護之書,关怀之书,수호의 고서,Księga Opiekuńczości,Том Захисту,Boek van Bescherming,Koruyuculuk Kitabı
L_IN_TOME_GENTLENESS,,Tome of Gentleness,優しさの書,Buch der Sanftmut,Tome de Douceur,Tomo de la Gentileza,Tomo da Gentileza,Том Нежности,Tomo della Gentilezza,溫柔之書,温和之书,온화함의 서,Księga Łagodności,Том Лагідності,Boek van Zachtheid,Nezaket Kitabı
L_IN_TOME_PEACEFULNESS,,Tome of Peacefulness,平穏の書,Foliant der Friedfertigkeit,Tome de Sérénité,Tomo de la Serenidad,Tomo da Serenidade,Том Безмятежности,Tomo della Tranquillità,寧靜之書,平和之书,평온의 서,Księga Spokoju,Том Спокою,Boek van Vredigheid,Huzur Kitabı
L_IN_TOME_ANALYSIS,,Tome of Analysis,分析の書,Buch der Analyse,Tome d'Analyse,Tomo de Análisis,Tomo de Análise,Том Анализа,Tomo dell'Analisi,分析之書,理性之书,분석의 서,Księga Analizy,Том Аналізу,Boek van Analyse,Analiz Kitabı
L_IN_TOME_CAREFULNESS,,Tome of Carefulness,慎重の書,Foliant der Sorgfalt,Tome de Prudence,Tomo de Cautela,Tomo da Cautela,Том Осторожности,Tomo della Cautela,謹慎之書,谨慎之书,신중함의 서,Księga Ostrożności,Том Обережності,Boek van Behoedzaamheid,Dikkatlilik Kitabı
L_IN_TOME_CLEVERNESS,,Tome of Cleverness,知略の書,Buch der Klugheit,Tome d'Intelligence,Tomo de Astucia,Tomo da Astúcia,Том Хитроумия,Tomo dell'Astuzia,機智之書,机智之书,영특함의 서,Księga Sprytu,Том Кмітливості,Boek van Vindingrijkheid,Zeka Kitabı
L_IN_TOME_SHREWDNESS,,Tome of Shrewdness,狡知の書,Foliant der Gewitztheit,Tome de Perspicacité,Tomo de Astucia,Tomo da Astúcia,Том Проницательности,Tomo dell'Astuzia,機智之書,精明之书,지략의 서,Księga Przebiegłości,Том Кмітливості,Boek van Scherpzinnigheid,Kurnazlık Kitabı
L_IN_TOME_NERVOUSNESS,,Tome of Nervousness,不安の書,Foliant der Nervosität,Tome d'Anxiété,Tomo del Nerviosismo,Tomo do Nervosismo,Том Нервозности,Tomo del Nervosismo,緊張之書,紧张之书,불안의 고서,Księga Nerwowości,Том Нервовості,Boek van Zenuwachtigheid,Endişe Kitabı
L_IN_TOME_BASHFULNESS,,Tome of Bashfulness,恥じらいの書,Foliant der Schüchternheit,Tome de Timidité,Tomo de la Timidez,Tomo da Timidez,Том Застенчивости,Tomo della Timidezza,羞怯之書,羞怯之书,수줍음의 서,Księga Nieśmiałości,Том Сором'язливості,Boek van Verlegenheid,Utangaçlık Kitabı
L_IN_TOME_SHYNESS,,Tome of Shyness,内気の書,Buch der Schüchternheit,Tome de Timidité,Tomo de Timidez,Tomo da Timidez,Том Застенчивости,Tomo della Timidezza,羞怯之書,害羞之书,수줍음의 서,Księga Nieśmiałości,Том Сором'язливості,Boek van Verlegenheid,Utangaçlık Kitabı
L_IN_TOME_TIMIDNESS,,Tome of Timidness,臆病の書,Foliant der Furchtsamkeit,Tome de Timidité,Tomo de la Timidez,Tomo da Timidez,Том Робости,Tomo della Timidezza,膽怯之書,胆小之书,소심함의 서,Księga Nieśmiałości,Том Боязкості,Boek van Bedeesdheid,Çekingenlik Kitabı
L_IN_TITLE,1 = title name,{1},{1},{1},{1},{1},{1},{1},{1},{1},{1},{1},{1},{1},{1},{1}
L_IN_COSTUME,1 = costume name,{1},{1},{1},{1},{1},{1},{1},{1},{1},{1},{1},{1},{1},{1},{1}
L_IN_DECORATION,1 = decoration name,{1},{1},{1},{1},{1},{1},{1},{1},{1},{1},{1},{1},{1},{1},{1}
L_IN_MUSIC,1 = music name,{1},{1},{1},{1},{1},{1},{1},{1},{1},{1},{1},{1},{1},{1},{1}
L_IN_WALL,1 = wall name,{1},{1},{1},{1},{1},{1},{1},{1},{1},{1},{1},{1},{1},{1},{1}
L_IN_FLOOR,1 = floor name,{1},{1},{1},{1},{1},{1},{1},{1},{1},{1},{1},{1},{1},{1},{1}
L_IN_BACKGROUND,1 = background name,{1},{1},{1},{1},{1},{1},{1},{1},{1},{1},{1},{1},{1},{1},{1}
L_IN_WEATHER,1 = weather name,{1},{1},{1},{1},{1},{1},{1},{1},{1},{1},{1},{1},{1},{1},{1}
L_IN_ARCANE_DUST,,Arcane Dust,魔法の粉,Arkaner Staub,Poussière Arcanique,Polvo Arcano,Pó Arcano,Волшебная пыль,Polvere Arcana,奧術塵埃,奥术尘,마법의 가루,Pył Tajemny,Магічний пил,Arcaan Stof,Büyülü Toz
L_IN_CREATURE_PARTS,,Creature Parts,生物の部位,Kreaturenteile,Parties de créature,Partes de Criatura,Partes de Criaturas,Части существ,Parti di Creatura,生物部件,生物部位,생물 부위,Części Stworzeń,Частини істот,Wezendelen,Yaratık Parçaları
L_IN_GLORY,,Glory,栄光,Ruhm,Gloire,Gloria,Glória,Слава,Gloria,榮耀,荣耀,영광,Chwała,Слава,Glorie,Zafer
L_IN_PIETY,,Piety,信仰,Frömmigkeit,Piété,Piedad,Piedade,Благочестие,Pietà,虔誠,虔诚,경건함,Pobożność,Благочестя,Vroomheid,Dindarlık
L_IN_ENERGY,,Energy,エネルギー,Energie,Énergie,Energía,Energia,Энергия,Energia,能量,能量,에너지,Energia,Енергія,Energie,Enerji
L_IN_NOTORIETY,,Notoriety,悪名,Berüchtigung,Notoriété,Notoriedad,Notoriedade,Известность,Notorietà,惡名,恶名,악명,Niesława,Сумнозвісність,Beruchtheid,Kötü Şöhret
L_IN_PERK_POINT,,Perk Point,パークポイント,Fertigkeitspunkt,Point de Talent,Punto de Habilidad,Ponto de Talento,Очко навыка,Punto Talento,特質點數,专长点,특성 포인트,Punkt Umiejętności,Очко перка,Vaardighedenpunt,Yetenek Puanı
L_IN_SKIN,1 = skin name,{1},{1},{1},{1},{1},{1},{1},{1},{1},{1},{1},{1},{1},{1},{1}
L_IN_SMALL_TREASURE_CHEST,,Small Treasure Chest,小さな宝箱,Kleine Schatztruhe,Petit Coffre au Trésor,Cofre del Tesoro Pequeño,Pequeno Baú do Tesouro,Маленький сундук с сокровищами,Piccolo Forziere,小寶箱,小宝箱,작은 보물 상자,Mała Skrzynia Skarbów,Маленька скриня скарбів,Kleine Schatkist,Küçük Hazine Sandığı
L_IN_STARDUST,,Stardust,スターダスト,Sternenstaub,Poussière d'étoile,Polvo estelar,Poeira Estelar,Звездная пыль,Polvere di Stelle,星塵,星尘,별의 먼지,Gwiezdny Pył,Зоряний пил,Sterrenstof,Yıldıztozu
L_IN_MEDIUM_TREASURE_CHEST,,Medium Treasure Chest,中型宝箱,Mittlere Schatztruhe,Coffre au Trésor Moyen,Cofre del Tesoro Mediano,Baú de Tesouro Médio,Сундук с сокровищами среднего размера,Forziere del Tesoro Medio,中型寶箱,中宝箱,중형 보물 상자,Średnia Skrzynia Skarbów,Скриня із середніми скарбами,Middelgrote Schatkist,Orta Boy Hazine Sandığı
L_IN_LARGE_TREASURE_CHEST,,Large Treasure Chest,大きな宝箱,Große Schatztruhe,Grand Coffre au Trésor,Cofre del Tesoro Grande,Baú de Tesouro Grande,Большой сундук с сокровищами,Grande Forziere,大寶箱,大宝箱,대형 보물 상자,Duża Skrzynia Skarbów,Велика скриня скарбів,Grote Schatkist,Büyük Hazine Sandığı
L_IN_ACCESSORY,1 = accessory name,{1},{1},{1},{1},{1},{1},{1},{1},{1},{1},{1},{1},{1},{1},{1}
L_IN_ANOINTMENT,2 = anointment name,{1},{1},{1},{1},{1},{1},{1},{1},{1},{1},{1},{1},{1},{1},{1}
L_IN_EMBLEM_SURATHLI,,Emblem of Surathli,スラスリの紋章,Emblem von Surathli,Emblème de Surathli,Emblema de Surathli,Emblema de Surathli,Эмблема Суратли,Emblema di Surathli,蘇拉斯利之徽,苏拉斯莉徽章,수라틀리의 문장,Emblemat Surathli,Емблема Суратлі,Embleem van Surathli,Surathli Arması
L_IN_EMBLEM_EREBYSS,,Emblem of Erebyss,エンブレム・オブ・エレビス,Emblem von Erebyss,Emblème d'Erebyss,Emblema de Erebyss,Emblema de Erebyss,Эмблема Эребисса,Emblema di Erebyss,厄瑞比斯徽章,艾瑞比丝徽章,에레비스의 문장,Godło Erebyss,Емблема Еребісу,Embleem van Erebyss,Erebyss Arması
L_IN_EMBLEM_VULCANAR,,Emblem of Vulcanar,ヴァルカナーの紋章,Emblem des Vulcanar,Emblème de Vulcanar,Emblema de Vulcanar,Emblema de Vulcanar,Эмблема Вулканара,Emblema di Vulcanar,火神徽章,瓦尔卡纳徽章,불카나르의 문장,Emblemat Vulcanara,Емблема Вулканара,Embleem van Vulcanar,Vulcanar'ın Arması
L_IN_EMBLEM_ZONTE,,Emblem of Zonte,ゾンテの紋章,Emblem von Zonte,Emblème de Zonte,Emblema de Zonte,Emblema de Zonte,Эмблема Зонте,Emblema di Zonte,宗特之徽,佐特徽章,존테의 문장,Emblemat Zonte,Емблема Зонте,Embleem van Zonte,Zonte Arması
L_IN_EMBLEM_AEOLIAN,,Emblem of Aeolian,エオリアの紋章,Emblem des Aeolischen,Emblème d'Éolien,Emblema de Aeolian,Emblema de Aeolian,Эмблема Эолийца,Emblema di Eolo,風神徽章,伊欧利安徽章,에올리안의 문장,Emblemat Aeoliana,Емблема Еолійця,Embleem van Aeolian,Aeolian Arması
L_IN_EMBLEM_AZURAL,,Emblem of Azural,アズラルの紋章,Emblem von Azural,Emblème d'Azural,Emblema de Azural,Emblema de Azural,Эмблема Азурала,Emblema di Azural,蒼藍紋章,阿祖拉徽章,아주랄의 문장,Emblemat Azuralu,Емблема Азуралу,Embleem van Azural,Azural Arması
L_IN_EMBLEM_YSEROS,,Emblem of Yseros,イセロスの紋章,Emblem von Yseros,Emblème d'Yseros,Emblema de Yseros,Emblema de Yseros,Эмблема Исероса,Emblema di Yseros,伊瑟洛斯之徽,伊瑟洛丝徽章,이세로스의 문장,Godło Yserosa,Емблема Ісероса,Embleem van Yseros,Yseros Arması
L_IN_EMBLEM_TORUN,,Emblem of Torun,トゥルンの紋章,Emblem von Torun,Emblème de Torun,Emblema de Torun,Emblema de Torun,Эмблема Торуна,Emblema di Torun,托倫之徽,托伦徽章,토룬의 문장,Emblemat Torunia,Емблема Торуна,Embleem van Torun,Torun Arması
L_IN_EMBLEM_TARTARITH,,Emblem of Tartarith,タルタリスの紋章,Emblem von Tartarith,Emblème de Tartarith,Emblema de Tartarith,Emblema de Tartarith,Эмблема Тартарита,Emblema di Tartarith,塔塔利斯徽章,塔尔塔里斯徽章,타르타리스의 문장,Godło Tartarith,Емблема Тартаріту,Embleem van Tartarith,Tartarith Arması
L_IN_EMBLEM_FRIDEN,,Emblem of Friden,フリデンの紋章,Emblem von Friden,Emblème de Friden,Emblema de Friden,Emblema de Friden,Эмблема Фридена,Emblema di Friden,弗里登之徽,弗里登徽章,프리덴의 문장,Emblemat Friden,Емблема Фрідена,Embleem van Friden,Friden Arması
L_IN_EMBLEM_MERAXIS,,Emblem of Meraxis,メラクシスの紋章,Emblem von Meraxis,Emblème de Meraxis,Emblema de Meraxis,Emblema de Meraxis,Эмблема Мераксиса,Emblema di Meraxis,梅拉克斯之徽,梅拉西斯徽章,메락시스의 문장,Godło Meraxis,Емблема Мераксіса,Embleem van Meraxis,Meraxis Arması
L_IN_EMBLEM_LISTER,,Emblem of Lister,リスターの紋章,Emblem von Lister,Emblème de Lister,Emblema de Lister,Emblema de Lister,Эмблема Листера,Emblema di Lister,利斯特徽章,利斯特徽章,리스터의 문장,Emblemat Listera,Емблема Лістера,Embleem van Lister,Lister Arması
L_IN_EMBLEM_VERTRAAG,,Emblem of Vertraag,エンブレム・オブ・ヴェルトラーグ,Emblem von Vertraag,Emblème de Vertraag,Emblema de Vertraag,Emblema de Vertraag,Эмблема Вертраага,Emblema di Vertraag,維特拉格之徽,维特拉戈徽章,베르트라그의 문장,Emblemat Vertraaga,Емблема Вертраага,Embleem van Vertraag,Vertraag Arması
L_IN_EMBLEM_REGALIS,,Emblem of Regalis,レガリスの紋章,Emblem von Regalis,Emblème de Regalis,Emblema de Regalis,Emblema de Regalis,Эмблема Регалиса,Emblema di Regalis,雷加利斯之徽,蕾伽丽丝徽章,레갈리스의 문장,Godło Regalis,Емблема Регаліса,Embleem van Regalis,Regalis Arması
L_IN_EMBLEM_GONFURIAN,,Emblem of Gonfurian,ゴンフリアンの紋章,Emblem des Gonfurian,Emblème de Gonfurian,Emblema de Gonfurian,Emblema de Gonfurian,Эмблема Гонфуриана,Emblema di Gonfurian,貢弗里安之徽章,贡弗瑞安徽章,곤푸리안의 문장,Emblemat Gonfuriański,Емблема Гонфуріана,Embleem van Gonfurian,Gonfurian Arması
L_IN_EMBLEM_AURUM,,Emblem of Aurum,黄金の紋章,Emblem des Aurums,Emblème d'Aurum,Emblema de Aurum,Emblema de Aurum,Эмблема Аурума,Emblema di Aurum,黃金紋章,奥鲁姆徽章,황금의 문장,Emblemat Aurum,Емблема Аурума,Embleem van Aurum,Altın Arması
L_IN_EMBLEM_PERDITION,,Emblem of Perdition,破滅の紋章,Emblem der Verdammnis,Emblème de Perdition,Emblema de la Perdición,Emblema da Perdição,Эмблема Погибели,Emblema della Perdizione,滅亡紋章,珀迪森徽章,파멸의 문장,Godło Zatracenia,Емблема Загибелі,Embleem van Verdoemenis,Mahvolma Arması
L_IN_EMBLEM_MORTEM,,Emblem of Mortem,モルテムの紋章,Emblem des Todes,Emblème de Mortem,Emblema de Mortem,Emblema de Mortem,Эмблема Мортема,Emblema di Mortem,冥神紋章,莫特姆徽章,죽음의 문장,Emblemat Mortem,Емблема Мортема,Embleem van Mortem,Ölüm Arması
L_IN_EMBLEM_TENEBRIS,,Emblem of Tenebris,エンブレム・オブ・テネブリス,Emblem der Finsternis,Emblème de Tenebris,Emblema de Tenebris,Emblema de Tenebris,Эмблема Тенебриса,Emblema di Tenebris,闇黑紋章,特内布里斯徽章,테네브리스의 문장,Emblemat Tenebris,Емблема Тенебріс,Embleem van Tenebris,Tenebris Arması
L_IN_EMBLEM_APOCRANOX,,Emblem of Apocranox,黙示録の紋章,Emblem des Apocranox,Emblème d'Apocranox,Emblema de Apocranox,Emblema de Apocranox,Эмблема Апокранокса,Emblema di Apocranox,天啟紋章,阿波克拉诺徽章,아포크라녹스의 문장,Godło Apocranoksu,Емблема Апокраноксу,Embleem van Apocranox,Apocranox Arması
L_IN_EMBLEM_VENEDON,,Emblem of Venedon,ヴェネドンの紋章,Emblem von Venedon,Emblème de Venedon,Emblema de Venedon,Emblema de Venedon,Эмблема Венедона,Emblema di Venedon,維尼頓之徽,维内多徽章,베네돈의 문장,Godło Venedonu,Емблема Венедону,Embleem van Venedon,Venedon Arması
L_IN_GAME_TICKET_SIRALOPOLY,,Game Ticket: Siralopoly,ゲームチケット：シラロポリー,Spielticket: Siralopoly,Billet de jeu : Siralopoly,Boleto de Juego: Siralopoly,Bilhete de Jogo: Siralopoly,Игровой Билет: Сиралополи,Biglietto del Gioco: Siralopoly,遊戲票券：希拉洛波利,游戏票券：瑟拉大富翁,게임 티켓: 시랄로폴리,Bilet do Gry: Siralopoly,Ігровий Квиток: Сіралополі,Spelkaartje: Siralopoly,Oyun Bileti: Siralopoly
L_IN_GAME_TICKET_KENO,,Game Ticket: Keno,ゲームチケット：ケノ,Spielticket: Keno,Ticket de jeu : Keno,Boleto de Juego: Keno,Bilhete de Jogo: Keno,Игровой билет: Кено,Biglietto del Gioco: Keno,遊戲票券：基諾彩,游戏票券：基诺,게임 티켓: 키노,Bilet do Gry: Keno,Ігровий Квиток: Кено,Spelticket: Keno,Oyun Bileti: Keno
L_IN_GAME_TICKET_SCRATCH_CARD,,Game Ticket: Scratch Card,ゲームチケット：スクラッチカード,Spielticket: Rubbellos,Ticket de jeu : Carte à gratter,Boleto de Juego: Tarjeta para Rascar,Bilhete de Jogo: Raspadinha,Игровой билет: Скретч-карта,Biglietto del Gioco: Gratta e Vinci,遊戲票券：刮刮卡,游戏票券：刮刮乐,게임 티켓: 스크래치 카드,Bilet do Gry: Zdrapka,Ігровий Квиток: Скретч-Карта,Spelkaartje: Kraskaart,Oyun Bileti: Kazı Kazan
L_IN_GAME_TICKET_SLOT_MACHINE,,Game Ticket: Slot Machine,ゲームチケット：スロットマシン,Spielticket: Spielautomat,Ticket de Jeu : Machine à Sous,Boleto de Juego: Máquina Tragamonedas,Bilhete de Jogo: Caça-Níquel,Игровой Билет: Игровой Автомат,Biglietto di Gioco: Slot Machine,遊戲券：老虎機,游戏票券：老虎机,게임 티켓: 슬롯 머신,Bilet do Gry: Automat,Ігровий Квиток: Ігровий Автомат,Spelticket: Gokautomaat,Oyun Bileti: Slot Makinesi
L_IN_GATE_OF_GODS_KEY,,Gate of the Gods Key,神々の門の鍵,Schlüssel zum Tor der Götter,Clé de la Porte des Dieux,Llave de la Puerta de los Dioses,Chave do Portão dos Deuses,Ключ от Врат Богов,Chiave del Portale degli Dei,眾神之門鑰匙,众神之门钥匙,신들의 문 열쇠,Klucz do Bramy Bogów,Ключ від Брами Богів,Sleutel van de Poort der Goden,Tanrıların Kapısı Anahtarı
L_IN_GATE_OF_GODS_KEY_FRAGMENT,,Gate of the Gods Key Fragment,神々の門の鍵の欠片,Schlüsselfragment des Göttertors,Fragment de Clé de la Porte des Dieux,Fragmento de la Llave de la Puerta de los Dioses,Fragmento da Chave do Portão dos Deuses,Фрагмент Ключа от Врат Богов,Frammento della Chiave del Portale degli Dei,神之門鑰匙碎片,众神之门钥匙碎片,신들의 문 열쇠 조각,Fragment Klucza do Bramy Bogów,Фрагмент Ключа від Брами Богів,Sleutelfragment van de Poort der Goden,Tanrıların Kapısı Anahtar Parçası
L_IN_EMBLEM_ARIAMAKI,,Emblem of Ariamaki,アリアマキの紋章,Emblem von Ariamaki,Emblème d'Ariamaki,Emblema de Ariamaki,Emblema de Ariamaki,Эмблема Ариамаки,Emblema di Ariamaki,亞里馬基之徽,阿瑞玛基徽章,아리아마키의 문장,Godło Ariamaki,Емблема Аріамакі,Embleem van Ariamaki,Ariamaki Arması
L_IN_EMBLEM_ANNELTHA,,Emblem of Anneltha,アンネルサの紋章,Emblem von Anneltha,Emblème d'Anneltha,Emblema de Anneltha,Emblema de Anneltha,Эмблема Аннелты,Emblema di Anneltha,安妮爾薩之徽,安妮莎徽章,아넬타의 문장,Emblemat Annelthy,Емблема Аннелти,Embleem van Anneltha,Anneltha'nın Amblemi
L_IN_EMBLEM_4080,,Emblem of 4080,エンブレム・オブ・4080,Emblem der 4080,Emblème de 4080,Emblema de 4080,Emblema de 4080,Эмблема 4080,Emblema di 4080,4080之徽章,4080徽章,4080의 문장,Emblemat 4080,Емблема 4080,Embleem van 4080,4080 Amblemi
L_IN_EMBLEM_GENAROS,,Emblem of Genaros,ゲナロスの紋章,Emblem von Genaros,Emblème de Genaros,Emblema de Genaros,Emblema de Genaros,Эмблема Генароса,Emblema di Genaros,傑納洛斯之徽,杰纳罗斯徽章,제나로스의 문장,Emblemat Genaros,Емблема Генароса,Embleem van Genaros,Genaros Arması
L_IN_EMBLEM_ALEXANDRIA,,Emblem of Alexandria,アレクサンドリアの紋章,Emblem von Alexandria,Emblème d'Alexandrie,Emblema de Alejandría,Emblema de Alexandria,Эмблема Александрии,Emblema di Alessandria,亞歷山大紋章,亚历山大徽章,알렉산드리아의 문장,Emblemat Aleksandrii,Емблема Александрії,Embleem van Alexandrië,Alexandria Arması
L_IN_EMBLEM_MUSE,,Emblem of Muse,ミューズの紋章,Emblem der Muse,Emblème de la Muse,Emblema de la Musa,Emblema da Musa,Эмблема Музы,Emblema della Musa,繆思徽章,缪斯徽章,뮤즈의 문장,Emblemat Muzy,Емблема Музи,Embleem van de Muze,İlham Perisi Arması
L_IN_EMBLEM_RECLUSA,,Emblem of Reclusa,レクルーサの紋章,Emblem der Reclusa,Emblème de Reclusa,Emblema de Reclusa,Emblema de Reclusa,Эмблема Реклюзы,Emblema di Reclusa,蟄居者紋章,瑞克露莎徽章,레클루사의 문장,Emblemat Reclusy,Емблема Реклюзи,Embleem van Reclusa,Reclusa Arması
L_IN_EMBLEM_SHALLAN,,Emblem of Shallan,シャランの紋章,Emblem von Shallan,Emblème de Shallan,Emblema de Shallan,Emblema de Shallan,Эмблема Шаллан,Emblema di Shallan,沙蘭之徽,莎兰徽章,샬란의 문장,Emblemat Shallan,Емблема Шаллан,Embleem van Shallan,Shallan'ın Arması
L_IN_EMBLEM_TMERE_MRGO,,Emblem of T'mere M'rgo,エンブレム・オブ・トメレ・ムルゴ,Emblem von T'mere M'rgo,Emblème de T'mere M'rgo,Emblema de T'mere M'rgo,Emblema de T'mere M'rgo,Эмблема Т'мере М'рго,Emblema di T'mere M'rgo,特梅爾·莫戈之徽,特米尔·莫尔戈徽章,트메레 므르고의 문장,Emblemat T'mere M'rgo,Емблема Т'мере М'рго,Embleem van T'mere M'rgo,T'mere M'rgo Arması
L_NSTONE_PRE_1,,Glimmering,煌めく,Schimmernd,Scintillant,Resplandeciente,Cintilante,Мерцающий,Scintillante,閃爍,微亮,반짝이는,Migoczący,Мерехтливий,Glimmering,Parıldayan
L_NSTONE_PRE_2,,Shimmering,煌めく,Schimmernd,Miroitant,Resplandeciente,Cintilante,Мерцающий,Scintillante,閃爍,微光,반짝이는,Migoczący,Мерехтливий,Glinsterende,Parıldayan
L_NSTONE_PRE_3,,Shiny,ピカピカ,Glänzend,Brillant,Brillante,Brilhante,Блестящий,Lucente,閃亮,闪亮,반짝이는,Błyszczący,Блискучий,Glanzend,Parlak
L_NSTONE_PRE_4,,Glossy,艶やかな,Glänzend,Lustré,Brillante,Lustroso,Глянцевый,Lucido,光滑的,光亮,반짝이는,Błyszczący,Глянцевий,Glanzend,Parlak
L_NSTONE_PRE_5,,Gleaming,輝く,Glänzend,Étincelant,Resplandeciente,Reluzente,Сияющий,Scintillante,閃耀,反光,빛나는,Lśniący,Сяючий,Glanzend,Parlayan
L_NSTONE_PRE_6,,Lustrous,艶やかな,Glänzend,Luisant,Lustroso,Lustroso,Блистательный,Lucente,光輝,光辉,찬란한,Lśniący,Сяючий,Glanzend,Parlak
L_NSTONE_PRE_7,,Polished,磨かれた,Poliert,Poli,Pulido,Polido,Отполированный,Lucidato,精緻,抛光,광택이 나는,Wypolerowany,Відполірований,Gepolijst,Parlatılmış
L_NSTONE_PRE_8,,Sparkling,キラキラ,Funkelnd,Étincelant,Resplandeciente,Cintilante,Искрящийся,Scintillante,閃爍,闪耀,반짝이는,Iskrzący,Іскристий,Fonkelend,Parıldayan
L_NSTONE_PRE_9,,Twinkling,きらめく,Funkelnd,Scintillant,Centelleante,Cintilante,Мерцающий,Scintillante,閃爍,闪烁,반짝이는,Migoczący,Мерехтливий,Fonkelend,Parıldayan
L_NSTONE_PRE_10,,Glowing,輝く,Leuchtend,Lumineux,Resplandeciente,Brilhante,Светящийся,Luminoso,發光,发光,빛나는,Świecący,Сяючий,Gloeiend,Parlayan
L_NSTONE_NOUN_1,,Stone,石,Stein,Pierre,Piedra,Pedra,Камень,Pietra,石頭,石头,돌,Kamień,Камінь,Steen,Taş
L_NSTONE_NOUN_2,,Prism,プリズム,Prisma,Prisme,Prisma,Prisma,Призма,Prisma,稜鏡,棱镜,프리즘,Pryzmat,Призма,Prisma,Prizma
L_NSTONE_NOUN_3,,Sphere,スフィア,Sphäre,Sphère,Esfera,Esfera,Сфера,Sfera,法球,球体,구체,Sfera,Сфера,Sfeer,Küre
L_NSTONE_NOUN_4,,Orb,オーブ,Kugel,Orbe,Orbe,Orbe,Сфера,Sfera,寶珠,宝珠,오브,Kula,Сфера,Bol,Küre
L_NSTONE_NOUN_5,,Globe,グローブ,Globus,Globe,Globo,Globo,Глобус,Globo,地球儀,圆球,지구본,Glob,Глобус,Wereldbol,Küre
L_NSTONE_NOUN_6,,Jewel,宝石,Juwel,Joyau,Joya,Joia,Драгоценность,Gemma,寶石,珍宝,보석,Klejnot,Коштовність,Juweel,Mücevher
L_NSTONE_NOUN_7,,Bauble,バブル,Schmuckstück,Babiole,Baratija,Bugiganga,Безделушка,Ninnolo,小飾品,饰品,장신구,Błyskotka,Дрібничка,Snuisterij,Süs
L_NSTONE_NOUN_8,,Ornament,装飾品,Ornament,Ornement,Ornamento,Ornamento,Украшение,Ornamento,裝飾品,首饰,장식품,Ornament,Орнамент,Ornament,Süs
L_NSTONE_NOUN_9,,Trinket,トリンケット,Schmuckstück,Babiole,Baratija,Bugiganga,Безделушка,Ninnolo,小飾品,饰物,장신구,Bibelot,Дрібничка,Snuisterij,Süs Eşyası
L_NSTONE_NOUN_10,,Bijou,ビジュー,Bijou,Bijou,Bijou,Bijou,Бижу,Bijou,寶石,珠宝,비쥬,Bijou,Біжу,Bijou,Bijou
L_NSTONE_SUF_1,,of Power,の力,der Macht,de Puissance,de Poder,de Poder,силы,di Potere,力量之,力量,힘의,mocy,сили,van Kracht,Güç
L_NSTONE_SUF_2,,of Beauty,の美,der Schönheit,de Beauté,de Belleza,de Beleza,красоты,di Bellezza,美麗之,美丽,미모의,piękności,краси,van Schoonheid,Güzellik
L_NSTONE_SUF_3,,of Fortune,運命の,des Glücks,de Fortune,de Fortuna,da Fortuna,удачи,della Fortuna,幸運之,幸运,행운의,Fortuny,удачі,van Fortuin,Talih
L_NSTONE_SUF_4,,of Fame,の殿堂,des Ruhms,de la Gloire,de la Fama,da Fama,Славы,della Fama,名人堂,名声,명예의,Sławy,Слави,van Roem,Şöhret
L_NSTONE_SUF_5,,of Lust,色欲の,der Lust,de Luxure,de Lujuria,de Luxúria,похоти,della Lussuria,慾望之,欲望,욕망의,pożądania,хтивості,van Lust,Şehvet
L_NSTONE_SUF_6,,of Strength,の力,der Stärke,de Force,de Fuerza,de Força,силы,di Forza,力量之,强力,힘의,siły,сили,van Kracht,Güç
L_NSTONE_SUF_7,,of Wisdom,の知恵,der Weisheit,de Sagesse,de Sabiduría,de Sabedoria,мудрости,di Saggezza,智慧之,智慧,지혜의,Mądrości,мудрості,van Wijsheid,Bilgelik
L_NSTONE_SUF_8,,of Cunning,狡知の,der List,de Ruse,de Astucia,de Astúcia,хитрости,di Astuzia,詭計之,诡诈,교활함의,Sprytu,хитрості,van Sluwheid,Kurnazlık
L_NSTONE_SUF_9,,of Honor,の名誉,der Ehre,d'Honneur,de Honor,de Honra,чести,d'Onore,榮譽之,荣誉,명예의,honoru,честі,van Eer,Onur
L_NSTONE_SUF_10,,of Glory,の栄光,des Ruhms,de Gloire,de Gloria,de Glória,славы,di Gloria,榮耀之,荣耀,영광의,chwały,слави,van Glorie,Şan
L_WD_TOWN_GUARD,,Town Guard,町の衛兵,Stadtwache,Garde de la ville,Guardia del Pueblo,Guarda da Cidade,Городской стражник,Guardia Cittadina,城鎮守衛,城镇守卫,마을 경비병,Strażnik Miejski,Міський Вартовий,Stadswacht,Şehir Muhafızı
L_WD_RUFFIAN,,Ruffian,ごろつき,Raufbold,Voyou,Rufián,Rufião,Головорез,Facinoroso,惡棍,恶徒,불량배,Zbir,Розбишака,Schurk,Serseri
L_WD_BARTENDER,,Bartender,バーテンダー,Barkeeper,Tavernier,Cantinero,Taverneiro,Бармен,Oste,酒保,酒保,바텐더,Barman,Бармен,Barman,Barmen
L_WD_BLACKSMITH,,Blacksmith,鍛冶屋,Schmied,Forgeron,Herrero,Ferreiro,Кузнец,Fabbro,鐵匠,铁匠,대장장이,Kowal,Коваль,Smid,Demirci
L_WD_BREEDER,,Breeder,ブリーダー,Züchter,Éleveur,Criador,Criador,Заводчик,Allevatore,培育師,培育师,브리더,Hodowca,Заводчик,Fokker,Yetiştirici
L_WD_CAT_GRAY,,Cat (Gray),ネコ（灰色）,Katze (Grau),Chat (Gris),Gato (Gris),Gato (Cinza),Кот (Серый),Gatto (Grigio),貓（灰色）,猫（灰）,고양이 (회색),Kot (Szary),Кіт (Сірий),Kat (Grijs),Kedi (Gri)
L_WD_CAT_TAN,,Cat (Tan),ネコ（茶色）,Katze (Hellbraun),Chat (Beige),Gato (Canela),Gato (Castanho),Кот (Рыжий),Gatto (Beige),貓（棕黃色）,猫（褐）,고양이 (황갈색),Kot (Płowy),Кіт (Рудий),Kat (Beige),Kedi (Taba)
L_WD_CAT_WHITE,,Cat (White),猫（白）,Katze (Weiß),Chat (Blanc),Gato (Blanco),Gato (Branco),Кот (Белый),Gatto (Bianco),貓（白色）,猫（白）,고양이 (흰색),Kot (Biały),Кіт (Білий),Kat (Wit),Kedi (Beyaz)
L_WD_CHANNELER,,Channeler,チャネラー,Kanalisiererin,Invocateur,Canalizador,Canalizador,Медиум,Canalizzatore,靈媒,通灵者,영매,Zaklinacz,Чаклун,Kanaliseerder,Kanalcı
L_WD_CHEF,,Chef,シェフ,Koch,Chef,Chef,Chef,Повар,Chef,廚師,厨师,요리사,Kucharz,Кухар,Kok,Aşçı
L_WD_DAMAOS_ALTERNATE,,Damaos (Alternate),ダマオス（別形態）,Damaos (Alternativ),Damaos (Alternative),Damaos (Alternativo),Damaos (Alternativo),Дамаос (Альтернативный),Damaos (Alternativo),達瑪歐斯（替代）,达玛欧斯（变体）,다마오스 (대체),Damaos (Alternatywny),Дамаос (Альтернативний),Damaos (Alternatief),Damaos (Alternatif)
L_WD_DEMONOID,,Demonoid,デモノイド,Dämonoid,Démonoïde,Demonoide,Demonoide,Демоноид,Demonoide,魔族,恶魔人,데모노이드,Demonoid,Демоноїд,Demonoid,Demonoid
L_WD_DWARF_RED,,Dwarf (Red),ドワーフ（赤）,Zwerg (Rot),Nain (Rouge),Enano (Rojo),Anão (Vermelho),Дварф (Красный),Nano (Rosso),矮人（紅）,矮人（红）,드워프 (레드),Krasnolud (Czerwony),Гном (Червоний),Dwerg (Rood),Cüce (Kırmızı)
L_WD_DWARF_BLUE,,Dwarf (Blue),ドワーフ（青）,Zwerg (Blau),Nain (Bleu),Enano (Azul),Anão (Azul),Гном (Синий),Nano (Blu),矮人（藍）,矮人（蓝）,드워프 (블루),Krasnolud (Niebieski),Гном (Синій),Dwerg (Blauw),Cüce (Mavi)
L_WD_DWARF_GREEN,,Dwarf (Green),ドワーフ（緑）,Zwerg (Grün),Nain (Vert),Enano (Verde),Anão (Verde),Дварф (Зеленый),Nano (Verde),矮人（綠）,矮人（绿）,드워프 (초록),Krasnolud (Zielony),Гном (Зелений),Dwerg (Groen),Cüce (Yeşil)
L_WD_DWARF_PURPLE,,Dwarf (Purple),ドワーフ（紫）,Zwerg (Lila),Nain (Violet),Enano (Púrpura),Anão (Roxo),Гном (Фиолетовый),Nano (Viola),矮人（紫）,矮人（紫）,드워프 (보라색),Krasnolud (Fioletowy),Гном (Фіолетовий),Dwerg (Paars),Cüce (Mor)
L_WD_DWARF_YELLOW,,Dwarf (Yellow),ドワーフ（黄）,Zwerg (Gelb),Nain (Jaune),Enano (Amarillo),Anão (Amarelo),Дварф (Жёлтый),Nano (Giallo),矮人（黃色）,矮人（黄）,드워프 (노랑),Krasnolud (Żółty),Гном (Жовтий),Dwerg (Geel),Cüce (Sarı)
L_WD_ENCHANTER,,Enchanter,エンチャンター,Verzauberer,Enchanteur,Encantador,Encantador,Чародей,Incantatore,附魔師,附魔师,마법부여사,Zaklinacz,Чарівник,Bezweerder,Büyücü
L_WD_MAGE_BLUE,,Mage (Blue),メイジ（青）,Magier (Blau),Mage (Bleu),Mago (Azul),Mago (Azul),Маг (Синий),Mago (Blu),法師（藍）,法师（蓝）,마법사 (파랑),Mag (Niebieski),Маг (Синій),Magiër (Blauw),Büyücü (Mavi)
L_WD_MAGE_BROWN,,Mage (Brown),メイジ（茶色）,Magier (Braun),Mage (Brun),Mago (Marrón),Mago (Marrom),Маг (Коричневый),Mago (Marrone),法師（棕色）,法师（棕）,마법사 (갈색),Mag (Brązowy),Маг (Коричневий),Magiër (Bruin),Büyücü (Kahverengi)
L_WD_MAGE_RED_OLD,,Mage (Red/Old),魔道士（赤/古）,Magier (Rot/Alt),Mage (Rouge/Ancien),Mago (Rojo/Viejo),Mago (Vermelho/Velho),Маг (Красный/Старый),Mago (Rosso/Vecchio),法師（紅/舊）,法师（红/年长）,마법사 (적색/구형),Mag (Czerwony/Stary),Маг (Червоний/Старий),Magiër (Rood/Oud),Büyücü (Kırmızı/Yaşlı)
L_WD_MAGE_RED_YOUNG,,Mage (Red/Young),魔道士（赤/若）,Magier (Rot/Jung),Mage (Rouge/Jeune),Mago (Rojo/Joven),Mago (Vermelho/Jovem),Маг (Красный/Молодой),Mago (Rosso/Giovane),法師（紅/年輕）,法师（红/年轻）,마법사 (붉은색/젊은),Mag (Czerwony/Młody),Маг (Червоний/Молодий),Magiër (Rood/Jong),Büyücü (Kırmızı/Genç)
L_WD_MAGE_YELLOW,,Mage (Yellow),メイジ（黄）,Magier (Gelb),Mage (Jaune),Mago (Amarillo),Mago (Amarelo),Маг (Жёлтый),Mago (Giallo),法師（黃色）,法师（黄）,마법사 (노랑),Mag (Żółty),Маг (Жовтий),Magiër (Geel),Büyücü (Sarı)
L_WD_MAN_11,,Man 1,男1,Mann 1,Homme 1,Hombre 1,Homem 1,Мужчина 1,Uomo 1,男子 1,男性1,남자 1,Mężczyzna 1,Чоловік 1,Man 1,Adam 1
L_WD_MAN_12,,Man 2,男2,Mann 2,Homme 2,Hombre 2,Homem 2,Мужчина 2,Uomo 2,男子 2,男性2,남자 2,Mężczyzna 2,Чоловік 2,Man 2,Adam 2
L_WD_MAN_13,,Man 3,男3,Mann 3,Homme 3,Hombre 3,Homem 3,Мужчина 3,Uomo 3,男性 3,男性3,남자 3,Mężczyzna 3,Чоловік 3,Man 3,Adam 3
L_WD_MAN_14,,Man 4,男4,Mann 4,Homme 4,Hombre 4,Homem 4,Мужчина 4,Uomo 4,男性 4,男性4,남자 4,Mężczyzna 4,Чоловік 4,Man 4,Adam 4
L_WD_MAN_15,,Man 5,男5,Mann 5,Homme 5,Hombre 5,Homem 5,Мужчина 5,Uomo 5,男性 5,男性5,남자 5,Mężczyzna 5,Чоловік 5,Man 5,Adam 5
L_WD_WOMAN_11,,Woman 1,女性1,Frau 1,Femme 1,Mujer 1,Mulher 1,Женщина 1,Donna 1,女人 1,女性1,여자 1,Kobieta 1,Жінка 1,Vrouw 1,Kadın 1
L_WD_WOMAN_12,,Woman 2,女性2,Frau 2,Femme 2,Mujer 2,Mulher 2,Женщина 2,Donna 2,女人 2,女性2,여자 2,Kobieta 2,Жінка 2,Vrouw 2,Kadın 2
L_WD_WOMAN_13,,Woman 3,女性3,Frau 3,Femme 3,Mujer 3,Mulher 3,Женщина 3,Donna 3,女人 3,女性3,여자 3,Kobieta 3,Жінка 3,Vrouw 3,Kadın 3
L_WD_WOMAN_14,,Woman 4,女性4,Frau 4,Femme 4,Mujer 4,Mulher 4,Женщина 4,Donna 4,女人 4,女性4,여자 4,Kobieta 4,Жінка 4,Vrouw 4,Kadın 4
L_WD_WOMAN_15,,Woman 5,女性5,Frau 5,Femme 5,Mujer 5,Mulher 5,Женщина 5,Donna 5,女人 5,女性5,여자 5,Kobieta 5,Жінка 5,Vrouw 5,Kadın 5
L_WD_STABLE_KEEPER,,Stable Keeper,厩舎番,Stallmeister,Gardien d'écurie,Mozo de Cuadra,Tratador de Estábulo,Конюх,Stalliere,馬廄管理員,马厩管理员,마구간 관리인,Stajenny,Конюх,Stalmeester,Ahır Bekçisi
L_WD_SOME_GUY,,Some Guy,ただの男,Irgendein Typ,Un Type,Algún Tipo,Algum Cara,Какой-то Парень,Tipo Qualunque,某個傢伙,某个家伙,어떤 남자,Jakiś Gość,Якийсь Чоловік,Een Willekeurige Kerel,Herhangi Biri
L_WD_JESTER_GREEN,,Jester (Green),ジェスター（緑）,Narr (Grün),Bouffon (Vert),Bufón (Verde),Bobo da Corte (Verde),Шут (Зелёный),Giullare (Verde),小丑（綠）,小丑（绿）,광대 (초록),Błazen (Zielony),Блазень (Зелений),Nar (Groen),Soytarı (Yeşil)
L_WD_JESTER_PURPLE,,Jester (Purple),ジェスター（紫）,Narr (Lila),Bouffon (Violet),Bufón (Púrpura),Bobo da Corte (Roxo),Шут (Фиолетовый),Giullare (Viola),小丑（紫色）,小丑（紫）,광대 (보라색),Błazen (Fioletowy),Блазень (Фіолетовий),Nar (Paars),Soytarı (Mor)
L_WD_JESTER_RED,,Jester (Red),ジェスター（赤）,Narr (Rot),Bouffon (Rouge),Bufón (Rojo),Bobo da Corte (Vermelho),Шут (Красный),Giullare (Rosso),小丑（紅）,小丑（红）,광대 (적색),Błazen (Czerwony),Блазень (Червоний),Nar (Rood),Soytarı (Kırmızı)
L_WD_JESTER_WHITE,,Jester (White),ジェスター（白）,Narr (Weiß),Bouffon (Blanc),Bufón (Blanco),Bobo da Corte (Branco),Шут (Белый),Giullare (Bianco),小丑（白）,小丑（白）,광대 (백색),Błazen (Biały),Блазень (Білий),Nar (Wit),Soytarı (Beyaz)
L_WD_JESTER_YELLOW,,Jester (Yellow),ジェスター（黄）,Narr (Gelb),Bouffon (Jaune),Bufón (Amarillo),Bobo da Corte (Amarelo),Шут (Жёлтый),Giullare (Giallo),小丑（黃色）,小丑（黄）,광대 (노랑),Błazen (Żółty),Блазень (Жовтий),Nar (Geel),Soytarı (Sarı)
L_WD_KNIGHT_SILVER_GOLD,,Knight (Silver/Gold),ナイト（シルバー/ゴールド）,Ritter (Silber/Gold),Chevalier (Argent/Or),Caballero (Plata/Oro),Cavaleiro (Prata/Ouro),Рыцарь (Серебряный/Золотой),Cavaliere (Argento/Oro),騎士（銀／金）,骑士（银/金）,기사 (실버/골드),Rycerz (Srebrny/Złoty),Лицар (Срібний/Золотий),Ridder (Zilver/Goud),Şövalye (Gümüş/Altın)
L_WD_KNIGHT_SILVER_WHITE,,Knight (Silver/White),ナイト（銀/白）,Ritter (Silber/Weiß),Chevalier (Argent/Blanc),Caballero (Plateado/Blanco),Cavaleiro (Prata/Branco),Рыцарь (Серебряный/Белый),Cavaliere (Argento/Bianco),騎士（銀／白）,骑士（银/白）,기사 (은색/흰색),Rycerz (Srebrny/Biały),Лицар (Срібний/Білий),Ridder (Zilver/Wit),Şövalye (Gümüş/Beyaz)
L_WD_KNIGHT_BLACK_GOLD,,Knight (Black/Gold),ナイト（黒/金）,Ritter (Schwarz/Gold),Chevalier (Noir/Or),Caballero (Negro/Dorado),Cavaleiro (Preto/Dourado),Рыцарь (Чёрный/Золотой),Cavaliere (Nero/Oro),騎士（黑/金）,骑士（黑/金）,기사 (검정/금색),Rycerz (Czarny/Złoty),Лицар (Чорний/Золотий),Ridder (Zwart/Goud),Şövalye (Siyah/Altın)
L_WD_KNIGHT_SILVER_BLACK,,Knight (Silver/Black),ナイト（シルバー/ブラック）,Ritter (Silber/Schwarz),Chevalier (Argent/Noir),Caballero (Plateado/Negro),Cavaleiro (Prata/Preto),Рыцарь (Серебряный/Чёрный),Cavaliere (Argento/Nero),騎士（銀／黑）,骑士（银/黑）,기사 (은색/검정색),Rycerz (Srebrny/Czarny),Лицар (Срібний/Чорний),Ridder (Zilver/Zwart),Şövalye (Gümüş/Siyah)
L_WD_LIBRARIAN,,Librarian,司書,Bibliothekar,Bibliothécaire,Bibliotecario,Bibliotecário,Библиотекарь,Bibliotecario,圖書管理員,图书管理员,사서,Bibliotekarz,Бібліотекар,Bibliothecaris,Kütüphaneci
L_WD_RUNEMASTER,,Runemaster,ルーンマスター,Runenmeister,Maître des Runes,Maestro de Runas,Mestre das Runas,Мастер рун,Maestro delle Rune,符文大師,符文大师,룬마스터,Mistrz Run,Рунний майстер,Runenmeester,Büyücü
L_WD_PORTAL_MASTER,,Portal Master,ポータルマスター,Portalmeister,Maître des Portails,Maestro del Portal,Mestre do Portal,Мастер Порталов,Maestro del Portale,傳送門大師,传送门大师,포탈 마스터,Mistrz Portalu,Майстер Порталів,Portaalmeester,Portal Ustası
L_WD_SHOPKEEPER_BEARD,,Shopkeeper (Beard),店主（ひげ）,Ladenbesitzer (Bart),Marchand (Barbe),Tendero (Barba),Lojista (Barba),Продавец (Борода),Negoziante (Barba),店主（鬍子）,店主（胡子）,상점주인 (수염),Sklepikarz (Broda),Крамар (Борода),Winkelier (Baard),Dükkan Sahibi (Sakallı)
L_WD_SHOPKEEPER_APRON,,Shopkeeper (Apron),店主（エプロン）,Ladenbesitzer (Schürze),Marchand (Tablier),Tendero (Delantal),Lojista (Avental),Продавец (Фартук),Negoziante (Grembiule),店主（圍裙）,店主（围裙）,상점 주인 (앞치마),Sklepikarz (Fartuch),Крамар (Фартух),Winkelier (Schort),Dükkan Sahibi (Önlük)
L_WD_SHOPKEEPER_TURBAN,,Shopkeeper (Turban),店主（ターバン）,Händler (Turban),Marchand (Turban),Tendero (Turbante),Lojista (Turbante),Продавец (Тюрбан),Commerciante (Turbante),店主（頭巾）,店主（头巾）,상점주인 (터번),Sklepikarz (Turban),Крамар (Тюрбан),Winkelier (Tulband),Dükkancı (Türban)
L_WD_SHOPKEEPER_TURBAN_OLD_MAN,,Shopkeeper (Turban/Old Man),店主（ターバン/老人）,Händler (Turban/Alter Mann),Marchand (Turban/Vieil Homme),Tendero (Turbante/Anciano),Lojista (Turbante/Homem Idoso),Продавец (Тюрбан/Старик),Negoziante (Turbante/Vecchio),店主（頭巾／老人）,店主（头巾/老头）,상점 주인 (터번/노인),Sklepikarz (Turban/Starzec),Крамар (Тюрбан/Старий Чоловік),Winkelier (Tulband/Oude Man),Dükkancı (Türban/Yaşlı Adam)
L_WD_SHOPKEEPER_OLD_WOMAN,,Shopkeeper (Old Woman),店主（老婆さん）,Ladenbesitzerin (Alte Frau),Marchande (Vieille Femme),Tendera (Anciana),Lojista (Mulher Idosa),Продавщица (Старуха),Negoziante (Anziana),店主（老婦人）,店主（老太）,상점 주인 (노파),Sklepikarka (Stara Kobieta),Крамарка (Стара Жінка),Winkelier (Oude Vrouw),Dükkancı (Yaşlı Kadın)
L_WD_SHOPKEEPER_YOUNG_GIRL,,Shopkeeper (Young Girl),店主（少女）,Ladenbesitzerin (Junges Mädchen),Marchande (Jeune Fille),Tendera (Chica Joven),Lojista (Garota Jovem),Продавец (Юная Девушка),Negoziante (Ragazza Giovane),店主（年輕女孩）,店主（年轻女孩）,상점 주인 (어린 소녀),Sklepikarka (Młoda Dziewczyna),Продавчиня (Молода Дівчина),Winkelier (Jong Meisje),Dükkancı (Genç Kız)
L_WD_SHOW_GIRL_BLUE,,Show Girl (Blue),ショーガール（青）,Showgirl (Blau),Danseuse (Bleue),Chica del Espectáculo (Azul),Garota do Show (Azul),Танцовщица (Синяя),Ragazza dello Spettacolo (Blu),表演女郎（藍）,歌舞女郎（蓝）,쇼걸 (블루),Tancerka (Niebieska),Танцівниця (Синя),Showgirl (Blauw),Şov Kızı (Mavi)
L_WD_SHOW_GIRL_PINK,,Show Girl (Pink),ショーガール（ピンク）,Show Girl (Pink),Danseuse (Rose),Chica del Espectáculo (Rosa),Garota do Show (Rosa),Танцовщица (Розовая),Ragazza dello Spettacolo (Rosa),表演女郎（粉紅）,歌舞女郎（粉）,쇼걸 (핑크),Dziewczyna z Show (Różowa),Танцівниця (Рожева),Showgirl (Roze),Şov Kızı (Pembe)
L_WD_SHOW_GIRL_BROWN,,Show Girl (Brown),ショーガール（茶）,Showgirl (Braun),Fille de spectacle (Brune),Chica de Espectáculo (Marrón),Garota do Show (Marrom),Танцовщица (Коричневая),Ragazza dello Spettacolo (Marrone),表演女郎（棕色）,歌舞女郎（棕）,쇼걸 (갈색),Dziewczyna z Rewii (Brązowa),Шоу-дівчина (Коричнева),Showgirl (Bruin),Şov Kızı (Kahverengi)
L_WD_ARCANIST,,Arcanist,アーカニスト,Arkanist,Arcaniste,Arcanista,Arcanista,Арканист,Arcanista,秘法師,奥术师,비전술사,Arkanista,Арканіст,Arcanist,Büyücü
L_WD_WARLORD_RED,,Warlord (Red),ウォーロード（赤）,Kriegsherr (Rot),Seigneur de guerre (Rouge),Señor de la Guerra (Rojo),Senhor da Guerra (Vermelho),Военачальник (Красный),Signore della Guerra (Rosso),軍閥（紅）,军阀（红）,전쟁군주 (적색),Watażka (Czerwony),Воєначальник (Червоний),Krijgsheer (Rood),Savaş Lordu (Kırmızı)
L_WD_WISE_MAN_BROWN_RED,,Wise Man (Brown/Red),賢者（茶/赤）,Weiser Mann (Braun/Rot),Sage (Marron/Rouge),Sabio (Marrón/Rojo),Sábio (Marrom/Vermelho),Мудрец (Коричневый/Красный),Saggio (Marrone/Rosso),智者（棕／紅）,智者（棕/红）,현자 (갈색/빨강),Mędrzec (Brązowy/Czerwony),Мудрець (Коричневий/Червоний),Wijze Man (Bruin/Rood),Bilge Adam (Kahverengi/Kırmızı)
L_WD_WISE_MAN_BROWN_SILVER,,Wise Man (Brown/Silver),賢者（茶／銀）,Weiser Mann (Braun/Silber),Sage (Marron/Argent),Sabio (Marrón/Plateado),Sábio (Marrom/Prata),Мудрец (Коричневый/Серебряный),Saggio (Marrone/Argento),智者（棕／銀）,智者（棕/银）,현자 (갈색/은색),Mędrzec (Brązowy/Srebrny),Мудрець (Коричневий/Срібний),Wijze Man (Bruin/Zilver),Bilge Adam (Kahverengi/Gümüş)
L_WD_WISE_MAN_SHIRTLESS,,Wise Man (Shirtless),賢者（上半身裸）,Weiser Mann (Oberkörperfrei),Sage (Torse nu),Sabio (Sin camisa),Sábio (Sem Camisa),Мудрец (Без рубашки),Saggio (A Torso Nudo),智者（赤裸上身）,智者（赤裸上身）,현자 (상의 탈의),Mędrzec (Bez Koszuli),Мудрець (Без сорочки),Wijze Man (Zonder Hemd),Bilge Adam (Gömleksiz)
L_WD_WISE_MAN_TEAL,,Wise Man (Teal),賢者（青緑）,Weiser Mann (Türkis),Sage (Bleu sarcelle),Sabio (Turquesa),Sábio (Turquesa),Мудрец (Бирюзовый),Saggio (Turchese),智者（藍綠色）,智者（青绿）,현자 (청록색),Mędrzec (Turkusowy),Мудрець (Бірюзовий),Wijze Man (Groenblauw),Bilge Adam (Turkuaz)
L_WD_MAN_16,,Man 6,男6,Mann 6,Homme 6,Hombre 6,Homem 6,Мужчина 6,Uomo 6,男性 6,男性6,남자 6,Mężczyzna 6,Чоловік 6,Man 6,Adam 6
L_WD_MAN_17,,Man 7,男7,Mann 7,Homme 7,Hombre 7,Homem 7,Мужчина 7,Uomo 7,男性 7,男性7,남자 7,Mężczyzna 7,Чоловік 7,Man 7,Adam 7
L_WD_WOMAN_16,,Woman 6,女性6,Frau 6,Femme 6,Mujer 6,Mulher 6,Женщина 6,Donna 6,女性 6,女性6,여자 6,Kobieta 6,Жінка 6,Vrouw 6,Kadın 6
L_WD_WOMAN_17,,Woman 7,女性7,Frau 7,Femme 7,Mujer 7,Mulher 7,Женщина 7,Donna 7,女人 7,女性7,여자 7,Kobieta 7,Жінка 7,Vrouw 7,Kadın 7
L_WD_KNIGHT_SILVER_YELLOW,,Knight (Silver/Yellow),ナイト（銀/黄）,Ritter (Silber/Gelb),Chevalier (Argent/Jaune),Caballero (Plata/Amarillo),Cavaleiro (Prata/Amarelo),Рыцарь (Серебряный/Жёлтый),Cavaliere (Argento/Giallo),騎士（銀/黃）,骑士（银/黄）,기사 (은색/노란색),Rycerz (Srebrny/Żółty),Лицар (Срібний/Жовтий),Ridder (Zilver/Geel),Şövalye (Gümüş/Sarı)
L_WD_SHOPKEEPER_WHITE_BLUE_APRON,,Shopkeeper (White/Blue/Apron),店主（白/青/エプロン）,Ladenbesitzer (Weiß/Blau/Schürze),Marchand (Blanc/Bleu/Tablier),Tendero (Blanco/Azul/Delantal),Lojista (Branco/Azul/Avental),Продавец (Белый/Синий/Фартук),Negoziante (Bianco/Blu/Grembiule),店主（白色／藍色／圍裙）,店主（白/蓝/围裙）,상점 주인 (흰색/파란색/앞치마),Sklepikarz (Biały/Niebieski/Fartuch),Крамар (Білий/Синій/Фартух),Winkelier (Wit/Blauw/Schort),Dükkan Sahibi (Beyaz/Mavi/Önlük)
L_WD_SHOPKEEPER_PURPLE_PINK_APRON,,Shopkeeper (Purple/Pink/Apron),店主（紫/ピンク/エプロン）,Ladenbesitzer (Lila/Rosa/Schürze),Marchand (Violet/Rose/Tablier),Tendero (Morado/Rosa/Delantal),Lojista (Roxo/Rosa/Avental),Продавец (Фиолетовый/Розовый/Фартук),Negoziante (Viola/Rosa/Grembiule),店主（紫色/粉色/圍裙）,店主（紫/粉/围裙）,상점 주인 (보라색/분홍색/앞치마),Sklepikarz (Fioletowy/Różowy/Fartuch),Крамар (Фіолетовий/Рожевий/Фартух),Winkelier (Paars/Roze/Schort),Dükkancı (Mor/Pembe/Önlük)
L_WD_SHOW_GIRL_GREEN,,Show Girl (Green),ショーガール（緑）,Showgirl (Grün),Danseuse (Verte),Chica del Espectáculo (Verde),Garota do Show (Verde),Танцовщица (Зелёная),Ragazza dello Spettacolo (Verde),表演女郎（綠）,歌舞女郎（绿）,쇼걸 (초록),Dziewczyna Pokazowa (Zielona),Танцівниця (Зелена),Showgirl (Groen),Şov Kızı (Yeşil)
L_WD_WISE_MAN_BLACK_RED,,Wise Man (Black/Red),賢者（黒／赤）,Weiser Mann (Schwarz/Rot),Sage (Noir/Rouge),Sabio (Negro/Rojo),Sábio (Preto/Vermelho),Мудрец (Чёрный/Красный),Saggio (Nero/Rosso),智者（黑/紅）,智者（黑/红）,현자 (검정/빨강),Mędrzec (Czarny/Czerwony),Мудрець (Чорний/Червоний),Wijze Man (Zwart/Rood),Bilge Adam (Siyah/Kırmızı)
L_WD_ILBERD,,Ilberd,イルベルド,Ilberd,Ilberd,Ilberd,Ilberd,Ильберд,Ilberd,伊爾伯德,伊尔伯德,일베르드,Ilberd,Ільберд,Ilberd,İlberd
L_WD_MYSTIC,,Mystic,ミスティック,Mystiker,Mystique,Místico,Místico,Мистик,Mistico,神秘者,神秘者,신비술사,Mistyczny,Містичний,Mystiek,Mistik
L_WD_WISE_MAN_BLUE_PURPLE,,Wise Man (Blue/Purple),賢者（青/紫）,Weiser Mann (Blau/Lila),Sage (Bleu/Violet),Sabio (Azul/Púrpura),Sábio (Azul/Roxo),Мудрец (Синий/Фиолетовый),Saggio (Blu/Viola),智者（藍/紫）,智者（蓝/紫）,현자 (청색/보라색),Mędrzec (Niebieski/Fioletowy),Мудрець (Синій/Фіолетовий),Wijze Man (Blauw/Paars),Bilge Adam (Mavi/Mor)
L_WD_DOG_BROWN,,Dog (Brown),犬（茶色）,Hund (Braun),Chien (Brun),Perro (Marrón),Cachorro (Marrom),Собака (Коричневая),Cane (Marrone),狗（棕色）,狗（棕）,개 (갈색),Pies (Brązowy),Собака (Коричневий),Hond (Bruin),Köpek (Kahverengi)
L_WD_DOG_RED,,Dog (Red),犬（赤）,Hund (Rot),Chien (Rouge),Perro (Rojo),Cão (Vermelho),Собака (Красная),Cane (Rosso),狗（紅）,狗（红）,개 (빨강),Pies (Czerwony),Собака (Червоний),Hond (Rood),Köpek (Kırmızı)
L_WD_DOG_GRAY,,Dog (Gray),犬（灰色）,Hund (Grau),Chien (Gris),Perro (Gris),Cão (Cinza),Собака (Серая),Cane (Grigio),狗（灰色）,狗（灰）,개 (회색),Pies (Szary),Собака (Сірий),Hond (Grijs),Köpek (Gri)
L_WD_SURATHLI,,Surathli,スラスリ,Surathli,Surathli,Surathli,Surathli,Суратли,Surathli,蘇拉斯利,苏拉斯莉,수라슬리,Surathli,Суратлі,Surathli,Surathli
L_WD_EREBYSS,,Erebyss,エレビス,Erebyss,Erebyss,Erebyss,Erebyss,Эребисс,Erebyss,艾瑞比斯,艾瑞比丝,에레비스,Erebyss,Еребіс,Erebyss,Erebyss
L_WD_VULCANAR,,Vulcanar,ヴァルカナー,Vulcanar,Vulcanar,Vulcanar,Vulcanar,Вулканар,Vulcanar,火山巨獸,瓦尔卡纳,불카나르,Vulcanar,Вулканар,Vulcanar,Vulcanar
L_WD_ZONTE,,Zonte,ゾンテ,Zonte,Zonte,Zonte,Zonte,Зонте,Zonte,宗特,佐特,존테,Zonte,Зонте,Zonte,Zonte
L_WD_MERAXIS,,Meraxis,メラクシス,Meraxis,Meraxis,Meraxis,Meraxis,Мераксис,Meraxis,梅拉克斯,梅拉西斯,메락시스,Meraxis,Мераксіс,Meraxis,Meraxis
L_WD_LISTER,,Lister,リスター,Lister,Lister,Listar,Catalogador,Листер,Elenco,清單,利斯特,리스터,Lister,Лістер,Lijster,Listeleyici
L_WD_YSEROS,,Yseros,イセロス,Yseros,Yseros,Yseros,Yseros,Исерос,Yseros,伊瑟洛斯,伊瑟洛丝,이세로스,Yseros,Ісерос,Yseros,Yseros
L_WD_TARTARITH,,Tartarith,タルタリス,Tartarith,Tartarith,Tartarith,Tartarith,Тартарит,Tartarith,塔爾塔里斯,塔尔塔里斯,타르타리스,Tartarith,Тартаріт,Tartarith,Tartarith
L_WD_GONFURIAN,,Gonfurian,ゴンフリアン,Gonfurian,Gonfurian,Gonfurian,Gonfurian,Гонфуриан,Gonfurian,貢夫里安,贡弗瑞安,곤푸리안,Gonfurian,Гонфуріан,Gonfurian,Gonfurian
L_WD_AEOLIAN,,Aeolian,イオリアン,Äolisch,Éolien,Eólico,Eólio,Эолийский,Eolio,伊奧利安,伊欧利安,에올리안,Eolski,Еолійський,Aeolisch,Aeolian
L_WD_AZURAL,,Azural,アズラル,Azural,Azural,Azural,Azural,Азурал,Azural,艾祖拉爾,阿祖拉,아주랄,Azural,Азурал,Azural,Azural
L_WD_VERTRAAG,,Vertraag,ヴェルトラーグ,Vertraag,Ralentissement,Vertraag,Retardar,Вертрааг,Vertraag,維特拉格,维特拉戈,버트라그,Vertraag,Вертрааг,Slow,Yavaşlat
L_WD_TORUN,,Torun,トルン,Torun,Torun,Torun,Torun,Торун,Torun,托倫,托伦,토룬,Toruń,Торун,Torun,Torun
L_WD_FRIDEN,,Friden,フリデン,Friden,Friden,Friden,Friden,Фриден,Friden,弗里登,弗里登,프리덴,Friden,Фріден,Friden,Friden
L_WD_REGALIS,,Regalis,レガリス,Regalis,Regalis,Regalis,Regalis,Регалис,Regalis,雷加利斯,蕾伽丽丝,레갈리스,Regalis,Регаліс,Regalis,Regalis
L_WD_HEBRON_ALTERNATE,,Hebron (Alternate),ヘブロン（オルタネイト）,Hebron (Alternativ),Hébron (Alternative),Hebrón (Alternativo),Hebron (Alternativo),Хеброн (Альтернативный),Hebron (Alternativo),希伯倫（替代）,赫布隆（变体）,헤브론 (대체),Hebron (Alternatywny),Геброн (Альтернативний),Hebron (Alternatief),Hebron (Alternatif)
L_WD_WARLORD_BLUE,,Warlord (Blue),ウォーロード（青）,Kriegsherr (Blau),Seigneur de guerre (Bleu),Señor de la Guerra (Azul),Senhor da Guerra (Azul),Военачальник (Синий),Signore della Guerra (Blu),軍閥（藍）,军阀（蓝）,전쟁군주 (파랑),Watażka (Niebieski),Воєначальник (Синій),Krijgsheer (Blauw),Savaş Lordu (Mavi)
L_WD_KING,,King,王,König,Roi,Rey,Rei,Король,Re,國王,国王,왕,Król,Король,Koning,Kral
L_WD_QUEEN,,Queen,クイーン,Königin,Reine,Reina,Rainha,Королева,Regina,女王,女王,여왕,Królowa,Королева,Koningin,Kraliçe
L_WD_CUPID,,Cupid,キューピッド,Cupid,Cupidon,Cupido,Cupido,Купидон,Cupido,邱比特,丘比特,큐피드,Kupidyn,Купідон,Cupido,Aşk Tanrısı
L_WD_MAD_SCIENTIST,,Mad Scientist,マッドサイエンティスト,Verrückter Wissenschaftler,Savant Fou,Científico Loco,Cientista Louco,Безумный Учёный,Scienziato Pazzo,瘋狂科學家,疯狂科学家,미친 과학자,Szalony Naukowiec,Божевільний Вчений,Gekke Wetenschapper,Çılgın Bilim İnsanı
L_WD_WARRIOR,,Warrior,戦士,Krieger,Guerrier,Guerrero,Guerreiro,Воин,Guerriero,戰士,战士,전사,Wojownik,Воїн,Krijger,Savaşçı
L_WD_GIANT_TOAD,,Giant Toad,巨大ガマガエル,Riesenkröte,Crapaud Géant,Sapo Gigante,Sapo Gigante,Гигантская Жаба,Rospo Gigante,巨型蟾蜍,巨型蟾蜍,거대 두꺼비,Wielka Ropucha,Велетенська Жаба,Reuzenkikker,Dev Kurbağa
L_WD_EASTER_BUNNY,,Easter Bunny,イースターバニー,Osterhase,Lapin de Pâques,Conejo de Pascua,Coelho da Páscoa,Пасхальный Кролик,Coniglietto Pasquale,復活節兔子,复活节兔子,부활절 토끼,Zajączek Wielkanocny,Великодній Кролик,Paashaas,Paskalya Tavşanı
L_WD_BABY,,Baby,ベビー,Baby,Bébé,Bebé,Bebê,Малыш,Bambino,寶寶,宝宝,아기,Dziecko,Дитя,Baby,Bebek
L_WD_MONK_ALTERNATE_2,,Monk (Alternate 2),モンク（代替2）,Mönch (Alternativ 2),Moine (Alternative 2),Monje (Alternativa 2),Monge (Alternativo 2),Монах (Вариант 2),Monaco (Alternativa 2),武僧（替代型 2）,武僧（变体2）,승려 (대체 2),Mnich (Alternatywny 2),Монах (Альтернатива 2),Monnik (Alternatief 2),Rahip (Alternatif 2)
L_WD_PRINCE,,Prince,プリンス,Prinz,Prince,Príncipe,Príncipe,Принц,Principe,王子,王子,왕자,Książę,Принц,Prins,Prens
L_WD_PRINCESS,,Princess,プリンセス,Prinzessin,Princesse,Princesa,Princesa,Принцесса,Principessa,公主,公主,공주,Księżniczka,Принцеса,Prinses,Prenses
L_WD_ANGEL,,Angel,エンジェル,Engel,Ange,Ángel,Anjo,Ангел,Angelo,天使,天使,천사,Anioł,Ангел,Engel,Melek
L_WD_ALIEN,,Alien,エイリアン,Alien,Extraterrestre,Alienígena,Alienígena,Пришелец,Alieno,外星人,外星人,에일리언,Obcy,Прибулець,Buitenaards wezen,Uzaylı
L_WD_EGGLETTE,,Egglette,エグレット,Egglette,Egglette,Huevito,Egglette,Эгглетт,Egglette,蛋寶寶,蛋宝,에그렛,Jajeczko,Яєчко,Eitje,Yumurtacık
L_WD_TEDDY_BEAR,,Teddy Bear,テディベア,Teddybär,Ours en peluche,Osito de Peluche,Ursinho de Pelúcia,Плюшевый мишка,Orsacchiotto,泰迪熊,泰迪熊,테디 베어,Pluszowy Miś,Плюшевий ведмедик,Teddybeer,Oyuncak Ayı
L_WD_PIRATE,,Pirate,海賊,Pirat,Pirate,Pirata,Pirata,Пират,Pirata,海盜,海盗,해적,Pirat,Пірат,Piraat,Korsan
L_WD_GARGOYLE,,Gargoyle,ガーゴイル,Gargoyle,Gargouille,Gárgola,Gárgula,Горгулья,Gargoyle,石像鬼,滴水兽,가고일,Gargulec,Горгулья,Waterspuwer,Gargoyl
L_WD_FRANKENSTEIN,,Frankenstein,フランケンシュタイン,Frankenstein,Frankenstein,Frankenstein,Frankenstein,Франкенштейн,Frankenstein,科學怪人,弗兰肯斯坦,프랑켄슈타인,Frankenstein,Франкенштейн,Frankenstein,Frankenstein
L_WD_PILGRIM,,Pilgrim,巡礼者,Pilger,Pèlerin,Peregrino,Peregrino,Пилигрим,Pellegrino,朝聖者,朝圣者,순례자,Pielgrzym,Паломник,Pelgrim,Hacı
L_WD_NINJA,,Ninja,忍者,Ninja,Ninja,Ninja,Ninja,Ниндзя,Ninja,忍者,忍者,닌자,Ninja,Ніндзя,Ninja,Ninja
L_WD_SNOWMAN,,Snowman,雪だるま,Schneemann,Bonhomme de neige,Muñeco de nieve,Boneco de neve,Снеговик,Pupazzo di neve,雪人,雪人,눈사람,Bałwan,Сніговик,Sneeuwpop,Kardan Adam
L_WD_SANTA_CLAUS,,Santa Claus,サンタクロース,Weihnachtsmann,Père Noël,Santa Claus,Papai Noel,Санта-Клаус,Babbo Natale,聖誕老人,圣诞老人,산타클로스,Święty Mikołaj,Санта-Клаус,Kerstman,Noel Baba
L_WD_ASTRONAUT,,Astronaut,宇宙飛行士,Astronaut,Astronaute,Astronauta,Astronauta,Астронавт,Astronauta,太空人,宇航员,우주비행사,Astronauta,Астронавт,Astronaut,Astronot
L_WD_COWBOY,,Cowboy,カウボーイ,Cowboy,Cowboy,Vaquero,Cowboy,Ковбой,Cowboy,牛仔,牛仔,카우보이,Kowboj,Ковбой,Cowboy,Kovboy
L_WD_COWBOY2,,Cowboy 2,カウボーイ2,Cowboy 2,Cowboy 2,Vaquero 2,Cowboy 2,Ковбой 2,Cowboy 2,牛仔 2,牛仔2,카우보이 2,Kowboj 2,Ковбой 2,Cowboy 2,Kovboy 2
L_WD_DEVIL,,Devil,悪魔,Teufel,Démon,Diablo,Demônio,Дьявол,Diavolo,惡魔,魔鬼,악마,Diabeł,Диявол,Duivel,Şeytan
L_WD_NOBLE_MAN,,Noble Man,貴族,Edler Mann,Homme Noble,Hombre Noble,Homem Nobre,Благородный человек,Nobiluomo,貴族男子,贵族男子,귀족,Szlachcic,Шляхетний чоловік,Edelman,Soylu Adam
L_WD_NOBLE_WOMAN,,Noble Woman,貴族の女性,Edle Frau,Noble Dame,Mujer Noble,Mulher Nobre,Благородная Дама,Nobildonna,貴族女子,贵族女子,귀족 여성,Szlachetna Kobieta,Шляхетна Жінка,Adellijke Vrouw,Soylu Kadın
L_WD_PRIEST,,Priest,僧侶,Priester,Prêtre,Sacerdote,Sacerdote,Жрец,Sacerdote,祭司,祭司,사제,Kapłan,Жрець,Priester,Rahip
L_WD_ROBOT,,Robot,ロボット,Roboter,Robot,Robot,Robô,Робот,Robot,機器人,机械人,로봇,Robot,Робот,Robot,Robot
L_WD_THIEF,,Thief,盗賊,Dieb,Voleur,Ladrón,Ladrão,Вор,Ladro,盜賊,小偷,도적,Złodziej,Злодій,Dief,Hırsız
L_WD_VAMPIRE,,Vampire,ヴァンパイア,Vampir,Vampire,Vampiro,Vampiro,Вампир,Vampiro,吸血鬼,吸血鬼,뱀파이어,Wampir,Вампір,Vampier,Vampir
L_WD_WICKED_WITCH,,Wicked Witch,邪悪な魔女,Böse Hexe,Sorcière Maléfique,Bruja Malvada,Bruxa Maligna,Злая Ведьма,Strega Malvagia,邪惡女巫,邪恶女巫,사악한 마녀,Zła Wiedźma,Зла Відьма,Boosaardige Heks,Kötü Cadı
L_WD_WARLOCK,,Warlock,ウォーロック,Hexenmeister,Démoniste,Brujo,Bruxo,Чернокнижник,Stregone,術士,邪术师,흑마법사,Czarnoksiężnik,Чаклун,Heksenmeester,Büyücü
L_WD_ADVENTURER,,Adventurer,冒険者,Abenteurer,Aventurier,Aventurero,Aventureiro,Искатель приключений,Avventuriero,冒險者,冒险者,모험가,Poszukiwacz przygód,Шукач пригод,Avonturier,Maceracı
L_WD_MARTIAN,,Martian,マーシャン,Marsianer,Martien,Marciano,Marciano,Марсианин,Marziano,火星人,火星人,화성인,Marsjanin,Марсіанин,Martiaan,Marslı
L_WD_ASTRAL_TRAVELER,,Astral Traveler,アストラルトラベラー,Astraler Reisender,Voyageur Astral,Viajero Astral,Viajante Astral,Астральный Путешественник,Viaggiatore Astrale,星界旅者,星界旅者,별의 여행자,Astralny Wędrowiec,Астральний Мандрівник,Astrale Reiziger,Astral Gezgin
L_WD_ANDROID,,Android,アンドロイド,Android,Android,Android,Android,Андроид,Android,機器人,机器人,안드로이드,Android,Андроїд,Android,Android
L_WD_ANUBIS,,Anubis,アヌビス,Anubis,Anubis,Anubis,Anúbis,Анубис,Anubi,阿努比斯,阿努比斯,아누비스,Anubis,Анубіс,Anubis,Anubis
L_WD_ASSASSIN,,Assassin,アサシン,Assassine,Assassin,Asesino,Assassino,Ассасин,Assassino,刺客,刺客,암살자,Skrytobójca,Вбивця,Sluipmoordenaar,Suikastçı
L_WD_LUNAR_PILOT,,Lunar Pilot,ルナーパイロット,Mondpilot,Pilote Lunaire,Piloto Lunar,Piloto Lunar,Лунный Пилот,Pilota Lunare,月球飛行員,月球飞行员,루나 파일럿,Pilot Księżycowy,Місячний Пілот,Maanpiloot,Ay Pilotu
L_WD_BRUISER,,Bruiser,ブルーザー,Schläger,Cogneur,Matón,Brutamontes,Громила,Picchiatore,打手,好斗之徒,난동꾼,Osiłek,Громило,Knokker,Kabadayı
L_WD_CARROT_MAN,,Carrot Man,ニンジン男,Karottenmann,Homme Carotte,Hombre Zanahoria,Homem Cenoura,Морковный Человек,Uomo Carota,紅蘿蔔人,胡萝卜人,당근맨,Człowiek Marchewka,Морквяний Чоловік,Wortelman,Havuç Adam
L_WD_CHTHULHU,,Chthulhu,クトゥルフ,Chthulhu,Chthulhu,Chthulhu,Chthulhu,Ктулху,Chthulhu,克蘇魯,克苏鲁,크툴루,Chthulhu,Ктулху,Chthulhu,Chthulhu
L_WD_CLERIC,,Cleric,クレリック,Kleriker,Clerc,Clérigo,Clérigo,Жрец,Chierico,牧師,牧师,성직자,Kleryk,Клірик,Geestelijke,Rahip
L_WD_CLOCK_MAN,,Clock Man,クロックマン,Uhrmann,Homme-Horloge,Hombre Reloj,Homem Relógio,Часовщик,Uomo Orologio,時鐘人,时钟人,시계 인간,Człowiek Zegar,Годинниковий Чоловік,Klokman,Saat Adam
L_WD_COOKIE_MAN,,Cookie Man,クッキーマン,Keksmann,Cookie Man,Hombre Galleta,Homem Biscoito,Печенюшный Человек,Uomo Biscotto,餅乾人,饼干人,쿠키맨,Ciastkowy Człowiek,Печивний Чоловік,Koekjesman,Kurabiye Adam
L_WD_LONESTAR,,Lonestar,ローンスター,Lonestar,Lonestar,Lonestar,Lonestar,Одинокая звезда,Lonestar,獨星,孤星,론스타,Samotna Gwiazda,Самітник,Lonestar,Yalnız Yıldız
L_WD_EGYPTIAN_ROYAL,,Egyptian Royal,エジプト王家,Ägyptische Königswürde,Royauté Égyptienne,Realeza Egipcia,Realeza Egípcia,Египетская Знать,Reale Egizio,埃及皇室,埃及皇族,이집트 왕실,Egipski Królewski,Єгипетський Королівський,Egyptische Koninklijke,Mısır Kraliyet
L_WD_FALLEN_ANGEL,,Fallen Angel,堕天使,Gefallener Engel,Ange Déchu,Ángel Caído,Anjo Caído,Падший Ангел,Angelo Caduto,墮落天使,堕落天使,타락한 천사,Upadły Anioł,Занепалий Ангел,Gevallen Engel,Düşmüş Melek
L_WD_STONE_DEMON,,Stone Demon,石魔,Steindämon,Démon de Pierre,Demonio de Piedra,Demônio de Pedra,Каменный Демон,Demone di Pietra,石魔,石头恶魔,돌 악마,Kamienny Demon,Кам'яний Демон,Steendemon,Taş İblis
L_WD_STONE_WARRIOR,,Stone Warrior,石の戦士,Steinkrieger,Guerrier de Pierre,Guerrero de Piedra,Guerreiro de Pedra,Каменный Воин,Guerriero di Pietra,石之戰士,石头战士,돌 전사,Kamienny Wojownik,Кам'яний Воїн,Steenkrijger,Taş Savaşçı
L_WD_GHOST,,Ghost,ゴースト,Geist,Fantôme,Fantasma,Fantasma,Призрак,Fantasma,幽靈,幽灵,유령,Duch,Привид,Geest,Hayalet
L_WD_ACOLYTE,,Acolyte,侍祭,Akolyt,Acolyte,Acólito,Acólito,Служитель,Accolito,侍僧,侍僧,수행자,Akolita,Служитель,Acoliet,Mürit
L_WD_GREMLIN,,Gremlin,グレムリン,Gremlin,Gremlin,Gremlin,Gremlin,Гремлин,Gremlin,哥布林,小精灵,그렘린,Gremlin,Гремлін,Gremlin,Gremlin
L_WD_GLADIATOR,,Gladiator,グラディエーター,Gladiator,Gladiateur,Gladiador,Gladiador,Гладиатор,Gladiatore,角鬥士,角斗士,검투사,Gladiator,Гладіатор,Gladiator,Gladyatör
L_WD_COMBATANT,,Combatant,戦闘員,Kämpfer,Combattant,Combatiente,Combatente,Боец,Combattente,戰鬥者,战斗者,전투원,Translator: Kombatant,Боєць,Strijder,Savaşçı
L_WD_GOBLIN,,Goblin,ゴブリン,Goblin,Gobelin,Trasgo,Goblin,Гоблин,Goblin,哥布林,哥布林,고블린,Goblin,Гоблін,Goblin,Goblin
L_WD_HOTDOG_MAN,,Hotdog Man,ホットドッグマン,Hotdog-Mann,Homme Hot-dog,Hombre Perrito Caliente,Homem Cachorro-Quente,Хот-Дог Мэн,Uomo Hot Dog,熱狗人,热狗人,핫도그맨,Człowiek Hot Dog,Людина-Хотдог,Hotdogman,Sosisli Adam
L_WD_SECRET_AGENT,,Secret Agent,シークレットエージェント,Geheimagent,Agent Secret,Agente Secreto,Agente Secreto,Секретный агент,Agente Segreto,特務,特工,비밀 요원,Tajny Agent,Таємний агент,Geheim Agent,Gizli Ajan
L_WD_MOBSTER,,Mobster,モブスター,Gangster,Gangster,Mafioso,Mafioso,Гангстер,Gangster,黑幫份子,暴徒,조폭,Gangster,Мафіозі,Maffioso,Kabadayı
L_WD_EASTERN_MONK,,Eastern Monk,東洋の僧侶,Östlicher Mönch,Moine Oriental,Monje Oriental,Monge Oriental,Восточный Монах,Monaco Orientale,東方僧侶,东方武僧,동방의 수도승,Wschodni Mnich,Східний Монах,Oosterse Monnik,Doğulu Keşiş
L_WD_NIGHTBLADE,,Nightblade,ナイトブレード,Nachtklinge,Lame-nuit,Hoja Nocturna,Lâmina Noturna,Ночной клинок,Lama Notturna,夜刃,夜刃,나이트블레이드,Ostrze Nocy,Нічний клинок,Nachtkling,Gecekılıcı
L_WD_BUSHIDO,,Bushido,武士道,Bushido,Bushido,Bushido,Bushido,Бусидо,Bushido,武士道,武士道,무사도,Bushido,Бушідо,Bushido,Bushido
L_WD_PHANTOM,,Phantom,ファントム,Phantom,Fantôme,Fantasma,Fantasma,Фантом,Fantasma,幻影,幻影,팬텀,Fantom,Фантом,Fantoom,Hayalet
L_WD_PICKLE_MAN,,Pickle Man,ピクルマン,Gurkenmann,Homme Cornichon,Hombre Pepinillo,Homem Pepino,Человек-Огурец,Uomo Sottaceto,醃黃瓜人,泡菜人,피클맨,Człowiek Ogórek,Огірковий Чоловік,Augurkenman,Turşu Adam
L_WD_SWASHBUCKLER,,Swashbuckler,剣士,Freibeuter,Bretteur,Espadachín,Espadachim,Головорез,Spadaccino,海盜劍客,游荡剑客,검객,Korsarz,Авантюрист,Vrijbuiter,Kılıç Ustası
L_WD_PIZZA_MAN,,Pizza Man,ピザマン,Pizzamann,Pizza Man,Hombre Pizza,Homem da Pizza,Разносчик Пиццы,Uomo Pizza,披薩俠,披萨人,피자맨,Pizza Man,Піца-мен,Pizzaman,Pizza Adam
L_WD_GRIM_REAPER,,Grim Reaper,死神,Sensenmann,Faucheur,Segador Siniestro,Ceifador,Мрачный Жнец,Mietitore,死神,死神,사신,Ponury Żniwiarz,Похмурий Жнець,Magere Hein,Azrail
L_WD_RUNAWAY_HARDWARE,,Runaway Hardware,暴走ハードウェア,Ausgerissene Hardware,Matériel Fugitif,Hardware Fugitivo,Hardware Fugitivo,Сбежавшее Оборудование,Hardware Impazzito,失控硬體,失控硬件,도망친 하드웨어,Zbuntowany Sprzęt,Втеча Обладнання,Ontsnapte Hardware,Kaçak Donanım
L_WD_SAMURAI_FEMALE,,Samurai (Female),侍（女性）,Samurai (Weiblich),Samouraï (Femme),Samurái (Mujer),Samurai (Feminino),Самурай (Женщина),Samurai (Femmina),女武士,武士（女）,사무라이 (여성),Samurajka,Самурай (Жінка),Samoerai (Vrouwelijk),Samuray (Kadın)
L_WD_SAMURAI_MALE,,Samurai (Male),侍（男性）,Samurai (Männlich),Samouraï (Homme),Samurái (Masculino),Samurai (Masculino),Самурай (Мужчина),Samurai (Maschio),武士（男性）,武士（男）,사무라이 (남성),Samuraj (Mężczyzna),Самурай (Чоловік),Samoerai (Man),Samuray (Erkek)
L_WD_SPECTER,,Specter,スペクター,Gespenst,Spectre,Espectro,Espectro,Призрак,Spettro,幽靈,幽灵,유령,Widmo,Привид,Spook,Hayalet
L_WD_STUDENT,,Student,学生,Student,Étudiant,Estudiante,Estudante,Студент,Studente,學生,学生,학생,Student,Студент,Student,Öğrenci
L_WD_SUPERHERO,,Superhero,スーパーヒーロー,Superheld,Super-héros,Superhéroe,Super-herói,Супергерой,Supereroe,超級英雄,超级英雄,슈퍼히어로,Superbohater,Супергерой,Superheld,Süper Kahraman
L_WD_SWAMP_THING,,Swamp Thing,スワンプ・シング,Sumpfwesen,Créature des marais,Cosa del Pantano,Coisa do Pântano,Болотная Тварь,Cosa della Palude,沼澤怪物,沼泽怪物,늪괴물,Bagienne Monstrum,Болотна Істота,Moerasding,Bataklık Yaratığı
L_WD_THUG,,Thug,チンピラ,Schläger,Voyou,Matón,Bandido,Головорез,Teppista,惡棍,恶棍,불량배,Zbir,Головоріз,Schurk,Kabadayı
L_WD_TOY_SOLDIER,,Toy Soldier,トイソルジャー,Spielzeugsoldat,Soldat de Plomb,Soldado de Juguete,Soldado de Brinquedo,Игрушечный Солдатик,Soldatino,玩具士兵,玩具士兵,장난감 병사,Ołowiany Żołnierzyk,Іграшковий Солдатик,Speelgoedsoldaat,Oyuncak Asker
L_WD_TROLLKIN,,Trollkin,トロールキン,Trollkin,Trollkin,Trollkin,Trollkin,Троллекин,Trollkin,巨魔族,小巨魔,트롤킨,Trollkin,Тролекін,Trolkind,Trolkin
L_WD_BLOODMAGE,,Bloodmage,ブラッドメイジ,Blutmagier,Mage de sang,Mago de sangre,Mago Sangrento,Кровомаг,Mago del Sangue,血法師,血法师,혈마법사,Krwisty Mag,Кровомаг,Bloedmagiër,Kan Büyücüsü
L_WD_HOLY_KNIGHT,,Holy Knight,聖騎士,Heiliger Ritter,Chevalier Sacré,Caballero Sagrado,Cavaleiro Sagrado,Святой Рыцарь,Cavaliere Sacro,聖騎士,神圣骑士,성기사,Święty Rycerz,Святий Лицар,Heilige Ridder,Kutsal Şövalye
L_WD_EASTERN_KNIGHT,,Eastern Knight,東の騎士,Östlicher Ritter,Chevalier de l'Est,Caballero Oriental,Cavaleiro Oriental,Восточный Рыцарь,Cavaliere Orientale,東方騎士,东方骑士,동방의 기사,Wschodni Rycerz,Східний Лицар,Oosterse Ridder,Doğu Şövalyesi
L_WD_WEREWOLF,,Werewolf,狼男,Werwolf,Loup-garou,Hombre lobo,Lobisomem,Оборотень,Lupo mannaro,狼人,狼人,늑대인간,Wilkołak,Перевертень,Weerwolf,Kurt Adam
L_WD_WINGED_WARRIOR,,Winged Warrior,翼の戦士,Geflügelter Krieger,Guerrier Ailé,Guerrero Alado,Guerreiro Alado,Крылатый Воин,Guerriero Alato,飛翼戰士,飞翼战士,날개 달린 전사,Skrzydlaty Wojownik,Крилатий Воїн,Gevleugelde Krijger,Kanatlı Savaşçı
L_WD_ZEUS,,Zeus,ゼウス,Zeus,Zeus,Zeus,Zeus,Зевс,Zeus,宙斯,宙斯,제우스,Zeus,Зевс,Zeus,Zeus
L_WD_ZOMBIE,,Zombie,ゾンビ,Zombie,Zombie,Zombi,Zumbi,Зомби,Zombie,殭屍,僵尸,좀비,Zombie,Зомбі,Zombie,Zombi
L_WD_SHADY_DEALER,,Shady Dealer,怪しい商人,Zwielichtiger Händler,Marchand Louche,Comerciante Sospechoso,Negociante Suspeito,Сомнительный Торговец,Mercante Losco,可疑商人,阴暗商人,수상한 상인,Podejrzany Handlarz,Підозрілий торговець,Duistere Handelaar,Şüpheli Satıcı
L_WD_CHEONGSAM,,Cheongsam,チャイナドレス,Cheongsam,Cheongsam,Cheongsam,Cheongsam,Ципао,Cheongsam,旗袍,旗袍,치파오,Cheongsam,Ципао,Cheongsam,Cheongsam
L_WD_TANGZHUANG,,Tangzhuang,唐装,Tangzhuang,Tangzhuang,Tangzhuang,Tangzhuang,Танчжуан,Tangzhuang,唐裝,唐装,당주앙,Tangzhuang,Танчжуан,Tangzhuang,Tangzhuang
L_WD_CAT_BROWN,,Cat (Brown),ネコ（茶色）,Katze (Braun),Chat (Brun),Gato (Marrón),Gato (Marrom),Кот (Коричневый),Gatto (Marrone),貓（棕色）,猫（棕）,고양이 (갈색),Kot (Brązowy),Кіт (Коричневий),Kat (Bruin),Kedi (Kahverengi)
L_WD_CHICKEN,,Chicken,チキン,Huhn,Poulet,Pollo,Galinha,Курица,Pollo,雞,鸡,닭,Kurczak,Курка,Kip,Tavuk
L_WD_DOG_LABRADOR,,Dog (Labrador Retriever),犬（ラブラドール・レトリーバー）,Hund (Labrador Retriever),Chien (Labrador Retriever),Perro (Labrador Retriever),Cão (Labrador Retriever),Собака (Лабрадор-ретривер),Cane (Labrador Retriever),狗（拉布拉多尋回犬）,狗（拉布拉多寻回犬）,개 (래브라도 리트리버),Pies (Labrador Retriever),Собака (Лабрадор-ретривер),Hond (Labrador Retriever),Köpek (Labrador Retriever)
L_WD_DOG_GOLDEN_RETRIEVER,,Dog (Golden Retriever),犬（ゴールデンレトリバー）,Hund (Golden Retriever),Chien (Golden Retriever),Perro (Golden Retriever),Cão (Golden Retriever),Собака (Золотистый ретривер),Cane (Golden Retriever),狗（黃金獵犬）,狗（金毛寻回犬）,개 (골든 리트리버),Pies (Golden Retriever),Собака (Золотистий ретривер),Hond (Golden Retriever),Köpek (Golden Retriever)
L_WD_HIPPOPOTAMUS,,Hippopotamus,カバ,Nilpferd,Hippopotame,Hipopótamo,Hipopótamo,Бегемот,Ippopotamo,河馬,河马,하마,Hipopotam,Бегемот,Nijlpaard,Hipopotam
L_WD_MONKEY,,Monkey,猿,Affe,Singe,Mono,Macaco,Обезьяна,Scimmia,猴子,猴子,원숭이,Małpa,Мавпа,Aap,Maymun
L_WD_ARCHER,,Archer,アーチャー,Bogenschütze,Archer,Arquero,Arqueiro,Лучник,Arciere,弓箭手,弓箭手,궁수,Łucznik,Лучник,Boogschutter,Okçu
L_WD_ATHLETE_FEMALE,,Athlete (Female),アスリート（女性）,Athletin,Athlète (Femme),Atleta (Femenina),Atleta (Feminino),Спортсменка,Atleta (Donna),女運動員,运动员（女）,여성 운동선수,Sportsmenka,Спортсменка,Atlete,Atlet (Kadın)
L_WD_ATHLETE_MALE,,Athlete (Male),アスリート（男性）,Athlet (Männlich),Athlète (Homme),Atleta (Masculino),Atleta (Masculino),Атлет (Мужчина),Atleta (Maschio),運動員（男性）,运动员（男）,운동선수 (남성),Sportowiec (Mężczyzna),Атлет (Чоловік),Atleet (Man),Atlet (Erkek)
L_WD_BANDIT,,Bandit,山賊,Bandit,Bandit,Bandido,Bandido,Бандит,Bandito,強盜,强盗,도적,Bandyta,Бандит,Bandiet,Haydut
L_WD_BANDIT2,,Bandit 2,山賊2,Bandit 2,Bandit 2,Bandido 2,Bandido 2,Бандит 2,Bandito 2,強盜 2,强盗2,산적 2,Bandyta 2,Бандит 2,Bandiet 2,Haydut 2
L_WD_BARD,,Bard,吟遊詩人,Barde,Barde,Bardo,Bardo,Бард,Bardo,吟遊詩人,吟游诗人,음유시인,Bard,Бард,Bard,Ozan
L_WD_BEAR_BLACK,,Bear (Black),クマ（黒）,Bär (Schwarz),Ours (Noir),Oso (Negro),Urso (Negro),Медведь (Черный),Orso (Nero),黑熊,熊（黑）,곰 (검은색),Niedźwiedź (Czarny),Ведмідь (Чорний),Beer (Zwart),Ayı (Siyah)
L_WD_BEAR_BROWN,,Bear (Brown),熊（茶色）,Bär (Braun),Ours (Brun),Oso (Marrón),Urso (Marrom),Медведь (Бурый),Orso (Marrone),熊（棕色）,熊（棕）,곰 (갈색),Niedźwiedź (Brązowy),Ведмідь (Бурий),Beer (Bruin),Ayı (Kahverengi)
L_WD_BEAR_WHITE,,Bear (White),ベア（白）,Bär (Weiß),Ours (Blanc),Oso (Blanco),Urso (Branco),Медведь (Белый),Orso (Bianco),熊（白色）,熊（白）,곰 (하얀색),Niedźwiedź (Biały),Ведмідь (Білий),Beer (Wit),Ayı (Beyaz)
L_WD_BURGLAR,,Burglar,泥棒,Einbrecher,Cambrioleur,Ladrón,Ladrão,Взломщик,Ladro,竊賊,窃贼,도둑,Włamywacz,Злодій,Inbreker,Hırsız
L_WD_CHRISTMAS_ELF,,Christmas Elf,クリスマスエルフ,Weihnachtself,Lutin de Noël,Elfo de Navidad,Elfo de Natal,Рождественский эльф,Elfo di Natale,聖誕精靈,圣诞精灵,크리스마스 엘프,Świąteczny Elf,Різдвяний Ельф,Kerstelf,Noel Elfi
L_WD_CLOWN,,Clown,ピエロ,Clown,Clown,Payaso,Palhaço,Клоун,Pagliaccio,小丑,丑角,광대,Klaun,Клоун,Clown,Palyaço
L_WD_CRAB,,Crab,カニ,Krabbe,Crabe,Cangrejo,Caranguejo,Краб,Granchio,螃蟹,螃蟹,게,Krab,Краб,Krab,Yengeç
L_WD_DANCER,,Dancer,踊り子,Tänzer,Danseuse,Bailarina,Dançarina,Танцор,Danzatore,舞者,舞者,무용수,Tancerz,Танцівник,Danser,Dansçı
L_WD_FARMER,,Farmer,農夫,Bauer,Fermier,Granjero,Fazendeiro,Фермер,Contadino,農夫,农民,농부,Rolnik,Фермер,Boer,Çiftçi
L_WD_WOMAN_18,,Woman 8,女性8,Frau 8,Femme 8,Mujer 8,Mulher 8,Женщина 8,Donna 8,女人 8,女性8,여자 8,Kobieta 8,Жінка 8,Vrouw 8,Kadın 8
L_WD_WOMAN_19,,Woman 9,女性9,Frau 9,Femme 9,Mujer 9,Mulher 9,Женщина 9,Donna 9,女人 9,女性9,여자 9,Kobieta 9,Жінка 9,Vrouw 9,Kadın 9
L_WD_WOMAN_20,,Woman 10,女性10,Frau 10,Femme 10,Mujer 10,Mulher 10,Женщина 10,Donna 10,女人 10,女性10,여자 10,Kobieta 10,Жінка 10,Vrouw 10,Kadın 10
L_WD_WOMAN_21,,Woman 11,女性11,Frau 11,Femme 11,Mujer 11,Mulher 11,Женщина 11,Donna 11,女人 11,女性11,여자 11,Kobieta 11,Жінка 11,Vrouw 11,Kadın 11
L_WD_WOMAN_22,,Woman 12,女性12,Frau 12,Femme 12,Mujer 12,Mulher 12,Женщина 12,Donna 12,女人 12,女性12,여자 12,Kobieta 12,Жінка 12,Vrouw 12,Kadın 12
L_WD_WOMAN_23,,Woman 13,女性13,Frau 13,Femme 13,Mujer 13,Mulher 13,Женщина 13,Donna 13,女人 13,女性13,여자 13,Kobieta 13,Жінка 13,Vrouw 13,Kadın 13
L_WD_WOMAN_24,,Woman 14,女性14,Frau 14,Femme 14,Mujer 14,Mulher 14,Женщина 14,Donna 14,女人 14,女性14,여자 14,Kobieta 14,Жінка 14,Vrouw 14,Kadın 14
L_WD_WOMAN_25,,Woman 15,女性15,Frau 15,Femme 15,Mujer 15,Mulher 15,Женщина 15,Donna 15,女人 15,女性15,여자 15,Kobieta 15,Жінка 15,Vrouw 15,Kadın 15
L_WD_WOMAN_26,,Woman 16,女性16,Frau 16,Femme 16,Mujer 16,Mulher 16,Женщина 16,Donna 16,女性 16,女性16,여자 16,Kobieta 16,Жінка 16,Vrouw 16,Kadın 16
L_WD_WOMAN_27,,Woman 17,女性17,Frau 17,Femme 17,Mujer 17,Mulher 17,Женщина 17,Donna 17,女性 17,女性17,여자 17,Kobieta 17,Жінка 17,Vrouw 17,Kadın 17
L_WD_FISH_MAN,,Fish Man,フィッシュマン,Fischmann,Homme-Poisson,Hombre Pez,Homem-Peixe,Рыбочеловек,Uomo Pesce,魚人,鱼人,물고기인간,Rybi Człowiek,Рибо-людина,Visman,Balık Adam
L_WD_GARDENER,,Gardener,庭師,Gärtner,Jardinier,Jardinero,Jardineiro,Садовник,Giardiniere,園丁,园丁,정원사,Ogrodnik,Садівник,Tuinier,Bahçıvan
L_WD_GIANT_UGLY_BABY,,"Giant, Ugly Baby",巨大な醜い赤ん坊,"Riesiges, hässliches Baby",Bébé Géant et Hideux,Bebé Gigante y Feo,Bebê Gigante e Feio,"Гигантский, Уродливый Младенец",Bambino Gigante e Brutto,巨大醜陋嬰兒,丑大儿,거대하고 못생긴 아기,"Gigantyczne, Brzydkie Niemowlę","Гігантське, Потворне Немовля","Reusachtige, Lelijke Baby","Dev, Çirkin Bebek"
L_WD_SPIDER,,Spider,クモ,Spinne,Araignée,Araña,Aranha,Паук,Ragno,蜘蛛,蜘蛛,거미,Pająk,Павук,Spin,Örümcek
L_WD_GORILLA,,Gorilla,ゴリラ,Gorilla,Gorille,Gorila,Gorila,Горилла,Gorilla,大猩猩,大猩猩,고릴라,Goryl,Горила,Gorilla,Gorilla
L_WD_HEADLESS_KNIGHT,,Headless Knight,首なし騎士,Kopfloser Ritter,Chevalier sans tête,Caballero sin Cabeza,Cavaleiro Sem Cabeça,Безголовый Рыцарь,Cavaliere Senza Testa,無首騎士,无头骑士,머리 없는 기사,Bezgłowy Rycerz,Безголовий Лицар,Hoofdeloze Ridder,Başsız Şövalye
L_WD_HORSE,,Horse,馬,Pferd,Cheval,Caballo,Cavalo,Лошадь,Cavallo,馬,马,말,Koń,Кінь,Paard,At
L_WD_JACK_O_MAN,,Jack-o-Man,ジャック・オー・マン,Jack-o-Man,Jack-o-Man,Jack-o-Man,Homem-Abóbora,Джек-о-Мэн,Jack-o-Man,南瓜人,杰克南瓜人,잭오맨,Jack-o-Man,Гарбузова Людина,Jack-o-Man,Jack-o-Adam
L_WD_SIRALIM_JESTER,,Siralim Jester,シラリムの道化師,Siralim-Narr,Bouffon de Siralim,Bufón de Siralim,Bobo da Corte de Siralim,Шут Сиралима,Giullare di Siralim,希拉利姆小丑,瑟拉利姆小丑,시랄림 광대,Błazen Siralim,Блазень Сіраліму,Siralim Nar,Siralim Soytarısı
L_WD_LOBSTER,,Lobster,ロブスター,Hummer,Homard,Langosta,Lagosta,Лобстер,Aragosta,龍蝦,龙虾,랍스터,Homar,Омар,Kreeft,Istakoz
L_WD_MAN_18,,Man 8,男8,Mann 8,Homme 8,Hombre 8,Homem 8,Мужчина 8,Uomo 8,男性 8,男性8,남자 8,Mężczyzna 8,Чоловік 8,Man 8,Adam 8
L_WD_MAN_19,,Man 9,男性9,Mann 9,Homme 9,Hombre 9,Homem 9,Мужчина 9,Uomo 9,男性 9,男性9,남자 9,Mężczyzna 9,Чоловік 9,Man 9,Adam 9
L_WD_MAN_20,,Man 10,男 10,Mann 10,Homme 10,Hombre 10,Homem 10,Мужчина 10,Uomo 10,男性 10,男性10,남자 10,Mężczyzna 10,Чоловік 10,Man 10,Adam 10
L_WD_MAN_21,,Man 11,男性11,Mann 11,Homme 11,Hombre 11,Homem 11,Мужчина 11,Uomo 11,男性 11,男性11,남자 11,Mężczyzna 11,Чоловік 11,Man 11,Adam 11
L_WD_MAN_22,,Man 12,男性12,Mann 12,Homme 12,Hombre 12,Homem 12,Мужчина 12,Uomo 12,男性 12,男性12,남자 12,Mężczyzna 12,Чоловік 12,Man 12,Adam 12
L_WD_MAN_23,,Man 13,男13,Mann 13,Homme 13,Hombre 13,Homem 13,Мужчина 13,Uomo 13,男性 13,男性13,남자 13,Mężczyzna 13,Чоловік 13,Man 13,Adam 13
L_WD_MAN_24,,Man 14,男性14,Mann 14,Homme 14,Hombre 14,Homem 14,Мужчина 14,Uomo 14,男性 14,男性14,남자 14,Mężczyzna 14,Чоловік 14,Man 14,Adam 14
L_WD_MAN_25,,Man 15,男性15,Mann 15,Homme 15,Hombre 15,Homem 15,Мужчина 15,Uomo 15,男性 15,男性15,남자 15,Mężczyzna 15,Чоловік 15,Man 15,Adam 15
L_WD_MAN_26,,Man 16,男性16,Mann 16,Homme 16,Hombre 16,Homem 16,Мужчина 16,Uomo 16,男性 16,男性16,남자 16,Mężczyzna 16,Чоловік 16,Man 16,Adam 16
L_WD_MAN_27,,Man 17,男性17,Mann 17,Homme 17,Hombre 17,Homem 17,Мужчина 17,Uomo 17,男性 17,男性17,남자 17,Mężczyzna 17,Чоловік 17,Man 17,Adam 17
L_WD_MIME,,Mime,マイム,Mime,Mime,Mimo,Mímico,Мим,Mimo,啞劇演員,模仿者,마임,Mim,Мім,Mime,Pandomim
L_WD_MOTH_MAN,,Moth Man,モスマン,Mottenmann,Homme Phalène,Hombre Polilla,Homem-Mariposa,Человек-Мотылёк,Uomo Falena,蛾人,蛾人,나방인간,Człowiek Ćma,Людина-Метелик,Motman,Güve Adam
L_WD_PANDA_BEAR,,Panda Bear,パンダ,Pandabär,Panda,Oso Panda,Urso Panda,Панда,Panda,熊貓,熊猫,판다 곰,Miś Panda,Панда,Pandabeer,Panda Ayısı
L_WD_RAT,,Rat,ラット,Ratte,Rat,Rata,Rato,Крыса,Ratto,老鼠,老鼠,쥐,Szczur,Щур,Rat,Sıçan
L_WD_SCARECROW,,Scarecrow,かかし,Vogelscheuche,Épouvantail,Espantapájaros,Espantalho,Пугало,Spaventapasseri,稻草人,稻草人,허수아비,Strach na wróble,Опудало,Vogelverschrikker,Korkuluk
L_WD_SURFER,,Surfer,サーファー,Surfer,Surfeur,Surfista,Surfista,Сёрфер,Surfista,衝浪者,冲浪者,서퍼,Surfer,Серфер,Surfer,Sörfçü
L_WD_RHINOCEROUS,,Rhinocerous,サイ,Nashorn,Rhinocéros,Rinoceronte,Rinoceronte,Носорог,Rinoceronte,犀牛,犀牛,코뿔소,Nosorożec,Носоріг,Neushoorn,Gergedan
L_WD_TIGER,,Tiger,虎,Tiger,Tigre,Tigre,Tigre,Тигр,Tigre,虎,虎,호랑이,Tygrys,Тигр,Tijger,Kaplan
L_WD_WOLF,,Wolf,オオカミ,Wolf,Loup,Lobo,Lobo,Волк,Lupo,狼,狼,늑대,Wilk,Вовк,Wolf,Kurt
L_WD_MONK_TIER_1,,Monk (Tier 1),モンク（第1階級）,Mönch (Stufe 1),Moine (Niveau 1),Monje (Nivel 1),Monge (Nível 1),Монах (Уровень 1),Monaco (Livello 1),武僧（第一階）,武僧（阶级1）,승려 (티어 1),Mnich (Poziom 1),Монах (Рівень 1),Monnik (Niveau 1),Keşiş (Kademe 1)
L_WD_ANIMATOR_TIER_1,,Animator (Tier 1),アニメーター（ランク1）,Animator (Stufe 1),Animateur (Niveau 1),Animador (Nivel 1),Animador (Nível 1),Аниматор (Уровень 1),Animatore (Livello 1),動畫師（第一級）,塑灵师（阶级1）,애니메이터 (1티어),Animator (Poziom 1),Аніматор (Рівень 1),Animator (Niveau 1),Animatör (Kademe 1)
L_WD_TRICKSTER_TIER_1,,Trickster (Tier 1),トリックスター（第1段階）,Trickster (Stufe 1),Filou (Rang 1),Embaucador (Nivel 1),Trapaceiro (Nível 1),Трикстер (Уровень 1),Imbroglione (Livello 1),詭術師（第1階）,诡术师（阶级1）,속임수 전문가 (1단계),Oszust (Poziom 1),Трикстер (Рівень 1),Bedrieger (Niveau 1),Düzenbaz (Kademe 1)
L_WD_HELL_KNIGHT_TIER_1,,Hell Knight (Tier 1),ヘルナイト（第1階級）,Höllenritter (Stufe 1),Chevalier des Enfers (Rang 1),Caballero Infernal (Nivel 1),Cavaleiro Infernal (Nível 1),Рыцарь Ада (Уровень 1),Cavaliere Infernale (Livello 1),地獄騎士（第1階）,地狱骑士（阶级1）,지옥 기사 (1티어),Rycerz Piekieł (Poziom 1),Лицар Пекла (Рівень 1),Helleridder (Niveau 1),Cehennem Şövalyesi (Kademe 1)
L_WD_REAVER_TIER_1,,Reaver (Tier 1),リーヴァー（第1段階）,Plünderer (Stufe 1),Faucheur (Rang 1),Segador (Nivel 1),Ceifador (Nível 1),Разоритель (Уровень 1),Predatore (Livello 1),掠奪者（第1階）,掠夺者（阶级1）,약탈자 (1티어),Grabieżca (Poziom 1),Жнець (Рівень 1),Plunderaar (Niveau 1),Yağmacı (Kademe 1)
L_WD_INQUISITOR_TIER_1,,Inquisitor (Tier 1),審問官（第1階級）,Inquisitor (Stufe 1),Inquisiteur (Rang 1),Inquisidor (Nivel 1),Inquisidor (Nível 1),Инквизитор (Уровень 1),Inquisitore (Livello 1),審判官（第1階）,审判官（阶级1）,심문관 (티어 1),Inkwizytor (Poziom 1),Інквізитор (Рівень 1),Inquisiteur (Niveau 1),Sorgucu (Kademe 1)
L_WD_CLERIC_TIER_1,,Cleric (Tier 1),クレリック（第1階級）,Kleriker (Stufe 1),Clerc (Niveau 1),Clérigo (Nivel 1),Clérigo (Nível 1),Жрец (Уровень 1),Chierico (Livello 1),牧師（第1階）,牧师（阶级1）,성직자 (1티어),Kleryk (Poziom 1),Клірик (Рівень 1),Geestelijke (Niveau 1),Rahip (Kademe 1)
L_WD_DEFILER_TIER_1,,Defiler (Tier 1),汚染者（第1段階）,Schänder (Stufe 1),Profanateur (Niveau 1),Profanador (Nivel 1),Profanador (Nível 1),Осквернитель (Уровень 1),Profanatore (Livello 1),褻瀆者（第1階）,亵渎者（阶级1）,모독자 (1티어),Plugawiciel (Poziom 1),Осквернитель (Рівень 1),Bezoedelaar (Niveau 1),Kirletici (Kademe 1)
L_WD_PALADIN_TIER_1,,Paladin (Tier 1),パラディン（第1階級）,Paladin (Stufe 1),Paladin (Rang 1),Paladín (Nivel 1),Paladino (Nível 1),Паладин (Уровень 1),Paladino (Livello 1),聖騎士（第1階）,圣骑士（阶级1）,팔라딘 (티어 1),Paladyn (Poziom 1),Паладин (Рівень 1),Paladijn (Niveau 1),Şövalye (Kademe 1)
L_WD_DRUID_TIER_1,,Druid (Tier 1),ドルイド（第1階級）,Druide (Stufe 1),Druide (Niveau 1),Druida (Nivel 1),Druida (Nível 1),Друид (Уровень 1),Druido (Livello 1),德魯伊（第一階）,德鲁伊（阶级1）,드루이드 (1티어),Druid (Poziom 1),Друїд (Рівень 1),Druïde (Tier 1),Druid (Kademe 1)
L_WD_TRIBALIST_TIER_1,,Tribalist (Tier 1),トライバリスト（第1段階）,Stammesangehöriger (Stufe 1),Tribaliste (Niveau 1),Tribalista (Nivel 1),Tribalista (Nível 1),Племенной (Уровень 1),Tribalista (Livello 1),部落主義者（第1階）,部落使者（阶级1）,부족주의자 (1단계),Plemiennik (Poziom 1),Трайбаліст (Рівень 1),Stammenkenner (Niveau 1),Kabileci (Kademe 1)
L_WD_SORCERER_TIER_1,,Sorcerer (Tier 1),ソーサラー（第1階級）,Zauberer (Stufe 1),Sorcier (Niveau 1),Hechicero (Nivel 1),Feiticeiro (Nível 1),Чародей (Уровень 1),Stregone (Livello 1),術士（第1階）,术士（阶级1）,마법사 (1티어),Czarodziej (Poziom 1),Чаклун (Рівень 1),Tovenaar (Niveau 1),Büyücü (Kademe 1)
L_WD_CABALIST_TIER_1,,Cabalist (Tier 1),カバリスト（第1階級）,Kabalist (Stufe 1),Cabaliste (Niveau 1),Cabalista (Nivel 1),Cabalista (Nível 1),Кабалист (Уровень 1),Cabalista (Livello 1),秘術師（第1階）,秘术师（阶级1）,비술사 (1티어),Kabalista (Poziom 1),Кабаліст (Рівень 1),Cabalist (Niveau 1),Büyücü (Kademe 1)
L_WD_EVOKER_TIER_1,,Evoker (Tier 1),エヴォーカー（第1段階）,Beschwörer (Stufe 1),Évocateur (Rang 1),Evocador (Nivel 1),Evocador (Nível 1),Призыватель (Уровень 1),Evocatore (Livello 1),喚魔師（第1階）,塑能师（阶级1）,환기사 (1티어),Przywoływacz (Poziom 1),Заклинач (Рівень 1),Oproeper (Niveau 1),Çağırıcı (Kademe 1)
L_WD_NECROMANCER_TIER_1,,Necromancer (Tier 1),ネクロマンサー（第1階級）,Nekromant (Stufe 1),Nécromancien (Rang 1),Nigromante (Nivel 1),Necromante (Nível 1),Некромант (Уровень 1),Negromante (Livello 1),死靈法師（第1階）,死灵法师（阶级1）,사령술사 (1티어),Nekromanta (Poziom 1),Некромант (Рівень 1),Necromancer (Niveau 1),Nekromanser (Kademe 1)
L_WD_EVERETT,,Everett,エベレット,Everett,Everett,Everett,Everett,Эверетт,Everett,艾弗雷特,埃弗雷特,에버렛,Everett,Еверетт,Everett,Everett
L_WD_CALIBAN,,Caliban,カリバン,Caliban,Caliban,Caliban,Caliban,Калибан,Caliban,卡利班,卡利班,칼리반,Caliban,Каліба́н,Caliban,Caliban
L_WD_TRICKSTER_ALTERNATE,,Trickster (Alternate),トリックスター（代替）,Trickster (Alternativ),Filou (Alternative),Embaucador (Alternativo),Trapaceiro (Alternativo),Трикстер (Альтернативный),Imbroglione (Alternativo),詭術師（替代）,诡术师（变体）,트릭스터 (대체),Oszust (Alternatywny),Трикстер (Альтернативний),Bedrieger (Alternatief),Düzenbaz (Alternatif)
L_WD_HELL_KNIGHT_ALTERNATE,,Hell Knight (Alternate),ヘルナイト（代替）,Höllenritter (Alternativ),Chevalier des Enfers (Alternatif),Caballero Infernal (Alternativo),Cavaleiro Infernal (Alternativo),Рыцарь Ада (Альтернативный),Cavaliere Infernale (Alternativo),地獄騎士（替代）,地狱骑士（变体）,지옥 기사 (대체),Rycerz Piekieł (Alternatywny),Пекельний Лицар (Альтернативний),Helleridder (Alternatief),Cehennem Şövalyesi (Alternatif)
L_WD_REAVER_ALTERNATE,,Reaver (Alternate),リーヴァー（オルタネイト）,Schlächter (Alternativ),Faucheur (Alternatif),Segador (Alternativo),Ceifador (Alternativo),Жнец (Альтернативный),Mietitore (Alternativo),掠奪者（替代）,掠夺者（变体）,약탈자 (대체),Łupieżca (Alternatywny),Жнець (Альтернативний),Plunderaar (Alternatief),Biçici (Alternatif)
L_WD_INQUISITOR_ALTERNATE,,Inquisitor (Alternate),審問官（オルタネイト）,Inquisitor (Alternativ),Inquisiteur (Alternative),Inquisidor (Alternativo),Inquisidor (Alternativo),Инквизитор (Альтернативный),Inquisitore (Alternativo),審判官（替代）,审判官（变体）,심문관 (대체),Inkwizytor (Alternatywny),Інквізитор (Альтернативний),Inquisiteur (Alternatief),Sorgucu (Alternatif)
L_WD_CLERIC_ALTERNATE,,Cleric (Alternate),クレリック（代替）,Kleriker (Alternativ),Clerc (Alternative),Clérigo (Alternativo),Clérigo (Alternativo),Жрец (Альтернативный),Chierico (Alternativo),牧師（替代）,牧师（变体）,성직자 (대체),Kleryk (Alternatywny),Клірик (Альтернативний),Geestelijke (Alternatief),Rahip (Alternatif)
L_WD_DEFILER_ALTERNATE,,Defiler (Alternate),穢し手（別バージョン）,Schänder (Alternativ),Profanateur (Alternative),Profanador (Alternativo),Profanador (Alternativo),Осквернитель (Альтернативный),Profanatore (Alternativo),褻瀆者（替代）,亵渎者（变体）,모독자 (대체),Plugawiciel (Alternatywny),Осквернитель (Альтернативний),Bezoedelaar (Alternatief),Kirletici (Alternatif)
L_WD_PALADIN_ALTERNATE,,Paladin (Alternate),パラディン（代替）,Paladin (Alternativ),Paladin (Alternative),Paladín (Alternativo),Paladino (Alternativo),Паладин (Альтернативный),Paladino (Alternativo),聖騎士（替代）,圣骑士（变体）,성기사 (대체),Paladyn (Alternatywny),Паладин (Альтернативний),Paladijn (Alternatief),Paladin (Alternatif)
L_WD_DRUID_ALTERNATE,,Druid (Alternate),ドルイド（代替）,Druide (Alternativ),Druide (Alternative),Druida (Alternativo),Druida (Alternativo),Друид (Альтернативный),Druido (Alternativo),德魯伊（替代）,德鲁伊（变体）,드루이드 (대체),Druid (Alternatywny),Друїд (Альтернативний),Druïde (Alternatief),Druid (Alternatif)
L_WD_TRIBALIST_ALTERNATE,,Tribalist (Alternate),トライバリスト（オルタネイト）,Stammesangehöriger (Alternativ),Tribaliste (Alternative),Tribalista (Alternativo),Tribalista (Alternativo),Племенной (Альтернативный),Tribalista (Alternativo),部落主義者（替代）,部落使者（变体）,부족주의자 (대체),Plemiennik (Alternatywny),Трайбаліст (Альтернативний),Stammenleider (Alternatief),Kabileci (Alternatif)
L_WD_SORCERER_ALTERNATE,,Sorcerer (Alternate),ソーサラー（代替）,Hexenmeister (Alternativ),Ensorceleur (Alternatif),Hechicero (Alternativo),Feiticeiro (Alternativo),Чародей (Альтернативный),Stregone (Alternativo),巫師（替代）,术士（变体）,마법사 (대체),Czarodziej (Alternatywny),Чародій (Альтернативний),Tovenaar (Alternatief),Büyücü (Alternatif)
L_WD_CABALIST_ALTERNATE,,Cabalist (Alternate),カバリスト（代替）,Kabalist (Alternativ),Cabaliste (Alternative),Cabalista (Alternativo),Cabalista (Alternativo),Кабалист (Альтернативный),Cabalista (Alternativo),秘術師（替代）,秘术师（变体）,비술사 (대체),Kabalista (Alternatywny),Кабаліст (Альтернативний),Cabalist (Alternatief),Kabalist (Alternatif)
L_WD_EVOKER_ALTERNATE,,Evoker (Alternate),エヴォーカー（代替）,Beschwörer (Alternativ),Évocateur (Alternatif),Evocador (Alternativo),Evocador (Alternativo),Призыватель (Альтернативный),Evocatore (Alternativo),喚魔師（替代）,塑能师（变体）,환기사 (대체),Przywoływacz (Alternatywny),Заклинач (Альтернативний),Oproeper (Alternatief),Çağırıcı (Alternatif)
L_WD_NECROMANCER_ALTERNATE,,Necromancer (Alternate),ネクロマンサー（代替）,Nekromant (Alternativ),Nécromancien (Alternative),Nigromante (Alternativo),Necromante (Alternativo),Некромант (Альтернативный),Negromante (Alternativo),死靈法師（替代）,死灵法师（变体）,사령술사 (대체),Nekromanta (Alternatywny),Некромант (Альтернативний),Necromancer (Alternatief),Nekromancer (Alternatif)
L_WD_MONK_ALTERNATE,,Monk (Alternate),モンク（代替）,Mönch (Alternativ),Moine (Alternatif),Monje (Alternativo),Monge (Alternativo),Монах (Альтернативный),Monaco (Alternativo),武僧（替代）,武僧（变体）,수도승 (대체),Mnich (Alternatywny),Монах (Альтернативний),Monnik (Alternatief),Keşiş (Alternatif)
L_WD_AURUM,,Aurum,オーラム,Aurum,Aurum,Aurum,Aurum,Аурум,Aurum,黃金,奥鲁姆,아우룸,Aurum,Аурум,Aurum,Altın
L_WD_APOCRANOX,,Apocranox,アポクラノックス,Apocranox,Apocranox,Apocranox,Apocranox,Апокранокс,Apocranox,啟示錄諾克斯,阿波克拉诺,아포크라녹스,Apocranox,Апокранокс,Apocranox,Apocranox
L_WD_VENEDON,,Venedon,ヴェネドン,Venedon,Venedon,Venedon,Venedon,Венедон,Venedon,維尼頓,维内多,베네돈,Venedon,Венедон,Venedon,Venedon
L_WD_TENEBRIS,,Tenebris,テネブリス,Tenebris,Tenebris,Tenebris,Tenebris,Тенебрис,Tenebris,闇黑,特内布里斯,테네브리스,Tenebris,Тенебріс,Tenebris,Tenebris
L_WD_PERDITION,,Perdition,破滅,Verdammnis,Perdition,Perdición,Perdição,Погибель,Perdizione,滅亡,珀迪森,멸망,Zatracenie,Загибель,Verdoemenis,Cehennem
L_WD_MORTEM,,Mortem,モルテム,Mortem,Mortem,Mortem,Mortem,Мортем,Mortem,莫特姆,莫特姆,모르템,Mortem,Мортем,Mortem,Mortem
L_WD_MASTER_DENIZEN,,Master of Denizens,住民の主,Meister der Bewohner,Maître des Habitants,Maestro de Moradores,Mestre dos Habitantes,Повелитель Обитателей,Signore dei Residenti,居民之主,海民大师,주민의 지배자,Władca Mieszkańców,Володар Мешканців,Meester der Bewoners,Yaratıkların Efendisi
L_WD_MASTER_OF_ABOMINATIONS,,Master of Abominations,異形の支配者,Meister der Abscheulichkeiten,Maître des Abominations,Maestro de Abominaciones,Mestre das Abominações,Повелитель Мерзостей,Maestro delle Abominazioni,惡魔之主,憎恶大师,혐오물의 지배자,Władca Plugastw,Володар Мерзот,Meester der Gruwelen,Ucubelerin Efendisi
L_WD_MASTER_OF_ALEMENTALS,,Master of Alementals,マスター・オブ・アレメンタルズ,Meister der Alementale,Maître des Alémentaux,Maestro de Alementales,Mestre dos Alementais,Повелитель Элементалей,Maestro degli Alementali,元素精靈大師,酒灵大师,원소의 지배자,Mistrz Żywiołów,Володар Алементалів,Meester der Elementen,Elementlerin Ustası
L_WD_MASTER_OF_AMARANTHS,,Master of Amaranths,アマランスの達人,Meister der Amaranthe,Maître des Amarantes,Maestro de Amarantos,Mestre dos Amarantos,Мастер Амарантов,Maestro degli Amaranti,紫莧花大師,长生花大师,아마란스의 대가,Mistrz Amarantów,Майстер Амарантів,Meester van Amaranten,Amarant Ustası
L_WD_MASTER_OF_AMPHISBAENAS,,Master of Amphisbaenas,双頭蛇の達人,Meister der Amphisbänen,Maître des Amphisbènes,Maestro de Anfisbenas,Mestre das Anfisbenas,Повелитель Амфисбен,Maestro delle Anfisbene,雙頭蛇之主,双头蛇大师,양두룡의 지배자,Mistrz Amfisben,Володар Амфісбен,Meester van Amphisbaenas,Amfisbaena Ustası
L_WD_MASTER_OF_ANGELS,,Master of Angels,天使の主,Meister der Engel,Maître des Anges,Maestro de Ángeles,Mestre dos Anjos,Повелитель Ангелов,Maestro degli Angeli,天使大師,天使大师,천사의 지배자,Mistrz Aniołów,Володар Ангелів,Meester van Engelen,Meleklerin Efendisi
L_WD_MASTER_OF_APISES,,Master of Apises,アピスの達人,Meister der Apises,Maître des Apises,Maestro de Apises,Mestre dos Apises,Повелитель Аписов,Maestro delle Api,蜂王大師,阿匹斯大师,아피시스의 대가,Mistrz Apisów,Майстер Апісів,Meester van Apises,Apislerin Ustası
L_WD_MASTER_OF_APOCALYPSES,,Master of Apocalypses,黙示録の主,Meister der Apokalypsen,Maître des Apocalypses,Maestro de Apocalipsis,Mestre dos Apocalipses,Повелитель Апокалипсисов,Maestro degli Apocalissi,啟示錄大師,末日兽大师,종말의 지배자,Mistrz Apokalips,Володар Апокаліпсисів,Meester van Apocalypsen,Kıyametlerin Efendisi
L_WD_MASTER_OF_ARACHNILISKS,,Master of Arachnilisks,アラクニリスクの達人,Meister der Arachnilisken,Maître des Arachnilisques,Maestro de Aracniliscos,Mestre dos Aracniliscos,Повелитель Арахнилисков,Maestro degli Aracnilischi,蛛魔大師,蛛魔大师,거미괴물의 지배자,Mistrz Arachnilisków,Володар Арахнілісків,Meester van Arachnilisken,Örümceksiliklerin Ustası
L_WD_MASTER_OF_ASPECTS,,Master of Aspects,アスペクトの達人,Meister der Aspekte,Maître des Aspects,Maestro de Aspectos,Mestre dos Aspectos,Мастер Аспектов,Maestro degli Aspetti,諸相大師,具像大师,상의 대가,Mistrz Aspektów,Майстер Аспектів,Meester van Aspecten,Yönlerin Ustası
L_WD_MASTER_OF_ASURAS,,Master of Asuras,阿修羅の主,Meister der Asuras,Maître des Asuras,Maestro de Asuras,Mestre dos Asuras,Повелитель Асур,Signore degli Asura,阿修羅大師,阿修罗大师,아수라의 주인,Mistrz Asurów,Володар Асур,Meester der Asura's,Asuraların Efendisi
L_WD_MASTER_OF_AUTOMATONS,,Master of Automatons,オートマトンの達人,Meister der Automaten,Maître des Automates,Maestro de Autómatas,Mestre dos Autômatos,Повелитель Автоматонов,Maestro degli Automi,自動機械大師,自动机大师,자동인형의 명인,Mistrz Automatonów,Майстер Автоматонів,Meester der Automaten,Otomatların Ustası
L_WD_MASTER_OF_BANSHEES,,Master of Banshees,バンシーの達人,Meister der Banshees,Maître des Banshees,Maestro de Banshees,Mestre dos Banshees,Повелитель Баньши,Maestro delle Banshee,女妖之主,报丧女妖大师,밴시의 지배자,Władca Banshee,Володар Банші,Meester der Banshees,Banshee Ustası
L_WD_MASTER_OF_BARDS,,Master of Bards,吟遊詩人の達人,Meister der Barden,Maître des Bardes,Maestro de Bardos,Mestre dos Bardos,Мастер Бардов,Maestro dei Bardi,吟遊詩人大師,吟游诗人大师,음유시인의 대가,Mistrz Bardów,Майстер Бардів,Meester der Barden,Ozanların Ustası
L_WD_MASTER_OF_BASILISKS,,Master of Basilisks,バジリスクの達人,Meister der Basilisken,Maître des Basilics,Maestro de Basiliscos,Mestre dos Basiliscos,Повелитель Василисков,Maestro dei Basilischi,蛇怪大師,蛇怪大师,바실리스크의 지배자,Mistrz Bazyliszków,Володар Василісків,Meester der Basilisken,Bazilisk Ustası
L_WD_MASTER_OF_BATS,,Master of Bats,コウモリの達人,Meister der Fledermäuse,Maître des Chauves-souris,Maestro de Murciélagos,Mestre dos Morcegos,Повелитель Летучих Мышей,Maestro dei Pipistrelli,蝙蝠大師,蝙蝠大师,박쥐의 지배자,Władca Nietoperzy,Володар кажанів,Meester der Vleermuizen,Yarasalar Ustası
L_WD_MASTER_OF_OSSEINS,,Master of Osseins,骨術師,Meister der Gebeine,Maître des Osseins,Maestro de Osseins,Mestre dos Ossos,Повелитель Костей,Maestro delle Ossa,骨骼大師,骨魔大师,뼈의 대가,Mistrz Kości,Майстер Кісток,Meester van Osseins,Kemik Ustası
L_WD_MASTER_OF_BROWNIES,,Master of Brownies,ブラウニーの達人,Meister der Brownies,Maître des Brownies,Maestro de Brownies,Mestre dos Brownies,Повелитель Брауни,Maestro dei Brownies,布朗尼大師,棕仙大师,브라우니의 명인,Mistrz Skrzatów,Майстер Брауні,Meester van de Brownies,Çörek Ustası
L_WD_MASTER_OF_CARBUNCLES,,Master of Carbuncles,カーバンクルの達人,Meister der Karfunkel,Maître des Carbuncles,Maestro de Carbúnculos,Mestre dos Carbúnculos,Повелитель Карбункулов,Maestro dei Carbuncoli,石榴石大師,宝玉兔大师,카벙클의 명인,Mistrz Karbunkułów,Володар Карбункулів,Meester van Karbonkels,Karbonkül Ustası
L_WD_MASTER_OF_CARNAGES,,Master of Carnages,殺戮の達人,Meister der Gemetzel,Maître des Carnages,Maestro de Carnicerías,Mestre dos Carnificinas,Повелитель Кровопролитий,Maestro dei Massacri,屠殺大師,屠戮者大师,학살의 대가,Mistrz Rzezi,Володар Різанини,Meester van Slachtingen,Katliam Ustası
L_WD_MASTER_OF_CARVERS,,Master of Carvers,彫刻師の達人,Meister der Schnitzer,Maître des Sculpteurs,Maestro de Talladores,Mestre dos Entalhadores,Мастер Резчиков,Maestro degli Intagliatori,雕刻大師,切割者大师,조각가의 대가,Mistrz Rzeźbiarzy,Майстер Різьбярів,Meester van Houtsnijders,Oymacıların Ustası
L_WD_MASTER_OF_CENTAURS,,Master of Centaurs,ケンタウロスの主,Meister der Zentauren,Maître des Centaures,Maestro de Centauros,Mestre dos Centauros,Повелитель Кентавров,Maestro dei Centauri,半人馬統領,半人马大师,켄타우로스의 지배자,Władca Centaurów,Володар Кентаврів,Meester der Centauren,Sentorların Efendisi
L_WD_MASTER_OF_CERBERUSES,,Master of Cerberuses,ケルベロスの達人,Meister der Kerberosse,Maître des Cerbères,Maestro de Cerberos,Mestre dos Cérberos,Повелитель Церберов,Maestro dei Cerberi,地獄犬大師,地狱三头犬大师,케르베로스의 지배자,Władca Cerberów,Володар Церберів,Meester van Cerberussen,Kerberos Ustası
L_WD_MASTER_OF_CLUTCHERS,,Master of Clutchers,クラッチャーの達人,Meister der Greifer,Maître des Agrippeurs,Maestro de Aferradores,Mestre dos Agarradores,Повелитель Хвататей,Maestro dei Ghermitori,緊握大師,捕手大师,집게 마스터,Mistrz Chwytaczy,Володар Хапунів,Meester der Grijpers,Kavrayıcıların Ustası
L_WD_MASTER_OF_COCKATRICES,,Master of Cockatrices,コカトリスの達人,Meister der Basilisken,Maître des Cocatrix,Maestro de Cocatrices,Mestre dos Cocatrizes,Повелитель Василисков,Maestro dei Basilischi,雞蛇獸大師,鸡蛇大师,코카트리스의 지배자,Władca Bazyliszków,Володар Кокатрисів,Meester der Basilisken,Horoz Basilisklerinin Efendisi
L_WD_MASTER_OF_CONCOCTIONS,,Master of Concoctions,調合の達人,Meister der Gebräue,Maître des Concoctions,Maestro de Brebajes,Mestre das Misturas,Мастер Зелий,Maestro delle Pozioni,調製大師,混合体大师,조합의 대가,Mistrz Wywarów,Майстер Зіллєваріння,Meester der Brouwsels,İksir Ustası
L_WD_MASTER_OF_CRUNCHERS,,Master of Crunchers,クランチャーの達人,Meister der Knirscher,Maître des Broyeurs,Maestro de Trituradores,Mestre dos Trituradores,Мастер Крушителей,Maestro dei Maciullatori,粉碎大師,粉碎者大师,크런처의 달인,Mistrz Chrupaczów,Майстер Хрустиків,Meester van Verpletteraars,Ezicilerin Ustası
L_WD_MASTER_OF_CONSTRUCTS,,Master of Constructs,構造体の達人,Meister der Konstrukte,Maître des Constructions,Maestro de Constructos,Mestre de Constructos,Мастер Конструктов,Maestro dei Costrutti,構裝大師,构造体大师,구조물의 대가,Mistrz Konstruktów,Майстер Конструктів,Meester der Constructen,Yapıların Ustası
L_WD_MASTER_OF_CRUSADERS,,Master of Crusaders,クルセイダーの達人,Meister der Kreuzritter,Maître des Croisés,Maestro de Cruzados,Mestre dos Cruzados,Мастер Крестоносцев,Maestro dei Crociati,十字軍大師,圣斗士大师,성기사단의 지배자,Mistrz Krzyżowców,Магістр Хрестоносців,Meester der Kruisvaarders,Haçlı Şövalyeleri Ustası
L_WD_MASTER_OF_DEMIGODS,,Master of Demigods,半神の主,Meister der Halbgötter,Maître des Demi-dieux,Maestro de Semidioses,Mestre dos Semideuses,Повелитель Полубогов,Maestro dei Semidei,半神之主,半神大师,반신의 지배자,Mistrz Półbogów,Володар Напівбогів,Meester van Halfgoden,Yarı Tanrıların Efendisi
L_WD_MASTER_OF_DEVILS,,Master of Devils,悪魔の主,Meister der Teufel,Maître des Démons,Maestro de Demonios,Mestre dos Demônios,Повелитель Дьяволов,Maestro dei Diavoli,魔鬼大師,魔鬼大师,악마의 지배자,Mistrz Diabłów,Володар Дияволів,Meester der Duivels,Şeytanların Efendisi
L_WD_MASTER_OF_DIABOLIC_HORDE,,Master of Diabolic Horde,悪魔の大群の主,Meister der teuflischen Horde,Maître de la Horde Diabolique,Maestro de la Horda Diabólica,Mestre da Horda Diabólica,Повелитель Дьявольской Орды,Signore dell'Orda Diabolica,魔族大軍統帥,恶魔军团大师,악마의 무리의 지배자,Władca Diabolicznej Hordy,Володар Диявольської Орди,Meester van de Duivelse Horde,Şeytani Sürünün Efendisi
L_WD_MASTER_OF_DJINNS,,Master of Djinns,魔霊の主,Meister der Dschinns,Maître des Djinns,Maestro de Djinns,Mestre dos Djinns,Повелитель Джиннов,Maestro dei Djinn,神靈主宰,灯灵大师,정령의 주인,Mistrz Dżinów,Володар Джинів,Meester van Djinns,Cin Ustası
L_WD_MASTER_OF_DOOM_FORTRESSES,,Master of Doom Fortresses,破滅の要塞の主,Meister der Unheilsfestungen,Maître des Forteresses du Destin,Maestro de Fortalezas de la Perdición,Mestre das Fortalezas da Perdição,Повелитель Крепостей Рока,Signore delle Fortezze del Fato,毀滅堡壘大師,末日要塞大师,파멸의 요새 지배자,Mistrz Fortec Zagłady,Володар Фортець Загибелі,Meester van Doemvestingen,Kıyamet Kalelerinin Efendisi
L_WD_MASTER_OF_DOOMGUARDS,,Master of Doomguards,ドゥームガードの達人,Meister der Schicksalswächter,Maître des Gardes Funestes,Maestro de Guardianes de la Perdición,Mestre dos Guardas da Ruína,Повелитель Стражей Рока,Maestro delle Guardie Infernali,毀滅守衛大師,末日守卫大师,둠가드의 지배자,Mistrz Strażników Zagłady,Володар Вартових Загибелі,Meester van Doemwachters,Kıyamet Muhafızlarının Efendisi
L_WD_MASTER_OF_DRAGONS,,Master of Dragons,ドラゴンマスター,Drachenmeister,Maître des Dragons,Maestro de Dragones,Mestre dos Dragões,Повелитель Драконов,Maestro dei Draghi,龍之大師,龙之大师,드래곤 마스터,Mistrz Smoków,Повелитель Драконів,Meester der Draken,Ejderhaların Efendisi
L_WD_MASTER_OF_DRYADS,,Master of Dryads,ドライアドの主,Meister der Dryaden,Maître des Dryades,Maestro de las Dríadas,Mestre das Dríades,Повелитель Дриад,Maestro delle Driadi,森靈主宰,树妖大师,드라이어드의 지배자,Mistrz Driad,Володар Дріад,Meester van de Bosnimfen,Dryad Ustası
L_WD_MASTER_OF_DUMPLINGS,,Master of Dumplings,餃子の達人,Meister der Knödel,Maître des Raviolis,Maestro de Dumplings,Mestre dos Bolinhos,Мастер Пельменей,Maestro dei Ravioli,餃子大師,团子大师,만두의 달인,Mistrz Pierogów,Майстер Пельменів,Meester van Knoedels,Mantı Ustası
L_WD_MASTER_OF_EFREETS,,Master of Efreets,イフリートの達人,Meister der Ifrits,Maître des Éfrits,Maestro de Efreets,Mestre dos Efrits,Повелитель Ифритов,Signore degli Efreet,火精靈大師,火怪大师,이프리트의 지배자,Władca Efreetów,Володар Іфритів,Meester van Efreets,Efrit Ustası
L_WD_MASTER_OF_EFTS,,Master of Efts,エフトの達人,Meister der Molche,Maître des Tritons,Maestro de Tritones,Mestre dos Salamandros,Повелитель Тритонов,Maestro degli Efti,小蠑螈大師,幼蝾大师,도마뱀 마스터,Mistrz Jaszczurek,Майстер Ефтів,Meester der Salamanders,Semenderlerin Ustası
L_WD_MASTER_OF_ELVES,,Master of Elves,エルフの達人,Meister der Elfen,Maître des Elfes,Maestro de Elfos,Mestre dos Elfos,Повелитель эльфов,Maestro degli Elfi,精靈大師,精灵大师,엘프의 지배자,Mistrz Elfów,Володар Ельфів,Meester van Elfen,Elflerin Efendisi
L_WD_MASTER_OF_ENTS,,Master of Ents,エントの主,Meister der Ents,Maître des Ents,Maestro de los Ents,Mestre dos Ents,Повелитель Энтов,Signore degli Ent,樹人之主,树精大师,엔트의 지배자,Władca Entów,Володар Ентів,Meester der Enten,Entlerin Efendisi
L_WD_MASTER_OF_FAMILIARS,,Master of Familiars,使い魔の達人,Meister der Vertrauten,Maître des Familiers,Maestro de Familiares,Mestre dos Familiares,Повелитель фамильяров,Maestro dei Famigli,使魔大師,使魔大师,사역마 마스터,Mistrz Chowańców,Володар Фаміліарів,Meester van Familiars,Yaratık Ustası
L_WD_MASTER_OF_FIENDS,,Master of Fiends,魔物の主,Meister der Dämonen,Maître des Démons,Maestro de Demonios,Mestre dos Demônios,Повелитель Демонов,Signore dei Demoni,魔物大師,恶鬼大师,마물의 지배자,Władca Pomiotów,Володар Демонів,Meester der Duivels,Şeytanların Efendisi
L_WD_MASTER_OF_FORSAKENS,,Master of Forsakens,見捨てられし者の主,Meister der Verstoßenen,Maître des Délaissés,Maestro de los Abandonados,Mestre dos Abandonados,Повелитель Отверженных,Maestro dei Reietti,遺棄者大師,流亡者大师,버림받은 자들의 지배자,Mistrz Opuszczonych,Володар Знедолених,Meester der Verlatenen,Terkedilmişlerin Efendisi
L_WD_MASTER_OF_GARGANTUANS,,Master of Gargantuans,ガーガンチュアンの達人,Meister der Giganten,Maître des Gargantuesques,Maestro de Gargantúas,Mestre dos Gargantuas,Повелитель Исполинов,Maestro dei Gargantuani,巨獸大師,巨像大师,거대 괴수의 지배자,Władca Gigantów,Володар Гаргантюанів,Meester van Kolossen,Devlerin Efendisi
L_WD_MASTER_OF_GARGOYLES,,Master of Gargoyles,ガーゴイルの達人,Meister der Gargoyles,Maître des Gargouilles,Maestro de Gárgolas,Mestre das Gárgulas,Повелитель Горгулий,Maestro dei Gargoyle,石像鬼大師,滴水兽大师,가고일의 지배자,Władca Gargulców,Володар Гаргулій,Meester der Waterspuwers,Gargoyle Ustası
L_WD_MASTER_OF_GEMLINGS,,Master of Gemlings,ジェムリングの達人,Meister der Edelsteinlinge,Maître des Gemlings,Maestro de Gemlings,Mestre dos Geminhos,Повелитель Самоцветов,Maestro dei Gemling,寶石獸大師,宝石灵大师,젬링의 마스터,Mistrz Klejniaków,Майстер Самоцвітів,Meester van Gemlingen,Cevherciklerin Ustası
L_WD_MASTER_OF_GHOULS,,Master of Ghouls,食屍鬼の主,Meister der Ghule,Maître des Goules,Maestro de Necrófagos,Mestre dos Carniçais,Повелитель Гулей,Signore dei Ghoul,食屍鬼大師,食尸鬼大师,구울의 지배자,Władca Ghuli,Володар Упирів,Meester der Ghuls,Gulyabaniler Ustası
L_WD_MASTER_OF_GIANTS,,Master of Giants,巨人の主,Meister der Riesen,Maître des Géants,Maestro de Gigantes,Mestre dos Gigantes,Повелитель Гигантов,Signore dei Giganti,巨人大師,巨人大师,거인의 지배자,Władca Gigantów,Володар Велетнів,Meester der Reuzen,Devlerin Efendisi
L_WD_MASTER_OF_GOLEMS,,Master of Golems,ゴーレムの達人,Meister der Golems,Maître des Golems,Maestro de Gólems,Mestre dos Golens,Повелитель големов,Maestro dei Golem,魔像大師,魔像大师,골렘의 지배자,Mistrz Golemów,Володар Големів,Meester der Golems,Golem Ustası
L_WD_MASTER_OF_GORGONS,,Master of Gorgons,ゴルゴンの主,Meister der Gorgonen,Maître des Gorgones,Maestro de Gorgonas,Mestre das Górgonas,Повелитель Горгон,Maestro delle Gorgoni,蛇髮女妖之主,蛇发女妖大师,고르곤의 지배자,Władca Gorgon,Володар Горгон,Meester der Gorgonen,Gorgonların Efendisi
L_WD_MASTER_OF_GRIFFONS,,Master of Griffons,グリフォンの達人,Meister der Greifen,Maître des Griffons,Maestro de Grifos,Mestre dos Grifos,Повелитель Грифонов,Maestro dei Grifoni,獅鷲獸馴師,狮鹫大师,그리폰의 지배자,Mistrz Gryfów,Повелитель Грифонів,Meester der Griffioenen,Grifon Ustası
L_WD_MASTER_OF_GRIMOIRES,,Master of Grimoires,魔導書の達人,Meister der Grimoires,Maître des Grimoires,Maestro de Grimorios,Mestre dos Grimórios,Мастер Гримуаров,Maestro dei Grimori,魔導書大師,魔法书大师,마법서의 대가,Mistrz Grimoriów,Майстер Гримуарів,Meester der Grimoires,Grimoire Ustası
L_WD_MASTER_OF_HARPIES,,Master of Harpies,ハーピーの主,Meister der Harpyien,Maître des Harpies,Maestro de Arpías,Mestre das Harpias,Повелитель Гарпий,Signore delle Arpie,鷹身女妖之主,鹰身女妖大师,하피의 지배자,Władca Harpii,Повелитель Гарпій,Meester van Harpijen,Harpi Ustası
L_WD_MASTER_OF_HEMOMANCERS,,Master of Hemomancers,血術師の達人,Meister der Hämomanten,Maître des Hémomanciens,Maestro de Hemomantes,Mestre dos Hemomantes,Мастер Гемомантов,Maestro degli Emomanti,血法師大師,血魔法师大师,혈술사의 대가,Mistrz Hemomantów,Майстер Гемомантів,Meester der Hemomancers,Kan Büyücüleri Ustası
L_WD_MASTER_OF_HOUNDS,,Master of Hounds,猟犬の主,Meister der Jagdhunde,Maître des Chiens,Maestro de Sabuesos,Mestre dos Cães,Повелитель Гончих,Maestro dei Segugi,獵犬大師,猎犬大师,사냥개 조련사,Mistrz Ogarów,Повелитель Гончих,Meester der Honden,Tazı Ustası
L_WD_MASTER_OF_HUNTERS,,Master of Hunters,狩人の師,Meister der Jäger,Maître des Chasseurs,Maestro de Cazadores,Mestre dos Caçadores,Мастер Охотников,Maestro dei Cacciatori,獵人大師,猎手大师,사냥꾼의 명인,Mistrz Łowców,Майстер Мисливців,Meester der Jagers,Avcıların Ustası
L_WD_MASTER_OF_IMLERS,,Master of Imlers,イムラーの達人,Meister von Imlers,Maître d'Imlers,Maestro de Imlers,Mestre de Imlers,Мастер Имлерса,Maestro di Imlers,伊姆勒斯大師,伊姆魔像大师,임러스의 대가,Mistrz Imlers,Майстер Імлерсу,Meester van Imlers,İmler Ustası
L_WD_MASTER_OF_IMLINGS,,Master of Imlings,イムリングの達人,Meister der Imlinge,Maître des Imlings,Maestro de Imlings,Mestre dos Imlings,Повелитель Имлингов,Maestro degli Imling,伊姆靈大師,伊姆大师,임링의 지배자,Mistrz Imlingów,Володар Імлінгів,Meester van Imlingen,İmling Ustası
L_WD_MASTER_OF_IMPS,,Master of Imps,インプの達人,Meister der Kobolde,Maître des Diablotins,Maestro de Diablillos,Mestre dos Diabretes,Повелитель Бесов,Signore degli Imp,小惡魔大師,小鬼大师,임프의 지배자,Władca Chochlików,Володар Бісів,Meester der Duiveltjes,İfrit Ustası
L_WD_MASTER_OF_INQUISITORS,,Master of Inquisitors,審問官の師,Meister der Inquisitoren,Maître des Inquisiteurs,Maestro de Inquisidores,Mestre dos Inquisidores,Мастер Инквизиторов,Maestro degli Inquisitori,審判官大師,审判官大师,심문관의 대가,Mistrz Inkwizytorów,Магістр Інквізиторів,Meester der Inquisiteurs,Sorguçuların Efendisi
L_WD_MASTER_OF_KOLOSSES,,Master of Kolosses,コロッセのマスター,Meister der Kolosse,Maître des Colosses,Maestro de Colosos,Mestre dos Colossos,Повелитель Колоссов,Maestro dei Colossi,巨像大師,巨怪大师,거상의 주인,Mistrz Kolosów,Володар Колоссів,Meester van Kolossen,Kolosların Efendisi
L_WD_MASTER_OF_LEECHS,,Master of Leechs,リーチの達人,Meister der Blutegel,Maître des Sangsues,Maestro de Sanguijuelas,Mestre das Sanguessugas,Повелитель Пиявок,Maestro delle Sanguisughe,水蛭大師,血蛭大师,거머리의 대가,Mistrz Pijawek,Володар П'явок,Meester der Bloedzuigers,Sülük Ustası
L_WD_MASTER_OF_LEPERS,,Master of Lepers,癩病の主,Meister der Aussätzigen,Maître des Lépreux,Maestro de Leprosos,Mestre dos Leprosos,Повелитель Прокаженных,Maestro dei Lebbrosi,痲瘋病患領主,麻风怪大师,나병환자의 주인,Mistrz Trędowatych,Володар Прокажених,Meester der Melaatsen,Cüzamlıların Efendisi
L_WD_MASTER_OF_LICHES,,Master of Liches,リッチの達人,Meister der Lichs,Maître des Liches,Maestro de Liches,Mestre dos Liches,Повелитель Личей,Signore dei Lich,巫妖大師,巫妖大师,리치의 지배자,Władca Liczy,Володар Лічів,Meester der Liches,Lich Ustası
L_WD_MASTER_OF_MANIACS,,Master of Maniacs,マニアックの達人,Meister der Wahnsinnigen,Maître des Maniaques,Maestro de Maníacos,Mestre dos Maníacos,Повелитель Маньяков,Maestro dei Folli,瘋狂大師,狂魔大师,광인의 지배자,Władca Szaleńców,Володар Маньяків,Meester der Maniakken,Delilerin Efendisi
L_WD_MASTER_OF_MANTICORES,,Master of Manticores,マンティコアの達人,Meister der Mantikore,Maître des Manticores,Maestro de Manticoras,Mestre de Manticoras,Повелитель Мантикор,Maestro dei Manticore,蠍尾獅馴獸師,蝎狮大师,맨티코어의 지배자,Władca Mantikor,Володар Мантикор,Meester der Mantichoren,Mantikor Ustası
L_WD_MASTER_OF_MASOCHISTS,,Master of Masochists,マゾヒストの達人,Meister der Masochisten,Maître des Masochistes,Maestro de Masoquistas,Mestre dos Masoquistas,Повелитель Мазохистов,Maestro dei Masochisti,受虐狂大師,受虐狂大师,마조히스트의 달인,Mistrz Masochistów,Майстер Мазохістів,Meester der Masochisten,Mazoşistlerin Ustası
L_WD_MASTER_OF_MIMICS,,Master of Mimics,ミミックの達人,Meister der Mimiks,Maître des Mimiques,Maestro de Mímicos,Mestre dos Mímicos,Повелитель Мимиков,Maestro dei Mimi,擬態大師,宝箱怪大师,미믹의 달인,Władca Mimików,Володар Мімікрій,Meester der Mimics,Taklitçilerin Ustası
L_WD_MASTER_OF_SOULFLAYERS,,Master of Soulflayers,魂喰いの達人,Meister der Seelenschinder,Maître des Dévoreurs d'Âmes,Maestro de Desolladores de Almas,Mestre dos Devoradores de Almas,Повелитель Пожирателей Душ,Maestro dei Divoratori d'Anime,靈魂剝奪者大師,夺魂者大师,영혼약탈자의 지배자,Mistrz Pożeraczy Dusz,Володар Пожирачів Душ,Meester van Zielenvlinders,Ruh Yüzücülerin Ustası
L_WD_MASTER_OF_MINOTAURS,,Master of Minotaurs,ミノタウロスの達人,Meister der Minotauren,Maître des Minotaures,Maestro de Minotauros,Mestre dos Minotauros,Повелитель Минотавров,Signore dei Minotauri,牛頭人統領,牛头怪大师,미노타우르의 지배자,Władca Minotaurów,Володар Мінотаврів,Meester der Minotaurussen,Minotorların Efendisi
L_WD_MASTER_OF_MITES,,Master of Mites,ダニの達人,Meister der Milben,Maître des Acariens,Maestro de Ácaros,Mestre dos Ácaros,Повелитель Клещей,Maestro dei Acari,蟎蟲大師,螨虫大师,진드기의 지배자,Władca Roztoczy,Володар Кліщів,Meester der Mijten,Akar Efendisi
L_WD_MASTER_OF_MUMMIES,,Master of Mummies,ミイラの達人,Meister der Mumien,Maître des Momies,Maestro de Momias,Mestre das Múmias,Повелитель Мумий,Signore delle Mummie,木乃伊大師,木乃伊大师,미라의 지배자,Władca Mumii,Повелитель Мумій,Meester van Mummies,Mumyaların Efendisi
L_WD_MASTER_OF_NIXES,,Master of Nixes,ニクスの達人,Meister der Nixen,Maître des Nixes,Maestro de Nixes,Mestre dos Nixes,Мастер Отрицаний,Maestro dei Nix,虛無大師,水妖大师,닉스의 명인,Mistrz Zaprzeczeń,Майстер Нікс,Meester der Nixen,Hiçlerin Ustası
L_WD_MASTER_OF_OCCULTISTS,,Master of Occultists,秘術師の達人,Meister der Okkultisten,Maître des Occultistes,Maestro de Ocultistas,Mestre dos Ocultistas,Мастер Оккультистов,Maestro degli Occultisti,神秘學大師,秘咒师大师,오컬티스트의 대가,Mistrz Okultystów,Майстер Окультистів,Meester der Occultisten,Okültistlerin Ustası
L_WD_MASTER_OF_OPHANS,,Master of Ophans,マスター・オブ・オーファンズ,Meister der Waisen,Maître des Orphelins,Maestro de Huérfanos,Mestre dos Órfãos,Повелитель Сирот,Maestro degli Orfani,孤兒之主,座天使大师,고아들의 주인,Mistrz Sierot,Майстер Сиріт,Meester van Wezen,Yetimlerin Efendisi
L_WD_MASTER_OF_PARAGONS,,Master of Paragons,パラゴンの達人,Meister der Vorbilder,Maître des Parangons,Maestro de Paradigmas,Mestre dos Paragons,Мастер Парагонов,Maestro dei Paragoni,典範大師,典范大师,패러곤의 대가,Mistrz Paragonów,Майстер Парагонів,Meester der Paragons,Paragonların Ustası
L_WD_MASTER_OF_PHASE_WARRIORS,,Master of Phase Warriors,フェイズウォリアーの達人,Meister der Phasenkrieger,Maître des Guerriers de Phase,Maestro de Guerreros de Fase,Mestre dos Guerreiros de Fase,Мастер Фазовых Воинов,Maestro dei Guerrieri di Fase,相位戰士大師,相位战士大师,페이즈 워리어의 마스터,Mistrz Wojowników Fazowych,Майстер Фазових Воїнів,Meester van Fasekrijgers,Faz Savaşçılarının Ustası
L_WD_MASTER_OF_PHOENIXES,,Master of Phoenixes,鳳凰の達人,Meister der Phönixe,Maître des Phénix,Maestro de Fénix,Mestre dos Fênix,Повелитель Фениксов,Maestro dei Fenici,鳳凰大師,不死鸟大师,불사조의 주인,Mistrz Feniksów,Володар Феніксів,Meester van Fenixen,Anka Kuşlarının Efendisi
L_WD_MASTER_OF_PILWIZES,,Master of Pilwizes,ピルワイズの達人,Meister der Pilwizes,Maître des Pilwizes,Maestro de Pilwizes,Mestre dos Pilwizes,Повелитель Пилвизов,Maestro dei Pilwizes,枕精大師,皮威斯大师,필와이즈의 대가,Mistrz Pilwizów,Майстер Пілвізів,Meester der Pilwizes,Pilwize Ustası
L_WD_MASTER_OF_PIT_WORMS,,Master of Pit Worms,穴虫の主,Meister der Grubendrachen,Maître des Vers des Fosses,Maestro de Gusanos del Foso,Mestre dos Vermes do Abismo,Повелитель Ямных Червей,Maestro dei Vermi della Fossa,蟲坑主宰,深坑蠕虫大师,구덩이 벌레의 지배자,Władca Dołowych Robali,Володар Ямових Черв'яків,Meester van de Putwormen,Çukur Kurtlarının Efendisi
L_WD_MASTER_OF_PIT_WRAITHS,,Master of Pit Wraiths,ピットレイスの支配者,Meister der Grubengeister,Maître des Spectres de la Fosse,Maestro de los Espectros del Abismo,Mestre dos Espectros do Abismo,Повелитель Ямных Призраков,Signore dei Spettri della Fossa,深淵幽魂大師,深坑幽灵大师,구덩이 망령의 지배자,Władca Upiorów z Otchłani,Володар Ямних Примар,Meester van de Putgeesten,Çukur Hayaletlerinin Efendisi
L_WD_MASTER_OF_PLAGUE_DOCTORS,,Master of Plague Doctors,疫病医師の達人,Meister der Pestärzte,Maître des Médecins de Peste,Maestro de Médicos de la Peste,Mestre dos Médicos da Peste,Мастер Чумных Докторов,Maestro dei Medici della Peste,瘟疫醫師大師,瘟疫医生大师,역병 의사들의 대가,Mistrz Lekarzy Dżumy,Майстер Чумних Лікарів,Meester van Pestdokters,Veba Doktorları Ustası
L_WD_MASTER_OF_PRIESTS,,Master of Priests,司祭の達人,Meister der Priester,Maître des Prêtres,Maestro de Sacerdotes,Mestre dos Sacerdotes,Мастер Жрецов,Maestro dei Sacerdoti,祭司大師,祭司大师,사제의 대가,Mistrz Kapłanów,Майстер Жерців,Meester der Priesters,Rahiplerin Ustası
L_WD_MASTER_OF_RAVENS,,Master of Ravens,鴉の主,Meister der Raben,Maître des Corbeaux,Maestro de Cuervos,Mestre dos Corvos,Повелитель Воронов,Maestro dei Corvi,烏鴉大師,渡鸦大师,까마귀의 지배자,Mistrz Kruków,Володар Воронів,Meester van Raven,Kuzgunların Efendisi
L_WD_MASTER_OF_REAPERS,,Master of Reapers,死神の主,Meister der Schnitter,Maître des Faucheurs,Maestro de Segadores,Mestre dos Ceifadores,Повелитель Жнецов,Maestro dei Mietitori,死神大師,收割者大师,사신의 지배자,Mistrz Żniwiarzy,Володар Женців,Meester der Maaiers,Orakçıların Efendisi
L_WD_MASTER_OF_REVENANTS,,Master of Revenants,亡霊使い,Meister der Wiedergänger,Maître des Revenants,Maestro de Espectros,Mestre dos Revenants,Повелитель Призраков,Maestro dei Spettri,亡靈主宰,复生者大师,망령의 지배자,Władca Upiorów,Володар Примар,Meester der Schimmen,Hayaletler Efendisi
L_WD_MASTER_OF_RIFT_DANCERS,,Master of Rift Dancers,リフトダンサーの達人,Meister der Riss-Tänzer,Maître des Danseurs de Faille,Maestro de Bailarines del Abismo,Mestre dos Dançarinos do Abismo,Повелитель Танцоров Разлома,Maestro dei Danzatori del Varco,裂隙舞者大師,裂隙舞者大师,리프트 댄서의 명인,Mistrz Tancerzy Szczeliny,Майстер Танцюристів Розломів,Meester van Riftdansers,Yarık Dansçılarının Ustası
L_WD_MASTER_OF_SALAMANDERS,,Master of Salamanders,サラマンダーの達人,Meister der Salamander,Maître des Salamandres,Maestro de Salamandras,Mestre dos Salamandras,Повелитель Саламандр,Maestro delle Salamandre,火蜥蜴大師,蝾螈大师,불도마뱀의 지배자,Mistrz Salamander,Володар Саламандр,Meester van Salamanders,Semenderlerin Ustası
L_WD_MASTER_OF_SANCTUSES,,Master of Sanctuses,聖域の達人,Meister der Heiligtümer,Maître des Sanctus,Maestro de Sanctuses,Mestre dos Sanctuses,Мастер Святынь,Maestro dei Sanctus,聖所大師,圣灵大师,성물의 대가,Mistrz Sanktuariów,Майстер Святинь,Meester van Sanctussen,Kutsalların Efendisi
L_WD_MASTER_OF_SATYRS,,Master of Satyrs,サテュロスの主,Meister der Satyrn,Maître des Satyres,Maestro de Sátiros,Mestre dos Sátiros,Повелитель Сатиров,Maestro dei Satiri,薩提爾大師,萨堤尔大师,사티로스의 지배자,Mistrz Satyrów,Володар Сатирів,Meester der Satyrs,Satirlerin Efendisi
L_WD_MASTER_OF_SEA_SHAMBLERS,,Master of Sea Shamblers,海の徘徊者の主,Meister der Meeresschlurfer,Maître des Traîneurs des Mers,Maestro de los Vagabundos del Mar,Mestre dos Cambaleantes do Mar,Повелитель Морских Шатунов,Signore degli Erranti del Mare,海行者大師,海洋蹒跚者大师,바다 비틀거리는 자들의 지배자,Władca Morskich Powłóczystów,Володар Морських Блукачів,Meester van Zeezwabberaars,Deniz Sürükleyicilerinin Efendisi
L_WD_MASTER_OF_SERAPHS,,Master of Seraphs,セラフの達人,Meister der Seraphen,Maître des Séraphins,Maestro de Serafines,Mestre dos Serafins,Повелитель Серафимов,Maestro dei Serafini,熾天使大師,炽天使大师,세라프의 지배자,Mistrz Serafów,Володар Серафимів,Meester der Serafs,Serafların Efendisi
L_WD_MASTER_OF_SHADES,,Master of Shades,シェイドの達人,Meister der Schatten,Maître des Ombres,Maestro de Sombras,Mestre das Sombras,Повелитель Теней,Maestro delle Ombre,暗影大師,阴影大师,그림자의 지배자,Mistrz Cieni,Володар Тіней,Meester van Schaduwen,Gölgelerin Efendisi
L_WD_MASTER_OF_SHADOWS,,Master of Shadows,影の達人,Meister der Schatten,Maître des Ombres,Maestro de las Sombras,Mestre das Sombras,Повелитель Теней,Maestro delle Ombre,暗影大師,暗影大师,그림자의 지배자,Mistrz Cieni,Майстер Тіней,Meester der Schaduwen,Gölgelerin Efendisi
L_WD_MASTER_OF_SHAPESHIFTERS,,Master of Shapeshifters,シェイプシフターの達人,Meister der Gestaltwandler,Maître des Métamorphes,Maestro de Cambiaformas,Mestre dos Metamorfos,Мастер Оборотней,Maestro dei Mutaforma,變形大師,变形者大师,변신술사의 대가,Mistrz Zmiennokształtnych,Майстер Перевертнів,Meester der Gedaanteverwisselaars,Şekil Değiştiricilerin Ustası
L_WD_MASTER_OF_SINS,,Master of Sins,罪の主,Meister der Sünden,Maître des Péchés,Maestro de Pecados,Mestre dos Pecados,Повелитель Грехов,Maestro dei Peccati,罪惡大師,罪恶大师,죄악의 지배자,Mistrz Grzechów,Володар Гріхів,Meester der Zonden,Günahların Efendisi
L_WD_MASTER_OF_SIRENS,,Master of Sirens,サイレンの達人,Meister der Sirenen,Maître des Sirènes,Maestro de Sirenas,Mestre das Sereias,Повелитель Сирен,Maestro delle Sirene,海妖之主,海妖大师,사이렌의 지배자,Mistrz Syren,Володар Сирен,Meester van Sirenen,Sirenlerin Efendisi
L_WD_MASTER_OF_SKELETONS,,Master of Skeletons,スケルトンの達人,Meister der Skelette,Maître des Squelettes,Maestro de Esqueletos,Mestre dos Esqueletos,Повелитель Скелетов,Signore degli Scheletri,骷髏大師,骷髅大师,해골의 지배자,Władca Szkieletów,Володар Скелетів,Meester van Skeletten,İskelet Ustası
L_WD_MASTER_OF_SLIMES,,Master of Slimes,スライムマスター,Meister der Schleime,Maître des Slimes,Maestro de Limos,Mestre dos Slimes,Повелитель Слизней,Maestro degli Slime,史萊姆大師,史莱姆大师,슬라임의 마스터,Władca Szlamów,Володар Слаймів,Meester van Slijmen,Balçık Ustası
L_WD_MASTER_OF_SMITHS,,Master of Smiths,鍛冶の達人,Meister der Schmiede,Maître des Forgerons,Maestro de Herreros,Mestre dos Ferreiros,Мастер Кузнецов,Maestro dei Fabbri,鍛造大師,工匠大师,대장장이의 명인,Mistrz Kowali,Майстер Ковалів,Meester van Smeden,Demircilerin Ustası
L_WD_MASTER_OF_SMOGS,,Master of Smogs,スモッグの達人,Meister der Schwaden,Maître des Brumes,Maestro de Nieblas,Mestre das Brumas,Повелитель Смогов,Maestro dei Miasmi,煙霧大師,烟雾大师,스모그의 지배자,Mistrz Smogów,Володар Смогів,Meester der Smogen,Sis Ustası
L_WD_MASTER_OF_SNAPTRAPS,,Master of Snaptraps,スナップトラップの達人,Meister der Schnappfallen,Maître des Claqueuses,Maestro de Cepotrampas,Mestre das Armadilhas,Мастер Капканов,Maestro delle Tagliole,捕捉陷阱大師,捕噬草大师,스냅트랩의 명인,Mistrz Zatrzasków,Майстер Капканів,Meester van Klapvallen,Kapan Ustası
L_WD_MASTER_OF_SPARKTAILS,,Master of Sparktails,スパークテイルの達人,Meister der Funkenschwänze,Maître des Queues-Étincelles,Maestro de Colas Chispeantes,Mestre dos Rabos de Faísca,Повелитель Искрохвостов,Maestro delle Codescintille,火花尾巴大師,闪尾大师,스파크테일의 명인,Mistrz Iskrzących Ogonów,Майстер Іскрохвостів,Meester van Vonkenstaarten,Kıvılcımkuyrukların Ustası
L_WD_MASTER_OF_SPECTRES,,Master of Spectres,亡霊の主,Meister der Geister,Maître des Spectres,Maestro de Espectros,Mestre dos Espectros,Повелитель Призраков,Maestro degli Spettri,幽靈大師,幽鬼大师,유령의 지배자,Mistrz Widm,Володар Примар,Meester der Schimmen,Hayaletler Ustası
L_WD_MASTER_OF_SPHINXES,,Master of Sphinxes,スフィンクスの達人,Meister der Sphinxe,Maître des Sphinx,Maestro de Esfinges,Mestre das Esfinges,Повелитель Сфинксов,Maestro delle Sfingi,獅身人面像大師,斯芬克斯大师,스핑크스의 지배자,Mistrz Sfinksów,Володар Сфінксів,Meester van Sfinxen,Sfenkslerin Efendisi
L_WD_MASTER_OF_SPIRITS,,Master of Spirits,霊魂の達人,Meister der Geister,Maître des Esprits,Maestro de Espíritus,Mestre dos Espíritos,Повелитель Духов,Maestro degli Spiriti,靈魂大師,幽灵大师,영혼의 지배자,Mistrz Duchów,Володар Духів,Meester der Geesten,Ruhların Efendisi
L_WD_MASTER_OF_STAGS,,Master of Stags,鹿の主,Meister der Hirsche,Maître des Cerfs,Maestro de Ciervos,Mestre dos Cervos,Повелитель Оленей,Signore dei Cervi,鹿群之主,雄鹿大师,사슴의 지배자,Mistrz Jeleni,Володар Оленів,Meester der Herten,Geyiklerin Efendisi
L_WD_MASTER_OF_STORMS,,Master of Storms,嵐の達人,Meister der Stürme,Maître des Tempêtes,Maestro de Tormentas,Mestre das Tempestades,Повелитель Бурь,Maestro delle Tempeste,風暴大師,风暴大师,폭풍의 지배자,Mistrz Burz,Володар Штормів,Meester van Stormen,Fırtınalar Ustası
L_WD_MASTER_OF_TOXDWELLERS,,Master of Toxdwellers,毒棲者の主,Meister der Giftbewohner,Maître des Habitants-Toxiques,Maestro de los Moradores Tóxicos,Mestre dos Moradores Tóxicos,Повелитель Токсдвеллеров,Maestro dei Toxdwellers,毒居者大師,毒居者大师,독거주자의 지배자,Władca Toksycznych Mieszkańców,Володар Отрутожителів,Meester van de Gifbewoners,Zehirdweller'ların Efendisi
L_WD_MASTER_OF_TREMORS,,Master of Tremors,震動の達人,Meister der Erschütterungen,Maître des Séismes,Maestro de Temblores,Mestre dos Tremores,Повелитель Сотрясений,Maestro dei Tremori,震顫大師,颤地兽大师,지진의 대가,Mistrz Wstrząsów,Володар Землетрусів,Meester van Bevingen,Sarsıntı Ustası
L_WD_MASTER_OF_TROLLS,,Master of Trolls,トロールの達人,Trollmeister,Maître des Trolls,Maestro de Trolls,Mestre dos Trolls,Повелитель Троллей,Signore dei Troll,巨魔大師,巨魔大师,트롤의 지배자,Władca Trolli,Володар Тролів,Trollenmeester,Trol Ustası
L_WD_MASTER_OF_UNGUIDED,,Master of Unguided,導きなき者の達人,Meister des Ungelenkten,Maître de l'Indompté,Maestro de lo Incontrolado,Mestre do Desguiado,Мастер Неуправляемого,Maestro dell'Inguida,無引導大師,放逐者大师,비인도의 대가,Mistrz Nieprowadzonych,Майстер Некерованого,Meester van het Ongeleide,Rehbersizliğin Ustası
L_WD_MASTER_OF_UNICORNS,,Master of Unicorns,ユニコーンの達人,Meister der Einhörner,Maître des Licornes,Maestro de Unicornios,Mestre dos Unicórnios,Повелитель единорогов,Maestro degli Unicorni,獨角獸大師,独角兽大师,유니콘 마스터,Mistrz Jednorożców,Володар Єдинорогів,Meester van Eenhoorns,Tek Boynuzluların Efendisi
L_WD_MASTER_OF_VALKYRIES,,Master of Valkyries,ヴァルキリーの主,Meister der Walküren,Maître des Valkyries,Maestro de Valquirias,Mestre das Valquírias,Повелитель Валькирий,Maestro delle Valchirie,女武神大師,女武神大师,발키리의 지배자,Mistrz Walkirii,Повелитель Валькірій,Meester der Walkuren,Valkyrie Ustası
L_WD_MASTER_OF_VOIDLORDS,,Master of Voidlords,虚無王の支配者,Meister der Leerefürsten,Maître des Seigneurs du Néant,Maestro de los Señores del Vacío,Mestre dos Senhores do Vazio,Повелитель Владык Пустоты,Signore dei Signori del Vuoto,虛空領主大師,虚空领主大师,공허군주의 지배자,Władca Pustelniaków,Володар Порожнечі,Meester van Leegteheren,Boşluk Lordlarının Efendisi
L_WD_MASTER_OF_VORTEXES,,Master of Vortexes,ヴォルテックスの達人,Meister der Wirbel,Maître des Vortex,Maestro de Vórtices,Mestre dos Vórtices,Повелитель Вихрей,Maestro dei Vortici,漩渦大師,漩涡大师,소용돌이의 지배자,Mistrz Wirów,Володар Вихорів,Meester van Vortexen,Girdapların Efendisi
L_WD_MASTER_OF_VULPES,,Master of Vulpes,狐の達人,Meister der Vulpes,Maître des Vulpes,Maestro de Vulpes,Mestre das Raposas,Мастер Лисов,Maestro delle Volpi,狐狸大師,灵狐大师,여우의 대가,Mistrz Lisów,Майстер Лисиць,Meester van Vulpes,Tilki Ustası
L_WD_MASTER_OF_WASPIDS,,Master of Waspids,ワスピッドの達人,Meister der Wespiden,Maître des Guêpides,Maestro de Véspidos,Mestre dos Vespídeos,Повелитель Оснидов,Maestro dei Vaspidi,蜂獸大師,黄蜂大师,와스피드의 지배자,Mistrz Osowatych,Володар Оспідів,Meester van Waspiden,Vespidlerin Efendisi
L_WD_MASTER_OF_WATCHERS,,Master of Watchers,監視者の主,Meister der Wächter,Maître des Observateurs,Maestro de Vigilantes,Mestre dos Observadores,Мастер Наблюдателей,Maestro degli Osservatori,守望者大師,观察者大师,감시자의 주인,Mistrz Obserwatorów,Майстер Спостерігачів,Meester der Wachters,Gözcülerin Efendisi
L_WD_MASTER_OF_WIGHTS,,Master of Wights,亡霊使い,Meister der Untoten,Maître des Nécrophages,Maestro de Espectros,Mestre dos Mortos-Vivos,Повелитель Умертвий,Signore dei Spettri,屍靈主宰,尸妖大师,망령의 지배자,Władca Upiorów,Володар Примар,Meester der Wichten,Hayalet Efendisi
L_WD_MASTER_OF_WISPS,,Master of Wisps,魂炎の達人,Meister der Irrlichter,Maître des Feux Follets,Maestro de Fuegos Fatuos,Mestre dos Fios Espectrais,Повелитель Огоньков,Maestro dei Sussurri,縹緲之主,鬼火大师,위습의 대가,Mistrz Ogników,Володар Віспів,Meester van Dwaallichten,Hayalet Ustası
L_WD_MASTER_OF_WOLPERTINGERS,,Master of Wolpertingers,ウォルパーティンガーの達人,Meister der Wolpertinger,Maître des Wolpertingers,Maestro de Wolpertingers,Mestre dos Wolpertingers,Повелитель Вольпертингеров,Maestro dei Wolpertinger,狐兔獸大師,鹿角翼兔大师,울퍼팅거의 명인,Mistrz Wolpertingerów,Майстер Вольпертінґерів,Meester van Wolpertingers,Wolpertinger Ustası
L_WD_MASTER_OF_WYVERNS,,Master of Wyverns,ワイバーンの達人,Meister der Wyvernen,Maître des Wyvernes,Maestro de Guivernos,Mestre dos Wyverns,Повелитель виверн,Maestro dei Viverni,飛龍大師,飞龙大师,와이번의 지배자,Władca Wywern,Повелитель Виверн,Meester der Wyverns,Ejderha Efendisi
L_WD_MASTER_OF_YETIS,,Master of Yetis,イエティの達人,Meister der Yetis,Maître des Yétis,Maestro de Yetis,Mestre dos Yetis,Повелитель Йети,Maestro degli Yeti,雪怪大師,雪怪大师,예티의 지배자,Władca Yeti,Володар Єті,Meester der Yeti's,Yetilerin Efendisi
L_WD_ASTROLOGER_TIER_1,,Astrologer (Tier 1),占星術師（第1階級）,Astrologe (Stufe 1),Astrologue (Rang 1),Astrólogo (Nivel 1),Astrólogo (Nível 1),Астролог (Уровень 1),Astrologo (Livello 1),占星師（第一階）,星术师（阶级1）,점성술사 (1티어),Astrolog (Poziom 1),Астролог (Рівень 1),Astroloog (Niveau 1),Astrolog (Kademe 1)
L_WD_ASTROLOGER_TIER_2,,Astrologer (Tier 2),占星術師（ランク2）,Astrologe (Stufe 2),Astrologue (Rang 2),Astrólogo (Nivel 2),Astrólogo (Nível 2),Астролог (Уровень 2),Astrologo (Livello 2),占星師（第二階）,星术师（阶级2）,점성술사 (티어 2),Astrolog (Poziom 2),Астролог (Рівень 2),Astroloog (Niveau 2),Astrolog (Kademe 2)
L_WD_ASTROLOGER_TIER_3,,Astrologer (Tier 3),占星術師（ランク3）,Astrologe (Stufe 3),Astrologue (Rang 3),Astrólogo (Nivel 3),Astrólogo (Nível 3),Астролог (Уровень 3),Astrologo (Livello 3),占星師（第3階）,星术师（阶级3）,점성술사 (티어 3),Astrolog (Poziom 3),Астролог (Рівень 3),Astroloog (Niveau 3),Astrolog (Kademe 3)
L_WD_BLOODMAGE_TIER_1,,Bloodmage (Tier 1),ブラッドメイジ（第1階級）,Blutmagier (Stufe 1),Mage de sang (Rang 1),Mago de Sangre (Nivel 1),Mago Sangrento (Nível 1),Кровавый маг (Уровень 1),Mago del Sangue (Livello 1),血法師（第1階）,血法师（阶级1）,혈마법사 (1티어),Krwisty Mag (Poziom 1),Кровомаг (Рівень 1),Bloedmagiër (Niveau 1),Kan Büyücüsü (Kademe 1)
L_WD_BLOODMAGE_TIER_2,,Bloodmage (Tier 2),ブラッドメイジ（ランク2）,Blutmagier (Stufe 2),Mage de sang (Rang 2),Mago de Sangre (Nivel 2),Mago Sangrento (Nível 2),Кровавый маг (Уровень 2),Mago del Sangue (Livello 2),血法師（第二階）,血法师（阶级2）,혈마법사 (티어 2),Krwisty Mag (Poziom 2),Кровомаг (Рівень 2),Bloedmagiër (Niveau 2),Kan Büyücüsü (Kademe 2)
L_WD_BLOODMAGE_TIER_3,,Bloodmage (Tier 3),ブラッドメイジ（第3階級）,Blutmagier (Stufe 3),Mage de sang (Rang 3),Mago de Sangre (Nivel 3),Mago Sangrento (Nível 3),Кровавый маг (Уровень 3),Mago del Sangue (Livello 3),血法師（第3階）,血法师（阶级3）,혈마법사 (티어 3),Krwisty Mag (Poziom 3),Кровомаг (Рівень 3),Bloedmagiër (Niveau 3),Kan Büyücüsü (Kademe 3)
L_WD_DOOMBRINGER_TIER_1,,Doombringer (Tier 1),ドゥームブリンガー（第1段階）,Unheilbringer (Stufe 1),Porteur de Malheur (Rang 1),Portador de la Perdición (Nivel 1),Portador da Ruína (Nível 1),Вестник Гибели (Уровень 1),Portatore di Sventura (Livello 1),毀滅使者（第1階）,厄运使者（阶级1）,파멸의 인도자 (티어 1),Zwiastun Zagłady (Poziom 1),Провісник Загибелі (Рівень 1),Onheilsbrenger (Niveau 1),Kıyametgetiren (Kademe 1)
L_WD_DOOMBRINGER_TIER_2,,Doombringer (Tier 2),ドゥームブリンガー（ランク2）,Unheilbringer (Stufe 2),Porteur de Ruine (Rang 2),Portador de la Perdición (Nivel 2),Portador da Ruína (Nível 2),Вестник Гибели (Уровень 2),Portatore di Sventura (Livello 2),毀滅使者（第2階）,厄运使者（阶级2）,파멸의 인도자 (티어 2),Zwiastun Zagłady (Poziom 2),Провісник Загибелі (Рівень 2),Onheilsbrenger (Niveau 2),Kıyametgetiren (Kademe 2)
L_WD_DOOMBRINGER_TIER_3,,Doombringer (Tier 3),ドゥームブリンガー（ランク3）,Unheilbringer (Stufe 3),Porteur de Fatalité (Rang 3),Portador de la Perdición (Nivel 3),Portador da Ruína (Nível 3),Вестник Гибели (Уровень 3),Portatore di Sventura (Livello 3),毀滅使者（第3階）,厄运使者（阶级3）,파멸의 인도자 (티어 3),Zwiastun Zagłady (Poziom 3),Носій Загибелі (Рівень 3),Onheilsbrenger (Niveau 3),Kıyametgetiren (Kademe 3)
L_WD_FANATIC_TIER_1,,Fanatic (Tier 1),狂信者（第1段階）,Fanatiker (Stufe 1),Fanatique (Rang 1),Fanático (Nivel 1),Fanático (Nível 1),Фанатик (Уровень 1),Fanatico (Livello 1),狂熱者（第1階）,狂信徒（阶级1）,광신자 (티어 1),Fanatyk (Poziom 1),Фанатик (Рівень 1),Fanatiekeling (Niveau 1),Fanatik (Kademe 1)
L_WD_FANATIC_TIER_2,,Fanatic (Tier 2),狂信者（ランク2）,Fanatiker (Stufe 2),Fanatique (Rang 2),Fanático (Nivel 2),Fanático (Nível 2),Фанатик (Уровень 2),Fanatico (Livello 2),狂熱者（第2階）,狂信徒（阶级2）,광신자 (티어 2),Fanatyk (Poziom 2),Фанатик (Рівень 2),Fanatiekeling (Niveau 2),Fanatik (Kademe 2)
L_WD_FANATIC_TIER_3,,Fanatic (Tier 3),狂信者（ランク3）,Fanatiker (Stufe 3),Fanatique (Rang 3),Fanático (Nivel 3),Fanático (Nível 3),Фанатик (Уровень 3),Fanatico (Livello 3),狂熱者（第3階）,狂信徒（阶级3）,광신자 (티어 3),Fanatyk (Poziom 3),Фанатик (Рівень 3),Fanatiekeling (Niveau 3),Fanatik (Kademe 3)
L_WD_GROVETENDER_TIER_1,,Grovetender (Tier 1),グローブテンダー（第1段階）,Hainwächter (Stufe 1),Gardien du Bosquet (Rang 1),Guardián del Bosque (Nivel 1),Guardião do Bosque (Nível 1),Смотритель Рощи (Уровень 1),Custode del Bosco (Livello 1),林地守護者（第1階）,护林员（阶级1）,숲지기 (1등급),Opiekun Gaju (Poziom 1),Лісовий доглядач (Рівень 1),Boshoeder (Niveau 1),Koru Bakıcısı (Kademe 1)
L_WD_GROVETENDER_TIER_2,,Grovetender (Tier 2),グローブテンダー（ランク2）,Hainwächter (Stufe 2),Gardien du Bosquet (Rang 2),Guardián del Bosque (Nivel 2),Guardião do Bosque (Nível 2),Хранитель Рощи (Уровень 2),Custode del Bosco (Livello 2),林地守護者（第2階）,护林员（阶级2）,숲지기 (티어 2),Opiekun Gaju (Poziom 2),Лісовий доглядач (Рівень 2),Boshoeder (Niveau 2),Koru Bakıcısı (Kademe 2)
L_WD_GROVETENDER_TIER_3,,Grovetender (Tier 3),グローブテンダー（ランク3）,Hainwächter (Stufe 3),Gardien du Bosquet (Rang 3),Guardián del Bosque (Nivel 3),Guardião do Bosque (Nível 3),Хранитель Рощи (Уровень 3),Custode del Bosco (Livello 3),林地守護者（第3階）,护林员（阶级3）,숲지기 (티어 3),Opiekun Gaju (Poziom 3),Лісовий доглядач (Рівень 3),Boshoeder (Niveau 3),Koru Bakıcısı (Kademe 3)
L_WD_PURGATORIAN_TIER_1,,Purgatorian (Tier 1),パーガトリアン（第1階級）,Purgatorier (Stufe 1),Purgatoire (Niveau 1),Purgatoriano (Nivel 1),Purgatório (Nível 1),Чистилищник (Уровень 1),Purgatoriano (Livello 1),煉獄者（第1階）,炼狱使者（阶级1）,연옥의 자 (1등급),Czyściciel (Poziom 1),Чистилищник (Рівень 1),Purgatorisch (Niveau 1),Cehennem Bekçisi (Kademe 1)
L_WD_PURGATORIAN_TIER_2,,Purgatorian (Tier 2),パーガトリアン（ランク2）,Purgatorier (Stufe 2),Purgatoire (Rang 2),Purgatoriano (Nivel 2),Purgatório (Nível 2),Чистилищник (Уровень 2),Purgatoriano (Livello 2),煉獄者（第2階）,炼狱使者（阶级2）,연옥의 자 (2등급),Czyściciel (Poziom 2),Чистилищник (Рівень 2),Purgatorische (Niveau 2),Cehennem Bekçisi (Kademe 2)
L_WD_PURGATORIAN_TIER_3,,Purgatorian (Tier 3),パーガトリアン（第3階級）,Purgatorier (Stufe 3),Purgatoire (Rang 3),Purgatoriano (Nivel 3),Purgatório (Nível 3),Чистилищник (Уровень 3),Purgatoriano (Livello 3),煉獄者（第3階）,炼狱使者（阶级3）,연옥의 자 (3등급),Czyściciel (Poziom 3),Чистилищник (Рівень 3),Purgatorische (Niveau 3),Cehennem Bekçisi (Kademe 3)
L_WD_PYROMANCER_TIER_1,,Pyromancer (Tier 1),炎術師（第1段階）,Pyromant (Stufe 1),Pyromancien (Niveau 1),Piromante (Nivel 1),Piromante (Nível 1),Пиромант (Уровень 1),Piromante (Livello 1),火焰法師（第1階）,烈焰术士（阶级1）,화염술사 (1티어),Piromanta (Poziom 1),Піромант (Рівень 1),Vuurmagiër (Niveau 1),Ateşbaz (Kademe 1)
L_WD_PYROMANCER_TIER_2,,Pyromancer (Tier 2),炎術師（第2段階）,Pyromant (Stufe 2),Pyromancien (Rang 2),Piromante (Nivel 2),Piromante (Nível 2),Пиромант (Уровень 2),Piromante (Livello 2),焰術師（階級 2）,烈焰术士（阶级2）,화염술사 (티어 2),Piromanta (Poziom 2),Піромант (Рівень 2),Vuurmagiër (Niveau 2),Ateşbaz (Kademe 2)
L_WD_PYROMANCER_TIER_3,,Pyromancer (Tier 3),炎術師（第3階級）,Pyromant (Stufe 3),Pyromancien (Niveau 3),Piromante (Nivel 3),Piromante (Nível 3),Пиромант (Уровень 3),Piromante (Livello 3),火焰法師（第3階）,烈焰术士（阶级3）,화염술사 (티어 3),Piromanta (Poziom 3),Піромант (Рівень 3),Vuurmagiër (Niveau 3),Ateşbaz (Kademe 3)
L_WD_RUNE_KNIGHT_TIER_1,,Rune Knight (Tier 1),ルーンナイト（第1階級）,Runenritter (Stufe 1),Chevalier des Runes (Rang 1),Caballero Rúnico (Nivel 1),Cavaleiro Rúnico (Nível 1),Рунный Рыцарь (Уровень 1),Cavaliere Runico (Livello 1),符文騎士（第一階）,符文骑士（阶级1）,룬 기사 (1티어),Rycerz Run (Poziom 1),Рунічний Лицар (Рівень 1),Runenridder (Niveau 1),Rün Şövalyesi (Kademe 1)
L_WD_RUNE_KNIGHT_TIER_2,,Rune Knight (Tier 2),ルーンナイト（第2階級）,Runenritter (Stufe 2),Chevalier des Runes (Rang 2),Caballero Rúnico (Nivel 2),Cavaleiro Rúnico (Nível 2),Рунный Рыцарь (Уровень 2),Cavaliere Runico (Livello 2),符文騎士（第二階）,符文骑士（阶级2）,룬 기사 (티어 2),Rycerz Run (Poziom 2),Рунічний Лицар (Рівень 2),Runenridder (Niveau 2),Rün Şövalyesi (Kademe 2)
L_WD_RUNE_KNIGHT_TIER_3,,Rune Knight (Tier 3),ルーンナイト（第3階級）,Runenritter (Stufe 3),Chevalier des Runes (Rang 3),Caballero Rúnico (Nivel 3),Cavaleiro Rúnico (Nível 3),Рунный Рыцарь (Уровень 3),Cavaliere Runico (Livello 3),符文騎士（第3階）,符文骑士（阶级3）,룬 기사 (티어 3),Rycerz Run (Poziom 3),Рунічний Лицар (Рівень 3),Runenridder (Niveau 3),Rün Şövalyesi (Kademe 3)
L_WD_SPELLWEAVER_TIER_1,,Spellweaver (Tier 1),スペルウィーバー（第1段階）,Zauberwirker (Stufe 1),Tisseur de sorts (Rang 1),Tejehechizos (Nivel 1),Tecelão de Feitiços (Nível 1),Заклинатель (Уровень 1),Tessitore di Incantesimi (Livello 1),織法者（第1階）,法术编织者（阶级1）,주문술사 (1단계),Tkacz Zaklęć (Poziom 1),Заклинач (Рівень 1),Tovenaar (Niveau 1),Büyü Dokuyucu (Kademe 1)
L_WD_SPELLWEAVER_TIER_2,,Spellweaver (Tier 2),スペルウィーバー（ランク2）,Zauberwirker (Stufe 2),Tisseuse de sorts (Rang 2),Tejehechizos (Nivel 2),Tecelão de Feitiços (Nível 2),Заклинатель (Уровень 2),Tessitore di Incantesimi (Livello 2),織法者（第二階）,法术编织者（阶级2）,주문술사 (2단계),Tkacz Zaklęć (Poziom 2),Заклинач (Рівень 2),Tovenaar (Niveau 2),Büyü Dokuyucu (Kademe 2)
L_WD_SPELLWEAVER_TIER_3,,Spellweaver (Tier 3),スペルウィーバー（第3階級）,Zauberwirker (Stufe 3),Tisseuse de sorts (Rang 3),Tejehechizos (Nivel 3),Tecelão de Feitiços (Nível 3),Заклинатель (Уровень 3),Tessitore di Incantesimi (Livello 3),織法者（階級 3）,法术编织者（阶级3）,주문술사 (티어 3),Tkacz Zaklęć (Poziom 3),Заклинач (Рівень 3),Tovenaar (Niveau 3),Büyü Dokuyucu (Kademe 3)
L_WD_ANIMATOR_TIER_2,,Animator (Tier 2),アニメーター（ランク2）,Animator (Stufe 2),Animateur (Niveau 2),Animador (Nivel 2),Animador (Nível 2),Аниматор (Уровень 2),Animatore (Livello 2),動畫師（階級2）,塑灵师（阶级2）,애니메이터 (2티어),Animator (Poziom 2),Аніматор (Рівень 2),Animator (Niveau 2),Animatör (Kademe 2)
L_WD_ANIMATOR_TIER_3,,Animator (Tier 3),アニメーター（ランク3）,Animator (Stufe 3),Animateur (Niveau 3),Animador (Nivel 3),Animador (Nível 3),Аниматор (Уровень 3),Animatore (Livello 3),動畫師（第3階）,塑灵师（阶级3）,애니메이터 (티어 3),Animator (Poziom 3),Аніматор (Рівень 3),Animator (Niveau 3),Animatör (Kademe 3)
L_WD_CABALIST_TIER_2,,Cabalist (Tier 2),カバリスト（第2階級）,Kabalist (Stufe 2),Cabaliste (Niveau 2),Cabalista (Nivel 2),Cabalista (Nível 2),Кабалист (Уровень 2),Cabalista (Livello 2),秘法師（第二階）,秘术师（阶级2）,비술사 (티어 2),Kabalista (Poziom 2),Кабаліст (Рівень 2),Cabalist (Niveau 2),Büyücü (Kademe 2)
L_WD_CABALIST_TIER_3,,Cabalist (Tier 3),カバリスト（第3階級）,Kabalist (Stufe 3),Cabaliste (Niveau 3),Cabalista (Nivel 3),Cabalista (Nível 3),Кабалист (Уровень 3),Cabalista (Livello 3),秘法師（第3階）,秘术师（阶级3）,비술사 (티어 3),Kabalista (Poziom 3),Кабаліст (Рівень 3),Cabalist (Niveau 3),Büyücü (Kademe 3)
L_WD_CLERIC_TIER_2,,Cleric (Tier 2),クレリック（ランク2）,Kleriker (Stufe 2),Clerc (Niveau 2),Clérigo (Nivel 2),Clérigo (Nível 2),Жрец (Уровень 2),Chierico (Livello 2),牧師（階級 2）,牧师（阶级2）,성직자 (티어 2),Kleryk (Poziom 2),Клірик (Рівень 2),Geestelijke (Niveau 2),Rahip (Kademe 2)
L_WD_CLERIC_TIER_3,,Cleric (Tier 3),クレリック（ランク3）,Kleriker (Stufe 3),Clerc (Niveau 3),Clérigo (Nivel 3),Clérigo (Nível 3),Жрец (Уровень 3),Chierico (Livello 3),牧師（第3階）,牧师（阶级3）,성직자 (티어 3),Kleryk (Poziom 3),Клірик (Рівень 3),Geestelijke (Niveau 3),Rahip (Kademe 3)
L_WD_DRUID_TIER_2,,Druid (Tier 2),ドルイド（ランク2）,Druide (Stufe 2),Druide (Niveau 2),Druida (Nivel 2),Druida (Nível 2),Друид (Уровень 2),Druido (Livello 2),德魯伊（第二階）,德鲁伊（阶级2）,드루이드 (티어 2),Druid (Poziom 2),Друїд (Рівень 2),Druïde (Tier 2),Druid (Kademe 2)
L_WD_DRUID_TIER_3,,Druid (Tier 3),ドルイド（ランク3）,Druide (Stufe 3),Druide (Niveau 3),Druida (Nivel 3),Druida (Nível 3),Друид (Уровень 3),Druido (Livello 3),德魯伊（第三階）,德鲁伊（阶级3）,드루이드 (티어 3),Druid (Poziom 3),Друїд (Рівень 3),Druïde (Tier 3),Druid (Kademe 3)
L_WD_EVOKER_TIER_2,,Evoker (Tier 2),エヴォーカー（ランク2）,Beschwörer (Stufe 2),Évocateur (Rang 2),Evocador (Nivel 2),Evocador (Nível 2),Заклинатель (Уровень 2),Evocatore (Livello 2),喚魔師（第二階）,塑能师（阶级2）,환기사 (티어 2),Przywoływacz (Poziom 2),Заклинач (Рівень 2),Oproeper (Niveau 2),Çağırıcı (Kademe 2)
L_WD_EVOKER_TIER_3,,Evoker (Tier 3),エヴォーカー（第3段階）,Beschwörer (Stufe 3),Évocateur (Rang 3),Evocador (Nivel 3),Evocador (Nível 3),Призыватель (Уровень 3),Evocatore (Livello 3),喚魔師（第3階）,塑能师（阶级3）,환기사 (티어 3),Przywoływacz (Poziom 3),Заклинач (Рівень 3),Oproeper (Niveau 3),Çağırıcı (Kademe 3)
L_WD_HELL_KNIGHT_TIER_2,,Hell Knight (Tier 2),ヘルナイト（ランク2）,Höllenritter (Stufe 2),Chevalier des Enfers (Rang 2),Caballero Infernal (Nivel 2),Cavaleiro Infernal (Nível 2),Рыцарь Ада (Уровень 2),Cavaliere Infernale (Livello 2),地獄騎士（階級 2）,地狱骑士（阶级2）,지옥 기사 (티어 2),Rycerz Piekieł (Poziom 2),Лицар Пекла (Рівень 2),Helleridder (Niveau 2),Cehennem Şövalyesi (Kademe 2)
L_WD_HELL_KNIGHT_TIER_3,,Hell Knight (Tier 3),ヘルナイト（第3階級）,Höllenritter (Stufe 3),Chevalier des Enfers (Rang 3),Caballero Infernal (Nivel 3),Cavaleiro Infernal (Nível 3),Рыцарь Ада (Уровень 3),Cavaliere Infernale (Livello 3),地獄騎士（第3階）,地狱骑士（阶级3）,지옥 기사 (티어 3),Rycerz Piekieł (Poziom 3),Лицар Пекла (Рівень 3),Helleridder (Niveau 3),Cehennem Şövalyesi (Kademe 3)
L_WD_PALADIN_TIER_2,,Paladin (Tier 2),パラディン（ランク2）,Paladin (Stufe 2),Paladin (Rang 2),Paladín (Nivel 2),Paladino (Nível 2),Паладин (Уровень 2),Paladino (Livello 2),聖騎士（第二階）,圣骑士（阶级2）,성기사 (티어 2),Paladyn (Poziom 2),Паладин (Рівень 2),Paladijn (Niveau 2),Paladin (Kademe 2)
L_WD_PALADIN_TIER_3,,Paladin (Tier 3),パラディン（ランク3）,Paladin (Stufe 3),Paladin (Rang 3),Paladín (Nivel 3),Paladino (Nível 3),Паладин (Уровень 3),Paladino (Livello 3),聖騎士（第3階）,圣骑士（阶级3）,성기사 (티어 3),Paladyn (Poziom 3),Паладин (Рівень 3),Paladijn (Niveau 3),Paladin (Kademe 3)
L_WD_INQUISITOR_TIER_2,,Inquisitor (Tier 2),審問官（ランク2）,Inquisitor (Stufe 2),Inquisiteur (Rang 2),Inquisidor (Nivel 2),Inquisidor (Nível 2),Инквизитор (Уровень 2),Inquisitore (Livello 2),審判官（第二階）,审判官（阶级2）,심문관 (티어 2),Inkwizytor (Poziom 2),Інквізитор (Рівень 2),Inquisiteur (Niveau 2),Sorgucu (Kademe 2)
L_WD_INQUISITOR_TIER_3,,Inquisitor (Tier 3),審問官（ティア3）,Inquisitor (Stufe 3),Inquisiteur (Rang 3),Inquisidor (Nivel 3),Inquisidor (Nível 3),Инквизитор (Уровень 3),Inquisitore (Livello 3),審判官（第3階）,审判官（阶级3）,심문관 (티어 3),Inkwizytor (Poziom 3),Інквізитор (Рівень 3),Inquisiteur (Niveau 3),Sorgucu (Kademe 3)
L_WD_MONK_TIER_2,,Monk (Tier 2),モンク（ランク2）,Mönch (Stufe 2),Moine (Rang 2),Monje (Nivel 2),Monge (Nível 2),Монах (Уровень 2),Monaco (Livello 2),武僧（第二階）,武僧（阶级2）,승려 (티어 2),Mnich (Poziom 2),Монах (Рівень 2),Monnik (Niveau 2),Keşiş (Kademe 2)
L_WD_MONK_TIER_3,,Monk (Tier 3),モンク（ランク3）,Mönch (Stufe 3),Moine (Rang 3),Monje (Nivel 3),Monge (Nível 3),Монах (Уровень 3),Monaco (Livello 3),武僧（第三階）,武僧（阶级3）,승려 (티어 3),Mnich (Poziom 3),Монах (Рівень 3),Monnik (Niveau 3),Keşiş (Kademe 3)
L_WD_NECROMANCER_TIER_2,,Necromancer (Tier 2),ネクロマンサー（ランク2）,Nekromant (Stufe 2),Nécromancien (Rang 2),Nigromante (Nivel 2),Necromante (Nível 2),Некромант (Уровень 2),Negromante (Livello 2),死靈法師（第二階）,死灵法师（阶级2）,사령술사 (2티어),Nekromanta (Poziom 2),Некромант (Рівень 2),Necromancer (Rang 2),Nekromanser (Kademe 2)
L_WD_NECROMANCER_TIER_3,,Necromancer (Tier 3),ネクロマンサー（第3階級）,Nekromant (Stufe 3),Nécromancien (Rang 3),Nigromante (Nivel 3),Necromante (Nível 3),Некромант (Уровень 3),Negromante (Livello 3),死靈法師（第3階）,死灵法师（阶级3）,사령술사 (티어 3),Nekromanta (Poziom 3),Некромант (Рівень 3),Necromancer (Rang 3),Nekromanser (Kademe 3)
L_WD_DEFILER_TIER_2,,Defiler (Tier 2),穢し者（ティア2）,Schänder (Stufe 2),Profanateur (Rang 2),Profanador (Nivel 2),Profanador (Nível 2),Осквернитель (Уровень 2),Profanatore (Livello 2),褻瀆者（第2階）,亵渎者（阶级2）,모독자 (티어 2),Plugawiciel (Poziom 2),Осквернитель (Рівень 2),Bezoedelaar (Niveau 2),Kirletici (Kademe 2)
L_WD_DEFILER_TIER_3,,Defiler (Tier 3),穢れをもたらす者（第3階級）,Schänder (Stufe 3),Profanateur (Rang 3),Profanador (Nivel 3),Profanador (Nível 3),Осквернитель (Уровень 3),Profanatore (Livello 3),褻瀆者（第3階）,亵渎者（阶级3）,모독자 (티어 3),Plugawiciel (Poziom 3),Осквернитель (Рівень 3),Bezoedelaar (Niveau 3),Kirletici (Kademe 3)
L_WD_REAVER_TIER_2,,Reaver (Tier 2),リーヴァー（ランク2）,Plünderer (Stufe 2),Faucheur (Rang 2),Segador (Nivel 2),Ceifador (Nível 2),Разоритель (Уровень 2),Predatore (Livello 2),掠奪者（第2階）,掠夺者（阶级2）,약탈자 (티어 2),Łupieżca (Poziom 2),Жнець (Рівень 2),Plunderaar (Niveau 2),Yağmacı (Kademe 2)
L_WD_REAVER_TIER_3,,Reaver (Tier 3),リーヴァー（第3段階）,Plünderer (Stufe 3),Faucheur (Rang 3),Segador (Nivel 3),Ceifador (Nível 3),Жнец (Уровень 3),Mietitore (Livello 3),掠奪者（第3階）,掠夺者（阶级3）,약탈자 (티어 3),Łupieżca (Poziom 3),Жнець (Рівень 3),Plunderaar (Niveau 3),Yağmacı (Kademe 3)
L_WD_TRIBALIST_TIER_2,,Tribalist (Tier 2),トライバリスト（第2段階）,Stammesangehöriger (Stufe 2),Tribaliste (Rang 2),Tribalista (Nivel 2),Tribalista (Nível 2),Племенной (Уровень 2),Tribalista (Livello 2),部落主義者（第二階）,部落使者（阶级2）,부족주의자 (2단계),Plemiennik (Poziom 2),Трибаліст (Рівень 2),Stammenleider (Niveau 2),Kabileci (Kademe 2)
L_WD_TRIBALIST_TIER_3,,Tribalist (Tier 3),トライバリスト（第3段階）,Stammesanhänger (Stufe 3),Tribaliste (Rang 3),Tribalista (Nivel 3),Tribalista (Nível 3),Племенной (Уровень 3),Tribalista (Livello 3),部落主義者（第3階）,部落使者（阶级3）,부족주의자 (티어 3),Plemiennik (Poziom 3),Трайбаліст (Рівень 3),Stamgezinde (Niveau 3),Kabileci (Kademe 3)
L_WD_SORCERER_TIER_2,,Sorcerer (Tier 2),ソーサラー（ランク2）,Zauberer (Stufe 2),Sorcier (Rang 2),Hechicero (Nivel 2),Feiticeiro (Nível 2),Чародей (Уровень 2),Stregone (Livello 2),巫師（階級 2）,术士（阶级2）,마법사 (티어 2),Czarodziej (Poziom 2),Чаклун (Рівень 2),Tovenaar (Niveau 2),Büyücü (Kademe 2)
L_WD_SORCERER_TIER_3,,Sorcerer (Tier 3),ソーサラー（ランク3）,Zauberer (Stufe 3),Sorcier (Rang 3),Hechicero (Nivel 3),Feiticeiro (Nível 3),Чародей (Уровень 3),Stregone (Livello 3),巫師（第3階）,术士（阶级3）,마법사 (티어 3),Czarodziej (Poziom 3),Чаклун (Рівень 3),Tovenaar (Niveau 3),Büyücü (Kademe 3)
L_WD_TRICKSTER_TIER_2,,Trickster (Tier 2),トリックスター（ランク2）,Trickster (Stufe 2),Filou (Rang 2),Embaucador (Nivel 2),Trapaceiro (Nível 2),Трикстер (Уровень 2),Imbroglione (Livello 2),詭術師（第二階）,诡术师（阶级2）,속임수 전문가 (2단계),Oszust (Poziom 2),Трикстер (Рівень 2),Bedrieger (Niveau 2),Düzenbaz (Kademe 2)
L_WD_TRICKSTER_TIER_3,,Trickster (Tier 3),トリックスター（第3段階）,Trickster (Stufe 3),Filou (Rang 3),Embaucador (Nivel 3),Trapaceiro (Nível 3),Трикстер (Уровень 3),Imbroglione (Livello 3),詭術師（第3階）,诡术师（阶级3）,사기꾼 (티어 3),Oszust (Poziom 3),Трикстер (Рівень 3),Bedrieger (Niveau 3),Düzenbaz (Kademe 3)
L_WD_WARDEN_TIER_1,,Warden (Tier 1),ウォーデン（第1段階）,Wächter (Stufe 1),Gardien (Niveau 1),Guardián (Nivel 1),Guardião (Nível 1),Страж (Уровень 1),Custode (Livello 1),守衛者（第一階）,守护者（阶级1）,감시자 (1티어),Strażnik (Poziom 1),Вартовий (Рівень 1),Bewaker (Niveau 1),Gardiyan (Kademe 1)
L_WD_WARDEN_TIER_2,,Warden (Tier 2),ウォーデン（ランク2）,Wächter (Stufe 2),Gardien (Niveau 2),Guardián (Nivel 2),Guardião (Nível 2),Страж (Уровень 2),Custode (Livello 2),守衛者（第二階）,守护者（阶级2）,감시자 (티어 2),Strażnik (Poziom 2),Вартовий (Рівень 2),Bewaker (Niveau 2),Gardiyan (Kademe 2)
L_WD_WARDEN_TIER_3,,Warden (Tier 3),ウォーデン（第3階級）,Wächter (Stufe 3),Gardien (Niveau 3),Guardián (Nivel 3),Guardião (Nível 3),Страж (Уровень 3),Custode (Livello 3),守衛者（第三階）,守护者（阶级3）,감시자 (티어 3),Strażnik (Poziom 3),Вартовий (Рівень 3),Bewaker (Niveau 3),Gardiyan (Kademe 3)
L_WD_BIG_FUNGUS,,Big Fungus,ビッグファンガス,Großer Pilz,Grand Champignon,Gran Hongo,Fungo Gigante,Большой Гриб,Grande Fungo,大型真菌,大蘑菇,큰 버섯,Wielki Grzyb,Великий Гриб,Grote Zwam,Büyük Mantar
L_WD_CHEESE_HEAD,,Cheese Head,チーズヘッド,Käsekopf,Tête de Fromage,Cabeza de Queso,Cabeça de Queijo,Сырная Голова,Testa di Formaggio,起司頭,奶酪头,치즈 헤드,Serogłowy,Сирна Голова,Kaaskop,Peynir Kafa
L_WD_COYOTE,,Coyote,コヨーテ,Kojote,Coyote,Coyote,Coiote,Койот,Coyote,郊狼,丛林狼,코요테,Kojot,Койот,Coyote,Çakal
L_WD_CRAZY_CAT_PERSON,,Crazy Cat Person,クレイジー・キャット・パーソン,Verrückte Katzenliebhaber,Fou des Chats,Loco Amante de los Gatos,Pessoa Louca dos Gatos,Сумасшедший кошатник,Pazzo degli Amanti dei Gatti,瘋狂貓奴,疯狂猫人,고양이 광인,Szalony Kociarz,Божевільний Котолюб,Gekke Kattenliefhebber,Çılgın Kedi İnsanı
L_WD_E_MOELLENDORFFI,,E. Moellendorffi,E・モエレンドルフィ,E. Moellendorffi,E. Moellendorffi,E. Moellendorffi,E. Moellendorffi,Э. Мёллендорффи,E. Moellendorffi,東亞鱗毛蕨,百花锦蛇,E. 묄렌도르피,E. Moellendorffi,Е. Меллендорффі,E. Moellendorffi,E. Moellendorffi
L_WD_GYM_LEADER_ED,,Gym Leader Ed,ジムリーダーのエド,Arenaleiter Ed,Chef de Gym Ed,Líder de Gimnasio Ed,Líder de Ginásio Ed,Лидер стадиона Эд,Capopalestra Ed,道館館主艾德,道馆馆主艾德,체육관 관장 에드,Lider Sali Ed,Лідер стадіону Ед,Gymleider Ed,Salon Lideri Ed
L_WD_HAVE_A_NICE_DAY,,Have a Nice Day,いい一日を,Einen schönen Tag noch,Bonne journée,Que tengas un buen día,Tenha um Bom Dia,Хорошего дня,Buona Giornata,祝你有個美好的一天,祝你今天愉快,좋은 하루 되세요,Miłego dnia,Гарного дня,Fijne dag nog,İyi Günler
L_WD_KARATE_INSECTOID,,Karate Insectoid,カラテ・インセクトイド,Karate-Insektoid,Insectoïde Karaté,Insectoide de Karate,Insectoide de Karatê,Насекомоид-каратист,Insettide Karateka,空手道昆蟲,空手道虫族,가라테 곤충류,Insektoid Karate,Комаха-каратист,Karate Insectoïde,Karate Böceksi
L_WD_KNIGHT_OF_LEAVES,,Knight of Leaves,リーフナイト,Ritter der Blätter,Chevalier des Feuilles,Caballero de Hojas,Cavaleiro das Folhas,Рыцарь Листвы,Cavaliere delle Foglie,葉之騎士,叶之骑士,나뭇잎 기사,Rycerz Liści,Лицар Листя,Ridder van Bladeren,Yaprak Şövalyesi
L_WD_LORD_HYDRA,,Lord Hydra,ハイドラ卿,Lord Hydra,Seigneur Hydra,Lord Hydra,Lorde Hydra,Лорд Гидра,Lord Hydra,海德拉領主,九头蛇领主,하이드라 군주,Lord Hydra,Лорд Гідра,Heer Hydra,Lord Hydra
L_WD_ORANGUTAN,,Orangutan,オランウータン,Orang-Utan,Orang-outan,Orangután,Orangotango,Орангутан,Orango,紅毛猩猩,猩猩,오랑우탄,Orangutan,Орангутан,Orang-oetan,Orangutan
L_WD_PLAYING_CARD,,Playing Card,トランプ,Spielkarte,Carte à jouer,Carta de Juego,Carta de Jogar,Игральная карта,Carta da Gioco,遊戲卡牌,扑克牌玩家,플레잉 카드,Karta do gry,Гральна карта,Speelkaart,Oyun Kartı
L_WD_PNG_NOT_FOUND,,PNG Not Found,PNG が見つかりません,PNG nicht gefunden,PNG introuvable,PNG no encontrado,PNG Não Encontrado,PNG не найден,PNG non trovato,PNG 未找到,PNG未找到,PNG를 찾을 수 없음,PNG nie znaleziono,PNG не знайдено,PNG niet gevonden,PNG Bulunamadı
L_WD_REAPER,,Reaper,リーパー,Sensenmann,Faucheur,Segador,Ceifador,Жнец,Mietitore,死神,收割者,사신,Żniwiarz,Женець,Maaier,Biçici
L_WD_ROGUE,,Rogue,ローグ,Schurke,Voleur,Pícaro,Ladino,Разбойник,Ladro,盜賊,盗贼,도적,Łotrzyk,Розбійник,Schurk,Haydut
L_WD_RUBEDO,,Rubedo,ルベド,Rubedo,Rubedo,Rubedo,Rubedo,Рубедо,Rubedo,赤鉛,赤化,루베도,Rubedo,Рубедо,Rubedo,Rubedo
L_WD_SILVER_GOLEM,,Silver Golem,シルバーゴーレム,Silberner Golem,Golem d'Argent,Gólem de Plata,Golem de Prata,Серебряный Голем,Golem d'Argento,銀魔像,银魔像,은빛 골렘,Srebrny Golem,Срібний Голем,Zilveren Golem,Gümüş Golem
L_WD_SILVERBACK_GORILLA,,Silverback Gorilla,シルバーバックゴリラ,Silberrücken-Gorilla,Gorille à dos argenté,Gorila Espalda Plateada,Gorila-das-Costas-Prateadas,Серебристоспинная Горилла,Gorilla Schiena Argentata,銀背大猩猩,银背大猩猩,은등 고릴라,Srebrnogrzbiety Goryl,Срібноспинна Горила,Zilverruggorilla,Gümüş Sırtlı Goril
L_WD_SNAIL,,Snail,カタツムリ,Schnecke,Escargot,Caracol,Caracol,Улитка,Lumaca,蝸牛,蜗牛,달팽이,Ślimak,Равлик,Slak,Salyangoz
L_WD_THELANN,,Thelann,テラン,Thelann,Thelann,Thelann,Thelann,Теланн,Thelann,瑟蘭,塞兰,텔란,Thelann,Телан,Thelann,Thelann
L_WD_TOUCAN,,Toucan,トゥーカン,Tukan,Toucan,Tucán,Tucano,Тукан,Tucano,嘟嘟鳥,巨嘴鸟,투칸,Tukan,Тукан,Toekan,Tukan
L_WD_VIKING_RAGER,,Viking Rager,バイキング・レイジャー,Wikinger-Berserker,Fureur Viking,Furia Vikinga,Fúria Viking,Берсерк Викинг,Furia Vichinga,維京狂戰士,维京狂战士,바이킹 레이저,Szał Wikinga,Лють Вікінга,Vikingwoede,Viking Öfkesi
L_WD_VISAGE_OF_THE_FIREBRAND,,Visage of the Firebrand,炎の烙印の面影,Antlitz des Feuerzeichens,Visage du Provocateur,Semblante del Incendiario,Semblante do Incendiário,Лик Огненного Клейма,Volto del Ribelle Ardente,烈焰之容,狂热分子之容,불꽃투사의 얼굴,Oblicze Podżegacza,Лик Бунтаря,Gelaat van de Vuurdrager,Ateş Taşıyıcının Çehresi
L_WD_WANDERER,,Wanderer,放浪者,Wanderer,Vagabond,Vagabundo,Andarilho,Странник,Viandante,流浪者,漂泊者,방랑자,Wędrowiec,Мандрівник,Zwerver,Gezgin
L_WD_WANDERER2,,Wanderer 2,放浪者2,Wanderer 2,Vagabond 2,Vagabundo 2,Andarilho 2,Странник 2,Vagabondo 2,流浪者 2,漂泊者2,방랑자 2,Wędrowiec 2,Мандрівник 2,Zwerver 2,Gezgin 2
L_WD_WHITE_RAT,,White Rat,白ネズミ,Weiße Ratte,Rat Blanc,Rata Blanca,Rato Branco,Белая Крыса,Ratto Bianco,白鼠,白鼠,흰쥐,Biały Szczur,Білий Щур,Witte Rat,Beyaz Sıçan
L_WD_ROYAL_TIER_1,,Royal (Tier 1),ロイヤル（ランク1）,Königlich (Stufe 1),Royal (Rang 1),Real (Nivel 1),Real (Nível 1),Королевский (Уровень 1),Reale (Livello 1),皇家 (第1階),皇室成员（阶级1）,왕실 (1등급),Królewski (Poziom 1),Королівський (Рівень 1),Koninklijk (Niveau 1),Kraliyet (Kademe 1)
L_WD_ROYAL_TIER_2,,Royal (Tier 2),ロイヤル（ランク2）,Königlich (Stufe 2),Royal (Rang 2),Real (Nivel 2),Real (Nível 2),Королевский (Уровень 2),Reale (Livello 2),皇家 (階級 2),皇室成员（阶级2）,왕실 (티어 2),Królewski (Poziom 2),Королівський (Рівень 2),Koninklijk (Niveau 2),Kraliyet (Kademe 2)
L_WD_ROYAL_TIER_3,,Royal (Tier 3),ロイヤル（ランク3）,Königlich (Stufe 3),Royal (Rang 3),Real (Nivel 3),Real (Nível 3),Королевский (Уровень 3),Reale (Livello 3),皇家 (第3階),皇室成员（阶级3）,왕실 (티어 3),Królewski (Poziom 3),Королівський (Рівень 3),Koninklijk (Niveau 3),Kraliyet (Kademe 3)
L_WD_SIEGEMASTER_TIER_1,,Siegemaster (Tier 1),シージマスター（第1段階）,Belagerungsmeister (Stufe 1),Maître de Siège (Rang 1),Maestro de Asedio (Nivel 1),Mestre de Cerco (Nível 1),Мастер Осады (Уровень 1),Maestro d'Assedio (Livello 1),攻城大師（第1階）,围城大师（阶级1）,공성 전문가 (1등급),Mistrz Oblężenia (Poziom 1),Майстер Облоги (Рівень 1),Belegeringsmeester (Niveau 1),Kuşatma Ustası (Kademe 1)
L_WD_SIEGEMASTER_TIER_2,,Siegemaster (Tier 2),シージマスター（ランク2）,Belagerungsmeister (Stufe 2),Maître de Siège (Rang 2),Maestro de Asedio (Nivel 2),Mestre de Cerco (Nível 2),Мастер Осады (Уровень 2),Maestro d'Assedio (Livello 2),攻城大師（階級2）,围城大师（阶级2）,공성 전문가 (티어 2),Mistrz Oblężenia (Poziom 2),Майстер Облоги (Рівень 2),Belegeringsmeester (Niveau 2),Kuşatma Ustası (Kademe 2)
L_WD_SIEGEMASTER_TIER_3,,Siegemaster (Tier 3),シージマスター（第3段階）,Belagerungsmeister (Stufe 3),Maître de Siège (Rang 3),Maestro de Asedio (Nivel 3),Mestre de Cerco (Nível 3),Мастер Осады (Уровень 3),Maestro d'Assedio (Livello 3),攻城大師（第3階）,围城大师（阶级3）,공성 대가 (티어 3),Mistrz Oblężenia (Poziom 3),Майстер Облоги (Рівень 3),Belegeringsmeester (Niveau 3),Kuşatma Ustası (Kademe 3)
L_WD_WINDRUNNER_TIER_1,,Windrunner (Tier 1),ウィンドランナー（第1段階）,Windläufer (Stufe 1),Coureur des Vents (Rang 1),Correvientos (Nivel 1),Corredora dos Ventos (Nível 1),Ветробег (Уровень 1),Corridore del Vento (Livello 1),風行者（第一階）,风行者（阶级1）,윈드러너 (티어 1),Biegacz Wiatru (Poziom 1),Вітрогін (Рівень 1),Windloper (Niveau 1),Rüzgarkoşucu (Kademe 1)
L_WD_WINDRUNNER_TIER_2,,Windrunner (Tier 2),ウィンドランナー（ランク2）,Windläufer (Stufe 2),Courvent (Rang 2),Correvientos (Nivel 2),Corredora dos Ventos (Nível 2),Ветрокрыл (Уровень 2),Corridore del Vento (Livello 2),風行者（第二階）,风行者（阶级2）,윈드러너 (티어 2),Wiatrobieżca (Poziom 2),Вітрогін (Рівень 2),Windloper (Niveau 2),Rüzgarkoşucu (Kademe 2)
L_WD_WINDRUNNER_TIER_3,,Windrunner (Tier 3),ウィンドランナー（ランク3）,Windläufer (Stufe 3),Coureur des Vents (Rang 3),Correvientos (Nivel 3),Corredora dos Ventos (Nível 3),Ветрокрыл (Уровень 3),Corridore del Vento (Livello 3),風行者（第3階）,风行者（阶级3）,윈드러너 (티어 3),Wiatrobieżca (Poziom 3),Вітрогін (Рівень 3),Windloper (Niveau 3),Rüzgarkoşucu (Kademe 3)
L_WD_WITCH_DOCTOR_TIER_1,,Witch Doctor (Tier 1),呪術医（第1段階）,Hexendoktor (Stufe 1),Docteur Sorcier (Niveau 1),Médico Brujo (Nivel 1),Médico Bruxo (Nível 1),Знахарь (Уровень 1),Dottore Stregone (Livello 1),巫醫（第1階）,巫医（阶级1）,주술사 (1티어),Znachor (Poziom 1),Знахар (Рівень 1),Heksenmeester (Niveau 1),Büyücü Doktor (Kademe 1)
L_WD_WITCH_DOCTOR_TIER_2,,Witch Doctor (Tier 2),呪術医（ランク2）,Hexendoktor (Stufe 2),Docteur Sorcier (Niveau 2),Médico Brujo (Nivel 2),Médico Bruxo (Nível 2),Знахарь (Уровень 2),Dottore Stregone (Livello 2),巫醫（第二階）,巫医（阶级2）,마녀 의사 (티어 2),Znachor (Poziom 2),Знахар (Рівень 2),Heksenmeester (Niveau 2),Büyücü Doktor (Kademe 2)
L_WD_WITCH_DOCTOR_TIER_3,,Witch Doctor (Tier 3),呪術医（第3段階）,Hexendoktor (Stufe 3),Docteur Sorcier (Niveau 3),Médico Brujo (Nivel 3),Médico Bruxo (Nível 3),Знахарь (Уровень 3),Dottore Stregone (Livello 3),巫醫（第3階）,巫医（阶级3）,마녀 의사 (티어 3),Znachor (Poziom 3),Знахар (Рівень 3),Heksendokter (Niveau 3),Büyücü Doktor (Kademe 3)
L_WD_DREAMSHADE_TIER_1,,Dreamshade (Tier 1),ドリームシェイド（ランク1）,Traumschatten (Stufe 1),Ombrerêve (Rang 1),Sombra de Sueños (Nivel 1),Sombra dos Sonhos (Nível 1),Сновидная тень (Уровень 1),Ombrasogno (Livello 1),夢影 (第1階),梦影行者（阶级1）,몽환의 그림자 (1등급),Cieniosennik (Poziom 1),Сновітінь (Рівень 1),Droomschaduw (Niveau 1),Düşgölgesi (Kademe 1)
L_WD_DREAMSHADE_TIER_2,,Dreamshade (Tier 2),ドリームシェイド（ランク2）,Traumschatten (Stufe 2),Ombrerêve (Rang 2),Sombra de Sueños (Nivel 2),Sombra dos Sonhos (Nível 2),Сновидная тень (Уровень 2),Ombrasogno (Livello 2),夢影 (第二階),梦影行者（阶级2）,몽환의 그림자 (티어 2),Cieniosennik (Poziom 2),Тіньосон (Рівень 2),Droomschaduw (Niveau 2),Düşgölgesi (Kademe 2)
L_WD_DREAMSHADE_TIER_3,,Dreamshade (Tier 3),ドリームシェイド（ランク3）,Traumschatten (Stufe 3),Ombrerêve (Rang 3),Sombra de Sueños (Nivel 3),Sombra dos Sonhos (Nível 3),Сумеречный яд (Уровень 3),Ombrasogno (Livello 3),夢影 (第3階),梦影行者（阶级3）,몽환의 그림자 (티어 3),Cieniosennik (Poziom 3),Тіньосон (Рівень 3),Droomschaduw (Niveau 3),Düşgölgesi (Kademe 3)
L_WD_BALLERS_OUTFIT,,Baller's Outfit,バラーの衣装,Baller-Outfit,Tenue de Flambeur,Atuendo de Baller,Traje do Jogador,Костюм Щёголя,Completo da Giocatore,球霸裝束,球手装束,볼러의 복장,Strój Kozaka,Костюм Гравця,Outfit van een Baller,Baller Kıyafeti
L_WD_BLACK_PYROMANCER,,Black Pyromancer,黒の火術師,Schwarzer Pyromant,Pyromancien Noir,Piromante Negro,Piromante Negro,Чёрный Пиромант,Piromante Nero,黑炎術士,黑焰术士,검은 화염술사,Czarny Piromanta,Чорний Піромант,Zwarte Pyromancer,Kara Piromancer
L_WD_CHAOS_THEORIST,,Chaos Theorist,カオス理論家,Chaostheoretiker,Théoricien du Chaos,Teórico del Caos,Teórico do Caos,Теоретик Хаоса,Teorico del Caos,混沌理論家,混沌理论家,혼돈 이론가,Teoretyk Chaosu,Теоретик Хаосу,Chaostheoreticus,Kaos Teorisyeni
L_WD_FISH_OUT_OF_WATER,,Fish Out Of Water,場違い,Fisch auf dem Trockenen,Poisson Hors de l'Eau,Pez Fuera del Agua,Peixe Fora D'água,Не в своей стихии,Pesce Fuor D'Acqua,離水之魚,离水之鱼,물 만난 물고기,Ryba Na Lądzie,Риба На Суші,Vis Op Het Droge,Suda Balık
L_WD_GLIMMERING_WATCHER,,Glimmering Watcher,輝く監視者,Schimmernder Beobachter,Observateur Scintillant,Observador Resplandeciente,Observador Cintilante,Сверкающий Страж,Osservatore Scintillante,閃爍守望者,微光观察者,빛나는 감시자,Lśniący Obserwator,Мерехтливий Спостерігач,Glinsterende Wachter,Parlayan Gözcü
L_WD_HERO_OF_LIGHT,,Hero of Light,光の勇者,Held des Lichts,Héros de Lumière,Héroe de Luz,Herói da Luz,Герой Света,Eroe della Luce,光之英雄,光之勇者,빛의 영웅,Bohater Światła,Герой Світла,Held van het Licht,Işığın Kahramanı
L_WD_LAVENDER_SHEEP,,Lavender Sheep,ラベンダーシープ,Lavendel-Schaf,Mouton Lavande,Oveja Lavanda,Ovelha Lavanda,Лавандовая Овца,Pecora Lavanda,薰衣草羊,薰衣草羊,라벤더 양,Lawendowa Owca,Лавандова Вівця,Lavendel Schaap,Lavanta Koyun
L_WD_GARB_OF_DEEP_DARKNESS,,Garb of Deep Darkness,深淵の闇の衣,Gewand der Tiefen Finsternis,Tenue des Ténèbres Profondes,Atuendo de Oscuridad Profunda,Veste da Escuridão Profunda,Одеяние Глубокой Тьмы,Veste dell'Oscurità Profonda,深邃黑暗之袍,深邃黑暗之袍,깊은 어둠의 의복,Szata Głębokiej Ciemności,Вбрання Глибокої Темряви,Gewaad van Diepe Duisternis,Derin Karanlığın Giysisi
L_WD_PRIVATE_EYE,,Private Eye,探偵,Privatdetektiv,Détective Privé,Detective Privado,Detetive Particular,Частный детектив,Investigatore Privato,私家偵探,私家侦探,사립 탐정,Prywatny Detektyw,Приватний детектив,Privédetective,Özel Dedektif
L_WD_GARMENTS_OF_LITTLE_LETO,,Garments of Little Leto,リトル・レトの衣装,Gewänder des kleinen Leto,Vêtements du Petit Leto,Vestimentas del Pequeño Leto,Vestes do Pequeno Leto,Одеяния Малого Лето,Vesti del Piccolo Leto,小雷托的衣裝,小利托的服饰,작은 레토의 의복,Szaty Małego Leto,Вбрання Малого Лето,Gewaden van Kleine Leto,Küçük Leto'nun Giysileri
L_WD_BLOOD_SHROUD,,Blood Shroud,血の外套,Blutschleier,Linceul de Sang,Manto de Sangre,Manto de Sangue,Кровавый Покров,Sudario di Sangue,血之殮衣,血红裹尸布,피의 장막,Całun Krwi,Кривава Пелена,Bloedmantel,Kan Örtüsü
L_WD_ADORABLE_KITTY,,Adorable Kitty,かわいい子猫,Niedliche Katze,Chaton Adorable,Gatito Adorable,Gatinho Adorável,Очаровательный Котёнок,Gattino Adorabile,可愛小貓咪,可爱猫猫,사랑스러운 고양이,Uroczy Kotek,Чарівне кошеня,Schattig Katje,Sevimli Kedicik
L_WD_AIRLINE_FOOD,,Airline Food,機内食,Flugzeugessen,Nourriture d'avion,Comida de avión,Comida de Avião,Еда в самолёте,Cibo da Aereo,飛機餐,航空餐食,기내식,Jedzenie Lotnicze,Їжа в літаку,Vliegtuigmaaltijd,Uçak Yemeği
L_WD_ALEXANDRIA_FANATIC,,Alexandria Fanatic,アレクサンドリアの狂信者,Alexandria-Fanatiker,Fanatique d'Alexandrie,Fanático de Alejandría,Fanático de Alexandria,Фанатик Александрии,Fanatico di Alexandria,亞歷山卓狂熱者,亚历山大狂信徒,알렉산드리아 광신자,Fanatyk Aleksandrii,Фанатик Александрії,Alexandrijnse Fanatiekeling,Alexandria Fanatik
L_WD_AMBUSH,,Ambush,奇襲,Hinterhalt,Embuscade,Emboscada,Emboscada,Засада,Imboscata,伏擊,伏击者,기습,Zasadzka,Засідка,Hinderlaag,Pusu
L_WD_ANGEL_OF_CORRUPTION,,Angel of Corruption,堕落の天使,Engel der Verderbnis,Ange de la Corruption,Ángel de Corrupción,Anjo da Corrupção,Ангел Порчи,Angelo della Corruzione,腐化天使,腐化天使,타락의 천사,Anioł Zepsucia,Ангел Розбещення,Engel van Corruptie,Yozlaşma Meleği
L_WD_BIG_BEETLE,,Big Beetle,ビッグビートル,Großer Käfer,Gros Scarabée,Escarabajo Grande,Besouro Gigante,Большой Жук,Scarabeo Gigante,大甲蟲,大甲虫,큰 딱정벌레,Wielki Żuk,Великий Жук,Grote Kever,Büyük Böcek
L_WD_BLADE,,Blade,刀,Klinge,Lame,Espada,Lâmina,Клинок,Lama,刀鋒,刀锋,검,Ostrze,Клинок,Kling,Kılıç
L_WD_BLOODY_PALADIN,,Bloody Paladin,血染の聖騎士,Blutiger Paladin,Paladin Sanglant,Paladín Sangriento,Paladino Sangrento,Кровавый Паладин,Paladino Sanguinario,血腥聖騎士,血腥圣骑士,피의 성기사,Krwawy Paladyn,Кривавий Паладин,Bloedige Paladijn,Kanlı Şövalye
L_WD_BORDER_COLLIE,,Border Collie,ボーダー・コリー,Border Collie,Border Collie,Border Collie,Border Collie,Бордер-колли,Border Collie,邊境牧羊犬,边境牧羊犬,보더 콜리,Border Collie,Бордер-колі,Border Collie,Border Collie
L_WD_BUMBLEBIG_KEEPER,,Bumblebig Keeper,バンブルビッグの番人,Bumblebig-Hüter,Gardien des Bourdongéants,Guardián de Abejorros Gigantes,Guardião do Zumbidão,Хранитель Шмелевеликана,Custode di Bumblebig,大黃蜂守護者,大黄蜂饲养员,범블빅 키퍼,Strażnik Wielkotrzmieli,Хранитель Джмелевелета,Hommelreus Bewaarder,Bumblebig Bekçisi
L_WD_CALICO_STUFFED_CAT,,Calico Stuffed Cat,カリコのぬいぐるみ猫,Kattun-Stoffkatze,Chat en Peluche Calico,Gato de Peluche Calico,Gato de Pelúcia Calico,Плюшевый кот Калико,Gatto di Peluche Calico,花布絨毛貓,毛绒三花猫,칼리코 인형 고양이,Pluszowy Kot Calico,Плюшевий кіт Каліко,Calico Knuffelkat,Calico Oyuncak Kedi
L_WD_CARETAKER_ROBES,,Caretaker Robes,管理人のローブ,Gewänder des Hüters,Robe de Gardien,Túnica del Guardián,Vestes do Guardião,Одеяния Смотрителя,Vesti del Custode,看守者長袍,看护者长袍,관리인 로브,Szaty Opiekuna,Мантія Доглядача,Verzorgersgewaad,Bakıcı Cüppesi
L_WD_CARRE,,Carre,カレ,Carre,Carré,Carre,Carre,Карре,Carre,卡雷,卡雷,카레,Carre,Карре,Carre,Kare
L_WD_CHILD_OF_FROGS,,Child of Frogs,カエルの子,Kind der Frösche,Enfant des Grenouilles,Hijo de Ranas,Filho dos Sapos,Дитя Лягушек,Figlio delle Rane,蛙之子,蛙之子,개구리의 자식,Dziecko Żab,Дитя Жаб,Kind van Kikkers,Kurbağaların Çocuğu
L_WD_CHIVALROUS_ARMOR,,Chivalrous Armor,騎士の鎧,Ritterliche Rüstung,Armure Chevaleresque,Armadura Caballeresca,Armadura Cavalheiresca,Рыцарские доспехи,Armatura Cavalleresca,騎士之甲,骑士铠甲,기사도의 갑옷,Rycerska Zbroja,Лицарський обладунок,Ridderlijk Pantser,Şövalye Zırhı
L_WD_COSMIC_CAT,,Cosmic Cat,コズミックキャット,Kosmische Katze,Chat Cosmique,Gato Cósmico,Gato Cósmico,Космический Кот,Gatto Cosmico,宇宙貓,宇宙猫猫,우주 고양이,Kosmiczny Kot,Космічний Кіт,Kosmische Kat,Kozmik Kedi
L_WD_CRIMSON_FUTURE,,Crimson Future,クリムゾン・フューチャー,Purpurne Zukunft,Avenir Pourpre,Futuro Carmesí,Futuro Carmesim,Багровое Будущее,Futuro Cremisi,赤紅未來,赤红未来,진홍의 미래,Karmazynowa Przyszłość,Багряне Майбутнє,Karmozijnen Toekomst,Kızıl Gelecek
L_WD_CULT_LEADER,,Cult Leader,カルト教団の首領,Kultführer,Chef de culte,Líder de Culto,Líder de Culto,Лидер культа,Capo Culto,邪教首領,邪教头目,광신도 지도자,Przywódca Kultu,Лідер культу,Cultleider,Tarikat Lideri
L_WD_DARK_AMALGAM,,Dark Amalgam,ダークアマルガム,Dunkles Amalgam,Amalgame Sombre,Amalgama Oscura,Amálgama Sombrio,Тёмный Амальгам,Amalgama Oscuro,黑暗融合體,黑暗融合体,어둠의 융합체,Mroczny Amalgamat,Темне Злиття,Duistere Versmelting,Karanlık Birleşim
L_WD_DARK_KNIGHT,,Dark Knight,ダークナイト,Dunkler Ritter,Chevalier Noir,Caballero Oscuro,Cavaleiro Negro,Тёмный Рыцарь,Cavaliere Oscuro,闇騎士,黑暗骑士,암흑기사,Mroczny Rycerz,Темний Лицар,Duistere Ridder,Kara Şövalye
L_WD_DARKSOUL_ELF,,Darksoul Elf,ダークソウル・エルフ,Dunkelseelen-Elf,Elfe d'Âme Sombre,Elfo de Alma Oscura,Elfo de Alma Sombria,Темнодушный эльф,Elfo Anima Oscura,黯魂精靈,暗魂精灵,암흑영혼 엘프,Mrocznoduszy Elf,Темнодуший Ельф,Duisterziel Elf,Karanlık Ruhlu Elf
L_WD_DEMONIC_REALTOR,,Demonic Realtor,悪魔の不動産業者,Dämonischer Immobilienmakler,Agent Immobilier Démoniaque,Agente Inmobiliario Demoníaco,Corretor Demoníaco,Демонический Риелтор,Agente Immobiliare Demoniaco,惡魔房仲,恶魔房产经纪人,악마의 부동산 중개인,Demoniczny Pośrednik,Демонічний Ріелтор,Demonische Makelaar,Şeytani Emlakçı
L_WD_DOG_SUIT,,Dog Suit,犬の着ぐるみ,Hundekostüm,Costume de Chien,Traje de Perro,Traje de Cachorro,Костюм Собаки,Costume da Cane,狗狗裝,狗狗套装,개 옷,Psi Kostium,Костюм Собаки,Hondenpak,Köpek Kostümü
L_WD_DOLPHIN,,Dolphin,イルカ,Delfin,Dauphin,Delfín,Golfinho,Дельфин,Delfino,海豚,海豚,돌고래,Delfin,Дельфін,Dolfijn,Yunus
L_WD_DR_PICKLE_O,,Dr. Pickle O,ピクルオ博士,Dr. Pickle O,Dr. Pickle O,Dr. Pickle O,Dr. Pickle O,Доктор Огурчик О,Dr. Cetriolino,酸黃瓜博士,泡菜博士,피클 박사,Dr. Pickle O,Доктор Огірок О,Dr. Pickle O,Dr. Pickle O
L_WD_DRAGON_KNIGHT,,Dragon Knight,ドラゴンナイト,Drachenritter,Chevalier Dragon,Caballero Dragón,Cavaleiro Dragão,Рыцарь Дракона,Cavaliere del Drago,龍騎士,龙骑士,드래곤 기사,Smoczy Rycerz,Лицар Дракона,Drakenridder,Ejder Şövalyesi
L_WD_DREAMS_OF_THE_DESERT,,Dreams of the Desert,砂漠の夢,Träume der Wüste,Rêves du Désert,Sueños del Desierto,Sonhos do Deserto,Сны Пустыни,Sogni del Deserto,沙漠之夢,沙漠之梦,사막의 꿈,Sny Pustyni,Мрії Пустелі,Dromen van de Woestijn,Çölün Düşleri
L_WD_DYONISUS,,Dyonisus,ディオニュソス,Dyonisus,Dyonisus,Dioniso,Dionísio,Дионис,Dioniso,戴奧尼索斯,狄俄尼索斯,디오니수스,Dionizos,Діоніс,Dyonisus,Dyonisus
L_WD_ELDRITCH_ARMOR,,Eldritch Armor,エルドリッチアーマー,Arkane Rüstung,Armure Mystique,Armadura Arcana,Armadura Arcana,Мистические Доспехи,Armatura Eldritch,神秘護甲,异能护甲,신비한 갑옷,Pradawny Pancerz,Примарний обладунок,Mystieke Wapenrusting,Esrarengiz Zırh
L_WD_ENGINEER,,Engineer,エンジニア,Ingenieur,Ingénieur,Ingeniero,Engenheiro,Инженер,Ingegnere,工程師,工程师,기술자,Inżynier,Інженер,Ingenieur,Mühendis
L_WD_FALLEN_HERO,,Fallen Hero,堕ちた英雄,Gefallener Held,Héros Déchu,Héroe Caído,Herói Caído,Падший Герой,Eroe Caduto,墮落英雄,堕落英雄,몰락한 영웅,Upadły Bohater,Полеглий Герой,Gevallen Held,Düşmüş Kahraman
L_WD_FALLEN_SISTER,,Fallen Sister,堕ちた姉妹,Gefallene Schwester,Sœur Déchue,Hermana Caída,Irmã Caída,Падшая Сестра,Sorella Caduta,墮落姊妹,堕落修女,타락한 자매,Upadła Siostra,Полегла Сестра,Gevallen Zuster,Düşmüş Kız Kardeş
L_WD_FAMILIAR_ARTIST,,Familiar Artist,使い魔の芸術家,Vertrauter Künstler,Artiste Familier,Artista Familiar,Artista Familiar,Знакомый Художник,Artista Familiare,熟練藝術家,熟练艺术家,친숙한 예술가,Artysta Przyzwań,Знайомий Художник,Vertrouwde Kunstenaar,Tanıdık Sanatçı
L_WD_FINELY_DRESSED_SAMURAI,,Finely Dressed Samurai,上品な装いの侍,Vornehm gekleideter Samurai,Samouraï Élégamment Vêtu,Samurái Elegantemente Vestido,Samurai Elegantemente Vestido,Изысканно Одетый Самурай,Samurai Elegantemente Vestito,衣著精緻的武士,衣着考究的武士,멋지게 차려입은 사무라이,Wytwornie Ubrany Samuraj,Вишукано Одягнений Самурай,Verfijnd Geklede Samoerai,İyi Giyimli Samuray
L_WD_FIONNA_EMPRESS_OF_CATS,,"Fionna, Empress of Cats",フィオナ、猫の女帝,"Fionna, Kaiserin der Katzen","Fionna, Impératrice des Chats","Fionna, Emperatriz de los Gatos","Fionna, Imperatriz dos Gatos","Фионна, Императрица Кошек","Fionna, Imperatrice dei Gatti",菲歐娜，貓之女皇,猫之女皇菲奥娜,"피오나, 고양이의 여제","Fionna, Cesarzowa Kotów","Фіонна, Імператриця Котів","Fionna, Keizerin der Katten","Fionna, Kedilerin İmparatoriçesi"
L_WD_FOLLOWER_OF_THE_OLD_ONES,,Follower of the Old Ones,古き者の信奉者,Anhänger der Alten,Adepte des Anciens,Seguidor de los Antiguos,Seguidor dos Antigos,Последователь Древних,Seguace degli Antichi,古老者的追隨者,古神追随者,고대 존재의 추종자,Wyznawca Starożytnych,Послідовник Древніх,Volgeling van de Ouden,Eski Varlıkların Müridi
L_WD_FOREST_MAGE,,Forest Mage,森の魔術師,Waldmagier,Mage de la Forêt,Mago del Bosque,Mago da Floresta,Лесной маг,Mago della Foresta,森林法師,森林法师,숲 마법사,Mag Leśny,Лісовий Маг,Bosmage,Orman Büyücüsü
L_WD_FROG,,Frog,カエル,Frosch,Grenouille,Rana,Sapo,Лягушка,Rana,青蛙,青蛙,개구리,Żaba,Жаба,Kikker,Kurbağa
L_WD_FUTURE_IDOL,,Future Idol,フューチャーアイドル,Future Idol,Future Idol,Ídolo del Futuro,Ídolo do Futuro,Будущий Идол,Future Idol,未來偶像,未来偶像,미래의 아이돌,Przyszła Idolka,Майбутня Айдол,Toekomstige Idool,Gelecek İdolü
L_WD_GARMENTS_OF_THE_WATER_MAN,,Garments of the Water Man,水人の衣装,Gewänder des Wassermanns,Vêtements de l'Homme Aquatique,Vestimentas del Hombre de Agua,Vestes do Homem da Água,Одеяния Водяного,Vesti dell'Uomo d'Acqua,水人之衣,水人之衣,물의 사나이의 의복,Szaty Wodnego Człowieka,Вбрання Водяника,Gewaden van de Waterman,Su Adamının Giysileri
L_WD_GARMENTS_OF_THE_WISE,,Garments of the Wise,賢者の衣装,Gewänder der Weisen,Habits du Sage,Vestimentas del Sabio,Vestes do Sábio,Одеяния Мудреца,Vesti del Saggio,智者之袍,智者之袍,현자의 의복,Szaty Mędrca,Шати Мудреця,Gewaden van de Wijze,Bilgelerin Giysileri
L_WD_GAZER,,Gazer,ゲイザー,Gazer,Scrutateur,Contemplador,Observador,Созерцатель,Osservatore,凝視者,凝视者,게이저,Obserwator,Спостерігач,Gazer,Bakıcı
L_WD_GRAVEKEEPER,,Gravekeeper,墓守,Grabwächter,Gardien des tombes,Guardián de tumbas,Guardião do Cemitério,Хранитель могил,Custode delle Tombe,墓園守衛,守墓人,묘지기,Strażnik Grobów,Хранитель могил,Grafbewaarder,Mezar Bekçisi
L_WD_GROMPSH,,Grompsh,グロンプシュ,Grompsh,Grompsh,Grompsh,Grompsh,Громпш,Grompsh,葛隆普什,格隆普什,그롬프쉬,Grompsh,Громпш,Grompsh,Grompsh
L_WD_HAT_WIZARD,,Hat Wizard,帽子魔法使い,Hut-Zauberer,Sorcier à Chapeau,Mago del Sombrero,Mago do Chapéu,Волшебник в Шляпе,Mago del Cappello,帽子巫師,帽子巫师,모자 마법사,Czarodziej Kapeluszy,Чарівник у Капелюсі,Hoedentovenaar,Şapka Büyücüsü
L_WD_HIDDEN_MEANING,,Hidden Meaning,隠された意味,Verborgene Bedeutung,Sens Caché,Significado Oculto,Significado Oculto,Скрытый Смысл,Significato Nascosto,隱藏含義,隐藏含义,숨겨진 의미,Ukryte Znaczenie,Прихований сенс,Verborgen Betekenis,Gizli Anlam
L_WD_HORNED_LICH,,Horned Lich,角のある死霊術師,Gehörnter Lich,Liche Cornue,Liche Cornudo,Lich Chifrudo,Рогатый лич,Lich Cornuto,角魔巫妖,长角巫妖,뿔 달린 리치,Rogaty Licz,Рогатий ліч,Gehoornde Lich,Boynuzlu Lİch
L_WD_FAERN,,Faern,ファーン,Faern,Faern,Faern,Faern,Фаэрн,Faern,法恩,法恩,파언,Faern,Фаерн,Faern,Faern
L_WD_INFERNAL_CARAPACE,,Infernal Carapace,地獄の甲殻,Höllischer Panzer,Carapace Infernale,Caparazón Infernal,Carapaça Infernal,Адский Панцирь,Corazza Infernale,地獄甲殼,地狱背甲,지옥의 갑각,Piekielny Pancerz,Пекельний Панцир,Helse Pantser,Cehennemî Kabuk
L_WD_JAREDS_MAGICAL_ATTIRE,,Jared's Magical Attire,ジャレッドの魔法の衣装,Jareds magische Kleidung,Tenue Magique de Jared,Atuendo Mágico de Jared,Traje Mágico de Jared,Магическое одеяние Джареда,Abito Magico di Jared,傑瑞德的魔法服飾,杰瑞德的魔法服饰,제라드의 마법 의상,Magiczny Strój Jareda,Магічне вбрання Джареда,Jareds Magische Uitrusting,Jared'ın Büyülü Kıyafeti
L_WD_JELLYFISH,,Jellyfish,クラゲ,Qualle,Méduse,Medusa,Água-viva,Медуза,Medusa,水母,水母,해파리,Meduza,Медуза,Kwal,Denizanası
L_WD_JIMLYS_ROBES,,Jimly's Robes,ジムリーのローブ,Jimlys Roben,Robes de Jimly,Túnicas de Jimly,Mantos de Jimly,Мантии Джимли,Vesti di Jimly,吉姆利的長袍,吉姆利的长袍,짐리의 로브,Szaty Jimly'ego,Мантії Джимлі,Jimly's Gewaden,Jimly'nin Cübbeleri
L_WD_KAISERS_REGALIA,,Kaiser's Regalia,カイザーの戦装束,Kaisers Insignien,Regalia de Kaiser,Regalia del Káiser,Regalia do Kaiser,Регалии Кайзера,Regalia del Kaiser,凱薩的御用裝備,凯撒的盛装,카이저의 의장,Regalia Cesarza,Регалії Кайзера,Keizerlijk Ornaat,Kaiser'in Saltanat Alametleri
L_WD_KITSUNE,,Kitsune,キツネ,Kitsune,Kitsune,Kitsune,Kitsune,Кицунэ,Kitsune,狐妖,狐妖,키츠네,Kitsune,Кіцуне,Kitsune,Kitsune
L_WD_LAMPLIGHTER,,Lamplighter,ランプ灯火師,Laternenanzünder,Allumeur de réverbères,Farolero,Acendedor de Lampiões,Фонарщик,Lampionaio,燈夫,点灯人,등불지기,Latarnik,Ліхтарник,Lantaarnopsteker,Fenerci
L_WD_LANDO_THE_GROUCHY,,Lando the Grouchy,ランド・ザ・グラウチー,Lando der Griesgram,Lando le Grincheux,Lando el Gruñón,"Lando, o Rabugento",Ландо Ворчливый,Lando il Burbero,蘭多老脾氣,暴躁的兰多,심술쟁이 랜도,Lando Zrzęda,Ландо Буркотун,Lando de Knorrige,Huysuz Lando
L_WD_LAWYER_WORM,,Lawyer Worm,弁護士ワーム,Anwalts-Wurm,Ver Avocat,Gusano Abogado,Minhoca Advogada,Червь-адвокат,Verme Avvocato,律師蟲,律师蠕虫,변호사 벌레,Robak Prawnik,Хробак-адвокат,Advocaat Worm,Avukat Solucan
L_WD_MAGICAL_MEMORY,,Magical Memory,魔法の記憶,Magische Erinnerung,Mémoire Magique,Memoria Mágica,Memória Mágica,Магическая Память,Memoria Magica,魔法記憶,魔法记忆,마법의 기억,Magiczna Pamięć,Магічна Пам'ять,Magische Herinnering,Sihirli Hafıza
L_WD_MASTER_THIEF,,Master Thief,マスター・シーフ,Meisterdieb,Maître Voleur,Maestro Ladrón,Mestre Ladrão,Мастер-вор,Maestro Ladro,盜賊大師,小偷大师,대도둑,Mistrz Złodziei,Майстер-злодій,Meesterdief,Usta Hırsız
L_WD_MECHA,,Mecha,メカ,Mecha,Mécha,Mecha,Mecha,Меха,Mecha,機甲,机甲,메카,Mecha,Меха,Mecha,Meka
L_WD_MILLENIAL,,Millenial,ミレニアル,Millenial,Millénial,Milenial,Milenar,Миллениал,Millenario,千禧世代,千禧一代,밀레니얼,Milenialny,Міленіал,Millennial,Milenyum
L_WD_MONK_ROBE,,Monk Robe,僧侶のローブ,Mönchsrobe,Robe de Moine,Túnica de Monje,Túnica de Monge,Монашеская роба,Tunica del Monaco,僧侶長袍,僧侣长袍,승려 로브,Szata Mnicha,Чернеча Ряса,Monniksgewaad,Keşiş Cüppesi
L_WD_MOTH,,Moth,蛾,Motte,Papillon de nuit,Polilla,Mariposa,Моль,Falena,蛾,蛾,나방,Ćma,Міль,Mot,Güve
L_WD_MS_HOBO_SLAYER,,Ms. Hobo Slayer,ホーボー・スレイヤーさん,Frau Landstreicher-Schlächter,Mme Tueuse de Vagabonds,Srta. Cazadora de Vagabundos,Sra. Matadora de Mendigos,Мисс Истребительница Бродяг,Sig.ra Ammazzabarbone,流浪漢殺手女士,流浪汉杀手女士,호보 슬레이어 양,Pani Pogromczyni Włóczęgów,Пані Вбивця Волоцюг,Mej. Zwerfster Slachter,Bayan Serseri Avcısı
L_WD_MYSTERIOUS_MERCHANTS_ATTIRE,,Mysterious Merchant's Attire,謎めいた商人の衣装,Gewandung des mysteriösen Händlers,Tenue du Marchand Mystérieux,Atuendo del Mercader Misterioso,Traje do Mercador Misterioso,Одеяние Таинственного Торговца,Abito del Mercante Misterioso,神秘商人的服飾,神秘商人的服饰,신비한 상인의 복장,Strój Tajemniczego Kupca,Вбрання Таємничого Торговця,Uitrusting van de Mysterieuze Koopman,Gizemli Tüccarın Kıyafeti
L_WD_OFFICE_WIZARD,,Office Wizard,オフィスウィザード,Bürozauberer,Magicien de Bureau,Mago de Oficina,Mago do Escritório,Офисный Волшебник,Mago dell'Ufficio,辦公室巫師,办公室巫师,사무실 마법사,Biurowy Czarodziej,Офісний Чарівник,Kantoortovenaaar,Ofis Büyücüsü
L_WD_ONSLAUGHT_SYSTEM,,Onslaught System,オンスロートシステム,Ansturm-System,Système d'Assaut,Sistema de Embestida,Sistema de Investida,Система натиска,Sistema di Assalto,猛攻系統,猛攻装置,맹공 시스템,System Nawały,Система Навали,Bestormingssysteem,Hücum Sistemi
L_WD_PIRATE_KING,,Pirate King,海賊王,Piratenkönig,Roi des Pirates,Rey Pirata,Rei dos Piratas,Король Пиратов,Re dei Pirati,海盜王,海盗王,해적왕,Król Piratów,Король Піратів,Piratenkoning,Korsan Kralı
L_WD_POOR_LIFE_CHOICES,,Poor Life Choices,不運な人生の選択,Schlechte Lebensentscheidungen,Mauvais Choix de Vie,Malas Decisiones de Vida,Más Escolhas de Vida,Плохой Жизненный Выбор,Scelte di Vita Sbagliate,糟糕的人生選擇,糟糕的人生选择,형편없는 인생 선택,Kiepskie Życiowe Decyzje,Погані Життєві Рішення,Slechte Levenskeuzes,Kötü Hayat Seçimleri
L_WD_PUMPKIN_GOD,,Pumpkin God,パンプキンゴッド,Kürbis-Gott,Dieu Citrouille,Dios Calabaza,Deus da Abóbora,Тыквенный Бог,Dio della Zucca,南瓜神,南瓜神,호박신,Bóg Dyni,Гарбузовий Бог,Pompoen God,Balkabağı Tanrısı
L_WD_RAVENHEART,,Ravenheart,レイヴンハート,Rabenherz,Ravenheart,Corazón de Cuervo,Coração de Corvo,Вороносердце,Corvocuore,鴉心,鸦心,레이븐하트,Krucze Serce,Равенхарт,Ravenheart,Kuzgungönül
L_WD_SANCTUARY_MASTER,,Sanctuary Master,聖域の主,Heiligtums-Meister,Maître du Sanctuaire,Maestro del Santuario,Mestre do Santuário,Мастер Святилища,Maestro del Santuario,聖域大師,圣所大师,성역 마스터,Mistrz Sanktuarium,Майстер Святилища,Heiligdommeester,Sığınak Ustası
L_WD_SCHOOL_GIRL,,School Girl,スクールガール,Schulmädchen,Écolière,Colegiala,Colegial,Школьница,Studentessa,女學生,女学生,여학생,Uczennica,Школярка,Schoolmeisje,Okul Kızı
L_WD_SCION_OF_SUNFIRE,,Scion of Sunfire,太陽炎の末裔,Spross des Sonnenfeuers,Héritier du Feu Solaire,Vástago del Fuego Solar,Herdeiro do Fogo Solar,Отпрыск Солнечного Огня,Rampollo del Fuoco Solare,烈陽之嗣,烈阳后裔,태양불의 후계자,Potomek Słonecznego Ognia,Нащадок Сонячного Полум'я,Telg van Zonnevuur,Güneşateşi'nin Varisi
L_WD_SCOOT_SUIT,,Scoot Suit,スクートスーツ,Flitzeranzug,Combinaison Filante,Traje Veloz,Traje Veloz,Скут-Костюм,Tuta Scoot,滑行裝,滑行套装,스쿠트 슈트,Strój Śmigacza,Костюм Скута,Scoot Pak,Kayma Kıyafeti
L_WD_SHADOW_KNIGHT,,Shadow Knight,シャドウナイト,Schattenritter,Chevalier des Ombres,Caballero de las Sombras,Cavaleiro das Sombras,Теневой Рыцарь,Cavaliere dell'Ombra,暗影騎士,暗影骑士,그림자 기사,Mroczny Rycerz,Тіньовий Лицар,Schaduwridder,Gölge Şövalye
L_WD_SHITEYANYO,,Shiteyanyo,シテヤンヨ,Shiteyanyo,Shiteyanyo,Shiteyanyo,Shiteyanyo,Шитеяньо,Shiteyanyo,屎特亞諾,SHITEYANYO,시테얀요,Shiteyanyo,Шітеяньо,Shiteyanyo,Shiteyanyo
L_WD_SPINTLE,,Spintle,スピントル,Spintle,Spintle,Spintle,Spintle,Спинтл,Spintle,斯賓特爾,斯平特尔,스핀틀,Spintle,Спінтл,Spintle,Spintle
L_WD_STRANGE_MAN,,Strange Man,怪しい男,Seltsamer Mann,Homme Étrange,Hombre Extraño,Homem Estranho,Странный Человек,Uomo Strano,怪異男子,奇怪的男人,이상한 남자,Dziwny Człowiek,Дивний Чоловік,Vreemde Man,Tuhaf Adam
L_WD_BREAKER,,Breaker,ブレイカー,Brecher,Briseur,Destructor,Quebrador,Разрушитель,Spezzatore,破壞者,破坏者,브레이커,Łamacz,Руйнівник,Breker,Kırıcı
L_WD_DERVISH_RAIMENT,,Dervish Raiment,舞闘衣,Derwisch-Gewand,Tenue de Derviche,Vestimenta de Derviche,Traje do Dervixe,Одеяние Дервиша,Veste del Derviscio,狂舞者服飾,苦行僧法衣,광무사의 의복,Szata Derwisza,Вбрання Дервіша,Derwisj Gewaad,Derviş Kıyafeti
L_WD_THE_ENTIRE_CIRCUS,,The Entire Circus,一座の曲芸団,Der ganze Zirkus,Le Cirque Entier,El Circo Completo,O Circo Inteiro,Весь Цирк,Il Circo Intero,整個馬戲團,整个马戏团,전체 서커스,Cały Cyrk,Цілий Цирк,Het Volledige Circus,Tüm Sirk
L_WD_ERRATIC_CLOAK,,Erratic Cloak,変幻のマント,Launischer Umhang,Cape Erratique,Capa Errática,Manto Errático,Непредсказуемый Плащ,Mantello Imprevedibile,變幻莫測披風,变幻斗篷,변덕스러운 망토,Kapryśny Płaszcz,Примхливий Плащ,Grillige Mantel,Düzensiz Pelerin
L_WD_FAT_CAT,,Fat Cat,デブ猫,Fette Katze,Gros Chat,Gato Gordo,Gato Gordo,Толстый Кот,Gatto Grasso,肥貓,肥猫,뚱뚱한 고양이,Gruby Kot,Товстий Кіт,Dikke Kat,Şişko Kedi
L_WD_THE_FIRST,,The First,最初の,Der Erste,Le Premier,El Primero,O Primeiro,Первый,Il Primo,第一,第一,첫 번째,Pierwszy,Перший,De Eerste,İlk
L_WD_GME_SUIT,,GME Suit,GMEスーツ,GME-Anzug,Combinaison GME,Traje GME,Traje GME,Костюм GME,Tuta GME,GME裝,GME套装,GME 슈트,Kombinezon GME,Костюм GME,GME Pak,GME Takımı
L_WD_POINT_SAGES_ROBE,,Point Sage's Robe,賢者のローブ,Gewand des Punktweisen,Robe du Sage des Points,Túnica del Sabio de Puntos,Manto do Sábio Pontual,Мантия Мудреца,Veste del Saggio Puntuale,賢者之袍,尖头贤者长袍,포인트 세이지의 로브,Szata Mędrca Punktów,Мантія Мудреця,Puntenwijze Gewaad,Nokta Bilgesinin Cübbesi
L_WD_RED_ONES_CLOAK,,Red One's Cloak,赤き者のマント,Umhang des Roten,Manteau du Rouge,Capa del Rojo,Manto do Vermelho,Плащ Красного,Mantello del Rosso,赤紅者的斗篷,红一的斗篷,붉은 자의 망토,Płaszcz Czerwonego,Плащ Червоного,Mantel van de Rode,Kızıl Olan'ın Pelerini
L_WD_THE_TRAVELER,,The Traveler,旅人,Der Reisende,Le Voyageur,El Viajero,O Viajante,Путешественник,Il Viaggiatore,旅行者,旅行者,여행자,Podróżnik,Мандрівник,De Reiziger,Gezgin
L_WD_THE_WANDERER,,The Wanderer,放浪者,Der Wanderer,Le Vagabond,El Vagabundo,O Andarilho,Странник,Il Viandante,流浪者,漫游者,방랑자,Wędrowiec,Мандрівник,De Zwerver,Gezgin
L_WD_THING_OF_THE_DEEP,,Thing of the Deep,深淵の物体,Ding der Tiefe,Chose des Profondeurs,Objeto de las Profundidades,Coisa das Profundezas,Глубинная Тварь,Cosa degli Abissi,深淵之物,深渊之物,심연의 물체,Rzecz z Głębin,Створіння з Глибин,Ding uit de Diepte,Derinliklerin Şeyi
L_WD_TRIANGLE_HEAD,,Triangle Head,トライアングルヘッド,Dreieckskopf,Tête Triangulaire,Cabeza Triangular,Cabeça Triangular,Треугольная Голова,Testa Triangolare,三角頭,三角头,삼각형 머리,Trójgłowy,Трикутна Голова,Driehoekshoofd,Üçgen Kafa
L_WD_TURTLE,,Turtle,カメ,Schildkröte,Tortue,Tortuga,Tartaruga,Черепаха,Tartaruga,烏龜,乌龟,거북이,Żółw,Черепаха,Schildpad,Kaplumbağa
L_WD_UNDERSEA_ADVENTURER,,Undersea Adventurer,海底の冒険者,Unterwasser-Abenteurer,Aventurier des Profondeurs,Aventurero Submarino,Aventureiro Submarino,Подводный Искатель Приключений,Avventuriero Sottomarino,海底冒險家,海底冒险家,해저 모험가,Podwodny Poszukiwacz Przygód,Підводний Шукач Пригод,Onderzee Avonturier,Denizaltı Maceracısı
L_WD_VINCE_THE_GREEN,,Vince the Green,ヴィンス・ザ・グリーン,Vince der Grüne,Vince le Vert,Vince el Verde,Vince o Verde,Винс Зеленый,Vince il Verde,綠色文斯,绿色文斯,초록의 빈스,Vince Zielony,Вінс Зелений,Vince de Groene,Yeşil Vince
L_WD_VINTAGE,,Vintage,ビンテージ,Klassisch,Vintage,Clásico,Clássico,Винтаж,Vintage,古典,复古,빈티지,Klasyczny,Вінтажний,Klassiek,Klasik
L_WD_WARLOCK_OF_THE_WOODS,,Warlock of the Woods,森の魔術師,Hexer des Waldes,Sorcier des Bois,Brujo de los Bosques,Bruxo das Florestas,Колдун Лесов,Stregone dei Boschi,森林術士,森林邪术师,숲의 흑마법사,Czarownik Leśny,Чаклун Лісів,Tovenaar van het Woud,Ormanların Büyücüsü
L_WD_WINGED_CRYPTID,,Winged Cryptid,翼のある未確認生物,Geflügeltes Kryptid,Cryptide Ailé,Críptido Alado,Criptídeo Alado,Крылатый Криптид,Criptide Alato,翼生隱獸,有翼秘兽,날개 달린 크립티드,Skrzydlaty Kryptyd,Крилатий Криптид,Gevleugelde Cryptide,Kanatlı Kripit
L_WD_WITCH,,Witch,魔女,Hexe,Sorcière,Bruja,Bruxa,Ведьма,Strega,女巫,女巫,마녀,Wiedźma,Відьма,Heks,Cadı
L_WD_WOLF_BARON,,Wolf Baron,ウルフ男爵,Wolfsfreiherr,Baron Loup,Barón Lobo,Barão Lobo,Барон Волков,Barone Lupo,狼族男爵,狼男爵,늑대 남작,Wilczy Baron,Вовчий Барон,Wolven Baron,Kurt Baronu
L_WD_WOODLAND_ROGUE,,Woodland Rogue,森林の盗賊,Waldläufer-Schurke,Brigand des Bois,Pícaro del Bosque,Ladino da Floresta,Лесной Разбойник,Brigante dei Boschi,林地盜賊,林地盗贼,숲속의 도적,Leśny Łotrzyk,Лісовий Розбійник,Boswachter Dief,Orman Haydut
L_WD_ZENS_CLOAK,,Zen's Cloak,禅の外套,Zens Umhang,Manteau de Zen,Manto de Zen,Manto de Zen,Плащ Дзена,Mantello di Zen,禪之斗篷,禅之斗篷,젠의 망토,Płaszcz Zena,Плащ Дзена,Zen's Mantel,Zen'in Pelerini
L_WD_ARYANDES_GROOM,,Aryande's Groom,アリアンデの花婿,Aryandes Bräutigam,Le Fiancé d'Aryande,El Novio de Aryande,Noivo de Aryande,Жених Арианды,Lo Sposo di Aryande,艾莉安德的新郎,艾瑞安德的新郎,아리안데의 신랑,Oblubieniec Aryande,Наречений Аріанди,Aryande's Bruidegom,Aryande'nin Damat
L_WD_BURBOT,,Burbot,バーボット,Quappe,Lotte,Lota,Burbot,Налим,Bottatrice,江鱈,江鳕,버봇,Miętus,Минь,Kwabaal,Kedibalığı
L_WD_CAT_MOM,,Cat Mom,キャットマザー,Katzenmutter,Maman Chat,Mamá Gato,Mãe Gato,Кошачья Мама,Mamma Gatto,貓媽媽,猫妈妈,고양이 엄마,Kocia Mama,Котяча Мама,Kattenmoeder,Kedi Anne
L_WD_DOOMBLIGHT_KNIGHT,,Doomblight Knight,ドゥームブライト・ナイト,Unheilsritter,Chevalier du Fléau Funeste,Caballero de la Plaga Funesta,Cavaleiro da Praga Sombria,Рыцарь Гибельной Порчи,Cavaliere della Piaga Funesta,厄禍騎士,灾蚀骑士,파멸의역병 기사,Rycerz Zgubnej Plagi,Лицар Згубної Пошесті,Verdoemenisvloekridder,Kıyamet Şövalyesi
L_WD_EEK,,Eek,イヤッ,Iiih,Eek,¡Ay!,Eek,Ой,Eek,哎呀,呀,으악,Eek,Ой,Eek,Eek
L_WD_FABULOUS_GLADIATOR,,Fabulous Gladiator,華麗なる剣闘士,Fabelhafter Gladiator,Gladiateur Fabuleux,Gladiador Fabuloso,Gladiador Fabuloso,Великолепный Гладиатор,Gladiatore Favoloso,華麗角鬥士,传说角斗士,화려한 검투사,Wspaniały Gladiator,Чудовий Гладіатор,Fabelachtige Gladiator,Muhteşem Gladyatör
L_WD_FESTIVAL_YUKATA,,Festival Yukata,祭りの浴衣,Festivalyukata,Yukata de Festival,Yukata de Festival,Yukata de Festival,Праздничное юката,Yukata del Festival,節慶浴衣,节日浴衣,축제 유카타,Świąteczne Yukata,Святковий Юката,Festivaljurk,Festival Yukatasıı
L_WD_GI_OF_THE_GOBLIN_KING,,Gi of the Goblin King,ゴブリンキングの道着,Gewand des Goblinkönigs,Tenue du Roi Gobelin,Gi del Rey Goblin,Gi do Rei Goblin,Ги Короля Гоблинов,Gi del Re dei Goblin,哥布林王之衣,哥布林王之衣,고블린 왕의 기,Gi Króla Goblinów,Гі Короля Гоблінів,Gi van de Koboldkoning,Goblin Kralı'nın Gisi
L_WD_PARTYKLAMOTTE,,Partyklamotte,パーティー衣装,Partyklamotte,Tenue de fête,Disfraz de fiesta,Fantasia de Festa,Карнавальный костюм,Costume da festa,派對服裝,派对服装,파티 의상,Strój imprezowy,Святковий одяг,Feestkleding,Parti Kıyafeti
L_WD_LORD_OF_SMELLS,,Lord of Smells,臭いの王,Herr der Gerüche,Seigneur des Odeurs,Señor de los Olores,Senhor dos Odores,Повелитель Запахов,Signore degli Odori,氣味之王,气味之王,냄새의 군주,Pan Zapachów,Володар Запахів,Heer van Geuren,Kokular Lordu
L_WD_LUPINE,,Lupine,ルピン,Lupus,Lupin,Lupino,Lupino,Волчий,Lupino,狼族,狼族,늑대의,Wilczy,Вовчий,Wolfsachtig,Kurt
L_WD_MECHANICAL_DRAGON_KNIGHT,,Mechanical Dragon Knight,機械竜騎士,Mechanischer Drachenritter,Chevalier Dragon Mécanique,Caballero Dragón Mecánico,Cavaleiro Dragão Mecânico,Механический Рыцарь-Дракон,Cavaliere del Drago Meccanico,機械龍騎士,机械龙骑士,기계 용기사,Mechaniczny Rycerz Smoka,Механічний Лицар-Дракон,Mechanische Drakenridder,Mekanik Ejderha Şövalyesi
L_WD_MIKO,,Miko,巫女,Miko,Miko,Miko,Miko,Мико,Miko,巫女,巫女,미코,Miko,Міко,Miko,Miko
L_WD_NEKUCHAN,,Nekuchan,ネクちゃん,Nekuchan,Nekuchan,Nekuchan,Nekuchan,Некучан,Nekuchan,貓醬,野狐禅,네쿠짱,Nekuchan,Некучан,Nekuchan,Nekuchan
L_WD_ROGWYNS_GARB,,Rogwyn's Garb,ログウィンの衣装,Rogwyns Gewand,Tenue de Rogwyn,Atuendo de Rogwyn,Traje de Rogwyn,Одеяние Рогвина,Vesti di Rogwyn,羅格溫的服裝,罗格温的服装,로그윈의 의복,Szata Rogwyna,Вбрання Рогвіна,Rogwyns Gewaad,Rogwyn'in Kıyafeti
L_WD_SEASONAL_ROBES,,Seasonal Robes,季節のローブ,Saisonale Roben,Robes Saisonnières,Túnicas Estacionales,Vestes Sazonais,Сезонные Мантии,Vesti Stagionali,季節長袍,节令长袍,계절의 로브,Szaty Sezonowe,Сезонні мантії,Seizoensgewaden,Mevsimlik Cübbeler
L_WD_SHOTGUN_JUMPSUIT,,Shotgun Jumpsuit,ショットガンジャンプスーツ,Schrotflinten-Overall,Combinaison Fusil à Pompe,Mono de Escopeta,Macacão de Espingarda,Дробовиковый Комбинезон,Tuta da Fucile a Pompa,霰彈槍連身衣,霰弹枪连体服,샷건 점프수트,Kombinezon Strzelby,Костюм Дробовика,Shotgun Overall,Pompalı Tüfek Tulumu
L_WD_SOTOS_BRIDE,,Soto's Bride,ソトの花嫁,Sotos Braut,La Fiancée de Soto,La Novia de Soto,Noiva de Soto,Невеста Сото,La Sposa di Soto,索托的新娘,索托的新娘,소토의 신부,Oblubienica Soto,Наречена Сото,Soto's Bruid,Soto'nun Gelini
L_WD_TEMPLE_MAIDEN,,Temple Maiden,神殿の巫女,Tempeljungfrau,Prêtresse du Temple,Doncella del Templo,Sacerdotisa do Templo,Храмовая Дева,Sacerdotessa del Tempio,神廟巫女,神庙少女,신전 무녀,Kapłanka Świątyni,Храмова Діва,Tempelpriesteres,Tapınak Bakiresi
L_WD_VYRKIING,,Vyrkiing,ヴァーキング,Vyrkiing,Vyrkiing,Vyrkiing,Vyrkiing,Выркиинг,Vyrkiing,維爾金,维尔金,비르킹,Vyrkiing,Виркіїнг,Vyrkiing,Vyrkiing
L_WD_WESTERN_BADGER,,Western Badger,西部アナグマ,Westlicher Dachs,Blaireau de l'Ouest,Tejón Occidental,Texugo Ocidental,Западный Барсук,Tasso Occidentale,西方獾,西部獾,서부 오소리,Zachodni Borsuk,Західний Борсук,Westelijke Das,Batı Porsuk
L_WD_BERRY_SALTY,,Berry Salty,ベリーソルティ,Beerensalzig,Baie Salée,Baya Salada,Baga Salgada,Ягодно-Солёный,Bacca Salata,莓果鹹味,浆果咸味,베리 솔티,Jagodowo Słony,Ягідно-Солоний,Bessenzoute,Meyve Tuzlusu
L_WD_BLINK_THE_BULB,,Blink the Bulb,バルブを点滅させる,Blink die Birne,Clignement de l'Ampoule,Parpadeo del Bulbo,Piscar a Lâmpada,Мигни Лампочкой,Lampeggia la Lampadina,閃爍燈泡,闪烁灯泡,전구 깜빡이기,Mrugnij Żarówką,Блимни Лампочкою,Knipper de Lamp,Ampulü Yakıp Söndür
L_WD_CLOCKWORK_FAERIE,,Clockwork Faerie,クロックワーク・フェアリー,Uhrwerk-Fee,Fée Mécanique,Hada Mecánica,Fada Mecânica,Заводная Фея,Fata Meccanica,發條精靈,发条仙灵,태엽 요정,Mechaniczna Wróżka,Механічна Фея,Mechanische Fee,Çarklı Peri
L_WD_COAT_ORO,,Coat Oro,コート・オロ,Mantel Oro,Manteau Oro,Abrigo Oro,Casaco Oro,Золотое пальто,Mantello d'Oro,黃金外套,大山外套,황금 코트,Płaszcz Oro,Золоте пальто,Gouden Jas,Altın Ceket
L_WD_COSMIC_SPACE_HIPPIE,,Cosmic Space Hippie,コズミック・スペース・ヒッピー,Kosmischer Weltraum-Hippie,Hippie Cosmique de l'Espace,Hippie Espacial Cósmico,Hippie Espacial Cósmico,Космический Хиппи из Космоса,Hippie Spaziale Cosmico,宇宙太空嬉皮,宇宙太空嬉皮士,우주 히피,Kosmiczny Hipis z Kosmosu,Космічний Космо-Хіпі,Kosmische Ruimtehippie,Kozmik Uzay Hipisi
L_WD_COUNT_ABRIDGED,,Count Abridged,カウント・アブリッジド,Graf Kurzfassung,Comte Abrégé,Conde Abreviado,Conde Abreviado,Граф Сокращенный,Conte Abbreviato,伯爵簡傳,伯爵简编,약식 백작,Hrabia Skrócony,Граф Скорочений,Graaf Verkort,Kont Kısaltılmış
L_WD_SKY_DEVIL,,Sky Devil,スカイデビル,Himmelsteufel,Démon Céleste,Diablo del Cielo,Demônio do Céu,Небесный Дьявол,Diavolo del Cielo,天空惡魔,天空魔鬼,하늘 악마,Niebiański Diabeł,Небесний Диявол,Hemelduivel,Gök Şeytanı
L_WD_DISGUISED_HERO,,Disguised Hero,変装した勇者,Verkleideter Held,Héros Déguisé,Héroe Disfrazado,Herói Disfarçado,Герой в маскировке,Eroe Mascherato,偽裝的英雄,伪装英雄,변장한 영웅,Zamaskowany Bohater,Замаскований Герой,Vermomde Held,Kılık Değiştirmiş Kahraman
L_WD_DRACONICASUAL,,Draconicasual,ドラコニカジュアル,Drachenlässig,Draconicasual,Draconicasual,Draconicasual,Драконоповседневный,Draconicasual,龍族休閒裝,龙族休闲装,드래코니캐주얼,Smokokazual,Драконоповсякденний,Draconicasual,Ejderhamsı
L_WD_BARTENDER_FEMALE,,Bartender (Female),バーテンダー（女性）,Barkeeperin,Barmaid,Camarera,Bartender (Feminina),Бармен (Женщина),Barista (Donna),女調酒師,酒保（女）,바텐더 (여성),Barmanka,Барменка,Barvrouw,Barmen (Kadın)
L_WD_LEO_THE_LION,,Leo the Lion,レオ・ザ・ライオン,Leo der Löwe,Léo le Lion,Leo el León,Leo o Leão,Лев Лео,Leo il Leone,獅子李奧,狮子里奥,사자 레오,Leo Lew,Лев Лео,Leo de Leeuw,Leo Aslan
L_WD_LUCHADOR,,Luchador,ルチャドール,Luchador,Luchador,Luchador,Lutador,Лучадор,Luchador,摔角手,摔跤手,루차도르,Luchador,Лучадор,Luchador,Luchador
L_WD_PANDA_PONCHO,,Panda Poncho,パンダポンチョ,Panda-Poncho,Poncho Panda,Poncho de Panda,Poncho de Panda,Панда Пончо,Poncho Panda,熊貓斗篷,熊猫斗篷,판다 판초,Ponczo Pandy,Пончо Панди,Panda Poncho,Panda Ponço
L_WD_MOUNTED_KNIGHT,,Mounted Knight,騎馬騎士,Berittener Ritter,Chevalier Monté,Caballero Montado,Cavaleiro Montado,Конный Рыцарь,Cavaliere Montato,騎乘騎士,骑行骑士,기마기사,Rycerz Konny,Вершник-лицар,Bereden Ridder,Atlı Şövalye
L_WD_NORMIRE_X_VAMP,,Normire X Vamp,ノーマイア X ヴァンプ,Normire X Vamp,Normire X Vamp,Normire X Vamp,Normire X Vamp,Нормир X Вамп,Normire X Vamp,諾米爾 X 吸血鬼,诺米尔X凡普,노마이어 X 뱀프,Normire X Wamp,Нормір X Вамп,Normire X Vamp,Normire X Vamp
L_WD_OTHERWORLDLY_BARD,,Otherworldly Bard,異界の吟遊詩人,Jenseitiger Barde,Barde de l'Autre Monde,Bardo de Otro Mundo,Bardo Transcendental,Потусторонний Бард,Bardo Ultraterreno,異界吟遊詩人,异界吟游诗人,이계의 음유시인,Zaświatowy Bard,Потойбічний Бард,Buitenwereldse Bard,Ötedünyalı Ozan
L_WD_SEA_MAIDEN,,Sea Maiden,海の乙女,Seejungfrau,Sirène des Mers,Doncella del Mar,Donzela do Mar,Морская Дева,Fanciulla del Mare,海之少女,海之少女,바다의 처녀,Morska Dziewica,Морська Діва,Zeemeermin,Deniz Kızı
L_WD_TALIFTS_PHYLACTERY,,Talift's Phylactery,タリフトの聖遺物,Talifts Phylakterium,Phylactère de Talift,Filacteria de Talift,Filactério de Talift,Филактерия Талифта,Filatterio di Talift,塔利夫特的護命匣,塔利夫特的命匣,탈리프트의 성물함,Filakterium Talifta,Філактерій Таліфта,Talift's Fylacterij,Talift'in Muhafızı
L_WD_THE_HUNTER,,The Hunter,ハンター,Der Jäger,Le Chasseur,El Cazador,O Caçador,Охотник,Il Cacciatore,獵人,猎手,사냥꾼,Łowca,Мисливець,De Jager,Avcı
L_WD_THE_MAUL,,The Maul,モール,Der Streitkolben,Le Fléau,El Mazo,O Malho,Молот,Il Maglio,重錘,重锤,몽둥이,Maczuga,Булава,De Moker,Topuz
L_WD_ZENS_CLOAK_2,,Zen's Cloak (2),禅の外套 (2),Zens Umhang (2),Manteau de Zen (2),Manto de Zen (2),Manto de Zen (2),Плащ Дзена (2),Mantello di Zen (2),禪之斗篷 (2),禅之斗篷（2）,젠의 망토 (2),Płaszcz Zena (2),Плащ Дзену (2),Zen's Mantel (2),Zen'in Pelerini (2)
L_WD_MASTER_OF_ANIMATIONS,,Master of Animations,アニメーションの達人,Meister der Animationen,Maître des Animations,Maestro de Animaciones,Mestre das Animações,Мастер анимаций,Maestro delle Animazioni,動畫大師,灵体大师,애니메이션의 달인,Mistrz Animacji,Майстер Анімацій,Meester van Animaties,Animasyon Ustası
L_WD_MASTER_OF_ARBITERS,,Master of Arbiters,裁定者の主,Meister der Schiedsrichter,Maître des Arbitres,Maestro de Árbitros,Mestre dos Árbitros,Мастер Арбитров,Maestro degli Arbitri,仲裁者之主,仲裁者大师,중재자의 대가,Mistrz Arbitrów,Майстер Арбітрів,Meester der Arbiters,Hakemler Ustası
L_WD_MASTER_OF_BEACONS,,Master of Beacons,ビーコンの達人,Meister der Leuchtfeuer,Maître des Balises,Maestro de Faros,Mestre dos Faróis,Мастер Маяков,Maestro dei Fari,信標大師,信标大师,신호기의 달인,Mistrz Pochodni,Майстер Маяків,Meester van Bakens,Fenerlerin Ustası
L_WD_MASTER_OF_CHERUBS,,Master of Cherubs,チェルビムの達人,Meister der Cherubim,Maître des Chérubins,Maestro de Querubines,Mestre dos Querubins,Повелитель Херувимов,Maestro dei Cherubini,小天使大師,智天使大师,케루빔의 지배자,Mistrz Cherubinów,Володар Херувимів,Meester der Cherubijnen,Kerubilerin Efendisi
L_WD_MASTER_OF_CHIMERAS,,Master of Chimeras,キメラの達人,Meister der Chimären,Maître des Chimères,Maestro de Quimeras,Mestre das Quimeras,Повелитель Химер,Maestro delle Chimere,奇美拉大師,奇美拉大师,키메라의 지배자,Władca Chimer,Володар Химер,Meester der Chimera's,Kimeralar Ustası
L_WD_MASTER_OF_CLOCKWORKS,,Master of Clockworks,時計仕掛けの達人,Meister der Uhrwerke,Maître des Mécanismes d'Horlogerie,Maestro de Mecanismos,Mestre dos Mecanismos,Мастер Часовых Механизмов,Maestro degli Ingranaggi,發條大師,发条机械大师,시계장치의 명인,Mistrz Mechanizmów Zegarowych,Майстер Годинникових Механізмів,Meester van het Uurwerk,Saat Mekanizmalarının Ustası
L_WD_MASTER_OF_ELECTROPODS,,Master of Electropods,エレクトロポッドの達人,Meister der Elektropoden,Maître des Électropodes,Maestro de Electropods,Mestre dos Eletropods,Повелитель Электроподов,Maestro degli Elettropodi,電氣蛹之主,电气荚大师,일렉트로포드의 달인,Mistrz Elektropodów,Майстер Електроподів,Meester van Elektropods,Elektropodların Ustası
L_WD_MASTER_OF_FAES,,Master of Faes,フェイの達人,Meister der Feen,Maître des Féeries,Maestro de Hadas,Mestre das Fadas,Повелитель Фей,Maestro delle Fate,妖精大師,仙灵大师,요정의 주인,Mistrz Fae,Володар Фей,Meester der Feeën,Perilerin Efendisi
L_WD_MASTER_OF_KRAKENS,,Master of Krakens,クラーケンの支配者,Meister der Kraken,Maître des Krakens,Maestro de Krakens,Mestre dos Krakens,Повелитель Кракенов,Signore dei Kraken,海怪大師,克拉肯大师,크라켄의 지배자,Władca Krakenów,Володар Кракенів,Meester der Krakens,Kraken Ustası
L_WD_MASTER_OF_LUCKMANTRIAS,,Master of Luckmantrias,ラックマントリアの達人,Meister der Glücksbeschwörungen,Maître des Luckmantrias,Maestro de Luckmantrias,Mestre das Luckmantrias,Мастер Лакмантрий,Maestro delle Luckmantrie,幸運咒語大師,幸运蛾大师,행운마법의 대가,Mistrz Luckmantrii,Майстер Лакмантрій,Meester van Luckmantrias,Şans Büyülerinin Ustası
L_WD_MASTER_OF_MODRONS,,Master of Modrons,モドロンの主,Meister der Modrone,Maître des Modrons,Maestro de Modrones,Mestre dos Modrons,Повелитель Модронов,Maestro dei Modron,模創機械人大師,魔械大师,모드론의 지배자,Mistrz Modronów,Володар Модронів,Meester der Modrons,Modronların Efendisi
L_WD_MASTER_OF_MYTHICANTS,,Master of Mythicants,マスター・オブ・ミシカンツ,Meister der Mythikanten,Maître des Mythicants,Maestro de Míticantes,Mestre dos Míticos,Повелитель Мификантов,Maestro dei Miticanti,神話獸大師,神话大师,신화생물의 지배자,Mistrz Mitykantów,Майстер Міфікантів,Meester van Mythicanten,Efsanevi Varlıkların Ustası
L_WD_MASTER_OF_NIHILISTS,,Master of Nihilists,虚無主義者の師,Meister der Nihilisten,Maître des Nihilistes,Maestro de Nihilistas,Mestre dos Niilistas,Мастер Нигилистов,Maestro dei Nichilisti,虛無主義大師,虚无论者大师,허무주의자의 대가,Mistrz Nihilistów,Майстер Нігілістів,Meester der Nihilisten,Hiççilerin Ustası
L_WD_MASTER_OF_NEPHILIMS,,Master of Nephilims,ネフィリムの達人,Meister der Nephilim,Maître des Néphilims,Maestro de Nefilims,Mestre dos Nefilins,Повелитель Нефилимов,Maestro dei Nephilim,涅法雷姆大師,堕落者大师,네필림의 지배자,Mistrz Nefilimów,Володар Нефілімів,Meester van Nephilims,Nefilim Ustası
L_WD_MASTER_OF_URALOSES,,Master of Uraloses,ウラロセスの達人,Meister von Uraloses,Maître d'Uraloses,Maestro de Uraloses,Mestre de Uraloses,Мастер Уралосов,Maestro di Uraloses,烏拉洛斯大師,熊人大师,우랄로세스의 지배자,Mistrz Uraloses,Майстер Уралосів,Meester van Uraloses,Uraloses Ustası
L_WD_MASTER_OF_SPELLMANES,,Master of Spellmanes,魔術師団の達人,Meister der Zaubermähnen,Maître des Sorcimanies,Maestro de Hechizanes,Mestre dos Feitiçanimais,Мастер Чародеев,Maestro degli Incantanimali,法術獸師,魔鬃兽大师,주문마네 마스터,Mistrz Czarojeźdźców,Майстер Чаромагів,Meester van Toverspreuken,Büyü Ustası
L_WD_MASTER_OF_WARHOGS,,Master of Warhogs,ウォーホッグの達人,Meister der Kriegseber,Maître des Sangliers de Guerre,Maestro de Jabalíes de Guerra,Mestre dos Javalis de Guerra,Повелитель Боевых Кабанов,Maestro dei Cinghiali da Guerra,戰豬大師,战猪大师,워호그의 명인,Mistrz Bojowych Dzików,Володар Бойових Кабанів,Meester van Oorlogszwijnen,Savaş Domuzlarının Ustası
L_WD_ARIAMAKI,,Ariamaki,アリアマキ,Ariamaki,Ariamaki,Ariamaki,Ariamaki,Ариамаки,Ariamaki,艾莉亞瑪基,阿瑞玛基,아리아마키,Ariamaki,Аріамакі,Ariamaki,Ariamaki
L_WD_MUSE,,Muse,ミューズ,Muse,Muse,Musa,Musa,Муза,Musa,繆思,缪斯,뮤즈,Muza,Муза,Muze,İlham Perisi
L_WD_ANNELTHA,,Anneltha,アネルサ,Anneltha,Anneltha,Anneltha,Anneltha,Аннельта,Anneltha,安妮爾薩,安妮莎,안넬타,Anneltha,Аннельта,Anneltha,Anneltha
L_WD_GENAROS,,Genaros,ゲナロス,Genaros,Genaros,Genaros,Genaros,Генарос,Genaros,傑納洛斯,杰纳罗斯,제나로스,Genaros,Генарос,Genaros,Genaros
L_WD_ALEXANDRIA,,Alexandria,アレクサンドリア,Alexandria,Alexandria,Alexandria,Alexandria,Александрия,Alexandria,亞歷山卓,亚历山大,알렉산드리아,Aleksandria,Александрія,Alexandria,Alexandria
L_WD_4080,,4080,4080,4080,4080,4080,4080,4080,4080,4080,4080,4080,4080,4080,4080,4080
L_WD_SHALLAN,,Shallan,シャラン,Shallan,Shallan,Shallan,Shallan,Шаллан,Shallan,夏蘭,莎兰,샬란,Shallan,Шаллан,Shallan,Shallan
L_WD_RECLUSA,,Reclusa,レクルーサ,Reclusa,Reclusa,Reclusa,Reclusa,Реклуза,Reclusa,隱居者,瑞克露莎,레클루사,Reclusa,Реклюза,Reclusa,Reclusa
L_WD_TMERE_MRGO,,T'mere M'rgo,ティメア・マーゴ,T'mere M'rgo,T'mere M'rgo,T'mere M'rgo,T'mere M'rgo,Т'мер М'рго,T'mere M'rgo,提米爾·莫戈,特米尔·莫尔戈,트메르 므르고,T'mere M'rgo,Т'мере М'рго,T'mere M'rgo,T'mere M'rgo
L_WD_8_CULTIST,,8 Cultist,8 カルティスト,8 Kultist,8 Cultiste,8 Cultista,8 Cultista,8 Культистов,8 Cultista,8 邪教徒,8教徒,8 광신도,8 Kultystów,8 Культистів,8 Cultist,8 Ayin Üyesi
L_WD_ACCHNALIAN_REGALIA,,Acchnalian Regalia,アクナリア王家の装束,Acchnalische Insignien,Apparat Acchnalien,Atavío Acchnaliano,Regalia Acchnaliana,Регалии Акналии,Regalia Acchnaliana,阿克納利亞王族聖物,阿克纳利亚的盛装,악날리안 왕실 장식,Regalia Acchnaliańska,Аккналійські Регалії,Acchnaliaanse Regalia,Acchnalian Saltanatı
L_WD_AD_INFINITUM,,Ad Infinitum,アド・インフィニタム,Ad Infinitum,Ad Infinitum,Ad Infinitum,Ad Infinitum,Ad Infinitum,Ad Infinitum,無限延伸,永无止境,무한대로,Ad Infinitum,Ad Infinitum,Ad Infinitum,Ad Infinitum
L_WD_AFRO_MAN,,Afro Man,アフロマン,Afro Man,Homme Afro,Hombre Afro,Homem Afro,Афро Мэн,Uomo Afro,爆炸頭男,爆炸头男子,아프로맨,Afro Man,Афро Мен,Afro Man,Afro Adam
L_WD_ALCHEMIST_RAIMENT,,Alchemist Raiment,錬金術師の衣装,Alchemistengewand,Tenue d'Alchimiste,Vestimenta de Alquimista,Traje de Alquimista,Одеяние Алхимика,Veste dell'Alchimista,鍊金術士法衣,炼金术士服饰,연금술사의 의복,Szata Alchemika,Вбрання Алхіміка,Alchemistengewaad,Simyacı Kıyafeti
L_WD_ALURITH,,Alurith,アルリス,Alurith,Alurith,Alurith,Alurith,Алурит,Alurith,阿魯里斯,阿鲁里斯,알루리스,Alurith,Алуріт,Alurith,Alurith
L_WD_AMIRI,,Amiri,アミリ,Amiri,Amiri,Amiri,Amiri,Амири,Amiri,阿米莉,阿米莉,아미리,Amiri,Аміра,Amiri,Amiri
L_WD_APOLLO,,Apollo,アポロ,Apollo,Apollon,Apolo,Apolo,Аполлон,Apollo,阿波羅,阿波罗,아폴로,Apollo,Аполлон,Apollo,Apollon
L_WD_ARCANE_DRIFTER,,Arcane Drifter,アーケイン・ドリフター,Arkaner Wanderer,Vagabond Arcanique,Vagabundo Arcano,Andarilho Arcano,Мистический Странник,Vagabondo Arcano,奧術漂流者,奥术漂流者,비전의 방랑자,Tajemniczy Włóczęga,Таємничий Мандрівник,Mystieke Zwerver,Büyülü Gezgin
L_WD_ASCENDED_DRAGON_ARMOR,,Ascended Dragon Armor,昇天竜の鎧,Aufgestiegene Drachenrüstung,Armure du Dragon Transcendé,Armadura de Dragón Ascendido,Armadura de Dragão Ascendido,Доспех Вознесенного Дракона,Armatura del Drago Asceso,昇華龍鱗鎧甲,飞升龙甲,승천한 용 갑옷,Zbroja Wzniesionego Smoka,Обладунки Вознесеного Дракона,Verheven Drakenharnas,Yükselmiş Ejderha Zırhı
L_WD_BABY_BLUE,,Baby Blue,ベビーブルー,Baby Blue,Bleu Bébé,Azul Bebé,Azul Bebê,Детский Голубой,Azzurrino,嬰兒藍,淡蓝色,베이비 블루,Błękitny Maluch,Дитячий блакитний,Baby Blauw,Bebek Mavisi
L_WD_BALANCED_BARDING,,Balanced Barding,バランスの取れた馬装,Ausgewogene Rüstung,Barde Équilibré,Barda Equilibrada,Armadura Equilibrada,Сбалансированная попона,Bardatura Bilanciata,平衡馬鎧,平衡马甲,균형 잡힌 마갑,Zrównoważona Zbroja Końska,Збалансована збруя,Gebalanceerde Bepantsering,Dengeli Zırh
L_WD_BEASTMASTER,,Beastmaster,ビーストマスター,Bestienmeister,Maître des bêtes,Domador de Bestias,Domador de Feras,Повелитель зверей,Domatore di Bestie,馴獸師,驯兽师,야수조련사,Władca Bestii,Звіролов,Beestmeester,Canavar Efendisi
L_WD_BLACK_AND_WHITE_GOD,,Black and White God,黒白神,Schwarz-Weiß-Gott,Dieu Noir et Blanc,Dios Blanco y Negro,Deus Preto e Branco,Чёрно-белый Бог,Dio Bianco e Nero,黑白神,黑白神,흑백의 신,Bóg Czerni i Bieli,Чорно-білий Бог,Zwart-en-Wit God,Siyah ve Beyaz Tanrı
L_WD_BLINDFOLDED_MARTIAL_ARTIST,,Blindfolded Martial Artist,目隠しの武道家,Kampfkünstler mit verbundenen Augen,Artiste Martial aux Yeux Bandés,Artista Marcial con los Ojos Vendados,Artista Marcial Vendado,Ослеплённый Мастер Боевых Искусств,Artista Marziale Bendata,蒙眼武術家,蒙眼武术家,눈가리개 착용 무술가,Zaślepiony Mistrz Sztuk Walki,Майстер бойових мистецтв із зав'язаними очима,Geblinddoekte Vechtsporter,Gözleri Bağlı Dövüş Sanatçısı
L_WD_BLOODY_MAGE,,Bloody Mage,血の魔道士,Blutmagier,Mage Sanglant,Mago Sangriento,Mago Sangrento,Кровавый Маг,Mago Sanguinario,血魔法師,血腥法师,피의 마법사,Krwawy Mag,Кривавий Маг,Bloedmagiër,Kanlı Büyücü
L_WD_BLUE_BONNET,,Blue Bonnet,ブルー・ボネット,Blaue Haube,Bonnet Bleu,Bonete Azul,Chapéu Azul,Голубой Чепчик,Fiordaliso Blu,藍色帽花,蓝色呢帽,블루 보닛,Błękitny Beret,Блакитний Чепчик,Blauwe Muts,Mavi Başlık
L_WD_BUMBLEBEE_TODDLER,,Bumblebee Toddler,ハチの幼児,Hummelkind,Bambin Bourdon,Bebé Abejorro,Criança Abelha,Малыш-шмель,Bimbo Ape,大黃蜂幼童,大黄蜂幼童,범블비 유아,Maluch Trzmiel,Малюк-Джміль,Hommelkleuter,Yavru Arı Çocuk
L_WD_CHRONOMANCER,,Chronomancer,クロノマンサー,Chronomant,Chronomancien,Cronomante,Cronomante,Хрономант,Cronomante,時空法師,时空法师,시간술사,Chronomanta,Хрономант,Chronomancer,Zaman Büyücüsü
L_WD_CREATURE_KEEPER,,Creature Keeper,クリーチャーキーパー,Kreaturenhüter,Gardien de Créatures,Guardián de Criaturas,Guardião de Criaturas,Хранитель Существ,Custode delle Creature,生物守護者,生物饲养员,크리처 키퍼,Opiekun Stworzeń,Хранитель Істот,Wezenbewaarder,Yaratık Bakıcısı
L_WD_CRUDO_CLOTH,,Crudo Cloth,生布,Rohstoff,Étoffe Crue,Tela Cruda,Tecido Crudo,Сырая Ткань,Tessuto Crudo,生布,生布,크루도 천,Surowe Płótno,Сира Тканина,Ruw Doek,Ham Kumaş
L_WD_CYBERGOTH,,Cybergoth,サイバーゴス,Cybergoth,Cybergoth,Cybergoth,Cybergoth,Кибергот,Cybergoth,賽博哥德,赛博哥特,사이버고스,Cybergoth,Кіберґот,Cybergoth,Siberpunk
L_WD_CYBORG_DRAGON,,Cyborg Dragon,サイボーグドラゴン,Cyborg-Drache,Dragon Cyborg,Dragón Cibernético,Dragão Ciborgue,Киборг-дракон,Drago Cyborg,生化龍,机械龙,사이보그 드래곤,Smok Cyborg,Кіборг-дракон,Cyborg Draak,Siborg Ejderha
L_WD_DECANS_DELUXE_DISGUISE,,Decan's Deluxe Disguise,デカンの豪華変装,Decans Deluxe-Verkleidung,Déguisement Deluxe de Decan,Disfraz de Lujo de Decan,Disfarce de Luxo de Decan,Роскошная Маскировка Декана,Travestimento Deluxe di Decan,德坎的豪華偽裝,德坎的豪华伪装,데칸의 고급 변장,Luksusowy Kamuflaż Decana,Розкішний Маскарад Декана,Decan's Deluxe Vermomming,Decan'ın Lüks Kılığı
L_WD_DRIFTERS_SAMURAI_ARMOR,,Drifter's Samurai Armor,漂流者の侍鎧,Samurai-Rüstung des Wanderers,Armure de Samouraï du Vagabond,Armadura de Samurái del Vagabundo,Armadura de Samurai do Andarilho,Самурайские Доспехи Скитальца,Armatura da Samurai del Vagabondo,漂泊者的武士鎧甲,漂流者的武士盔甲,방랑자의 사무라이 갑옷,Zbroja Samuraja Włóczęgi,Самурайський обладунок Мандрівника,Samoerai-harnas van de Zwerver,Gezginin Samuray Zırhı
L_WD_DUALITY_MANIFEST,,Duality Manifest,二重性顕現,Manifestierte Dualität,Manifestation de Dualité,Dualidad Manifiesta,Manifestação da Dualidade,Проявление Двойственности,Manifestazione della Dualità,二元顯現,二元显现,이원성 현현,Manifestacja Dwoistości,Прояв Дуальності,Dualiteit Manifest,İkiliğin Tezahürü
L_WD_EARTHREND_CORRUPTION,,Earthrend Corruption,アースレンド・コラプション,Erdspaltende Verderbnis,Corruption de Déchire-terre,Corrupción de Tierrasgarro,Corrupção Rasga-Terra,Скверна Земного Разлома,Corruzione Spaccaterra,大地裂變腐化,裂地腐化,대지파괴 부패,Skażenie Rozdarcia Ziemi,Скверна Землерозлому,Aardscheur Corruptie,Yeryarıcı Yozlaşma
L_WD_EMERALD_TIDE_DWARF,,Emerald Tide Dwarf,エメラルドタイドドワーフ,Smaragdflut-Zwerg,Nain de la Marée d'Émeraude,Enano de la Marea Esmeralda,Anão da Maré Esmeralda,Гном Изумрудного Прилива,Nano della Marea di Smeraldo,翡翠潮矮人,翡翠潮矮人,에메랄드 타이드 드워프,Krasnolud Szmaragdowego Przypływu,Смарагдовий Приливний Гном,Smaragdgetij Dwerg,Zümrüt Gelgit Cüce
L_WD_EQUILIBRIUM,,Equilibrium,均衡,Gleichgewicht,Équilibre,Equilibrio,Equilíbrio,Равновесие,Equilibrio,平衡,平衡,균형,Równowaga,Рівновага,Evenwicht,Denge
L_WD_FEARSOME_BEAST,,Fearsome Beast,恐るべき獣,Furchterregendes Biest,Bête Redoutable,Bestia Temible,Besta Temível,Грозный Зверь,Bestia Temibile,恐怖猛獸,恐怖野兽,무시무시한 야수,Przerażająca Bestia,Грізний Звір,Angstaanjagend Beest,Korkunç Canavar
L_WD_GEOMANCY_ROBE,,Geomancy Robe,地霊術のローブ,Geomantie-Robe,Robe de Géomancie,Túnica de Geomancia,Manto de Geomancia,Мантия Геомантии,Veste di Geomanzia,地靈法袍,风水法袍,지맥술사 로브,Szata Geomancji,Мантія Геомантії,Geomantiegewaad,Yerşekil Cüppesi
L_WD_GOAT_LIFE,,Goat Life,ヤギの生活,Ziegenleben,Vie de Chèvre,Vida de Cabra,Vida de Cabra,Жизнь Козла,Vita Caprina,山羊生活,山羊生活,염소의 삶,Kozie Życie,Козяче життя,Geitenleven,Keçi Hayatı
L_WD_GREEN_DRAGON,,Green Dragon,グリーンドラゴン,Grüner Drache,Dragon Vert,Dragón Verde,Dragão Verde,Зелёный Дракон,Drago Verde,綠龍,绿龙,녹룡,Zielony Smok,Зелений Дракон,Groene Draak,Yeşil Ejderha
L_WD_HADAI_MAGIS,,Hadai Magis,ハダイ・マギス,Hadai Magis,Hadai Magis,Hadai Magis,Hadai Magis,Хадай Магис,Hadai Magis,哈代魔法,哈代魔法,하다이 마기스,Hadai Magis,Хадай Магіс,Hadai Magis,Hadai Magis
L_WD_HAPPY_STYX,,Happy Styx,ハッピースティクス,Glücklicher Styx,Styx Joyeux,Styx Feliz,Styx Feliz,Счастливый Стикс,Styx Felice,快樂冥河,快乐冥河,행복한 스틱스,Szczęśliwy Styks,Щасливий Стікс,Vrolijke Styx,Mutlu Styx
L_WD_HEDERASS_BLOOM,,Hederas's Bloom,ヘデラスの開花,Hederas's Blüte,Floraison d'Hederas,Floración de Hedera,Florescência de Hederas,Цветение Хедераса,Fioritura di Hedera,赫德拉之花,赫德拉之花,헤데라스의 꽃,Rozkwit Hederas,Цвітіння Гедераса,Hederas's Bloei,Hedera'nın Çiçeklenişi
L_WD_HERO_PRINCESS,,Hero Princess,ヒーロープリンセス,Heldenprinzessin,Princesse Héroïque,Princesa Heroína,Princesa Heroína,Принцесса-героиня,Principessa Eroina,英雄公主,英雄公主,영웅 공주,Księżniczka Bohaterka,Принцеса-героїня,Heldenprinses,Kahraman Prenses
L_WD_IMPISH_GRIN,,Impish Grin,悪戯っぽい笑み,Schelmisches Grinsen,Sourire Espiègle,Sonrisa Traviesa,Sorriso Travesso,Бесовская ухмылка,Ghigno Dispettoso,頑皮的笑容,顽皮笑容,장난스러운 미소,Diabelski Uśmieszek,Бісівська Посмішка,Ondeugende Grijns,Yaramaz Sırıtış
L_WD_KITSUNE_2,,Kitsune (2),キツネ (2),Kitsune (2),Kitsune (2),Kitsune (2),Kitsune (2),Кицунэ (2),Kitsune (2),狐妖 (2),狐妖（2）,키츠네 (2),Kitsune (2),Кіцуне (2),Kitsune (2),Kitsune (2)
L_WD_KOBOLD,,Kobold,コボルド,Kobold,Kobold,Kobold,Kobold,Кобольд,Coboldo,狗頭人,狗头人,코볼트,Kobold,Кобольд,Kobold,Kobold
L_WD_LITTLE_LIZARD,,Little Lizard,リトルリザード,Kleine Echse,Petit Lézard,Lagartija Pequeña,Pequeno Lagarto,Маленькая Ящерица,Piccola Lucertola,小蜥蜴,小蜥蜴,작은 도마뱀,Mały Jaszczur,Маленька Ящірка,Kleine Hagedis,Küçük Kertenkele
L_WD_LUCIDIA,,Lucidia,ルシディア,Lucidia,Lucidia,Lucidia,Lucidia,Люцидия,Lucidia,露西迪亞,露西迪亚,루시디아,Lucidia,Люцидія,Lucidia,Lucidia
L_WD_MOGI,,Mogi,モギ,Mogi,Mogi,Mogi,Mogi,Моги,Mogi,莫吉,莫吉,모기,Mogi,Могі,Mogi,Mogi
L_WD_NECROMANCER_MINOTAUR,,Necromancer Minotaur,ネクロマンサー・ミノタウロス,Nekromanten-Minotaurus,Minotaure Nécromancien,Minotauro Nigromante,Minotauro Necromante,Некромант-Минотавр,Minotauro Negromante,死靈法師牛頭人,死灵法师牛头人,강령술사 미노타우르스,Minotaur Nekromanta,Некромант-Мінотавр,Necromancer Minotaurus,Nekromanser Minotaur
L_WD_NINE_TAILED_FOX,,Nine Tailed Fox,九尾の狐,Neunschwänziger Fuchs,Renard à Neuf Queues,Zorro de Nueve Colas,Raposa de Nove Caudas,Девятихвостый Лис,Volpe a Nove Code,九尾狐,九尾狐,구미호,Dziewięcioogoniasty Lis,Дев'ятихвостий Лис,Negenstaartige Vos,Dokuz Kuyruklu Tilki
L_WD_NOXS_VISAGE,,Nox's Visage,ノックスの仮面,Nox' Antlitz,Visage de Nox,Semblante de Nox,Semblante de Nox,Лик Нокса,Volto di Nox,諾克斯的面容,诺克斯的面容,녹스의 얼굴,Oblicze Noxa,Личина Нокса,Nox' Gelaat,Nox'un Maskesi
L_WD_OCCULT_THAUMATURGE,,Occult Thaumaturge,オカルト魔術師,Okkulter Thaumaturg,Thaumaturge Occulte,Taumaturgo Oculto,Taumaturgo Oculto,Оккультный Тауматург,Taumaturgo Occulto,神秘法術師,神秘奇术师,신비한 마법사,Okultystyczny Taumaturg,Окультний Тауматург,Occulte Thaumaturg,Okült Taumaturj
L_WD_ODD_AMPHIBISKIN,,Odd Amphibiskin,奇妙な両生皮,Seltsame Amphibienhaut,Peau d'Amphibien Étrange,Piel de Anfibio Extraña,Pele de Anfíbio Estranha,Странная Амфибикожа,Strana Pelle d'Anfibio,奇異兩棲皮,奇异两栖动物,이상한 양서피부,Dziwna Płazoskóra,Дивна Амфібішкіра,Vreemde Amfibieënhuid,Garip Amfibideri
L_WD_OVERLORD_OF_ICE,,Overlord of Ice,氷の覇王,Frostgebieter,Seigneur de Glace,Señor Supremo del Hielo,Soberano do Gelo,Повелитель Льда,Signore del Ghiaccio,冰霜霸主,冰霜霸主,얼음의 대군주,Władca Lodu,Повелитель Льоду,Heerser van het IJs,Buz Hükümdarı
L_WD_PHANTOM_PROGRAMMER,,Phantom Programmer,ファントムプログラマー,Phantomprogrammierer,Programmeur Fantôme,Programador Fantasma,Programador Fantasma,Фантомный Программист,Programmatore Fantasma,幻影程式師,幻影程序员,환영 프로그래머,Widmowy Programista,Фантомний Програміст,Fantoom Programmeur,Hayalet Programcı
L_WD_PRIDE_PUNK,,Pride Punk,プライド・パンク,Pride Punk,Pride Punk,Pride Punk,Pride Punk,Панк-гордость,Pride Punk,驕傲龐克,傲慢朋克,프라이드 펑크,Pride Punk,Панк Гордості,Pride Punk,Gurur Punk
L_WD_PRINCESS_GRUB,,Princess Grub,プリンセス・グラブ,Prinzessin Larve,Larve Princesse,Princesa Larva,Larva Princesa,Принцесса Личинка,Principessa Larva,公主蟲,公主食物,공주 애벌레,Larwa Księżniczka,Принцеса Личинка,Prinses Larve,Prenses Larva
L_WD_PRODIGY_OF_THE_SWARM,,Prodigy of the Swarm,群れの天才,Wunderkind des Schwarms,Prodige de l'Essaim,Prodigio del Enjambre,Prodígio do Enxame,Избранник Роя,Prodigio dello Sciame,蟲群奇才,虫群奇才,군체의 영재,Geniusz Roju,Вундеркінд Рою,Wonderkind van de Zwerm,Sürünün Harikası
L_WD_PUG,,Pug,パグ,Mops,Carlin,Carlino,Pug,Мопс,Carlino,哈巴狗,哈巴狗,퍼그,Mops,Мопс,Mopshond,Pug
L_WD_PUNCHY_MCFISTO,,Punchy McFisto,パンチー・マクフィスト,Punchy McFisto,Punchy McFisto,Punchy McFisto,Punchy McFisto,Панчи МакФисто,Punchy McFisto,拳擊麥克菲斯托,拳击麦克菲斯托,펀치 맥피스토,Punchy McFisto,Кулачний МакКулак,Punchy McFisto,Yumrukçu McFisto
L_WD_RED_HAND_GENERAL,,Red Hand General,赤手将軍,Rothand-General,Général de la Main Rouge,General de la Mano Roja,General da Mão Vermelha,Генерал Красной Руки,Generale della Mano Rossa,赤手將軍,红手将军,붉은 손 장군,Generał Czerwonej Ręki,Генерал Червоної Руки,Generaal van de Rode Hand,Kızıl El Generali
L_WD_SEHAGIN,,Sehagin,セハギン,Sehagin,Sehagin,Sehagin,Sehagin,Сехагин,Sehagin,賽哈金,塞哈金,세하긴,Sehagin,Сегаґін,Sehagin,Sehagin
L_WD_SIDHE,,Sidhe,シー,Sidhe,Sidhe,Sidhe,Sidhe,Ши,Sidhe,希德,希德,시디,Sidhe,Ші,Sidhe,Sidhe
L_WD_SO_MANY_BONES,,So Many Bones,骨だらけ,So viele Knochen,Tant d'Ossements,Tantos Huesos,Tantos Ossos,Так Много Костей,Così Tante Ossa,滿地白骨,众多骨骸,너무나 많은 뼈,Tyle Kości,Так Багато Кісток,Zoveel Botten,Bir Sürü Kemik
L_WD_SOWER_OF_IDEAS,,Sower of Ideas,アイデアの播種者,Säer der Ideen,Semeur d'Idées,Sembrador de Ideas,Semeador de Ideias,Сеятель Идей,Seminatore di Idee,思想播種者,思想播种者,아이디어의 전파자,Siewca Idei,Сіяч Ідей,Zaaier van Ideeën,Fikir Ekicisi
L_WD_SPACE_COWBOY,,Space Cowboy,スペースカウボーイ,Space Cowboy,Space Cowboy,Vaquero Espacial,Cowboy Espacial,Космический Ковбой,Space Cowboy,太空牛仔,太空牛仔,스페이스 카우보이,Kosmiczny Kowboj,Космічний Ковбой,Ruimtecowboy,Uzay Kovboyu
L_WD_STRANGE_CLOTHES,,Strange Clothes,奇妙な服,Seltsame Kleidung,Vêtements Étranges,Ropa Extraña,Roupas Estranhas,Странная Одежда,Abiti Strani,奇異服裝,奇异装束,이상한 옷,Dziwne Ubrania,Дивний Одяг,Vreemde Kleding,Tuhaf Kıyafetler
L_WD_TARO_VETERAN_EXPLORER,,"Taro, Veteran Explorer",タロウ、ベテラン探検家,"Taro, Erfahrener Entdecker","Taro, Explorateur Vétéran","Taro, Explorador Veterano","Taro, Explorador Veterano","Таро, Бывалый Исследователь","Taro, Esploratore Veterano",太郎，資深探險家,资深探险家太郎,"타로, 노련한 탐험가","Taro, Doświadczony Odkrywca","Таро, Досвідчений Дослідник","Taro, Ervaren Verkenner","Taro, Usta Kaşif"
L_WD_TECHNOMANCER_GEAR,,Technomancer Gear,テクノマンサーの装備,Technomancer-Ausrüstung,Équipement de Technomancien,Equipo de Tecnomante,Equipamento de Tecnomante,Снаряжение Техноманта,Equipaggiamento del Tecnomante,科技法師裝備,科技法师套装,테크노맨서 장비,Ekwipunek Technomancera,Спорядження Техноманта,Technomancer Uitrusting,Teknomant Teçhizatı
L_WD_TENGU,,Tengu,天狗,Tengu,Tengu,Tengu,Tengu,Тэнгу,Tengu,天狗,天狗,텐구,Tengu,Тенґу,Tengu,Tengu
L_WD_THE_DREAMER,,The Dreamer,夢見る者,Der Träumer,Le Rêveur,El Soñador,O Sonhador,Мечтатель,Il Sognatore,夢想家,梦想家,몽상가,Marzyciel,Сновидець,De Dromer,Hayalperest
L_WD_MANTLE_OF_THE_RAINBOW_LORD,,Mantle of the Rainbow Lord,虹の王の外套,Mantel des Regenbogenfürsten,Manteau du Seigneur Arc-en-ciel,Manto del Señor del Arcoíris,Manto do Senhor do Arco-Íris,Мантия Радужного Владыки,Manto del Signore dell'Arcobaleno,彩虹領主的披風,彩虹领主的披风,무지개 군주의 망토,Płaszcz Tęczowego Władcy,Мантія Райдужного Володаря,Mantel van de Regenboogheer,Gökkuşağı Lordu'nun Pelerini
L_WD_THE_REGRESSOR,,The Regressor,リグレッサー,Der Rückkehrer,Le Régresseur,El Regresado,O Regressor,Регрессор,Il Regressore,迴歸者,回归者,회귀자,Regresujący,Регресор,De Terugkeerder,Geriye Dönen
L_WD_THE_ROI_CRAPAUD,,The Roi Crapaud,ロイ・クラポー,Der Froschkönig,Le Roi Crapaud,El Sapo Rey,O Rei Sapo,Король-Жаба,Il Re Rospo,蟾蜍王,蛙王,개구리 왕,Żabi Król,Жаб'ячий Король,De Kikkerkoning,Kurbağa Kral
L_WD_VOID_QUEEN,,Void Queen,虚無の女王,Nichtskönigin,Reine du Néant,Reina del Vacío,Rainha do Vazio,Королева Пустоты,Regina del Vuoto,虛空女王,虚空女王,공허의 여왕,Królowa Pustki,Королева Порожнечі,Leegte Koningin,Boşluk Kraliçesi
L_WD_VOIDTOUCH_SAVANT,,Voidtouch Savant,ヴォイドタッチの達人,Leerenberührungs-Gelehrter,Savant du Toucher du Néant,Sabio del Toque Vacío,Sábio do Toque do Vazio,Знаток Прикосновения Пустоты,Sapiente del Tocco del Vuoto,虛觸奇才,虚空触感专家,공허접촉 현자,Mistrz Pustki,Майстер Порожнечі,Leegtekrachtgeleerde,Boşluk Dokunuşu Ustası
L_WD_WRATH_OF_THE_EIGHT,,Wrath of the Eight,八人の怒り,Zorn der Acht,Courroux des Huit,Ira de los Ocho,Ira dos Oito,Гнев Восьмерых,Ira degli Otto,八者之怒,八怒之力,여덟의 분노,Gniew Ośmiu,Гнів Вісімки,Toorn van de Acht,Sekizlerin Gazabı
L_WD_LUCIUS_KING_OF_NEX,,"Lucius, King of Nex",ルシウス、ネックスの王,"Lucius, König von Nex","Lucius, Roi de Nex","Lucius, Rey de Nex","Lucius, Rei de Nex","Люциус, Король Некса","Lucius, Re di Nex",路西斯，奈克斯之王,卢修斯，奈克斯之王,"루시우스, 넥스의 왕","Lucjusz, Król Neksu","Люціус, Король Нексу","Lucius, Koning van Nex","Lucius, Nex Kralı"
L_WD_BREWMASTER_TIER_1,,Brewmaster (Tier 1),醸造師（第1段階）,Braumeister (Stufe 1),Maître Brasseur (Niveau 1),Maestro Cervecero (Nivel 1),Mestre Cervejeiro (Nível 1),Пивовар (Уровень 1),Mastro Birraio (Livello 1),釀酒大師（第1階）,调酒师（阶级1）,양조 명인 (티어 1),Piwowar (Poziom 1),Пивовар (Рівень 1),Brouwmeester (Niveau 1),Şerbetçi (Kademe 1)
L_WD_BREWMASTER_TIER_2,,Brewmaster (Tier 2),醸造師（ランク2）,Braumeister (Stufe 2),Maître Brasseur (Rang 2),Maestro Cervecero (Nivel 2),Mestre Cervejeiro (Nível 2),Пивовар (Уровень 2),Mastro Birraio (Livello 2),釀酒大師（第二階）,调酒师（阶级2）,양조 명인 (티어 2),Piwowar (Poziom 2),Пивовар (Рівень 2),Brouwmeester (Niveau 2),Şerbetçi (Kademe 2)
L_WD_BREWMASTER_TIER_3,,Brewmaster (Tier 3),醸造師（第3段階）,Braumeister (Stufe 3),Maître Brasseur (Rang 3),Maestro Cervecero (Nivel 3),Mestre Cervejeiro (Nível 3),Пивовар (Уровень 3),Mastro Birraio (Livello 3),釀酒大師（第3階）,调酒师（阶级3）,양조 명인 (티어 3),Mistrz Warzenia (Poziom 3),Бровар (Рівень 3),Brouwmeester (Niveau 3),Şerbetçi Ustası (Kademe 3)
L_WD_DEMONOLOGIST_TIER_1,,Demonologist (Tier 1),悪魔術師（第1段階）,Dämonologe (Stufe 1),Démonologue (Rang 1),Demonólogo (Nivel 1),Demonologista (Nível 1),Демонолог (Уровень 1),Demonologo (Livello 1),惡魔學者（第1階）,恶魔学家（阶级1）,악마학자 (1단계),Demonolog (Poziom 1),Демонолог (Рівень 1),Demonoloog (Niveau 1),Şeytanbilimci (Kademe 1)
L_WD_DEMONOLOGIST_TIER_2,,Demonologist (Tier 2),悪魔術師（ランク2）,Dämonologe (Stufe 2),Démonologue (Rang 2),Demonólogo (Nivel 2),Demonologista (Nível 2),Демонолог (Уровень 2),Demonologo (Livello 2),惡魔學者（階級 2）,恶魔学家（阶级2）,악마학자 (티어 2),Demonolog (Poziom 2),Демонолог (Рівень 2),Demonoloog (Niveau 2),Şeytanbilimci (Kademe 2)
L_WD_DEMONOLOGIST_TIER_3,,Demonologist (Tier 3),悪魔術師（第3段階）,Dämonologe (Stufe 3),Démonologue (Rang 3),Demonólogo (Nivel 3),Demonologista (Nível 3),Демонолог (Уровень 3),Demonologo (Livello 3),惡魔學者（階級 3）,恶魔学家（阶级3）,악마학자 (티어 3),Demonolog (Poziom 3),Демонолог (Рівень 3),Demonoloog (Niveau 3),Şeytanbilimci (Kademe 3)
L_WD_DEPRIVED_TIER_1,,Deprived (Tier 1),剥奪された者（第1段階）,Beraubt (Stufe 1),Démuni (Niveau 1),Despojado (Nivel 1),Privado (Nível 1),Обделённый (Уровень 1),Privato (Livello 1),貧困者（第1階）,被剥夺者（阶级1）,박탈된 자 (1등급),Pozbawiony (Poziom 1),Знедолений (Рівень 1),Ontbeerd (Niveau 1),Yoksun (Kademe 1)
L_WD_DEPRIVED_TIER_2,,Deprived (Tier 2),剥奪された者（ランク2）,Beraubt (Stufe 2),Démuni (Rang 2),Despojado (Nivel 2),Privado (Nível 2),Обделённый (Уровень 2),Privato (Livello 2),貧困者（第二階）,被剥夺者（阶级2）,박탈된 자 (티어 2),Pozbawiony (Poziom 2),Позбавлений (Рівень 2),Ontbeerd (Niveau 2),Mahrum (Kademe 2)
L_WD_DEPRIVED_TIER_3,,Deprived (Tier 3),剥奪された者（第3階級）,Beraubt (Stufe 3),Démuni (Rang 3),Despojado (Nivel 3),Privado (Nível 3),Обделённый (Уровень 3),Privato (Livello 3),貧困者（第3階）,被剥夺者（阶级3）,박탈된 자 (티어 3),Pozbawiony (Poziom 3),Позбавлений (Рівень 3),Ontbeerd (Niveau 3),Mahrum (Kademe 3)
L_WD_ENGINEER_TIER_1,,Engineer (Tier 1),エンジニア（ランク1）,Ingenieur (Stufe 1),Ingénieur (Rang 1),Ingeniero (Nivel 1),Engenheiro (Nível 1),Инженер (Уровень 1),Ingegnere (Livello 1),工程師（第一階）,工程师（阶级1）,기술자 (1등급),Inżynier (Poziom 1),Інженер (Рівень 1),Ingenieur (Niveau 1),Mühendis (Kademe 1)
L_WD_ENGINEER_TIER_2,,Engineer (Tier 2),エンジニア（ランク2）,Ingenieur (Stufe 2),Ingénieur (Rang 2),Ingeniero (Nivel 2),Engenheiro (Nível 2),Инженер (Уровень 2),Ingegnere (Livello 2),工程師（第二階）,工程师（阶级2）,기술자 (2등급),Inżynier (Poziom 2),Інженер (Рівень 2),Ingenieur (Niveau 2),Mühendis (Kademe 2)
L_WD_ENGINEER_TIER_3,,Engineer (Tier 3),エンジニア（ランク3）,Ingenieur (Stufe 3),Ingénieur (Rang 3),Ingeniero (Nivel 3),Engenheiro (Nível 3),Инженер (Уровень 3),Ingegnere (Livello 3),工程師（第3階）,工程师（阶级3）,기술자 (3등급),Inżynier (Poziom 3),Інженер (Рівень 3),Ingenieur (Niveau 3),Mühendis (Kademe 3)
L_WD_GLADIATOR_TIER_1,,Gladiator (Tier 1),グラディエーター（第1段階）,Gladiator (Stufe 1),Gladiateur (Niveau 1),Gladiador (Nivel 1),Gladiador (Nível 1),Гладиатор (Уровень 1),Gladiatore (Livello 1),角鬥士（第一階）,角斗士（阶级1）,검투사 (1티어),Gladiator (Poziom 1),Гладіатор (Рівень 1),Gladiator (Niveau 1),Gladyatör (Kademe 1)
L_WD_GLADIATOR_TIER_2,,Gladiator (Tier 2),グラディエーター（ランク2）,Gladiator (Stufe 2),Gladiateur (Rang 2),Gladiador (Nivel 2),Gladiador (Nível 2),Гладиатор (Уровень 2),Gladiatore (Livello 2),角鬥士（第二階）,角斗士（阶级2）,검투사 (티어 2),Gladiator (Poziom 2),Гладіатор (Рівень 2),Gladiator (Niveau 2),Gladyatör (Kademe 2)
L_WD_GLADIATOR_TIER_3,,Gladiator (Tier 3),グラディエーター（ランク3）,Gladiator (Stufe 3),Gladiateur (Rang 3),Gladiador (Nivel 3),Gladiador (Nível 3),Гладиатор (Уровень 3),Gladiatore (Livello 3),角鬥士（第3階）,角斗士（阶级3）,검투사 (티어 3),Gladiator (Poziom 3),Гладіатор (Рівень 3),Gladiator (Niveau 3),Gladyatör (Kademe 3)
L_WD_GRAVEBORN_TIER_1,,Graveborn (Tier 1),グレイヴボーン（ランク1）,Grabgeborener (Stufe 1),Mortnés (Rang 1),Nacido de la Tumba (Nivel 1),Mortívago (Nível 1),Рождённый в могиле (Уровень 1),Natomorto (Livello 1),墓生者（第一階）,重生者（阶级1）,그레이브본 (티어 1),Zrodzony z Grobu (Poziom 1),Могильнороджений (Рівень 1),Grafgeborene (Niveau 1),Mezardoğan (Kademe 1)
L_WD_GRAVEBORN_TIER_2,,Graveborn (Tier 2),グレイヴボーン（ランク2）,Grabgeborener (Stufe 2),Mortnés (Rang 2),Nacido de la Tumba (Nivel 2),Nascido do Túmulo (Nível 2),Рождённый во тьме (Уровень 2),Nato dalla Tomba (Livello 2),墓生者（第二階）,重生者（阶级2）,그레이브본 (티어 2),Zrodzony z Grobu (Poziom 2),Могильнороджений (Рівень 2),Grafgeborene (Tier 2),Mezardoğan (Kademe 2)
L_WD_GRAVEBORN_TIER_3,,Graveborn (Tier 3),グレイヴボーン（ランク3）,Grabgeborener (Stufe 3),Mortnés (Rang 3),Nacido de la Tumba (Nivel 3),Nascido do Túmulo (Nível 3),Рождённый в могиле (Уровень 3),Nato dalla Tomba (Livello 3),墓生者（第3階）,重生者（阶级3）,그레이브본 (티어 3),Zrodzony z Grobu (Poziom 3),Могильнороджений (Рівень 3),Grafgeborene (Tier 3),Mezardoğan (Kademe 3)
L_WD_MIME_TIER_1,,Mime (Tier 1),マイム（第1段階）,Mime (Stufe 1),Mime (Niveau 1),Mimo (Nivel 1),Mímico (Nível 1),Мим (Уровень 1),Mimo (Livello 1),啞劇演員（階級 1）,模仿者（阶级1）,마임 (1티어),Mim (Poziom 1),Мім (Рівень 1),Mime (Niveau 1),Soytarı (Kademe 1)
L_WD_MIME_TIER_2,,Mime (Tier 2),マイム（ランク2）,Mime (Stufe 2),Mime (Rang 2),Mimo (Nivel 2),Mímico (Nível 2),Мим (Уровень 2),Mimo (Livello 2),啞劇演員（階級 2）,模仿者（阶级2）,마임 (티어 2),Mim (Poziom 2),Мім (Рівень 2),Mimespeler (Niveau 2),Soytarı (Kademe 2)
L_WD_MIME_TIER_3,,Mime (Tier 3),マイム（ランク3）,Mime (Stufe 3),Mime (Rang 3),Mimo (Nivel 3),Mímico (Nível 3),Мим (Уровень 3),Mimo (Livello 3),啞劇演員（第3階）,模仿者（阶级3）,마임 (티어 3),Mim (Poziom 3),Мім (Рівень 3),Mimespeler (Niveau 3),Soytarı (Kademe 3)
L_WD_PARIAH_TIER_1,,Pariah (Tier 1),パーリア（第1階級）,Ausgestoßener (Stufe 1),Paria (Rang 1),Paria (Nivel 1),Pária (Nível 1),Изгой (Уровень 1),Paria (Livello 1),棄民（第1階）,被弃者（阶级1）,추방자 (티어 1),Parias (Poziom 1),Вигнанець (Рівень 1),Verstotene (Niveau 1),Paryah (Kademe 1)
L_WD_PARIAH_TIER_2,,Pariah (Tier 2),パーリア（ランク2）,Ausgestoßener (Stufe 2),Paria (Rang 2),Paria (Nivel 2),Pária (Nível 2),Изгой (Уровень 2),Paria (Livello 2),棄民（第二階）,被弃者（阶级2）,추방자 (티어 2),Parias (Poziom 2),Вигнанець (Рівень 2),Verstotene (Niveau 2),Paryah (Kademe 2)
L_WD_PARIAH_TIER_3,,Pariah (Tier 3),パーリア（第3階級）,Ausgestoßener (Stufe 3),Paria (Rang 3),Paria (Nivel 3),Pária (Nível 3),Изгой (Уровень 3),Paria (Livello 3),棄民（第3階）,被弃者（阶级3）,추방자 (티어 3),Parias (Poziom 3),Вигнанець (Рівень 3),Verstotene (Niveau 3),Paryah (Kademe 3)
L_WD_SHADOWBRINGER_TIER_1,,Shadowbringer (Tier 1),シャドウブリンガー（第1段階）,Schattenbringer (Stufe 1),Porteur d'Ombre (Rang 1),Portador de Sombras (Nivel 1),Portador das Sombras (Nível 1),Теневержец (Уровень 1),Portatore d'Ombra (Livello 1),影裂者（第一階）,暗影使者（阶级1）,그림자인도자 (1티어),Nosiciel Cienia (Poziom 1),Тіньоносець (Рівень 1),Schaduwbrenger (Niveau 1),Gölgegetiren (Kademe 1)
L_WD_SHADOWBRINGER_TIER_2,,Shadowbringer (Tier 2),シャドウブリンガー（ランク2）,Schattenbringer (Stufe 2),Porte-Ombre (Rang 2),Portador de Sombras (Nivel 2),Portador das Sombras (Nível 2),Теневержец (Уровень 2),Portatore d'Ombra (Livello 2),影裂者（第二階）,暗影使者（阶级2）,그림자인도자 (티어 2),Nosiciel Cienia (Poziom 2),Тіньоносець (Рівень 2),Schaduwbrenger (Niveau 2),Gölgegetiren (Kademe 2)
L_WD_SHADOWBRINGER_TIER_3,,Shadowbringer (Tier 3),シャドウブリンガー（第3段階）,Schattenbringer (Stufe 3),Porte-Ombre (Rang 3),Portador de Sombras (Nivel 3),Portador das Sombras (Nível 3),Теневержец (Уровень 3),Portatore d'Ombra (Livello 3),暗影使者（第3階）,暗影使者（阶级3）,그림자인도자 (티어 3),Nosiciel Cienia (Poziom 3),Тіньоносець (Рівень 3),Schaduwbrenger (Niveau 3),Gölgegetiren (Kademe 3)
L_WD_TOXICOLOGIST_TIER_1,,Toxicologist (Tier 1),毒物学者（第1段階）,Toxikologe (Stufe 1),Toxicologue (Niveau 1),Toxicólogo (Nivel 1),Toxicologista (Nível 1),Токсиколог (Уровень 1),Tossicologo (Livello 1),毒物學家（第1階）,毒物学家（阶级1）,독물학자 (1티어),Toksykolog (Poziom 1),Токсиколог (Рівень 1),Toxicoloog (Niveau 1),Toksikolog (Kademe 1)
L_WD_TOXICOLOGIST_TIER_2,,Toxicologist (Tier 2),毒物学者（ランク2）,Toxikologe (Stufe 2),Toxicologue (Niveau 2),Toxicólogo (Nivel 2),Toxicologista (Nível 2),Токсиколог (Уровень 2),Tossicologo (Livello 2),毒物學家（第2階）,毒物学家（阶级2）,독물학자 (티어 2),Toksykolog (Poziom 2),Токсиколог (Рівень 2),Toxicoloog (Niveau 2),Toksikolog (Kademe 2)
L_WD_TOXICOLOGIST_TIER_3,,Toxicologist (Tier 3),毒物学者（ランク3）,Toxikologe (Stufe 3),Toxicologue (Rang 3),Toxicólogo (Nivel 3),Toxicologista (Nível 3),Токсиколог (Уровень 3),Tossicologo (Livello 3),毒物學家（第3階）,毒物学家（阶级3）,독물학자 (티어 3),Toksykolog (Poziom 3),Токсиколог (Рівень 3),Toxicoloog (Niveau 3),Toksikolog (Kademe 3)
L_WD_THATGRAYDRAGON,,That Gray Dragon,グレイドラゴン,Dieser Graue Drache,Ce Dragon Gris,Ese Dragón Gris,Aquele Dragão Cinzento,Серый Дракон,Quel Drago Grigio,那頭灰龍,那只灰龙,회색 드래곤,Ten Szary Smok,Той Сірий Дракон,Die Grijze Draak,O Gri Ejderha
L_WD_DIMENSIONALTRAVELER,,Dimensional Traveler,次元の旅人,Dimensionsreisender,Voyageur Dimensionnel,Viajero Dimensional,Viajante Dimensional,Путешественник между измерениями,Viaggiatore Dimensionale,次元旅者,次元旅行者,차원 여행자,Podróżnik Wymiarów,Мандрівник між вимірами,Dimensionale Reiziger,Boyutlar Arası Gezgin
L_WD_MASTEROFEFFIGIES,,Master of Effigies,人形使い,Meister der Bildnisse,Maître des Effigies,Maestro de Efigies,Mestre das Efígies,Повелитель Подобий,Maestro degli Effigi,幻像大師,雕像大师,인형의 명인,Mistrz Podobizn,Майстер Опудал,Meester van Effigies,Suretler Ustası
L_WD_SPACEDRAGONKNIGHT,,Space Dragon Knight,スペースドラゴンナイト,Weltraumdrachen-Ritter,Chevalier Dragon Spatial,Caballero Dragón Espacial,Cavaleiro Dragão Espacial,Космический Рыцарь-Дракон,Cavaliere del Drago Spaziale,太空龍騎士,太空龙骑士,우주 용기사,Rycerz Kosmicznego Smoka,Космічний Лицар-Дракон,Ruimtedrakenridder,Uzay Ejderha Şövalyesi
L_WD_TAMEDSPIRIT,,Tamed Spirit,テイムド・スピリット,Gezähmter Geist,Esprit Apprivoisé,Espíritu Domado,Espírito Domado,Прирученный Дух,Spirito Domato,馴服的靈魂,驯化之灵,길들여진 영혼,Oswojony Duch,Приручений Дух,Getemde Geest,Evcilleştirilmiş Ruh
L_WD_MASTEROFLUCANIANS,,Master of Lucanians,ルカニア人の主,Meister der Lucanier,Maître des Lucaniens,Maestro de los Lucanianos,Mestre dos Lucanianos,Повелитель Луканцев,Maestro dei Lucani,盧卡尼亞人的大師,卢卡尼亚大师,루카니안의 지배자,Mistrz Lukanian,Володар Луканійців,Meester van de Lucaniërs,Lucanialıların Efendisi
L_WD_MASTEROFEGGXOTICS,,Master of Eggxotics,エッグゾチックスの達人,Meister der Eggxotik,Maître des Œufs Exotiques,Maestro de Eggxóticos,Mestre dos Exóticos de Ovos,Мастер Яицетики,Maestro degli Eggxotici,異蛋大師,奇趣蛋大师,이그조틱스의 대가,Mistrz Jajecznych Osobliwości,Майстер Яйцезотики,Meester van Eggxotica,Egzotik Yumurtaların Ustası
L_WD_MASTEROFSPACECATS,,Master of Spacecats,スペースキャットの達人,Meister der Weltraumkatzen,Maître des Chats de l'Espace,Maestro de Gatos Espaciales,Mestre dos Gatos Espaciais,Повелитель Космокотов,Maestro dei Gattispaziali,太空貓大師,太空猫大师,우주고양이의 지배자,Mistrz Kosmicznych Kotów,Володар Космокотів,Meester van de Ruimtekatten,Uzay Kedilerinin Efendisi
L_WD_MASTEROFSPELLJUGGLERS,,Master of Spelljugglers,呪文操者の達人,Meister der Zauberjonglierer,Maître des Jongleurs de Sorts,Maestro de Lanzahechizos,Mestre dos Manipuladores de Feitiços,Мастер Заклинателей,Maestro degli Incantastri,咒術操控大師,法术杂耍者大师,주문술사의 대가,Mistrz Czarozonglerów,Майстер Чаклозаклинателів,Meester van Speljongleurs,Büyü Cambazlarının Ustası
L_WD_SNEAKYTHIEF,,Sneaky Thief,こそ泥,Hinterlistiger Dieb,Voleur Furtif,Ladrón Sigiloso,Ladrão Sorrateiro,Хитрый Вор,Ladro Furtivo,鬼祟小偷,鬼祟小偷,교활한 도적,Skryty Złodziej,Хитрий Злодій,Sluwe Dief,Sinsi Hırsız
L_WD_MASTEROFCALUMNIERS,,Master of Calumniers,中傷者の達人,Meister der Verleumder,Maître des Calomniateurs,Maestro de Calumniadores,Mestre dos Caluniadores,Мастер Клеветников,Maestro dei Calunniatori,誹謗大師,诽谤者大师,비방자의 대가,Mistrz Oszczerców,Майстер Наклепників,Meester der Lasteraars,Kara İftira Ustası
L_WD_MASTEROFMARIONETTES,,Master of Marionettes,マリオネットの達人,Meister der Marionetten,Maître des Marionnettes,Maestro de Marionetas,Mestre dos Marionetes,Повелитель Марионеток,Maestro dei Burattini,傀儡大師,提线木偶大师,꼭두각시의 명인,Mistrz Marionetek,Майстер Маріонеток,Meester der Marionetten,Kuklaların Efendisi
L_WD_BOOSHEROO,,Boosheroo,ブーシェルー,Boosheroo,Boosheroo,Boosheroo,Boosheroo,Бушеру,Boosheroo,布謝魯,布舍鲁,부셔루,Boosheroo,Бушеру,Boosheroo,Boosheroo
L_WD_MASTEROFELEMENTASAURS,,Master of Elementasaurs,エレメンタザウルスの達人,Meister der Elementasaurier,Maître des Élémentosaures,Maestro de Elementasaurios,Mestre dos Elementassauros,Повелитель Элементазавров,Maestro degli Elementasauri,元素龍獸大師,元素龙大师,원소공룡의 마스터,Mistrz Elementazaurów,Майстер Елементазаврів,Meester van Elementasaurussen,Elementasaur Ustası
L_WD_PRIMALGOD,,Primal God,原始神,Urgott,Dieu Primordial,Dios Primordial,Deus Primordial,Первобытный Бог,Dio Primordiale,原始神,原始神,원시신,Pierwotny Bóg,Первісний Бог,Oergod,İlkel Tanrı
L_WD_MASTEROFROBODOMIS,,Master of Robodomis,ロボドミスの達人,Meister von Robodomis,Maître de Robodomis,Maestro de Robodomis,Mestre de Robodomis,Повелитель Рободомиса,Maestro di Robodomis,機械領域大師,机器随从大师,로보도미스의 지배자,Mistrz Robodomis,Володар Рободомісу,Meester van Robodomis,Robodomis Ustası
L_WD_MASTEROFUNDERDWELLERS,,Master of Underdwellers,アンダードウェラーの達人,Meister der Unterweltler,Maître des Habitants des Profondeurs,Maestro de los Moradores del Subsuelo,Mestre dos Subterrâneos,Повелитель Подземных Жителей,Signore dei Sotterranei,地底居民大師,地底居民大师,지하 거주자의 지배자,Władca Podziemnych Istot,Володар Підземників,Meester van de Onderbewoners,Yeraltı Sakinlerinin Efendisi
L_WD_MASTEROFCATACLYSMS,,Master of Cataclysms,大災厄の支配者,Meister der Kataklysmen,Maître des Cataclysmes,Maestro de Cataclismos,Mestre dos Cataclismos,Повелитель Катаклизмов,Maestro dei Cataclismi,災變大師,灾变大师,대재앙의 지배자,Mistrz Kataklizmów,Володар Катаклізмів,Meester van Cataclysmen,Felaketler Ustası
L_WD_MASTEROFMIRELINGS,,Master of Mirelings,ミアリングの達人,Meister der Schlammlinge,Maître des Vaseux,Maestro de Mirelings,Mestre dos Lamacentos,Повелитель Слизней,Maestro dei Mirelings,泥沼怪物大師,蛙灵大师,미어링의 지배자,Mistrz Moczarowców,Володар Трясовиків,Meester der Moeraslingen,Bataklık Yaratıklarının Efendisi
L_WD_MESMERIST1,,Mesmerist (Tier 1),催眠術師（第1階級）,Mesmerist (Stufe 1),Hypnotiseur (Niveau 1),Hipnotizador (Nivel 1),Mesmerista (Nível 1),Месмерист (Уровень 1),Mesmerista (Livello 1),催眠師（第1階）,催眠师（阶级1）,현혹술사 (티어 1),Mesmerystka (Poziom 1),Месмерист (Рівень 1),Hypnotiseur (Niveau 1),Büyüleyici (Kademe 1)
L_WD_MESMERIST2,,Mesmerist (Tier 2),催眠術師（ティア2）,Mesmerist (Stufe 2),Hypnotiseur (Rang 2),Hipnotizador (Nivel 2),Mesmerista (Nível 2),Месмерист (Уровень 2),Mesmerista (Livello 2),催眠師（第2階）,催眠师（阶级2）,현혹술사 (티어 2),Mesmeryzator (Poziom 2),Месмерист (Рівень 2),Hypnotiseur (Niveau 2),Hipnotizmacı (Kademe 2)
L_WD_MESMERIST3,,Mesmerist (Tier 3),催眠術師（ティア3）,Mesmerist (Stufe 3),Hypnotiseur (Rang 3),Mesmerista (Nivel 3),Mesmerista (Nível 3),Месмерист (Уровень 3),Mesmerista (Livello 3),催眠師（第3階）,催眠师（阶级3）,현혹술사 (티어 3),Mesmeryta (Poziom 3),Месмерист (Рівень 3),Hypnotiseur (Niveau 3),Hipnotizmacı (Kademe 3)
L_WD_CHROMATICDRAGON,,Chromatic Dragon,色彩竜,Chromatischer Drache,Dragon chromatique,Dragón Cromático,Dragão Cromático,Хроматический дракон,Drago Cromatico,彩色龍,彩龙,색채 드래곤,Smoczy Chromatyczny,Хроматичний Дракон,Chromatische Draak,Renkli Ejderha
L_WD_MERMAID1,,Mermaid (Tier 1),マーメイド（ランク1）,Meerjungfrau (Stufe 1),Sirène (Niveau 1),Sirena (Nivel 1),Sereia (Nível 1),Русалка (Уровень 1),Sirena (Livello 1),人魚（第一階）,人鱼（阶级1）,인어 (1티어),Syrena (Poziom 1),Русалка (Рівень 1),Zeemeermin (Niveau 1),Deniz Kızı (Kademe 1)
L_WD_MERMAID2,,Mermaid (Tier 2),マーメイド（ランク2）,Meerjungfrau (Stufe 2),Sirène (Rang 2),Sirena (Nivel 2),Sereia (Nível 2),Русалка (Уровень 2),Sirena (Livello 2),人魚 (第二階),人鱼（阶级2）,인어 (티어 2),Syrena (Poziom 2),Русалка (Рівень 2),Zeemeermin (Niveau 2),Deniz Kızı (Kademe 2)
L_WD_MERMAID3,,Mermaid (Tier 3),マーメイド（ランク3）,Meerjungfrau (Stufe 3),Sirène (Rang 3),Sirena (Nivel 3),Sereia (Nível 3),Русалка (Уровень 3),Sirena (Livello 3),人魚（第3階）,人鱼（阶级3）,인어 (티어 3),Syrena (Poziom 3),Русалка (Рівень 3),Zeemeermin (Niveau 3),Denizkızı (Kademe 3)
L_WD_ANTIQUARIAN1,,Antiquarian (Tier 1),骨董収集家（第1段階）,Antiquar (Stufe 1),Antiquaire (Niveau 1),Anticuario (Nivel 1),Antiquário (Nível 1),Антиквар (Уровень 1),Antiquario (Livello 1),古董收藏家（第1階）,古物专家（阶级1）,골동품 수집가 (1등급),Antykwariusz (Poziom 1),Антиквар (Рівень 1),Oudheidkundige (Niveau 1),Antikacı (Kademe 1)
L_WD_ANTIQUARIAN2,,Antiquarian (Tier 2),骨董収集家（ランク2）,Antiquar (Stufe 2),Antiquaire (Rang 2),Anticuario (Nivel 2),Antiquário (Nível 2),Антиквар (Уровень 2),Antiquario (Livello 2),古董收藏家（第二階）,古物专家（阶级2）,골동품 수집가 (티어 2),Antykwariusz (Poziom 2),Антиквар (Рівень 2),Oudheidkundige (Niveau 2),Antikacı (Kademe 2)
L_WD_ANTIQUARIAN3,,Antiquarian (Tier 3),骨董収集家（ランク3）,Antiquar (Stufe 3),Antiquaire (Niveau 3),Anticuario (Nivel 3),Antiquário (Nível 3),Антиквар (Уровень 3),Antiquario (Livello 3),古董收藏家（第3階）,古物专家（阶级3）,골동품 수집가 (티어 3),Antykwariusz (Poziom 3),Антиквар (Рівень 3),Oudheidkundige (Niveau 3),Antikacı (Kademe 3)
L_RND_ITEM_PRE_LARGE,,Large,大きい,Groß,Grand,Grande,Grande,Большой,Grande,大型,大,대형,Duży,Великий,Groot,Büyük
L_RND_ITEM_PRE_SMALL,,Small,小さい,Klein,Petit,Pequeño,Pequeno,Маленький,Piccolo,小,小,작은,Mały,Малий,Klein,Küçük
L_RND_ITEM_PRE_SPOTTED,,Spotted,発見した,Entdeckt,Repéré,Avistado,Avistado,Замечен,Avvistato,發現,污点,발견됨,Zauważony,Помічено,Gespot,Farkedildi
L_RND_ITEM_PRE_DOTTED,,Dotted,ドット,Gepunktet,Pointillé,Punteado,Pontilhado,Пунктирный,Punteggiato,虛線,波点,점선,Kropkowany,Пунктирний,Gestippeld,Noktalı
L_RND_ITEM_PRE_PINK,,Pink,ピンク,Rosa,Rose,Rosa,Rosa,Розовый,Rosa,粉紅色,粉,분홍색,Różowy,Рожевий,Roze,Pembe
L_RND_ITEM_PRE_ORANGE,,Orange,オレンジ,Orange,Orange,Naranja,Laranja,Оранжевый,Arancione,橘色,橙,오렌지,Pomarańczowy,Помаранчевий,Oranje,Turuncu
L_RND_ITEM_PRE_RED,,Red,赤,Rot,Rouge,Rojo,Vermelho,Красный,Rosso,紅,红,빨강,Czerwony,Червоний,Rood,Kırmızı
L_RND_ITEM_PRE_YELLOW,,Yellow,黄色,Gelb,Jaune,Amarillo,Amarelo,Жёлтый,Giallo,黃色,黄,노랑,Żółty,Жовтий,Geel,Sarı
L_RND_ITEM_PRE_GREEN,,Green,緑,Grün,Vert,Verde,Verde,Зелёный,Verde,綠色,绿,초록색,Zielony,Зелений,Groen,Yeşil
L_RND_ITEM_PRE_BLUE,,Blue,青,Blau,Bleu,Azul,Azul,Синий,Blu,藍色,蓝,파란색,Niebieski,Синій,Blauw,Mavi
L_RND_ITEM_PRE_INDIGO,,Indigo,インディゴ,Indigo,Indigo,Índigo,Índigo,Индиго,Indaco,靛藍,靛,인디고,Indygo,Індиго,Indigo,İndigo
L_RND_ITEM_PRE_VIOLET,,Violet,バイオレット,Violett,Violette,Violeta,Violeta,Фиолетовый,Viola,紫羅蘭,紫,바이올렛,Fioletowy,Фіолетовий,Violet,Mor
L_RND_ITEM_PRE_STRIPED,,Striped,縞模様の,Gestreift,Rayé,Rayado,Listrado,Полосатый,Striato,條紋,条纹,줄무늬,Pasiasty,Смугастий,Gestreept,Çizgili
L_RND_ITEM_PRE_FRAGILE,,Fragile,脆弱,Zerbrechlich,Fragile,Frágil,Frágil,Хрупкий,Fragile,易碎,易碎,취약함,Kruchy,Крихкий,Breekbaar,Kırılgan
L_RND_ITEM_PRE_DURABLE,,Durable,耐久性,Haltbar,Durable,Duradero,Durável,Прочный,Resistente,耐久,耐用,내구성 있는,Wytrzymały,Міцний,Duurzaam,Dayanıklı
L_RND_ITEM_PRE_FLEXIBLE,,Flexible,柔軟性,Flexibel,Flexible,Flexible,Flexível,Гибкий,Flessibile,靈活,柔软,유연한,Elastyczny,Гнучкий,Flexibel,Esnek
L_RND_ITEM_PRE_TINY,,Tiny,小さい,Winzig,Minuscule,Diminuto,Minúsculo,Крошечный,Minuscolo,微小,微小,작은,Malutki,Крихітний,Klein,Minik
L_RND_ITEM_PRE_HUGE,,Huge,巨大,Riesig,Énorme,Enorme,Enorme,Огромный,Enorme,巨大,巨大,거대한,Ogromny,Величезний,Enorm,Devasa
L_RND_ITEM_PRE_OLD,,Old,古い,Alt,Ancien,Viejo,Velho,Старый,Vecchio,舊,旧,오래된,Stary,Старий,Oud,Eski
L_RND_ITEM_PRE_DARK,,Dark,ダーク,Dunkel,Sombre,Oscuro,Sombrio,Тьма,Oscuro,黑暗,黑暗,어둠,Ciemność,Темний,Duister,Karanlık
L_RND_ITEM_PRE_LIGHT,,Light,ライト,Licht,Lumière,Luz,Luz,Свет,Luce,光,光明,빛,Światło,Світло,Licht,Işık
L_RND_ITEM_PRE_HEAVY,,Heavy,重い,Schwer,Lourd,Pesado,Pesado,Тяжелый,Pesante,重型,沉重,무거운,Ciężki,Важкий,Zwaar,Ağır
L_RND_ITEM_PRE_VIBRANT,,Vibrant,鮮やか,Lebendig,Vibrant,Vibrante,Vibrante,Яркий,Vibrante,鮮豔,鲜艳,생동감 넘치는,Żywy,Яскравий,Levendig,Canlı
L_RND_ITEM_PRE_LEGENDARY,,Legendary,レジェンダリー,Legendär,Légendaire,Legendario,Lendário,Легендарный,Leggendario,傳奇,传奇,전설적인,Legendarny,Легендарний,Legendarisch,Efsanevi
L_RND_ITEM_PRE_FABLED,,Fabled,伝説の,Sagenumwoben,Légendaire,Legendario,Lendário,Легендарный,Leggendario,傳說中的,神话,전설적인,Legendarny,Легендарний,Legendarisch,Efsanevi
L_RND_ITEM_PRE_UNIQUE,,Unique,ユニーク,Einzigartig,Unique,Único,Único,Уникальный,Unico,獨特,独特,고유,Unikatowy,Унікальний,Uniek,Eşsiz
L_RND_ITEM_PRE_RARE,,Rare,レア,Selten,Rare,Raro,Raro,Редкий,Raro,稀有,稀有,희귀,Rzadki,Рідкісний,Zeldzaam,Nadir
L_RND_ITEM_PRE_COMMON,,Common,一般,Gewöhnlich,Commun,Común,Comum,Обычный,Comune,普通,普通,일반,Pospolity,Звичайний,Algemeen,Yaygın
L_RND_ITEM_PRE_UNCOMMON,,Uncommon,レア,Ungewöhnlich,Peu commun,Poco común,Incomum,Необычный,Non comune,罕見,罕见,희귀한,Niepospolity,Незвичайний,Ongewoon,Nadir
L_RND_ITEM_PRE_SPECKLED,,Speckled,まだら,Gesprenkelt,Tacheté,Moteado,Salpicado,Пятнистый,Chiazzato,斑點的,斑点,얼룩덜룩한,Nakrapiany,Крапчастий,Gespikkeld,Benekli
L_RND_ITEM_PRE_GLASS,,Glass,ガラス,Glas,Verre,Vidrio,Vidro,Стекло,Vetro,玻璃,玻璃,유리,Szkło,Скло,Glas,Cam
L_RND_ITEM_PRE_BROWN,,Brown,茶色,Braun,Brun,Marrón,Marrom,Коричневый,Marrone,棕色,棕,갈색,Brązowy,Коричневий,Bruin,Kahverengi
L_RND_ITEM_PRE_BLACK,,Black,黒,Schwarz,Noir,Negro,Preto,Чёрный,Nero,黑色,黑,검은색,Czarny,Чорний,Zwart,Siyah
L_RND_ITEM_PRE_WHITE,,White,白,Weiß,Blanc,Blanco,Branco,Белый,Bianco,白色,白,하얀색,Biały,Білий,Wit,Beyaz
L_RND_ITEM_PRE_GRAY,,Gray,グレイ,Grau,Gris,Gris,Cinza,Серый,Grigio,灰色,灰,회색,Szary,Сірий,Grijs,Gri
L_RND_ITEM_PRE_DULL,,Dull,鈍い,Stumpf,Terne,Aburrido,Sem brilho,Тусклый,Ottuso,遲鈍,暗淡,둔한,Tępy,Тьмяний,Saai,Sönük
L_RND_ITEM_PRE_POINTED,,Pointed,尖った,Spitz,Pointu,Puntiagudo,Pontiagudo,Заостренный,Appuntito,尖銳的,尖锐,뾰족한,Spiczasty,Загострений,Puntig,Sivri
L_RND_ITEM_PRE_SHARP,,Sharp,鋭い,Scharf,Tranchant,Afilado,Afiado,Острый,Affilato,銳利,锐利,날카로운,Ostry,Гострий,Scherp,Keskin
L_RND_ITEM_PRE_METALLIC,,Metallic,メタリック,Metallisch,Métallique,Metálico,Metálico,Металлический,Metallico,金屬,金属,금속성,Metaliczny,Металевий,Metallisch,Metalik
L_RND_ITEM_PRE_TRANSLUCENT,,Translucent,半透明,Durchscheinend,Translucide,Translúcido,Translúcido,Полупрозрачный,Traslucido,半透明,半透明,반투명,Przezroczysty,Напівпрозорий,Doorschijnend,Yarı saydam
L_RND_ITEM_PRE_HOT,,Hot,熱い,Heiß,Chaud,Caliente,Quente,Горячо,Caldo,熱,热,뜨거운,Gorący,Гаряче,Heet,Sıcak
L_RND_ITEM_PRE_COLD,,Cold,冷気,Kalt,Froid,Frío,Frio,Холод,Freddo,寒冷,冷,차가운,Zimno,Холод,Koud,Soğuk
L_RND_ITEM_PRE_WARM,,Warm,温かい,Warm,Chaud,Cálido,Quente,Тепло,Caldo,溫暖,温暖,따뜻한,Ciepły,Теплий,Warm,Sıcak
L_RND_ITEM_PRE_NOXIOUS,,Noxious,有毒な,Giftig,Nocif,Nocivo,Nocivo,Ядовитый,Nocivo,毒性,有毒,유독성,Trujący,Отруйний,Giftig,Zehirli
L_RND_ITEM_PRE_SMELLY,,Smelly,臭い,Stinkend,Puant,Apestoso,Fedorento,Вонючий,Puzzolente,臭臭的,发臭,냄새 나는,Śmierdzący,Смердючий,Stinkend,Kokulu
L_RND_ITEM_PRE_PALATABLE,,Palatable,口当たりの良い,Schmackhaft,Appétissant,Apetecible,Palatável,Приемлемый,Appetitoso,可口的,可口,맛있는,Smaczny,Смачний,Smakelijk,Lezzetli
L_RND_ITEM_PRE_AROMATIC,,Aromatic,芳香のある,Aromatisch,Aromatique,Aromático,Aromático,Ароматный,Aromatico,芳香的,芳香,향기로운,Aromatyczny,Ароматний,Geurig,Aromatik
L_RND_ITEM_PRE_PUNGENT,,Pungent,強烈な臭いの,Stechend,Âcre,Penetrante,Pungente,Едкий,Pungente,刺鼻的,刺鼻,악취 나는,Gryzący,Різкий,Doordringend,Keskin
L_RND_ITEM_PRE_BLAND,,Bland,平凡,Fade,Fade,Soso,Insípido,Безвкусный,Insipido,平淡,乏味,밋밋한,Nijaki,Прісний,Saai,Sıradan
L_RND_ITEM_PRE_TASTELESS,,Tasteless,無味,Geschmacklos,Insipide,Insípido,Insípido,Безвкусный,Insipido,無味的,无味,무미건조한,Bez smaku,Несмачний,Smaakloos,Tatsız
L_RND_ITEM_SUF_ORE,,Ore,鉱石,Erz,Minerai,Mineral,Minério,Руда,Minerale,礦石,矿石,광석,Ruda,Руда,Erts,Cevher
L_RND_ITEM_SUF_BOOKS,,Books,本,Bücher,Livres,Libros,Livros,Книги,Libri,書籍,书籍,책,Księgi,Книги,Boeken,Kitaplar
L_RND_ITEM_SUF_MAPS,,Maps,マップ,Karten,Cartes,Mapas,Mapas,Карты,Mappe,地圖,地图,지도,Mapy,Карти,Kaarten,Haritalar
L_RND_ITEM_SUF_WANDS,,Wands,杖,Zauberstäbe,Baguettes,Varitas,Varinhas,Жезлы,Bacchette,魔杖,魔杖,지팡이,Różdżki,Жезли,Toverstokken,Asalar
L_RND_ITEM_SUF_LIBRAMS,,Librams,聖典,Folianten,Librams,Libros sagrados,Libramentos,Либрамы,Libri sacri,聖典,圣典,성서,Libra,Ліврами,Librams,Kitaplar
L_RND_ITEM_SUF_TOMES,,Tomes,魔導書,Folianten,Tomes,Tomos,Tomos,Фолианты,Tomi,典籍,典籍,마법서,Księgi,Фоліанти,Tomes,Ciltler
L_RND_ITEM_SUF_FLAGS,,Flags,フラグ,Flaggen,Drapeaux,Banderas,Bandeiras,Флаги,Bandiere,旗幟,旗帜,깃발,Flagi,Прапори,Vlaggen,Bayraklar
L_RND_ITEM_SUF_MARKERS,,Markers,マーカー,Markierungen,Marqueurs,Marcadores,Marcadores,Маркеры,Indicatori,標記,标记,마커,Znaczniki,Маркери,Markers,İşaretleyiciler
L_RND_ITEM_SUF_RINGS,,Rings,指輪,Ringe,Anneaux,Anillos,Anéis,Кольца,Anelli,戒指,戒指,반지,Pierścienie,Персні,Ringen,Yüzükler
L_RND_ITEM_SUF_HORNS,,Horns,角,Hörner,Cornes,Cuernos,Chifres,Рога,Corni,角,角,뿔,Rogi,Роги,Hoorns,Boynuzlar
L_RND_ITEM_SUF_KEYS,,Keys,鍵,Schlüssel,Clés,Llaves,Chaves,Ключи,Chiavi,鑰匙,钥匙,열쇠,Klucze,Ключі,Sleutels,Anahtarlar
L_RND_ITEM_SUF_TRINKETS,,Trinkets,トリンケット,Schmuckstücke,Babioles,Baratijas,Bugigangas,Безделушки,Cianfrusaglie,小飾品,饰物,장신구,Drobiazgi,Дрібнички,Snuisterijen,Eşyalar
L_RND_ITEM_SUF_POTIONS,,Potions,ポーション,Tränke,Potions,Pociones,Poções,Зелья,Pozioni,藥水,药水,물약,Mikstury,Зілля,Toverdranken,İksirler
L_RND_ITEM_SUF_RATIONS,,Rations,携帯食料,Rationen,Rations,Raciones,Rações,Рационы,Razioni,口糧,口粮,식량,Racje żywnościowe,Пайки,Rantsoenen,Tayın
L_RND_ITEM_SUF_DRAUGHTS,,Draughts,ドラフツ,Damespiel,Dames,Damas,Damas,Шашки,Dama,西洋跳棋,跳棋,드래프트,Warcaby,Шашки,Damspel,Dama
L_RND_ITEM_SUF_VIALS,,Vials,バイアル,Phiolen,Fioles,Viales,Frascos,Флаконы,Fiale,藥瓶,药瓶,약병,Fiolki,Флакони,Flesjes,Şişeler
L_RND_ITEM_SUF_GOBLETS,,Goblets,ゴブレット,Kelche,Calices,Cálices,Cálices,Кубки,Calici,酒杯,高脚杯,성배,Kielichy,Келихи,Kelken,Kadehler
L_RND_ITEM_SUF_COINS,,Coins,コイン,Münzen,Pièces,Monedas,Moedas,Монеты,Monete,金幣,金币,코인,Monety,Монети,Munten,Para
L_RND_ITEM_SUF_MIRRORS,,Mirrors,鏡,Spiegel,Miroirs,Espejos,Espelhos,Зеркала,Specchi,鏡子,镜子,거울,Lustra,Дзеркала,Spiegels,Aynalar
L_RND_ITEM_SUF_QUIVERS,,Quivers,矢筒,Köcher,Carquois,Carcajes,Aljavas,Колчаны,Faretre,箭袋,箭袋,화살통,Kołczany,Сагайдаки,Pijlkokers,Sadaklar
L_RND_ITEM_SUF_TUNICS,,Tunics,チュニック,Tuniken,Tuniques,Túnicas,Túnicas,Туники,Tuniche,長袍,束衣,튜닉,Tuniki,Туніки,Tunieken,Tunikler
L_RND_ITEM_SUF_TEETH,,Teeth,歯,Zähne,Dents,Dientes,Dentes,Зубы,Denti,牙齒,牙齿,이빨,Zęby,Зуби,Tanden,Dişler
L_RND_ITEM_SUF_BANNERS,,Banners,バナー,Banner,Bannières,Estandartes,Estandartes,Знамёна,Stendardi,旗幟,横幅,배너,Sztandary,Прапори,Banieren,Sancaklar
L_RND_ITEM_SUF_STANDARDS,,Standards,基準,Standards,Normes,Estándares,Padrões,Стандарты,Standard,標準,支柱,표준,Standardy,Стандарти,Standaarden,Standartlar
L_RND_ITEM_SUF_STAVES,,Staves,杖,Stäbe,Bâtons,Báculos,Cajados,Посохи,Bastoni,法杖,法杖,지팡이,Laski,Посохи,Staven,Asalar
L_RND_ITEM_SUF_POUCHES,,Pouches,袋,Beutel,Sacoches,Bolsas,Bolsas,Сумки,Borse,袋子,袋子,주머니,Sakiewki,Мішечки,Zakjes,Keseler
L_RND_ITEM_SUF_HERBS,,Herbs,ハーブ,Kräuter,Herbes,Hierbas,Ervas,Травы,Erbe,藥草,草药,약초,Zioła,Трави,Kruiden,Otlar
L_RND_ITEM_SUF_POTS,,Pots,ポット,Töpfe,Pots,Ollas,Potes,Горшки,Vasi,壺,锅,항아리,Garnki,Горщики,Potten,Çömlekler
L_RND_ITEM_SUF_VASES,,Vases,花瓶,Vasen,Vases,Jarrones,Vasos,Вазы,Vasi,花瓶,花瓶,화병,Wazy,Вази,Vazen,Vazolar
L_RND_ITEM_SUF_TORCHES,,Torches,松明,Fackeln,Torches,Antorchas,Tochas,Факелы,Torce,火把,火把,횃불,Pochodnie,Смолоскипи,Fakkels,Meşaleler
L_RND_ITEM_SUF_VEGETABLES,,Vegetables,野菜,Gemüse,Légumes,Verduras,Vegetais,Овощи,Verdure,蔬菜,蔬菜,채소,Warzywa,Овочі,Groenten,Sebzeler
L_RND_ITEM_SUF_FRUITS,,Fruits,フルーツ,Früchte,Fruits,Frutas,Frutas,Фрукты,Frutti,水果,水果,과일,Owoce,Фрукти,Vruchten,Meyveler
L_RND_ITEM_SUF_MEAT,,Meat,肉,Fleisch,Viande,Carne,Carne,Мясо,Carne,肉,肉,고기,Mięso,М'ясо,Vlees,Et
L_RND_ITEM_SUF_BREAD,,Bread,パン,Brot,Pain,Pan,Pão,Хлеб,Pane,麵包,面包,빵,Chleb,Хліб,Brood,Ekmek
L_RND_ITEM_SUF_MILK,,Milk,ミルク,Milch,Lait,Leche,Leite,Молоко,Latte,牛奶,牛奶,우유,Mleko,Молоко,Melk,Süt
L_RND_ITEM_SUF_SCABBARDS,,Scabbards,鞘,Schwertscheiden,Fourreaux,Vainas,Bainhas,Ножны,Foderi,劍鞘,剑鞘,검집,Pochwy,Піхви,Scheden,Kınlar
L_RND_ITEM_SUF_STONES,,Stones,石,Steine,Pierres,Piedras,Pedras,Камни,Pietre,石頭,石头,돌,Kamienie,Каміння,Stenen,Taşlar
L_RND_ITEM_SUF_ROCKS,,Rocks,岩,Steine,Rochers,Rocas,Rochas,Камни,Rocce,岩石,岩石,바위,Skały,Каміння,Rotsen,Kayalar
L_RND_ITEM_SUF_LEAVES,,Leaves,葉,Blätter,Feuilles,Hojas,Folhas,Листья,Foglie,樹葉,树叶,나뭇잎,Liście,Листя,Bladeren,Yapraklar
L_RND_ITEM_SUF_REEDS,,Reeds,葦,Schilf,Roseaux,Juncos,Juncos,Тростник,Canne,蘆葦,芦苇,갈대,Trzciny,Очерет,Riet,Kamışlar
L_RND_ITEM_SUF_ARROWS,,Arrows,矢,Pfeile,Flèches,Flechas,Flechas,Стрелы,Frecce,箭矢,箭矢,화살,Strzały,Стріли,Pijlen,Oklar
L_RND_ITEM_SUF_HILTS,,Hilts,柄,Griffe,Gardes,Empuñaduras,Cabos,Рукояти,Else,劍柄,剑柄,칼자루,Rękojeści,Руків'я,Gevesten,Kabzalar
L_RND_ITEM_SUF_JARS,,Jars,壺,Krüge,Jarres,Jarrones,Jarros,Кувшины,Vasi,罐子,罐子,항아리,Słoiki,Глечики,Potten,Küpler
L_PITEM_ESSENCE_AEOLIAN,,Essence of Aeolian,エオリアンの精髄,Essenz des Aeolischen,Essence d'Éolien,Esencia de Eólico,Essência de Eólio,Сущность Эолийца,Essenza di Aeolian,風靈精華,伊欧利安精华,에올리안의 정수,Esencja Eolska,Есенція Еолійська,Essentie van Aeolus,Aeolian'ın Özü
L_PITEM_ESSENCE_APOCRANOX,,Essence of Apocranox,アポクラノックスの精髄,Essenz von Apocranox,Essence d'Apocranox,Esencia de Apocranox,Essência de Apocranox,Эссенция Апокранокса,Essenza di Apocranox,天啟精華,阿波克拉诺精华,아포크라녹스의 정수,Esencja Apocranoksu,Есенція Апокраноксу,Essentie van Apocranox,Apocranox'un Özü
L_PITEM_ESSENCE_AURUM,,Essence of Aurum,黄金の精髄,Essenz des Aurums,Essence d'Aurum,Esencia de Aurum,Essência de Aurum,Эссенция Аурума,Essenza di Aurum,黃金精華,奥鲁姆精华,황금의 정수,Esencja Aurum,Есенція Аурума,Essentie van Aurum,Altın Özü
L_PITEM_ESSENCE_AZURAL,,Essence of Azural,アズラルの精髄,Essenz von Azural,Essence d'Azural,Esencia de Azural,Essência de Azural,Эссенция Азурала,Essenza di Azural,蒼藍精華,阿祖拉精华,아주랄의 정수,Esencja Azuralu,Есенція Азуралу,Essentie van Azural,Azural'ın Özü
L_PITEM_ESSENCE_CALIBAN,,Essence of Caliban,カリバンの精髄,Essenz von Caliban,Essence de Caliban,Esencia de Calibán,Essência de Caliban,Сущность Калибана,Essenza di Caliban,卡利班精華,卡利班精华,칼리반의 정수,Esencja Calibana,Есенція Калібана,Essentie van Caliban,Caliban'ın Özü
L_PITEM_ESSENCE_EREBYSS,,Essence of Erebyss,エレビスの精髄,Essenz von Erebyss,Essence d'Erebyss,Esencia de Erebyss,Essência de Erebyss,Эссенция Эребисса,Essenza di Erebyss,厄瑞比斯精華,艾瑞比丝精华,에레비스의 정수,Esencja Erebyss,Есенція Еребісу,Essentie van Erebyss,Erebyss'in Özü
L_PITEM_ESSENCE_FRIDEN,,Essence of Friden,フリデンの精髄,Essenz von Friden,Essence de Friden,Esencia de Friden,Essência de Friden,Эссенция Фридена,Essenza di Friden,弗里登精華,弗里登精华,프리든의 정수,Esencja Fridenu,Есенція Фрідена,Essentie van Friden,Friden'in Özü
L_PITEM_ESSENCE_GONFURIAN,,Essence of Gonfurian,ゴンフリアンの精髄,Essenz des Gonfurian,Essence de Gonfurian,Esencia de Gonfurian,Essência de Gonfurian,Эссенция Гонфуриана,Essenza di Gonfurian,貢夫里安精華,贡弗瑞安精华,곤푸리안의 정수,Esencja Gonfuriana,Есенція Гонфуріана,Essentie van Gonfurian,Gonfurian Özü
L_PITEM_ESSENCE_LISTER,,Essence of Lister,リスターの精髄,Essenz des Listers,Essence de Lister,Esencia de Lister,Essência de Lister,Эссенция Листера,Essenza di Lister,列斯特精華,利斯特精华,리스터의 정수,Esencja Listera,Есенція Лістера,Essentie van Lister,Lister'ın Özü
L_PITEM_ESSENCE_MERAXIS,,Essence of Meraxis,メラクシスの精髄,Essenz von Meraxis,Essence de Meraxis,Esencia de Meraxis,Essência de Meraxis,Эссенция Мераксиса,Essenza di Meraxis,梅拉克西斯精華,梅拉西斯精华,메락시스의 정수,Esencja Meraxis,Есенція Мераксіса,Essentie van Meraxis,Meraxis'in Özü
L_PITEM_ESSENCE_MORTEM,,Essence of Mortem,モーテムの精髄,Essenz des Mortem,Essence de Mortem,Esencia de Mortem,Essência de Mortem,Эссенция Мортема,Essenza di Mortem,死亡精華,莫特姆精华,모르템의 정수,Esencja Mortem,Есенція Мортема,Essentie van Mortem,Ölüm Özü
L_PITEM_ESSENCE_PERDITION,,Essence of Perditon,滅亡の精髄,Essenz der Verdammnis,Essence de Perdition,Esencia de Perdición,Essência da Perdição,Эссенция Погибели,Essenza della Perdizione,滅亡精華,珀迪森精华,파멸의 정수,Esencja Zatracenia,Есенція Загибелі,Essentie van Verderf,Mahvolma Özü
L_PITEM_ESSENCE_REGALIS,,Essence of Regalis,レガリスの精髄,Essenz von Regalis,Essence de Regalis,Esencia de Regalis,Essência de Regalis,Эссенция Регалиса,Essenza di Regalis,雷加利斯精華,蕾伽丽丝精华,레갈리스의 정수,Esencja Regalis,Есенція Регаліса,Essentie van Regalis,Regalis'in Özü
L_PITEM_ESSENCE_SURATHLI,,Essence of Surathli,スラスリの精髄,Essenz von Surathli,Essence de Surathli,Esencia de Surathli,Essência de Surathli,Эссенция Суратли,Essenza di Surathli,蘇拉斯利精華,苏拉斯莉精华,수라틀리의 정수,Esencja Surathli,Есенція Суратлі,Essentie van Surathli,Surathli'nin Özü
L_PITEM_ESSENCE_TARTARITH,,Essence of Tartarith,タルタリスの精髄,Essenz von Tartarith,Essence de Tartarith,Esencia de Tartarith,Essência de Tartarith,Эссенция Тартарита,Essenza di Tartarith,塔塔利斯精華,塔尔塔里斯精华,타르타리스의 정수,Esencja Tartarith,Есенція Тартаріту,Essentie van Tartarith,Tartarith'in Özü
L_PITEM_ESSENCE_TENEBRIS,,Essence of Tenebris,テネブリスの精髄,Essenz der Finsternis,Essence de Tenebris,Esencia de Tenebris,Essência de Tenebris,Эссенция Тенебрис,Essenza di Tenebris,闇黑精華,特内布里斯精华,테네브리스의 정수,Esencja Tenebris,Есенція Тенебріс,Essentie van Tenebris,Tenebris'in Özü
L_PITEM_ESSENCE_TORUN,,Essence of Torun,トルンの精髄,Essenz von Torun,Essence de Torun,Esencia de Torun,Essência de Torun,Эссенция Торуна,Essenza di Torun,托倫精華,托伦精华,토런의 정수,Esencja Torunia,Есенція Торуна,Essentie van Torun,Torun'un Özü
L_PITEM_ESSENCE_VENEDON,,Essence of Venedon,ヴェネドンの精髄,Essenz von Venedon,Essence de Venedon,Esencia de Venedon,Essência de Venedon,Эссенция Венедона,Essenza di Venedon,維尼頓精華,维内多精华,베네돈의 정수,Esencja Venedonu,Есенція Венедону,Essentie van Venedon,Venedon'un Özü
L_PITEM_ESSENCE_VERTRAAG,,Essence of Vertraag,ヴェルトラーグの精髄,Essenz von Vertraag,Essence de Vertraag,Esencia de Vertraag,Essência de Vertraag,Эссенция Вертраага,Essenza di Vertraag,維特拉格精華,维特拉戈精华,버트라그의 정수,Esencja Vertraaga,Есенція Вертраага,Essentie van Vertraging,Vertraag'ın Özü
L_PITEM_ESSENCE_VULCANAR,,Essence of Vulcanar,ヴァルカナーの精髄,Essenz von Vulcanar,Essence de Vulcanar,Esencia de Vulcanar,Essência de Vulcanar,Эссенция Вулканара,Essenza di Vulcanar,火神精華,瓦尔卡纳精华,불카나르의 정수,Esencja Vulcanara,Есенція Вулканара,Essentie van Vulcanar,Vulcanar'ın Özü
L_PITEM_ESSENCE_YSEROS,,Essence of Yseros,イセロスの精髄,Essenz von Yseros,Essence d'Yseros,Esencia de Yseros,Essência de Yseros,Эссенция Исероса,Essenza di Yseros,伊瑟洛斯精華,伊瑟洛丝精华,이세로스의 정수,Esencja Yserosa,Есенція Ісероса,Essentie van Yseros,Yseros'un Özü
L_PITEM_ESSENCE_ZONTE,,Essence of Zonte,ゾンテの精髄,Essenz von Zonte,Essence de Zonte,Esencia de Zonte,Essência de Zonte,Эссенция Зонте,Essenza di Zonte,宗特精華,佐特精华,존테의 정수,Esencja Zonte,Есенція Зонте,Essentie van Zonte,Zonte'nin Özü
L_PITEM_HEART_AJABIRKU,,Heart of Aja Birku,アジャ・ビルクの心臓,Herz von Aja Birku,Cœur d'Aja Birku,Corazón de Aja Birku,Coração de Aja Birku,Сердце Аджа Бирку,Cuore di Aja Birku,阿賈比爾庫之心,阿贾·比尔库之心,아자 비르쿠의 심장,Serce Aja Birku,Серце Аджа Бірку,Hart van Aja Birku,Aja Birku'nun Kalbi
L_PITEM_HEART_ALAKADAN,,Heart of Alakadan,アラカダンの心臓,Herz von Alakadan,Cœur d'Alakadan,Corazón de Alakadan,Coração de Alakadan,Сердце Алакадана,Cuore di Alakadan,阿拉卡丹之心,阿拉卡丹之心,알라카단의 심장,Serce Alakadanu,Серце Алакадану,Hart van Alakadan,Alakadan'ın Kalbi
L_PITEM_HEART_COLG,,Heart of Colg,コルグの心臓,Herz von Colg,Cœur de Colg,Corazón de Colg,Coração de Colg,Сердце Колга,Cuore di Colg,柯爾格之心,科尔格之心,콜그의 심장,Serce Colg,Серце Колґа,Hart van Colg,Colg'un Kalbi
L_PITEM_HEART_DARKSULKER,,Heart of Darksulker,ダークサルカーの心臓,Herz des Dunkellauerers,Cœur de Darksulker,Corazón de Darksulker,Coração de Darksulker,Сердце Темного Скитальца,Cuore di Darksulker,黯潛者之心,暗潜者之心,다크설커의 심장,Serce Mrocznego Łowcy,Серце Темнокрада,Hart van Darksulker,Karanlıkyutan'ın Kalbi
L_PITEM_HEART_DIAMANT,,Heart of Diamant,ディアマントの心,Herz des Diamanten,Cœur de Diamant,Corazón de Diamant,Coração de Diamant,Сердце Диаманта,Cuore di Diamant,鑽石之心,晶簇灵之心,디아망의 심장,Serce Diamantu,Серце Діаманту,Hart van Diamant,Diamant'ın Kalbi
L_PITEM_HEART_DIKYA,,Heart of Dikya,ディキャの心臓,Herz von Dikya,Cœur de Dikya,Corazón de Dikya,Coração de Dikya,Сердце Дикьи,Cuore di Dikya,迪卡之心,迪卡亚之心,디키아의 심장,Serce Dikyi,Серце Дікії,Hart van Dikya,Dikya'nın Kalbi
L_PITEM_HEART_ELQOR,,Heart of Elqor,エルカーの心臓,Herz von Elqor,Cœur d'Elqor,Corazón de Elqor,Coração de Elqor,Сердце Элкора,Cuore di Elqor,艾爾科之心,艾尔科之心,엘코르의 심장,Serce Elqoru,Серце Елкору,Hart van Elqor,Elqor'un Kalbi
L_PITEM_HEART_EMLAI,,Heart of Emlai,エムライの心臓,Herz von Emlai,Cœur d'Emlai,Corazón de Emlai,Coração de Emlai,Сердце Эмлай,Cuore di Emlai,艾姆萊之心,恩来之心,엠라이의 심장,Serce Emlai,Серце Емлаю,Hart van Emlai,Emlai'nin Kalbi
L_PITEM_HEART_ICONUS,,Heart of Iconus,イコナスの心,Herz von Iconus,Cœur d'Iconus,Corazón de Iconus,Coração de Iconus,Сердце Иконуса,Cuore di Iconus,艾科諾斯之心,伊科洛斯之心,아이코누스의 심장,Serce Iconusa,Серце Іконуса,Hart van Iconus,Iconus'un Kalbi
L_PITEM_HEART_KALASAG,,Heart of Kalasag,カラサグの心,Herz von Kalasag,Cœur de Kalasag,Corazón de Kalasag,Coração de Kalasag,Сердце Каласага,Cuore di Kalasag,卡拉薩格之心,卡拉萨格之心,칼라삭의 심장,Serce Kalasagu,Серце Каласага,Hart van Kalasag,Kalasag'ın Kalbi
L_PITEM_HEART_KAPRE,,Heart of Kapre,カプレの心臓,Herz des Kapre,Cœur de Kapre,Corazón de Kapre,Coração de Kapre,Сердце Капре,Cuore di Kapre,卡普雷之心,卡普雷之心,카프레의 심장,Serce Kapre,Серце Капре,Hart van Kapre,Kapre'nin Kalbi
L_PITEM_HEART_LAGLOR,,Heart of Laglor,ラグロアの心臓,Herz von Laglor,Cœur de Laglor,Corazón de Laglor,Coração de Laglor,Сердце Лаглора,Cuore di Laglor,拉格洛之心,拉格洛尔之心,라글로의 심장,Serce Lagloru,Серце Лаглора,Hart van Laglor,Laglor'un Kalbi
L_PITEM_HEART_LINTA,,Heart of Linta,リンタの心,Herz von Linta,Cœur de Linta,Corazón de Linta,Coração de Linta,Сердце Линты,Cuore di Linta,琳塔之心,林塔之心,린타의 심장,Serce Linty,Серце Лінти,Hart van Linta,Linta'nın Kalbi
L_PITEM_HEART_MUMU,,Heart of Mumu,ムムの心臓,Herz von Mumu,Cœur de Mumu,Corazón de Mumu,Coração de Mumu,Сердце Муму,Cuore di Mumu,姆姆之心,姆姆之心,무무의 심장,Serce Mumu,Серце Муму,Hart van Mumu,Mumu'nun Kalbi
L_PITEM_HEART_NOXPIT,,Heart of Noxpit,ノクスピットの心臓,Herz von Noxpit,Cœur de Noxpit,Corazón de Noxpit,Coração de Noxpit,Сердце Ноксита,Cuore di Noxpit,諾克斯皮特之心,诺克斯皮特之心,녹스핏의 심장,Serce Noxpitu,Серце Нокспіту,Hart van Noxpit,Noxpit'in Kalbi
L_PITEM_HEART_OTTUM,,Heart of Ottum,オッタムの心臓,Herz von Ottum,Cœur d'Ottum,Corazón de Ottum,Coração de Ottum,Сердце Оттума,Cuore di Ottum,奧特姆之心,奥图姆之心,오툼의 심장,Serce Ottum,Серце Оттума,Hart van Ottum,Ottum'un Kalbi
L_PITEM_HEART_TENBRAN,,Heart of Tenbran,テンブランの心臓,Herz von Tenbran,Cœur de Tenbran,Corazón de Tenbran,Coração de Tenbran,Сердце Тенбрана,Cuore di Tenbran,坦布蘭之心,坦布兰之心,텐브란의 심장,Serce Tenbranu,Серце Тенбрану,Hart van Tenbran,Tenbran'ın Kalbi
L_PITEM_HEART_THELOST,,Heart of The Lost,失われし者の心,Herz des Verlorenen,Cœur du Perdu,Corazón de Los Perdidos,Coração do Perdido,Сердце Потерянного,Cuore del Perduto,失落之心,迷失者之心,잃어버린 자의 심장,Serce Zagubionych,Серце Загубленого,Hart van Het Verlorene,Kaybolanın Kalbi
L_PITEM_HEART_TISYA,,Heart of Tisya,ティシャの心臓,Herz von Tisya,Cœur de Tisya,Corazón de Tisya,Coração de Tisya,Сердце Тисьи,Cuore di Tisya,提西亞之心,缇丝娅之心,티시아의 심장,Serce Tisyi,Серце Тісії,Hart van Tisya,Tisya'nın Kalbi
L_PITEM_HEART_UGAT,,Heart of Ugat,ウガトの心臓,Herz von Ugat,Cœur d'Ugat,Corazón de Ugat,Coração de Ugat,Сердце Угата,Cuore di Ugat,烏加特之心,乌加特之心,우갓의 심장,Serce Ugatu,Серце Угату,Hart van Ugat,Ugat'ın Kalbi
L_PITEM_HEART_WALKEN,,Heart of Walken,ウォーケンの心,Herz von Walken,Cœur de Walken,Corazón de Walken,Coração de Walken,Сердце Уолкена,Cuore di Walken,沃肯之心,沃肯之心,워큰의 심장,Serce Walkena,Серце Волкена,Hart van Walken,Walken'ın Kalbi
L_PITEM_HEART_YLLOR,,Heart of Yllor,イロールの心臓,Herz von Yllor,Cœur d'Yllor,Corazón de Yllor,Coração de Yllor,Сердце Иллора,Cuore di Yllor,伊洛之心,伊洛之心,일로르의 심장,Serce Ylloru,Серце Іллора,Hart van Yllor,Yllor'un Kalbi
L_PITEM_ARCANEVAULT,,Arcane Vault,アーケイン・ヴォールト,Arkane Kammer,Voûte Arcanique,Bóveda Arcana,Cofre Arcano,Тайное Хранилище,Cripta Arcana,奧術寶庫,奥术宝库,비전 금고,Mistyczna Skarbnica,Магічне Сховище,Arcane Kluis,Büyülü Kasa
L_PITEM_BEERKEG,,Keg of Ale,麦酒の樽,Bierfass,Tonneau de Bière,Barril de Cerveza,Barril de Cerveja,Бочонок эля,Barile di Birra,麥酒桶,麦酒桶,맥주통,Beczka Piwa,Бочка елю,Vat Bier,Bira Fıçısı
L_PITEM_BEERMUG,,Empty Mug,空のマグカップ,Leerer Krug,Chope Vide,Jarra Vacía,Caneca Vazia,Пустая кружка,Boccale Vuoto,空杯子,空杯子,빈 머그잔,Pusty Kufel,Порожня Кружка,Lege Mok,Boş Kupa
L_PITEM_BLOOD,,Blood,血,Blut,Sang,Sangre,Sangue,Кровь,Sangue,血液,血液,피,Krew,Кров,Bloed,Kan
L_PITEM_BLOODCANDLE,,Blood Candle,血の蝋燭,Blutkerze,Bougie de Sang,Vela de Sangre,Vela de Sangue,Кровавая Свеча,Candela di Sangue,血蠟燭,血蜡烛,피의 촛불,Krwawa Świeca,Кривава Свічка,Bloedkaars,Kan Mumu
L_PITEM_BOLTS,,Bolts,ボルト,Bolzen,Boulons,Pernos,Parafusos,Болты,Bulloni,螺栓,螺栓,볼트,Śruby,Болти,Bouten,Cıvatalar
L_PITEM_BRASSGOBLET,,Brass Goblet,真鍮のゴブレット,Messingkelch,Gobelet en Laiton,Cáliz de Latón,Cálice de Latão,Латунный кубок,Calice di Ottone,黃銅酒杯,黄铜酒杯,황동 고블릿,Mosiężny Puchar,Латунний келих,Koperen Beker,Pirinç Kadeh
L_PITEM_CHAIR,,Chair,椅子,Stuhl,Chaise,Silla,Cadeira,Стул,Sedia,椅子,椅子,의자,Krzesło,Стілець,Stoel,Sandalye
L_PITEM_COPPERINGOT,,Copper Ingot,銅インゴット,Kupferbarren,Lingot de cuivre,Lingote de Cobre,Lingote de Cobre,Медный слиток,Lingotto di Rame,銅錠,铜锭,구리 주괴,Sztabka miedzi,Мідний злиток,Koperstaaf,Bakır Külçesi
L_PITEM_COPPERMALLET,,Copper Mallet,銅のハンマー,Kupferhammer,Maillet de Cuivre,Mazo de Cobre,Martelo de Cobre,Медный Молот,Martello di Rame,銅錘,铜槌,구리 망치,Miedziany Młot,Мідний Молот,Koperen Hamer,Bakır Tokmak
L_PITEM_CREATUREJUICE,,Creature Juice,クリーチャージュース,Kreaturensaft,Jus de Créature,Jugo de Criatura,Suco de Criatura,Сок Существа,Succo di Creatura,生物汁液,生物汁液,생물 주스,Sok Stwora,Сік Істоти,Wezensap,Yaratık Suyu
L_PITEM_DICE,,Dice,ダイス,Würfel,Dés,Dados,Dados,Кости,Dadi,骰子,骰子,주사위,Kości,Кубики,Dobbelstenen,Zar
L_PITEM_ELIZEBALL,,Prophecy Orb,予言の宝珠,Prophezeiungskugel,Orbe de Prophétie,Orbe de Profecía,Orbe da Profecia,Сфера Пророчества,Sfera della Profezia,預言寶珠,预言宝珠,예언의 오브,Kula Przepowiedni,Сфера Пророцтва,Profetie-orb,Kehanet Küresi
L_PITEM_EMPOWEREDANVIL,,Empowered Anvil,強化の金床,Machtvoller Amboss,Enclume Renforcée,Yunque Potenciado,Bigorna Potencializada,Усиленная Наковальня,Incudine Potenziata,強化鐵砧,强化铁砧,강화된 모루,Wzmocnione Kowadło,Посилене Ковадло,Versterkt Aambeeld,Güçlendirilmiş Örs
L_PITEM_ENCHANTEDCOAL,,Enchanted Coal,魔法の石炭,Verzaubertes Kohle,Charbon Enchanté,Carbón Encantado,Carvão Encantado,Зачарованный уголь,Carbone Incantato,魔法煤炭,附魔煤炭,마법의 석탄,Zaczarowany Węgiel,Зачароване вугілля,Betoverde Kool,Büyülü Kömür
L_PITEM_EXQUISITECRYSTALBALL,,Exquisite Crystal Ball,絶妙な水晶玉,Exquisite Kristallkugel,Boule de Cristal Exquise,Bola de Cristal Exquisita,Bola de Cristal Requintada,Изысканный хрустальный шар,Sfera di Cristallo Squisita,精緻水晶球,精美水晶球,정교한 수정구,Wykwintna Kryształowa Kula,Вишуканий кришталевий шар,Voortreffelijke Kristallen Bol,Muhteşem Kristal Küre
L_PITEM_GAMEPIECE,,Game Piece,ゲームピース,Spielfigur,Pièce de jeu,Pieza de juego,Peça de Jogo,Игровая фишка,Pezzo di Gioco,遊戲棋子,游戏棋子,게임 말,Pionek,Ігрова фігура,Spelsteen,Oyun Parçası
L_PITEM_GEMSTONES,,Gemstones,宝石,Edelsteine,Pierres précieuses,Gemas,Pedras preciosas,Самоцветы,Gemme,寶石,宝石,보석,Klejnoty,Самоцвіти,Edelstenen,Mücevher Taşları
L_PITEM_GOLDPAINT,,Gold Paint,金の塗料,Goldfarbe,Peinture d'Or,Pintura Dorada,Tinta Dourada,Золотая Краска,Vernice Dorata,金漆,金漆,금색 페인트,Złota Farba,Золота Фарба,Gouden Verf,Altın Boya
L_PITEM_HAMMERLORDMALLET,,Hammer Lord Mallet,ハンマーロードの大槌,Hammerfürst Schlägel,Seigneur Marteau Maillet,Señor del Martillo Mazo,Martelo do Senhor do Martelo,Молот Повелителя Молотов,Signore del Martello Maglio,錘王重槌,锤王之槌,망치 군주의 망치,Młotowy Pan Bijak,Молотобоєць Малет,Hamerheer Moker,Çekiç Lordu Tokmak
L_PITEM_IRONINGOT,,Iron Ingot,鉄インゴット,Eisenbarren,Lingot de fer,Lingote de Hierro,Lingote de Ferro,Железный слиток,Lingotto di Ferro,鐵錠,铁锭,철 주괴,Sztabka Żelaza,Залізний злиток,IJzerstaaf,Demir Külçesi
L_PITEM_IRONMALLET,,Iron Mallet,鉄槌,Eisenhammer,Maillet de Fer,Mazo de Hierro,Martelo de Ferro,Железный Молот,Maglio di Ferro,鐵錘,铁槌,철제 망치,Żelazny Młot,Залізний молот,IJzeren Hamer,Demir Tokmak
L_PITEM_MITHRILMALLET,,Mithril Mallet,ミスリルの槌,Mithrilhammer,Maillet de Mithril,Mazo de Mitrilo,Malho de Mithril,Мифриловый молот,Maglio di Mithril,秘銀槌,秘银槌,미스릴 망치,Młot z Mithrilu,Мітриловий Молот,Mithril Hamer,Mithril Tokmak
L_PITEM_MOTOR,,Motor,モーター,Motor,Moteur,Motor,Motor,Мотор,Motore,馬達,发动机,모터,Silnik,Мотор,Motor,Motor
L_PITEM_NUTS,,Nuts,ナッツ,Nüsse,Noix,Nueces,Nozes,Орехи,Noci,堅果,螺帽,견과류,Orzechy,Горіхи,Noten,Fındık
L_PITEM_OVERSIZEDCHOCOLATEBAR,,Oversized Chocolate Bar,特大チョコレートバー,Übergroßer Schokoladenriegel,Barre de Chocolat Géante,Barra de Chocolate Gigante,Barra de Chocolate Gigante,Шоколадка Гигантского Размера,Barretta di Cioccolato Gigante,超大巧克力棒,超大巧克力棒,특대형 초콜릿 바,Przerośnięta Czekolada,Величезна шоколадна плитка,Overmatige Chocoladereep,Büyük Boy Çikolata
L_PITEM_PARCHMENT,,Parchment,羊皮紙,Pergament,Parchemin,Pergamino,Pergaminho,Пергамент,Pergamena,羊皮紙,羊皮纸,양피지,Pergamin,Пергамент,Perkament,Parşömen
L_PITEM_PLANT,,Plant,植物,Pflanze,Plante,Planta,Planta,Растение,Pianta,植物,植物,식물,Roślina,Рослина,Plant,Bitki
L_PITEM_RIPEBRAIN,,Ripe Brain,熟れた脳,Reifer Verstand,Cerveau Mûr,Cerebro Maduro,Cérebro Maduro,Спелый Мозг,Cervello Maturo,成熟腦,熟大脑,익은 뇌,Dojrzały Mózg,Стиглий Мозок,Rijpe Hersenen,Olgun Beyin
L_PITEM_SCROLLAPPROVAL,,Scroll of Approval,承認の巻物,Schriftrolle der Zustimmung,Parchemin d'Approbation,Pergamino de Aprobación,Pergaminho de Aprovação,Свиток Одобрения,Pergamena dell'Approvazione,認可卷軸,认可卷轴,승인의 두루마리,Zwój Aprobaty,Сувій Схвалення,Perkament van Goedkeuring,Onay Parşömeni
L_PITEM_SCROLLREQUEST,,Scroll of Request,依頼の巻物,Schriftrolle der Anfrage,Parchemin de Requête,Pergamino de Solicitud,Pergaminho de Solicitação,Свиток Запроса,Pergamena di Richiesta,請求卷軸,请求卷轴,의뢰서,Zwój Prośby,Сувій Запиту,Verzoekschrift,İstek Parşömeni
L_PITEM_SLOTMACHINE,,Slot Machine,スロットマシン,Spielautomat,Machine à sous,Máquina Tragamonedas,Caça-níqueis,Игровой автомат,Slot Machine,老虎機,老虎机,슬롯머신,Automat do Gry,Ігровий автомат,Gokautomaat,Kumar Makinesi
L_PITEM_SOULMIRROR,,Soul Mirror,ソウルミラー,Seelenspiegel,Miroir d'Âme,Espejo del Alma,Espelho da Alma,Зеркало Души,Specchio dell'Anima,靈魂之鏡,灵魂之镜,영혼의 거울,Lustro Duszy,Дзеркало Душі,Zielenspiegel,Ruh Aynası
L_PITEM_SPELLBOOK,,Spellbook,魔導書,Zauberbuch,Grimoire,Grimorio,Grimório,Книга заклинаний,Libro degli incantesimi,法術書,法术书,마법서,Księga zaklęć,Книга заклинань,Toverboek,Büyü Kitabı
L_PITEM_SWEAT,,Sweat,汗,Schweiß,Sueur,Sudor,Suor,Пот,Sudore,汗水,汗液,땀,Pot,Піт,Zweet,Ter
L_PITEM_TABLE,,Table,テーブル,Tabelle,Table,Mesa,Mesa,Таблица,Tavolo,表格,桌,테이블,Stół,Таблиця,Tafel,Masa
L_PITEM_TEARS,,Tears,涙,Tränen,Larmes,Lágrimas,Lágrimas,Слёзы,Lacrime,淚水,眼泪,눈물,Łzy,Сльози,Tranen,Gözyaşları
L_PITEM_TUBES,,Tubes,チューブ,Röhren,Tubes,Tubos,Tubos,Трубы,Tubi,管道,管道,튜브,Rurki,Трубки,Buizen,Tüpler
L_PITEM_AMETHYST,,Amethyst,アメジスト,Amethyst,Améthyste,Amatista,Ametista,Аметист,Ametista,紫水晶,紫水晶,자수정,Ametyst,Аметист,Amethyst,Ametist
L_PITEM_EMERALD,,Emerald,エメラルド,Smaragd,Émeraude,Esmeralda,Esmeralda,Изумруд,Smeraldo,翡翠,翡翠,에메랄드,Szmaragd,Смарагд,Smaragd,Zümrüt
L_PITEM_HEMP,,Hemp,麻,Hanf,Chanvre,Cáñamo,Cânhamo,Конопля,Canapa,大麻,大麻,대마,Konopie,Коноплі,Hennep,Kenevir
L_PITEM_RUBY,,Ruby,ルビー,Rubin,Rubis,Rubí,Rubi,Рубин,Rubino,紅寶石,红宝石,루비,Rubin,Рубін,Robijn,Yakut
L_PITEM_SAPPHIRE,,Sapphire,サファイア,Saphir,Saphir,Zafiro,Safira,Сапфир,Zaffiro,藍寶石,蓝宝石,사파이어,Szafir,Сапфір,Saffier,Safir
L_PITEM_WAXBLOCK,,Wax Chunk,ワックスの塊,Wachsklumpen,Morceau de cire,Trozo de Cera,Pedaço de Cera,Кусок воска,Pezzo di Cera,蠟塊,蜡块,밀랍 덩어리,Kawałek Wosku,Шматок воску,Wasklompje,Mum Parçası
L_PITEM_VIALBLUE,,Blue Vial,青い小瓶,Blaue Phiole,Fiole bleue,Vial Azul,Frasco Azul,Синий флакон,Fiala Blu,藍色藥瓶,蓝色药瓶,파란 약병,Niebieska Fiolka,Синій флакон,Blauwe Flacon,Mavi Şişe
L_PITEM_VIALGREEN,,Green Vial,緑の小瓶,Grüne Phiole,Fiole verte,Vial Verde,Frasco Verde,Зелёный флакон,Fiala Verde,綠色藥瓶,绿色药瓶,녹색 약병,Zielona Fiolka,Зелений флакон,Groene Flacon,Yeşil Şişe
L_PITEM_VIALRED,,Red Vial,赤い小瓶,Rote Phiole,Fiole Rouge,Red Vial,Frasco Vermelho,Красный Флакон,Fiala Rossa,紅色藥瓶,红色药瓶,붉은 약병,Czerwona Fiolka,Червоний Флакон,Rode Fiool,Kırmızı Şişe
L_PITEM_VIALYELLOW,,Yellow Vial,黄色の小瓶,Gelbe Phiole,Fiole Jaune,Vial Amarillo,Frasco Amarelo,Желтый Флакон,Fiala Gialla,黃色藥瓶,黄色药瓶,노란 약병,Żółta Fiolka,Жовтий флакон,Gele Fiool,Sarı Şişe
L_PITEM_CORECHAOS,,Chaos Creature Core,カオスクリーチャーコア,Chaoskreatur-Kern,Noyau de Créature du Chaos,Núcleo de Criatura del Caos,Núcleo de Criatura do Caos,Ядро Существа Хаоса,Nucleo di Creatura del Caos,混沌生物核心,混沌生物核心,혼돈 생물 핵,Rdzeń Istoty Chaosu,Ядро Істоти Хаосу,Chaos Wezen Kern,Kaos Yaratığı Özü
L_PITEM_COREDEATH,,Death Creature Core,デスクリーチャーコア,Todeskreatur-Kern,Noyau de Créature Mortelle,Núcleo de Criatura de Muerte,Núcleo de Criatura da Morte,Ядро Существа Смерти,Nucleo della Creatura della Morte,死亡生物核心,死亡生物核心,죽음 생물 핵,Rdzeń Stworzenia Śmierci,Ядро Істоти Смерті,Doodswezenkern,Ölüm Yaratığı Özü
L_PITEM_CORELIFE,,Life Creature Core,生命生物コア,Lebenskreatur-Kern,Noyau de Créature Vivante,Núcleo de Criatura Viva,Núcleo de Criatura Viva,Ядро Живого Существа,Nucleo di Creatura Vivente,生命生物核心,生命生物核心,생명체 핵,Rdzeń Istoty Życia,Ядро Живої Істоти,Levenscreatuurkern,Yaşam Yaratığı Özü
L_PITEM_CORENATURE,,Nature Creature Core,ネイチャークリーチャーコア,Naturkreatur-Kern,Noyau de Créature Naturelle,Núcleo de Criatura Natural,Núcleo de Criatura da Natureza,Ядро Природного Существа,Nucleo Creatura Naturale,自然生物核心,自然生物核心,자연 생물 코어,Rdzeń Stworzenia Natury,Ядро Природної Істоти,Natuurwezen Kern,Doğa Yaratığı Çekirdeği
L_PITEM_CORESORCERY,,Sorcery Creature Core,魔術生物コア,Zauberkreatur-Kern,Noyau de Créature Magique,Núcleo de Criatura de Hechicería,Núcleo de Criatura de Feitiçaria,Ядро Магического Существа,Nucleo della Creatura di Stregoneria,巫術生物核心,巫术生物核心,마법 생물 코어,Rdzeń Istoty Magicznej,Ядро Істоти Чаклунства,Kern van Tovercreatuur,Büyücülük Yaratık Çekirdeği
L_PITEM_COREHAMMERLORD,,Hammer Lord Core,ハンマーロードのコア,Hammerfürst-Kern,Noyau du Seigneur Marteau,Núcleo del Señor del Martillo,Núcleo do Senhor do Martelo,Ядро Повелителя Молота,Nucleo del Signore del Martello,錘王核心,锤王核心,해머 로드 코어,Rdzeń Władcy Młota,Ядро Володаря Молота,Hamerheer Kern,Çekiç Lordu Çekirdeği
L_PITEM_FOSSIL1,,Strange Fossil,奇妙な化石,Seltsames Fossil,Fossile Étrange,Fósil Extraño,Fóssil Estranho,Странное Ископаемое,Fossile Strano,奇異化石,奇怪化石,이상한 화석,Dziwna Skamieniałość,Дивний скам'янілий залишок,Vreemd Fossiel,Garip Fosil
L_PITEM_FOSSIL2,,Peculiar Fossil,奇妙な化石,Seltsames Fossil,Fossile Étrange,Fósil Peculiar,Fóssil Peculiar,Необычное Ископаемое,Fossile Peculiare,奇特化石,奇特化石,기묘한 화석,Osobliwa Skamieniałość,Дивний Скам'янілий Залишок,Merkwaardig Fossiel,Tuhaf Fosil
L_PITEM_FOSSIL3,,Odd Fossil,奇妙な化石,Seltsames Fossil,Fossile Étrange,Fósil Extraño,Fóssil Estranho,Странное Ископаемое,Fossile Strano,奇異化石,奇异化石,이상한 화석,Dziwna Skamielina,Дивний Скам'янілий Залишок,Vreemd Fossiel,Garip Fosil
L_PITEM_FOSSIL4,,Weird Fossil,奇妙な化石,Seltsames Fossil,Fossile Étrange,Fósil Extraño,Fóssil Estranho,Странное Ископаемое,Fossile Strano,奇怪的化石,奇妙化石,이상한 화석,Dziwna Skamieniałość,Дивний скам'янілий залишок,Vreemd Fossiel,Garip Fosil
L_PITEM_LUMBER,,Lumber,木材,Holz,Bois,Madera,Madeira,Древесина,Legname,木材,木材,목재,Drewno,Деревина,Hout,Kereste
L_PITEM_SAND,,Sand,砂,Sand,Sable,Arena,Areia,Песок,Sabbia,沙,沙子,모래,Piasek,Пісок,Zand,Kum
L_PITEM_SCRIPTURE,,Scripture,聖典,Schrift,Écriture sainte,Escritura,Escritura,Писание,Scrittura Sacra,經文,经文,성서,Pismo Święte,Писання,Schriftuur,Kutsal Yazı
L_PITEM_SEALEDCRATE,,Sealed Crate,封印された木箱,Versiegelte Kiste,Caisse scellée,Cajón Sellado,Caixa Selada,Запечатанный ящик,Cassa Sigillata,密封箱,密封板条箱,봉인된 상자,Zapieczętowana Skrzynia,Запечатований ящик,Verzegelde Kist,Mühürlü Sandık
L_PITEM_SOULCHAOS,,Chaos Soul,カオスソウル,Chaosseele,Âme du Chaos,Alma del Caos,Alma do Caos,Душа Хаоса,Anima del Caos,混沌之魂,混沌之魂,혼돈의 영혼,Dusza Chaosu,Душа Хаосу,Chaosziel,Kaos Ruhu
L_PITEM_SOULDEATH,,Death Soul,デスソウル,Todesseele,Âme de Mort,Alma de Muerte,Alma da Morte,Душа Смерти,Anima della Morte,死亡靈魂,死亡之魂,죽음의 영혼,Dusza Śmierci,Душа Смерті,Doodsziel,Ölüm Ruhu
L_PITEM_SOULLIFE,,Life Soul,生命の魂,Lebensseelenperle,Âme de Vie,Alma de Vida,Alma da Vida,Душа Жизни,Anima Vitale,生命魂,生命之魂,생명의 영혼,Dusza Życia,Душа Життя,Levensziel,Can Ruhu
L_PITEM_SOULNATURE,,Nature Soul,自然の魂,Naturseele,Âme de la Nature,Alma de la Naturaleza,Alma da Natureza,Душа Природы,Anima della Natura,自然之魂,自然之魂,자연의 영혼,Dusza Natury,Душа Природи,Natuurziel,Doğa Ruhu
L_PITEM_SOULSORCERY,,Sorcery Soul,魔術の魂,Zauberseele,Âme de Sorcellerie,Alma de Hechicería,Alma de Feitiçaria,Душа Колдовства,Anima Stregonesca,巫術之魂,巫术之魂,마법 영혼,Dusza Czarnoksięstwa,Душа Чаклунства,Toverij Ziel,Büyücülük Ruhu
L_PITEM_STONE,,Stone,石,Stein,Pierre,Piedra,Pedra,Камень,Pietra,石頭,石头,돌,Kamień,Камінь,Steen,Taş
L_PITEM_DOOMBRINGER,,Void Soul,虚無の魂,Leere Seele,Âme du Néant,Alma del Vacío,Alma do Vazio,Пустотная Душа,Anima del Vuoto,虛無靈魂,虚空之魂,공허의 영혼,Pustoduszny,Пустотна Душа,Leegteziel,Boşluk Ruhu
L_PITEM_HELLKNIGHT,,Coreforged Arms,コアフォージドアームズ,Kerngeschmiedete Waffen,Armes Forgecœur,Armas Forjadas del Núcleo,Armas Forjadas no Núcleo,Кованое Оружие Ядра,Armi Forgianucleo,核鍛兵器,核铸之臂,코어포지드 암즈,Bronie Rdzeniokucia,Зброя Кореформування,Kernegesmede Wapens,Çekirdek Dövme Silahlar
L_PITEM_PYROMANCER,,Living Flame,生きる炎,Lebendige Flamme,Flamme Vivante,Llama Viviente,Chama Viva,Живое Пламя,Fiamma Vivente,活焰,活化火焰,살아있는 불꽃,Żywy Płomień,Живе Полум'я,Levende Vlam,Yaşayan Alev
L_PITEM_REAVER,,"10,000-Notched Axe",一万の刻み目の斧,10.000-Kerbenaxt,Hache aux 10 000 Entailles,"Hacha de 10,000 Muescas",Machado de 10.000 Entalhes,"10,000-Зазубренный Топор",Ascia dai 10.000 Intacchi,萬刻之斧,万刻之斧,만 번 새겨진 도끼,Topór o 10 000 Nacięć,"10,000-Зазубрена Сокира",10.000-Gekerfde Bijl,"10,000 Çentikli Balta"
L_PITEM_TRICKSTER,,Loaded Dice,ロードダイス,Gezinkte Würfel,Dés Pipés,Dados Cargados,Dados Viciados,Заряженные кости,Dadi Truccati,加重骰子,灌铅骰子,조작된 주사위,Załadowane Kości,Заряджені кістки,Geladen Dobbelstenen,Hileli Zar
L_PITEM_ANIMATOR,,Artificial Soul,人工魂,Künstliche Seele,Âme Artificielle,Alma Artificial,Alma Artificial,Искусственная Душа,Anima Artificiale,人工靈魂,人造灵魂,인공 영혼,Sztuczna Dusza,Штучна Душа,Kunstmatige Ziel,Yapay Ruh
L_PITEM_BLOODMAGE,,Titanic Ichor,タイタニック・アイコール,Titanisches Ichor,Ichor Titanesque,Icor Titánico,Icor Titânico,Титаническая Жидкость,Icore Titanico,泰坦之靈液,巨人灵液,타이타닉 이코르,Tytaniczny Ichor,Титанічний Ікор,Titanisch Ichor,Titanik Öz Suyu
L_PITEM_DEATHKNIGHT,,Runic Blade,ルーン剣,Runenschwert,Lame Runique,Espada Rúnica,Lâmina Rúnica,Рунический Клинок,Lama Runica,符文之刃,符文之刃,룬 검,Ostrze Runiczne,Рунічний Клинок,Runenzwaard,Runik Kılıç
L_PITEM_DEFILER,,Plague Maggots,疫病ウジ虫,Pestmaden,Asticots de Peste,Gusanos de Plaga,Larvas da Peste,Чумные Личинки,Larve della Peste,瘟疫蛆蟲,瘟疫蛆虫,역병 구더기,Larwy Plagi,Чумні Личинки,Pestmaden,Veba Kurtçukları
L_PITEM_NECROMANCER,,Necronomicon,ネクロノミコン,Necronomicon,Nécronomicon,Necronomicon,Necronomicon,Некрономикон,Necronomicon,死靈之書,死灵之书,네크로노미콘,Necronomicon,Некрономікон,Necronomicon,Necronomicon
L_PITEM_CLERIC,,Blessed Incense,聖なる香,Gesegneter Weihrauch,Encens Béni,Incienso Bendito,Incenso Abençoado,Благовонное Благословение,Incenso Benedetto,祝福香,祝福熏香,축복받은 향,Błogosławione Kadzidło,Благословенне Кадило,Gezegende Wierook,Kutsanmış Tütsü
L_PITEM_FANATIC,,Divine Essence,神聖なるエッセンス,Göttliche Essenz,Essence Divine,Esencia Divina,Essência Divina,Божественная Сущность,Essenza Divina,神聖精華,神圣精华,신성한 정수,Boska Esencja,Божественна Есенція,Goddelijke Essentie,İlahi Öz
L_PITEM_INQUISITOR,,Writ of Execution,執行令状,Vollstreckungsbefehl,Mandat d'Exécution,Orden de Ejecución,Mandado de Execução,Приказ о Казни,Mandato di Esecuzione,執行令狀,处决令状,처형 영장,Nakaz Egzekucji,Наказ про Страту,Bevelschrift tot Executie,İnfaz Fermanı
L_PITEM_PALADIN,,Unbreakable Shield,不壊の盾,Unzerbrechlicher Schild,Bouclier Incassable,Escudo Irrompible,Escudo Inquebrável,Нерушимый Щит,Scudo Indistruttibile,堅不可摧之盾,不破之盾,파괴불가 방패,Niezniszczalna Tarcza,Незламний Щит,Onbreekbaar Schild,Kırılmaz Kalkan
L_PITEM_PURGATORIAN,,Lost Soul,迷える魂,Verlorene Seele,Âme perdue,Alma Perdida,Alma Perdida,Потерянная Душа,Anima Perduta,迷失靈魂,迷失之魂,길 잃은 영혼,Zagubiona Dusza,Загублена Душа,Verloren Ziel,Kayıp Ruh
L_PITEM_DRUID,,Song of Rodia,ロディアの歌,Lied von Rodia,Chant de Rodia,Canción de Rodia,Canção de Rodia,Песнь Родии,Canzone di Rodia,羅迪亞之歌,罗迪亚之歌,로디아의 노래,Pieśń Rodii,Пісня Родії,Lied van Rodia,Rodia'nın Şarkısı
L_PITEM_GROVEKEEPER,,Wild Herbling,ワイルドハーブリング,Wilder Kräuterling,Herbling Sauvage,Herbling Salvaje,Erva Selvagem,Дикий Травник,Erbetto Selvaggio,野生草精靈,野生草灵,야생 허블링,Dziki Ziołek,Дикий Трав'яник,Wilde Kruideling,Vahşi Otçuk
L_PITEM_MONK,,108 Mantras,108の真言,108 Mantras,108 Mantras,108 Mantras,108 Mantras,108 Мантр,108 Mantra,108 真言,108真言,108 만트라,108 Mantr,108 Мантр,108 Mantra's,108 Mantra
L_PITEM_TRIBALIST,,War Banner,軍旗,Kriegsbanner,Bannière de Guerre,Estandarte de Guerra,Estandarte de Guerra,Боевое Знамя,Stendardo di Guerra,戰旗,战争旗帜,전쟁 깃발,Sztandar Wojenny,Бойовий Прапор,Oorlogsbanner,Savaş Sancağı
L_PITEM_WARDEN,,Surging Lifeforce,高まる生命力,Aufwallende Lebenskraft,Force Vitale Déferlante,Fuerza Vital Desbordante,Força Vital Crescente,Всплеск Жизненной Силы,Forza Vitale Impetuosa,湧動生命力,涌动生命力,솟구치는 생명력,Wzburzona Siła Życiowa,Вируюча життєва сила,Opwellende Levenskracht,Taşan Yaşam Gücü
L_PITEM_ASTROLOGER,,Ancient Star Chart,古代の星図,Uralte Sternenkarte,Carte Stellaire Ancienne,Carta Estelar Antigua,Mapa Estelar Antigo,Древняя звёздная карта,Antica Mappa Stellare,古老星圖,远古星图,고대 별자리 지도,Starożytna Mapa Gwiezdna,Стародавня Зоряна Карта,Oude Sterrenkaart,Kadim Yıldız Haritası
L_PITEM_CABALIST,,Phantom Spell Gem,ファントムスペルジェム,Phantomzauberstein,Gemme de Sort Fantôme,Gema de Hechizo Fantasma,Gema de Feitiço Fantasma,Самоцвет Призрачного Заклинания,Gemma Incantesimo Fantasma,幻影法術寶石,幻影法术宝石,환영 주문 보석,Klejnot Zaklęcia Widmowego,Самоцвіт Примарного Закляття,Fantoomspreukkristal,Hayalet Büyü Taşı
L_PITEM_EVOKER,,Spellbound Codex,魔法の写本,Verzauberter Kodex,Codex Ensorcelé,Códice Encantado,Códice Encantado,Зачарованный Кодекс,Codice Incantato,魔咒法典,魔咒法典,마법에 걸린 고서,Zaklęty Kodeks,Зачарований Кодекс,Betoverd Codex,Büyülü Kodeks
L_PITEM_SORCERER,,Cane of Stillness,静寂の杖,Stab der Stille,Canne d'Immobilité,Bastón de la Quietud,Cajado da Quietude,Посох Неподвижности,Bastone dell'Immobilità,靜止之杖,静止之杖,정적의 지팡이,Laska Bezruchu,Посох Спокою,Staf van Stilte,Sükûnet Asası
L_PITEM_SPELLWEAVER,,Colors of Magic,魔法の色彩,Farben der Magie,Couleurs de Magie,Colores de Magia,Cores de Magia,Цвета Магии,Colori della Magia,魔法色彩,魔法颜料,마법의 색채,Barwy Magii,Кольори Магії,Kleuren van Magie,Büyünün Renkleri
L_PITEM_RELIQUARYSHARDS,,Reliquary Shards,レリック欠片,Reliquiensplitter,Fragments de Reliquaire,Fragmentos de Relicario,Fragmentos de Relicário,Осколки Реликвария,Frammenti di Reliquiario,聖物碎片,圣物碎片,유물 파편,Odłamki Relikwiarza,Уламки Реліквій,Reliekscherven,Kutsal Kalıntı Parçaları
L_PITEM_ELIZESPIRIT,,Spirit of Elize,エリーゼの魂,Geist von Elize,Esprit d'Elize,Espíritu de Elize,Espírito de Elize,Дух Элизы,Spirito di Elize,伊莉絲之魂,伊莉丝之灵,엘리즈의 영혼,Duch Elize,Дух Елізи,Geest van Elize,Elize'nin Ruhu
L_PITEM_SHEARS,,Shears,はさみ,Schere,Ciseaux,Tijeras,Tesouras,Ножницы,Forbici,剪刀,剪刀,가위,Nożyce,Ножиці,Schaar,Makas
L_PITEM_CLOTHSCRAPS,,Cloth Scraps,布切れ,Stoffreste,Lambeaux de tissu,Retazos de Tela,Retalhos de Pano,Обрывки ткани,Stracci di Stoffa,布料碎片,布料碎片,천 조각,Skrawki Materiału,Клаптики тканини,Stofrestjes,Kumaş Parçaları
L_PITEM_KEYFRAGMENTS,,Key Fragments,鍵の欠片,Schlüsselfragmente,Fragments de Clé,Fragmentos de Llave,Fragmentos de Chave,Фрагменты ключа,Frammenti di Chiave,鑰匙碎片,钥匙碎片,열쇠 조각,Fragmenty Klucza,Ключові Фрагменти,Sleutelfragmenten,Anahtar Parçaları
L_PITEM_CHAOSSEAL,,Chaos Seal,混沌の封印,Chaossiegel,Sceau du Chaos,Sello del Caos,Selo do Caos,Печать Хаоса,Sigillo del Caos,混沌封印,混沌之印,혼돈의 봉인,Pieczęć Chaosu,Печатка Хаосу,Chaoszegel,Kaos Mührü
L_PITEM_CHAOSBOX,,Chaos Crate,カオスクレート,Chaoskiste,Caisse du Chaos,Cofre del Caos,Caixa do Caos,Ящик Хаоса,Cassa del Caos,混沌寶箱,混沌之箱,혼돈의 상자,Skrzynia Chaosu,Скриня Хаосу,Chaoskist,Kaos Sandığı
L_PITEM_DEATHSEAL,,Death Seal,デスシール,Todessiegel,Sceau de la Mort,Sello de Muerte,Selo da Morte,Печать Смерти,Sigillo della Morte,死亡封印,死亡之印,죽음의 봉인,Pieczęć Śmierci,Печатка Смерті,Doodszegel,Ölüm Mührü
L_PITEM_DEATHBOX,,Death Crate,デスクレート,Todeskiste,Caisse de la Mort,Cajón de la Muerte,Caixa da Morte,Ящик Смерти,Cassa della Morte,死亡箱,死亡之箱,죽음의 상자,Skrzynia Śmierci,Ящик Смерті,Doodskist,Ölüm Sandığı
L_PITEM_LIFESEAL,,Life Seal,生命の封印,Lebensiegel,Sceau de Vie,Sello de Vida,Selo da Vida,Печать Жизни,Sigillo Vitale,生命封印,生命之印,생명의 인장,Pieczęć Życia,Печатка Життя,Levenszegel,Yaşam Mührü
L_PITEM_LIFEBOX,,Life Crate,ライフクレート,Lebenskiste,Caisse de Vie,Caja de Vida,Caixa de Vida,Ящик жизни,Cassa della Vita,生命箱,生命之箱,생명 상자,Skrzynia Życia,Ящик життя,Levenskist,Yaşam Sandığı
L_PITEM_NATURESEAL,,Nature Seal,自然の封印,Natursiegel,Sceau de la Nature,Sello de la Naturaleza,Selo da Natureza,Печать Природы,Sigillo della Natura,自然封印,自然之印,자연의 봉인,Pieczęć Natury,Печатка Природи,Natuurzegel,Doğa Mührü
L_PITEM_NATUREBOX,,Nature Crate,ネイチャークレート,Naturkiste,Caisse Nature,Caja de Naturaleza,Caixa da Natureza,Ящик Природы,Cassa della Natura,自然寶箱,自然之箱,자연 상자,Skrzynia Natury,Ящик Природи,Natuurkist,Doğa Sandığı
L_PITEM_SORCERYSEAL,,Sorcery Seal,魔術の封印,Magiesiegel,Sceau de Sorcellerie,Sello de Hechicería,Selo de Feitiçaria,Печать Колдовства,Sigillo di Stregoneria,巫術封印,巫术之印,마법 봉인,Pieczęć Czarnoksięstwa,Печатка Чаклунства,Toverij Zegel,Büyücülük Mührü
L_PITEM_SORCERYBOX,,Sorcery Crate,魔術の箱,Zauberei-Kiste,Caisse de Sorcellerie,Cofre de Hechicería,Caixa de Feitiçaria,Ящик Чародейства,Cassa di Stregoneria,巫術寶箱,巫术之箱,마법 상자,Skrzynia Czarów,Скриня Чаклунства,Toverij Kist,Büyücülük Sandığı
L_PITEM_PERFECTCROWN,,Perfect Crown,パーフェクトクラウン,Perfekte Krone,Couronne Parfaite,Corona Perfecta,Coroa Perfeita,Идеальная Корона,Corona Perfetta,完美王冠,完美王冠,완벽한 왕관,Doskonała Korona,Ідеальна Корона,Perfecte Kroon,Mükemmel Taç
L_PITEM_IMMOVABLEOBJECT,,Immovable Object,不動の物体,Unbewegliches Objekt,Objet Inamovible,Objeto Inamovible,Objeto Imóvel,Неподвижный Объект,Oggetto Inamovibile,堅不可摧之物,不移之物,움직일 수 없는 물체,Niewzruszony Obiekt,Непорушний Об'єкт,Onverzettelijk Object,Hareketsiz Nesne
L_PITEM_LIGHTSPEEDHURRICANE,,Lightspeed Hurricane,ライトスピードハリケーン,Lichtgeschwindigkeitshurrikan,Ouragan Lumière,Huracán Velocidad de la Luz,Furacão da Velocidade da Luz,Ураган Световой Скорости,Uragano Velocità della Luce,光速颶風,光速飓风,광속 허리케인,Huragan Prędkości Światła,Блискавичний Ураган,Lichtsnelheid Orkaan,Işık Hızı Kasırga
L_PITEM_WITCHESBREW,,Bubbling Brew,泡立つ醸造物,Brodelndes Gebräu,Mixture Bouillonnante,Brebaje Burbujeante,Poção Borbulhante,Бурлящее зелье,Pozione Ribollente,冒泡藥釀,冒泡药水,보글보글 양조물,Bulgoczący Wywar,Бульбашковий відвар,Borrelend Brouwsel,Fokurdayan İksir
L_PITEM_DREAMTWISTER,,Dream Twister,ドリームツイスター,Traumverdreher,Torseur de Rêves,Torcedor de Sueños,Distorcedor de Sonhos,Исказитель Снов,Distorsore di Sogni,夢境扭曲者,梦境扭曲者,꿈의 뒤틀림,Zaklinacz Snów,Викривлювач Снів,Droomverwringer,Rüya Büken
L_PITEM_HEART_NALAS,,Heart of Nalas,ナラスの心臓,Herz von Nalas,Cœur de Nalas,Corazón de Nalas,Coração de Nalas,Сердце Наласа,Cuore di Nalas,納拉斯之心,娜拉丝之心,날라스의 심장,Serce Nalas,Серце Наласу,Hart van Nalas,Nalas'ın Kalbi
L_PITEM_HEART_BOOR,,Heart of 8004,8004の心,Herz von 8004,Cœur de 8004,Corazón de 8004,Coração de 8004,Сердце 8004,Cuore di 8004,8004之心,8004之心,8004의 심장,Serce 8004,Серце 8004,Hart van 8004,8004'ün Kalbi
L_PITEM_HEART_SAUREL,,Heart of Saurel,サウレルの心臓,Herz von Saurel,Cœur de Saurel,Corazón de Saurel,Coração de Saurel,Сердце Сореля,Cuore di Saurel,索瑞爾之心,索雷尔之心,소렐의 심장,Serce Saurelu,Серце Сореля,Hart van Saurel,Saurel'in Kalbi
L_PITEM_HEART_ADAXIAL,,Heart of Adaxial,アダクシアルの心,Herz des Adaxials,Cœur d'Adaxial,Corazón de Adaxial,Coração de Adaxial,Сердце Адаксиаля,Cuore di Adaxiale,葉上之心,阿达克西尔之心,아닥시알의 심장,Serce Adaxialu,Серце Адаксіалу,Hart van Adaxial,Adaxial'in Kalbi
L_PITEM_HEART_AKARA,,Heart of Akara,アカラの心臓,Herz von Akara,Cœur d'Akara,Corazón de Akara,Coração de Akara,Сердце Акары,Cuore di Akara,阿卡拉之心,阿卡拉之心,아카라의 심장,Serce Akary,Серце Акари,Hart van Akara,Akara'nın Kalbi
L_PITEM_HEART_EMUS,,Heart of Emus,エミュの心,Herz der Emus,Cœur des Émeus,Corazón de Emús,Coração dos Emus,Сердце Эму,Cuore degli Emu,鴯鶓之心,伊穆丝之心,에무의 심장,Serce Emusów,Серце Ему,Hart van Emoes,Emuların Kalbi
L_PITEM_HEART_GROMMET,,Heart of Grom'Met,グロム・メットの心臓,Herz von Grom'Met,Cœur de Grom'Met,Corazón de Grom'Met,Coração de Grom'Met,Сердце Гром'Мета,Cuore di Grom'Met,葛洛姆特之心,格罗姆梅特之心,그롬'멧의 심장,Serce Grom'Meta,Серце Гром'Мета,Hart van Grom'Met,Grom'Met'in Kalbi
L_PITEM_HEART_RENGAS,,Heart of Rengas,レンガスの心臓,Herz von Rengas,Cœur de Rengas,Corazón de Rengas,Coração de Rengas,Сердце Ренгаса,Cuore di Rengas,蓮加斯之心,伦加斯之心,렝가스의 심장,Serce Rengas,Серце Ренгасу,Hart van Rengas,Rengas'ın Kalbi
L_PITEM_HEART_THANA,,Heart of Thana,ザナの心臓,Herz von Thana,Cœur de Thana,Corazón de Thana,Coração de Thana,Сердце Таны,Cuore di Thana,薩納之心,萨娜之心,타나의 심장,Serce Thany,Серце Тани,Hart van Thana,Thana'nın Kalbi
L_PITEM_MAP,,Mysterious Map,謎の地図,Geheimnisvolle Karte,Carte mystérieuse,Mapa Misterioso,Mapa Misterioso,Таинственная карта,Mappa Misteriosa,神秘地圖,神秘地图,신비한 지도,Tajemnicza Mapa,Таємнича карта,Mysterieuze Kaart,Gizemli Harita
L_PITEM_DEPRIVED,,Absolute Vortex,アブソリュートボルテックス,Absoluter Vortex,Vortex Absolu,Vórtice Absoluto,Vórtice Absoluto,Абсолютный Вихрь,Vortice Assoluto,絕對漩渦,无尽漩涡,절대 소용돌이,Absolutny Wir,Абсолютний Вихор,Absolute Vortex,Mutlak Girdap
L_PITEM_PARIAH,,Quiet Bonfire,静かな篝火,Stilles Lagerfeuer,Feu de camp silencieux,Hoguera Silenciosa,Fogueira Silenciosa,Тихий костёр,Falò Silenzioso,寧靜篝火,宁静篝火,고요한 모닥불,Cichy Ognisko,Тихе Вогнище,Rustig Kampvuur,Sessiz Kamp Ateşi
L_PITEM_GLADIATOR,,Gladiator's Idol,剣闘士の偶像,Idol des Gladiators,Idole du Gladiateur,Ídolo del Gladiador,Ídolo do Gladiador,Идол Гладиатора,Idolo del Gladiatore,角鬥士的偶像,角斗士偶像,검투사의 우상,Idol Gladiatora,Ідол Гладіатора,Afgod van de Gladiator,Gladyatör'ün İdolü
L_PITEM_BREWMASTER,,The Good Stuff,いいもの,Das gute Zeug,La Bonne Marchandise,La Buena Mercancía,A Coisa Boa,Хорошие Вещи,La Roba Buona,好東西,好东西,좋은 물건,Dobre Rzeczy,Хороший Товар,Het Goede Spul,İyi Şeyler
L_PITEM_MIME,,Invisible Box,透明な箱,Unsichtbare Kiste,Boîte Invisible,Caja Invisible,Caixa Invisível,Невидимая Коробка,Scatola Invisibile,隱形盒子,隐形盒子,투명한 상자,Niewidzialny Kufer,Невидима Скриня,Onzichtbare Doos,Görünmez Kutu
L_PITEM_SHADOWBRINGER,,Black Pearl,黒真珠,Schwarze Perle,Perle Noire,Perla Negra,Pérola Negra,Чёрная жемчужина,Perla Nera,黑珍珠,黑色珍珠,검은 진주,Czarna Perła,Чорна Перлина,Zwarte Parel,Kara İnci
L_PITEM_TOXICOLOGIST,,Flask of Death,死の薬瓶,Flasche des Todes,Flacon de Mort,Frasco de Muerte,Frasco da Morte,Фляга Смерти,Fiala della Morte,死亡藥瓶,死亡烧瓶,죽음의 플라스크,Flakon Śmierci,Фляга Смерті,Fles van de Dood,Ölüm Şişesi
L_PITEM_DEMONOLOGIST,,Blood Pact,血の契約,Blutpakt,Pacte de Sang,Pacto de Sangre,Pacto de Sangue,Кровавый Пакт,Patto di Sangue,血之契約,血之契约,피의 서약,Pakt Krwi,Кривавий Пакт,Bloedpact,Kan Paktı
L_PITEM_GRAVEBORN,,Shattered Halo,砕かれた光輪,Zerbrochener Heiligenschein,Halo Brisé,Halo Destrozado,Auréola Despedaçada,Расколотый Нимб,Aureola Infranta,破碎光環,破碎光环,부서진 후광,Roztrzaskana Aureola,Розбитий Ореол,Gebroken Aureool,Parçalanmış Hale
L_PITEM_ENGINEER,,All-purpose Toolbox,万能工具箱,Universalwerkzeugkasten,Boîte à outils polyvalente,Caja de herramientas multiuso,Caixa de Ferramentas Multiuso,Универсальный набор инструментов,Cassetta degli Attrezzi Multiuso,多功能工具箱,万能工具箱,만능 공구함,Uniwersalny Przybornik,Універсальний набір інструментів,Multifunctionele Gereedschapskist,Çok Amaçlı Alet Kutusu
L_IN_GLAMOUR,,Glamour,グラマー,Glamour,Charme,Glamour,Glamour,Гламур,Fascino,魅力,魅力,매혹,Urok,Чарівність,Betovering,Cazibe
L_PITEM_MERMAID,,Abyss Pearl,アビスパール,Abgrundperle,Perle des Abysses,Perla del Abismo,Pérola do Abismo,Жемчужина Бездны,Perla dell'Abisso,深淵珍珠,深渊珍珠,심연의 진주,Perła Otchłani,Перлина Безодні,Afgrondparel,Uçurum İncisi
L_PITEM_ANTIQUARIAN,,Crystal Skull,クリスタルスカル,Kristallschädel,Crâne de Cristal,Calavera de Cristal,Crânio de Cristal,Хрустальный Череп,Teschio di Cristallo,水晶骷髏,水晶头骨,수정 해골,Kryształowa Czaszka,Кришталевий череп,Kristallen Schedel,Kristal Kafatası
L_PITEM_MESMERIST,,Mesmerizing Crystal,魅惑の水晶,Hypnotisierender Kristall,Cristal Hypnotisant,Cristal Hipnótico,Cristal Hipnotizante,Гипнотизирующий кристалл,Cristallo Ipnotico,迷幻水晶,迷人水晶,매혹적인 수정,Hipnotyzujący Kryształ,Зачаровуючий Кристал,Betoverende Kristal,Büyüleyici Kristal
L_ID_GLAMOUR,,This currency can be used to purchase items from Everett.\n\nThis item is automatically added to your Currency when you pick it up.,この通貨はエヴェレットからアイテムを購入するために使用できます。\n\n拾うと自動的にあなたの通貨に追加されるアイテムです。,"Diese Währung kann verwendet werden, um Gegenstände von Everett zu kaufen.\n\nDieser Gegenstand wird automatisch zu deiner Währung hinzugefügt, wenn du ihn aufhebst.",Cette monnaie peut être utilisée pour acheter des objets auprès d'Everett.\n\nCet objet est automatiquement ajouté à votre Monnaie lorsque vous le ramassez.,Esta moneda puede usarse para comprar objetos de Everett.\n\nEste objeto se añade automáticamente a tu Moneda cuando lo recoges.,Esta moeda pode ser usada para comprar itens do Everett.\n\nEste item é automaticamente adicionado à sua Moeda quando você o pega.,Эта валюта может быть использована для покупки предметов у Эверетта.\n\nЭтот предмет автоматически добавляется в ваш раздел Валюта при подборе.,Questa valuta può essere utilizzata per acquistare oggetti da Everett.\n\nQuesto oggetto viene automaticamente aggiunto alla tua Valuta quando lo raccogli.,這種貨幣可用於向艾弗雷特購買物品。\n\n當你撿起此物品時，它會自動添加到你的貨幣中。,这种货币可用来在埃弗雷特处购买物品。\n\n当你拾取此物品时，它将自动添加到你的货币中。,이 화폐는 에버렛에게서 아이템을 구매하는 데 사용할 수 있습니다.\n\n이 아이템은 획득 시 자동으로 당신의 화폐에 추가됩니다.,"Ta waluta może być używana do zakupu przedmiotów od Everetta.\n\nTen przedmiot jest automatycznie dodawany do Twoich Walut, gdy go podnosisz.","Цю валюту можна використовувати для купівлі предметів у Еверетта.\n\nЦей предмет автоматично додається до вашої Валюти, коли ви його підбираєте.",Deze valuta kan worden gebruikt om items te kopen van Everett.\n\nDit voorwerp wordt automatisch aan je Valuta toegevoegd wanneer je het oppakt.,Bu para birimi Everett'tan eşya satın almak için kullanılabilir.\n\nBu eşya topladığınızda otomatik olarak Para Biriminize eklenir.
L_ID_CURRENCY_STARDUST,,This currency can be used to purchase Exotic Creatures from Nethermancer Ned.\n\nThis item is automatically added to your Currency when you pick it up.,このお金はネザーマンサー・ネッドから異国の生物を購入するために使用できます。\n\n拾うと自動的に通貨に追加されます。,"Diese Währung kann verwendet werden, um Exotische Kreaturen von Nethermancer Ned zu kaufen.\n\nDieser Gegenstand wird automatisch zu deiner Währung hinzugefügt, wenn du ihn aufhebst.",Cette devise peut être utilisée pour acheter des Créatures Exotiques auprès de Ned le Néthermancien.\n\nCet objet est automatiquement ajouté à votre Monnaie lorsque vous le ramassez.,Esta moneda puede usarse para comprar Criaturas Exóticas de Nigromante Ned.\n\nEste objeto se añade automáticamente a tu Moneda cuando lo recoges.,Esta moeda pode ser usada para comprar Criaturas Exóticas do Nigromante Ned.\n\nEste item é automaticamente adicionado à sua Moeda quando você o pega.,"Эта валюта может быть использована для покупки Экзотических Существ у Некроманта Неда.\n\nЭтот предмет автоматически добавляется в ваши Валюты, когда вы его подбираете.",Questa valuta può essere utilizzata per acquistare Creature Esotiche da Nethermancer Ned.\n\nQuesto oggetto viene automaticamente aggiunto alla tua Valuta quando lo raccogli.,這種貨幣可用於向亡靈術士奈德購買異域生物。\n\n當你撿起此物品時，它會自動添加到你的貨幣中。,这种货币可用于在下界术士奈德处购买异界生物。\n\n当你拾取此物品时，它将自动添加到你的货币中。,이 화폐는 네더맨서 네드에게서 이국적인 생물을 구매하는 데 사용할 수 있습니다.\n\n이 아이템은 획득 시 자동으로 당신의 화폐에 추가됩니다.,"Ta waluta może zostać użyta do zakupu Egzotycznych Stworzeń od Nekromancera Neda.\n\nTen przedmiot jest automatycznie dodawany do twoich Walut, gdy go podnosisz.","Цю валюту можна використовувати для купівлі Екзотичних Істот у Некроманта Неда.\n\nЦей предмет автоматично додається до вашої Валюти, коли ви його підбираєте.",Deze valuta kan worden gebruikt om Exotische Wezens te kopen van Nethermancer Ned.\n\nDit voorwerp wordt automatisch aan je Valuta toegevoegd wanneer je het oppakt.,"Bu para birimi, Nethermancer Ned'den Egzotik Yaratıklar satın almak için kullanılabilir.\n\nBu eşya, onu aldığınızda otomatik olarak Para Biriminize eklenir."
L_IN_SCROLLOFRENEWAL,,Scroll of Renewal,再生の巻物,Schriftrolle der Erneuerung,Parchemin de Renouveau,Pergamino de Renovación,Pergaminho de Renovação,Свиток Обновления,Pergamena del Rinnovamento,更新卷軸,恢复卷轴,재생의 두루마리,Zwój Odnowienia,Сувій Відновлення,Perkament van Vernieuwing,Yenilenme Tomarı
L_ID_SCROLLOFRENEWAL,,"Removes all Stat Scrolls applied to a creature. Warning: this will permanently destroy the scrolls, not refund them!",クリーチャーに適用されたすべてのステータススクロールを除去します。警告：これによりスクロールは永久に破壊され、返還されません！,"Entfernt alle Attribut-Schriftrollen, die auf eine Kreatur angewendet wurden. Warnung: Dies wird die Schriftrollen dauerhaft zerstören, nicht zurückerstatten!","Supprime tous les Parchemins de Statistiques appliqués à une créature. Attention : cela détruira définitivement les parchemins, sans les rembourser !","Elimina todos los Pergaminos de Estadísticas aplicados a una criatura. Advertencia: ¡esto destruirá permanentemente los pergaminos, no los reembolsará!","Remove todos os Pergaminhos de Atributo aplicados a uma criatura. Aviso: isso destruirá permanentemente os pergaminhos, não os reembolsará!","Удаляет все Свитки Характеристик, примененные к существу. Внимание: это навсегда уничтожит свитки, а не вернет их!","Rimuove tutti i Pergamene Statistiche applicate a una creatura. Attenzione: questo distruggerà permanentemente le pergamene, non le rimborserà!",移除套用在生物上的所有能力卷軸。警告：這將永久摧毀卷軸，而非退還它們！,移除生物身上所有已使用的属性值卷轴。警告：这将永久销毁卷轴，而非退还它们！,"생물에 적용된 모든 스탯 스크롤을 제거합니다. 경고: 이는 스크롤을 영구적으로 파괴하며, 환불되지 않습니다!","Usuwa wszystkie Zwoje Statystyk nałożone na stworzenie. Uwaga: spowoduje to trwałe zniszczenie zwojów, a nie ich zwrot!","Видаляє всі Сувої Характеристик, застосовані до істоти. Увага: це назавжди знищить сувої, а не поверне їх!","Verwijdert alle Stat Scrolls die op een wezen zijn toegepast. Waarschuwing: dit zal de scrolls permanent vernietigen, niet terugbetalen!","Bir yaratığa uygulanmış tüm Özellik Tomarlarını kaldırır. Uyarı: bu işlem tomarları kalıcı olarak yok edecek, iade etmeyecektir!"
L_MAT_ANCIENTFEATHER,,Ancient Feather,古代の羽,Uralte Feder,Plume Ancienne,Pluma Antigua,Pena Antiga,Древнее Перо,Piuma Antica,古老羽毛,远古羽毛,고대의 깃털,Starożytne Pióro,Прадавнє Перо,Oude Veer,Kadim Tüy
L_MAT_RAINBOWPRISM,,Rainbow Prism,レインボープリズム,Regenbogenprisma,Prisme Arc-en-ciel,Prisma Arcoíris,Prisma Arco-Íris,Радужная Призма,Prisma Arcobaleno,彩虹稜鏡,彩虹棱镜,무지개 프리즘,Pryzmat Tęczy,Райдужна Призма,Regenboogprisma,Gökkuşağı Prizması
L_MAT_UNLUCKYRABBITFOOT,,Unlucky Rabbit's Foot,不運なウサギの足,Unglücklicher Hasenpfote,Patte de Lapin Malchanceuse,Pata de Conejo Desafortunada,Pata de Coelho Azarada,Несчастливая кроличья лапка,Zampa di Coniglio Sfortunata,不幸兔腳,霉运兔脚,불운한 토끼발,Pechowa Królicza Łapka,Нещасливий кролячий талісман,Ongelukspootje van een Konijn,Şanssız Tavşan Ayağı
L_MAT_PILEOFGARBAGE,,Pile of Garbage,ゴミの山,Müllhaufen,Tas d'Ordures,Montón de Basura,Pilha de Lixo,Куча Мусора,Mucchio di Spazzatura,垃圾堆,垃圾堆,쓰레기 더미,Sterta Śmieci,Купа Сміття,Afvalhoop,Çöp Yığını
L_MAT_TAMEDLIGHTNING,,Tamed Lightning,飼いならされた雷,Gezähmter Blitz,Foudre Domptée,Relámpago Domado,Relâmpago Domado,Укрощенная Молния,Fulmine Domato,馴雷,驯化闪电,길들여진 번개,Oswojona Błyskawica,Приборкана Блискавка,Getemde Bliksem,Evcilleştirilmiş Yıldırım
L_MAT_NACREOOUSJELLY,,Nacreous Jelly,ナクレスゼリー,Perlmuttgallerte,Méduse Nacrée,Gelatina Nacarada,Gelatina Nacarada,Перламутровое Желе,Gelatina Madreperlacea,珍珠光澤果凍,珠光水母,진주빛 젤리,Perłowa Galareta,Перламутрове Желе,Parelmoeren Gelei,Sedefli Jöle
L_MAT_OMINOUSSTONECREST,,Ominous Stone Crest,不吉な石の紋章,Unheilvoller Steinwappen,Pierre Héraldique Menaçante,Cresta de Piedra Ominosa,Crista de Pedra Sinistra,Зловещий Каменный Герб,Inquietante Stemma di Pietra,不祥的石頭紋章,不祥的石质饰章,불길한 돌 문장,Złowieszczy Kamienny Herb,Зловісний Кам'яний Герб,Onheilspellende Stenen Kam,Uğursuz Taş Arma
L_MAT_COMPOSITELONGBOW,,Composite Longbow,コンポジットロングボウ,Verbundlangbogen,Arc long composite,Arco Largo Compuesto,Arco Longo Composto,Композитный длинный лук,Arco Lungo Composito,複合長弓,复合长弓,합성 장궁,Łuk kompozytowy,Композитний довгий лук,Composietboog,Kompozit Uzun Yay
L_MAT_INSIGNIAOFTHEMUTANT,,Insignia of the Mutant,変異体の徽章,Insignie des Mutanten,Insigne du Mutant,Insignia del Mutante,Insígnia do Mutante,Знак Мутанта,Insegna del Mutante,突變者徽章,变异者证章,돌연변이의 휘장,Insygnia Mutanta,Знак Мутанта,Insigne van de Mutant,Mutantın Nişanı
L_MAT_NT4EXPLOSIVEPOWDER,,NT4 Explosive Powder,NT4火薬,NT4 Sprengpulver,Poudre Explosive NT4,Pólvora Explosiva NT4,Pólvora Explosiva NT4,Взрывчатый порошок NT4,Polvere Esplosiva NT4,NT4爆炸火藥,NT4爆炸粉末,NT4 폭발성 화약,Proch Wybuchowy NT4,Вибуховий порошок NT4,NT4 Explosief Poeder,NT4 Patlayıcı Toz
L_MAT_DUALITY,,Possessed Arms,憑依武器,Besessene Waffen,Bras Possédés,Brazos Poseídos,Braços Possuídos,Одержимое Оружие,Armi Possedute,附身武器,附身武器,빙의된 무기,Opętane Bronie,Одержима Зброя,Bezeten Wapens,Ele Geçirilmiş Silahlar
L_MAT_LUNATICGENEROSITY,,Bismuth Crystal,ビスマス結晶,Bismutkristall,Cristal de bismuth,Cristal de Bismuto,Cristal de Bismuto,Кристалл висмута,Cristallo di Bismuto,鉍晶石,铋晶体,비스무트 크리스탈,Kryształ Bizmutu,Кристал бісмуту,Bismuthkristal,Bizmut Kristali
L_MAT_TOTALDISCORD,,Fang Necklace,牙のネックレス,Reißzahnkette,Collier à Crocs,Collar de Colmillo,Colar de Presa,Ожерелье из Клыка,Collana di Zanne,尖牙項鍊,尖牙项链,송곳니 목걸이,Naszyjnik z Kłów,Намисто з Ікла,Slagtandketting,Diş Kolye
L_MAT_THEENDOFALLTHINGS,,Black Hole Sun,ブラックホールサン,Schwarze Sonnenloch,Soleil Noir,Agujero Negro Solar,Buraco Negro Solar,Черная Дыра Солнца,Sole Nero,黑洞太陽,黑洞太阳,블랙홀 선,Czarne Słońce Otchłani,Чорне Сонце Безодні,Zwarte Gat Zon,Kara Delik Güneşi
L_MAT_GATHERINGSTORM,,Crackling Talon,爆裂の鉤爪,Knisternde Klaue,Serre Crépitante,Garra Crepitante,Garra Crepitante,Потрескивающий Коготь,Artiglio Crepitante,爆裂鷹爪,爆裂利爪,번개 발톱,Trzaskający Szpon,Потріскуючий Кіготь,Knetterend Klauw,Çatırdayan Pençe
L_MAT_WARPEDSOUL,,Bottled Disbelief,瓶詰めの不信,Abgefüllter Unglaube,Incrédulité en Bouteille,Incredulidad Embotellada,Descrença Engarrafada,Разлитое Неверие,Incredulità in Bottiglia,瓶裝的懷疑,瓶装怀疑,병에 담긴 불신,Zabutelkowane Niedowierzanie,Розлив Недовіри,Gebotteld Ongeloof,Şişelenmiş İnançsızlık
L_MAT_GEMBLADE,,Silvered Steel,銀鋼,Versilberter Stahl,Acier Argenté,Acero Plateado,Aço Prateado,Посеребрённая Сталь,Acciaio Argentato,銀鋼,银钢,은빛 강철,Posrebrzana Stal,Посріблена Сталь,Verzilverd Staal,Gümüşlenmiş Çelik
L_MAT_FROZENSCARF,,Frozen Scarf,凍れたスカーフ,Gefrorener Schal,Écharpe Gelée,Bufanda Congelada,Cachecol Congelado,Ледяной шарф,Sciarpa Gelata,冰凍圍巾,冰冻围巾,얼어붙은 스카프,Lodowy Szalik,Крижаний шарф,Bevroren Sjaal,Donmuş Atkı
L_MAT_CHITINOUSFEATHER,,Chitinous Feather,キチン質の羽根,Chitinpanzer-Feder,Plume Chitineuse,Pluma Quitinosa,Pena Quitinosa,Хитиновое Перо,Piuma Chitinosa,甲殼羽毛,几丁质羽毛,키틴질 깃털,Chitynowe Pióro,Хітинове Перо,Chitineuse Veer,Kitinli Tüy
L_MAT_STONEWOOL,,Stone Wool,石綿,Steinwolle,Laine de Pierre,Lana de Piedra,Lã de Pedra,Каменная шерсть,Lana di Pietra,石毛,石绒,돌털,Kamienna Wełna,Кам'яна вовна,Steenwol,Taş Yünü
L_MAT_ROTTENDOUGH,,Rotten Dough,腐った生地,Verdorbener Teig,Pâte Pourrie,Masa Podrida,Massa Podre,Гнилое Тесто,Impasto Marcio,腐爛麵團,腐烂面团,썩은 반죽,Zgniłe Ciasto,Гнила Тісто,Bedorven Deeg,Çürük Hamur
L_MAT_GENESPLICER,,Gene Splicer,ジーンスプライサー,Genspleißer,Manipulateur Génétique,Manipulador Genético,Modificador Genético,Генный Сплайсер,Manipolatore Genetico,基因拼接器,基因拼接者,유전자 접합기,Modyfikator Genów,Генний Сплайсер,Genenmanipulator,Gen Birleştirici
L_MAT_EINHERJARTALE,,Einherjar Tale,アインヘリャル・テイル,Einherjar-Sage,Récit d'Einherjar,Relato de Einherjar,Saga dos Einherjar,Сказание об Эйнхерии,Racconto degli Einherjar,英靈傳說,英灵传说,에인헤리아르 이야기,Opowieść Einherjara,Сага про Ейнхеріїв,Einherjar Verhaal,Einherjar Hikayesi
L_MAT_COMMANDINGPRESENCE,,Shattered Skull,砕かれた髑髏,Zerschmetterter Schädel,Crâne Brisé,Cráneo Destrozado,Crânio Despedaçado,Расколотый Череп,Teschio Frantumato,破碎頭骨,碎裂头骨,부서진 해골,Roztrzaskana Czaszka,Розтрощений Череп,Verbrijzelde Schedel,Parçalanmış Kafatası
L_MAT_PLAINSWHISPER,,Plains Whisper,平原のささやき,Flüstern der Ebenen,Murmure des Plaines,Susurro de las Llanuras,Sussurro das Planícies,Шёпот Равнин,Sussurro delle Pianure,平原低語,平原低语,평원의 속삭임,Szept Równin,Шепіт Рівнин,Vlaktegefluister,Ova Fısıltısı
L_MAT_FACEFULOFDUST,,Faceful of Dust,砂塵の洗礼,Gesicht voller Staub,Plein la Figure de Poussière,Cara Llena de Polvo,Rosto Cheio de Poeira,Пыль в лицо,Facciata di Polvere,滿臉塵土,一脸尘土,먼지 세례,Twarz Pełna Pyłu,Обличчя в Пилу,Gezicht Vol Stof,Toz Yüzü
L_MAT_CIRCUSTICKET,,Circus Ticket,サーカスチケット,Zirkuskarte,Billet de Cirque,Boleto de Circo,Bilhete de Circo,Билет в цирк,Biglietto del Circo,馬戲團門票,马戏团门票,서커스 티켓,Bilet do cyrku,Квиток у цирк,Circuskaartje,Sirk Bileti
L_MAT_SPIDERSILKSUIT,,Spider Silk Suit,スパイダーシルクスーツ,Spinnseidenanzug,Costume en Soie d'Araignée,Traje de Seda de Araña,Traje de Seda de Aranha,Костюм из паучьего шёлка,Abito di Seta di Ragno,蜘蛛絲套裝,蜘蛛丝套装,거미줄 정장,Strój z Pajęczego Jedwabiu,Костюм з павутинного шовку,Spinnenzijden Pak,Örümcek İpeği Takım
L_MAT_BLOODYSPIKE,,Bloody Spike,ブラッディスパイク,Blutiger Stachel,Pointe Sanglante,Púa Sangrienta,Espinho Sangrento,Кровавый Шип,Spina Sanguinante,血腥尖刺,血腥尖刺,피의 가시,Krwawy Kolec,Кривавий Шип,Bloedige Spies,Kanlı Diken
L_MAT_SECRETSAUCE,,Secret Sauce,秘伝のソース,Geheimsoße,Sauce Secrète,Salsa Secreta,Molho Secreto,Секретный соус,Salsa Segreta,秘製醬料,秘制酱料,비밀의 소스,Sekretny Sos,Таємний соус,Geheime Saus,Gizli Sos
L_MAT_BADEGG,,Bad Egg,不良タマゴ,Schlechtes Ei,Œuf Corrompu,Huevo Malo,Ovo Ruim,Плохое Яйцо,Uovo Corrotto,壞蛋,坏蛋,불량알,Zepsute Jajo,Погане Яйце,Slecht Ei,Kötü Yumurta
L_MAT_BLOODSOAKEDKNIFE,,Blood-soaked Knife,血塗れのナイフ,Blutgetränktes Messer,Couteau ensanglanté,Cuchillo ensangrentado,Faca Ensanguentada,Окровавленный нож,Coltello Insanguinato,浴血小刀,浸血匕首,피에 젖은 단검,Nóż skąpany we krwi,Закривавлений ніж,Bloedbevlekt Mes,Kana Bulanmış Bıçak
L_MAT_SPOOKYLANTERN,,Spooky Lantern,不気味なランタン,Gespenstische Laterne,Lanterne Sinistre,Farol Espeluznante,Lanterna Assustadora,Жуткий Фонарь,Lanterna Spettrale,幽靈燈籠,幽森灯笼,으스스한 랜턴,Upiorna Latarnia,Моторошний Ліхтар,Griezelige Lantaarn,Ürkütücü Fener
L_MAT_BLANKETOFETERNALREST,,Blanket of Eternal Rest,永遠の安息の毛布,Decke der Ewigen Ruhe,Couverture du Repos Éternel,Manto del Descanso Eterno,Manto do Descanso Eterno,Покров Вечного Покоя,Manto del Riposo Eterno,永恆安息之毯,永眠之毯,영원한 안식의 담요,Całun Wiecznego Spoczynku,Покривало Вічного Спокою,Deken van Eeuwige Rust,Sonsuz Huzur Örtüsü
L_MAT_SEVENCOLOREDMUSHROOM,,Seven-colored Mushroom,七色のキノコ,Siebenfarbiger Pilz,Champignon Arc-en-ciel,Champiñón de Siete Colores,Cogumelo de Sete Cores,Семицветный гриб,Fungo Settecromie,七彩蘑菇,七彩蘑菇,칠색 버섯,Siedmiokolorowy Grzyb,Семикольоровий гриб,Zevenkleuren Paddenstoel,Yedi Renkli Mantar
L_MAT_KISSOFDEATH,,Kiss of Death,死の口づけ,Kuss des Todes,Baiser de la Mort,Beso de la Muerte,Beijo da Morte,Поцелуй Смерти,Bacio della Morte,死亡之吻,死亡之吻,죽음의 키스,Pocałunek Śmierci,Поцілунок Смерті,Kus des Doods,Ölüm Öpücüğü
L_MAT_INFINITYSYMBOL,,Infinity Symbol,無限大のシンボル,Unendlichkeitssymbol,Symbole d'Infini,Símbolo de Infinito,Símbolo do Infinito,Символ Бесконечности,Simbolo dell'Infinito,無限符號,无限符号,무한대 기호,Symbol Nieskończoności,Символ нескінченності,Oneindigheidsymbool,Sonsuzluk Sembolü
L_MAT_MANNEQUINBLADE,,Mannequin Blade,マネキンブレード,Gliederpuppenschwert,Lame de Mannequin,Espada Maniquí,Lâmina de Manequim,Клинок Манекена,Lama del Manichino,人偶之刃,人偶之刃,마네킹 블레이드,Ostrze Manekina,Клинок Манекена,Ledenpopzwaard,Manken Kılıcı
L_MAT_FROZENDESSERT,,Frozen Dessert,フローズンデザート,Gefrorenes Dessert,Dessert Glacé,Postre Helado,Sobremesa Congelada,Ледяной Десерт,Dessert Ghiacciato,冰凍甜點,冰冻甜点,얼린 디저트,Mrożony Deser,Заморожений десерт,Bevroren Dessert,Donmuş Tatlı
L_MAT_BOUQUETOFBALLOONS,,Bouquet of Balloons,風船の花束,Ballonstrauß,Bouquet de Ballons,Ramo de Globos,Buquê de Balões,Букет воздушных шаров,Mazzo di Palloncini,氣球花束,气球花束,풍선 꽃다발,Bukiet Balonów,Букет повітряних кульок,Boeket van Ballonnen,Balon Buketi
L_MAT_MYSTERYVIAL,,Mystery Vial,謎の小瓶,Mysteriumsphiole,Fiole mystérieuse,Vial Misterioso,Frasco Misterioso,Загадочный Флакон,Fiala Misteriosa,神秘藥瓶,神秘药瓶,미스터리 약병,Tajemnicza Fiolka,Таємнича Склянка,Mysterieuze Flacon,Gizemli Şişe
L_MAT_CHEESEWEDGE,,Cheese Wedge,チーズの切れ端,Käsestück,Morceau de Fromage,Cuña de Queso,Pedaço de Queijo,Кусок сыра,Spicchio di Formaggio,起司楔,奶酪块,치즈 조각,Kawałek Sera,Шматок сиру,Kaaswig,Peynir Dilimi
L_MAT_FILTHYGEM,,Filthy Gem,汚れた宝石,Schmutziger Edelstein,Gemme Souillée,Gema Inmunda,Gema Imunda,Грязный самоцвет,Gemma Lurida,骯髒寶石,脏污宝石,더러운 보석,Brudny Klejnot,Брудний Самоцвіт,Smerige Edelsteen,Kirli Mücevher
L_MAT_IMMOVABLESHELL,,Immovable Shell,不動の殻,Unbewegliche Schale,Carapace Immuable,Caparazón Inamovible,Carapaça Inabalável,Неподвижная Оболочка,Guscio Inamovibile,堅不可摧之殼,坚固外壳,움직일 수 없는 껍질,Niewzruszona Skorupa,Непорушний Панцир,Onverzettelijk Schild,Kımıldamaz Kabuk
L_MAT_TEMPORALGLASS,,Temporal Glass,時空のガラス,Zeitglas,Verre Temporel,Cristal Temporal,Vidro Temporal,Временное Стекло,Vetro Temporale,時空之鏡,时空之镜,시간의 유리,Szkło Czasowe,Часове Скло,Tijdglas,Zamansal Cam
L_MAT_SHARPSCALES,,Sharp Scales,鋭い鱗,Scharfe Schuppen,Écailles Acérées,Escamas Afiladas,Escamas Afiadas,Острая Чешуя,Squame Affilate,銳利鱗片,锐利鳞片,날카로운 비늘,Ostre Łuski,Гострі Луски,Scherpe Schubben,Keskin Pullar
L_MAT_STRINGSOFSHADOW,,Strings of Shadow,影の糸,Fäden des Schattens,Fils d'Ombre,Hilos de Sombra,Cordas de Sombra,Нити Тени,Fili d'Ombra,暗影之絲,暗影之弦,그림자의 끈,Struny Cienia,Нитки Тіні,Draden van Schaduw,Gölge İpleri
L_MAT_SPELLBINDINGAURA,,Spellbinding Aura,魔法を縛る霊気,Verzaubernde Aura,Aura Envoûtante,Aura Hechizante,Aura Encantadora,Чарующая Аура,Aura Ammaliante,魔咒光環,魔咒光环,마법 결속의 오라,Urzekająca Aura,Чаклунська Аура,Betoverende Aura,Büyüleyici Aura
L_MAT_DESPERATELOVE,,Desperate Love,絶望的な愛,Verzweifelte Liebe,Amour Désespéré,Amor Desesperado,Amor Desesperado,Отчаянная любовь,Amore Disperato,絕望之愛,绝望的爱,절망적인 사랑,Rozpaczliwa Miłość,Відчайдушне кохання,Wanhopige Liefde,Umutsuz Aşk
L_MAT_GLOWINGMOONSTONE,,Glowing Moonstone,輝く月長石,Leuchtender Mondstein,Pierre de Lune Luisante,Piedra Lunar Brillante,Pedra Lunar Brilhante,Светящийся лунный камень,Pietra Lunare Luminosa,發光月石,发光月石,빛나는 월석,Świecący Kamień Księżycowy,Сяючий місячний камінь,Lichtgevende Maansteen,Parlayan Aytaşı
L_MAT_RADIANTSUNSTONE,,Radiant Sunstone,輝く日長石,Strahlender Sonnenstein,Pierre de Soleil Radieuse,Piedra Solar Radiante,Pedra Solar Radiante,Сияющий Солнечный Камень,Pietra Solare Radiante,光輝日石,辉煌日石,빛나는 태양석,Promienisty Kamień Słońca,Сяючий Сонячний Камінь,Stralende Zonnesteen,Parlak Güneştaşı
L_MAT_PRICELESSSHELL,,Priceless Shell,無価の貝殻,Unbezahlbare Muschel,Coquillage Inestimable,Concha Invaluable,Concha Inestimável,Бесценная Ракушка,Conchiglia Inestimabile,無價之貝殼,无价之贝,값을 매길 수 없는 조개껍질,Bezcenna Muszla,Безцінна Мушля,Onschatbare Schelp,Paha Biçilemez Kabuk
L_MAT_GORGONSEYE,,Gorgon's Eye,ゴルゴンの目,Gorgonenblick,Œil de Gorgone,Ojo de Gorgona,Olho de Górgona,Глаз Горгоны,Occhio di Gorgone,戈爾貢之眼,蛇发女妖之眼,고르곤의 눈,Oko Gorgony,Око Горгони,Gorgonenoog,Gorgon'un Gözü
L_MAT_REDHOTLIPSTICK,,Red Hot Lipstick,真っ赤な口紅,Feuerrotes Lippenstift,Rouge à Lèvres Flamboyant,Lápiz Labial Rojo Ardiente,Batom Vermelho Ardente,Огненно-красная помада,Rossetto Rosso Fuoco,火紅唇膏,火辣口红,붉은 립스틱,Ognista Czerwona Szminka,Яскраво-червона помада,Vuurrode Lippenstift,Ateş Kırmızısı Ruj
L_MAT_MYTHICALTOOTH,,Mythical Tooth,神話の歯,Mythischer Zahn,Dent Mythique,Diente Mítico,Dente Mítico,Мифический Зуб,Dente Mitico,神話之牙,神话之牙,신화의 이빨,Mityczny Ząb,Міфічний Зуб,Mythische Tand,Efsanevi Diş
L_MAT_ISCREAMCONE,,I Scream Cone,アイスクリームコーン,Eiswaffel des Schreckens,Cornet de Glace Hurlant,Cono de Helado,Cone de Sorvete,Рожок Крика,Cono di Gelato Urlante,尖叫冰淇淋筒,尖叫甜筒,아이스크림 콘,Rożek Krzyku,Ріжок Крижаного Крику,IJshoorn,Çığlık Külahı
L_MAT_GOLDENHONEYCOMB,,Golden Honeycomb,黄金の蜂の巣,Goldene Honigwabe,Rayon de Miel Doré,Panal Dorado,Favo de Mel Dourado,Золотые Соты,Favo d'Oro,黃金蜂巢,金色蜂巢,황금 벌집,Złoty Plaster Miodu,Золотий стільник,Gouden Honingraat,Altın Petek
L_MAT_CROWNOFDEATH,,Crown of Death,死の冠,Krone des Todes,Couronne de Mort,Corona de Muerte,Coroa da Morte,Корона Смерти,Corona della Morte,死亡之冠,死亡之冠,죽음의 왕관,Korona Śmierci,Корона Смерті,Kroon van de Dood,Ölüm Tacı
L_MAT_MIRRORSEDGE,,Mirror's Edge,ミラーズエッジ,Mirror's Edge,Mirror's Edge,El Filo del Espejo,Limiar do Espelho,Зеркальный Край,Bordo dello Specchio,鏡之鋒,镜之边缘,미러스 엣지,Krawędź Lustra,Дзеркальний Край,Mirror's Edge,Ayna Kenarı
L_MAT_FROZENCHRISTMASLIGHTS,,Frozen Christmas Lights,クリスマスの凍った電飾,Gefrorene Weihnachtslichter,Lumières de Noël Glacées,Luces Navideñas Congeladas,Luzes de Natal Congeladas,Замороженные рождественские огни,Luci Natalizie Ghiacciate,冰凍聖誕燈飾,冰冻圣诞灯,얼어붙은 크리스마스 조명,Zamrożone Światełka Bożonarodzeniowe,Заморожені Різдвяні Вогні,Bevroren Kerstverlichting,Donmuş Noel Işıkları
L_MAT_FLAWLESSTOOTH,,Flawless Tooth,完璧な牙,Makelloser Zahn,Dent Parfaite,Diente Perfecto,Dente Perfeito,Безупречный Клык,Dente Perfetto,完美牙齒,完美之牙,완벽한 이빨,Nieskazitelny Kieł,Бездоганний Зуб,Vlekkeloze Tand,Kusursuz Diş
L_MAT_OLDTIRE,,Old Tire,古いタイヤ,Alter Reifen,Vieux Pneu,Neumático Viejo,Pneu Velho,Старая шина,Vecchio Pneumatico,舊輪胎,旧轮胎,낡은 타이어,Stara Opona,Стара шина,Oude Band,Eski Lastik
L_MAT_APPLECORE,,Apple Core,リンゴの芯,Apfelkern,Trognon de Pomme,Corazón de Manzana,Miolo de Maçã,Огрызок яблока,Torsolo di Mela,蘋果核,苹果核,사과 속,Ogryzek,Яблучна серцевина,Appelklokhuis,Elma Çekirdeği
L_MAT_MYSTERYMEAT,,Mystery Meat,ミステリーミート,Mysteriöses Fleisch,Viande Mystérieuse,Carne Misteriosa,Carne Misteriosa,Таинственное Мясо,Carne Misteriosa,神秘肉,神秘的肉,수수께끼의 고기,Tajemnicze Mięso,Таємниче м'ясо,Mysterieus Vlees,Gizemli Et
L_MAT_MORPHINGCLAY,,Morphing Clay,モーフィングクレイ,Verwandlungslehm,Argile Métamorphe,Arcilla Cambiante,Argila Metamórfica,Морфирующаяся глина,Argilla Mutaforma,變形黏土,变形黏土,변형 점토,Morfująca Glina,Морфінгова глина,Vormende Klei,Dönüşen Kil
L_MAT_WEAPONIZEDSPIRIT,,Robokeg,ロボケグ,Robokeg,Robokeg,Robokeg,Robokeg,Роботочка,Robokeg,機器酒桶,机器酒桶,로보켁,Robokeg,Роботочка,Robokeg,Robokeg
L_MAT_WEAPONSOFMASSDISTORTION,,Bloodsoaked Cross,血濡れの十字架,Blutgetränktes Kreuz,Croix Ensanglantée,Cruz Ensangrentada,Cruz Ensanguentada,Окровавленный Крест,Croce Insanguinata,浴血十字架,浴血十字架,피에 젖은 십자가,Krwawy Krzyż,Закривавлений Хрест,Bloeddoordrenkt Kruis,Kana Bulaşmış Haç
L_MAT_MASSEFFECT,,Fused Atoms,融合原子,Verschmolzene Atome,Atomes Fusionnés,Átomos Fusionados,Átomos Fundidos,Сплавленные Атомы,Atomi Fusi,融合原子,融合原子,융합된 원자,Połączone Atomy,Сплавлені Атоми,Gefuseerde Atomen,Kaynaşmış Atomlar
L_MAT_WHATAREYOUBUYING,,Arms Crate,武器箱,Waffenkiste,Caisse d'armes,Caja de Armas,Caixa de Armas,Ящик с оружием,Cassa d'Armi,武器箱,武器箱,무기 상자,Skrzynia z bronią,Ящик зі зброєю,Wapenkist,Silah Sandığı
L_MAT_IMPRUDENCE,,Pet Copykitten,ペットコピーキトゥン,Haustier-Kopierkätzchen,Animal Copychaton,Mascota Gatito Imitador,Mascote Gatinho Copiador,Питомец Копикотёнок,Cucciolo di Copygattino,寵物複製貓,宠物抄袭猫,애완 카피키튼,Zwierzak Kopikotek,Домашній Котик-Копіювач,Huisdier Kopieerkatje,Evcil Taklitçi Kedi
L_MAT_TRAININGDAY,,Well-worn Target,使い古された的,Abgenutztes Ziel,Cible Usée,Objetivo Desgastado,Alvo Desgastado,Потрёпанная мишень,Bersaglio Logoro,老舊的標靶,破旧靶子,낡은 표적,Zużyty Cel,Зношена мішень,Versleten Doelwit,Yıpranmış Hedef
L_MAT_SLOBBERYTENISBALL,,Slobbery Tennis Ball,よだれまみれのテニスボール,Sabbernder Tennisball,Balle de Tennis Baveuse,Pelota de Tenis Babeada,Bola de Tênis Babada,Слюнявый теннисный мяч,Pallina da Tennis Sbavata,黏答答的網球,潮湿网球,침 묻은 테니스 공,Zaśliniona Piłka Tenisowa,Заслинений тенісний м'яч,Kwijlerige Tennisbal,Salyalı Tenis Topu
L_MAT_SKYEYESHARD,,Sky Eye Shard,天眼の欠片,Himmelsaugensplitter,Éclat d'Œil Céleste,Fragmento de Ojo Celestial,Fragmento do Olho Celeste,Осколок Небесного Ока,Frammento Occhio del Cielo,天眼碎片,天之眼碎片,하늘눈 파편,Odłamek Niebiańskiego Oka,Уламок Небесного Ока,Hemeloog Scherf,Gök Göz Parçası
L_MAT_VOLCANICEYESHARD,,Volcanic Eye Shard,火山の眼の欠片,Vulkanisches Augensplitter,Éclat d'Œil Volcanique,Fragmento de Ojo Volcánico,Fragmento de Olho Vulcânico,Осколок Вулканического Ока,Frammento dell'Occhio Vulcanico,火山之眼碎片,火山之眼碎片,화산의 눈 파편,Odłamek Wulkanicznego Oka,Уламок Вулканічного Ока,Vulkanisch Oogsplinter,Volkanik Göz Parçası
L_MAT_OCEANICEYESHARD,,Oceanic Eye Shard,海洋の眼の欠片,Ozeanischer Augensplitter,Éclat d'Œil Océanique,Fragmento de Ojo Oceánico,Fragmento de Olho Oceânico,Осколок Океанического Ока,Frammento dell'Occhio Oceanico,海洋之眼碎片,海洋之眼碎片,해양의 눈 파편,Odłamek Oceanicznego Oka,Уламок Океанічного Ока,Oceanische Oogsplinter,Okyanus Göz Parçası
L_MAT_STORMEYESHARD,,Storm Eye Shard,嵐眼の欠片,Sturmaugensplitter,Éclat d'Œil de Tempête,Fragmento de Ojo de Tormenta,Fragmento do Olho da Tempestade,Осколок Грозового Ока,Frammento dell'Occhio della Tempesta,風暴之眼碎片,风暴之眼碎片,폭풍의 눈 파편,Odłamek Burzowego Oka,Уламок Ока Бурі,Stormoogscherf,Fırtına Gözü Parçası
L_MAT_TERRAEYESHARD,,Terra Eye Shard,テラ・アイの欠片,Terra-Augensplitter,Éclat d'Œil de Terra,Fragmento de Ojo de Terra,Fragmento de Olho de Terra,Осколок Глаза Терры,Frammento dell'Occhio di Terra,泰拉之眼碎片,大地之眼碎片,테라 아이 샤드,Odłamek Oka Terry,Уламок Ока Терри,Terra Oogsplinter,Terra Göz Parçası
L_MAT_GLACIALEYESHARD,,Glacial Eye Shard,氷眼の欠片,Eissplitter des Gletscherauges,Éclat d'Œil Glacial,Fragmento de Ojo Glacial,Fragmento de Olho Glacial,Осколок Ледяного Ока,Frammento di Occhio Glaciale,冰川之眼碎片,冰川之眼碎片,빙하의 눈 파편,Odłamek Lodowego Oka,Уламок Льодяного Ока,Glaciale Oogsplinter,Buzul Göz Parçası
L_MAT_PANDEMICEYESHARD,,Pandemic Eye Shard,パンデミックの眼の欠片,Pandemie-Augensplitter,Éclat d'Œil Pandémique,Fragmento de Ojo Pandémico,Fragmento Ocular da Pandemia,Осколок Глаза Пандемии,Frammento Oculare Pandemico,瘟疫之眼碎片,瘟疫之眼碎片,전염병의 눈 파편,Odłamek Pandemicznego Oka,Пандемічний Осколок Ока,Pandemisch Oogscherf,Salgın Göz Parçası
L_MAT_EXPLOSIVEEYESHARD,,Explosive Eye Shard,爆発の眼片,Explosiver Augensplitter,Éclat d'Œil Explosif,Fragmento de Ojo Explosivo,Fragmento de Olho Explosivo,Взрывной Осколок Глаза,Scheggia Oculare Esplosiva,爆裂眼碎片,爆裂之眼碎片,폭발성 눈 파편,Odłamek Wybuchowego Oka,Вибуховий Осколок Ока,Explosieve Oogsplinter,Patlayıcı Göz Parçası
L_MAT_ALMIGHTYEYESHARD,,Almighty Eye Shard,全知の眼の欠片,Splitter des Allmächtigen Auges,Éclat d'Œil Tout-Puissant,Fragmento del Ojo Todopoderoso,Fragmento do Olho Supremo,Осколок Всевидящего Ока,Frammento dell'Occhio Onnipotente,全能之眼碎片,全能之眼碎片,전능한 눈의 파편,Odłamek Wszechwidzącego Oka,Уламок Всемогутнього Ока,Almachtig Oogscherf,Kudretli Göz Parçası
L_MAT_NUCLEAREYESHARD,,Nuclear Eye Shard,核眼の欠片,Nukleares Augensplitter,Éclat d'Œil Nucléaire,Fragmento de Ojo Nuclear,Fragmento de Olho Nuclear,Осколок Ядерного Глаза,Frammento dell'Occhio Nucleare,核能之眼碎片,核能之眼碎片,핵안 파편,Odłamek Nuklearnego Oka,Уламок Ядерного Ока,Nucleair Oogsplinter,Nükleer Göz Parçası
L_MAT_COSMICEYESHARD,,Cosmic Eye Shard,コズミックアイの欠片,Kosmische Augensplitter,Éclat d'Œil Cosmique,Fragmento de Ojo Cósmico,Fragmento de Olho Cósmico,Осколок Космического Ока,Frammento di Occhio Cosmico,宇宙之眼碎片,宇宙之眼碎片,우주의 눈 파편,Odłamek Kosmicznego Oka,Уламок Космічного Ока,Kosmische Oogsplinter,Kozmik Göz Parçası
L_MAT_ENERGYGLOVE,,Energy Glove,エナジーグローブ,Energiehandschuh,Gant d'Énergie,Guante de Energía,Luva de Energia,Энергетическая Перчатка,Guanto Energetico,能量手套,能量手套,에너지 글러브,Rękawica Energii,Енергетична Рукавиця,Energiehandschoen,Enerji Eldiveni
L_MAT_CHARMOFDECAY,,Charm of Decay,腐敗の魅力,Amulett des Verfalls,Charme de Décomposition,Amuleto de Putrefacción,Amuleto da Decomposição,Амулет Разложения,Amuleto del Decadimento,腐朽魅符,腐朽咒符,부패의 부적,Amulet Rozkładu,Амулет Розпаду,Charme van Verval,Çürüme Muskası
L_MAT_BALANCINGSCALE,,Balancing Scale,天秤,Ausgleichende Waage,Balance de l'Équilibre,Balanza Equilibradora,Balança de Equilíbrio,Весы Равновесия,Bilancia,平衡天秤,平衡天平,균형 저울,Balansująca Waga,Балансуючі Ваги,Weegschaal,Denge Terazisi
L_MAT_BLOWGUN,,Blowgun,吹き矢,Blasrohr,Sarbacane,Cerbatana,Zarabatana,Духовая трубка,Cerbottana,吹箭筒,吹箭筒,불대,Dmuchawka,Духова трубка,Blaaspijp,Üflemeli Tüfek
L_MAT_MINIGEM,,Mini Gem,ミニジェム,Mini Edelstein,Mini Gemme,Mini Gema,Mini Gema,Мини-самоцвет,Mini Gemma,迷你寶石,迷你宝石,미니 젬,Mini Klejnot,Міні-самоцвіт,Mini Edelsteen,Mini Taş
L_MAT_OPALESCENTEYE,,Opalescent Eye,オパールの目,Opalisierendes Auge,Œil Opalescent,Ojo Opalescente,Olho Opalescente,Опалесцентный Глаз,Occhio Opalescente,蛋白石之眼,乳白色之眼,오팔빛 눈,Opalizujące Oko,Опалесцентне Око,Opaalkleurig Oog,Opalesan Göz
L_MAT_GNAWEDBONE,,Gnawed Bone,噛み砕かれた骨,Angenagter Knochen,Os Rongé,Hueso Roído,Osso Roído,Обглоданная кость,Osso Rosicchiato,啃咬過的骨頭,啃噬之骨,갉아먹은 뼈,Ogryziona Kość,Обгризена Кістка,Afgekloven Bot,Kemirilen Kemik
L_MAT_CURSEDDAGGER,,Cursed Dagger,呪いの短剣,Verfluchter Dolch,Dague maudite,Daga Maldita,Adaga Amaldiçoada,Проклятый кинжал,Pugnale Maledetto,詛咒匕首,诅咒小刀,저주받은 단검,Przeklęty Sztylet,Проклятий кинджал,Vervloekte Dolk,Lanetli Hançer
L_MAT_WINDUPRATTOY,,Wind-up Rat Toy,ゼンマイ仕掛けのネズミのおもちゃ,Aufziehbare Rattenspielzeug,Jouet Rat Mécanique,Juguete de Rata a Cuerda,Brinquedo de Rato de Corda,Заводная Крыса-Игрушка,Giocattolo di Topo a Molla,發條老鼠玩具,发条老鼠玩具,태엽 쥐 장난감,Nakręcana Zabawka Szczur,Заводна іграшкова щурка,Opwindbare Rattenspeeltje,Kurmalı Fare Oyuncağı
L_MAT_BLOODYTOPHAT,,Bloody Top Hat,血染めの山高帽,Blutiger Zylinder,Chapeau Haut-de-Forme Sanglant,Sombrero de Copa Sangriento,Cartola Sangrenta,Кровавый Цилиндр,Cilindro Insanguinato,血染高帽,血红礼帽,핏빛 실크햇,Krwawy Cylinder,Кривавий Циліндр,Bloederige Hoge Hoed,Kanlı Silindir Şapka
L_MAT_SKULLSHAPEDCANDLE,,Skull-shaped Candle,髑髏型の蝋燭,Schädelförmige Kerze,Bougie en forme de crâne,Vela en Forma de Calavera,Vela em Forma de Caveira,Свеча в форме черепа,Candela a Forma di Teschio,骷髏形蠟燭,骷髅状蜡烛,해골 모양 양초,Świeca w Kształcie Czaszki,Свічка у формі черепа,Schedelvormige Kaars,Kafatası Şeklinde Mum
L_MAT_WELLUSEDSHOVEL,,Well-used Shovel,使い込まれたシャベル,Abgenutzte Schaufel,Pelle Usée,Pala Usada,Pá Bem Usada,Потрёпанная лопата,Pala Consumata,用舊的鏟子,老旧铲子,잘 사용된 삽,Zużyta Łopata,Зношена лопата,Veelgebruikte Schop,İyi Kullanılmış Kürek
L_MAT_EJECTORSEATBELT,,Ejector Seatbelt,イジェクターシートベルト,Schleudersitzgurt,Ceinture d'Éjection,Cinturón de Eyección,Cinto Ejetor,Катапультирующийся Ремень,Cintura di Espulsione,彈射安全帶,弹射安全带,사출 안전벨트,Pas bezpieczeństwa z wyrzutem,Ремінь катапультування,Uitwerpstoelgordel,Fırlatma Kemeri
L_MAT_SHIELDCURST,,Shield Crust,シールドクラスト,Schildkruste,Croûte de Bouclier,Corteza de Escudo,Crosta de Escudo,Щитовая Корка,Crosta Scudo,護盾外殼,护盾硬壳,방패 외피,Skorupa Tarczy,Щитова Кірка,Schildkorst,Kalkan Kabuğu
L_MAT_LASERBARREL,,Laser Barrel,レーザーバレル,Laserkanone,Canon Laser,Cañón Láser,Cano Laser,Лазерный ствол,Canna Laser,雷射槍管,激光炮管,레이저 배럴,Lufa Laserowa,Лазерний ствол,Laserloop,Lazer Namlusu
L_MAT_COPILOTSEAT,,Copilot's Seat,コパイロットの席,Beifahrersitz,Siège du Copilote,Asiento del Copiloto,Assento do Copiloto,Место второго пилота,Posto del Copilota,副駕駛座,副驾驶座,부조종사의 좌석,Miejsce Drugiego Pilota,Місце Другого Пілота,Bijrijdersstoel,Yardımcı Pilot Koltuğu
L_MAT_BUSTEDINTERCOM,,Busted Intercom,壊れたインターホン,Kaputtes Sprechgerät,Interphone cassé,Intercomunicador Averiado,Interfone Quebrado,Сломанный интерком,Interfono Rotto,損壞的對講機,破损对讲机,고장난 인터폰,Zepsuty Interkom,Зламаний інтерком,Kapotte Intercom,Bozuk Telsiz
L_MAT_PHASERS,,Phasers,フェイザー,Phaser,Phaseurs,Fasers,Phasers,Фазеры,Phaser,相位砲,移相器,페이저,Fazery,Фазери,Fasers,Fazörler
L_MAT_ORTHOCLASEFELDSPAR,,Orthoclase Feldspar,正長石,Orthoklas-Feldspat,Feldspath Orthoclase,Feldespato de Ortoclasa,Feldspato Ortoclásio,Ортоклазовый полевой шпат,Feldspato Ortoclasio,正長石,正长石,정장석,Skaleń ortoklazowy,Ортоклазовий польовий шпат,Orthoklaas Veldspaat,Ortoklaz Feldispat
L_MAT_RESONATEFANG,,Resonate Fang,共鳴の牙,Resonanzfang,Croc Résonnant,Colmillo Resonante,Presa Ressonante,Резонирующий Клык,Zanna Risonante,共鳴之牙,共鸣之牙,공명의 송곳니,Rezonujący Kieł,Резонуючий Клик,Resonerende Hoektand,Yankılanan Diş
L_MAT_MOLTENKERATIN,,Molten Keratin,溶けた角質,Geschmolzenes Keratin,Kératine en Fusion,Queratina Fundida,Queratina Fundida,Расплавленный Кератин,Cheratina Fusa,熔融角蛋白,熔融角质,용암 케라틴,Stopiony Keratyn,Розплавлений кератин,Gesmolten Keratine,Erimiş Keratin
L_MAT_UNMELTINGICE,,Unmelting Ice,溶けない氷,Unschmelzbares Eis,Glace Éternelle,Hielo Inmarcesible,Gelo Eterno,Нетающий Лёд,Ghiaccio Infondibile,不融冰,不融之冰,녹지 않는 얼음,Nietopniejący Lód,Нетанучий Лід,Onsmeltbaar IJs,Erimez Buz
L_MAT_POISONEDBARB,,Poisoned Barb,毒の棘,Vergifteter Stachel,Dard Empoisonné,Púa Envenenada,Farpa Envenenada,Отравленный Шип,Aculeo Avvelenato,毒刺,有毒倒钩,독침,Zatruta Kolka,Отруєне Жало,Giftige Weerhaak,Zehirli Diken
L_MAT_BOTTLEDWIND,,Bottled Wind,瓶詰めの風,Abgefüllter Wind,Vent en Bouteille,Viento Embotellado,Vento Engarrafado,Бутылка с ветром,Vento in Bottiglia,瓶裝風,瓶装之风,병에 담긴 바람,Zaklęty Wiatr,Вітер у Пляшці,Gebottelde Wind,Şişelenmiş Rüzgar
L_MAT_CLOUDFRAGMENT,,Cloud Fragment,雲の欠片,Wolkenfragment,Fragment de Nuage,Fragmento de Nube,Fragmento de Nuvem,Фрагмент облака,Frammento di Nuvola,雲之碎片,云之碎片,구름 파편,Odłamek Chmury,Фрагмент хмари,Wolkfragment,Bulut Parçası
L_MAT_HOLYSYMBOL,,Holy Symbol,聖印,Heiliges Symbol,Symbole sacré,Símbolo Sagrado,Símbolo Sagrado,Священный символ,Simbolo Sacro,神聖符號,神圣徽记,신성한 상징,Święty Symbol,Священний символ,Heilig Symbool,Kutsal Sembol
L_MAT_MOONSHARD,,Moon Shard,月の欠片,Mondscherbe,Éclat de Lune,Fragmento Lunar,Fragmento Lunar,Лунный Осколок,Scheggia Lunare,月之碎片,月之碎片,달의 파편,Odłamek Księżyca,Місячний Уламок,Maansplinter,Ay Parçası
L_MAT_CURSEDBUTTON,,Cursed Button,呪われたボタン,Verfluchter Knopf,Bouton maudit,Botón Maldito,Botão Amaldiçoado,Проклятая кнопка,Pulsante Maledetto,詛咒按鈕,诅咒纽扣,저주받은 버튼,Przeklęty Przycisk,Прокляте Кнопка,Vervloekte Knop,Lanetli Düğme
L_MAT_FALCONERBUTTON,,Falconer Button,ファルコナーボタン,Falkner-Knopf,Bouton du Fauconnier,Botón de Halconero,Botão do Falcoeiro,Кнопка Сокольничего,Pulsante del Falconiere,馴鷹師按鈕,驯鹰者纽扣,매 조련사 버튼,Przycisk Sokolnika,Кнопка Сокольничого,Valkenier Knop,Şahinci Düğmesi
L_MAT_EFFIGYBUTTON,,Effigy Button,エフィジーボタン,Bildnis-Knopf,Bouton d'Effigie,Botón de Efigie,Botão de Efígie,Кнопка Изваяния,Pulsante Effigie,雕像按鈕,雕像纽扣,에피지 버튼,Przycisk Podobizny,Кнопка Ефігії,Effigieknop,Suret Düğmesi
L_MAT_DANCINGBUTTON,,Dancing Button,ダンシングボタン,Tanzender Knopf,Bouton Dansant,Botón Danzante,Botão Dançante,Танцующая кнопка,Pulsante Danzante,舞動按鈕,舞动纽扣,춤추는 버튼,Tańczący Przycisk,Танцюючий ґудзик,Dansende Knop,Dans Eden Düğme
L_MAT_NOBLEBUTTON,,Noble Button,高貴なボタン,Edler Knopf,Bouton Noble,Botón Noble,Botão Nobre,Благородная Кнопка,Bottone Nobile,貴族按鈕,贵族纽扣,고귀한 버튼,Szlachetny Przycisk,Шляхетна Кнопка,Edele Knop,Soylu Düğme
L_MAT_HEALINGBUTTON,,Healing Button,回復ボタン,Heilungsknopf,Bouton de Soin,Botón de Curación,Botão de Cura,Кнопка лечения,Pulsante Cura,治療按鈕,治愈纽扣,치유 버튼,Przycisk Leczenia,Кнопка лікування,Genezingsknop,İyileştirme Düğmesi
L_MAT_BREEZYEGGSHELL,,Breezy Eggshell,そよ風の卵殻,Luftige Eierschale,Coquille d'Œuf Légère,Cáscara Ventosa,Casca de Ovo Ventosa,Легкая Яичная Скорлупа,Guscio d'Uovo Ventoso,輕風蛋殼,轻风蛋壳,산들바람 알껍질,Lekka Skorupka Jajka,Легка Яєчна Шкаралупа,Luchtige Eierschaal,Esintili Yumurta Kabuğu
L_MAT_HEATEDEGGSHELL,,Heated Eggshell,熱せられた卵の殻,Erhitzter Eierschale,Coquille d'œuf chauffée,Cáscara de Huevo Caliente,Casca de Ovo Aquecida,Нагретая яичная скорлупа,Guscio d'Uovo Riscaldato,熱燙的蛋殼,灼热蛋壳,달궈진 알껍질,Rozgrzana Skorupka Jaja,Розпечена яєчна шкаралупа,Verhitte Eierschaal,Isıtılmış Yumurta Kabuğu
L_MAT_THORNYEGGSHELL,,Thorny Eggshell,トゲトゲの卵殻,Dornige Eierschale,Coquille Épineuse,Cáscara Espinosa,Casca Espinhosa,Колючая Яичная Скорлупа,Guscio Spinoso,荊棘蛋殼,荆棘蛋壳,가시 달걀껍질,Kolczasta Skorupka Jaja,Колючаста Яєчна Шкаралупа,Doornige Eierschaal,Dikenli Yumurta Kabuğu
L_MAT_MYSTERIOUSEGGSHELL,,Mysterious Eggshell,謎の卵の殻,Mysteriöse Eierschale,Coquille d'Œuf Mystérieuse,Cáscara Misteriosa,Casca Misteriosa,Таинственная яичная скорлупа,Guscio Misterioso,神秘的蛋殼,神秘蛋壳,신비한 알껍질,Tajemnicza Skorupka Jaja,Таємнича яєчна шкаралупа,Mysterieuze Eierschaal,Gizemli Yumurta Kabuğu
L_MAT_ARMOREDEGGSHELL,,Armored Eggshell,装甲卵殻,Gepanzerte Eierschale,Coquille d'Œuf Blindée,Cáscara de Huevo Blindada,Casca de Ovo Blindada,Бронированная Яичная Скорлупа,Guscio d'Uovo Corazzato,裝甲蛋殼,装甲蛋壳,장갑 달걀껍질,Opancerzona Skorupka,Броньована яєчна шкаралупа,Gepantserde Eierschaal,Zırhlı Yumurta Kabuğu
L_MAT_COMMANDEREGGSHELL,,Commander Eggshell,エッグシェル司令官,Kommandant Eierschale,Commandant Coquille,Comandante Cáscara,Comandante Casca de Ovo,Командир Яичная Скорлупа,Comandante Guscio d'Uovo,蛋殼指揮官,指挥官蛋壳,에그쉘 사령관,Komandor Skorupka,Командир Еґшел,Commandant Eierschaal,Komutan Eggshell
L_MAT_ARCHUNTERSTOKEN,,Archunter's Token,アーチハンターの証,Zeichen des Bogenjägers,Jeton d'Archasseur,Emblema del Cazador de Arcos,Símbolo do Caçador de Arcos,Знак Архоохотника,Emblema del Cacciatore di Archi,獵弓手的徽記,狩猎者徽记,아크헌터의 토큰,Znak Łowcy Arcy,Знак Мисливця на Архів,Teken van de Boogschutter,Avcı Nişanı
L_MAT_SOULBINDERSTOKEN,,Soulbinder's Token,魂縛りの印,Seelenbinder-Zeichen,Jeton du Lieur d'Âmes,Símbolo del Vinculador de Almas,Símbolo do Vinculador de Almas,Знак Душесвязующего,Emblema del Vincolatore d'Anime,靈魂束縛者的信物,缚灵者徽记,영혼결속자의 징표,Znak Duszołączcy,Знак Душозв'язувача,Zielenbindersmunt,Ruh Bağlayıcının Nişanı
L_MAT_ILLUMINATORSTOKEN,,Illuminator's Token,照明師の印,Illuminatorenmarke,Jeton d'Illuminateur,Símbolo del Iluminador,Símbolo do Iluminador,Знак Осветителя,Simbolo dell'Illuminatore,照明者的信物,启明者徽记,조명술사의 토큰,Znak Iluminatora,Жетон Освітлювача,Illuminator's Teken,Aydınlatıcının Simgesi
L_MAT_ARMIGERSTOKEN,,Armiger's Token,アーミジャーの証,Armiger-Marke,Jeton d'Armiger,Emblema del Portador de Armas,Símbolo do Armígero,Знак Вооруженного,Emblema dell'Armigero,武裝者的信物,武装者徽记,무장의 증표,Znak Zbrojmistrza,Знак Зброєносця,Teken van de Wapendrager,Silahşörün Nişanı
L_MAT_WINDRIDERSTOKEN,,Windrider's Token,風乗りの証,Windreiter-Marke,Emblème du Chevaucheur de Vent,Símbolo del Jinete del Viento,Símbolo do Cavaleiro do Vento,Знак Ветрохода,Emblema del Cavalcavento,風行者徽記,风骑士徽记,바람타는 자의 징표,Znak Wiatrojeźdźcy,Знак Вітрогона,Windruiters Teken,Rüzgârsüvarinin Nişanı
L_MAT_ASPECTALSTOKEN,,Aspectal's Token,アスペクタルのトークン,Aspectals Zeichen,Jeton d'Aspectal,Símbolo de Aspectal,Símbolo de Aspectal,Жетон Аспектала,Emblema di Aspectal,相位之徽,灵相徽记,아스펙탈의 토큰,Żeton Aspektala,Жетон Аспектала,Aspectal's Token,Aspectal'ın Simgesi
L_MAT_PECULIARHELMET,,Peculiar Helmet,奇妙な兜,Seltsamer Helm,Casque Étrange,Casco Peculiar,Elmo Peculiar,Причудливый Шлем,Elmo Peculiare,奇特頭盔,奇特头盔,기묘한 투구,Osobliwy Hełm,Дивний Шолом,Vreemde Helm,Tuhaf Kask
L_MAT_GOLDHELMET,,Gold Helmet,金の兜,Goldhelm,Casque d'or,Casco de Oro,Elmo de Ouro,Золотой Шлем,Elmo d'Oro,黃金頭盔,金色头盔,황금 투구,Złoty Hełm,Золотий шолом,Gouden Helm,Altın Kask
L_MAT_BLACKHELMET,,Black Helmet,ブラックヘルメット,Schwarzer Helm,Casque Noir,Casco Negro,Capacete Negro,Чёрный Шлем,Elmo Nero,黑色頭盔,黑色头盔,검은 투구,Czarny Hełm,Чорний Шолом,Zwarte Helm,Siyah Kask
L_MAT_ASTRALHELMET,,Astral Helmet,アストラルヘルメット,Astralhelm,Casque Astral,Casco Astral,Elmo Astral,Астральный шлем,Elmo Astrale,星靈頭盔,星界头盔,천체 투구,Hełm Astralny,Астральний шолом,Astrale Helm,Astral Miğfer
L_MAT_FURIOUSHELMET,,Furious Helmet,猛烈なヘルメット,Zorniger Helm,Casque Furieux,Casco Furioso,Elmo Furioso,Яростный Шлем,Elmo Furioso,狂怒頭盔,暴怒头盔,분노의 투구,Wściekły Hełm,Шолом Люті,Razende Helm,Öfkeli Miğfer
L_MAT_ANCIENTHELMET,,Ancient Helmet,古代のヘルメット,Uralter Helm,Heaume Ancien,Yelmo Antiguo,Elmo Antigo,Древний Шлем,Elmo Antico,古代頭盔,远古头盔,고대 투구,Starożytny Hełm,Древній Шолом,Oude Helm,Kadim Miğfer
L_MAT_FINEBALL,,Fine Ball,ファインボール,Feiner Ball,Balle Fine,Bola Fina,Bola Fina,Отличный Шар,Sfera Pregiata,精緻球,精致球,고급 볼,Wyborowa Kula,Вишуканий М'яч,Fijne Bal,İnce Top
L_MAT_TRAININGBALL,,Training Ball,トレーニングボール,Trainingsball,Balle d'Entraînement,Bola de Entrenamiento,Bola de Treinamento,Тренировочный Шар,Palla Allenamento,訓練球,训练球,훈련용 볼,Piłka Treningowa,Тренувальна Куля,Trainingsbal,Antrenman Topu
L_MAT_MULTIFACETEDBALL,,Multifaceted Ball,多面体のボール,Facettenreiche Kugel,Boule à Facettes Multiples,Esfera Multifacética,Esfera Multifacetada,Многогранный Шар,Sfera Sfaccettata,多面球,多面球,다면체 구슬,Wielościenna Kula,Багатогранна Куля,Veelzijdige Bol,Çok Yüzlü Top
L_MAT_RECYCLEDBALL,,Recycled Ball,リサイクルボール,Recycelter Ball,Balle Recyclée,Pelota Reciclada,Bola Reciclada,Переработанный Шар,Palla Riciclata,回收球,可回收球,재활용 볼,Odzyskana Piłka,Перероблений М'яч,Gerecycleerde Bal,Geri Dönüştürülmüş Top
L_MAT_ROUGHHEWNBALL,,Rough-hewn Ball,粗削りの球,Grob behauener Ball,Boule grossièrement taillée,Bola Tosca,Bola Toscamente Talhada,Грубо обтесанный шар,Sfera Grezza,粗糙石球,粗糙球,거칠게 깎은 구슬,Grubo Ciosana Kula,Грубо витесана куля,Ruw gehouwen Bal,Kaba Yontulmuş Top
L_MAT_PATCHEDBALL,,Patched Ball,パッチボール,Geflickter Ball,Ballon rapiécé,Balón Remendado,Bola Remendada,Залатанный Мяч,Palla Rattoppata,補丁球,补丁球,수선된 공,Połatana Piłka,Залатаний М'яч,Opgelapte Bal,Yamalı Top
L_MAT_LIARSMOUSTACHE,,Liar's Moustache,嘘つきの口髭,Lügners Schnurrbart,Moustache du Menteur,Bigote del Mentiroso,Bigode do Mentiroso,Усы Лжеца,Baffi del Bugiardo,騙子的鬍鬚,骗子胡须,거짓말쟁이의 콧수염,Wąs Kłamcy,Вуса Брехуна,Leugenaarssnor,Yalancının Bıyığı
L_MAT_LIARSUNIFORM,,Liar's Uniform,嘘つきの制服,Lügners Uniform,Uniforme du Menteur,Uniforme del Mentiroso,Uniforme do Mentiroso,Форма Лжеца,Uniforme del Bugiardo,騙子的制服,骗子制服,거짓말쟁이의 제복,Uniform Kłamcy,Уніформа Брехуна,Uniform van de Leugenaar,Yalancının Üniforması
L_MAT_LIARSLIPSTICK,,Liar's Lipstick,嘘つきの口紅,Lügner-Lippenstift,Rouge à Lèvres du Menteur,Pintalabios del Mentiroso,Batom do Mentiroso,Помада Лжеца,Rossetto del Bugiardo,騙子的唇膏,骗子口红,거짓말쟁이의 립스틱,Szminka Kłamcy,Помада Брехуна,Leugenaars Lippenstift,Yalancının Ruju
L_MAT_LIARSHANDMIRROR,,Liar's Hand Mirror,嘘つきの手鏡,Spiegel der Lügner,Miroir du Menteur,Espejo de Mano del Mentiroso,Espelho de Mão do Mentiroso,Зеркало Лжеца,Specchio del Bugiardo,騙子的手鏡,骗子手镜,거짓말쟁이의 손거울,Zwierciadło Kłamcy,Дзеркало Брехуна,Spiegel van de Leugenaar,Yalancının El Aynası
L_MAT_LIARSHOOPSKIRT,,Liar's Hoopskirt,嘘つきのフープスカート,Lügnerreifrock,Jupette du Menteur,Miriñaque del Mentiroso,Saia de Aros da Mentirosa,Юбка-обруч Лжеца,Gonnellino del Bugiardo,騙子裙撐,骗子裙撑,거짓말쟁이의 후프스커트,Spódnica Kłamcy,Спідниця Брехуна,Leugenaarscrinoline,Yalancının Çemberfistanı
L_MAT_LIARSINVITATION,,Liar's Invitation,嘘つきの招待状,Einladung des Lügners,Invitation du Menteur,Invitación del Mentiroso,Convite do Mentiroso,Приглашение Лжеца,Invito del Bugiardo,騙子的邀請,骗子请柬,거짓말쟁이의 초대,Zaproszenie Kłamcy,Запрошення Брехуна,Uitnodiging van de Leugenaar,Yalancının Daveti
L_MAT_ARABESQUELACE,,Arabesque Lace,アラベスクレース,Arabeskenspitze,Dentelle Arabesque,Encaje Arabesco,Renda Arabesca,Арабесковое кружево,Merletto Arabesco,阿拉貝斯克蕾絲,阿拉伯风蕾丝,아라베스크 레이스,Koronka Arabeskowa,Арабескове Мереживо,Arabesk Kant,Arabesk Dantel
L_MAT_SNAKELACE,,Snake Lace,スネークレース,Schlangenschnur,Lacet de Serpent,Encaje de Serpiente,Laço de Serpente,Змеиное Кружево,Laccio di Serpente,蛇紋花邊,蛇纹蕾丝,뱀 레이스,Wężowa Koronka,Зміїне Мереживо,Slangenkant,Yılan Dantel
L_MAT_MAIDENLACE,,Maiden Lace,乙女のレース,Jungfrauenspitze,Dentelle de la Vierge,Encaje de Doncella,Renda da Donzela,Кружево Девы,Merletto della Fanciulla,少女蕾絲,少女蕾丝,처녀의 레이스,Koronka Dziewicy,Мереживо Діви,Jonkvrouwenkant,Bakire Dantel
L_MAT_MESMERSINGLACE,,Mesmerising Lace,魅惑のレース,Hypnotisierende Spitze,Dentelle Envoûtante,Encaje Hipnotizante,Renda Hipnotizante,Завораживающее кружево,Pizzo Ipnotico,迷人蕾絲,迷人蕾丝,매혹적인 레이스,Hipnotyzująca Koronka,Зачаровуюче Мереживо,Betoverende Kant,Büyüleyici Dantel
L_MAT_SEANCELACE,,Seance Lace,セアンスレース,Séance-Spitze,Dentelle de Séance,Encaje de Sesión Espiritista,Renda de Sessão Espiritual,Кружево Спиритизма,Merletto Spiritico,通靈蕾絲,通灵蕾丝,영매의 레이스,Koronka Seansowa,Спіритичне Мереживо,Seance Kant,Seance Dantel
L_MAT_DIVALACE,,Diva Lace,ディーヴァレース,Diva-Spitze,Dentelle Diva,Encaje de Diva,Renda Diva,Кружево Дивы,Merletto Diva,歌姬蕾絲,歌姬蕾丝,디바 레이스,Koronka Diwy,Мереживо Діви,Diva Kant,Diva Danteli
L_MAT_CLOWNLACE,,Clown Lace,ピエロレース,Clown-Spitze,Dentelle de Clown,Encaje de Payaso,Renda de Palhaço,Клоунское кружево,Merletto Pagliaccio,小丑蕾絲,小丑蕾丝,광대 레이스,Koronka Błazna,Клоунське Мереживо,Clownkant,Palyaço Danteli
L_MAT_HARPERLACE,,Harper Lace,ハーパー・レース,Harper Lace,Harper Lace,Harper Lace,Harper Lace,Харпер Лейс,Harper Lace,哈珀·蕾絲,竖琴手蕾丝,하퍼 레이스,Harper Lace,Гарпер Лейс,Harper Lace,Harper Lace
L_MAT_VESTMENTLACE,,Vestment Lace,ベストメント・レース,Gewandspitze,Dentelle de Vêtement,Encaje de Vestidura,Renda de Vestimenta,Кружево Облачения,Merletto del Paramento,法衣花邊,法衣蕾丝,예복 레이스,Koronka Szat,Мереживо Вбрання,Gewaadkant,Cüppe Danteli
L_MAT_BRINYTUX,,Briny Tux,ブライニータックス,Salziger Frack,Smoking Marin,Esmoquin Salado,Smoking Marítimo,Соленый Смокинг,Smoking Marino,鹹味燕尾服,咸水礼服,소금물 턱시도,Słony Smoking,Солоний Смокінг,Zilte Smoking,Tuzlu Smokin
L_MAT_NACRECROWN,,Nacre Crown,ナクレの冠,Perlmuttkrone,Couronne de Nacre,Corona de Nácar,Coroa de Nácar,Перламутровая Корона,Corona di Madreperla,珍珠母冠,珍珠头冠,진주 왕관,Korona z Masy Perłowej,Перламутрова Корона,Parelmoeren Kroon,Sedef Taç
L_MAT_GILDEDLYRE,,Gilded Lyre,金箔の竪琴,Vergoldete Leier,Lyre Dorée,Lira Dorada,Lira Dourada,Позолоченная лира,Lira Dorata,鍍金豎琴,镀金七弦琴,금빛 리라,Złota Lira,Позолочена ліра,Vergulde Lier,Yaldızlı Lir
L_MAT_OPERAGLASSES,,Opera Glasses,オペラグラス,Opernglas,Lorgnette,Prismáticos de Ópera,Binóculos de Ópera,Театральный бинокль,Occhiali da Teatro,歌劇望遠鏡,歌剧望远镜,오페라 안경,Lornetka Teatralna,Театральний бінокль,Operaglazen,Opera Dürbünü
L_MAT_DELETABLESELFIE,,Deletable Selfie,削除可能な自撮り,Löschbares Selfie,Selfie supprimable,Selfie Eliminable,Selfie Apagável,Удаляемое селфи,Selfie Eliminabile,可刪除的自拍,可删除自拍,삭제 가능한 셀카,Usuwalne Selfie,Видаляєме селфі,Verwijderbare Selfie,Silinebilir Özçekim
L_MAT_BROKENPOCKETWATCH,,Broken Pocket Watch,壊れた懐中時計,Kaputte Taschenuhr,Montre de poche cassée,Reloj de Bolsillo Roto,Relógio de Bolso Quebrado,Сломанные карманные часы,Orologio da Taschino Rotto,破損的懷錶,破损怀表,고장난 회중시계,Zepsuty Zegarek Kieszonkowy,Зламаний кишеньковий годинник,Kapot Zakhorloge,Kırık Cep Saati
L_MAT_ETHEREALLENS,,Ethereal Lens,エーテルレンズ,Ätherische Linse,Lentille Éthérée,Lente Etérea,Lente Etérea,Эфирная Линза,Lente Eterea,靈光透鏡,虚幻透镜,에테르 렌즈,Eteryczny Obiektyw,Ефірна Лінза,Etherische Lens,Esrarengiz Mercek
L_MAT_THEABRAXAS,,The Abraxas,アブラクサス,Der Abraxas,L'Abraxas,El Abraxas,O Abraxas,Абраксас,L'Abraxas,亞伯拉薩斯,阿布拉克萨斯,아브락사스,Abraxas,Абраксас,De Abraxas,Abraxas
L_MAT_COUNTERCLOCKWISECLOCK,,Counterclockwise Clock,反時計回りの時計,Gegen den Uhrzeigersinn drehende Uhr,Horloge Antihoraire,Reloj Antihorario,Relógio Anti-Horário,Часы против часовой стрелки,Orologio Antiorario,逆時針時鐘,逆时针时钟,반시계방향 시계,Zegar Przeciwny do Ruchu Wskazówek,Годинник проти годинникової стрілки,Tegen de klok in Klok,Saatin Tersi Yönünde Saat
L_MAT_NIGHTMAREEYES,,Nightmare Eyes,ナイトメア・アイズ,Albtraumaugen,Yeux de Cauchemar,Ojos de Pesadilla,Olhos de Pesadelo,Глаза Кошмара,Occhi dell'Incubo,夢魘之眼,梦魇之眼,악몽의 눈,Oczy Koszmaru,Очі Жаху,Nachtmerrieogen,Kabus Gözleri
L_MAT_BURNTSPOON,,Burnt Spoon,焼けたスプーン,Verbrannter Löffel,Cuillère Brûlée,Cuchara Quemada,Colher Queimada,Обгоревшая Ложка,Cucchiaio Bruciato,燒焦的湯匙,烧焦之勺,그을린 숟가락,Przypalona Łyżka,Обгоріла ложка,Verbrande Lepel,Yanık Kaşık
L_MAT_FUCKINGMAGNETS,,!@#$ing Magnets,!@#$ing マグネット,!@#$ing Magnete,!@#$ing Magnets,!@#$ing Magnets,!@#$ing Magnets,!@#$ные Магниты,!@#$ing Magneti,!@#$的磁鐵,!@#$磁铁,!@#$ing 자석,!@#$ing Magnety,!@#$ові Магніти,!@#$ing Magneten,!@#$ing Mıknatıslar
L_MAT_HORSEHEADINABED,,Horse Head in a Bed,馬の頭がベッドに,Pferdekopf im Bett,Tête de Cheval dans un Lit,Cabeza de Caballo en una Cama,Cabeça de Cavalo na Cama,Лошадиная голова в постели,Testa di Cavallo in un Letto,床上的馬頭,床上的马头,침대 위의 말머리,Końska Głowa w Łóżku,Кінська голова в ліжку,Paardenhoofd in een Bed,At Yatakta Kafa
L_MAT_GEMSPIKESHIELDFRAGMENT,,Gemspike Shield Fragment,宝石棘の盾の欠片,Edelsteinstachel-Schildfragment,Fragment de Bouclier Gemspike,Fragmento de Escudo Gempúa,Fragmento de Escudo Gemspike,Фрагмент Самоцветного Щита,Frammento di Scudo Gemspike,寶石尖刺盾牌碎片,宝石尖刺盾牌碎片,보석 가시 방패 파편,Fragment Tarczy Klejnotowej,Фрагмент Щита з Самоцвітними Шипами,Edelsteenpunt Schildfragment,Mücevher Dikenli Kalkan Parçası
L_MAT_FORBIDDENRELICSHARD,,Forbidden Relic Shard,禁断の遺物の欠片,Verbotene Reliksplitter,Éclat de Relique Interdite,Fragmento de Reliquia Prohibida,Fragmento de Relíquia Proibida,Осколок Запретной Реликвии,Frammento di Reliquia Proibita,禁忌遺物碎片,禁忌圣物碎片,금지된 유물 파편,Odłamek Zakazanej Relikwii,Уламок Забороненої Реліквії,Verboden Reliekscherf,Yasaklı Kalıntı Parçası
L_MAT_RIGGEDDIE,,Rigged Die,リギッド・ダイス,Gezinkter Würfel,Dé Truqué,Dado Trucado,Dado Viciado,Краплёная кость,Dado Truccato,動過手腳的骰子,作弊骰子,조작된 주사위,Oszukana Kość,Шулерський кубик,Gemanipuleerde Dobbelsteen,Hileli Zar
L_MAT_MANUALKINETICSPLITTER,,Manual Kinetic Splitter,マニュアル・キネティック・スプリッター,Manueller Kinetischer Spalter,Séparateur Cinétique Manuel,Divisor Cinético Manual,Divisor Cinético Manual,Ручной Кинетический Расщепитель,Separatore Cinetico Manuale,手動動能分裂器,手动动能分裂器,수동 운동 분할기,Ręczny Rozdzielacz Kinetyczny,Ручний Кінетичний Розщеплювач,Handmatige Kinetische Splitter,Manuel Kinetik Ayırıcı
L_MAT_SIGILOFELEMENTASAUR,,Sigil of the Elementasaur,エレメンタザウルの印章,Siegel des Elementasaurus,Sceau de l'Élémentosaure,Sello del Elementasaurio,Sigilo do Elementassauro,Печать Элементазавра,Sigillo dell'Elementasauro,元素龍獸徽印,元素龙魔符,원소공룡의 인장,Pieczęć Elementozaura,Печатка Елементазавра,Zegel van de Elementasaurus,Elementasaur Mührü
L_MAT_SIGILOFMIRELING,,Sigil of the Mireling,ミアリングの印章,Siegel des Schlammbewohners,Sceau du Mireling,Sello del Mireling,Sigilo do Mireling,Печать Мирлинга,Sigillo del Mireling,泥靈印記,蛙灵魔符,미어링의 인장,Pieczęć Moczarnika,Печатка Мірлінга,Zegel van de Mireling,Mireling Mührü
L_MAT_SIGILOFMARIONETTE,,Sigil of the Marionette,操り人形の印,Siegel der Marionette,Sceau de la Marionnette,Sello de la Marioneta,Sigilo do Marionete,Печать Марионетки,Sigillo del Burattino,傀儡印記,提线木偶魔符,꼭두각시의 인장,Pieczęć Marionetki,Печатка Маріонетки,Zegel van de Marionet,Kukla Mührü
L_MAT_TWINGEMS,,Twin Gems,ツインジェム,Zwillingsjuwelen,Gemmes Jumelles,Gemas Gemelas,Gemas Gêmeas,Парные Самоцветы,Gemme Gemelle,雙子寶石,双宝石,쌍둥이 보석,Bliźniacze Klejnoty,Парні Самоцвіти,Tweelingedelstenen,İkiz Mücevherler
L_MAT_ADEPTSTOOLBAG,,Adept's Tool Bag,達人の道具袋,Werkzeugtasche des Adepten,Sacoche d'Outils de l'Adepte,Bolsa de Herramientas del Adepto,Bolsa de Ferramentas do Adepto,Сумка Инструментов Адепта,Borsa degli Attrezzi dell'Adepto,熟練者工具包,能手工具包,숙련자의 도구 가방,Torba Narzędziowa Adepta,Сумка інструментів адепта,Gereedschapstas van de Adept,Usta Alet Çantası
L_MAT_SIGILOFCALUMNIER,,Sigil of the Calumnier,誹謗者の印,Siegel des Verleumders,Sceau du Calomniateur,Sigilo del Calumniador,Sigilo do Caluniador,Печать Клеветника,Sigillo del Calunniatore,誹謗者之印記,诽谤者魔符,비방자의 인장,Pieczęć Oszczercy,Печатка Наклепника,Zegel van de Lasteraar,Karalayıcının Mührü
L_MAT_SIGILOFCATACLYSM,,Sigil of the Cataclysm,大災厄の印章,Siegel der Katastrophe,Sceau du Cataclysme,Sigilo del Cataclismo,Sigilo do Cataclismo,Печать Катаклизма,Sigillo del Cataclisma,大災變之印記,灾变魔符,대재앙의 인장,Pieczęć Kataklizmu,Печатка Катаклізму,Zegel van de Cataclysme,Kıyamet Mührü
L_MAT_SIGILOFEFFIGY,,Sigil of the Effigy,人形の印章,Siegel des Abbilds,Sceau de l'Effigie,Sello del Efigie,Sigilo do Efígie,Печать Подобия,Sigillo dell'Effigie,塑像之印記,雕像魔符,인형의 인장,Pieczęć Podobizny,Печатка Подоби,Zegel van de Beeltenis,Suret Mührü
L_MAT_SIGILOFEGGXOTIC,,Sigil of the Eggxotic,エグゾチックの印章,Siegel des Eggxotischen,Sceau de l'Œufxotique,Sello del Eggxótico,Sigilo do Eggxótico,Печать Яйцзотики,Sigillo dell'Eggxotico,異卵奇珍之印,奇趣蛋魔符,이그조틱의 인장,Pieczęć Jajotyki,Печатка Яйкзотики,Zegel van het Eggxotische,Egzotik Mührü
L_MAT_SIGILOFLUCANIAN,,Sigil of the Lucanian,ルカニアの印章,Siegel der Lucaner,Sceau du Lucanien,Sello de los Lucanianos,Sigilo do Lucaniano,Печать Луканийца,Sigillo del Lucaniano,盧卡尼亞徽印,卢卡尼亚魔符,루카니안의 인장,Pieczęć Lukańska,Печатка Луканіанця,Zegel van de Lucaniër,Lucanian Mührü
L_MAT_SIGILOFUNDERDWELLER,,Sigil of the Underdweller,地下居住者の印章,Siegel des Unterweltlers,Sceau de l'Habitant des Profondeurs,Sello del Morador de las Profundidades,Sigilo do Habitante das Profundezas,Печать Подземника,Sigillo dell'Abitante degli Abissi,地底居者之印記,地底居民魔符,지하거주자의 인장,Pieczęć Podziemnego Mieszkańca,Печатка Підземника,Zegel van de Onderbewoner,Yeraltı Sakini'nin Mührü
L_MAT_SIGILOFROBODOMI,,Sigil of the Robodomi,ロボドミの印章,Siegel der Robodomi,Sceau des Robodomi,Sello de los Robodomi,Sigilo dos Robodomi,Печать Рободоми,Sigillo dei Robodomi,機械統治印記,机器随从魔符,로보도미의 인장,Pieczęć Robodomi,Печатка Рободомі,Zegel van de Robodomi,Robodomi Mührü
L_MAT_SIGILOFSPACECAT,,Sigil of the Spacecat,シギル・オブ・ザ・スペースキャット,Siegel der Weltraumkatze,Sceau du Chat Spatial,Sello del Gatoespacial,Sigilo do Gatoespacial,Печать Космокота,Sigillo dello Spazigatto,太空貓之印記,太空猫魔符,우주고양이의 인장,Pieczęć Kosmokota,Печатка Космокота,Zegel van de Ruimtekat,Uzaykedi Mührü
L_MAT_SIGILOFSPELLJUGGLER,,Sigil of the Spelljuggler,呪文操りの印章,Siegel des Zauberjongleurs,Sceau du Jongleur de Sorts,Sello del Lanzahechizos,Sigilo do Conjurador Arcano,Печать Заклинателя,Sigillo dello Spelljuggler,咒術戲法師之印記,法术杂耍者魔符,주문술사의 인장,Pieczęć Czarozonglerki,Печатка Чаромага,Zegel van de Toversjongleur,Büyü Hokkabazının Mührü
L_MAT_SIGILOFDENIZEN,,Sigil of the Denizen,住人の印章,Siegel des Bewohners,Sceau du Résident,Sello del Habitante,Sigilo do Habitante,Печать Обитателя,Sigillo del Abitante,居民之印記,海民魔符,거주자의 인장,Pieczęć Mieszkańca,Печатка Мешканця,Zegel van de Bewoner,Yerleşimcinin Mührü
