Tag,Notes,English,Japanese,German,French,Spanish,Portuguese,Russian,Italian,Chinese (Traditional),Chinese (Simplified),Korean,Polish,Ukrainian,Dutch,Turkish
L_MASTER_NAME_GODSPAWN,,"Lucius, King of Nex",ルシウス、ネックスの王,"Lucius, König von Nex","Lucius, Roi de Nex","Lucius, Rey de Nex","Lucius, Rei de Nex","Люциус, Король Некса","Lucius, Re di Nex",路西斯，奈克斯之王,卢修斯，奈克斯之王,"루시우스, 넥스의 왕","Lucjusz, Król Neksu","Люціус, Король Нексу","Lucius, Koning van Nex","Lucius, Nex Kralı"
L_MASTER_NAME_ABOMINATION,,Gilbert,ギルバート,Gilbert,Gilbert,Gilbert,Gilbert,Гилберт,Gilbert,吉爾伯特,吉尔伯特,길버트,Gilbert,Гілберт,Gilbert,Gilbert
L_MASTER_NAME_ALEMENTAL,,"Furnace, Brother of Furness",炉(ろ)、ファーネスの兄弟,"Furnace, Bruder von Furness","Fournaise, Frère de Furness","Horno, Hermano de Furness","Fornalha, Irmão de Furness","Печь, Брат Фурнесса","Fornace, Fratello di Furness",熔爐，弗內斯之兄,弗纳斯，弗内斯之兄,"퍼니스, 퍼네스의 형제","Piec, Brat Furnessa","Піч, Брат Фурнесса","Oven, Broeder van Furness","Fırın, Furness'in Kardeşi"
L_MASTER_NAME_AMARANTH,,Jerex,ジェレックス,Jerex,Jerex,Jerex,Jerex,Джерекс,Jerex,傑瑞克斯,杰雷克斯,제렉스,Jerex,Джерекс,Jerex,Jerex
L_MASTER_NAME_AMPHISBAENA,,Leftrin,レフトリン,Leftrin,Leftrin,Leftrin,Leftrin,Лефтрин,Leftrin,萊夫特林,莱福特林,레프트린,Leftrin,Лефтрін,Leftrin,Leftrin
L_MASTER_NAME_ANGEL,,Engelin,エンゲリン,Engelin,Engelin,Engelin,Engelin,Энгелин,Engelin,恩格林,恩格林,엥겔린,Engelin,Енгелін,Engelin,Engel
L_MASTER_NAME_APIS,,Hashir,ハシル,Hashir,Hashir,Hashir,Hashir,Хашир,Hashir,哈希爾,哈希尔,하쉬르,Hashir,Хашир,Hashir,Hashir
L_MASTER_NAME_APOCALYPSE,,Gregnan,グレグナン,Gregnan,Gregnan,Gregnan,Gregnan,Грегнан,Gregnan,格雷格南,格雷格南,그레그난,Gregnan,Грегнан,Gregnan,Gregnan
L_MASTER_NAME_ARACHNALISK,,Jimeous,ジミアス,Jimeous,Jimeous,Jimeous,Jimeous,Джимеус,Jimeous,吉米歐斯,吉米厄斯,지미어스,Jimeous,Джіміус,Jimeous,Jimeous
L_MASTER_NAME_ASPECT,,Tao,タオ,Tao,Tao,Tao,Tao,Тао,Tao,道,道,도,Tao,Тао,Tao,Tao
L_MASTER_NAME_ASURA,,Apok,アポク,Apok,Apok,Apok,Apok,Апок,Apok,阿波克,阿波克,아폭,Apok,Апок,Apok,Apok
L_MASTER_NAME_AUTOMATON,,Marcus,マーカス,Marcus,Marcus,Marcus,Marcus,Маркус,Marcus,馬庫斯,马库斯,마커스,Marcus,Маркус,Marcus,Marcus
L_MASTER_NAME_BANSHEE,,Shai,シャイ,Shai,Shai,Shai,Shai,Шай,Shai,夏伊,夏伊,샤이,Shai,Шай,Shai,Şay
L_MASTER_NAME_BARD,,Fitz,フィッツ,Fitz,Fitz,Fitz,Fitz,Фитц,Fitz,菲茲,菲茨,피츠,Fitz,Фітц,Fitz,Fitz
L_MASTER_NAME_BASILISK,,Searle,サール,Searle,Searle,Searle,Searle,Сёрл,Searle,瑟爾,瑟尔,설,Searle,Серл,Searle,Searle
L_MASTER_NAME_BAT,,Batley,バトリー,Batley,Batley,Batley,Batley,Бэтли,Batley,巴特利,巴特利,배틀리,Batley,Батлі,Batley,Batley
L_MASTER_NAME_OSSEIN,,Graft,接木,Graft,Greffe,Injerto,Enxerto,Привой,Innesto,嫁接,格雷福特,이식,Przeszczep,Прищеплення,Ent,Aşılama
L_MASTER_NAME_BROWNIE,,Buster,バスター,Buster,Buster,Destructor,Destruidor,Бастер,Buster,爆擊,巴斯特,버스터,Pogromca,Бастер,Buster,Buster
L_MASTER_NAME_CARBUNCLE,,Uncle Carb,アンクル・カーブ,Onkel Carb,Oncle Carb,Tío Carb,Tio Carb,Дядя Карб,Zio Carb,卡布叔叔,卡布叔叔,카브 아저씨,Wujek Carb,Дядько Карб,Oom Carb,Amca Carb
L_MASTER_NAME_CARNAGE,,Carnagor,カルナゴル,Carnagor,Carnagor,Carnagor,Carnagor,Карнагор,Carnagor,卡納戈爾,卡纳戈尔,카나고르,Carnagor,Карнагор,Carnagor,Carnagor
L_MASTER_NAME_CARVER,,Dice,ダイス,Würfel,Dés,Dados,Dados,Кости,Dadi,骰子,戴斯,주사위,Kości,Кубики,Dobbelstenen,Zar
L_MASTER_NAME_CENTAUR,,Shun,シュン,Shun,Shun,Shun,Shun,Шун,Shun,瞬,瞬,순,Unikaj,Шун,Mijden,Kaçın
L_MASTER_NAME_CERBERUS,,Yash,ヤシュ,Yash,Yash,Yash,Yash,Яш,Yash,亞許,亚什,야쉬,Yash,Яш,Yash,Yash
L_MASTER_NAME_CLUTCHER,,Gringer,グリンガー,Gringer,Gringer,Gringer,Gringer,Грингер,Gringer,格林傑,格林格,그링거,Gringer,Грінгер,Gringer,Gringer
L_MASTER_NAME_COCKATRICE,,Imba,インバ,Imba,Imba,Imba,Imba,Имба,Imba,超強,伊莫巴,임바,Imba,Імба,Imba,İmba
L_MASTER_NAME_CONCOCTION,,Milmind,ミルマインド,Milmind,Milmind,Milmind,Milmind,Милмайнд,Milmind,米爾心靈,米尔迈德,밀마인드,Milmind,Мілмайнд,Milmind,Milmind
L_MASTER_NAME_CRUNCHER,,Dimos,ディモス,Dimos,Dimos,Dimos,Dimos,Димос,Dimos,迪莫斯,迪莫斯,디모스,Dimos,Дімос,Dimos,Dimos
L_MASTER_NAME_CONSTRUCT,,Monos,モノス,Monos,Monos,Monos,Macacos,Монос,Monos,莫諾斯,莫诺斯,모노스,Monos,Монос,Monos,Monos
L_MASTER_NAME_CRUSADER,,Orlik,オーリク,Orlik,Orlik,Orlik,Orlik,Орлик,Orlik,奧利克,奥利克,올릭,Orlik,Орлик,Orlik,Orlik
L_MASTER_NAME_DEMIGOD,,Raylen,レイレン,Raylen,Raylen,Raylen,Raylen,Райлен,Raylen,雷倫,雷伦,레일렌,Raylen,Райлен,Raylen,Raylen
L_MASTER_NAME_DEVIL,,Ashton,アシュトン,Ashton,Ashton,Ashton,Ashton,Эштон,Ashton,艾希頓,阿什顿,애쉬튼,Ashton,Ештон,Ashton,Ashton
L_MASTER_NAME_DIABOLIC_HORDE,,Woovie,ウーヴィー,Woovie,Woovie,Woovie,Woovie,Вуви,Woovie,烏維,乌维,우비,Woovie,Вуві,Woovie,Woovie
L_MASTER_NAME_DJINN,,Connor,コナー,Connor,Connor,Connor,Connor,Коннор,Connor,康納,康纳,코너,Connor,Коннор,Connor,Connor
L_MASTER_NAME_DOOM_FORTRESS,,Malleville,マルヴィル,Malleville,Malleville,Malleville,Malleville,Маллевиль,Malleville,馬勒維爾,马勒维尔,말레빌,Malleville,Маллевіль,Malleville,Malleville
L_MASTER_NAME_DOOMGUARD,,Thesauram,テザラム,Thesauram,Thesauram,Tesauro,Tesauro,Тезаурум,Tesoro,寶藏庫,瑟沙雷姆,테사람,Skarbiec,Тезаурум,Thesaurus,Hazine
L_MASTER_NAME_DRAGON,,Niklas,ニクラス,Niklas,Niklas,Niklas,Niklas,Никлас,Niklas,尼克拉斯,尼克拉斯,니클라스,Niklas,Ніклас,Niklas,Niklas
L_MASTER_NAME_DRYAD,,Ryd,リド,Ryd,Ryd,Ryd,Ryd,Рид,Ryd,萊德,里德,리드,Ryd,Рід,Ryd,Ryd
L_MASTER_NAME_DUMPLING,,Gelotte,ジェロット,Gelotte,Gelotte,Gelotte,Gelotte,Гелотт,Gelotte,格洛特,盖洛特,젤로트,Gelotte,Гелотте,Gelotte,Gelotte
L_MASTER_NAME_EFREET,,Histor,ヒストル,Histor,Histor,Histor,Histor,Хистор,Histor,希斯托,希斯托,히스토르,Histor,Гістор,Histor,Histor
L_MASTER_NAME_EFT,,Heafy,ヘヴィ,Heafy,Heafy,Heafy,Heafy,Хеафи,Heafy,黑菲,黑菲,헤피,Heafy,Хеафі,Heafy,Heafy
L_MASTER_NAME_ELF,,Jesper,ジェスパー,Jesper,Jesper,Jesper,Jesper,Джеспер,Jesper,傑斯珀,杰斯珀,제스퍼,Jesper,Джеспер,Jesper,Jesper
L_MASTER_NAME_ENT,,Birch,バーチ,Birch,Bouleau,Abedul,Bétula,Береза,Betulla,樺木,比尔彻,자작나무,Brzoza,Береза,Berk,Huş
L_MASTER_NAME_FAMILIAR,,Bayaz,バヤズ,Bayaz,Bayaz,Bayaz,Bayaz,Баяз,Bayaz,巴亞茲,巴亚兹,바야즈,Bayaz,Баяз,Bayaz,Bayaz
L_MASTER_NAME_FIEND,,Arner,アーナー,Arner,Arner,Arner,Arner,Арнер,Arner,阿納,阿纳,아너,Arner,Арнер,Arner,Arner
L_MASTER_NAME_FORSAKEN,,Savine,サヴィン,Savine,Savine,Savine,Savine,Савин,Savine,薩維恩,萨维娜,세빈,Savine,Савіна,Savine,Savine
L_MASTER_NAME_GARGANTUAN,,Drust,ドラスト,Drust,Drust,Drust,Drust,Друст,Drust,德魯斯特,德鲁斯特,드러스트,Drust,Друст,Drust,Drust
L_MASTER_NAME_GARGOYLE,,Goliath,ゴーライアス,Goliath,Goliath,Goliat,Golias,Голиаф,Golia,巨人,高力亚斯,골리앗,Goliat,Голіаф,Goliath,Goliath
L_MASTER_NAME_GEMLING,,Queuebert,キューバート,Queuebert,Queuebert,Queuebert,Queuebert,Квьюберт,Queuebert,排隊伯特,凯尔伯特,큐버트,Queuebert,Квюберт,Queuebert,Queuebert
L_MASTER_NAME_GHOUL,,Glokta,グロクタ,Glokta,Glokta,Glokta,Glokta,Глокта,Glokta,格洛克塔,格洛克塔,글록타,Glokta,Глокта,Glokta,Glokta
L_MASTER_NAME_GIANT,,Gorst,ゴルスト,Gorst,Gorst,Gorst,Gorst,Горст,Gorst,戈斯特,戈斯特,고르스트,Gorst,Горст,Gorst,Gorst
L_MASTER_NAME_GOLEM,,"Orvus, Best Golemancer",オーヴァス、最高のゴーレム術師,"Orvus, Bester Golemmagier","Orvus, Meilleur Golémancien","Orvus, el Mejor Golemante","Orvus, Melhor Golemante","Орвус, Лучший Големант","Orvus, Miglior Golemante",奧維斯，最佳魔像師,奥维斯，最佳傀儡师,"오르부스, 최고의 골렘술사","Orvus, Najlepszy Golemanta","Орвус, Найкращий Големант","Orvus, Beste Golemmeester","Orvus, En İyi Golemci"
L_MASTER_NAME_GORGON,,Zola,ゾラ,Zola,Zola,Zola,Zola,Зола,Zola,佐拉,佐拉,졸라,Zola,Зола,Zola,Zola
L_MASTER_NAME_GRIFFON,,Gryffindor,グリフィンドール,Gryffindor,Gryffondor,Gryffindor,Grifinória,Гриффиндор,Grifondoro,葛萊芬多,格兰芬多,그리핀도르,Gryffindor,Ґрифіндор,Gryffindor,Gryffindor
L_MASTER_NAME_GRIMOIRE,,Lake,湖,Lake,Lac,Lago,Lago,Озеро,Lago,湖泊,瑞克,호수,Jezioro,Озеро,Meer,Göl
L_MASTER_NAME_HARPY,,Jerky,ジャーキー,Jerky,Viande séchée,Cecina,Carne Seca,Вяленое мясо,Carne secca,肉乾,寨克,육포,Suszona wołowina,В'ялене м'ясо,Gedroogd vlees,Kurutulmuş Et
L_MASTER_NAME_HEMOMANCER,,Luv,ラヴ,Luv,Amour,Amor,Amor,Любовь,Amore,愛,路弗,러브,Miłość,Кохання,Liefde,Aşk
L_MASTER_NAME_HOUND,,Bourbon,バーボン,Bourbon,Bourbon,Bourbon,Bourbon,Бурбон,Bourbon,波本威士忌,波尔邦,버번,Burbon,Бурбон,Bourbon,Burbon
L_MASTER_NAME_HUNTER,,Joe,ジョー,Joe,Joe,Joe,Joe,Джо,Joe,喬,乔,조,Joe,Джо,Joe,Joe
L_MASTER_NAME_IMLER,,Rathik,ラシク,Rathik,Rathik,Rathik,Rathik,Ратик,Rathik,拉席克,拉希克,라틱,Rathik,Ратік,Rathik,Rathik
L_MASTER_NAME_IMLING,,Tad,タド,Tad,Tad,Tad,Tad,Тэд,Tad,塔德,塔德,태드,Tad,Тед,Tad,Tad
L_MASTER_NAME_IMP,,Doctor Feelgood,ドクター・フィールグッド,Doctor Feelgood,Docteur Biendujour,Doctor Feelgood,Doutor Bem-Estar,Доктор Кайфовый,Dottor Benessere,妙手仁醫,妙手医生,닥터 필굿,Doktor Radość,Доктор Кайфгуд,Dokter Feelgood,Doktor İyihisset
L_MASTER_NAME_INQUISITOR,,Ridley,リドリー,Ridley,Ridley,Ridley,Ridley,Ридли,Ridley,雷德利,里德利,리들리,Ridley,Рідлі,Ridley,Ridley
L_MASTER_NAME_KOLOSS,,Umbri,アンブリ,Umbri,Umbri,Umbri,Umbri,Умбри,Umbri,暗影族,乌莫比尔,움브리,Umbri,Умбрі,Umbri,Umbri
L_MASTER_NAME_LEECH,,Vesh,ヴェシュ,Vesh,Vesh,Vesh,Vesh,Веш,Vesh,維許,维什,베쉬,Vesh,Веш,Vesh,Vesh
L_MASTER_NAME_LEPER,,Big Ed,ビッグ・エド,Großer Ed,Big Ed,Gran Ed,Grande Ed,Большой Эд,Big Ed,大艾德,大艾德,빅 에드,Wielki Ed,Великий Ед,Grote Ed,Koca Ed
L_MASTER_NAME_LICH,,The Reverend,牧師,Der Pfarrer,Le Révérend,El Reverendo,O Reverendo,Преподобный,Il Reverendo,牧師,教士,목사,Wielebny,Преподобний,De Dominee,Muhterem
L_MASTER_NAME_MANIAC,,Loid's Dad,ロイドの父,Loids Vater,Le père de Loid,Papá de Loid,Pai do Loid,Папа Лоида,Papà di Loid,洛伊德的爸爸,洛伊德的父亲,로이드의 아버지,Tata Loida,Батько Лоїда,Loids Vader,Loid'in Babası
L_MASTER_NAME_MANTICORE,,Reyson,レイソン,Reyson,Reyson,Reyson,Reyson,Рейсон,Reyson,雷森,雷森,레이슨,Reyson,Рейсон,Reyson,Reyson
L_MASTER_NAME_MASOCHIST,,Sceledrus,スケレドルス,Sceledrus,Sceledrus,Sceledrus,Sceledrus,Сцеледрус,Sceledrus,斯凱勒德魯斯,斯凯勒德鲁斯,스켈레드루스,Sceledrus,Скеледрус,Sceledrus,Sceledrus
L_MASTER_NAME_MIMIC,,Humanoid Kraynaks,ヒューマノイド・クレイナク,Humanoide Kraynaks,Kraynak Humanoïdes,Kraynaks Humanoides,Kraynaks Humanoides,Человекоподобные Крайнаки,Kraynaks Umanoidi,人形克雷納克族,人形克雷纳克斯,인간형 크레이낙,Humanoidalne Kraynaki,Людиноподібні Крайнаки,Humanoïde Kraynaks,İnsansı Kraynaklar
L_MASTER_NAME_SOULFLAYER,,Echtrois,エクトロワ,Echtrois,Echtrois,Echtrois,Echtrois,Эхтруа,Echtrois,艾克特洛伊斯,埃克特罗伊斯,에크트로이스,Echtrois,Ехтруа,Echtrois,Echtrois
L_MASTER_NAME_MINOTAUR,,Ogron,オグロン,Ogron,Ogron,Ogron,Ogron,Огрон,Ogron,奧格隆,奥格隆,오그론,Ogron,Огрон,Ogron,Ogron
L_MASTER_NAME_MITE,,Aliphar,アリファー,Aliphar,Aliphar,Aliphar,Aliphar,Алифар,Aliphar,阿利法爾,阿利法尔,알리파,Aliphar,Аліфар,Aliphar,Aliphar
L_MASTER_NAME_MUMMY,,Ixeor,イクセオル,Ixeor,Ixeor,Ixeor,Ixeor,Иксеор,Ixeor,伊克索爾,伊克索尔,익세오르,Ixeor,Іксеор,Ixeor,Ixeor
L_MASTER_NAME_NIX,,Ferra,フェラ,Ferra,Ferra,Ferra,Ferra,Ферра,Ferra,費拉,费拉,페라,Ferra,Ферра,Ferra,Ferra
L_MASTER_NAME_OCCULTIST,,Potrix,ポトリクス,Potrix,Potrix,Potrix,Potrix,Потрикс,Potrix,波特里克斯,波特里克斯,포트릭스,Potrix,Потрікс,Potrix,Potrix
L_MASTER_NAME_OPHAN,,Izor,イゾール,Izor,Izor,Izor,Izor,Изор,Izor,伊佐爾,伊佐尔,이조르,Izor,Ізор,Izor,Izor
L_MASTER_NAME_PARAGON,,Unaxx,ウナックス,Unaxx,Unaxx,Unaxx,Unaxx,Унакс,Unaxx,尤納克斯,尤纳克斯斯,우낙스,Unaxx,Унакс,Unaxx,Unaxx
L_MASTER_NAME_PHASE_WARRIOR,,Ewyn,エウィン,Ewyn,Ewyn,Ewyn,Ewyn,Эвин,Ewyn,伊溫,艾温,이윈,Ewyn,Евін,Ewyn,Ewyn
L_MASTER_NAME_PHOENIX,,Dazzess,ダゼス,Dazzess,Dazzess,Dazzess,Dazzess,Даззесс,Dazzess,達澤斯,达泽斯,다제스,Olśnienie,Даззесс,Verblinding,Kamaştırıcı
L_MASTER_NAME_PILWIZ,,Slash,斬る,Slash,Taillade,Tajo,Corte,Рубящий удар,Fendente,斬擊,斯拉涉,베기,Cięcie,Розріз,Slag,Kesme
L_MASTER_NAME_PIT_WORM,,Zinud,ジヌド,Zinud,Zinud,Zinud,Zinud,Зинуд,Zinud,辛努德,齐努德,지누드,Zinud,Зінуд,Zinud,Zinud
L_MASTER_NAME_PIT_WRAITH,,Brithyr,ブリサー,Brithyr,Brithyr,Brithyr,Brithyr,Бритир,Brithyr,布里瑟爾,布里瑟尔,브리시르,Brithyr,Брітір,Brithyr,Brithyr
L_MASTER_NAME_PLAGUE_DOCTOR,,Doctor Negative,ドクター・ネガティブ,Doktor Negativ,Docteur Négatif,Doctor Negativo,Doutor Negativo,Доктор Негатив,Dottor Negativo,負極博士,涅格提弗博士,닥터 네거티브,Doktor Negatyw,Доктор Негатив,Dokter Negatief,Doktor Negatif
L_MASTER_NAME_PRIEST,,Father Daddson,ファーザー・ダッドソン,Vater Daddson,Père Daddson,Padre Daddson,Padre Daddson,Отец Даддсон,Padre Daddson,達德森神父,达德森神父,대디슨 신부,Ojciec Daddson,Отець Дедсон,Vader Daddson,Baba Daddson
L_MASTER_NAME_RAVEN,,Dyvys,ディヴィス,Dyvys,Dyvys,Dyvys,Dyvys,Дивис,Dyvys,迪維斯,迪维斯,디비스,Dyvys,Дивись,Dyvys,Dyvys
L_MASTER_NAME_REAPER,,Brindrid,ブリンドリッド,Brindrid,Brindrid,Brindrid,Brindrid,Бриндрид,Brindrid,布林德里德,布林德里德,브린드리드,Brindrid,Бріндрід,Brindrid,Brindrid
L_MASTER_NAME_REVENANT,,Brashen,ブラシェン,Brashen,Brashen,Brashen,Brashen,Брашен,Brashen,布拉申,布拉申,브라센,Brashen,Брашен,Brashen,Brashen
L_MASTER_NAME_RIFT_DANCER,,Zarveo,ザルヴェオ,Zarveo,Zarveo,Zarveo,Zarveo,Зарвео,Zarveo,札維歐,扎维奥,자르베오,Zarveo,Зарвео,Zarveo,Zarveo
L_MASTER_NAME_SALAMANDER,,Jaytir,ジェイティア,Jaytir,Jaytir,Jaytir,Jaytir,Джейтир,Jaytir,傑提爾,杰提尔,제이티르,Jaytir,Джейтір,Jaytir,Jaytir
L_MASTER_NAME_SANCTUS,,Edo,江戸,Edo,Edo,Edo,Edo,Эдо,Edo,江戶,伊多,에도,Edo,Едо,Edo,Edo
L_MASTER_NAME_SATYR,,Henrick,ヘンリック,Henrick,Henrick,Henrick,Henrick,Хенрик,Henrick,亨瑞克,亨里克,헨릭,Henrick,Генрік,Henrick,Henrick
L_MASTER_NAME_SEA_SHAMBLER,,Stark,スターク,Stark,Stark,Stark,Stark,Старк,Stark,史塔克,斯塔克,스타크,Stark,Старк,Stark,Stark
L_MASTER_NAME_SERAPH,,Irinth,イリンス,Irinth,Irinth,Irinth,Irinth,Иринт,Irinth,伊琳絲,伊林斯,이린스,Irinth,Ірінт,Irinth,Irinth
L_MASTER_NAME_SHADE,,Mort,モート,Mort,Mort,Mort,Morte,Морт,Mort,莫特,莫特,모트,Mort,Морт,Dood,Ölüm
L_MASTER_NAME_SHADOW,,Roland,ローランド,Roland,Roland,Roland,Roland,Роланд,Roland,羅蘭,罗兰,롤랜드,Roland,Роланд,Roland,Roland
L_MASTER_NAME_SHAPESHIFTER,,Rensole,レンソル,Rensole,Rensole,Rensole,Rensole,Ренсоул,Rensole,倫索爾,伦索尔,렌솔,Rensole,Ренсоул,Rensole,Rensole
L_MASTER_NAME_SIN,,Damien,ダミアン,Damien,Damien,Damien,Damien,Дэмиен,Damien,達米恩,达米恩,데미언,Damien,Даміен,Damien,Damien
L_MASTER_NAME_SIREN,,Anders,アンダース,Anders,Anders,Anders,Anders,Андерс,Anders,安德斯,安德斯,안더스,Anders,Андерс,Anders,Anders
L_MASTER_NAME_SKELETON,,Axl,アクスル,Axl,Axl,Axl,Axl,Аксл,Axl,艾克索,阿克斯尔,액슬,Axl,Аксл,Axl,Axl
L_MASTER_NAME_SLIME,,Slippy,スリッピー,Rutschig,Glissant,Resbaladizo,Escorregadio,Скользкий,Scivoloso,滑溜,斯利皮,미끄러운,Śliski,Слизький,Glibberig,Kaygan
L_MASTER_NAME_SMITH,,Olof,オロフ,Olof,Olof,Olof,Olof,Олоф,Olof,奧洛夫,奥洛夫,올로프,Olof,Олоф,Olof,Olof
L_MASTER_NAME_SMOG,,Menos,メノス,Menos,Menos,Menos,Menos,Менос,Menos,梅諾斯,梅诺斯,메노스,Menos,Менос,Menos,Menos
L_MASTER_NAME_SNAPTRAP,,Torne,トルネ,Torne,Torne,Torne,Torne,Торне,Torne,托恩,托恩,토르네,Torne,Торне,Torne,Torne
L_MASTER_NAME_SPARKTAIL,,Phan,ファン,Phan,Phan,Phan,Phan,Фан,Phan,范,凡,판,Phan,Фан,Phan,Phan
L_MASTER_NAME_SPECTRE,,Remane,リネーム,Remane,Renommer,Renombrar,Renomear,Переименовать,Rinomina,重命名,雷曼尼,이름 변경,Zmień nazwę,Перейменувати,Hernoemen,Yeniden Adlandır
L_MASTER_NAME_SPHINX,,Leonault,レオノルト,Leonault,Leonault,Leonault,Leonault,Леонольт,Leonault,雷諾特,莱诺特,레오놀트,Leonault,Леонольт,Leonault,Leonault
L_MASTER_NAME_SPIRIT,,Muse,ミューズ,Muse,Muse,Musa,Musa,Муза,Musa,繆思,缪斯,뮤즈,Muza,Муза,Muze,İlham Perisi
L_MASTER_NAME_STAG,,Folo,フォロ,Folo,Folo,Folo,Folo,Фоло,Folo,福羅,福洛,폴로,Folo,Фоло,Folo,Folo
L_MASTER_NAME_STORM,,Stromblad,ストロムブラッド,Stromblad,Stromblad,Stromblad,Stromblad,Стромблад,Stromblad,風刃,斯特龙布拉德,스트롬블라드,Stromblad,Стромблад,Stromblad,Stromblad
L_MASTER_NAME_TOXDWELLER,,Aener,エイナー,Aener,Aener,Aener,Aener,Аэнер,Aener,艾納,艾纳,에이너,Aener,Аенер,Aener,Aener
L_MASTER_NAME_TREMOR,,Delice,デリス,Delice,Délice,Delicia,Delice,Делис,Delizia,德莉絲,德莱斯,델리스,Delice,Насолода,Delice,Madness
L_MASTER_NAME_TROLL,,Karm,カーム,Karm,Karm,Karm,Karm,Карм,Karm,卡姆,卡姆,카름,Karm,Карм,Karm,Karm
L_MASTER_NAME_UNGUIDED,,Sjunnesson,シュンネソン,Sjunnesson,Sjunnesson,Sjunnesson,Sjunnesson,Шуннессон,Sjunnesson,舒內森,舒内松,Sjunnesson,Sjunnesson,Шуннессон,Sjunnesson,Sjunnesson
L_MASTER_NAME_UNICORN,,Vitali,ヴィタリ,Vitali,Vitali,Vitali,Vitali,Витали,Vitali,維塔利,维塔利,비탈리,Vitali,Віталій,Vitali,Vitali
L_MASTER_NAME_VALKYRIE,,Althea,アルテア,Althea,Althea,Althea,Althea,Альтея,Althea,阿爾西亞,阿尔西娅,알테아,Althea,Альтея,Althea,Althea
L_MASTER_NAME_VOIDLORD,,Shuulmoth,シュールモス,Shuulmoth,Shuulmoth,Shuulmoth,Shuulmoth,Шуульмот,Shuulmoth,舒爾莫斯,舒尔莫斯,슐모스,Shuulmoth,Шуульмот,Shuulmoth,Shuulmoth
L_MASTER_NAME_VORTEX,,Breeze,そよ風,Breeze,Brise,Brisa,Brisa,Бриз,Brezza,微風,布瑞泽,미풍,Podmuch,Бриз,Bries,Esinti
L_MASTER_NAME_VULPES,,Benedict,ベネディクト,Benedict,Benedict,Benedict,Benedict,Бенедикт,Benedict,班尼迪克特,本尼迪克特,베네딕트,Benedict,Бенедикт,Benedict,Benedict
L_MASTER_NAME_WASPID,,Auran,オーラン,Auran,Auran,Auran,Auran,Ауран,Auran,奧蘭,奥兰,아우란,Auran,Ауран,Auran,Auran
L_MASTER_NAME_WATCHER,,Seuzan,スーザン,Seuzan,Seuzan,Seuzan,Seuzan,Сеузан,Seuzan,蘇贊,苏赞,수잔,Seuzan,Сеузан,Seuzan,Seuzan
L_MASTER_NAME_WIGHT,,Jawack,ジャワック,Jawack,Jawack,Jawack,Jawack,Джавак,Jawack,賈瓦克,贾瓦克,자왁,Jawack,Джавак,Jawack,Jawack
L_MASTER_NAME_WISP,,Verdun,ヴェルダン,Verdun,Verdun,Verdun,Verdun,Верден,Verdun,凡爾登,凡尔登,베르덩,Verdun,Верден,Verdun,Verdun
L_MASTER_NAME_WOLPERTINGER,,Nimet,ニメット,Nimet,Nimet,Nimet,Nimet,Нимет,Nimet,尼梅特,尼梅特,니멧,Nimet,Німет,Nimet,Nimet
L_MASTER_NAME_WYVERN,,Therron,セロン,Therron,Therron,Therron,Therron,Террон,Therron,瑟隆,塞隆,테론,Therron,Террон,Therron,Therron
L_MASTER_NAME_YETI,,Bjorn,ビョルン,Bjorn,Bjorn,Bjorn,Bjorn,Бьорн,Bjorn,比約恩,比约恩,비욘,Bjorn,Бйорн,Bjorn,Bjorn
L_MASTER_NAME_ANIMATION,,Obert,オベルト,Obert,Obert,Obert,Obert,Оберт,Obert,奧伯特,奥伯特,오버트,Obert,Оберт,Obert,Obert
L_MASTER_NAME_ARBITER,,Clovis,クロヴィス,Clovis,Clovis,Clovis,Clovis,Кловис,Clovis,克洛維斯,克洛维斯,클로비스,Clovis,Кловіс,Clovis,Clovis
L_MASTER_NAME_BEACON,,Pepi,ペピ,Pepi,Pepi,Pepi,Pepi,Пепи,Pepi,佩皮,佩皮,페피,Pepi,Пепі,Pepi,Pepi
L_MASTER_NAME_CHERUB,,Claas,クラース,Claas,Claas,Claas,Claas,Клаас,Claas,克拉斯,克拉斯,클라스,Claas,Клаас,Claas,Claas
L_MASTER_NAME_CHIMERA,,Bekhud,ベクフド,Bekhud,Bekhud,Bekhud,Bekhud,Бехуд,Bekhud,貝庫德,贝库德,베쿠드,Bekhud,Бехуд,Bekhud,Bekhud
L_MASTER_NAME_CLOCKWORK,,Aizur,アイザー,Aizur,Aizur,Aizur,Aizur,Айзур,Aizur,艾祖爾,艾祖尔,아이주르,Aizur,Айзур,Aizur,Aizur
L_MASTER_NAME_ELECTROPOD,,Gren,グレン,Gren,Gren,Gren,Gren,Грен,Gren,格倫,格伦,그렌,Gren,Ґрен,Gren,Gren
L_MASTER_NAME_FAE,,Sylphe,シルフ,Sylphe,Sylphe,Sylphe,Sylphe,Сильфа,Sylphe,希爾芙,希尔芙,실프,Sylphe,Сильфа,Sylphe,Sylphe
L_MASTER_NAME_KRAKEN,,Wim,ウィム,Wim,Wim,Wim,Wim,Вим,Wim,威姆,维姆,윔,Wim,Вім,Wim,Wim
L_MASTER_NAME_LUCKMANTRIA,,Vuth,ヴス,Vuth,Vuth,Vuth,Vuth,Вут,Vuth,沃斯,沃斯,부스,Vuth,Вут,Vuth,Vuth
L_MASTER_NAME_MODRON,,Sotvis,ソトヴィス,Sotvis,Sotvis,Sotvis,Sotvis,Сотвис,Sotvis,索特維斯,索特维斯,소트비스,Sotvis,Сотвіс,Sotvis,Sotvis
L_MASTER_NAME_MYTHICANT,,Gir,ギル,Gir,Gir,Gir,Gir,Гир,Gir,吉爾,吉尔,기르,Gir,Гір,Gir,Gir
L_MASTER_NAME_NIHILIST,,Honas,ホナス,Honas,Honas,Honas,Honas,Хонас,Honas,霍納斯,霍纳斯,호나스,Honas,Гонас,Honas,Honas
L_MASTER_NAME_NEPHILIM,,Diablo,ディアブロ,Diablo,Diablo,Diablo,Diablo,Диабло,Diablo,暗黑破壞神,迪亚布罗,디아블로,Diablo,Диябло,Diablo,Diablo
L_MASTER_NAME_SPELLMANE,,Vindeliar,ヴィンデリアー,Vindeliar,Vindeliar,Vindeliar,Vindeliar,Винделиар,Vindeliar,溫德利亞,温德利亚,빈델리아르,Vindeliar,Вінделіар,Vindeliar,Vindeliar
L_MASTER_NAME_URALOS,,Chum,チャム,Chum,Pote,Carnada,Camarada,Чувак,Amico,夥伴,刹姆,친구,Kumpel,Кореш,Makker,Ahbap
L_MASTER_NAME_CALUMNIER,,Lysandre,リザードン,Lysandre,Lysandre,Lysandre,Lysandre,Лисандр,Lysandre,雷桑德,利桑德,리산드르,Lysandre,Лісандр,Lysandre,Lysandre
L_MASTER_NAME_CATACLYSM,,Veydris,ヴェイドリス,Veydris,Veydris,Veydris,Veydris,Вейдрис,Veydris,維德里斯,维德里斯,베이드리스,Veydris,Вейдріс,Veydris,Veydris
L_MASTER_NAME_EFFIGY,,Gideon,ギデオン,Gideon,Gideon,Gideon,Gideon,Гидеон,Gideon,吉迪恩,吉迪恩,기디언,Gideon,Гідеон,Gideon,Gideon
L_MASTER_NAME_EGGXOTIC,,Yolkina,ヨルキナ,Yolkina,Yolkina,Yolkina,Yolkina,Йолкина,Yolkina,約爾金娜,约尔基娜,욜키나,Yolkina,Йолкіна,Yolkina,Yolkina
L_MASTER_NAME_LUCANIAN,,Myxus,ミクサス,Myxus,Myxus,Myxus,Myxus,Миксус,Myxus,米克瑟斯,米克苏斯,믹서스,Myxus,Міксус,Myxus,Myxus
L_MASTER_NAME_MARIONETTE,,Phantril,ファントリル,Phantril,Phantril,Phantril,Phantril,Фантрил,Phantril,范特里爾,凡特里尔,판트릴,Phantril,Фантріл,Phantril,Phantril
L_MASTER_NAME_ROBODOMI,,Machinist K-42,マシニストK-42,Maschinist K-42,Machiniste K-42,Maquinista K-42,Maquinista K-42,Механик K-42,Macchinista K-42,機械師K-42,机械师K-42,기계공 K-42,Mechanik K-42,Механік K-42,Machinist K-42,Makinist K-42
L_MASTER_NAME_SPACECAT,,Felindra,フェリンドラ,Felindra,Felindra,Felindra,Felindra,Фелиндра,Felindra,費琳德拉,费琳德拉,펠린드라,Felindra,Феліндра,Felindra,Felindra
L_MASTER_NAME_SPELLJUGGLER,,Trisand,トリサンド,Trisand,Trisand,Trisand,Trisand,Трисанд,Trisand,特里桑德,特里桑德,트리샌드,Trisand,Трісанд,Trisand,Trisand
L_MASTER_NAME_ELEMENTASAUR,,Ryzon,ライゾン,Ryzon,Ryzon,Ryzon,Ryzon,Райзон,Ryzon,萊森,莱森,라이존,Ryzon,Різон,Ryzon,Ryzon
L_MASTER_NAME_MIRELING,,Glauca,グラウカ,Glauca,Glauca,Glauca,Glauca,Глаука,Glauca,格勞卡,格劳卡,글라우카,Glauca,Глаука,Glauca,Glauca
L_MASTER_NAME_UNDERDWELLER,,Xypher,ザイファー,Xypher,Xypher,Xypher,Xypher,Ксифер,Xypher,賽弗爾,赛弗尔,자이퍼,Xypher,Ксифер,Xypher,Xypher
L_MASTER_NAME_WARHOG,,Zotar,ゾーター,Zotar,Zotar,Zotar,Zotar,Зотар,Zotar,佐塔爾,佐塔尔,조타르,Zotar,Зотар,Zotar,Zotar
L_MASTER_DIALOG_ABOMINATION,,Abominations excel at exploiting the weak and vulnerable. Let me show you how it's done!,忌むべき者どもは弱者や無防備な者を食い物にするのが得意だ。やり方を見せてやろう！,"Abscheulichkeiten sind Meister darin, die Schwachen und Verwundbaren auszunutzen. Lass mich dir zeigen, wie das geht!",Les Abominations excellent à exploiter les faibles et les vulnérables. Laisse-moi te montrer comment on fait !,Las abominaciones son expertas en explotar a los débiles y vulnerables. ¡Déjame mostrarte cómo se hace!,Abominações são excelentes em explorar os fracos e vulneráveis. Deixe-me mostrar como se faz!,"Мерзости отлично умеют использовать слабых и уязвимых. Позволь мне показать, как это делается!",Le abominazioni eccellono nello sfruttare i deboli e i vulnerabili. Lascia che ti mostri come si fa!,憎惡生物擅長利用弱者和脆弱者。讓我來示範給你看！,憎恶擅长利用弱者和脆弱的人。让我来给你演示一下怎么做！,혐오스러운 존재들은 약하고 취약한 자들을 이용하는 데 능숙하지. 내가 어떻게 하는지 보여주마!,"Abominacje doskonale wykorzystują słabych i bezbronnych. Pozwól, że pokażę ci, jak to się robi!","Мерзоти чудово вміють використовувати слабких і вразливих. Дозвольте показати вам, як це робиться!",Gruwelen blinken uit in het uitbuiten van de zwakken en kwetsbaren. Laat me je laten zien hoe het gedaan wordt!,Ucubeler zayıf ve savunmasız olanları sömürmekte ustadır. Sana bunun nasıl yapıldığını göstereyim!
L_MASTER_DIALOG_ALEMENTAL,,"Alementals are... well, they don't have much in the way of a unifying theme across the entire race, but they DO urinate booze on command, so there's that. Care for a round? It's on me.",アレメンタルは…まあ、種族全体を通じて統一されたテーマはあまりないんだけど、命令一つでアルコール飲料を排尿できるという特徴はある。一杯どう？おごるよ。,"Alementale sind... nun, sie haben nicht wirklich ein einheitliches Thema, das die gesamte Rasse verbindet, aber sie können auf Kommando Alkohol pinkeln, also gibt es das. Lust auf eine Runde? Geht auf mich.","Les Alémentaux sont... eh bien, ils n'ont pas vraiment de thème unificateur à travers toute leur race, mais ils PEUVENT uriner de l'alcool sur commande, donc voilà. Envie d'une tournée ? C'est moi qui régale.","Los Alementales son... bueno, no tienen mucho en cuanto a un tema unificador en toda la raza, pero SÍ orinan alcohol a voluntad, así que eso es algo. ¿Te apetece una ronda? Yo invito.","Os Alementais são... bem, eles não têm muito em termos de um tema unificador em toda a raça, mas eles SIM urinam bebida alcoólica sob comando, então tem isso. Aceita uma rodada? É por minha conta.","Алементали... ну, у них не особо есть объединяющая тема для всей расы, но они ДЕЙСТВИТЕЛЬНО могут мочиться алкоголем по команде, так что вот. Хочешь выпить? Я угощаю.","Gli Alementali sono... beh, non hanno molto in termini di tema unificante per tutta la razza, ma POSSONO urinare alcolici a comando, quindi c'è questo. Gradisci un giro? Offro io.",元素精靈嘛...好吧，整個種族並沒有什麼統一的特徵，但他們確實能夠隨意排出酒精，這點倒是真的。要來一杯嗎？這輪我請客。,酒灵嘛……好吧，整个种族并没有什么统一的特征，但他们确实能随时随地尿出酒来，就这点来说还是不错的。要来一杯吗？这轮我请客。,"알레멘탈은... 음, 그들은 전체 종족을 아우르는 통일된 테마가 별로 없지만, 명령에 따라 술을 소변으로 배출할 수 있다는 특징이 있어. 한 잔 할래? 내가 쏠게.","Alementale są... cóż, nie mają zbyt wiele wspólnych cech jako rasa, ale ZA TO potrafią na żądanie oddawać mocz w postaci alkoholu, więc to zawsze coś. Chcesz kolejkę? Stawiam.","Алементалі... ну, у них не дуже багато спільних рис для всієї раси, але вони МОЖУТЬ мочитися алкоголем за бажанням, тож це вже щось. Бажаєте випити? Я пригощаю.","Alementals zijn... nou ja, ze hebben niet echt een verenigend thema voor het hele ras, maar ze kunnen WEL op commando alcohol plassen, dus dat is iets. Zin in een rondje? Het is van mij.","Alementaller... şey, tüm ırk boyunca birleştirici bir temalara pek sahip değiller, ama istedikleri zaman alkol işeyebiliyorlar, yani bu var. Bir kadeh ister misin? Benden olsun."
L_MASTER_DIALOG_AMARANTH,,Amaranths have the best defense of any race in all of Rodia! Think you can beat me? I'll bet your creatures can't even scratch mine!,アマランスは、ロディア全土のどの種族よりも最高の防御力を持っているんだ！私に勝てると思う？あなたの生物は私のに傷一つつけられないだろうね！,"Amaranths haben die beste Verteidigung aller Völker in ganz Rodia! Glaubst du, du kannst mich besiegen? Ich wette, deine Kreaturen können meinen nicht mal einen Kratzer zufügen!",Les Amarantes ont la meilleure défense de toutes les races de Rodia ! Tu crois pouvoir me battre ? Je parie que tes créatures ne peuvent même pas égratigner les miennes !,¡Los Amarantos tienen la mejor defensa de cualquier raza en todo Rodia! ¿Crees que puedes vencerme? ¡Apuesto a que tus criaturas ni siquiera pueden rasguñar a las mías!,Os Amarantos têm a melhor defesa de qualquer raça em toda Rodia! Acha que pode me vencer? Aposto que suas criaturas nem conseguem arranhar as minhas!,"Амаранты обладают лучшей защитой среди всех рас во всей Родии! Думаешь, сможешь победить меня? Спорим, твои существа даже не поцарапают моих!",Gli Amaranti hanno la miglior difesa di qualsiasi razza in tutta Rodia! Pensi di potermi battere? Scommetto che le tue creature non riusciranno nemmeno a scalfire le mie!,紫莧花族是洛迪亞所有種族中防禦力最強的！你以為你能打敗我嗎？我敢打賭你的生物甚至連我的都傷不了！,长生花是罗迪亚大陆上防御力最强的种族！你以为你能打败我？我敢打赌你的生物甚至连我的都抓不伤！,아마란스는 로디아 전역에서 어떤 종족보다도 최고의 방어력을 가지고 있어! 날 이길 수 있다고 생각해? 네 생물들은 내 것에 상처 하나 낼 수 없을 걸!,"Amaranty mają najlepszą obronę ze wszystkich ras w całej Rodii! Myślisz, że możesz mnie pokonać? Założę się, że twoje stworzenia nawet nie zadrapią moich!","Амаранти мають найкращий захист серед усіх рас у всій Родії! Думаєш, ти зможеш мене перемогти? Закладаюся, твої істоти навіть подряпати моїх не зможуть!",Amaranten hebben de beste verdediging van alle rassen in heel Rodia! Denk je dat je me kunt verslaan? Ik wed dat jouw wezens de mijne niet eens kunnen krabben!,"Amarantlar, tüm Rodia'daki herhangi bir ırktan daha iyi savunmaya sahip! Beni yenebileceğini mi düşünüyorsun? Bahse girerim senin yaratıkların benimkileri çizemez bile!"
L_MASTER_DIALOG_AMPHISBAENA,,"Amphisbaenas like to do everything twice. Probably because they have two heads with two independent yet agreeable minds. Here, let me show you!",アンフィスバエナは何でも二度やるのが好きだ。おそらく、二つの独立しているが互いに調和した心を持つ二つの頭があるからだろう。ほら、見せてあげよう！,"Amphisbaenen machen alles gerne zweimal. Wahrscheinlich weil sie zwei Köpfe mit zwei unabhängigen, aber einvernehmlichen Gedanken haben. Hier, lass es mich dir zeigen!","Les amphisbènes aiment tout faire deux fois. Probablement parce qu'ils ont deux têtes avec deux esprits indépendants mais compatibles. Tiens, laisse-moi te montrer !","Las anfisbenas les gusta hacer todo dos veces. Probablemente porque tienen dos cabezas con dos mentes independientes pero compatibles. ¡Aquí, déjame mostrarte!","Anfisbenas gostam de fazer tudo duas vezes. Provavelmente porque têm duas cabeças com duas mentes independentes, porém concordantes. Aqui, deixe-me mostrar a você!","Амфисбены любят делать всё дважды. Вероятно, потому что у них две головы с двумя независимыми, но дружными разумами. Смотри, сейчас я тебе покажу!","Le anfisbene amano fare tutto due volte. Probabilmente perché hanno due teste con due menti indipendenti ma concordi. Ecco, lascia che te lo dimostri!",雙頭蛇喜歡把每件事都做兩次。可能是因為牠們有兩個頭，各自擁有獨立卻能和睦相處的思維。來，讓我示範給你看！,双头蛇喜欢把每件事都做两遍。可能是因为它们有两个头，拥有两个独立却又和谐一致的思想。来，让我给你演示一下！,"암피스바에나는 모든 것을 두 번씩 하는 것을 좋아합니다. 아마도 두 개의 독립적이면서도 서로 동의하는 정신을 가진 두 개의 머리를 가지고 있기 때문일 겁니다. 자, 제가 보여드리죠!","Amfisbeny lubią robić wszystko dwa razy. Prawdopodobnie dlatego, że mają dwie głowy z dwoma niezależnymi, ale zgodnymi umysłami. Tutaj, pozwól, że ci pokażę!","Амфісбени люблять робити все двічі. Мабуть, тому що в них дві голови з двома незалежними, але злагодженими розумами. Ось, дозвольте мені показати!","Amphisbaena's doen alles graag twee keer. Waarschijnlijk omdat ze twee hoofden hebben met twee onafhankelijke maar eensgezinde geesten. Hier, laat me het je laten zien!","Amfisbenalar her şeyi iki kez yapmayı severler. Muhtemelen iki bağımsız ama uyumlu zihne sahip iki kafaları olduğu için. Dur, sana göstereyim!"
L_MASTER_DIALOG_ANGEL,,"Many people scoff at Angels, believing they're too basic to be useful in battle. I'll show everyone just how wrong they are. Let's start with you!",多くの人々は天使を馬鹿にし、戦闘で役に立つには基本的すぎると思っています。彼らがどれだけ間違っているか、みんなに見せてやるわ。まずはあなたから始めましょう！,"Viele Leute spotten über Engel und glauben, sie seien zu simpel, um im Kampf nützlich zu sein. Ich werde allen zeigen, wie falsch sie damit liegen. Fangen wir mit dir an!","Beaucoup de gens se moquent des Anges, croyant qu'ils sont trop basiques pour être utiles au combat. Je vais montrer à tout le monde à quel point ils se trompent. Commençons par toi !","Muchos se burlan de los Ángeles, creyendo que son demasiado básicos para ser útiles en batalla. Les demostraré a todos lo equivocados que están. ¡Empecemos contigo!","Muitas pessoas zombam dos Anjos, acreditando que são básicos demais para serem úteis em batalha. Vou mostrar a todos como estão errados. Vamos começar com você!","Многие насмехаются над Ангелами, считая их слишком простыми, чтобы быть полезными в бою. Я покажу всем, насколько они ошибаются. Начнём с тебя!","Molti deridono gli Angeli, credendo che siano troppo semplici per essere utili in battaglia. Mostrerò a tutti quanto si sbagliano. Cominciamo con te!",許多人嘲笑天使，認為他們在戰鬥中太過基礎而無用。我會讓所有人知道他們錯得有多離譜。就從你開始吧！,很多人嗤笑天使，认为它们太过基础，在战斗中没什么用处。我会让所有人看看他们错得有多离谱。就从你开始吧！,"많은 사람들이 천사들을 비웃으며, 전투에서 너무 기본적이라 쓸모없다고 생각합니다. 그들이 얼마나 틀렸는지 모두에게 보여주겠어요. 당신부터 시작하죠!","Wielu ludzi szydzi z Aniołów, wierząc, że są zbyt podstawowi, by być użyteczni w walce. Pokażę wszystkim, jak bardzo się mylą. Zacznijmy od ciebie!","Багато хто глузує з Ангелів, вважаючи їх надто простими, щоб бути корисними в бою. Я покажу всім, наскільки вони помиляються. Почнемо з тебе!","Veel mensen lachen om Engelen, omdat ze denken dat ze te simpel zijn om nuttig te zijn in gevechten. Ik zal iedereen laten zien hoe verkeerd ze zitten. Laten we bij jou beginnen!","Birçok kişi Melekleri küçümser, savaşta kullanışlı olmak için çok basit olduklarını düşünür. Herkese ne kadar yanıldıklarını göstereceğim. Senden başlayalım!"
L_MASTER_DIALOG_APIS,,"Apises are formidable in both offense and defense, making them some of the toughest creatures you'll find. Let's have a quick duel so you can experience what I'm talking about first-hand!",アピスは攻撃と防御の両方に優れており、最も手強い生物の一つとなっています。私が言っていることを直接体験できるよう、簡単な模擬戦をしましょう！,"Apises sind sowohl in Angriff als auch in Verteidigung beeindruckend, was sie zu einigen der härtesten Kreaturen macht, denen du begegnen wirst. Lass uns ein schnelles Duell austragen, damit du aus erster Hand erfahren kannst, wovon ich spreche!","Les Apises sont redoutables tant en attaque qu'en défense, ce qui en fait certaines des créatures les plus coriaces que vous rencontrerez. Faisons un petit duel pour que vous puissiez expérimenter ce dont je parle par vous-même !","Los Apises son formidables tanto en ataque como en defensa, lo que los convierte en algunas de las criaturas más difíciles que encontrarás. ¡Tengamos un duelo rápido para que puedas experimentar de primera mano de lo que estoy hablando!","As Apises são formidáveis tanto no ataque quanto na defesa, tornando-as algumas das criaturas mais difíceis que você encontrará. Vamos fazer um duelo rápido para que você possa experimentar em primeira mão o que estou falando!","Аписы грозны как в нападении, так и в защите, что делает их одними из самых опасных существ, с которыми вы столкнетесь. Давайте проведем быстрый поединок, чтобы вы могли лично убедиться в том, о чем я говорю!","Le Apisi sono formidabili sia in attacco che in difesa, il che le rende tra le creature più difficili da affrontare. Facciamo un rapido duello così potrai sperimentare di persona ciò di cui sto parlando!",阿皮斯既擅長攻擊又精通防禦，使牠們成為你會遇到的最強悍生物之一。讓我們來場快速的決鬥，這樣你就能親身體驗我所說的一切！,阿匹斯既擅长进攻又擅长防御，它们将是你遇到的最强大的生物之一。让我们来一场快速的决斗，这样你就能亲身体验我所说的情况！,아피스들은 공격과 방어 모두에서 강력하여 당신이 만날 수 있는 가장 강한 생물 중 하나입니다. 제가 말하는 것을 직접 경험할 수 있도록 빠른 결투를 해봅시다!,"Apisy są potężne zarówno w ataku, jak i obronie, co czyni je jednymi z najtrudniejszych stworzeń, jakie napotkasz. Przeprowadźmy szybki pojedynek, żebyś mógł przekonać się o tym na własnej skórze!","Апіси грізні як у нападі, так і в захисті, що робить їх одними з найсильніших істот, яких ви зустрінете. Давайте проведемо швидку дуель, щоб ви могли на власному досвіді переконатися в тому, про що я кажу!","Apises zijn geducht in zowel aanval als verdediging, waardoor ze behoren tot de taaiste wezens die je zult tegenkomen. Laten we een kort duel houden zodat je uit eerste hand kunt ervaren waar ik het over heb!","Apisler hem saldırıda hem savunmada müthiştir, bu da onları karşılaşacağın en zorlu yaratıklardan biri yapar. Hadi, bahsettiğim şeyi ilk elden deneyimlemen için hızlı bir düello yapalım!"
L_MASTER_DIALOG_APOCALYPSE,,"Apocalypses grow exponentially more powerful as the battle drags on. If you want to defeat me, you'll have to do it fast!",黙示録は戦闘が長引くにつれて指数関数的に強くなっていく。私を倒したいなら、素早くやらなければならないぞ！,"Apokalypsen werden exponentiell mächtiger, je länger der Kampf andauert. Wenn du mich besiegen willst, musst du es schnell tun!","Les Apocalypses deviennent exponentiellement plus puissantes à mesure que le combat s'éternise. Si tu veux me vaincre, tu devras le faire rapidement !","Los Apocalipsis se vuelven exponencialmente más poderosos a medida que la batalla se prolonga. ¡Si quieres derrotarme, tendrás que hacerlo rápido!","Os Apocalipses se tornam exponencialmente mais poderosos à medida que a batalha se prolonga. Se você quer me derrotar, terá que fazer isso rápido!","Апокалипсисы становятся экспоненциально сильнее, чем дольше длится битва. Если хочешь победить меня, тебе придётся сделать это быстро!","Gli Apocalypses diventano esponenzialmente più potenti man mano che la battaglia si protrae. Se vuoi sconfiggermi, dovrai farlo in fretta!",天啟會隨著戰鬥的延長而呈指數級增強。如果你想打敗我，就必須速戰速決！,末日兽随着战斗的延长会呈指数级增强。如果你想打败我，就必须速战速决！,"아포칼립스는 전투가 길어질수록 기하급수적으로 더 강해집니다. 날 물리치고 싶다면, 빨리 해야 할 거예요!","Apokalipsy stają się wykładniczo potężniejsze wraz z przedłużającą się walką. Jeśli chcesz mnie pokonać, musisz to zrobić szybko!","Апокаліпсиси стають експоненціально сильнішими, чим довше триває битва. Якщо хочеш перемогти мене, тобі доведеться зробити це швидко!","Apocalypsen worden exponentieel krachtiger naarmate het gevecht langer duurt. Als je me wilt verslaan, zul je dat snel moeten doen!","Kıyametler savaş uzadıkça katlanarak daha güçlü hale gelir. Beni yenmek istiyorsan, bunu hızlı yapman gerekecek!"
L_MASTER_DIALOG_ARACHNALISK,,"Arachnalisks prefer to ensnare their opponents before poisoning them, watching as their foes suffer long and painful deaths.\n\nBut anyway, how are you doing today? Care for a duel?",アラクナリスクは獲物を毒殺する前に罠にかけることを好み、敵が長く苦しみながら死んでいくのを眺めている。\n\nところで、今日の調子はどう？決闘でもしてみるかい？,"Arachnalisken ziehen es vor, ihre Gegner zu umgarnen, bevor sie sie vergiften, und beobachten, wie ihre Feinde einen langen und qualvollen Tod erleiden.\n\nAber wie auch immer, wie geht es dir heute? Lust auf ein Duell?","Les Arachnalisques préfèrent piéger leurs adversaires avant de les empoisonner, observant leurs ennemis souffrir de morts longues et douloureuses.\n\nMais sinon, comment allez-vous aujourd'hui ? Envie d'un duel ?","Las arácnidas prefieren atrapar a sus oponentes antes de envenenarlos, observando cómo sus enemigos sufren muertes largas y dolorosas.\n\nPero en fin, ¿cómo estás hoy? ¿Te apetece un duelo?","Aracnaliscos preferem enredar seus oponentes antes de envenená-los, observando enquanto seus inimigos sofrem mortes longas e dolorosas.\n\nMas enfim, como você está hoje? Gostaria de um duelo?","Арахналиски предпочитают сначала опутать своих противников, а затем отравить их, наблюдая, как их враги умирают долгой и мучительной смертью.\n\nНо в любом случае, как у тебя дела сегодня? Не желаешь дуэль?","Gli Aracnalischi preferiscono intrappolare i loro avversari prima di avvelenarli, osservando mentre i loro nemici subiscono morti lunghe e dolorose.\n\nMa comunque, come stai oggi? Ti va un duello?",蜘蛛魔喜歡先將對手纏住，然後再注入毒素，看著敵人經歷漫長而痛苦的死亡過程。\n\n不過話說回來，你今天過得如何？要來場決鬥嗎？,蛛魔喜欢先将对手缠住，然后再注入毒素，看着敌人经历漫长而痛苦的死亡过程。\n\n不过话说回来，你今天过得怎么样？想来一场决斗吗？,"아라크날리스크는 적을 독살하기 전에 먼저 함정에 빠뜨리는 것을 선호하며, 적들이 길고 고통스러운 죽음을 맞이하는 것을 지켜봅니다.\n\n그런데, 오늘 어떻게 지내세요? 결투 한 번 할까요?","Arachnaliski wolą najpierw usidlić swoje ofiary, a dopiero potem je zatruć, obserwując, jak ich przeciwnicy umierają długą i bolesną śmiercią.\n\nAle tak swoją drogą, jak ci mija dzień? Masz ochotę na pojedynek?","Арахналіски воліють спочатку заманити своїх супротивників у пастку, а потім отруїти їх, спостерігаючи, як їхні вороги помирають довгою та болісною смертю.\n\nАле в будь-якому разі, як ти сьогодні? Не бажаєш дуелі?","Arachnalisken geven er de voorkeur aan om hun tegenstanders te verstrikken voordat ze hen vergiftigen, terwijl ze toekijken hoe hun vijanden een lange en pijnlijke dood sterven.\n\nMaar goed, hoe gaat het vandaag met je? Zin in een duel?","Arachnaliskler, düşmanlarını zehirlemeden önce tuzağa düşürmeyi tercih ederler, hasımlarının uzun ve acı dolu ölümlerini izlerken.\n\nNeyse, bugün nasılsın? Bir düello ister misin?"
L_MASTER_DIALOG_ASPECT,,"Aspects are one with nature. They exhibit a level of focus that is unmatched by any other creature in Rodia, allowing them to dodge even the most powerful of attacks. Your creatures don't stand a chance!",アスペクトは自然と一体化している。彼らはロディアの他のどんな生物にも匹敵しない集中力を発揮し、最も強力な攻撃さえも回避することができる。あなたの生物たちには勝ち目がない！,"Aspekte sind eins mit der Natur. Sie besitzen eine Konzentration, die von keiner anderen Kreatur in Rodia erreicht wird, und können dadurch selbst den mächtigsten Angriffen ausweichen. Deine Kreaturen haben keine Chance!","Les Aspects ne font qu'un avec la nature. Ils font preuve d'un niveau de concentration inégalé par toute autre créature de Rodia, leur permettant d'esquiver même les attaques les plus puissantes. Vos créatures n'ont aucune chance !","Los Aspectos son uno con la naturaleza. Exhiben un nivel de concentración inigualable por cualquier otra criatura en Rodia, permitiéndoles esquivar incluso los ataques más poderosos. ¡Tus criaturas no tienen ninguna posibilidad!","Os Aspectos são um com a natureza. Eles exibem um nível de foco que não é igualado por nenhuma outra criatura em Rodia, permitindo-lhes esquivar até mesmo dos ataques mais poderosos. Suas criaturas não têm chance!","Аспекты едины с природой. Они демонстрируют уровень концентрации, который не сравнится ни с одним другим существом в Родии, позволяя им уклоняться даже от самых мощных атак. У твоих существ нет ни единого шанса!","Gli Aspetti sono un tutt'uno con la natura. Mostrano un livello di concentrazione che non ha eguali tra le altre creature di Rodia, permettendo loro di schivare persino gli attacchi più potenti. Le tue creature non hanno alcuna possibilità!",相位者與自然融為一體。他們展現出的專注程度是羅迪亞中任何其他生物都無法比擬的，使他們能夠閃避甚至是最強大的攻擊。你的生物根本沒有機會！,具像与自然融为一体。它们展现出的专注程度是罗迪亚任何其他生物都无法比拟的，使它们能够躲避最强大的攻击。你的生物根本没有机会！,"애스펙트는 자연과 하나입니다. 그들은 로디아의 어떤 생물도 따라올 수 없는 수준의 집중력을 보여주어, 가장 강력한 공격조차도 피할 수 있습니다. 당신의 생물들은 승산이 없어요!","Aspekty stanowią jedność z naturą. Wykazują poziom skupienia, któremu nie dorównuje żadne inne stworzenie w Rodii, pozwalając im unikać nawet najpotężniejszych ataków. Twoje stworzenia nie mają szans!","Аспекти єдині з природою. Вони демонструють рівень зосередженості, який не має рівних серед інших істот у Родії, дозволяючи їм ухилятися навіть від найпотужніших атак. Ваші істоти не мають жодного шансу!","Aspecten zijn één met de natuur. Ze vertonen een niveau van focus dat door geen enkel ander wezen in Rodia wordt geëvenaard, waardoor ze zelfs de krachtigste aanvallen kunnen ontwijken. Je wezens maken geen schijn van kans!","Görünümler doğayla bir bütündür. Rodia'daki diğer hiçbir yaratıkta olmayan bir odaklanma seviyesi sergilerler, bu da onların en güçlü saldırılardan bile kaçınmalarını sağlar. Yaratıklarının hiç şansı yok!"
L_MASTER_DIALOG_ASURA,,Asuras are formidable melee attackers that can dish out some massive critical damage. Care for a duel? I won't go easy on you!,アスラは強力な近接アタッカーで、巨大なクリティカルダメージを与えることができる。決闘してみるか？手加減はしないぞ！,"Asuras sind beeindruckende Nahkämpfer, die gewaltigen kritischen Schaden austeilen können. Lust auf ein Duell? Ich werde dich nicht schonen!",Les Asuras sont de redoutables combattants au corps à corps qui peuvent infliger d'énormes dégâts critiques. Envie d'un duel ? Je ne vais pas te ménager !,Los Asuras son formidables atacantes cuerpo a cuerpo que pueden infligir un daño crítico masivo. ¿Te apetece un duelo? ¡No seré indulgente contigo!,Asuras são formidáveis atacantes corpo a corpo que podem causar danos críticos massivos. Quer um duelo? Não vou pegar leve com você!,"Асуры - грозные бойцы ближнего боя, способные наносить огромный критический урон. Не желаешь дуэли? Я не буду с тобой церемониться!",Gli Asura sono formidabili attaccanti da mischia che possono infliggere danni critici devastanti. Ti va un duello? Non sarò clemente con te!,阿修羅是強大的近戰攻擊者，能夠造成巨大的暴擊傷害。想來一場決鬥嗎？我可不會對你手下留情！,阿修罗是强大的近战攻击者，能够造成巨大的暴击伤害。想来一场决斗吗？我可不会对你手下留情！,아수라는 엄청난 치명타 피해를 줄 수 있는 강력한 근접 공격자입니다. 결투를 원하십니까? 당신에게 봐주지 않을 겁니다!,"Asury to potężni wojownicy walczący wręcz, którzy mogą zadawać ogromne obrażenia krytyczne. Masz ochotę na pojedynek? Nie będę dla ciebie pobłażliwy!","Асури - грізні бійці ближнього бою, які можуть завдавати величезної критичної шкоди. Бажаєш дуелі? Я не буду з тобою панькатись!",Asura's zijn geduchte melee-aanvallers die enorme kritieke schade kunnen uitdelen. Zin in een duel? Ik zal je niet sparen!,"Asuralar, büyük kritik hasarlar verebilen zorlu yakın dövüş saldırganlarıdır. Düello ister misin? Sana karşı yumuşak davranmayacağım!"
L_MASTER_DIALOG_AUTOMATON,,Automatons automatically decrease their enemies' stats without needing to waste a turn! How great is that? Let me show you how they work!,オートマトンは、ターンを無駄にすることなく自動的に敵のステータスを下げることができます！素晴らしいと思いませんか？どのように機能するか見せましょう！,"Automaten verringern automatisch die Werte ihrer Feinde, ohne eine Runde verschwenden zu müssen! Ist das nicht großartig? Lass mich dir zeigen, wie sie funktionieren!",Les Automates diminuent automatiquement les statistiques de leurs ennemis sans avoir à gaspiller un tour ! C'est pas génial ? Laissez-moi vous montrer comment ils fonctionnent !,Los autómatas disminuyen automáticamente las estadísticas de sus enemigos sin necesidad de desperdiciar un turno. ¿No es genial? ¡Déjame mostrarte cómo funcionan!,Autômatos diminuem automaticamente os atributos de seus inimigos sem precisar desperdiçar um turno! Não é incrível? Deixe-me mostrar como eles funcionam!,"Автоматоны автоматически снижают характеристики врагов, не тратя на это ход! Разве это не здорово? Позвольте мне показать вам, как они работают!",Gli Automi riducono automaticamente le statistiche dei nemici senza dover sprecare un turno! Non è fantastico? Lascia che ti mostri come funzionano!,自動機器人會自動降低敵人的能力值，不需要浪費一回合！這是多麼棒的事情啊？讓我來向你展示它們是如何運作的！,自动机可以自动降低敌人的属性值，不需要浪费回合！这是不是很棒？让我来向你展示它们是如何工作的！,자동인형은 턴을 낭비할 필요 없이 자동으로 적의 스탯을 감소시킵니다! 얼마나 대단한가요? 어떻게 작동하는지 보여드리겠습니다!,"Automaty automatycznie obniżają statystyki przeciwników bez marnowania tury! Czy to nie wspaniałe? Pozwól, że pokażę ci, jak działają!","Автоматони автоматично знижують характеристики своїх ворогів, не витрачаючи ходу! Хіба це не чудово? Дозвольте показати вам, як вони працюють!",Automaten verlagen automatisch de statistieken van hun vijanden zonder een beurt te verspillen! Hoe geweldig is dat? Laat me je laten zien hoe ze werken!,"Otomatonlar, bir tur harcamaya gerek kalmadan düşmanlarının istatistiklerini otomatik olarak düşürür! Bu ne kadar harika? Nasıl çalıştıklarını sana göstereyim!"
L_MASTER_DIALOG_BANSHEE,,"Banshees have access to empowered versions of different Spell Gems. If you don't manage to seal their gems early on in battle, you'll be sorry!\n\nWith that said, it's time to du-du-du-du-du-duel!",バンシーは強化された様々な魔法の宝石を使うことができます。戦闘の初期段階で彼女たちの宝石を封印できなければ、後悔することになるでしょう！\n\nさて、デュエルの時間だ！デュ・デュ・デュ・デュ・デュ・デュエル！,"Banshees haben Zugriff auf verstärkte Versionen verschiedener Zaubersteine. Wenn es dir nicht gelingt, ihre Zaubersteine früh im Kampf zu versiegeln, wirst du es bereuen!\n\nAlso dann: Zeit für ein Du-du-du-du-du-duell!","Les Banshees ont accès à des versions améliorées de différentes Gemmes de Sort. Si vous ne parvenez pas à sceller leurs gemmes dès le début du combat, vous le regretterez !\n\nCela dit, il est temps de du-du-du-du-du-dueller !","Las banshees tienen acceso a versiones potenciadas de diferentes Gemas de Hechizo. Si no logras sellar sus gemas al principio del combate, ¡lo lamentarás!\n\nDicho esto, ¡es hora de du-du-du-du-du-duelo!","As Banshees têm acesso a versões potencializadas de diferentes Gemas de Feitiço. Se você não conseguir selar as gemas delas no início da batalha, vai se arrepender!\n\nDito isso, é hora do du-du-du-du-du-duelo!","Баньши имеют доступ к усиленным версиям различных Камней Заклинаний. Если вы не сумеете запечатать их камни в начале боя, вы об этом пожалеете!\n\nИтак, пришло время ду-ду-ду-ду-ду-дуэли!","Le Banshee hanno accesso a versioni potenziate di diverse Gemme Incantesimo. Se non riesci a sigillare le loro gemme all'inizio della battaglia, te ne pentirai!\n\nDetto questo, è ora di du-du-du-du-du-duellare!",女妖可以使用強化版的各種法術寶石。如果你在戰鬥初期沒能封印她們的寶石，你會後悔的！\n\n話不多說，是時候決-決-決-決-決-決鬥了！,报丧女妖可以使用强化版的不同法术宝石。如果你在战斗初期没能封印她们的宝石，你会后悔的！\n\n话虽如此，现在是决-决-决-决-决-决斗的时候了！,"밴시는 다양한 주문 보석의 강화된 버전에 접근할 수 있습니다. 전투 초반에 그들의 보석을 봉인하지 못하면, 후회하게 될 거예요!\n\n그건 그렇고, 이제 결-결-결-결-결-투를 할 시간입니다!","Banshee mają dostęp do wzmocnionych wersji różnych Klejnotów Zaklęć. Jeśli nie zdołasz zapieczętować ich klejnotów na początku walki, pożałujesz!\n\nTo powiedziawszy, czas na po-po-po-po-po-pojedynek!","Банші мають доступ до посилених версій різних Магічних Самоцвітів. Якщо вам не вдасться запечатати їхні самоцвіти на початку бою, ви пошкодуєте!\n\nА тепер час ду-ду-ду-ду-ду-дуелі!","Banshees hebben toegang tot versterkte versies van verschillende Spreuksieraden. Als je er niet in slaagt om hun sieraden vroeg in het gevecht te verzegelen, zul je er spijt van krijgen!\n\nDat gezegd hebbende, het is tijd om te du-du-du-du-du-duelleren!","Banshee'ler farklı Büyü Taşlarının güçlendirilmiş versiyonlarına erişebilir. Eğer savaşın başlarında onların taşlarını mühürleyemezseniz, pişman olacaksınız!\n\nBunu söyledikten sonra, du-du-du-du-du-düello zamanı!"
L_MASTER_DIALOG_BARD,,"Many Bards enable your creatures' attack damage to come from different stats. Others provide a variety of beneficial effects to your creatures. Let's have a duel, and then I'll have one of my Bards treat you to a song afterward!",多くの吟遊詩人は、あなたの生物の攻撃ダメージが異なるステータスから発生するようにします。他の吟遊詩人は、あなたの生物に様々な有益な効果をもたらします。決闘をしましょう、そのあとで私の吟遊詩人の一人にあなたのために歌を歌わせましょう！,"Viele Barden ermöglichen es, dass der Angriffsschaden deiner Kreaturen von verschiedenen Werten abhängt. Andere bieten eine Vielzahl von vorteilhaften Effekten für deine Kreaturen. Lass uns ein Duell austragen, und danach wird einer meiner Barden dir ein Lied vorspielen!","De nombreux Bardes permettent aux dégâts d'attaque de vos créatures de provenir de différentes statistiques. D'autres offrent une variété d'effets bénéfiques à vos créatures. Faisons un duel, et ensuite l'un de mes Bardes vous offrira une chanson !","Muchos Bardos permiten que el daño de ataque de tus criaturas provenga de diferentes estadísticas. Otros proporcionan una variedad de efectos beneficiosos a tus criaturas. ¡Tengamos un duelo, y luego haré que uno de mis Bardos te deleite con una canción!","Muitos Bardos permitem que o dano de ataque das suas criaturas venha de estatísticas diferentes. Outros fornecem uma variedade de efeitos benéficos para suas criaturas. Vamos ter um duelo, e depois terei um dos meus Bardos para lhe presentear com uma canção!","Многие Барды позволяют атакам ваших существ наносить урон, основанный на разных характеристиках. Другие обеспечивают разнообразные полезные эффекты для ваших существ. Давай проведём дуэль, а потом я попрошу одного из моих Бардов спеть для тебя песню!","Molti Bardi permettono ai danni d'attacco delle tue creature di derivare da statistiche diverse. Altri forniscono una varietà di effetti benefici alle tue creature. Facciamo un duello, e poi farò in modo che uno dei miei Bardi ti dedichi una canzone dopo!",許多吟遊詩人能讓你的生物的攻擊傷害來自不同的屬性。其他則為你的生物提供各種有益效果。讓我們來決鬥一場，然後我會讓我的其中一位吟遊詩人為你獻上一首歌！,许多吟游诗人能让你的生物的攻击伤害来源于不同的属性。其他的则为你的生物提供各种有益效果。让我们来一场决斗，然后我会让我的一位吟游诗人为你献上一首歌！,"많은 음유시인들은 당신의 생물들의 공격 피해가 다른 스탯에서 나오도록 해줍니다. 다른 음유시인들은 당신의 생물들에게 다양한 이로운 효과를 제공합니다. 결투를 한 번 해보고, 그 후에 내 음유시인 중 한 명이 당신을 위해 노래를 불러드리겠습니다!","Wielu Bardów umożliwia, by obrażenia ataku twoich stworzeń pochodziły z różnych statystyk. Inni zapewniają różnorodne korzystne efekty twoim stworzeniom. Stoczmy pojedynek, a potem jeden z moich Bardów zaśpiewa ci piosenkę!","Багато Бардів дозволяють атакам ваших істот завдавати шкоди на основі різних характеристик. Інші надають вашим істотам різноманітні корисні ефекти. Давайте проведемо дуель, а потім я попрошу одного з моїх Бардів заспівати для вас пісню!","Veel Barden stellen je wezens in staat om aanvalsschade te doen op basis van verschillende statistieken. Anderen bieden een verscheidenheid aan gunstige effecten voor je wezens. Laten we een duel houden, en daarna zal ik een van mijn Barden voor je laten zingen!","Birçok Ozan, yaratıklarınızın saldırı hasarının farklı özelliklerden gelmesini sağlar. Diğerleri yaratıklarınıza çeşitli faydalı etkiler sunar. Hadi bir düello yapalım, sonra da Ozanlarımdan biri sana bir şarkı söylesin!"
L_MASTER_DIALOG_BASILISK,,"If you want to stand a chance against my Basilisks, you'd better make sure you damage them between each of their turns. Otherwise, you'll be in for a world of hurt! Let's see what you've got!",もし私のバジリスクに勝つチャンスが欲しいなら、奴らの各ターンの間にダメージを与えることだ。そうしなければ、痛い目に遭うことになるぞ！どれだけやれるか見せてもらおう！,"Wenn du eine Chance gegen meine Basilisken haben willst, solltest du besser sicherstellen, dass du ihnen zwischen ihren Zügen Schaden zufügst. Andernfalls wirst du eine Welt voller Schmerzen erleben! Zeig mir, was du drauf hast!","Si tu veux avoir une chance contre mes Basilics, tu ferais mieux de t'assurer de leur infliger des dégâts entre chacun de leurs tours. Sinon, tu vas souffrir comme jamais ! Voyons ce que tu as dans le ventre !","Si quieres tener alguna posibilidad contra mis Basiliscos, será mejor que te asegures de dañarlos entre cada uno de sus turnos. ¡De lo contrario, te espera un mundo de dolor! ¡Veamos qué tienes!","Se você quer ter alguma chance contra meus Basiliscos, é melhor garantir que cause dano a eles entre cada um de seus turnos. Caso contrário, você vai conhecer um mundo de dor! Vamos ver o que você tem!","Если хочешь иметь шанс против моих Василисков, тебе лучше убедиться, что ты наносишь им урон между каждым их ходом. Иначе тебя ждёт целый мир боли! Давай посмотрим, на что ты способен!","Se vuoi avere una possibilità contro i miei Basilischi, faresti meglio ad assicurarti di danneggiarli tra un loro turno e l'altro. Altrimenti, ti aspetta un mondo di dolore! Vediamo cosa sai fare!",如果你想要有機會對抗我的蛇怪，你最好確保在牠們每次行動之間都能對牠們造成傷害。否則，你將會遭受無盡的痛苦！讓我們看看你有什麼本事！,如果你想在对抗我的蛇怪时有一线生机，最好确保在它们每次行动之间都对它们造成伤害。否则，你将会尝到苦头！让我们看看你有什么本事！,"내 바실리스크들과 맞서려면, 녀석들의 턴마다 데미지를 입혀야 할 거야. 그렇지 않으면 엄청난 고통을 맛보게 될 테니까! 어디 한번 네 실력을 보여줘 봐!","Jeśli chcesz mieć jakąkolwiek szansę przeciwko moim Bazyliszkom, lepiej upewnij się, że zadasz im obrażenia pomiędzy każdą ich turą. W przeciwnym razie czeka cię istne piekło! Zobaczmy, na co cię stać!","Якщо ти хочеш мати шанс проти моїх Василісків, краще переконайся, що завдаєш їм шкоди між кожним їхнім ходом. Інакше тебе чекає море болю! Подивимося, на що ти здатен!","Als je een kans wilt maken tegen mijn Basilisken, kun je ze maar beter beschadigen tussen elk van hun beurten. Anders ga je een wereld van pijn tegemoet! Laten we eens zien wat je in huis hebt!","Basilisk'lerime karşı bir şansın olmasını istiyorsan, her sıraları arasında onlara hasar verdiğinden emin olsan iyi olur. Yoksa acı dolu bir dünyaya hazır ol! Hadi görelim neler yapabiliyorsun!"
L_MASTER_DIALOG_BAT,,"Bats might not seem very dangerous on their own, but get enough of them together and you'll be in for a nasty surprise! Let's have a quick duel so I can show you!",コウモリは単体では危険に見えないかもしれませんが、十分な数が集まると恐ろしいことになりますよ！手短な決闘で見せてあげましょう！,"Fledermäuse mögen allein nicht sehr gefährlich erscheinen, aber wenn genug von ihnen zusammenkommen, erwartet dich eine böse Überraschung! Lass uns ein schnelles Duell austragen, damit ich es dir zeigen kann!","Les chauves-souris peuvent sembler inoffensives individuellement, mais rassemblez-en suffisamment et vous aurez une très mauvaise surprise ! Faisons un petit duel pour que je puisse vous montrer !","Los murciélagos pueden no parecer muy peligrosos por sí solos, ¡pero junta suficientes y te llevarás una desagradable sorpresa! ¡Tengamos un duelo rápido para que pueda mostrártelo!","Morcegos podem não parecer muito perigosos sozinhos, mas junte vários deles e você terá uma desagradável surpresa! Vamos fazer um duelo rápido para que eu possa te mostrar!","Летучие мыши сами по себе могут не казаться очень опасными, но соберите их достаточное количество вместе, и вас ждёт неприятный сюрприз! Давайте проведём быструю дуэль, чтобы я мог вам это показать!","I pipistrelli potrebbero non sembrare molto pericolosi da soli, ma mettine insieme abbastanza e avrai una brutta sorpresa! Facciamo un duello veloce così posso mostrartelo!",蝙蝠單獨看起來可能不太危險，但如果牠們聚集在一起，你可就要遭殃了！來進行一場快速的決鬥，讓我來給你示範一下！,蝙蝠单独看起来可能不太危险，但如果它们聚集在一起，你可就要遭殃了！来进行一场快速的决斗，让我来给你演示一下！,"박쥐들은 그 자체로는 별로 위험해 보이지 않을 수 있지만, 충분히 많이 모이면 끔찍한 놀라움을 맛보게 될 거예요! 제가 보여드릴 수 있도록 빠른 결투를 해봅시다!","Nietoperze mogą nie wydawać się zbyt groźne pojedynczo, ale gdy zbierze się ich wystarczająco dużo, czeka cię nieprzyjemna niespodzianka! Stoczmy szybki pojedynek, żebym mógł ci to pokazać!","Кажани можуть здаватися не дуже небезпечними поодинці, але зберіть їх достатньо разом, і на вас чекає неприємний сюрприз! Давайте проведемо швидку дуель, щоб я міг вам це показати!","Vleermuizen lijken misschien niet zo gevaarlijk op zichzelf, maar verzamel er genoeg bij elkaar en je staat een nare verrassing te wachten! Laten we een snel duel houden zodat ik het je kan laten zien!","Yarasalar tek başlarına çok tehlikeli görünmeyebilir, ama yeterince bir araya geldiğinde kötü bir sürprizle karşılaşırsın! Sana gösterebilmem için hızlı bir düello yapalım!"
L_MASTER_DIALOG_OSSEIN,,"You can't kill an Ossein. Not permanently, anyway. They always manage to find a way to piece themselves back together again and raise hell for everyone once more. Oh, by the way - my entire party is full of the damn things! Let's fight!",オセインは殺せない。少なくとも永久的にはな。奴らはいつだって自分の体をまた組み立て直して、皆に再び地獄を見せる方法を見つけるんだ。ああ、そういえば——俺のパーティーは全員そいつらだらけなんだ！戦おうぜ！,"Du kannst einen Ossein nicht töten. Zumindest nicht dauerhaft. Sie finden immer einen Weg, sich wieder zusammenzusetzen und allen erneut die Hölle heiß zu machen. Ach übrigens - meine ganze Gruppe ist voll von diesen verdammten Dingern! Lass uns kämpfen!","Tu ne peux pas tuer un Ossein. Pas définitivement, en tout cas. Ils trouvent toujours un moyen de se reconstituer et de semer à nouveau la pagaille pour tout le monde. Oh, au fait - mon groupe entier est rempli de ces satanés trucs ! Battons-nous !","No puedes matar a un Ossein. No permanentemente, al menos. Siempre encuentran la manera de volver a unir sus piezas y causar estragos a todos una vez más. Ah, por cierto, ¡mi grupo entero está lleno de esas malditas cosas! ¡Luchemos!","Você não pode matar um Ossein. Não permanentemente, de qualquer forma. Eles sempre conseguem encontrar um jeito de se recompor e causar o inferno para todos mais uma vez. Ah, por sinal - meu grupo inteiro está cheio dessas malditas coisas! Vamos lutar!","Оссеина не убить. По крайней мере, не навсегда. Они всегда находят способ собрать себя по частям и снова устроить всем ад. О, кстати - вся моя группа состоит из этих проклятых тварей! Давай сразимся!","Non puoi uccidere un Ossein. Non in modo permanente, comunque. Riescono sempre a trovare un modo per ricomporsi e scatenare l'inferno per tutti ancora una volta. Oh, a proposito - il mio gruppo è pieno di queste dannate cose! Combattiamo!",你無法殺死骨靈族。至少不是永久性的。他們總是能找到方法重新拼湊自己，然後再次為所有人帶來麻煩。對了，順便一提——我的整個隊伍都是這些該死的東西！來戰鬥吧！,你无法杀死一个骨魔。至少不是永久性的。他们总能找到办法重新拼凑自己，然后再次给所有人制造麻烦。哦，顺便说一下——我的整个队伍都是这些该死的东西！来战斗吧！,"오세인은 죽일 수 없어. 적어도 영구적으로는 말이지. 그들은 항상 자신을 다시 조각조각 맞추고 모두에게 다시 한번 지옥을 선사하는 방법을 찾아내지. 아, 그런데 - 내 파티 전체가 그 망할 것들로 가득 차 있다고! 싸우자!","Nie da się zabić Osseina. Przynajmniej nie na stałe. Zawsze znajdują sposób, by poskładać się z powrotem i znów wszystkim uprzykrzyć życie. Ach, przy okazji - cała moja drużyna jest pełna tych cholernych stworów! Walczmy!","Ви не можете вбити Оссейна. Принаймні, не назавжди. Вони завжди знаходять спосіб зібрати себе докупи і знову влаштувати всім пекло. О, до речі - вся моя команда складається з цих клятих істот! Давай битися!","Je kunt een Ossein niet doden. Niet permanent, tenminste. Ze vinden altijd wel een manier om zichzelf weer in elkaar te zetten en opnieuw iedereen het leven zuur te maken. Oh, trouwens - mijn hele groep zit vol met die verdomde dingen! Laten we vechten!",Bir Ossein'i öldüremezsin. En azından kalıcı olarak değil. Her zaman kendilerini yeniden bir araya getirmenin ve herkese tekrar cehennem azabı yaşatmanın bir yolunu bulurlar. Bu arada - tüm grubum bu lanet şeylerle dolu! Hadi savaşalım!
L_MASTER_DIALOG_BROWNIE,,"There's not much to say about Brownies, really. They pack one hell of a punch with their oversized hammers. Actually, do you suppose it's their hammers that are oversized, or their bodies that are a bit on the smaller side? Anyway, let's see how they stack up against the likes of you!",ブラウニーについては、実際あまり言うことはないんだ。奴らはあの大きすぎるハンマーで強烈な一撃を放つ。そういえば、ハンマーが大きすぎるのか、それとも奴らの体が小さめなのか、どう思う？まあとにかく、お前のような相手にどれだけ通用するか見てみようじゃないか！,"Es gibt nicht viel über Brownies zu sagen, wirklich. Sie teilen mit ihren übergroßen Hämmern ganz schön aus. Eigentlich, glaubst du, dass ihre Hämmer übergroß sind oder ihre Körper etwas auf der kleineren Seite? Wie auch immer, schauen wir mal, wie sie gegen jemanden wie dich abschneiden!","Il n'y a pas grand-chose à dire sur les Brownies, vraiment. Ils frappent sacrément fort avec leurs marteaux surdimensionnés. En fait, pensez-vous que ce sont leurs marteaux qui sont surdimensionnés, ou leurs corps qui sont un peu plus petits ? Quoi qu'il en soit, voyons comment ils se débrouillent face à quelqu'un comme vous !","No hay mucho que decir sobre los Brownies, en realidad. Dan un golpe tremendo con sus martillos desproporcionados. De hecho, ¿crees que son sus martillos los que son demasiado grandes, o sus cuerpos los que son un poco pequeños? En fin, ¡veamos cómo se enfrentan a alguien como tú!","Não há muito o que dizer sobre os Brownies, na verdade. Eles dão um baita de um golpe com seus martelos enormes. Na verdade, você acha que são os martelos deles que são grandes demais, ou seus corpos que são um pouco menores? De qualquer forma, vamos ver como eles se saem contra alguém como você!","О Брауни, в общем-то, особо нечего сказать. Они наносят адски сильные удары своими огромными молотами. Хотя, как думаешь, это их молоты такие большие, или их тела немного маловаты? В любом случае, давай посмотрим, как они справятся с такими, как ты!","Non c'è molto da dire sui Brownies, davvero. Sferrano un colpo micidiale con i loro martelli sovradimensionati. In effetti, pensi che siano i loro martelli ad essere troppo grandi, o i loro corpi ad essere un po' più piccoli del normale? Comunque, vediamo come se la cavano contro uno come te!",關於布朗尼，真的沒什麼好說的。牠們用那些超大的錘子打出驚人的一擊。說真的，你覺得是牠們的錘子太大了，還是牠們的身體有點偏小呢？總之，讓我們看看牠們對上你這樣的人會有什麼表現吧！,关于棕仙，真的没什么好说的。它们用超大号的锤子能打出惊人的一击。说起来，你觉得是它们的锤子太大了，还是它们的身体有点偏小呢？不管怎样，让我们看看它们对上你这样的对手会怎样吧！,"브라우니에 대해 딱히 할 말이 많지는 않아요. 그들은 커다란 망치로 엄청난 한 방을 날립니다. 사실, 그들의 망치가 너무 큰 건지, 아니면 그들의 몸이 좀 작은 편인 건지 궁금하지 않나요? 어쨌든, 당신 같은 상대와 어떻게 맞서는지 한번 볼까요!","Nie ma zbyt wiele do powiedzenia o Brownies, naprawdę. Potrafią zadać piekielnie mocny cios swoimi wielkimi młotami. Właściwie, jak myślisz, czy to ich młoty są za duże, czy może ich ciała są nieco mniejsze? W każdym razie, zobaczmy jak sobie poradzą w starciu z kimś takim jak ty!","Насправді, про Брауні особливо нічого сказати. Вони завдають пекельних ударів своїми величезними молотами. Хоча, як гадаєш, це їхні молоти такі великі, чи їхні тіла трохи замалі? У будь-якому разі, подивимось, як вони впораються з такими, як ти!","Er valt niet veel te zeggen over Brownies, eigenlijk. Ze delen een verdomd harde klap uit met hun overmaatse hamers. Eigenlijk, denk je dat het hun hamers zijn die te groot zijn, of hun lichamen die wat aan de kleine kant zijn? Hoe dan ook, laten we eens kijken hoe ze het tegen jou opnemen!","Esmerler hakkında söylenecek pek bir şey yok aslında. Kocaman çekiçleriyle müthiş darbeler indiriyorlar. Aslında, sence çekiçleri mi kocaman, yoksa vücutları mı biraz küçük tarafta? Neyse, senin gibilerinin karşısında nasıl duracaklarını görelim bakalım!"
L_MASTER_DIALOG_CARBUNCLE,,"Carbuncles - the creatures, mind you; not the pus-filled boils found on your underside - are a force to be reckoned with. After they've cast enough spells to power up, they're practically unstoppable. Here, I'll show you how it's done!",カーバンクル――膿の詰まった腫れ物ではなく、生き物の方だ――は侮れない存在だ。十分な魔法を唱えてパワーアップすれば、ほぼ無敵になる。ここで、その方法を見せてやろう！,"Karbunkel - die Kreaturen, wohlgemerkt; nicht die eitergefüllten Beulen an eurer Unterseite - sind eine Macht, mit der man rechnen muss. Nachdem sie genug Zauber gewirkt haben, um sich aufzuladen, sind sie praktisch unaufhaltsam. Hier, ich zeige euch, wie es geht!","Les Carbuncles - les créatures, bien entendu ; pas les furoncles purulents qu'on trouve sur votre bas-ventre - sont une force avec laquelle il faut compter. Après avoir lancé suffisamment de sorts pour se renforcer, ils deviennent pratiquement inarrêtables. Tenez, je vais vous montrer comment ça se fait !","Carbunclos - las criaturas, entiéndase bien; no los forúnculos llenos de pus que se encuentran en tus partes bajas - son una fuerza a tener en cuenta. Después de lanzar suficientes hechizos para potenciarse, son prácticamente imparables. ¡Aquí, te mostraré cómo se hace!","Carbúnculos - as criaturas, entenda bem; não os furúnculos cheios de pus encontrados em suas partes baixas - são uma força a ser respeitada. Depois que lançam feitiços suficientes para se fortalecerem, eles se tornam praticamente imparáveis. Aqui, vou mostrar a você como é feito!","Карбункулы - существа, заметьте; не гнойные нарывы, которые можно найти на вашей нижней части тела - это сила, с которой нужно считаться. После того, как они наколдуют достаточно заклинаний для усиления, их практически невозможно остановить. Вот, я покажу вам, как это делается!","I Carbuncli - le creature, sia chiaro; non i foruncoli pieni di pus che si trovano nelle parti basse - sono una forza con cui fare i conti. Dopo aver lanciato abbastanza incantesimi per potenziarsi, diventano praticamente inarrestabili. Ecco, ti mostrerò come si fa!",石獸——我指的是那種生物，不是長在你下身的膿包——是一股不容小覷的力量。當牠們施放足夠的法術來增強自己後，幾乎就無人能擋了。來，我來示範給你看！,宝玉兔——我说的是那种生物，不是长在你下身的脓包——是一股不容小觑的力量。当它们施放足够多的法术来增强自身后，它们几乎是不可阻挡的。来，我来给你演示一下！,"카번클 - 당신의 밑바닥에서 발견되는 고름이 가득한 종기가 아니라, 생물체 말이에요 - 은 무시할 수 없는 존재입니다. 그들이 충분한 주문을 시전해 힘을 키우고 나면, 사실상 막을 수 없게 됩니다. 자, 제가 어떻게 하는지 보여드리겠습니다!","Karbunkle - stworzenia, rozumiesz; nie te ropiejące wrzody, które można znaleźć na twym podbrzuszu - to siła, z którą trzeba się liczyć. Po rzuceniu wystarczającej liczby zaklęć, by się wzmocnić, są praktycznie nie do zatrzymania. Tutaj, pokażę ci, jak to się robi!","Карбункули - істоти, зауважте; не гнійні фурункули, які можна знайти на вашому тілі - це сила, з якою треба рахуватися. Після того, як вони накладуть достатньо заклинань для посилення, їх практично неможливо зупинити. Ось, я покажу вам, як це робиться!","Carbuncles - de wezens, let wel; niet de etterende zweren die je aan je onderkant vindt - zijn een kracht om rekening mee te houden. Nadat ze genoeg spreuken hebben geworpen om op te laden, zijn ze praktisch niet te stoppen. Hier, ik zal je laten zien hoe het werkt!","Karbonküller - yaratıklar, anlarsınız ya; alt tarafınızda bulunan irinle dolu kabarcıklar değil - hesaba katılması gereken bir güçtür. Yeterince büyü yaptıktan sonra güçlendiklerinde, neredeyse durdurulamazlar. Bakın, size nasıl yapıldığını göstereceğim!"
L_MASTER_DIALOG_CARNAGE,,"Carnages are downright evil creatures. I can't say too many good things about them aside from the fact that they're good at fighting. One moment, you'll be chatting it up with one of your creatures, and the next thing you know, a Carnage is devouring them. Let's have a quick duel - I promise not to let my Carnages eat your creatures!",カーネージは完全に邪悪な生き物だ。戦いが上手いという事実以外に、彼らについて良いことはあまり言えない。一瞬前まであなたの生き物と楽しく会話していたかと思えば、次の瞬間にはカーネージが彼らを貪り食っている。ちょっとした決闘をしよう - 私のカーネージがあなたの生き物を食べないように約束するよ！,"Carnages sind regelrecht böse Kreaturen. Ich kann nicht viel Gutes über sie sagen, außer dass sie gut im Kämpfen sind. In einem Moment unterhältst du dich noch mit einer deiner Kreaturen, und im nächsten Augenblick verschlingt ein Carnage sie. Lass uns ein schnelles Duell austragen - ich verspreche, meine Carnages werden deine Kreaturen nicht fressen!","Les Carnages sont des créatures carrément maléfiques. Je ne peux pas dire beaucoup de bien d'eux, à part le fait qu'ils sont doués pour le combat. Un instant, vous discuterez tranquillement avec l'une de vos créatures, et l'instant d'après, un Carnage est en train de la dévorer. Faisons un petit duel - je promets de ne pas laisser mes Carnages manger vos créatures !","Los Carnages son criaturas absolutamente malvadas. No puedo decir muchas cosas buenas sobre ellos aparte del hecho de que son buenos luchando. En un momento, estarás charlando con una de tus criaturas, y al siguiente, un Carnage la estará devorando. Tengamos un duelo rápido - ¡prometo no dejar que mis Carnages se coman a tus criaturas!","Carnages são criaturas absolutamente malignas. Não posso dizer muitas coisas boas sobre elas além do fato de que são boas em combate. Em um momento, você estará conversando com uma de suas criaturas, e no momento seguinte, um Carnage está devorando-as. Vamos ter um duelo rápido - prometo não deixar meus Carnages comerem suas criaturas!","Карнажи - это откровенно злобные существа. Не могу сказать о них много хорошего, кроме того, что они хороши в бою. В один момент ты будешь мило болтать с одним из своих существ, а в следующий миг Карнаж уже пожирает его. Давай проведём быстрый поединок - обещаю не позволить моим Карнажам съесть твоих существ!","I Carnage sono creature decisamente malvagie. Non posso dire molte cose positive su di loro, a parte il fatto che sono bravi a combattere. Un momento stai chiacchierando con una delle tue creature, e un attimo dopo, un Carnage la sta divorando. Facciamo un duello veloce - prometto di non lasciare che i miei Carnage mangino le tue creature!",屠殺獸是徹頭徹尾的邪惡生物。除了牠們善於戰鬥這一點外，我實在說不出什麼好話。一分鐘前，你還在和你的生物聊天，下一秒，一隻屠殺獸就把牠們吞噬了。來進行一場快速的決鬥吧——我保證不會讓我的屠殺獸吃掉你的生物！,屠戮者是彻头彻尾的邪恶生物。除了它们善于战斗这一点外，我实在说不出它们有什么好处。一分钟前，你还在和你的生物聊天，下一秒，一只屠戮者就把它们吞噬了。来快速决斗一场吧——我保证不会让我的屠戮者吃掉你的生物！,"카니지는 완전히 사악한 생물입니다. 그들이 싸움에 능하다는 사실 외에는 좋은 점을 많이 말할 수 없어요. 한 순간에는 당신의 생물 중 하나와 대화를 나누다가, 다음 순간에는 카니지가 그들을 먹어치우고 있을 거예요. 간단한 결투를 해봅시다 - 제 카니지가 당신의 생물을 먹지 않도록 약속할게요!","Karnage to wyjątkowo złe stworzenia. Nie mogę powiedzieć o nich zbyt wiele dobrego, poza tym, że dobrze walczą. W jednej chwili będziesz sobie gawędzić z jednym ze swoich stworzeń, a w następnej Karnage je pożera. Stoczmy szybki pojedynek - obiecuję, że nie pozwolę moim Karnage'om zjeść twoich stworzeń!","Карнажі - це відверто злі істоти. Я не можу сказати про них багато хорошого, окрім того, що вони добре б'ються. В одну мить ти будеш мило розмовляти з однією зі своїх істот, а наступної миті Карнаж пожирає її. Давай проведемо швидку дуель - я обіцяю не дозволяти моїм Карнажам їсти твоїх істот!","Carnages zijn ronduit kwaadaardige wezens. Ik kan niet veel goeds over ze zeggen, behalve dat ze goed zijn in vechten. Het ene moment ben je gezellig aan het kletsen met een van je wezens, en voor je het weet, verslindt een Carnage ze. Laten we een snelle duel houden - ik beloof dat ik mijn Carnages jouw wezens niet laat opeten!","Carnage'lar düpedüz kötü yaratıklardır. Savaşmakta iyi olmaları dışında onlar hakkında pek iyi şey söyleyemem. Bir an yaratıklarınızdan biriyle sohbet edersiniz, bir sonraki an bir Carnage onları yiyordur. Hızlı bir düello yapalım - Carnage'larımın senin yaratıklarını yemesine izin vermeyeceğime söz veriyorum!"
L_MASTER_DIALOG_CARVER,,"Carvers are all about the stab-stab-stab. They don't care much about who they hurt, either - even their own friends are prone to lose some blood every now and again. Anyway, let's have ourselves a duel, shall we?",カーバーは突き刺し、突き刺し、突き刺すことに全てを捧げている。彼らは誰を傷つけるかなんて気にしない。自分の仲間でさえ、時々血を流すことになる。さあ、決闘でもしようじゃないか？,"Schnitzer sind ganz auf das Stech-Stech-Stech fixiert. Es kümmert sie auch nicht besonders, wen sie verletzen - selbst ihre eigenen Freunde verlieren hin und wieder etwas Blut. Wie auch immer, lass uns ein Duell austragen, einverstanden?","Les Sculpteurs sont tous à propos du coup-coup-coup. Ils ne se soucient pas vraiment de qui ils blessent, d'ailleurs - même leurs propres amis sont susceptibles de perdre un peu de sang de temps en temps. Quoi qu'il en soit, faisons un duel, voulez-vous ?","Los Talladores se dedican por completo al apuñala-apuñala-apuñala. Tampoco les importa mucho a quién hieren, incluso sus propios amigos suelen perder algo de sangre de vez en cuando. En fin, tengamos un duelo, ¿de acuerdo?","Os Entalhadores são tudo sobre apunhalar-apunhalar-apunhalar. Eles não se importam muito com quem machucam, também - até mesmo seus próprios amigos costumam perder um pouco de sangue de vez em quando. De qualquer forma, vamos ter um duelo, certo?","Резчики только и думают о том, чтобы колоть-колоть-колоть. Им не особо важно, кого они ранят - даже их собственные друзья время от времени теряют немного крови. В любом случае, давай устроим дуэль, хорошо?","I Carvers sono tutti concentrati sul pugnala-pugnala-pugnala. Non si preoccupano molto di chi feriscono, nemmeno - persino i loro amici rischiano di perdere un po' di sangue di tanto in tanto. Comunque, facciamoci un duello, che ne dici?",雕刻者就是講究刺刺刺。他們不太在乎傷害誰，甚至連自己的朋友也時不時會流點血。總之，我們來場決鬥吧，如何？,切割者全都是关于捅捅捅的。他们不太在乎伤害谁，甚至连自己的朋友也时不时会流点血。总之，我们来一场决斗，好吗？,"조각가들은 찌르고 찌르고 또 찌르는 것에 관한 모든 것이야. 그들은 누구를 다치게 하든 별로 신경 쓰지 않아. 심지어 자기 친구들도 가끔씩 피를 흘리게 되지. 어쨌든, 우리 결투나 한번 해볼까?","Rzeźbiarze to mistrzowie dźgania-dźgania-dźgania. Nie przejmują się zbytnio tym, kogo ranią - nawet ich własni przyjaciele co jakiś czas tracą trochę krwi. W każdym razie, może stoczymy pojedynek, co?","Різьбярі - це все про штрик-штрик-штрик. Їм не дуже важливо, кого вони ранять, навіть їхні власні друзі час від часу втрачають трохи крові. В будь-якому разі, давай влаштуємо дуель, добре?","Carvers zijn helemaal van het steek-steek-steek. Het kan ze ook niet veel schelen wie ze verwonden, zelfs hun eigen vrienden verliezen zo nu en dan wat bloed. Hoe dan ook, laten we een duel houden, oké?","Oymacılar tamamen bıçakla-bıçakla-bıçakla iş yaparlar. Kimi incittikleri de pek umurlarında değil - hatta kendi arkadaşları bile ara sıra biraz kan kaybedebilir. Neyse, bir düello yapalım, ne dersin?"
L_MASTER_DIALOG_CENTAUR,,"Centaurs tend to shy away from spellcasting in favor of strong melee attacks - which is great, since that means I don't ever have to worry about my creatures' Spell Gems running out of Charges! Think you've got what it takes to bring me down?",ケンタウロスは魔法を使うよりも強力な近接攻撃を好む傾向がある。これは素晴らしいことだ。私の生物たちの魔石の魔力が尽きることを心配する必要がないからな！私を倒せると思うか？,"Zentauren neigen dazu, dem Zauberwirken aus dem Weg zu gehen und bevorzugen stattdessen starke Nahkampfangriffe - was großartig ist, denn das bedeutet, dass ich mir nie Sorgen machen muss, dass die Zaubersteine meiner Kreaturen keine Ladungen mehr haben! Glaubst du, du hast was es braucht, um mich zu besiegen?","Les Centaures ont tendance à éviter la magie au profit d'attaques de mêlée puissantes - ce qui est parfait, car cela signifie que je n'ai jamais à me soucier que les Gemmes de Sort de mes créatures épuisent leurs Charges ! Penses-tu avoir ce qu'il faut pour me vaincre ?","Los centauros suelen evitar lanzar hechizos en favor de fuertes ataques cuerpo a cuerpo - lo cual es genial, ¡ya que eso significa que nunca tengo que preocuparme de que las Gemas de Hechizo de mis criaturas se queden sin Cargas! ¿Crees que tienes lo que hace falta para derrotarme?","Centauros tendem a evitar a conjuração de feitiços em favor de fortes ataques corpo a corpo - o que é ótimo, já que isso significa que nunca tenho que me preocupar com as Gemas de Feitiço das minhas criaturas ficando sem Cargas! Acha que tem o que é preciso para me derrotar?","Кентавры обычно избегают колдовства в пользу сильных рукопашных атак - что прекрасно, поскольку это значит, что мне никогда не нужно беспокоиться о том, что у моих существ закончатся Заряды в Самоцветах Заклинаний! Думаешь, у тебя хватит сил, чтобы одолеть меня?","I centauri tendono a evitare l'uso della magia in favore di potenti attacchi in mischia - il che è fantastico, perché significa che non devo mai preoccuparmi che le Gemme Incantate delle mie creature esauriscano le Cariche! Pensi di avere ciò che serve per sconfiggermi?",半人馬族傾向於避開施法，而偏好強力的近戰攻擊——這很棒，因為這意味著我永遠不必擔心我的生物的法術寶石會耗盡充能！你認為你有能力擊敗我嗎？,半人马通常会避开施法，而更倾向于强力的近战攻击——这很好，因为这意味着我永远不必担心我的生物的法术宝石会耗尽充能！你认为你有能力击败我吗？,"켄타우로스는 강력한 근접 공격을 선호하여 주문 시전을 꺼리는 경향이 있습니다 - 이건 정말 좋은 일이죠, 제 생물들의 주문 보석이 충전량을 소진할 걱정을 전혀 할 필요가 없으니까요! 날 쓰러뜨릴 수 있을 거라 생각하나요?","Centaury zwykle stronią od rzucania zaklęć na rzecz silnych ataków wręcz - co jest świetne, bo dzięki temu nigdy nie muszę martwić się, że Klejnoty Zaklęć moich stworzeń wyczerpią swoje Ładunki! Myślisz, że masz to, czego potrzeba, by mnie pokonać?","Кентаври зазвичай уникають чаклунства на користь сильних ближніх атак - що чудово, адже це означає, що мені ніколи не доведеться турбуватися про те, що Магічні Самоцвіти моїх істот вичерпають свої Заряди! Думаєш, у тебе є те, що потрібно, щоб здолати мене?","Centauren neigen ernaar om spreuken te vermijden ten gunste van sterke melee-aanvallen - wat geweldig is, want dat betekent dat ik me nooit zorgen hoef te maken dat de Spreukstenen van mijn wezens geen Ladingen meer hebben! Denk je dat je het in je hebt om mij te verslaan?","Sentorlar büyü yapmaktan kaçınıp güçlü yakın dövüş saldırılarını tercih ederler - bu harika, çünkü bu sayede yaratıklarımın Büyü Taşları'nın Şarjları'nın bitmesi konusunda endişelenmeme gerek kalmıyor! Beni alt edebilecek güçte olduğunu düşünüyor musun?"
L_MASTER_DIALOG_CERBERUS,,"Cerberuses... Cerberi? Hmmm.\n\nAnyway, my creatures may not be able to cast spells through traditional means, but that doesn't mean they can't make use of their Spell Gems for other purposes. Allow me to demonstrate!",ケルベロスたち…ケルベリ？うーん。\n\n私の生き物たちは伝統的な方法で呪文を唱えることはできないかもしれないが、だからといって彼らが他の目的のために呪文の宝石を使えないというわけではない。実演させてもらおう！,"Zerberusse... Zerberi? Hmmm.\n\nWie auch immer, meine Kreaturen mögen zwar keine Zauber auf herkömmliche Weise wirken können, aber das bedeutet nicht, dass sie ihre Zaubersteine nicht für andere Zwecke nutzen können. Lass mich das demonstrieren!","Cerbères... Cerberi ? Hmmm.\n\nQuoi qu'il en soit, mes créatures ne peuvent peut-être pas lancer de sorts par des moyens traditionnels, mais cela ne signifie pas qu'elles ne peuvent pas utiliser leurs Gemmes de Sort à d'autres fins. Permettez-moi de vous montrer !","Cerberos... ¿Cerberi? Hmmm.\n\nDe todos modos, puede que mis criaturas no sean capaces de lanzar hechizos por medios tradicionales, pero eso no significa que no puedan usar sus Gemas de Hechizo para otros propósitos. ¡Permíteme demostrarlo!","Cérberos... Cérberi? Hmmm.\n\nDe qualquer forma, minhas criaturas podem não ser capazes de lançar magias pelos meios tradicionais, mas isso não significa que elas não possam usar suas Gemas de Feitiço para outros propósitos. Permita-me demonstrar!","Церберы... Церберусы? Хммм.\n\nВ любом случае, мои создания, возможно, не способны творить заклинания традиционными способами, но это не значит, что они не могут использовать свои Самоцветы Заклинаний для других целей. Позвольте мне продемонстрировать!","Cerberi... Cerberi? Hmmm.\n\nComunque, le mie creature potrebbero non essere in grado di lanciare incantesimi attraverso mezzi tradizionali, ma ciò non significa che non possano utilizzare le loro Gemme Incantate per altri scopi. Permettimi di dimostrarlo!",地獄犬... 地獄三頭犬？嗯...\n\n總之，我的生物可能無法通過傳統方式施放法術，但這並不意味著牠們不能將法術寶石用於其他用途。讓我來示範一下！,地狱犬... 地狱犬们？嗯...\n\n不管怎样，我的生物可能无法通过传统方式施放法术，但这并不意味着它们不能将法术宝石用于其他目的。让我来演示一下！,"케르베로스들... 케르베리? 흠.\n\n어쨌든, 내 생물들은 전통적인 방법으로 주문을 시전할 수는 없을지 모르지만, 그렇다고 다른 목적으로 주문 보석을 활용할 수 없다는 뜻은 아니야. 내가 보여주지!","Cerbery... Cerberusy? Hmm.\n\nW każdym razie, moje stworzenia mogą nie być w stanie rzucać zaklęć w tradycyjny sposób, ale to nie znaczy, że nie mogą wykorzystać swoich Klejnotów Zaklęć do innych celów. Pozwól, że zademonstruję!","Цербери... Цербери? Хммм.\n\nВ будь-якому разі, мої створіння можливо й не здатні творити закляття традиційними способами, але це не означає, що вони не можуть використовувати свої Магічні Самоцвіти для інших цілей. Дозвольте мені продемонструвати!","Cerberussen... Cerberi? Hmmm.\n\nHoe dan ook, mijn wezens kunnen misschien geen spreuken uitspreken op traditionele wijze, maar dat betekent niet dat ze hun Spreukstenen niet voor andere doeleinden kunnen gebruiken. Laat me het demonstreren!","Cerberuslar... Cerberi mi? Hmmm.\n\nNeyse, yaratıklarım geleneksel yollarla büyü yapamayabilir, ancak bu onların Büyü Taşlarını başka amaçlar için kullanamayacakları anlamına gelmez. İzin verin göstereyim!"
L_MASTER_DIALOG_CLUTCHER,,"If your team relies on dodging attacks, I'm afraid my Clutchers are going to dish out the ultimate punishment to you. Let's see what you've got!",もしあなたのチームが攻撃を回避することに頼っているなら、私のクラッチャーたちがあなたに究極の制裁を与えることになるでしょうね。さあ、何ができるか見せてもらおうか！,"Wenn sich dein Team darauf verlässt, Angriffen auszuweichen, fürchte ich, dass meine Clutcher die ultimative Strafe für dich bereithalten werden. Lass uns sehen, was du drauf hast!","Si votre équipe compte sur l'esquive des attaques, j'ai bien peur que mes Agrippeurs ne vous infligent le châtiment ultime. Voyons ce que vous avez dans le ventre !","Si tu equipo depende de esquivar ataques, me temo que mis Aferradores te van a dar el castigo definitivo. ¡Veamos qué tienes!","Se sua equipe depende de esquivar de ataques, receio que meus Agarradores vão aplicar a punição definitiva em você. Vamos ver o que você tem!","Если ваша команда полагается на уклонение от атак, боюсь, мои Хвататели преподнесут вам суровое наказание. Посмотрим, на что вы способны!","Se la tua squadra si affida a schivare gli attacchi, temo che i miei Ghermitori ti infliggeranno la punizione suprema. Vediamo cosa sai fare!",如果你的隊伍依賴閃避攻擊，恐怕我的抓捕者會給你們最嚴厲的懲罰。讓我們看看你有什麼本事！,如果你的队伍依赖于闪避攻击，恐怕我的捕手会给你们带来终极惩罚。让我们看看你们有什么本事！,"당신의 팀이 공격을 회피하는 데 의존한다면, 내 클러처들이 당신에게 최고의 처벌을 내릴 것 같군요. 어디 한번 보여주세요!","Jeśli twoja drużyna polega na unikaniu ataków, obawiam się, że moje Chwytacze wymierzą ci ostateczną karę. Zobaczmy, co potrafisz!","Якщо ваша команда покладається на ухилення від атак, боюся, мої Хапуни приготували для вас найсуворіше покарання. Подивимося, на що ви здатні!","Als je team vertrouwt op het ontwijken van aanvallen, ben ik bang dat mijn Clutchers je de ultieme straf gaan geven. Laten we eens zien wat je in huis hebt!","Eğer ekibin saldırılardan kaçmaya güveniyorsa, korkarım ki Kavrayıcılarım sana en ağır cezayı verecek. Hadi görelim neler yapabiliyorsun!"
L_MASTER_DIALOG_COCKATRICE,,Make no mistake: Cockatrices are weird. But isn't everyone a little odd in their own way? Cockatrices like to make other creatures feel welcome no matter who they are. Such inclusion translates into brilliant teamwork in battle as well. Let me show you!,間違いなく言えることがある：コカトリスは変わっている。でも、誰もが自分なりに少し変わっているのではないだろうか？コカトリスは、相手が誰であれ、他の生き物を歓迎することを好む。そのような包容力は戦闘においても素晴らしいチームワークに繋がる。見せてあげよう！,"Täusche dich nicht: Cockatrices sind seltsam. Aber ist nicht jeder auf seine eigene Art ein bisschen merkwürdig? Cockatrices geben anderen Kreaturen unabhängig von ihrer Herkunft das Gefühl, willkommen zu sein. Diese Offenheit führt auch im Kampf zu hervorragender Teamarbeit. Lass es mich dir zeigen!","Ne vous y trompez pas : les cocatrices sont étranges. Mais tout le monde n'est-il pas un peu bizarre à sa façon ? Les cocatrices aiment faire en sorte que les autres créatures se sentent bienvenues, peu importe qui elles sont. Cette inclusion se traduit également par un travail d'équipe remarquable au combat. Laissez-moi vous montrer !","No te equivoques: los cocatrices son extraños. Pero, ¿no es todo el mundo un poco raro a su manera? A los cocatrices les gusta hacer que otras criaturas se sientan bienvenidas sin importar quiénes sean. Tal inclusión se traduce también en un brillante trabajo en equipo durante la batalla. ¡Déjame mostrarte!","Não se engane: Cocatrizes são estranhas. Mas todo mundo não é um pouco esquisito à sua maneira? Cocatrizes gostam de fazer com que outras criaturas se sintam bem-vindas, não importa quem sejam. Essa inclusão se traduz em um trabalho em equipe brilhante na batalha também. Deixe-me mostrar a você!","Не ошибитесь: Кокатриксы странные. Но разве каждый не немного странен по-своему? Кокатриксы любят, чтобы другие существа чувствовали себя желанными, кем бы они ни были. Такая инклюзивность превращается в блестящую командную работу в бою. Позвольте мне показать вам!","Non fatevi ingannare: i Cockatrici sono strani. Ma non è forse ognuno un po' strano a modo suo? I Cockatrici amano far sentire benvenute le altre creature, indipendentemente da chi siano. Tale inclusività si traduce anche in un brillante lavoro di squadra in battaglia. Lasciate che ve lo dimostri!",別搞錯了：雞蛇怪很奇特。但每個人不都有自己的一點怪嗎？雞蛇怪喜歡讓其他生物感到受歡迎，無論他們是誰。這種包容性在戰鬥中也能轉化為絕佳的團隊合作。讓我來展示給你看！,别搞错了：鸡蛇很奇怪。但每个人不都有自己的一点怪癖吗？鸡蛇喜欢让其他生物感到受欢迎，无论他们是谁。这种包容性在战斗中也转化为出色的团队合作。让我来给你展示！,착각하지 마세요: 코카트리스는 이상한 생물입니다. 하지만 모든 사람이 각자의 방식으로 조금씩 이상하지 않나요? 코카트리스는 누구든지 상관없이 다른 생물들이 환영받는 느낌을 갖게 하는 것을 좋아합니다. 이러한 포용성은 전투에서도 훌륭한 팀워크로 이어집니다. 제가 보여드리죠!,"Nie ma co do tego wątpliwości: Kokatryce są dziwne. Ale czy każdy z nas nie jest na swój sposób trochę osobliwy? Kokatryce lubią sprawiać, by inne stworzenia czuły się mile widziane, bez względu na to, kim są. Taka inkluzywność przekłada się również na znakomitą pracę zespołową w walce. Pozwól, że ci to pokażę!","Не помиліться: Кокатриси дивні. Але хіба кожен не є трохи дивним по-своєму? Кокатриси люблять, щоб інші істоти почувалися бажаними, незалежно від того, хто вони. Така інклюзивність перетворюється на блискучу командну роботу в бою. Дозвольте мені показати вам!","Vergis je niet: Cockatrices zijn vreemd. Maar is niet iedereen op zijn eigen manier een beetje eigenaardig? Cockatrices zorgen er graag voor dat andere wezens zich welkom voelen, ongeacht wie ze zijn. Zo'n inclusiviteit vertaalt zich ook in briljant teamwerk tijdens gevechten. Laat me het je laten zien!","Yanılmayın: Cockatrice'ler tuhaftır. Ama herkes kendi tarzında biraz garip değil midir? Cockatrice'ler kim olurlarsa olsunlar diğer yaratıkların kendilerini hoş karşılanmış hissetmelerini sağlamayı severler. Bu kapsayıcılık, savaşta da muhteşem bir takım çalışmasına dönüşür. İzleyin de görün!"
L_MASTER_DIALOG_CONCOCTION,,"I hope your creatures don't rely too much on their Artifacts, because my Concoctions are going to turn them into dust! Let's fight!",生き物たちがアーティファクトに頼りすぎていないことを願うよ。私のコンコクションがそれらを粉々にしてしまうからね！勝負だ！,"Ich hoffe, deine Kreaturen verlassen sich nicht zu sehr auf ihre Artefakte, denn meine Gebräue werden sie zu Staub zerfallen lassen! Lass uns kämpfen!","J'espère que tes créatures ne dépendent pas trop de leurs Artéfacts, car mes Concoctions vont les réduire en poussière ! Battons-nous !","¡Espero que tus criaturas no dependan demasiado de sus Artefactos, porque mis Brebajes los convertirán en polvo! ¡Luchemos!","Espero que suas criaturas não dependam muito de seus Artefatos, porque minhas Poções vão transformá-los em pó! Vamos lutar!","Надеюсь, твои существа не слишком полагаются на свои Артефакты, потому что мои Зелья превратят их в пыль! Давай сразимся!","Spero che le tue creature non dipendano troppo dai loro Artefatti, perché le mie Pozioni li ridurranno in polvere! Combattiamo!",我希望你的生物不要太依賴他們的神器，因為我的藥劑會把它們變成灰塵！來戰鬥吧！,希望你的生物不要太依赖它们的神器，因为我的混合体会把它们变成灰烬！来战斗吧！,"네 생물들이 유물에 너무 의존하지 않길 바라, 내 비약이 그것들을 먼지로 만들어 버릴 테니까! 싸우자!","Mam nadzieję, że twoje stworzenia nie polegają zbytnio na swoich Artefaktach, bo moje Mikstury zamienią je w proch! Walczmy!","Сподіваюся, твої істоти не надто покладаються на свої Артефакти, бо мої Зілля перетворять їх на порох! Давай битися!","Ik hoop dat je wezens niet te veel vertrouwen op hun Artefacten, want mijn Brouwsels gaan ze tot stof herleiden! Laten we vechten!","Umarım yaratıkların Eserlerine çok fazla güvenmiyor, çünkü benim İksirlerim onları toza çevirecek! Hadi dövüşelim!"
L_MASTER_DIALOG_CRUNCHER,,Crunchers like to eat Spell Gems. That's bad news for your creatures who rely on casting spells rather than using standard attacks. Think you've got what it takes to beat me?,クランチャーはスペルジェムを食べるのが好きだ。これは通常攻撃ではなく呪文を使うことに頼っている君のクリーチャーにとっては悪い知らせだ。私に勝てると思っているのか？,"Knirscher fressen gerne Zaubersteine. Das sind schlechte Nachrichten für deine Kreaturen, die sich auf das Wirken von Zaubern verlassen, anstatt Standardangriffe zu nutzen. Glaubst du, du hast das Zeug dazu, mich zu besiegen?",Les Croqueurs aiment manger les Gemmes de Sort. C'est une mauvaise nouvelle pour vos créatures qui dépendent des sorts plutôt que des attaques standard. Vous pensez avoir ce qu'il faut pour me battre ?,A los Trituradores les gusta comer Gemas de Hechizo. Esas son malas noticias para tus criaturas que dependen de lanzar hechizos en lugar de usar ataques estándar. ¿Crees que tienes lo que hace falta para vencerme?,Crunchers gostam de comer Gemas de Feitiço. Isso é uma má notícia para suas criaturas que dependem de lançar feitiços em vez de usar ataques padrão. Acha que tem o que é preciso para me derrotar?,"Хрустики любят есть Самоцветы Заклинаний. Это плохие новости для твоих существ, которые полагаются на произнесение заклинаний, а не на использование стандартных атак. Думаешь, у тебя есть то, что нужно, чтобы победить меня?",I Crunchers amano mangiare Gemme Incantesimo. Sono cattive notizie per le tue creature che si affidano al lancio di incantesimi piuttosto che agli attacchi standard. Pensi di avere ciò che serve per battermi?,咀嚼者喜歡吃法術寶石。這對於依賴施法而非使用標準攻擊的生物來說是個壞消息。你覺得你有能力打敗我嗎？,粉碎者喜欢吃法术宝石。这对于那些依靠施法而非使用标准攻击的生物来说可不是好消息。你觉得你有能力打败我吗？,크런처들은 주문 보석을 먹는 것을 좋아합니다. 이는 일반 공격 대신 주문 시전에 의존하는 당신의 생물들에게는 나쁜 소식이죠. 날 이길 수 있을 거라 생각하나요?,"Chrupacze lubią zjadać Klejnoty Zaklęć. To zła wiadomość dla twoich stworzeń, które polegają na rzucaniu zaklęć zamiast używania standardowych ataków. Myślisz, że masz to, czego potrzeba, by mnie pokonać?","Хрумкачі люблять їсти Магічні Самоцвіти. Це погані новини для твоїх істот, які покладаються на використання заклинань, а не на стандартні атаки. Думаєш, у тебе є те, що потрібно, щоб перемогти мене?",Crunchers eten graag Spreukstenen. Dat is slecht nieuws voor je wezens die afhankelijk zijn van het werpen van spreuken in plaats van standaard aanvallen. Denk je dat je het in je hebt om mij te verslaan?,"Cruncher'lar Büyü Taşlarını yemeyi severler. Bu, standart saldırılar yerine büyü yapmaya dayanan yaratıkların için kötü haber. Beni yenecek kadar iyi olduğunu düşünüyor musun?"
L_MASTER_DIALOG_CONSTRUCT,,Constructs utilize powerful Arsenal Spells to destroy their foes. Let's see if you can handle them!,構造体は強力なアーセナル呪文を使って敵を破壊する。あなたがそれに対処できるか見てみよう！,"Konstrukte nutzen mächtige Arsenal-Zauber, um ihre Feinde zu vernichten. Mal sehen, ob du mit ihnen fertig wirst!",Les Constructions utilisent de puissants Sorts d'Arsenal pour détruire leurs ennemis. Voyons si vous pouvez leur faire face !,Los Constructos utilizan poderosos Hechizos de Arsenal para destruir a sus enemigos. ¡Veamos si puedes manejarlos!,Constructos utilizam poderosas Magias de Arsenal para destruir seus inimigos. Vamos ver se você consegue lidar com eles!,"Конструкты используют мощные Арсенальные Заклинания, чтобы уничтожить своих врагов. Посмотрим, справишься ли ты с ними!",I costrutti utilizzano potenti Incantesimi d'Arsenale per distruggere i loro nemici. Vediamo se riesci a gestirli!,構裝體運用強大的軍械法術來摧毀敵人。讓我們看看你能否應付得了它們！,构造体利用强大的军械法术来摧毁敌人。让我们看看你能否应对它们！,구조체들은 강력한 무기고 주문을 활용하여 적들을 파괴합니다. 당신이 그들을 상대할 수 있는지 한번 볼까요!,"Konstrukty wykorzystują potężne Zaklęcia Arsenału, aby niszczyć swoich wrogów. Zobaczmy, czy sobie z nimi poradzisz!","Конструкти використовують потужні Арсенальні Закляття, щоб знищити своїх ворогів. Подивимось, чи зможеш ти з ними впоратись!",Constructen gebruiken krachtige Arsenaalspreuken om hun vijanden te vernietigen. Laten we eens kijken of jij ze aankunt!,"Yapılar, düşmanlarını yok etmek için güçlü Cephane Büyüleri kullanır. Bakalım onlarla başa çıkabilecek misin!"
L_MASTER_DIALOG_CRUSADER,,"Crusaders are defensive melee attackers that can pack a serious punch while also taking a beating themselves. Here, let me show you just how tough they are!",聖騎士は防御力の高い近接アタッカーで、自らが打たれ強さを誇りながらも強力な一撃を繰り出すことができます。ここで、彼らがどれだけタフなのか見せてあげましょう！,"Kreuzritter sind defensive Nahkämpfer, die ordentlich austeilen können und gleichzeitig selbst einiges einstecken. Hier, lass mich dir zeigen, wie zäh sie wirklich sind!",Les Croisés sont des attaquants de mêlée défensifs qui peuvent frapper fort tout en encaissant eux-mêmes de sérieux coups. Laissez-moi vous montrer à quel point ils sont coriaces !,Los Cruzados son atacantes cuerpo a cuerpo defensivos que pueden asestar un golpe devastador mientras también aguantan una paliza. ¡Déjame mostrarte lo resistentes que son!,"Cruzados são atacantes corpo a corpo defensivos que podem desferir golpes poderosos enquanto também aguentam uma surra. Aqui, deixe-me mostrar a você o quão resistentes eles são!","Крестоносцы - это оборонительные бойцы ближнего боя, которые могут нанести серьезный урон, одновременно выдерживая сильные удары. Позвольте мне показать вам, насколько они на самом деле выносливы!","I Crociati sono attaccanti da mischia difensivi che possono sferrare colpi devastanti e allo stesso tempo incassare parecchio. Ecco, lascia che ti mostri quanto sono resistenti!",十字軍是防禦型近戰攻擊者，他們不僅能夠給予沉重的打擊，同時也能承受猛烈的攻擊。來吧，讓我展示給你看他們到底有多堅韌！,圣斗士是防御型近战攻击者，他们不仅能够造成强大的伤害，还能承受猛烈的攻击。来，让我向你展示一下他们到底有多坚韧！,"성기사는 자신이 맞으면서도 강력한 일격을 가할 수 있는 방어적인 근접 공격자입니다. 자, 제가 그들이 얼마나 강인한지 보여드리겠습니다!","Krzyżowcy to defensywni wojownicy walczący wręcz, którzy potrafią zadać potężny cios, jednocześnie wytrzymując sporo obrażeń. Oto, pozwól, że pokażę ci, jak bardzo są wytrzymali!","Хрестоносці — це оборонні бійці ближнього бою, які можуть завдавати серйозних ударів, одночасно витримуючи побої. Дозвольте показати вам, наскільки вони насправді витривалі!","Kruisvaarders zijn defensieve vechters in gevechten van dichtbij die een serieuze klap kunnen uitdelen terwijl ze zelf ook flink wat klappen kunnen incasseren. Hier, laat me je eens laten zien hoe taai ze zijn!","Crusaderlar, kendileri dayak yerken bile ciddi bir darbe indirebilen savunmacı yakın dövüş saldırganlarıdır. Hadi, sana ne kadar dayanıklı olduklarını göstereyim!"
L_MASTER_DIALOG_DEMIGOD,,Demigods are manipulative creatures that mold their friends and foes to suit their needs. Why don't we have a quick duel so I can show you how they work?,半神は友も敵も自分の都合に合わせて操る策略家だ。手短な決闘をして、彼らがどう動くか見せてあげようか？,"Halbgötter sind manipulative Kreaturen, die ihre Freunde und Feinde nach ihren Bedürfnissen formen. Wie wäre es mit einem schnellen Duell, damit ich dir zeigen kann, wie sie funktionieren?",Les demi-dieux sont des créatures manipulatrices qui façonnent leurs amis et ennemis selon leurs besoins. Pourquoi ne pas faire un duel rapide pour que je puisse vous montrer comment ils fonctionnent ?,Los semidioses son criaturas manipuladoras que moldean a sus amigos y enemigos para satisfacer sus necesidades. ¿Por qué no tenemos un duelo rápido para que pueda mostrarte cómo funcionan?,Semideuses são criaturas manipuladoras que moldam seus amigos e inimigos para atender às suas necessidades. Que tal um duelo rápido para que eu possa mostrar a você como eles funcionam?,"Полубоги — манипулятивные существа, которые формируют своих друзей и врагов в соответствии со своими потребностями. Почему бы нам не провести быструю дуэль, чтобы я мог показать тебе, как они действуют?",I semidei sono creature manipolatrici che plasmano amici e nemici per adattarli alle loro esigenze. Perché non facciamo un rapido duello così posso mostrarti come funzionano?,半神是操縱性的生物，會塑造他們的朋友和敵人以滿足自己的需求。我們何不來場快速的決鬥，讓我向你展示他們是如何運作的？,半神是操纵性的生物，他们会塑造朋友和敌人以满足自己的需求。我们来进行一场快速的决斗，这样我就能向你展示他们是如何运作的，好吗？,반신들은 자신의 필요에 맞게 친구와 적을 조종하는 교활한 생물입니다. 그들이 어떻게 작동하는지 보여드리기 위해 간단한 결투를 해보는 건 어떨까요?,"Półbogowie to manipulacyjne istoty, które kształtują swoich przyjaciół i wrogów, by dopasować ich do swoich potrzeb. Może stoczymy szybki pojedynek, żebym mógł ci pokazać, jak działają?","Напівбоги — це маніпулятивні істоти, які формують своїх друзів і ворогів відповідно до своїх потреб. Чому б нам не провести швидку дуель, щоб я міг показати тобі, як вони діють?",Halfgoden zijn manipulatieve wezens die hun vrienden en vijanden vormen naar hun behoeften. Waarom houden we niet een snel duel zodat ik je kan laten zien hoe ze werken?,"Yarı tanrılar, arkadaşlarını ve düşmanlarını kendi ihtiyaçlarına göre şekillendiren manipülatif yaratıklardır. Neden hızlı bir düello yapıp sana nasıl çalıştıklarını göstermiyorum?"
L_MASTER_DIALOG_DEVIL,,"Each Devil specializes in destroying creatures that belong to a certain class. What's more, Krampus allows my other Devils to share their power so they can handle anything you throw their way. Let's fight - but be warned, this won't be easy!",各デビルは特定のクラスに属する生物を破壊することに特化しています。さらに、クランプスは私の他のデビルたちが力を共有できるようにして、あなたが仕掛けてくるどんなものにも対処できるようにしています。戦いましょう――ただし警告しておきますが、これは簡単ではありませんよ！,"Jeder Teufel ist darauf spezialisiert, Kreaturen einer bestimmten Klasse zu vernichten. Und was noch besser ist: Krampus erlaubt meinen anderen Teufeln, ihre Macht zu teilen, damit sie mit allem fertig werden können, was du ihnen entgegenwirfst. Lass uns kämpfen - aber sei gewarnt, das wird nicht einfach!","Chaque Diable se spécialise dans la destruction de créatures appartenant à une certaine classe. De plus, Krampus permet à mes autres Diables de partager leur pouvoir afin qu'ils puissent faire face à tout ce que vous leur lancerez. Battons-nous - mais soyez prévenus, ce ne sera pas facile !","Cada Diablo se especializa en destruir criaturas que pertenecen a una determinada clase. Además, Krampus permite que mis otros Diablos compartan su poder para que puedan manejar cualquier cosa que les lances. Luchemos, ¡pero te advierto que esto no será fácil!","Cada Diabo se especializa em destruir criaturas que pertencem a uma determinada classe. Além disso, Krampus permite que meus outros Diabos compartilhem seu poder para que possam lidar com qualquer coisa que você jogar contra eles. Vamos lutar - mas esteja avisado, isso não será fácil!","Каждый Дьявол специализируется на уничтожении существ определенного класса. Более того, Крампус позволяет моим другим Дьяволам делиться своей силой, чтобы они могли справиться с чем угодно, что вы им противопоставите. Давайте сразимся - но предупреждаю, это будет непросто!","Ogni Diavolo è specializzato nella distruzione di creature che appartengono a una certa classe. Inoltre, Krampus permette ai miei altri Diavoli di condividere il loro potere così da poter affrontare qualsiasi cosa tu gli scagli contro. Combattiamo - ma ti avverto, non sarà facile!",每個惡魔都專精於摧毀屬於特定種類的生物。更重要的是，坎普斯讓我的其他惡魔能夠分享他們的力量，使他們能應付你所有的攻擊。來戰鬥吧——但要警惕，這不會是件容易的事！,每个魔鬼都专精于消灭属于特定种类的生物。更重要的是，坎卜斯能让我的其他魔鬼分享他们的力量，使他们能应对你的任何攻击。来战斗吧——但要警惕，这不会很容易！,"각 악마는 특정 계열에 속하는 생물을 파괴하는 데 특화되어 있습니다. 게다가, 크람푸스는 제 다른 악마들이 자신의 힘을 공유하도록 해서 당신이 어떤 것을 던지든 상대할 수 있게 해줍니다. 싸워봅시다 - 하지만 경고하겠습니다, 이건 쉽지 않을 거예요!","Każdy Diabeł specjalizuje się w niszczeniu stworzeń należących do określonej klasy. Co więcej, Krampus pozwala moim pozostałym Diabłom dzielić się swoją mocą, dzięki czemu mogą poradzić sobie ze wszystkim, co przeciwko nim wystawisz. Walczmy - ale ostrzegam, nie będzie to łatwe!","Кожен Диявол спеціалізується на знищенні істот, що належать до певного класу. Більше того, Крампус дозволяє моїм іншим Дияволам ділитися своєю силою, щоб вони могли впоратися з будь-чим, що ви кинете на їхньому шляху. Давайте битися - але попереджаю, це буде нелегко!","Elke Duivel is gespecialiseerd in het vernietigen van wezens die tot een bepaalde klasse behoren. Bovendien stelt Krampus mijn andere Duivels in staat om hun kracht te delen, zodat ze alles aankunnen wat je op hun pad brengt. Laten we vechten - maar wees gewaarschuwd, dit wordt niet gemakkelijk!","Her Şeytan belirli bir sınıfa ait yaratıkları yok etmekte uzmanlaşmıştır. Dahası, Krampus diğer Şeytanlarımın güçlerini paylaşmalarına izin vererek önlerine çıkan her şeyle başa çıkabilmelerini sağlar. Hadi savaşalım - ama uyarıyorum, bu kolay olmayacak!"
L_MASTER_DIALOG_DIABOLIC_HORDE,,"Diabolic Horde are perhaps the most cooperative of any creature in all of Rodia. They encourage and empower one another with only one goal in mind: to achieve victory at all costs. Frankly, I don't think you stand a chance, but we shall see soon enough!",悪魔の大群はおそらくロディア全土のどの生物よりも協力的だろう。彼らは互いに励まし、力を与え合い、ただ一つの目標を心に抱いている：どんな犠牲を払っても勝利を手に入れることだ。正直に言うと、あなたには勝ち目はないと思うが、すぐにわかることだろう！,"Diabolische Horde sind vielleicht die kooperativsten Kreaturen in ganz Rodia. Sie ermutigen und stärken einander mit nur einem Ziel vor Augen: um jeden Preis zu siegen. Ehrlich gesagt glaube ich nicht, dass du eine Chance hast, aber wir werden es bald genug sehen!","Les Hordes Diaboliques sont peut-être les créatures les plus coopératives de tout Rodia. Elles s'encouragent et se renforcent mutuellement avec un seul objectif en tête : remporter la victoire à tout prix. Franchement, je ne pense pas que vous ayez la moindre chance, mais nous verrons bien assez tôt !","Las Hordas Diabólicas son quizás las criaturas más cooperativas de todo Rodia. Se animan y se fortalecen mutuamente con un solo objetivo en mente: lograr la victoria a toda costa. Francamente, no creo que tengas ninguna posibilidad, ¡pero pronto lo veremos!","A Horda Diabólica é talvez a mais cooperativa de todas as criaturas em toda Rodia. Eles encorajam e fortalecem uns aos outros com apenas um objetivo em mente: alcançar a vitória a qualquer custo. Francamente, não acho que você tenha chance, mas logo veremos!","Дьявольская Орда, пожалуй, самые сплоченные существа во всей Родии. Они поддерживают и усиливают друг друга с единственной целью: добиться победы любой ценой. Честно говоря, я не думаю, что у тебя есть шанс, но скоро мы это увидим!","Le Orde Diaboliche sono forse le creature più cooperative in tutta Rodia. Si incoraggiano e si potenziano a vicenda con un solo obiettivo in mente: ottenere la vittoria a qualsiasi costo. Francamente, non credo che tu abbia alcuna possibilità, ma lo vedremo abbastanza presto!",魔族大軍或許是羅迪亞大陸上所有生物中最具合作精神的。他們互相鼓勵和增強力量，心中只有一個目標：不惜一切代價取得勝利。坦白說，我認為你沒有勝算，但我們很快就會知道了！,恶魔军团可能是罗迪亚所有生物中最具协作精神的。他们互相鼓励和增强力量，心中只有一个目标：不惜一切代价取得胜利。坦白说，我认为你没有机会，但我们很快就会知道了！,"디아볼릭 호드는 아마도 로디아의 모든 생물 중에서 가장 협력적인 존재일 것입니다. 그들은 단 하나의 목표만을 염두에 두고 서로를 격려하고 강화합니다: 어떤 대가를 치르더라도 승리를 쟁취하는 것. 솔직히 말해서, 당신이 이길 가능성은 없다고 생각합니다만, 곧 알게 되겠죠!","Diaboliczna Horda to być może najbardziej współpracujące ze sobą stworzenia w całej Rodii. Zachęcają i wzmacniają się nawzajem, mając na uwadze tylko jeden cel: osiągnąć zwycięstwo za wszelką cenę. Szczerze mówiąc, nie sądzę, że masz jakiekolwiek szanse, ale wkrótce się przekonamy!","Диявольська Орда, мабуть, найбільш згуртовані створіння в усій Родії. Вони підтримують і посилюють один одного з єдиною метою: досягти перемоги за будь-яку ціну. Чесно кажучи, я не думаю, що у вас є шанс, але ми скоро побачимо!","Duivelse Horde zijn misschien wel de meest coöperatieve wezens in heel Rodia. Ze moedigen elkaar aan en versterken elkaar met slechts één doel voor ogen: overwinning behalen tegen elke prijs. Eerlijk gezegd denk ik niet dat je een kans maakt, maar dat zullen we snel genoeg zien!","Şeytani Sürü, muhtemelen tüm Rodia'daki herhangi bir yaratık arasında en işbirlikçi olanıdır. Birbirlerini sadece tek bir hedefle cesaretlendirir ve güçlendirirler: ne pahasına olursa olsun zafer kazanmak. Açıkçası, şansınızın olduğunu düşünmüyorum, ama yakında göreceğiz!"
L_MASTER_DIALOG_DJINN,,"Djinns are powerful spellcasters who capitalize on casting multiple spells in quick succession. If you're unable to put a stop to them in time, they'll soon overwhelm your efforts and annihilate your creatures where they stand. Perhaps a demonstration is in order - let's fight!",ジンは複数の呪文を素早く連続で唱えることに長けた強力な呪術師だ。彼らを時間内に止められなければ、すぐに君の努力を圧倒し、君の生物たちをその場で消し去ってしまうだろう。おそらく実演が必要だな――戦おう！,"Dschinn sind mächtige Zauberwirker, die davon profitieren, mehrere Zauber in schneller Folge zu wirken. Wenn du sie nicht rechtzeitig aufhalten kannst, werden sie bald deine Bemühungen zunichtemachen und deine Kreaturen vernichten, wo sie stehen. Vielleicht ist eine Demonstration angebracht - lass uns kämpfen!","Les Djinns sont de puissants lanceurs de sorts qui excellent à enchaîner plusieurs sorts rapidement. Si vous ne parvenez pas à les arrêter à temps, ils submergeront bientôt vos efforts et anéantiront vos créatures sur place. Peut-être qu'une démonstration s'impose - combattons !","Los Djinns son lanzadores de hechizos poderosos que se aprovechan de lanzar múltiples hechizos en rápida sucesión. Si no logras detenerlos a tiempo, pronto abrumarán tus esfuerzos y aniquilarán a tus criaturas donde se encuentren. Quizás sea necesaria una demostración - ¡luchemos!","Os Djinns são poderosos lançadores de feitiços que se aproveitam de lançar múltiplos feitiços em rápida sucessão. Se você não conseguir detê-los a tempo, eles logo sobrecarregarão seus esforços e aniquilarão suas criaturas onde estiverem. Talvez uma demonstração seja necessária - vamos lutar!","Джинны - могущественные заклинатели, которые умело используют преимущество быстрого наложения нескольких заклинаний подряд. Если вы не сможете остановить их вовремя, они вскоре подавят ваши усилия и уничтожат ваших существ на месте. Возможно, требуется демонстрация - давайте сразимся!","I Djinn sono potenti incantatori che sfruttano il lancio di molteplici incantesimi in rapida successione. Se non riesci a fermarli in tempo, presto sopraffanno i tuoi sforzi e annientano le tue creature sul posto. Forse è il caso di fare una dimostrazione - combattiamo!",神靈是強大的施法者，他們擅長快速連續施放多個法術。如果你無法及時阻止他們，他們很快就會壓倒你的努力，並將你的生物消滅於原地。或許需要一場示範 - 讓我們開戰吧！,灯灵是强大的施法者，他们擅长快速连续施放多个法术。如果你不能及时阻止他们，他们很快就会压倒你的努力，让你的生物原地灰飞烟灭。也许需要一场示范——来战斗吧！,"진은 여러 주문을 빠르게 연속으로 시전하는 것을 활용하는 강력한 주문 시전자입니다. 제때 그들을 저지하지 못하면, 곧 당신의 노력을 압도하고 당신의 생물들을 그 자리에서 전멸시킬 것입니다. 아마도 시범이 필요할 것 같군요 - 싸워봅시다!","Dżiny to potężni czarodzieje, którzy wykorzystują rzucanie wielu zaklęć w szybkim tempie. Jeśli nie zdołasz ich powstrzymać na czas, szybko przytłoczą twoje wysiłki i unicestwią twoje stworzenia tam, gdzie stoją. Być może potrzebna jest demonstracja - walczmy!","Джини - могутні чаклуни, які використовують перевагу швидкого накладання кількох заклинань поспіль. Якщо ви не зможете вчасно зупинити їх, вони незабаром подолають ваші зусилля і знищать ваших істот на місці. Можливо, варто провести демонстрацію - давайте битися!","Djinns zijn krachtige magiërs die profiteren van het snel achter elkaar uitspreken van meerdere spreuken. Als je ze niet op tijd kunt stoppen, zullen ze al snel je inspanningen overweldigen en je wezens ter plekke vernietigen. Misschien is een demonstratie op zijn plaats - laten we vechten!","Cinler, hızlı bir şekilde art arda birden fazla büyü yapabilen güçlü büyücülerdir. Eğer onları zamanında durduramasan, çabalarını kısa sürede alt edecek ve yaratıklarını oldukları yerde yok edeceklerdir. Belki de bir gösteri gerekiyor - hadi savaşalım!"
L_MASTER_DIALOG_DOOM_FORTRESS,,"Thanks to their massive size, Doom Fortresses make great tanks, capable of drawing aggression away from weaker creatures so they can continue fighting uninterrupted. Let's see if you can get past my defenses!",巨大なサイズのおかげで、ドゥームフォートレスは優れたタンクとなり、弱い生物から敵の攻撃を引き付けることで、彼らが妨げられずに戦い続けられるようにします。私の防御を突破できるかどうか見てみましょう！,"Dank ihrer massiven Größe sind Unheilsfestungen hervorragende Tanks, die Aggression von schwächeren Kreaturen ablenken können, damit diese ungestört weiterkämpfen können. Mal sehen, ob du an meinen Verteidigungen vorbeikommst!","Grâce à leur taille imposante, les Forteresses du Destin font d'excellents tanks, capables d'attirer l'agressivité loin des créatures plus faibles afin qu'elles puissent continuer à combattre sans interruption. Voyons si vous pouvez franchir mes défenses !","Gracias a su tamaño masivo, las Fortalezas de la Perdición son excelentes tanques, capaces de atraer la agresión lejos de criaturas más débiles para que puedan seguir luchando sin interrupciones. ¡Veamos si puedes superar mis defensas!","Graças ao seu tamanho massivo, as Fortalezas da Ruína são ótimos tanques, capazes de atrair a agressão para longe das criaturas mais fracas para que elas possam continuar lutando sem interrupção. Vamos ver se você consegue passar pelas minhas defesas!","Благодаря своим огромным размерам, Крепости Рока отлично выполняют роль танков, способных отвлекать агрессию от более слабых существ, чтобы те могли продолжать сражаться без помех. Посмотрим, сможешь ли ты прорваться сквозь мою защиту!","Grazie alle loro dimensioni massicce, le Fortezze del Destino sono ottimi tank, in grado di attirare l'aggressività lontano dalle creature più deboli così che possano continuare a combattere indisturbate. Vediamo se riesci a superare le mie difese!",由於其龐大的體型，毀滅堡壘是絕佳的坦克，能夠吸引敵人的仇恨，讓較弱的生物可以不受干擾地繼續戰鬥。看看你能否突破我的防禦吧！,由于其庞大的体型，末日要塞是出色的坦克，能够吸引仇恨远离较弱的生物，使它们能够不受干扰地继续战斗。看看你能否突破我的防御！,"거대한 크기 덕분에, 둠 포트리스는 훌륭한 탱커가 되어 약한 생물들이 방해받지 않고 계속 싸울 수 있도록 적의 공격을 끌어당길 수 있습니다. 내 방어선을 뚫을 수 있는지 한번 볼까요!","Dzięki swoim ogromnym rozmiarom, Fortece Zagłady świetnie sprawdzają się jako tanki, zdolne do odciągania agresji od słabszych stworzeń, aby mogły one walczyć bez przeszkód. Zobaczmy, czy zdołasz przebić się przez moje defensywy!","Завдяки своїм величезним розмірам, Фортеці Загибелі чудово виконують роль танків, здатних відволікати агресію від слабших істот, щоб ті могли продовжувати бій без перешкод. Подивимося, чи зможеш ти пробитися крізь мій захист!","Dankzij hun enorme omvang zijn Doemvestingen uitstekende tanks, in staat om agressie weg te trekken van zwakkere wezens zodat die ongestoord kunnen blijven vechten. Laten we eens zien of je voorbij mijn verdediging kunt komen!","Devasa boyutları sayesinde, Kıyamet Kaleleri harika tanklardır, zayıf yaratıkların kesintisiz savaşmaya devam edebilmeleri için saldırganlığı üzerlerine çekme yeteneğine sahiptirler. Bakalım savunmalarımı geçebilecek misin!"
L_MASTER_DIALOG_DOOMGUARD,,Doomguards are protective creatures who greatly reduce the damage their allies take. Let's see if you can pierce through my defenses!,ドゥームガードは仲間が受けるダメージを大幅に軽減する守護的な生物だ。私の防御を突破できるかな！,"Unheilswächter sind beschützende Kreaturen, die den Schaden, den ihre Verbündeten erleiden, stark reduzieren. Mal sehen, ob du meine Verteidigung durchbrechen kannst!",Les Gardes du Destin sont des créatures protectrices qui réduisent considérablement les dégâts subis par leurs alliés. Voyons si vous pouvez percer mes défenses !,Los Guardias de la Perdición son criaturas protectoras que reducen enormemente el daño que reciben sus aliados. ¡Veamos si puedes atravesar mis defensas!,Guardas da Perdição são criaturas protetoras que reduzem drasticamente o dano que seus aliados recebem. Vamos ver se você consegue atravessar minhas defesas!,"Стражи Рока - это защитные существа, которые значительно уменьшают урон, получаемый их союзниками. Посмотрим, сможешь ли ты пробиться сквозь мою защиту!",I Doomguard sono creature protettive che riducono notevolmente i danni subiti dai loro alleati. Vediamo se riesci a penetrare le mie difese!,厄運守衛是保護性生物，能大幅減少盟友所受到的傷害。讓我們看看你能否突破我的防禦！,末日守卫是保护性生物，能大幅减少盟友受到的伤害。看看你能否突破我的防御！,둠가드는 아군이 받는 피해를 크게 줄여주는 보호적인 생물입니다. 내 방어를 뚫을 수 있는지 한번 볼까요!,"Strażnicy Zagłady to stworzenia ochronne, które znacznie zmniejszają obrażenia otrzymywane przez swoich sojuszników. Zobaczmy, czy zdołasz przebić się przez moje defensywy!","Вартові Загибелі - це захисні істоти, які значно зменшують шкоду, яку отримують їхні союзники. Подивимося, чи зможеш ти пробити мій захист!",Doemwachters zijn beschermende wezens die de schade die hun bondgenoten oplopen aanzienlijk verminderen. Laten we eens kijken of je door mijn verdediging heen kunt breken!,"Kıyamet Muhafızları, müttefiklerinin aldığı hasarı büyük ölçüde azaltan koruyucu yaratıklardır. Bakalım savunmalarımı delebilecek misin!"
L_MASTER_DIALOG_DRAGON,,"Dragons are cunning creatures who punish enemies for taking certain actions. For that reason, it takes a brilliant strategy to overcome them. Do you have what it takes to defeat my Dragons?",ドラゴンは狡猾な生き物で、特定の行動を取った敵を罰します。そのため、ドラゴンを倒すには優れた戦略が必要です。あなたには私のドラゴンを倒す力がありますか？,"Drachen sind listige Kreaturen, die Feinde für bestimmte Handlungen bestrafen. Aus diesem Grund braucht es eine brillante Strategie, um sie zu überwinden. Hast du das Zeug dazu, meine Drachen zu besiegen?","Les dragons sont des créatures rusées qui punissent les ennemis pour certaines actions. Pour cette raison, il faut une stratégie brillante pour les vaincre. Avez-vous ce qu'il faut pour défaire mes Dragons ?","Los dragones son criaturas astutas que castigan a los enemigos por realizar ciertas acciones. Por esa razón, se necesita una estrategia brillante para vencerlos. ¿Tienes lo que hace falta para derrotar a mis Dragones?","Dragões são criaturas astutas que punem inimigos por realizarem certas ações. Por esse motivo, é necessária uma estratégia brilhante para superá-los. Você tem o que é preciso para derrotar meus Dragões?","Драконы - хитрые существа, которые наказывают врагов за определённые действия. Поэтому для их преодоления требуется блестящая стратегия. У тебя есть то, что нужно, чтобы победить моих Драконов?","I draghi sono creature astute che puniscono i nemici per aver compiuto determinate azioni. Per questo motivo, serve una strategia brillante per sconfiggerli. Hai ciò che serve per battere i miei Draghi?",龍是狡猾的生物，會懲罰那些採取特定行動的敵人。因此，要戰勝牠們需要精妙的策略。你有足夠的能力來擊敗我的龍嗎？,龙是狡猾的生物，会惩罚那些采取某些行动的敌人。因此，要战胜它们需要一个绝妙的策略。你有足够的能力来击败我的龙吗？,"드래곤은 특정 행동을 취하는 적을 처벌하는 교활한 생물입니다. 그런 이유로, 그들을 물리치기 위해서는 뛰어난 전략이 필요합니다. 당신은 내 드래곤들을 물리칠 능력이 있습니까?","Smoki to przebiegłe stworzenia, które karzą wrogów za podejmowanie określonych działań. Z tego powodu pokonanie ich wymaga genialnej strategii. Czy masz to, czego potrzeba, by pokonać moje Smoki?","Дракони - хитрі істоти, які карають ворогів за певні дії. Саме тому, щоб перемогти їх, потрібна блискуча стратегія. Чи маєш ти те, що потрібно, щоб здолати моїх Драконів?",Draken zijn sluwe wezens die vijanden straffen voor het nemen van bepaalde acties. Daarom is er een briljante strategie nodig om ze te overwinnen. Heb jij wat nodig is om mijn Draken te verslaan?,"Ejderhalar, düşmanlarını belirli eylemler yaptıkları için cezalandıran kurnaz yaratıklardır. Bu nedenle, onları alt etmek için parlak bir strateji gerekir. Ejderhalarımı yenecek güce sahip misin?"
L_MASTER_DIALOG_DRYAD,,Dryads empower their allies' buffs to make them even stronger yet. Think your creatures can overcome my Dryads' magic? We shall see.,ドライアドは仲間の強化効果をさらに強力にする。私のドライアドの魔法に打ち勝てると思うか？さあ、見ものだ。,"Dryaden verstärken die Buffs ihrer Verbündeten, um sie noch mächtiger zu machen. Glaubst du, deine Kreaturen können die Magie meiner Dryaden überwinden? Das werden wir sehen.",Les Dryades renforcent les bonus de leurs alliés pour les rendre encore plus puissants. Tu crois que tes créatures peuvent surmonter la magie de mes Dryades ? Nous verrons bien.,Las dríadas potencian los beneficios de sus aliados para hacerlos aún más fuertes. ¿Crees que tus criaturas pueden superar la magia de mis dríadas? Ya lo veremos.,As dríades potencializam os bônus de seus aliados para torná-los ainda mais fortes. Acha que suas criaturas podem superar a magia das minhas Dríades? Veremos.,"Дриады усиливают баффы своих союзников, делая их еще сильнее. Думаешь, твои существа смогут преодолеть магию моих Дриад? Посмотрим.",Le Driadi potenziano i buff dei loro alleati per renderli ancora più forti. Pensi che le tue creature possano superare la magia delle mie Driadi? Vedremo.,樹精強化盟友的增益效果，使其變得更加強大。你認為你的生物能夠克服我的樹精魔法嗎？我們拭目以待。,树妖能够强化盟友的增益效果，使它们变得更加强大。你认为你的生物能够克服我的树妖魔法吗？我们拭目以待。,드라이어드는 아군의 버프를 강화하여 더욱 강력하게 만듭니다. 당신의 생물들이 내 드라이어드의 마법을 이겨낼 수 있을까요? 두고 봅시다.,"Driady wzmacniają efekty swoich sojuszników, czyniąc je jeszcze potężniejszymi. Myślisz, że twoje stworzenia zdołają pokonać magię moich Driad? Przekonamy się.","Дріади посилюють бафи своїх союзників, роблячи їх ще сильнішими. Думаєш, твої істоти зможуть подолати магію моїх Дріад? Побачимо.",Dryaden versterken de buffs van hun bondgenoten om ze nog krachtiger te maken. Denk je dat jouw wezens de magie van mijn Dryaden kunnen overwinnen? Dat zullen we nog wel eens zien.,"Dryadlar, müttefiklerinin güçlendirmelerini daha da etkili hale getirirler. Yaratıklarının Dryadlarımın büyüsünün üstesinden gelebileceğini mi düşünüyorsun? Göreceğiz."
L_MASTER_DIALOG_DUMPLING,,"Dumplings are very good at making new friends. Ever since I started traveling with a few Dumplings in my party, I've come across all kinds of rare and interesting creatures. You should try it sometime!\n\nBut first, you owe me a duel!",ダンプリングは新しい友達を作るのがとても上手です。ダンプリングを何匹か連れて旅をするようになってから、あらゆる種類の珍しくて面白い生き物に出会ってきました。あなたも一度試してみるべきですよ！\n\nでもその前に、決闘の借りがありますよ！,"Knödel sind sehr gut darin, neue Freunde zu finden. Seit ich mit ein paar Knödeln in meiner Gruppe reise, bin ich auf alle möglichen seltenen und interessanten Kreaturen gestoßen. Du solltest es auch mal versuchen!\n\nAber zuerst schuldest du mir ein Duell!","Les Boulettes sont très douées pour se faire de nouveaux amis. Depuis que j'ai commencé à voyager avec quelques Boulettes dans mon équipe, j'ai rencontré toutes sortes de créatures rares et intéressantes. Tu devrais essayer un jour !\n\nMais d'abord, tu me dois un duel !","Los Dumplings son muy buenos para hacer nuevos amigos. ¡Desde que comencé a viajar con algunos Dumplings en mi grupo, me he encontrado con todo tipo de criaturas raras e interesantes. ¡Deberías intentarlo alguna vez!\n\n¡Pero primero, me debes un duelo!","Os Bolinhos são muito bons em fazer novos amigos. Desde que comecei a viajar com alguns Bolinhos no meu grupo, encontrei todo tipo de criaturas raras e interessantes. Você deveria tentar algum dia!\n\nMas primeiro, você me deve um duelo!","Пельмени очень хороши в заведении новых друзей. С тех пор как я начал путешествовать с несколькими Пельменями в своей группе, я встречал всевозможных редких и интересных существ. Тебе стоит как-нибудь попробовать!\n\nНо сначала ты должен мне дуэль!","I gnocchetti sono molto bravi a fare nuove amicizie. Da quando ho iniziato a viaggiare con alcuni Gnocchetti nel mio gruppo, ho incontrato ogni tipo di creatura rara e interessante. Dovresti provare qualche volta!\n\nMa prima, mi devi un duello!",餃子很擅長交新朋友。自從我開始帶著幾個餃子一起旅行後，我遇到了各種稀有又有趣的生物。你也應該試試看！\n\n不過首先，你欠我一場決鬥！,团子很擅长交新朋友。自从我开始带着几个团子一起旅行以来，我遇到了各种各样稀有有趣的生物。你也应该试试看！\n\n不过首先，你欠我一场决斗！,"만두는 새로운 친구를 사귀는 데 아주 능숙해요. 제가 몇 개의 만두를 파티에 넣고 여행하기 시작한 이후로, 온갖 희귀하고 흥미로운 생물들을 만나게 되었어요. 한번 시도해 보세요!\n\n하지만 먼저, 당신은 나와 결투를 해야 해요!","Pierogi są bardzo dobre w zawieraniu nowych przyjaźni. Odkąd zacząłem podróżować z kilkoma Pierogami w mojej drużynie, natknąłem się na wszelkiego rodzaju rzadkie i interesujące stworzenia. Powinieneś kiedyś spróbować!\n\nAle najpierw, należy mi się pojedynek!","Пельмені дуже добре вміють заводити нових друзів. Відколи я почав подорожувати з кількома Пельменями у своїй групі, я зустрічав усілякі рідкісні та цікаві створіння. Тобі варто спробувати це колись!\n\nАле спочатку ти заборгував мені дуель!","Dumplings zijn erg goed in het maken van nieuwe vrienden. Sinds ik ben gaan reizen met een paar Dumplings in mijn groep, ben ik allerlei zeldzame en interessante wezens tegengekomen. Je zou het eens moeten proberen!\n\nMaar eerst ben je me een duel verschuldigd!","Mantılar yeni arkadaşlar edinmekte çok iyidir. Birkaç Mantı ile seyahat etmeye başladığımdan beri, her türden nadir ve ilginç yaratıkla karşılaştım. Bir ara denemelisin!\n\nAma önce, bana bir düello borçlusun!"
L_MASTER_DIALOG_EFREET,,Efreets light their foes on fire and watch them die short but painful deaths. Allow me to demonstrate!,イフリートは敵に火を放ち、短いながらも苦しい死を遂げる様を眺める。実演してみせよう！,"Efreets setzen ihre Feinde in Brand und sehen zu, wie sie kurze, aber schmerzhafte Tode sterben. Lass mich das demonstrieren!",Les éfrits embrasent leurs ennemis et les regardent mourir de morts brèves mais douloureuses. Permettez-moi de vous faire une démonstration !,Los efrits prenden fuego a sus enemigos y los observan morir muertes breves pero dolorosas. ¡Permíteme demostrarlo!,"Efreets incendeiam seus inimigos e os observam morrer em mortes breves, porém dolorosas. Permita-me demonstrar!","Ифриты поджигают своих врагов и наблюдают, как те умирают быстрой, но мучительной смертью. Позвольте мне продемонстрировать!",Gli Efreet danno fuoco ai loro nemici e li guardano morire di morti brevi ma dolorose. Permettimi di dimostrarlo!,伊夫利特會點燃敵人，看著他們經歷短暫但痛苦的死亡。讓我來示範一下！,火怪点燃敌人，看着他们死于短暂却痛苦的死亡。让我来演示一下！,이프리트들은 적들에게 불을 붙이고 그들이 짧지만 고통스러운 죽음을 맞이하는 것을 지켜봅니다. 제가 직접 보여드리죠!,"Ifryty podpalają swoich wrogów i obserwują, jak umierają krótką, lecz bolesną śmiercią. Pozwól, że zademonstruję!","Іфрити підпалюють своїх ворогів і спостерігають, як ті помирають швидкою, але болісною смертю. Дозвольте мені продемонструвати!",Efreets steken hun vijanden in brand en kijken toe hoe ze een korte maar pijnlijke dood sterven. Laat me het demonstreren!,İfritler düşmanlarını ateşe verir ve onların kısa ama acı dolu ölümlerini izlerler. İzin verin göstereyim!
L_MASTER_DIALOG_EFT,,Efts are pack hunters who are great at weakening their enemies before closing in for the kill. You don't stand a chance against me!,エフトは群れで狩りをし、獲物を倒す前に敵を弱らせるのが得意だ。お前は私に勝てるはずがない！,"Efts sind Rudeljäger, die ihre Feinde geschickt schwächen, bevor sie zum Todesstoß ansetzen. Du hast keine Chance gegen mich!",Les Efts sont des chasseurs de meute qui excellent à affaiblir leurs ennemis avant de se rapprocher pour l'hallali. Tu n'as aucune chance contre moi !,Los efts son cazadores en manada que son excelentes debilitando a sus enemigos antes de acercarse para matar. ¡No tienes ninguna posibilidad contra mí!,Efts são caçadores de matilha que são ótimos em enfraquecer seus inimigos antes de se aproximarem para o abate. Você não tem chance contra mim!,"Эфты - охотники, действующие стаями, которые отлично умеют ослаблять своих врагов перед тем, как приблизиться для смертельного удара. У тебя нет ни единого шанса против меня!",Gli Efts sono cacciatori di branco molto abili nell'indebolire i loro nemici prima di avvicinarsi per il colpo finale. Non hai alcuna possibilità contro di me!,艾夫特是群體獵手，善於在最後殺死獵物前先削弱敵人。你根本不是我的對手！,幼蝾是群体猎手，擅长在最后致命一击前削弱敌人。你根本不是我的对手！,에프트들은 사냥감을 죽이기 전에 약화시키는 데 능숙한 무리 사냥꾼입니다. 당신은 나를 상대로 승산이 없어요!,"Efty to łowcy stadni, którzy doskonale osłabiają swoich wrogów, zanim przystąpią do zabicia. Nie masz ze mną żadnych szans!","Ефти - це мисливці, які полюють зграями і чудово вміють ослаблювати своїх ворогів перед тим, як наблизитися для смертельного удару. У тебе немає жодного шансу проти мене!",Efts zijn groepsjagers die uitblinken in het verzwakken van hun vijanden voordat ze voor de kill dichterbij komen. Je maakt geen schijn van kans tegen mij!,"Eftler, avlarını öldürmek için yaklaşmadan önce düşmanlarını zayıflatmakta usta olan sürü avcılarıdır. Bana karşı hiç şansın yok!"
L_MASTER_DIALOG_ELF,,"Elves are great at foiling their foes' strategies. Right when you think you've got it all figured out, my Elves will come in and ruin your day. Let's fight!",エルフは敵の策略を挫くのが得意だ。あなたがすべてを理解したと思った瞬間、私のエルフたちが現れてあなたの計画を台無しにするだろう。勝負だ！,"Elfen sind großartig darin, die Strategien ihrer Feinde zu durchkreuzen. Genau dann, wenn du denkst, du hättest alles durchschaut, werden meine Elfen auftauchen und dir den Tag verderben. Lass uns kämpfen!","Les Elfes excellent à déjouer les stratégies de leurs adversaires. Juste au moment où vous pensez avoir tout compris, mes Elfes surgiront et gâcheront votre journée. Battons-nous !","Los elfos son excelentes frustrando las estrategias de sus enemigos. Justo cuando crees que lo tienes todo resuelto, mis elfos aparecerán y arruinarán tu día. ¡Luchemos!","Os Elfos são ótimos em frustrar as estratégias de seus inimigos. Bem quando você acha que já tem tudo planejado, meus Elfos vão aparecer e arruinar seu dia. Vamos lutar!","Эльфы отлично умеют расстраивать планы своих врагов. Как раз когда ты думаешь, что всё просчитал, мои Эльфы появятся и испортят тебе день. Давай сразимся!","Gli Elfi sono bravissimi a sventare le strategie dei loro nemici. Proprio quando pensi di aver capito tutto, i miei Elfi arriveranno e ti rovineranno la giornata. Combattiamo!",精靈族擅長破壞敵人的策略。就在你以為自己已經掌握全局的時候，我的精靈們會出現並毀了你的好日子。來戰鬥吧！,精灵擅长破坏敌人的策略。正当你以为自己已经想通了一切，我的精灵们就会出现并毁掉你的好日子。来战斗吧！,"엘프들은 적의 전략을 좌절시키는 데 탁월합니다. 당신이 모든 것을 파악했다고 생각하는 바로 그 순간, 내 엘프들이 나타나 당신의 하루를 망쳐버릴 거예요. 싸워봅시다!","Elfy świetnie niweczą strategie swoich wrogów. Właśnie wtedy, gdy myślisz, że wszystko rozgryzłeś, moje Elfy wkroczą i zepsują ci dzień. Walczmy!","Ельфи чудово зривають стратегії своїх ворогів. Саме тоді, коли ти думаєш, що все розклав по поличках, мої Ельфи з'являться і зіпсують тобі день. Давай битися!","Elfen zijn geweldig in het dwarsbomen van de strategieën van hun vijanden. Net wanneer je denkt dat je alles hebt uitgevogeld, komen mijn Elfen binnen en verpesten ze je dag. Laten we vechten!","Elfler düşmanlarının stratejilerini bozmakta ustadır. Tam her şeyi çözdüğünü düşündüğün anda, Elflerim gelip gününü mahvedecek. Hadi savaşalım!"
L_MASTER_DIALOG_ENT,,"Ents possess extraordinary healing properties. I think it has something to do with their bark, but I can't say for sure.\n\nYou're going to need to focus all your effort on one Ent at a time in order to bring them down before they recover. Let's fight!",エントは驚異的な回復能力を持っている。それは彼らの樹皮に関係していると思うが、確かなことは言えない。\n\n彼らが回復する前に倒すためには、一度に一体のエントに全ての力を集中させる必要がある。さあ、戦おう！,"Ents besitzen außergewöhnliche Heilkräfte. Ich glaube, es hat etwas mit ihrer Rinde zu tun, aber ich kann es nicht mit Sicherheit sagen.\n\nDu wirst all deine Anstrengungen auf einen Ent gleichzeitig konzentrieren müssen, um ihn zu besiegen, bevor er sich erholt. Lass uns kämpfen!","Les Ents possèdent des propriétés de guérison extraordinaires. Je pense que cela a quelque chose à voir avec leur écorce, mais je ne peux pas l'affirmer avec certitude.\n\nVous allez devoir concentrer tous vos efforts sur un Ent à la fois afin de les abattre avant qu'ils ne récupèrent. Combattons !","Los Ents poseen propiedades curativas extraordinarias. Creo que tiene algo que ver con su corteza, pero no puedo asegurarlo.\n\nVas a necesitar concentrar todo tu esfuerzo en un Ent a la vez para derribarlos antes de que se recuperen. ¡Vamos a luchar!","Os Ents possuem propriedades de cura extraordinárias. Acho que tem algo a ver com a casca deles, mas não posso afirmar com certeza.\n\nVocê vai precisar concentrar todo o seu esforço em um Ent de cada vez para derrubá-los antes que se recuperem. Vamos lutar!","Энты обладают необычайными целебными свойствами. Думаю, это как-то связано с их корой, но наверняка сказать не могу.\n\nТебе придётся сосредоточить все усилия на одном Энте за раз, чтобы одолеть его до того, как он восстановится. Давай сразимся!","Gli Ent possiedono straordinarie proprietà curative. Penso abbia qualcosa a che fare con la loro corteccia, ma non posso dirlo con certezza.\n\nDovrai concentrare tutti i tuoi sforzi su un Ent alla volta per abbatterli prima che si riprendano. Combattiamo!",樹人擁有非凡的治癒能力。我想這與他們的樹皮有關，但我不能確定。\n\n你需要集中所有精力一次對付一個樹人，才能在他們恢復前將其擊倒。讓我們戰鬥吧！,树精拥有非凡的治愈能力。我认为这与它们的树皮有关，但我不能确定。\n\n你需要集中全部精力一次对付一个树精，才能在它们恢复之前将其击倒。来战斗吧！,"엔트들은 놀라운 치유 능력을 가지고 있어. 그것이 그들의 나무껍질과 관련이 있다고 생각하지만, 확실히 말할 수는 없어.\n\n그들이 회복하기 전에 쓰러뜨리려면 한 번에 한 엔트에게 모든 노력을 집중해야 할 거야. 싸우자!","Enty posiadają niezwykłe właściwości lecznicze. Myślę, że ma to coś wspólnego z ich korą, ale nie mogę powiedzieć tego na pewno.\n\nBędziesz musiał skupić cały swój wysiłek na jednym Encie naraz, aby powalić go, zanim zdąży się zregenerować. Do walki!","Енти мають надзвичайні цілющі властивості. Думаю, це якось пов'язано з їхньою корою, але не можу сказати напевне.\n\nТобі доведеться зосередити всі зусилля на одному Енті за раз, щоб подолати його до того, як він відновиться. Давай битися!","Ents bezitten buitengewone genezende eigenschappen. Ik denk dat het iets te maken heeft met hun schors, maar ik kan het niet met zekerheid zeggen.\n\nJe zult al je inspanningen op één Ent tegelijk moeten richten om ze neer te halen voordat ze herstellen. Laten we vechten!","Entler olağanüstü iyileşme özelliklerine sahiptir. Bunun kabukları ile ilgisi olduğunu düşünüyorum, ama kesin olarak söyleyemem.\n\nOnları iyileşmeden önce alt edebilmek için tüm çabanı bir seferde tek bir Ent'e odaklaman gerekecek. Hadi savaşalım!"
L_MASTER_DIALOG_FAMILIAR,,Familiars are studious creatures who work together for a common cause - often in an effort to better their own research. Familiars are always looking for new ways to power up their spells. Care to see firsthand what they've learned recently?,使い魔は共通の目的のために協力する勤勉な生き物で、多くの場合、自分たちの研究を向上させるために努力しています。使い魔は常に自分の呪文を強化する新しい方法を探しています。彼らが最近学んだことを直接見てみませんか？,"Vertraute sind fleißige Kreaturen, die für eine gemeinsame Sache zusammenarbeiten - oft mit dem Ziel, ihre eigene Forschung zu verbessern. Vertraute sind stets auf der Suche nach neuen Wegen, ihre Zauber zu verstärken. Möchtest du aus erster Hand sehen, was sie kürzlich gelernt haben?",Les Familiers sont des créatures studieuses qui travaillent ensemble pour une cause commune - souvent dans le but d'améliorer leurs propres recherches. Les Familiers sont toujours à la recherche de nouvelles façons de renforcer leurs sorts. Envie de voir de vos propres yeux ce qu'ils ont appris récemment ?,"Los familiares son criaturas estudiosas que trabajan juntas por una causa común, a menudo en un esfuerzo por mejorar su propia investigación. Los familiares siempre están buscando nuevas formas de potenciar sus hechizos. ¿Te gustaría ver de primera mano lo que han aprendido recientemente?",Familiares são criaturas estudiosas que trabalham juntas por uma causa comum - frequentemente em um esforço para melhorar suas próprias pesquisas. Familiares estão sempre procurando novas maneiras de potencializar seus feitiços. Gostaria de ver em primeira mão o que eles aprenderam recentemente?,"Фамильяры — прилежные создания, которые работают вместе ради общей цели — часто стремясь улучшить собственные исследования. Фамильяры всегда ищут новые способы усилить свои заклинания. Хотите лично увидеть, чему они недавно научились?",I famigli sono creature studiose che lavorano insieme per una causa comune - spesso nel tentativo di migliorare le proprie ricerche. I famigli sono sempre alla ricerca di nuovi modi per potenziare i loro incantesimi. Ti piacerebbe vedere in prima persona cosa hanno imparato di recente?,魔寵是勤奮好學的生物，為了共同的目標而一起努力——通常是為了改進自己的研究。魔寵總是在尋找新方法來增強他們的法術。想親眼看看他們最近學到了什麼嗎？,使魔是勤奋好学的生物，它们为了共同的目标而一起努力——通常是为了改进自己的研究。使魔总是在寻找新方法来增强它们的法术。想亲眼看看它们最近学到了什么吗？,"패밀리어는 공통된 목표를 위해 함께 일하는 학구적인 생물로, 주로 자신들의 연구를 발전시키기 위해 노력합니다. 패밀리어는 항상 자신들의 주문을 강화할 새로운 방법을 찾고 있습니다. 그들이 최근에 배운 것을 직접 확인해 보시겠습니까?","Chowańce to pilne stworzenia, które współpracują dla wspólnej sprawy - często w celu udoskonalenia własnych badań. Chowańce zawsze szukają nowych sposobów na wzmocnienie swoich zaklęć. Chcesz zobaczyć na własne oczy, czego ostatnio się nauczyły?","Фаміліари - це старанні істоти, які працюють разом заради спільної мети - часто намагаючись покращити власні дослідження. Фаміліари завжди шукають нові способи посилити свої заклинання. Хочеш побачити на власні очі, чого вони нещодавно навчилися?",Familiars zijn ijverige wezens die samenwerken voor een gemeenschappelijk doel - vaak in een poging hun eigen onderzoek te verbeteren. Familiars zijn altijd op zoek naar nieuwe manieren om hun spreuken krachtiger te maken. Wil je met eigen ogen zien wat ze onlangs hebben geleerd?,"Tanıdıklar, ortak bir amaç için birlikte çalışan çalışkan yaratıklardır - genellikle kendi araştırmalarını geliştirmek için çaba gösterirler. Tanıdıklar her zaman büyülerini güçlendirmenin yeni yollarını ararlar. Son zamanlarda ne öğrendiklerini ilk elden görmeye ne dersin?"
L_MASTER_DIALOG_FIEND,,"Fiends have some serious anger issues, and that's just fine with me. They're almost always looking for someone or something to take out their aggression on, making them ideal combatants. My Fiends will rip your creatures to shreds. Let's fight!",魔物たちは深刻な怒りの問題を抱えているが、それは私にとっては好都合だ。彼らはほぼ常に誰かや何かに攻撃性をぶつける相手を探しており、それが彼らを理想的な戦闘員にしている。私の魔物たちはお前の生き物たちを粉々に引き裂くだろう。勝負だ！,"Unholde haben einige ernsthafte Wutprobleme, und das ist mir nur recht. Sie suchen fast immer nach jemandem oder etwas, an dem sie ihre Aggression auslassen können, was sie zu idealen Kämpfern macht. Meine Unholde werden deine Kreaturen in Stücke reißen. Lass uns kämpfen!","Les Démons ont de sérieux problèmes de colère, et ça me convient parfaitement. Ils cherchent presque toujours quelqu'un ou quelque chose sur qui déverser leur agressivité, ce qui en fait des combattants idéaux. Mes Démons vont réduire vos créatures en lambeaux. Battons-nous !","Los Demonios tienen serios problemas de ira, y eso me parece perfecto. Casi siempre están buscando a alguien o algo con quien descargar su agresión, lo que los convierte en combatientes ideales. Mis Demonios harán trizas a tus criaturas. ¡Luchemos!","Os Demônios têm sérios problemas de raiva, e isso me convém perfeitamente. Eles estão quase sempre procurando alguém ou algo para descarregar sua agressão, tornando-os combatentes ideais. Meus Demônios vão despedaçar suas criaturas. Vamos lutar!","Исчадия имеют серьезные проблемы с гневом, и меня это вполне устраивает. Они почти всегда ищут кого-то или что-то, на ком можно выместить свою агрессию, что делает их идеальными бойцами. Мои Исчадия разорвут твоих существ в клочья. Давай сразимся!","I demoni hanno seri problemi di rabbia, e questo mi va benissimo. Sono quasi sempre alla ricerca di qualcuno o qualcosa su cui sfogare la loro aggressività, il che li rende combattenti ideali. I miei Demoni faranno a pezzi le tue creature. Combattiamo!",魔物有些嚴重的憤怒問題，而這對我來說正合適。牠們幾乎總是在尋找某人或某物來發洩自己的攻擊性，這使牠們成為理想的戰鬥者。我的魔物會將你的生物撕成碎片。來戰鬥吧！,恶鬼有一些严重的愤怒问题，这对我来说正合适。它们几乎总是在寻找某人或某物来发泄它们的攻击性，这使它们成为理想的战斗者。我的恶鬼会把你的生物撕成碎片。来战斗吧！,"마귀들은 심각한 분노 문제가 있는데, 그건 나한테는 딱 좋은 일이지. 그들은 거의 항상 자신의 공격성을 발산할 대상을 찾고 있어서 이상적인 전투원이 되지. 내 마귀들이 네 생물들을 갈가리 찢어놓을 거야. 싸우자!","Demony mają poważne problemy z gniewem, i to mi w zupełności odpowiada. Prawie zawsze szukają kogoś lub czegoś, na kim mogłyby wyładować swoją agresję, co czyni je idealnymi wojownikami. Moje Demony rozszarpią twoje stworzenia na strzępy. Walczmy!","Біси мають серйозні проблеми з гнівом, і мене це цілком влаштовує. Вони майже завжди шукають когось чи щось, на кому можна зірвати свою агресію, що робить їх ідеальними бійцями. Мої Біси розірвуть твоїх істот на шматки. Давай битися!","Duivels hebben serieuze woedeproblemen, en dat vind ik prima. Ze zijn bijna altijd op zoek naar iemand of iets om hun agressie op bot te vieren, wat hen ideale strijders maakt. Mijn Duivels zullen je wezens aan stukken scheuren. Laten we vechten!","İblisler ciddi öfke sorunları yaşarlar ve bu benim için gayet iyi. Neredeyse her zaman saldırganlıklarını çıkaracak birini veya bir şeyi ararlar, bu da onları ideal savaşçılar yapar. İblislerim yaratıklarını paramparça edecek. Hadi dövüşelim!"
L_MASTER_DIALOG_FORSAKEN,,"Forsaken are unimaginably powerful creatures, but such strength comes at a cost. They're cursed, you see, and this curse causes their bodies to decompose in the midst of battle. A bit unfortunate, but the tradeoff is well worth it. Let me show you how it's done!",見捨てられし者は想像を絶する強力な生物だが、そのような力には代償が伴う。彼らは呪われているのだ。この呪いにより、戦闘中に彼らの体は腐敗していく。少々不運ではあるが、その代償は十分に価値がある。やり方を見せてあげよう！,"Verstoßene sind unvorstellbar mächtige Kreaturen, aber solche Stärke hat ihren Preis. Sie sind verflucht, verstehst du, und dieser Fluch lässt ihre Körper mitten im Kampf zerfallen. Ein wenig unglücklich, aber der Tausch ist es durchaus wert. Lass mich dir zeigen, wie es gemacht wird!","Les Abandonnés sont des créatures d'une puissance inimaginable, mais une telle force a un prix. Ils sont maudits, voyez-vous, et cette malédiction provoque la décomposition de leur corps au milieu du combat. Un peu malheureux, mais l'échange en vaut largement la peine. Laissez-moi vous montrer comment cela fonctionne !","Los Abandonados son criaturas de poder inimaginable, pero tal fuerza tiene un precio. Están malditos, verás, y esta maldición hace que sus cuerpos se descompongan en medio de la batalla. Un poco desafortunado, pero el intercambio bien vale la pena. ¡Déjame mostrarte cómo se hace!","Os Abandonados são criaturas inimaginavelmente poderosas, mas tal força tem um preço. Eles são amaldiçoados, entende, e essa maldição faz com que seus corpos se decomponham no meio da batalha. Um pouco infeliz, mas a troca vale muito a pena. Deixe-me mostrar como é feito!","Проклятые - невообразимо могущественные существа, но такая сила имеет свою цену. Они прокляты, видите ли, и это проклятие заставляет их тела разлагаться в разгар битвы. Немного неприятно, но такой обмен вполне того стоит. Позвольте мне показать вам, как это делается!","I Rinnegati sono creature di potenza inimmaginabile, ma tale forza ha un prezzo. Sono maledetti, vedi, e questa maledizione fa decomporsi i loro corpi nel bel mezzo della battaglia. Un po' sfortunato, ma il compromesso ne vale decisamente la pena. Lascia che ti mostri come si fa!",被遺忘者是難以想像的強大生物，但這種力量是有代價的。你看，他們被詛咒了，這個詛咒會導致他們的身體在戰鬥中分解。有點不幸，但這種交換絕對值得。讓我來告訴你怎麼做！,流亡者是难以想象的强大生物，但这种力量是有代价的。你看，他们被诅咒了，这种诅咒会导致他们的身体在战斗中分解。有点不幸，但这种交换是非常值得的。让我来向你展示它是如何运作的！,"버림받은 자들은 상상할 수 없을 정도로 강력한 생물이지만, 그런 힘에는 대가가 따릅니다. 그들은 저주를 받았죠, 아시다시피, 이 저주는 전투 중에 그들의 몸이 부패하게 만듭니다. 조금 불행한 일이지만, 그 대가는 충분히 가치가 있습니다. 어떻게 하는지 보여드리죠!","Zapomniani to niewyobrażalnie potężne istoty, ale taka siła ma swoją cenę. Są przeklęci, widzisz, a to przekleństwo powoduje, że ich ciała rozkładają się w trakcie walki. Trochę niefortunne, ale wymiana jest tego warta. Pozwól, że pokażę ci, jak to się robi!","Знедолені - це неймовірно могутні істоти, але така сила має свою ціну. Вони прокляті, розумієте, і це прокляття змушує їхні тіла розкладатися посеред бою. Трохи невдало, але така жертва того варта. Дозвольте показати вам, як це робиться!","Verlatenen zijn onvoorstelbaar krachtige wezens, maar zo'n kracht komt met een prijs. Ze zijn vervloekt, begrijp je, en deze vloek zorgt ervoor dat hun lichamen vergaan tijdens gevechten. Een beetje ongelukkig, maar de ruil is het meer dan waard. Laat me je laten zien hoe het werkt!","Lanetliler hayal edilemeyecek kadar güçlü yaratıklardır, ancak böyle bir güç bir bedel karşılığında gelir. Lanetliler, anlayacağın, ve bu lanet savaşın ortasında vücutlarının çürümesine neden olur. Biraz talihsiz bir durum, ama karşılığında elde edilenler buna değer. Sana nasıl yapıldığını göstereyim!"
L_MASTER_DIALOG_GARGANTUAN,,"Gargantuans are as patient as they are powerful. It takes a few moments for them to utilize their full power, but when they finally do... fireworks!\n\nCare for a duel? My Gargantuans are growing restless.",ガーガンチュアンは力強さと同じくらい忍耐強い。彼らが全力を発揮するには少し時間がかかるが、いざそうなると...花火だ！\n\n決闘はどうだ？私のガーガンチュアンたちが落ち着きなくなってきている。,"Giganten sind so geduldig wie sie mächtig sind. Es dauert einen Moment, bis sie ihre volle Kraft entfalten können, aber wenn sie es endlich tun... Feuerwerk!\n\nLust auf ein Duell? Meine Giganten werden unruhig.","Les Gargantuesques sont aussi patients que puissants. Il leur faut quelques instants pour utiliser leur pleine puissance, mais quand ils le font enfin... feu d'artifice !\n\nEnvie d'un duel ? Mes Gargantuesques deviennent impatients.","Los Gargantúas son tan pacientes como poderosos. Les toma unos momentos utilizar todo su poder, pero cuando finalmente lo hacen... ¡fuegos artificiales!\n\n¿Te apetece un duelo? Mis Gargantúas se están poniendo inquietos.","Gargantuanos são tão pacientes quanto poderosos. Leva alguns momentos para que utilizem todo o seu poder, mas quando finalmente o fazem... fogos de artifício!\n\nQuer um duelo? Meus Gargantuanos estão ficando inquietos.","Гаргантюаны столь же терпеливы, сколь и могущественны. Им требуется несколько мгновений, чтобы использовать свою полную силу, но когда они наконец это делают... фейерверк!\n\nНе желаете дуэль? Мои Гаргантюаны становятся беспокойными.","I giganteschi sono pazienti quanto potenti. Ci vuole qualche momento prima che utilizzino la loro piena potenza, ma quando finalmente lo fanno... fuochi d'artificio!\n\nTi va un duello? I miei giganteschi stanno diventando irrequieti.",巨獸既有耐心又有力量。牠們需要一點時間才能發揮全部實力，但當牠們終於做到時...煙火四射！\n\n想來場決鬥嗎？我的巨獸們正變得躁動不安。,巨像既有耐心又有力量。它们需要一点时间才能发挥全部实力，但当它们最终发力时...烟花四溅！\n\n想来一场决斗吗？我的巨像正变得焦躁不安。,"거대 생물들은 강력한 만큼 인내심도 깊습니다. 그들이 완전한 힘을 발휘하기까지는 약간의 시간이 걸리지만, 일단 그렇게 되면... 불꽃놀이죠!\n\n결투 한판 어떠세요? 제 거대 생물들이 점점 안절부절못하고 있어요.","Gargantuany są tak cierpliwe, jak potężne. Potrzebują chwili, by wykorzystać pełnię swojej mocy, ale kiedy w końcu to zrobią... fajerwerki!\n\nMasz ochotę na pojedynek? Moje Gargantuany robią się niespokojne.","Гаргантюани такі ж терплячі, як і могутні. Їм потрібно кілька моментів, щоб використати свою повну силу, але коли вони нарешті це роблять... феєрверк!\n\nБажаєте дуель? Мої Гаргантюани стають неспокійними.","Gargantuanen zijn net zo geduldig als ze krachtig zijn. Het duurt even voordat ze hun volledige kracht kunnen benutten, maar wanneer ze dat eindelijk doen... vuurwerk!\n\nZin in een duel? Mijn Gargantuanen worden rusteloos.","Gargantuan'lar güçlü oldukları kadar sabırlıdır da. Tam güçlerini kullanmaları biraz zaman alır, ama sonunda kullandıklarında... havai fişek gösterisi!\n\nBir düello ister misin? Gargantuan'larım huzursuzlanmaya başladı."
L_MASTER_DIALOG_GARGOYLE,,Gargoyles are great at casting spells - especially Chaos spells! Let me show you how they work!,ガーゴイルは呪文を唱えるのが得意です - 特にカオス呪文が！どのように機能するか見せてあげましょう！,"Gargoyles sind großartige Zauberer - besonders bei Chaos-Zaubern! Lass mich dir zeigen, wie sie funktionieren!",Les gargouilles sont douées pour lancer des sorts - particulièrement les sorts de Chaos ! Laisse-moi te montrer comment ils fonctionnent !,"Los gárgolas son excelentes lanzando hechizos, ¡especialmente hechizos de Caos! ¡Déjame mostrarte cómo funcionan!",Gárgulas são ótimas em lançar magias - especialmente magias do Caos! Deixe-me mostrar como elas funcionam!,"Горгульи отлично колдуют - особенно заклинания Хаоса! Позволь мне показать тебе, как это работает!",I gargoyle sono eccellenti nel lanciare incantesimi - specialmente incantesimi del Caos! Lascia che ti mostri come funzionano!,石像鬼在施放法術方面非常出色——尤其是混沌法術！讓我來向你展示它們是如何運作的！,滴水兽擅长施放法术——尤其是混沌法术！让我来给你演示一下它们是如何运作的！,가고일들은 주문 시전에 뛰어나요 - 특히 혼돈 주문에요! 어떻게 작동하는지 보여드릴게요!,"Gargulce świetnie rzucają zaklęcia - zwłaszcza zaklęcia Chaosu! Pozwól, że pokażę ci, jak to działa!","Горгульї чудово вміють творити закляття - особливо закляття Хаосу! Дозвольте показати вам, як вони працюють!",Gargouilles zijn geweldig in het werpen van spreuken - vooral Chaosspreuken! Laat me je laten zien hoe ze werken!,Gargoyleler büyü yapmakta harikadır - özellikle de Kaos büyülerinde! Nasıl çalıştıklarını sana göstereyim!
L_MASTER_DIALOG_GEMLING,,Gemlings are as strong as they are gorgeous. They can power up your other creatures' Spell Gems to make them a force to be reckoned with. Let me show you in a duel!,ジェムリングは美しさと同じくらい強力です。他の生物のスペルジェムを強化して、恐るべき存在にすることができます。デュエルでお見せしましょう！,"Gemlings sind so stark wie sie schön sind. Sie können die Zaubersteine deiner anderen Kreaturen verstärken und sie zu einer Macht machen, mit der man rechnen muss. Lass mich dir das in einem Duell zeigen!",Les Gemlings sont aussi puissants qu'ils sont magnifiques. Ils peuvent renforcer les Gemmes de Sort de vos autres créatures pour en faire une force redoutable. Laissez-moi vous montrer dans un duel !,Las Gemas Vivientes son tan fuertes como hermosas. Pueden potenciar las Gemas de Hechizo de tus otras criaturas para convertirlas en una fuerza a tener en cuenta. ¡Déjame mostrártelo en un duelo!,Geminhas são tão fortes quanto são lindas. Elas podem potencializar as Gemas de Feitiço de suas outras criaturas para torná-las uma força a ser respeitada. Deixe-me mostrar a você em um duelo!,"Гемлинги столь же сильны, сколь и прекрасны. Они могут усиливать Самоцветы Заклинаний других существ, делая их грозной силой. Позволь мне показать тебе это в поединке!","I Gemling sono tanto forti quanto splendidi. Possono potenziare le Gemme Incantate delle tue altre creature, rendendole una forza con cui fare i conti. Lascia che te lo dimostri in un duello!",寶石靈族既強大又華麗。牠們能夠強化你其他生物的法術寶石，使牠們成為不可小覷的力量。讓我在決鬥中向你展示！,宝石灵族既强大又华丽。它们能够强化你其他生物的法术宝石，使它们成为不可小觑的力量。让我在决斗中向你展示！,젬링은 아름다운 만큼 강력합니다. 다른 생물들의 주문 보석을 강화하여 무시할 수 없는 존재로 만들 수 있죠. 결투에서 보여드리겠습니다!,"Gemlątka są tak silne, jak piękne. Mogą wzmocnić Klejnoty Zaklęć twoich innych stworzeń, czyniąc je siłą, z którą trzeba się liczyć. Pozwól, że pokażę ci to w pojedynku!","Гемлінги такі ж сильні, як і прекрасні. Вони можуть посилювати Магічні Самоцвіти інших істот, роблячи їх силою, з якою доведеться рахуватися. Дозвольте показати вам це в дуелі!",Gemlings zijn even sterk als dat ze prachtig zijn. Ze kunnen de Spreukedelstenen van je andere wezens versterken om ze tot een geduchte tegenstander te maken. Laat me het je tonen in een duel!,Gemling'ler hem güçlü hem de göz kamaştırıcı yaratıklar. Diğer yaratıklarının Büyü Taşlarını güçlendirerek onları göz ardı edilemeyecek bir güce dönüştürebilirler. Sana bir düelloda göstereyim!
L_MASTER_DIALOG_GHOUL,,"Ghouls love to chew on feet. It's certainly a strange fetish, but it does have its uses in battle, believe it or not. Take off your shoes and let's fight!",グールは足を噛むのが大好きだ。確かに奇妙な性癖だが、信じられないかもしれないが戦闘では役立つこともある。靴を脱いで戦おう！,"Ghule kauen gerne an Füßen. Es ist sicherlich ein seltsamer Fetisch, aber er hat tatsächlich seinen Nutzen im Kampf, ob du es glaubst oder nicht. Zieh deine Schuhe aus und lass uns kämpfen!","Les goules adorent mâchouiller les pieds. C'est certainement un fétichisme étrange, mais croyez-le ou non, cela a son utilité au combat. Enlevez vos chaussures et battons-nous !","A los necrófagos les encanta masticar pies. Es sin duda un fetiche extraño, pero tiene sus usos en batalla, lo creas o no. ¡Quítate los zapatos y luchemos!","Os carniçais adoram mastigar pés. É certamente um fetiche estranho, mas acredite ou não, tem suas utilidades em batalha. Tire seus sapatos e vamos lutar!","Гули обожают грызть ноги. Это, конечно, странный фетиш, но, хотите верьте, хотите нет, в бою это может пригодиться. Снимайте обувь и давайте сражаться!","I ghoul adorano masticare i piedi. È sicuramente una strana fissazione, ma ha i suoi usi in battaglia, che ci crediate o no. Toglietevi le scarpe e combattiamo!",食屍鬼喜歡啃咬腳丫子。這確實是個奇怪的癖好，但信不信由你，在戰鬥中還真有些用處。脫掉你的鞋子，讓我們開戰吧！,食尸鬼喜欢啃咬脚丫子。这确实是个奇怪的癖好，但信不信由你，在战斗中还真有些用处。脱掉你的鞋子，让我们开战吧！,"구울들은 발을 씹는 것을 좋아합니다. 확실히 이상한 취향이지만, 믿거나 말거나 전투에서는 나름 쓸모가 있습니다. 신발을 벗고 싸워봅시다!","Ghule uwielbiają żuć stopy. To z pewnością dziwny fetysz, ale wierz lub nie, ma to swoje zastosowanie w walce. Zdejmij buty i walczmy!","Гулі обожнюють жувати ноги. Це, безумовно, дивний фетиш, але, вірте чи ні, він має свої переваги в бою. Зніміть взуття і давайте битися!","Ghoelen kauwen graag op voeten. Het is zeker een vreemde fetisj, maar het heeft geloof het of niet zijn nut in de strijd. Doe je schoenen uit en laten we vechten!","Gulyabaniler ayakları çiğnemeyi çok sever. Kesinlikle tuhaf bir fetiş, ama inanın ya da inanmayın, savaşta işe yaradığı durumlar var. Ayakkabılarınızı çıkarın ve savaşalım!"
L_MASTER_DIALOG_GIANT,,Giants are hearty creatures that can take a serious beating without even batting an eye. Your creatures will probably exhaust themselves long before they can so much as scratch my Giants! Let's do this!,巨人は目をまばたきひとつせずに深刻な打撃を受けても耐えられる頑丈な生き物だ。お前の生き物たちは、私の巨人に傷一つつけることもできずに疲れ果ててしまうだろう！さあ、やろうじゃないか！,"Riesen sind robuste Kreaturen, die ordentlich einstecken können, ohne mit der Wimper zu zucken. Deine Kreaturen werden sich wahrscheinlich erschöpfen, lange bevor sie meinen Riesen auch nur einen Kratzer zufügen können! Lass es uns tun!",Les Géants sont des créatures robustes qui peuvent encaisser une raclée sérieuse sans même sourciller. Vos créatures s'épuiseront probablement bien avant de pouvoir ne serait-ce qu'égratigner mes Géants ! Allons-y !,Los gigantes son criaturas robustas que pueden recibir una paliza seria sin siquiera inmutarse. ¡Tus criaturas probablemente se agotarán mucho antes de que puedan hacerle el más mínimo rasguño a mis Gigantes! ¡Vamos a ello!,Os Gigantes são criaturas robustas que podem levar uma surra séria sem nem piscar. Suas criaturas provavelmente se esgotarão muito antes de conseguirem ao menos arranhar meus Gigantes! Vamos lá!,"Гиганты — выносливые существа, которые могут выдержать серьезные побои, даже не моргнув глазом. Ваши существа, вероятно, истощат себя задолго до того, как смогут хотя бы поцарапать моих Гигантов! Давайте начнем!",I giganti sono creature robuste che possono subire colpi devastanti senza battere ciglio. Le tue creature probabilmente si esauriranno molto prima di riuscire anche solo a graffiare i miei Giganti! Facciamolo!,巨人是強壯的生物，即使遭受重創也不會眨眼。你的生物可能早在對我的巨人造成一點傷害之前就已經精疲力竭了！來吧，開始吧！,巨人是强壮的生物，即使遭受重创也不会眨一下眼睛。你的生物可能早在对我的巨人造成一丝划痕之前就已经精疲力竭了！来吧，开始吧！,거인들은 눈 하나 깜짝하지 않고 심각한 타격을 견뎌낼 수 있는 강인한 생물입니다. 당신의 생물들은 내 거인들에게 상처 하나 내기도 전에 지쳐버릴 겁니다! 시작해 봅시다!,"Olbrzymy to wytrzymałe stworzenia, które mogą przyjąć solidne lanie nawet nie mrugnąwszy okiem. Twoje stwory prawdopodobnie wyczerpią się na długo zanim zdołają choćby zadrasnąć moje Olbrzymy! Zaczynajmy!","Велетні - це витривалі істоти, які можуть витримати серйозні побої навіть не моргнувши оком. Ваші істоти, ймовірно, виснажаться задовго до того, як зможуть хоча б подряпати моїх Велетнів! Давайте почнемо!",Reuzen zijn robuuste wezens die een flinke aframmeling kunnen verdragen zonder met hun ogen te knipperen. Je wezens zullen waarschijnlijk uitgeput raken lang voordat ze ook maar een krasje op mijn Reuzen kunnen maken! Laten we beginnen!,"Devler, göz kırpmadan ciddi bir dayak yiyebilen dayanıklı yaratıklardır. Yaratıkların muhtemelen benim Devlerime en ufak bir çizik bile atamadan çok önce kendilerini tüketecekler! Hadi başlayalım!"
L_MASTER_DIALOG_GOLEM,,"Golems have a variety of different uses. Every strong team should include at least one Golem, I say. Allow me to demonstrate their power!",ゴーレムには様々な用途があります。強力なチームには少なくとも1体のゴーレムを含めるべきだと私は言います。その力をお見せしましょう！,"Golems haben eine Vielzahl verschiedener Verwendungsmöglichkeiten. Jedes starke Team sollte mindestens einen Golem enthalten, sage ich. Lass mich ihre Macht demonstrieren!","Les Golems ont une variété d'utilisations différentes. Toute équipe solide devrait inclure au moins un Golem, à mon avis. Permettez-moi de vous démontrer leur puissance !","Los Golems tienen una variedad de usos diferentes. Todo equipo fuerte debería incluir al menos un Golem, digo yo. ¡Permíteme demostrarte su poder!","Os Golens têm uma variedade de usos diferentes. Todo time forte deve incluir pelo menos um Golem, eu digo. Permita-me demonstrar o poder deles!","Големы имеют множество различных применений. Я считаю, что в каждой сильной команде должен быть хотя бы один Голем. Позвольте мне продемонстрировать их силу!","I golem hanno una varietà di usi diversi. Ogni squadra forte dovrebbe includere almeno un Golem, dico io. Permettimi di dimostrare il loro potere!",魔像有各種不同的用途。我認為每個強大的隊伍都應該至少包含一個魔像。讓我來展示它們的力量吧！,魔像有各种不同的用途。我认为每个强大的队伍都应该至少包含一个魔像。让我来展示它们的力量吧！,골렘은 다양한 용도로 활용됩니다. 강력한 팀이라면 최소한 한 명의 골렘을 포함해야 한다고 생각합니다. 제가 그들의 힘을 보여드리겠습니다!,"Golemy mają wiele różnych zastosowań. Każda silna drużyna powinna mieć przynajmniej jednego Golema, tak twierdzę. Pozwól, że zademonstruję ich moc!","Големи мають різноманітне застосування. Кожна сильна команда повинна включати хоча б одного Голема, я кажу. Дозвольте мені продемонструвати їхню силу!","Golems hebben een verscheidenheid aan verschillende toepassingen. Elk sterk team zou minstens één Golem moeten bevatten, zeg ik. Laat me hun kracht demonstreren!","Golemlerin çeşitli farklı kullanımları vardır. Güçlü her takımda en az bir Golem olmalı, bence. İzin verin size güçlerini göstereyim!"
L_MASTER_DIALOG_GORGON,,"Gorgons turn their enemies to stone. Yep, it's that simple. Good luck beating that!\n\nLet's fight!",ゴルゴンは敵を石に変えてしまう。そう、それだけさ。それに勝てるといいね！\n\n戦おう！,"Gorgonen versteinern ihre Feinde. Ja, so einfach ist das. Viel Glück, das zu besiegen!\n\nLass uns kämpfen!","Les Gorgones transforment leurs ennemis en pierre. Ouais, c'est aussi simple que ça. Bonne chance pour vaincre ça !\n\nAllons-y !","Los gorgones convierten a sus enemigos en piedra. Sí, así de simple. ¡Buena suerte venciendo eso!\n\n¡Vamos a luchar!","Górgonas transformam seus inimigos em pedra. Sim, é simples assim. Boa sorte tentando vencer isso!\n\nVamos lutar!","Горгоны превращают своих врагов в камень. Да, всё так просто. Удачи в борьбе с этим!\n\nДавай сразимся!","I Gorgoni trasformano i loro nemici in pietra. Sì, è così semplice. Buona fortuna a batterli!\n\nCombattiamo!",蛇髮女妖能將敵人石化。沒錯，就是這麼簡單。祝你好運打敗它們！\n\n來戰鬥吧！,蛇发女妖能将敌人变成石头。没错，就是这么简单。祝你好运打败它们！\n\n开始战斗吧！,"고르곤은 적을 돌로 변화시킵니다. 네, 그게 다예요. 그걸 이길 수 있을지 행운을 빕니다!\n\n싸우자!","Gorgony zamieniają swoich wrogów w kamień. Tak, to takie proste. Powodzenia w pokonaniu tego!\n\nWalczmy!","Горгони перетворюють своїх ворогів на камінь. Так, це настільки просто. Успіхів у боротьбі з цим!\n\nДавай битися!","Gorgons veranderen hun vijanden in steen. Ja, zo simpel is het. Veel succes om dat te verslaan!\n\nLaten we vechten!","Gorgonlar düşmanlarını taşa çevirir. Evet, bu kadar basit. Bunu yenmeye çalış bakalım!\n\nHadi savaşalım!"
L_MASTER_DIALOG_GRIFFON,,Griffons are fast-moving creatures that work together to bombard their foes from the skies. Do you really think your creatures stand a chance against my team of Griffons? We'll soon find out!,グリフォンは素早く動き、空から敵を一斉攻撃するために連携して行動する生物だ。お前の生物たちが私のグリフォンチームに勝てると本当に思っているのか？すぐにわかるだろう！,"Greifen sind schnelle Kreaturen, die zusammenarbeiten, um ihre Feinde aus der Luft zu bombardieren. Glaubst du wirklich, dass deine Kreaturen eine Chance gegen mein Team aus Greifen haben? Das werden wir bald herausfinden!",Les griffons sont des créatures rapides qui travaillent ensemble pour bombarder leurs ennemis depuis les cieux. Penses-tu vraiment que tes créatures ont une chance contre mon équipe de griffons ? Nous le saurons bientôt !,Los grifos son criaturas veloces que trabajan juntos para bombardear a sus enemigos desde los cielos. ¿De verdad crees que tus criaturas tienen alguna posibilidad contra mi equipo de grifos? ¡Pronto lo descubriremos!,Os Grifos são criaturas velozes que trabalham juntas para bombardear seus inimigos dos céus. Você realmente acha que suas criaturas têm chance contra meu time de Grifos? Logo descobriremos!,"Грифоны — быстрые существа, которые действуют сообща, чтобы атаковать своих врагов с небес. Ты правда думаешь, что твои существа смогут противостоять моей команде Грифонов? Скоро узнаем!",I grifoni sono creature veloci che lavorano insieme per bombardare i loro nemici dai cieli. Pensi davvero che le tue creature abbiano una possibilità contro la mia squadra di Grifoni? Lo scopriremo presto!,獅鷲是快速移動的生物，牠們會一起從天空轟炸敵人。你真的認為你的生物有機會對抗我的獅鷲團隊嗎？我們很快就會知道了！,狮鹫是快速移动的生物，它们协同作战，从天空轰炸敌人。你真的认为你的生物能对抗我的狮鹫小队吗？我们很快就会知道了！,그리폰은 하늘에서 적을 폭격하기 위해 함께 움직이는 빠른 생물입니다. 당신의 생물들이 내 그리폰 팀에 맞설 기회가 있다고 정말 생각하시나요? 곧 알게 될 거예요!,"Gryfy to szybko poruszające się stworzenia, które współpracują, aby bombardować swoich wrogów z nieba. Czy naprawdę myślisz, że twoje stworzenia mają szansę przeciwko mojej drużynie Gryfów? Zaraz się przekonamy!","Грифони - це швидкі істоти, які працюють разом, щоб бомбардувати своїх ворогів з небес. Ти справді вважаєш, що твої істоти мають шанс проти моєї команди Грифонів? Скоро дізнаємось!",Griffioenen zijn snelbewegende wezens die samenwerken om hun vijanden vanuit de lucht te bombarderen. Denk je echt dat jouw wezens een kans maken tegen mijn team van Griffioenen? Dat zullen we snel ontdekken!,"Griffonlar, düşmanlarını gökyüzünden bombalamak için birlikte çalışan hızlı hareket eden yaratıklardır. Yaratıklarının benim Griffon takımıma karşı gerçekten bir şansı olduğunu mu düşünüyorsun? Yakında öğreneceğiz!"
L_MASTER_DIALOG_GRIMOIRE,,Grimoires are great for powering up certain Spell Gems to make them even stronger yet. Care to see what I mean? Let's duel!,魔導書は特定の魔石をさらに強化するのに最適です。どういう意味か見てみますか？勝負だ！,"Grimoires sind hervorragend, um bestimmte Zaubersteine noch stärker zu machen. Willst du sehen, was ich meine? Lass uns duellieren!",Les grimoires sont parfaits pour renforcer certaines Gemmes de Sort et les rendre encore plus puissantes. Envie de voir ce que je veux dire ? Battons-nous !,Los grimorios son excelentes para potenciar ciertas Gemas de Hechizo y hacerlas aún más fuertes. ¿Quieres ver a qué me refiero? ¡Vamos a batirnos en duelo!,"Grimórios são ótimos para potencializar certas Gemas de Feitiço, tornando-as ainda mais fortes. Quer ver o que quero dizer? Vamos duelar!","Гримуары отлично подходят для усиления определённых Самоцветов Заклинаний, делая их ещё мощнее. Хочешь увидеть, что я имею в виду? Давай сразимся!",I grimori sono ottimi per potenziare alcune Gemme Incantesimo e renderle ancora più forti. Vuoi vedere cosa intendo? Duellante!,魔法書非常適合強化特定的法術寶石，使它們變得更加強大。想看看我的意思嗎？來決鬥吧！,魔法书非常适合强化某些法术宝石，使它们变得更加强大。想看看我是什么意思吗？来决斗吧！,마법서는 특정 주문 보석을 더욱 강화하는 데 아주 좋습니다. 제 말이 무슨 뜻인지 보고 싶으신가요? 결투합시다!,"Grimuary są świetne do wzmacniania niektórych Klejnotów Zaklęć, aby uczynić je jeszcze potężniejszymi. Chcesz zobaczyć, co mam na myśli? Walczmy!","Грімуари чудово підходять для посилення певних Магічних Самоцвітів, щоб зробити їх ще могутнішими. Хочеш побачити, що я маю на увазі? Давай битися!",Grimoires zijn geweldig om bepaalde Spreukstenen nog krachtiger te maken. Wil je zien wat ik bedoel? Laten we duelleren!,"Grimoire'lar, belirli Büyü Taşlarını güçlendirerek onları daha da etkili hale getirmek için harikadır. Ne demek istediğimi görmek ister misin? Hadi düello yapalım!"
L_MASTER_DIALOG_HARPY,,"Harpies are nasty little creatures that take great satisfaction in plucking the eyes out of their enemies' skulls... usually, while their foes are still alive. Got time for a quick duel?",ハーピーは嫌らしい小さな生き物で、敵の頭蓋骨から目玉をえぐり取ることに大きな満足を覚える...たいていの場合、相手がまだ生きているうちにね。手短な決闘の時間はある？,"Harpyien sind widerliche kleine Kreaturen, die große Befriedigung darin finden, ihren Feinden die Augen aus den Schädeln zu picken... normalerweise, während ihre Gegner noch am Leben sind. Hast du Zeit für ein schnelles Duell?","Les harpies sont de vilaines petites créatures qui prennent un grand plaisir à arracher les yeux des crânes de leurs ennemis... généralement, pendant que leurs adversaires sont encore en vie. Tu as le temps pour un petit duel ?","Las arpías son pequeñas criaturas desagradables que obtienen gran satisfacción al arrancar los ojos de los cráneos de sus enemigos... generalmente, mientras sus adversarios aún están vivos. ¿Tienes tiempo para un duelo rápido?","Harpias são criaturinhas desagradáveis que sentem grande satisfação em arrancar os olhos dos crânios de seus inimigos... geralmente, enquanto suas vítimas ainda estão vivas. Tem tempo para um duelo rápido?","Гарпии — мерзкие маленькие создания, которые получают огромное удовольствие, выклёвывая глаза из черепов своих врагов... обычно, пока их противники ещё живы. Есть время для быстрой дуэли?","Le Arpie sono piccole creature malvagie che provano grande soddisfazione nello strappare gli occhi dai crani dei loro nemici... di solito, mentre le loro vittime sono ancora vive. Hai tempo per un duello veloce?",鷹身女妖是些令人討厭的小生物，牠們從敵人頭顱中挖出眼睛時會感到極大的滿足感...通常，是在敵人還活著的時候。有時間來場快速決鬥嗎？,鹰身女妖是些讨厌的小生物，它们从敌人头骨中挖出眼睛时会感到极大的满足感……通常，是在敌人还活着的时候。有时间来一场快速决斗吗？,하피는 적의 두개골에서 눈알을 뽑아내는 데 큰 만족감을 느끼는 불쾌한 작은 생물들이야... 보통은 적이 아직 살아있을 때 그렇게 하지. 빠른 결투 한 판 할 시간 있어?,"Harpie to paskudne małe stworzenia, które czerpią ogromną satysfakcję z wydłubywania oczu z czaszek swoich wrogów... zazwyczaj, gdy ich przeciwnicy wciąż żyją. Masz czas na szybki pojedynek?","Гарпії — це мерзенні маленькі створіння, які отримують величезне задоволення від виколупування очей із черепів своїх ворогів... зазвичай, коли їхні супротивники ще живі. Маєш час на швидку дуель?",Harpijen zijn nare kleine wezens die er veel voldoening uit halen om de ogen uit de schedels van hun vijanden te plukken... meestal terwijl hun tegenstanders nog in leven zijn. Heb je tijd voor een snel duel?,"Harpiler, düşmanlarının kafataslarından gözlerini çıkarmaktan büyük zevk alan iğrenç küçük yaratıklardır... genellikle, düşmanları hala hayattayken. Hızlı bir düello için vaktin var mı?"
L_MASTER_DIALOG_HEMOMANCER,,Hemomancers are great for stealing their enemies' stats and distributing them to your other creatures. Your creatures won't stand a chance after my Hemomancers have leached all their strength away!,ヘモマンサーは敵のステータスを奪い、他の生物に分配するのに最適です。私のヘモマンサーが彼らの力を全て吸い取った後では、あなたの生物たちに勝ち目はないでしょう！,"Hämomanten sind hervorragend darin, die Werte ihrer Feinde zu stehlen und sie auf deine anderen Kreaturen zu verteilen. Deine Kreaturen werden keine Chance haben, nachdem meine Hämomanten all ihre Stärke abgesaugt haben!",Les Hémomanciens sont parfaits pour voler les statistiques de leurs ennemis et les distribuer à vos autres créatures. Vos créatures n'auront aucune chance une fois que mes Hémomanciens auront aspiré toute leur force !,Los Hemomantes son excelentes para robar las estadísticas de sus enemigos y distribuirlas a tus otras criaturas. ¡Tus criaturas no tendrán ninguna oportunidad después de que mis Hemomantes hayan drenado toda su fuerza!,Os Hemomantes são ótimos para roubar os atributos de seus inimigos e distribuí-los para suas outras criaturas. Suas criaturas não terão chance depois que meus Hemomantes tiverem sugado toda a força delas!,"Гемоманты отлично подходят для кражи характеристик врагов и распределения их между вашими существами. Ваши существа не будут иметь ни единого шанса после того, как мои Гемоманты высосут из них всю силу!",I Emomanti sono perfetti per rubare le statistiche dei nemici e distribuirle alle tue altre creature. Le tue creature non avranno alcuna possibilità dopo che i miei Emomanti avranno prosciugato tutta la loro forza!,血巫師擅長竊取敵人的屬性並將其分配給你的其他生物。在我的血巫師吸走了所有力量之後，你的生物將毫無勝算！,血魔法师擅长窃取敌人的属性值并将其分配给你的其他生物。在我的血魔法师吸走它们所有力量后，你的生物将毫无胜算！,혈마법사들은 적의 능력치를 훔쳐 다른 생물들에게 분배하는 데 탁월합니다. 내 혈마법사들이 모든 힘을 빼앗아 간 후에는 당신의 생물들이 승산이 없을 거예요!,"Hemomancerzy doskonale kradną statystyki przeciwników i rozdzielają je między twoje inne stworzenia. Twoje stworzenia nie będą miały szans, gdy moi Hemomancerzy wyssą z nich całą siłę!","Гемоманти чудово підходять для викрадення характеристик своїх ворогів і розподілу їх між іншими істотами. Ваші істоти не матимуть жодних шансів після того, як мої Гемоманти висмокчуть усю їхню силу!",Hemomancers zijn uitstekend in het stelen van de statistieken van hun vijanden en deze verdelen onder je andere wezens. Je wezens maken geen schijn van kans nadat mijn Hemomancers al hun kracht hebben weggezogen!,Hemomancerlar düşmanlarının özelliklerini çalıp diğer yaratıklarına dağıtmakta harikadırlar. Hemomancerlarım tüm güçlerini emip aldıktan sonra yaratıkların hiç şansı kalmayacak!
L_MASTER_DIALOG_HOUND,,"Hounds prefer to travel in packs, and call upon their direwolf allies to aid them in battle. You'd be amazed at how quickly a few Hounds can amass an entire army of wolves to tear their foes apart. Care to see my Hounds in action?",ハウンドは群れで行動することを好み、戦いの際には恐狼の仲間を呼び寄せる。数匹のハウンドがあっという間に狼の軍団を集め、敵を引き裂くさまには驚くことだろう。私のハウンドの実力を見てみたいかい？,"Hunde reisen bevorzugt in Rudeln und rufen ihre Schreckenswolf-Verbündeten zu Hilfe im Kampf. Du wärst erstaunt, wie schnell ein paar Hunde eine ganze Armee von Wölfen versammeln können, um ihre Feinde in Stücke zu reißen. Möchtest du meine Hunde in Aktion sehen?",Les Molosses préfèrent voyager en meutes et font appel à leurs alliés loups sinistres pour les aider au combat. Vous seriez stupéfait de voir à quelle vitesse quelques Molosses peuvent rassembler une armée entière de loups pour déchiqueter leurs ennemis. Envie de voir mes Molosses en action ?,Los Sabuesos prefieren viajar en manadas y convocan a sus aliados huargos para que les ayuden en la batalla. Te sorprendería lo rápido que unos pocos Sabuesos pueden reunir todo un ejército de lobos para despedazar a sus enemigos. ¿Quieres ver a mis Sabuesos en acción?,Os Cães preferem viajar em matilhas e convocam seus aliados lobos-terríveis para ajudá-los em batalha. Você ficaria surpreso com a rapidez com que alguns Cães podem reunir um exército inteiro de lobos para despedaçar seus inimigos. Gostaria de ver meus Cães em ação?,"Гончие предпочитают передвигаться стаями и призывают на помощь своих союзников-лютоволков в бою. Вы бы удивились, как быстро несколько Гончих могут собрать целую армию волков, чтобы разорвать своих врагов на части. Хотите увидеть моих Гончих в действии?",I segugi preferiscono viaggiare in branchi e chiamano i loro alleati metalupi per aiutarli in battaglia. Resteresti stupito da quanto velocemente alcuni Segugi possano radunare un intero esercito di lupi per fare a pezzi i loro nemici. Vuoi vedere i miei Segugi in azione?,獵犬喜歡成群結隊地行動，並召喚他們的冰原狼盟友協助作戰。你會驚訝於幾隻獵犬能多快地聚集起一整支狼群軍隊來撕裂敵人。想看看我的獵犬如何行動嗎？,猎犬喜欢成群结队地行动，并召唤它们的恐狼盟友来协助战斗。你会惊讶于几只猎犬能多快地聚集起一整支狼群来撕碎敌人。想看看我的猎犬们如何行动吗？,"하운드는 무리를 지어 다니는 것을 선호하며, 전투에서 도움을 받기 위해 다이어울프 동료들을 부릅니다. 몇 마리의 하운드가 적들을 갈기갈기 찢어버릴 늑대 군단을 얼마나 빨리 모을 수 있는지 보면 놀랄 것입니다. 제 하운드들이 행동하는 모습을 보고 싶으신가요?","Ogary wolą podróżować w stadach i wzywają swoich sojuszników, wilkory, by pomagali im w walce. Zdziwiłbyś się, jak szybko kilka Ogarów może zgromadzić całą armię wilków, by rozszarpać swoich wrogów. Chcesz zobaczyć moje Ogary w akcji?","Гончаки віддають перевагу пересуванню зграями і кличуть на допомогу своїх союзників лютововків для битви. Ви будете вражені, як швидко кілька Гончаків можуть зібрати цілу армію вовків, щоб розірвати своїх ворогів на шматки. Хочете побачити моїх Гончаків у дії?",Honden reizen bij voorkeur in roedels en roepen hun schrikwolfbondgenoten op om hen bij te staan in de strijd. Je zou versteld staan hoe snel een paar Honden een heel leger wolven kunnen verzamelen om hun vijanden aan stukken te scheuren. Wil je mijn Honden in actie zien?,Tazılar sürüler halinde seyahat etmeyi tercih eder ve savaşta kendilerine yardım etmeleri için korkunç kurt müttefiklerini çağırırlar. Birkaç Tazının düşmanlarını parçalamak için nasıl hızla koca bir kurt ordusu topladığına şaşırırsın. Tazılarımı iş başında görmek ister misin?
L_MASTER_DIALOG_HUNTER,,"Hunters tend to travel with their own kind, capitalizing on their ability to strike multiple foes at once by enchanting each other's glaives. While Hunters tend to be quite weak from a defensive perspective, they'll make quick work of your creatures. Let's duel!",ハンターは同類と共に旅をする傾向があり、互いのグレイヴに魔法をかけることで複数の敵を一度に攻撃する能力を活かしている。ハンターは防御面では非常に弱い傾向があるが、あなたの生物たちを素早く倒してしまうだろう。勝負だ！,"Jäger reisen meist mit ihresgleichen, um ihre Fähigkeit zu nutzen, mehrere Feinde gleichzeitig zu treffen, indem sie die Gleven der anderen verzaubern. Während Jäger aus defensiver Sicht eher schwach sind, machen sie mit deinen Kreaturen kurzen Prozess. Lass uns duellieren!","Les Chasseurs ont tendance à voyager avec leurs semblables, tirant parti de leur capacité à frapper plusieurs ennemis à la fois en enchantant mutuellement leurs glaives. Bien que les Chasseurs soient généralement assez faibles d'un point de vue défensif, ils feront rapidement le travail de vos créatures. En garde !","Los Cazadores tienden a viajar con los de su clase, aprovechando su capacidad para golpear a múltiples enemigos a la vez al encantar las guadañas de los demás. Aunque los Cazadores suelen ser bastante débiles desde una perspectiva defensiva, acabarán rápidamente con tus criaturas. ¡Vamos a batirnos en duelo!","Caçadores tendem a viajar com os de sua própria espécie, aproveitando sua capacidade de atacar vários inimigos de uma só vez ao encantar as glaives uns dos outros. Embora os Caçadores tendam a ser bastante fracos do ponto de vista defensivo, eles darão cabo de suas criaturas rapidamente. Vamos duelar!","Охотники обычно путешествуют со своими сородичами, используя свою способность поражать нескольких врагов одновременно, зачаровывая глефы друг друга. Хотя Охотники, как правило, довольно слабы с точки зрения защиты, они быстро расправятся с вашими существами. Давайте сразимся!","I cacciatori tendono a viaggiare con i propri simili, sfruttando la loro capacità di colpire più nemici contemporaneamente incantando le falci gli uni degli altri. Sebbene i Cacciatori tendano ad essere piuttosto deboli dal punto di vista difensivo, faranno un sol boccone delle tue creature. Duellare!",獵人傾向與同類一起旅行，通過相互為對方的長戟附魔，充分利用他們一次打擊多個敵人的能力。雖然獵人在防禦方面相當薄弱，但他們會迅速解決你的生物。讓我們決鬥吧！,猎手们倾向于与同类一起旅行，通过相互为对方的战刀附魔来充分利用他们一次打击多个敌人的能力。虽然猎手在防御方面相当薄弱，但他们会迅速解决你的生物。来决斗吧！,"사냥꾼들은 대개 같은 부류와 함께 여행하며, 서로의 창을 마법으로 강화하여 여러 적을 한 번에 공격하는 능력을 활용합니다. 사냥꾼들은 방어적인 측면에서는 꽤 약한 편이지만, 당신의 생물들을 빠르게 처리할 것입니다. 결투를 시작합시다!","Łowcy zwykle podróżują ze swoimi pobratymcami, wykorzystując swoją zdolność do atakowania wielu przeciwników naraz poprzez zaklinanie glewii swoich towarzyszy. Choć Łowcy są dość słabi pod względem defensywnym, szybko rozprawią się z twoimi stworzeniami. Stańmy do pojedynku!","Мисливці зазвичай подорожують зі своїми побратимами, використовуючи свою здатність вражати кількох ворогів одночасно, зачаровуючи глефи один одного. Хоча Мисливці, як правило, досить слабкі з точки зору захисту, вони швидко розправляться з вашими істотами. Давай битися!","Jagers reizen meestal met hun eigen soort, waarbij ze profiteren van hun vermogen om meerdere vijanden tegelijk te raken door elkaars glaves te betoveren. Hoewel Jagers vanuit defensief oogpunt vrij zwak zijn, maken ze korte metten met je wezens. Laten we duelleren!","Avcılar genellikle kendi türleriyle birlikte seyahat ederler, birbirlerinin kılıçlarını büyüleyerek birden fazla düşmana aynı anda saldırma yeteneklerinden faydalanırlar. Avcılar savunma açısından oldukça zayıf olma eğiliminde olsalar da, yaratıklarınızı hızla alt edeceklerdir. Hadi düello yapalım!"
L_MASTER_DIALOG_IMLER,,"Imlers are huge, lumbering creatures that pack a serious punch. Unfortunately, though, they're not too smart. But that's what they have their cunning Imling partners for! Imlers and Imlings have a symbiotic relationship with each other, capitalizing on each other's strengths and shoring up their weaknesses. Let me show you!",イムラーは巨大でのっしのっしと歩く生物で、強烈な一撃を繰り出します。しかし残念ながら、あまり賢くありません。でもそのために賢いイムリングの相棒がいるのです！イムラーとイムリングはお互いに共生関係にあり、互いの強みを活かし、弱点を補い合っています。見せてあげましょう！,"Imlers sind riesige, schwerfällige Kreaturen, die ordentlich zuschlagen können. Leider sind sie jedoch nicht besonders schlau. Aber dafür haben sie ihre schlauen Imling-Partner! Imlers und Imlings führen eine symbiotische Beziehung miteinander, nutzen die Stärken des jeweils anderen und gleichen ihre Schwächen aus. Lass es mich dir zeigen!","Les Imlers sont d'énormes créatures lourdes qui frappent très fort. Malheureusement, ils ne sont pas très intelligents. Mais c'est pour ça qu'ils ont leurs rusés partenaires Imlings ! Les Imlers et les Imlings entretiennent une relation symbiotique, tirant parti des forces de chacun et compensant leurs faiblesses. Laissez-moi vous montrer !","Los Imlers son criaturas enormes y pesadas que dan un golpe contundente. Desafortunadamente, no son muy inteligentes. ¡Pero para eso tienen a sus astutos compañeros Imlings! Los Imlers y los Imlings mantienen una relación simbiótica entre sí, aprovechando las fortalezas del otro y compensando sus debilidades. ¡Déjame mostrarte!","Os Imlers são criaturas enormes e desajeitadas que dão um soco poderoso. Infelizmente, porém, eles não são muito inteligentes. Mas é para isso que eles têm seus astutos parceiros Imlings! Imlers e Imlings mantêm uma relação simbiótica entre si, aproveitando os pontos fortes um do outro e compensando suas fraquezas. Deixe-me mostrar a você!","Имлеры - огромные, неуклюжие существа, способные нанести серьезный удар. К сожалению, они не слишком умны. Но для этого у них есть их хитрые партнеры Имлинги! Имлеры и Имлинги находятся в симбиотических отношениях друг с другом, используя сильные стороны друг друга и компенсируя слабости. Позвольте мне показать вам!","Gli Imler sono creature enormi e pesanti che sferrano colpi potenti. Purtroppo, però, non sono molto intelligenti. Ma è per questo che hanno i loro astuti compagni Imling! Imler e Imling hanno una relazione simbiotica, sfruttando i punti di forza reciproci e compensando le rispettive debolezze. Lascia che ti mostri!",伊姆勒是龐大、笨重的生物，能夠造成嚴重的傷害。不過，可惜的是，牠們並不太聰明。但這正是為什麼牠們有狡猾的伊姆靈夥伴！伊姆勒和伊姆靈彼此之間有著共生關係，互相利用對方的優勢，彌補各自的弱點。讓我來示範給你看！,伊姆魔像是巨大、笨重的生物，它们的攻击力十分强大。不过，它们并不太聪明。但这正是它们拥有狡猾的伊姆搭档的原因！伊姆魔像和伊姆之间有着共生关系，它们互相利用对方的优势，弥补各自的弱点。让我来给你展示！,"임러는 강력한 펀치를 날리는 거대하고 느릿느릿한 생물입니다. 하지만 안타깝게도 그리 똑똑하지는 않습니다. 그래서 그들에게는 교활한 임링 파트너가 있는 거죠! 임러와 임링은 서로 공생 관계를 맺고 있어서, 서로의 강점을 활용하고 약점을 보완합니다. 제가 보여드리죠!","Imlery to ogromne, ociężałe stworzenia, które potrafią zadać potężny cios. Niestety, nie są zbyt mądre. Ale od tego mają swoich przebiegłych partnerów Imlingów! Imlery i Imlingi żyją w symbiozie, wykorzystując swoje mocne strony i uzupełniając słabości. Pozwól, że ci pokażę!","Імлери - це величезні, незграбні істоти, які завдають серйозних ударів. На жаль, вони не надто розумні. Але саме для цього в них є їхні хитрі партнери Імлінги! Імлери та Імлінги мають симбіотичні стосунки, використовуючи сильні сторони одне одного та компенсуючи слабкості. Дозвольте мені показати вам!","Imlers zijn enorme, logge wezens die een flinke klap kunnen uitdelen. Helaas zijn ze niet erg slim. Maar daarom hebben ze hun sluwe Imling-partners! Imlers en Imlings hebben een symbiotische relatie met elkaar, waarbij ze gebruik maken van elkaars sterke punten en elkaars zwakke punten compenseren. Laat me het je laten zien!","İmlerler, ciddi bir yumruk gücüne sahip kocaman, hantal yaratıklardır. Ne yazık ki pek akıllı değiller. Ama bu yüzden kurnaz İmling ortakları var! İmlerler ve İmlingler birbirleriyle simbiyotik bir ilişkiye sahiptir, birbirlerinin güçlü yönlerinden yararlanır ve zayıflıklarını telafi ederler. Size göstereyim!"
L_MASTER_DIALOG_IMLING,,"Imlings are extremely intelligent creatures that are known for their devious battle tactics. However, they're quite frail and can't take too many hits before they fall, so they rely on their massive Imler partners for protection. Let me show you how it's done!",イムリングは非常に知的な生物で、狡猾な戦術で知られています。しかし、彼らはとても脆弱で、あまり攻撃を受けると倒れてしまうため、身を守るために巨大なイムラーのパートナーに頼っています。やり方をお見せしましょう！,"Imlinge sind äußerst intelligente Kreaturen, die für ihre hinterhältigen Kampftaktiken bekannt sind. Allerdings sind sie ziemlich zerbrechlich und können nicht viele Treffer einstecken, bevor sie fallen, weshalb sie sich zum Schutz auf ihre massigen Imler-Partner verlassen. Lass mich dir zeigen, wie das funktioniert!","Les Imlings sont des créatures extrêmement intelligentes, connues pour leurs tactiques de combat sournoises. Cependant, ils sont assez fragiles et ne peuvent pas encaisser trop de coups avant de tomber, c'est pourquoi ils comptent sur leurs imposants partenaires Imlers pour les protéger. Laissez-moi vous montrer comment ça marche !","Los Imlings son criaturas extremadamente inteligentes conocidas por sus tácticas de batalla astutas. Sin embargo, son bastante frágiles y no pueden recibir muchos golpes antes de caer, por lo que dependen de sus enormes compañeros Imler para protección. ¡Déjame mostrarte cómo se hace!","Os Imlings são criaturas extremamente inteligentes, conhecidas por suas táticas de batalha astutas. No entanto, são bastante frágeis e não conseguem suportar muitos golpes antes de caírem, por isso dependem de seus enormes parceiros Imlers para proteção. Deixe-me mostrar como isso funciona!","Имлинги - чрезвычайно умные существа, известные своей коварной боевой тактикой. Однако они довольно хрупкие и не могут выдержать слишком много ударов, прежде чем падут, поэтому они полагаются на своих массивных партнёров Имлеров для защиты. Позвольте мне показать вам, как это делается!","Gli Imling sono creature estremamente intelligenti, note per le loro tattiche di battaglia subdole. Tuttavia, sono piuttosto fragili e non possono subire troppi colpi prima di cadere, quindi si affidano ai loro massicci compagni Imler per protezione. Lascia che ti mostri come si fa!",伊姆靈是極為聰明的生物，以其狡詐的戰鬥戰術而聞名。然而，牠們相當脆弱，經不起太多攻擊就會倒下，所以牠們依靠龐大的伊姆勒夥伴來保護自己。讓我來示範給你看！,伊姆是极其聪明的生物，以其狡猾的战术而闻名。然而，它们相当脆弱，经不起太多攻击就会倒下，所以它们依靠体型庞大的伊姆魔像搭档来保护自己。让我来向你展示它是如何运作的！,"임링은 교활한 전투 전술로 유명한 매우 지능적인 생물입니다. 하지만 그들은 상당히 약해서 몇 번의 공격을 받으면 쓰러지기 때문에, 보호를 위해 거대한 임러 파트너에게 의존합니다. 어떻게 하는지 보여드리겠습니다!","Imlingi to niezwykle inteligentne stworzenia, znane ze swoich podstępnych taktyk bojowych. Są jednak dość wątłe i nie wytrzymają zbyt wielu ciosów, zanim padną, dlatego polegają na ochronie swoich masywnych partnerów Imlerów. Pozwól, że pokażę ci, jak to działa!","Імлінги - надзвичайно розумні істоти, відомі своєю підступною бойовою тактикою. Однак вони досить крихкі і не можуть витримати багато ударів перш ніж впасти, тому покладаються на своїх масивних партнерів Імлерів для захисту. Дозвольте мені показати вам, як це робиться!","Imlings zijn extreem intelligente wezens die bekend staan om hun sluwe gevechtstactieken. Ze zijn echter vrij kwetsbaar en kunnen niet te veel klappen verdragen voordat ze vallen, dus vertrouwen ze op hun enorme Imler-partners voor bescherming. Laat me je laten zien hoe het werkt!","İmlingler son derece zeki yaratıklardır ve kurnaz savaş taktikleriyle tanınırlar. Ancak oldukça kırılgandırlar ve düşmeden önce çok fazla darbe alamazlar, bu yüzden koruma için dev İmler ortaklarına güvenirler. Sana nasıl yapıldığını göstereyim!"
L_MASTER_DIALOG_IMP,,"Imps are all about casting spells that belong to the Nature class. The more of these spells, they cast, the stronger they become. Imps are especially fond of a spell called Shellburst - erm, Shellbust. This spell can tear through even the heartiest of foes. Let me show you the power of Imps!",インプは自然系の魔法を唱えることに特化しています。これらの魔法を多く唱えるほど、彼らは強くなります。インプは特に「シェルバースト」…いや、「シェルバスト」という呪文を好みます。この呪文は最も頑強な敵でさえも引き裂くことができます。インプの力をお見せしましょう！,"Kobolde sind Meister im Wirken von Zaubern der Naturklasse. Je mehr dieser Zauber sie wirken, desto stärker werden sie. Kobolde sind besonders angetan von einem Zauber namens Schalenberstung - äh, Schalenberstung. Dieser Zauber kann selbst die zähesten Gegner durchdringen. Lass mich dir die Macht der Kobolde zeigen!","Les Lutins sont spécialisés dans le lancement de sorts appartenant à la classe Nature. Plus ils lancent ces sorts, plus ils deviennent puissants. Les Lutins affectionnent particulièrement un sort appelé Shellburst - euh, Shellbust. Ce sort peut déchirer même les adversaires les plus robustes. Laissez-moi vous montrer la puissance des Lutins !","Los diablillos se especializan en lanzar hechizos que pertenecen a la clase Naturaleza. Cuantos más de estos hechizos lanzan, más fuertes se vuelven. Los diablillos son especialmente aficionados a un hechizo llamado Explosión de Caparazón... eh, Ruptura de Caparazón. Este hechizo puede atravesar incluso a los enemigos más resistentes. ¡Déjame mostrarte el poder de los diablillos!","Os Diabretes são especialistas em lançar magias que pertencem à classe Natureza. Quanto mais dessas magias eles lançam, mais fortes se tornam. Os Diabretes são especialmente afeiçoados a uma magia chamada Shellburst - quer dizer, Shellbust. Essa magia pode atravessar até os inimigos mais resistentes. Deixe-me mostrar a você o poder dos Diabretes!","Импы специализируются на заклинаниях класса Природа. Чем больше таких заклинаний они используют, тем сильнее становятся. Импы особенно любят заклинание под названием Взрывораковина - эм, Разрушракушка. Это заклинание может пробить защиту даже самых выносливых противников. Позвольте мне показать вам силу Импов!","I folletti sono specializzati nel lanciare incantesimi appartenenti alla classe Natura. Più incantesimi di questo tipo lanciano, più diventano forti. I folletti sono particolarmente affezionati a un incantesimo chiamato Shellburst - ehm, Shellbust. Questo incantesimo può abbattere anche i nemici più resistenti. Lascia che ti mostri il potere dei folletti!",小魔精專精於施放屬於自然系的法術。他們施放的這類法術越多，就會變得越強大。小魔精特別喜歡一種叫做爆殼——呃，破殼的法術。這個法術能夠擊穿即使是最堅韌的敵人。讓我向你展示小魔精的力量吧！,小鬼全都擅长施放属于自然系的法术。他们施放的这类法术越多，就会变得越强大。小鬼特别喜欢一种叫做破壳——呃，破盾术的法术。这个法术能够穿透甚至是最强壮的敌人。让我向你展示小鬼的力量吧！,"임프들은 자연 계열에 속하는 주문을 시전하는 것에 관한 모든 것입니다. 이러한 주문을 더 많이 시전할수록, 그들은 더 강해집니다. 임프들은 특히 쉘버스트... 아니, 쉘버스트라는 주문을 좋아합니다. 이 주문은 가장 강인한 적들조차도 뚫을 수 있습니다. 임프들의 힘을 보여드리겠습니다!","Impy specjalizują się w rzucaniu zaklęć z klasy Natury. Im więcej tych zaklęć rzucają, tym stają się silniejsze. Impy szczególnie upodobały sobie zaklęcie zwane Wybuchem Skorupy - eee, Rozbiciem Skorupy. To zaklęcie może przebić się nawet przez najtwardszych przeciwników. Pozwól, że pokażę ci moc Impów!","Імпи спеціалізуються на заклинаннях класу Природа. Чим більше таких заклинань вони використовують, тим сильнішими стають. Імпи особливо полюбляють заклинання під назвою Вибух Мушлі - ем, Розбивач Мушлі. Це заклинання може пробити навіть найміцніших ворогів. Дозвольте показати вам силу Імпів!","Imps zijn helemaal gericht op het werpen van spreuken die tot de Natuur-klasse behoren. Hoe meer van deze spreuken ze werpen, hoe sterker ze worden. Imps zijn vooral dol op een spreuk genaamd Shellburst - eh, Shellbust. Deze spreuk kan zelfs door de meest geharde vijanden heen scheuren. Laat me je de kracht van Imps tonen!","Cinler, Doğa sınıfına ait büyüler yapmakla ilgilidir. Bu büyüleri ne kadar çok yaparlarsa, o kadar güçlenirler. Cinler özellikle Kabukpatlatma - şey, Kabukkırma adlı bir büyüye düşkündür. Bu büyü en dayanıklı düşmanları bile parçalayabilir. Size Cinlerin gücünü göstereyim!"
L_MASTER_DIALOG_INQUISITOR,,"Rather than doing all the fighting themselves, Inquisitors prefer to summon minions to do their bidding. Do you think your creatures can stand up against an entire army of minions? We will soon find out!",自ら戦いに身を投じるよりも、審問官は下僕を召喚して命令を実行させることを好む。あなたの生物たちは下僕の軍団に立ち向かえるだろうか？すぐにわかることだろう！,"Anstatt selbst alle Kämpfe auszutragen, bevorzugen es Inquisitoren, Diener zu beschwören, die ihre Befehle ausführen. Glaubst du, dass deine Kreaturen gegen eine ganze Armee von Dienern bestehen können? Das werden wir bald herausfinden!","Plutôt que de faire tout le combat eux-mêmes, les Inquisiteurs préfèrent invoquer des serviteurs pour exécuter leurs ordres. Pensez-vous que vos créatures peuvent tenir tête à une armée entière de sbires ? Nous le découvrirons bientôt !","En lugar de hacer todo el combate ellos mismos, los Inquisidores prefieren invocar esbirros para que cumplan sus órdenes. ¿Crees que tus criaturas pueden enfrentarse a todo un ejército de esbirros? ¡Pronto lo descubriremos!","Em vez de fazer toda a luta por conta própria, os Inquisidores preferem invocar lacaios para cumprir suas ordens. Você acha que suas criaturas podem resistir a um exército inteiro de lacaios? Logo descobriremos!","Вместо того чтобы сражаться самостоятельно, Инквизиторы предпочитают призывать миньонов, чтобы те исполняли их волю. Думаешь, твои существа смогут выстоять против целой армии миньонов? Скоро мы это выясним!","Piuttosto che combattere in prima persona, gli Inquisitori preferiscono evocare servitori per eseguire i loro ordini. Pensi che le tue creature possano resistere contro un intero esercito di servitori? Lo scopriremo presto!",審判官不喜歡親自上陣戰鬥，而是更傾向於召喚爪牙來執行他們的命令。你認為你的生物能夠抵抗整支爪牙大軍嗎？我們很快就會知道答案！,审判官更喜欢召唤随从来为他们效力，而不是亲自战斗。你认为你的生物能抵挡得住一整支随从大军吗？我们很快就会知道答案！,"모든 전투를 직접 하기보다는, 심문관들은 하수인들을 소환해 자신의 명령을 수행하게 하는 것을 선호합니다. 당신의 생물들이 하수인 군대 전체에 맞서 버틸 수 있을까요? 곧 알게 될 것입니다!","Zamiast samodzielnie prowadzić walkę, Inkwizytorzy wolą przywoływać sługi, które wykonują ich rozkazy. Czy sądzisz, że twoje stworzenia są w stanie przeciwstawić się całej armii sługusów? Wkrótce się o tym przekonamy!","Замість того, щоб битися самостійно, Інквізитори воліють викликати поплічників, які виконують їхні накази. Як гадаєш, чи зможуть твої істоти протистояти цілій армії поплічників? Скоро дізнаємося!","In plaats van zelf al het vechten te doen, roepen Inquisiteurs liever handlangers op om hun bevelen uit te voeren. Denk je dat jouw wezens stand kunnen houden tegen een heel leger handlangers? Dat zullen we snel ontdekken!","Bizzat savaşmak yerine, Sorguçular emirlerini yerine getirecek yardakçıları çağırmayı tercih ederler. Yaratıklarının yardakçılardan oluşan bütün bir orduya karşı durabileceklerini düşünüyor musun? Yakında öğreneceğiz!"
L_MASTER_DIALOG_KOLOSS,,"Kolosses are absolute meat tanks. They can take a serious spanking, and even dish one out if you provoke them enough! Allow me to demonstrate!",コロッセスは間違いなく肉の塊だ。かなりの痛めつけに耐えられるし、十分に挑発すれば反撃さえしてくるぞ！実演してみせよう！,"Kolosse sind absolute Fleischpanzer. Sie können eine ordentliche Tracht Prügel einstecken und sogar austeilen, wenn du sie genug provozierst! Lass mich das demonstrieren!","Les Kolosses sont de véritables tanks de chair. Ils peuvent encaisser une sacrée raclée, et même en donner une si vous les provoquez suffisamment ! Laissez-moi vous montrer !",Los Kolosses son auténticos tanques de carne. ¡Pueden recibir una buena paliza e incluso propinarla si los provocas lo suficiente! ¡Permíteme demostrarlo!,"Kolosses são tanques de carne absolutos. Eles podem levar uma surra séria, e até mesmo dar uma se você os provocar o suficiente! Permita-me demonstrar!","Колоссы - абсолютные мясные танки. Они могут выдержать серьезную взбучку, и даже сами раздать, если их достаточно спровоцировать! Позвольте мне продемонстрировать!","I Kolosses sono dei veri e propri carri armati di carne. Possono incassare una bella batosta, e persino restituirla se li provochi abbastanza! Permettimi di dimostrartelo!",巨像是絕對的肉盾。他們能承受嚴重的痛擊，如果你激怒他們夠多次，甚至能給予你痛擊！讓我來示範一下！,巨怪是绝对的肉盾。它们能承受严重的痛击，如果你激怒它们，甚至能给予你同样的痛击！让我来演示一下！,"콜로세스는 완전한 육탄 탱크입니다. 그들은 심각한 매질을 견딜 수 있고, 충분히 자극하면 되돌려줄 수도 있어요! 제가 시범을 보여드리겠습니다!","Kolossy to prawdziwe mięsne czołgi. Mogą przyjąć solidne lanie, a nawet oddać, jeśli wystarczająco je sprowokujesz! Pozwól, że zademonstruję!","Колоси - це справжні м'ясні танки. Вони можуть витримати серйозну прочуханку, і навіть відповісти тим самим, якщо ти їх достатньо розлютиш! Дозволь мені продемонструвати!","Kolossen zijn absolute vleestanks. Ze kunnen flink wat klappen verdragen, en zelfs uitdelen als je ze genoeg provoceert! Laat me het demonstreren!","Kolosses tam anlamıyla et tankları. Ciddi bir dayak yiyebilir, hatta yeterince kışkırtırsanız bir güzel dayak da atabilirler! İzin verin göstereyim!"
L_MASTER_DIALOG_LEECH,,"Anyone who's anyone will admit that Leeches are some of the most disgusting creatures on the planet, but I'll be damned if they don't make for fantastic combatants on the battlefield. It's time for my Leeches to suck your creatures dry!",誰もが認めるように、ヒルは地球上で最も気持ち悪い生き物の一つだが、戦場では素晴らしい戦闘員にならないとは言わせない。私のヒルたちがお前の生き物から血を吸い尽くす時が来たぞ！,"Jeder, der etwas auf sich hält, wird zugeben, dass Blutegel zu den widerlichsten Kreaturen auf dem Planeten gehören, aber ich will verdammt sein, wenn sie nicht fantastische Kämpfer auf dem Schlachtfeld abgeben. Es ist Zeit für meine Blutegel, deine Kreaturen auszusaugen!","Toute personne qui se respecte admettra que les Sangsues sont parmi les créatures les plus répugnantes de la planète, mais que je sois damné si elles ne font pas de fantastiques combattants sur le champ de bataille. Il est temps pour mes Sangsues de vider vos créatures de leur sang !","Cualquiera que se precie admitirá que las Sanguijuelas son algunas de las criaturas más repugnantes del planeta, pero que me condenen si no resultan ser combatientes fantásticos en el campo de batalla. ¡Es hora de que mis Sanguijuelas dejen secos a tus criaturas!","Qualquer pessoa que seja alguém vai admitir que as Sanguessugas são algumas das criaturas mais nojentas do planeta, mas que me condenem se elas não forem combatentes fantásticos no campo de batalha. É hora das minhas Sanguessugas sugarem suas criaturas até secarem!","Любой уважающий себя человек признает, что Пиявки — одни из самых отвратительных существ на планете, но я готов поспорить, что на поле боя они становятся фантастическими бойцами. Пришло время моим Пиявкам высосать ваших существ досуха!","Chiunque abbia un minimo di buon senso ammetterà che le Sanguisughe sono tra le creature più disgustose del pianeta, ma che io sia dannato se non sono combattenti fantastici sul campo di battaglia. È ora che le mie Sanguisughe prosciughino le tue creature!",任何有頭有臉的人都會承認水蛭是這個星球上最噁心的生物之一，但我敢說，牠們在戰場上可是一流的戰士。現在，該讓我的水蛭把你的生物吸乾了！,任何有头有脸的人都会承认水蛭是这个星球上最恶心的生物之一，但我敢说它们在战场上绝对是出色的战士。是时候让我的水蛭把你的生物吸干了！,누구든 인정할 것이다. 거머리는 이 세상에서 가장 역겨운 생물 중 하나라는 것을. 하지만 전장에서 이들이 환상적인 전투원이 된다는 것을 부정할 수 없다. 내 거머리들이 네 생물들의 피를 빨아들일 시간이다!,"Każdy, kto się liczy, przyzna, że Pijawki są jednymi z najbardziej obrzydliwych stworzeń na planecie, ale niech mnie diabli, jeśli nie są fantastycznymi wojownikami na polu bitwy. Czas, by moje Pijawki wyssały twoje stworzenia do sucha!","Кожен, хто хоч щось із себе представляє, визнає, що П'явки — одні з найогидніших істот на планеті, але я буду проклятий, якщо вони не виявляться фантастичними бійцями на полі бою. Час моїм П'явкам висмоктати ваших істот досуха!","Iedereen die ertoe doet zal toegeven dat Bloedzuigers tot de meest walgelijke wezens op de planeet behoren, maar ik mag verdoemd zijn als ze geen fantastische strijders zijn op het slagveld. Het is tijd voor mijn Bloedzuigers om je wezens leeg te zuigen!","Kendine saygısı olan herkes Sülüklerin gezegenin en iğrenç yaratıklarından bazıları olduğunu kabul eder, ama savaş alanında harika savaşçılar olduklarını inkar edersem lanet olsun! Sülüklerimin yaratıklarınızı kurutma zamanı geldi!"
L_MASTER_DIALOG_LEPER,,"Lepers are cute little guys who just need a hug. The problem is, establishing physical contact with them tends to lead to all sorts of terrible diseases. Want to see? No? Well, too bad!",ライ病患者は抱きしめてあげるだけでいい可愛い小さな奴らだ。問題は、彼らと身体的接触を持つと、あらゆる種類のひどい病気につながる傾向があることだ。見てみたい？いや？まあ、残念だけど！,"Aussätzige sind niedliche kleine Kerle, die nur eine Umarmung brauchen. Das Problem ist, dass körperlicher Kontakt mit ihnen zu allen möglichen schrecklichen Krankheiten führen kann. Willst du es sehen? Nein? Tja, Pech gehabt!","Les lépreux sont de mignons petits bonshommes qui ont juste besoin d'un câlin. Le problème, c'est que le contact physique avec eux tend à provoquer toutes sortes de terribles maladies. Vous voulez voir ? Non ? Eh bien, tant pis !",Los leprosos son pequeños tipos adorables que solo necesitan un abrazo. El problema es que establecer contacto físico con ellos tiende a provocar todo tipo de enfermedades terribles. ¿Quieres ver? ¿No? ¡Pues qué lástima!,"Leprosos são carinhas bonitinhos que só precisam de um abraço. O problema é que estabelecer contato físico com eles tende a levar a todos os tipos de doenças terríveis. Quer ver? Não? Bem, que pena!","Прокажённые — милые маленькие ребята, которым просто нужны объятия. Проблема в том, что физический контакт с ними обычно приводит ко всевозможным ужасным болезням. Хотите убедиться? Нет? Ну и ладно, придётся!","I lebbrosi sono piccoli esseri carini che hanno solo bisogno di un abbraccio. Il problema è che stabilire un contatto fisico con loro tende a portare a ogni tipo di terribili malattie. Vuoi vedere? No? Beh, peggio per te!",痲瘋病患是可愛的小傢伙，他們只是需要一個擁抱。問題是，與他們進行身體接觸往往會導致各種可怕的疾病。想看看嗎？不想？哎呀，太糟糕了！,麻风怪是可爱的小家伙，他们只是需要一个拥抱。问题是，与他们进行身体接触往往会导致各种可怕的疾病。想看看吗？不想？哦，那太糟糕了！,"나병환자들은 그저 포옹이 필요한 귀여운 작은 녀석들이에요. 문제는 그들과 신체 접촉을 하면 온갖 끔찍한 질병에 걸리게 된다는 거죠. 보고 싶으세요? 아니요? 음, 그건 안됐군요!","Trędowaci to urocze małe istoty, które po prostu potrzebują przytulenia. Problem w tym, że nawiązanie z nimi kontaktu fizycznego zwykle prowadzi do wszelkiego rodzaju strasznych chorób. Chcesz zobaczyć? Nie? Cóż, trudno!","Прокажені - це милі маленькі хлопці, яким просто потрібні обійми. Проблема в тому, що фізичний контакт з ними зазвичай призводить до всіляких жахливих хвороб. Хочеш побачити? Ні? Ну, шкода!","Leprozen zijn schattige kleine wezentjes die gewoon een knuffel nodig hebben. Het probleem is dat fysiek contact met hen meestal leidt tot allerlei verschrikkelijke ziektes. Wil je het zien? Nee? Nou, pech gehad!","Cüzzamlılar sadece bir kucaklamaya ihtiyaç duyan sevimli küçük adamlardır. Sorun şu ki, onlarla fiziksel temas kurmak genellikle her türlü korkunç hastalığa yol açar. Görmek ister misin? Hayır mı? Eh, çok yazık!"
L_MASTER_DIALOG_LICH,,Liches are powerful spellcasters who use their Death spells to bring decay and rot to all who oppose them. Let's see if you can handle them!,リッチは強力な呪文使いで、死の呪文を使って敵対する者すべてに腐敗と腐朽をもたらす。あなたが彼らに対処できるか見てみよう！,"Liche sind mächtige Zauberwirker, die ihre Todeszauber nutzen, um Verfall und Fäulnis über alle zu bringen, die sich ihnen widersetzen. Mal sehen, ob du mit ihnen fertig wirst!",Les liches sont de puissants lanceurs de sorts qui utilisent leurs sortilèges de Mort pour apporter décomposition et pourriture à tous ceux qui s'opposent à eux. Voyons si vous pouvez les affronter !,Los liches son poderosos lanzadores de hechizos que usan sus conjuros de Muerte para traer decadencia y putrefacción a todos los que se les oponen. ¡Veamos si puedes manejarlos!,Liches são poderosos lançadores de feitiços que usam suas magias de Morte para trazer decomposição e podridão a todos que os enfrentam. Vamos ver se você consegue lidar com eles!,"Личи — могущественные заклинатели, использующие свои заклинания Смерти, чтобы нести тлен и гниение всем, кто противостоит им. Посмотрим, справишься ли ты с ними!",I negromanti sono potenti incantatori che usano i loro incantesimi di Morte per portare decadimento e putrefazione a tutti coloro che si oppongono a loro. Vediamo se riesci a gestirli!,巫妖是強大的施法者，他們使用死亡法術為所有反抗他們的人帶來腐朽與腐爛。讓我們看看你能否應付他們！,巫妖是强大的施法者，他们使用死亡法术给所有反对他们的人带来腐朽和腐烂。让我们看看你能否应对它们！,"리치는 강력한 주문 시전자로, 죽음의 주문을 사용하여 자신에게 맞서는 모든 이들에게 부패와 썩음을 가져옵니다. 당신이 그들을 상대할 수 있는지 한번 볼까요!","Licze to potężni czarodzieje, którzy używają swoich zaklęć Śmierci, by sprowadzić rozkład i zgniliznę na wszystkich, którzy im się sprzeciwiają. Zobaczmy, czy dasz sobie z nimi radę!","Ліхи - це могутні чаклуни, які використовують свої закляття Смерті, щоб принести гниття і розпад усім, хто їм протистоїть. Подивимося, чи зможеш ти з ними впоратися!",Liches zijn krachtige tovenaars die hun Doodspreuken gebruiken om verval en verrotting te brengen aan allen die zich tegen hen verzetten. Laten we eens zien of jij ze aankunt!,"Lichler, kendilerine karşı çıkan herkese çürüme ve bozulma getirmek için Ölüm büyülerini kullanan güçlü büyücülerdir. Bakalım onlarla başa çıkabilecek misin!"
L_MASTER_DIALOG_MANIAC,,"Maniacs are extremely handsome young men, don't you agree?\n\nNo? Then prepare to die a most painful death!",マニアックスは極めてハンサムな若い男性たちよ、そう思わない？\n\nいいえ？ならば最も苦しい死を覚悟しなさい！,"Wahnsinnige sind äußerst gutaussehende junge Männer, findest du nicht auch?\n\nNein? Dann mach dich bereit, einen äußerst schmerzhaften Tod zu sterben!","Les Maniaques sont des jeunes hommes extrêmement séduisants, tu ne trouves pas ?\n\nNon ? Alors prépare-toi à mourir dans d'atroces souffrances !","Los maníacos son jóvenes extremadamente apuestos, ¿no estás de acuerdo?\n\n¿No? ¡Entonces prepárate para morir una muerte muy dolorosa!","Maníacos são jovens extremamente bonitos, você não concorda?\n\nNão? Então prepare-se para morrer da forma mais dolorosa possível!","Маньяки — это чрезвычайно красивые молодые люди, разве ты не согласен?\n\nНет? Тогда приготовься к самой мучительной смерти!","I maniaci sono giovani uomini estremamente affascinanti, non sei d'accordo?\n\nNo? Allora preparati a morire della morte più dolorosa!",瘋子都是極為英俊的年輕男子，你不覺得嗎？\n\n不同意？那就準備死得最痛苦吧！,狂魔都是极其英俊的年轻人，你不觉得吗？\n\n不同意？那就准备接受最痛苦的死亡吧！,"광신자들은 엄청나게 잘생긴 젊은 남자들이야, 그렇지 않아?\n\n아니라고? 그럼 가장 고통스러운 죽음을 맞을 준비나 해!","Maniacy to niezwykle przystojni młodzi mężczyźni, nie zgadzasz się?\n\nNie? W takim razie przygotuj się na najbardziej bolesną śmierć!","Маніяки - це надзвичайно вродливі молоді чоловіки, хіба ти не згоден?\n\nНі? Тоді готуйся до найболіснішої смерті!","Maniacs zijn extreem knappe jonge mannen, vind je ook niet?\n\nNee? Bereid je dan voor op een zeer pijnlijke dood!","Manyaklar son derece yakışıklı genç erkeklerdir, katılmıyor musun?\n\nHayır mı? O zaman çok acı verici bir ölüme hazırlan!"
L_MASTER_DIALOG_MANTICORE,,"Manticores excel at turning a good defense into a brilliant offense. They're a sturdy race that can take some hits while also packing a serious punch, making them all-around great combatants. Let me show you in a duel!",マンティコアは優れた防御を華麗な攻撃に変えることに長けています。彼らは打撃を受けながらも強力な一撃を繰り出せる頑丈な種族で、総合的に優れた戦闘員です。決闘で見せてあげましょう！,"Mantikoren sind Meister darin, eine gute Verteidigung in einen brillanten Angriff zu verwandeln. Sie sind eine robuste Rasse, die einige Treffer einstecken kann und gleichzeitig kräftig zuschlägt, was sie zu rundum großartigen Kämpfern macht. Lass mich dir das in einem Duell zeigen!","Les Manticores excellent à transformer une bonne défense en une offensive brillante. C'est une race robuste qui peut encaisser des coups tout en assénant des attaques redoutables, ce qui en fait d'excellents combattants polyvalents. Laisse-moi te le montrer dans un duel !","Los mantícoras sobresalen en convertir una buena defensa en una ofensiva brillante. Son una raza resistente que puede soportar algunos golpes mientras también asestan un golpe contundente, lo que los convierte en combatientes excelentes en general. ¡Déjame mostrártelo en un duelo!","Os Manticores se destacam em transformar uma boa defesa em um ataque brilhante. São uma raça resistente que pode suportar alguns golpes enquanto também desfere ataques poderosos, tornando-os excelentes combatentes em geral. Deixe-me mostrar a você em um duelo!","Мантикоры превосходно умеют превращать хорошую защиту в блестящее нападение. Это выносливая раса, способная выдержать несколько ударов, одновременно нанося серьезный урон, что делает их отличными бойцами во всех отношениях. Позволь мне показать это в поединке!","I Manticore eccellono nel trasformare una buona difesa in un'offensiva brillante. Sono una razza robusta che può incassare colpi mentre sferra attacchi devastanti, rendendoli combattenti eccellenti sotto ogni aspetto. Lascia che te lo dimostri in un duello!",蠍尾獅族擅長將良好的防禦轉化為絕佳的攻勢。他們是一個強健的種族，能夠承受一些打擊的同時還能給予沉重的一擊，使他們成為全能的優秀戰士。讓我在決鬥中向你展示！,蝎狮擅长将良好的防御转化为出色的进攻。它们是一个强壮的种族，能够承受一些打击的同时还能给予沉重一击，使它们成为全能的优秀战士。让我在决斗中向你展示！,"맨티코어는 훌륭한 방어를 화려한 공격으로 전환하는 데 탁월합니다. 그들은 강력한 일격을 가하면서도 몇 번의 타격을 견딜 수 있는 튼튼한 종족으로, 전반적으로 뛰어난 전투원입니다. 결투에서 보여드리죠!","Mantykory doskonale zamieniają dobrą obronę w znakomity atak. To wytrzymała rasa, która może przyjąć kilka ciosów, jednocześnie zadając potężne uderzenia, co czyni je wszechstronnymi wojownikami. Pozwól, że pokażę ci to w pojedynku!","Мантикори досконало перетворюють хороший захист на блискучий напад. Це міцна раса, яка може витримати кілька ударів, одночасно завдаючи серйозної шкоди, що робить їх чудовими бійцями в усіх відношеннях. Дозвольте мені показати вам це в дуелі!","Manticores blinken uit in het omzetten van een goede verdediging in een briljante aanval. Ze zijn een stevig ras dat wat klappen kan incasseren terwijl ze ook flink kunnen uithalen, wat hen tot uitstekende allround strijders maakt. Laat me het je tonen in een duel!","Mantikor'lar iyi bir savunmayı parlak bir saldırıya dönüştürmekte ustadırlar. Ciddi bir darbe indirirken aynı zamanda birkaç vuruş alabilen sağlam bir ırktır, bu da onları her yönüyle harika savaşçılar yapar. Sana bir düelloda göstereyim!"
L_MASTER_DIALOG_MASOCHIST,,"Masochists realize that, much like how it takes money to make money, it also takes pain to make pain. Sure, they spend the first several moments of battle taking a beating, but they're great at turning things around. Let me show you!",マゾヒストは、お金を稼ぐにはお金が必要なように、痛みを生み出すには痛みが必要だということを理解しています。確かに、戦闘の最初の数瞬間は打たれ続けますが、彼らは状況を逆転させるのが得意です。お見せしましょう！,"Masochisten wissen, dass es, ähnlich wie man Geld braucht, um Geld zu verdienen, auch Schmerz braucht, um Schmerz zu erzeugen. Natürlich verbringen sie die ersten Momente des Kampfes damit, Prügel einzustecken, aber sie sind großartig darin, das Blatt zu wenden. Lass es mich dir zeigen!","Les masochistes comprennent que, tout comme il faut de l'argent pour faire de l'argent, il faut aussi de la douleur pour créer de la douleur. Certes, ils passent les premiers instants du combat à se faire tabasser, mais ils excellent à renverser la situation. Laissez-moi vous montrer !","Los masoquistas comprenden que, así como se necesita dinero para hacer dinero, también se necesita dolor para crear dolor. Claro, pasan los primeros momentos de la batalla recibiendo una paliza, pero son excelentes dando la vuelta a la situación. ¡Déjame mostrarte!","Masoquistas percebem que, assim como é preciso dinheiro para fazer dinheiro, também é preciso dor para fazer dor. Claro, eles passam os primeiros momentos da batalha apanhando, mas são ótimos em reverter a situação. Deixe-me mostrar a você!","Мазохисты понимают, что, подобно тому, как нужны деньги, чтобы делать деньги, также нужна боль, чтобы создавать боль. Конечно, первые несколько моментов боя они принимают побои, но они отлично умеют всё переворачивать. Позвольте мне показать вам!","I masochisti sanno che, proprio come ci vogliono soldi per fare soldi, ci vuole anche dolore per creare dolore. Certo, passano i primi momenti della battaglia a prendere botte, ma sono bravissimi a ribaltare la situazione. Lascia che te lo dimostri!",受虐狂明白，就像賺錢需要本金一樣，製造痛苦也需要先承受痛苦。沒錯，他們在戰鬥開始的幾個回合會挨打，但他們很擅長扭轉局勢。讓我來給你示範！,受虐狂明白，就像赚钱需要本钱一样，制造痛苦也需要承受痛苦。当然，他们在战斗开始的几个回合会挨打，但他们很擅长扭转局势。让我来给你展示！,"마조히스트들은 돈을 벌기 위해 돈이 필요한 것처럼, 고통을 만들기 위해서도 고통이 필요하다는 것을 깨닫습니다. 물론, 그들은 전투 초반에 맞기만 하지만, 상황을 뒤집는 데 탁월합니다. 제가 보여드리죠!","Masochiści zdają sobie sprawę, że podobnie jak potrzeba pieniędzy, by zarobić pieniądze, potrzeba też bólu, by zadać ból. Owszem, spędzają pierwsze kilka chwil walki przyjmując ciosy, ale świetnie potrafią odwrócić sytuację. Pozwól, że ci pokażę!","Мазохісти розуміють, що, подібно до того, як потрібні гроші, щоб заробити гроші, також потрібен біль, щоб створити біль. Звісно, вони проводять перші кілька моментів бою, отримуючи побої, але вони чудово вміють все обертати на свою користь. Дозвольте мені показати вам!","Masochisten beseffen dat, net zoals je geld nodig hebt om geld te verdienen, je ook pijn nodig hebt om pijn te veroorzaken. Natuurlijk, ze brengen de eerste momenten van een gevecht door met klappen incasseren, maar ze zijn geweldig in het omdraaien van de situatie. Laat me het je laten zien!","Mazoşistler şunu fark ederler: para kazanmak için para gerektiği gibi, acı çekmek için de acı gerekir. Evet, savaşın ilk anlarında dayak yerler, ama işleri tersine çevirmekte ustadırlar. İzle de gör!"
L_MASTER_DIALOG_MIMIC,,SURPRIIIIIIIIIIIIIIISE! HAAAAAAAAHAHAHAHAHA!,サプライズェェェェェェェェェェェェェェェ！ハァァァァァァハハハハハハ！,ÜBERRAAAAAAAAAAAAAASCHUNG! HAAAAAAAAHAHAHAHAHA!,SURPRIIIIIIIIIIIIIIISE ! HAAAAAAAAHAHAHAHAHA !,¡SORPRESAAAAAAAAAAAAAAA! ¡JAAAAAAAAJAJAJAJAJA!,SURPREEEEEEEEEEEEEEESA! HAAAAAAAAHAHAHAHAHA!,СЮРПРАААААААААААААААЙЗ! ХААААААААХАХАХАХАХА!,SORPRESAAAAAAAAAAAAAAA! HAAAAAAAAHAHAHAHAHA!,驚喜喜喜喜喜喜喜喜喜喜喜！哈哈哈哈哈哈哈哈哈哈哈哈！,惊喜喜喜喜喜喜喜喜喜喜！哈哈哈哈哈哈哈哈哈哈哈哈！,깜짜아아아아아아아아아아악! 하아아아아하하하하하!,NIESPODZIANKAAAAAAAAAAAA! HAAAAAAAAHAHAHAHAHA!,СЮРПРАААААААААААААААЙЗ! ХААААААААХАХАХАХАХА!,VERRASSIIIIIIIIIIIIIIIING! HAAAAAAAAHAHAHAHAHA!,SÜPRIIIIIIIIIIIIIIIIIZ! HAAAAAAAAHAHAHAHAHA!
L_MASTER_DIALOG_SOULFLAYER,,Soulflayers are able to take direct control of their allies and cause them to tap into their unrealized potential. These creatures are skilled tacticians that know their way around the battlefield. Care to fight me?,ソウルフレイヤーは仲間を直接操り、彼らの眠れる可能性を引き出すことができる。これらの生物は戦場を熟知した熟練の戦術家だ。私と戦ってみるか？,"Seelenschinder können die direkte Kontrolle über ihre Verbündeten übernehmen und sie dazu bringen, ihr unentdecktes Potenzial zu nutzen. Diese Kreaturen sind geschickte Taktiker, die sich auf dem Schlachtfeld auskennen. Lust, gegen mich zu kämpfen?",Les Écorcheurs d'âmes peuvent prendre le contrôle direct de leurs alliés et les amener à exploiter leur potentiel inexploité. Ces créatures sont des tacticiens habiles qui connaissent parfaitement le champ de bataille. Envie de m'affronter ?,Los Desolladores de Almas son capaces de tomar control directo de sus aliados y hacer que aprovechen su potencial no realizado. Estas criaturas son tácticos hábiles que conocen bien el campo de batalla. ¿Te atreves a luchar contra mí?,Devoradores de Almas são capazes de assumir o controle direto de seus aliados e fazer com que eles acessem seu potencial não realizado. Essas criaturas são táticos habilidosos que conhecem bem o campo de batalha. Quer lutar comigo?,"Пожиратели душ способны брать под прямой контроль своих союзников и заставлять их раскрывать нереализованный потенциал. Эти существа — умелые тактики, которые отлично ориентируются на поле боя. Не хочешь сразиться со мной?",I Divoratori di Anime sono in grado di prendere il controllo diretto dei loro alleati e spingerli a sfruttare il loro potenziale inespresso. Queste creature sono abili tattici che conoscono bene il campo di battaglia. Ti va di combattere contro di me?,靈魂剝奪者能夠直接控制他們的盟友，使他們發揮出未被實現的潛能。這些生物是熟練的戰術家，精通戰場上的一切。想要與我一戰嗎？,夺魂者能够直接控制他们的盟友，使他们发挥出尚未实现的潜能。这些生物是熟练的战术家，精通战场之道。想和我一战吗？,영혼약탈자들은 동료들을 직접 제어하여 그들의 실현되지 않은 잠재력을 끌어낼 수 있습니다. 이 생물들은 전장을 잘 아는 숙련된 전술가들입니다. 저와 싸워보시겠습니까?,"Pożeracze Dusz potrafią przejąć bezpośrednią kontrolę nad swoimi sojusznikami i sprawić, że wykorzystują oni swój nieurzeczywistniony potencjał. Te istoty to wprawni taktycy, którzy doskonale znają pole bitwy. Chcesz się ze mną zmierzyć?","Пожирачі душ здатні брати під прямий контроль своїх союзників і змушувати їх розкривати свій нереалізований потенціал. Ці істоти — вправні тактики, які добре орієнтуються на полі бою. Хочеш битися зі мною?",Zielvillers kunnen directe controle nemen over hun bondgenoten en hen hun onbenut potentieel laten aanboren. Deze wezens zijn bekwame tactici die hun weg kennen op het slagveld. Zin om tegen me te vechten?,"Ruhyüzücüler, müttefiklerinin doğrudan kontrolünü ele alabilir ve onların fark edilmemiş potansiyellerini ortaya çıkarabilirler. Bu yaratıklar, savaş alanını iyi bilen yetenekli taktisyenlerdir. Benimle dövüşmek ister misin?"
L_MASTER_DIALOG_MINOTAUR,,"Minotaurs have some serious anger issues, but when it comes time for a battle, that's just fine with me. Let's see how your creatures stand up against my army of crazed berserkers!",ミノタウロスは怒りの問題を抱えているが、戦いとなれば、それは私にとって好都合だ。お前の生き物たちが私の狂戦士の軍団にどう立ち向かうか見ものだ！,"Minotauren haben einige ernsthafte Wutprobleme, aber wenn es Zeit für einen Kampf ist, ist mir das nur recht. Mal sehen, wie deine Kreaturen gegen meine Armee rasender Berserker bestehen!","Les Minotaures ont de sérieux problèmes de colère, mais quand vient l'heure de la bataille, ça me convient parfaitement. Voyons comment vos créatures résistent face à mon armée de berserkers enragés !","Los minotauros tienen serios problemas de ira, pero cuando llega el momento de la batalla, eso me parece perfecto. ¡Veamos cómo se enfrentan tus criaturas a mi ejército de berserkers enloquecidos!","Os minotauros têm sérios problemas de raiva, mas quando chega a hora da batalha, isso não me incomoda nem um pouco. Vamos ver como suas criaturas se saem contra meu exército de berserkers enlouquecidos!","Минотавры имеют серьезные проблемы с гневом, но когда дело доходит до битвы, меня это вполне устраивает. Посмотрим, как ваши существа выстоят против моей армии обезумевших берсерков!","I minotauri hanno seri problemi di rabbia, ma quando è il momento della battaglia, per me va benissimo. Vediamo come resistono le tue creature contro il mio esercito di berserker impazziti!",牛頭人有些嚴重的憤怒問題，但當戰鬥時刻來臨，我倒是不介意。讓我們看看你的生物如何抵擋我的瘋狂狂戰士大軍！,牛头人有一些严重的愤怒问题，但当战斗来临时，我对此完全没意见。让我们看看你的生物如何抵挡我的疯狂狂战士大军！,"미노타우르스는 심각한 분노 문제가 있지만, 전투가 시작될 때면 그건 나에게 딱 좋은 일이지. 네 생물들이 내 광란의 광전사 군단을 상대로 어떻게 버티는지 한번 보자고!","Minotaury mają poważne problemy z gniewem, ale gdy przychodzi czas bitwy, w pełni mi to odpowiada. Zobaczmy, jak twoje stworzenia poradzą sobie przeciwko mojej armii szalonych berserkerów!","Мінотаври мають серйозні проблеми з гнівом, але коли справа доходить до битви, мене це цілком влаштовує. Подивимося, як ваші істоти витримають натиск моєї армії несамовитих берсерків!","Minotaurussen hebben serieuze woedeproblemen, maar als het tijd is voor een gevecht, vind ik dat prima. Laten we eens zien hoe jouw wezens het houden tegen mijn leger van waanzinnige berserkers!","Minotaurların ciddi öfke sorunları var, ama savaş zamanı geldiğinde, bu benim için hiç sorun değil. Yaratıklarının benim çılgın savaşçılardan oluşan orduma karşı nasıl dayanacağını görelim!"
L_MASTER_DIALOG_MITE,,"Did you know that Mites are notorious for burrowing into other creatures' ears while they're sleeping? Yeah. They even lay eggs in their brains. Pretty cool, right? Anyway, let's duel!",ミミズクが寝ている間に他の生き物の耳に潜り込むことで悪名高いって知ってた？そう。彼らは脳に卵まで産み付けるんだ。すごいだろ？さあ、決闘しよう！,"Wusstest du, dass Milben dafür berüchtigt sind, sich in die Ohren anderer Kreaturen zu graben, während diese schlafen? Ja. Sie legen sogar Eier in deren Gehirnen. Ziemlich cool, oder? Wie auch immer, lass uns duellieren!","Saviez-vous que les Mites sont réputées pour se faufiler dans les oreilles d'autres créatures pendant leur sommeil ? Ouais. Elles pondent même des œufs dans leur cerveau. Plutôt cool, non ? Bref, battons-nous !","¿Sabías que los ácaros son conocidos por meterse en los oídos de otras criaturas mientras duermen? Sí. Incluso ponen huevos en sus cerebros. Bastante genial, ¿verdad? En fin, ¡vamos a duelo!","Você sabia que os Ácaros são notórios por escavarem nos ouvidos de outras criaturas enquanto elas dormem? Sim. Eles até põem ovos em seus cérebros. Bem legal, não é? De qualquer forma, vamos duelar!","Знаете ли вы, что клещи печально известны тем, что заползают в уши других существ, пока те спят? Да. Они даже откладывают яйца в их мозгах. Довольно круто, да? В любом случае, давайте сразимся!","Lo sapevi che gli Acari sono famosi per scavare nelle orecchie di altre creature mentre dormono? Sì. Depongono persino uova nei loro cervelli. Piuttosto interessante, vero? Comunque, duelliamoǃ",你知道小蟎蟲以在其他生物睡覺時鑽入牠們耳朵而聞名嗎？沒錯。牠們甚至會在腦袋裡產卵。很酷吧？好了，讓我們決鬥吧！,你知道螨虫以在其他生物睡觉时钻入它们的耳朵而臭名昭著吗？是的。它们甚至在它们的大脑里产卵。很酷，对吧？总之，让我们决斗吧！,"자고 있는 동안 벌레들이 다른 생물의 귀에 파고드는 것으로 악명 높다는 거 알고 있었어? 맞아. 심지어 그들의 뇌에 알을 낳기도 해. 꽤 멋지지, 그렇지? 어쨌든, 결투하자!","Czy wiesz, że Kleszcze słyną z wwiercania się do uszu innych stworzeń podczas snu? Tak. Składają nawet jaja w ich mózgach. Całkiem fajne, co nie? W każdym razie, pojedynkujmy się!","Чи знали ви, що кліщі сумнозвісні тим, що заповзають в вуха інших істот, поки ті сплять? Ага. Вони навіть відкладають яйця в їхньому мозку. Доволі круто, правда? В будь-якому разі, давайте битися!","Wist je dat Mijten berucht zijn omdat ze in de oren van andere wezens kruipen terwijl ze slapen? Ja. Ze leggen zelfs eitjes in hun hersenen. Best cool, toch? Hoe dan ook, laten we duelleren!","Uyurken diğer yaratıkların kulaklarına girme konusunda Akarların kötü bir üne sahip olduğunu biliyor muydun? Evet. Hatta beyinlerine yumurta bırakırlar. Oldukça havalı, değil mi? Neyse, hadi düello yapalım!"
L_MASTER_DIALOG_MUMMY,,"As cliché as it sounds, Mummies cripple their enemies with powerful curses. They also talk a lot, but I honestly have no idea what they're saying since their bandages are always in the way. Mmmph-mmph-mmmmmph, and all that. Anyway, let's duel!",クリシェに聞こえるかもしれないが、ミイラは強力な呪いで敵を弱らせる。彼らはよくしゃべるが、包帯が邪魔で何を言っているのか正直わからない。ムンフ・ムンフ・ムンムンフ、といった具合だ。とにかく、勝負だ！,"So klischeehaft es auch klingt, Mumien lähmen ihre Feinde mit mächtigen Flüchen. Sie reden auch viel, aber ich habe ehrlich gesagt keine Ahnung, was sie sagen, da ihre Bandagen immer im Weg sind. Mmmph-mmph-mmmmmph und all das. Wie auch immer, lass uns duellieren!","Aussi cliché que cela puisse paraître, les Momies paralysent leurs ennemis avec de puissantes malédictions. Elles parlent aussi beaucoup, mais honnêtement je n'ai aucune idée de ce qu'elles disent puisque leurs bandages sont toujours dans le chemin. Mmmph-mmph-mmmmmph, et tout ça. Quoi qu'il en soit, battons-nous !","Tan cliché como suena, las Momias paralizan a sus enemigos con poderosas maldiciones. También hablan mucho, pero sinceramente no tengo idea de lo que dicen ya que sus vendajes siempre están en el camino. Mmmph-mmph-mmmmmph, y todo eso. ¡En fin, a combatir!","Por mais clichê que pareça, as Múmias incapacitam seus inimigos com maldições poderosas. Elas também falam muito, mas sinceramente não faço ideia do que estão dizendo, já que suas bandagens estão sempre no caminho. Mmmph-mmph-mmmmmph, e tudo mais. De qualquer forma, vamos duelar!","Как бы банально это ни звучало, Мумии калечат своих врагов мощными проклятиями. Они также много говорят, но я, честно говоря, понятия не имею, что они говорят, поскольку их бинты всегда мешают. Мммф-ммф-ммммммф, и всё такое. В любом случае, давай сразимся!","Per quanto possa sembrare un cliché, le Mummie paralizzano i loro nemici con potenti maledizioni. Parlano anche molto, ma sinceramente non ho idea di cosa dicano dato che le loro bende sono sempre d'intralcio. Mmmph-mmph-mmmmmph, e tutto il resto. Comunque, duelliamoǃ",雖然聽起來很老套，木乃伊會用強大的詛咒使敵人癱瘓。他們也很愛說話，但老實說我完全聽不懂他們在說什麼，因為他們的繃帶總是擋住了嘴巴。嗯嗯嗯-嗯嗯-嗯嗯嗯嗯，諸如此類的聲音。總之，讓我們決鬥吧！,虽然听起来很老套，木乃伊会用强大的诅咒使敌人瘫痪。他们也很爱说话，但老实说我根本不知道他们在说什么，因为他们的绷带总是挡住了嘴。呜呜-呜呜-呜呜呜，诸如此类的。总之，来决斗吧！,"진부하게 들릴지 모르지만, 미라들은 강력한 저주로 적들을 무력화시킵니다. 그들은 또한 말을 많이 하지만, 솔직히 붕대가 항상 가로막고 있어서 그들이 무슨 말을 하는지 전혀 모르겠어요. 음프-음프-음프, 그런 식으로요. 어쨌든, 결투를 시작합시다!","Jakkolwiek banalnie to brzmi, Mumie paraliżują swoich wrogów potężnymi klątwami. Dużo też mówią, ale szczerze mówiąc, nie mam pojęcia, co one mówią, bo ich bandaże zawsze im przeszkadzają. Mmmph-mmph-mmmmmph i tak dalej. W każdym razie, do walki!","Як би банально це не звучало, Мумії калічать своїх ворогів могутніми прокляттями. Вони також багато говорять, але я чесно не маю жодного уявлення, що вони кажуть, оскільки їхні бинти завжди заважають. Мммф-ммф-ммммммф, і все таке. В будь-якому разі, давай битися!","Hoe cliché het ook klinkt, Mummies verlammen hun vijanden met krachtige vloeken. Ze praten ook veel, maar ik heb eerlijk gezegd geen idee wat ze zeggen omdat hun verbanden altijd in de weg zitten. Mmmph-mmph-mmmmmph, en dat soort dingen. Hoe dan ook, laten we duelleren!","Klişe gibi gelse de, Mumyalar düşmanlarını güçlü lanetlerle felç ederler. Ayrıca çok konuşurlar, ama sargıları her zaman yollarında olduğu için ne dediklerini açıkçası hiç anlamıyorum. Mmmph-mmph-mmmmmph falan işte. Neyse, hadi düello yapalım!"
L_MASTER_DIALOG_NIX,,Nixes are crafty little devils who excel at devising a strategy ahead of time and executing it with flawless grace in the midst of battle. Let me show you how it's done!,ニクスは策略に長けた小悪魔で、戦闘の最中に事前に考えた戦略を完璧な優雅さで実行することを得意としています。どうやるか見せてあげましょう！,"Nixen sind listige kleine Teufel, die darin brillieren, im Voraus eine Strategie zu entwickeln und sie inmitten der Schlacht mit makelloser Anmut auszuführen. Lass mich dir zeigen, wie das geht!",Les Nixes sont de petits diables rusés qui excellent à concevoir une stratégie à l'avance et à l'exécuter avec une grâce parfaite au cœur de la bataille. Laissez-moi vous montrer comment on fait !,Los nixes son pequeños diablillos astutos que sobresalen en idear estrategias con anticipación y ejecutarlas con gracia impecable en medio de la batalla. ¡Déjame mostrarte cómo se hace!,Os Nixes são pequenos diabretes astutos que se destacam em elaborar estratégias com antecedência e executá-las com graça impecável no meio da batalha. Deixe-me mostrar como isso é feito!,"Никсы — хитрые маленькие дьяволята, которые превосходно умеют разрабатывать стратегию заранее и воплощать её с безупречным изяществом в разгар битвы. Позвольте мне показать вам, как это делается!",I Nix sono piccoli diavoletti astuti che eccellono nell'elaborare strategie in anticipo ed eseguirle con grazia impeccabile nel bel mezzo della battaglia. Lascia che ti mostri come si fa!,尼克斯是狡猾的小惡魔，擅長事先制定策略，並在戰鬥中以完美的優雅執行。讓我來向你展示如何做到這一點！,水妖是狡猾的小恶魔，擅长提前制定战略，并在战斗中以完美的优雅执行。让我来向你展示如何做到这一点！,닉스들은 전투 중에 완벽한 우아함으로 미리 전략을 고안하고 실행하는 데 뛰어난 교활한 작은 악마들이에요. 어떻게 하는지 보여드릴게요!,"Niksy to przebiegłe małe diabełki, które doskonale radzą sobie z opracowywaniem strategii z wyprzedzeniem i realizowaniem jej z nieskazitelną gracją w samym środku bitwy. Pozwól, że pokażę ci, jak to się robi!","Нікси - це хитрі маленькі чортенята, які майстерно розробляють стратегію заздалегідь і виконують її з бездоганною грацією посеред битви. Дозвольте мені показати вам, як це робиться!",Nixen zijn sluwe kleine duiveltjes die uitblinken in het vooraf bedenken van een strategie en deze met vlekkeloze elegantie uitvoeren midden in de strijd. Laat me je laten zien hoe het moet!,"Nixler, savaşın ortasında kusursuz bir zarafetle uyguladıkları stratejiyi önceden tasarlamakta ustalaşmış kurnaz küçük şeytanlardır. Size bunun nasıl yapıldığını göstereyim!"
L_MASTER_DIALOG_OCCULTIST,,"Occultists are some of the finest Sorcery-spellcasters in all the land. As an added bonus, they're easy on the eyes as well, eh?\n\n(Let's show this creep who's boss!)",オカルティストは、この国で最も優れたソーサリー魔法使いの一部だ。おまけに、見た目も悪くないだろう？\n\n（このキモい奴に誰がボスか教えてやろう！）,"Okkultisten sind einige der besten Zauberwirker im ganzen Land. Als zusätzlicher Bonus sind sie auch noch angenehm anzusehen, nicht wahr?\n\n(Zeigen wir diesem Widerling, wer hier das Sagen hat!)","Les Occultistes sont parmi les meilleurs lanceurs de sorts de Sorcellerie de tout le pays. En prime, ils sont aussi agréables à regarder, hein ?\n\n(Montrons à ce pervers qui commande !)","Los ocultistas son algunos de los mejores lanzadores de Hechicería en toda la tierra. Como beneficio adicional, también son agradables a la vista, ¿eh?\n\n(¡Vamos a mostrarle a este pervertido quién manda!)","Ocultistas são alguns dos melhores lançadores de Feitiçaria em toda a terra. Como bônus adicional, também são agradáveis aos olhos, hein?\n\n(Vamos mostrar a esse tarado quem manda aqui!)","Оккультисты — одни из лучших заклинателей Колдовства во всех землях. В качестве дополнительного бонуса, они также приятны для глаз, а?\n\n(Давай покажем этому мерзавцу, кто здесь главный!)","Gli Occultisti sono tra i migliori incantatori di Stregoneria di tutto il regno. Come ulteriore vantaggio, sono anche piacevoli da guardare, eh?\n\n(Facciamo vedere a questo viscido chi comanda!)",術士是全國最優秀的巫術施法者之一。作為額外的好處，他們也很賞心悅目，是吧？\n\n（讓我們教訓這個變態，讓他知道誰才是老大！）,秘咒师是全国最优秀的巫术施法者之一。作为额外的好处，他们也很养眼，对吧？\n\n（让我们教训这个变态，让他知道谁才是老大！）,"오컬티스트는 이 땅에서 가장 뛰어난 마법 시전자들 중 하나입니다. 게다가 보기에도 좋다는 보너스까지 있죠, 안 그래요?\n\n(이 변태한테 누가 진짜 보스인지 보여주자!)","Okultystki to jedne z najlepszych rzucających zaklęcia Czarnoksięstwa w całej krainie. Dodatkowym atutem jest to, że miło się na nie patrzy, co?\n\n(Pokażmy temu oblechowi, kto tu rządzi!)","Окультисти - одні з найкращих чаклунів Чаклунства в усій країні. На додачу, вони також приємні для очей, еге ж?\n\n(Покажімо цьому збоченцю, хто тут головний!)","Occultisten zijn enkele van de beste Toverij-magiërs in het hele land. Als extraatje zijn ze ook nog eens aangenaam om naar te kijken, nietwaar?\n\n(Laten we deze engerd eens laten zien wie er de baas is!)","Okültistler tüm diyardaki en iyi Büyücülük-büyü kullanıcılarından bazılarıdır. Ek bir avantaj olarak, göze de hoş geliyorlar, değil mi?\n\n(Bu ürpertici herife kim olduğumuzu gösterelim!)"
L_MASTER_DIALOG_OPHAN,,"Ophans are proficient Life-based spellcasters that specialize in restorative magic. They look really damn cool, too.\n\nOrphans, you say? No, not orphans - Ophans! I will punish you for your stupidity!",オファンは回復魔法を得意とするライフ系の熟練した呪文詠唱者だ。見た目もかなりかっこいいぞ。\n\n孤児だって？違う、孤児じゃなくてオファンだ！そんな愚かさには罰を与えてやる！,"Ophans sind versierte Zauberwirker der Lebensklasse, die sich auf heilende Magie spezialisiert haben. Außerdem sehen sie verdammt cool aus.\n\nWaisen, sagst du? Nein, nicht Waisen – Ophans! Für diese Dummheit werde ich dich bestrafen!","Les Ophans sont des lanceurs de sorts basés sur la Vie compétents qui se spécialisent dans la magie restauratrice. Ils ont aussi vraiment l'air cool.\n\nDes orphelins, dites-vous ? Non, pas des orphelins - des Ophans ! Je vais vous punir pour votre stupidité !","Los Ophans son lanzadores de hechizos basados en Vida competentes que se especializan en magia restaurativa. También se ven realmente geniales.\n\n¿Huérfanos, dices? ¡No, no huérfanos - Ophans! ¡Te castigaré por tu estupidez!","Ophans são conjuradores proficientes baseados em Vida que se especializam em magia restaurativa. Eles também parecem realmente muito legais.\n\nÓrfãos, você diz? Não, não órfãos - Ophans! Eu vou puni-lo por sua estupidez!","Офаны - опытные заклинатели, основанные на Жизни, которые специализируются на восстановительной магии. К тому же, они выглядят чертовски круто.\n\nОрфаны, говорите? Нет, не орфаны - Офаны! Я накажу вас за вашу глупость!","Gli Ophan sono incantatori esperti basati sulla Vita che si specializzano in magia curativa. Hanno anche un aspetto davvero fantastico.\n\nOrfani, dici? No, non orfani - Ophan! Ti punirò per la tua stupidità!",歐凡是精通生命系法術的施法者，專精於恢復魔法。他們看起來也非常酷炫。\n\n歐凡，你說？不，不是孤兒 - 是歐凡！我要懲罰你的愚蠢！,座天使是精通生命系法术的施法者，专精于恢复魔法。他们看起来也非常酷。\n\n孤儿，你说？不，不是孤儿 - 是座天使！我要惩罚你的愚蠢！（英文中孤儿orphan与座天使Ophan发音相近。）,"Ophan은 회복 마법을 전문으로 하는 숙련된 생명 기반 주문시전자입니다. 또한 정말 멋져 보이죠.\n\n고아라고요? 아니요, 고아가 아니라 Ophan이에요! 당신의 어리석음에 벌을 내리겠어요!","Ophani to biegli rzucający czary oparte na Życiu, specjalizujący się w magii uzdrawiającej. Wyglądają też naprawdę cholernie fajnie.\n\nSieroty, powiadasz? Nie, nie sieroty - Ophani! Ukarzę cię za twoją głupotę!","Офани - вправні заклиначі, що базуються на Житті та спеціалізуються на відновлювальній магії. Вони також виглядають дійсно чортівськи круто.\n\nОрфани, кажеш? Ні, не орфани - Офани! Я покараю тебе за твою дурість!","Ophans zijn bekwame op Leven gebaseerde magiërs die gespecialiseerd zijn in herstellende magie. Ze zien er ook verdomd cool uit.\n\nOrphans, zeg je? Nee, geen orphans - Ophans! Ik zal je straffen voor je domheid!","Ophanlar, iyileştirici büyüde uzmanlaşmış, yetenekli Yaşam-temelli büyücülerdir. Ayrıca gerçekten çok havalı görünürler.\n\nYetimler mi dedin? Hayır, yetimler değil - Ophanlar! Aptallığın için seni cezalandıracağım!"
L_MASTER_DIALOG_PARAGON,,"Paragons are interesting creatures in the sense that they affect all the creatures on the battlefield - friend and foe alike. It takes some serious strategy to utilize their full potential, but hey, that's the kind of guy I am so it all works out. Your creatures don't stand a chance against the likes of me!",パラゴンは戦場にいるすべての生物に影響を与えるという意味で興味深い生き物だ――味方も敵も同様にね。奴らの潜在能力を最大限に活用するには本気の戦略が必要だが、まあ、俺はそういうタイプの男だからうまくいくんだ。お前の生物なんて俺のような相手には勝ち目はないぜ！,"Paragons sind interessante Kreaturen, denn sie beeinflussen alle Kreaturen auf dem Schlachtfeld – Freund und Feind gleichermaßen. Es braucht einiges an Strategie, um ihr volles Potenzial auszuschöpfen, aber hey, genau dafür bin ich der Richtige. Deine Kreaturen haben gegen mich keine Chance!","Les Parangons sont des créatures intéressantes dans le sens où elles affectent toutes les créatures sur le champ de bataille - amies comme ennemies. Il faut une stratégie sérieuse pour exploiter tout leur potentiel, mais bon, je suis ce genre de type, alors tout se passe bien. Tes créatures n'ont aucune chance face à quelqu'un comme moi !","Los Paragones son criaturas interesantes en el sentido de que afectan a todas las criaturas en el campo de batalla, tanto aliadas como enemigas. Se necesita una estrategia seria para utilizar todo su potencial, pero oye, ese es el tipo de persona que soy, así que todo funciona. ¡Tus criaturas no tienen ninguna posibilidad contra alguien como yo!","Paragons são criaturas interessantes no sentido de que afetam todas as criaturas no campo de batalha - tanto aliados quanto inimigos. É preciso uma estratégia séria para utilizar todo o seu potencial, mas ei, esse é o tipo de cara que eu sou, então tudo dá certo. Suas criaturas não têm chance contra alguém como eu!","Парагоны — интересные существа в том смысле, что они влияют на всех существ на поле боя — как на друзей, так и на врагов. Чтобы использовать их полный потенциал, требуется серьезная стратегия, но эй, я как раз такой человек, так что всё получается. Твои существа не имеют ни единого шанса против таких, как я!","I Paragoni sono creature interessanti nel senso che influenzano tutte le creature sul campo di battaglia - amiche e nemiche allo stesso modo. Ci vuole una seria strategia per sfruttare appieno il loro potenziale, ma ehi, io sono quel tipo di persona quindi alla fine funziona tutto. Le tue creature non hanno alcuna possibilità contro uno come me!",典範是有趣的生物，因為它們會影響戰場上的所有生物——無論是友方還是敵方。要充分發揮它們的潛力需要一些認真的策略，但嘿，我就是這樣的人，所以一切都很順利。你的生物根本不是我這種人的對手！,典范是有趣的生物，因为它们会影响战场上的所有生物——无论敌友。充分发挥它们的潜力需要一些严肃的战略，但嘿，我就是这样的人，所以一切都很顺利。你的生物根本不是我这种人的对手！,"패러곤은 전장의 모든 생물에게 영향을 미친다는 점에서 흥미로운 생물입니다 - 아군과 적군 모두에게 말이죠. 그들의 잠재력을 최대한 활용하려면 진지한 전략이 필요하지만, 뭐, 저는 그런 유형의 사람이라 모든 게 잘 풀리죠. 당신의 생물들은 저 같은 상대에게 기회가 없을 겁니다!","Paragony to interesujące stworzenia w tym sensie, że wpływają na wszystkie istoty na polu bitwy - zarówno sojuszników, jak i wrogów. Wymaga to poważnej strategii, aby wykorzystać ich pełny potencjał, ale hej, jestem właśnie takim gościem, więc wszystko się układa. Twoje stworzenia nie mają szans przeciwko komuś takiemu jak ja!","Парагони - це цікаві істоти в тому сенсі, що вони впливають на всіх істот на полі бою - як на друзів, так і на ворогів. Потрібна серйозна стратегія, щоб використати їхній повний потенціал, але гей, я саме така людина, тому все складається чудово. Твої істоти не мають жодного шансу проти таких, як я!","Paragons zijn interessante wezens in de zin dat ze alle wezens op het slagveld beïnvloeden - zowel vriend als vijand. Het vereist serieuze strategie om hun volledige potentieel te benutten, maar hé, dat is het soort persoon dat ik ben, dus het komt allemaal goed. Jouw wezens maken geen schijn van kans tegen iemand zoals ik!","Paragonlar, savaş alanındaki tüm yaratıkları - dost ve düşman fark etmeksizin - etkilemeleri açısından ilginç yaratıklardır. Tam potansiyellerini kullanmak için ciddi bir strateji gerekir, ama hey, ben tam da böyle bir adamım, bu yüzden her şey yolunda gidiyor. Senin yaratıkların benim gibilerinin karşısında şansı yok!"
L_MASTER_DIALOG_PHASE_WARRIOR,,Phase Warriors are from another dimension - one that exists far into the future. Think your medieval creatures can stand up to my army of Phase Warriors? We'll soon find out!,フェイズ・ウォリアーは別次元から来ている――遥か未来に存在する次元だ。あなたの中世の生物が私のフェイズ・ウォリアーの軍団に立ち向かえると思うのか？すぐにわかることだろう！,"Phasenkrieger stammen aus einer anderen Dimension - einer, die weit in der Zukunft existiert. Glaubst du, deine mittelalterlichen Kreaturen können gegen meine Armee von Phasenkriegern bestehen? Das werden wir bald herausfinden!",Les Guerriers de Phase viennent d'une autre dimension - une qui existe loin dans le futur. Tu crois que tes créatures médiévales peuvent résister à mon armée de Guerriers de Phase ? Nous le découvrirons bientôt !,"Los Guerreros de Fase provienen de otra dimensión, una que existe muy lejos en el futuro. ¿Crees que tus criaturas medievales pueden enfrentarse a mi ejército de Guerreros de Fase? ¡Pronto lo descubriremos!",Os Guerreiros de Fase vêm de outra dimensão - uma que existe muito além no futuro. Acha que suas criaturas medievais podem enfrentar meu exército de Guerreiros de Fase? Logo descobriremos!,"Фазовые Воины прибыли из другого измерения - того, что существует далеко в будущем. Думаешь, твои средневековые существа смогут противостоять моей армии Фазовых Воинов? Скоро узнаем!",I Guerrieri di Fase provengono da un'altra dimensione - una che esiste in un lontano futuro. Pensi che le tue creature medievali possano resistere al mio esercito di Guerrieri di Fase? Lo scopriremo presto!,相位戰士來自另一個維度——一個存在於遙遠未來的維度。你認為你的中世紀生物能抵擋我的相位戰士大軍嗎？我們很快就會知道了！,相位战士来自另一个维度——一个存在于遥远未来的维度。你认为你的中世纪生物能抵挡我的相位战士大军吗？我们很快就会知道了！,페이즈 워리어들은 다른 차원에서 왔습니다 - 먼 미래에 존재하는 차원이죠. 당신의 중세 생물들이 내 페이즈 워리어 군단에 맞설 수 있을 거라 생각하나요? 곧 알게 될 겁니다!,"Wojownicy Fazowi pochodzą z innego wymiaru - takiego, który istnieje daleko w przyszłości. Myślisz, że twoje średniowieczne stworzenia mogą stawić czoła mojej armii Wojowników Fazowych? Wkrótce się przekonamy!","Фазові Воїни походять з іншого виміру - того, що існує далеко в майбутньому. Думаєш, твої середньовічні істоти зможуть протистояти моїй армії Фазових Воїнів? Скоро дізнаємось!",Fase Krijgers komen uit een andere dimensie - eentje die ver in de toekomst bestaat. Denk je dat jouw middeleeuwse wezens het kunnen opnemen tegen mijn leger van Fase Krijgers? Dat zullen we snel ontdekken!,Faz Savaşçıları başka bir boyuttan gelir - geleceğin çok ilerisinde var olan bir boyuttan. Ortaçağ yaratıklarının benim Faz Savaşçıları orduma karşı durabileceğini mi sanıyorsun? Yakında göreceğiz!
L_MASTER_DIALOG_PHOENIX,,"Hello there! Care for a duel? I'm warning you, though: Phoenixes can never truly be killed. My party is practically invincible!\n\nNot convinced? Then let me show you firsthand the might of my Phoenixes!",こんにちは！決闘しませんか？でも警告しておきますよ：フェニックスは本当の意味で殺すことはできないんです。私のパーティーは事実上無敵なんですよ！\n\n信じられない？それなら私のフェニックスの力を直接お見せしましょう！,Hallo! Lust auf ein Duell? Ich warne dich aber: Phönixe können niemals wirklich getötet werden. Meine Gruppe ist praktisch unbesiegbar!\n\nNicht überzeugt? Dann lass mich dir die Macht meiner Phönixe aus erster Hand zeigen!,Salut ! Envie d'un duel ? Je te préviens cependant : les Phénix ne peuvent jamais vraiment être tués. Mon équipe est pratiquement invincible !\n\nPas convaincu ? Alors laisse-moi te montrer de première main la puissance de mes Phénix !,¡Hola! ¿Te apetece un duelo? Pero te lo advierto: los Fénix nunca pueden ser realmente eliminados. ¡Mi grupo es prácticamente invencible!\n\n¿No estás convencido? ¡Entonces déjame mostrarte de primera mano el poder de mis Fénix!,"Olá! Quer um duelo? Estou avisando, porém: Fênix nunca podem ser realmente mortas. Meu grupo é praticamente invencível!\n\nNão está convencido? Então deixe-me mostrar em primeira mão o poder das minhas Fênix!",Приветствую! Не желаешь ли дуэль? Но предупреждаю: Фениксов невозможно по-настоящему убить. Моя группа практически непобедима!\n\nНе веришь? Тогда позволь мне показать тебе лично мощь моих Фениксов!,"Salve! Ti va un duello? Ti avverto, però: le Fenici non possono mai essere davvero uccise. Il mio gruppo è praticamente invincibile!\n\nNon sei convinto? Allora lascia che ti mostri in prima persona la potenza delle mie Fenici!",你好啊！想來場決鬥嗎？不過我要警告你：鳳凰永遠不會真正死亡。我的隊伍幾乎是無敵的！\n\n不相信嗎？那就讓我親自向你展示我的鳳凰們的威力吧！,你好！想来一场决斗吗？不过我警告你：不死鸟永远不会真正死亡。我的队伍几乎是无敌的！\n\n不相信？那就让我亲自向你展示我的不死鸟的威力吧！,안녕하세요! 결투 한판 어떠세요? 하지만 경고하겠어요: 불사조는 결코 진정으로 죽지 않아요. 내 파티는 사실상 무적이라고요!\n\n믿기지 않나요? 그럼 내 불사조들의 힘을 직접 보여드리죠!,"Witaj! Masz ochotę na pojedynek? Ostrzegam cię jednak: Feniksy nigdy nie mogą zostać naprawdę zabite. Moja drużyna jest praktycznie niezniszczalna!\n\nNie przekonany? W takim razie pozwól, że pokażę ci na własne oczy potęgę moich Feniksów!",Привіт! Не хочеш позмагатися? Але попереджаю: Фенікси ніколи не можуть бути по-справжньому вбиті. Моя команда практично непереможна!\n\nНе віриш? Тоді дозволь мені показати тобі на власному досвіді міць моїх Феніксів!,Hallo daar! Zin in een duel? Ik waarschuw je wel: Fenixen kunnen nooit echt gedood worden. Mijn groep is praktisch onverslaanbaar!\n\nNiet overtuigd? Laat me je dan eigenhandig de kracht van mijn Fenixen tonen!,Selam! Bir düello ister misin? Ama seni uyarıyorum: Anka kuşları asla gerçekten öldürülemez. Ekibim neredeyse yenilmez!\n\nİkna olmadın mı? O zaman Anka kuşlarımın gücünü sana bizzat göstereyim!
L_MASTER_DIALOG_PILWIZ,,"Pilwizes are crazy little guys who use their scythes to slice their opponents to shreds, leaving any survivors to bleed out. Pretty cruel when you think about it, really, but here we are.\n\nAnyway, let's fight! I promise to give your creatures a clean death.",ピルワイズは狂った小さな奴らで、鎌を使って敵を切り刻み、生き残った者を出血死させる。考えてみれば本当に残酷だが、まあ、これが現実だ。\n\n\nとにかく、戦おう！あなたの生き物たちには潔い死を与えることを約束するよ。,"Pilwizes sind verrückte kleine Kerle, die mit ihren Sensen ihre Gegner in Stücke schneiden und alle Überlebenden ausbluten lassen. Ziemlich grausam, wenn man darüber nachdenkt, aber so ist es nun mal.\n\nWie auch immer, lass uns kämpfen! Ich verspreche, deinen Kreaturen einen sauberen Tod zu geben.","Les Pilwizes sont de petits bonshommes fous qui utilisent leurs faux pour découper leurs adversaires en lambeaux, laissant les survivants se vider de leur sang. Plutôt cruel quand on y pense, vraiment, mais c'est comme ça.\n\nQuoi qu'il en soit, battons-nous ! Je promets de donner à vos créatures une mort propre.","Los Pilwizes son pequeños locos que usan sus guadañas para despedazar a sus oponentes, dejando que los sobrevivientes se desangren. Bastante cruel cuando lo piensas, en realidad, pero aquí estamos.\n\nDe todos modos, ¡vamos a luchar! Prometo darle a tus criaturas una muerte limpia.","Pilwizes são carinhas loucos que usam suas foices para retalhar seus oponentes, deixando qualquer sobrevivente sangrar até a morte. Bem cruel quando você pensa sobre isso, realmente, mas é o que temos.\n\nDe qualquer forma, vamos lutar! Prometo dar aos seus bichos uma morte limpa.","Пилвизы — это сумасшедшие маленькие ребята, которые используют свои косы, чтобы нарезать противников на куски, оставляя выживших истекать кровью. Довольно жестоко, если подумать, но что поделать.\n\nВ любом случае, давай сразимся! Я обещаю подарить твоим существам быструю и чистую смерть.","I Pilwizes sono piccoli pazzi che usano le loro falci per fare a pezzi i loro avversari, lasciando che i sopravvissuti muoiano dissanguati. Piuttosto crudele a pensarci bene, davvero, ma eccoci qui.\n\nComunque, combattiamo! Prometto di dare alle tue creature una morte pulita.",皮爾維茲是一群瘋狂的小傢伙，他們用鐮刀將對手切成碎片，讓倖存者流血致死。仔細想想，這真的很殘忍，但事實就是如此。\n\n總之，讓我們開戰吧！我保證會給你的生物一個乾淨俐落的死亡。,皮威斯是一群疯狂的小家伙，他们用镰刀将对手切成碎片，让幸存者流血致死。仔细想想，这真的很残忍，但事实就是如此。\n\n不管怎样，让我们开战吧！我保证会给你的生物一个干净利落的死亡。,"필와이즈는 낫을 사용해 상대를 갈기갈기 썰어버리고, 살아남은 자들은 피를 흘리며 죽게 내버려두는 미친 작은 녀석들이야. 생각해보면 꽤 잔인하지만, 뭐 어쨌든 우린 여기 있네.\n\n어쨌든, 싸우자! 네 생물들에게 깨끗한 죽음을 선사하겠다고 약속할게.","Pilwize to szalone małe stworki, które używają swoich kos, by pociąć przeciwników na strzępy, pozostawiając ocalałych, by wykrwawili się na śmierć. Dość okrutne, gdy się nad tym zastanowić, ale cóż, taka rzeczywistość.\n\nTak czy inaczej, walczmy! Obiecuję, że twoje stworzenia zginą szybką śmiercią.","Пілвізи - це божевільні малі хлопці, які використовують свої коси, щоб порізати супротивників на шматки, залишаючи тих, хто вижив, стікати кров'ю. Досить жорстоко, якщо подумати, але що поробиш.\n\nВ будь-якому разі, давайте битися! Я обіцяю подарувати вашим істотам чисту смерть.","Pilwizes zijn gekke kleine ventjes die hun zeisen gebruiken om hun tegenstanders aan stukken te snijden, waarbij ze eventuele overlevenden laten doodbloeden. Behoorlijk wreed als je erover nadenkt, maar goed, hier zijn we dan.\n\nHoe dan ook, laten we vechten! Ik beloof je wezens een snelle dood te geven.","Pilwizeler rakiplerini tırpanlarıyla parçalara ayıran, hayatta kalanları da kanamaya bırakarak öldüren çılgın küçük yaratıklardır. Düşününce oldukça zalimce, gerçekten, ama işte buradayız.\n\nNeyse, hadi savaşalım! Yaratıklarına temiz bir ölüm vereceğime söz veriyorum."
L_MASTER_DIALOG_PIT_WORM,,Pit Worms are massive creatures that possess an unbelievable amount of strength. They use their giant bodies to smash their opponents into jelly before eating their corpses whole. Think you can stand up to the might of my Pit Worm army? We shall soon find out!,ピットワームは信じられないほどの力を持つ巨大な生物だ。彼らは巨大な体を使って敵をゼリー状に叩き潰してから、その死骸を丸ごと食べてしまう。私のピットワーム軍団の力に立ち向かえると思うか？すぐにわかることだ！,"Grubenwürmer sind gewaltige Kreaturen, die über unglaubliche Kraft verfügen. Sie nutzen ihre riesigen Körper, um ihre Gegner zu Brei zu zerquetschen, bevor sie ihre Leichen im Ganzen verschlingen. Glaubst du, du kannst der Macht meiner Grubenwurm-Armee standhalten? Das werden wir bald herausfinden!",Les Vers des Fosses sont des créatures massives qui possèdent une force incroyable. Ils utilisent leurs corps gigantesques pour écraser leurs adversaires en bouillie avant de dévorer leurs cadavres tout entiers. Penses-tu pouvoir résister à la puissance de mon armée de Vers des Fosses ? Nous le découvrirons bientôt !,Los Gusanos de Fosa son criaturas masivas que poseen una cantidad increíble de fuerza. Usan sus cuerpos gigantes para aplastar a sus oponentes hasta convertirlos en gelatina antes de devorar sus cadáveres enteros. ¿Crees que puedes enfrentarte al poder de mi ejército de Gusanos de Fosa? ¡Pronto lo descubriremos!,Os Vermes do Poço são criaturas massivas que possuem uma quantidade inacreditável de força. Eles usam seus corpos gigantes para esmagar seus oponentes até virarem geleia antes de devorar seus cadáveres inteiros. Acha que pode enfrentar o poder do meu exército de Vermes do Poço? Logo descobriremos!,"Земляные Черви - это огромные существа, обладающие невероятной силой. Они используют свои гигантские тела, чтобы превратить противников в желе, прежде чем проглотить их трупы целиком. Думаешь, ты сможешь противостоять мощи моей армии Земляных Червей? Скоро мы это выясним!",I Vermi della Fossa sono creature massicce che possiedono una quantità incredibile di forza. Usano i loro corpi giganteschi per schiacciare i loro avversari in poltiglia prima di divorarne i cadaveri interi. Pensi di poter resistere alla potenza del mio esercito di Vermi della Fossa? Lo scopriremo presto!,坑蟲是擁有難以置信力量的巨大生物。牠們利用龐大的身軀將對手砸成肉泥，然後整個吞食屍體。你認為你能抵抗我的坑蟲大軍的威力嗎？我們很快就會知道了！,深坑蠕虫是拥有难以置信力量的巨型生物。它们用庞大的身躯将对手砸成肉泥，然后整个吞食尸体。你认为你能抵挡我的深坑蠕虫大军的威力吗？我们很快就会知道了！,구덩이 벌레는 믿을 수 없을 정도의 힘을 가진 거대한 생물입니다. 그들은 거대한 몸을 이용해 상대를 젤리처럼 으깨버린 후 시체를 통째로 먹어치웁니다. 내 구덩이 벌레 군단의 힘에 맞설 수 있다고 생각하나요? 곧 알게 될 것입니다!,"Robaki Dołowe to ogromne stworzenia posiadające niewiarygodną siłę. Używają swoich gigantycznych ciał, aby zmiażdżyć przeciwników na miazgę, zanim pożrą ich zwłoki w całości. Myślisz, że podołasz potędze mojej armii Robaków Dołowych? Wkrótce się przekonamy!","Ямові Черви - це величезні істоти, які володіють неймовірною силою. Вони використовують свої гігантські тіла, щоб розчавити своїх супротивників на желе, перш ніж з'їсти їхні трупи цілком. Думаєш, ти зможеш протистояти могутності моєї армії Ямових Червів? Скоро ми це з'ясуємо!",Putwormen zijn enorme wezens die over een ongelooflijke hoeveelheid kracht beschikken. Ze gebruiken hun gigantische lichamen om hun tegenstanders tot moes te vermorzelen voordat ze hun lijken in één keer opeten. Denk je dat je bestand bent tegen de macht van mijn Putwormleger? Dat zullen we snel ontdekken!,"Çukur Solucanları, inanılmaz miktarda güce sahip devasa yaratıklardır. Rakiplerini jöleye çevirmek için kocaman vücutlarını kullanır, sonra da cesetlerini bütün olarak yerler. Çukur Solucanı ordumun gücüne karşı durabileceğini mi sanıyorsun? Yakında öğreneceğiz!"
L_MASTER_DIALOG_PIT_WRAITH,,"Pit Wraiths are the ultimate disablers. If you're ever looking to overcome a problematic encounter, consider adding a Pit Wraith to your party and they'll take care of it for you. If you have a moment to spare, I'd love to show off my Pit Wraiths to you!",ピットレイスは究極の妨害役です。厄介な戦闘を乗り越えたいなら、パーティにピットレイスを加えることを検討してみてください。彼らがあなたに代わって解決してくれるでしょう。もし少し時間があれば、私のピットレイスをお見せしたいのですが！,"Grubengeister sind die ultimativen Unterdrücker. Wenn du jemals eine problematische Begegnung überwinden willst, erwäge einen Grubengeist zu deiner Gruppe hinzuzufügen, und er wird sich darum für dich kümmern. Wenn du einen Moment Zeit hast, würde ich dir gerne meine Grubengeister vorführen!","Les Spectres des Fosses sont les neutralisateurs ultimes. Si vous cherchez à surmonter une rencontre problématique, envisagez d'ajouter un Spectre des Fosses à votre groupe et il s'en occupera pour vous. Si vous avez un moment à m'accorder, j'adorerais vous montrer mes Spectres des Fosses !","Los Espectros del Abismo son los inhabilitadores definitivos. Si alguna vez buscas superar un encuentro problemático, considera añadir un Espectro del Abismo a tu grupo y ellos se encargarán por ti. Si tienes un momento libre, ¡me encantaría mostrarte mis Espectros del Abismo!","Os Espectros do Abismo são os incapacitadores supremos. Se você estiver procurando superar um encontro problemático, considere adicionar um Espectro do Abismo ao seu grupo e eles resolverão isso para você. Se tiver um momento livre, eu adoraria mostrar meus Espectros do Abismo para você!","Призраки Ямы - идеальные подавители. Если вы когда-нибудь захотите преодолеть проблемную встречу, подумайте о добавлении Призрака Ямы в свою группу, и они решат эту проблему за вас. Если у вас есть минутка, я бы с удовольствием показал вам своих Призраков Ямы!","I Spettri dell'Abisso sono i migliori neutralizzatori. Se stai cercando di superare un incontro problematico, considera di aggiungere uno Spettro dell'Abisso al tuo gruppo e si occuperà della situazione per te. Se hai un momento da dedicarmi, mi piacerebbe mostrarti i miei Spettri dell'Abisso!",深淵幽靈是最終極的控場者。如果你正在尋找克服棘手戰鬥的方法，考慮將深淵幽靈加入你的隊伍，他們會為你解決問題。如果你有空閒片刻，我很樂意向你展示我的深淵幽靈！,深坑幽灵是终极控制者。如果你想要克服一个棘手的战斗，考虑在你的队伍中加入一个深坑幽灵，它们会为你解决问题。如果你有空闲时间，我很乐意向你展示我的深坑幽灵！,"구덩이 망령은 최고의 무력화 전문가입니다. 까다로운 전투를 극복하고 싶다면, 파티에 구덩이 망령을 추가하는 것을 고려해보세요. 그들이 당신을 위해 해결해 줄 것입니다. 시간이 있으시다면, 제 구덩이 망령들을 자랑하고 싶습니다!","Upiory Otchłani to najlepsi specjaliści od unieszkodliwiania. Jeśli kiedykolwiek szukasz sposobu na pokonanie problematycznego starcia, rozważ dodanie Upiora Otchłani do swojej drużyny, a on zajmie się tym za ciebie. Jeśli masz chwilę, z przyjemnością pokażę ci moje Upiory Otchłani!","Примарні Ями - це найкращі знешкоджувачі. Якщо ви коли-небудь шукаєте спосіб подолати проблемну зустріч, подумайте про додавання Примарної Ями до своєї групи, і вони вирішать це за вас. Якщо у вас є вільна хвилинка, я б із задоволенням показав вам своїх Примарних Ям!","Putgeesten zijn de ultieme uitschakelexperts. Als je ooit een problematische confrontatie wilt overwinnen, overweeg dan om een Putgeest aan je groep toe te voegen en zij zullen het voor je oplossen. Als je even tijd hebt, zou ik graag mijn Putgeesten aan je willen laten zien!","Çukur Hayaletleri en üstün etkisizleştiricilerdir. Eğer sorunlu bir karşılaşmanın üstesinden gelmek istiyorsan, ekibine bir Çukur Hayaleti eklemeyi düşün ve senin için hallederler. Eğer ayırabilecek bir dakikan varsa, Çukur Hayaletlerimi sana göstermekten mutluluk duyarım!"
L_MASTER_DIALOG_PLAGUE_DOCTOR,,"Plague Doctors are not only the coolest-looking creatures in Rodia, they're some of the most powerful as well! I'm a firm believer that actions speak louder than words, so let me show you their power firsthand!",ペスト医師はロディアで最もかっこいい生き物であるだけでなく、最も強力な存在でもあります！私は行動が言葉よりも雄弁だと固く信じているので、彼らの力を直接お見せしましょう！,"Pestärzte sind nicht nur die am coolsten aussehenden Kreaturen in Rodia, sie gehören auch zu den mächtigsten! Ich bin fest davon überzeugt, dass Taten mehr sagen als Worte, also lass mich dir ihre Macht aus erster Hand zeigen!","Les Médecins de la Peste ne sont pas seulement les créatures à l'apparence la plus cool de Rodia, ils sont aussi parmi les plus puissantes ! Je suis fermement convaincu que les actes parlent plus fort que les mots, alors laissez-moi vous montrer leur pouvoir de première main !","Los Médicos de la Peste no son solo las criaturas con el aspecto más genial de Rodia, ¡también son algunas de las más poderosas! Soy un firme creyente de que las acciones hablan más fuerte que las palabras, ¡así que déjame mostrarte su poder de primera mano!","Os Médicos da Peste não são apenas as criaturas de aparência mais legal em Rodia, eles também estão entre as mais poderosas! Sou um firme defensor de que ações falam mais alto que palavras, então deixe-me mostrar o poder deles em primeira mão!","Чумные Доктора — не только самые стильные существа в Родии, но и одни из самых могущественных! Я твердо верю, что действия говорят громче слов, так что позвольте мне продемонстрировать их силу лично!","I Medici della Peste non sono solo le creature dall'aspetto più affascinante di Rodia, ma anche tra le più potenti! Sono fermamente convinto che le azioni valgano più delle parole, quindi lascia che ti mostri il loro potere in prima persona!",瘟疫醫生不僅是羅迪亞中外觀最酷的生物，他們也是最強大的存在之一！我堅信行動勝於言語，所以讓我親自向你展示他們的力量吧！,瘟疫医生不仅是罗迪亚最酷炫的生物，它们也是最强大的生物之一！我坚信行动胜于言辞，所以让我亲自向你展示它们的力量吧！,"역병 의사들은 로디아에서 가장 멋진 외모를 가진 생물일 뿐만 아니라, 가장 강력한 존재이기도 합니다! 저는 말보다 행동이 더 중요하다고 굳게 믿기 때문에, 그들의 힘을 직접 보여드리겠습니다!","Lekarze Dżumy to nie tylko najfajniej wyglądające stworzenia w Rodii, ale także jedne z najpotężniejszych! Jestem głęboko przekonany, że czyny mówią więcej niż słowa, więc pozwól, że pokażę ci ich moc na własne oczy!","Чумні Лікарі — це не лише найкрутіші на вигляд істоти в Родії, вони також одні з найсильніших! Я твердо вірю, що дії говорять гучніше за слова, тож дозвольте мені показати вам їхню силу особисто!","Pestdokters zijn niet alleen de gaafst uitziende wezens in Rodia, ze zijn ook een van de krachtigste! Ik geloof sterk dat daden meer zeggen dan woorden, dus laat me je hun kracht uit eerste hand tonen!","Veba Doktorları sadece Rodia'daki en havalı görünümlü yaratıklar değil, aynı zamanda en güçlülerinden bazıları da! Eylemlerin sözlerden daha güçlü olduğuna kesinlikle inanıyorum, bu yüzden güçlerini size ilk elden göstereyim!"
L_MASTER_DIALOG_PRIEST,,"I believe that every group should have at least a few Priests, as they're one of the most well-rounded creatures in all of Rodia. They have the unique ability to empower your other creatures at breakneck speeds, causing them to snowball until they become unstoppable. Let me show you what I mean!",私はどのグループにも少なくとも数人の僧侶を入れるべきだと思います。彼らはロディア全土で最もバランスの取れた生物の一つだからです。彼らは他の生物を猛スピードで強化するという独自の能力を持ち、雪だるま式に成長させて止められない存在にします。どういう意味か見せましょう！,"Ich glaube, dass jede Gruppe mindestens ein paar Priester haben sollte, da sie zu den vielseitigsten Kreaturen in ganz Rodia gehören. Sie besitzen die einzigartige Fähigkeit, deine anderen Kreaturen in rasantem Tempo zu stärken, wodurch diese wie eine Lawine anwachsen, bis sie unaufhaltsam werden. Lass mich dir zeigen, was ich meine!","Je pense que chaque groupe devrait avoir au moins quelques Prêtres, car ce sont l'une des créatures les plus polyvalentes de tout Rodia. Ils possèdent la capacité unique de renforcer vos autres créatures à une vitesse fulgurante, les faisant progresser rapidement jusqu'à ce qu'elles deviennent inarrêtables. Laissez-moi vous montrer ce que je veux dire !","Creo que cada grupo debería tener al menos unos pocos Sacerdotes, ya que son una de las criaturas más completas en todo Rodia. Tienen la habilidad única de potenciar a tus otras criaturas a velocidades vertiginosas, haciendo que crezcan exponencialmente hasta volverse imparables. ¡Déjame mostrarte a qué me refiero!","Acredito que cada grupo deveria ter pelo menos alguns Sacerdotes, pois eles são uma das criaturas mais versáteis em toda Rodia. Eles possuem a habilidade única de fortalecer suas outras criaturas em velocidades impressionantes, fazendo com que elas cresçam rapidamente até se tornarem imparáveis. Deixe-me mostrar o que quero dizer!","Я считаю, что в каждой группе должно быть хотя бы несколько Жрецов, поскольку они одни из самых универсальных существ во всей Родии. Они обладают уникальной способностью усиливать ваших других существ с головокружительной скоростью, заставляя их стремительно развиваться, пока они не станут непобедимыми. Позвольте мне показать, что я имею в виду!","Credo che ogni gruppo dovrebbe avere almeno alcuni Sacerdoti, poiché sono una delle creature più equilibrate di tutta Rodia. Possiedono l'abilità unica di potenziare le altre creature a velocità fulminea, facendole crescere a valanga fino a diventare inarrestabili. Lascia che ti mostri cosa intendo!",我相信每個隊伍至少應該有幾位祭司，因為他們是羅迪亞大陸上最全能的生物之一。他們擁有獨特的能力，能以驚人的速度強化你的其他生物，使它們如滾雪球般成長，直到變得無人能擋。讓我來向你展示我的意思！,我认为每个队伍至少应该有几名祭司，因为他们是罗迪亚大陆上最全能的生物之一。他们拥有独特的能力，可以以惊人的速度强化你的其他生物，使它们迅速成长，直到变得不可阻挡。让我来向你展示我的意思！,"모든 그룹에는 최소한 몇 명의 사제가 있어야 한다고 생각합니다. 사제는 로디아에서 가장 균형 잡힌 생물 중 하나이기 때문입니다. 그들은 다른 생물들을 엄청난 속도로 강화시키는 독특한 능력을 가지고 있어, 그 생물들이 눈덩이처럼 불어나 결국 막을 수 없게 만듭니다. 제가 무슨 말을 하는지 보여드리겠습니다!","Uważam, że każda grupa powinna mieć przynajmniej kilku Kapłanów, ponieważ są oni jednymi z najbardziej wszechstronnych stworzeń w całej Rodii. Posiadają unikalną zdolność wzmacniania innych stworzeń w zawrotnym tempie, sprawiając, że nabierają one rozpędu, aż stają się nie do zatrzymania. Pozwól, że pokażę ci, co mam na myśli!","Я вважаю, що в кожній групі має бути принаймні кілька Жерців, оскільки вони є одними з найбільш універсальних істот у всій Родії. Вони мають унікальну здатність посилювати ваших інших істот з блискавичною швидкістю, змушуючи їх накопичувати силу, доки вони не стануть нестримними. Дозвольте мені показати, що я маю на увазі!","Ik geloof dat elke groep minstens een paar Priesters zou moeten hebben, aangezien ze een van de meest veelzijdige wezens in heel Rodia zijn. Ze hebben het unieke vermogen om je andere wezens in razend tempo te versterken, waardoor ze als een sneeuwbal groeien totdat ze niet meer te stoppen zijn. Laat me je laten zien wat ik bedoel!","Bence her grubun en azından birkaç Rahip içermesi gerekiyor, çünkü onlar Rodia'daki en dengeli yaratıklardan biri. Diğer yaratıklarınızı müthiş bir hızla güçlendirme gibi eşsiz bir yetenekleri var, bu da onların kartopu etkisiyle durdurulamaz hale gelmelerine neden oluyor. Ne demek istediğimi göstereyim!"
L_MASTER_DIALOG_RAVEN,,"Any party that heavily relies on spellcasters should consider adding a few Ravens to the mix. These well-rounded sorcerers will make your spells even more powerful, allowing you to lay waste to your enemies. Let's have a duel so I can show you!",呪文使いに大きく依存するパーティーは、数羽のレイヴンを加えることを検討すべきでしょう。これらの多才な魔術師たちはあなたの呪文をさらに強力にし、敵を壊滅させることができます。決闘して見せてあげましょう！,"Jede Gruppe, die stark auf Zauberwirker angewiesen ist, sollte in Betracht ziehen, einige Raben hinzuzufügen. Diese vielseitigen Hexenmeister werden deine Zauber noch mächtiger machen und dir ermöglichen, deine Feinde zu vernichten. Lass uns ein Duell austragen, damit ich es dir zeigen kann!","Tout groupe qui dépend fortement des lanceurs de sorts devrait envisager d'ajouter quelques Corbeaux à sa composition. Ces sorciers polyvalents rendront vos sorts encore plus puissants, vous permettant d'anéantir vos ennemis. Faisons un duel pour que je puisse vous montrer !","Cualquier grupo que dependa en gran medida de lanzadores de hechizos debería considerar añadir algunos Cuervos a la mezcla. Estos hechiceros versátiles harán que tus hechizos sean aún más poderosos, permitiéndote arrasar con tus enemigos. ¡Tengamos un duelo para que pueda mostrártelo!","Qualquer grupo que dependa muito de conjuradores deve considerar adicionar alguns Corvos à mistura. Esses feiticeiros versáteis tornarão suas magias ainda mais poderosas, permitindo que você destrua seus inimigos. Vamos ter um duelo para que eu possa mostrar a você!","Любая группа, которая сильно полагается на заклинателей, должна рассмотреть возможность добавления нескольких Воронов. Эти разносторонние чародеи сделают ваши заклинания ещё мощнее, позволяя вам уничтожать врагов. Давайте устроим дуэль, чтобы я мог вам это показать!","Qualsiasi gruppo che dipende fortemente dagli incantatori dovrebbe considerare di aggiungere alcuni Corvi al mix. Questi stregoni versatili renderanno i tuoi incantesimi ancora più potenti, permettendoti di devastare i tuoi nemici. Facciamo un duello così posso mostrartelo!",任何高度依賴施法者的隊伍都應該考慮加入幾位Ravens。這些全能的巫師將使你的法術更加強大，讓你能夠徹底摧毀敵人。讓我們來場決鬥，我可以向你展示！,任何严重依赖施法者的队伍都应该考虑加入几个渡鸦。这些全能的巫师会让你的法术更加强大，让你能够彻底摧毁敌人。来决斗一场，让我来向你展示吧！,주문시전자에 크게 의존하는 파티라면 레이븐을 몇 명 추가하는 것을 고려해 보세요. 이 균형 잡힌 마법사들은 당신의 주문을 더욱 강력하게 만들어 적들을 초토화시킬 수 있게 해줍니다. 제가 보여드릴 수 있도록 결투를 해봅시다!,"Każda drużyna, która mocno polega na rzucających zaklęcia, powinna rozważyć dodanie kilku Kruków do swojego składu. Ci wszechstronni czarodzieje sprawią, że twoje zaklęcia staną się jeszcze potężniejsze, pozwalając ci siać spustoszenie wśród wrogów. Stoczmy pojedynek, abym mógł ci to pokazać!","Будь-яка група, яка сильно покладається на заклинателів, повинна розглянути можливість додати кілька Воронів до свого складу. Ці різнобічні чаклуни зроблять ваші заклинання ще потужнішими, дозволяючи вам знищувати ворогів. Давайте влаштуємо дуель, щоб я міг вам це показати!","Elke groep die sterk afhankelijk is van magiërs zou moeten overwegen om een paar Raven toe te voegen. Deze veelzijdige tovenaars maken je spreuken nog krachtiger, waardoor je je vijanden kunt vernietigen. Laten we een duel houden zodat ik het je kan laten zien!","Büyücülere fazlasıyla güvenen her grup, karışıma birkaç Kuzgun eklemeyi düşünmelidir. Bu çok yönlü büyücüler, büyülerinizi daha da güçlü kılarak düşmanlarınızı yerle bir etmenizi sağlayacak. Hadi bir düello yapalım da size göstereyim!"
L_MASTER_DIALOG_REAPER,,"Reapers can make quick work of just about any creature out there. They care little for an enemy's defenses - if their opponent starts to lose focus, Reapers will end them in the blink of an eye. Let's fight!",死神は、ほぼどんな生物でも素早く片付けることができる。彼らは敵の防御などほとんど気にしない。相手が集中力を失い始めたら、死神は一瞬のうちに相手を倒してしまうだろう。さあ、戦おう！,"Schnitter können mit fast jeder Kreatur da draußen kurzen Prozess machen. Sie kümmern sich kaum um die Verteidigung eines Feindes - wenn ihr Gegner beginnt, die Konzentration zu verlieren, werden Schnitter sie im Handumdrehen erledigen. Lasst uns kämpfen!","Les Faucheurs peuvent venir à bout de presque n'importe quelle créature. Ils se soucient peu des défenses de l'ennemi - si leur adversaire commence à perdre sa concentration, les Faucheurs les achèveront en un clin d'œil. Combattons !","Los Segadores pueden acabar rápidamente con casi cualquier criatura que exista. Les importa poco las defensas del enemigo - si su oponente comienza a perder la concentración, los Segadores los eliminarán en un abrir y cerrar de ojos. ¡Luchemos!","Ceifadores podem dar cabo de praticamente qualquer criatura por aí. Eles pouco se importam com as defesas de um inimigo - se seu oponente começar a perder o foco, os Ceifadores o eliminarão num piscar de olhos. Vamos lutar!","Жнецы могут быстро расправиться практически с любым существом. Они мало заботятся о защите противника - если их оппонент начинает терять концентрацию, Жнецы прикончат его в мгновение ока. Давай сразимся!","I Mietitori possono fare piazza pulita di quasi qualsiasi creatura esistente. Si preoccupano poco delle difese nemiche - se il loro avversario inizia a perdere concentrazione, i Mietitori lo elimineranno in un batter d'occhio. Combattiamo!",收割者能夠迅速解決幾乎任何生物。他們不太在意敵人的防禦——如果對手開始失去專注，收割者會在眨眼間結束他們的生命。讓我們開戰吧！,收割者几乎能迅速解决任何生物。他们不太在意敌人的防御——如果对手开始失去专注，收割者会在眨眼间终结他们。来战斗吧！,"사신들은 거의 모든 생물을 빠르게 처리할 수 있습니다. 그들은 적의 방어에 거의 신경 쓰지 않으며, 상대가 집중력을 잃기 시작하면 사신들은 눈 깜짝할 사이에 그들을 끝장낼 것입니다. 싸우자!","Żniwiarze potrafią szybko rozprawić się z niemal każdym stworzeniem. Niewiele obchodzą ich obronne zdolności przeciwnika - jeśli ich oponent zacznie tracić koncentrację, Żniwiarze zakończą jego żywot w mgnieniu oka. Walczmy!","Женці можуть швидко розправитися практично з будь-якою істотою. Їх мало хвилює захист ворога - якщо їхній супротивник починає втрачати пильність, Женці покінчать з ним в одну мить. Давай битися!","Maaiers kunnen korte metten maken met vrijwel elk wezen dat er bestaat. Ze geven weinig om de verdediging van een vijand - als hun tegenstander zijn focus begint te verliezen, zullen Maaiers hen in een oogwenk uitschakelen. Laten we vechten!","Biçiciler neredeyse her türlü yaratığın işini çabucak bitirebilir. Düşmanın savunmalarını pek umursamazlar - rakipleri dikkatini kaybetmeye başlarsa, Biçiciler onları göz açıp kapayıncaya kadar bitirir. Hadi savaşalım!"
L_MASTER_DIALOG_REVENANT,,Revenants are noble creatures who willingly sacrifice their own well-being for the greater good of their comrades. Do you really think you can take down a team as cooperative as mine?,レヴナントは仲間たちの大義のために進んで自らの安寧を犠牲にする高貴な生き物だ。私のように協力的なチームを倒せると本当に思っているのか？,"Revenanten sind edle Kreaturen, die bereitwillig ihr eigenes Wohlbefinden für das Wohl ihrer Kameraden opfern. Glaubst du wirklich, du könntest ein Team besiegen, das so gut zusammenarbeitet wie meines?",Les Revenants sont de nobles créatures qui sacrifient volontiers leur propre bien-être pour le bien commun de leurs camarades. Pensez-vous vraiment pouvoir vaincre une équipe aussi coopérative que la mienne ?,Los Revenants son criaturas nobles que sacrifican voluntariamente su propio bienestar por el bien mayor de sus camaradas. ¿De verdad crees que puedes derrotar a un equipo tan cooperativo como el mío?,Revenants são criaturas nobres que voluntariamente sacrificam seu próprio bem-estar pelo bem maior de seus camaradas. Você realmente acha que pode derrotar uma equipe tão cooperativa quanto a minha?,"Мстители - благородные существа, которые добровольно жертвуют своим благополучием ради общего блага своих товарищей. Неужели ты думаешь, что сможешь одолеть команду, столь же сплочённую, как моя?",I Revenant sono creature nobili che sacrificano volentieri il proprio benessere per il bene superiore dei loro compagni. Pensi davvero di poter sconfiggere una squadra affiatata come la mia?,亡魂是高貴的生物，他們甘願犧牲自己的福祉，為同伴謀求更大的利益。你真的認為你能擊敗像我這樣團結合作的隊伍嗎？,亡灵是高尚的生物，他们甘愿牺牲自己的福祉，为同伴谋求更大的利益。你真的认为你能击败像我这样团结合作的队伍吗？,레버넌트는 동료들의 더 큰 이익을 위해 기꺼이 자신의 안녕을 희생하는 고귀한 생물입니다. 정말 내 팀처럼 협력적인 팀을 무너뜨릴 수 있다고 생각하나요?,"Rewenanty to szlachetne istoty, które dobrowolnie poświęcają swoje dobro dla większego dobra swoich towarzyszy. Czy naprawdę sądzisz, że możesz pokonać drużynę tak współpracującą jak moja?","Реванти - благородні створіння, які добровільно жертвують власним благополуччям заради загального блага своїх товаришів. Невже ти справді думаєш, що зможеш здолати команду, яка так злагоджено співпрацює, як моя?",Revenanten zijn nobele wezens die vrijwillig hun eigen welzijn opofferen voor het grotere goed van hun kameraden. Denk je echt dat je een team kunt verslaan dat zo goed samenwerkt als het mijne?,"Revenantlar, yoldaşlarının daha büyük iyiliği için kendi refahlarını gönüllü olarak feda eden soylu yaratıklardır. Gerçekten benimki kadar uyumlu bir takımı alt edebileceğini mi düşünüyorsun?"
L_MASTER_DIALOG_RIFT_DANCER,,"Rift Dancers are some of the most graceful creatures in existence. Their unique dances empower their allies, granting them powerful boons that can turn the tide of battle. Let's see if you can stand up against my Rift Dancer army!",リフトダンサーは存在する中で最も優雅な生き物の一つです。彼らの独特な踊りは仲間たちに力を与え、戦いの流れを変えることができる強力な恩恵を授けます。私のリフトダンサー軍団に立ち向かえるかどうか、見せてもらいましょう！,"Rift-Tänzer gehören zu den anmutigsten Kreaturen, die existieren. Ihre einzigartigen Tänze stärken ihre Verbündeten und gewähren ihnen mächtige Segen, die den Verlauf einer Schlacht wenden können. Mal sehen, ob du gegen meine Rift-Tänzer-Armee bestehen kannst!","Les Danseurs de Faille sont parmi les créatures les plus gracieuses qui existent. Leurs danses uniques donnent du pouvoir à leurs alliés, leur accordant de puissants bienfaits qui peuvent renverser le cours de la bataille. Voyons si vous pouvez tenir tête à mon armée de Danseurs de Faille !","Los Bailarines de Fisura son algunas de las criaturas más elegantes que existen. Sus danzas únicas fortalecen a sus aliados, otorgándoles poderosos beneficios que pueden cambiar el curso de la batalla. ¡Veamos si puedes resistir contra mi ejército de Bailarines de Fisura!","Os Dançarinos da Fenda são algumas das criaturas mais graciosas que existem. Suas danças únicas fortalecem seus aliados, concedendo-lhes poderosas bênçãos que podem mudar o rumo da batalha. Vamos ver se você consegue resistir ao meu exército de Dançarinos da Fenda!","Танцоры Разлома — одни из самых изящных существ в мире. Их уникальные танцы наделяют союзников силой, даруя им мощные благословения, способные изменить ход битвы. Посмотрим, сможешь ли ты выстоять против моей армии Танцоров Разлома!","I Danzatori del Varco sono alcune delle creature più aggraziate in esistenza. Le loro danze uniche potenziano i loro alleati, concedendo loro potenti benefici che possono cambiare le sorti della battaglia. Vediamo se riesci a resistere contro il mio esercito di Danzatori del Varco!",裂隙舞者是存在於世上最優雅的生物之一。他們獨特的舞蹈能夠強化盟友，賦予他們強大的恩賜，足以扭轉戰局。讓我們看看你能否抵擋我的裂隙舞者大軍！,裂隙舞者是存在于世的最优雅生物之一。他们独特的舞蹈能够增强盟友的力量，赋予他们强大的恩惠，足以扭转战局。看看你能否抵挡我的裂隙舞者大军！,"리프트 댄서들은 존재하는 생물 중 가장 우아한 존재들 중 하나입니다. 그들의 독특한 춤은 동료들에게 힘을 불어넣어, 전투의 흐름을 바꿀 수 있는 강력한 축복을 부여합니다. 내 리프트 댄서 군단을 상대로 버틸 수 있는지 한번 볼까요!","Tancerze Szczelin są jednymi z najbardziej pełnych gracji stworzeń w istnieniu. Ich wyjątkowe tańce wzmacniają sojuszników, zapewniając im potężne błogosławieństwa, które mogą odwrócić losy bitwy. Zobaczmy, czy zdołasz przeciwstawić się mojej armii Tancerzy Szczelin!","Танцюристи Розломів - одні з найграційніших істот у світі. Їхні унікальні танці наділяють союзників силою, даруючи їм могутні благословення, здатні змінити хід битви. Подивимося, чи зможеш ти встояти проти моєї армії Танцюристів Розломів!",Riftdansers zijn enkele van de meest sierlijke wezens die bestaan. Hun unieke dansen geven hun bondgenoten kracht en verlenen hun machtige zegeningen die het tij van de strijd kunnen keren. Laten we eens kijken of je stand kunt houden tegen mijn Riftdanser-leger!,"Yarık Dansçıları, var olan en zarif yaratıklardan bazılarıdır. Benzersiz dansları müttefiklerini güçlendirir, onlara savaşın gidişatını değiştirebilecek güçlü nimetler bahşeder. Bakalım benim Yarık Dansçısı orduma karşı durabilecek misin!"
L_MASTER_DIALOG_SALAMANDER,,Salamanders are proficient spellslingers who can cast spells multiple times in a row. I hope your creatures can handle the heat! Let's fight!,サラマンダーは連続して複数回呪文を唱えることができる熟練の呪文使いだ。君の生き物たちが熱さに耐えられることを願うよ！勝負だ！,"Salamander sind geschickte Zauberschleuderer, die mehrere Zauber hintereinander wirken können. Ich hoffe, deine Kreaturen halten der Hitze stand! Lass uns kämpfen!",Les Salamandres sont des lanceurs de sorts compétents qui peuvent lancer des sorts plusieurs fois d'affilée. J'espère que vos créatures peuvent supporter la chaleur ! Battons-nous !,Los salamandras son lanzahechizos expertos que pueden lanzar hechizos varias veces seguidas. ¡Espero que tus criaturas puedan soportar el calor! ¡Luchemos!,Salamandras são lançadores de feitiços proficientes que podem conjurar magias várias vezes seguidas. Espero que suas criaturas possam aguentar o calor! Vamos lutar!,"Саламандры - умелые заклинатели, способные творить заклинания несколько раз подряд. Надеюсь, твои существа выдержат такой жар! Давай сразимся!",I Salamandri sono incantatori esperti che possono lanciare incantesimi più volte di seguito. Spero che le tue creature possano sopportare il calore! Combattiamo!,火蜥蜴是熟練的魔法施放者，能夠連續多次施放法術。希望你的生物能夠承受這熱浪！來戰鬥吧！,蝾螈是熟练的法术使者，能够连续多次施放法术。希望你的生物能够承受这热浪！来战斗吧！,샐러맨더는 여러 번 연속으로 주문을 시전할 수 있는 능숙한 주문 사용자입니다. 당신의 생물들이 그 열기를 견딜 수 있기를 바랍니다! 싸우자!,"Salamandry to biegli magowie, którzy potrafią rzucać zaklęcia wielokrotnie pod rząd. Mam nadzieję, że twoje stworzenia wytrzymają ten żar! Walczmy!","Саламандри - вправні чаклуни, які можуть творити закляття кілька разів поспіль. Сподіваюся, ваші істоти витримають цю спеку! Давайте битися!",Salamanders zijn bekwame spreukenwerpers die meerdere spreuken achter elkaar kunnen uitspreken. Ik hoop dat je wezens tegen de hitte kunnen! Laten we vechten!,"Semenderler, büyüleri art arda birden fazla kez kullanabilen yetenekli büyü savurucularıdır. Umarım yaratıkların bu sıcaklığa dayanabilir! Hadi savaşalım!"
L_MASTER_DIALOG_SANCTUS,,"Sanctuses are a mixed bag, really. Each one brings something completely unique to battle, but one thing everyone can agree on is that they're some of the most useful creatures Rodia has to offer. But don't take my word for it - I'll let you judge them yourself!",サンクタスは実に様々です。それぞれが戦闘に完全にユニークな何かをもたらしますが、誰もが同意できることは、彼らがロディアが提供する最も有用な生物の一部だということです。でも私の言葉を鵜呑みにしないで - あなた自身で判断してみてください！,"Sanctusse sind wirklich durchwachsen. Jeder bringt etwas völlig Einzigartiges in den Kampf, aber eines ist allen gemeinsam: Sie gehören zu den nützlichsten Kreaturen, die Rodia zu bieten hat. Aber nehmt nicht mein Wort dafür - urteilt selbst!","Les Sanctus sont vraiment un mélange hétéroclite. Chacun apporte quelque chose de complètement unique au combat, mais tout le monde s'accorde à dire qu'ils font partie des créatures les plus utiles que Rodia ait à offrir. Mais ne me croyez pas sur parole - je vous laisse en juger par vous-même !","Los Sanctuses son algo variado, en realidad. Cada uno aporta algo completamente único a la batalla, pero en lo que todos pueden estar de acuerdo es que son algunas de las criaturas más útiles que Rodia tiene para ofrecer. Pero no tomes mi palabra - ¡te dejaré juzgarlos por ti mismo!","Os Sanctuses são uma mistura variada, na verdade. Cada um traz algo completamente único para a batalha, mas uma coisa em que todos concordam é que eles estão entre as criaturas mais úteis que Rodia tem a oferecer. Mas não acredite apenas na minha palavra - vou deixar que você mesmo os julgue!","Санктусы - это действительно нечто неоднозначное. Каждый из них привносит в бой что-то совершенно уникальное, но все согласны в одном: они одни из самых полезных существ, которых может предложить Родия. Но не верьте мне на слово - судите о них сами!","I Sanctus sono un insieme eterogeneo, davvero. Ognuno porta qualcosa di completamente unico in battaglia, ma una cosa su cui tutti concordano è che sono alcune delle creature più utili che Rodia abbia da offrire. Ma non prendere la mia parola - lascerò che tu li giudichi da solo!",聖物真的是各有千秋。每一個都能為戰鬥帶來完全獨特的東西，但大家都一致認同的是，牠們是羅迪亞所提供的最有用的生物之一。不過別只聽我說的——讓你自己來評判吧！,圣灵真的是各有千秋。每一个都能为战斗带来完全独特的东西，但有一点大家都能达成共识，那就是它们是罗迪亚所能提供的最有用的生物之一。不过别只听我说的——我会让你自己来判断它们！,"생츄스는 사실 장단점이 섞여 있어요. 각각은 전투에 완전히 독특한 무언가를 가져오지만, 모두가 동의하는 한 가지는 그들이 로디아가 제공하는 가장 유용한 생물 중 일부라는 것입니다. 하지만 제 말을 그대로 믿지 마세요 - 직접 판단해 보시길 바랍니다!","Sanktusy to naprawdę mieszanka różnych typów. Każdy z nich wnosi do walki coś zupełnie unikalnego, ale wszyscy zgadzają się co do jednego - są jednymi z najbardziej użytecznych stworzeń, jakie Rodia ma do zaoferowania. Ale nie wierz mi na słowo - pozwolę ci ocenić je samemu!","Санктуси - це справді щось неоднозначне. Кожен з них привносить у бій щось абсолютно унікальне, але всі погоджуються з тим, що вони є одними з найкорисніших істот, яких може запропонувати Родія. Але не вірте мені на слово - я дозволю вам судити про них самостійно!","Sanctussen zijn eigenlijk een gemengd gezelschap. Elk van hen brengt iets compleet unieks naar het gevecht, maar één ding waar iedereen het over eens is, is dat ze behoren tot de nuttigste wezens die Rodia te bieden heeft. Maar neem niet zomaar mijn woord aan - ik laat je zelf oordelen!","Sanctuslar gerçekten karışık bir grup. Her biri savaşa tamamen benzersiz bir şey getirir, ancak herkesin hemfikir olduğu bir şey varsa o da Rodia'nın sunabileceği en kullanışlı yaratıklardan bazıları olduklarıdır. Ama benim sözümü dikkate almayın - onları kendiniz yargılamanıza izin vereceğim!"
L_MASTER_DIALOG_SATYR,,"I hope you have a flexible battle strategy, because my Satyrs are going to foil any plans you've made ahead of time! Come, my little hooved children, let us ruin this {1}'s day!",柔軟な戦略を持っていることを願うよ。私のサテュロスたちが、あなたの事前に立てた計画をすべて台無しにするからね！さあ、私の小さな蹄を持つ子供たち、この{1}の一日を台無しにしましょう！,"Ich hoffe, du hast eine flexible Kampfstrategie, denn meine Satyrn werden alle Pläne, die du im Voraus gemacht hast, durchkreuzen! Kommt, meine kleinen hufigen Kinder, lasst uns diesem {1} den Tag verderben!","J'espère que ta stratégie de combat est flexible, car mes Satyres vont déjouer tous les plans que tu as préparés à l'avance ! Venez, mes petits enfants aux sabots, ruinons la journée de ce {1} !","Espero que tengas una estrategia de combate flexible, porque mis Sátiros van a frustrar cualquier plan que hayas hecho con antelación. ¡Venid, mis pequeños hijos con pezuñas, arruinemos el día de este {1}!","Espero que você tenha uma estratégia de batalha flexível, porque meus Sátiros vão frustrar qualquer plano que você tenha feito com antecedência! Venham, meus pequenos filhos com cascos, vamos arruinar o dia deste {1}!","Надеюсь, у тебя гибкая боевая стратегия, потому что мои Сатиры разрушат любые планы, которые ты заранее составил! Идите, мои маленькие копытные детки, давайте испортим день этому {1}!","Spero che tu abbia una strategia di battaglia flessibile, perché i miei Satiri manderanno in fumo qualsiasi piano tu abbia fatto in anticipo! Venite, miei piccoli figli dagli zoccoli, roviniamo la giornata di questo {1}!",我希望你有靈活的戰鬥策略，因為我的薩提爾們會破壞你事先制定的任何計劃！來吧，我的小蹄子孩子們，讓我們毀掉這個{1}的一天！,我希望你有灵活的战斗策略，因为我的萨堤尔们会破坏你事先制定的任何计划！来吧，我的小蹄子孩子们，让我们毁掉这个{1}的一天！,"유연한 전투 전략을 가지고 있길 바라네, 내 사티로스들이 네가 미리 세운 계획을 모두 좌절시킬 테니까! 자, 내 작은 발굽 달린 아이들아, 이 {1}의 하루를 망쳐버리자!","Mam nadzieję, że masz elastyczną strategię walki, bo moje Satyry pokrzyżują każdy plan, jaki wcześniej przygotowałeś! Chodźcie, moje małe kopytne dzieci, zepsujmy dzień temu {1}!","Сподіваюся, у тебе гнучка бойова стратегія, бо мої Сатири зруйнують будь-які плани, які ти склав заздалегідь! Ходіть, мої маленькі копитні дітки, давайте зіпсуємо день цьому {1}!","Ik hoop dat je een flexibele gevechtsstrategie hebt, want mijn Satyrs gaan al je vooraf gemaakte plannen dwarsbomen! Kom, mijn kleine gehoefde kinderen, laten we de dag van deze {1} verpesten!","Umarım esnek bir savaş stratejin vardır, çünkü Satirlerim önceden yaptığın tüm planları bozacak! Gel, küçük toynaklı yavrularım, bu {1}'ın gününü mahvedelim!"
L_MASTER_DIALOG_SEA_SHAMBLER,,I hope you weren't planning to heal your creatures at any point. My Sea Shamblers will slowly whittle your creatures down without giving them a chance to recuperate!,生き物を回復させるつもりだったなら、残念だ。私の海の彷徨者たちが、お前の生き物たちに回復の機会を与えず、少しずつ削り取っていくだろう！,"Ich hoffe, du hattest nicht vor, deine Kreaturen irgendwann zu heilen. Meine Meeres-Schlurfer werden deine Kreaturen langsam zermürben, ohne ihnen eine Chance zur Erholung zu geben!",J'espère que tu ne prévoyais pas de soigner tes créatures à un moment donné. Mes Traîneurs des Mers vont lentement user tes créatures sans leur donner une chance de récupérer !,Espero que no estuvieras planeando curar a tus criaturas en ningún momento. ¡Mis Tambaleantes Marinos desgastarán lentamente a tus criaturas sin darles la oportunidad de recuperarse!,Espero que você não estivesse planejando curar suas criaturas em algum momento. Meus Cambaleantes do Mar vão desgastar suas criaturas lentamente sem dar a elas chance de se recuperar!,"Надеюсь, ты не планировал лечить своих существ. Мои Морские Шаркуны будут медленно изматывать твоих существ, не давая им шанса восстановиться!",Spero che non avessi intenzione di curare le tue creature in nessun momento. I miei Barcollanti Marini ridurranno lentamente le tue creature senza dar loro alcuna possibilità di recuperare!,我希望你沒打算在任何時候治療你的生物。我的海洋蹣跚者會慢慢消耗你的生物，不給牠們任何恢復的機會！,我希望你没打算在任何时候治疗你的生物。我的海洋蹒跚者会慢慢消耗你的生物，不给它们恢复的机会！,당신이 어느 시점에서든 생물들을 치유할 계획이 없었기를 바랍니다. 내 바다 샴블러들이 당신의 생물들에게 회복할 기회를 주지 않고 서서히 약화시킬 것입니다!,"Mam nadzieję, że nie planowałeś w żadnym momencie leczyć swoich stworzeń. Moje Morskie Powłóczce będą powoli wyniszczać twoje stworzenia, nie dając im szansy na regenerację!","Сподіваюся, ти не планував лікувати своїх істот. Мої Морські Шамблери повільно виснажать твоїх істот, не даючи їм шансу відновитися!",Ik hoop dat je niet van plan was om je wezens op enig moment te genezen. Mijn Zeeschommelaars zullen je wezens langzaam uitputten zonder ze een kans te geven om te herstellen!,"Umarım yaratıklarını herhangi bir noktada iyileştirmeyi planlamıyordun. Deniz Sendeleyicilerim, yaratıklarını toparlanma şansı vermeden yavaş yavaş yıpratacak!"
L_MASTER_DIALOG_SERAPH,,Seraphs wield the blessings of the kingdoms of Rodia. Do you think you stand a chance against such power? We will soon find out.,セラフたちはロディア王国の祝福を操る。そのような力に対抗できると思うのか？すぐにわかるだろう。,"Seraphen führen die Segnungen der Königreiche von Rodia. Glaubst du, du hast eine Chance gegen solche Macht? Wir werden es bald herausfinden.",Les Séraphins manient les bénédictions des royaumes de Rodia. Pensez-vous avoir une chance contre un tel pouvoir ? Nous le découvrirons bientôt.,Los Serafines empuñan las bendiciones de los reinos de Rodia. ¿Crees que tienes alguna posibilidad contra tal poder? Pronto lo descubriremos.,Os Serafins empunham as bênçãos dos reinos de Rodia. Você acha que tem alguma chance contra tal poder? Logo descobriremos.,"Серафимы владеют благословениями королевств Родии. Думаешь, у тебя есть шанс против такой силы? Скоро мы это выясним.",I Serafini brandiscono le benedizioni dei regni di Rodia. Credi di avere qualche possibilità contro un tale potere? Lo scopriremo presto.,熾天使揮舞著羅迪亞王國的祝福。你認為你有機會對抗如此強大的力量嗎？我們很快就會知道了。,炽天使掌握着罗迪亚王国的祝福。你认为你有机会对抗如此强大的力量吗？我们很快就会知道了。,세라프들은 로디아 왕국의 축복을 휘두릅니다. 그런 힘에 맞설 기회가 있다고 생각하십니까? 곧 알게 될 것입니다.,"Serafowie dzierżą błogosławieństwa królestw Rodii. Myślisz, że masz szansę przeciwko takiej mocy? Wkrótce się przekonamy.","Серафими володіють благословеннями королівств Родії. Думаєш, у тебе є шанс проти такої сили? Скоро ми це з'ясуємо.",Serafs hanteren de zegeningen van de koninkrijken van Rodia. Denk je dat je een kans maakt tegen zulke kracht? Dat zullen we snel ontdekken.,"Seraflar, Rodia krallıklarının nimetlerini kullanırlar. Böyle bir güce karşı şansın olduğunu mu düşünüyorsun? Yakında öğreneceğiz."
L_MASTER_DIALOG_SHADE,,How can you kill that which you cannot see? My Shades will decimate your creatures before they even know what hit 'em!,どうやって見えないものを倒せるというのだ？私の影たちはお前の生き物たちが何に襲われたのかさえ分からないうちに蹂躙してくれるぞ！,"Wie kannst du töten, was du nicht sehen kannst? Meine Schatten werden deine Kreaturen dezimieren, bevor sie überhaupt wissen, was sie getroffen hat!",Comment pouvez-vous tuer ce que vous ne voyez pas ? Mes Ombres décimeront vos créatures avant même qu'elles ne sachent ce qui les a frappées !,¿Cómo puedes matar aquello que no puedes ver? ¡Mis Sombras diezmarán a tus criaturas antes de que siquiera sepan qué las golpeó!,Como você pode matar aquilo que não consegue ver? Meus Espectros vão dizimar suas criaturas antes mesmo que elas saibam o que as atingiu!,"Как убить то, что невозможно увидеть? Мои Тени уничтожат твоих существ прежде, чем те даже поймут, что их поразило!",Come puoi uccidere ciò che non puoi vedere? Le mie Ombre decimeranno le tue creature prima ancora che capiscano cosa le ha colpite!,你怎能殺死你看不見的東西？我的暗影將在你的生物還未察覺到是什麼擊中了牠們之前，就將牠們徹底殲滅！,你怎能杀死你看不见的东西？我的阴影将在你的生物还没反应过来时就把它们彻底摧毁！,보이지 않는 것을 어떻게 죽일 수 있겠는가? 내 그림자들이 네 생물들이 무엇에 맞았는지도 모르는 사이에 그들을 초토화시킬 것이다!,"Jak możesz zabić coś, czego nie widzisz? Moje Cienie zdziesiątkują twoje stworzenia, zanim te w ogóle zorientują się, co je trafiło!","Як можна вбити те, чого не бачиш? Мої Тіні знищать твоїх істот ще до того, як ті зрозуміють, що їх вразило!",Hoe kun je doden wat je niet kunt zien? Mijn Schimmen zullen je wezens decimeren voordat ze zelfs maar weten wat hen geraakt heeft!,"Göremediğin bir şeyi nasıl öldürebilirsin? Gölgelerim, yaratıklarını daha ne olduğunu bile anlamadan kırıp geçirecek!"
L_MASTER_DIALOG_SHADOW,,"Your creatures will be shaking in their shoes when they see my Shadows in action! And if they don't have shoes, well, they'll just be really scared.",あなたの生き物たちは、私のシャドウが活躍するのを見たら震え上がるでしょうね！もし靴を履いていなくても、まあ、とにかくビビりまくるでしょうけどね。,"Deine Kreaturen werden in ihren Schuhen zittern, wenn sie meine Schatten in Aktion sehen! Und wenn sie keine Schuhe haben, nun, dann werden sie einfach nur schreckliche Angst haben.","Vos créatures trembleront dans leurs chaussures quand elles verront mes Ombres en action ! Et si elles n'ont pas de chaussures, eh bien, elles auront simplement très peur.","¡Tus criaturas temblarán de miedo cuando vean a mis Sombras en acción! Y si no tienen zapatos, bueno, simplemente estarán muy asustadas.","Suas criaturas estarão tremendo de medo quando virem meus Sombras em ação! E se elas não tiverem sapatos, bem, elas só ficarão realmente assustadas.","Твои существа будут дрожать от страха, когда увидят моих Теней в действии! А если у них нет обуви, что ж, они просто будут очень напуганы.","Le tue creature tremeranno nelle loro scarpe quando vedranno le mie Ombre in azione! E se non hanno scarpe, beh, saranno semplicemente terrorizzate.",當你的生物看到我的暗影大顯神威時，牠們會嚇得發抖！如果牠們沒有鞋子，那麼，牠們只會非常害怕。,当你的生物看到我的暗影大显身手时，它们会吓得发抖！如果它们没有鞋子，那么，它们只会非常害怕。,"네 생물들은 내 그림자들이 행동하는 걸 보면 겁에 질려 떨게 될 거야! 그리고 만약 신발이 없다면, 음, 그냥 정말 무서워할 거야.","Twoje stworzenia będą drżeć ze strachu, gdy zobaczą moje Cienie w akcji! A jeśli nie mają butów, cóż, po prostu będą bardzo przerażone.","Ваші істоти тремтітимуть у своєму взутті, коли побачать моїх Тіней у дії! А якщо у них немає взуття, ну, вони просто будуть дуже налякані.","Je wezens zullen beven in hun schoenen als ze mijn Schaduwen in actie zien! En als ze geen schoenen hebben, nou, dan zullen ze gewoon doodsbang zijn.","Yaratıkların, Gölgelerimi iş başında gördüklerinde korkudan titreyecekler! Ve eğer ayakkabıları yoksa, eh, sadece çok korkacaklar."
L_MASTER_DIALOG_SHAPESHIFTER,,"For Shapeshifters, it's always the best day of the year: Opposite Day! I can tell by the blank look on your face that you have no idea what I'm talking about, so let's get right into a battle so I can show you!",シェイプシフターにとって、一年で最高の日はいつも「反対の日」！あなたの顔の空白の表情から、私が何を話しているのか全く分からないようですね。だから、すぐに戦闘に入って、お見せしましょう！,"Für Gestaltwandler ist es immer der beste Tag des Jahres: der Tag der Gegensätze! Ich kann an deinem leeren Gesichtsausdruck erkennen, dass du keine Ahnung hast, wovon ich rede, also lass uns gleich in einen Kampf stürzen, damit ich es dir zeigen kann!","Pour les Métamorphes, c'est toujours le meilleur jour de l'année : la Journée des Contraires ! Je peux voir à ton expression vide que tu n'as aucune idée de ce dont je parle, alors allons directement au combat pour que je puisse te montrer !","Para los Cambiaformas, siempre es el mejor día del año: ¡el Día al Revés! Puedo ver por la mirada perdida en tu rostro que no tienes idea de lo que estoy hablando, así que vamos directo a una batalla para que pueda mostrarte.","Para os Metamorfos, é sempre o melhor dia do ano: o Dia do Oposto! Posso dizer pelo olhar vazio no seu rosto que você não tem ideia do que estou falando, então vamos direto para uma batalha para que eu possa te mostrar!","Для Перевертышей это всегда лучший день в году: День Наоборот! По твоему пустому взгляду я вижу, что ты понятия не имеешь, о чём я говорю, так что давай сразу перейдём к бою, чтобы я мог тебе показать!","Per i Mutaforma, è sempre il giorno migliore dell'anno: il Giorno degli Opposti! Posso capire dall'espressione vuota sul tuo volto che non hai idea di cosa stia parlando, quindi andiamo subito in battaglia così posso mostrartelo!",對變形者來說，這總是一年中最棒的日子：反向日！我從你臉上茫然的表情可以看出你完全不知道我在說什麼，所以讓我們直接進入戰鬥，這樣我就能向你展示了！,对变形者来说，这总是一年中最好的日子：反向日！我从你脸上茫然的表情可以看出你完全不知道我在说什么，所以让我们直接开始战斗，这样我就能给你展示了！,변신술사들에게는 항상 일 년 중 최고의 날이 있죠: 반대의 날! 당신의 멍한 표정을 보니 제가 무슨 말을 하는지 전혀 모르는 것 같네요. 그러니 바로 전투로 들어가서 제가 보여드리겠습니다!,"Dla Zmiennokształtnych to zawsze najlepszy dzień w roku: Dzień Przeciwieństw! Widzę po twoim pustym spojrzeniu, że nie masz pojęcia, o czym mówię, więc przejdźmy od razu do walki, żebym mógł ci pokazać!","Для Перевертнів це завжди найкращий день року: День Навпаки! Я бачу по твоєму спантеличеному виразу обличчя, що ти гадки не маєш, про що я говорю, тож давай одразу розпочнемо бій, щоб я міг тобі показати!","Voor Gedaanteverwisselaars is het altijd de beste dag van het jaar: Tegenovergestelde Dag! Ik kan aan de lege blik op je gezicht zien dat je geen idee hebt waar ik het over heb, dus laten we meteen een gevecht aangaan zodat ik het je kan laten zien!","Şekildeğiştirenler için, yılın en güzel günü her zaman Zıtlar Günü'dür! Yüzündeki boş ifadeden anladığım kadarıyla neden bahsettiğim hakkında hiçbir fikrin yok, o halde hemen bir savaşa girelim de sana gösterebileyim!"
L_MASTER_DIALOG_SIN,,"Much like their Sanctus counterparts, Sins all bring something different to the battlefield. Frankly, I'm not particularly fond of these creatures, but who would pass up the opportunity to be referred to as the Master of Sins?\n\nAnyway, let's fight!",聖なる存在の対極として、罪もまた戦場に異なる何かをもたらします。正直に言えば、私はこれらの生き物にあまり好意を持っていませんが、「罪の主」と呼ばれる機会を逃す者がいるでしょうか？\n\nさあ、戦いましょう！,"Ähnlich wie ihre Sanctus-Gegenstücke bringen auch Sünden jeweils etwas Anderes auf das Schlachtfeld. Ehrlich gesagt bin ich nicht besonders angetan von diesen Kreaturen, aber wer würde schon die Gelegenheit ausschlagen, als Meister der Sünden bezeichnet zu werden?\n\nNun gut, lass uns kämpfen!","Tout comme leurs homologues Sanctus, les Péchés apportent tous quelque chose de différent sur le champ de bataille. Franchement, je n'apprécie pas particulièrement ces créatures, mais qui refuserait l'opportunité d'être appelé le Maître des Péchés ?\n\nQuoi qu'il en soit, battons-nous !","Al igual que sus contrapartes de Sanctus, los Pecados aportan algo diferente al campo de batalla. Francamente, no soy particularmente aficionado a estas criaturas, pero ¿quién rechazaría la oportunidad de ser llamado el Maestro de los Pecados?\n\nDe todos modos, ¡vamos a luchar!","Assim como seus equivalentes Sanctus, os Sins trazem algo diferente para o campo de batalha. Francamente, não sou particularmente fã dessas criaturas, mas quem recusaria a oportunidade de ser chamado de Mestre dos Pecados?\n\nDe qualquer forma, vamos lutar!","Как и их аналоги из Санктуса, Грехи привносят на поле боя что-то особенное. Честно говоря, я не особо жалую этих существ, но кто бы отказался от возможности называться Повелителем Грехов?\n\nВ любом случае, давайте сражаться!","Proprio come i loro corrispettivi Sanctus, i Sins portano tutti qualcosa di diverso sul campo di battaglia. Francamente, non sono particolarmente affezionato a queste creature, ma chi si lascerebbe sfuggire l'opportunità di essere chiamato il Maestro dei Peccati?\n\nComunque, combattiamo!",就像他們的聖徒對應物一樣，罪孽們都為戰場帶來不同的東西。坦白說，我並不特別喜歡這些生物，但誰會放棄被稱為罪孽之主的機會呢？\n\n總之，讓我們開戰吧！,就像他们的圣灵对应物一样，罪们都能给战场带来不同的东西。坦白说，我并不特别喜欢这些生物，但谁会放弃被称为罪孽之主的机会呢？\n\n总之，让我们战斗吧！,"성물 동료들과 마찬가지로, 죄악들은 모두 전장에 각기 다른 것을 가져옵니다. 솔직히 말하자면, 나는 이 생물들을 특별히 좋아하지 않지만, 누가 죄악의 주인이라고 불릴 기회를 놓치겠습니까?\n\n어쨌든, 싸우자!","Podobnie jak ich odpowiednicy z Sanctus, Grzechy wnoszą na pole bitwy coś zupełnie innego. Szczerze mówiąc, nie przepadam za tymi stworzeniami, ale kto by przepuścił okazję, by być nazywanym Mistrzem Grzechów?\n\nW każdym razie, walczmy!","Як і їхні аналоги з Санктуса, Гріхи привносять щось особливе на поле бою. Відверто кажучи, я не надто полюбляю цих істот, але хто б відмовився від можливості називатися Володарем Гріхів?\n\nТак чи інакше, давайте битися!","Net als hun Sanctus-tegenhangers brengen Zonden allemaal iets anders naar het slagveld. Eerlijk gezegd ben ik niet bijzonder gesteld op deze wezens, maar wie zou de kans laten liggen om aangesproken te worden als de Meester der Zonden?\n\nHoe dan ook, laten we vechten!","Sanctus muadillerine benzer şekilde, Günahlar da savaş alanına farklı şeyler getirirler. Açıkçası, bu yaratıklardan pek hoşlanmıyorum, ama Günahların Efendisi olarak anılma fırsatını kim kaçırır ki?\n\nNeyse, hadi savaşalım!"
L_MASTER_DIALOG_SIREN,,"When you hear the name ""Siren"", don't you think of some beautiful, mermaid-like creature that middle-aged weirdos would fawn over? Well, you won't find them like that in Rodia. Nope, no sir. Sirens are actually some of the ugliest little guys in the whole world. Here - see for yourself!",サイレンという名前を聞くと、中年のヘンな奴らが夢中になるような美しい人魚のような生き物を想像しませんか？でも、ロディアではそんな姿では見つかりませんよ。いいえ、絶対に。サイレンは実際、世界で最も醜い小さな奴らの一部なんです。ほら、自分の目で確かめてください！,"Wenn du den Namen ""Sirene"" hörst, denkst du nicht an ein wunderschönes, meerjungfrauenähnliches Wesen, über das seltsame Männer mittleren Alters schwärmen würden? Nun, in Rodia wirst du sie nicht so finden. Nein, auf keinen Fall. Sirenen sind tatsächlich einige der hässlichsten kleinen Kerle in der ganzen Welt. Hier - überzeug dich selbst!","Quand vous entendez le nom ""Sirène","Cuando escuchas el nombre ""Sirena","Quando você ouve o nome ""Sereia","Когда вы слышите имя ""Сирена","Quando senti il nome ""Sirena",當你聽到「海妖」這個名字時，你是不是會想到那種美麗、類似美人魚的生物，是中年怪咖們會為之傾倒的對象？嗯，在羅迪亞可找不到這種東西。不，絕對沒有。海妖實際上是整個世界上最醜陋的小傢伙之一。來吧——自己看看！,"当你听到""海妖""这个名字时，你是不是会想到一些美丽的、类似美人鱼的生物，那种中年怪人会为之倾倒的那种？嗯，在罗迪亚，你可找不到这样的海妖。不，绝对没有。海妖实际上是整个世界上最丑的小家伙之一。来吧——自己看看！","""사이렌""이라는 이름을 들으면, 중년의 이상한 사람들이 열광할 만한 아름다운 인어 같은 생물을 떠올리지 않나요? 글쎄요, 로디아에서는 그런 모습을 찾아볼 수 없을 겁니다. 아니요, 절대로요. 사이렌은 사실 전 세계에서 가장 못생긴 작은 녀석들 중 하나예요. 자, 직접 확인해 보세요!","Kiedy słyszysz nazwę ""Syrena","Коли ви чуєте назву ""Сирена","Als je de naam ""Siren"" hoort, denk je dan niet aan een of ander prachtig, zeemeerminachtig wezen waar vreemde mannen van middelbare leeftijd over zouden zwijmelen? Nou, zo vind je ze niet in Rodia. Nee, absoluut niet. Sirens zijn eigenlijk een van de lelijkste kleine wezens in de hele wereld. Hier - zie zelf maar!","""Siren"" adını duyduğunda, orta yaşlı tuhaf tiplerin üzerine düşeceği güzel, deniz kızı benzeri bir yaratık düşünmez misin? Eh, Rodia\'da onları öyle bulamazsın. Hayır, hayır efendim. Sirenler aslında tüm dünyadaki en çirkin küçük yaratıklardır. İşte - kendin gör!"
L_MASTER_DIALOG_SKELETON,,"Skeletons may be frail, but they make up for their lack of fortitude with an insane amount of firepower. I mean, there's no way the average living organism can survive a barrage of gunshots, right? In fact, don't you find it weird that, in a world that has guns, only Skeletons bother to use them? Anyway, let's duel!",スケルトンは脆いかもしれないが、その耐久力の欠如を狂気じみた火力で補っている。つまり、普通の生物が銃弾の嵐を生き延びることなんてできないだろう？実際、銃が存在する世界で、スケルトンだけが銃を使うのは変だと思わないか？まあ、勝負だ！,"Skelette mögen zwar zerbrechlich sein, aber sie gleichen ihren Mangel an Widerstandskraft mit einer wahnsinnigen Feuerkraft aus. Ich meine, kein durchschnittlicher lebender Organismus kann doch einen Hagel von Schüssen überleben, oder? Findest du es nicht sogar seltsam, dass in einer Welt, die Schusswaffen hat, nur Skelette sich die Mühe machen, sie zu benutzen? Wie auch immer, lass uns duellieren!","Les squelettes sont peut-être fragiles, mais ils compensent leur manque d'endurance par une quantité insensée de puissance de feu. Je veux dire, il n'y a aucune chance qu'un organisme vivant moyen puisse survivre à un barrage de tirs, pas vrai ? En fait, ne trouves-tu pas étrange que, dans un monde qui possède des armes à feu, seuls les Squelettes se donnent la peine de les utiliser ? Quoi qu'il en soit, battons-nous !","Los esqueletos pueden ser frágiles, pero compensan su falta de fortaleza con una cantidad descabellada de potencia de fuego. Es decir, no hay forma de que el organismo vivo promedio pueda sobrevivir a una lluvia de disparos, ¿verdad? De hecho, ¿no te parece extraño que, en un mundo que tiene armas, solo los Esqueletos se molesten en usarlas? En fin, ¡vamos a batirnos en duelo!","Os esqueletos podem ser frágeis, mas compensam sua falta de resistência com uma quantidade insana de poder de fogo. Quer dizer, não há como um organismo vivo comum sobreviver a uma rajada de tiros, certo? Na verdade, você não acha estranho que, em um mundo que tem armas, apenas os Esqueletos se importam em usá-las? De qualquer forma, vamos duelar!","Скелеты могут быть хрупкими, но они компенсируют недостаток выносливости безумным количеством огневой мощи. Я имею в виду, нет никакого способа, которым средний живой организм может пережить шквал выстрелов, верно? На самом деле, разве ты не находишь странным, что в мире, где есть оружие, только Скелеты утруждают себя его использованием? В любом случае, давай сразимся!","Gli scheletri possono essere fragili, ma compensano la loro mancanza di resistenza con una quantità folle di potenza di fuoco. Voglio dire, non c'è modo che un organismo vivente medio possa sopravvivere a una raffica di colpi di arma da fuoco, giusto? In effetti, non trovi strano che, in un mondo che ha le armi, solo gli Scheletri si preoccupino di usarle? Comunque, duelliamoǃ",骷髏雖然脆弱，但他們用瘋狂的火力彌補了自身耐力的不足。我是說，一般的生物怎麼可能在一連串的槍林彈雨中存活下來，對吧？事實上，你不覺得奇怪嗎，在一個有槍的世界裡，只有骷髏才會費心使用它們？無論如何，讓我們決鬥吧！,骷髅虽然脆弱，但它们用疯狂的火力弥补了自身耐力的不足。我是说，普通生物怎么可能在枪林弹雨中存活下来，对吧？事实上，你不觉得奇怪吗，在一个有枪的世界里，只有骷髅才会费心使用它们？不管怎样，来决斗吧！,"해골들은 약할지 몰라도, 그들은 엄청난 화력으로 그 내구력 부족을 보완합니다. 제 말은, 평범한 생물체가 총알 세례를 견딜 수 있는 방법은 없잖아요, 그렇죠? 사실, 총이 있는 세계에서 해골들만 그것을 사용하는 것이 이상하다고 생각하지 않나요? 어쨌든, 결투를 시작합시다!","Szkielety mogą być kruche, ale nadrabiają swój brak wytrzymałości szaloną ilością siły ognia. To znaczy, przeciętny żywy organizm nie ma szans przetrwać gradu pocisków, prawda? Właściwie, czy nie wydaje ci się dziwne, że w świecie, w którym istnieje broń palna, tylko Szkielety zadają sobie trud, by jej używać? W każdym razie, walczmy!","Скелети можуть бути крихкими, але вони компенсують свою відсутність витривалості божевільною кількістю вогневої потужності. Тобто, немає жодного шансу, що середньостатистичний живий організм виживе під шквалом пострілів, правда? Насправді, хіба не дивно, що у світі, де є зброя, лише Скелети завдають собі клопоту її використовувати? У будь-якому разі, давай битися!","Skeletten zijn misschien broos, maar ze compenseren hun gebrek aan uithoudingsvermogen met een waanzinnige hoeveelheid vuurkracht. Ik bedoel, er is geen manier waarop een gemiddeld levend organisme een regen van kogels kan overleven, toch? Vind je het eigenlijk niet vreemd dat, in een wereld die geweren heeft, alleen Skeletten de moeite nemen om ze te gebruiken? Hoe dan ook, laten we duelleren!","İskeletler kırılgan olabilir, ancak dayanıklılık eksikliklerini çılgınca bir ateş gücüyle telafi ederler. Yani, sıradan bir canlı organizmanın bir kurşun yağmuruna dayanabileceği bir yol yok, değil mi? Aslında, silahların olduğu bir dünyada sadece İskeletlerin onları kullanmaya zahmet etmesini garip bulmuyor musun? Neyse, hadi düello yapalım!"
L_MASTER_DIALOG_SLIME,,"Slimes are generous little creatures who like to share their boons with their friends. They're also great at provoking enemies - just look at how punchable their faces are!\n\nLet's have ourselves a duel, shall we?",スライムは仲間と恩恵を分かち合うのが好きな気前のいい小さな生き物です。彼らは敵を挑発するのも得意です - あの殴りたくなる顔を見てください！\n\n決闘をしましょうか？,"Schleime sind großzügige kleine Kreaturen, die gerne ihre Gaben mit ihren Freunden teilen. Sie sind auch hervorragend darin, Feinde zu provozieren - schau dir nur an, wie sehr ihre Gesichter danach schreien, verprügelt zu werden!\n\nLass uns einen Zweikampf austragen, einverstanden?","Les Slimes sont de petites créatures généreuses qui aiment partager leurs bienfaits avec leurs amis. Ils sont aussi très doués pour provoquer les ennemis - regardez comme leurs visages donnent envie de les frapper !\n\nFaisons un duel, voulez-vous ?",Los limos son pequeñas criaturas generosas a las que les gusta compartir sus bendiciones con sus amigos. También son excelentes provocando a los enemigos - ¡solo mira lo golpeables que son sus caras!\n\n¿Qué tal si tenemos un duelo?,"Slimes são criaturinhas generosas que gostam de compartilhar seus benefícios com seus amigos. Eles também são ótimos em provocar inimigos - basta olhar como seus rostos são socáveis!\n\nVamos ter um duelo, que tal?","Слаймы — щедрые маленькие существа, которые любят делиться своими дарами с друзьями. Они также отлично провоцируют врагов — только посмотрите, насколько их мордашки так и просятся, чтобы их ударили!\n\nДавайте устроим дуэль, хорошо?","I gelatini sono piccole creature generose a cui piace condividere i loro doni con gli amici. Sono anche bravissimi a provocare i nemici - basta guardare quanto sono invitanti da prendere a pugni le loro facce!\n\nFacciamoci un duello, che ne dici?",史萊姆是慷慨的小生物，喜歡與朋友分享牠們的恩惠。牠們也很擅長激怒敵人——看看牠們那張多麼讓人想揍的臉吧！\n\n我們來一場決鬥，如何？,史莱姆是慷慨的小生物，喜欢与朋友分享它们的恩惠。它们也很擅长激怒敌人——看看它们那张多么让人想揍的脸吧！\n\n我们来一场决斗，好吗？,슬라임은 자신의 혜택을 친구들과 나누는 것을 좋아하는 관대한 작은 생물입니다. 또한 적을 자극하는 데 탁월합니다 - 그들의 얼굴이 얼마나 주먹으로 치고 싶게 생겼는지 보세요!\n\n결투를 벌여볼까요?,"Szlamy to hojne małe stworzonka, które lubią dzielić się swoimi darami z przyjaciółmi. Są też świetne w prowokowaniu wrogów - wystarczy spojrzeć, jak bardzo ich twarze aż proszą się o uderzenie!\n\nMoże stoczymy pojedynek, co?","Слизи - це щедрі маленькі створіння, які люблять ділитися своїми дарами з друзями. Вони також чудово провокують ворогів - тільки погляньте, які в них обличчя, так і хочеться вдарити!\n\nДавайте влаштуємо дуель, добре?","Slimes zijn gulle kleine wezentjes die graag hun zegeningen delen met hun vrienden. Ze zijn ook geweldig in het provoceren van vijanden - kijk maar eens hoe uitnodigend hun gezichten zijn om te slaan!\n\nLaten we een duel houden, oké?","Balçıklar, nimetlerini arkadaşlarıyla paylaşmayı seven cömert küçük yaratıklardır. Ayrıca düşmanları kışkırtmakta da ustadırlar - yüzlerinin ne kadar yumruklanası olduğuna bir bakın!\n\nHaydi bir düello yapalım, ne dersiniz?"
L_MASTER_DIALOG_SMITH,,"With the help of their Artifacts, Smiths are great at bolstering their allies' strength. Care for a duel? I've been standing in one place for several days now, waiting for someone like you to come along and put me out of my misery.",アーティファクトの助けを借りて、スミスは仲間の力を高めるのが得意だ。決闘はどうだ？お前のような者が現れて、この苦しみから解放してくれるのを待って、もう何日もここに立ち続けているんだ。,"Mit Hilfe ihrer Artefakte sind Schmiede hervorragend darin, die Stärke ihrer Verbündeten zu steigern. Lust auf ein Duell? Ich stehe jetzt schon seit mehreren Tagen an einem Ort und warte darauf, dass jemand wie du vorbeikommt und mich von meinem Elend erlöst.","Grâce à leurs Artéfacts, les Forgerons excellent à renforcer la puissance de leurs alliés. Envie d'un duel ? Je suis resté au même endroit pendant plusieurs jours, attendant que quelqu'un comme vous vienne me sortir de ma misère.","Con la ayuda de sus Artefactos, los Herreros son excelentes para reforzar la fuerza de sus aliados. ¿Te apetece un duelo? He estado parado en el mismo lugar durante varios días, esperando a que alguien como tú aparezca y me saque de mi miseria.","Com a ajuda de seus Artefatos, os Ferreiros são ótimos em reforçar a força de seus aliados. Gostaria de um duelo? Estou parado no mesmo lugar há vários dias, esperando que alguém como você apareça e acabe com meu sofrimento.","С помощью своих Артефактов Кузнецы отлично справляются с укреплением силы своих союзников. Не желаете дуэль? Я стою на одном месте уже несколько дней, ожидая, когда кто-то вроде вас придет и избавит меня от моих мучений.","Con l'aiuto dei loro Artefatti, i Fabbri sono eccellenti nel rafforzare la forza dei loro alleati. Ti va un duello? Sono rimasto fermo nello stesso punto per diversi giorni, aspettando che qualcuno come te arrivasse e mi togliesse dalla mia miseria.",藉由神器之助，鐵匠們擅長增強盟友的力量。想來場決鬥嗎？我已經在同一個地方站了好幾天了，就等著像你這樣的人出現，解救我於無聊之中。,借助他们的神器，工匠们擅长增强盟友的力量。想来一场决斗吗？我已经在这个地方站了好几天了，等待像你这样的人出现，让我解脱。,"유물의 도움으로, 대장장이들은 동료들의 힘을 강화하는 데 탁월합니다. 결투 한판 어떠세요? 저는 당신 같은 사람이 와서 저를 이 고통에서 벗어나게 해주길 기다리며 며칠 동안 한 자리에 서 있었습니다.","Dzięki swoim Artefaktom, Kowale świetnie wzmacniają siłę swoich sojuszników. Masz ochotę na pojedynek? Stoję w jednym miejscu od kilku dni, czekając na kogoś takiego jak ty, kto przyjdzie i wybawi mnie z mojej niedoli.","За допомогою своїх Артефактів, Ковалі чудово підсилюють міць своїх союзників. Бажаєш дуелі? Я стою на одному місці вже кілька днів, чекаючи, коли хтось на кшталт тебе прийде і позбавить мене від моїх страждань.",Met de hulp van hun Artefacten zijn Smeden uitstekend in het versterken van de kracht van hun bondgenoten. Zin in een duel? Ik sta hier al dagen op dezelfde plek te wachten tot iemand zoals jij langskomt om me uit mijn lijden te verlossen.,"Zanaatkarlar, Eserleri sayesinde müttefiklerinin gücünü artırmada ustadırlar. Düello ister misin? Birkaç gündür aynı yerde duruyorum, senin gibi birinin gelip beni bu sefaletten kurtarmasını bekliyorum."
L_MASTER_DIALOG_SMOG,,"There's no way it's healthy for me to be around these Smogs all the time, but alas, I am the Master of Smogs and that is my fate. For your sake, I hope your creatures can hold their breaths long enough to make it through this battle!",この霧霞たちのそばにいるのが健康的なわけがないんだけど、ああ、私は霧霞の主だからそれが運命なんだよ。あなたのためを思うなら、あなたのクリーチャーたちがこの戦いを乗り切るのに十分な間、息を止められることを願うよ！,"Es kann unmöglich gesund für mich sein, ständig von diesen Smogs umgeben zu sein, aber leider bin ich der Meister der Smogs und das ist mein Schicksal. Um euretwillen hoffe ich, dass deine Kreaturen lange genug die Luft anhalten können, um diese Schlacht zu überstehen!","Il n'y a aucune chance que ce soit sain pour moi d'être entouré de ces Smogs tout le temps, mais hélas, je suis le Maître des Smogs et c'est mon destin. Pour votre bien, j'espère que vos créatures pourront retenir leur souffle assez longtemps pour survivre à cette bataille !","No puede ser saludable para mí estar rodeado de estos Smogs todo el tiempo, pero ay, soy el Maestro de los Smogs y ese es mi destino. ¡Por tu bien, espero que tus criaturas puedan contener la respiración el tiempo suficiente para sobrevivir a esta batalla!","Não há como ser saudável para mim estar perto desses Smogs o tempo todo, mas infelizmente, eu sou o Mestre dos Smogs e esse é o meu destino. Para o seu bem, espero que suas criaturas consigam prender a respiração por tempo suficiente para sobreviver a esta batalha!","Нет никакой возможности, что для меня полезно постоянно находиться среди этих Смогов, но увы, я Повелитель Смогов, и такова моя судьба. Ради вашего блага, надеюсь, ваши существа смогут задержать дыхание достаточно долго, чтобы пережить эту битву!","Non può essere salutare per me stare sempre in mezzo a questi Smog, ma ahimè, io sono il Maestro degli Smog e questo è il mio destino. Per il vostro bene, spero che le vostre creature possano trattenere il respiro abbastanza a lungo da superare questa battaglia!",我整天待在這些煙霧怪周圍肯定對健康不好，但唉，我是煙霧怪大師，這就是我的命運。為了你著想，我希望你的生物能憋住氣息足夠長的時間，撐過這場戰鬥！,我整天和这些烟雾怪待在一起肯定对健康不利，但唉，我是烟雾怪大师，这就是我的命运。为了你好，我希望你的生物能屏住呼吸足够长的时间，撑过这场战斗！,"항상 이 스모그들 주변에 있는 게 건강에 좋을 리 없지만, 아쉽게도 나는 스모그의 주인이고 그것이 내 운명이지. 당신을 위해서라도, 당신의 생물들이 이 전투를 견뎌낼 만큼 충분히 숨을 참을 수 있기를 바랄 뿐이야!","Nie ma mowy, żeby przebywanie wśród tych Smogów przez cały czas było dla mnie zdrowe, ale niestety, jestem Mistrzem Smogów i taki jest mój los. Dla twojego dobra, mam nadzieję, że twoje stworzenia potrafią wstrzymać oddech na tyle długo, by przetrwać tę bitwę!","Немає жодного шансу, що перебування серед цих Смогів весь час корисне для мого здоров'я, але, на жаль, я Майстер Смогів, і це моя доля. Заради вас, сподіваюся, ваші істоти зможуть затримати подих достатньо довго, щоб пережити цю битву!","Er is geen manier waarop het gezond voor me is om de hele tijd bij deze Smogs te zijn, maar helaas, ik ben de Meester der Smogs en dat is mijn lot. Voor jouw bestwil hoop ik dat je wezens lang genoeg hun adem kunnen inhouden om deze strijd te doorstaan!","Bu Sislerin etrafında sürekli bulunmanın benim için sağlıklı olması imkansız, ama ne yazık ki, ben Sislerin Efendisiyim ve bu benim kaderim. Senin iyiliğin için, umarım yaratıkların bu savaştan sağ çıkabilmek için nefeslerini yeterince tutabilirler!"
L_MASTER_DIALOG_SNAPTRAP,,"My Snaptraps are about to ruin your day! Your creatures won't be making a move anytime soon, I can assure you of that!",俺のスナップトラップで今日という日を台無しにしてやるぜ！お前の生き物たちはしばらく動けなくなるだろうな、それは保証するよ！,"Meine Schnappfallen werden dir den Tag verderben! Deine Kreaturen werden so schnell keine Bewegung machen, das kann ich dir versichern!","Mes Snaptraps vont gâcher ta journée ! Tes créatures ne bougeront pas de sitôt, je peux te l'assurer !","¡Mis Snaptraps están a punto de arruinar tu día! ¡Tus criaturas no harán ningún movimiento por un buen tiempo, te lo puedo asegurar!","Minhas Snaptraps estão prestes a arruinar seu dia! Suas criaturas não vão se mexer tão cedo, posso garantir isso!","Мои Хлопкозахваты сейчас испортят тебе весь день! Твои существа в ближайшее время не сделают ни шагу, могу тебя в этом заверить!",I miei Snaptraps stanno per rovinarti la giornata! Le tue creature non faranno alcuna mossa per un bel po,我的捕捉陷阱即將毀掉你的一天！我可以向你保證，你的生物短時間內不會有任何動作！,我的捕噬草就要毁了你的好日子！我可以向你保证，你的生物短时间内根本动不了！,"내 스냅트랩이 당신의 하루를 망치려고 해요! 당신의 생물들은 당분간 움직이지 못할 거예요, 그건 확실히 장담할 수 있어요!","Moje Snaptrapy zaraz zepsują ci dzień! Twoje stworzenia nie będą się ruszać w najbliższym czasie, mogę cię o tym zapewnić!","Мої Клацпастки от-от зіпсують тобі день! Твої істоти не зможуть і поворухнутися найближчим часом, це я тобі гарантую!","Mijn Snaptraps staan op het punt je dag te verpesten! Je wezens zullen voorlopig geen beweging maken, dat kan ik je verzekeren!","Snaptraps'larım gününü mahvetmek üzere! Yaratıkların yakın zamanda hareket edemeyecek, bunu sana garanti ederim!"
L_MASTER_DIALOG_SPARKTAIL,,"Typically, Sparktails won't do much to harm you unless you lash out at them first... in which case, you'll receive the ass-beating of a lifetime.\n\nFight me!",通常、スパークテイルはあなたが先に手を出さない限り、あなたを傷つけることはありません…もしそうなれば、一生忘れられない痛い目に遭うでしょう。\n\n勝負だ！,"Normalerweise werden Sparktails dir nicht viel antun, es sei denn, du greifst sie zuerst an... in diesem Fall wirst du die Tracht Prügel deines Lebens bekommen.\n\nKämpf mit mir!","Généralement, les Sparktails ne vous feront pas grand mal, sauf si vous les attaquez en premier... auquel cas, vous recevrez la raclée de votre vie.\n\nBattez-vous contre moi !","Normalmente, los Sparktails no te harán mucho daño a menos que los ataques primero... en cuyo caso, recibirás la paliza de tu vida.\n\nÍPelea conmigo!","Normalmente, os Sparktails não vão fazer muito para te machucar, a menos que você os ataque primeiro... nesse caso, você vai receber a maior surra da sua vida.\n\nLute comigo!","Обычно Искрохвосты не причинят тебе вреда, если ты первым не нападёшь на них... в таком случае, тебя ждёт самая сильная взбучка в твоей жизни.\n\nСразись со мной!","Solitamente, i Sparktails non ti faranno molto male a meno che tu non li attacchi per primo... nel qual caso, riceverai la batosta più grande della tua vita.\n\nCombatti contro di me!",通常，火花尾巴不會對你造成太大傷害，除非你先攻擊牠們……在這種情況下，你將會遭受有生以來最慘烈的痛毆。\n\n來跟我打一場！,通常情况下，除非你先攻击它们，否则闪尾不会对你造成太大伤害……如果你这么做了，那你将会遭受有生以来最惨痛的教训。\n\n来打我啊！,일반적으로 스파크테일은 당신이 먼저 공격하지 않는 한 해를 끼치지 않습니다... 그런 경우에는 평생 기억에 남을 엄청난 두들겨 맞음을 당하게 될 겁니다.\n\n덤벼봐!,"Zazwyczaj Iskrogony nie zrobią ci krzywdy, chyba że pierwszy je zaatakujesz... w takim przypadku dostaniesz łomot życia.\n\nWalcz ze mną!","Зазвичай, Іскрохвости не завдадуть вам шкоди, якщо ви першими не нападете на них... у такому випадку ви отримаєте прочухана на все життя.\n\nБийся зі мною!","Normaal gesproken zullen Sparktails je niet veel kwaad doen, tenzij je hen eerst aanvalt... in dat geval krijg je het pak slaag van je leven.\n\nVecht met me!","Genellikle, Sparktail'ler önce sen onlara saldırmadıkça sana zarar vermezler... ki bu durumda, hayatının dayağını yersin.\n\nBenimle dövüş!"
L_MASTER_DIALOG_SPECTRE,,"Spectres excel at crippling their opponents to make for an easy kill. Their kids are really great, too. Well, I mean, those babies probably aren't really their own kids... but, you know. Anyway, let's duel!",スペクターは敵を弱らせて簡単に倒すのが得意だ。彼らの子供たちも素晴らしいよ。まあ、その赤ん坊たちは本当に彼ら自身の子供ではないだろうけど…でもね。とにかく、勝負だ！,"Spektren sind Meister darin, ihre Gegner zu lähmen, um sie leicht zu töten. Ihre Kleinen sind auch wirklich großartig. Nun, ich meine, diese Babys sind wahrscheinlich nicht wirklich ihre eigenen Kinder... aber, du weißt schon. Wie auch immer, lass uns duellieren!","Les Spectres excellent à handicaper leurs adversaires pour faciliter l'élimination. Leurs petits sont vraiment formidables aussi. Enfin, je veux dire, ces bébés ne sont probablement pas vraiment leurs propres enfants... mais, vous savez. Quoi qu'il en soit, battons-nous !","Los Espectros sobresalen en incapacitar a sus oponentes para facilitar el asesinato. Sus crías también son geniales. Bueno, quiero decir, esos pequeños probablemente no sean realmente sus propios hijos... pero, ya sabes. ¡De todos modos, vamos a duelo!","Os Espectros são excelentes em incapacitar seus oponentes para facilitar o abate. Seus filhotes também são ótimos. Bem, quer dizer, esses bebês provavelmente não são realmente seus próprios filhos... mas, você sabe. De qualquer forma, vamos duelar!","Призраки отлично справляются с выведением противников из строя для лёгкого убийства. Их детишки тоже очень хороши. Ну, я имею в виду, эти малыши, вероятно, не совсем их собственные дети... но, ты понимаешь. В любом случае, давай сразимся!","Gli Spettri eccellono nel debilitare i loro avversari per facilitarne l'uccisione. Anche i loro piccoli sono davvero fantastici. Beh, voglio dire, quei cuccioli probabilmente non sono davvero i loro figli... ma, sai. Comunque, duelliamoǃ",幽靈擅長使對手癱瘓，以便輕鬆擊殺。他們的孩子也很棒。嗯，我是說，那些小傢伙可能並不是真的他們自己的孩子...但是，你懂的。總之，讓我們決鬥吧！,幽鬼擅长使对手残废，以便轻松击杀。它们的孩子也非常棒。呃，我是说，那些小家伙可能并不是它们亲生的孩子...但是，你懂的。总之，让我们决斗吧！,"스펙터는 적을 쉽게 처치하기 위해 상대를 무력화시키는 데 탁월합니다. 그들의 아이들도 정말 훌륭해요. 음, 그러니까, 그 아기들은 아마 정말 그들 자신의 아이들은 아닐 거예요... 하지만, 뭐 그렇죠. 어쨌든, 결투를 시작합시다!","Widma doskonale radzą sobie z osłabianiem przeciwników, co ułatwia im zabijanie. Ich dzieci też są naprawdę świetne. Cóż, mam na myśli, że te maluchy prawdopodobnie nie są tak naprawdę ich własnymi dziećmi... ale wiesz, o co chodzi. W każdym razie, walczmy!","Примари чудово вміють калічити своїх супротивників для легкого вбивства. Їхні малюки теж дуже класні. Ну, я маю на увазі, ці малята, мабуть, не зовсім їхні власні діти... але, ви розумієте. В будь-якому разі, давайте битися!","Spoken zijn meesters in het verlammen van hun tegenstanders voor een gemakkelijke kill. Hun kleintjes zijn ook echt geweldig. Nou ja, ik bedoel, die baby's zijn waarschijnlijk niet echt hun eigen kinderen... maar, je weet wel. Hoe dan ook, laten we duelleren!","Hayaletler, kolay bir öldürüş için rakiplerini sakatlama konusunda ustadırlar. Çocukları da gerçekten harika. Yani, o bebekler muhtemelen kendi çocukları değil... ama, anlarsın işte. Neyse, düello yapalım!"
L_MASTER_DIALOG_SPHINX,,"Sphinxes are perhaps the most adaptive creatures Rodia has to offer. They're able to change their class identity in the midst of battle to suit their needs. If your team isn't equally flexible, you're going to have a hard time against me. Let's duel!",スフィンクスはおそらくロディアが誇る最も適応力のある生物でしょう。彼らは戦闘の最中に自分のニーズに合わせてクラスの特性を変えることができます。あなたのチームが同じように柔軟でなければ、私に対して苦戦するでしょう。勝負だ！,"Sphinxe sind vielleicht die anpassungsfähigsten Kreaturen, die Rodia zu bieten hat. Sie können ihre Klassenidentität mitten im Kampf ändern, um ihren Bedürfnissen gerecht zu werden. Wenn dein Team nicht genauso flexibel ist, wirst du es schwer haben gegen mich. Lass uns duellieren!","Les Sphinx sont peut-être les créatures les plus adaptables que Rodia ait à offrir. Ils sont capables de changer leur identité de classe en plein combat pour répondre à leurs besoins. Si votre équipe n'est pas aussi flexible, vous allez avoir du mal contre moi. Battons-nous !","Las esfinges son quizás las criaturas más adaptables que Rodia tiene para ofrecer. Son capaces de cambiar su identidad de clase en medio de la batalla para adaptarse a sus necesidades. Si tu equipo no es igualmente flexible, vas a tener dificultades contra mí. ¡Vamos a duelo!","As esfinges são talvez as criaturas mais adaptáveis que Rodia tem a oferecer. Elas são capazes de mudar sua identidade de classe no meio da batalha para atender às suas necessidades. Se sua equipe não for igualmente flexível, você terá dificuldades contra mim. Vamos duelar!","Сфинксы, пожалуй, самые адаптивные существа, которых может предложить Родия. Они способны менять свою классовую принадлежность прямо в разгар битвы, чтобы соответствовать своим потребностям. Если ваша команда не столь же гибкая, вам придётся нелегко в бою против меня. Давайте сразимся!","Le sfingi sono forse le creature più adattabili che Rodia ha da offrire. Sono in grado di cambiare la loro identità di classe nel bel mezzo della battaglia per adattarsi alle loro esigenze. Se la tua squadra non è altrettanto flessibile, avrai difficoltà contro di me. Duellliamo!",獅身人面獸或許是羅迪亞所能提供的最具適應力的生物。牠們能夠在戰鬥中改變自己的職業特性以滿足需求。如果你的隊伍沒有同樣的靈活性，對付我時你會遇到困難。讓我們決鬥吧！,斯芬克斯也许是罗迪亚所能提供的最具适应性的生物。它们能够在战斗中改变自己本身的系别以满足需求。如果你的队伍没有同样的灵活性，对付我时你会很艰难。来决斗吧！,"스핑크스는 아마도 로디아가 제공하는 가장 적응력이 뛰어난 생물일 것입니다. 그들은 전투 중에 필요에 따라 자신의 클래스 정체성을 바꿀 수 있습니다. 당신의 팀이 똑같이 유연하지 않다면, 저를 상대하기 어려울 겁니다. 결투를 시작합시다!","Sfinksy są prawdopodobnie najbardziej adaptacyjnymi stworzeniami, jakie ma do zaoferowania Rodia. Potrafią zmieniać swoją tożsamość klasową w trakcie bitwy, aby dostosować się do swoich potrzeb. Jeśli twoja drużyna nie jest równie elastyczna, będziesz miał trudny czas w walce ze mną. Zmierzmy się!","Сфінкси, мабуть, найбільш адаптивні істоти, яких може запропонувати Родія. Вони здатні змінювати свою класову ідентичність посеред бою відповідно до своїх потреб. Якщо ваша команда не така ж гнучка, вам буде важко проти мене. Давайте битися!","Sfinxen zijn misschien wel de meest aanpasbare wezens die Rodia te bieden heeft. Ze kunnen hun klassetype midden in een gevecht veranderen om aan hun behoeften te voldoen. Als jouw team niet even flexibel is, zul je het moeilijk krijgen tegen mij. Laten we duelleren!","Sfenksler belki de Rodia'nın sunduğu en uyumlu yaratıklardır. Savaşın ortasında ihtiyaçlarına göre sınıf kimliklerini değiştirebilirler. Eğer takımın aynı derecede esnek değilse, bana karşı zorlanacaksın. Hadi düello yapalım!"
L_MASTER_DIALOG_SPIRIT,,"Spirits are cheerful little fellas that take great joy in watching other creatures prosper. For that reason, they typically prefer to heal and empower their allies rather than attack their enemies directly. Let me show you how it's done!",精霊たちは陽気な小さな仲間で、他の生き物が繁栄するのを見ることに大きな喜びを感じています。そのため、彼らは通常、敵を直接攻撃するよりも、仲間を癒し、力を与えることを好みます。やり方をお見せしましょう！,"Geister sind fröhliche kleine Gesellen, die große Freude daran haben, andere Kreaturen gedeihen zu sehen. Aus diesem Grund bevorzugen sie es normalerweise, ihre Verbündeten zu heilen und zu stärken, anstatt ihre Feinde direkt anzugreifen. Lass mich dir zeigen, wie das geht!","Les Esprits sont de joyeux petits compagnons qui prennent un grand plaisir à voir d'autres créatures prospérer. Pour cette raison, ils préfèrent généralement soigner et renforcer leurs alliés plutôt que d'attaquer directement leurs ennemis. Laissez-moi vous montrer comment ça marche !","Los espíritus son pequeños compañeros alegres que disfrutan enormemente viendo prosperar a otras criaturas. Por esa razón, generalmente prefieren curar y potenciar a sus aliados en lugar de atacar directamente a sus enemigos. ¡Déjame mostrarte cómo se hace!","Os Espíritos são pequenos companheiros alegres que sentem grande prazer em ver outras criaturas prosperarem. Por esse motivo, eles geralmente preferem curar e fortalecer seus aliados em vez de atacar seus inimigos diretamente. Deixe-me mostrar como isso é feito!","Духи — это весёлые маленькие ребята, которые получают огромное удовольствие, наблюдая за процветанием других существ. По этой причине они обычно предпочитают лечить и усиливать своих союзников, а не атаковать врагов напрямую. Позвольте мне показать вам, как это делается!","Gli Spiriti sono piccoli esseri allegri che provano grande gioia nel vedere altre creature prosperare. Per questo motivo, solitamente preferiscono curare e potenziare i loro alleati piuttosto che attaccare direttamente i nemici. Lascia che ti mostri come si fa!",精靈是歡樂的小傢伙，牠們非常喜歡看到其他生物繁榮昌盛。因此，牠們通常更喜歡治療和強化自己的盟友，而不是直接攻擊敵人。讓我來示範給你看！,幽灵是欢快的小家伙，它们非常乐于看到其他生物繁荣昌盛。因此，它们通常更喜欢治疗和增强盟友的力量，而不是直接攻击敌人。让我来向你展示如何做到这一点！,"정령들은 다른 생물들이 번성하는 모습을 보는 것에 큰 기쁨을 느끼는 쾌활한 작은 녀석들이에요. 그런 이유로, 그들은 보통 적을 직접 공격하기보다는 아군을 치유하고 강화하는 것을 선호해요. 제가 어떻게 하는지 보여드릴게요!","Duchy to wesołe małe istotki, które czerpią ogromną radość z obserwowania, jak inne stworzenia prosperują. Z tego powodu zwykle wolą leczyć i wzmacniać swoich sojuszników, niż bezpośrednio atakować wrogów. Pozwól, że pokażę ci, jak to się robi!","Духи - це веселі маленькі створіння, які отримують велику радість, спостерігаючи за процвітанням інших істот. З цієї причини вони зазвичай віддають перевагу лікуванню та посиленню своїх союзників, а не прямій атаці на ворогів. Дозвольте мені показати вам, як це робиться!",Geesten zijn vrolijke kleine wezentjes die er veel plezier in scheppen om andere wezens te zien gedijen. Om die reden geven ze er meestal de voorkeur aan om hun bondgenoten te genezen en te versterken in plaats van hun vijanden rechtstreeks aan te vallen. Laat me je laten zien hoe het werkt!,"Ruhlar, diğer yaratıkların gelişmesini izlemekten büyük keyif alan neşeli küçük dostlardır. Bu nedenle, genellikle düşmanlarına doğrudan saldırmak yerine müttefiklerini iyileştirmeyi ve güçlendirmeyi tercih ederler. Sana nasıl yapıldığını göstereyim!"
L_MASTER_DIALOG_STAG,,"Stags are the only creatures in Rodia that have the ability to unlock the true potential of Spell Gems. If you think you can stand up against my army of spellcasters, then let's have ourselves a duel!",雄鹿はロディアで唯一、魔石の真の力を解放できる生き物だ。もし私の魔術師の軍団に立ち向かえると思うなら、決闘しようじゃないか！,"Hirsche sind die einzigen Kreaturen in Rodia, die die Fähigkeit besitzen, das wahre Potenzial der Zaubersteine freizusetzen. Wenn du glaubst, dass du gegen meine Armee von Zauberkundigen bestehen kannst, dann lass uns ein Duell austragen!","Les cerfs sont les seules créatures de Rodia qui possèdent la capacité de déverrouiller le véritable potentiel des Gemmes de Sort. Si tu penses pouvoir tenir tête à mon armée de lanceurs de sorts, alors livrons-nous un duel !","Los ciervos son las únicas criaturas en Rodia que tienen la capacidad de desbloquear el verdadero potencial de las Gemas de Hechizo. Si crees que puedes enfrentarte a mi ejército de lanzadores de hechizos, ¡entonces tengamos un duelo!","Os cervos são as únicas criaturas em Rodia que têm a capacidade de desbloquear o verdadeiro potencial das Gemas de Feitiço. Se você acha que pode enfrentar meu exército de conjuradores, então vamos ter um duelo!","Олени - единственные существа в Родии, обладающие способностью раскрыть истинный потенциал Самоцветов Заклинаний. Если ты думаешь, что сможешь противостоять моей армии заклинателей, тогда давай устроим дуэль!","I cervi sono le uniche creature di Rodia che possiedono la capacità di sbloccare il vero potenziale delle Gemme Incantate. Se pensi di poter resistere contro il mio esercito di incantatori, allora sfidiamoci a duello!",雄鹿是羅迪亞中唯一能夠解鎖法術寶石真正潛能的生物。如果你認為你能夠對抗我的施法者軍隊，那麼讓我們來一場決鬥吧！,雄鹿是罗迪亚中唯一能够解锁法术宝石真正潜力的生物。如果你认为你能对抗我的施法者大军，那么让我们来一场决斗吧！,"수사슴은 로디아에서 주문 보석의 진정한 잠재력을 끌어낼 수 있는 유일한 생물입니다. 당신이 내 주문 시전자 군대에 맞설 수 있다고 생각한다면, 한번 결투를 벌여봅시다!","Jelenie są jedynymi stworzeniami w Rodii, które mają zdolność odblokowania prawdziwego potencjału Klejnotów Zaklęć. Jeśli myślisz, że możesz stawić czoła mojej armii magów, to stoczmy pojedynek!","Олені - єдині істоти в Родії, які мають здатність розкрити справжній потенціал Магічних Самоцвітів. Якщо ти вважаєш, що зможеш протистояти моїй армії чаклунів, то давай влаштуємо дуель!","Herten zijn de enige wezens in Rodia die het vermogen hebben om het ware potentieel van Spreukstenen te ontsluiten. Als je denkt dat je het kunt opnemen tegen mijn leger van magiërs, laten we dan een duel houden!","Geyikler, Rodia'da Büyü Taşlarının gerçek potansiyelini açığa çıkarma yeteneğine sahip tek yaratıklardır. Eğer büyücüler orduma karşı durabileceğini düşünüyorsan, o zaman kendimize bir düello yapalım!"
L_MASTER_DIALOG_STORM,,"Storms are at their strongest when they're completely healthy. Admittedly, they lose a lot of their power early on in battle, but luckily for me, my Storms will finish off your creatures before that happens!",嵐は完全に健康な状態の時が最も強力だ。確かに、戦闘の初期段階でかなりの力を失うが、幸いなことに、私の嵐はそうなる前にお前の生物たちを片付けてしまうだろう！,"Stürme sind am stärksten, wenn sie vollkommen gesund sind. Zugegeben, sie verlieren früh im Kampf viel von ihrer Kraft, aber zum Glück für mich werden meine Stürme deine Kreaturen erledigen, bevor das passiert!","Les Tempêtes sont à leur maximum de puissance quand elles sont en parfaite santé. Certes, elles perdent beaucoup de leur force au début du combat, mais heureusement pour moi, mes Tempêtes auront terrassé tes créatures avant que cela n'arrive !","Las Tormentas están en su máximo poder cuando están completamente sanas. Es cierto que pierden gran parte de su poder al inicio del combate, pero por suerte para mí, ¡mis Tormentas acabarán con tus criaturas antes de que eso ocurra!","As tempestades estão no seu auge quando estão completamente saudáveis. É verdade que elas perdem muito do seu poder logo no início da batalha, mas, por sorte para mim, minhas Tempestades vão acabar com suas criaturas antes que isso aconteça!","Перевозбужденные существа наиболее сильны, когда полностью здоровы. Признаю, они теряют много сил в начале боя, но, к счастью для меня, мои Перевозбужденные прикончат твоих существ прежде, чем это произойдёт!","Le Tempeste sono al massimo della loro forza quando sono completamente in salute. Certo, perdono molto del loro potere nelle prime fasi della battaglia, ma per mia fortuna, le mie Tempeste elimineranno le tue creature prima che ciò accada!",風暴在完全健康的時候威力最強。誠然，牠們在戰鬥初期會失去大部分力量，但幸運的是，我的風暴會在那發生之前就消滅你的生物！,风暴在完全健康的状态下威力最强。诚然，它们在战斗初期会失去很多力量，但幸运的是，我的风暴会在那发生之前就消灭你的生物！,"폭풍은 완전히 건강할 때 가장 강력합니다. 솔직히 말하자면, 전투 초반에 많은 힘을 잃긴 하지만, 다행히도 내 폭풍은 그렇게 되기 전에 당신의 생물들을 끝장낼 거예요!","Burze są najsilniejsze, gdy są w pełni zdrowe. Przyznaję, że tracą dużo swojej mocy na początku walki, ale na moje szczęście, moje Burze wykończą twoje stworzenia, zanim to nastąpi!","Шторми найсильніші, коли вони повністю здорові. Щоправда, вони втрачають багато своєї сили на початку бою, але на моє щастя, мої Шторми покінчать з твоїми істотами ще до того, як це станеться!","Stormen zijn op hun sterkst wanneer ze volledig gezond zijn. Toegegeven, ze verliezen veel van hun kracht vroeg in de strijd, maar gelukkig voor mij zullen mijn Stormen jouw wezens uitschakelen voordat dat gebeurt!","Fırtınalar tamamen sağlıklı olduklarında en güçlü hallerindedir. Kabul ediyorum, savaşın başlarında güçlerinin çoğunu kaybederler, ama benim için şanslı olan, Fırtınalarım bu olmadan önce senin yaratıklarını bitirecek!"
L_MASTER_DIALOG_TOXDWELLER,,"Toxdwellers really, really, REALLY enjoy bombs. And that's just fine with me, since bombs are great for winning battles. Let's fight - but I'm warning you, you might want to step back a bit or risk losing a limb!",トクスドウェラーは爆弾が本当に、本当に、本当に大好きなんだ。それは私にとっても全然問題ない。だって爆弾は戦いに勝つのに最適だからね。さあ戦おう――でも警告しておくよ、少し下がっていた方がいいかもしれないよ。手足を失うリスクがあるからね！,"Toxbewohner mögen Bomben wirklich, wirklich, WIRKLICH gerne. Und das ist völlig in Ordnung für mich, denn Bomben sind großartig, um Kämpfe zu gewinnen. Lass uns kämpfen - aber ich warne dich, du solltest vielleicht etwas zurücktreten, sonst riskierst du, eine Gliedmaße zu verlieren!","Les Toxhabitants aiment vraiment, vraiment, VRAIMENT les bombes. Et ça me convient parfaitement, puisque les bombes sont excellentes pour gagner des batailles. Battons-nous - mais je vous préviens, vous feriez mieux de reculer un peu ou vous risquez de perdre un membre !","Los Toxdwellers realmente, realmente, REALMENTE disfrutan de las bombas. Y eso me parece perfecto, ya que las bombas son geniales para ganar batallas. Luchemos - ¡pero te advierto, tal vez quieras dar un paso atrás o arriesgarte a perder una extremidad!","Os Toxdwellers realmente, realmente, REALMENTE adoram bombas. E isso é ótimo para mim, já que bombas são excelentes para vencer batalhas. Vamos lutar - mas estou avisando, você talvez queira dar um passo para trás ou arriscar perder um membro!","Токсодвеллы действительно, действительно, ДЕЙСТВИТЕЛЬНО обожают бомбы. И меня это вполне устраивает, ведь бомбы отлично помогают выигрывать сражения. Давай сразимся - но предупреждаю, тебе лучше отойти подальше, иначе рискуешь потерять конечность!","I Toxdwellers amano davvero, davvero, DAVVERO le bombe. E per me va benissimo, dato che le bombe sono ottime per vincere le battaglie. Combattiamo - ma ti avverto, potresti voler fare un passo indietro o rischiare di perdere un arto!",毒居者真的、真的、真的非常喜歡炸彈。這對我來說沒問題，因為炸彈是贏得戰鬥的好工具。來打一場吧——不過我警告你，你可能要退後一點，否則可能會失去一條肢體！,毒居者真的，真的，真的非常喜欢炸弹。这对我来说没问题，因为炸弹是赢得战斗的好工具。来战斗吧——不过我警告你，你可能想后退一点，否则可能会失去一条胳膊！,"독거주자들은 정말, 정말, 정말로 폭탄을 좋아해요. 그리고 그건 저한테는 아주 좋은 일이죠, 폭탄은 전투에서 이기는 데 아주 좋으니까요. 싸워볼까요 - 하지만 경고하자면, 조금 뒤로 물러서는 게 좋을 거예요, 아니면 팔다리를 잃을 위험이 있을 테니까요!","Toksomieszkańcy naprawdę, naprawdę, NAPRAWDĘ uwielbiają bomby. I to mi w zupełności pasuje, bo bomby świetnie się sprawdzają w wygrywaniu bitew. Walczmy - ale ostrzegam, lepiej się trochę cofnij, bo ryzykujesz utratę kończyny!","Токсожителі дійсно, дійсно, ДІЙСНО обожнюють бомби. І мене це цілком влаштовує, адже бомби чудово допомагають вигравати битви. Давай битися - але попереджаю, тобі краще відступити трохи, щоб не ризикувати втратити кінцівку!","Toxbewoners houden echt, echt, ECHT van bommen. En dat is prima voor mij, want bommen zijn geweldig om gevechten te winnen. Laten we vechten - maar ik waarschuw je, je wilt misschien een stapje terug doen of je riskeert een ledemaat te verliezen!","Zehirdwellerlar bombalardan gerçekten, gerçekten, GERÇEKTENhoşlanırlar. Ve bu benim için gayet iyi, çünkü bombalar savaşları kazanmak için harikadır. Hadi savaşalım - ama seni uyarıyorum, biraz geri çekilmek isteyebilirsin yoksa bir uzvunu kaybetme riskin var!"
L_MASTER_DIALOG_TREMOR,,"If you're ever struggling to defeat your enemies, you should consider adding a Tremor or two to your party. These massive creatures are great at interrupting their enemies, preventing them from taking action. Allow me to demonstrate!",もし敵を倒すのに苦戦しているなら、パーティにトレマーを1体か2体加えることを検討すべきだ。この巨大な生物は敵の行動を妨害するのが得意で、敵が行動を起こせないようにする。実演してみよう！,"Wenn du jemals Schwierigkeiten hast, deine Feinde zu besiegen, solltest du überlegen, einen oder zwei Tremor in deine Gruppe aufzunehmen. Diese massiven Kreaturen sind hervorragend darin, ihre Feinde zu unterbrechen und sie daran zu hindern, Aktionen auszuführen. Lass mich das demonstrieren!","Si vous avez du mal à vaincre vos ennemis, vous devriez envisager d'ajouter un ou deux Tremor à votre équipe. Ces créatures massives excellent à interrompre leurs ennemis, les empêchant d'agir. Permettez-moi de vous faire une démonstration !","Si alguna vez tienes problemas para derrotar a tus enemigos, deberías considerar añadir uno o dos Tremor a tu grupo. Estas criaturas masivas son excelentes interrumpiendo a sus enemigos, impidiéndoles actuar. ¡Permíteme demostrarlo!","Se você estiver com dificuldades para derrotar seus inimigos, considere adicionar um ou dois Tremores ao seu grupo. Essas criaturas enormes são ótimas para interromper seus inimigos, impedindo-os de agir. Permita-me demonstrar!","Если вам когда-нибудь трудно одолеть врагов, подумайте о том, чтобы добавить в свою группу одного или двух Тремор. Эти огромные существа отлично прерывают действия противников, не давая им действовать. Позвольте мне продемонстрировать!","Se hai difficoltà a sconfiggere i tuoi nemici, dovresti considerare di aggiungere uno o due Tremor al tuo gruppo. Queste creature massicce sono ottime nell'interrompere i loro nemici, impedendo loro di agire. Lascia che te lo dimostri!",如果你在打敗敵人時遇到困難，不妨考慮在隊伍中加入一兩隻震顫獸。這些龐大的生物非常擅長打斷敵人，阻止他們採取行動。讓我來示範一下！,如果你在战斗中遇到困难，不妨考虑在队伍中加入一两只颤地兽。这些庞大的生物非常擅长打断敌人的行动，阻止他们采取行动。让我来演示一下！,"적들을 물리치는 데 어려움을 겪고 있다면, 파티에 트레머를 한두 명 추가하는 것을 고려해 보세요. 이 거대한 생물들은 적들을 방해하는 데 탁월하여 적들이 행동을 취하지 못하게 합니다. 제가 시범을 보여드리겠습니다!","Jeśli kiedykolwiek masz problem z pokonaniem wrogów, powinieneś rozważyć dodanie jednego lub dwóch Tremorów do swojej drużyny. Te masywne stworzenia świetnie sobie radzą z przerywaniem ataków przeciwników, uniemożliwiając im podjęcie działań. Pozwól, że zademonstruję!","Якщо вам коли-небудь важко перемогти ворогів, варто розглянути можливість додати одного чи двох Тремор до своєї групи. Ці величезні істоти чудово переривають дії своїх ворогів, не даючи їм діяти. Дозвольте мені продемонструвати!","Als je ooit moeite hebt om je vijanden te verslaan, zou je kunnen overwegen om een Tremor of twee aan je groep toe te voegen. Deze enorme wezens zijn uitstekend in het onderbreken van hun vijanden, waardoor ze geen actie kunnen ondernemen. Laat me het demonstreren!","Eğer düşmanlarını yenmekte zorlanıyorsan, ekibine bir veya iki Tremor eklemeyi düşünmelisin. Bu devasa yaratıklar düşmanlarını kesintiye uğratmakta ustadır, onların harekete geçmesini engellerler. İzin ver göstereyim!"
L_MASTER_DIALOG_TROLL,,"Trolls are crafty creatures who employ all manner of tricks and traps to take down their foes. No strategy, regardless of how ruthless, is beneath a Troll - and that's why I like them so much!\n\nFight me!",トロールは狡猾な生物で、敵を倒すためにあらゆる種類の策略や罠を使います。どれほど残忍な戦略であっても、トロールにとっては手段を選ばないのです - そして、それが私が彼らをとても気に入っている理由なんです！\n\n勝負だ！,"Trolle sind listige Kreaturen, die alle möglichen Tricks und Fallen einsetzen, um ihre Feinde zu besiegen. Keine Strategie, egal wie rücksichtslos, ist einem Troll zu schäbig - und deshalb mag ich sie so sehr!\n\nKämpf mit mir!","Les Trolls sont des créatures rusées qui emploient toutes sortes d'astuces et de pièges pour vaincre leurs ennemis. Aucune stratégie, peu importe sa cruauté, n'est trop basse pour un Troll - et c'est pourquoi je les aime tant !\n\nBattez-moi !","Los trolls son criaturas astutas que emplean todo tipo de trucos y trampas para derrotar a sus enemigos. Ninguna estrategia, sin importar cuán despiadada sea, está por debajo de un Troll - ¡y por eso me gustan tanto!\n\n¡Pelea conmigo!","Trolls são criaturas astutas que empregam todo tipo de truques e armadilhas para derrubar seus inimigos. Nenhuma estratégia, independentemente de quão impiedosa, está abaixo de um Troll - e é por isso que eu gosto tanto deles!\n\nLute comigo!","Тролли — хитрые существа, которые используют всевозможные уловки и ловушки, чтобы одолеть своих врагов. Ни одна стратегия, какой бы безжалостной она ни была, не считается недостойной для Тролля — и именно поэтому они мне так нравятся!\n\nСразись со мной!","I troll sono creature astute che impiegano ogni tipo di trucco e trappola per abbattere i loro nemici. Nessuna strategia, per quanto spietata, è indegna di un Troll - ed è per questo che mi piacciono così tanto!\n\nAffrontami!",巨魔是狡猾的生物，牠們會使用各種詭計和陷阱來擊敗敵人。無論多麼殘忍的策略，對巨魔來說都不算卑鄙——這就是為什麼我如此喜歡牠們！\n\n來戰鬥吧！,巨魔是狡猾的生物，它们使用各种各样的诡计和陷阱来击败敌人。无论多么残忍的策略，对巨魔来说都不算卑鄙——这就是为什么我如此喜欢它们！\n\n来战我啊！,트롤은 적을 물리치기 위해 온갖 종류의 속임수와 함정을 사용하는 교활한 생물입니다. 아무리 무자비한 전략이라도 트롤에게는 비열하지 않습니다 - 그래서 내가 그들을 그렇게 좋아하는 거죠!\n\n덤벼봐!,"Trolle to przebiegłe stworzenia, które stosują wszelkiego rodzaju sztuczki i pułapki, by pokonać swoich wrogów. Żadna strategia, bez względu na to, jak bezwzględna, nie jest poniżej godności Trolla - i właśnie dlatego tak bardzo je lubię!\n\nWalcz ze mną!","Тролі - це хитрі істоти, які використовують усілякі хитрощі та пастки, щоб перемогти своїх ворогів. Жодна стратегія, якою б безжальною вона не була, не є негідною для Троля - і саме тому вони мені так подобаються!\n\nБийся зі мною!","Trollen zijn sluwe wezens die allerlei soorten trucs en vallen gebruiken om hun vijanden te verslaan. Geen enkele strategie, hoe meedogenloos ook, is een Trol te min - en dat is waarom ik zo van ze houd!\n\nVecht met me!","Troller, düşmanlarını alt etmek için her türlü hile ve tuzağı kullanan kurnaz yaratıklardır. Ne kadar acımasız olursa olsun, hiçbir strateji bir Trol için küçük görülmez - ve ben de onları bu yüzden bu kadar çok seviyorum!\n\nBenimle dövüş!"
L_MASTER_DIALOG_UNGUIDED,,"The Unguided are adaptive creatures who manipulate the elements to their benefit. No matter what you throw at me, my Unguided will be able to handle it. Let me show you how it's done!",アンガイデッドは元素を自在に操り、自らの利益のために適応する生物だ。何を仕掛けてきても、私のアンガイデッドはそれに対処できる。やり方を見せてやろう！,"Die Ungeführten sind anpassungsfähige Kreaturen, die die Elemente zu ihrem Vorteil manipulieren. Egal, was du gegen mich einsetzt, meine Ungeführten werden damit fertig werden. Lass mich dir zeigen, wie das geht!","Les Sans-Guide sont des créatures adaptatives qui manipulent les éléments à leur avantage. Peu importe ce que vous me lancez, mes Sans-Guide seront capables de le gérer. Laissez-moi vous montrer comment ça se fait !","Los Desguiados son criaturas adaptativas que manipulan los elementos para su beneficio. No importa lo que me lances, mis Desguiados podrán manejarlo. ¡Déjame mostrarte cómo se hace!","Os Desguiados são criaturas adaptáveis que manipulam os elementos para seu benefício. Não importa o que você jogue contra mim, meus Desguiados serão capazes de lidar com isso. Deixe-me mostrar como é feito!","Неуправляемые — это адаптивные существа, которые манипулируют стихиями в свою пользу. Что бы ты ни бросил в меня, мои Неуправляемые смогут с этим справиться. Позволь мне показать тебе, как это делается!","Gli Senza Guida sono creature adattabili che manipolano gli elementi a loro vantaggio. Non importa cosa mi lancerai contro, i miei Senza Guida saranno in grado di gestirlo. Lascia che ti mostri come si fa!",無引導者是能夠操縱元素為己所用的適應性生物。無論你對我使出什麼招數，我的無引導者都能應付自如。讓我來向你展示如何做到這一點！,放逐者是能够操控元素为己所用的适应性生物。无论你对我使出什么招数，我的放逐者都能应对自如。让我来向你展示如何做到这一点！,"인도받지 않은 자들은 자신의 이익을 위해 원소를 조작하는 적응력 있는 생물입니다. 당신이 나에게 무엇을 던지든, 내 인도받지 않은 자들은 그것을 처리할 수 있을 거예요. 어떻게 하는지 보여드리죠!","Nieprowadzeni to adaptacyjne stworzenia, które manipulują żywiołami na swoją korzyść. Bez względu na to, co na mnie rzucisz, moi Nieprowadzeni będą w stanie sobie z tym poradzić. Pozwól, że pokażę ci, jak to się robi!","Невпорядковані — це адаптивні істоти, які маніпулюють стихіями на свою користь. Що б ти не кинув у мене, мої Невпорядковані зможуть із цим впоратися. Дозволь мені показати, як це робиться!","De Ongeleide zijn adaptieve wezens die de elementen manipuleren voor eigen voordeel. Wat je ook naar me gooit, mijn Ongeleide zal ermee om kunnen gaan. Laat me je laten zien hoe het gedaan wordt!","Rehbersizler, elementleri kendi yararlarına manipüle eden uyumlu yaratıklardır. Bana ne atarsan at, Rehbersizlerim bununla başa çıkabilecek. Sana nasıl yapıldığını göstereyim!"
L_MASTER_DIALOG_UNICORN,,"Unicorns are valiant attackers that use their enchanted horns to unleash powerful restorative magic on their allies. While any party could benefit from having a Unicorn or two, I prefer to bring along a whole army of them. Let me show you what they can do!",ユニコーンは勇敢な攻撃者で、魔法の角を使って味方に強力な回復魔法を放ちます。どんなパーティでもユニコーンを1頭か2頭連れていくと恩恵を受けられますが、私は大群を連れていくのが好みです。彼らの力を見せてあげましょう！,"Einhörner sind tapfere Angreifer, die ihre verzauberten Hörner nutzen, um mächtige Heilmagie auf ihre Verbündeten zu entfesseln. Während jede Gruppe von einem oder zwei Einhörnern profitieren könnte, ziehe ich es vor, eine ganze Armee von ihnen mitzubringen. Lass mich dir zeigen, was sie können!","Les licornes sont des attaquants vaillants qui utilisent leurs cornes enchantées pour libérer une puissante magie restauratrice sur leurs alliés. Bien que n'importe quelle équipe pourrait bénéficier d'avoir une licorne ou deux, je préfère emmener toute une armée d'entre elles. Laissez-moi vous montrer ce qu'elles peuvent faire !","Los unicornios son atacantes valientes que usan sus cuernos encantados para desatar poderosa magia restauradora sobre sus aliados. Aunque cualquier grupo podría beneficiarse de tener uno o dos Unicornios, prefiero llevar conmigo todo un ejército de ellos. ¡Déjame mostrarte lo que pueden hacer!","Unicórnios são atacantes valentes que usam seus chifres encantados para liberar poderosa magia restauradora em seus aliados. Embora qualquer grupo possa se beneficiar de ter um ou dois Unicórnios, eu prefiro trazer um exército inteiro deles. Deixe-me mostrar o que eles podem fazer!","Единороги — отважные бойцы, использующие свои волшебные рога для высвобождения мощной восстанавливающей магии на союзников. Хотя любой отряд выиграет от наличия одного-двух Единорогов, я предпочитаю брать с собой целую армию. Позвольте показать вам, на что они способны!","Gli unicorni sono valorosi attaccanti che usano i loro corni incantati per scatenare potenti magie curative sui loro alleati. Sebbene qualsiasi gruppo potrebbe trarre vantaggio dall'avere uno o due Unicorni, io preferisco portare con me un intero esercito. Lascia che ti mostri cosa sanno fare!",獨角獸是勇猛的攻擊者，牠們使用附魔的角來為盟友釋放強大的恢復魔法。雖然任何隊伍都能從擁有一兩隻獨角獸中受益，但我更喜歡帶上一整支獨角獸軍隊。讓我來展示牠們的能力吧！,独角兽是勇猛的攻击者，它们使用附魔的角释放强大的恢复魔法来帮助盟友。虽然任何队伍都能从一两只独角兽中受益，但我更喜欢带上一整支独角兽军队。让我向你展示它们能做什么！,"유니콘은 마법이 깃든 뿔을 사용하여 동료들에게 강력한 회복 마법을 발휘하는 용맹한 공격자입니다. 어떤 파티든 유니콘 한두 마리가 있으면 도움이 되겠지만, 저는 유니콘 군단을 데려가는 것을 선호합니다. 그들이 무엇을 할 수 있는지 보여드리겠습니다!","Jednorożce to dzielni wojownicy, którzy używają swoich zaczarowanych rogów, by wyzwolić potężną magię uzdrawiającą na swoich sojusznikach. Choć każda drużyna mogłaby skorzystać z posiadania jednego czy dwóch Jednorożców, ja wolę przyprowadzić ze sobą całą ich armię. Pozwól, że pokażę ci, do czego są zdolne!","Єдинороги - це відважні бійці, які використовують свої зачаровані роги, щоб вивільнити потужну відновлювальну магію на своїх союзників. Хоча будь-яка група може отримати користь від наявності одного чи двох Єдинорогів, я віддаю перевагу тому, щоб брати з собою цілу армію їх. Дозвольте показати вам, на що вони здатні!","Eenhoorns zijn dappere aanvallers die hun betoverde hoorns gebruiken om krachtige herstellende magie op hun bondgenoten los te laten. Hoewel elke groep baat zou hebben bij een Eenhoorn of twee, neem ik liever een heel leger van hen mee. Laat me je laten zien wat ze kunnen doen!","Tek boynuzlu atlar, büyülü boynuzlarını kullanarak müttefiklerine güçlü iyileştirici büyüler yapan cesur savaşçılardır. Her grup bir veya iki Tek boynuzlu attan faydalanabilir, ancak ben yanımda onların tüm bir ordusunu getirmeyi tercih ederim. Size neler yapabildiklerini göstereyim!"
L_MASTER_DIALOG_VALKYRIE,,Valkyries are well-rounded creatures that live to keep their allies safe from harm. Let's see if you can break down my defenses in a duel!,ヴァルキリーは仲間を危険から守るために生きる、バランスの取れた生き物だ。決闘で私の防御を破れるか、試してみようじゃないか！,"Walküren sind vielseitige Kreaturen, die dafür leben, ihre Verbündeten vor Schaden zu bewahren. Mal sehen, ob du in einem Duell meine Verteidigung durchbrechen kannst!",Les Valkyries sont des créatures polyvalentes qui vivent pour protéger leurs alliés de tout danger. Voyons si tu peux percer mes défenses en duel !,Las valquirias son criaturas equilibradas que viven para mantener a sus aliados a salvo del peligro. ¡Veamos si puedes romper mis defensas en un duelo!,As valquírias são criaturas versáteis que vivem para manter seus aliados a salvo de perigos. Vamos ver se você consegue romper minhas defesas em um duelo!,"Валькирии — это универсальные существа, которые живут, чтобы защищать своих союзников от опасности. Давай посмотрим, сможешь ли ты пробить мою защиту в поединке!",Le Valchirie sono creature versatili che vivono per proteggere i loro alleati dai pericoli. Vediamo se riesci a superare le mie difese in un duello!,女武神是全能的生物，她們活著就是為了保護盟友免受傷害。讓我們看看你能否在決鬥中突破我的防禦！,女武神是全能型生物，她们活着就是为了保护盟友免受伤害。看看你能否在决斗中突破我的防御吧！,발키리는 동료들을 위험으로부터 안전하게 지키기 위해 사는 균형 잡힌 생명체입니다. 결투에서 내 방어를 뚫을 수 있는지 한번 볼까요!,"Walkirie to wszechstronne istoty, które żyją po to, by chronić swoich sojuszników przed niebezpieczeństwem. Zobaczmy, czy zdołasz przełamać moje defensywy w pojedynku!","Валькірії - це універсальні істоти, які живуть для того, щоб захищати своїх союзників від небезпеки. Подивимось, чи зможеш ти пробити мій захист у поєдинку!",Walkuren zijn veelzijdige wezens die leven om hun bondgenoten te beschermen tegen gevaar. Laten we eens kijken of je mijn verdediging kunt doorbreken in een duel!,"Valkürler, müttefiklerini zarardan korumak için yaşayan çok yönlü yaratıklardır. Bakalım bir düelloda savunmamı kırabilecek misin!"
L_MASTER_DIALOG_VOIDLORD,,Your creatures will never penetrate my Voidlords' defenses! Do you really think you stand a chance against me? Let's find out!,お前の生き物どもが私のヴォイドロードの防御を突破できるとでも？私に勝てると本気で思っているのか？試してみようじゃないか！,"Deine Kreaturen werden niemals die Verteidigung meiner Leerenherrscher durchbrechen! Glaubt ihr wirklich, ihr hättet eine Chance gegen mich? Lasst es uns herausfinden!",Vos créatures ne pénétreront jamais les défenses de mes Seigneurs du Néant ! Pensez-vous vraiment avoir une chance contre moi ? Voyons cela !,¡Tus criaturas nunca penetrarán las defensas de mis Señores del Vacío! ¿De verdad crees que tienes alguna posibilidad contra mí? ¡Averigüémoslo!,Suas criaturas jamais penetrarão as defesas dos meus Senhores do Vazio! Você realmente acha que tem alguma chance contra mim? Vamos descobrir!,"Твои создания никогда не пробьют защиту моих Повелителей Пустоты! Ты действительно думаешь, что у тебя есть шанс против меня? Давай проверим!",I tuoi mostri non penetreranno mai le difese dei miei Signori del Vuoto! Credi davvero di avere una possibilità contro di me? Scopriamolo!,你的生物永遠無法突破我的虛空領主防禦！你真的認為你有機會對抗我嗎？讓我們拭目以待！,你的生物永远无法突破我的虚空领主的防御！你真的认为你有机会对抗我吗？让我们拭目以待！,네 생물들은 절대 내 공허군주들의 방어를 뚫지 못할 거야! 네가 정말 나를 상대로 승산이 있다고 생각하니? 한번 알아보자고!,"Twoje stworzenia nigdy nie przebiją się przez obronę moich Władców Pustki! Naprawdę myślisz, że masz ze mną jakiekolwiek szanse? Przekonajmy się!","Ваші істоти ніколи не пробʼють захист моїх Володарів Пустоти! Ви справді вважаєте, що маєте шанс проти мене? Давайте перевіримо!",Je wezens zullen nooit door de verdediging van mijn Leegheren dringen! Denk je echt dat je een kans maakt tegen mij? Laten we het uitzoeken!,Yaratıkların asla Boşluk Lordlarımın savunmalarını geçemeyecek! Bana karşı gerçekten bir şansın olduğunu mu düşünüyorsun? Hadi görelim!
L_MASTER_DIALOG_VORTEX,,"Vortexes... no, Vortices... no... I don't know. Anyway, these creatures are the ultimate disruptors. Just when you think you've got your battle strategy all figured out, my creatures will foil your plans. Perhaps a demonstration is in order - let's fight!",ボルテックス…いや、ボルティシーズ…いや…わからない。とにかく、これらの生物は究極の妨害者だ。戦略を完璧に立てたと思った瞬間、私の生物がその計画を台無しにしてくれる。実演が必要かもしれないな――戦おう！,"Vortexe... nein, Vortizes... nein... Ich weiß es nicht. Jedenfalls sind diese Kreaturen die ultimativen Störenfriede. Gerade wenn du denkst, du hättest deine Kampfstrategie komplett durchdacht, werden meine Kreaturen deine Pläne durchkreuzen. Vielleicht ist eine Demonstration angebracht - lass uns kämpfen!","Vortex... non, Vortices... non... Je ne sais pas. Quoi qu'il en soit, ces créatures sont les perturbateurs ultimes. Juste au moment où vous pensez avoir élaboré votre stratégie de combat, mes créatures déjoueront vos plans. Peut-être qu'une démonstration s'impose - battons-nous !","Vórtices... no, Vórtices... no... No lo sé. En fin, estas criaturas son las disruptoras definitivas. Justo cuando crees que tienes tu estrategia de batalla perfectamente planeada, mis criaturas frustrarán tus planes. Quizás sea necesaria una demostración - ¡luchemos!","Vórtices... não, Vórtexes... não... Eu não sei. De qualquer forma, essas criaturas são as desestabilizadoras supremas. Justo quando você pensa que tem sua estratégia de batalha toda planejada, minhas criaturas vão frustrar seus planos. Talvez uma demonstração seja necessária - vamos lutar!","Воронки... нет, Вихри... нет... Я не знаю. В любом случае, эти существа — идеальные разрушители планов. Как только вы думаете, что полностью продумали свою боевую стратегию, мои создания расстроят все ваши планы. Возможно, стоит это продемонстрировать — давайте сразимся!","Vortici... no, Vortex... no... Non lo so. Comunque, queste creature sono i massimi distruttori. Proprio quando pensi di aver pianificato alla perfezione la tua strategia di battaglia, le mie creature manderanno in fumo i tuoi piani. Forse è il caso di fare una dimostrazione - combattiamo!",漩渦... 不，漩渦群... 不... 我也不知道。總之，這些生物是終極的破壞者。就在你以為你已經想好了戰鬥策略的時候，我的生物會破壞你的計劃。或許需要一個示範 - 讓我們開戰吧！,漩涡... 不，涡旋... 不... 我不知道。总之，这些生物是终极干扰者。就在你认为自己的战斗策略已经完全确定的时候，我的生物会破坏你的计划。也许需要一个示范 - 让我们战斗吧！,"소용돌이... 아니, 소용돌이들... 아니... 모르겠네. 어쨌든, 이 생물들은 궁극의 방해꾼들이야. 네가 전투 전략을 완벽하게 세웠다고 생각하는 순간, 내 생물들이 네 계획을 좌절시킬 거야. 아마도 시범이 필요할 것 같은데 - 싸우자!","Wiry... nie, Wirotwory... nie... Nie wiem. W każdym razie, te stworzenia to najlepsi zakłócacze. Właśnie wtedy, gdy myślisz, że masz już całą strategię bitewną rozpracowaną, moje stworzenia pokrzyżują twoje plany. Być może należy to zademonstrować - walczmy!","Вихори... ні, Вортекси... ні... Я не знаю. В будь-якому разі, ці істоти — неперевершені руйнівники. Саме тоді, коли ти думаєш, що твоя бойова стратегія повністю продумана, мої істоти зруйнують твої плани. Можливо, варто це продемонструвати — давай битися!","Vortexen... nee, Vortices... nee... ik weet het niet. Hoe dan ook, deze wezens zijn de ultieme verstoorders. Net wanneer je denkt dat je je gevechtsstrategie helemaal hebt uitgedacht, zullen mijn wezens je plannen dwarsbomen. Misschien is een demonstratie op zijn plaats - laten we vechten!","Girdaplar... hayır, Vorteksler... hayır... Bilmiyorum. Neyse, bu yaratıklar nihai bozuculardır. Tam savaş stratejini çözdüğünü düşündüğün anda, yaratıklarım planlarını bozacak. Belki bir gösteri yerinde olur - hadi savaşalım!"
L_MASTER_DIALOG_VULPES,,"Vulpes are fantastic spellcasters who prefer to do all the heavy lifting at the very start of battle. In other words, I'm probably going to win this battle before you get a chance to make a move. Farewell!",キツネ族は素晴らしい呪文使いで、戦闘の最初に重労働をすべて終わらせることを好む。つまり、あなたが行動する前に私がこの戦いに勝ってしまうだろうということだ。さらばだ！,"Vulpes sind fantastische Zauberwirker, die es vorziehen, die ganze schwere Arbeit gleich zu Beginn des Kampfes zu erledigen. Mit anderen Worten, ich werde diesen Kampf wahrscheinlich gewinnen, bevor du überhaupt die Chance hast, einen Zug zu machen. Leb wohl!","Les Vulpes sont des lanceurs de sorts fantastiques qui préfèrent faire tout le travail dès le début du combat. En d'autres termes, je vais probablement gagner cette bataille avant même que vous n'ayez la chance de faire un mouvement. Adieu !","Los Vulpes son lanzadores de hechizos fantásticos que prefieren hacer todo el trabajo pesado al inicio de la batalla. En otras palabras, probablemente ganaré esta batalla antes de que tengas la oportunidad de hacer un movimiento. ¡Adiós!","Vulpes são conjuradores fantásticos que preferem fazer todo o trabalho pesado logo no início da batalha. Em outras palavras, provavelmente vou vencer esta batalha antes que você tenha chance de fazer um movimento. Adeus!","Вульпесы - превосходные заклинатели, которые предпочитают делать всю тяжёлую работу в самом начале боя. Другими словами, я, вероятно, выиграю этот бой прежде, чем у тебя появится шанс сделать ход. Прощай!","Le Vulpes sono incantatori fantastici che preferiscono fare tutto il lavoro pesante proprio all'inizio della battaglia. In altre parole, probabilmente vincerò questa battaglia prima che tu abbia la possibilità di fare una mossa. Addio!",狐族是絕佳的施法者，他們喜歡在戰鬥一開始就做好所有的重要準備。換句話說，我很可能在你有機會行動之前就贏得這場戰鬥了。再見！,灵狐是出色的施法者，他们喜欢在战斗一开始就完成所有繁重的工作。换句话说，我很可能会在你有机会行动之前就赢得这场战斗。再见！,"불페스는 전투 시작 직후에 모든 힘든 일을 처리하는 것을 선호하는 환상적인 주문 시전자들입니다. 다시 말해, 당신이 행동할 기회를 얻기도 전에 내가 이 전투에서 이길 가능성이 높습니다. 안녕히!","Vulpesy to fantastyczni rzucający zaklęcia, którzy wolą wykonać całą ciężką pracę na samym początku bitwy. Innymi słowy, prawdopodobnie wygram tę bitwę, zanim zdążysz wykonać jakikolwiek ruch. Żegnaj!","Вульпеси — фантастичні чаклуни, які воліють виконати всю важку роботу на самому початку бою. Іншими словами, я, мабуть, виграю цей бій ще до того, як ти встигнеш зробити хід. Прощавай!","Vulpes zijn fantastische tovenaars die er de voorkeur aan geven om al het zware werk aan het begin van de strijd te doen. Met andere woorden, ik ga deze strijd waarschijnlijk winnen voordat jij de kans krijgt om een zet te doen. Vaarwel!","Vulpes, savaşın en başında tüm ağır işleri yapmayı tercih eden muhteşem büyücülerdir. Başka bir deyişle, sen hamle yapma şansı bile bulamadan bu savaşı muhtemelen kazanacağım. Hoşça kal!"
L_MASTER_DIALOG_WASPID,,There's nothing quite as terrifying as being chased by a swarm of Waspids. You've been warned. This is going to suck for you.,ワスピッドの群れに追いかけられるほど恐ろしいものはない。警告しておくが、これはあなたにとって最悪の事態になるぞ。,Es gibt nichts so Erschreckendes wie von einem Schwarm Wespiden verfolgt zu werden. Du wurdest gewarnt. Das wird für dich richtig übel werden.,Il n'y a rien d'aussi terrifiant que d'être poursuivi par un essaim de Guêpides. Vous êtes prévenus. Ça va être pénible pour vous.,No hay nada tan aterrador como ser perseguido por un enjambre de Wáspidos. Estás advertido. Esto va a ser horrible para ti.,Não há nada tão aterrorizante quanto ser perseguido por um enxame de Vespídeos. Você foi avisado. Isso vai ser péssimo para você.,"Нет ничего страшнее, чем когда за тобой гонится рой Оспидов. Тебя предупредили. Тебе придётся несладко.",Non c'è niente di così terrificante come essere inseguiti da uno sciame di Vespidi. Sei stato avvertito. Sarà un'esperienza dolorosa per te.,被一大群蜂蟲追趕的恐怖感是無與倫比的。你已經被警告過了。這對你來說會很痛苦。,没有什么比被一群黄蜂追赶更可怕的了。你已经被警告过了。这对你来说将会很糟糕。,와스피드 떼에게 쫓기는 것만큼 무서운 것은 없습니다. 경고했습니다. 당신에게 최악의 상황이 될 겁니다.,Nie ma nic równie przerażającego jak bycie ściganym przez rój Osowców. Zostałeś ostrzeżony. To będzie dla ciebie koszmar.,"Немає нічого страшнішого, ніж коли за тобою женеться рій Оспідів. Тебе попереджено. Тобі це дуже не сподобається.",Er is niets zo angstaanjagend als achtervolgd worden door een zwerm Waspiden. Je bent gewaarschuwd. Dit gaat pijnlijk voor je worden.,Waspid sürüsü tarafından kovalanmak kadar korkunç bir şey yoktur. Uyarıldın. Bu senin için çok kötü olacak.
L_MASTER_DIALOG_WATCHER,,"Watchers are intelligent creatures that excel at capitalizing on their opponents' weaknesses. On top of that, they look really cool. Sorry, but I just don't see a world where you can defeat me.",監視者は敵の弱点を突くことに長けた知的生物だ。それに加えて、彼らは本当にかっこいい。残念だが、私に勝てる世界なんて想像できないね。,"Wächter sind intelligente Kreaturen, die hervorragend darin sind, die Schwächen ihrer Gegner auszunutzen. Außerdem sehen sie wirklich cool aus. Tut mir leid, aber ich sehe einfach keine Welt, in der du mich besiegen kannst.","Les Observateurs sont des créatures intelligentes qui excellent à exploiter les faiblesses de leurs adversaires. En plus de cela, ils ont vraiment fière allure. Désolé, mais je ne vois tout simplement pas un monde où tu pourrais me vaincre.","Los Observadores son criaturas inteligentes que sobresalen en aprovechar las debilidades de sus oponentes. Además, se ven realmente geniales. Lo siento, pero simplemente no veo un mundo donde puedas derrotarme.","Observadores são criaturas inteligentes que se destacam em explorar as fraquezas de seus oponentes. Além disso, eles parecem realmente incríveis. Desculpe, mas simplesmente não vejo um mundo onde você possa me derrotar.","Наблюдатели — разумные существа, которые отлично умеют использовать слабости своих противников. К тому же, они выглядят действительно круто. Извини, но я просто не вижу мира, в котором ты сможешь меня победить.","I Guardiani sono creature intelligenti che eccellono nello sfruttare le debolezze dei loro avversari. Oltre a ciò, hanno un aspetto davvero fantastico. Mi dispiace, ma non vedo proprio un mondo in cui tu possa sconfiggermi.",觀察者是擅長利用對手弱點的智慧生物。除此之外，他們看起來真的很酷。抱歉，但我實在看不出你有任何可能打敗我的情況。,观察者是擅长利用对手弱点的智慧生物。除此之外，它们看起来真的很酷。抱歉，但我实在看不出你有什么可能打败我的情况。,"감시자들은 상대방의 약점을 이용하는 데 뛰어난 지능적인 생물입니다. 게다가, 그들은 정말 멋져 보이죠. 미안하지만, 당신이 나를 이길 수 있는 세상은 보이지 않네요.","Obserwatorzy to inteligentne stworzenia, które doskonale wykorzystują słabości przeciwników. Na dodatek wyglądają naprawdę fajnie. Przykro mi, ale nie widzę świata, w którym mógłbyś mnie pokonać.","Спостерігачі — це розумні істоти, які чудово вміють використовувати слабкості своїх супротивників. На додачу, вони виглядають дійсно круто. Вибач, але я просто не бачу світу, де ти зможеш мене перемогти.","Wachters zijn intelligente wezens die uitblinken in het uitbuiten van de zwakheden van hun tegenstanders. Daarbovenop zien ze er echt cool uit. Sorry, maar ik zie gewoon geen wereld waarin je me kunt verslaan.","Gözcüler, rakiplerinin zayıf noktalarından yararlanmada ustalaşmış zeki yaratıklardır. Üstelik gerçekten havalı görünüyorlar. Üzgünüm ama beni yenebileceğin bir dünya göremiyorum."
L_MASTER_DIALOG_WIGHT,,"Simply put, Wights refuse to die. I can assure you that you won't be winning a battle against my immortal army of the dead any time soon. Still not convinced? Then let's fight!",簡単に言えば、ワイトは死ぬことを拒否する。私の不死の死者の軍団に対して、あなたが近いうちに勝利することはないと断言できる。まだ納得できないか？ならば戦おう！,"Einfach ausgedrückt, Totengeister weigern sich zu sterben. Ich kann dir versichern, dass du einen Kampf gegen meine unsterbliche Armee der Toten nicht so bald gewinnen wirst. Immer noch nicht überzeugt? Dann lass uns kämpfen!","Pour faire simple, les Nécrophages refusent de mourir. Je peux vous assurer que vous ne gagnerez pas de sitôt une bataille contre mon armée immortelle de morts. Toujours pas convaincu ? Alors battons-nous !","Dicho simplemente, los Espectros se niegan a morir. Puedo asegurarte que no estarás ganando una batalla contra mi ejército inmortal de muertos en un futuro cercano. ¿Aún no estás convencido? ¡Entonces luchemos!","Simplesmente, os Wights recusam-se a morrer. Posso garantir que você não vencerá uma batalha contra meu exército imortal de mortos tão cedo. Ainda não está convencido? Então vamos lutar!","Проще говоря, Умертвия отказываются умирать. Могу заверить, что победы в битве против моей бессмертной армии мертвецов вам в ближайшее время не видать. Всё ещё не убеждены? Тогда давайте сразимся!","In parole povere, i Wight rifiutano di morire. Posso assicurarti che non vincerai una battaglia contro il mio esercito immortale di morti tanto presto. Ancora non sei convinto? Allora combattiamo!",簡單來說，鬼靈拒絕死亡。我可以向你保證，你不會在短時間內戰勝我那不朽的亡靈大軍。還是不相信嗎？那就來戰吧！,简单来说，尸妖拒绝死亡。我可以向你保证，你不会很快就能战胜我的不死大军。还不相信吗？那就来战吧！,"간단히 말해서, 와이트들은 죽기를 거부합니다. 내 불멸의 망자 군대를 상대로 당신이 곧 승리하지 못할 것이라고 장담할 수 있습니다. 아직도 확신이 안 서나요? 그럼 싸워봅시다!","Mówiąc prosto, Upiory odmawiają śmierci. Mogę cię zapewnić, że nie wygrasz bitwy z moją nieśmiertelną armią umarłych w najbliższym czasie. Nadal nie jesteś przekonany? W takim razie walczmy!","Кажучи просто, Примари відмовляються помирати. Я можу запевнити вас, що ви не переможете мою безсмертну армію мерців найближчим часом. Досі не переконані? Тоді давайте битися!",Simpel gezegd weigeren Wichten te sterven. Ik kan je verzekeren dat je niet snel een gevecht tegen mijn onsterfelijke leger van doden zult winnen. Nog steeds niet overtuigd? Laten we dan vechten!,"Basitçe söylemek gerekirse, Wightlar ölmeyi reddeder. Seni temin ederim ki, ölümsüz ölüler orduma karşı yakın zamanda bir savaş kazanamayacaksın. Hâlâ ikna olmadın mı? O zaman savaşalım!"
L_MASTER_DIALOG_WISP,,"Wisps are some of the most powerful creatures in Rodia, but admittedly, they have one glaring weakness: they can be disrupted very, very easily. Even so, if you don't manage to interrupt my Wisps in time, they'll make quick work of your creatures. Let me show you!",ウィスプはロディアで最も強力な生物の一つですが、確かに一つの明らかな弱点があります：彼らは非常に、非常に簡単に妨害されてしまうのです。それでも、あなたが私のウィスプを時間内に妨害できなければ、彼らはあなたの生物をあっという間に倒してしまうでしょう。お見せしましょう！,"Irrlichter gehören zu den mächtigsten Kreaturen in Rodia, aber zugegebenermaßen haben sie eine offensichtliche Schwäche: Sie können sehr, sehr leicht gestört werden. Dennoch, wenn es dir nicht gelingt, meine Irrlichter rechtzeitig zu unterbrechen, werden sie mit deinen Kreaturen kurzen Prozess machen. Lass es mich dir zeigen!","Les Feux follets sont parmi les créatures les plus puissantes de Rodia, mais il faut l'admettre, ils ont une faiblesse évidente : ils peuvent être perturbés très, très facilement. Malgré tout, si vous ne parvenez pas à interrompre mes Feux follets à temps, ils feront rapidement le travail sur vos créatures. Laissez-moi vous montrer !","Los Fuegos Fatuos son algunas de las criaturas más poderosas de Rodia, pero hay que admitir que tienen una debilidad evidente: pueden ser interrumpidos muy, muy fácilmente. Aun así, si no logras interrumpir mis Fuegos Fatuos a tiempo, acabarán rápidamente con tus criaturas. ¡Déjame mostrarte!","Wisps são algumas das criaturas mais poderosas em Rodia, mas, admitidamente, elas têm uma fraqueza evidente: podem ser interrompidas muito, muito facilmente. Mesmo assim, se você não conseguir interromper meus Wisps a tempo, eles farão um trabalho rápido com suas criaturas. Deixe-me mostrar a você!","Огоньки - одни из самых могущественных существ в Родии, но, признаться, у них есть один явный недостаток: их очень, очень легко сбить с толку. Тем не менее, если вы не успеете вовремя прервать действие моих Огоньков, они быстро расправятся с вашими существами. Позвольте мне показать вам!","I Fuochi Fatui sono alcune delle creature più potenti di Rodia, ma bisogna ammettere che hanno un evidente punto debole: possono essere interrotti molto, molto facilmente. Nonostante ciò, se non riesci a interrompere i miei Fuochi Fatui in tempo, faranno un sol boccone delle tue creature. Lascia che te lo dimostri!",魂靈是羅迪亞大陸上最強大的生物之一，但不得不承認，牠們有一個明顯的弱點：牠們非常、非常容易被干擾。即便如此，如果你沒能及時打斷我的魂靈，牠們會迅速解決你的生物。讓我來給你示範！,鬼火是罗迪亚大陆上最强大的生物之一，但不可否认，它们有一个明显的弱点：它们非常、非常容易被干扰。即便如此，如果你没能及时打断我的鬼火，它们会迅速解决掉你的生物。让我来给你演示一下！,"위습은 로디아에서 가장 강력한 생물 중 하나이지만, 인정하건대 한 가지 명백한 약점이 있습니다: 그들은 매우, 매우 쉽게 방해받을 수 있습니다. 그렇다 해도, 당신이 제때에 내 위습을 방해하지 못한다면, 그들은 당신의 생물들을 순식간에 처리해 버릴 것입니다. 보여드리죠!","Ogniki są jednymi z najpotężniejszych stworzeń w Rodii, ale trzeba przyznać, mają jedną rażącą słabość: można je bardzo, bardzo łatwo zakłócić. Mimo to, jeśli nie zdążysz przerwać działania moich Ogników na czas, szybko rozprawią się z twoimi stworzeniami. Pozwól, że ci pokażę!","Вогники - одні з найсильніших істот у Родії, але, варто визнати, вони мають один очевидний недолік: їх дуже, дуже легко збити з пантелику. Та все ж, якщо ви не встигнете вчасно перервати моїх Вогників, вони швидко розправляться з вашими істотами. Дозвольте мені показати!","Wisps zijn enkele van de krachtigste wezens in Rodia, maar toegegeven, ze hebben één duidelijke zwakte: ze kunnen heel, heel gemakkelijk worden verstoord. Maar toch, als je er niet in slaagt om mijn Wisps op tijd te onderbreken, zullen ze korte metten maken met jouw wezens. Laat me het je laten zien!","Işık Periler, Rodia'daki en güçlü yaratıklardan bazılarıdır, ancak kabul etmek gerekirse, bir zayıf noktaları var: çok, çok kolay bir şekilde bozulabilirler. Yine de, Işık Perilerimi zamanında kesmeyi başaramazsanız, yaratıklarınızı çabucak halledeceklerdir. İzleyin de görün!"
L_MASTER_DIALOG_WOLPERTINGER,,Wolpertingers have access to powerful Scourge magic that will wipe your creatures off the face of this planet. Prepare yourself!,ウォルパーティンガーは強力なスカージ魔法を操り、あなたの生き物たちをこの星の表面から一掃するでしょう。覚悟しなさい！,"Wolpertinger haben Zugang zu mächtiger Geißelmagie, die deine Kreaturen vom Antlitz dieses Planeten tilgen wird. Bereite dich vor!",Les Wolpertingers ont accès à une puissante magie du Fléau qui anéantira vos créatures de la surface de cette planète. Préparez-vous !,Los wolpertingers tienen acceso a poderosa magia de Azote que borrará a tus criaturas de la faz de este planeta. ¡Prepárate!,Os Wolpertingers têm acesso a poderosa magia do Flagelo que vai eliminar suas criaturas da face deste planeta. Prepare-se!,"Вольпертингеры владеют могущественной магией Бича, которая сотрёт твоих существ с лица этой планеты. Готовься!",I Wolpertinger hanno accesso a potenti magie della Piaga che spazzeranno via le tue creature dalla faccia di questo pianeta. Preparati!,狼兔獸擁有強大的災禍魔法，能將你的生物從這個星球上徹底抹除。做好準備吧！,鹿角翼兔能够使用强大的天灾魔法，会将你的生物从这个星球上彻底抹除。做好准备吧！,울퍼팅거들은 당신의 생물들을 이 행성에서 완전히 쓸어버릴 강력한 스커지 마법을 사용할 수 있습니다. 각오하세요!,"Wolpertingery mają dostęp do potężnej magii Plagi, która zmiecie twoje stworzenia z powierzchni tej planety. Przygotuj się!","Вольпертінгери володіють могутньою магією Бичу, яка зітре твоїх істот з лиця цієї планети. Готуйся!",Wolpertingers hebben toegang tot krachtige Geselmagie die je wezens van de aardbodem zal vagen. Bereid je voor!,"Wolpertingerlar, yaratıklarını bu gezegenin yüzünden silip süpürecek güçlü Bela büyüsüne erişebilir. Kendini hazırla!"
L_MASTER_DIALOG_WYVERN,,"Wyverns are the ultimate anti-spellcasters. If your creatures try to cast a spell, my Wyverns will swallow the magic whole and spit it back out, decimating your creatures in the process. Let's duel!",ワイバーンは究極の対魔術師だ。お前の生物が呪文を唱えようとすれば、俺のワイバーンが魔法をまるごと飲み込み、吐き出して、その過程でお前の生物を壊滅させる。勝負だ！,"Wyvernen sind die ultimativen Anti-Zauberwirker. Wenn deine Kreaturen versuchen, einen Zauber zu wirken, werden meine Wyvernen die Magie komplett verschlingen und wieder ausspucken, wobei sie deine Kreaturen dezimieren. Lass uns duellieren!","Les Wyvernes sont les ultimes anti-lanceurs de sorts. Si vos créatures tentent de lancer un sort, mes Wyvernes avaleront la magie tout entière et la recracheront, décimant vos créatures au passage. Battons-nous !","Los guivernos son los mejores contra lanzadores de hechizos. Si tus criaturas intentan lanzar un hechizo, mis guivernos se tragarán la magia entera y la escupirán de vuelta, diezmando a tus criaturas en el proceso. ¡Vamos a duelo!","Serpes são os anti-conjuradores supremos. Se suas criaturas tentarem lançar um feitiço, minhas Serpes engolirão a magia inteira e a cuspirão de volta, dizimando suas criaturas no processo. Vamos duelar!","Виверны - идеальное оружие против заклинателей. Если твои существа попытаются сотворить заклинание, мои Виверны проглотят магию целиком и выплюнут её обратно, уничтожая твоих существ в процессе. Давай сразимся!","I draghi alati sono i supremi anti-incantatori. Se le tue creature provano a lanciare un incantesimo, i miei Draghi alati inghiottiranno la magia intera e la risputeranno, decimando le tue creature nel processo. Duellare!",飛龍是最終極的反法術施放者。如果你的生物嘗試施放法術，我的飛龍會將魔法整個吞下，然後吐回去，在過程中摧毀你的生物。來決鬥吧！,飞龙是对抗施法者的终极武器。如果你的生物尝试施放法术，我的飞龙会将魔法整个吞下，然后吐出来，在这个过程中摧毁你的生物。来决斗吧！,"와이번은 최고의 주문 시전자 대항마입니다. 당신의 생물이 주문을 시전하려 하면, 내 와이번들이 그 마법을 통째로 삼켰다가 다시 뱉어내어 그 과정에서 당신의 생물들을 초토화시킬 것입니다. 대결합시다!","Wywerne to najlepsi pogromcy magów. Jeśli twoje stworzenia spróbują rzucić zaklęcie, moje Wywerne połkną całą magię i wyplują ją z powrotem, dziesiątkując twoje stworzenia w tym procesie. Pojedynkujmy się!","Віверни - це найкращі анти-заклиначі. Якщо твої істоти спробують використати заклинання, мої Віверни проковтнуть всю магію цілком і виплюнуть її назад, знищуючи твоїх істот у процесі. Давай битися!","Wyverns zijn de ultieme anti-tovenaars. Als jouw wezens een spreuk proberen uit te spreken, zullen mijn Wyverns de magie in zijn geheel opslokken en weer uitspuwen, waarbij ze jouw wezens in het proces decimeren. Laten we duelleren!","Wyvern'ler nihai büyücü karşıtlarıdır. Yaratıkların bir büyü yapmaya çalışırsa, Wyvern'lerim büyüyü bütün olarak yutup geri tükürecek ve bu süreçte yaratıklarını kırıp geçirecek. Hadi düello yapalım!"
L_MASTER_DIALOG_YETI,,My Yetis will freeze your creatures in their tracks. I'll finish you off before your creatures get a chance to move! Let's fight!,私のイエティたちはあなたの生物を足止めにして凍らせるだろう。あなたの生物が動く機会を得る前に、私はあなたを倒してやる！勝負だ！,"Meine Yetis werden deine Kreaturen auf der Stelle einfrieren. Ich werde dich erledigen, bevor deine Kreaturen überhaupt die Chance haben, sich zu bewegen! Lass uns kämpfen!",Mes Yétis vont geler vos créatures sur place. Je vous achèverai avant que vos créatures n'aient une chance de bouger ! Battons-nous !,Mis Yetis congelarán a tus criaturas en su sitio. ¡Te acabaré antes de que tus criaturas tengan la oportunidad de moverse! ¡Luchemos!,Meus Yetis vão congelar suas criaturas onde estiverem. Vou acabar com você antes que suas criaturas tenham chance de se mover! Vamos lutar!,"Мои йети заморозят твоих существ на месте. Я прикончу тебя прежде, чем твои существа успеют пошевелиться! Давай сразимся!",I miei Yeti congeleranno le tue creature sul posto. Ti eliminerò prima che le tue creature abbiano la possibilità di muoversi! Combattiamo!,我的雪人會讓你的生物原地凍結。在你的生物有機會行動之前，我就會解決你！來戰鬥吧！,我的雪雪怪会让你的生物原地冻结。在你的生物有机会行动之前，我就会解决你！来战斗吧！,내 예티들이 네 생물들을 꼼짝 못하게 얼려버릴 거야. 네 생물들이 움직일 기회도 얻기 전에 널 끝장낼 거야! 싸우자!,"Moje Yeti zamrożą twoje stworzenia w miejscu. Wykończę cię, zanim twoje stworzenia będą miały szansę się ruszyć! Walczmy!","Мої Єті заморозять твоїх істот на місці. Я покінчу з тобою раніше, ніж твої істоти отримають шанс поворухнутися! Давай битися!",Mijn Yeti's zullen je wezens ter plekke bevriezen. Ik maak je af voordat je wezens de kans krijgen om te bewegen! Laten we vechten!,Yetilerim yaratıklarını oldukları yerde donduracak. Yaratıkların hareket etme şansı bile bulamadan işini bitireceğim! Hadi savaşalım!
L_MASTER_DIALOG_ANIMATION,,"What might appear as a generic ear, nose, or eyeball to you is, in reality, a core component of my army. Prepare to be decimated by random, severed body parts!",君にとっては普通の耳や鼻、眼球に見えるかもしれないが、実際はこれらは私の軍隊の核となる部品だ。バラバラになった体の部位によって壊滅させられる準備をしろ！,"Was für dich wie ein gewöhnliches Ohr, eine Nase oder ein Augapfel aussehen mag, ist in Wirklichkeit ein wesentlicher Bestandteil meiner Armee. Mach dich bereit, von zufälligen, abgetrennten Körperteilen vernichtet zu werden!","Ce qui peut vous sembler être une oreille, un nez ou un œil ordinaire est, en réalité, un élément essentiel de mon armée. Préparez-vous à être décimé par des parties de corps aléatoires et sectionnées !","Lo que podría parecerte una oreja, nariz u ojo común y corriente es, en realidad, un componente esencial de mi ejército. ¡Prepárate para ser aniquilado por partes corporales aleatorias y cercenadas!","O que pode parecer um ouvido, nariz ou globo ocular comum para você é, na realidade, um componente essencial do meu exército. Prepare-se para ser dizimado por partes do corpo aleatórias e decepadas!","Что может показаться тебе обычным ухом, носом или глазным яблоком, на самом деле является ключевым компонентом моей армии. Готовься быть уничтоженным случайными, отрезанными частями тела!","Quello che a te potrebbe sembrare un orecchio, un naso o un bulbo oculare qualsiasi è, in realtà, un componente fondamentale del mio esercito. Preparati ad essere decimato da parti del corpo mozzate e casuali!",在你眼中看似普通的耳朵、鼻子或眼球，實際上是我軍隊的核心組成部分。準備好被這些隨機的、斷裂的身體部位摧毀吧！,在你眼中看似普通的耳朵、鼻子或眼球，实际上是我军队的核心组成部分。准备好被这些随机的、断裂的身体部位摧毁吧！,"당신에게는 그저 평범한 귀, 코, 혹은 눈알처럼 보일지 모르지만, 사실 이것들은 내 군대의 핵심 구성요소야. 무작위로 잘린 신체 부위들에 의해 박살날 준비나 해!","Co dla ciebie może wyglądać jak zwykłe ucho, nos czy gałka oczna, w rzeczywistości jest kluczowym elementem mojej armii. Przygotuj się na zagładę z rąk przypadkowych, odciętych części ciała!","Те, що для тебе може здаватися звичайним вухом, носом чи оком, насправді є ключовим компонентом моєї армії. Готуйся бути знищеним випадковими, відсіченими частинами тіла!","Wat voor jou misschien een gewoon oor, neus of oogbal lijkt, is in werkelijkheid een kernonderdeel van mijn leger. Bereid je voor om vernietigd te worden door willekeurige, afgehakte lichaamsdelen!","Senin için sıradan bir kulak, burun veya göz gibi görünen şey, aslında ordumun temel bir bileşeni. Rastgele, kopmuş vücut parçaları tarafından yok edilmeye hazır ol!"
L_MASTER_DIALOG_ARBITER,,"Arbiters emit powerful auras that strengthen their allies in battle. If you wish to stand a chance against me, you'll need to pick off my Arbiters one at a time. Let's fight!",裁定者は強力なオーラを放ち、戦闘中に味方を強化する。私に勝つチャンスが欲しいなら、私の裁定者を一人ずつ倒す必要があるだろう。さあ、戦おう！,"Schiedsrichter strahlen mächtige Auren aus, die ihre Verbündeten im Kampf stärken. Wenn du eine Chance gegen mich haben willst, musst du meine Schiedsrichter einzeln ausschalten. Lass uns kämpfen!","Les Arbitres émettent de puissantes auras qui renforcent leurs alliés au combat. Si vous souhaitez avoir une chance contre moi, vous devrez éliminer mes Arbitres un par un. Battons-nous !","Los Árbitros emiten auras poderosas que fortalecen a sus aliados en batalla. Si deseas tener alguna posibilidad contra mí, tendrás que eliminar a mis Árbitros uno por uno. ¡Luchemos!","Os Árbitros emitem auras poderosas que fortalecem seus aliados em batalha. Se você deseja ter alguma chance contra mim, precisará eliminar meus Árbitros um por um. Vamos lutar!","Арбитры излучают мощные ауры, которые усиливают их союзников в бою. Если вы хотите иметь шанс против меня, вам придётся уничтожать моих Арбитров по одному. Давайте сразимся!","Gli Arbitri emanano potenti aure che rafforzano i loro alleati in battaglia. Se vuoi avere una possibilità contro di me, dovrai eliminare i miei Arbitri uno alla volta. Combattiamo!",仲裁者散發出強大的靈氣，能在戰鬥中增強盟友的力量。如果你想要有機會打敗我，你需要一個接一個地消滅我的仲裁者。讓我們開戰吧！,仲裁者散发出强大的气场，能在战斗中增强盟友的力量。如果你想有机会战胜我，就需要一个接一个地消灭我的仲裁者。来战斗吧！,"중재자들은 전투에서 동료들을 강화시키는 강력한 기운을 발산합니다. 저에게 맞설 기회를 원한다면, 제 중재자들을 하나씩 제거해야 할 겁니다. 싸워봅시다!","Arbitrzy emanują potężnymi aurami, które wzmacniają ich sojuszników w walce. Jeśli chcesz mieć jakąkolwiek szansę przeciwko mnie, będziesz musiał eliminować moich Arbitrów po kolei. Walczmy!","Арбітри випромінюють потужні аури, які посилюють їхніх союзників у бою. Якщо ти хочеш мати шанс проти мене, тобі доведеться знищувати моїх Арбітрів по одному. Давай битися!","Arbiters stralen krachtige aura's uit die hun bondgenoten versterken in de strijd. Als je een kans wilt maken tegen mij, zul je mijn Arbiters één voor één moeten uitschakelen. Laten we vechten!","Hakemler, savaşta müttefiklerini güçlendiren kudretli auralar yayarlar. Bana karşı bir şansın olmasını istiyorsan, Hakemlerimi teker teker halletmen gerekecek. Hadi savaşalım!"
L_MASTER_DIALOG_BEACON,,"Beacons empower their allies in a variety of interesting ways depending on their class. No team is complete without a Beacon at the helm, I say. Let's fight!",ビーコンはクラスに応じて、様々な興味深い方法で仲間を強化する。ビーコンが先頭にいないチームは完全とは言えないね。さあ、戦おう！,"Leuchttürme stärken ihre Verbündeten auf verschiedene interessante Weisen, je nach ihrer Klasse. Kein Team ist vollständig ohne einen Leuchtturm am Steuer, sage ich. Lasst uns kämpfen!","Les Phares renforcent leurs alliés de diverses façons intéressantes selon leur classe. Aucune équipe n'est complète sans un Phare à sa tête, je dis. Combattons !","Los Faros potencian a sus aliados de diversas formas interesantes según su clase. Ningún equipo está completo sin un Faro al mando, digo yo. ¡Vamos a luchar!","Os Faróis fortalecem seus aliados de várias maneiras interessantes, dependendo de sua classe. Nenhuma equipe está completa sem um Farol no comando, eu digo. Vamos lutar!","Маяки усиливают своих союзников различными интересными способами в зависимости от их класса. Ни одна команда не будет полноценной без Маяка во главе, скажу я. Давайте сражаться!","I fari potenziano i loro alleati in vari modi interessanti a seconda della loro classe. Nessuna squadra è completa senza un Faro al comando, dico io. Combattiamo!",信標能夠以各種有趣的方式增強盟友的力量，這取決於他們的職業。我認為，沒有信標領航的隊伍是不完整的。讓我們戰鬥吧！,信标能够以各种有趣的方式增强盟友的能力，具体取决于它们的系别。我认为，没有信标领航的队伍是不完整的。让我们战斗吧！,비콘은 자신의 직업에 따라 다양하고 흥미로운 방식으로 동료들을 강화합니다. 비콘이 지휘하지 않는 팀은 완전하지 않다고 말하고 싶군요. 싸우자!,"Latarnie wzmacniają swoich sojuszników na różne interesujące sposoby, zależnie od ich klasy. Żadna drużyna nie jest kompletna bez Latarni na czele, powiadam. Do walki!","Маяки наділяють своїх союзників різноманітними цікавими здібностями залежно від їхнього класу. Жодна команда не є повноцінною без Маяка на чолі, скажу я. Давайте битися!","Bakens versterken hun bondgenoten op verschillende interessante manieren, afhankelijk van hun klasse. Geen enkel team is compleet zonder een Baken aan het roer, zeg ik. Laten we vechten!","Fenerlerin sınıflarına bağlı olarak müttefiklerini çeşitli ilginç şekillerde güçlendirirler. Bana göre, başında bir Fener olmayan hiçbir takım tam değildir. Hadi savaşalım!"
L_MASTER_DIALOG_CHERUB,,"Cherubs are defensive creatures who utilize powerful barriers to keep them safe from harm. Push their limits too much, however, and you'll be on the receiving end of unimaginable offensive power as well. Allow me to demonstrate!",ケルビムは防御的な生物で、強力なバリアを使って身を守ります。しかし、あまりに追い詰めると、想像を絶する攻撃力も受けることになるでしょう。実演してみましょう！,"Cherubim sind defensive Kreaturen, die mächtige Barrieren nutzen, um sich vor Schaden zu schützen. Strapaziert man ihre Grenzen jedoch zu sehr, bekommt man auch ihre unvorstellbare Angriffskraft zu spüren. Lasst mich das demonstrieren!","Les Chérubins sont des créatures défensives qui utilisent de puissantes barrières pour se protéger du danger. Poussez-les trop loin, cependant, et vous subirez également une puissance offensive inimaginable. Permettez-moi de vous le démontrer !","Los querubines son criaturas defensivas que utilizan poderosas barreras para mantenerse a salvo del daño. Sin embargo, si los presionas demasiado, también serás víctima de un poder ofensivo inimaginable. ¡Permíteme demostrarlo!","Querubins são criaturas defensivas que utilizam barreiras poderosas para se manterem a salvo de danos. No entanto, se você os pressionar demais, também acabará recebendo um poder ofensivo inimaginável. Permita-me demonstrar!","Херувимы — оборонительные существа, использующие мощные барьеры, чтобы защитить себя от вреда. Однако если слишком сильно давить на их пределы, вы также окажетесь под ударом невообразимой атакующей мощи. Позвольте мне продемонстрировать!","I cherubini sono creature difensive che utilizzano potenti barriere per proteggersi dai danni. Spingi troppo i loro limiti, tuttavia, e ti ritroverai a subire anche un potere offensivo inimmaginabile. Permettimi di dimostrartelo!",小天使是防禦型生物，牠們利用強大的屏障來保護自己免受傷害。然而，若是太過挑戰牠們的極限，你也會遭受到難以想像的攻擊力量。讓我來示範一下吧！,小天使是防御型生物，它们利用强大的屏障来保护自己免受伤害。但是，如果你过分挑战它们的极限，你也会遭受到难以想象的攻击力量。让我来演示一下！,"케루빔은 강력한 장벽을 활용하여 자신을 위험으로부터 안전하게 지키는 방어적인 생물입니다. 하지만 그들의 한계를 너무 밀어붙이면, 상상할 수 없는 공격력의 대상이 되고 말 것입니다. 제가 보여드리겠습니다!","Cheruby to stworzenia defensywne, które wykorzystują potężne bariery, by chronić się przed zagrożeniami. Jeśli jednak zbytnio naciśniesz na ich granice, doświadczysz również niewyobrażalnej siły ofensywnej. Pozwól, że zademonstruję!","Херувими — це захисні істоти, які використовують потужні бар'єри, щоб уберегти себе від шкоди. Однак якщо занадто сильно натиснути на їхні межі, ви також відчуєте на собі неймовірну атакуючу силу. Дозвольте мені продемонструвати!",Cherubijnen zijn defensieve wezens die krachtige barrières gebruiken om zichzelf te beschermen tegen gevaar. Drijf hen echter te ver en je zult ook te maken krijgen met onvoorstelbare aanvalskracht. Laat me het demonstreren!,"Kerublar, kendilerini zarardan korumak için güçlü bariyerler kullanan savunmacı yaratıklardır. Ancak sınırlarını fazla zorlarsan, hayal bile edemeyeceğin saldırı gücüne de maruz kalırsın. İzin ver de göstereyim!"
L_MASTER_DIALOG_CHIMERA,,"Who doesn't enjoy a good Fusion? Well, I happen to be a bit more obsessed about it than most people, and that's why I employ the skills of Chimeras. Chimeras utilize their fusions to their fullest potential, enabling them to far-surpass the strength of other creatures. Have a look for yourself!",誰が良い融合を楽しまないでしょうか？まあ、私は他の人よりもそれに少し取り憑かれているようで、だからこそキメラの技術を採用しているのです。キメラは融合を最大限に活用し、他の生物の強さを遥かに超える力を発揮します。自分の目で確かめてみてください！,"Wer genießt nicht eine gute Fusion? Nun, ich bin zufällig etwas besessener davon als die meisten Leute, und deshalb nutze ich die Fähigkeiten der Chimären. Chimären nutzen ihre Fusionen bis zum äußersten Potenzial und ermöglichen es ihnen, die Stärke anderer Kreaturen bei weitem zu übertreffen. Sieh selbst!","Qui n'aime pas une bonne Fusion ? Eh bien, il se trouve que je suis un peu plus obsédé par cela que la plupart des gens, et c'est pourquoi j'emploie les compétences des Chimères. Les Chimères utilisent leurs fusions à leur plein potentiel, leur permettant de surpasser largement la force des autres créatures. Voyez par vous-même !","¿A quién no le gusta una buena Fusión? Bueno, resulta que estoy un poco más obsesionado con ello que la mayoría de las personas, y es por eso que empleo las habilidades de las Quimeras. Las Quimeras utilizan sus fusiones a su máximo potencial, permitiéndoles superar con creces la fuerza de otras criaturas. ¡Compruébalo tú mismo!","Quem não gosta de uma boa Fusão? Bem, acontece que sou um pouco mais obcecado por isso do que a maioria das pessoas, e é por isso que emprego as habilidades das Quimeras. As Quimeras utilizam suas fusões em seu potencial máximo, permitindo que ultrapassem em muito a força de outras criaturas. Veja por si mesmo!","Кто не любит хорошее Слияние? Ну, я немного более одержим этим, чем большинство людей, и именно поэтому я использую навыки Химер. Химеры используют свои слияния в полной мере, что позволяет им значительно превосходить силу других существ. Убедитесь сами!","Chi non ama una buona Fusione? Beh, io sono un po' più ossessionato dalla cosa rispetto alla maggior parte delle persone, ed è per questo che impiego le abilità delle Chimere. Le Chimere utilizzano le loro fusioni al massimo del potenziale, permettendo loro di superare di gran lunga la forza di altre creature. Dai un'occhiata tu stesso!",誰不喜歡一場精彩的融合呢？嗯，我恰好比大多數人更加癡迷於此，這就是為什麼我會運用奇美拉的技能。奇美拉能夠將融合發揮到極致，使他們的力量遠遠超越其他生物。你自己看看吧！,谁不喜欢一场精彩的融合呢？嗯，我恰好比大多数人更痴迷于此，这就是为什么我会利用奇美拉的技能。奇美拉能够充分发挥他们的融合能力，使他们远远超越其他生物的力量。自己看看吧！,"누가 좋은 융합을 즐기지 않겠어요? 글쎄요, 저는 대부분의 사람들보다 융합에 좀 더 집착하는 편이고, 그래서 키메라의 기술을 활용하는 거죠. 키메라는 자신의 융합을 최대한 활용하여 다른 생물체의 힘을 훨씬 뛰어넘을 수 있게 해줍니다. 직접 확인해 보세요!","Kto nie lubi dobrej Fuzji? Cóż, ja akurat jestem tym nieco bardziej zafascynowany niż większość ludzi, i dlatego korzystam z umiejętności Chimer. Chimery wykorzystują swoje fuzje do pełnego potencjału, co pozwala im znacznie przewyższyć siłę innych stworzeń. Przekonaj się sam!","Хто ж не любить хорошого Злиття? Ну, я трохи більше одержимий цим, ніж більшість людей, і саме тому я використовую навички Химер. Химери використовують свої злиття на повну потужність, що дозволяє їм значно перевершувати силу інших істот. Погляньте самі!","Wie geniet er niet van een goede Fusie? Nou, ik ben er toevallig wat meer door geobsedeerd dan de meeste mensen, en daarom maak ik gebruik van de vaardigheden van Chimera's. Chimera's benutten hun fusies tot hun volledige potentieel, waardoor ze de kracht van andere wezens ver overtreffen. Kijk zelf maar!","Kim iyi bir Füzyon'dan hoşlanmaz? Eh, ben çoğu insandan biraz daha takıntılıyım bu konuda, ve bu yüzden Kimeraların yeteneklerinden yararlanıyorum. Kimeralar füzyonlarını tam potansiyellerine kadar kullanırlar, bu da onların diğer yaratıkların gücünü fazlasıyla aşmalarını sağlar. Kendin bir bak!"
L_MASTER_DIALOG_CLOCKWORK,,"Clockworks may be slow to build their power, but once they do, they're practically unstoppable. Let me show you how it's done!",クロックワークは力を蓄えるのに時間がかかるかもしれないが、一度力を得れば、ほぼ止められない。その方法を見せてやろう！,"Uhrwerke brauchen vielleicht Zeit, um ihre Kraft aufzubauen, aber sobald sie es tun, sind sie praktisch unaufhaltsam. Lass mich dir zeigen, wie es gemacht wird!","Les Mécanismes peuvent mettre du temps à accumuler leur puissance, mais une fois qu'ils le font, ils sont pratiquement inarrêtables. Laisse-moi te montrer comment ça marche !","Los Mecanismos pueden tardar en acumular su poder, pero una vez que lo hacen, ¡son prácticamente imparables! ¡Déjame mostrarte cómo se hace!","Os Mecanismos podem demorar para acumular seu poder, mas quando o fazem, são praticamente imparáveis. Deixe-me mostrar como é feito!","Механизмы могут медленно накапливать свою силу, но как только они это сделают, их практически невозможно остановить. Позвольте мне показать вам, как это делается!","I congegni meccanici possono impiegare tempo per accumulare la loro potenza, ma una volta fatto, sono praticamente inarrestabili. Lascia che ti mostri come si fa!",發條機械的力量累積得慢，但一旦累積起來，它們幾乎無人能擋。讓我來示範給你看！,发条机械积蓄力量可能很慢，但一旦完成，它们几乎势不可挡。让我来向你展示如何做到这一点！,"태엽장치는 힘을 모으는 데 시간이 걸릴 수 있지만, 일단 힘을 모으면 거의 막을 수 없게 됩니다. 어떻게 하는지 보여드리죠!","Mechanizmy mogą powoli budować swoją moc, ale gdy już to zrobią, są praktycznie nie do zatrzymania. Pozwól, że pokażę ci, jak to się robi!","Механізми можуть повільно накопичувати свою силу, але коли вони це роблять, їх практично неможливо зупинити. Дозвольте мені показати вам, як це працює!","Uurwerken bouwen hun kracht misschien langzaam op, maar als ze dat eenmaal doen, zijn ze praktisch niet te stoppen. Laat me je laten zien hoe het werkt!","Çarklar güçlerini oluşturmak için yavaş olabilir, ancak bir kez oluşturduklarında, neredeyse durdurulamazlar. Sana nasıl yapıldığını göstereyim!"
L_MASTER_DIALOG_ELECTROPOD,,"Electropods are all about speed, speed, and more speed!\n\nVroom vroom, mother!@#$er.",エレクトロポッドはとにかく速さ、速さ、そして更なる速さがすべて！\n\nブルンブルン、このクソ野郎。,"Elektropods drehen sich nur um Geschwindigkeit, Geschwindigkeit und noch mehr Geschwindigkeit!\n\nVroom vroom, Mist!@#$er.","Les Électropodes, c'est la vitesse, la vitesse, et encore plus de vitesse !\n\nVroum vroum, enf@#$é !","Los Electropods se tratan de velocidad, velocidad y más velocidad.\n\n¡Brum brum, hijo de p@#$a!","Electropods são tudo sobre velocidade, velocidade e mais velocidade!\n\nVrum vrum, desgra!@#$o.","Электроподы - это скорость, скорость и ещё раз скорость!\n\nВрум-врум, ублюдок.","Gli Elettropodi sono tutti incentrati sulla velocità, velocità e ancora velocità!\n\nVroom vroom, figlio di pu##ana.",電力艙全都是關於速度，速度，還有更多速度！\n\n轟轟轟，他媽的。,电气荚是关于速度，速度，还有更多的速度！\n\n轰轰，妈妈~！@#$er.,"일렉트로포드는 속도, 속도, 그리고 더 많은 속도에 관한 것이다!\n\n부릉부릉, 이 망할 놈아.","Elektropody to szybkość, szybkość i jeszcze więcej szybkości!\n\nWrrrr wrrrr, skur@#$ynu.","Електроподи - це все про швидкість, швидкість і ще раз швидкість!\n\nВрум-врум, покидьку.","Electropods draaien allemaal om snelheid, snelheid en nog meer snelheid!\n\nVroem vroem, moeder!@#$er.","Elektropodlar hız, hız ve daha fazla hızla ilgilidir!\n\nVın vın, anne!@#$er."
L_MASTER_DIALOG_FAE,,"Fae may be small in appearance, but get enough of them together and you'll be in for quite a nasty surprise! Sure, their personalities leave much to be desired, but there's no creatures I'd rather have on my side than a pack of Fae. Allow me to introduce you to mine!",フェイは見た目は小さいかもしれませんが、十分な数が集まると、かなり厄介な驚きが待っていますよ！確かに、彼らの性格は物足りないところがありますが、フェイの群れほど私の味方に欲しい生き物はいません。私のフェイたちを紹介させてください！,"Feen mögen zwar klein erscheinen, aber wenn genug von ihnen zusammenkommen, erwartet dich eine äußerst unangenehme Überraschung! Sicher, ihre Persönlichkeiten lassen viel zu wünschen übrig, aber es gibt keine Kreaturen, die ich lieber an meiner Seite hätte als eine Gruppe Feen. Lass mich dir meine vorstellen!","Les Fées peuvent sembler petites en apparence, mais réunissez-en suffisamment et vous aurez droit à une très mauvaise surprise ! Certes, leurs personnalités laissent beaucoup à désirer, mais il n'y a pas de créatures que je préférerais avoir à mes côtés qu'une meute de Fées. Permettez-moi de vous présenter les miennes !","Las hadas pueden parecer pequeñas, ¡pero reúne suficientes y te llevarás una desagradable sorpresa! Claro, sus personalidades dejan mucho que desear, pero no hay criaturas que prefiera tener de mi lado que un grupo de hadas. ¡Permíteme presentarte a las mías!","As Fae podem parecer pequenas, mas junte um número suficiente delas e você terá uma surpresa bem desagradável! Claro, suas personalidades deixam muito a desejar, mas não há criaturas que eu prefira ter ao meu lado do que um bando de Fae. Permita-me apresentar as minhas!","Фейри могут казаться маленькими, но соберите их вместе, и вас ждёт весьма неприятный сюрприз! Конечно, их характеры оставляют желать лучшего, но нет существ, которых я предпочёл бы видеть на своей стороне, чем стаю Фейри. Позвольте представить вам моих!","Le Fate possono sembrare piccole nell'aspetto, ma mettine insieme abbastanza e avrai una brutta sorpresa! Certo, le loro personalità lasciano molto a desiderare, ma non ci sono creature che preferirei avere dalla mia parte più di un gruppo di Fate. Permettimi di presentarti le mie!",精靈外表雖小，但若聚集足夠數量，你可就要面臨相當不愉快的驚喜了！沒錯，牠們的個性確實有許多不足之處，但若要說有什麼生物我願意作為夥伴，那非一群精靈莫屬。讓我為你介紹我的精靈們吧！,仙灵看起来个头虽小，但只要聚集足够多，你可就要面临一个相当不愉快的惊喜了！没错，它们的性格确实有待改善，但要说有什么生物我更愿意作为盟友，那非仙灵群体莫属。让我来向你介绍我的仙灵吧！,"요정들은 외모는 작을지 몰라도, 충분히 많이 모이면 꽤 불쾌한 놀라움을 선사할 거예요! 물론, 그들의 성격은 많이 부족하지만, 요정 무리보다 내 편에 두고 싶은 생물은 없어요. 제 요정들을 소개해 드리죠!","Fae mogą wydawać się małe, ale zbierz ich wystarczająco dużo, a czeka cię bardzo nieprzyjemna niespodzianka! Owszem, ich osobowości pozostawiają wiele do życzenia, ale nie ma stworzeń, które wolałbym mieć po swojej stronie niż stado Fae. Pozwól, że przedstawię ci moje!","Феї можуть здаватися маленькими на вигляд, але зберіть їх достатньо разом, і на вас чекає досить неприємний сюрприз! Звісно, їхні характери залишають бажати кращого, але немає істот, яких я б хотів бачити на своєму боці більше, ніж зграю Фей. Дозвольте представити вам моїх!","Fae mogen er dan klein uitzien, maar breng er genoeg samen en je staat een onaangename verrassing te wachten! Natuurlijk laat hun persoonlijkheid veel te wensen over, maar er zijn geen wezens die ik liever aan mijn zijde heb dan een groep Fae. Sta me toe je aan de mijne voor te stellen!","Faeler görünüşte küçük olabilir, ama yeterince bir araya geldiklerinde oldukça nahoş bir sürprizle karşılaşacaksınız! Evet, kişilikleri pek de arzu edilir değil, ama bir Fae sürüsünden başka yanımda olmasını isteyeceğim yaratık yok. İzin verin size benimkileri tanıtayım!"
L_MASTER_DIALOG_KRAKEN,,"Hello! What's Kraken?\n\nThat's all I have to say, really. I'm not all too sure how Krakens operate, but no one else wanted this job, so here I am. Let's fight!",こんにちは！クラーケンはどうですか？\n\n実は、それだけ言いたかったんです。クラーケンがどう動くのかよくわかりませんが、他に誰もこの仕事を引き受けたがらなかったので、ここにいます。戦いましょう！,"Hallo! Was geht Kraken?\n\nDas ist eigentlich alles, was ich zu sagen habe. Ich bin mir nicht ganz sicher, wie Kraken funktionieren, aber niemand sonst wollte diesen Job, also bin ich hier. Lass uns kämpfen!","Salut ! Quoi de neuf, Kraken ?\n\nC'est tout ce que j'ai à dire, vraiment. Je ne suis pas trop sûr de comment fonctionnent les Krakens, mais personne d'autre ne voulait ce boulot, alors me voilà. Battons-nous !","¡Hola! ¿Qué Kraken?\n\nEso es todo lo que tengo que decir, en realidad. No estoy muy seguro de cómo operan los Krakens, pero nadie más quería este trabajo, así que aquí estoy. ¡Vamos a luchar!","Olá! O que é Kraken?\n\nIsso é tudo que tenho a dizer, realmente. Não estou muito certo de como os Krakens funcionam, mas ninguém mais queria este trabalho, então aqui estou eu. Vamos lutar!","Привет! Как Кракен?\n\nВот и всё, что я хотел сказать, на самом деле. Я не совсем уверен, как работают Кракены, но никто другой не хотел эту работу, так что вот я здесь. Давай сразимся!","Salve! Come va, Kraken?\n\nQuesto è tutto ciò che ho da dire, davvero. Non sono molto sicuro di come funzionino i Kraken, ma nessun altro voleva questo lavoro, quindi eccomi qui. Combattiamo!",你好！有什麼海怪事嗎？\n\n這就是我想說的全部了，真的。我不太確定海怪是怎麼運作的，但沒有其他人想要這份工作，所以我來了。讓我們開戰吧！,你好！什么是克拉肯？\n\n这就是我想说的全部，真的。我不太确定克拉肯是怎么运作的，但没人愿意接这份工作，所以我来了。来战斗吧！,"안녕하세요! 크라켄이 뭐죠?\n\n사실 할 말은 이게 다예요. 크라켄이 어떻게 작동하는지 잘 모르겠지만, 다른 사람들은 아무도 이 일을 원하지 않아서 제가 여기 있네요. 싸워봅시다!","Cześć! Co słychać u Krakena?\n\nTo właściwie wszystko, co mam do powiedzenia. Nie jestem do końca pewien, jak działają Krakeny, ale nikt inny nie chciał tej roboty, więc oto jestem. Walczmy!","Привіт! Як Кракен?\n\nЦе все, що я хотів сказати, насправді. Я не надто розумію, як працюють Кракени, але ніхто інший не хотів цю роботу, тому я тут. Давай битися!","Hallo! Wat is er Kraken?\n\nDat is eigenlijk alles wat ik te zeggen heb. Ik weet niet precies hoe Krakens werken, maar niemand anders wilde deze baan, dus hier ben ik. Laten we vechten!","Merhaba! Ne Kraken?\n\nAslında söyleyecek başka bir şeyim yok. Krakenlerin nasıl hareket ettiğinden pek emin değilim, ama kimse bu işi istemedi, bu yüzden buradayım. Hadi savaşalım!"
L_MASTER_DIALOG_LUCKMANTRIA,,"Luckmantrias are adept at manipulating their foes to suit their needs. These creatures may be difficult to master, but in the right hands, nothing is better than an army of Luckmantrias fighting by your side. Let's duel!",ラックマントリアは自分の都合に合わせて敵を操る達人です。これらの生物は習得が難しいかもしれませんが、適切な手にかかれば、あなたの側で戦うラックマントリアの軍団に勝るものはありません。勝負だ！,"Luckmantrias sind geschickt darin, ihre Feinde zu manipulieren, um ihren Bedürfnissen zu entsprechen. Diese Kreaturen mögen schwer zu meistern sein, aber in den richtigen Händen gibt es nichts Besseres als eine Armee von Luckmantrias, die an deiner Seite kämpft. Lass uns duellieren!","Les Luckmantrias sont habiles à manipuler leurs adversaires selon leurs besoins. Ces créatures peuvent être difficiles à maîtriser, mais entre de bonnes mains, rien n'est meilleur qu'une armée de Luckmantrias combattant à vos côtés. En garde !","Los Luckmantrias son expertos en manipular a sus enemigos para satisfacer sus necesidades. Estas criaturas pueden ser difíciles de dominar, pero en las manos adecuadas, nada es mejor que un ejército de Luckmantrias luchando a tu lado. ¡Vamos a duelo!","Luckmantrias são hábeis em manipular seus inimigos para atender às suas necessidades. Essas criaturas podem ser difíceis de dominar, mas nas mãos certas, nada é melhor do que um exército de Luckmantrias lutando ao seu lado. Vamos duelar!","Лакмантрии умело манипулируют своими врагами в своих интересах. Этими существами может быть трудно овладеть, но в умелых руках нет ничего лучше армии Лакмантрий, сражающихся на вашей стороне. Давай сразимся!","I Luckmantria sono esperti nel manipolare i loro nemici per soddisfare i propri bisogni. Queste creature possono essere difficili da padroneggiare, ma nelle mani giuste, nulla è meglio di un esercito di Luckmantria che combatte al tuo fianco. Duellante!",幸運螳螂精通於操縱敵人以滿足自身需求。這些生物或許難以掌控，但在正確的人手中，沒有什麼比一支幸運螳螂軍隊並肩作戰更好的了。讓我們決鬥吧！,幸运蛾擅长操纵敌人以满足自身需求。这些生物可能难以掌握，但在正确的人手中，没有什么比一支幸运蛾军队并肩作战更好的了。来决斗吧！,"럭맨트리아는 자신의 필요에 맞게 적을 조종하는 데 능숙합니다. 이 생물들은 다루기 어려울 수 있지만, 적절한 손에 들어가면 당신 편에서 싸우는 럭맨트리아 군단보다 더 나은 것은 없습니다. 대결을 시작합시다!","Luckmantrie doskonale manipulują swoimi wrogami, by zaspokoić swoje potrzeby. Te stworzenia mogą być trudne do opanowania, ale w odpowiednich rękach nic nie przewyższy armii Luckmantrii walczących u twojego boku. Do pojedynku!","Лакмантрії вправно маніпулюють своїми ворогами для задоволення власних потреб. Цими істотами може бути складно оволодіти, але в правильних руках ніщо не зрівняється з армією Лакмантрій, що б'ються на вашому боці. Давай битися!","Luckmantrias zijn bedreven in het manipuleren van hun vijanden om aan hun behoeften te voldoen. Deze wezens kunnen moeilijk te beheersen zijn, maar in de juiste handen is niets beter dan een leger van Luckmantrias dat aan je zijde vecht. Laten we duelleren!","Luckmantria'lar düşmanlarını kendi ihtiyaçlarına göre manipüle etmekte ustadırlar. Bu yaratıkları ustalıkla kullanmak zor olabilir, ancak doğru ellerde, yanınızda savaşan bir Luckmantria ordusundan daha iyisi yoktur. Hadi düello yapalım!"
L_MASTER_DIALOG_MODRON,,"Modrons are defensive creatures that are able to shrug off even the most brutal of ailments. There's not much to be said for them when it comes to offense, but if you're looking for a creature to protect your team, you need not look further than the Modron race. Let me show you!",モドロンは防御的な生物で、最も過酷な病気でさえも平然と受け流すことができます。攻撃に関しては特筆すべきことはあまりありませんが、あなたのチームを守る生物を探しているなら、モドロン種族以上のものはありません。お見せしましょう！,"Modrons sind defensive Kreaturen, die selbst die brutalsten Leiden abschütteln können. In Sachen Angriff gibt es nicht viel über sie zu sagen, aber wenn du nach einer Kreatur suchst, um dein Team zu beschützen, brauchst du nicht weiter zu suchen als die Modron-Rasse. Lass mich dir zeigen!","Les Modrons sont des créatures défensives capables de résister même aux affections les plus brutales. Il n'y a pas grand-chose à dire d'eux en matière d'attaque, mais si vous cherchez une créature pour protéger votre équipe, inutile de chercher plus loin que la race des Modrons. Laissez-moi vous montrer !","Los Modrones son criaturas defensivas capaces de resistir incluso las dolencias más brutales. No hay mucho que decir sobre ellos en cuanto al ataque, pero si buscas una criatura para proteger a tu equipo, no necesitas buscar más allá de la raza Modron. ¡Déjame mostrarte!","Módrons são criaturas defensivas capazes de resistir até mesmo às mais brutais enfermidades. Não há muito a dizer sobre eles quando se trata de ataque, mas se você está procurando uma criatura para proteger sua equipe, não precisa procurar além da raça Módron. Deixe-me mostrar a você!","Модроны — защитные существа, способные противостоять даже самым жестоким недугам. О них мало что можно сказать в плане нападения, но если вы ищете существо для защиты своей команды, то раса Модронов — именно то, что вам нужно. Позвольте мне показать!","I Modron sono creature difensive in grado di resistere anche ai disturbi più brutali. Non c'è molto da dire su di loro quando si tratta di attacco, ma se stai cercando una creatura per proteggere la tua squadra, non devi guardare oltre la razza dei Modron. Lascia che ti mostri!",魔像是防禦型生物，能夠抵禦最嚴重的傷害。在攻擊方面，它們並沒有太多可圈可點之處，但如果你正在尋找能夠保護團隊的生物，魔像族就是你的不二之選。讓我來為你展示！,魔械是防御型生物，能够抵抗甚至是最残酷的伤害。在进攻方面，它们并没有太多值得称道的地方，但如果你正在寻找一种能够保护你团队的生物，那么魔械种族就是你的不二之选。让我来给你展示！,"모드론은 가장 잔혹한 질병조차도 무시할 수 있는 방어적인 생물입니다. 공격적인 면에서는 그다지 특별한 점이 없지만, 당신의 팀을 보호할 생물을 찾고 있다면 모드론 종족보다 더 나은 선택은 없습니다. 제가 보여드리겠습니다!","Modrony to defensywne stworzenia, które potrafią zignorować nawet najbardziej brutalne dolegliwości. Nie ma o nich wiele do powiedzenia, jeśli chodzi o atak, ale jeśli szukasz stworzenia, które ochroni twoją drużynę, nie musisz szukać dalej niż rasa Modronów. Pozwól, że ci pokażę!","Модрони - це захисні істоти, здатні відбивати навіть найжорстокіші недуги. Про них мало що можна сказати в плані нападу, але якщо ви шукаєте істоту для захисту своєї команди, вам не потрібно шукати далі, ніж раса Модронів. Дозвольте мені показати!","Modrons zijn defensieve wezens die zelfs de meest brute kwalen kunnen afschudden. Er valt niet veel te zeggen over hun aanvalskracht, maar als je op zoek bent naar een wezen om je team te beschermen, hoef je niet verder te kijken dan het Modron ras. Laat me het je laten zien!","Modronlar, en acımasız rahatsızlıkları bile savuşturabilen savunmacı yaratıklardır. Saldırı konusunda pek bir şey söylenemez, ancak ekibinizi koruyacak bir yaratık arıyorsanız, Modron ırkından başka bir yere bakmanıza gerek yok. Size göstereyim!"
L_MASTER_DIALOG_MYTHICANT,,"Never let anyone tell you you Mythicant. Because you Mythican. I'm living proof that if you believe in yourself, you Mythican do anything. Let me show you just how far I've come!",誰にも「お前にはできない」なんて言わせるな。だってお前にはできるんだ。自分を信じれば何でもできるってことを、俺が証明してやる。どれだけ俺が成長したか見せてやるぜ！,"Lass dir von niemandem sagen, dass du nicht Mythikannst. Denn du Mythikannst. Ich bin der lebende Beweis, dass du alles Mythikannst, wenn du an dich glaubst. Lass mich dir zeigen, wie weit ich es gebracht habe!","Ne laisse jamais personne te dire que tu ne Mythicant pas. Parce que tu Mythican. Je suis la preuve vivante que si tu crois en toi, tu Mythican tout faire. Laisse-moi te montrer jusqu'où je suis arrivé !","Nunca dejes que nadie te diga que no Mythicant. Porque tú Mythican. Soy la prueba viviente de que si crees en ti mismo, Mythican hacer cualquier cosa. ¡Déjame mostrarte lo lejos que he llegado!","Nunca deixe ninguém dizer que você não Mythicant. Porque você Mythican. Sou a prova viva de que se você acreditar em si mesmo, você Mythican fazer qualquer coisa. Deixe-me mostrar o quão longe eu cheguei!","Никогда не позволяй никому говорить, что ты не Мификант. Потому что ты Мификант. Я живое доказательство того, что если веришь в себя, ты Мификантастичен. Позволь мне показать, как далеко я продвинулся!","Non lasciare mai che qualcuno ti dica che non Mythicant. Perché tu Mythican. Sono la prova vivente che se credi in te stesso, tu Mythican fare qualsiasi cosa. Lascia che ti mostri quanto lontano sono arrivato!",別讓任何人告訴你做不到。因為你絕對做得到。我就是活生生的證明，只要相信自己，你絕對能做到任何事。讓我展示給你看我已經走了多遠！,永远不要让任何人告诉你做不到。因为你能做到。我就是活生生的证明，只要相信自己，你就能做任何事。让我来展示一下我已经走了多远！（在英文中，“能做到(Must can)”，“做不到(Must can't”和“神话(Mythicant)”读音相似。）,누구도 당신이 할 수 없다고 말하게 하지 마세요. 당신은 할 수 있으니까요. 자신을 믿으면 무엇이든 할 수 있다는 살아있는 증거예요. 제가 얼마나 성장했는지 보여드릴게요!,"Nigdy nie pozwól, by ktokolwiek mówił ci, że nie Mythicant. Bo ty Mythican. Jestem żywym dowodem na to, że jeśli wierzysz w siebie, Mythican zrobić wszystko. Pozwól, że pokażę ci, jak daleko zaszedłem!","Ніколи не дозволяйте нікому казати, що ви Міфікант. Бо ви Міфікан. Я живий доказ того, що якщо вірити в себе, ви Міфікан зробити будь-що. Дозвольте показати вам, як далеко я зайшов!","Laat nooit iemand je vertellen dat je Mythicant. Want je Mythican. Ik ben het levende bewijs dat als je in jezelf gelooft, je Mythican alles doen. Laat me je laten zien hoe ver ik ben gekomen!","Kimsenin sana Yapamaz dediğine inanma. Çünkü Yapabilirsin. Kendine inandığında her şeyi Yapabilirsin, ben bunun yaşayan kanıtıyım. Sana ne kadar ilerlediğimi göstereyim!"
L_MASTER_DIALOG_NIHILIST,,"Nihilists channel unimaginable power that, if properly employed, can wreak havoc on your foes. The drawback of Nihilists is that they overflow with so much strength that their enemies tend to be able to draw from this power as well. A seasoned tactician is capable of mitigating this downside to ensure victory. Let's fight!",ニヒリストは想像を絶する力を操り、適切に使用すれば敵に甚大な被害を与えることができます。ニヒリストの欠点は、あまりにも多くの力が溢れているため、敵もこの力を利用できてしまうことです。経験豊富な戦術家なら、この欠点を軽減して勝利を確実にすることができます。戦いましょう！,"Nihilisten kanalisieren unvorstellbare Macht, die, wenn richtig eingesetzt, verheerende Wirkung auf deine Feinde haben kann. Der Nachteil der Nihilisten ist, dass sie mit so viel Kraft überfließen, dass ihre Feinde dazu neigen, ebenfalls aus dieser Macht schöpfen zu können. Ein erfahrener Taktiker ist in der Lage, diesen Nachteil zu mindern, um den Sieg zu sichern. Lass uns kämpfen!","Les Nihilistes canalisent une puissance inimaginable qui, si elle est correctement employée, peut semer le chaos parmi vos ennemis. L'inconvénient des Nihilistes est qu'ils débordent de tant de force que leurs ennemis ont tendance à pouvoir puiser dans cette puissance également. Un tacticien expérimenté est capable d'atténuer cet inconvénient pour assurer la victoire. Combattons !","Los Nihilistas canalizan un poder inimaginable que, si se emplea adecuadamente, puede causar estragos en tus enemigos. La desventaja de los Nihilistas es que rebosan tanta fuerza que sus enemigos tienden a poder extraer de este poder también. Un táctico experimentado es capaz de mitigar esta desventaja para asegurar la victoria. ¡Luchemos!","Os Niilistas canalizam um poder inimaginável que, se empregado adequadamente, pode causar estragos em seus inimigos. A desvantagem dos Niilistas é que eles transbordam com tanta força que seus inimigos tendem a conseguir extrair desse poder também. Um estrategista experiente é capaz de mitigar essa desvantagem para garantir a vitória. Vamos lutar!","Нигилисты направляют невообразимую силу, которая, если правильно использовать, может сеять хаос среди врагов. Недостаток Нигилистов в том, что они переполнены такой мощью, что их противники тоже могут черпать из этой силы. Опытный тактик способен смягчить этот недостаток, чтобы обеспечить победу. Давай сражаться!","I nichilisti incanalano un potere inimmaginabile che, se impiegato correttamente, può seminare distruzione tra i nemici. Lo svantaggio dei Nichilisti è che traboccano di così tanta forza che anche i loro nemici tendono a poter attingere a questo potere. Un tattico esperto è in grado di mitigare questo inconveniente per garantire la vittoria. Combattiamo!",虛無主義者引導著難以想像的力量，若運用得當，能對敵人造成極大破壞。虛無主義者的缺點是他們擁有過多的力量，以至於敵人也能從中汲取能量。經驗豐富的戰術家能夠減輕這個缺點，確保勝利。讓我們戰鬥吧！,虚无论者引导着难以想象的力量，如果正确运用，可以对敌人造成巨大破坏。虚无论者的缺点是他们拥有过多的力量，以至于敌人也能从中汲取能量。经验丰富的战术家能够减轻这一缺点，确保胜利。让我们战斗吧！,"허무주의자들은 상상할 수 없는 힘을 다루며, 제대로 활용하면 적들에게 큰 혼란을 일으킬 수 있습니다. 허무주의자들의 단점은 너무 많은 힘이 넘쳐나 적들도 이 힘을 이용할 수 있다는 것입니다. 노련한 전술가는 이러한 단점을 완화하여 승리를 보장할 수 있습니다. 싸우자!","Nihiliści kanalizują niewyobrażalną moc, która, jeśli właściwie wykorzystana, może siać spustoszenie wśród wrogów. Wadą Nihilistów jest to, że przepełnia ich tak wielka siła, że ich przeciwnicy również potrafią z niej czerpać. Doświadczony taktyk jest w stanie złagodzić tę wadę, aby zapewnić zwycięstwo. Do walki!","Нігілісти направляють неймовірну силу, яка, якщо правильно використана, може спричинити хаос серед ваших ворогів. Недоліком Нігілістів є те, що вони переповнені такою кількістю сили, що їхні вороги також можуть черпати з цієї енергії. Досвідчений тактик здатний зменшити цей недолік, щоб забезпечити перемогу. Давайте битися!","Nihilisten kanaliseren onvoorstelbare kracht die, indien juist aangewend, verwoesting kan aanrichten bij je vijanden. Het nadeel van Nihilisten is dat ze overlopen van zoveel kracht dat hun vijanden ook in staat zijn om van deze kracht gebruik te maken. Een ervaren tacticus is in staat om dit nadeel te beperken om de overwinning te verzekeren. Laten we vechten!","Nihilistler, doğru kullanıldığında düşmanlarınıza büyük zarar verebilecek hayal edilemez bir gücü yönlendirirler. Nihilistlerin dezavantajı, o kadar çok güçle dolup taşmalarıdır ki düşmanları da bu güçten yararlanabilme eğilimindedir. Deneyimli bir taktisyen, zaferi garantilemek için bu dezavantajı azaltabilir. Hadi savaşalım!"
L_MASTER_DIALOG_NEPHILIM,,Nephilims symbolize balance in all things. Practicing moderation is the key to success. Allow me to demonstrate.,ネフィリムは万物のバランスを象徴しています。節度を守ることが成功への鍵です。実演させてください。,Nephilims symbolisieren das Gleichgewicht in allen Dingen. Mäßigung zu üben ist der Schlüssel zum Erfolg. Lass mich das demonstrieren.,Les Néphilims symbolisent l'équilibre en toutes choses. Pratiquer la modération est la clé du succès. Permettez-moi de vous le démontrer.,Los Nefilims simbolizan el equilibrio en todas las cosas. Practicar la moderación es la clave del éxito. Permíteme demostrarlo.,Os Nephilims simbolizam o equilíbrio em todas as coisas. Praticar a moderação é a chave para o sucesso. Permita-me demonstrar.,Нефилимы символизируют равновесие во всём. Умеренность — ключ к успеху. Позвольте мне продемонстрировать.,I Nephilim simboleggiano l'equilibrio in tutte le cose. Praticare la moderazione è la chiave del successo. Permettimi di dimostrarlo.,涅法林象徵萬物的平衡。奉行節制是成功的關鍵。讓我來示範。,堕落者象征着万物的平衡。适度是成功的关键。让我来演示一下。,네필림은 모든 것의 균형을 상징합니다. 절제를 실천하는 것이 성공의 열쇠입니다. 제가 보여드리겠습니다.,"Nefilimowie symbolizują równowagę we wszystkim. Praktykowanie umiaru jest kluczem do sukcesu. Pozwól, że zademonstruję.",Нефіліми символізують рівновагу в усьому. Практикування поміркованості — ключ до успіху. Дозвольте мені продемонструвати.,Nephilims symboliseren balans in alle dingen. Het beoefenen van gematigdheid is de sleutel tot succes. Sta me toe dit te demonstreren.,Nefilimler her şeyde dengeyi simgeler. Ölçülü olmak başarının anahtarıdır. İzin ver göstereyim.
L_MASTER_DIALOG_SPELLMANE,,"Spellmanes have the unique ability to draw power from the spells they cast, hiding themselves from harm while planning a devastating follow-up attack.\n\nDo you dare challenge my Spellmanes to battle? Very well. Let's fight!",スペルメインは、彼らが唱える呪文から力を引き出し、壊滅的な追撃を計画しながら自らを危害から隠す独自の能力を持っています。\n\n私のスペルメインに戦いを挑む勇気があるのか？よろしい。戦おう！,"Zaubermähnen besitzen die einzigartige Fähigkeit, Kraft aus ihren gewirkten Zaubern zu ziehen, sich vor Schaden zu verbergen, während sie einen verheerenden Folgeangriff planen.\n\nWagst du es, meine Zaubermähnen zum Kampf herauszufordern? Nun gut. Lass uns kämpfen!","Les Manespells ont la capacité unique de puiser leur pouvoir dans les sorts qu'ils lancent, se dissimulant du danger tout en préparant une attaque dévastatrice en retour.\n\nOsez-vous défier mes Manespells au combat ? Très bien. Battons-nous !","Los Hechiceros tienen la habilidad única de extraer poder de los hechizos que lanzan, ocultándose del peligro mientras planean un devastador ataque de seguimiento.\n\n¿Te atreves a desafiar a mis Hechiceros en batalla? Muy bien. ¡Luchemos!","Os Spellmanes têm a habilidade única de extrair poder dos feitiços que lançam, escondendo-se do perigo enquanto planejam um devastador ataque subsequente.\n\nVocê ousa desafiar meus Spellmanes para uma batalha? Muito bem. Vamos lutar!","Чародеи обладают уникальной способностью черпать силу из заклинаний, которые они творят, скрывая себя от опасности, пока планируют сокрушительную последующую атаку.\n\nОсмелишься ли ты бросить вызов моим Чародеям в бою? Очень хорошо. Давай сразимся!","I Spellmanes possiedono l'abilità unica di attingere potere dagli incantesimi che lanciano, nascondendosi dai pericoli mentre pianificano un devastante attacco successivo.\n\nOsi sfidare i miei Spellmanes in battaglia? Molto bene. Combattiamo!",法術鬃獸擁有獨特的能力，能從他們施放的法術中汲取力量，在策劃毀滅性的後續攻擊時隱藏自己，避開傷害。\n\n你敢挑戰我的法術鬃獸進行戰鬥嗎？很好。讓我們開戰吧！,魔鬃兽拥有独特的能力，能够从他们施放的法术中汲取力量，在策划毁灭性的后续攻击时隐藏自己，避开伤害。\n\n你敢挑战我的魔鬃兽进行战斗吗？很好。让我们开战吧！,"스펠메인은 자신이 시전한 주문으로부터 힘을 끌어내는 독특한 능력을 가지고 있으며, 파괴적인 후속 공격을 계획하는 동안 자신을 위험으로부터 숨깁니다.\n\n내 스펠메인들과 싸울 용기가 있나? 좋아. 싸우자!","Czarogrzywiści posiadają unikalną zdolność czerpania mocy z rzucanych przez siebie zaklęć, ukrywając się przed niebezpieczeństwem podczas planowania miażdżącego kontrataku.\n\nOdważysz się wyzwać moich Czarogrzywistych do walki? Bardzo dobrze. Walczmy!","Чаромани мають унікальну здатність черпати силу з заклинань, які вони творять, ховаючись від небезпеки, поки планують нищівну атаку у відповідь.\n\nНасмілишся кинути виклик моїм Чароманам у бою? Дуже добре. Давай битися!","Spellmanes hebben het unieke vermogen om kracht te putten uit de spreuken die ze uitspreken, waarbij ze zichzelf verbergen voor gevaar terwijl ze een verwoestende vervolgaanval plannen.\n\nDurf jij mijn Spellmanes uit te dagen voor een gevecht? Heel goed. Laten we vechten!","Büyücüler, büyülerinden güç çekme ve kendilerini zarardan gizlerken yıkıcı bir takip saldırısı planlama benzersiz yeteneğine sahiptir.\n\nBüyücülerimi savaşa davet etmeye cüret ediyor musun? Pekala. Hadi savaşalım!"
L_MASTER_DIALOG_URALOS,,"Uraloses rely on the strength of cooperation with their kin in order to bolster their power in battle. They also loath bear jokes, so mind your tongue, will you?\n\nSeriously? ""Bear naked""? That's your joke? You truly find that funny? Prepare to die!",ウラロスは戦闘での力を高めるために、同族との協力の強さに頼っています。また、クマに関するジョークを嫌うので、発言には気をつけてくださいね。\n\n本気ですか？「ベア・ネイキッド」？それがあなたのジョーク？本当にそれが面白いと思っているの？死ぬ覚悟をしろ！,"Uralosen verlassen sich auf die Stärke der Zusammenarbeit mit ihren Artgenossen, um ihre Macht im Kampf zu stärken. Sie verabscheuen auch Bärenwitze, also achte auf deine Zunge, ja?\n\nErnsthaft? ""Bärenblank""? Das ist dein Witz? Du findest das wirklich lustig? Mach dich bereit zu sterben!","Les Uraloses comptent sur la force de la coopération avec leurs semblables pour renforcer leur puissance au combat. Ils détestent aussi les blagues sur les ours, alors surveille ta langue, veux-tu ?\n\nSérieusement ? ""À poil comme un ours"" ? C\'est ça ta blague ? Tu trouves vraiment ça drôle ? Prépare-toi à mourir !","Los Uraloses dependen de la fuerza de la cooperación con sus parientes para reforzar su poder en batalla. También detestan los chistes sobre osos, así que cuida tu lengua, ¿quieres?\n\n¿En serio? ""¿Oso desnudo""? ¿Ese es tu chiste? ¿De verdad te parece gracioso? ¡Prepárate para morir!","Uraloses dependem da força da cooperação com seus parentes para aumentar seu poder em batalha. Eles também detestam piadas sobre ursos, então cuidado com sua língua, entendeu?\n\nSério? ""Urso pelado""? Essa é sua piada? Você realmente acha isso engraçado? Prepare-se para morrer!","Уралосы полагаются на силу сотрудничества со своими сородичами, чтобы укрепить свою мощь в бою. Они также ненавидят шутки про медведей, так что следи за языком, хорошо?\n\nСерьёзно? ""Медвежья нагота""? Это твоя шутка? Тебе правда кажется это смешным? Готовься к смерти!","Gli Uraloses fanno affidamento sulla forza della cooperazione con i loro simili per rafforzare il loro potere in battaglia. Inoltre detestano le battute sugli orsi, quindi tieni a freno la lingua, vuoi?\n\nSul serio? ""Orso nudo""? Questo è il tuo scherzo? Lo trovi davvero divertente? Preparati a morire!",烏拉洛斯依靠與同族的合作來增強他們在戰鬥中的力量。他們也厭惡熊的笑話，所以請注意你的言辭，好嗎？\n\n認真的嗎？「熊光光」？這就是你的笑話？你真的覺得這很好笑？準備受死吧！,"熊人依靠与同族的合作来增强它们在战斗中的力量。它们也讨厌熊的笑话，所以管好你的舌头，好吗？\n\n认真的吗？""赤膊熊""？这就是你的笑话？你真的觉得这很好笑？准备受死吧！","우랄로스는 전투에서 자신의 힘을 강화하기 위해 동족과의 협력의 힘에 의존합니다. 또한 그들은 곰 농담을 매우 싫어하니, 말조심하시겠어요?\n\n정말요? ""곰벌거숭이""? 그게 당신의 농담인가요? 정말로 그게 재미있다고 생각하시나요? 죽을 준비나 하세요!","Uralosi polegają na sile współpracy ze swoimi pobratymcami, aby wzmocnić swoją moc w walce. Nie znoszą też żartów o niedźwiedziach, więc uważaj na język, dobrze?\n\nSerio? ""Niedźwiedzia przysługa""? To twój żart? Naprawdę uważasz to za zabawne? Szykuj się na śmierć!","Уралоси покладаються на силу співпраці зі своїми родичами, щоб посилити свою міць у бою. Вони також ненавидять жарти про ведмедів, тож стежте за своїм язиком, добре?\n\nСерйозно? ""Ведмідь голий""? Це твій жарт? Ти справді вважаєш це смішним? Готуйся до смерті!","Uraloses vertrouwen op de kracht van samenwerking met hun soortgenoten om hun macht in de strijd te versterken. Ze hebben ook een hekel aan berengrapjes, dus let op je woorden, wil je?\n\nSerieus? ""Beer bloot""? Dat is je grap? Vind je dat echt grappig? Bereid je voor om te sterven!","Uraloses, savaştaki güçlerini artırmak için akrabalarıyla işbirliğinin gücüne güvenirler. Ayrıca ayı şakalarından nefret ederler, bu yüzden dilini tutacak mısın?\n\nCidden mi? ""Ayı çıplak""? Bu mu senin şakan? Bunu gerçekten komik mi buluyorsun? Ölmeye hazırlan!"
L_MASTER_DIALOG_WARHOG,,"Warhogs afflict their unfortunate foes with all manner of deadly ailments. Then, they use their opponent's ailments to grow more powerful and ensure an easy victory. Prepare yourself!",ウォーホッグは不運な敵に様々な致命的な病気を与える。そして、相手の病気を利用して自らの力を高め、容易な勝利を確実にする。覚悟しろ！,"Kriegseber plagen ihre unglücklichen Gegner mit allerlei tödlichen Leiden. Dann nutzen sie die Gebrechen ihrer Widersacher, um stärker zu werden und sich einen leichten Sieg zu sichern. Mach dich bereit!","Les Sangliers de guerre affligent leurs malheureux adversaires de toutes sortes de maux mortels. Ensuite, ils utilisent les afflictions de leurs opposants pour devenir plus puissants et s'assurer une victoire facile. Préparez-vous !","Los Jabalíes de Guerra afligen a sus desafortunados enemigos con todo tipo de dolencias mortales. Luego, utilizan las dolencias de sus oponentes para volverse más poderosos y asegurar una victoria fácil. ¡Prepárate!","Os Javalis de Guerra afligem seus infelizes inimigos com todos os tipos de doenças mortais. Então, eles usam as aflições de seus oponentes para se tornarem mais poderosos e garantir uma vitória fácil. Prepare-se!","Боевые кабаны поражают своих несчастных противников всевозможными смертельными недугами. Затем они используют болезни своих оппонентов, чтобы стать сильнее и обеспечить себе легкую победу. Приготовься!","I maiali da guerra affliggono i loro sfortunati nemici con ogni tipo di letali malanni. Poi, usano i malanni dei loro avversari per diventare più potenti e assicurarsi una facile vittoria. Preparati!",戰豬會讓不幸的敵人遭受各種致命的疾病。然後，他們利用對手的疾病來增強自己的力量，確保輕鬆獲勝。做好準備吧！,战猪会给不幸的敌人施加各种致命的疾病。然后，它们利用对手的疾病变得更加强大，确保轻松获胜。做好准备吧！,"워호그는 불운한 적들에게 온갖 종류의 치명적인 질병을 가합니다. 그런 다음, 상대방의 질병을 이용하여 더 강해지고 쉬운 승리를 보장합니다. 준비하십시오!","Wojenne Wieprze dręczą swoich nieszczęsnych wrogów wszelkiego rodzaju śmiertelnymi dolegliwościami. Następnie wykorzystują dolegliwości przeciwnika, aby stać się silniejszymi i zapewnić sobie łatwe zwycięstwo. Przygotuj się!","Бойові кабани вражають своїх нещасних ворогів усілякими смертельними недугами. Потім вони використовують хвороби супротивника, щоб стати сильнішими та забезпечити собі легку перемогу. Приготуйся!",Krijgszwijnen teisteren hun ongelukkige vijanden met allerlei dodelijke kwalen. Vervolgens gebruiken ze de kwalen van hun tegenstander om sterker te worden en een gemakkelijke overwinning te verzekeren. Bereid je voor!,"Savaş Domuzları, talihsiz düşmanlarını her türlü ölümcül rahatsızlıkla musallat ederler. Ardından, rakiplerinin rahatsızlıklarını kullanarak daha güçlü hale gelir ve kolay bir zafer elde ederler. Hazırlan!"
L_MASTER_DIALOG_GODSPAWN,,"Ah, it's good to see you again, old friend!\n\nHow about a duel for old time's sake? No need to hold back - I want to see how strong you've grown since we last fought!",ああ、また会えて嬉しいよ、旧友！\n\n昔を思い出して一戦交えないか？遠慮はいらない――前回の戦い以来、お前がどれだけ強くなったか見せてもらいたい！,"Ah, es ist gut, dich wiederzusehen, alter Freund!\n\nWie wäre es mit einem Duell der alten Zeiten wegen? Du brauchst dich nicht zurückzuhalten - ich will sehen, wie stark du geworden bist, seit wir das letzte Mal gekämpft haben!","Ah, c'est bon de te revoir, vieil ami !\n\nQue dirais-tu d'un duel pour le bon vieux temps ? Pas besoin de te retenir - je veux voir à quel point tu es devenu fort depuis notre dernier combat !","Ah, ¡qué bueno verte de nuevo, viejo amigo!\n\n¿Qué tal un duelo por los viejos tiempos? No necesitas contenerte - ¡quiero ver cuánto has crecido en fuerza desde la última vez que luchamos!","Ah, é bom ver você novamente, velho amigo!\n\nQue tal um duelo pelos velhos tempos? Não precisa se conter - quero ver o quanto você ficou mais forte desde a última vez que lutamos!","А, рад снова видеть тебя, старый друг!\n\nКак насчёт дуэли ради старых добрых времён? Не сдерживайся - я хочу увидеть, насколько сильнее ты стал с нашего последнего боя!","Ah, è bello rivederti, vecchio amico!\n\nChe ne dici di un duello per i vecchi tempi? Non serve trattenerti - voglio vedere quanto sei diventato forte dall'ultima volta che abbiamo combattuto!",啊，很高興再次見到你，老朋友！\n\n為了紀念過去，來場決鬥如何？不必留手——我想看看自從我們上次交手以來，你變得有多強！,啊，很高兴再次见到你，老朋友！\n\n为了纪念过去的时光，来一场决斗如何？不必留手——我想看看自从我们上次交手以来，你变得有多强！,"아, 오랜 친구를 다시 만나니 반갑군!\n\n옛날 생각도 할 겸 한 판 붙어볼까? 힘 빼지 말고 - 우리가 마지막으로 싸운 이후로 얼마나 강해졌는지 보고 싶어!","Ach, dobrze cię znowu widzieć, stary przyjacielu!\n\nCo powiesz na pojedynek dla uczczenia dawnych czasów? Nie musisz się powstrzymywać - chcę zobaczyć, jak bardzo wzmocniłeś się od naszej ostatniej walki!","А, радий знову тебе бачити, старий друже!\n\nЯк щодо дуелі заради старих часів? Не стримуйся - я хочу побачити, наскільки сильнішим ти став відтоді, як ми востаннє билися!","Ah, goed om je weer te zien, oude vriend!\n\nWat dacht je van een duel voor de goede oude tijd? Je hoeft je niet in te houden - ik wil zien hoe sterk je bent geworden sinds we voor het laatst vochten!","Ah, seni tekrar görmek ne güzel, eski dostum!\n\nEski günlerin hatırına bir düello yapalım mı? Kendini tutmana gerek yok - en son dövüştüğümüzden beri ne kadar güçlendiğini görmek istiyorum!"
L_MASTER_DIALOG_CALUMNIER,,"Calumniers are strategic fighters with scales harder than forged steel. When they work together, they're practically invincible! Their elegant yet deadly fighting style has earned them respect across all of Rodia. You'll soon learn why my Calumniers are feared in battle - their scales gleam brightest when covered in enemy blood!",カラムニアは鍛えられた鋼よりも硬い鱗を持つ戦略的な戦士だ。彼らが協力して戦うとき、彼らは事実上無敵となる！彼らの優雅かつ致命的な戦闘スタイルは、ロディア全土で尊敬を集めている。なぜ私のカラムニアが戦場で恐れられているのかすぐに分かるだろう――敵の血に覆われたとき、彼らの鱗は最も鮮やかに輝くのだ！,"Calumniers sind strategische Kämpfer mit Schuppen, die härter als geschmiedeter Stahl sind. Wenn sie zusammenarbeiten, sind sie praktisch unbesiegbar! Ihr eleganter und dennoch tödlicher Kampfstil hat ihnen Respekt in ganz Rodia eingebracht. Du wirst bald erfahren, warum meine Calumniers im Kampf gefürchtet sind - ihre Schuppen glänzen am hellsten, wenn sie mit Feindesblut bedeckt sind!","Les Calumniers sont des combattants stratégiques aux écailles plus dures que l'acier forgé. Lorsqu'ils travaillent ensemble, ils sont pratiquement invincibles ! Leur style de combat élégant mais mortel leur a valu le respect dans tout Rodia. Vous comprendrez bientôt pourquoi mes Calumniers sont redoutés au combat - leurs écailles brillent le plus intensément quand elles sont couvertes du sang ennemi !","Los Calumniers son luchadores estratégicos con escamas más duras que el acero forjado. ¡Cuando trabajan juntos, son prácticamente invencibles! Su estilo de lucha elegante pero letal les ha ganado respeto en todo Rodia. ¡Pronto aprenderás por qué mis Calumniers son temidos en batalla - sus escamas brillan con más intensidad cuando están cubiertas de sangre enemiga!","Os Caluniadores são lutadores estratégicos com escamas mais duras que o aço forjado. Quando trabalham juntos, são praticamente invencíveis! Seu estilo de luta elegante, porém mortal, conquistou respeito em toda Rodia. Logo você aprenderá por que meus Caluniadores são temidos em batalha - suas escamas brilham mais intensamente quando cobertas com o sangue inimigo!","Клеветники — стратегические бойцы с чешуей тверже кованой стали. Когда они работают вместе, они практически непобедимы! Их элегантный, но смертоносный боевой стиль заслужил уважение по всей Родии. Вы скоро узнаете, почему моих Клеветников боятся в бою — их чешуя сияет ярче всего, когда покрыта вражеской кровью!","I Calumnieri sono combattenti strategici con scaglie più dure dell'acciaio forgiato. Quando lavorano insieme, sono praticamente invincibili! Il loro stile di combattimento elegante ma letale ha fatto guadagnare loro rispetto in tutta Rodia. Presto scoprirai perché i miei Calumnieri sono temuti in battaglia - le loro scaglie brillano più intensamente quando sono coperte di sangue nemico!",誹謗者是戰略型戰士，其鱗片比鍛造鋼鐵還要堅硬。當他們一起作戰時，簡直無人能敵！他們優雅卻致命的戰鬥風格贏得了整個羅迪亞的尊敬。你很快就會明白為何我的誹謗者在戰場上令人畏懼——當沾滿敵人鮮血時，他們的鱗片閃耀得最為璀璨！,诽谤者是战略型战士，鳞片比锻造钢铁还要坚硬。当他们协同作战时，简直所向无敌！他们优雅而致命的战斗风格赢得了整个罗迪亚的尊敬。你很快就会明白为什么我的诽谤者在战场上令人畏惧——当沾满敌人鲜血时，他们的鳞片闪耀得最为夺目！,칼럼니어는 단조된 강철보다 더 단단한 비늘을 가진 전략적 전사들입니다. 그들이 함께 싸울 때는 사실상 무적입니다! 그들의 우아하면서도 치명적인 전투 스타일은 로디아 전역에서 존경을 받고 있습니다. 곧 내 칼럼니어들이 전장에서 왜 두려움의 대상인지 알게 될 것입니다 - 적의 피로 덮일 때 그들의 비늘은 가장 밝게 빛납니다!,"Kalumnierzy to strategiczni wojownicy o łuskach twardszych niż kute żelazo. Gdy współpracują, są praktycznie niepokonani! Ich elegancki, a zarazem śmiercionośny styl walki zdobył im szacunek w całej Rodii. Wkrótce przekonasz się, dlaczego moi Kalumnierzy budzą strach na polu bitwy - ich łuski lśnią najjaśniej, gdy pokrywa je krew wroga!","Наклепники - це стратегічні бійці з лускою, твердішою за кований сталь. Коли вони працюють разом, вони практично непереможні! Їхній елегантний, але смертоносний бойовий стиль заслужив повагу по всій Родії. Ви скоро дізнаєтесь, чому моїх Наклепників бояться в бою - їхня луска сяє найяскравіше, коли вкрита ворожою кров'ю!","Calumniers zijn strategische strijders met schubben harder dan gesmeed staal. Wanneer ze samenwerken, zijn ze praktisch onoverwinnelijk! Hun elegante maar dodelijke vechtstijl heeft hen respect opgeleverd in heel Rodia. Je zult snel ontdekken waarom mijn Calumniers gevreesd worden in de strijd - hun schubben glimmen het felst wanneer ze bedekt zijn met vijandelijk bloed!","Calumnierler, dövme çelikten daha sert pulları olan stratejik savaşçılardır. Birlikte çalıştıklarında, neredeyse yenilmezdirler! Zarif ama ölümcül savaş stilleri, tüm Rodia'da saygı kazanmalarını sağlamıştır. Calumnierlerimin savaşta neden korkulduğunu yakında öğreneceksin - pulları düşman kanıyla kaplandığında en parlak şekilde parlarlar!"
L_MASTER_DIALOG_CATACLYSM,,"Cataclysms are living embodiments of elemental destruction. They harness forces that could end worlds, containing them within their swirling forms. As a Master of Cataclysms, I've learned to channel their chaotic energies. The secrets of the universe flow through them - and through me! Care to witness the storm that ends worlds?",カタクリズムは元素的破壊の生きた化身だ。彼らは世界を終わらせる力を持ち、それを渦巻く姿の中に封じ込めている。カタクリズムの達人として、私はその混沌のエネルギーを操ることを学んだ。宇宙の秘密は彼らを通して流れ、そして私を通しても！世界を終わらせる嵐を目撃してみるかい？,"Kataklismen sind lebendige Verkörperungen elementarer Zerstörung. Sie bändigen Kräfte, die Welten vernichten könnten, und halten sie in ihren wirbelnden Formen gefangen. Als Meister der Kataklismen habe ich gelernt, ihre chaotischen Energien zu kanalisieren. Die Geheimnisse des Universums fließen durch sie - und durch mich! Möchtest du den Sturm erleben, der Welten beendet?","Les Cataclysmes sont des incarnations vivantes de la destruction élémentaire. Ils maîtrisent des forces qui pourraient anéantir des mondes, les contenant dans leurs formes tourbillonnantes. En tant que Maître des Cataclysmes, j'ai appris à canaliser leurs énergies chaotiques. Les secrets de l'univers s'écoulent à travers eux - et à travers moi ! Voulez-vous être témoin de la tempête qui met fin aux mondes ?","Los Cataclismos son encarnaciones vivientes de la destrucción elemental. Canalizan fuerzas que podrían acabar con mundos, conteniéndolas dentro de sus formas arremolinadas. Como Maestro de Cataclismos, he aprendido a canalizar sus energías caóticas. ¡Los secretos del universo fluyen a través de ellos, y a través de mí! ¿Te gustaría presenciar la tormenta que acaba con mundos?","Cataclismos são encarnações vivas da destruição elemental. Eles dominam forças que poderiam acabar com mundos, contendo-as dentro de suas formas turbilhonantes. Como um Mestre dos Cataclismos, aprendi a canalizar suas energias caóticas. Os segredos do universo fluem através deles - e através de mim! Gostaria de testemunhar a tempestade que põe fim aos mundos?","Катаклизмы — живые воплощения стихийного разрушения. Они обуздывают силы, способные уничтожить миры, заключая их в своих вихревых формах. Как Повелитель Катаклизмов, я научился направлять их хаотические энергии. Тайны вселенной текут через них — и через меня! Хочешь увидеть бурю, что положит конец мирам?","I cataclismi sono incarnazioni viventi della distruzione elementale. Imbrigliano forze che potrebbero distruggere mondi, contenendole nelle loro forme vorticose. Come Maestro dei Cataclismi, ho imparato a incanalare le loro energie caotiche. I segreti dell'universo fluiscono attraverso di loro - e attraverso di me! Vuoi assistere alla tempesta che pone fine ai mondi?",大災變是元素毀滅的活體化身。它們掌握著足以終結世界的力量，將其包含在旋轉的形態之中。作為大災變的主宰者，我已學會引導它們的混沌能量。宇宙的奧秘流經它們——也流經我！想見證終結世界的風暴嗎？,灾变是元素毁灭的生命化身。它们掌控着足以毁灭世界的力量，将其包含在旋转的形态中。作为灾变大师，我已学会引导它们的混沌能量。宇宙的奥秘通过它们流动——也通过我！想见证终结世界的风暴吗？,"대격변은 원소적 파괴의 살아있는 화신입니다. 그들은 세계를 끝낼 수 있는 힘을 다루며, 그것을 소용돌이치는 형태 안에 담고 있습니다. 대격변의 마스터로서, 저는 그들의 혼돈의 에너지를 다루는 법을 배웠습니다. 우주의 비밀이 그들을 통해 흐르고 - 저를 통해서도 흐릅니다! 세계를 끝내는 폭풍을 목격하고 싶으신가요?","Kataklizmy są żywymi wcieleniami żywiołowego zniszczenia. Ujarzmiają siły, które mogłyby zakończyć istnienie światów, zawierając je w swoich wirujących formach. Jako Mistrz Kataklizmów, nauczyłem się kierować ich chaotycznymi energiami. Sekrety wszechświata przepływają przez nie - i przeze mnie! Chcesz być świadkiem burzy, która kończy światy?","Катаклізми - це живі втілення стихійного руйнування. Вони приборкують сили, здатні знищити світи, утримуючи їх у своїх вируючих формах. Як Майстер Катаклізмів, я навчився направляти їхні хаотичні енергії. Таємниці всесвіту течуть крізь них - і крізь мене! Бажаєш побачити бурю, що знищує світи?","Cataclysmen zijn levende belichamingen van elementaire vernietiging. Ze beheersen krachten die werelden kunnen vernietigen, en houden deze binnen hun wervelende vormen. Als Meester der Cataclysmen heb ik geleerd hun chaotische energieën te kanaliseren. De geheimen van het universum stromen door hen heen - en door mij! Wil je getuige zijn van de storm die werelden beëindigt?","Kataklizmalar, elementsel yıkımın canlı tezahürleridir. Dünyaları sona erdirebilecek güçleri kontrol eder, onları kendi burgaçlı formları içinde tutarlar. Bir Kataklizma Ustası olarak, onların kaotik enerjilerini yönlendirmeyi öğrendim. Evrenin sırları onların içinden - ve benim içimden akar! Dünyaları sona erdiren fırtınaya tanık olmak ister misin?"
L_MASTER_DIALOG_EFFIGY,,"Effigies are masters of sympathetic magic - what happens to the doll happens to you! Every pin, every needle, every tiny stitch connects directly to your creatures' pain centers. My collection of voodoo dolls has grown quite impressive, but I always have room for more. Allow me to demonstrate the exquisite agony my Effigies can inflict!",エフィジーは共感魔法の達人だ――人形に起こることがあなたに起こるのだ！ 全てのピン、全ての針、全ての小さな縫い目が、あなたの生き物の痛覚中枢に直接つながっている。私のブードゥー人形コレクションはかなり見事なものになったが、まだまだ増やす余地はある。私のエフィジーがもたらす絶妙な苦痛をお見せしよう！,"Effigies sind Meister der sympathetischen Magie - was der Puppe widerfährt, widerfährt auch dir! Jede Nadel, jeder Stich, jede winzige Naht verbindet sich direkt mit den Schmerzzentren deiner Kreaturen. Meine Sammlung von Voodoo-Puppen ist recht beeindruckend geworden, aber ich habe immer Platz für mehr. Lass mich die exquisite Qual demonstrieren, die meine Effigies zufügen können!","Les Effigies sont des maîtres de la magie sympathique - ce qui arrive à la poupée vous arrive à vous ! Chaque épingle, chaque aiguille, chaque petite couture se connecte directement aux centres de douleur de vos créatures. Ma collection de poupées vaudou est devenue assez impressionnante, mais j'ai toujours de la place pour plus. Permettez-moi de vous démontrer l'exquise agonie que mes Effigies peuvent infliger !","Los Efigies son maestros de la magia simpática: ¡lo que le sucede a la muñeca te sucede a ti! Cada alfiler, cada aguja, cada pequeña puntada se conecta directamente a los centros de dolor de tus criaturas. Mi colección de muñecos vudú ha crecido bastante impresionante, pero siempre tengo espacio para más. ¡Permíteme demostrarte la exquisita agonía que mis Efigies pueden infligir!","Efígies são mestres da magia simpática - o que acontece com a boneca acontece com você! Cada alfinete, cada agulha, cada pequeno ponto conecta-se diretamente aos centros de dor das suas criaturas. Minha coleção de bonecos de vodu cresceu de forma bastante impressionante, mas sempre tenho espaço para mais. Permita-me demonstrar a agonia requintada que minhas Efígies podem infligir!","Эффигии - мастера симпатической магии - что происходит с куклой, происходит и с вами! Каждая булавка, каждая игла, каждый крошечный стежок напрямую соединяется с болевыми центрами ваших существ. Моя коллекция кукол вуду стала весьма впечатляющей, но у меня всегда есть место для новых. Позвольте мне продемонстрировать изысканную агонию, которую могут причинить мои Эффигии!","Gli Effigi sono maestri della magia simpatica - ciò che accade alla bambola accade a te! Ogni spillo, ogni ago, ogni minuscolo punto collega direttamente ai centri del dolore delle tue creature. La mia collezione di bambole voodoo è diventata piuttosto impressionante, ma ho sempre spazio per altre. Permettimi di dimostrarti lo squisito tormento che i miei Effigi possono infliggere!",替身人偶是交感魔法的大師——人偶所遭受的一切都會發生在你身上！每一根針，每一次縫合，都直接連接到你生物的痛覺中樞。我的巫毒娃娃收藏已經相當可觀，但我總是有空間容納更多。讓我來展示我的替身人偶能夠施加的精緻痛苦吧！,傀儡师是共感魔法的大师——人偶遭遇的一切都会发生在你身上！每一根针，每一次刺入，每一个微小的缝线都直接连接到你生物的痛觉中枢。我的巫毒娃娃收藏已经相当可观，但我总是有空间容纳更多。让我来展示一下我的傀儡能够施加的精致痛苦吧！,"인형사들은 교감 마법의 대가입니다 - 인형에게 일어나는 일이 당신에게도 일어납니다! 모든 핀, 모든 바늘, 모든 작은 바느질이 당신 생물의 고통 중추와 직접 연결됩니다. 내 부두 인형 컬렉션은 꽤 인상적으로 성장했지만, 항상 더 많은 공간이 있습니다. 내 인형사들이 가할 수 있는 극심한 고통을 보여드리겠습니다!","Effigie są mistrzami magii sympatycznej - co dzieje się z lalką, dzieje się z tobą! Każda szpilka, każda igła, każdy maleńki ścieg łączy się bezpośrednio z centrami bólu twoich stworzeń. Moja kolekcja lalek voodoo stała się całkiem imponująca, ale zawsze mam miejsce na więcej. Pozwól, że zademonstruję wyrafinowaną agonię, jaką moje Effigie mogą zadać!","Ефігії - майстри симпатичної магії - що відбувається з лялькою, відбувається з вами! Кожна шпилька, кожна голка, кожен крихітний стібок з'єднується безпосередньо з центрами болю ваших істот. Моя колекція ляльок вуду стала досить вражаючою, але я завжди маю місце для більшого. Дозвольте мені продемонструвати вишуканий біль, який можуть заподіяти мої Ефігії!","Effigies zijn meesters in sympathische magie - wat met de pop gebeurt, gebeurt met jou! Elke speld, elke naald, elke kleine steek maakt direct verbinding met de pijncentra van je wezens. Mijn verzameling voodoo-poppen is behoorlijk indrukwekkend geworden, maar ik heb altijd ruimte voor meer. Laat me de voortreffelijke foltering demonstreren die mijn Effigies kunnen toebrengen!","Efigiler sempatik büyünün ustalarıdır - bebeğe ne olursa, sana da o olur! Her iğne, her toplu iğne, her küçük dikiş doğrudan yaratıklarının acı merkezlerine bağlanır. Voodoo bebek koleksiyonum oldukça etkileyici hale geldi, ama her zaman daha fazlasına yer var. İzin ver de Efigilerimin verebileceği o muhteşem ızdırabı sana göstereyim!"
L_MASTER_DIALOG_EGGXOTIC,,"Don't let their fragile appearance fool you - Eggxotics are full of surprises! Those shells are tougher than they look, and what hatches from inside can be... unpredictable. My Eggxotics work together in perfect harmony, rolling and bouncing in formations that will leave your creatures dizzy and confused. Ready to crack under the pressure?",彼らの壊れやすい外見に騙されないで - エッグゾティックスは驚きでいっぱいです！あの殻は見た目よりも頑丈で、中から孵るものは...予測不能です。私のエッグゾティックスは完璧な調和で協力し、あなたの生き物を目まいや混乱に陥れる隊形で転がり跳ねます。プレッシャーに押しつぶされる準備はできていますか？,"Lass dich nicht von ihrem zerbrechlichen Aussehen täuschen - Eggxotics stecken voller Überraschungen! Diese Schalen sind härter als sie aussehen, und was aus ihnen schlüpft, kann... unberechenbar sein. Meine Eggxotics arbeiten in perfekter Harmonie zusammen, rollen und hüpfen in Formationen, die deine Kreaturen schwindelig und verwirrt zurücklassen. Bereit, unter dem Druck zu zerbrechen?","Ne vous laissez pas tromper par leur apparence fragile - les Eggxotics sont pleins de surprises ! Ces coquilles sont plus résistantes qu'elles n'en ont l'air, et ce qui éclot à l'intérieur peut être... imprévisible. Mes Eggxotics travaillent ensemble en parfaite harmonie, roulant et rebondissant en formations qui laisseront vos créatures étourdies et confuses. Prêt à craquer sous la pression ?","No dejes que su apariencia frágil te engañe - ¡los Eggxotics están llenos de sorpresas! Esas cáscaras son más resistentes de lo que parecen, y lo que eclosiona de su interior puede ser... impredecible. Mis Eggxotics trabajan juntos en perfecta armonía, rodando y rebotando en formaciones que dejarán a tus criaturas mareadas y confundidas. ¿Listo para quebrarte bajo la presión?","Não se deixe enganar pela aparência frágil deles - os Eggxotics estão cheios de surpresas! Aquelas cascas são mais resistentes do que parecem, e o que eclode de dentro pode ser... imprevisível. Meus Eggxotics trabalham juntos em perfeita harmonia, rolando e saltando em formações que deixarão suas criaturas tontas e confusas. Pronto para quebrar sob pressão?","Не позволяйте их хрупкому виду обмануть вас - Яйцотики полны сюрпризов! Эти скорлупы прочнее, чем кажутся, а то, что вылупляется изнутри, может быть... непредсказуемым. Мои Яйцотики работают вместе в идеальной гармонии, катаясь и подпрыгивая в построениях, которые оставят ваших существ в головокружении и замешательстве. Готовы сломаться под давлением?","Non lasciarti ingannare dal loro aspetto fragile - gli Eggxotic sono pieni di sorprese! Quei gusci sono più resistenti di quanto sembrino, e ciò che si schiude all'interno può essere... imprevedibile. I miei Eggxotic lavorano insieme in perfetta armonia, rotolando e rimbalzando in formazioni che lasceranno le tue creature stordite e confuse. Pronto a cedere sotto pressione?",別被牠們脆弱的外表所欺騙——異域蛋充滿了驚喜！那些蛋殼比看起來更堅固，而從裡面孵化出來的東西可能會……難以預料。我的異域蛋們完美協調地一起工作，以滾動和彈跳的陣型讓你的生物暈頭轉向、困惑不已。準備好在壓力下崩潰了嗎？,别被它们脆弱的外表所欺骗——奇异蛋充满了惊喜！那些壳比看起来要坚硬得多，而从里面孵化出来的东西可能会...难以预测。我的奇异蛋们完美协作，滚动和弹跳形成的阵型会让你的生物眩晕和困惑。准备好在压力下崩溃了吗？,"그들의 연약한 외관에 속지 마세요 - 에그조틱은 놀라움으로 가득합니다! 그 껍질은 보기보다 단단하고, 안에서 부화하는 것은... 예측할 수 없죠. 내 에그조틱들은 완벽한 조화 속에서 함께 일하며, 당신의 생물들을 어지럽고 혼란스럽게 만드는 대형으로 굴러가고 튀어오릅니다. 압박감에 무너질 준비 되셨나요?","Nie daj się zwieść ich kruchemu wyglądowi - Eggxotiki są pełne niespodzianek! Te skorupki są twardsze, niż się wydają, a to, co się z nich wykluwa, może być... nieprzewidywalne. Moje Eggxotiki współpracują w idealnej harmonii, tocząc się i odbijając w formacjach, które sprawią, że twoje stworzenia będą oszołomione i zdezorientowane. Gotowy, by pęknąć pod presją?","Не дайте їхньому крихкому вигляду обманути вас - Яйцезотики повні сюрпризів! Ті шкаралупи міцніші, ніж здаються, а те, що вилуплюється зсередини, може бути... непередбачуваним. Мої Яйцезотики працюють разом у ідеальній гармонії, котяться і стрибають у формаціях, які залишать ваших істот запамороченими та спантеличеними. Готові зламатися під тиском?","Laat je niet misleiden door hun breekbare uiterlijk - Eggxotics zitten vol verrassingen! Die schalen zijn taaier dan ze lijken, en wat er van binnen uitkomt kan... onvoorspelbaar zijn. Mijn Eggxotics werken samen in perfecte harmonie, rollend en stuiterend in formaties die je wezens duizelig en verward achterlaten. Klaar om te bezwijken onder de druk?","Kırılgan görünüşlerine aldanmayın - Eggxoticler sürprizlerle doludur! Bu kabuklar göründüğünden daha dayanıklıdır ve içlerinden çıkan şey... tahmin edilemez olabilir. Eggxoticlerim mükemmel bir uyum içinde birlikte çalışır, yaratıklarınızı sersemletecek ve kafalarını karıştıracak formasyonlarda yuvarlanır ve zıplarlar. Baskı altında çatlamaya hazır mısınız?"
L_MASTER_DIALOG_LUCANIAN,,"Lucanians carry the ancient wisdom and power of dragons in their veins! Their scales can withstand the fiercest attacks, and their draconic breath can reduce opponents to cinders in seconds. I've spent years earning the respect of these noble creatures, and now their flames burn for my glory. Prepare to feel the heat of my Lucanian legion!",ルカニア人は古代の竜の知恵と力を血管に宿している！彼らの鱗は最も激しい攻撃にも耐え、彼らの竜の息吹は敵を一瞬で灰にすることができる。私はこれらの高貴な生き物たちの尊敬を得るために何年も費やしてきた。そして今、彼らの炎は私の栄光のために燃え上がる。私のルカニア軍団の熱さを味わう準備をしろ！,"Die Lucanianer tragen die uralte Weisheit und Macht der Drachen in ihren Adern! Ihre Schuppen können den heftigsten Angriffen standhalten, und ihr drakonischer Atem kann Gegner binnen Sekunden zu Asche reduzieren. Ich habe Jahre damit verbracht, den Respekt dieser edlen Kreaturen zu verdienen, und nun brennen ihre Flammen für meinen Ruhm. Bereite dich darauf vor, die Hitze meiner lucanischen Legion zu spüren!","Les Lucaniens portent dans leurs veines la sagesse et la puissance ancestrales des dragons ! Leurs écailles peuvent résister aux attaques les plus féroces, et leur souffle draconique peut réduire leurs adversaires en cendres en quelques secondes. J'ai passé des années à gagner le respect de ces nobles créatures, et maintenant leurs flammes brûlent pour ma gloire. Préparez-vous à ressentir la chaleur de ma légion Lucanienne !","Los lucanianos llevan en sus venas la antigua sabiduría y poder de los dragones. Sus escamas pueden resistir los ataques más feroces, y su aliento dracónico puede reducir a los oponentes a cenizas en segundos. He pasado años ganándome el respeto de estas nobles criaturas, y ahora sus llamas arden por mi gloria. ¡Prepárate para sentir el calor de mi legión lucaniana!","Os Lucanianos carregam a antiga sabedoria e poder dos dragões em suas veias! Suas escamas podem resistir aos ataques mais ferozes, e seu sopro dracônico pode reduzir oponentes a cinzas em segundos. Passei anos conquistando o respeito dessas criaturas nobres, e agora suas chamas queimam pela minha glória. Prepare-se para sentir o calor da minha legião Lucaniana!","Луканцы несут в своих венах древнюю мудрость и силу драконов! Их чешуя может выдержать самые яростные атаки, а их драконье дыхание может превратить противников в пепел за считанные секунды. Я потратил годы, чтобы заслужить уважение этих благородных существ, и теперь их пламя горит для моей славы. Готовься ощутить жар моего луканского легиона!","I Lucaniani portano nelle loro vene l'antica saggezza e il potere dei draghi! Le loro squame possono resistere agli attacchi più feroci, e il loro respiro draconico può ridurre gli avversari in cenere in pochi secondi. Ho trascorso anni guadagnandomi il rispetto di queste nobili creature, e ora le loro fiamme ardono per la mia gloria. Preparati a sentire il calore della mia legione Lucaniana!",盧卡尼亞人的血脈中流淌著龍族的古老智慧與力量！他們的鱗片能抵禦最猛烈的攻擊，而他們的龍息能在瞬間將對手化為灰燼。我花了數年時間贏得這些高貴生物的尊重，如今他們的烈焰為我的榮耀而燃燒。準備好感受我的盧卡尼亞軍團的熱浪吧！,卢卡尼亚的血脉中流淌着古老的龙之智慧与力量！他们的鳞片能抵御最猛烈的攻击，而他们的龙息能在瞬间将对手化为灰烬。我花了数年时间赢得这些高贵生物的尊重，如今他们的烈焰为我的荣耀而燃烧。准备好感受我的卢卡尼亚军团的热浪吧！,"루카니안들은 그들의 혈관 속에 고대 용의 지혜와 힘을 품고 있다! 그들의 비늘은 가장 맹렬한 공격도 견뎌낼 수 있으며, 그들의 용의 숨결은 순식간에 적을 잿더미로 만들 수 있다. 나는 이 고귀한 생물들의 존경을 얻기 위해 수년을 보냈고, 이제 그들의 불꽃은 나의 영광을 위해 타오른다. 내 루카니안 군단의 열기를 느낄 준비를 하라!","Lukanianie noszą w żyłach starożytną mądrość i moc smoków! Ich łuski mogą wytrzymać najzacieklejsze ataki, a ich smoczy oddech może w kilka sekund obrócić przeciwników w popiół. Spędziłem lata zdobywając szacunek tych szlachetnych stworzeń, a teraz ich płomienie płoną na moją chwałę. Przygotuj się, by poczuć żar mojego lukańskiego legionu!","Луканці несуть у своїх жилах древню мудрість і силу драконів! Їхня луска може витримати найлютіші атаки, а їхній драконячий подих може перетворити супротивників на попіл за секунди. Я провів роки, заслуговуючи повагу цих благородних створінь, і тепер їхнє полум'я горить заради моєї слави. Готуйтеся відчути жар мого луканського легіону!","Lucaniërs dragen de oude wijsheid en kracht van draken in hun aderen! Hun schubben kunnen de felste aanvallen weerstaan, en hun drakenademtocht kan tegenstanders in seconden tot as reduceren. Ik heb jaren besteed aan het verdienen van het respect van deze nobele wezens, en nu branden hun vlammen voor mijn glorie. Bereid je voor om de hitte van mijn Lucaniaanse legioen te voelen!",Lucanianlar damarlarında ejderhaların kadim bilgeliğini ve gücünü taşırlar! Pulları en şiddetli saldırılara dayanabilir ve ejderha nefesleri rakipleri saniyeler içinde küle çevirebilir. Bu asil yaratıkların saygısını kazanmak için yıllarca çaba harcadım ve şimdi onların alevleri benim şanım için yanıyor. Lucanian lejyonumun sıcaklığını hissetmeye hazır ol!
L_MASTER_DIALOG_MARIONETTE,,"Marionettes may seem like mere puppets, but the strings that control them connect to powers beyond your understanding! They dance between life and death with uncanny grace, and their painted smiles hide deadly intent. My Marionettes move to my rhythm, and today, they'll dance your creatures right into their graves!",操り人形は単なる人形のように見えるかもしれないが、彼らを操る糸はあなたの理解を超えた力とつながっているのだ！彼らは不気味な優雅さで生と死の間を舞い、その塗られた笑顔は致命的な意図を隠している。私の操り人形は私のリズムに合わせて動き、今日、彼らはあなたの生き物たちを墓場へと踊らせるだろう！,"Marionetten mögen wie bloße Puppen erscheinen, aber die Fäden, die sie kontrollieren, verbinden sich mit Mächten jenseits deines Verständnisses! Sie tanzen zwischen Leben und Tod mit unheimlicher Anmut, und ihre aufgemalten Lächeln verbergen tödliche Absichten. Meine Marionetten bewegen sich nach meinem Rhythmus, und heute werden sie deine Kreaturen direkt in ihre Gräber tanzen lassen!","Les Marionnettes peuvent sembler n'être que de simples pantins, mais les fils qui les contrôlent sont reliés à des pouvoirs au-delà de votre compréhension ! Elles dansent entre la vie et la mort avec une grâce inquiétante, et leurs sourires peints dissimulent des intentions meurtrières. Mes Marionnettes se déplacent à mon rythme, et aujourd'hui, elles feront danser vos créatures jusqu'à la tombe !","Las marionetas pueden parecer simples títeres, pero los hilos que las controlan conectan con poderes más allá de tu comprensión. Bailan entre la vida y la muerte con una gracia sobrenatural, y sus sonrisas pintadas ocultan intenciones letales. Mis marionetas se mueven a mi ritmo, y hoy, ¡harán bailar a tus criaturas directamente hacia sus tumbas!","Marionetes podem parecer meros bonecos, mas os fios que os controlam se conectam a poderes além da sua compreensão! Eles dançam entre a vida e a morte com uma graça sobrenatural, e seus sorrisos pintados escondem intenções mortais. Minhas Marionetes se movem ao meu ritmo e, hoje, elas farão suas criaturas dançarem direto para seus túmulos!","Марионетки могут казаться простыми куклами, но нити, которые ими управляют, связаны с силами за пределами вашего понимания! Они танцуют между жизнью и смертью с жуткой грацией, а их нарисованные улыбки скрывают смертоносные намерения. Мои Марионетки движутся в моем ритме, и сегодня они затанцуют ваших существ прямо в могилу!","I burattini possono sembrare semplici pupazzi, ma i fili che li controllano sono collegati a poteri che vanno oltre la tua comprensione! Danzano tra la vita e la morte con grazia inquietante, e i loro sorrisi dipinti nascondono intenti letali. I miei Burattini si muovono al mio ritmo, e oggi, faranno danzare le tue creature direttamente nelle loro tombe!",傀儡看似只是木偶，但操控它們的絲線連接著超乎你理解的力量！它們以詭異的優雅在生死之間舞動，而那些彩繪的笑容背後隱藏著致命的意圖。我的傀儡隨著我的節奏而動，今天，它們將把你的生物舞進墳墓！,提线木偶看似只是傀儡，但操控它们的线却连接着超出你理解的力量！它们以不可思议的优雅在生死之间舞动，而它们那涂漆的笑容下隐藏着致命的意图。我的提线木偶随我的节奏而动，今天，它们将把你的生物直接舞进坟墓！,"마리오네트는 단순한 인형처럼 보일지 모르지만, 그들을 조종하는 실은 당신의 이해를 넘어선 힘과 연결되어 있습니다! 그들은 섬뜩한 우아함으로 삶과 죽음 사이를 춤추고, 그들의 그려진 미소는 치명적인 의도를 숨기고 있죠. 내 마리오네트들은 내 리듬에 맞춰 움직이고, 오늘, 그들은 당신의 생물들을 무덤으로 춤추게 할 겁니다!","Marionetki mogą wydawać się zwykłymi lalkami, ale sznurki, które nimi sterują, łączą się z mocami przekraczającymi twoje pojęcie! Tańczą między życiem a śmiercią z niesamowitym wdziękiem, a ich malowane uśmiechy skrywają śmiertelne zamiary. Moje Marionetki poruszają się w moim rytmie, a dziś zatańczą twoje stworzenia prosto do grobu!","Маріонетки можуть здаватися простими ляльками, але нитки, що керують ними, з'єднані з силами поза вашим розумінням! Вони танцюють між життям і смертю з моторошною грацією, а їхні намальовані посмішки приховують смертельний намір. Мої Маріонетки рухаються в моєму ритмі, і сьогодні вони затанцюють ваших істот прямо в могилу!","Marionetten lijken misschien slechts poppen, maar de touwtjes die hen besturen zijn verbonden met krachten voorbij je begrip! Ze dansen tussen leven en dood met een onheilspellende elegantie, en hun geschilderde glimlachen verbergen dodelijke bedoelingen. Mijn Marionetten bewegen op mijn ritme, en vandaag zullen ze jouw wezens regelrecht hun graf in dansen!","Kuklalar sadece birer oyuncak gibi görünebilir, ama onları kontrol eden ipler anlayışının ötesindeki güçlere bağlıdır! Yaşam ve ölüm arasında tekinsiz bir zarafetle dans ederler ve boyalı gülümsemeleri ölümcül niyetlerini gizler. Kuklalarım benim ritmimle hareket eder ve bugün, senin yaratıklarını mezarlarına kadar dans ettirecekler!"
L_MASTER_DIALOG_ROBODOMI,,"Robodomi represent the perfect marriage of magic and machinery! Their processors can calculate a million battle strategies per second, and their shields are impenetrable to conventional attacks. My mechanical army operates at peak efficiency, with each unit networked for optimal performance. PREPARE FOR SYSTEMATIC ELIMINATION OF ALL OPPOSITION.",ロボドミは魔法と機械の完璧な融合を表しています！彼らのプロセッサーは1秒間に100万の戦略を計算でき、そのシールドは通常の攻撃では貫通不可能です。私の機械軍は最高効率で動作し、各ユニットが最適なパフォーマンスのためにネットワーク化されています。全ての敵対勢力の組織的排除に備えよ。,"Robodomi repräsentieren die perfekte Verbindung von Magie und Maschinerie! Ihre Prozessoren können eine Million Kampfstrategien pro Sekunde berechnen, und ihre Schilde sind undurchdringlich für konventionelle Angriffe. Meine mechanische Armee arbeitet mit höchster Effizienz, wobei jede Einheit für optimale Leistung vernetzt ist. BEREITET EUCH AUF DIE SYSTEMATISCHE ELIMINIERUNG JEGLICHER OPPOSITION VOR.","Les Robodomi représentent le mariage parfait entre magie et machinerie ! Leurs processeurs peuvent calculer un million de stratégies de combat par seconde, et leurs boucliers sont impénétrables aux attaques conventionnelles. Mon armée mécanique fonctionne avec une efficacité optimale, chaque unité étant connectée en réseau pour des performances optimales. PRÉPAREZ-VOUS À L'ÉLIMINATION SYSTÉMATIQUE DE TOUTE OPPOSITION.","Los Robodomi representan el matrimonio perfecto entre magia y maquinaria. Sus procesadores pueden calcular un millón de estrategias de batalla por segundo, y sus escudos son impenetrables a ataques convencionales. Mi ejército mecánico opera con máxima eficiencia, con cada unidad conectada en red para un rendimiento óptimo. PREPÁRENSE PARA LA ELIMINACIÓN SISTEMÁTICA DE TODA OPOSICIÓN.","Robodomi representam a união perfeita entre magia e maquinaria! Seus processadores podem calcular um milhão de estratégias de batalha por segundo, e seus escudos são impenetráveis a ataques convencionais. Meu exército mecânico opera com máxima eficiência, com cada unidade conectada em rede para desempenho ideal. PREPAREM-SE PARA A ELIMINAÇÃO SISTEMÁTICA DE TODA OPOSIÇÃO.","Рободоми представляют собой идеальный союз магии и механики! Их процессоры могут рассчитывать миллион боевых стратегий в секунду, а их щиты непроницаемы для обычных атак. Моя механическая армия работает с максимальной эффективностью, каждый юнит подключен к сети для оптимальной производительности. ПРИГОТОВЬТЕСЬ К СИСТЕМАТИЧЕСКОМУ УНИЧТОЖЕНИЮ ВСЕЙ ОППОЗИЦИИ.","I Robodomi rappresentano il connubio perfetto tra magia e macchinari! I loro processori possono calcolare un milione di strategie di battaglia al secondo, e i loro scudi sono impenetrabili agli attacchi convenzionali. Il mio esercito meccanico opera con la massima efficienza, con ogni unità collegata in rete per prestazioni ottimali. PREPARATEVI ALL'ELIMINAZIONE SISTEMATICA DI OGNI OPPOSIZIONE.",機器魔偶代表了魔法與機械的完美結合！他們的處理器每秒能計算百萬種戰鬥策略，而且他們的護盾對傳統攻擊完全不可穿透。我的機械軍隊以最高效率運作，每個單位都通過網絡連接以達到最佳表現。準備系統性消滅所有反抗勢力。,机器随从代表了魔法与机械的完美结合！它们的处理器每秒能计算百万种战斗策略，而且它们的护盾对常规攻击完全不可穿透。我的机械军团以最高效率运作，每个单位都通过网络连接以实现最佳性能。准！备！系！统！性！消！灭！所！有！反！抗！势！力！,"로보도미는 마법과 기계의 완벽한 결합을 대표합니다! 그들의 프로세서는 초당 백만 개의 전투 전략을 계산할 수 있으며, 그들의 방패는 일반적인 공격에 뚫리지 않습니다. 내 기계 군단은 최고의 효율성으로 작동하며, 각 유닛은 최적의 성능을 위해 네트워크로 연결되어 있습니다. 모든 반대 세력의 체계적 제거를 준비하라.","Robodomi to idealne połączenie magii i mechaniki! Ich procesory potrafią obliczyć milion strategii bitewnych na sekundę, a ich tarcze są nieprzeniknione dla konwencjonalnych ataków. Moja mechaniczna armia działa z najwyższą wydajnością, a każda jednostka jest połączona w sieć dla optymalnej wydajności. PRZYGOTUJCIE SIĘ NA SYSTEMATYCZNĄ ELIMINACJĘ WSZELKIEJ OPOZYCJI.","Рободоми представляють ідеальний союз магії та механіки! Їхні процесори можуть обчислювати мільйон бойових стратегій за секунду, а їхні щити непроникні для звичайних атак. Моя механічна армія працює з максимальною ефективністю, кожен підрозділ з'єднаний у мережу для оптимальної продуктивності. ГОТУЙТЕСЯ ДО СИСТЕМАТИЧНОГО ЗНИЩЕННЯ ВСЬОГО ОПОРУ.","Robodomi vertegenwoordigen de perfecte samensmelting van magie en machinerie! Hun processors kunnen een miljoen gevechtsstrategieën per seconde berekenen, en hun schilden zijn ondoordringbaar voor conventionele aanvallen. Mijn mechanische leger functioneert op maximale efficiëntie, waarbij elke eenheid verbonden is voor optimale prestaties. BEREID JE VOOR OP SYSTEMATISCHE ELIMINATIE VAN ALLE OPPOSITIE.","Robodomi, büyü ve makinenin mükemmel birleşimini temsil eder! İşlemcileri saniyede bir milyon savaş stratejisi hesaplayabilir ve kalkanları geleneksel saldırılara karşı nüfuz edilemez. Mekanik ordumun her birimi optimal performans için ağa bağlı olarak maksimum verimlilikle çalışır. TÜM KARŞI KOYMAYA SİSTEMATİK İMHA İÇİN HAZIRLANIN."
L_MASTER_DIALOG_SPACECAT,,"Spacecats have traversed the cosmos and mastered gravitational manipulation! Their alien technology allows them to float effortlessly while raining down attacks from above. My Spacecats have hunted prey across seventeen galaxies, bringing extraterrestrial hunting techniques to Rodia. Shall I tell you about the things they've seen beyond our stars? Or would you prefer a demonstration?",スペースキャットは宇宙を横断し、重力操作を極めました！彼らのエイリアンテクノロジーにより、上空から攻撃を降らせながら、苦もなく浮遊することができます。私のスペースキャットは十七の銀河を渡って獲物を狩り、ロディアに地球外の狩猟技術をもたらしました。私たちの星々の向こうで彼らが見たものについて話しましょうか？それとも実演の方がよろしいですか？,"Raumkatzen haben den Kosmos durchquert und die Manipulation der Schwerkraft gemeistert! Ihre außerirdische Technologie ermöglicht es ihnen, mühelos zu schweben, während sie Angriffe von oben herabregnen lassen. Meine Raumkatzen haben in siebzehn Galaxien Beute gejagt und außerirdische Jagdtechniken nach Rodia gebracht. Soll ich dir von den Dingen erzählen, die sie jenseits unserer Sterne gesehen haben? Oder würdest du lieber eine Vorführung sehen?","Les Chats de l'Espace ont traversé le cosmos et maîtrisé la manipulation gravitationnelle ! Leur technologie extraterrestre leur permet de flotter sans effort tout en faisant pleuvoir des attaques d'en haut. Mes Chats de l'Espace ont chassé des proies à travers dix-sept galaxies, apportant des techniques de chasse extraterrestres à Rodia. Dois-je vous parler des choses qu'ils ont vues au-delà de nos étoiles ? Ou préférez-vous une démonstration ?","Los Gatospaciales han atravesado el cosmos y dominado la manipulación gravitacional. ¡Su tecnología alienígena les permite flotar sin esfuerzo mientras lanzan ataques desde arriba! Mis Gatospaciales han cazado presas a través de diecisiete galaxias, trayendo técnicas de caza extraterrestres a Rodia. ¿Quieres que te cuente sobre las cosas que han visto más allá de nuestras estrellas? ¿O preferirías una demostración?","Os Gatos Espaciais atravessaram o cosmos e dominaram a manipulação gravitacional! Sua tecnologia alienígena permite que eles flutuem sem esforço enquanto despejam ataques do alto. Meus Gatos Espaciais caçaram presas em dezessete galáxias, trazendo técnicas de caça extraterrestres para Rodia. Devo contar-lhe sobre as coisas que eles viram além de nossas estrelas? Ou prefere uma demonstração?","Космокоты пересекли космос и овладели манипуляцией гравитацией! Их инопланетная технология позволяет им парить без усилий, обрушивая атаки сверху. Мои Космокоты охотились на добычу в семнадцати галактиках, принося внеземные техники охоты на Родию. Рассказать тебе о том, что они видели за пределами наших звёзд? Или ты предпочтёшь демонстрацию?","I Gatti Spaziali hanno attraversato il cosmo e padroneggiato la manipolazione gravitazionale! La loro tecnologia aliena permette loro di fluttuare senza sforzo mentre scatenano attacchi dall'alto. I miei Gatti Spaziali hanno cacciato prede in diciassette galassie, portando tecniche di caccia extraterrestri su Rodia. Vuoi che ti racconti delle cose che hanno visto oltre le nostre stelle? O preferiresti una dimostrazione?",太空貓已經穿越了宇宙並掌握了重力操控！他們的外星科技讓他們能夠輕鬆漂浮，同時從上方降下攻擊。我的太空貓已經在十七個星系中獵捕獵物，將外星狩獵技術帶到了羅迪亞。要我告訴你他們在我們星辰之外看到的事物嗎？還是你更想要一場示範？,太空猫已经穿越了宇宙，掌握了引力操控！他们的外星科技使他们能够毫不费力地漂浮，同时从上方倾泻攻击。我的太空猫已经在十七个星系中猎捕猎物，将外星狩猎技术带到了罗迪亚。要我告诉你它们在我们星辰之外看到的事物吗？还是你更喜欢一场演示？,"우주고양이들은 우주를 횡단하고 중력 조작을 마스터했습니다! 그들의 외계 기술은 위에서 공격을 퍼부으면서 쉽게 떠다닐 수 있게 해줍니다. 내 우주고양이들은 열일곱 개의 은하계에서 사냥감을 쫓아왔고, 로디아에 외계의 사냥 기술을 가져왔습니다. 우리의 별 너머에서 그들이 본 것들에 대해 말해줄까요? 아니면 시범을 보여드릴까요?","Kosmiczne koty przemierzyły kosmos i opanowały manipulację grawitacją! Ich obca technologia pozwala im unosić się bez wysiłku, jednocześnie zasypując przeciwników atakami z góry. Moje Kosmiczne koty polowały na zdobycz w siedemnastu galaktykach, przynosząc pozaziemskie techniki łowieckie na Rodię. Czy mam ci opowiedzieć o rzeczach, które widziały poza naszymi gwiazdami? A może wolisz demonstrację?","Космокоти подорожували космосом і опанували маніпуляцію гравітацією! Їхня інопланетна технологія дозволяє їм невимушено ширяти в повітрі, обрушуючи атаки згори. Мої Космокоти полювали на здобич у сімнадцяти галактиках, привносячи позаземні техніки полювання на Родію. Розповісти тобі про те, що вони бачили за межами наших зірок? Чи ти надаєш перевагу демонстрації?",Ruimtekatten hebben de kosmos doorkruist en de manipulatie van zwaartekracht onder de knie gekregen! Hun buitenaardse technologie stelt hen in staat om moeiteloos te zweven terwijl ze aanvallen van bovenaf laten neerdalen. Mijn Ruimtekatten hebben prooi gejaagd in zeventien sterrenstelsels en brengen buitenaardse jachttechnieken naar Rodia. Zal ik je vertellen over de dingen die ze hebben gezien voorbij onze sterren? Of heb je liever een demonstratie?,"Uzay Kedileri evreni aşmış ve yerçekimi manipülasyonunu ustalaşmışlardır! Uzaylı teknolojileri, yukarıdan saldırılar yağdırırken zahmetsizce süzülmelerine olanak tanır. Benim Uzay Kedilerim on yedi galakside av peşinde koştu ve Rodia'ya dünya dışı avlanma tekniklerini getirdi. Sana yıldızlarımızın ötesinde gördükleri şeylerden bahsedeyim mi? Yoksa bir gösteri mi tercih edersin?"
L_MASTER_DIALOG_SPELLJUGGLER,,"Spelljugglers are the most talented magical artists in all of Rodia! They can toss and combine spells with such dexterity that even experienced mages stand in awe. My Spelljugglers have mastered spells that would make your head spin - literally! Care to catch a spell? I promise, you'll find their magical performance absolutely mind-blowing!",スペルジャグラーはロディア全土で最も才能ある魔法芸術家です！彼らは熟練した魔道士でさえ畏敬の念を抱くほどの器用さで呪文を投げたり組み合わせたりできます。私のスペルジャグラーたちは、あなたの頭を文字通り回転させるような呪文を習得しています！呪文を受け止めてみませんか？約束します、彼らの魔法のパフォーマンスは間違いなく度肝を抜くものですよ！,"Zauberjongleure sind die talentiertesten magischen Künstler in ganz Rodia! Sie können Zauber mit solcher Geschicklichkeit werfen und kombinieren, dass selbst erfahrene Magier staunend dastehen. Meine Zauberjongleure haben Zauber gemeistert, die dir den Kopf verdrehen - buchstäblich! Lust, einen Zauber zu fangen? Ich verspreche, du wirst ihre magische Darbietung absolut umwerfend finden!",Les Jongleurs de Sorts sont les artistes magiques les plus talentueux de tout Rodia ! Ils peuvent lancer et combiner des sorts avec une telle dextérité que même les mages expérimentés restent bouche bée. Mes Jongleurs de Sorts ont maîtrisé des sorts qui vous feront tourner la tête - littéralement ! Envie d'attraper un sort ? Je vous promets que leur performance magique vous laissera absolument stupéfait !,"Los Malabaristas de Hechizos son los artistas mágicos más talentosos de todo Rodia. Pueden lanzar y combinar hechizos con tal destreza que incluso los magos experimentados quedan asombrados. Mis Malabaristas de Hechizos han dominado hechizos que te harían dar vueltas la cabeza, ¡literalmente! ¿Te gustaría atrapar un hechizo? ¡Te prometo que encontrarás su actuación mágica absolutamente alucinante!",Os Malabaristas de Feitiços são os artistas mágicos mais talentosos de toda Rodia! Eles conseguem lançar e combinar magias com tamanha destreza que até mesmo magos experientes ficam maravilhados. Meus Malabaristas de Feitiços dominaram magias que fariam sua cabeça girar - literalmente! Quer pegar um feitiço? Prometo que você achará a performance mágica deles absolutamente alucinante!,"Заклинатели-жонглёры — самые талантливые магические артисты во всей Родии! Они могут подбрасывать и комбинировать заклинания с такой ловкостью, что даже опытные маги замирают в изумлении. Мои Заклинатели-жонглёры освоили заклинания, от которых у вас голова пойдёт кругом — в буквальном смысле! Хотите поймать заклинание? Обещаю, их магическое представление просто взорвёт ваш разум!",Gli Spelljugglers sono gli artisti magici più talentuosi di tutta Rodia! Sanno lanciare e combinare incantesimi con tale destrezza che persino i maghi esperti rimangono a bocca aperta. I miei Spelljugglers hanno padroneggiato incantesimi che ti farebbero girare la testa - letteralmente! Vuoi afferrare un incantesimo? Ti prometto che troverai la loro esibizione magica assolutamente sconvolgente!,咒語雜耍師是羅迪亞全境中最有才華的魔法藝術家！他們能以如此靈巧的手法拋擲和組合法術，甚至連經驗豐富的法師都為之驚嘆。我的咒語雜耍師已經掌握了能讓你頭暈目眩的法術——字面意義上的！想接住一個法術嗎？我保證，你會發現他們的魔法表演絕對令人嘆為觀止！,法术杂耍者是罗迪亚最有才华的魔法艺术家！他们能以如此灵巧的手法抛掷和组合法术，甚至连经验丰富的法师都会惊叹不已。我的法术杂耍者已经掌握了能让你头晕目眩的法术——字面意思！想接住一个法术吗？我保证，你会发现他们的魔法表演绝对令人叹为观止！,"스펠저글러는 로디아 전역에서 가장 재능 있는 마법 예술가들입니다! 그들은 숙련된 마법사들조차 경외심을 갖게 할 정도로 놀라운 손재주로 주문을 던지고 조합할 수 있습니다. 제 스펠저글러들은 당신의 머리를 빙글빙글 돌게 만드는 주문들을 마스터했습니다 - 말 그대로요! 주문을 한번 받아보시겠어요? 약속하건대, 그들의 마법 공연은 정말 놀라울 겁니다!","Czarojonglery to najbardziej utalentowani magiczni artyści w całej Rodii! Potrafią żonglować i łączyć zaklęcia z taką zręcznością, że nawet doświadczeni magowie stoją w zachwycie. Moi Czarojonglery opanowali zaklęcia, które przyprawią cię o zawrót głowy - dosłownie! Chcesz złapać zaklęcie? Obiecuję, ich magiczny występ całkowicie cię powali!","Заклинометальники - це найталановитіші магічні митці в усій Родії! Вони можуть підкидати та комбінувати заклинання з такою спритністю, що навіть досвідчені маги стоять у захваті. Мої Заклинометальники опанували заклинання, від яких у вас голова піде обертом - буквально! Бажаєте спіймати заклинання? Обіцяю, їхній магічний виступ просто підірве вам мозок!","Spelgoochelaars zijn de meest getalenteerde magische artiesten in heel Rodia! Ze kunnen spreuken met zoveel behendigheid werpen en combineren dat zelfs ervaren magiërs vol bewondering staan. Mijn Spelgoochelaars hebben spreuken onder de knie die je hoofd letterlijk doen tollen! Zin om een spreuk te vangen? Ik beloof je, hun magische optreden zal je absoluut versteld doen staan!","Büyücambazları, tüm Rodia'daki en yetenekli büyü sanatçılarıdır! Büyüleri öyle bir ustalık ve çeviklikle fırlatıp birleştirebilirler ki, deneyimli büyücüler bile hayranlıkla izler. Benim Büyücambazlarım, başınızı döndürecek büyüleri ustalaştı - kelimenin tam anlamıyla! Bir büyü yakalamak ister misin? Söz veriyorum, onların büyülü gösterilerini tamamen akıl almaz bulacaksın!"
L_MASTER_DIALOG_ELEMENTASAUR,,"Elementasaurs command the primal forces of nature through their ancient, magical hides! Fire, frost, lightning - all the elements bend to their will. The wisdom of the ancients and raw elemental power are mine to command through my Elementasaur companions. Their thunderous footsteps have made kingdoms tremble - yours will be no different!",エレメンタザウルスは、古代の魔法の皮膚を通して自然の原始的な力を操る！炎、氷、雷 - すべての元素が彼らの意志に従う。古代の知恵と純粋な元素の力は、私のエレメンタザウルスの仲間たちを通して私のものとなる。彼らの轟く足音は王国を震わせてきた - あなたの王国も例外ではない！,"Elementasauren beherrschen die Urkräfte der Natur durch ihre uralten, magischen Häute! Feuer, Frost, Blitz - alle Elemente beugen sich ihrem Willen. Die Weisheit der Alten und rohe elementare Macht stehen mir durch meine Elementasaur-Gefährten zur Verfügung. Ihre donnernden Schritte haben Königreiche erzittern lassen - deines wird nicht anders sein!","Les Élémentasaures commandent les forces primordiales de la nature grâce à leurs peaux anciennes et magiques ! Feu, glace, foudre - tous les éléments se plient à leur volonté. La sagesse des anciens et la puissance élémentaire brute sont miennes à commander à travers mes compagnons Élémentasaures. Leurs pas tonitruants ont fait trembler des royaumes - le vôtre ne sera pas différent !","Los Elementasaurios controlan las fuerzas primordiales de la naturaleza a través de sus antiguas y mágicas pieles. ¡Fuego, hielo, relámpago - todos los elementos se doblan a su voluntad! La sabiduría de los antiguos y el poder elemental puro están a mi disposición a través de mis compañeros Elementasaurios. Sus pasos atronadores han hecho temblar reinos - ¡el tuyo no será diferente!","Os Elementassauros comandam as forças primordiais da natureza através de suas peles antigas e mágicas! Fogo, gelo, relâmpago - todos os elementos se curvam à sua vontade. A sabedoria dos antigos e o poder elemental bruto estão sob meu comando através dos meus companheiros Elementassauros. Seus passos trovejantes já fizeram reinos tremerem - o seu não será diferente!","Элементазавры повелевают первозданными силами природы через свою древнюю, магическую шкуру! Огонь, мороз, молния - все стихии подчиняются их воле. Мудрость древних и чистая стихийная сила находятся в моем распоряжении благодаря моим спутникам-Элементазаврам. От их громоподобных шагов трепетали целые королевства - с твоим не будет иначе!","Gli Elementasauri comandano le forze primordiali della natura attraverso le loro antiche pelli magiche! Fuoco, gelo, fulmini - tutti gli elementi si piegano alla loro volontà. La saggezza degli antichi e il puro potere elementale sono miei da comandare attraverso i miei compagni Elementasauri. I loro passi tonanti hanno fatto tremare regni - il tuo non sarà diverso!",元素龍獸掌控著大自然的原始力量，透過牠們古老、魔法的皮膚！火焰、冰霜、閃電——所有元素都臣服於牠們的意志。古代的智慧和純粹的元素力量，都將透過我的元素龍獸夥伴聽命於我。牠們雷鳴般的腳步曾使王國顫抖——你的王國也不會有所不同！,元素龙掌控着自然界的原始力量，通过它们古老而神奇的皮肤！火焰、冰霜、闪电——所有元素都臣服于它们的意志。古代的智慧和纯粹的元素力量通过我的元素龙伙伴听命于我。它们雷鸣般的脚步曾让王国颤抖——你的王国也不会例外！,"엘레멘타사우르스는 고대의 마법적인 피부를 통해 자연의 원초적 힘을 지배합니다! 불, 서리, 번개 - 모든 원소가 그들의 의지에 굴복합니다. 고대의 지혜와 원소의 날것의 힘은 내 엘레멘타사우르스 동료들을 통해 내가 지배하는 것입니다. 그들의 우렁찬 발걸음은 왕국들을 떨게 했습니다 - 당신의 왕국도 다르지 않을 것입니다!","Elementozaury władają pierwotnymi siłami natury dzięki swojej pradawnej, magicznej skórze! Ogień, mróz, błyskawice - wszystkie żywioły uginają się pod ich wolą. Mądrość starożytnych i surowa moc żywiołów są moje do rozkazywania poprzez moich towarzyszy Elementozaurów. Ich grzmiące kroki sprawiły, że królestwa drżały - twoje nie będzie inne!","Елементазаври керують первісними силами природи через свою древню, магічну шкіру! Вогонь, мороз, блискавка - всі стихії підкоряються їхній волі. Мудрість предків і сира стихійна сила належать мені через моїх супутників-Елементазаврів. Їхні громові кроки змушували тремтіти цілі королівства - з твоїм буде те саме!","Elementasaurs beheersen de oerkrachten van de natuur door hun eeuwenoude, magische huiden! Vuur, vorst, bliksem - alle elementen buigen voor hun wil. De wijsheid van de Ouden en pure elementaire kracht staan tot mijn beschikking via mijn Elementasaur-metgezellen. Hun donderende voetstappen hebben koninkrijken doen beven - die van jou zal niet anders zijn!","Elementasaurlar, antik ve büyülü derileri sayesinde doğanın ilkel güçlerine hükmederler! Ateş, buz, yıldırım - tüm elementler onların iradesine boyun eğer. Kadim bilgelik ve ham element gücü, Elementasaur yoldaşlarım aracılığıyla benim emrimdedir. Onların gök gürültüsü gibi adımları krallıkları titretmiştir - seninki de farklı olmayacak!"
L_MASTER_DIALOG_MIRELING,,"Mirelings may be small, but when they work together, their swamp magic is mighty indeed! These amphibious tacticians form perfect defensive lines and coordinate their attacks with surprising precision. The secrets of the swamp belong to them - and to me as their master! Their fury might be tiny individually, but my Mireling tribe will show you the true power of the wetlands!",ミレリングは小さいかもしれないが、彼らが協力するとき、その沼の魔法は実に強力だ！これらの両生類の戦術家たちは完璧な防御線を形成し、驚くべき精度で攻撃を連携させる。沼の秘密は彼らのもの、そして彼らの主である私のものだ！個々の怒りは小さいかもしれないが、私のミレリング部族は湿地の真の力を見せつけるだろう！,"Mirelinge mögen klein sein, aber wenn sie zusammenarbeiten, ist ihre Sumpfmagie wahrlich mächtig! Diese amphibischen Taktiker bilden perfekte Verteidigungslinien und koordinieren ihre Angriffe mit überraschender Präzision. Die Geheimnisse des Sumpfes gehören ihnen - und mir als ihrem Meister! Ihre Wut mag einzeln betrachtet winzig sein, aber mein Mireling-Stamm wird euch die wahre Macht der Feuchtgebiete zeigen!","Les Mirelings sont peut-être petits, mais quand ils travaillent ensemble, leur magie des marais est vraiment puissante ! Ces tacticiens amphibies forment des lignes défensives parfaites et coordonnent leurs attaques avec une précision surprenante. Les secrets du marécage leur appartiennent - et à moi en tant que leur maître ! Leur fureur peut sembler insignifiante individuellement, mais ma tribu de Mirelings vous montrera le véritable pouvoir des zones humides !","Los Mirelings pueden ser pequeños, pero cuando trabajan juntos, ¡su magia de pantano es realmente poderosa! Estos tácticos anfibios forman líneas defensivas perfectas y coordinan sus ataques con una precisión sorprendente. Los secretos del pantano les pertenecen a ellos, ¡y a mí como su maestro! Su furia puede ser diminuta individualmente, ¡pero mi tribu de Mirelings te mostrará el verdadero poder de los humedales!","Os Mirelings podem ser pequenos, mas quando trabalham juntos, sua magia do pântano é realmente poderosa! Esses táticos anfíbios formam linhas defensivas perfeitas e coordenam seus ataques com surpreendente precisão. Os segredos do pântano pertencem a eles - e a mim como seu mestre! Sua fúria pode ser pequena individualmente, mas minha tribo de Mirelings mostrará a você o verdadeiro poder das terras úmidas!","Мирлинги, может, и малы, но когда они работают вместе, их болотная магия поистине могущественна! Эти земноводные тактики образуют идеальные оборонительные линии и координируют свои атаки с удивительной точностью. Секреты болота принадлежат им — и мне как их повелителю! Их ярость может быть ничтожна по отдельности, но моё племя Мирлингов покажет вам истинную силу водно-болотных угодий!","I Mirelings possono essere piccoli, ma quando lavorano insieme, la loro magia della palude è davvero potente! Questi tattici anfibi formano linee difensive perfette e coordinano i loro attacchi con sorprendente precisione. I segreti della palude appartengono a loro - e a me come loro padrone! La loro furia potrebbe essere minuscola individualmente, ma la mia tribù di Mireling ti mostrerà il vero potere delle zone umide!",泥沼精雖小，但當牠們齊心協力時，牠們的沼澤魔法確實強大無比！這些兩棲戰術家能組成完美的防禦陣線，並以驚人的精準度協調攻擊。沼澤的秘密屬於牠們——也屬於作為牠們主人的我！牠們個體的怒火或許微小，但我的泥沼精部落將向你展示濕地的真正力量！,蛙灵虽小，但当它们协同作战时，它们的沼泽魔法确实强大无比！这些两栖战术家组成完美的防御线，并以惊人的精确度协调它们的攻击。沼泽的秘密属于它们——也属于作为它们主人的我！它们单个的怒火或许微小，但我的蛙灵部落将向你展示湿地的真正力量！,"미어링들은 작을지 몰라도, 함께 일할 때 그들의 늪 마법은 정말 강력하답니다! 이 양서류 전술가들은 완벽한 방어선을 형성하고 놀라운 정확도로 공격을 조율합니다. 늪의 비밀은 그들에게 속해 있죠 - 그리고 그들의 주인인 저에게도! 개개인의 분노는 작을지 몰라도, 제 미어링 부족은 당신에게 습지의 진정한 힘을 보여줄 것입니다!","Mireliny mogą być małe, ale gdy współpracują, ich bagienne czary są naprawdę potężne! Ci ziemnowodni taktycy tworzą idealne linie obronne i koordynują swoje ataki z zaskakującą precyzją. Sekrety bagien należą do nich - i do mnie jako ich pana! Ich furia może być indywidualnie niewielka, ale moje plemię Mirelingów pokaże ci prawdziwą moc mokradeł!","Мірелінги можуть бути маленькими, але коли вони працюють разом, їхня болотна магія справді могутня! Ці амфібійні тактики формують ідеальні оборонні лінії та координують свої атаки з дивовижною точністю. Таємниці болота належать їм - і мені як їхньому господарю! Їхня лють може бути незначною поодинці, але моє плем'я Мірелінгів покаже вам справжню силу водно-болотних угідь!","Mirelingen zijn misschien klein, maar wanneer ze samenwerken, is hun moerasmagie inderdaad machtig! Deze amfibische tactici vormen perfecte verdedigingslinies en coördineren hun aanvallen met verrassende precisie. De geheimen van het moeras behoren toe aan hen - en aan mij als hun meester! Hun woede mag individueel dan klein zijn, maar mijn Mirelingenstam zal je de ware kracht van de wetlands tonen!","Mirelinglar küçük olabilir, ama birlikte çalıştıklarında, bataklık büyüleri gerçekten güçlüdür! Bu amfibi taktikçiler mükemmel savunma hatları oluşturur ve saldırılarını şaşırtıcı bir hassasiyetle koordine ederler. Bataklığın sırları onlara - ve onların efendisi olarak bana aittir! Öfkeleri tek tek küçük olabilir, ama Mireling kabilem size sulak alanların gerçek gücünü gösterecek!"
L_MASTER_DIALOG_UNDERDWELLER,,"Underdwellers have adapted to life in the darkest corners of the world, developing senses and powers that surface-dwellers can't comprehend! They bring the shadows with them wherever they go, bending darkness to their will. In the gloom, my Underdwellers see truths that others miss. Prepare to learn fear as only those who dwell below can teach it!",アンダードウェラーは世界の最も暗い隅で生きるために適応し、地上に住む者たちには理解できない感覚と力を発達させてきた！彼らはどこへ行っても影を伴い、闇を意のままに操る。暗闇の中で、私のアンダードウェラーたちは他の者が見逃す真実を見抜く。地下に住む者だけが教えることのできる恐怖を知る準備をしろ！,"Die Unterweltler haben sich an das Leben in den dunkelsten Ecken der Welt angepasst und Sinne und Kräfte entwickelt, die Oberflächenbewohner nicht begreifen können! Sie bringen die Schatten überall mit sich, wohin sie gehen, und beugen die Dunkelheit nach ihrem Willen. In der Finsternis sehen meine Unterweltler Wahrheiten, die anderen entgehen. Bereite dich darauf vor, Angst zu lernen, wie nur jene, die in der Tiefe hausen, sie lehren können!","Les Habitants des Profondeurs se sont adaptés à la vie dans les recoins les plus sombres du monde, développant des sens et des pouvoirs que les habitants de la surface ne peuvent comprendre ! Ils apportent les ombres avec eux partout où ils vont, pliant l'obscurité à leur volonté. Dans les ténèbres, mes Habitants des Profondeurs voient des vérités que d'autres manquent. Préparez-vous à connaître la peur comme seuls ceux qui demeurent en dessous peuvent l'enseigner !","Los Moradores del Subsuelo se han adaptado a la vida en los rincones más oscuros del mundo, ¡desarrollando sentidos y poderes que los habitantes de la superficie no pueden comprender! Llevan las sombras consigo dondequiera que vayan, doblegando la oscuridad a su voluntad. En la penumbra, mis Moradores del Subsuelo ven verdades que otros pasan por alto. ¡Prepárate para aprender el miedo como solo aquellos que habitan en las profundidades pueden enseñarlo!","Os Subterrâneos se adaptaram à vida nos cantos mais escuros do mundo, desenvolvendo sentidos e poderes que os habitantes da superfície não conseguem compreender! Eles trazem as sombras consigo onde quer que vão, dobrando a escuridão à sua vontade. Na penumbra, meus Subterrâneos veem verdades que outros não percebem. Prepare-se para aprender o medo como só aqueles que habitam nas profundezas podem ensiná-lo!","Подземные жители приспособились к жизни в самых тёмных уголках мира, развив чувства и силы, которые обитатели поверхности не могут постичь! Они несут тени с собой повсюду, подчиняя тьму своей воле. Во мраке мои Подземные жители видят истины, которые другие упускают. Приготовьтесь познать страх так, как могут научить ему только те, кто обитает внизу!","Gli Abitanti del Sottosuolo si sono adattati alla vita negli angoli più bui del mondo, sviluppando sensi e poteri che gli abitanti della superficie non possono comprendere! Portano le ombre con sé ovunque vadano, piegando l'oscurità al loro volere. Nell'oscurità, i miei Abitanti del Sottosuolo vedono verità che gli altri non colgono. Preparati a conoscere la paura come solo coloro che dimorano nelle profondità possono insegnarla!",地底居民已經適應了在世界最黑暗角落的生活，發展出地表居民無法理解的感官和能力！他們無論去到哪裡都帶著陰影，使黑暗屈服於他們的意志。在幽暗中，我的地底居民能看見他人所忽略的真相。準備好學習恐懼吧，這種恐懼只有那些居住在地底的人才能教導！,地底居民已经适应了在世界最黑暗角落的生活，发展出地表居民无法理解的感官和能力！他们无论去哪里都带着阴影，将黑暗弯曲于己意。在幽暗中，我的地底居民能看到他人所忽略的真相。准备好体验只有那些居住在地下的人才能教授的恐惧吧！,"지하거주자들은 세계의 가장 어두운 구석에서의 삶에 적응하여, 지상 거주자들이 이해할 수 없는 감각과 능력을 발달시켰습니다! 그들은 어디를 가든 그림자를 함께 가지고 다니며, 어둠을 자신의 의지대로 구부립니다. 어둠 속에서, 내 지하거주자들은 다른 이들이 놓치는 진실을 봅니다. 오직 지하에 사는 자들만이 가르칠 수 있는 공포를 배울 준비를 하십시오!","Podziemni przystosowali się do życia w najciemniejszych zakątkach świata, rozwijając zmysły i moce, których mieszkańcy powierzchni nie mogą pojąć! Niosą ze sobą cienie gdziekolwiek się udają, zginając ciemność wedle swojej woli. W mroku moi Podziemni dostrzegają prawdy, których inni nie widzą. Przygotuj się, by poznać strach, którego tylko ci, którzy mieszkają pod ziemią, mogą cię nauczyć!","Підземні жителі пристосувалися до життя в найтемніших куточках світу, розвинувши чуття та сили, які поверхневі жителі не можуть осягнути! Вони несуть тіні з собою, куди б не пішли, підкорюючи темряву своїй волі. У мороці мої Підземні жителі бачать істини, які інші пропускають. Приготуйтеся пізнати страх так, як можуть навчити лише ті, хто мешкає внизу!","Onderbewoners hebben zich aangepast aan het leven in de donkerste hoeken van de wereld, waarbij ze zintuigen en krachten hebben ontwikkeld die oppervlaktebewoners niet kunnen bevatten! Ze brengen de schaduwen met zich mee waar ze ook gaan, en buigen duisternis naar hun wil. In het duister zien mijn Onderbewoners waarheden die anderen missen. Bereid je voor om angst te leren zoals alleen zij die beneden wonen het kunnen onderwijzen!","Yeraltı Sakinleri dünyanın en karanlık köşelerinde yaşama uyum sağlamış, yüzeyde yaşayanların kavrayamayacağı duyular ve güçler geliştirmişlerdir! Nereye giderlerse gitsinler gölgeleri de yanlarında taşır, karanlığı iradelerine göre bükerler. Loş ışıkta, benim Yeraltı Sakinlerim başkalarının gözden kaçırdığı gerçekleri görür. Korkuyu yalnızca aşağıda yaşayanların öğretebileceği şekilde öğrenmeye hazırlanın!"
L_MASTER_NAME_DENIZEN,,Havelock,ハヴロック,Havelock,Havelock,Havelock,Havelock,Хэвлок,Havelock,哈夫洛克,哈弗洛克,해블록,Havelock,Гевлок,Havelock,Havelock
L_MASTER_DIALOG_DENIZEN,,The tides do not favor the loud or the brave. They favor the patient. The still. The drowned.\n\nFight me!,潮の流れは、騒がしい者や勇敢な者に味方しない。忍耐強い者に味方する。静かな者に。溺れた者に。\n\n私と戦え！,Die Gezeiten begünstigen weder die Lauten noch die Mutigen. Sie begünstigen die Geduldigen. Die Stillen. Die Ertrunkenen.\n\nKämpf gegen mich!,Les marées ne favorisent ni les bruyants ni les braves. Elles favorisent les patients. Les immobiles. Les noyés.\n\nBattez-moi !,Las mareas no favorecen a los ruidosos ni a los valientes. Favorecen a los pacientes. A los inmóviles. A los ahogados.\n\n¡Pelea conmigo!,As marés não favorecem os barulhentos ou os corajosos. Elas favorecem os pacientes. Os imóveis. Os afogados.\n\nLute comigo!,Приливы не благоволят шумным или храбрым. Они благоволят терпеливым. Неподвижным. Утонувшим.\n\nСразись со мной!,Le maree non favoriscono i rumorosi o i coraggiosi. Favoriscono i pazienti. Gli immobili. Gli annegati.\n\nCombattimi!,潮汐不會眷顧喧囂或勇敢之人。它眷顧的是有耐心的人。靜止的人。沉溺的人。\n\n來戰吧！,潮汐不会眷顾喧嚣者或勇敢者。它眷顾的是耐心者。静止者。沉溺者。\n\n来战吧！,파도는 시끄럽거나 용감한 자를 선호하지 않는다. 인내심 있는 자를 선호한다. 고요한 자. 익사한 자.\n\n나와 싸워라!,Przypływy nie sprzyjają głośnym ani odważnym. Sprzyjają cierpliwym. Nieruchomym. Utopionym.\n\nWalcz ze mną!,Припливи не сприяють гучним чи хоробрим. Вони сприяють терплячим. Нерухомим. Потопленим.\n\nБийся зі мною!,De getijden begunstigen niet de luidruchtigen of de dapperen. Ze begunstigen de geduldigen. De stillen. De verdronkenen.\n\nVecht met me!,"Gelgitler, gürültücüleri veya cesurları kayırmaz. Onlar sabırlı olanları kayırır. Hareketsiz olanları. Boğulmuş olanları.\n\nBenimle dövüş!"
