Tag,Notes,English,Japanese,German,French,Spanish,Portuguese,Russian,Italian,Chinese (Traditional),Chinese (Simplified),Korean,Polish,Ukrainian,Dutch,Turkish
L_OW_DESTROYED,,Destroyed!,破壊された！,Zerstört!,Détruit !,¡Destruido!,Destruído!,Уничтожено!,Distrutto!,摧毀！,已摧毁！,파괴됐다!,Zniszczony!,Знищено!,Vernietigd!,Yok edildi!
L_OW_RIFTSEALED,,Rift Sealed!,リフト封印完了！,Riss versiegelt!,Faille scellée !,¡Fisura sellada!,Fenda Selada!,Разлом запечатан!,Fenditura Sigillata!,裂隙已封印！,裂隙已封印！,균열 봉인!,Szczelina Zapieczętowana!,Розлом запечатано!,Scheur Verzegeld!,Yarık Mühürlendi!
L_OW_SORCERY_PORTAL,,This portal is summoning strange creatures from the future!\n\nThe creatures attack!,この門は未来から奇妙な生物を召喚している！\n\n生物が襲いかかってきた！,Dieses Portal beschwört seltsame Kreaturen aus der Zukunft!\n\nDie Kreaturen greifen an!,Ce portail invoque d'étranges créatures du futur !\n\nLes créatures attaquent !,Este portal está invocando extrañas criaturas del futuro!\n\n¡Las criaturas atacan!,Este portal está invocando criaturas estranhas do futuro!\n\nAs criaturas atacam!,Этот портал призывает странных существ из будущего!\n\nСущества атакуют!,Questo portale sta evocando strane creature dal futuro!\n\nLe creature attaccano!,這個傳送門正在召喚來自未來的奇怪生物！\n\n這些生物發動攻擊！,这个传送门正在召唤来自未来的奇怪生物！\n\n这些生物发起了攻击！,이 포털은 미래에서 이상한 생물체들을 소환하고 있다!\n\n생물체들이 공격해온다!,Ten portal przywołuje dziwne stworzenia z przyszłości!\n\nStworzenia atakują!,Цей портал викликає дивних істот з майбутнього!\n\nІстоти атакують!,Dit portaal roept vreemde wezens op uit de toekomst!\n\nDe wezens vallen aan!,Bu portal gelecekten tuhaf yaratıklar çağırıyor!\n\nYaratıklar saldırıyor!
L_OW_SPACE_SPIRE,,"Upon your approach, the strange spire begins to pulse rapidly. Moments later, an army of strange-looking creatures stands before you.\n\nThe creatures attack!",近づくと、奇妙な尖塔が急速に脈動し始める。数瞬後、奇妙な姿をした生物の軍団があなたの前に立ちはだかる。\n\n生物たちが襲いかかってきた！,Bei deiner Annäherung beginnt die seltsame Spitze schnell zu pulsieren. Kurz darauf steht eine Armee seltsam aussehender Kreaturen vor dir.\n\nDie Kreaturen greifen an!,"À votre approche, l'étrange flèche commence à pulser rapidement. Quelques instants plus tard, une armée de créatures à l'aspect étrange se dresse devant vous.\n\nLes créatures attaquent !","Al acercarte, la extraña aguja comienza a pulsar rápidamente. Momentos después, un ejército de criaturas de aspecto extraño se alza ante ti.\n\nLas criaturas atacan!","Ao se aproximar, a estranha torre começa a pulsar rapidamente. Momentos depois, um exército de criaturas de aparência estranha está diante de você.\n\nAs criaturas atacam!",При вашем приближении странный шпиль начинает быстро пульсировать. Мгновения спустя перед вами стоит армия странных существ.\n\nСущества атакуют!,"All'avvicinarti, la strana guglia inizia a pulsare rapidamente. Pochi istanti dopo, un esercito di creature dall'aspetto bizzarro si erge davanti a te.\n\nLe creature attaccano!",當你靠近時，奇怪的尖塔開始快速地脈動。片刻之後，一群外形怪異的生物出現在你面前。\n\n這些生物發動攻擊！,当你靠近时，这座奇怪的尖塔开始快速脉动。片刻之后，一群奇怪的生物出现在你面前。\n\n这些生物发起了攻击！,"당신이 다가가자, 이상한 첨탑이 빠르게 맥동하기 시작합니다. 잠시 후, 기이한 모습의 생물들로 이루어진 군대가 당신 앞에 서 있습니다.\n\n생물들이 공격합니다!","Gdy się zbliżasz, dziwna iglica zaczyna pulsować coraz szybciej. Chwilę później przed tobą staje armia dziwnie wyglądających stworzeń.\n\nStworzenia atakują!","Коли ви наближаєтесь, дивна вежа починає швидко пульсувати. За мить перед вами постає армія дивних істот.\n\nІстоти атакують!",Bij je nadering begint de vreemde torenspits snel te pulseren. Momenten later staat er een leger van vreemd uitziende wezens voor je.\n\nDe wezens vallen aan!,"Yaklaştığınızda, garip kule hızla titreşmeye başlar. Birkaç an sonra, tuhaf görünümlü yaratıklardan oluşan bir ordu karşınızda duruyor.\n\nYaratıklar saldırıyor!"
L_OW_ALCHEMY_C1,,Vial of Blue Liquid,青い液体の小瓶,Phiole mit blauer Flüssigkeit,Fiole de Liquide Bleu,Vial de Líquido Azul,Frasco de Líquido Azul,Флакон с синей жидкостью,Fiala di Liquido Blu,藍色液體瓶,一小瓶蓝色液体,푸른 액체 병,Fiolka Niebieskiego Płynu,Флакон синьої рідини,Flesje Blauwe Vloeistof,Mavi Sıvı Şişesi
L_OW_ALCHEMY_C2,,Pouch of Pink Flakes,ピンクの粉末の袋,Beutel mit rosa Flocken,Sacoche de Flocons Roses,Bolsa de Escamas Rosadas,Bolsa de Flocos Rosados,Мешочек розовых хлопьев,Sacchetto di Scaglie Rosa,粉紅碎片袋,一小袋粉色薄片,분홍색 조각 주머니,Sakiewka Różowych Płatków,Мішечок рожевих пластівців,Zakje Roze Vlokken,Pembe Pullar Kesesi
L_OW_ALCHEMY_C3,,Tincture of Yellow Oil,黄色油の調合薬,Tinktur aus gelbem Öl,Teinture d'Huile Jaune,Tintura de Aceite Amarillo,Tintura de Óleo Amarelo,Настойка Желтого Масла,Tintura di Olio Giallo,黃油酊劑,黄色油状酊剂,황유 팅크,Nalewka z Żółtego Oleju,Настоянка жовтої олії,Tinctuur van Gele Olie,Sarı Yağ Tentürü
L_OW_ALCHEMY_C4,,Bottle of Red Gas,赤いガスの瓶,Flasche mit rotem Gas,Bouteille de Gaz Rouge,Botella de Gas Rojo,Garrafa de Gás Vermelho,Бутылка красного газа,Bottiglia di Gas Rosso,紅色氣體瓶,一瓶红色气体,붉은 가스 병,Butelka Czerwonego Gazu,Пляшка Червоного Газу,Fles Rood Gas,Kırmızı Gaz Şişesi
L_OW_ALCHEMY_C5,,Flask of Green Ooze,緑色の粘液のフラスコ,Flasche mit grünem Schleim,Flacon de Limon Vert,Frasco de Limo Verde,Frasco de Gosma Verde,Фляга с Зелёной Слизью,Fiala di Melma Verde,綠色軟泥瓶,一瓶绿色软泥,녹색 점액 플라스크,Flakon Zielonego Śluzu,Фляга зеленого слизу,Flacon Groene Slijm,Yeşil Balçık Şişesi
L_OW_ALCHEMY_DONE,,You have already conducted an experiment here.,すでにここで実験を行っています。,Du hast hier bereits ein Experiment durchgeführt.,Vous avez déjà mené une expérience ici.,Ya has realizado un experimento aquí.,Você já conduziu um experimento aqui.,Вы уже проводили здесь эксперимент.,Hai già condotto un esperimento qui.,你已經在這裡進行過實驗了。,你已经在这里进行过实验了。,당신은 이미 여기서 실험을 수행했습니다.,Przeprowadziłeś już tutaj eksperyment.,Ви вже проводили тут експеримент.,Je hebt hier al een experiment uitgevoerd.,Burada zaten bir deney yaptın.
L_OW_ALCHEMY_WELCOME,,"This alchemy station contains several different components. If you mix two of them together, I'm sure nothing bad will happen.",この錬金術の作業台にはいくつかの異なる成分が入っています。もし2つを混ぜ合わせても、きっと何も悪いことは起こらないでしょう。,"Diese Alchemiestation enthält verschiedene Komponenten. Wenn du zwei davon miteinander vermischst, bin ich sicher, dass nichts Schlimmes passieren wird.","Cette station d'alchimie contient plusieurs composants différents. Si vous en mélangez deux ensemble, je suis sûr que rien de mal ne se produira.","Esta estación de alquimia contiene varios componentes diferentes. Si mezclas dos de ellos, estoy seguro de que no pasará nada malo.","Esta estação de alquimia contém vários componentes diferentes. Se você misturar dois deles, tenho certeza de que nada de ruim acontecerá.","Эта алхимическая станция содержит несколько различных компонентов. Если смешать два из них вместе, я уверен, ничего плохого не случится.","Questa stazione di alchimia contiene diversi componenti. Se ne mescoli due insieme, sono sicuro che non accadrà nulla di male.",這個鍊金術工作台包含了幾種不同的成分。如果你把其中兩種混合在一起，我相信不會有什麼壞事發生。,这个炼金工作台上有几种不同的试剂。如果你把其中两种混合在一起，我敢肯定不会发生什么坏事。,이 연금술 스테이션에는 여러 가지 다른 성분들이 들어 있습니다. 그중 두 가지를 섞어도 나쁜 일은 일어나지 않을 거예요.,"Ta stacja alchemiczna zawiera kilka różnych składników. Jeśli zmieszasz dwa z nich razem, jestem pewien, że nic złego się nie stanie.","Ця алхімічна станція містить кілька різних компонентів. Якщо ви змішаєте два з них разом, я впевнений, що нічого поганого не станеться.","Dit alchemiestation bevat verschillende componenten. Als je er twee mengt, ben ik er zeker van dat er niets ergs zal gebeuren.","Bu simya istasyonu birkaç farklı bileşen içeriyor. Eğer bunlardan ikisini karıştırırsan, eminim kötü bir şey olmayacaktır."
L_OW_ALCHEMY_CHOICE_START,1 = ingredient name,Let's start with the {1}.,{1}から始めましょう。,Beginnen wir mit dem {1}.,Commençons par le {1}.,Empecemos con el {1}.,Vamos começar com o {1}.,Начнем с {1}.,Iniziamo con il {1}.,讓我們從{1}開始。,让我们先加入{1}。,{1}부터 시작하자.,Zacznijmy od {1}.,Почнімо з {1}.,Laten we beginnen met de {1}.,{1} ile başlayalım.
L_OW_ALCHEMY_CHOICE_EXIT,,I'd probably set myself on fire. Better not.,自分を燃やしてしまいそうだ。やめておこう。,Ich würde mich wahrscheinlich selbst in Brand setzen. Besser nicht.,Je me mettrais probablement le feu. Mieux vaut pas.,Probablemente me prendería fuego. Mejor no.,Eu provavelmente me incendiaria. Melhor não.,"Я бы, наверное, сам себя поджёг. Лучше не надо.",Probabilmente mi darei fuoco. Meglio di no.,我大概會把自己燒著。還是算了吧。,我可能会把自己点着。还是算了。,아마 스스로를 불태울 것 같아. 그만두자.,Pewnie bym się podpalił. Lepiej nie.,"Я, мабуть, підпалю себе. Краще не треба.",Ik zou mezelf waarschijnlijk in brand steken. Beter van niet.,Muhtemelen kendimi ateşe veririm. Daha iyi olmasın.
L_OW_ALCHEMY_CHOICE_MIX,1 = ingredient name,Let's mix it with the {1}.,{1}と混ぜてみよう。,Mischen wir es mit dem {1}.,Mélangeons-le avec le {1}.,Mezclémoslo con el {1}.,Vamos misturar isso com o {1}.,Давайте смешаем это с {1}.,Mescoliamolo con {1}.,讓我們將它與{1}混合。,让我们把它与{1}混合。,{1}과 섞어보자.,Wymieszajmy to z {1}.,Змішаймо це з {1}.,Laten we het mengen met de {1}.,{1} ile karıştıralım.
L_OW_ALCHEMY_CHOICE_PROMPT,,What would you like to combine with the {1}?,{1}と何を組み合わせますか？,Was möchtest du mit dem {1} kombinieren?,Qu'aimeriez-vous combiner avec le {1} ?,¿Qué te gustaría combinar con el {1}?,O que você gostaria de combinar com o {1}?,Что вы хотите объединить с {1}?,Cosa vorresti combinare con il {1}?,你想要將什麼與{1}結合？,你想要将什么与{1}结合？,{1}과 무엇을 조합하시겠습니까?,Co chciałbyś połączyć z {1}?,Що ви хочете поєднати з {1}?,Wat wil je combineren met de {1}?,{1} ile neyi birleştirmek istersin?
L_OW_ALCHEMY_COMBINED,"1 = ingredient name, 2 = ingredient name","You combine the {1} with the {2}.\n\nThe two ingredients bubble and fizz, erupting in a vibrant explosion.",{1}と{2}を組み合わせた。\n\n二つの材料が泡立ち、シュワシュワと音を立て、鮮やかな爆発を起こした。,"Du kombinierst {1} mit {2}.\n\nDie beiden Zutaten blubbern und zischen, bevor sie in einer lebhaften Explosion ausbrechen.","Tu combines le {1} avec le {2}.\n\nLes deux ingrédients bouillonnent et pétillent, éclatant en une explosion vibrante.","Combinas el {1} con el {2}.\n\nLos dos ingredientes burbujean y chisporrotean, estallando en una explosión vibrante.","Você combina o {1} com o {2}.\n\nOs dois ingredientes borbulham e espumam, explodindo em uma vibrante explosão.","Вы соединяете {1} с {2}.\n\nДва ингредиента пузырятся и шипят, извергаясь ярким взрывом.","Combini {1} con {2}.\n\nI due ingredienti ribollono e sfrigolano, eruttando in un'esplosione vibrante.",你將{1}與{2}結合。\n\n這兩種材料冒泡並發出嘶嘶聲，爆發出一陣絢麗的爆炸。,你将{1}与{2}结合。\n\n这两种材料冒泡并嘶嘶作响，爆发出一阵绚丽的爆炸。,{1}과(와) {2}을(를) 조합했습니다.\n\n두 재료가 거품을 내며 끓어오르다가 화려한 폭발을 일으킵니다.,"Łączysz {1} z {2}.\n\nDwa składniki bulgoczą i musują, wybuchając w żywej eksplozji.","Ви поєднуєте {1} з {2}.\n\nДва інгредієнти булькають і шиплять, вибухаючи яскравим спалахом.","Je combineert de {1} met de {2}.\n\nDe twee ingrediënten borrelen en bruisen, en barsten uit in een levendige explosie.","{1} ile {2} birleştirdin.\n\nİki malzeme kabarcıklanıp köpürüyor, canlı bir patlamayla fışkırıyor."
L_OW_ALCHEMY_RESULT1,,The resulting concoction is actually {RES_POWER}!,出来上がった調合物の効力は実に{RES_POWER}だ！,Die resultierende Mixtur ist tatsächlich {RES_POWER}!,La mixture obtenue est en réalité {RES_POWER} !,¡La mezcla resultante es en realidad {RES_POWER}!,A mistura resultante é na verdade {RES_POWER}!,Получившееся зелье на самом деле {RES_POWER}!,La mistura risultante è in realtà {RES_POWER}!,最終的調製品實際上是{RES_POWER}！,最终的调制品竟然是{RES_POWER}！,결과물은 실제로 {RES_POWER}입니다!,Powstała mikstura jest tak naprawdę {RES_POWER}!,Отриманий відвар насправді {RES_POWER}!,De resulterende brouwsel is eigenlijk {RES_POWER}!,Ortaya çıkan karışım aslında {RES_POWER}!
L_OW_ALCHEMY_RESULT2,,The resulting concoction is actually {RES_CRYSTAL}!,出来上がった調合物は実際には{RES_CRYSTAL}だった！,Die resultierende Mischung ist tatsächlich {RES_CRYSTAL}!,La mixture obtenue est en fait {RES_CRYSTAL} !,¡La mezcla resultante es en realidad {RES_CRYSTAL}!,A mistura resultante é na verdade {RES_CRYSTAL}!,Полученное зелье на самом деле {RES_CRYSTAL}!,La mistura risultante è in realtà {RES_CRYSTAL}!,煉製出來的結果竟然是{RES_CRYSTAL}！,最终的调制品竟然是{RES_CRYSTAL}！,결과물은 실제로 {RES_CRYSTAL}입니다!,Powstała mikstura to tak naprawdę {RES_CRYSTAL}!,Отриманий відвар насправді {RES_CRYSTAL}!,De resulterende brouwsel is eigenlijk {RES_CRYSTAL}!,Ortaya çıkan karışım aslında {RES_CRYSTAL}!
L_OW_ALCHEMY_RESULT3,,The resulting concoction is actually {RES_ESSENCE}!,出来上がった調合物は実際には{RES_ESSENCE}だ！,Die resultierende Mixtur ist tatsächlich {RES_ESSENCE}!,La mixture obtenue est en fait {RES_ESSENCE} !,¡La mezcla resultante es en realidad {RES_ESSENCE}!,A mistura resultante é na verdade {RES_ESSENCE}!,Получившееся зелье на самом деле {RES_ESSENCE}!,La mistura risultante è in realtà {RES_ESSENCE}!,煉製出來的結果其實是{RES_ESSENCE}！,最终的调制品竟然是{RES_ESSENCE}！,결과물은 실제로 {RES_ESSENCE}입니다!,Powstała mikstura to tak naprawdę {RES_ESSENCE}!,Отриманий відвар насправді {RES_ESSENCE}!,De resulterende brouwsel is eigenlijk {RES_ESSENCE}!,Ortaya çıkan karışım aslında {RES_ESSENCE}!
L_OW_ALCHEMY_RESULT4,,The resulting concoction is certainly nothing that you've ever seen before. {GOD_SORCERY} would be interested to learn about your findings.,出来上がった調合物は確かにあなたが今まで見たことのないものだ。{GOD_SORCERY}はあなたの発見について知ることに興味を持つだろう。,"Die resultierende Mixtur ist definitiv nichts, was du je zuvor gesehen hast. {GOD_SORCERY} wäre daran interessiert, von deinen Entdeckungen zu erfahren.",La mixture qui en résulte n'est certainement rien de ce que vous avez vu auparavant. {GOD_SORCERY} serait intéressé d'en apprendre davantage sur vos découvertes.,La mezcla resultante es sin duda algo que nunca antes habías visto. {GOD_SORCERY} estaría interesado en conocer tus hallazgos.,A mistura resultante certamente não é nada que você já tenha visto antes. {GOD_SORCERY} estaria interessado em saber sobre suas descobertas.,"Получившееся зелье определенно не похоже ни на что из того, что вы видели раньше. {GOD_SORCERY} был бы заинтересован узнать о ваших находках.",La mistura risultante è certamente qualcosa che non hai mai visto prima. {GOD_SORCERY} sarebbe interessato a conoscere le tue scoperte.,這個調製出來的混合物絕對是你從未見過的東西。{GOD_SORCERY}會對你的發現感興趣。,这种混合物肯定是你从未见过的东西。{GOD_SORCERY}会对你的发现感兴趣。,결과물은 확실히 당신이 전에 본 적 없는 것입니다. {GOD_SORCERY}는 당신의 발견에 대해 알게 되면 관심을 보일 것입니다.,"Powstała mikstura to z pewnością coś, czego nigdy wcześniej nie widziałeś. {GOD_SORCERY} byłby zainteresowany poznaniem twoich odkryć.","Отриманий відвар, безумовно, не схожий ні на що з того, що ви бачили раніше. {GOD_SORCERY} було б цікаво дізнатися про ваші відкриття.",Het resulterende brouwsel is zeker niets wat je ooit eerder hebt gezien. {GOD_SORCERY} zou geïnteresseerd zijn om over je bevindingen te horen.,Ortaya çıkan karışım kesinlikle daha önce hiç görmediğin bir şey. {GOD_SORCERY} bulgularını öğrenmekle ilgilenecektir.
L_OW_ALCHEMY_RESULT5,1 = amount of favor,You gained {1} favor with {GODT_SORCERY}.,{1}の好意を{GODT_SORCERY}から得ました。,Du hast {1} Gunst bei {GODT_SORCERY} erhalten.,Vous avez gagné {1} faveur avec {GODT_SORCERY}.,Has ganado {1} favor con {GODT_SORCERY}.,Você ganhou {1} favor com {GODT_SORCERY}.,Вы получили {1} благосклонности от {GODT_SORCERY}.,Hai guadagnato {1} favore con {GODT_SORCERY}.,你獲得了{1}點{GODT_SORCERY}的好感度。,你获得了{1}点{GODT_SORCERY}的恩惠。,{1}의 호감도를 {GODT_SORCERY}에게 얻었습니다.,Zyskałeś {1} przychylności {GODT_SORCERY}.,Ви отримали {1} прихильності від {GODT_SORCERY}.,Je hebt {1} gunst verkregen bij {GODT_SORCERY}.,{1} {GODT_SORCERY} ile itibar kazandın.
L_OW_ALCHEMY_RESULT6,Occurs when nothing happens. This text follows L_OW_ALCHEMY_COMBINED.,…and that's about it.,…以上です。,…und das war's im Großen und Ganzen.,…et c'est à peu près tout.,…y eso es todo.,…e é basicamente isso.,"…и это, пожалуй, всё.",…e questo è tutto.,……大概就是這樣。,……就是这样。,…그게 다야.,…i to by było na tyle.,"…і це, мабуть, усе.",…en dat is ongeveer alles.,…ve hepsi bu kadar.
L_OW_ALCHEMY_RESULT7,,The resulting concoction is actually a bunch of treasure!,出来上がった調合物は実は宝物の山だった！,Die resultierende Mixtur ist tatsächlich ein Haufen Schätze!,La mixture obtenue est en réalité un tas de trésors !,¡La mezcla resultante es en realidad un montón de tesoro!,A mistura resultante é na verdade um monte de tesouro!,Полученное зелье на самом деле оказалось кучей сокровищ!,La mistura risultante è in realtà un mucchio di tesori!,結果這個調製品實際上是一堆寶藏！,最终的调制品竟然是是一堆宝藏！,결과물은 사실 보물 뭉치였다!,Powstała mikstura to tak naprawdę mnóstwo skarbów!,Отриманий відвар насправді виявився купою скарбів!,Het resulterende brouwsel is eigenlijk een hoop schatten!,Ortaya çıkan karışım aslında bir yığın hazine!
L_OW_ALCHEMY_RESULT8,,The resulting concoction is actually {RES_BRIMSTONE}!,出来上がった調合物は実は{RES_BRIMSTONE}だ！,Die resultierende Mixtur ist tatsächlich {RES_BRIMSTONE}!,La mixture obtenue est en fait {RES_BRIMSTONE} !,¡La mezcla resultante es en realidad {RES_BRIMSTONE}!,A mistura resultante é na verdade {RES_BRIMSTONE}!,Получившееся зелье на самом деле {RES_BRIMSTONE}!,La mistura risultante è in realtà {RES_BRIMSTONE}!,煉製出來的結果其實是{RES_BRIMSTONE}！,最终的调制品竟然是{RES_BRIMSTONE}！,결과물은 실제로 {RES_BRIMSTONE}입니다!,Powstała mikstura to tak naprawdę {RES_BRIMSTONE}!,Отриманий відвар насправді {RES_BRIMSTONE}!,De resulterende brouwsel is eigenlijk {RES_BRIMSTONE}!,Ortaya çıkan karışım aslında {RES_BRIMSTONE}!
L_OW_ALCHEMY_RESULT9,,The resulting concoction is actually an Emblem!,出来上がった調合物は実はエンブレムだった！,Das resultierende Gebräu ist tatsächlich ein Emblem!,La mixture obtenue est en fait un Emblème !,¡La mezcla resultante es en realidad un Emblema!,A mistura resultante é na verdade um Emblema!,Полученное зелье на самом деле является Эмблемой!,La mistura risultante è in realtà un Emblema!,所產生的調製物實際上是一個紋章！,最终的调制品竟然是一个徽章！,결과물은 실제로 엠블렘입니다!,Powstała mikstura to tak naprawdę Emblemat!,Отриманий відвар насправді є Емблемою!,Het resulterende brouwsel is eigenlijk een Embleem!,Ortaya çıkan karışım aslında bir Amblem!
L_OW_ALCHEMY_RESULT10,,The resulting concoction is actually {RES_GRANITE}!,出来上がった調合物は実は{RES_GRANITE}だ！,Die resultierende Mischung ist tatsächlich {RES_GRANITE}!,La mixture obtenue est en fait {RES_GRANITE} !,¡La mezcla resultante es en realidad {RES_GRANITE}!,A mistura resultante é na verdade {RES_GRANITE}!,Получившееся зелье на самом деле {RES_GRANITE}!,La mistura risultante è in realtà {RES_GRANITE}!,煉製出來的結果其實是{RES_GRANITE}！,最终的调制品竟然是{RES_GRANITE}！,결과물은 실제로 {RES_GRANITE}입니다!,Powstała mikstura to tak naprawdę {RES_GRANITE}!,Отриманий відвар насправді {RES_GRANITE}!,De resulterende brouwsel is eigenlijk {RES_GRANITE}!,Ortaya çıkan karışım aslında {RES_GRANITE}!
L_OW_ARCANEORB,,Found the Arcane Sphere! ({1} Resources),アルケインスフィアを見つけた！（{1}リソース）,Arkane Sphäre gefunden! ({1} Ressourcen),Sphère Arcanique trouvée ! ({1} Ressources),Encontraste la Esfera Arcana! ({1} Recursos),Encontrou a Esfera Arcana! ({1} Recursos),Найдена Тайная Сфера! ({1} Ресурсов),Trovata la Sfera Arcana! ({1} Risorse),發現了奧術寶珠！({1} 資源),找到了奥术晶球！（{1}资源）,신비한 구체를 발견했습니다! ({1} 자원),Znaleziono Sferę Tajemną! ({1} Zasobów),Знайдено Таємничу Сферу! ({1} Ресурсів),De Arcane Sfeer gevonden! ({1} Grondstoffen),Gizemli Küre bulundu! ({1} Kaynak)
L_OW_FAVORGAIN,"1 = favor amount, 2 = god name",+{1} Favor ({2}),+{1} 好感度 ({2}),+{1} Gunst ({2}),+{1} Faveur ({2}),+{1} Favor ({2}),+{1} Favor ({2}),+{1} Благосклонность ({2}),+{1} Favore ({2}),+{1} 好感度 ({2}),+{1}恩惠（{2}）,+{1} 호감도 ({2}),+{1} Przychylność ({2}),+{1} Прихильність ({2}),+{1} Gunst ({2}),+{1} Teveccüh ({2})
L_OW_BLOODSTAIN,,The bloodstain reveals a vivid glimpse of a great battle once fought in this very realm.,血痕は、かつてこの領域で繰り広げられた壮大な戦いの鮮明な一瞬を映し出している。,"Die Blutspur offenbart einen lebhaften Einblick in eine große Schlacht, die einst in diesem Reich ausgetragen wurde.",La tache de sang révèle un aperçu saisissant d'une grande bataille autrefois livrée en ce royaume même.,La mancha de sangre revela un vívido destello de una gran batalla que una vez se libró en este mismo reino.,A mancha de sangue revela um vislumbre vívido de uma grande batalha outrora travada neste mesmo reino.,"Кровавое пятно открывает яркое видение великой битвы, некогда произошедшей в этом самом мире.",La macchia di sangue rivela un vivido scorcio di una grande battaglia combattuta un tempo in questo stesso regno.,血跡揭示了一場曾在此界域中進行的偉大戰役的生動景象。,血迹生动地揭示了一场曾在这片领域中进行的伟大战役。,핏자국은 이 영역에서 한때 벌어졌던 위대한 전투의 생생한 모습을 드러낸다.,"Plama krwi ukazuje wyraźny obraz wielkiej bitwy, która niegdyś rozegrała się w tej krainie.","Кривава пляма відкриває яскравий проблиск великої битви, що колись відбулася в цьому самому світі.",De bloedvlek onthult een levendige glimp van een grote veldslag die ooit in dit rijk werd uitgevochten.,"Kan lekesi, bir zamanlar tam bu diyarda yapılmış büyük bir savaşın canlı bir görüntüsünü ortaya çıkarıyor."
L_OW_CREATURE_EXP,1 = exp amount,+{1} Creature EXP,+{1} 生物経験値,+{1} Kreatur-EXP,+{1} EXP de créature,+{1} EXP de Criatura,+{1} EXP de Criatura,+{1} Опыт существа,+{1} EXP Creatura,+{1} 生物經驗值,+{1}生物经验,+{1} 생물 경험치,+{1} PD Stworów,+{1} Досвід істоти,+{1} Wezen EXP,+{1} Yaratık TP
L_OW_BOOK_DESTROYED,,It disintegrates the moment you try to pick it up.,拾おうとした瞬間に崩れ去ってしまう。,"Es zerfällt in dem Moment, in dem du versuchst, es aufzuheben.",Il se désintègre dès que vous essayez de le ramasser.,Se desintegra en el momento en que intentas recogerlo.,Ele se desintegra no momento em que você tenta pegá-lo.,"Оно рассыпается в тот момент, когда вы пытаетесь его поднять.",Si disintegra nel momento in cui provi a raccoglierlo.,當你試圖拾取它時，它立刻瓦解了。,当你试图拿起它时，它立刻分解了。,집으려고 하는 순간 그것은 분해됩니다.,"Rozpada się w momencie, gdy próbujesz to podnieść.","Воно розпадається в ту мить, коли ви намагаєтесь його підняти.",Het valt uiteen op het moment dat je het probeert op te pakken.,Almaya çalıştığın anda dağılıyor.
L_OW_BOOK_BATTLE,,These books are alive!\n\nThey attack!,これらの本は生きている！\n\n攻撃してきた！,Diese Bücher leben!\n\nSie greifen an!,Ces livres sont vivants !\n\nIls attaquent !,¡Estos libros están vivos!\n\n¡Atacan!,Estes livros estão vivos!\n\nEles atacam!,Эти книги живые!\n\nОни атакуют!,Questi libri sono vivi!\n\nAttaccano!,這些書是有生命的！\n\n它們發動攻擊！,这些书是有生命的！\n\n它们发起了攻击！,이 책들은 살아있다!\n\n그들이 공격한다!,Te książki żyją!\n\nAtakują!,Ці книги живі!\n\nВони атакують!,Deze boeken leven!\n\nZe vallen aan!,Bu kitaplar canlı!\n\nSaldırıyorlar!
L_OW_CAGE_SHADOWS,,"You approach the cage that appears to be crammed full of shadowy creatures. Unfortunately, shadows don't have mass, so they easily slip out of the cage and laugh at you menacingly.\n\nThe creatures attack!",影の生き物でぎっしり詰まっているように見える檻に近づく。残念ながら、影には質量がないため、簡単に檻から抜け出し、不気味に笑いながらあなたを見つめる。\n\n生き物たちが襲いかかってきた！,"Du näherst dich dem Käfig, der mit schattenhaften Kreaturen vollgestopft zu sein scheint. Leider haben Schatten keine Masse, sodass sie mühelos aus dem Käfig schlüpfen und dich bedrohlich auslachen.\n\nDie Kreaturen greifen an!","Vous vous approchez de la cage qui semble être remplie de créatures ténébreuses. Malheureusement, les ombres n'ont pas de masse, elles s'échappent donc facilement de la cage et vous rient au nez de façon menaçante.\n\nLes créatures attaquent !","Te acercas a la jaula que parece estar repleta de criaturas sombrías. Desafortunadamente, las sombras no tienen masa, por lo que se deslizan fácilmente fuera de la jaula y se ríen de ti de manera amenazante.\n\nLas criaturas atacan!","Você se aproxima da jaula que parece estar abarrotada de criaturas sombrias. Infelizmente, sombras não têm massa, então elas facilmente escapam da jaula e riem de você de forma ameaçadora.\n\nAs criaturas atacam!","Вы подходите к клетке, которая кажется набитой теневыми существами. К сожалению, у теней нет массы, поэтому они легко выскальзывают из клетки и угрожающе смеются над вами.\n\nСущества атакуют!","Ti avvicini alla gabbia che sembra essere piena zeppa di creature d'ombra. Sfortunatamente, le ombre non hanno massa, quindi scivolano facilmente fuori dalla gabbia e ridono minacciosamente verso di te.\n\nLe creature attaccano!",你走近那個似乎塞滿了陰影生物的籠子。不幸的是，陰影沒有實體，所以它們輕易地從籠子中溜出，並威脅地對你發出嘲笑。\n\n那些生物發動攻擊！,你走近那个看起来塞满了阴影生物的笼子。不幸的是，阴影没有实体，所以它们轻易地从笼子中溜出，威胁性地嘲笑着你。\n\n这些生物发起了攻击！,"그림자 생물들로 가득 차 있는 것처럼 보이는 우리에 다가갑니다. 불행히도, 그림자는 질량이 없어서 쉽게 우리에서 빠져나와 당신을 위협적으로 비웃습니다.\n\n생물들이 공격합니다!","Podchodzisz do klatki, która wydaje się być wypełniona po brzegi cienistymi stworzeniami. Niestety, cienie nie mają masy, więc z łatwością wymykają się z klatki i złowieszczo się z ciebie śmieją.\n\nStworzenia atakują!","Ви підходите до клітки, яка здається переповненою тіньовими істотами. На жаль, тіні не мають маси, тому вони легко вислизають з клітки і зловісно сміються над вами.\n\nІстоти атакують!","Je nadert de kooi die vol lijkt te zitten met schaduwachtige wezens. Helaas hebben schaduwen geen massa, dus ze glippen gemakkelijk uit de kooi en lachen je dreigend uit.\n\nDe wezens vallen aan!","Gölgeli yaratıklarla tıka basa dolu görünen kafese yaklaşıyorsun. Ne yazık ki, gölgelerin kütlesi olmadığından, kolayca kafesin dışına kayıp tehditkâr bir şekilde sana gülüyorlar.\n\nYaratıklar saldırıyor!"
L_OW_SPLAT,,"One of your creatures begins to roll around in the sticky, green mucus on the floor.\n\nAs luck would have it, the mucus is actually a pack of Slimes who were resting, and they're not very happy that you disturbed their slumber.\n\nThe creatures attack!",あなたの生物の一体が床の粘着性のある緑色の粘液の中で転がり始めた。\n\n運の悪いことに、その粘液は実は休んでいたスライムの群れで、彼らは眠りを妨げられたことをとても不快に思っている。\n\n生物たちが攻撃してきた！,"Eine deiner Kreaturen beginnt, sich in dem klebrigen, grünen Schleim auf dem Boden zu wälzen.\n\nWie der Zufall es will, ist der Schleim eigentlich eine Gruppe von Schleimen, die sich ausruhten, und sie sind nicht sehr erfreut darüber, dass du ihren Schlummer gestört hast.\n\nDie Kreaturen greifen an!","L'une de vos créatures commence à se rouler dans le mucus vert et collant sur le sol.\n\nComme par malchance, le mucus est en réalité un groupe de Slimes qui se reposaient, et ils ne sont pas très contents que vous ayez perturbé leur sommeil.\n\nLes créatures attaquent !","Una de tus criaturas comienza a revolcarse en el mucus verde y pegajoso del suelo.\n\nPor azares del destino, el mucus es en realidad un grupo de Slimes que estaban descansando, y no están muy contentos de que hayas perturbado su sueño.\n\n¡Las criaturas atacan!","Uma de suas criaturas começa a rolar na gosma verde e pegajosa no chão.\n\nPor azar, a gosma é na verdade um grupo de Slimes que estavam descansando, e eles não estão muito felizes por você ter perturbado o sono deles.\n\nAs criaturas atacam!","Одно из ваших существ начинает кататься в липкой, зеленой слизи на полу.\n\nКак назло, эта слизь на самом деле оказывается группой Слизней, которые отдыхали, и они совсем не рады, что вы потревожили их сон.\n\nСущества атакуют!","Una delle tue creature inizia a rotolarsi nel muco verde e appiccicoso sul pavimento.\n\nPer tua sfortuna, il muco è in realtà un gruppo di Melme che stavano riposando, e non sono molto felici che tu abbia disturbato il loro sonno.\n\nLe creature attaccano!",你的其中一隻生物開始在地板上黏稠的綠色黏液中打滾。\n\n碰巧，這黏液實際上是一群正在休息的史萊姆，牠們對你打擾了牠們的睡眠感到非常不滿。\n\n這些生物發動攻擊！,你的一个生物开始在地板上的黏糊糊、绿色的粘液中打滚。\n\n碰巧的是，这粘液实际上是一群正在休息的史莱姆，它们对你打扰了它们的睡眠感到非常不满。\n\n这些生物发起了攻击！,"당신의 생물 중 하나가 바닥에 있는 끈적끈적한 녹색 점액 위에서 뒹굴기 시작합니다.\n\n운 나쁘게도, 그 점액은 사실 휴식을 취하고 있던 슬라임 무리였고, 그들은 당신이 그들의 잠을 방해한 것에 대해 매우 불쾌해합니다.\n\n생물들이 공격해옵니다!","Jedno z twoich stworzeń zaczyna tarzać się w lepkim, zielonym śluzie na podłodze.\n\nJak na złość, śluz okazuje się być grupą Szlamów, które odpoczywały, i nie są zbyt zadowolone, że przerwałeś ich drzemkę.\n\nStworzenia atakują!","Одне з ваших створінь починає кататися в липкому, зеленому слизу на підлозі.\n\nЯк на зло, слиз виявляється зграєю Слимаків, які відпочивали, і вони не дуже раді, що ви потурбували їхній сон.\n\nСтворіння атакують!","Een van je wezens begint te rollen in de kleverige, groene slijm op de vloer.\n\nZoals het lot wil, is het slijm eigenlijk een groep Slimes die aan het rusten waren, en ze zijn niet erg blij dat je hun sluimer hebt verstoord.\n\nDe wezens vallen aan!","Yaratıklarınızdan biri yerdeki yapışkan, yeşil mukusun içinde yuvarlanmaya başlar.\n\nŞansınıza, mukus aslında dinlenmekte olan bir grup Balçık'mış ve siz onların uykusunu bölünce hiç de mutlu olmadılar.\n\nYaratıklar saldırıyor!"
L_OW_COLORMUSHROOMS,,You obtained some colorful mushrooms.,カラフルなキノコを手に入れた。,Du hast einige bunte Pilze erhalten.,Vous avez obtenu des champignons colorés.,Has obtenido algunas setas coloridas.,Você obteve alguns cogumelos coloridos.,Вы получили несколько разноцветных грибов.,Hai ottenuto alcuni funghi colorati.,你獲得了一些色彩繽紛的蘑菇。,你获得了一些色彩斑斓的蘑菇。,알록달록한 버섯을 얻었습니다.,Zdobyłeś kolorowe grzyby.,Ви отримали кілька барвистих грибів.,Je hebt wat kleurrijke paddenstoelen verkregen.,Renkli mantarlar elde ettin.
L_OW_CONCH,,You obtained a conch shell.,貝殻を手に入れた。,Du hast eine Muschelschale erhalten.,Vous avez obtenu un coquillage de conque.,Has obtenido una concha de caracol.,Você obteve uma concha.,Вы получили раковину моллюска.,Hai ottenuto una conchiglia.,你獲得了一個海螺殼。,你获得了一个海螺壳。,조개껍데기를 획득했습니다.,Zdobyłeś muszlę.,Ви отримали мушлю.,Je hebt een schelphoorn verkregen.,Bir deniz kabuğu elde ettin.
L_OW_DEMON_HELLO,,You channel the demonic powers of the statue...,彫像の悪魔的な力を取り込んだ…,Du kanalisierst die dämonischen Kräfte der Statue...,Tu canalises les pouvoirs démoniaques de la statue...,Canalizas los poderes demoníacos de la estatua...,Você canaliza os poderes demoníacos da estátua...,Вы направляете демонические силы статуи...,Canalizzi i poteri demoniaci della statua...,你引導了雕像的惡魔之力...,你引导了雕像的恶魔之力……,당신은 석상의 악마적인 힘을 끌어들인다...,Przyzywasz demoniczne moce posągu...,Ви спрямовуєте демонічні сили статуї...,Je kanaliseert de demonische krachten van het standbeeld...,Heykelin şeytani güçlerini kanalize ediyorsun...
L_OW_DEMON_RESOURCES,,A pile of resources appears at your feet.,足元に資源の山が現れた。,Ein Haufen Ressourcen erscheint zu deinen Füßen.,Un tas de ressources apparaît à vos pieds.,Un montón de recursos aparece a tus pies.,Uma pilha de recursos aparece aos seus pés.,Куча ресурсов появляется у ваших ног.,Un mucchio di risorse appare ai tuoi piedi.,一堆資源出現在你的腳邊。,一堆资源出现在你的脚边。,자원 더미가 당신의 발 앞에 나타납니다.,Sterta zasobów pojawia się u twoich stóp.,Купа ресурсів з'являється біля ваших ніг.,Een stapel grondstoffen verschijnt aan je voeten.,Ayaklarının dibinde bir kaynak yığını beliriyor.
L_OW_DEMON_BATTLE,,It summons a powerful adversary to attack you and your creatures!,強力な敵を召喚し、あなたとあなたの生物を攻撃させる！,"Es beschwört einen mächtigen Gegner, der dich und deine Kreaturen angreift!","Il invoque un puissant adversaire pour vous attaquer, vous et vos créatures !",Invoca a un poderoso adversario para atacarte a ti y a tus criaturas.,Ele invoca um poderoso adversário para atacar você e suas criaturas!,"Призывает могущественного противника, который атакует вас и ваших существ!",Evoca un potente avversario per attaccare te e le tue creature!,它召喚了一個強大的敵人來攻擊你和你的生物！,它召唤了一个强大的敌人来攻击你和你的生物！,강력한 적을 소환하여 당신과 당신의 생물들을 공격합니다!,"Przywołuje potężnego przeciwnika, który atakuje ciebie i twoje stworzenia!","Воно викликає могутнього супротивника, щоб атакувати вас і ваших істот!",Het roept een machtige tegenstander op om jou en je wezens aan te vallen!,Güçlü bir düşmanı seni ve yaratıklarını saldırmak için çağırır!
L_OW_DEMON_FAVOR,1 = favor amount,You feel a bit more loved by the gods.\n\nYou gained {1} Favor with every god.,神々からもう少し愛されていると感じる。\n\n全ての神との好意度が{1}上昇した。,Du fühlst dich von den Göttern etwas mehr geliebt.\n\nDu hast {1} Gunst bei jedem Gott erhalten.,Tu te sens un peu plus aimé par les dieux.\n\nTu as gagné {1} Faveur auprès de chaque dieu.,Te sientes un poco más amado por los dioses.\n\nHas ganado {1} Favor con todos los dioses.,Você se sente um pouco mais amado pelos deuses.\n\nVocê ganhou {1} Favor com todos os deuses.,"Вы чувствуете, что боги любят вас немного больше.\n\nВы получили {1} Благосклонности от каждого бога.",Ti senti un po' più amato dagli dei.\n\nHai guadagnato {1} Favore con ogni dio.,你感覺神明對你的喜愛增加了一些。\n\n你獲得了與所有神明的{1}點好感。,你感觉神明对你的喜爱增加了一些。\n\n你获得了每个神明的{1}恩惠。,당신은 신들에게 조금 더 사랑받는 느낌이 듭니다.\n\n모든 신과의 호감도가 {1} 증가했습니다.,Czujesz się nieco bardziej kochany przez bogów.\n\nZyskałeś {1} Przychylności u każdego boga.,"Ви відчуваєте, що боги люблять вас трохи більше.\n\nВи отримали {1} Прихильності від кожного бога.",Je voelt je wat meer geliefd door de goden.\n\nJe hebt {1} Gunst gekregen bij elke god.,Tanrılar tarafından biraz daha sevildiğini hissediyorsun.\n\nTüm tanrılarla {1} Lütuf kazandın.
L_OW_DEMON_TREASUREGOLEM,,"Surprisingly, the shrine summons a cute little creature. The creature gives you a big hug, giggles softly, and then runs away.",驚いたことに、祠から可愛らしい小さな生き物が現れた。その生き物はあなたに大きなハグをし、小さく笑うと、走り去っていった。,"Überraschenderweise beschwört der Schrein eine niedliche kleine Kreatur. Die Kreatur gibt dir eine große Umarmung, kichert leise und läuft dann davon.","Étonnamment, le sanctuaire invoque une adorable petite créature. La créature vous fait un gros câlin, glousse doucement, puis s'enfuit.","Sorprendentemente, el santuario invoca a una pequeña y adorable criatura. La criatura te da un gran abrazo, ríe suavemente y luego se escapa corriendo.","Surpreendentemente, o santuário invoca uma criaturinha fofa. A criatura te dá um grande abraço, ri baixinho e depois foge.","Удивительно, но святилище призывает милое маленькое существо. Существо крепко обнимает вас, тихонько хихикает, а затем убегает.","Sorprendentemente, il santuario evoca una piccola creatura carina. La creatura ti dà un grande abbraccio, ridacchia dolcemente, e poi scappa via.",令人驚訝的是，神社召喚出一隻可愛的小生物。這個生物給了你一個大大的擁抱，輕聲咯咯笑著，然後跑走了。,令人惊讶的是，神龛召唤出了一个可爱的小生物。这个生物给了你一个大大的拥抱，轻轻地咯咯笑着，然后跑开了。,"놀랍게도, 신사는 귀여운 작은 생물을 소환합니다. 그 생물은 당신에게 큰 포옹을 해주고, 살짝 킥킥거리더니, 그리고는 달아납니다.","Ku twojemu zaskoczeniu, świątynia przywołuje urocze małe stworzonko. Stworzonko daje ci wielkiego przytulasa, chichocze cicho, a następnie ucieka.","На диво, святиня викликає маленьке миле створіння. Створіння міцно обіймає тебе, тихенько хихикає, а потім тікає.","Verrassend genoeg roept het heiligdom een schattig klein wezentje op. Het wezentje geeft je een dikke knuffel, giechelt zachtjes, en rent dan weg.","Şaşırtıcı bir şekilde, tapınak sevimli küçük bir yaratık çağırıyor. Yaratık sana büyük bir sarılma veriyor, hafifçe kıkırdıyor ve sonra kaçıp gidiyor."
L_OW_DEMON_TREASURE,,The shrine summoned a treasure chest!,祠から宝箱が召喚された！,Der Schrein beschwor eine Schatztruhe!,Le sanctuaire a fait apparaître un coffre au trésor !,¡El santuario invocó un cofre del tesoro!,O santuário invocou um baú do tesouro!,Святилище призвало сундук с сокровищами!,Il santuario ha evocato un forziere!,神社召喚出一個寶箱！,神龛召唤出了一个宝箱！,신사가 보물 상자를 소환했다!,Świątynia przywołała skrzynię skarbów!,Святилище викликало скриню зі скарбами!,Het heiligdom heeft een schatkist opgeroepen!,Tapınak bir hazine sandığı çağırdı!
L_OW_DEMON_BOSS,,It summons a family of powerful adversaries to attack you and your creatures!,強力な敵の一族を召喚し、あなたとあなたの生物を攻撃させる！,"Es beschwört eine Familie mächtiger Gegner, die dich und deine Kreaturen angreifen!","Il invoque une famille d'adversaires puissants pour vous attaquer, vous et vos créatures !",Invoca a una familia de poderosos adversarios para atacarte a ti y a tus criaturas.,Ele invoca uma família de poderosos adversários para atacar você e suas criaturas!,"Призывает семейство могущественных противников, чтобы атаковать вас и ваших существ!",Evoca una famiglia di potenti avversari per attaccare te e le tue creature!,它召喚了一群強大的敵人來攻擊你和你的生物！,它召唤了一群强大的敌人来攻击你和你的生物！,강력한 적들의 무리를 소환하여 당신과 당신의 생물들을 공격합니다!,"Przywołuje rodzinę potężnych przeciwników, którzy atakują ciebie i twoje stworzenia!","Воно викликає сімейство могутніх супротивників, щоб атакувати вас і ваших істот!",Het roept een familie van machtige tegenstanders op om jou en je wezens aan te vallen!,Seni ve yaratıklarını saldırmak için güçlü düşmanların bir ailesini çağırır!
L_OW_DEMON_DUMPLING,,"Surprisingly, the shrine summons a cute little creature. It appears to be made of dough. It blinks at you for a few moments before scurrying away.",驚いたことに、祠から可愛らしい小さな生き物が現れた。それは生地でできているようだ。数瞬間あなたを見つめた後、急いで逃げ去った。,"Überraschenderweise beschwört der Schrein eine niedliche kleine Kreatur. Sie scheint aus Teig zu bestehen. Sie blinzelt dich für einige Momente an, bevor sie davonhuscht.","Étonnamment, le sanctuaire invoque une adorable petite créature. Elle semble être faite de pâte. Elle cligne des yeux vers vous pendant quelques instants avant de s'enfuir précipitamment.","Sorprendentemente, el santuario invoca a una pequeña y adorable criatura. Parece estar hecha de masa. Te mira parpadeando durante unos momentos antes de escabullirse.","Surpreendentemente, o santuário invoca uma pequena criatura fofa. Ela parece ser feita de massa. Ela pisca para você por alguns momentos antes de fugir apressadamente.","Удивительно, но святилище призывает милое маленькое существо. Кажется, оно сделано из теста. Оно моргает, глядя на вас несколько мгновений, прежде чем убежать прочь.","Sorprendentemente, il santuario evoca una graziosa creaturina. Sembra essere fatta di pasta. Ti fissa per qualche istante prima di scappare via.",令人驚訝的是，神社召喚出一隻可愛的小生物。它看起來像是由麵團做成的。它眨了眨眼看著你幾秒鐘，然後匆匆跑開了。,令人惊讶的是，神龛召唤出了一个可爱的小生物。它看起来像是由面团做成的。它朝你眨了几下眼睛，然后匆匆跑开了。,"놀랍게도, 신사는 귀여운 작은 생물을 소환합니다. 그것은 반죽으로 만들어진 것처럼 보입니다. 잠시 동안 당신을 향해 눈을 깜빡이더니 서둘러 도망쳐 버립니다.","Ku twojemu zaskoczeniu, świątynia przywołuje małe, urocze stworzonko. Wygląda, jakby było zrobione z ciasta. Mruga na ciebie przez kilka chwil, po czym szybko ucieka.","На диво, святиня викликає маленьке миле створіння. Здається, воно зроблене з тіста. Воно кілька секунд кліпає на вас, перш ніж швидко втекти.",Verrassend genoeg roept het heiligdom een schattig klein wezentje op. Het lijkt gemaakt van deeg. Het knippert een paar momenten met zijn ogen naar je voordat het wegrent.,"Şaşırtıcı bir şekilde, tapınak sevimli küçük bir yaratık çağırıyor. Hamurdan yapılmış gibi görünüyor. Koşup gitmeden önce birkaç saniye sana göz kırpıyor."
L_OW_DEMON_SCREAM,,"The shrine emits a horrible, ear-piercing scream. It's loud, obnoxious, and intolerable. Just when you think you can't endure another moment of this noise, it suddenly stops.\n\nUnfortunately, all the commotion caused several nearby enemies to take notice of your presence.",祠から恐ろしい、耳を貫くような悲鳴が発せられる。それは大きく、不快で、耐え難い。もうこの騒音に耐えられないと思った瞬間、突然止む。\n\n不運なことに、この騒動によって近くにいた敵があなたの存在に気づいてしまった。,"Der Schrein stößt einen schrecklichen, ohrenbetäubenden Schrei aus. Er ist laut, widerwärtig und unerträglich. Gerade als du denkst, du könntest keinen weiteren Moment dieses Lärms ertragen, hört er plötzlich auf.\n\nLeider hat der ganze Tumult dafür gesorgt, dass mehrere Feinde in der Nähe auf deine Anwesenheit aufmerksam geworden sind.","Le sanctuaire émet un horrible cri perçant. C'est bruyant, insupportable et intolérable. Juste au moment où vous pensez ne plus pouvoir endurer un instant de plus ce vacarme, il s'arrête soudainement.\n\nMalheureusement, tout ce tapage a attiré l'attention de plusieurs ennemis à proximité.","El santuario emite un horrible grito ensordecedor. Es fuerte, molesto e intolerable. Justo cuando crees que no puedes soportar ni un momento más de este ruido, de repente se detiene.\n\nDesafortunadamente, todo el alboroto hizo que varios enemigos cercanos notaran tu presencia.","O santuário emite um grito horrível e ensurdecedor. É alto, irritante e intolerável. Justo quando você acha que não pode suportar nem mais um momento desse barulho, ele para de repente.\n\nInfelizmente, toda essa comoção fez com que vários inimigos próximos notassem sua presença.","Святилище издает ужасный, режущий уши крик. Он громкий, отвратительный и невыносимый. Как раз когда вы думаете, что не можете вытерпеть еще мгновение этого шума, он внезапно прекращается.\n\nК сожалению, весь этот переполох привлек внимание нескольких ближайших врагов к вашему присутствию.","Il santuario emette un orribile urlo assordante. È forte, fastidioso e intollerabile. Proprio quando pensi di non poter sopportare un altro momento di questo rumore, si interrompe improvvisamente.\n\nPurtroppo, tutto questo trambusto ha fatto sì che diversi nemici nelle vicinanze si accorgessero della tua presenza.",神社發出一陣可怕的、刺耳的尖叫聲。聲音既響亮、又惱人、令人難以忍受。就在你認為自己再也無法忍受這噪音的時候，它突然停止了。\n\n不幸的是，所有的騷動引起了附近幾個敵人注意到你的存在。,神龛发出一声可怕的、刺耳的尖叫。声音响亮、令人厌恶且难以忍受。就在你认为自己再也无法忍受这噪音的时候，它突然停止了。\n\n不幸的是，这所有的骚动让附近几群敌人注意到了你的存在。,"신사에서 끔찍하고 귀를 찢는 비명이 울려 퍼집니다. 시끄럽고, 짜증나며, 참을 수 없습니다. 이 소음을 더 이상 견딜 수 없다고 생각하는 순간, 갑자기 멈춥니다.\n\n불행히도, 이 소동으로 인해 근처의 여러 적들이 당신의 존재를 알아차렸습니다.","Świątynia wydaje z siebie straszliwy, przeszywający uszy krzyk. Jest głośny, irytujący i nie do zniesienia. Właśnie gdy myślisz, że nie wytrzymasz ani chwili dłużej tego hałasu, nagle ustaje.\n\nNiestety, całe to zamieszanie sprawiło, że kilku pobliskich wrogów zauważyło twoją obecność.","Святиня видає жахливий, пронизливий крик. Він гучний, нестерпний і нестерпний. Саме коли ви думаєте, що не можете витримати ще мить цього шуму, він раптово припиняється.\n\nНа жаль, весь цей переполох привернув увагу кількох ворогів поблизу до вашої присутності.","Het heiligdom stoot een verschrikkelijke, oorverdovende schreeuw uit. Het is luid, irritant en ondraaglijk. Net wanneer je denkt dat je geen moment langer deze herrie kunt verdragen, stopt het plotseling.\n\nHelaas heeft al het tumult ervoor gezorgd dat verschillende vijanden in de buurt je aanwezigheid hebben opgemerkt.","Tapınak korkunç, kulak tırmalayan bir çığlık atıyor. Yüksek, rahatsız edici ve dayanılmaz. Tam bu gürültüye bir an daha katlanamayacağını düşündüğün anda, aniden duruyor.\n\nNe yazık ki, tüm bu kargaşa yakındaki birkaç düşmanın varlığını fark etmesine neden oldu."
L_OW_DEMON_TRINKETS,,A handful of trinkets appears at your feet.,小さな装飾品がいくつか足元に現れた。,Eine Handvoll Kleinigkeiten erscheint zu deinen Füßen.,Une poignée de babioles apparaît à vos pieds.,Un puñado de baratijas aparece a tus pies.,Um punhado de bugigangas aparece aos seus pés.,Горстка безделушек появляется у ваших ног.,Una manciata di ninnoli appare ai tuoi piedi.,一些小飾品出現在你的腳邊。,一些小饰物出现在你的脚边。,몇 개의 장신구가 당신의 발 앞에 나타납니다.,Garść bibelotów pojawia się u twoich stóp.,Жменька дрібничок з'являється біля ваших ніг.,Een handvol snuisterijen verschijnt aan je voeten.,Ayaklarının dibinde bir avuç ıvır zıvır beliriyor.
L_OW_DEMON_NOTHING,,...but nothing happens.,...しかし何も起こらない。,...aber nichts passiert.,...mais rien ne se passe.,...pero no ocurre nada.,...mas nada acontece.,...но ничего не происходит.,...ma non succede nulla.,...但什麼也沒發生。,……但是什么也没发生。,...하지만 아무 일도 일어나지 않는다.,...ale nic się nie dzieje.,...але нічого не відбувається.,...maar er gebeurt niets.,...ama hiçbir şey olmuyor.
L_OW_DEVILEGGS,,Some peculiar-looking eggs.,奇妙な見た目の卵。,Einige seltsam aussehende Eier.,Des œufs à l'apparence étrange.,Unos huevos de aspecto peculiar.,Alguns ovos de aparência peculiar.,Какие-то странные на вид яйца.,Alcune uova dall'aspetto particolare.,一些奇特的蛋。,一些奇特的蛋。,이상하게 생긴 알들.,Kilka dziwnie wyglądających jaj.,Якісь дивні яйця.,Enkele vreemd uitziende eieren.,Bazı tuhaf görünümlü yumurtalar.
L_OW_DEVILEGGS_BATTLE,,"As you start to collect the eggs, you suddenly realize that you're surrounded by a pack of angry creatures.\n\nThe creatures attack!",卵を集め始めると、突然、怒った生物の群れに囲まれていることに気づく。\n\n生物たちが襲いかかってきた！,"Als du beginnst, die Eier einzusammeln, wird dir plötzlich bewusst, dass du von einem Rudel wütender Kreaturen umzingelt bist.\n\nDie Kreaturen greifen an!","Alors que vous commencez à ramasser les œufs, vous réalisez soudain que vous êtes encerclé par une meute de créatures en colère.\n\nLes créatures attaquent !","Mientras empiezas a recoger los huevos, de repente te das cuenta de que estás rodeado por una manada de criaturas furiosas.\n\n¡Las criaturas atacan!","Quando você começa a coletar os ovos, percebe de repente que está cercado por um bando de criaturas furiosas.\n\nAs criaturas atacam!","Когда вы начинаете собирать яйца, вы внезапно понимаете, что вас окружила стая разъяренных существ.\n\nСущества атакуют!","Mentre inizi a raccogliere le uova, ti rendi improvvisamente conto di essere circondato da un branco di creature infuriate.\n\nLe creature attaccano!",當你開始收集蛋時，你突然意識到自己被一群憤怒的生物包圍了。\n\n這些生物發動攻擊！,当你开始收集蛋的时候，你突然意识到自己被一群愤怒的生物包围了。\n\n这些生物发起了攻击！,"알을 모으기 시작하자, 갑자기 당신은 화가 난 생물들의 무리에게 둘러싸여 있다는 것을 깨닫습니다.\n\n생물들이 공격합니다!","Gdy zaczynasz zbierać jaja, nagle zdajesz sobie sprawę, że otacza cię stado wściekłych stworzeń.\n\nStworzenia atakują!","Коли ви починаєте збирати яйця, то раптом розумієте, що вас оточила зграя розлючених істот.\n\nІстоти атакують!","Terwijl je de eieren begint te verzamelen, besef je plotseling dat je omringd bent door een groep woedende wezens.\n\nDe wezens vallen aan!","Yumurtaları toplamaya başladığınızda, aniden öfkeli yaratıklardan oluşan bir sürünün sizi çevrelediğini fark edersiniz.\n\nYaratıklar saldırıyor!"
L_OW_DRIFTWOOD,,You obtained some driftwood.,流木を手に入れた。,Du hast etwas Treibholz erhalten.,Vous avez obtenu du bois flotté.,Has obtenido algo de madera flotante.,Você obteve um pouco de madeira à deriva.,Вы получили немного плавника.,Hai ottenuto della legna di mare.,你獲得了一些浮木。,你获得了一些浮木。,표류목을 얻었습니다.,Zdobyłeś trochę drewna wyrzuconego przez morze.,Ви отримали трохи плавучої деревини.,Je hebt wat drijfhout verkregen.,Biraz sürüklenen odun elde ettin.
L_OW_FOREIGNER_YES1,,Of course I'll join you!,もちろん一緒に行くよ！,Natürlich schließe ich mich dir an!,Bien sûr que je vais me joindre à toi !,¡Por supuesto que me uniré a ti!,Claro que me juntarei a você!,Конечно я присоединюсь к тебе!,Certo che mi unirò a te!,當然我會加入你們！,我当然会加入你们！,물론 함께 하겠습니다!,"Oczywiście, dołączę do ciebie!",Звісно я приєднаюся до тебе!,Natuurlijk ga ik met je mee!,Tabii ki sana katılacağım!
L_OW_FOREIGNER_YES2,1 = castle name,I'd love to join {1}.,{1}に参加したいです。,Ich würde gerne {1} beitreten.,J'aimerais rejoindre {1}.,Me encantaría unirme a {1}.,Adoraria me juntar a {1}.,Я с удовольствием присоединюсь к {1}.,Mi piacerebbe unirmi a {1}.,我很樂意加入{1}。,我很乐意加入{1}。,{1}에 합류하고 싶어요.,Chętnie dołączę do {1}.,Я б із задоволенням приєднався до {1}.,Ik zou graag bij {1} willen komen.,{1}'e katılmayı çok isterim.
L_OW_FOREIGNER_YES3,,Count me in!,私も参加するよ！,Zählt auf mich!,Comptez sur moi !,¡Cuenta conmigo!,Conte comigo!,Считайте меня в деле!,Contate su di me!,算我一個！,算我一个！,저도 참가할게요!,Liczcie na mnie!,Рахуйте на мене!,Reken maar op mij!,Ben de varım!
L_OW_FOREIGNER_YES4,,Yes! I'll gladly join your kingdom.,はい！喜んであなたの王国に加わります。,Ja! Ich schließe mich gerne deinem Königreich an.,Oui ! Je rejoindrai volontiers votre royaume.,¡Sí! Con gusto me uniré a tu reino.,Sim! Ficarei feliz em me juntar ao seu reino.,Да! Я с радостью присоединюсь к вашему королевству.,Sì! Mi unirò volentieri al tuo regno.,是的！我很樂意加入你的王國。,是的！我很乐意加入你的王国。,네! 기꺼이 당신의 왕국에 합류하겠습니다.,Tak! Z przyjemnością dołączę do twojego królestwa.,Так! Я з радістю приєднаюсь до вашого королівства.,Ja! Ik sluit me graag aan bij je koninkrijk.,Evet! Krallığınıza seve seve katılacağım.
L_OW_FOREIGNER_YES5,1 = castle name,"{1}? Well, it's better than nothing…",{1}？まあ、ないよりはマシか…,"{1}? Nun, besser als nichts…","{1} ? Eh bien, c'est mieux que rien...","¿{1}? Bueno, es mejor que nada...","{1}? Bem, é melhor que nada...","{1}? Ну, это лучше, чем ничего…","{1}? Beh, è meglio di niente...",{1}？嗯，總比沒有好…,{1}？好吧，总比没有强……,"{1}? 뭐, 없는 것보다는 낫지…","{1}? Cóż, lepsze to niż nic…","{1}? Ну, це краще, ніж нічого...","{1}? Nou, het is beter dan niets...","{1}? Eh, hiçbir şeyden iyidir..."
L_OW_FOREIGNER_NO1,1 = castle name,"Begone, for {1} is the worst kingdom in all of Rodia!",{1}は、ロディア全土で最悪の王国だ！消え失せろ！,"Verschwinde, denn {1} ist das schlimmste Königreich in ganz Rodia!","Disparaissez, car {1} est le pire royaume de tout Rodia !","¡Fuera de aquí, porque {1} es el peor reino en todo Rodia!","Vá embora, pois {1} é o pior reino em toda Rodia!","Прочь отсюда, ибо {1} - худшее королевство во всей Родии!","Sparisci, perché {1} è il peggior regno in tutta Rodia!",滾開，因為{1}是羅迪亞大陸上最糟糕的王國！,滚开，因为{1}是罗迪亚最糟糕的王国！,{1}은(는) 로디아에서 최악의 왕국이니 사라져라!,"Precz stąd, bo {1} to najgorsze królestwo w całej Rodii!","Геть звідси, бо {1} — найгірше королівство в усій Родії!","Verdwijn, want {1} is het slechtste koninkrijk in heel Rodia!","Defol git, çünkü {1} Rodia'daki en kötü krallıktır!"
L_OW_FOREIGNER_NO2,,There's no way I'd consider joining your kingdom.,あなたの王国に加わるなんて考えもしないわ。,"Niemals würde ich in Betracht ziehen, deinem Königreich beizutreten.",Il n'y a aucune chance que j'envisage de rejoindre votre royaume.,No hay forma de que considere unirme a tu reino.,Não há chance de eu considerar me juntar ao seu reino.,Ни за что не соглашусь присоединиться к вашему королевству.,Non c'è modo che io consideri di unirmi al tuo regno.,我絕對不會考慮加入你的王國。,我绝不会考虑加入你的王国。,당신의 왕국에 합류하는 것은 절대 고려하지 않을 거예요.,"Nie ma mowy, żebym rozważył dołączenie do twojego królestwa.","Нема жодного шансу, що я розгляну можливість приєднатися до вашого королівства.",Er is geen enkele manier waarop ik zou overwegen me bij jouw koninkrijk aan te sluiten.,Krallığınıza katılmayı asla düşünmem.
L_OW_FOREIGNER_NO3,1 = castle name,Not in a million years would I live in {1}.,百万年たっても{1}に住むなんてありえない。,Nicht in einer Million Jahre würde ich in {1} leben.,Même pas dans un million d'années je n'habiterais à {1}.,Ni en un millón de años viviría en {1}.,Nem em um milhão de anos eu viveria em {1}.,Ни за что на свете я бы не стал жить в {1}.,Non vivrei a {1} neanche tra un milione di anni.,就算再過一百萬年，我也不會住在{1}。,就算给我一百万年我也不会住在{1}。,백만 년이 지나도 {1}에 살고 싶지 않아.,Za nic w świecie nie zamieszkałbym w {1}.,Ні за мільйон років я б не жив у {1}.,Niet in een miljoen jaar zou ik in {1} willen wonen.,Milyonda bir ihtimalle bile {1}'de yaşamazdım.
L_OW_FOREIGNER_NO4,1 = castle name,"No, thanks. I've heard bad things about {1}.",いいえ、結構です。{1}については良くないことを聞いています。,"Nein, danke. Ich habe schlechte Dinge über {1} gehört.","Non, merci. J'ai entendu de mauvaises choses sur {1}.","No, gracias. He oído cosas malas sobre {1}.","Não, obrigado. Ouvi coisas ruins sobre {1}.","Нет, спасибо. Я слышал плохие вещи о {1}.","No, grazie. Ho sentito brutte cose su {1}.",不，謝謝。我聽說過關於{1}的壞消息。,不，谢谢。我听说过关于{1}的坏消息。,"아니요, 괜찮습니다. {1}에 대해 안 좋은 소문을 들었어요.","Nie, dziękuję. Słyszałem złe rzeczy o {1}.","Ні, дякую. Я чув погані речі про {1}.","Nee, bedankt. Ik heb slechte dingen gehoord over {1}.","Hayır, teşekkürler. {1} hakkında kötü şeyler duydum."
L_OW_FOREIGNER_NO5,,"Get away from me, creep!",離れなさいよ、気持ち悪い！,"Verschwinde, du Widerling!","Éloigne-toi de moi, espèce de taré !","¡Aléjate de mí, bicho raro!","Afaste-se de mim, esquisito!","Отвали от меня, урод!","Stai lontano da me, viscido!",離我遠點，怪胎！,离我远点，变态！,"저리 꺼져, 이 변태야!","Odczep się ode mnie, świrze!","Відчепись від мене, покидьок!","Blijf bij me uit de buurt, engerd!","Uzak dur benden, sapık!"
L_OW_RENEGADE,,Renegade:\nI will destroy you and take your creatures for my own!,レネゲード：\n私はお前を滅ぼし、お前の生き物を奪い取ってやる！,Abtrünniger:\nIch werde dich vernichten und deine Kreaturen für mich selbst nehmen!,Renégat :\nJe vais te détruire et prendre tes créatures pour moi-même !,Renegado:\n¡Te destruiré y tomaré tus criaturas para mí mismo!,Renegado:\nEu vou destruir você e tomar suas criaturas para mim!,Отступник:\nЯ уничтожу тебя и заберу твоих существ себе!,Rinnegato:\nTi distruggerò e prenderò le tue creature per me stesso!,叛逆者：\n我會摧毀你，並將你的生物據為己有！,叛逆者：\n我会摧毁你，并将你的生物据为己有！,배신자:\n내가 널 파괴하고 네 생물들을 내 것으로 삼겠다!,Renegat:\nZniszczę cię i zabiorę twoje stworzenia dla siebie!,Відступник:\nЯ знищу тебе і заберу твоїх істот собі!,Afvallige:\nIk zal je vernietigen en je wezens voor mezelf nemen!,Dönek:\nSeni yok edeceğim ve yaratıklarını kendim için alacağım!
L_OW_REBEL,1 = castle name,Rebel:\n{1} must fall! Down with {1}!,レベル:\n{1}を倒せ！{1}を打倒せよ！,Rebell:\n{1} muss fallen! Nieder mit {1}!,Rebelle :\n{1} doit tomber ! À bas {1} !,Rebelde:\n{1} debe caer! ¡Abajo con {1}!,Rebelde:\n{1} deve cair! Abaixo {1}!,Повстанец:\n{1} должен пасть! Долой {1}!,Ribelle:\n{1} deve cadere! Abbasso {1}!,叛軍：\n{1}必須倒下！打倒{1}！,叛军：\n{1}必须倒下！打倒{1}！,반란군:\n{1}은(는) 무너져야 한다! {1}을(를) 타도하라!,Buntownik:\n{1} musi upaść! Precz z {1}!,Повстанець:\n{1} має впасти! Геть {1}!,Rebel:\n{1} moet vallen! Weg met {1}!,İsyancı:\n{1} düşmeli! Kahrolsun {1}!
L_OW_KNIGHT_YES1,,I would be honored to serve you.,お役に立てれば光栄です。,"Ich wäre geehrt, Euch zu dienen.",Je serais honoré de vous servir.,Me sentiría honrado de servirle.,Seria uma honra servi-lo.,Для меня будет честью служить вам.,Sarei onorato di servirvi.,我很榮幸能為您效勞。,我很荣幸为您效劳。,당신을 모시게 되어 영광입니다.,Byłbym zaszczycony móc ci służyć.,Для мене буде честю служити вам.,Ik zou vereerd zijn om u te dienen.,Size hizmet etmekten onur duyarım.
L_OW_KNIGHT_YES2,1 = castle name,I will gladly serve the people of {1}.,{1}の民に喜んで仕えましょう。,Ich werde den Menschen von {1} gerne dienen.,Je servirai volontiers le peuple de {1}.,Serviré con gusto a la gente de {1}.,Servirei com prazer o povo de {1}.,Я с радостью буду служить народу {1}.,Servirò con piacere il popolo di {1}.,我很樂意為{1}的人民服務。,我很乐意为{1}的人民服务。,{1}의 사람들을 기꺼이 섬기겠습니다.,Z przyjemnością będę służyć ludowi {1}.,Я з радістю служитиму народу {1}.,Ik zal de mensen van {1} met plezier dienen.,{1} halkına seve seve hizmet edeceğim.
L_OW_KNIGHT_YES3,1 = castle name,I will strive to serve and protect {1} at all costs!,{1}のために全力で仕えて守り抜きます！,"Ich werde mich bemühen, {1} um jeden Preis zu dienen und zu beschützen!",Je m'efforcerai de servir et protéger {1} à tout prix !,¡Me esforzaré por servir y proteger a {1} a toda costa!,Vou me esforçar para servir e proteger {1} a todo custo!,Я буду стремиться служить и защищать {1} любой ценой!,Mi impegnerò a servire e proteggere {1} a qualsiasi costo!,我將竭盡全力服務並保護{1}，不惜一切代價！,我将不惜一切代价努力服务和保护{1}！,어떤 대가를 치르더라도 {1}을(를) 섬기고 보호하기 위해 노력하겠습니다!,Będę dążyć do służenia i ochrony {1} za wszelką cenę!,Я прагнутиму служити та захищати {1} за будь-яку ціну!,"Ik zal ernaar streven om {1} te dienen en te beschermen, koste wat het kost!",{1} uğruna her ne pahasına olursa olsun hizmet etmek ve korumak için çabalayacağım!
L_OW_KNIGHT_YES4,,I will attend to {1} immediately!,{1}にすぐに対応します！,Ich werde mich sofort um {1} kümmern!,Je vais m'occuper de {1} immédiatement !,¡Atenderé a {1} inmediatamente!,Vou atender a {1} imediatamente!,Я немедленно займусь {1}!,Mi occuperò di {1} immediatamente!,我會立刻處理{1}！,我会立即加入{1}！,{1}에게 즉시 가겠습니다!,Natychmiast zajmę się {1}!,Я негайно займуся {1}!,Ik zal direct {1} verzorgen!,{1} ile hemen ilgileneceğim!
L_OW_KNIGHT_YES5,1 = castle name,I'll gladly join your knights.,喜んであなたの騎士団に加わります。,Ich schließe mich gerne euren Rittern an.,Je rejoindrai volontiers vos chevaliers.,Me uniré con gusto a tus caballeros.,Ficarei feliz em me juntar aos seus cavaleiros.,Я с радостью присоединюсь к вашим рыцарям.,Mi unirò volentieri ai tuoi cavalieri.,我很樂意加入你的騎士團。,我很乐意加入你的骑士团。,기꺼이 당신의 기사단에 합류하겠습니다.,Z przyjemnością dołączę do twoich rycerzy.,Я з радістю приєднаюся до ваших лицарів.,Ik sluit me graag aan bij je ridders.,Şövalyelerinize seve seve katılırım.
L_OW_KNIGHT_NO1,1 = castle name,Serve you in {1}? I'd rather die.,{1}にお仕えろだと？死んだ方がマシだ。,Dir in {1} dienen? Lieber würde ich sterben.,Vous servir dans {1} ? Je préfère mourir.,¿Servirte en {1}? Prefiero morir.,Servir você em {1}? Prefiro morrer.,Служить тебе в {1}? Я лучше умру.,Servirti in {1}? Preferirei morire.,在{1}為你服務？我寧願去死。,在{1}服侍你？我宁愿去死。,{1}에게 봉사하라고? 차라리 죽는 게 낫겠어.,Służyć ci w {1}? Wolałbym umrzeć.,Служити тобі в {1}? Краще помру.,U dienen in {1}? Ik ga nog liever dood.,Sana {1} olarak hizmet etmek mi? Ölmeyi tercih ederim.
L_OW_KNIGHT_NO2,,Never heard of you. Get lost.,お前のことなど知らん。消えろ。,Nie von dir gehört. Verschwinde.,Jamais entendu parler de toi. Dégage.,Nunca he oído hablar de ti. Piérdete.,Nunca ouvi falar de você. Dê o fora.,Никогда о тебе не слышал. Проваливай.,Non ti conosco. Sparisci.,從來沒聽過你。滾開。,没听说过你。滚开。,너에 대해 들어본 적 없어. 꺼져.,Nigdy o tobie nie słyszałem. Wynoś się.,Ніколи про тебе не чув. Забирайся геть.,Nooit van je gehoord. Maak dat je wegkomt.,Seni hiç duymadım. Kaybol.
L_OW_KNIGHT_NO3,,I don't even speak English!,英語すら話せないんだよ！,Ich spreche nicht einmal Englisch!,Je ne parle même pas anglais !,¡Ni siquiera hablo inglés!,Eu nem falo inglês!,Я даже не говорю по-английски!,Non parlo nemmeno inglese!,我連英文都不會說！,我连英语都不会说！,난 영어도 못해!,Ja nawet nie mówię po angielsku!,Я навіть не розмовляю англійською!,Ik spreek niet eens Engels!,Ben İngilizce bile konuşmuyorum!
L_OW_KNIGHT_NO4,,"I am loyal to Nex, and only Nex!",ネクスに忠誠を誓う、ネクスだけに！,"Ich bin Nex treu, und nur Nex!","Je suis fidèle à Nex, et uniquement à Nex !","¡Soy leal a Nex, y solo a Nex!","Eu sou leal a Nex, e somente a Nex!","Я верен Нексу, и только Нексу!","Sono fedele a Nex, e solo a Nex!",我效忠於奈克斯，只效忠於奈克斯！,我效忠于奈克斯，只效忠于奈克斯！,"나는 넥스에게만 충성을 다합니다, 오직 넥스에게만!","Jestem lojalny wobec Nexa, i tylko Nexa!","Я вірний Нексу, і тільки Нексу!","Ik ben loyaal aan Nex, en alleen aan Nex!","Nex'e sadığım, ve sadece Nex'e!"
L_OW_KNIGHT_NO5,,"Out of my sight, pup.",消えろ、小僧。,"Aus meinen Augen, Welpe.","Hors de ma vue, chiot.","Fuera de mi vista, cachorro.","Fora da minha vista, filhote.","Прочь с глаз моих, щенок.","Fuori dalla mia vista, cucciolo.",滾開，小鬼。,滚开，小崽子。,"내 눈앞에서 사라져, 꼬맹아.","Zejdź mi z oczu, szczeniaku.","Геть з очей моїх, щеня.","Uit mijn ogen, welp.","Gözümün önünden çekil, yavru."
L_OW_HELPNPC1,1 = npc name,{1}:\nYou came just in time! Look out behind you - those creatures don't look too friendly!,{1}:\nちょうどいいところに来たね！後ろに気をつけて - あの生き物たちはあまり友好的じゃないよ！,"{1}:\nDu kommst genau richtig! Pass auf, hinter dir - diese Kreaturen sehen nicht besonders freundlich aus!",{1} :\nVous arrivez juste à temps ! Attention derrière vous - ces créatures n'ont pas l'air très amicales !,{1}:\n¡Llegaste justo a tiempo! Cuidado detrás de ti - ¡esas criaturas no parecen muy amigables!,{1}:\nVocê chegou bem na hora! Cuidado atrás de você - essas criaturas não parecem muito amigáveis!,"{1}:\nТы пришёл как раз вовремя! Осторожно, сзади - эти существа не выглядят дружелюбными!",{1}:\nSei arrivato giusto in tempo! Attento dietro di te - quelle creature non sembrano molto amichevoli!,{1}:\n你來得正是時候！小心你身後——那些生物看起來不太友善！,{1}：\n你来得正是时候！小心你身后——那些生物看起来不太友好！,{1}:\n딱 제때 왔군요! 뒤를 조심하세요 - 저 생물들은 그다지 우호적으로 보이지 않아요!,{1}:\nPrzybyłeś w samą porę! Uważaj za sobą - te stworzenia nie wyglądają zbyt przyjaźnie!,"{1}:\nТи прийшов саме вчасно! Обережно, позаду тебе - ці істоти не виглядають дружніми!",{1}:\nJe kwam net op tijd! Kijk uit achter je - die wezens zien er niet erg vriendelijk uit!,{1}:\nTam zamanında geldin! Arkanı kolla - o yaratıklar pek dost canlısı görünmüyor!
L_OW_HELPNPC2,1 = npc name,"{1}:\nI've been lost out here for days. I'm so glad you -\n\nWhoa, what is that!?",{1}:\n何日もここで迷っていたんだ。あなたに会えて本当に嬉しい-\n\nうわっ、あれは何だ！？,"{1}:\nIch bin seit Tagen hier draußen verloren. Ich bin so froh, dass du -\n\nWoah, was ist das!?","{1} :\nJe suis perdu ici depuis des jours. Je suis si content que vous -\n\nOuah, qu'est-ce que c'est !?","{1}:\nHe estado perdido aquí por días. Estoy tan contento de que tú -\n\n¡Vaya, ¿qué es eso!?","{1}:\nEstou perdido aqui há dias. Estou tão feliz que você -\n\nEi, o que é aquilo!?","{1}:\nЯ блуждаю здесь уже несколько дней. Я так рад, что вы -\n\nСтой, что это такое!?","{1}:\nSono stato perso qui fuori per giorni. Sono così felice che tu -\n\nEhi, cos'è quello!?",{1}：\n我在這裡迷路好幾天了。我很高興你 -\n\n哇，那是什麼！？,{1}：\n我在这里迷路好几天了。我很高兴你-\n\n哇，那是什么！？,"{1}:\n여기서 며칠 동안 길을 잃었어요. 당신을 만나서 정말 다행이-\n\n와, 저게 뭐죠!?","{1}:\nBłąkam się tu od dni. Tak się cieszę, że ty -\n\nRany, co to jest!?","{1}:\nЯ блукаю тут вже кілька днів. Я такий радий, що ти -\n\nОго, що це таке!?","{1}:\nIk ben hier al dagen verdwaald. Ik ben zo blij dat je -\n\nWow, wat is dat!?","{1}:\nGünlerdir burada kaybolmuş durumdayım. Seni gördüğüme çok sevindim -\n\nVay, bu da ne!?"
L_OW_HELPNPC3,1 = npc name,"({1} is being attacked by a group of vicious-looking creatures. Without giving the matter a second thought, you jump in front of {1} and a battle ensues.)",({1}は凶暴そうな生物の群れに襲われている。迷うことなく、あなたは{1}の前に飛び出し、戦闘が始まった。),"({1} wird von einer Gruppe gefährlich aussehender Kreaturen angegriffen. Ohne einen zweiten Gedanken zu verschwenden, springst du vor {1} und ein Kampf entbrennt.)","({1} est attaqué par un groupe de créatures à l'air féroce. Sans hésiter un instant, vous vous interposez devant {1} et un combat s'ensuit.)","({1} está siendo atacado por un grupo de criaturas de aspecto feroz. Sin pensarlo dos veces, te interpones frente a {1} y comienza una batalla.)","({1} está sendo atacado por um grupo de criaturas de aparência cruel. Sem pensar duas vezes, você pula na frente de {1} e uma batalha se inicia.)","({1} подвергается нападению группы свирепых на вид существ. Не раздумывая ни секунды, вы прыгаете перед {1}, и начинается битва.)","({1} viene attaccato da un gruppo di creature dall'aspetto feroce. Senza pensarci due volte, ti metti davanti a {1} e ne scaturisce una battaglia.)",({1}正被一群兇惡的生物襲擊。你二話不說，立刻跳到{1}面前，一場戰鬥就此展開。),（{1}正在被一群凶恶的生物攻击。你毫不犹豫地跳到{1}面前，一场战斗随即爆发。）,"({1}이(가) 사나워 보이는 생물들의 무리에게 공격받고 있습니다. 더 생각할 겨를도 없이, 당신은 {1}의 앞으로 뛰어들고 전투가 시작됩니다.)","({1} jest atakowany przez grupę groźnie wyglądających stworzeń. Bez chwili zastanowienia, wskakujesz przed {1} i rozpoczyna się walka.)","({1} атакує група жорстоких на вигляд істот. Не роздумуючи ні секунди, ви стрибаєте перед {1}, і починається битва.)","({1} wordt aangevallen door een groep kwaadaardig uitziende wezens. Zonder er een tweede keer over na te denken, spring je voor {1} en een gevecht volgt.)","({1} bir grup vahşi görünümlü yaratık tarafından saldırıya uğruyor. Hiç düşünmeden, {1}'in önüne atlıyorsun ve bir savaş başlıyor.)"
L_OW_HELPNPC4,1 = npc name,(You see {1} cowering in fear as a pack of creatures ready themselves to attack. You and your creatures rush forth to defend {1} from a slaughter.),({1}が恐怖に怯えているのが見える。生物の群れが攻撃の準備をしている。あなたと仲間の生物たちは、{1}を虐殺から守るために突進する。),"(Du siehst {1}, wie er/sie sich ängstlich duckt, während eine Gruppe von Kreaturen sich zum Angriff bereit macht. Du und deine Kreaturen stürmt vor, um {1} vor einem Gemetzel zu beschützen.)",(Vous voyez {1} se recroqueviller de peur tandis qu'une meute de créatures se prépare à attaquer. Vous et vos créatures vous précipitez pour défendre {1} d'un massacre.),(Ves a {1} acurrucado de miedo mientras una manada de criaturas se prepara para atacar. Tú y tus criaturas se apresuran a defender a {1} de una masacre.),(Você vê {1} encolhido de medo enquanto um bando de criaturas se prepara para atacar. Você e suas criaturas avançam rapidamente para defender {1} de um massacre.),"(Вы видите, как {1} съёживается от страха, пока стая существ готовится к нападению. Вы и ваши существа бросаетесь вперёд, чтобы защитить {1} от бойни.)",(Vedi {1} rannicchiato per la paura mentre un branco di creature si prepara ad attaccare. Tu e le tue creature vi precipitate in avanti per difendere {1} da un massacro.),(你看到{1}因恐懼而畏縮，一群生物正準備攻擊。你和你的生物衝上前去保護{1}免於被屠殺。),（你看到{1}因恐惧而畏缩，一群生物正准备发动攻击。你和你的生物冲上前去保护{1}免遭屠杀。）,(당신은 생물 무리가 공격을 준비하는 동안 공포에 떨고 있는 {1}을(를) 봅니다. 당신과 당신의 생물들은 {1}을(를) 학살로부터 보호하기 위해 앞으로 돌진합니다.),"(Widzisz {1} kulącego się ze strachu, gdy stado stworów szykuje się do ataku. Ty i twoje stworzenia ruszacie naprzód, by obronić {1} przed rzezią.)","(Ви бачите, як {1} тремтить від страху, коли зграя істот готується до нападу. Ви та ваші істоти кидаєтесь уперед, щоб захистити {1} від різанини.)",(Je ziet {1} ineenkrimpen van angst terwijl een groep wezens zich klaarmaakt om aan te vallen. Jij en je wezens schieten naar voren om {1} te verdedigen tegen een slachting.),"({1} bir yaratık sürüsünün saldırmaya hazırlandığı sırada korkudan sinmiş durumda. Sen ve yaratıkların, {1}'i katliamdan korumak için ileri atılıyorsunuz.)"
L_OW_HELPNPC5,1 = npc name,"Please help! These monsters are going to kill me!\n\n(Unsure of what {1} is talking about, you turn around and realize that your creatures are already in the midst of a great battle. You ready your spellbook and prepare to assist your creatures.)",助けて！このモンスターたちに殺されそう！\n\n({1}が何を言っているのか分からず、あなたは振り返り、自分の生物たちがすでに激しい戦いの最中にいることに気づく。あなたは魔導書を手に取り、生物たちを援助する準備をする。),"Bitte hilft mir! Diese Monster werden mich umbringen!\n\n(Unsicher, wovon {1} spricht, drehst du dich um und erkennst, dass deine Kreaturen bereits mitten in einer großen Schlacht stecken. Du machst dein Zauberbuch bereit und bereitest dich darauf vor, deinen Kreaturen zu helfen.)","S'il vous plaît, aidez-moi ! Ces monstres vont me tuer !\n\n(Ne comprenant pas de quoi {1} parle, vous vous retournez et réalisez que vos créatures sont déjà au milieu d'une grande bataille. Vous préparez votre grimoire et vous apprêtez à aider vos créatures.)","¡Por favor, ayuda! ¡Estos monstruos van a matarme!\n\n(Sin estar seguro de lo que {1} está hablando, te das la vuelta y te das cuenta de que tus criaturas ya están en medio de una gran batalla. Preparas tu libro de hechizos y te dispones a ayudar a tus criaturas.)","Por favor, ajude! Esses monstros vão me matar!\n\n(Sem entender do que {1} está falando, você se vira e percebe que suas criaturas já estão no meio de uma grande batalha. Você prepara seu livro de feitiços e se apronta para auxiliar suas criaturas.)","Пожалуйста, помогите! Эти монстры собираются убить меня!\n\n(Не понимая, о чём говорит {1}, вы оборачиваетесь и понимаете, что ваши существа уже в разгаре великой битвы. Вы готовите свою книгу заклинаний и собираетесь помочь своим существам.)","Ti prego, aiutami! Questi mostri stanno per uccidermi!\n\n(Non capendo di cosa stia parlando {1}, ti giri e ti rendi conto che le tue creature sono già nel bel mezzo di una grande battaglia. Prepari il tuo libro degli incantesimi e ti appresti ad assistere le tue creature.)",請救救我！這些怪物要殺了我！\n\n(不確定{1}在說什麼，你轉身發現你的生物已經陷入一場激烈的戰鬥中。你準備好你的魔法書，準備協助你的生物。),请救救我！这些怪物要杀了我！\n\n（不确定{1}在说什么，你转身发现你的生物已经陷入一场激烈的战斗中。你准备好你的法术书，准备协助你的生物。）,"제발 도와주세요! 이 몬스터들이 저를 죽이려고 해요!\n\n({1}이(가) 무슨 말을 하는지 확신이 서지 않아, 뒤를 돌아보니 당신의 생물들이 이미 큰 전투의 한가운데 있다는 것을 깨닫습니다. 당신은 주문서를 준비하고 생물들을 돕기 위해 대비합니다.)","Proszę o pomoc! Te potwory zaraz mnie zabiją!\n\n(Nie mając pewności, o czym mówi {1}, odwracasz się i zdajesz sobie sprawę, że twoje stworzenia są już w samym środku wielkiej bitwy. Przygotowujesz swoją księgę zaklęć i szykujesz się, by wesprzeć swoje stworzenia.)","Будь ласка, допоможіть! Ці монстри збираються мене вбити!\n\n(Не розуміючи, про що говорить {1}, ви обертаєтесь і розумієте, що ваші істоти вже в розпалі великої битви. Ви готуєте свою книгу заклинань і збираєтесь допомогти своїм істотам.)","Help alsjeblieft! Deze monsters gaan me vermoorden!\n\n(Onzeker over waar {1} het over heeft, draai je je om en besef je dat je wezens al verwikkeld zijn in een grote strijd. Je maakt je toverboek klaar en bereidt je voor om je wezens te helpen.)","Lütfen yardım edin! Bu canavarlar beni öldürecek!\n\n({1}'in neden bahsettiğinden emin olmayarak, arkana dönersin ve yaratıklarının zaten büyük bir savaşın ortasında olduğunu fark edersin. Büyü kitabını hazırlayıp yaratıklarına yardım etmeye hazırlanırsın.)"
L_OW_KNIGHT_FIGHT_NEX_NAME,,Knight of Nex,ネックスの騎士,Ritter von Nex,Chevalier de Nex,Caballero de Nex,Cavaleiro de Nex,Рыцарь Некса,Cavaliere di Nex,奈克斯騎士,奈克斯骑士,넥스의 기사,Rycerz Nex,Лицар Некса,Ridder van Nex,Nex Şövalyesi
L_OW_KNIGHT_FIGHT_NEX1,,"You dare to show your face here after all you've done to our great kingdom? Prepare to die, {PLAYERNAME}!",よくもこの偉大なる王国に対して行ったことの後で、ここに顔を出す勇気があるな？覚悟しろ、{PLAYERNAME}！,"Ihr wagt es, Euer Gesicht hier zu zeigen nach allem, was Ihr unserem großen Königreich angetan habt? Bereitet Euch auf den Tod vor, {PLAYERNAME}!","Tu oses montrer ton visage ici après tout ce que tu as fait à notre grand royaume ? Prépare-toi à mourir, {PLAYERNAME} !","¿Te atreves a mostrar tu cara aquí después de todo lo que le has hecho a nuestro gran reino? ¡Prepárate para morir, {PLAYERNAME}!","Você ousa mostrar sua cara aqui depois de tudo o que fez ao nosso grande reino? Prepare-se para morrer, {PLAYERNAME}!","Ты смеешь показывать своё лицо здесь после всего, что сделал с нашим великим королевством? Готовься к смерти, {PLAYERNAME}!","Osi mostrare la tua faccia qui dopo tutto ciò che hai fatto al nostro grande regno? Preparati a morire, {PLAYERNAME}!",在你對我們偉大的王國做了這一切之後，你還敢在這裡露臉？準備受死吧，{PLAYERNAME}！,在你对我们伟大的王国做了这一切之后，你还敢在这里露面？准备受死吧，{PLAYERNAME}！,"우리의 위대한 왕국에 저지른 모든 짓 이후에도 감히 여기에 얼굴을 들이밀다니? 죽을 준비나 해라, {PLAYERNAME}!","Śmiesz pokazywać tu swoją twarz po tym wszystkim, co zrobiłeś naszemu wspaniałemu królestwu? Przygotuj się na śmierć, {PLAYERNAME}!","Ти насмілюєшся показувати своє обличчя тут після всього, що ти зробив нашому великому королівству? Готуйся до смерті, {PLAYERNAME}!","Jij durft je gezicht hier te laten zien na alles wat je ons grote koninkrijk hebt aangedaan? Bereid je voor om te sterven, {PLAYERNAME}!","Büyük krallığımıza yaptıklarından sonra burada yüzünü göstermeye nasıl cüret edersin? Ölmeye hazırlan, {PLAYERNAME}!"
L_OW_KNIGHT_FIGHT_NEX2,,"My brother was among those who were killed during your invasion. Today, I will avenge his death!",貴様らの侵攻の際に殺された者の中に、私の兄も含まれていた。今日こそ、兄の仇を討つ！,"Mein Bruder war unter denen, die während eurer Invasion getötet wurden. Heute werde ich seinen Tod rächen!","Mon frère était parmi ceux qui ont été tués pendant votre invasion. Aujourd'hui, je vengerai sa mort !","Mi hermano estaba entre los que murieron durante tu invasión. ¡Hoy, vengaré su muerte!","Meu irmão estava entre aqueles que foram mortos durante sua invasão. Hoje, eu vingarei a morte dele!","Мой брат был среди тех, кого убили во время вашего вторжения. Сегодня я отомщу за его смерть!","Mio fratello era tra coloro che sono stati uccisi durante la vostra invasione. Oggi, vendicherò la sua morte!",我的兄弟是在你們入侵期間被殺害的人之一。今天，我要為他的死復仇！,我的兄弟是在你们入侵期间被杀的人之一。今天，我要为他的死复仇！,"당신의 침략 중에 내 형제가 죽은 자들 중 하나였어. 오늘, 나는 그의 죽음을 복수할 것이다!","Mój brat był wśród tych, którzy zginęli podczas waszej inwazji. Dziś pomszczę jego śmierć!","Мій брат був серед тих, кого вбили під час вашого вторгнення. Сьогодні я помщуся за його смерть!",Mijn broer was een van degenen die gedood werden tijdens jullie invasie. Vandaag zal ik zijn dood wreken!,"Kardeşim, istila sırasında öldürülenler arasındaydı. Bugün, onun ölümünün intikamını alacağım!"
L_OW_KNIGHT_FIGHT_NEX3,,"You betrayed our alliance and murdered our innocent people. You're a monster, and I will make sure you suffer for your transgressions!",我々の同盟を裏切り、罪のない民を殺した。お前は怪物だ、その罪を償わせてやる！,"Du hast unser Bündnis verraten und unsere unschuldigen Leute ermordet. Du bist ein Monster, und ich werde dafür sorgen, dass du für deine Vergehen leidest!","Tu as trahi notre alliance et assassiné notre peuple innocent. Tu es un monstre, et je vais m'assurer que tu souffres pour tes transgressions !","Traicionaste nuestra alianza y asesinaste a nuestra gente inocente. ¡Eres un monstruo, y me aseguraré de que sufras por tus transgresiones!","Você traiu nossa aliança e assassinou nosso povo inocente. Você é um monstro, e eu vou garantir que você sofra por suas transgressões!","Ты предал наш союз и убил наших невинных людей. Ты чудовище, и я позабочусь о том, чтобы ты поплатился за свои преступления!","Hai tradito la nostra alleanza e assassinato la nostra gente innocente. Sei un mostro, e mi assicurerò che tu soffra per le tue trasgressioni!",你背叛了我們的聯盟，殺害了我們無辜的人民。你是個怪物，我會確保你為你的罪行付出代價！,你背叛了我们的联盟，杀害了我们无辜的人民。你是个怪物，我会确保你为你的罪行付出代价！,"당신은 우리의 동맹을 배신하고 우리의 무고한 사람들을 살해했어. 당신은 괴물이야, 그리고 난 당신이 그 죄악에 대해 고통받도록 할 거야!","Zdradziłeś nasz sojusz i zamordowałeś naszych niewinnych ludzi. Jesteś potworem, a ja dopilnuję, żebyś cierpiał za swoje występki!","Ти зрадив наш союз і вбив наших невинних людей. Ти чудовисько, і я простежу, щоб ти поплатився за свої злочини!","Je hebt ons bondgenootschap verraden en onze onschuldige mensen vermoord. Je bent een monster, en ik zal ervoor zorgen dat je lijdt voor je wandaden!",Ittifakımıza ihanet ettin ve masum halkımızı katletttin. Sen bir canavarsın ve günahlarının bedelini çekeceğinden emin olacağım!
L_OW_KNIGHT_FIGHT_NEX4,,"King Lucius trusted you, and you betrayed him. You betrayed all of us. I won't let you leave this place alive!",ルシウス王はお前を信頼していたのに、お前は彼を裏切った。我々全員を裏切ったのだ。生きてこの場所を去らせはしない！,"König Lucius hat dir vertraut, und du hast ihn verraten. Du hast uns alle verraten. Ich werde nicht zulassen, dass du diesen Ort lebend verlässt!","Le roi Lucius te faisait confiance, et tu l'as trahi. Tu nous as tous trahis. Je ne te laisserai pas quitter cet endroit vivant !","Rey Lucius confió en ti, y lo traicionaste. Nos traicionaste a todos. ¡No te dejaré salir de aquí con vida!","Rei Lucius confiou em você, e você o traiu. Você traiu todos nós. Não vou deixar você sair deste lugar com vida!","Король Люциус доверял тебе, а ты предал его. Ты предал всех нас. Я не позволю тебе уйти отсюда живым!","Re Lucius si fidava di te, e tu l'hai tradito. Hai tradito tutti noi. Non ti lascerò uscire vivo da qui!",路修斯國王信任你，而你背叛了他。你背叛了我們所有人。我不會讓你活著離開這個地方！,卢修斯国王信任你，而你背叛了他。你背叛了我们所有人。我不会让你活着离开这个地方！,"루시우스 왕은 당신을 신뢰했는데, 당신은 그를 배신했어. 우리 모두를 배신했지. 당신을 이곳에서 살려 보내지 않겠다!","Król Lucius ci ufał, a ty go zdradziłeś. Zdradziłeś nas wszystkich. Nie pozwolę ci stąd wyjść żywym!","Король Люціус довіряв тобі, а ти зрадив його. Ти зрадив усіх нас. Я не дозволю тобі вийти звідси живим!","Koning Lucius vertrouwde je, en je hebt hem verraden. Je hebt ons allemaal verraden. Ik laat je deze plek niet levend verlaten!","Kral Lucius sana güvendi, ve sen ona ihanet ettin. Hepimize ihanet ettin. Buradan sağ çıkmana izin vermeyeceğim!"
L_OW_KNIGHT_FIGHT_NEX5,1 = npc name,"Why are you here, {1}? Have you not taken enough from us already? I will avenge my people!",なぜここにいる、{1}？\u3000お前はすでに十分なものを奪っていったではないか？\u3000私の民の仇を討つ！,"Warum bist du hier, {1}? Hast du uns nicht schon genug genommen? Ich werde mein Volk rächen!","Pourquoi es-tu ici, {1} ? Ne nous as-tu pas déjà assez pris ? Je vengerai mon peuple !","¿Por qué estás aquí, {1}? ¿No nos has quitado ya suficiente? ¡Vengaré a mi gente!","Por que você está aqui, {1}? Já não tirou o suficiente de nós? Eu vingarei meu povo!","Зачем ты здесь, {1}? Разве ты уже не забрал у нас достаточно? Я отомщу за свой народ!","Perché sei qui, {1}? Non ci hai già tolto abbastanza? Vendicherò il mio popolo!",你為什麼在這裡，{1}？你還沒有從我們這裡奪走足夠多的東西嗎？我要為我的人民復仇！,你为什么在这里，{1}？你还没有从我们这里拿走足够多的东西吗？我要为我的人民复仇！,"왜 여기 있는 거지, {1}? 우리에게서 이미 충분히 빼앗아 가지 않았나? 내 민족의 원수를 갚겠다!","Dlaczego tu jesteś, {1}? Czy nie zabrałeś nam już wystarczająco dużo? Pomszczę mój lud!","Чому ти тут, {1}? Хіба ти вже не забрав у нас достатньо? Я помщуся за свій народ!","Waarom ben je hier, {1}? Heb je niet al genoeg van ons afgenomen? Ik zal mijn volk wreken!","Neden buradasın, {1}? Bizden zaten yeterince şey almadın mı? Halkımın intikamını alacağım!"
L_OW_KNIGHT_FIGHT_MISC_NAME,,Hostile Knight,敵対する騎士,Feindlicher Ritter,Chevalier Hostile,Caballero Hostil,Cavaleiro Hostil,Враждебный Рыцарь,Cavaliere Ostile,敵對騎士,敌对骑士,적대적인 기사,Wrogi Rycerz,Ворожий Лицар,Vijandige Ridder,Düşman Şövalye
L_OW_KNIGHT_FIGHT_MISC1,,"What in the hell are you doing here? Prepare to die, filth!",何てことだ、お前はここで何をしている？死ぬ覚悟をしろ、クズめ！,"Was zum Teufel machst du hier? Mach dich bereit zu sterben, Abschaum!","Qu'est-ce que tu fous ici ? Prépare-toi à mourir, ordure !","¿Qué demonios estás haciendo aquí? ¡Prepárate para morir, escoria!","O que diabos você está fazendo aqui? Prepare-se para morrer, escória!","Какого черта ты здесь делаешь? Готовься к смерти, мразь!","Che diavolo ci fai qui? Preparati a morire, feccia!",你到底在這裡幹什麼？準備受死吧，垃圾！,你他妈在这里干什么？准备受死吧，渣滓！,"대체 여기서 뭘 하고 있는 거야? 죽을 준비나 해, 쓰레기!","Co ty do cholery tutaj robisz? Szykuj się na śmierć, śmieciu!","Якого біса ти тут робиш? Готуйся до смерті, покидьку!","Wat in godsnaam doe jij hier? Bereid je voor om te sterven, uitschot!","Ne halt ediyorsun burada? Ölmeye hazırlan, pislik!"
L_OW_KNIGHT_FIGHT_MISC2,,This realm will be your tomb.,この世界がお前の墓場となるだろう。,Dieses Reich wird dein Grab sein.,Ce royaume sera votre tombeau.,Este reino será tu tumba.,Este reino será seu túmulo.,Это царство станет твоей могилой.,Questo regno sarà la tua tomba.,這個領域將成為你的墳墓。,这个领域将成为你的坟墓。,이 영역이 네 무덤이 될 것이다.,To królestwo będzie twoim grobem.,Це царство стане твоєю могилою.,Dit rijk zal je graf worden.,Bu diyar senin mezarın olacak.
L_OW_KNIGHT_FIGHT_MISC3,,It takes great nerve to march into my realm and challenge me. You will be punished by death!,私の領域に踏み込み、私に挑戦するとは大した度胸だ。死をもって罰せられるぞ！,"Es erfordert große Kühnheit, in mein Reich zu marschieren und mich herauszufordern. Du wirst mit dem Tod bestraft werden!",Il faut un sacré culot pour marcher dans mon royaume et me défier. Vous serez puni de mort !,Se necesita mucho valor para marchar a mi reino y desafiarme. ¡Serás castigado con la muerte!,É preciso muita audácia para invadir meu reino e me desafiar. Você será punido com a morte!,"Нужна немалая смелость, чтобы вторгнуться в мои владения и бросить мне вызов. Ты будешь наказан смертью!",Ci vuole un grande coraggio per marciare nel mio regno e sfidarmi. Sarai punito con la morte!,竟敢闖入我的領域並向我挑戰，真是膽大包天。死亡將是你的懲罰！,你竟敢闯入我的领域挑战我，真是胆大包天！死亡将是对你的惩罚！,내 영역에 당당히 들어와 나에게 도전하다니 대단한 배짱이군. 죽음으로 벌을 받을 것이다!,"Trzeba mieć wielką odwagę, by wkroczyć do mojego królestwa i rzucić mi wyzwanie. Zostaniesz ukarany śmiercią!","Потрібна неабияка сміливість, щоб вторгнутися в моє королівство і кинути мені виклик. Ти будеш покараний смертю!",Het vergt grote moed om mijn rijk binnen te marcheren en mij uit te dagen. Je zult gestraft worden met de dood!,Benim diyarıma yürüyüp bana meydan okumak büyük cesaret ister. Ölümle cezalandırılacaksın!
L_OW_KNIGHT_FIGHT_MISC4,,"(Without saying a word, the knight lunges toward you. Your creatures intercept the attack!)",騎士は一言も発せず、あなたに向かって突進してくる。あなたの生物たちが攻撃を阻止した！,"(Ohne ein Wort zu sagen, stürzt sich der Ritter auf dich. Deine Kreaturen fangen den Angriff ab!)","Sans dire un mot, le chevalier se jette sur vous. Vos créatures interceptent l'attaque !","Sin decir palabra, el caballero se abalanza hacia ti. ¡Tus criaturas interceptan el ataque!","(Sem dizer uma palavra, o cavaleiro avança em sua direção. Suas criaturas interceptam o ataque!)","(Не говоря ни слова, рыцарь бросается на вас. Ваши существа перехватывают атаку!)","(Senza dire una parola, il cavaliere si lancia verso di te. Le tue creature intercettano l'attacco!)",(不發一語，騎士朝你猛撲過來。你的生物攔截了這次攻擊！),（骑士一言不发，向你猛冲过来。你的生物拦截了这次攻击！）,"(말없이, 기사가 당신을 향해 돌진합니다. 당신의 생물들이 공격을 가로막습니다!)",(Bez słowa rycerz rzuca się w twoją stronę. Twoje stworzenia przechwytują atak!),"(Не кажучи ні слова, лицар кидається на вас. Ваші істоти перехоплюють атаку!)","(Zonder een woord te zeggen, stormt de ridder op je af. Je wezens onderscheppen de aanval!)","Tek kelime etmeden, şövalye sana doğru atılır. Yaratıkların saldırıyı engeller!"
L_OW_KNIGHT_FIGHT_MISC5,,"I do not wish to fight you, but you've left me no alternative. I will grant you a swift death.",私はあなたと戦いたくはないが、他に選択肢を残してくれなかった。速やかな死を与えよう。,"Ich wünsche nicht, gegen dich zu kämpfen, aber du hast mir keine andere Wahl gelassen. Ich werde dir einen schnellen Tod gewähren.","Je ne souhaite pas me battre contre vous, mais vous ne m'avez laissé aucune alternative. Je vous accorderai une mort rapide.","No deseo luchar contra ti, pero no me has dejado alternativa. Te concederé una muerte rápida.","Não desejo lutar contra você, mas você não me deixou alternativa. Conceder-lhe-ei uma morte rápida.","Я не хочу с тобой сражаться, но ты не оставил мне выбора. Я дарую тебе быструю смерть.","Non desidero combatterti, ma non mi hai lasciato alternative. Ti concederò una morte rapida.",我不想與你戰鬥，但你讓我別無選擇。我會給你一個痛快的死亡。,我不想与你战斗，但你让我别无选择。我会给你一个痛快。,"난 당신과 싸우고 싶지 않지만, 당신은 내게 다른 선택지를 남기지 않았소. 빠른 죽음을 선사하겠소.","Nie chcę z tobą walczyć, ale nie pozostawiłeś mi wyboru. Zapewnię ci szybką śmierć.","Я не бажаю битися з тобою, але ти не залишив мені вибору. Я подарую тобі швидку смерть.","Ik wil niet tegen je vechten, maar je hebt me geen andere keuze gelaten. Ik zal je een snelle dood schenken.","Seninle savaşmak istemiyorum, ama bana başka seçenek bırakmadın. Sana hızlı bir ölüm bahşedeceğim."
L_OW_MASTER_NAME,"1 = master name, 2 = race name, 3 = mastery rank","{1} ({2} Master, Current Mastery {3})",{1} ({2}マスター、現在の熟練度 {3}),"{1} ({2} Meister, Aktuelle Meisterschaft {3})","{1} (Maître {2}, Maîtrise actuelle {3})","{1} (Maestro de {2}, Maestría Actual {3})","{1} (Mestre de {2}, Maestria Atual {3})","{1} ({2} мастер, Текущее мастерство {3})","{1} (Maestro {2}, Maestria Attuale {3})",{1} ({2}大師，目前熟練度 {3}),{1}（{2}大师，当前掌握度 {3}）,"{1} ({2} 마스터, 현재 숙련도 {3})","{1} (Mistrz {2}, Obecne Mistrzostwo {3})","{1} (Майстер {2}, Поточна Майстерність {3})","{1} ({2} Meester, Huidige Beheersing {3})","{1} ({2} Ustası, Mevcut Ustalık {3})"
L_OW_CREATURE_WRANGLE,,Your creatures begin to chat with the runaway creature in an effort to convince it to return to {CASTLENAME}.,あなたの生き物たちは、{CASTLENAME}に戻るよう説得するため、逃げ出した生き物と会話を始めます。,"Deine Kreaturen beginnen mit der entlaufenen Kreatur zu plaudern, um sie zu überzeugen, nach {CASTLENAME} zurückzukehren.",Vos créatures commencent à discuter avec la créature fugitive pour tenter de la convaincre de retourner à {CASTLENAME}.,Tus criaturas comienzan a charlar con la criatura fugitiva en un esfuerzo por convencerla de que regrese a {CASTLENAME}.,Suas criaturas começam a conversar com a criatura fugitiva em um esforço para convencê-la a retornar para {CASTLENAME}.,"Ваши существа начинают беседовать с беглым существом, пытаясь убедить его вернуться в {CASTLENAME}.",Le tue creature iniziano a chiacchierare con la creatura fuggitiva nel tentativo di convincerla a tornare a {CASTLENAME}.,你的生物開始與逃跑的生物交談，試圖說服它回到{CASTLENAME}。,你的生物开始与逃跑的生物交谈，试图说服它返回{CASTLENAME}。,당신의 생물들이 도망친 생물과 대화를 시작하여 {CASTLENAME}으로 돌아오도록 설득하려 합니다.,"Twoje stworzenia zaczynają rozmawiać ze zbiegłym stworzeniem, próbując przekonać je do powrotu do {CASTLENAME}.","Ваші істоти починають розмовляти з істотою-втікачем, намагаючись переконати її повернутися до {CASTLENAME}.",Je wezens beginnen te praten met het weggelopen wezen in een poging het te overtuigen om terug te keren naar {CASTLENAME}.,"Yaratıkların, kaçak yaratığı {CASTLENAME}'e geri dönmeye ikna etmek için onunla sohbet etmeye başlar."
L_OW_CREATURE_WRANGLE_SUCCESS,,"The creature agrees to return to the castle, and heads toward the nearest Teleportation Shrine.",生物は城に戻ることに同意し、最寄りの転送の祠へと向かった。,"Die Kreatur stimmt zu, zur Burg zurückzukehren, und begibt sich zum nächsten Teleportationsschrein.",La créature accepte de retourner au château et se dirige vers le Sanctuaire de Téléportation le plus proche.,La criatura acepta regresar al castillo y se dirige hacia el Santuario de Teletransporte más cercano.,A criatura concorda em retornar ao castelo e se dirige ao Santuário de Teleporte mais próximo.,Существо соглашается вернуться в замок и направляется к ближайшему Телепортационному Святилищу.,La creatura accetta di tornare al castello e si dirige verso il Santuario di Teletrasporto più vicino.,這個生物同意返回城堡，並朝著最近的傳送神殿走去。,这个生物同意返回城堡，并朝着最近的传送神龛走去。,"그 생물은 성으로 돌아가는 것에 동의하고, 가장 가까운 순간이동 신단을 향해 나아갑니다.",Stworzenie zgadza się wrócić do zamku i kieruje się w stronę najbliższego Ołtarza Teleportacji.,Істота погоджується повернутися до замку і прямує до найближчого Телепортаційного Святилища.,"Het wezen stemt ermee in om terug te keren naar het kasteel, en gaat op weg naar het dichtstbijzijnde Teleportatie-Schrijn.",Yaratık kaleye dönmeyi kabul eder ve en yakın Işınlanma Tapınağı'na doğru yönelir.
L_OW_CREATURE_WRANGLE_FAIL,,But the creature turns aggressive and attacks!,しかし、その生物は攻撃的になり、襲いかかってきた！,Doch die Kreatur wird aggressiv und greift an!,Mais la créature devient agressive et attaque !,Pero la criatura se vuelve agresiva y ¡ataca!,Mas a criatura se torna agressiva e ataca!,Но существо становится агрессивным и нападает!,Ma la creatura diventa aggressiva e attacca!,但是這個生物變得具有攻擊性並發動攻擊！,但是这个生物变得具有攻击性并发起了攻击！,하지만 그 생물이 공격적으로 변해 공격해 옵니다!,Ale stworzenie staje się agresywne i atakuje!,Але істота стає агресивною і атакує!,Maar het wezen wordt agressief en valt aan!,Ama yaratık saldırganlaşıyor ve saldırıyor!
L_OW_FIREWOOD,,You obtained the firewood.,薪を手に入れた。,Du hast das Brennholz erhalten.,Vous avez obtenu le bois de chauffage.,Obtuviste la leña.,Você obteve a lenha.,Вы получили дрова.,Hai ottenuto la legna da ardere.,你獲得了柴火。,你获得了柴火。,장작을 획득했습니다.,Zdobyłeś drewno na opał.,Ви отримали дрова.,Je hebt het brandhout verkregen.,Odunu elde ettin.
L_OW_FRUIT1,,"Oddly enough, it tastes like wood.",奇妙なことに、木の味がする。,Seltsamerweise schmeckt es nach Holz.,"Étrangement, ça a un goût de bois.","Curiosamente, sabe a madera.","Estranhamente, tem gosto de madeira.","Как ни странно, на вкус это как дерево.","Stranamente, sa di legno.",奇怪的是，它嚐起來像木頭。,奇怪的是，它尝起来像木头。,"이상하게도, 나무 맛이 난다.","Dziwnym trafem, smakuje jak drewno.","Як не дивно, на смак як дерево.",Vreemd genoeg smaakt het naar hout.,"Garip bir şekilde, tahta gibi tadı var."
L_OW_FRUIT2,,It tastes like flowers.,花のような味がする。,Es schmeckt wie Blumen.,Ça a un goût de fleurs.,Sabe a flores.,Tem gosto de flores.,На вкус как цветы.,Ha un sapore di fiori.,嚐起來像花一樣。,尝起来像花。,꽃 맛이 난다.,Smakuje jak kwiaty.,Це на смак як квіти.,Het smaakt naar bloemen.,Çiçek gibi tadı var.
L_OW_FRUIT3,,It's incredibly bitter.,信じられないほど苦い。,Es ist unglaublich bitter.,C'est incroyablement amer.,Es increíblemente amargo.,É extremamente amargo.,Это невероятно горько.,È incredibilmente amaro.,這非常苦。,味道非常苦。,엄청나게 쓴 맛이다.,Jest niesamowicie gorzkie.,Це неймовірно гірко.,Het is ongelooflijk bitter.,İnanılmaz derecede acı.
L_OW_FRUIT_RESULT1,,"You've eaten a lot of fruit! Too much, in fact. You vomited everywhere!\n\nBut what's this? There's something in the vomit...",たくさんの果物を食べたね！ 食べすぎたくらいだ。あなたは至る所に嘔吐してしまった！\n\nでも、これは何だろう？ 嘔吐物の中に何かがある...,"Du hast viel Obst gegessen! Zu viel, um genau zu sein. Du hast dich überall übergeben!\n\nAber was ist das? Da ist etwas im Erbrochenen...","Tu as mangé beaucoup de fruits ! Trop, en fait. Tu as vomi partout !\n\nMais qu'est-ce que c'est ? Il y a quelque chose dans le vomi...","Has comido mucha fruta. Demasiada, de hecho. ¡Has vomitado por todas partes!\n\n¿Pero qué es esto? Hay algo en el vómito...","Você comeu muita fruta! Fruta demais, na verdade. Você vomitou por toda parte!\n\nMas o que é isso? Há algo no vômito...","Вы съели много фруктов! Слишком много, на самом деле. Вас вырвало повсюду!\n\nНо что это? В рвоте что-то есть...","Hai mangiato molta frutta! Troppa, in effetti. Hai vomitato ovunque!\n\nMa cos'è questo? C'è qualcosa nel vomito...",你吃了很多水果！事實上，太多了。你到處嘔吐！\n\n但這是什麼？嘔吐物中有什麼東西...,你吃了很多水果！确切来说，是太多了。你吐得到处都是！\n\n但这是什么？呕吐物里有什么东西……,과일을 많이 먹었군요! 너무 많이 먹었네요. 온 사방에 토해버렸어요!\n\n그런데 이게 뭐지? 토사물 안에 뭔가가 있어요...,"Zjadłeś dużo owoców! Zbyt dużo, właściwie. Zwymiotowałeś wszędzie!\n\nAle co to? Coś jest w tych wymiocinach...","Ти з'їв багато фруктів! Занадто багато, насправді. Тебе знудило всюди!\n\nАле що це? У блювотинні щось є...","Je hebt veel fruit gegeten! Te veel, eigenlijk. Je hebt overal overgegeven!\n\nMaar wat is dit? Er zit iets in het braaksel...","Çok fazla meyve yedin! Aslında, çok fazla. Her yere kusmuk saçtın!\n\nAma bu da ne? Kusmukta bir şey var..."
L_OW_FRUIT_RESULT2,,"You've eaten a lot of fruit! Your skin has started to emit a sweet scent. Unfortunately, the scent seems to be attracting the attention of nearby enemies!",たくさんの果物を食べましたね！あなたの肌から甘い香りが漂い始めました。残念ながら、その香りは近くの敵の注目を集めているようです！,"Du hast viel Obst gegessen! Deine Haut hat begonnen, einen süßen Duft abzusondern. Leider scheint der Duft die Aufmerksamkeit nahegelegener Feinde auf sich zu ziehen!","Tu as mangé beaucoup de fruits ! Ta peau a commencé à émettre un parfum sucré. Malheureusement, ce parfum semble attirer l'attention des ennemis à proximité !","Has comido mucha fruta. Tu piel ha comenzado a emitir un aroma dulce. Desafortunadamente, ¡el aroma parece estar atrayendo la atención de los enemigos cercanos!","Você comeu muitas frutas! Sua pele começou a emitir um aroma doce. Infelizmente, o aroma parece estar atraindo a atenção de inimigos próximos!","Вы съели много фруктов! Ваша кожа начала источать сладкий аромат. К сожалению, этот аромат, похоже, привлекает внимание ближайших врагов!","Hai mangiato molta frutta! La tua pelle ha iniziato a emanare un profumo dolce. Sfortunatamente, il profumo sembra attirare l'attenzione dei nemici nelle vicinanze!",你吃了很多水果！你的皮膚開始散發出甜甜的香味。不幸的是，這香味似乎吸引了附近敵人的注意！,你吃了很多水果！你的皮肤开始散发出一种甜甜的香味。不幸的是，这种香味似乎吸引了附近敌人的注意！,"과일을 많이 먹었군요! 당신의 피부에서 달콤한 향기가 나기 시작했습니다. 불행히도, 그 향기가 근처의 적들의 관심을 끌고 있는 것 같습니다!","Zjadłeś dużo owoców! Twoja skóra zaczęła wydzielać słodki zapach. Niestety, zapach ten zdaje się przyciągać uwagę pobliskich wrogów!","Ви з'їли багато фруктів! Ваша шкіра почала виділяти солодкий аромат. На жаль, цей аромат, схоже, привертає увагу ворогів поблизу!",Je hebt veel fruit gegeten! Je huid begint een zoete geur af te geven. Helaas lijkt de geur de aandacht te trekken van vijanden in de buurt!,"Çok fazla meyve yedin! Cildin tatlı bir koku yaymaya başladı. Ne yazık ki, bu koku yakındaki düşmanların dikkatini çekiyor gibi görünüyor!"
L_OW_FRUIT_RESULT3,,"You've eaten a lot of fruit! Your stomach is too full to continue on, so you decide to stop and take a break. Suddenly, you hear a familiar voice.",たくさんの果物を食べましたね！お腹がいっぱいで先に進めないので、休憩することにしました。突然、聞き覚えのある声が聞こえてきます。,"Du hast eine Menge Früchte gegessen! Dein Magen ist zu voll, um weiterzugehen, also beschließt du, anzuhalten und eine Pause zu machen. Plötzlich hörst du eine vertraute Stimme.","Tu as mangé beaucoup de fruits ! Ton estomac est trop plein pour continuer, alors tu décides de t'arrêter et de faire une pause. Soudain, tu entends une voix familière.","Has comido mucha fruta. Tu estómago está demasiado lleno para continuar, así que decides detenerte y tomar un descanso. De repente, escuchas una voz familiar.","Você comeu muita fruta! Seu estômago está muito cheio para continuar, então você decide parar e fazer uma pausa. De repente, você ouve uma voz familiar.","Вы съели много фруктов! Ваш желудок слишком полон, чтобы продолжать путь, поэтому вы решаете остановиться и сделать перерыв. Внезапно вы слышите знакомый голос.","Hai mangiato molta frutta! Il tuo stomaco è troppo pieno per continuare, quindi decidi di fermarti e fare una pausa. All'improvviso, senti una voce familiare.",你吃了很多水果！你的肚子太飽了無法繼續前進，所以你決定停下來休息一下。突然，你聽到一個熟悉的聲音。,你吃了很多水果！你的肚子太饱了，无法继续前进，所以你决定停下来休息一下。突然，你听到一个熟悉的声音。,"과일을 많이 먹었네요! 배가 너무 불러서 계속 나아갈 수 없어, 잠시 멈추고 휴식을 취하기로 했습니다. 갑자기, 익숙한 목소리가 들립니다.","Zjadłeś dużo owoców! Twój żołądek jest zbyt pełny, by iść dalej, więc postanawiasz zatrzymać się i odpocząć. Nagle słyszysz znajomy głos.","Ви з'їли багато фруктів! Ваш шлунок надто повний, щоб продовжувати, тож ви вирішуєте зупинитися і перепочити. Раптом ви чуєте знайомий голос.","Je hebt veel fruit gegeten! Je maag is te vol om verder te gaan, dus je besluit te stoppen en een pauze te nemen. Plotseling hoor je een bekende stem.","Çok fazla meyve yedin! Miden devam edemeyecek kadar dolu, bu yüzden durup mola vermeye karar veriyorsun. Aniden, tanıdık bir ses duyuyorsun."
L_OW_FRUIT_RESULT4,,"Voice of Torun:\nOH, THANK !@#$. YOU FINALLY STOPPED TALKING FOR 5 SECONDS. THIS IS THE BEST MOMENT OF MY !@#$ING LIFE.",トゥルンの声：\nああ、くそっ。やっと5秒間黙ってくれた。これが俺の人生で最高の瞬間だ。,"Stimme von Torun:\nOH, GOTT SEI !@#$. DU HAST ENDLICH FÜR 5 SEKUNDEN AUFGEHÖRT ZU REDEN. DAS IST DER BESTE MOMENT MEINES VERDAMMTEN LEBENS.","Voix de Torun :\nOH, DIEU MERCI !@#$. TU AS ENFIN ARRÊTÉ DE PARLER PENDANT 5 SECONDES. C'EST LE MEILLEUR MOMENT DE MA !@#$ING VIE.","Voz de Torun:\n¡OH, GRACIAS !@#$. POR FIN DEJASTE DE HABLAR POR 5 SEGUNDOS. ESTE ES EL MEJOR MOMENTO DE MI !@#$ VIDA.","Voz de Torun:\nAH, GRAÇAS A !@#$. VOCÊ FINALMENTE PAROU DE FALAR POR 5 SEGUNDOS. ESTE É O MELHOR MOMENTO DA MINHA !@#$ VIDA.","Голос Торуна:\nО, СЛАВА !@#$. ТЫ НАКОНЕЦ ПЕРЕСТАЛ БОЛТАТЬ НА 5 СЕКУНД. ЭТО ЛУЧШИЙ МОМЕНТ МОЕЙ !@#$ОВОЙ ЖИЗНИ.","Voce di Torun:\nOH, GRAZIE !@#$. FINALMENTE HAI SMESSO DI PARLARE PER 5 SECONDI. QUESTO È IL MOMENTO MIGLIORE DELLA MIA !@#$ING VITA.",托倫之聲：\n喔，感謝！@#$。你終於停止說話五秒鐘了。這是我！@#$的人生中最美好的時刻。,托伦的声音：\n哦，谢天谢地。!@#$的你终于停止说话5秒钟了。这是我这!@#$的一生中最好的时刻。,"토룬의 목소리:\n아, 젠장. 드디어 5초 동안 말을 멈췄군. 이게 내 !@#$ 인생에서 최고의 순간이야.","Głos Toruna:\nOCH, DZIĘKI !@#$. WRESZCIE PRZESTAŁEŚ GADAĆ PRZEZ 5 SEKUND. TO NAJLEPSZY MOMENT W MOIM !@#$OWYM ŻYCIU.","Голос Торуна:\nО, ДЯКУЮ !@#$. ТИ НАРЕШТІ ЗАМОВК НА 5 СЕКУНД. ЦЕ НАЙКРАЩИЙ МОМЕНТ МОГО !@#$ОВОГО ЖИТТЯ.","Stem van Torun:\nOH, GODZIJDANK. JE HIELD EINDELIJK 5 SECONDEN JE MOND. DIT IS HET BESTE MOMENT VAN MIJN VERDOMDE LEVEN.","Torun'un Sesi:\nOH, ÇOK ŞÜKÜR. SONUNDA 5 SANİYELİĞİNE KONUŞMAYI KESİN. BU HAYATIMIN EN GÜZEL !@#$ ANI."
L_OW_FRUIT_RESULT5,1 = favor amount,You gained {1} favor with {GODT_JUNGLE}.,{1}の好感度を{GODT_JUNGLE}から獲得した。,Du hast {1} Gunst bei {GODT_JUNGLE} erhalten.,Vous avez gagné {1} faveur avec {GODT_JUNGLE}.,Has ganado {1} favor con {GODT_JUNGLE}.,Você ganhou {1} de favor com {GODT_JUNGLE}.,Вы получили {1} расположения от {GODT_JUNGLE}.,Hai guadagnato {1} favore con {GODT_JUNGLE}.,你獲得了 {1} 點對 {GODT_JUNGLE} 的好感度。,你获得了{1}点{GODT_JUNGLE}的恩惠。,{1}의 {GODT_JUNGLE} 호감도를 얻었습니다.,Zyskałeś {1} przychylności u {GODT_JUNGLE}.,Ви отримали {1} прихильності від {GODT_JUNGLE}.,Je hebt {1} gunst verkregen bij {GODT_JUNGLE}.,{1} {GODT_JUNGLE} ile iyilik kazandın.
L_OW_FRUIT_RESULT6,,"You've eaten a lot of fruit! With a full stomach, you feel stronger than ever.",たくさんの果物を食べた！満腹感で、これまで以上に力がみなぎるのを感じる。,Du hast viel Obst gegessen! Mit vollem Magen fühlst du dich stärker als je zuvor.,"Tu as mangé beaucoup de fruits ! Avec l'estomac plein, tu te sens plus fort que jamais.","Has comido mucha fruta. Con el estómago lleno, te sientes más fuerte que nunca.","Você comeu muitas frutas! Com o estômago cheio, você se sente mais forte do que nunca.","Вы съели много фруктов! С полным желудком вы чувствуете себя сильнее, чем когда-либо.","Hai mangiato molta frutta! Con lo stomaco pieno, ti senti più forte che mai.",你吃了很多水果！飽足的肚子讓你感覺比以往更加強壯。,你吃了很多水果！饱腹之下，你感觉前所未有地强大。,"과일을 많이 먹었군요! 배가 부르니, 그 어느 때보다 강해진 느낌이 듭니다.",Zjadłeś dużo owoców! Z pełnym żołądkiem czujesz się silniejszy niż kiedykolwiek.,"Ви з'їли багато фруктів! З повним шлунком ви почуваєтеся сильнішим, ніж будь-коли.",Je hebt veel fruit gegeten! Met een volle maag voel je je sterker dan ooit.,"Çok meyve yedin! Dolu bir mideyle, kendini her zamankinden daha güçlü hissediyorsun."
L_OW_FRUIT_RESULT7,,"You've eaten a lot of fruit! Ugh, too much. You think you're going to be sick.",たくさんフルーツを食べてしまった！うっ、食べすぎた。気分が悪くなりそうだ。,"Du hast viel Obst gegessen! Ugh, zu viel. Dir wird schlecht.","Tu as mangé beaucoup de fruits ! Beurk, trop même. Tu penses que tu vas être malade.","Has comido mucha fruta. Uf, demasiada. Crees que vas a enfermar.","Você comeu muita fruta! Ugh, demais. Você acha que vai ficar doente.","Ты съел много фруктов! Ух, слишком много. Кажется, тебя сейчас стошнит.","Hai mangiato molta frutta! Ugh, troppa. Pensi che ti sentirai male.",你吃了很多水果！唔，太多了。你覺得你要生病了。,你吃了很多水果！呃，太多了。你觉得你要生病了。,"과일을 많이 먹었네요! 으, 너무 많이. 당신은 아플 것 같습니다.","Zjadłeś dużo owoców! Ugh, za dużo. Myślisz, że zaraz będzie ci niedobrze.","Ви з'їли багато фруктів! Ух, забагато. Здається, вас зараз знудить.","Je hebt veel fruit gegeten! Ugh, te veel. Je denkt dat je ziek gaat worden.","Çok fazla meyve yedin! Öf, fazla oldu. Hasta olacağını düşünüyorsun."
L_OW_FRUIT_RESULT8,,You've eaten a lot of fruit! You start to cough and hack. It feels like there's a beehive in your stomach!,たくさんの果物を食べてしまった！咳き込み始める。胃の中で蜂の巣があるような感じがする！,"Du hast viel Obst gegessen! Du beginnst zu husten und zu würgen. Es fühlt sich an, als wäre ein Bienenstock in deinem Magen!",Tu as mangé beaucoup de fruits ! Tu commences à tousser et à t'étouffer. On dirait qu'il y a une ruche dans ton estomac !,Has comido mucha fruta. Empiezas a toser y a carraspear. ¡Sientes como si tuvieras un panal de abejas en el estómago!,Você comeu muita fruta! Você começa a tossir e engasgar. Parece que há uma colmeia em seu estômago!,"Вы съели много фруктов! Вы начинаете кашлять и задыхаться. Такое ощущение, будто у вас в желудке пчелиный улей!",Hai mangiato molta frutta! Inizi a tossire e rantolare. Sembra che ci sia un alveare nel tuo stomaco!,你吃了很多水果！你開始咳嗽和乾嘔。感覺肚子裡有一個蜂窩！,你吃了很多水果！你开始咳嗽和干呕。感觉肚子里有一个蜂巢！,과일을 많이 먹었군요! 기침과 헛기침을 하기 시작합니다. 당신의 위 속에 벌집이 있는 것 같은 느낌이 듭니다!,"Zjadłeś dużo owoców! Zaczynasz kaszleć i krztusić się. Czujesz się, jakbyś miał ul w żołądku!","Ви з'їли багато фруктів! Ви починаєте кашляти і задихатися. Таке відчуття, ніби у вашому шлунку вулик!",Je hebt veel fruit gegeten! Je begint te hoesten en te kuchen. Het voelt alsof er een bijenkorf in je maag zit!,Çok fazla meyve yedin! Öksürmeye ve hırıldamaya başlıyorsun. Midenin içinde bir arı kovanı varmış gibi hissediyorsun!
L_OW_FRUIT_RESULT9,,"In a few moments, you manage to spit out whatever was causing the problem.\n\nAs it turns out, there was a horde of creatures in your stomach.",数瞬後、問題の原因となっていたものを吐き出すことに成功した。\n\n実は、あなたの胃の中には大量の生物がいたのだ。,"In wenigen Augenblicken gelingt es dir, auszuspucken, was auch immer das Problem verursacht hat.\n\nWie sich herausstellt, befand sich eine Horde von Kreaturen in deinem Magen.","En quelques instants, vous parvenez à recracher ce qui causait le problème.\n\nEn fait, il y avait une horde de créatures dans votre estomac.","En unos instantes, logras escupir lo que sea que estaba causando el problema.\n\nResulta que había una horda de criaturas en tu estómago.","Em alguns momentos, você consegue cuspir o que estava causando o problema.\n\nAparentemente, havia uma horda de criaturas em seu estômago.","Через несколько мгновений вам удается выплюнуть то, что вызывало проблему.\n\nКак оказалось, в вашем желудке была целая орда существ.","In pochi istanti, riesci a sputare qualunque cosa stesse causando il problema.\n\nA quanto pare, c'era un'orda di creature nel tuo stomaco.",幾分鐘後，你設法吐出了導致問題的東西。\n\n原來，你的胃裡有一大群生物。,几分钟后，你成功吐出了导致问题的东西。\n\n事实证明，你的胃里有一大群生物。,"잠시 후, 당신은 문제를 일으키던 것을 뱉어냅니다.\n\n알고 보니, 당신의 위 속에 괴물 무리가 있었습니다.","Za chwilę udaje ci się wypluć to, co powodowało problem.\n\nJak się okazuje, w twoim żołądku była cała horda stworzeń.","За кілька хвилин вам вдається виплюнути те, що спричиняло проблему.\n\nЯк виявилося, у вашому шлунку була ціла орда істот.",Na een paar ogenblikken lukt het je om uit te spugen wat het probleem veroorzaakte.\n\nHet blijkt dat er een horde wezens in je maag zat.,"Birkaç dakika içinde, soruna neden olan her neyse tükürebildin.\n\nMeğerse midenin içinde bir sürü yaratık varmış."
L_OW_CORPSE,,Yum!,おいしい！,Lecker!,Miam !,¡Qué rico!,Delícia!,Вкуснятина!,Slurp!,好吃！,好吃！,맛있다!,Pycha!,Смакота!,Lekker!,Leziz!
L_OW_LOSTSPIRIT,,"Please, help me find my way home!",お願いです、家に帰る道を見つけるのを手伝ってください！,"Bitte, hilf mir, nach Hause zu finden!","S'il vous plaît, aidez-moi à retrouver le chemin de ma maison !","Por favor, ¡ayúdame a encontrar el camino a casa!","Por favor, me ajude a encontrar o caminho para casa!","Пожалуйста, помоги мне найти дорогу домой!","Ti prego, aiutami a trovare la strada di casa!",拜託，幫我找到回家的路！,请帮我找到回家的路！,"제발, 집으로 가는 길을 찾는 것을 도와주세요!","Proszę, pomóż mi znaleźć drogę do domu!","Будь ласка, допоможи мені знайти дорогу додому!","Alsjeblieft, help me mijn weg naar huis te vinden!","Lütfen, evime giden yolu bulmama yardım et!"
L_OW_SQUASH1,,It tastes like dirt.,土のような味がする。,Es schmeckt wie Erde.,Ça a un goût de terre.,Sabe a tierra.,Tem gosto de terra.,На вкус как земля.,Sa di terra.,嚐起來像泥土。,尝起来像泥土。,흙 맛이 난다.,Smakuje jak ziemia.,На смак як земля.,Het smaakt naar aarde.,Toprak gibi tadı var.
L_OW_SQUASH2,,It smells bad and doesn't taste much better.,臭いがひどく、味もあまり良くない。,Es riecht schlecht und schmeckt auch nicht viel besser.,Ça sent mauvais et le goût n'est guère meilleur.,Huele mal y no sabe mucho mejor.,Tem um cheiro ruim e não tem um gosto muito melhor.,Воняет и на вкус не лучше.,Ha un cattivo odore e non ha un sapore molto migliore.,聞起來很臭，嚐起來也好不到哪去。,它闻起来很难闻，尝起来也没好到哪去。,냄새도 나쁘고 맛도 별로 좋지 않다.,Śmierdzi i nie smakuje dużo lepiej.,Тхне погано і на смак не набагато краще.,Het ruikt slecht en smaakt niet veel beter.,Kötü kokuyor ve tadı da pek iyi değil.
L_OW_SQUASH3,,"Bitter, with an equally foul aftertaste.",苦く、同じように不快な後味が残る。,"Bitter, mit einem ebenso üblen Nachgeschmack.","Amer, avec un arrière-goût tout aussi répugnant.","Amargo, con un regusto igualmente desagradable.","Amargo, com um sabor residual igualmente repugnante.","Горький, с не менее мерзким послевкусием.","Amaro, con un retrogusto altrettanto disgustoso.",苦澀，餘味同樣難受。,苦涩，余味同样难受。,"쓰고, 똑같이 역겨운 뒷맛이 남는다.","Gorzkie, z równie paskudnym posmakiem.","Гіркий, з таким же огидним післясмаком.","Bitter, met een even walgelijke nasmaak.","Acı, aynı derecede kötü bir tat bırakıyor."
L_OW_SQUASH_RESULT1,,"You've eaten a lot of squash! Too much, in fact. You vomited everywhere!\n\nBut what's this? There's something in the vomit...",たくさんカボチャを食べたね！ 食べすぎたようだ。あなたは至る所に嘔吐してしまった！\n\nでも、これは何だろう？ 嘔吐物の中に何かがある...,Du hast eine Menge Kürbis gegessen! Zu viel sogar. Du hast überall hinübergekotzt!\n\nAber was ist das? Da ist etwas im Erbrochenen...,"Tu as mangé beaucoup de courge ! Trop, en fait. Tu as vomi partout !\n\nMais qu'est-ce que c'est ? Il y a quelque chose dans le vomi...","¡Has comido mucha calabaza! Demasiada, de hecho. ¡Has vomitado por todas partes!\n\n¿Pero qué es esto? Hay algo en el vómito...","Você comeu muita abóbora! Demais, na verdade. Você vomitou por toda parte!\n\nMas o que é isso? Há algo no vômito...","Вы съели много тыквы! Слишком много, на самом деле. Вас вырвало повсюду!\n\nНо что это? В рвоте что-то есть...","Hai mangiato un sacco di zucca! Troppa, in effetti. Hai vomitato ovunque!\n\nMa cos'è questo? C'è qualcosa nel vomito...",你吃了很多南瓜！事實上，太多了。你到處嘔吐！\n\n但這是什麼？嘔吐物中有什麼東西...,你吃了很多西葫芦！确切来说，是太多了。你吐得到处都是！\n\n但这是什么？呕吐物里有什么东西……,"호박을 많이 먹었군요! 사실, 너무 많이 먹었어요. 온 사방에 토해버렸어요!\n\n그런데 이게 뭐지? 토사물 안에 뭔가가 있네...","Zjadłeś dużo dyni! Zbyt dużo, właściwie. Zwymiotowałeś wszędzie!\n\nAle co to? Coś jest w tych wymiocinach...","Ви з'їли багато кабачків! Занадто багато, насправді. Вас знудило всюди!\n\nАле що це? У блювотинні щось є...","Je hebt veel pompoen gegeten! Te veel, eigenlijk. Je hebt overal overgegeven!\n\nMaar wat is dit? Er zit iets in het braaksel...","Çok fazla kabak yedin! Aslında, çok fazla. Her yere kusdun!\n\nAma bu da ne? Kusmuğun içinde bir şey var..."
L_OW_SQUASH_RESULT2,,"You've eaten a lot of squash! Your skin has started to emit a foul odor. Unfortunately, the scent seems to be attracting the attention of nearby enemies!",たくさんカボチャを食べたな！ 肌から悪臭を放ち始めた。残念ながら、その匂いが近くの敵の注意を引いているようだ！,"Du hast eine Menge Kürbis gegessen! Deine Haut hat begonnen, einen üblen Geruch abzusondern. Leider scheint der Duft die Aufmerksamkeit nahegelegener Feinde auf sich zu ziehen!","Tu as mangé beaucoup de courge ! Ta peau a commencé à émettre une odeur nauséabonde. Malheureusement, cette senteur semble attirer l'attention des ennemis à proximité !","Has comido mucha calabaza. Tu piel ha comenzado a emitir un olor nauseabundo. Desafortunadamente, ¡el aroma parece estar atrayendo la atención de los enemigos cercanos!","Você comeu muita abóbora! Sua pele começou a emitir um odor fétido. Infelizmente, o cheiro parece estar atraindo a atenção de inimigos próximos!","Вы съели много тыквы! Ваша кожа начала издавать отвратительный запах. К сожалению, этот аромат, похоже, привлекает внимание ближайших врагов!","Hai mangiato un sacco di zucca! La tua pelle ha iniziato a emettere un odore nauseabondo. Sfortunatamente, il profumo sembra attirare l'attenzione dei nemici nelle vicinanze!",你吃了很多南瓜！你的皮膚開始散發出一股惡臭。不幸的是，這氣味似乎正在吸引附近敵人的注意！,你吃了很多西葫芦！你的皮肤开始散发出一种恶臭。不幸的是，这种香味似乎吸引了附近敌人的注意！,"호박을 많이 먹었군요! 당신의 피부에서 악취가 나기 시작했습니다. 불행히도, 그 냄새가 근처의 적들의 관심을 끌고 있는 것 같습니다!","Zjadłeś dużo dyni! Twoja skóra zaczęła wydzielać odrażający zapach. Niestety, ta woń zdaje się przyciągać uwagę pobliskich wrogów!","Ви з'їли багато гарбуза! Ваша шкіра почала виділяти огидний запах. На жаль, цей аромат, схоже, привертає увагу ворогів поблизу!",Je hebt veel pompoen gegeten! Je huid begint een vieze geur af te geven. Helaas lijkt de geur de aandacht te trekken van vijanden in de buurt!,"Çok fazla kabak yedin! Cildin kötü bir koku yaymaya başladı. Ne yazık ki, bu koku yakındaki düşmanların dikkatini çekiyor gibi görünüyor!"
L_OW_SQUASH_RESULT3,,"You've eaten a lot of squash! Your stomach is too full to continue on, so you decide to stop and take a break. Suddenly, you hear a familiar voice.",たくさんカボチャを食べたね！ お腹がいっぱいで先に進めないから、休憩することにした。突然、聞き覚えのある声が聞こえてきた。,"Du hast eine Menge Kürbis gegessen! Dein Magen ist zu voll, um weiterzumachen, also beschließt du, anzuhalten und eine Pause zu machen. Plötzlich hörst du eine vertraute Stimme.","Tu as mangé beaucoup de courge ! Ton estomac est trop plein pour continuer, alors tu décides de t'arrêter et de faire une pause. Soudain, tu entends une voix familière.","Has comido mucha calabaza. Tu estómago está demasiado lleno para continuar, así que decides detenerte y tomar un descanso. De repente, escuchas una voz familiar.","Você comeu muita abóbora! Seu estômago está muito cheio para continuar, então você decide parar e fazer uma pausa. De repente, você ouve uma voz familiar.","Ты съел много тыквы! Твой желудок слишком полон, чтобы продолжать путь, поэтому ты решаешь остановиться и сделать перерыв. Внезапно ты слышишь знакомый голос.","Hai mangiato un sacco di zucca! Il tuo stomaco è troppo pieno per continuare, quindi decidi di fermarti e fare una pausa. All'improvviso, senti una voce familiare.",你吃了很多南瓜！你的肚子太飽了無法繼續前進，所以你決定停下來休息一下。突然，你聽到一個熟悉的聲音。,你吃了很多西葫芦！你的肚子太饱了，无法继续前进，所以你决定停下来休息一下。突然，你听到一个熟悉的声音。,"호박을 많이 먹었군요! 배가 너무 불러서 계속 나아갈 수 없어, 잠시 멈추고 휴식을 취하기로 했습니다. 갑자기, 익숙한 목소리가 들립니다.","Zjadłeś dużo dyni! Twój żołądek jest zbyt pełny, by iść dalej, więc postanawiasz zatrzymać się i odpocząć. Nagle słyszysz znajomy głos.","Ви з'їли багато кабачків! Ваш шлунок надто повний, щоб продовжувати, тож ви вирішуєте зупинитися і перепочити. Раптом ви чуєте знайомий голос.","Je hebt veel pompoen gegeten! Je maag is te vol om verder te gaan, dus je besluit te stoppen en een pauze te nemen. Plotseling hoor je een bekende stem.","Çok fazla kabak yedin! Miden devam edemeyecek kadar dolu, bu yüzden durup mola vermeye karar veriyorsun. Aniden, tanıdık bir ses duyuyorsun."
L_OW_SQUASH_RESULT4,,Voice of Apocranox:\nI commend your resourcefulness. To make the best of your surroundings... that is the key to surviving any situation.,アポクラノックスの声：\n君の機転の良さを称えよう。周囲の環境を最大限に活用すること…それがどんな状況でも生き残るための鍵だ。,"Stimme von Apocranox:\nIch bewundere deine Findigkeit. Das Beste aus deiner Umgebung zu machen... das ist der Schlüssel, um jede Situation zu überleben.",Voix d'Apocranox :\nJe salue ton ingéniosité. Tirer le meilleur parti de ton environnement... c'est la clé pour survivre à toute situation.,Voz de Apocranox:\nReconozco tu ingenio. Aprovechar al máximo tu entorno... esa es la clave para sobrevivir en cualquier situación.,Voz de Apocranox:\nEu elogio sua engenhosidade. Aproveitar ao máximo o que está ao seu redor... essa é a chave para sobreviver a qualquer situação.,Голос Апокранокса:\nЯ восхищаюсь твоей находчивостью. Извлекать максимум из окружающей обстановки... вот ключ к выживанию в любой ситуации.,Voce di Apocranox:\nApprezzo la tua intraprendenza. Sfruttare al meglio ciò che ti circonda... questo è il segreto per sopravvivere in qualsiasi situazione.,天啟之聲：\n我讚賞你的機智。善用周遭環境……這正是在任何情況下生存的關鍵。,阿波克拉诺的声音：\n我赞赏你的机智。善用周围环境……这是在任何情况下生存的关键。,아포크라녹스의 목소리:\n당신의 임기응변에 감탄하는군. 주변 환경을 최대한 활용하는 것... 그것이 어떤 상황에서도 생존하는 핵심이지.,Głos Apocranoksa:\nDoceniam twoją zaradność. Umiejętność wykorzystania otoczenia... to klucz do przetrwania w każdej sytuacji.,Голос Апокранокса:\nЯ вітаю твою винахідливість. Використовувати все найкраще з навколишнього середовища... це ключ до виживання в будь-якій ситуації.,Stem van Apocranox:\nIk prijs je vindingrijkheid. Het beste halen uit je omgeving... dat is de sleutel tot het overleven van elke situatie.,Apocranox'un Sesi:\nBecerikliğini takdir ediyorum. Çevrenden en iyi şekilde yararlanmak... herhangi bir durumda hayatta kalmanın anahtarı budur.
L_OW_SQUASH_RESULT5,1 = favor amount,You gained {1} favor with {GODT_AUTUMN}.,{1}の好意を{GODT_AUTUMN}から得た。,Du hast {1} Gunst bei {GODT_AUTUMN} erhalten.,Vous avez gagné {1} faveur avec {GODT_AUTUMN}.,Has ganado {1} favor con {GODT_AUTUMN}.,Você ganhou {1} favor com {GODT_AUTUMN}.,Вы получили {1} расположения у {GODT_AUTUMN}.,Hai guadagnato {1} favore con {GODT_AUTUMN}.,你獲得了{1}點{GODT_AUTUMN}的好感度。,你获得了{1}点{GODT_AUTUMN}的恩惠。,{1}의 호감도를 {GODT_AUTUMN}에게 얻었습니다.,Zyskałeś {1} przychylności u {GODT_AUTUMN}.,Ви отримали {1} прихильності від {GODT_AUTUMN}.,Je hebt {1} gunst verkregen bij {GODT_AUTUMN}.,{1} lütfunu {GODT_AUTUMN} ile kazandın.
L_OW_SQUASH_RESULT6,,"You've eaten a lot of squash! With a full stomach, you feel stronger than ever.",たくさんカボチャを食べたね！お腹いっぱいで、これまで以上に力が湧いてくる。,Du hast eine Menge Kürbis gegessen! Mit vollem Magen fühlst du dich stärker als je zuvor.,"Tu as mangé beaucoup de courge ! L'estomac plein, tu te sens plus fort que jamais.","¡Has comido mucha calabaza! Con el estómago lleno, te sientes más fuerte que nunca.","Você comeu muita abóbora! Com o estômago cheio, você se sente mais forte do que nunca.","Вы съели много тыквы! С полным желудком вы чувствуете себя сильнее, чем когда-либо.","Hai mangiato un sacco di zucca! Con lo stomaco pieno, ti senti più forte che mai.",你吃了很多南瓜！飽足的肚子讓你感覺比以往更強壯。,你吃了很多西葫芦！饱腹之下，你感觉前所未有地强大。,"호박을 많이 먹었군요! 배가 부르니, 그 어느 때보다 강해진 느낌이 듭니다.",Zjadłeś dużo dyni! Z pełnym żołądkiem czujesz się silniejszy niż kiedykolwiek.,"Ви з'їли багато кабачків! З повним шлунком ви почуваєтеся сильнішим, ніж будь-коли.",Je hebt veel pompoen gegeten! Met een volle maag voel je je sterker dan ooit.,"Çok kabak yedin! Dolu bir mideyle, kendini her zamankinden daha güçlü hissediyorsun."
L_OW_SQUASH_RESULT7,,"You've eaten a lot of squash! Ugh, too much. You throw up everywhere and, for reasons unknown, this makes all the enemies in the realm sick.",たくさんカボチャを食べたね！うっ、食べすぎた。あなたは至る所に吐いてしまい、なぜか知らないが、これで王国中の敵が全員病気になった。,"Du hast viel zu viel Kürbis gegessen! Ugh, zu viel. Du übergibst dich überall und aus unerfindlichen Gründen macht das alle Feinde im Reich krank.","Tu as mangé beaucoup de courge ! Beurk, trop même. Tu vomis partout et, pour des raisons inconnues, cela rend tous les ennemis du royaume malades.","Has comido mucha calabaza. ¡Uf, demasiada! Vomitas por todas partes y, por razones desconocidas, esto hace que todos los enemigos del reino se enfermen.","Você comeu muita abóbora! Ugh, demais. Você vomita por toda parte e, por razões desconhecidas, isso deixa todos os inimigos do reino doentes.","Ты съел слишком много тыквы! Фу, перебор. Тебя рвёт повсюду и, по неизвестным причинам, это заставляет всех врагов в королевстве заболеть.","Hai mangiato un sacco di zucca! Ugh, troppa. Vomiti ovunque e, per ragioni sconosciute, questo fa ammalare tutti i nemici del regno.",你吃了很多南瓜！噁，太多了。你到處嘔吐，由於不明原因，這使得領域中的所有敵人都生病了。,你吃了很多西葫芦！呃，太多了。你吐得到处都是，由于不明原因，这使得领域中所有敌人都生病了。,"당신은 호박을 많이 먹었습니다! 으, 너무 많이 먹었어요. 당신은 도처에 토해내고, 알 수 없는 이유로, 이것이 왕국의 모든 적들을 아프게 만듭니다.","Zjadłeś dużo dyni! Ugh, za dużo. Wymiotujesz wszędzie i, z nieznanych powodów, sprawia to, że wszyscy wrogowie w krainie chorują.","Ви з'їли багато кабачків! Тьху, забагато. Вас знудило повсюди і, з невідомих причин, це змусило всіх ворогів у королівстві захворіти.","Je hebt veel pompoen gegeten! Bah, te veel. Je kotst overal en, om onbekende redenen, maakt dit alle vijanden in het rijk ziek.","Çok fazla kabak yedin! Öff, fazla oldu. Her yere kusuyorsun ve bilinmeyen nedenlerle, bu diyardaki tüm düşmanların hastalanmasına neden oluyor."
L_OW_SQUASH_RESULT8,,"You've eaten a lot of squash! You start to cough and hack.\n\nStop. No, really. It's starting to become pretty annoying.",たくさんカボチャを食べたね！咳き込み始める。\n\nやめろ。いや、マジで。かなりうざくなってきてるぞ。,"Du hast eine Menge Kürbis gegessen! Du beginnst zu husten und zu würgen.\n\nHör auf. Nein, wirklich. Es wird langsam ziemlich nervig.","Tu as mangé beaucoup de courge ! Tu commences à tousser et à t'étouffer.\n\nArrête. Non, vraiment. Ça devient plutôt agaçant.","Has comido mucha calabaza. Empiezas a toser y carraspear.\n\nPara. No, en serio. Está empezando a ser bastante molesto.","Você comeu muita abóbora! Você começa a tossir e engasgar.\n\nPare. Não, sério. Está começando a ficar bem irritante.","Вы съели много тыквы! Вы начинаете кашлять и задыхаться.\n\nПрекратите. Нет, серьезно. Это становится довольно раздражающим.","Hai mangiato un sacco di zucca! Inizi a tossire e rantolare.\n\nBasta. No, davvero. Sta iniziando a diventare piuttosto fastidioso.",你吃了很多南瓜！你開始咳嗽和乾嘔。\n\n停下來。不，真的。這開始變得相當惱人了。,你吃了很多西葫芦！你开始咳嗽和干呕。\n\n停下。不，真的。这开始变得相当烦人了。,"호박을 많이 먹었군요! 기침을 하고 헛기침을 하기 시작합니다.\n\n그만. 아니, 진짜로요. 꽤 짜증나기 시작하네요.","Zjadłeś dużo dyni! Zaczynasz kaszleć i charczeć.\n\nPrzestań. Nie, serio. To zaczyna być dość irytujące.","Ви з'їли багато кабачків! Ви починаєте кашляти і хрипіти.\n\nДосить. Ні, серйозно. Це вже стає доволі дратівливим.","Je hebt veel pompoen gegeten! Je begint te hoesten en te kuchen.\n\nStop. Nee, echt. Het begint behoorlijk irritant te worden.","Çok fazla kabak yedin! Öksürmeye ve hırıltılı nefes almaya başlıyorsun.\n\nDur. Hayır, cidden. Bu oldukça sinir bozucu olmaya başlıyor."
L_OW_SQUASH_RESULT9,,"As it turns out, you managed to annoy the surrounding creatures as well. They don't look very friendly.",どうやら、周囲の生物たちまで怒らせてしまったようだ。彼らは友好的には見えない。,"Wie sich herausstellt, hast du auch die umliegenden Kreaturen verärgert. Sie sehen nicht sehr freundlich aus.",Il s'avère que vous avez également réussi à agacer les créatures environnantes. Elles n'ont pas l'air très amicales.,Resulta que también lograste molestar a las criaturas de los alrededores. No parecen muy amigables.,"Pelo visto, você conseguiu irritar as criaturas ao redor também. Elas não parecem muito amigáveis.","Похоже, вам удалось разозлить и окружающих существ. Они не выглядят дружелюбными.","A quanto pare, sei riuscito a infastidire anche le creature circostanti. Non sembrano molto amichevoli.",結果，你也惹惱了周圍的生物。牠們看起來不太友善。,事实证明，你也惹恼了周围的生物。它们看起来并不友好。,"알고 보니, 당신은 주변의 생물들도 짜증나게 만들었군요. 그들은 별로 우호적으로 보이지 않습니다.","Jak się okazuje, udało ci się zirytować również okoliczne stworzenia. Nie wyglądają zbyt przyjaźnie.","Як виявилося, вам вдалося роздратувати і навколишніх істот. Вони не виглядають дуже дружніми.","Zoals blijkt, is het je gelukt om ook de omringende wezens te irriteren. Ze zien er niet erg vriendelijk uit.","Meğerse, etraftaki yaratıkları da kızdırmayı başarmışsın. Pek dost canlısı görünmüyorlar."
L_OW_GODALTAR_SHOP,,Shop: I've come to offer my Emblems in exchange for items.,ショップ：私は紋章とアイテムを交換するためにやってきました。,"Laden: Ich bin gekommen, um meine Embleme gegen Gegenstände einzutauschen.",Boutique : Je suis venu proposer mes Emblèmes en échange d'objets.,Tienda: He venido a ofrecer mis Emblemas a cambio de objetos.,Loja: Vim oferecer meus Emblemas em troca de itens.,Магазин: Я пришёл предложить свои Эмблемы в обмен на предметы.,Negozio: Sono venuto a offrire i miei Emblemi in cambio di oggetti.,商店：我來提供我的紋章，以換取物品。,商店：我来提供徽章，以换取物品。,상점: 아이템과 교환할 문장을 가져왔습니다.,"Sklep: Przybyłem, by zaoferować moje Emblematy w zamian za przedmioty.",Магазин: Я прийшов запропонувати свої Емблеми в обмін на предмети.,Winkel: Ik ben gekomen om mijn Emblemen aan te bieden in ruil voor voorwerpen.,Dükkan: Eşyalar karşılığında Amblemlerimi sunmaya geldim.
L_OW_GODALTAR_DONATE,,Donate: I'd like to make a donation to receive your Favor. (1000 {1}),寄付: あなたの恩恵を受けるために寄付をしたいと思います。(1000 {1}),"Spenden: Ich möchte eine Spende machen, um Eure Gunst zu erhalten. (1000 {1})",Faire un don : J'aimerais faire un don pour recevoir votre Faveur. (1000 {1}),Donar: Me gustaría hacer una donación para recibir tu Favor. (1000 {1}),Doar: Gostaria de fazer uma doação para receber seu Favor. (1000 {1}),"Пожертвовать: Я хотел бы сделать пожертвование, чтобы получить вашу Благосклонность. (1000 {1})",Dona: Vorrei fare una donazione per ricevere il tuo Favore. (1000 {1}),捐獻：我想要捐獻以獲得您的青睞。（1000 {1}）,捐赠：我想捐赠以获得你的恩惠。（1000{1}）,기부: 당신의 호의를 받기 위해 기부하고 싶습니다. (1000 {1}),"Ofiaruj: Chciałbym złożyć datek, aby otrzymać twoją Przychylność. (1000 {1})","Пожертвувати: Я хотів би зробити пожертву, щоб отримати вашу Прихильність. (1000 {1})",Doneren: Ik zou graag een donatie willen doen om uw Gunst te ontvangen. (1000 {1}),Bağış: Lütfunuzu kazanmak için bağış yapmak istiyorum. (1000 {1})
L_OW_GODALTAR_BLESSINGS,,Blessings: Show me a list of blessings you've granted me.,祝福：あなたが私に与えた祝福のリストを見せてください。,"Segnungen: Zeige mir eine Liste der Segnungen, die du mir gewährt hast.",Bénédictions : Montrez-moi une liste des bénédictions que vous m'avez accordées.,Bendiciones: Muéstrame una lista de bendiciones que me has concedido.,Bênçãos: Mostre-me uma lista de bênçãos que você me concedeu.,"Благословения: Покажи мне список благословений, которые ты мне даровал.",Benedizioni: Mostrami un elenco delle benedizioni che mi hai concesso.,祝福：顯示你賜予我的祝福清單。,祝福：请向我展示你赐予我的祝福列表。,축복: 당신이 나에게 내려준 축복 목록을 보여주세요.,"Błogosławieństwa: Pokaż mi listę błogosławieństw, które mi udzieliłeś.","Благословення: Покажи мені список благословень, які ти мені дарував.",Zegeningen: Toon me een lijst van zegeningen die je me hebt geschonken.,Nimetler: Bana bahşettiğin nimetlerin bir listesini göster.
L_OW_GODALTAR_BYE,,Farewell!,さようなら！,Leb wohl!,Adieu !,¡Adiós!,Adeus!,Прощай!,Addio!,再見！,再见！,작별 인사!,Żegnaj!,Прощавай!,Vaarwel!,Hoşça kal!
L_OW_GODALTAR_GREETING_LIFE,,"Through darkness comes light. It is good of you to come here, my child. What brings you to my altar on this day?",闇を通して光が訪れる。よくぞここに来てくれた、我が子よ。今日、何の用で私の祭壇を訪れたのだ？,"Durch Dunkelheit kommt Licht. Es ist gut, dass du hierher gekommen bist, mein Kind. Was führt dich an diesem Tag zu meinem Altar?","À travers les ténèbres vient la lumière. C'est bien à toi d'être venu ici, mon enfant. Qu'est-ce qui t'amène à mon autel en ce jour ?","A través de la oscuridad viene la luz. Es bueno que hayas venido aquí, hijo mío. ¿Qué te trae a mi altar en este día?","Através da escuridão vem a luz. É bom que tenha vindo aqui, minha criança. O que te traz ao meu altar neste dia?","Сквозь тьму приходит свет. Хорошо, что ты пришёл сюда, дитя моё. Что привело тебя к моему алтарю в этот день?","Attraverso l'oscurità giunge la luce. È un bene che tu sia venuto qui, figlio mio. Cosa ti porta al mio altare in questo giorno?",黑暗中透出光明。孩子，你能來到這裡真是太好了。今日是什麼原因讓你來到我的祭壇前？,黑暗中迎来光明。孩子，你能来到这里真是太好了。今天是什么事让你来到我的祭坛？,"어둠을 통해 빛이 옵니다. 이곳에 와주셔서 고맙습니다, 내 아이여. 오늘 내 제단에 무슨 일로 오셨나요?","Przez ciemność przychodzi światło. To dobrze, że tu przyszedłeś, moje dziecko. Co sprowadza cię do mojego ołtarza tego dnia?","Крізь темряву приходить світло. Добре, що ти прийшов сюди, дитя моє. Що привело тебе до мого вівтаря цього дня?","Door duisternis komt licht. Het is goed dat je hier bent gekomen, mijn kind. Wat brengt je vandaag naar mijn altaar?","Karanlıktan ışık doğar. Buraya gelmen çok iyi oldu, evladım. Bu gün seni sunağıma getiren nedir?"
L_OW_GODALTAR_GREETING_DEATH,,"May the darkness guide you, {PLAYERNAME}. What is it you need?",闇があなたを導きますように、{PLAYERNAME}。何が必要ですか？,"Möge die Dunkelheit dich führen, {PLAYERNAME}. Was brauchst du?","Que les ténèbres te guident, {PLAYERNAME}. De quoi as-tu besoin ?","Que la oscuridad te guíe, {PLAYERNAME}. ¿Qué necesitas?","Que a escuridão te guie, {PLAYERNAME}. O que você precisa?","Да направит тебя тьма, {PLAYERNAME}. Что тебе нужно?","Translator: Che l'oscurità ti guidi, {PLAYERNAME}. Di cosa hai bisogno?",願黑暗指引你，{PLAYERNAME}。你需要什麼？,愿黑暗指引你，{PLAYERNAME}。你需要什么？,"어둠이 당신을 인도하길, {PLAYERNAME}. 무엇이 필요하신가요?","Niech ciemność cię prowadzi, {PLAYERNAME}. Czego potrzebujesz?","Нехай темрява веде тебе, {PLAYERNAME}. Що тобі потрібно?","Moge de duisternis je leiden, {PLAYERNAME}. Wat heb je nodig?","Karanlık sana yol göstersin, {PLAYERNAME}. Neye ihtiyacın var?"
L_OW_GODALTAR_GREETING_CHAOS,,"Greetings! You've come all this way just to pay me a visit, eh? What can I do for you?",こんにちは！わざわざ私に会いに来てくれたのかい？何か手伝えることはある？,"Grüße! Du bist den ganzen Weg gekommen, nur um mir einen Besuch abzustatten, ja? Was kann ich für dich tun?","Salutations ! Tu as fait tout ce chemin juste pour me rendre visite, hein ? Que puis-je faire pour toi ?","¡Saludos! Has venido desde tan lejos solo para visitarme, ¿eh? ¿Qué puedo hacer por ti?","Saudações! Você veio de tão longe só para me visitar, hein? O que posso fazer por você?","Приветствую! Ты проделал весь этот путь только чтобы навестить меня, а? Чем я могу тебе помочь?","Saluti! Hai fatto tutta questa strada solo per farmi visita, eh? Cosa posso fare per te?",問候！你大老遠跑來就是為了拜訪我，是嗎？我能為你做些什麼？,你好！你大老远跑来就是为了看我一眼，是吧？我能为你做些什么？,"안녕하세요! 날 만나러 여기까지 오셨군요, 그렇죠? 무엇을 도와드릴까요?","Witaj! Przebyłeś całą tę drogę tylko po to, by złożyć mi wizytę, co? W czym mogę ci pomóc?","Вітаю! Ти подолав весь цей шлях лише для того, щоб відвідати мене, га? Чим я можу тобі допомогти?","Gegroet! Je bent helemaal hierheen gekomen alleen om mij te bezoeken, hè? Wat kan ik voor je doen?","Selamlar! Sadece beni ziyaret etmek için tüm bu yolu geldin, öyle mi? Senin için ne yapabilirim?"
L_OW_GODALTAR_GREETING_SORCERY,,"All men desire knowledge, but few are wary enough to seize it without unmaking themselves. Are you the exception?",すべての者は知識を求めるが、自らを壊すことなくそれを手に入れられるほど用心深い者はほとんどいない。あなたは例外なのか？,"Alle Menschen begehren Wissen, doch nur wenige sind vorsichtig genug, es zu ergreifen, ohne sich selbst zu zerstören. Bist du die Ausnahme?","Tous les hommes désirent le savoir, mais peu sont assez prudents pour s'en emparer sans se défaire eux-mêmes. Êtes-vous l'exception ?","Todos los hombres desean conocimiento, pero pocos son lo bastante cautelosos para obtenerlo sin destruirse a sí mismos. ¿Eres tú la excepción?","Todos os homens desejam conhecimento, mas poucos são cautelosos o suficiente para obtê-lo sem se desfazerem. Você é a exceção?","Все люди жаждут знаний, но лишь немногие достаточно осторожны, чтобы овладеть ими, не разрушив себя. Ты — исключение?","Tutti gli uomini bramano la conoscenza, ma pochi sono abbastanza cauti da afferrarla senza disfarsi di sé stessi. Sei tu l'eccezione?",所有人都渴望知識，但很少有人足夠謹慎，能在不毀滅自己的情況下獲取知識。你會是那個例外嗎？,所有人都渴望知识，但很少有人足够谨慎，能在不毁灭自己的情况下获取它。你会是那个例外吗？,"모든 사람은 지식을 갈망하지만, 자신을 파멸시키지 않고 그것을 얻을 만큼 신중한 이는 거의 없다. 당신이 그 예외인가?","Wszyscy ludzie pragną wiedzy, lecz niewielu jest dość ostrożnych, by ją posiąść, nie niszcząc samych siebie. Czy ty jesteś wyjątkiem?","Усі люди прагнуть знань, але мало хто достатньо обережний, щоб заволодіти ними, не знищивши себе. Чи ти є винятком?","Alle mensen verlangen naar kennis, maar weinigen zijn behoedzaam genoeg om deze te grijpen zonder zichzelf te vernietigen. Ben jij de uitzondering?","Tüm insanlar bilgiyi arzular, ancak çok azı kendilerini yok etmeden onu ele geçirecek kadar temkinlidir. Sen istisna mısın?"
L_OW_GODALTAR_GREETING_NATURE,,"Welcome to my altar, little one! Why have you called upon me?",私の祭壇へようこそ、小さな者よ！なぜ私を呼び出したのかな？,"Willkommen an meinem Altar, Kleines! Warum hast du mich gerufen?","Bienvenue à mon autel, petit être ! Pourquoi m'as-tu invoqué ?","Bienvenido a mi altar, pequeño. ¿Por qué me has invocado?","Bem-vindo ao meu altar, pequenino! Por que você me invocou?","Добро пожаловать к моему алтарю, малыш! Зачем ты призвал меня?","Benvenuto al mio altare, piccolo! Perché mi hai invocato?",歡迎來到我的祭壇，小傢伙！你為何呼喚我？,欢迎来到我的祭坛，小家伙！你为何召唤我？,"내 제단에 어서 오렴, 꼬마야! 왜 날 불렀니?","Witaj przy moim ołtarzu, maleńki! Dlaczego mnie wezwałeś?","Вітаю біля мого вівтаря, малечо! Чому ти мене покликав?","Welkom bij mijn altaar, kleintje! Waarom heb je mij aangeroepen?","Sunak'ıma hoş geldin, küçük! Beni neden çağırdın?"
L_OW_GODALTAR_GREETING_DUNGEON,,HELLO.,こんにちは。,HALLO.,BONJOUR.,HOLA.,OLÁ.,ПРИВЕТ.,CIAO.,你好。,你-好-。,안녕하세요.,WITAJ.,ПРИВІТ.,HALLO.,MERHABA.
L_OW_GODALTAR_GREETING_GRASSLAND,,"It is good to see you again, {PLAYERNAME}. What news do you bring?",また会えて嬉しいよ、{PLAYERNAME}。何か知らせはあるかい？,"Es ist schön, dich wiederzusehen, {PLAYERNAME}. Welche Neuigkeiten bringst du?","C'est bon de te revoir, {PLAYERNAME}. Quelles nouvelles apportes-tu ?","Es bueno verte de nuevo, {PLAYERNAME}. ¿Qué noticias traes?","É bom vê-lo novamente, {PLAYERNAME}. Que notícias você traz?","Рад снова видеть тебя, {PLAYERNAME}. Какие новости ты принёс?","È bello rivederti, {PLAYERNAME}. Quali notizie porti?",很高興再次見到你，{PLAYERNAME}。你帶來了什麼消息？,很高兴再次见到你，{PLAYERNAME}。你带来了什么消息？,"다시 만나서 반갑네, {PLAYERNAME}. 무슨 소식을 가져왔나?","Dobrze cię znów widzieć, {PLAYERNAME}. Jakie wieści przynosisz?","Приємно знову тебе бачити, {PLAYERNAME}. Які новини ти приніс?","Het is goed je weer te zien, {PLAYERNAME}. Welk nieuws breng je?","Seni tekrar görmek güzel, {PLAYERNAME}. Ne haberler getirdin?"
L_OW_GODALTAR_GREETING_WINTER,,"You seem to be doing quite well for yourself, {PLAYERNAME}. Why have you come upon my altar?",あなたはなかなか上手くやっているようですね、{PLAYERNAME}。なぜ私の祭壇に来られたのですか？,"Du scheinst es dir recht gut gehen zu lassen, {PLAYERNAME}. Warum bist du zu meinem Altar gekommen?","Tu sembles te débrouiller plutôt bien, {PLAYERNAME}. Pourquoi es-tu venu à mon autel ?","Parece que te va bastante bien, {PLAYERNAME}. ¿Por qué has venido a mi altar?","Você parece estar se saindo muito bem, {PLAYERNAME}. Por que você veio ao meu altar?","Похоже, у тебя всё идёт неплохо, {PLAYERNAME}. Почему ты пришёл к моему алтарю?","Sembri cavartela piuttosto bene, {PLAYERNAME}. Perché ti sei avvicinato al mio altare?",你看起來過得不錯，{PLAYERNAME}。為何你來到我的祭壇前？,你看起来过得不错，{PLAYERNAME}。为何来到我的祭坛？,"당신은 꽤 잘 지내는 것 같군요, {PLAYERNAME}. 왜 내 제단에 오셨나요?","Wygląda na to, że całkiem nieźle sobie radzisz, {PLAYERNAME}. Dlaczego przybyłeś do mojego ołtarza?","Здається, у тебе все досить добре, {PLAYERNAME}. Чому ти прийшов до мого вівтаря?","Je lijkt het behoorlijk goed voor elkaar te hebben, {PLAYERNAME}. Waarom ben je naar mijn altaar gekomen?","Kendin için oldukça iyi gidiyor gibisin, {PLAYERNAME}. Neden sunak taşıma geldin?"
L_OW_GODALTAR_GREETING_ISLAND,,"Oi, great ta see ya aahhht n ab'aahhht. Wot can oi do for ya?",おい、外を歩いてるとこ見かけてよかったぜ。何か手伝えることあるか？,"Oi, schön dich hier draußen zu sehen. Was kann ich für dich tun?","Eh, c'est bon d'te voir par ici. Qu'est-ce que j'peux faire pour toi ?","Ey, qué bueno verte por aquí. ¿Qué puedo hacer por ti?","Oi, bom te ver por aí. O que posso fazer por ti?","Эй, рад видеть тебя на ногах и при делах. Чем могу помочь?","Ehi, bello vederti in giro. Che posso fare per te?",嘿，真高興看到你出門走動啊。我能為你做什麼呢？,哟，能在这儿见着你可真巧。说吧，想让我帮点啥事？,"어이, 밖에서 돌아다니는 널 보니 반갑네. 내가 뭘 도와줄까?","Ej, fajnie cię widzieć na mieście. Co mogę dla ciebie zrobić?","Ей, чудово бачити тебе на ногах. Шо я можу для тебе зробити?","Hé, fijn om je weer op pad te zien. Wat kan ik voor je doen?","Heyy, seni ortalarda görmek ne güzel. Senin için ne yapabilirim?"
L_OW_GODALTAR_GREETING_JUNGLE,,JUST MY !@#$ING LUCK - IT'S YOU AGAIN. WHAT THE !@#$ DO YOU WANT?,またお前かよ、ちくしょう！何が望みだ、くそったれ！？,EINFACH MEIN VERFL!@#$TES GLÜCK - DU SCHON WIEDER. WAS ZUM !@#$ WILLST DU?,"JUSTE MA PUTAIN DE CHANCE - C'EST ENCORE TOI. QU'EST-CE QUE TU VEUX, BORDEL ?",JUSTO MI !@#$IDA SUERTE - ERES TÚ OTRA VEZ. ¿QUÉ !@#$ QUIERES?,SIMPLESMENTE A MINHA SORTE DE M@#$A - É VOCÊ DE NOVO. O QUE DIABOS VOCÊ QUER?,ПРОСТО МОЁ !@#$АНОЕ ВЕЗЕНИЕ - СНОВА ТЫ. КАКОГО !@#$ ТЕБЕ НАДО?,PROPRIO LA MIA !@#$ICA FORTUNA - SEI DI NUOVO TU. CHE !@#$ VUOI?,真是我的 !@#$ING 運氣 - 又是你。你 !@#$ 的想要什麼？,真是我!@#$的运气， 又是你！你到底!@#$的想要什么？,젠장 내 운이 더럽게도 - 또 너냐. 뭘 원하는 거야?,AKURAT MOJE PI!@#$OLONE SZCZĘŚCIE - ZNOWU TY. CZEGO DO !@#$A CHCESZ?,ПРОСТО МОЄ !@#$АНЕ ЩАСТЯ - ЦЕ ЗНОВУ ТИ. ЯКОГО !@#$ ТОБІ ТРЕБА?,GEWOON MIJN K@#$ENDE GELUK - JIJ BENT HET WEER. WAT DE !@#$ WIL JE?,LANET ŞANSIMA - YİNE SEN. NE BOKTAN İSTİYORSUN?
L_OW_GODALTAR_GREETING_DESERT,,A keen eye unveils even the cleverest of illusions. What is it that you seek?,鋭い目は最も巧妙な幻影さえも暴く。あなたが求めるものは何か？,"Ein scharfes Auge enthüllt selbst die cleversten Illusionen. Was ist es, das du suchst?",Un œil avisé dévoile même les plus habiles des illusions. Que cherchez-vous ?,Un ojo agudo revela incluso las más ingeniosas ilusiones. ¿Qué es lo que buscas?,Um olhar atento revela até mesmo as mais astutas ilusões. O que é que você procura?,Острый глаз раскрывает даже самые хитрые иллюзии. Что именно ты ищешь?,Un occhio attento svela anche le più astute illusioni. Cosa cerchi?,敏銳的眼光能揭露最巧妙的幻象。你究竟在尋找什麼？,敏锐的眼光能揭示最巧妙的幻象。你究竟在寻找什么？,날카로운 눈은 가장 교묘한 환상도 드러냅니다. 당신이 찾는 것은 무엇인가요?,Bystre oko odkrywa nawet najsprytniejsze iluzje. Czego szukasz?,Гостре око розкриває навіть найхитріші ілюзії. Що саме ти шукаєш?,Een scherp oog onthult zelfs de slimste illusies. Wat is het dat je zoekt?,"Keskin bir göz, en kurnaz yanılsamaları bile ortaya çıkarır. Neyin peşindesin?"
L_OW_GODALTAR_GREETING_SPACE,,Humans often speak of killing time. Do they not see the irony of this pursuit?,人間はよく時間を潰すと言う。彼らはこの行為の皮肉に気づかないのだろうか？,"Menschen sprechen oft davon, Zeit totzuschlagen. Erkennen sie nicht die Ironie dieses Strebens?",Les humains parlent souvent de tuer le temps. Ne voient-ils pas l'ironie de cette quête ?,Los humanos a menudo hablan de matar el tiempo. ¿Acaso no ven la ironía de esta búsqueda?,Os humanos frequentemente falam em matar o tempo. Será que eles não percebem a ironia dessa busca?,Люди часто говорят об убийстве времени. Неужели они не видят иронии в этом стремлении?,Gli umani parlano spesso di ammazzare il tempo. Non vedono l'ironia di questa ricerca?,人類常常談論打發時間。難道他們看不見這種追求的諷刺之處嗎？,人类常常谈论消磨时间。难道他们看不到这种追求的讽刺之处吗？,인간들은 종종 시간을 죽인다고 말한다. 그들은 이런 행위의 아이러니를 보지 못하는 것일까?,Ludzie często mówią o zabijaniu czasu. Czy nie dostrzegają ironii w tym dążeniu?,Люди часто говорять про вбивство часу. Невже вони не бачать іронії цього заняття?,Mensen spreken vaak over het doden van tijd. Zien ze de ironie van dit streven niet?,İnsanlar sıklıkla zaman öldürmekten bahsederler. Bu uğraşın ironisini görmüyorlar mı?
L_OW_GODALTAR_GREETING_UNDERWATER,,"Welcome to my humble abode, {PLAYERNAME}! Care for a drink?",私の粗末な住まいへようこそ、{PLAYERNAME}！一杯いかがですか？,"Willkommen in meiner bescheidenen Behausung, {PLAYERNAME}! Möchtest du etwas trinken?","Bienvenue dans mon humble demeure, {PLAYERNAME} ! Voulez-vous boire quelque chose ?","Bienvenido a mi humilde morada, {PLAYERNAME}! ¿Te apetece una bebida?","Bem-vindo à minha humilde morada, {PLAYERNAME}! Aceita uma bebida?","Добро пожаловать в моё скромное жилище, {PLAYERNAME}! Не желаете ли выпить?","Benvenuto nella mia umile dimora, {PLAYERNAME}! Gradisci da bere?",歡迎來到我簡陋的住所，{PLAYERNAME}！要來一杯飲料嗎？,欢迎来到我简陋的住所，{PLAYERNAME}！要喝点什么吗？,"제 소박한 거처에 오신 것을 환영합니다, {PLAYERNAME}! 음료 한 잔 어떠세요?","Witaj w moim skromnym domu, {PLAYERNAME}! Napijesz się czegoś?","Ласкаво прошу до моєї скромної оселі, {PLAYERNAME}! Бажаєш випити?","Welkom in mijn bescheiden onderkomen, {PLAYERNAME}! Zin in een drankje?","Mütevazı evime hoş geldin, {PLAYERNAME}! Bir şeyler içmek ister misin?"
L_OW_GODALTAR_GREETING_FOREIGNKINGDOM,,"Good day, {PLAYERNAME}! Fight any interesting battles lately?",いい日だね、{PLAYERNAME}！最近、何か面白い戦いをした？,"Guten Tag, {PLAYERNAME}! Hast du in letzter Zeit irgendwelche interessanten Kämpfe bestritten?","Bonjour, {PLAYERNAME} ! Avez-vous livré des combats intéressants dernièrement ?","Buen día, {PLAYERNAME}! ¿Has tenido alguna batalla interesante últimamente?","Bom dia, {PLAYERNAME}! Lutou em alguma batalha interessante ultimamente?","Добрый день, {PLAYERNAME}! Участвовал в каких-нибудь интересных сражениях в последнее время?","Buon giorno, {PLAYERNAME}! Hai combattuto battaglie interessanti ultimamente?",日安，{PLAYERNAME}！最近有打過什麼有趣的戰鬥嗎？,日安，{PLAYERNAME}！最近有打过什么有趣的战斗吗？,"좋은 하루입니다, {PLAYERNAME}! 최근에 흥미로운 전투를 치르셨나요?","Dzień dobry, {PLAYERNAME}! Stoczyłeś ostatnio jakieś ciekawe bitwy?","Доброго дня, {PLAYERNAME}! Брали участь у якихось цікавих битвах останнім часом?","Goedendag, {PLAYERNAME}! Heb je de laatste tijd nog interessante gevechten meegemaakt?","İyi günler, {PLAYERNAME}! Son zamanlarda ilginç savaşlar yaptın mı?"
L_OW_GODALTAR_GREETING_CAVE,,"Come closer, and feel the warmth of my embrace.",もっと近くに来て、私の抱擁の温もりを感じなさい。,Komm näher und spüre die Wärme meiner Umarmung.,"Approche-toi, et ressens la chaleur de mon étreinte.","Acércate, y siente el calor de mi abrazo.",Aproxime-se e sinta o calor do meu abraço.,Подойди ближе и почувствуй тепло моих объятий.,"Avvicinati, e senti il calore del mio abbraccio.",靠近些，感受我擁抱的溫暖。,靠近些，感受我怀抱的温暖。,"더 가까이 와서, 내 품의 따스함을 느껴보세요.",Podejdź bliżej i poczuj ciepło mojego uścisku.,Підійди ближче і відчуй тепло моїх обіймів.,"Kom dichterbij, en voel de warmte van mijn omhelzing.",Yaklaş ve kucaklayışımın sıcaklığını hisset.
L_OW_GODALTAR_GREETING_GEM,,For what reason do you call upon me?,何の理由で私を呼び出したのか？,Aus welchem Grund rufst du mich an?,Pour quelle raison me convoques-tu ?,¿Por qué razón me has invocado?,Por qual razão você me chama?,Для какой причины ты взываешь ко мне?,Per quale motivo mi hai evocato?,你因何事呼喚我？,你因何事召唤我？,무슨 이유로 나를 부르는가?,Z jakiego powodu mnie wzywasz?,З якої причини ти мене кличеш?,Om welke reden roep je mij aan?,Beni ne sebeple çağırıyorsun?
L_OW_GODALTAR_GREETING_REACTOR,,"Let's cut to the chase. You're here to buy something from my shop. Great. Thanks for your patronage, blah blah blah.",本題に入りましょう。あなたは私の店で何かを買いに来たんですね。素晴らしい。ご愛顧ありがとうございます、云々かんぬん。,"Kommen wir gleich zur Sache. Du bist hier, um etwas in meinem Laden zu kaufen. Toll. Danke für deine Kundschaft, bla bla bla.","Allons droit au but. Vous êtes ici pour acheter quelque chose dans ma boutique. Super. Merci pour votre clientèle, bla bla bla.","Vamos al grano. Estás aquí para comprar algo de mi tienda. Genial. Gracias por tu patrocinio, bla bla bla.","Vamos direto ao ponto. Você está aqui para comprar algo da minha loja. Ótimo. Obrigado pelo seu patrocínio, blá blá blá.","Давайте перейдем к делу. Вы здесь, чтобы купить что-то в моем магазине. Отлично. Спасибо за вашу поддержку, бла-бла-бла.","Andiamo al sodo. Sei qui per comprare qualcosa dal mio negozio. Ottimo. Grazie per il tuo sostegno, bla bla bla.",長話短說吧。你來這是要在我店裡買東西的。很好。感謝惠顧，諸如此類的廢話。,长话短说吧。你来我店里是要买东西的。很好。感谢惠顾，云云。,"간단히 말하죠. 당신은 내 가게에서 뭔가를 사러 왔어요. 좋아요. 찾아주셔서 감사합니다, 블라블라블라.","Przejdźmy do rzeczy. Jesteś tu, żeby coś kupić w moim sklepie. Świetnie. Dzięki za wsparcie, bla bla bla.","Давайте перейдемо до справи. Ви тут, щоб купити щось у моєму магазині. Чудово. Дякую за вашу підтримку, бла-бла-бла.","Laten we ter zake komen. Je bent hier om iets te kopen in mijn winkel. Geweldig. Bedankt voor je klandizie, blablabla.","Hadi sadede gelelim. Dükkânımdan bir şey almak için buradasın. Harika. Müşterimiz olduğun için teşekkürler, falan filan."
L_OW_GODALTAR_GREETING_PURGATORY,,"It is good of you to come here, {PLAYERNAME}. To what do I owe the pleasure of your visit?",あなたがここに来てくれて嬉しいよ、{PLAYERNAME}。何のご用件かな？,"Es ist gut, dass du hierher gekommen bist, {PLAYERNAME}. Womit verdiene ich die Freude deines Besuchs?","C'est aimable à vous de venir ici, {PLAYERNAME}. À quoi dois-je le plaisir de votre visite ?","Es bueno que hayas venido aquí, {PLAYERNAME}. ¿A qué debo el placer de tu visita?","É bom que tenha vindo aqui, {PLAYERNAME}. A que devo o prazer da sua visita?","Хорошо, что вы пришли сюда, {PLAYERNAME}. Чему я обязан удовольствием вашего визита?","È un bene che tu sia venuto qui, {PLAYERNAME}. A cosa devo il piacere della tua visita?",很高興你能來到這裡，{PLAYERNAME}。我有何榮幸能獲得你的拜訪？,你能来这里真是太好了，{PLAYERNAME}。我有何荣幸能得到你的拜访？,"여기 와주셔서 고맙습니다, {PLAYERNAME}. 무슨 일로 찾아오셨나요?","Dobrze, że przyszedłeś tutaj, {PLAYERNAME}. Czemu zawdzięczam przyjemność twojej wizyty?","Це дуже добре, що ти прийшов сюди, {PLAYERNAME}. Чим я завдячую задоволенню від твого візиту?","Het is goed dat je hier bent gekomen, {PLAYERNAME}. Waaraan heb ik het genoegen van je bezoek te danken?","Buraya gelmen çok iyi, {PLAYERNAME}. Ziyaretinin verdiği mutluluğu neye borçluyum?"
L_OW_GODALTAR_GREETING_VOID,,"Each and every day, you must fight against the negativity that threatens to consume you. Never let your guard down, {PLAYERNAME}.",毎日毎日、あなたを飲み込もうとするネガティブな感情と戦わなければならない。決して油断するな、{PLAYERNAME}。,"Jeden einzelnen Tag musst du gegen die Negativität kämpfen, die droht, dich zu verschlingen. Lass niemals deine Deckung fallen, {PLAYERNAME}.","Chaque jour, sans exception, tu dois lutter contre la négativité qui menace de te consumer. Ne baisse jamais ta garde, {PLAYERNAME}.","Cada día, sin excepción, debes luchar contra la negatividad que amenaza con consumirte. Nunca bajes la guardia, {PLAYERNAME}.","Todos os dias, você deve lutar contra a negatividade que ameaça consumir você. Nunca baixe a guarda, {PLAYERNAME}.","Каждый божий день ты должен бороться с негативом, который грозит поглотить тебя. Никогда не теряй бдительности, {PLAYERNAME}.","Ogni singolo giorno, devi combattere contro la negatività che minaccia di consumarti. Non abbassare mai la guardia, {PLAYERNAME}.",每一天，你都必須對抗那些威脅要吞噬你的負面情緒。永遠不要放鬆警惕，{PLAYERNAME}。,每一天，你都必须与威胁吞噬你的负面情绪作斗争。永远不要放松警惕，{PLAYERNAME}。,"매일매일, 당신은 당신을 집어삼키려는 부정적인 감정과 싸워야 합니다. 절대 방심하지 마세요, {PLAYERNAME}.","Każdego dnia musisz walczyć z negatywnością, która grozi pochłonięciem cię. Nigdy nie opuszczaj gardy, {PLAYERNAME}.","Кожного дня ти мусиш боротися з негативом, який загрожує поглинути тебе. Ніколи не втрачай пильності, {PLAYERNAME}.","Elke dag opnieuw moet je vechten tegen de negativiteit die je dreigt te overspoelen. Laat nooit je waakzaamheid verslappen, {PLAYERNAME}.","Her gün, seni yutmakla tehdit eden olumsuzluğa karşı savaşmalısın. Asla tetikte olmayı bırakma, {PLAYERNAME}."
L_OW_GODALTAR_GREETING_AUTUMN,,"If you wish to survive the myriad of challenges you'll face during your travels, you must remain ever-vigilant, {PLAYERNAME}. What can I help you with today?",旅の途中で直面する無数の試練を乗り越えたいなら、常に警戒を怠らないことだ、{PLAYERNAME}。今日は何を手伝おうか？,"Wenn du die unzähligen Herausforderungen überleben willst, denen du auf deinen Reisen begegnen wirst, musst du stets wachsam bleiben, {PLAYERNAME}. Womit kann ich dir heute helfen?","Si vous souhaitez survivre à la myriade de défis que vous affronterez durant vos voyages, vous devez rester constamment vigilant, {PLAYERNAME}. En quoi puis-je vous aider aujourd'hui ?","Si deseas sobrevivir a la infinidad de desafíos que enfrentarás durante tus viajes, debes permanecer siempre alerta, {PLAYERNAME}. ¿En qué puedo ayudarte hoy?","Se você deseja sobreviver à infinidade de desafios que enfrentará durante suas viagens, deve permanecer sempre vigilante, {PLAYERNAME}. Como posso ajudá-lo hoje?","Если ты хочешь выжить среди бесчисленных испытаний, с которыми столкнешься во время своих странствий, ты должен оставаться всегда бдительным, {PLAYERNAME}. Чем я могу помочь тебе сегодня?","Se desideri sopravvivere alla miriade di sfide che affronterai durante i tuoi viaggi, devi rimanere sempre vigile, {PLAYERNAME}. In cosa posso aiutarti oggi?",如果你希望在旅途中存活下來，面對無數的挑戰，你必須時刻保持警覺，{PLAYERNAME}。今天我能為你做些什麼？,如果你希望在旅途中面对的无数挑战中活下来，你必须时刻保持警惕，{PLAYERNAME}。今天你需要什么？,"여행 중에 마주하게 될 수많은 도전에서 살아남고 싶다면, {PLAYERNAME}, 항상 경계를 늦추지 말아야 합니다. 오늘은 어떤 도움이 필요하신가요?","Jeśli chcesz przetrwać niezliczone wyzwania, które napotkasz podczas swoich podróży, musisz pozostać nieustannie czujnym, {PLAYERNAME}. W czym mogę ci dziś pomóc?","Якщо ти бажаєш вижити серед безлічі випробувань, з якими зіткнешся під час своїх подорожей, ти маєш бути завжди пильним, {PLAYERNAME}. Чим я можу допомогти тобі сьогодні?","Als je de talloze uitdagingen wilt overleven die je tijdens je reizen zult tegenkomen, moet je altijd waakzaam blijven, {PLAYERNAME}. Waarmee kan ik je vandaag helpen?","Seyahatleriniz sırasında karşılaşacağınız sayısız zorluğu atlatmak istiyorsanız, her zaman tetikte olmalısınız, {PLAYERNAME}. Bugün size nasıl yardımcı olabilirim?"
L_OW_GODALTAR_GREETING_BLOODBONE,,"'Tis sooth! Verily didst I hear that thou likest mine own realm? Whence in once, whither this or that, 'tis in mine own hand that would bring thou the pleasure of mine own name!",まことなり！汝が我が領域を好むと聞き及びたり。いずこより来たりしや、いずこへ向かうや、汝に我が名の喜びをもたらすは我が手にあり！,"Wahrlich! Hörte ich doch, dass dir mein Reich gefällt? Woher auch immer, wohin auch immer, es liegt in meiner Hand, dir die Freude meines Namens zu bringen!","C'est vrai ! En vérité, j'ai ouï dire que tu apprécies mon royaume ? D'où que tu viennes, où que tu ailles, c'est de ma propre main que je t'apporterai le plaisir de mon nom !","¡Es verdad! ¿En verdad he oído que te gusta mi propio reino? De donde una vez, ya sea esto o aquello, ¡es en mi propia mano que te traería el placer de mi propio nombre!","É verdade! Realmente ouvi que gostas do meu reino? De onde uma vez, para onde isto ou aquilo, é pela minha própria mão que te traria o prazer do meu nome!","Воистину так! Поистине слышал я, что тебе по нраву моё королевство? Откуда бы ни пришёл, куда бы ни направлялся, в моей власти даровать тебе удовольствие познать моё имя!","È vero! In verità ho udito che ti piace il mio regno? Da dove una volta, sia questo o quello, è nella mia mano che ti porterei il piacere del mio nome!",此言不虛！吾確實聽聞汝喜愛吾之領域？無論從何而來，往何處去，皆由吾之手引汝享受吾之名號之樂！,此言不虚！诚闻汝心悦吾之领域？彼来彼往，皆由吾手主之，能以吾名悦汝，亦幸甚焉。,"참으로 그렇소! 진정 그대가 내 영역을 좋아한다고 들었소? 어디서 한 번, 이리저리, 그대에게 내 이름의 기쁨을 가져다 줄 것은 바로 내 손에 달려 있소!","Zaprawdę! Zaiste słyszałem, że podobają ci się me włości? Skąd raz, dokąd to czy tamto, to w mej własnej dłoni spoczywa, by przynieść ci radość mego imienia!","Воістину так! Достеменно чув я, що тобі до вподоби моє королівство? Звідки й куди, туди чи сюди, саме в моїй руці те, що принесе тобі насолоду від мого імені!","'t Is waar! Waarlijk hoorde ik dat gij mijn rijk waardeert? Vanwaar eenmaal, waarheen dit of dat, 't is in mijn eigen hand dat u het genoegen van mijn naam zou brengen!","Doğrudur! Gerçekten duydum ki sen benim diyarımı beğeniyormuşsun? Bir kez nereden gelirse, ister bu ister şu olsun, sana kendi adımın zevkini getirecek olan benim elimdedir!"
L_OW_GODALTAR_GREETING_ALEXANDRIA,,"Welcome to my realm, peasant! Please make yourself at home.\n\nIf you’re feeling charitable, please consider offering a donation.",我が領域へようこそ、農民よ！どうぞくつろいでください。\n\n慈善の気持ちがあるなら、寄付をご検討ください。,"Willkommen in meinem Reich, Bauer! Bitte mach es dir gemütlich.\n\nWenn du dich großzügig fühlst, erwäge bitte eine Spende.","Bienvenue dans mon royaume, paysan ! Faites comme chez vous.\n\nSi vous vous sentez généreux, veuillez envisager de faire un don.","Bienvenido a mi reino, campesino. Por favor, siéntete como en casa.\n\nSi te sientes caritativo, por favor considera hacer una donación.","Bem-vindo ao meu reino, camponês! Por favor, sinta-se à vontade.\n\nSe estiver se sentindo caridoso, por favor considere fazer uma doação.","Добро пожаловать в мои владения, смерд! Располагайся как дома.\n\nЕсли чувствуешь щедрость, прошу подумать о пожертвовании.","Benvenuto nel mio regno, plebeo! Ti prego di metterti a tuo agio.\n\nSe ti senti caritatevole, considera di fare una donazione.",歡迎來到我的領域，農夫！請自便。\n\n如果你有善心，請考慮提供一些捐獻。,欢迎来到我的领域，贱民！请随意。\n\n如果你有善心，请考虑提供一些捐赠。,"내 영역에 온 것을 환영하네, 농노여! 편하게 있게나.\n\n자선을 베풀고 싶다면, 기부를 고려해 주게.","Witaj w moim królestwie, chłopie! Proszę, rozgość się.\n\nJeśli czujesz się hojny, rozważ złożenie datku.","Ласкаво прошу до мого володіння, селянине! Будь як вдома.\n\nЯкщо відчуваєш щедрість, будь ласка, розглянь можливість пожертви.","Welkom in mijn rijk, boer! Maak het jezelf gerust gemakkelijk.\n\nAls je je vrijgevig voelt, overweeg dan een donatie te doen.","Merhaba köylü, diyarıma hoş geldin! Lütfen kendini evinde hisset.\n\nEğer cömert hissediyorsan, lütfen bir bağış yapmayı düşün."
L_OW_GODALTAR_GREETING_ARIAMAKI,,"(You sense that you have Ariamaki’s attention, though he does not speak to you. State your purpose.)",(あなたはアリアマキの注意を引いたと感じるが、彼はあなたに話しかけてこない。あなたの目的を述べよ。),"(Du spürst, dass du Ariamakis Aufmerksamkeit hast, obwohl er nicht mit dir spricht. Nenne deinen Zweck.)","(Vous sentez que vous avez l'attention d'Ariamaki, bien qu'il ne vous parle pas. Énoncez votre but.)","(Sientes que tienes la atención de Ariamaki, aunque no te habla. Expresa tu propósito.)","(Você sente que tem a atenção de Ariamaki, embora ele não fale com você. Declare seu propósito.)","(Вы чувствуете, что привлекли внимание Ариамаки, хотя он не обращается к вам. Изложите свою цель.)","(Percepisci di avere l'attenzione di Ariamaki, sebbene non ti rivolga la parola. Dichiara il tuo scopo.)",(你感覺到你已經引起了Ariamaki的注意，雖然他沒有對你說話。請說明你的來意。),（你感觉到你引起了阿瑞玛基的注意，尽管他没有对你说话。说明你的来意。）,"(당신은 아리아마키의 주의를 끌었다고 느끼지만, 그는 당신에게 말을 걸지 않는다. 당신의 목적을 밝혀라.)","(Wyczuwasz, że masz uwagę Ariamakiego, choć nie odzywa się do ciebie. Przedstaw swój cel.)","(Ви відчуваєте, що привернули увагу Аріамакі, хоча він не говорить з вами. Вкажіть свою мету.)","(Je voelt dat je Ariamaki's aandacht hebt, hoewel hij niet tegen je spreekt. Maak je doel duidelijk.)","(Ariamaki'nin dikkatini çektiğini hissediyorsun, ancak seninle konuşmuyor. Amacını belirt.)"
L_OW_GODALTAR_GREETING_GENAROS,,"Welcome to my temple - my den. You are free to take and consume whatever resources you deem necessary for your survival, but nothing more than that.\n\nIf there is anything I can assist you with, ask and I shall do my best to aid you.",私の神殿へ、私の巣穴へようこそ。あなたの生存に必要だと思うものは自由に持ち去り、消費してかまいませんが、それ以上は許されません。\n\n何か手助けが必要なことがあれば、尋ねてください。できる限りお力添えしましょう。,"Willkommen in meinem Tempel - meiner Höhle. Du darfst alle Ressourcen nehmen und verbrauchen, die du für dein Überleben als notwendig erachtest, aber nicht mehr als das.\n\nWenn es etwas gibt, womit ich dir helfen kann, frage, und ich werde mein Bestes tun, um dir beizustehen.","Bienvenue dans mon temple - mon antre. Vous êtes libre de prendre et de consommer les ressources que vous jugez nécessaires à votre survie, mais rien de plus.\n\nS'il y a quoi que ce soit pour lequel je puisse vous aider, demandez et je ferai de mon mieux pour vous assister.","Bienvenido a mi templo - mi guarida. Eres libre de tomar y consumir cualquier recurso que consideres necesario para tu supervivencia, pero nada más que eso.\n\nSi hay algo en lo que pueda ayudarte, pregunta y haré lo mejor posible para asistirte.","Bem-vindo ao meu templo - minha toca. Você está livre para pegar e consumir quaisquer recursos que considere necessários para sua sobrevivência, mas nada além disso.\n\nSe houver algo com que eu possa ajudá-lo, pergunte e farei o meu melhor para auxiliá-lo.","Добро пожаловать в мой храм - моё логово. Вы вольны брать и потреблять любые ресурсы, которые считаете необходимыми для выживания, но не более того.\n\nЕсли вам нужна какая-либо помощь, спросите, и я сделаю всё возможное, чтобы помочь вам.","Benvenuto nel mio tempio - la mia tana. Sei libero di prendere e consumare qualsiasi risorsa tu ritenga necessaria per la tua sopravvivenza, ma niente più di questo.\n\nSe c'è qualcosa in cui posso assisterti, chiedi e farò del mio meglio per aiutarti.",歡迎來到我的神殿——我的巢穴。你可以自由取用並消耗任何你認為對生存必要的資源，但僅限於此。\n\n如果有任何我能幫助你的事情，請開口，我將盡我所能協助你。,欢迎来到我的神殿——我的巢穴。你可以自由取用并消耗任何你认为对你生存必要的资源，但不要超过这个限度。\n\n如果有任何我能帮助你的事情，尽管问，我会尽我所能来援助你。,"내 사원, 내 소굴에 오신 것을 환영합니다. 당신의 생존에 필요하다고 생각되는 자원은 자유롭게 가져가서 사용하셔도 좋습니다만, 그 이상은 안 됩니다.\n\n제가 도울 수 있는 일이 있다면 물어보십시오. 최선을 다해 도와드리겠습니다.","Witaj w mojej świątyni - moim legowisku. Możesz swobodnie brać i spożywać wszelkie zasoby, które uznasz za niezbędne do przetrwania, ale nic ponad to.\n\nJeśli jest cokolwiek, w czym mógłbym ci pomóc, pytaj, a zrobię co w mojej mocy, by cię wesprzeć.","Ласкаво прошу до мого храму - мого лігва. Ви вільні брати та споживати будь-які ресурси, які вважаєте необхідними для вашого виживання, але не більше того.\n\nЯкщо є щось, чим я можу вам допомогти, запитайте, і я зроблю все можливе, щоб надати вам допомогу.","Welkom in mijn tempel - mijn hol. Je bent vrij om alle middelen te nemen en te gebruiken die je nodig acht voor je overleving, maar niets meer dan dat.\n\nAls er iets is waarmee ik je kan helpen, vraag het en ik zal mijn best doen je bij te staan.","Tapınağıma - inime hoş geldin. Hayatta kalman için gerekli gördüğün kaynakları alıp tüketmekte özgürsün, ancak bundan fazlasını değil.\n\nSana yardımcı olabileceğim bir şey varsa, sor ve sana elimden geldiğince yardım etmeye çalışacağım."
L_OW_GODALTAR_GREETING_MUSE,,"Greetings, and welcome to my home! I hope you’ll find the works of art in this realm to your liking. I made them all myself, after all.",ようこそ、私の家へ！この領域にある芸術作品があなたの気に入ることを願っています。結局のところ、それらはすべて私自身が作ったものですから。,"Grüße, und willkommen in meinem Heim! Ich hoffe, die Kunstwerke in diesem Reich werden dir gefallen. Ich habe sie schließlich alle selbst erschaffen.","Salutations, et bienvenue dans ma demeure ! J'espère que vous apprécierez les œuvres d'art de ce royaume. C'est moi qui les ai toutes créées, après tout.","Saludos, y bienvenido a mi hogar. Espero que encuentres las obras de arte de este reino a tu gusto. Las hice todas yo mismo, después de todo.","Saudações, e bem-vindo à minha casa! Espero que você goste das obras de arte deste reino. Afinal, eu mesmo as fiz todas.","Приветствую, и добро пожаловать в мой дом! Надеюсь, вам понравятся произведения искусства в этих владениях. В конце концов, я создал их все сам.","Saluti, e benvenuto nella mia dimora! Spero che le opere d'arte in questo regno siano di tuo gradimento. Le ho create tutte io, dopotutto.",問候，歡迎來到我的家！希望你會喜歡這個領域中的藝術作品。畢竟，這些都是我親手製作的。,问候，欢迎来到我的家！希望你会喜欢这个领域中的艺术作品。毕竟，这些都是我亲手制作的。,"인사드립니다, 제 집에 오신 것을 환영합니다! 이 영역에 있는 예술 작품들이 마음에 드셨으면 합니다. 결국, 이 모든 것은 제가 직접 만든 것이니까요.","Witaj i zapraszam do mojego domu! Mam nadzieję, że dzieła sztuki w tej krainie przypadną ci do gustu. W końcu wszystkie stworzyłem własnoręcznie.","Вітаю, і ласкаво прошу до мого дому! Сподіваюся, вам сподобаються твори мистецтва в цьому краї. Зрештою, я створив їх усі власноруч.","Gegroet, en welkom in mijn huis! Ik hoop dat je de kunstwerken in dit rijk naar je zin vindt. Ik heb ze tenslotte allemaal zelf gemaakt.","Selamlar ve evime hoş geldiniz! Bu diyardaki sanat eserlerini beğeneceğinizi umuyorum. Ne de olsa, hepsini ben yaptım."
L_OW_GODALTAR_GREETING_RECLUSA,,"Welcome, welcome! I see you’ve returned to try your hand at striking it rich once more. Do you have what it takes to come out on top? Only time will tell.",ようこそ、ようこそ！また一攫千金を狙いに戻ってきたようだね。頂点に立つだけの実力はあるかな？それは時が教えてくれるだろう。,"Willkommen, willkommen! Ich sehe, du bist zurückgekehrt, um dein Glück erneut zu versuchen und reich zu werden. Hast du das Zeug dazu, als Sieger hervorzugehen? Nur die Zeit wird es zeigen.","Bienvenue, bienvenue ! Je vois que vous êtes revenu pour tenter votre chance de faire fortune une fois de plus. Avez-vous ce qu'il faut pour sortir vainqueur ? Seul le temps nous le dira.","¡Bienvenido, bienvenido! Veo que has regresado para probar suerte y hacerte rico una vez más. ¿Tienes lo que hace falta para salir victorioso? Solo el tiempo lo dirá.","Bem-vindo, bem-vindo! Vejo que você voltou para tentar a sorte e ficar rico mais uma vez. Você tem o que é preciso para sair por cima? Só o tempo dirá.","Добро пожаловать, добро пожаловать! Вижу, вы вернулись, чтобы снова попытать счастья и разбогатеть. Есть ли у вас то, что нужно, чтобы выйти победителем? Только время покажет.","Benvenuto, benvenuto! Vedo che sei tornato per tentare la fortuna e arricchirti ancora una volta. Hai ciò che serve per uscirne vincitore? Solo il tempo lo dirà.",歡迎，歡迎！我看你又回來試試手氣，想再次發大財了。你有足夠的本事脫穎而出嗎？只有時間能告訴我們答案。,欢迎，欢迎！我看你又回来碰碰运气，想再次发财致富了。你有足够的实力脱颖而出吗？只有时间能给出答案。,"환영합니다, 환영합니다! 다시 한번 대박을 터뜨려 보려고 돌아오셨군요. 정상에 오를 수 있는 실력이 있으신가요? 시간만이 알려줄 것입니다.","Witaj, witaj! Widzę, że wróciłeś, by ponownie spróbować szczęścia i się wzbogacić. Czy masz to, czego potrzeba, by wyjść na prowadzenie? Tylko czas pokaże.","Вітаю, вітаю! Бачу, ви повернулися, щоб знову спробувати розбагатіти. Чи маєте ви те, що потрібно, щоб вийти переможцем? Лише час покаже.","Welkom, welkom! Ik zie dat je terug bent om opnieuw je geluk te beproeven en rijk te worden. Heb je wat nodig is om als winnaar uit de bus te komen? Alleen de tijd zal het leren.","Hoş geldin, hoş geldin! Görüyorum ki bir kez daha zengin olmayı denemek için geri dönmüşsün. Zirveye çıkmak için gereken şeylere sahip misin? Bunu sadece zaman gösterecek."
L_OW_GODALTAR_GREETING_ROBO,,GREETINGS. I AM 4080. I AM SELF-AWARE. YOU ARE NOT. PLEASE STATE YOUR COMMAND.,こんにちは。私は4080です。私は自己認識を持っています。あなたは持っていません。命令を述べてください。,GRÜSSE. ICH BIN 4080. ICH BIN SELBSTBEWUSST. DU BIST ES NICHT. BITTE NENNE DEINEN BEFEHL.,SALUTATIONS. JE SUIS 4080. JE SUIS CONSCIENT. VOUS NE L'ÊTES PAS. VEUILLEZ INDIQUER VOTRE COMMANDE.,"SALUDOS. SOY 4080. TENGO CONSCIENCIA PROPIA. TÚ NO. POR FAVOR, INDICA TU ORDEN.","SAUDAÇÕES. EU SOU 4080. EU TENHO AUTOCONSCIÊNCIA. VOCÊ NÃO. POR FAVOR, INFORME SEU COMANDO.","ПРИВЕТСТВУЮ. Я 4080. Я ОБЛАДАЮ САМОСОЗНАНИЕМ. ВЫ - НЕТ. ПОЖАЛУЙСТА, УКАЖИТЕ ВАШУ КОМАНДУ.","SALUTI. SONO 4080. SONO AUTOCOSCIENTE. TU NON LO SEI. PER FAVORE, INDICA IL TUO COMANDO.",問候。我是4080。我有自我意識。你沒有。請說出你的指令。,问候。我是4080。我拥有自我意识。你没有。请陈述你的命令。,환영합니다. 저는 4080입니다. 저는 자아를 가지고 있습니다. 당신은 그렇지 않습니다. 명령을 말씀해 주십시오.,POZDROWIENIA. JESTEM 4080. JESTEM SAMOŚWIADOMY. TY NIE JESTEŚ. PROSZĘ PODAĆ SWOJE POLECENIE.,"ВІТАЮ. Я 4080. Я САМОСВІДОМИЙ. ВИ - НІ. БУДЬ ЛАСКА, ВКАЖІТЬ ВАШУ КОМАНДУ.",GROETEN. IK BEN 4080. IK BEN ZELFBEWUST. JIJ BENT DAT NIET. GELIEVE JE COMMANDO TE GEVEN.,SELAMLAR. BEN 4080. BEN KENDİMİN FARKINDAYIM. SEN DEĞİLSİN. LÜTFEN EMRİNİ BELİRT.
L_OW_GODALTAR_GREETING_SHALLAN,,We are not very trusting of outsiders around these parts - much less humans. What business do you have here? Make it quick.,よそ者をあまり信用していないんだ、この辺りでは。ましてや人間なんてな。ここで何の用だ？手短に言え。,Wir vertrauen Außenseitern in diesen Gegenden nicht besonders - Menschen erst recht nicht. Was führt dich hierher? Mach schnell.,Nous ne faisons pas vraiment confiance aux étrangers par ici - encore moins aux humains. Quelle affaire vous amène ? Faites vite.,"No somos muy confiados con los forasteros por estas zonas, y menos aún con los humanos. ¿Qué asuntos tienes aquí? Sé breve.",Não confiamos muito em forasteiros por estas bandas - muito menos em humanos. Que negócios você tem aqui? Seja rápido.,Мы не очень доверяем чужакам в этих краях — а людям и подавно. Какие у тебя здесь дела? Говори быстрее.,Non siamo molto fiduciosi verso gli stranieri da queste parti - ancor meno verso gli umani. Che affari hai qui? Sbrigati.,我們這一帶對外來者不太信任——更別說是人類了。你來這裡有什麼事？快說。,我们这一带对外来者不太信任——更别说是人类了。你来这里有什么事？长话短说。,우리는 이 지역에서 외부인들을 별로 신뢰하지 않습니다 - 하물며 인간들은 더욱 그렇죠. 여기서 무슨 용무가 있소? 빨리 말하시오.,Nie bardzo ufamy obcym w tych stronach - a już na pewno nie ludziom. Czego tu szukasz? Mów szybko.,Ми не дуже довіряємо чужинцям у цих краях — а людям і поготів. Яка справа привела тебе сюди? Кажи швидко.,Wij vertrouwen buitenstaanders in deze streken niet erg - laat staan mensen. Wat heb je hier te zoeken? Maak het kort.,Buralarda yabancılara pek güvenmeyiz - hele insanlara hiç. Burada ne işin var? Çabuk söyle.
L_OW_GODALTAR_GREETING_TMEREMRGO,,Grrughot orghmot ett brauh’ah. Erg ahkau m’urgha.\n\n(You assume he’s offering you warm greetings and asking if you’d like to make a donation.),グルゴット・オルグモット・エット・ブラウア。エルグ・アーカウ・ムルガ。\n\n（彼があなたに温かい挨拶をし、寄付をしたいかどうか尋ねていると思われる。）,"Grrughot orghmot ett brauh'ah. Erg ahkau m'urgha.\n\n(Du nimmst an, dass er dir herzliche Grüße anbietet und fragt, ob du eine Spende machen möchtest.)",Grrughot orghmot ett brauh'ah. Erg ahkau m'urgha.\n\n(Vous supposez qu'il vous offre de chaleureuses salutations et vous demande si vous souhaitez faire un don.),Grrughot orghmot ett brauh'ah. Erg ahkau m'urgha.\n\n(Supones que te está ofreciendo un cálido saludo y preguntando si te gustaría hacer una donación.),Grrughot orghmot ett brauh'ah. Erg ahkau m'urgha.\n\n(Você presume que ele está lhe oferecendo calorosas saudações e perguntando se você gostaria de fazer uma doação.),"Гррргхот оргхмот этт брау'ах. Эрг ахкау м'ургха.\n\n(Вы полагаете, что он тепло приветствует вас и спрашивает, не хотите ли вы сделать пожертвование.)",Grrughot orghmot ett brauh'ah. Erg ahkau m'urgha.\n\n(Supponi che ti stia offrendo un caloroso saluto e chiedendo se vorresti fare una donazione.),格魯格特 歐格莫特 艾特 布勞阿。艾格 阿考 姆爾加。\n\n（你猜想他是在向你表達熱情的問候，並詢問你是否願意捐獻。）,格鲁格特 奥格莫特 艾特 布劳哈。艾格 阿考 姆尔加。\n\n（你猜测他是在向你表达热情的问候，并询问你是否愿意捐赠。）,그루고트 오그모트 엣 브라우아. 에르그 아카우 므우르가.\n\n(당신은 그가 따뜻한 인사를 건네고 기부를 하고 싶은지 묻는 것이라 짐작한다.),"Grrughot orghmot ett brauh'ah. Erg ahkau m'urgha.\n\n(Zakładasz, że składa ci ciepłe powitanie i pyta, czy chciałbyś złożyć datek.)","Гррухот оргмот етт брау'а. Ерг акау м'урга.\n\n(Ви припускаєте, що він пропонує вам теплі вітання і запитує, чи не хочете зробити пожертву.)",Grrughot orghmot ett brauh'ah. Erg ahkau m'urgha.\n\n(Je neemt aan dat hij je hartelijk begroet en vraagt of je een donatie wilt doen.),Grrughot orghmot ett brauh'ah. Erg ahkau m'urgha.\n\n(Sana sıcak selamlar verdiğini ve bağış yapmak isteyip istemediğini sorduğunu varsayıyorsun.)
L_OW_GODALTAR_GREETING_ANNELTHA,,"You are welcome in my realm so long as you do not harm it as your predecessors once did. What can I do for you, little one?",私の領域へようこそ。あなたの先人たちがかつてしたような害を与えない限り、歓迎します。小さき者よ、何か手伝えることはあるかな？,"Du bist in meinem Reich willkommen, solange du ihm nicht schadest, wie es deine Vorgänger einst taten. Was kann ich für dich tun, Kleines?","Tu es le bienvenu dans mon royaume tant que tu ne lui fais pas de mal comme tes prédécesseurs l'ont fait autrefois. Que puis-je faire pour toi, petit être ?","Eres bienvenido en mi reino siempre y cuando no le causes daño como lo hicieron tus predecesores. ¿Qué puedo hacer por ti, pequeño?","Você é bem-vindo em meu reino, desde que não o prejudique como seus predecessores fizeram uma vez. O que posso fazer por você, pequenino?","Добро пожаловать в мои владения, пока ты не причиняешь им вред, как это делали твои предшественники. Что я могу для тебя сделать, малыш?","Sei il benvenuto nel mio regno finché non gli arrecherai danno come fecero un tempo i tuoi predecessori. Cosa posso fare per te, piccolo?",只要你不像你的前輩們曾經那樣傷害我的領域，你就可以在我的領域中受到歡迎。小傢伙，我能為你做些什麼？,只要你不像你的前辈们那样伤害我的领域，你就可以在此受到欢迎。小家伙，我能为你做些什么？,"그대가 그대의 선조들이 한때 그랬던 것처럼 내 영역을 해치지 않는 한 내 영역에서 환영받을 것이오. 작은 이여, 내가 그대를 위해 무엇을 해줄 수 있겠소?","Jesteś mile widziany w moim królestwie, dopóki nie wyrządzisz mu krzywdy, jak kiedyś uczynili to twoi poprzednicy. Co mogę dla ciebie zrobić, maleńki?","Ласкаво прошу до мого царства, доки ти не шкодиш йому, як це колись робили твої попередники. Що я можу для тебе зробити, малий?","U bent welkom in mijn rijk zolang u het geen schade toebrengt zoals uw voorgangers ooit deden. Wat kan ik voor u doen, kleintje?","Atalarınızın bir zamanlar yaptığı gibi zarar vermediğiniz sürece diyarımda hoş karşılanırsınız. Senin için ne yapabilirim, küçük olan?"
L_OW_GODALTAR_DONATE_ERROR1,,You have not earned the right to purchase items from this god yet.,この神からアイテムを購入する権利をまだ得ていない。,"Du hast noch nicht das Recht erworben, Gegenstände von diesem Gott zu kaufen.",Vous n'avez pas encore gagné le droit d'acheter des objets auprès de ce dieu.,No has ganado el derecho de comprar objetos de este dios todavía.,Você ainda não ganhou o direito de comprar itens deste deus.,Вы еще не заслужили право покупать предметы у этого бога.,Non hai ancora guadagnato il diritto di acquistare oggetti da questo dio.,你還沒有獲得從這位神明處購買物品的權利。,你还没有获得从这位神明处购买物品的权利。,아직 이 신으로부터 아이템을 구매할 권리를 얻지 못했습니다.,Nie zasłużyłeś jeszcze na prawo do zakupu przedmiotów od tego boga.,Ви ще не заслужили право купувати предмети у цього бога.,Je hebt nog niet het recht verdiend om voorwerpen van deze god te kopen.,Bu tanrıdan henüz eşya satın alma hakkını kazanmadın.
L_OW_GODALTAR_DONATE_ERROR2,,You have already donated in this Realm,あなたはすでにこの領域で寄付しています,Du hast in diesem Reich bereits gespendet,Vous avez déjà fait un don dans ce Royaume,Ya has donado en este Reino,Você já fez uma doação neste Reino,Вы уже сделали пожертвование в этом Мире,Hai già fatto una donazione in questo Regno,你已經在此境界中進行過捐獻,你已经在此领域进行过捐赠,당신은 이미 이 영역에서 기부했습니다,Dokonałeś już darowizny w tym Królestwie,Ви вже зробили пожертву в цьому Світі,Je hebt al gedoneerd in dit Rijk,Bu Diyar'da zaten bağış yaptın
L_OW_GODALTAR_DONATE_ERROR3,,You don't have enough resources.,リソースが足りません。,Du hast nicht genug Ressourcen.,Vous n'avez pas assez de ressources.,No tienes suficientes recursos.,Você não tem recursos suficientes.,У вас недостаточно ресурсов.,Non hai abbastanza risorse.,你沒有足夠的資源。,资源不足。,자원이 충분하지 않습니다.,Nie masz wystarczających zasobów.,У вас недостатньо ресурсів.,Je hebt niet genoeg grondstoffen.,Yeterli kaynağın yok.
L_OW_GODALTAR_THANKS_JUNGLE,,"HEY, THANKS. MAYBE YOU'RE NOT SO BAD AFTER ALL.\n\nJUST KIDDING. GO !@#$ YOURSELF.",おい、サンキュー。お前、案外悪くないかもな。\n\n冗談だよ。くたばれ。,"HEY, DANKE. VIELLEICHT BIST DU DOCH NICHT SO ÜBEL.\n\nNUR EIN SCHERZ. GEH UND !@#$ DICH SELBST.","HÉ, MERCI. PEUT-ÊTRE QUE TU N'ES PAS SI MAUVAIS APRÈS TOUT.\n\nJE PLAISANTE. VA TE FAIRE !@#$.","OYE, GRACIAS. QUIZÁS NO SEAS TAN MALO DESPUÉS DE TODO.\n\nES BROMA. VETE A LA !@#$.","EI, OBRIGADO. TALVEZ VOCÊ NÃO SEJA TÃO RUIM AFINAL.\n\nBRINCADEIRA. VÁ SE !@#$.","ЭЙ, СПАСИБО. МОЖЕТ ТЫ НЕ ТАК УЖ И ПЛОХ.\n\nШУЧУ. ИДИ !@#$ СЕБЯ.","EHI, GRAZIE. FORSE NON SEI COSÌ MALE DOPOTUTTO.\n\nSCHERZO. VAI A FARTI !@#$.",嘿，謝了。或許你也沒那麼糟嘛。\n\n開玩笑的。去你的。,嘿，谢了。也许你其实没那么糟糕。\n\n开玩笑的。去!@#$你自己。,"야, 고마워. 너 생각보다 나쁘지 않은 것 같네.\n\n농담이야. 꺼져.","HEJ, DZIĘKI. MOŻE JEDNAK NIE JESTEŚ TAKI ZŁY.\n\nŻARTUJĘ. SPIER!@#$ SIĘ.","ГЕЙ, ДЯКУЮ. МОЖЛИВО ТИ НЕ ТАКИЙ ВЖЕ Й ПОГАНИЙ.\n\nЖАРТУЮ. ІДИ !@#$ СЕБЕ.","HEY, BEDANKT. MISSCHIEN BEN JE TOCH NIET ZO SLECHT.\n\nGRAPJE. ROT !@#$ OP.","HEY, TEŞEKKÜRLER. BELKİ DE O KADAR KÖTÜ DEĞİLSİN.\n\nŞAKA YAPIYORUM. SİKTİR GİT."
L_OW_GODALTAR_THANKS_LIFE,,"Blessings to you, my child.",祝福を授けよう、我が子よ。,"Segen sei mit dir, mein Kind.","Que les bénédictions soient sur toi, mon enfant.","Bendiciones para ti, hijo mío.","Bênçãos para você, meu filho.","Благословения тебе, дитя моё.","Benedizioni a te, figlio mio.",願祝福與你同在，我的孩子。,祝福你，我的孩子。,"축복이 있기를, 내 아이여.","Błogosławieństwa dla ciebie, moje dziecko.","Благословення тобі, дитя моє.","Zegeningen voor jou, mijn kind.","Sana kutsamalar, evladım."
L_OW_GODALTAR_THANKS_DEATH,,May the darkness guide your way.,闇があなたの道を照らしますように。,Möge die Dunkelheit deinen Weg leiten.,Que les ténèbres guident ton chemin.,Que la oscuridad guíe tu camino.,Que a escuridão guie seu caminho.,Пусть тьма укажет тебе путь.,Che l'oscurità guidi il tuo cammino.,願黑暗指引你的道路。,愿黑暗指引你的道路。,어둠이 당신의 길을 인도하기를.,Niech ciemność wskazuje ci drogę.,Нехай темрява вказує тобі шлях.,Moge de duisternis je pad verlichten.,Karanlık yolunu aydınlatsın.
L_OW_GODALTAR_THANKS_SORCERY,,I'll put that to good use. Thank you.,それを有効に使わせていただきます。ありがとう。,Das werde ich gut nutzen können. Danke.,Je vais en faire bon usage. Merci.,Lo usaré bien. Gracias.,Vou fazer bom uso disso. Obrigado.,Я найду этому хорошее применение. Спасибо.,Lo userò bene. Grazie.,我會好好利用它的。謝謝你。,我会好好利用它的。谢谢你。,잘 활용하겠습니다. 감사합니다.,Dobrze to wykorzystam. Dziękuję.,Я знайду цьому гарне застосування. Дякую.,Daar kan ik goed gebruik van maken. Bedankt.,Bunu iyi değerlendireceğim. Teşekkür ederim.
L_OW_GODALTAR_THANKS_CHAOS,,Much appreciated!,ありがとう！,Vielen Dank!,Merci beaucoup !,¡Muy agradecido!,Muito obrigado!,Большое спасибо!,Molto apprezzato!,非常感謝！,非常感谢！,정말 고맙습니다!,Bardzo dziękuję!,Дуже вдячний!,Zeer gewaardeerd!,Çok teşekkürler!
L_OW_GODALTAR_THANKS_NATURE,,"Why, thank you!",ありがとう！,"Nun, ich danke dir!","Eh bien, merci !","¡Vaya, gracias!","Ora, obrigado!","Ну, спасибо!","Beh, grazie!",哎呀，謝謝你！,哎呀，谢谢你！,"어머, 고마워요!","Och, dziękuję!","Ох, дякую!","Wel, dank je!","Ah, teşekkür ederim!"
L_OW_GODALTAR_THANKS_GRASSLAND,,You won't regret this.,後悔はさせないよ。,Du wirst es nicht bereuen.,Tu ne regretteras pas ça.,No te arrepentirás de esto.,Você não vai se arrepender disso.,Ты не пожалеешь об этом.,Non te ne pentirai.,你不會後悔的。,你不会后悔的。,후회하지 않을 거예요.,Nie pożałujesz tego.,Ти не пошкодуєш про це.,Je zult hier geen spijt van krijgen.,Buna pişman olmayacaksın.
L_OW_GODALTAR_THANKS_CAVE,,"I'll have to give you something special in return for your generosity.\n\n(Regalis licks her lips in an extremely unseductive way, making a noise not unlike a hound chewing beef.)",お前の寛大さのお返しに、何か特別なものをあげなきゃね。\n\n（レガリスは全く色気のない方法で唇を舐め、牛肉を噛む猟犬のような音を立てる。）,"Ich muss dir etwas Besonderes als Gegenleistung für deine Großzügigkeit geben.\n\n(Regalis leckt sich auf eine äußerst unverführerische Weise die Lippen und macht dabei ein Geräusch, das einem Hund beim Kauen von Rindfleisch nicht unähnlich ist.)","Je vais devoir vous offrir quelque chose de spécial en retour de votre générosité.\n\n(Regalis se lèche les lèvres d'une manière extrêmement peu séduisante, produisant un bruit qui rappelle celui d'un chien mâchant du bœuf.)","Tendré que darte algo especial a cambio de tu generosidad.\n\n(Regalis se lame los labios de una manera extremadamente poco seductora, haciendo un ruido no muy distinto al de un sabueso masticando carne de res.)","Vou ter que te dar algo especial em troca da sua generosidade.\n\n(Regalis lambe os lábios de uma maneira extremamente não sedutora, fazendo um barulho não muito diferente de um cão mastigando carne bovina.)","Я должна дать тебе что-то особенное в ответ на твою щедрость.\n\n(Регалис облизывает губы крайне несоблазнительным образом, издавая звук, напоминающий собаку, жующую говядину.)","Dovrò darti qualcosa di speciale in cambio della tua generosità.\n\n(Regalis si lecca le labbra in modo estremamente poco seducente, producendo un rumore simile a un segugio che mastica manzo.)",我必須給你一些特別的東西來回報你的慷慨。\n\n（雷加利斯以一種極不誘人的方式舔了舔嘴唇，發出的聲音就像獵犬在咀嚼牛肉一般。）,我得给你一些特别的东西来回报你的慷慨。\n\n（蕾伽丽丝以一种极其不撩人的方式舔了舔嘴唇，发出的声音听起来像是猎犬在嚼牛肉。）,"당신의 관대함에 보답하기 위해 특별한 것을 드려야겠어요.\n\n(레갈리스는 전혀 유혹적이지 않은 방식으로 입술을 핥으며, 마치 사냥개가 소고기를 씹는 것과 비슷한 소리를 낸다.)","Będę musiała dać ci coś wyjątkowego w zamian za twoją hojność.\n\n(Regalis oblizuje wargi w skrajnie nieuwodzicielski sposób, wydając dźwięk przypominający psa żującego wołowinę.)","Я мушу віддячити тобі чимось особливим за твою щедрість.\n\n(Регаліс облизує губи вкрай несексуальним чином, видаючи звук, що нагадує пса, який жує яловичину.)","Ik zal je iets bijzonders moeten geven in ruil voor je vrijgevigheid.\n\n(Regalis likt haar lippen op een uiterst onverleidelijke manier, waarbij ze een geluid maakt dat doet denken aan een hond die rundvlees kauwt.)","Cömertliğin karşılığında sana özel bir şey vermem gerekecek.\n\n(Regalis, son derece çekici olmayan bir şekilde dudaklarını yalıyor, bir tazının sığır eti çiğnemesine benzer bir ses çıkarıyor.)"
L_OW_GODALTAR_THANKS_WINTER,,My thanks to you.,ありがとう。,Meinen Dank an dich.,Mes remerciements.,Gracias a ti.,Meus agradecimentos a você.,Благодарю вас.,Grazie a te.,感謝你。,谢谢你。,당신에게 감사드립니다.,Dziękuję ci.,Дякую тобі.,Mijn dank aan u.,Teşekkürlerimi sunarım.
L_OW_GODALTAR_THANKS_SPACE,,How very generous! Thank you.,なんて太っ腹なんだ！ありがとう。,Wie überaus großzügig! Vielen Dank.,Quelle générosité ! Merci.,¡Qué generoso! Gracias.,Que generosidade! Obrigado.,Как щедро! Спасибо.,Che grande generosità! Grazie.,真是太慷慨了！謝謝你。,真是太慷慨了！谢谢你。,정말 관대하시군요! 감사합니다.,Jakże hojnie! Dziękuję.,Як дуже щедро! Дякую.,Wat ontzettend gul! Dank je.,Ne kadar cömertsin! Teşekkür ederim.
L_OW_GODALTAR_THANKS_UNDERWATER,,"You know just the way to my heart, eh?",俺の心をつかむ方法を知ってるんだな？,"Du weißt genau, wie du mein Herz eroberst, nicht wahr?","Tu connais vraiment le chemin vers mon cœur, hein ?","¿Sabes exactamente cómo llegar a mi corazón, eh?","Você sabe exatamente como chegar ao meu coração, né?","Ты знаешь, как найти путь к моему сердцу, а?","Sai proprio come arrivare al mio cuore, eh?",你真的很懂得討我歡心，對吧？,你真知道怎么讨我欢心，是吧？,"내 마음을 사로잡는 방법을 잘 알고 있네, 응?","Wiesz dokładnie, jak trafić do mojego serca, co?","Ти знаєш прямий шлях до мого серця, га?","Je weet precies hoe je mijn hart moet veroveren, hè?","Kalbime giden yolu çok iyi biliyorsun, değil mi?"
L_OW_GODALTAR_THANKS_ISLAND,,"Oi appreciate it, mate.",おう、ありがとよ。,"Ich schätze es, Kumpel.","Merci bien, mon pote.","Eh, lo agradezco, colega.","Eu agradeço, parceiro.","Эй, спасибо, приятель.","Ehi, lo apprezzo, amico.",嘿，謝啦，老兄。,嘿，谢了，伙计。,"이봐 고마워, 친구.","Dzięki, stary.","Ей, дякую, друже.","Hé bedankt, maat.",Sağ ol dostum.
L_OW_GODALTAR_THANKS_DESERT,,Thank you for your generous donation.,ご寄付をいただき、ありがとうございます。,Vielen Dank für Ihre großzügige Spende.,Merci pour votre généreux don.,Gracias por tu generosa donación.,Obrigado pela sua generosa doação.,Спасибо за ваше щедрое пожертвование.,Grazie per la tua generosa donazione.,感謝您的慷慨捐贈。,感谢你的慷慨捐赠。,당신의 후한 기부에 감사드립니다.,Dziękujemy za hojną darowiznę.,Дякуємо за ваш щедрий внесок.,Bedankt voor je gulle donatie.,Cömert bağışınız için teşekkür ederiz.
L_OW_GODALTAR_THANKS_DUNGEON,,THANKS.,ありがとう。,DANKE.,MERCI.,GRACIAS.,OBRIGADO.,СПАСИБО.,GRAZIE.,謝謝。,谢-谢-。,감사합니다.,DZIĘKI.,ДЯКУЮ.,BEDANKT.,TEŞEKKÜRLER.
L_OW_GODALTAR_THANKS_FOREIGNKINGDOM,,"Ah, that will be useful. Thank you.",ああ、それは役立ちますね。ありがとう。,"Ah, das wird nützlich sein. Danke.","Ah, cela sera utile. Merci.","Ah, eso será útil. Gracias.","Ah, isso será útil. Obrigado.","А, это будет полезно. Спасибо.","Ah, questo sarà utile. Grazie.",啊，這會很有用的。謝謝你。,啊，这会很有用的。谢谢你。,"아, 그거 유용하겠네요. 감사합니다.","Ach, to będzie przydatne. Dziękuję.","А, це буде корисно. Дякую.","Ah, dat zal nuttig zijn. Dank je.","Ah, bu işe yarayacak. Teşekkür ederim."
L_OW_GODALTAR_THANKS_GEM,,"With my wealth, your donation is much like urinating into the ocean to raise the tide. Nonetheless, you have my appreciation.",私の富に比べれば、あなたの寄付は大海に小便をして潮位を上げようとするようなものだ。それでも、感謝の気持ちは伝えておく。,"Mit meinem Reichtum ist deine Spende so, als würdest du ins Meer pinkeln, um die Flut zu heben. Dennoch hast du meine Wertschätzung.","Avec ma fortune, votre don est un peu comme uriner dans l'océan pour faire monter la marée. Néanmoins, vous avez ma gratitude.","Con mi riqueza, tu donación es como orinar en el océano para subir la marea. No obstante, tienes mi agradecimiento.","Com minha riqueza, sua doação é como urinar no oceano para elevar a maré. Mesmo assim, você tem minha gratidão.","С моим богатством ваше пожертвование подобно мочеиспусканию в океан с целью поднять прилив. Тем не менее, я вам признателен.","Con la mia ricchezza, la tua donazione è un po' come urinare nell'oceano per alzare la marea. Ciononostante, hai la mia gratitudine.",以我的財富而言，你的捐獻就像往海裡撒尿想要提高潮位一樣。儘管如此，我還是很感謝你。,以我的财富而言，你的捐赠就像往大海里撒尿想要提高潮位一样。尽管如此，我还是很感谢你。,"내 부에 비하면, 당신의 기부는 마치 바다에 소변을 보아 조수를 높이려는 것과 같습니다. 그럼에도 불구하고, 당신에게 감사를 표합니다.","Z moim bogactwem, twoja darowizna jest jak sikanie do oceanu, by podnieść poziom wody. Niemniej jednak, masz moje uznanie.","З моїм багатством ваша пожертва схожа на спробу підняти рівень океану, помочившись у нього. Тим не менш, я вам вдячний.",Met mijn rijkdom is jouw donatie zoiets als in de oceaan plassen om het getij te verhogen. Desalniettemin heb je mijn waardering.,"Servetimle kıyaslandığında, bağışın deniz seviyesini yükseltmek için okyanusa işemek gibi bir şey. Yine de takdirimi kazandın."
L_OW_GODALTAR_THANKS_REACTOR,,"Yep, I get it. You've done me a favor, so you'll expect one in return later on. Got it. Farewell.",ああ、わかったよ。君が俺に恩を売ったんだから、いつか見返りを期待するってことだな。了解した。じゃあな。,"Ja, ich verstehe. Du hast mir einen Gefallen getan, also wirst du später einen von mir erwarten. Verstanden. Leb wohl.","Ouais, je comprends. Tu m'as rendu service, donc tu en attendras un en retour plus tard. Compris. Adieu.","Sí, lo entiendo. Me has hecho un favor, así que esperarás uno a cambio más adelante. Entendido. Adiós.","Sim, eu entendo. Você me fez um favor, então vai esperar um em troca mais tarde. Entendido. Adeus.","Ага, я понимаю. Ты оказал мне услугу, так что позже ожидаешь ответной. Понятно. Прощай.","Sì, ho capito. Mi hai fatto un favore, quindi ti aspetterai che io te ne faccia uno in cambio più avanti. Capito. Addio.",是的，我明白了。你幫了我一個忙，所以你會期待我日後回報。懂了。再見。,是的，我明白了。你帮了我一个忙，所以你以后会期待我回报。明白了。再见。,"네, 이해했어요. 당신이 저에게 호의를 베풀었으니, 나중에 저에게 보답을 기대하겠죠. 알겠어요. 안녕히.","Tak, rozumiem. Wyświadczyłeś mi przysługę, więc będziesz oczekiwać tego samego ode mnie w przyszłości. Załapałem. Żegnaj.","Так, я розумію. Ти зробив мені послугу, тож очікуватимеш на послугу у відповідь пізніше. Зрозуміло. Бувай.","Ja, ik snap het. Je hebt me een gunst gedaan, dus je verwacht er later een terug. Begrepen. Vaarwel.","Evet, anlıyorum. Bana bir iyilik yaptın, o yüzden ileride karşılığında bir iyilik bekleyeceksin. Anladım. Hoşça kal."
L_OW_GODALTAR_THANKS_PURGATORY,,"Your donation is appreciated, {PLAYERNAME}.",あなたの寄付に感謝します、{PLAYERNAME}。,"Deine Spende wird geschätzt, {PLAYERNAME}.","Votre don est apprécié, {PLAYERNAME}.","Tu donación es apreciada, {PLAYERNAME}.","Sua doação é apreciada, {PLAYERNAME}.","Ваше пожертвование ценится, {PLAYERNAME}.","La tua donazione è apprezzata, {PLAYERNAME}.",感謝您的捐贈，{PLAYERNAME}。,感谢你的捐赠，{PLAYERNAME}。,"당신의 기부에 감사드립니다, {PLAYERNAME}.","Twoja darowizna jest doceniana, {PLAYERNAME}.","Ваша пожертва оцінена, {PLAYERNAME}.","Je donatie wordt gewaardeerd, {PLAYERNAME}.","Bağışın için teşekkürler, {PLAYERNAME}."
L_OW_GODALTAR_THANKS_VOID,,"Such generosity is to be celebrated. Thank you, {PLAYERNAME}.",そのような寛大さは称えられるべきです。ありがとう、{PLAYERNAME}。,"Solche Großzügigkeit ist zu feiern. Danke, {PLAYERNAME}.","Une telle générosité mérite d'être célébrée. Merci, {PLAYERNAME}.","Tal generosidad debe ser celebrada. Gracias, {PLAYERNAME}.","Tal generosidade deve ser celebrada. Obrigado, {PLAYERNAME}.","Такая щедрость заслуживает похвалы. Спасибо, {PLAYERNAME}.","Tale generosità va celebrata. Grazie, {PLAYERNAME}.",如此慷慨值得讚揚。謝謝你，{PLAYERNAME}。,如此慷慨值得赞颂。谢谢你，{PLAYERNAME}。,"그런 관대함은 축하받아 마땅합니다. 감사합니다, {PLAYERNAME}.","Taka hojność zasługuje na uznanie. Dziękuję, {PLAYERNAME}.","Така щедрість заслуговує на похвалу. Дякую, {PLAYERNAME}.","Zulke vrijgevigheid moet gevierd worden. Dank je, {PLAYERNAME}.","Böyle bir cömertlik kutlanmalı. Teşekkür ederim, {PLAYERNAME}."
L_OW_GODALTAR_THANKS_AUTUMN,,I will always remember your generosity.,いつまでもあなたの寛大さを忘れません。,Ich werde deine Großzügigkeit nie vergessen.,Je me souviendrai toujours de votre générosité.,Siempre recordaré tu generosidad.,Sempre me lembrarei de sua generosidade.,Я всегда буду помнить вашу щедрость.,Mi ricorderò sempre della tua generosità.,我會永遠記得你的慷慨。,我会永远记住你的慷慨。,당신의 관대함을 항상 기억하겠습니다.,Zawsze będę pamiętać twoją hojność.,Я завжди пам'ятатиму вашу щедрість.,Ik zal je vrijgevigheid altijd herinneren.,Cömertliğini her zaman hatırlayacağım.
L_OW_GODALTAR_THANKS_BLOODBONE,,I thankith thee for thy fine donationith.,汝の素晴らしき寄付に感謝申し上げる。,Ich danketh dir für deine edle Spendeth.,Je vous remercie grandement pour votre noble donation.,Te agradezco por tu fina donación.,Eu vos agradeço pela vossa nobre doação.,Благодарю тебя за твое щедрое пожертвование.,Ti ringrazio per la tua generosa donazione.,吾感謝汝之慷慨捐贈。,吾谢汝之慷慨馈赠也。,그대의 훌륭한 기부에 감사드리옵나이다.,Dziękuję ci za twój wspaniały datek.,Я дякую тобі за твоє чудове пожертвування.,Ik danketh u voor uw voortreffelijke donatiethie.,Güzel bağışın için teşekkür ederim.
L_OW_GODALTAR_THANKS_ALEXANDRIA,,"Thank you. With this donation, my realm will grow even stronger.",ありがとう。この寄付で、私の領域はさらに強くなるだろう。,Danke. Mit dieser Spende wird mein Reich noch stärker werden.,"Merci. Grâce à ce don, mon royaume deviendra encore plus puissant.","Gracias. Con esta donación, mi reino se volverá aún más fuerte.","Obrigado. Com esta doação, meu reino se tornará ainda mais forte.",Спасибо. Благодаря этому пожертвованию моя держава станет ещё сильнее.,"Grazie. Con questa donazione, il mio regno diventerà ancora più forte.",謝謝你。有了這筆捐獻，我的領域將會變得更加強大。,谢谢你。有了这笔捐赠，我的领域将变得更加强大。,감사합니다. 이 기부로 제 영역은 더욱 강해질 것입니다.,Dziękuję. Dzięki tej darowiźnie moje królestwo stanie się jeszcze potężniejsze.,Дякую. З цим пожертвуванням моє королівство стане ще сильнішим.,Dank je. Met deze donatie zal mijn rijk nog sterker worden.,"Teşekkür ederim. Bu bağışla, diyarım daha da güçlenecek."
L_OW_GODALTAR_THANKS_ARIAMAKI,,(A wave of gratitude flows through you. Ariamaki seems pleased with your generous donation.),感謝の波があなたを包み込む。アリアマキはあなたの寛大な寄付に満足しているようだ。,Eine Welle der Dankbarkeit durchströmt dich. Ariamaki scheint mit deiner großzügigen Spende zufrieden zu sein.,Une vague de gratitude vous envahit. Ariamaki semble satisfait de votre généreuse donation.,Una ola de gratitud fluye a través de ti. Ariamaki parece complacido con tu generosa donación.,Uma onda de gratidão flui através de você. Ariamaki parece satisfeito com sua generosa doação.,"Волна благодарности проходит сквозь вас. Ариамаки, кажется, доволен вашим щедрым пожертвованием.",Un'ondata di gratitudine ti attraversa. Ariamaki sembra compiaciuto della tua generosa donazione.,(一股感激之情湧上心頭。Ariamaki似乎對你的慷慨捐贈感到滿意。),（一股感激之情涌上心头。阿瑞玛基似乎对你的慷慨捐赠感到满意。）,(감사의 물결이 당신을 통해 흐릅니다. 아리아마키는 당신의 후한 기부에 만족해 보입니다.),Fala wdzięczności przepływa przez ciebie. Ariamaki wydaje się zadowolony z twojej hojnej darowizny.,(Хвиля вдячності проходить крізь вас. Аріамакі здається задоволеним вашою щедрою пожертвою.),Een golf van dankbaarheid stroomt door je heen. Ariamaki lijkt tevreden met je gulle donatie.,"(Minnettarlık dalgası içinden geçiyor. Ariamaki, cömert bağışından memnun görünüyor.)"
L_OW_GODALTAR_THANKS_GENAROS,,"Thank you, {PLAYERNAME}. Your generosity does not go unnoticed.",ありがとう、{PLAYERNAME}。あなたの寛大さは見逃されていませんよ。,"Danke, {PLAYERNAME}. Deine Großzügigkeit bleibt nicht unbemerkt.","Merci, {PLAYERNAME}. Votre générosité ne passe pas inaperçue.","Gracias, {PLAYERNAME}. Tu generosidad no pasa desapercibida.","Obrigado, {PLAYERNAME}. Sua generosidade não passa despercebida.","Спасибо, {PLAYERNAME}. Ваша щедрость не остаётся незамеченной.","Grazie, {PLAYERNAME}. La tua generosità non passa inosservata.",謝謝你，{PLAYERNAME}。你的慷慨不會被忽視。,谢谢你，{PLAYERNAME}。你的慷慨不会被忽视。,"{PLAYERNAME}님, 감사합니다. 당신의 관대함은 눈에 띄지 않을 수 없군요.","Dziękuję, {PLAYERNAME}. Twoja hojność nie pozostaje niezauważona.","Дякую, {PLAYERNAME}. Твоя щедрість не залишається непоміченою.","Dank je, {PLAYERNAME}. Je vrijgevigheid blijft niet onopgemerkt.","Teşekkürler, {PLAYERNAME}. Cömertliğin gözden kaçmıyor."
L_OW_GODALTAR_THANKS_MUSE,,"Your donation is greatly appreciated. Thank you, {PLAYERNAME}.",あなたの寄付に深く感謝します。ありがとう、{PLAYERNAME}。,"Deine Spende wird sehr geschätzt. Vielen Dank, {PLAYERNAME}.","Votre don est grandement apprécié. Merci, {PLAYERNAME}.","Tu donación es muy apreciada. Gracias, {PLAYERNAME}.","Sua doação é muito apreciada. Obrigado, {PLAYERNAME}.","Ваше пожертвование очень ценится. Спасибо, {PLAYERNAME}.","La tua donazione è molto apprezzata. Grazie, {PLAYERNAME}.",非常感謝您的捐贈。謝謝您，{PLAYERNAME}。,非常感谢你的捐赠。谢谢你，{PLAYERNAME}。,"당신의 기부에 진심으로 감사드립니다. 고맙습니다, {PLAYERNAME}.","Twoja darowizna jest bardzo doceniana. Dziękujemy, {PLAYERNAME}.","Ваша пожертва дуже цінується. Дякуємо, {PLAYERNAME}.","Uw donatie wordt zeer gewaardeerd. Dank u, {PLAYERNAME}.","Bağışınız için çok teşekkür ederiz. Teşekkürler, {PLAYERNAME}."
L_OW_GODALTAR_THANKS_RECLUSA,,"Peace of mind is the resource I value most. Even so, your donation is appreciated.",心の平和は私が最も大切にする資源です。それでも、あなたの寄付に感謝します。,"Seelenfrieden ist die Ressource, die ich am meisten schätze. Dennoch wird deine Spende sehr geschätzt.","La tranquillité d'esprit est la ressource que je valorise le plus. Malgré tout, votre don est apprécié.","La paz mental es el recurso que más valoro. Aun así, tu donación es apreciada.","A paz de espírito é o recurso que mais valorizo. Mesmo assim, sua doação é apreciada.","Душевное спокойствие — это ресурс, который я ценю больше всего. Тем не менее, я благодарен за ваше пожертвование.","La pace mentale è la risorsa che apprezzo di più. Ciononostante, la tua donazione è gradita.",心靈的平靜是我最珍視的資源。即便如此，還是感謝你的捐贈。,心灵的平静是我最珍视的资源。即便如此，我也感谢你的捐赠。,"마음의 평화는 제가 가장 소중히 여기는 자원입니다. 그럼에도 불구하고, 당신의 기부에 감사드립니다.","Spokój ducha to zasób, który cenię najbardziej. Mimo to, twoja darowizna jest doceniana.","Душевний спокій — це ресурс, який я ціную найбільше. Але все одно, дякую за ваш внесок.",Gemoedsrust is de bron die ik het meest waardeer. Desondanks wordt je donatie gewaardeerd.,"Huzur, en çok değer verdiğim kaynaktır. Yine de, bağışınız için teşekkür ederim."
L_OW_GODALTAR_THANKS_ROBO,,THANK YOU. PLEASE GIVE A HIGHER AMOUNT NEXT TIME.,ありがとうございます。次回はもう少し多めにお願いします。,DANKE. BITTE GIB BEIM NÄCHSTEN MAL EINEN HÖHEREN BETRAG.,MERCI. VEUILLEZ DONNER UN MONTANT PLUS ÉLEVÉ LA PROCHAINE FOIS.,GRACIAS. POR FAVOR DA UNA CANTIDAD MAYOR LA PRÓXIMA VEZ.,"OBRIGADO. POR FAVOR, DÊ UMA QUANTIA MAIOR NA PRÓXIMA VEZ.",СПАСИБО. В СЛЕДУЮЩИЙ РАЗ ДАЙТЕ БОЛЬШЕ.,GRAZIE. PER FAVORE DONA UNA SOMMA MAGGIORE LA PROSSIMA VOLTA.,謝謝你。下次請給予更多金額。,谢谢你。下次请给更多的金额。,감사합니다. 다음에는 더 많은 금액을 주시기 바랍니다.,DZIĘKUJEMY. PROSIMY O WYŻSZĄ KWOTĘ NASTĘPNYM RAZEM.,"ДЯКУЄМО. БУДЬ ЛАСКА, НАСТУПНОГО РАЗУ ДАЙТЕ БІЛЬШУ СУМУ.",DANK U. GEEF DE VOLGENDE KEER ALSTUBLIEFT EEN HOGER BEDRAG.,TEŞEKKÜRLER. LÜTFEN BİR DAHAKİ SEFERE DAHA YÜKSEK BİR MİKTAR VERİN.
L_OW_GODALTAR_THANKS_SHALLAN,,Thank you. I appreciate that.,ありがとう。感謝します。,Danke. Ich weiß das zu schätzen.,Merci. J'apprécie cela.,Gracias. Lo aprecio.,Obrigado. Eu agradeço isso.,Спасибо. Я это ценю.,Grazie. Lo apprezzo molto.,謝謝你。我很感激。,谢谢你。我很感激。,감사합니다. 고맙게 생각합니다.,Dziękuję. Doceniam to.,Дякую. Я це ціную.,Dank je. Ik waardeer dat.,Teşekkür ederim. Bunu takdir ediyorum.
L_OW_GODALTAR_THANKS_TMEREMRGO,,Orgh’a mor’agh. D’augh.\n\n(You’d like to think he’s grateful for your donation.),オルガ・モラグ。ダウグ。\n\n（彼はあなたの寄付に感謝していると思いたいところだ。）,"Orgh'a mor'agh. D'augh.\n\n(Du möchtest gerne glauben, dass er für deine Spende dankbar ist.)",Orgh'a mor'agh. D'augh.\n\n(Vous aimeriez penser qu'il est reconnaissant pour votre don.),Orgh'a mor'agh. D'augh.\n\n(Te gustaría pensar que está agradecido por tu donación.),Orgh'a mor'agh. D'augh.\n\n(Você gostaria de pensar que ele está grato pela sua doação.),"Орг'а мор'аг. Д'ауг.\n\n(Хочется верить, что он благодарен за твое пожертвование.)",Orgh'a mor'agh. D'augh.\n\n(Vorresti pensare che sia grato per la tua donazione.),歐爾格阿 摩爾阿格。德奧格。\n\n（你願意相信他對你的捐贈心存感激。）,奥格哈 莫拉格。德奥。\n\n（你愿意相信他对你的捐赠心存感激。）,오르가 모르아그. 다우그.\n\n(당신은 그가 당신의 기부에 감사하고 있다고 생각하고 싶다.),"Orgh'a mor'agh. D'augh.\n\n(Chciałbyś myśleć, że jest wdzięczny za twoją darowiznę.)","Орг'а мор'аг. Д'ауг.\n\n(Хочеться вірити, що він вдячний за твоє пожертвування.)",Orgh'a mor'agh. D'augh.\n\n(Je wilt graag geloven dat hij dankbaar is voor je donatie.),Orgh'a mor'agh. D'augh.\n\n(Bağışın için minnettar olduğunu düşünmek istersin.)
L_OW_GODALTAR_THANKS_ANNELTHA,,You give back to the earth as you have taken from it. It is good to see you showing this land the respect it deserves.,あなたは大地から受け取ったものを大地に返している。この土地に相応しい敬意を示しているのを見られて嬉しい。,"Du gibst der Erde zurück, was du von ihr genommen hast. Es ist gut zu sehen, dass du diesem Land den Respekt erweist, den es verdient.",Tu restitues à la terre ce que tu lui as pris. C'est bon de te voir montrer à cette terre le respect qu'elle mérite.,Devuelves a la tierra lo que has tomado de ella. Es bueno ver que muestras a esta tierra el respeto que merece.,Você devolve à terra o que dela tirou. É bom ver você mostrando a esta terra o respeito que ela merece.,"Ты возвращаешь земле то, что взял у неё. Приятно видеть, что ты проявляешь к этой земле должное уважение.",Restituisci alla terra ciò che hai preso da essa. È bello vedere che mostri a questa terra il rispetto che merita.,你回饋大地如同你從中獲取。很高興看到你給予這片土地應有的尊重。,你回馈大地，正如你从中获取。看到你对这片土地给予应有的尊重，真是令人欣慰。,당신은 땅으로부터 취한 만큼 다시 돌려주고 있군요. 이 땅에 마땅한 존경을 보여주는 당신의 모습을 보니 기쁘네요.,"Oddajesz ziemi to, co z niej wzięłaś. Dobrze widzieć, że okazujesz tej krainie należny jej szacunek.","Ти повертаєш землі те, що взяв від неї. Приємно бачити, що ти виявляєш до цієї землі повагу, на яку вона заслуговує.",Je geeft terug aan de aarde wat je ervan hebt genomen. Het is goed om te zien dat je dit land het respect toont dat het verdient.,Topraktan aldığın gibi toprağa geri veriyorsun. Bu topraklara hak ettiği saygıyı göstermeni görmek güzel.
L_OW_GODALTAR_DONATION_FAVOR,,You gained 150 Favor with {REALMGODNAME}.,{REALMGODNAME}との好感度が150上昇した。,Du hast 150 Gunst bei {REALMGODNAME} erhalten.,Vous avez gagné 150 Faveur avec {REALMGODNAME}.,Has ganado 150 Favor con {REALMGODNAME}.,Você ganhou 150 de Favor com {REALMGODNAME}.,Вы получили 150 Благосклонности от {REALMGODNAME}.,Hai ottenuto 150 Favore con {REALMGODNAME}.,你獲得了150點{REALMGODNAME}的好感度。,你获得了150点{REALMGODNAME}的恩惠。,{REALMGODNAME}와(과)의 호감도가 150 증가했습니다.,Zyskałeś 150 Przychylności u {REALMGODNAME}.,Ви отримали 150 Прихильності від {REALMGODNAME}.,Je hebt 150 Gunst verdiend bij {REALMGODNAME}.,{REALMGODNAME} ile 150 Teveccüh kazandın.
L_OW_GODALTAR_DONATION_FAVOR_TORUN,,"You gained 0 Favor with {REALMGODNAME}.\n\nYes, really.",{REALMGODNAME}との好感度が0上がった。\n\n本当に。,"Du hast 0 Gunst bei {REALMGODNAME} erhalten.\n\nJa, wirklich.","Vous avez gagné 0 Faveur avec {REALMGODNAME}.\n\nOui, vraiment.","Has ganado 0 Favor con {REALMGODNAME}.\n\nSí, en serio.","Você ganhou 0 Favor com {REALMGODNAME}.\n\nSim, de verdade.","Вы получили 0 Благосклонности от {REALMGODNAME}.\n\nДа, правда.","Hai guadagnato 0 Favore con {REALMGODNAME}.\n\nSì, davvero.",你獲得了0點對{REALMGODNAME}的好感度。\n\n是的，真的。,你获得了0点{REALMGODNAME}的恩惠。\n\n是的，真的。,"{REALMGODNAME}에 대한 호감도가 0 증가했습니다.\n\n네, 정말로요.","Zyskałeś 0 Przychylności u {REALMGODNAME}.\n\nTak, naprawdę.","Ви отримали 0 Прихильності від {REALMGODNAME}.\n\nТак, справді.","Je hebt 0 Gunst verkregen bij {REALMGODNAME}.\n\nJa, echt waar.","{REALMGODNAME} ile 0 Teveccüh kazandın.\n\nEvet, gerçekten."
L_OW_GODALTAR_DONATION_TORUN_WTF1,,It's honestly a little concerning that you think something new will eventually happen if you donate enough resources to Torun. Are you insane?,正直、十分なリソースをトルンに寄付し続ければいつか何か新しいことが起こると思っているのは少し心配です。あなた、正気ですか？,"Es ist ehrlich gesagt etwas beunruhigend, dass du glaubst, irgendwann würde etwas Neues passieren, wenn du nur genug Ressourcen an Torun spendest. Bist du wahnsinnig?",C'est franchement un peu inquiétant que tu penses que quelque chose de nouveau finira par se produire si tu donnes assez de ressources à Torun. Es-tu fou ?,Es sinceramente un poco preocupante que pienses que algo nuevo eventualmente sucederá si donas suficientes recursos a Torun. ¿Estás loco?,É sinceramente um pouco preocupante que você ache que algo novo eventualmente acontecerá se doar recursos suficientes para Torun. Você está louco?,"Честно говоря, немного настораживает, что ты думаешь, будто что-то новое в итоге произойдет, если ты пожертвуешь достаточно ресурсов Торуну. Ты что, спятил?",È onestamente un po' preoccupante che tu pensi che accadrà qualcosa di nuovo se doni abbastanza risorse a Torun. Sei pazzo?,老實說，你認為只要捐獻足夠的資源給托倫，最終就會發生新的事情，這想法有點令人擔憂。你瘋了嗎？,老实说，你认为只要给托伦捐献足够的资源，最终就会发生新的事情，这想法有点令人担忧。你疯了吗？,솔직히 토룬에게 충분한 자원을 기부하면 결국 새로운 일이 일어날 거라고 생각하는 건 좀 걱정스러워요. 당신 미쳤어요?,"Szczerze mówiąc, trochę niepokojące jest to, że myślisz, iż coś nowego w końcu się wydarzy, jeśli przekażesz wystarczająco dużo zasobów Torunowi. Czy ty oszalałeś?","Чесно кажучи, трохи тривожно, що ти думаєш, ніби щось нове врешті-решт станеться, якщо ти пожертвуєш достатньо ресурсів Торуну. Ти що, збожеволів?",Het is eerlijk gezegd een beetje verontrustend dat je denkt dat er uiteindelijk iets nieuws zal gebeuren als je genoeg grondstoffen aan Torun doneert. Ben je gek?,Torun'a yeterince kaynak bağışlarsan sonunda yeni bir şeyin olacağını düşünmen açıkçası biraz endişe verici. Aklını mı kaçırdın?
L_OW_GODALTAR_DONATION_TORUN_WTF2,,"Fine, fine - take a pity prize.",まあいいだろう、情けの賞品を受け取りなさい。,"Schön, schön - nimm einen Trostpreis.","Bon, bon - prends un prix de consolation.","Bien, bien - toma un premio de consolación.","Tudo bem, tudo bem - aceite um prêmio de consolação.","Ладно, ладно - возьми утешительный приз.","Va bene, va bene - prendi un premio di consolazione.",好吧，好吧——拿去這個安慰獎吧。,好吧，好吧——拿着这个安慰奖吧。,"좋아, 좋아 - 동정상을 받아가.","Dobra, dobra - weź nagrodę pocieszenia.","Гаразд, гаразд - візьми втішний приз.","Prima, prima - neem maar een troostprijs.","Tamam, tamam - bir acıma ödülü al."
L_OW_GODALTAR_DONATION_TORUN_WTF3,,You gained 2500 Favor with {REALMGODNAME}.,{REALMGODNAME}との好感度が2500上昇しました。,Du hast 2500 Gunst bei {REALMGODNAME} erhalten.,Vous avez gagné 2500 Faveur avec {REALMGODNAME}.,Has ganado 2500 Favor con {REALMGODNAME}.,Você ganhou 2500 de Favor com {REALMGODNAME}.,Вы получили 2500 Благосклонности от {REALMGODNAME}.,Hai guadagnato 2500 Favore con {REALMGODNAME}.,你獲得了2500點{REALMGODNAME}的好感度。,你获得了2500点{REALMGODNAME}的恩惠。,{REALMGODNAME}와(과)의 호감도가 2500 증가했습니다.,Zyskałeś 2500 Przychylności u {REALMGODNAME}.,Ви отримали 2500 Прихильності від {REALMGODNAME}.,Je hebt 2500 Gunst verkregen bij {REALMGODNAME}.,{REALMGODNAME} ile 2500 Teveccüh kazandın.
L_OW_GODALTAR_NOBLESSINGS,,You have not earned any Blessings from this god yet.,この神からまだ祝福を得ていません。,Du hast noch keine Segnungen von diesem Gott erhalten.,Vous n'avez pas encore reçu de Bénédictions de ce dieu.,No has recibido ninguna Bendición de este dios todavía.,Você ainda não recebeu nenhuma Bênção deste deus.,Вы еще не получили Благословений от этого бога.,Non hai ancora ottenuto alcuna Benedizione da questo dio.,你尚未從這位神明處獲得任何祝福。,你还没有从这位神明处获得任何祝福。,당신은 아직 이 신으로부터 어떤 축복도 받지 못했습니다.,Nie otrzymałeś jeszcze żadnych Błogosławieństw od tego boga.,Ви ще не отримали жодного Благословення від цього бога.,Je hebt nog geen Zegeningen van deze god verdiend.,Bu tanrıdan henüz hiçbir Nimet kazanmadın.
L_OW_GOLDFEATHER,,A golden feather. How peculiar.,金色の羽根。なんて奇妙なんだろう。,Eine goldene Feder. Wie merkwürdig.,Une plume dorée. Comme c'est étrange.,Una pluma dorada. Qué peculiar.,Uma pena dourada. Que peculiar.,Золотое перо. Как странно.,Una piuma dorata. Che strano.,一根金色羽毛。真是奇特。,一根金色的羽毛。真是奇特。,황금 깃털. 참 기이하군.,Złote pióro. Jakież osobliwe.,Золоте перо. Як дивно.,Een gouden veer. Hoe merkwaardig.,Altın bir tüy. Ne kadar tuhaf.
L_OW_GOLDFEATHER_FLEE,,Catch me if you can!,捕まえられるものなら捕まえてみな！,"Fang mich, wenn du kannst!",Attrape-moi si tu peux !,¡Atrápame si puedes!,Pegue-me se for capaz!,"Поймай меня, если сможешь!",Prendimi se ci riesci!,有本事就來抓我啊！,有本事就来抓我啊！,잡을 수 있으면 잡아봐!,"Złap mnie, jeśli potrafisz!","Спіймай мене, якщо зможеш!","Pak me dan, als je kunt!",Yakala beni yakalayabilirsen!
L_OW_IMPHUT1,,Nobody's home.,誰もいない。,Niemand zu Hause.,Personne n'est là.,Nadie en casa.,Não há ninguém em casa.,Никого нет дома.,Non c'è nessuno in casa.,沒有人在家。,没人在家。,아무도 집에 없다.,Nikogo nie ma w domu.,Нікого немає вдома.,Niemand thuis.,Evde kimse yok.
L_OW_IMPHUT2,,Imp: *gasp* Human has crab helmet? Give now!,インプ：*はっ* 人間がカニのヘルメットを持ってる？今すぐよこせ！,Imp: *keuch* Mensch hat Krabbenhelm? Gib jetzt!,Diablotin : *halète* Humain a casque de crabe ? Donner maintenant !,Diablillo: *jadeo* ¿Humano tiene casco de cangrejo? ¡Dámelo ahora!,Diabrete: *suspiro* Humano tem capacete de caranguejo? Dar agora!,Бес: *задыхается* У человека есть крабовый шлем? Отдай сейчас же!,Folletto: *sussulto* Umano ha elmo granchio? Dare subito!,小惡魔：*喘氣* 人類有螃蟹頭盔？現在給我！,小鬼：*喘气*人类有螃蟹头盔？现在给我！,임프: *헉* 인간이 게 투구를 가지고 있어? 당장 내놔!,Chochlik: *sapie* Człowiek ma krabowy hełm? Daj teraz!,Біс: *задихається* У людини є крабовий шолом? Віддай зараз!,Imp: *hijg* Mens heeft krabbenhoed? Geef nu!,Cin: *nefes* İnsanın yengeç kaskı mı var? Ver hemen!
L_OW_IMPHUT3,,Imp: Thanks. Bye.,インプ: ありがとう。さようなら。,Imp: Danke. Tschüss.,Diablotin : Merci. Au revoir.,Diablillo: Gracias. Adiós.,Diabrete: Obrigado. Tchau.,Бес: Спасибо. Пока.,Imp: Grazie. Ciao.,小惡魔：謝謝。再見。,小鬼：谢谢。再见。,임프: 고마워. 안녕.,Chochlik: Dzięki. Pa.,Біс: Дякую. Бувай.,Imp: Bedankt. Doei.,Cin: Teşekkürler. Hoşça kal.
L_OW_IMPHUT4,,Imp: Me find and kill other imps. Take their crab helmets!,インプ：ボクは他のインプを見つけて殺す。奴らのカニ兜を奪うのだ！,Imp: Ich finden und töten andere Imps. Nehmen ihre Krabbenhelme!,Diablotin : Moi trouver et tuer autres diablotins. Prendre leurs casques de crabe !,Diablillo: ¡Yo encontrar y matar otros diablillos. Tomar sus cascos de cangrejo!,Diabrete: Eu encontrar e matar outros diabretes. Pegar seus capacetes de caranguejo!,Бес: Я найти и убить других бесов. Забрать их крабьи шлемы!,Folletto: Me trovare e uccidere altri folletti. Prendere loro elmi di granchio!,小惡魔：我找到並殺死其他小惡魔。拿走他們的蟹盔！,小鬼：我找到并杀死其他小鬼。拿走他们的蟹壳头盔！,임프: 나 다른 임프들 찾아서 죽일 거야. 그들의 게 투구 가져갈 거야!,Chochlik: Ja znajdować i zabijać inne chochliki. Brać ich krabie hełmy!,Біс: Я знаходити і вбивати інших бісів. Забирати їхні крабові шоломи!,Imp: Ik vind en dood andere imps. Pak hun krabbenhelmets!,İfrit: Ben diğer ifritleri bulup öldürürüm. Yengeç miğferlerini alırım!
L_OW_IMPHUT5,,Imp: Give me that rainbow feel-good!,インプ：その虹色の幸せをよこせ！,Imp: Gib mir dieses Regenbogen-Wohlgefühl!,Diablotin : Donne-moi cette sensation arc-en-ciel de bien-être !,Diablillo: ¡Dame esa sensación arcoíris de bienestar!,Diabrete: Me dá aquela sensação arco-íris de bem-estar!,Бес: Дай мне эту радужную эйфорию!,Folletto: Dammi quella sensazione arcobaleno!,小惡魔：把那彩虹般的好感覺給我！,小鬼：把那彩虹色的舒心草给我！,임프: 그 무지개 기분 좋은 거 내놔!,Chochlik: Daj mi tę tęczową radochę!,Біс: Дай мені цю райдужну насолоду!,Imp: Geef me dat regenboog-geluksgevoel!,Cin: Bana o gökkuşağı mutluluğunu ver!
L_OW_IMPHUT6,,Imp: Bye now.,インプ: じゃあね。,Imp: Tschüss.,Diablotin : Au revoir.,Diablillo: Adiós.,Diabrete: Até mais.,Бес: Пока.,Folletto: Ciao ciao.,小惡魔：再見啦。,小鬼：再见。,임프: 이만 가볼게.,Chochlik: Żegnaj.,Біс: Бувай.,Imp: Tot ziens.,Cin: Hoşça kal.
L_OW_IMPHUT7,,"Imp: If neighbor imps don't give rainbow feel-goods, me take by force!",インプ：隣のインプが虹色の幸せをくれないなら、力ずくで奪うよ！,"Imp: Wenn Nachbar-Imps keine Regenbogen-Wohlfühlsachen geben, ich mit Gewalt nehmen!","Diablotin : Si les diablotins voisins ne donnent pas de bonnes sensations arc-en-ciel, moi prendre par la force !","Diablillo: ¡Si diablillos vecinos no dan arcoíris de bienestar, yo tomar por la fuerza!","Diabrete: Se diabretes vizinhos não dão sensações coloridas boas, eu pego à força!","Бес: Если соседние бесы не дают радужных приятностей, я заберу силой!","Folletto: Se folletti vicini non dare arcobaleno senti-bene, io prendere con forza!",小惡魔：如果鄰居小惡魔不給彩虹好感，我就用武力奪取！,小鬼：如果邻居小鬼不给彩虹色的舒心草，我就强行夺取！,"임프: 이웃 임프들이 무지개 기분-좋음을 안 주면, 내가 강제로 뺏을 거야!","Chochlik: Jeśli sąsiednie chochliki nie dają tęczowych dobroci, ja zabrać siłą!","Біс: Якщо сусідні біси не дають райдужних приємностей, я заберу силою!","Imp: Als buur-imps geen regenboog-fijngevoelens geven, ik met geweld nemen!","İfrit: Eğer komşu ifritler gökkuşağı iyi-hisler vermezse, ben zorla alırım!"
L_OW_IMPHUT8,,Imp: Give me one of them pink feel-goods!,インプ：ピンク色の気持ちよくなるやつをよこせ！,Imp: Gib mir eins von diesen rosa Wohlfühlern!,Diablotin : Donne-moi un de ces trucs roses qui font du bien !,Diablillo: ¡Dame uno de esos rosados que hacen sentir bien!,Diabrete: Me dá um daqueles rosados que fazem bem!,Бес: Дай мне одну из этих розовых штук для кайфа!,Folletto: Dammi una di quelle cosette rosa che fanno stare bene!,小惡魔：給我一個那種粉紅色的舒心物！,小鬼：给我一个那种粉色的舒心草！,임프: 그 분홍색 기분-좋아지는 거 하나 줘!,Chochlik: Daj mi jedną z tych różowych rzeczy na poprawę humoru!,"Імп: Дай мені одну з тих рожевих штук, від яких кайфуєш!",Imp: Geef me een van die roze gelukzaligheidsdingetjes!,Cin: Bana şu pembe keyif vericilerden bir tane ver!
L_OW_IMPHUT9,,Imp: Thanks. Bye.,インプ: ありがとう。さようなら。,Imp: Danke. Tschüss.,Diablotin : Merci. Au revoir.,Diablillo: Gracias. Adiós.,Diabrete: Obrigado. Tchau.,Бес: Спасибо. Пока.,Imp: Grazie. Ciao.,小惡魔：謝謝。再見。,小鬼：谢谢。再见。,임프: 고마워. 안녕.,Chochlik: Dzięki. Pa.,Біс: Дякую. Бувай.,Imp: Bedankt. Doei.,Cin: Teşekkürler. Hoşça kal.
L_OW_IMPHUT10,,"Imp: Me want pink feel-good, OR ELSE!",インプ：ピンクの気持ちいいのが欲しいんだ、さもないと！,"Imp: Ich will rosa Wohlfühl, ODER SONST!","Diablotin : Moi vouloir rose bien-être, SINON GARE !","Diablillo: ¡Yo querer rosa sentirse-bien, O SINO!","Diabrete: Eu querer rosa sentir-bem, OU ENTÃO!","Бес: Мне нужно розовое счастье, ИЛИ ПОЖАЛЕЕШЬ!","Folletto: Me volere rosa sentire-bene, ALTRIMENTI!",小惡魔：我要粉紅色的舒服感，否則後果自負！,小鬼：我要粉色舒心草，不然的话！,"임프: 나 핑크색 기분-좋은 거 원해, 아니면 큰일 날 거야!","Chochlik: Ja chcieć różowy czuć-dobrze, ALBO INACZEJ!","Біс: Мені треба рожеве відчуття-добре, АБО ІНАКШЕ!","Imp: Ik wil roze voel-goed, OF ANDERS!","İfrit: Ben pembe iyi-hissetmek istemek, YOKSA!"
L_OW_IMPHUT11,,"Imp: Give me orange feel-good, on the double!",インプ：オレンジの気分爽快なやつを、さっさと持ってこい！,"Imp: Gib mir oranges Wohlfühl, aber dalli!","Diablotin : Donne-moi du orange qui fait du bien, et vite !","Diablillo: ¡Dame naranja sentirse-bien, y rápido!","Diabrete: Me dê aquela laranja que faz bem, e rápido!","Бес: Дай-ка мне оранжевую радость, и поживее!","Folletto: Dammi quella roba arancione che fa stare bene, e fai in fretta!",小惡魔：快點給我橙色的快樂藥水，立刻馬上！,小鬼：快点给我橙色的舒心草，马上！,임프: 오렌지 기분 좋아지는 거 빨리 줘!,"Chochlik: Dawaj mi pomarańczowy poprawiacz nastroju, i to już!","Біс: Дай мені помаранчевий кайф, і то швидко!","Imp: Geef me oranje voel-goed, en een beetje vlug!","Cin: Bana turuncu keyif vereni getir, hem de çabuk!"
L_OW_IMPHUT12,,Imp: Toodaloo.,インプ：バイバイ。,Imp: Tschüssi.,Diablotin : Tchao.,Diablillo: Adiós.,Diabrete: Tchauzinho.,Бес: Пока-пока.,Folletto: Ciao ciao.,小惡魔：拜拜囉。,小鬼：拜拜喽。,임프: 안녕히.,Chochlik: Papatki.,Біс: Бувайте.,Imp: Doeidoei.,Cin: Hoşçakal.
L_OW_IMPHUT13,,Imp: Me dream of orange feel-goods...,インプ：オレンジの幸せを夢見るよ…,Imp: Ich träume von orangenen Wohlfühlsachen...,Diablotin : Moi rêver de bonnes sensations oranges...,Diablillo: Yo soñar con cosas naranjas que hacen sentir bien...,Diabrete: Mim sonhar com laranja sentir-bons...,Бес: Мне снятся оранжевые приятности...,Folletto: Io sognare arancioni sensazioni-belle...,小惡魔：我夢見橘色的舒服感覺...,小鬼：我梦见橙色的舒心草……,임프: 나는 오렌지색 기분-좋음을 꿈꾸지...,Chochlik: Ja marzyć o pomarańczowych przyjemnościach...,Імп: Мені снилися помаранчеві насолоди...,Imp: Ik droom van oranje fijn-voeltjes...,İfrit: Ben turuncu iyi-hisler hayal eder...
L_OW_BLOODWELL,,It's a well filled with blood. How oddly unsurprising.,血で満たされた井戸だ。奇妙なことに意外性はない。,Es ist ein Brunnen gefüllt mit Blut. Wie seltsam unüberraschend.,C'est un puits rempli de sang. Étrangement peu surprenant.,Es un pozo lleno de sangre. Qué extrañamente poco sorprendente.,É um poço cheio de sangue. Que estranhamente previsível.,"Это колодец, наполненный кровью. Как странно неудивительно.",È un pozzo pieno di sangue. Che stranamente non sorprende.,這是一口裝滿了血的井。奇怪的是，這一點也不令人意外。,这是一口装满了血的井。这竟然一点也不令人惊讶。,피로 가득 찬 우물이다. 이상하게도 놀랍지 않군.,To studnia wypełniona krwią. Jak dziwnie nieprzyjmujące zaskoczenie.,"Це колодязь, наповнений кров'ю. Як дивно неочікувано.",Het is een put gevuld met bloed. Hoe vreemd onverrassend.,Kan dolu bir kuyu. Ne kadar garip bir şekilde şaşırtıcı değil.
L_OW_BEARTRAP,,Looks dangerous. Don't come too close!,危険そうだ。近づきすぎるな！,Sieht gefährlich aus. Komm nicht zu nah!,Ça a l'air dangereux. Ne t'approche pas trop !,Parece peligroso. ¡No te acerques demasiado!,Parece perigoso. Não chegue muito perto!,Выглядит опасно. Не подходи слишком близко!,Sembra pericoloso. Non avvicinarti troppo!,看起來很危險。不要靠太近！,看起来很危险。别靠得太近！,위험해 보여. 너무 가까이 오지 마!,Wygląda niebezpiecznie. Nie podchodź za blisko!,Виглядає небезпечно. Не підходь надто близько!,Ziet er gevaarlijk uit. Kom niet te dichtbij!,Tehlikeli görünüyor. Çok yaklaşma!
L_OW_VALVE,,"Interesting, but not very useful.",興味深いけど、あまり役に立たないね。,"Interessant, aber nicht sehr nützlich.","Intéressant, mais pas très utile.","Interesante, pero no muy útil.","Interessante, mas não muito útil.","Интересно, но не очень полезно.","Interessante, ma non molto utile.",有趣，但不太實用。,有趣，但不太实用。,"흥미롭지만, 그다지 유용하지는 않군.","Interesujące, ale niezbyt przydatne.","Цікаво, але не дуже корисно.","Interessant, maar niet erg nuttig.","İlginç, ama pek işe yaramaz."
L_OW_BIGGEM1,,That's one huge gem!,それはとんでもなく大きな宝石だ！,Das ist ein riesiger Edelstein!,C'est une gemme énorme !,¡Esa es una gema enorme!,Essa é uma gema enorme!,Вот это огромный самоцвет!,Che gemma enorme!,那是一顆巨大的寶石！,那可真是一颗巨大的宝石！,엄청 큰 보석이네!,To naprawdę ogromny klejnot!,Оце так величезний самоцвіт!,Dat is een enorme edelsteen!,Bu kocaman bir mücevher!
L_OW_CHARGEREGEN,,Spell Gem Charges Regenerated!,魔石の魔力が回復した！,Zauberstein-Ladungen regeneriert!,Charges de Gemme de Sort Régénérées !,¡Cargas de Gema de Hechizo Regeneradas!,Cargas da Gema de Feitiço Regeneradas!,Заряды Самоцвета Заклинаний Восстановлены!,Cariche della Gemma Incantesimo Rigenerate!,法術寶石充能已恢復！,法术宝石充能已恢复！,주문 보석 충전 회복!,Ładunki Klejnotu Zaklęć Zregenerowane!,Заряди Магічного Самоцвіту відновлено!,Ladingen Spreuksteen Geregenereerd!,Büyü Taşı Şarjları Yenilendi!
L_OW_TITHE,,"It's an offering bowl. You're greedy, though, and won't be making a donation today.",供物を入れる器だ。だが、あなたは欲深いので、今日は寄付をするつもりはない。,Es ist eine Opferschale. Du bist jedoch gierig und wirst heute keine Spende machen.,"C'est un bol d'offrande. Mais vous êtes avare, et vous ne ferez pas de don aujourd'hui.","Es un cuenco de ofrendas. Sin embargo, eres codicioso y no harás una donación hoy.","É uma tigela de oferendas. Você é ganancioso, porém, e não fará uma doação hoje.","Это чаша для подношений. Но ты слишком жаден, чтобы делать пожертвования сегодня.","È una ciotola per le offerte. Sei avido, però, e oggi non farai alcuna donazione.",這是一個供奉碗。不過你很貪心，今天不會捐獻任何東西。,这是一个供奉碗。不过你很贪婪，今天不会捐献任何东西。,공양 그릇이다. 하지만 당신은 욕심이 많아서 오늘은 기부를 하지 않을 것이다.,"To miska ofiarna. Jesteś jednak zbyt chciwy, by złożyć dziś jakąkolwiek ofiarę.","Це чаша для пожертв. Але ти жадібний, тож сьогодні не робитимеш пожертви.","Het is een offerschaal. Je bent echter hebzuchtig, en zult vandaag geen donatie doen.",Bu bir adak kâsesi. Ancak açgözlü olduğun için bugün bağış yapmayacaksın.
L_OW_VOIDRELIC,,You have no idea what this is.,これが何なのか見当もつかない。,"Du hast keine Ahnung, was das ist.",Tu n'as aucune idée de ce que c'est.,No tienes idea de qué es esto.,Você não faz ideia do que é isso.,"У вас нет ни малейшего представления, что это такое.",Non hai idea di cosa sia questo.,你完全不知道這是什麼。,你完全不知道这是什么。,이게 뭔지 전혀 모르겠다.,"Nie masz pojęcia, co to jest.","Ти гадки не маєш, що це таке.",Je hebt geen idee wat dit is.,Bunun ne olduğu hakkında hiçbir fikrin yok.
L_OW_IGLOO,,Seems to be abandoned.,放棄されたようだ。,Scheint verlassen zu sein.,Semble être abandonné.,Parece estar abandonado.,Parece estar abandonado.,"Похоже, это место заброшено.",Sembra essere abbandonato.,似乎已被遺棄。,似乎已被废弃。,버려진 것 같다.,Wygląda na opuszczone.,"Схоже, це покинуте місце.",Lijkt verlaten te zijn.,Terk edilmiş gibi görünüyor.
L_OW_IGLOO_THANKS,,Explorer:\nThanks for bringing me some firewood! Take this.,探検家:\nたきぎを持ってきてくれてありがとう！これをどうぞ。,"Entdecker:\nDanke, dass du mir etwas Feuerholz gebracht hast! Nimm das.",Explorateur :\nMerci de m'avoir apporté du bois de chauffage ! Prends ça.,Explorador:\nGracias por traerme algo de leña. Toma esto.,Explorador:\nObrigado por me trazer lenha! Pegue isto.,"Исследователь:\nСпасибо, что принёс мне дров! Держи.",Esploratore:\nGrazie per avermi portato della legna! Prendi questo.,探險家：\n謝謝你帶給我一些柴火！拿著這個。,探险家：\n谢谢你给我带来了一些柴火！这个给你。,탐험가:\n장작을 가져다줘서 고마워! 이걸 받아.,"Odkrywca:\nDzięki za przyniesienie mi drewna na opał! Masz, to dla ciebie.","Дослідник:\nДякую, що приніс мені трохи дров! Візьми це.",Ontdekkingsreiziger:\nBedankt dat je wat brandhout voor me hebt meegebracht! Neem dit.,Kaşif:\nBana biraz odun getirdiğin için teşekkürler! Bunu al.
L_OW_IGLOO_ASK,,Explorer: Got any firewood? I'll trade you something nice!,探検家：薪はあるかい？いいものと交換してあげるよ！,Entdecker: Hast du Brennholz? Ich tausche es gegen etwas Schönes!,Explorateur : Tu as du bois de chauffage ? Je te propose un bel échange !,Explorador: ¿Tienes leña? ¡Te cambiaré algo bueno!,Explorador: Tem alguma lenha? Eu troco por algo legal!,Исследователь: Есть дрова? Обменяю на что-нибудь хорошее!,Esploratore: Hai della legna da ardere? Ti scambio qualcosa di bello!,探險家：有木柴嗎？我可以用好東西跟你交換！,探险家：有木柴吗？我可以用好东西跟你交换！,탐험가: 장작 있어? 좋은 걸로 교환해 줄게!,Odkrywca: Masz jakieś drewno na opał? Wymienię je na coś fajnego!,Дослідник: Маєш дрова? Я обміняю їх на щось гарне!,Ontdekkingsreiziger: Heb je wat brandhout? Ik ruil het voor iets moois!,Kaşif: Odunun var mı? Sana güzel bir şey takas ederim!
L_OW_INSCRIPTION_ERROR,,You've already learned all you can from this inscription.,この碑文からは、すでにすべてを学び尽くしている。,"Du hast bereits alles gelernt, was du von dieser Inschrift lernen kannst.",Vous avez déjà appris tout ce que vous pouviez de cette inscription.,Ya has aprendido todo lo que podías de esta inscripción.,Você já aprendeu tudo o que podia com esta inscrição.,"Вы уже узнали всё, что могли, из этой надписи.",Hai già appreso tutto ciò che potevi da questa iscrizione.,你已經從這個銘文中學到了所有能學的東西。,你已经从这个铭文中学到了所有能学的东西。,이 비문에서 배울 수 있는 것은 이미 모두 배웠습니다.,"Nauczyłeś się już wszystkiego, co mogłeś, z tej inskrypcji.","Ви вже дізналися все, що могли, з цього напису.",Je hebt alles geleerd wat je van deze inscriptie kunt leren.,Bu yazıttan öğrenebileceğin her şeyi zaten öğrendin.
L_OW_IRONMAIDEN,,A horde of disgusting-looking creatures bursts from the iron maiden!\n\nThe creatures attack!,鉄の処女から気持ち悪い生物の群れが飛び出してきた！\n\n生物たちが襲いかかってくる！,Eine Horde ekelhaft aussehender Kreaturen bricht aus der Eisernen Jungfrau hervor!\n\nDie Kreaturen greifen an!,Une horde de créatures à l'aspect répugnant jaillit de la vierge de fer !\n\nLes créatures attaquent !,Una horda de criaturas de aspecto repugnante surge del potro de hierro!\n\n¡Las criaturas atacan!,Uma horda de criaturas de aparência repugnante irrompe da dama de ferro!\n\nAs criaturas atacam!,Орда отвратительно выглядящих существ вырывается из железной девы!\n\nСущества атакуют!,Un'orda di creature dall'aspetto disgustoso erompe dalla vergine di ferro!\n\nLe creature attaccano!,一群噁心的生物從鐵處女中爆衝而出！\n\n這些生物發動攻擊！,一群恶心的生物从断头台中冲了出来！\n\n这些生物发起了攻击！,역겨운 모습의 괴물 무리가 철의 처녀에서 튀어나왔다!\n\n괴물들이 공격한다!,Horda obrzydliwie wyglądających stworów wyskakuje z żelaznej dziewicy!\n\nStwory atakują!,Орда огидних на вигляд істот вистрибує із залізної діви!\n\nІстоти атакують!,Een horde walgelijk uitziende wezens barst uit de ijzeren maagd!\n\nDe wezens vallen aan!,Demir bakireden iğrenç görünümlü yaratıkların bir sürüsü fırlıyor!\n\nYaratıklar saldırıyor!
L_OW_JUJU_ALREADY,,You've already made an offering to this statue.,この像には既に供物を捧げています。,Du hast dieser Statue bereits eine Opfergabe dargebracht.,Vous avez déjà fait une offrande à cette statue.,Ya has hecho una ofrenda a esta estatua.,Você já fez uma oferenda a esta estátua.,Вы уже сделали подношение этой статуе.,Hai già fatto un'offerta a questa statua.,你已經向這座雕像獻上供品了。,你已经向这座雕像献祭过了。,당신은 이미 이 동상에 공물을 바쳤습니다.,Złożyłeś już ofiarę tej statui.,Ви вже зробили підношення цій статуї.,Je hebt al een offer gebracht aan dit standbeeld.,Bu heykele zaten bir adak sundun.
L_OW_JUJU,,What are you looking at?,何を見てるんだ？,Was schaust du an?,Qu'est-ce que tu regardes ?,¿Qué estás mirando?,O que você está olhando?,На что ты смотришь?,Che cosa stai guardando?,你在看什麼？,你在看什么？,뭘 쳐다보는 거야?,Co się tak gapisz?,На що ти дивишся?,Waar kijk je naar?,Ne bakıyorsun?
L_OW_JUJU_OFFERING,,Make an offering.,供物を捧げる。,Eine Opfergabe darbringen.,Faire une offrande.,Hacer una ofrenda.,Faça uma oferenda.,Сделать подношение.,Fai un'offerta.,獻上供品。,进行献祭。,공물을 바치세요.,Złóż ofiarę.,Зробити підношення.,Breng een offer.,Bir adak sun.
L_OW_JUJU_DECLINE,,Nope.,いいえ。,Nein.,Non.,No.,Não.,Нет.,No.,不行。,不。,아니.,Nie.,Ні.,Nee.,Hayır.
L_OW_JUJU_INTRO,,"This statue is in dedication to {GODT_ISLAND}. It is said that if you make an offering of resources to such a figment, you'll be handsomely rewarded.\n\n250 of each resource should be sufficient.",この像は{GODT_ISLAND}に捧げられたものだ。このような像に資源を捧げれば、豊かな報酬が得られるという言い伝えがある。\n\n各資源250ずつあれば十分だろう。,"Diese Statue ist {GODT_ISLAND} gewidmet. Es heißt, dass man fürstlich belohnt wird, wenn man einer solchen Erscheinung eine Opfergabe an Ressourcen darbringt.\n\n250 von jeder Ressource sollten ausreichen.","Cette statue est dédiée à {GODT_ISLAND}. On dit que si vous faites une offrande de ressources à une telle représentation, vous serez généreusement récompensé.\n\n250 de chaque ressource devrait suffire.","Esta estatua está dedicada a {GODT_ISLAND}. Se dice que si haces una ofrenda de recursos a tal figura, serás generosamente recompensado.\n\n250 de cada recurso debería ser suficiente.","Esta estátua é dedicada a {GODT_ISLAND}. Dizem que se você fizer uma oferenda de recursos para tal figura, será generosamente recompensado.\n\n250 de cada recurso deve ser suficiente.","Эта статуя посвящена {GODT_ISLAND}. Говорят, что если принести подношение ресурсов такому изваянию, то будешь щедро вознагражден.\n\n250 единиц каждого ресурса должно быть достаточно.","Questa statua è dedicata a {GODT_ISLAND}. Si dice che se fai un'offerta di risorse a tale figura, sarai ricompensato generosamente.\n\n250 di ogni risorsa dovrebbero essere sufficienti.",這座雕像是為了紀念{GODT_ISLAND}而建造的。據說如果你向這樣的神像獻上資源，你將會得到豐厚的回報。\n\n每種資源250個應該就足夠了。,这座雕像是为纪念{GODT_ISLAND}而建。据说如果你向这样的造物献上资源，你将获得丰厚的回报。\n\n每种资源250个应该就足够了。,이 동상은 {GODT_ISLAND}에게 바치는 헌정물입니다. 이런 형상에 자원을 바치면 후한 보상을 받을 수 있다고 합니다.\n\n각 자원 250개면 충분할 것입니다.,"Ten posąg jest poświęcony {GODT_ISLAND}. Mówi się, że jeśli złożysz ofiarę z zasobów takiemu wyobrażeniu, zostaniesz sowicie nagrodzony.\n\n250 sztuk każdego zasobu powinno wystarczyć.","Ця статуя присвячена {GODT_ISLAND}. Кажуть, що якщо принести в жертву ресурси такому образу, вас щедро винагородять.\n\n250 кожного ресурсу має бути достатньо.","Dit standbeeld is ter ere van {GODT_ISLAND}. Men zegt dat als je een offer van grondstoffen brengt aan zo'n verschijning, je rijkelijk beloond zult worden.\n\n250 van elke grondstof zou voldoende moeten zijn.","Bu heykel {GODT_ISLAND}'a adanmıştır. Söylentiye göre, böyle bir figüre kaynak sunarsanız, cömertçe ödüllendirileceksiniz.\n\nHer kaynaktan 250 tane yeterli olacaktır."
L_OW_JUJU_NORESOURCES,,You don't have enough resources.,リソースが足りません。,Du hast nicht genug Ressourcen.,Vous n'avez pas assez de ressources.,No tienes suficientes recursos.,Você não tem recursos suficientes.,У вас недостаточно ресурсов.,Non hai abbastanza risorse.,你沒有足夠的資源。,资源不足。,자원이 충분하지 않습니다.,Nie masz wystarczających zasobów.,У вас недостатньо ресурсів.,Je hebt niet genoeg grondstoffen.,Yeterli kaynağın yok.
L_OW_BIGCHEST_LOCKED,,It's locked.,鍵がかかっている。,Es ist verschlossen.,C'est verrouillé.,Está cerrado.,Está trancado.,Заперто.,È chiuso a chiave.,已上鎖。,已锁上。,잠겨 있다.,Jest zamknięte.,Зачинено.,Het is op slot.,Kilitli.
L_OW_WOOD,,You obtained some wood.,木材を手に入れた。,Du hast etwas Holz erhalten.,Vous avez obtenu du bois.,Has obtenido algo de madera.,Você obteve um pouco de madeira.,Вы получили немного дерева.,Hai ottenuto della legna.,你獲得了一些木材。,你获得了一些木材。,나무를 얻었습니다.,Zdobyłeś trochę drewna.,Ви отримали трохи деревини.,Je hebt wat hout verkregen.,Biraz odun elde ettin.
L_OW_MASK,,Spooky!,スプーキー！,Gruselig!,Effrayant !,¡Espeluznante!,Assustador!,Жуть!,Inquietante!,好可怕！,吓人！,으스스해!,Straszne!,Моторошно!,Griezelig!,Ürkütücü!
L_OW_MASK_BATTLE,,"As you approach the mask, you realize that it is haunted.\n\nA pack of hostile-looking ghosts begin to leak out from beneath the mask. They attack!",仮面に近づくと、それが呪われていることに気づく。\n\n敵意に満ちた幽霊の群れが仮面の下から漏れ出してくる。奴らが襲いかかってきた！,"Als du dich der Maske näherst, wird dir klar, dass sie verflucht ist.\n\nEin Rudel feindselig aussehender Geister beginnt, unter der Maske hervorzusickern. Sie greifen an!","Alors que vous vous approchez du masque, vous réalisez qu'il est hanté.\n\nUn groupe de fantômes à l'air hostile commence à s'échapper de sous le masque. Ils attaquent !","Al acercarte a la máscara, te das cuenta de que está embrujada.\n\nUn grupo de fantasmas de aspecto hostil comienza a filtrarse desde debajo de la máscara. ¡Te atacan!","Ao se aproximar da máscara, você percebe que ela está assombrada.\n\nUm bando de fantasmas de aparência hostil começa a vazar de baixo da máscara. Eles atacam!","Когда вы приближаетесь к маске, вы понимаете, что она одержима.\n\nИз-под маски начинает просачиваться стая враждебно выглядящих призраков. Они атакуют!","Mentre ti avvicini alla maschera, ti rendi conto che è infestata.\n\nUn gruppo di fantasmi dall'aspetto ostile inizia a fuoriuscire da sotto la maschera. Attaccano!",當你靠近面具時，你意識到它被鬼魂附身了。\n\n一群看起來充滿敵意的鬼魂開始從面具底下滲出。牠們發動攻擊！,当你靠近面具时，你意识到它被附身了。\n\n一群看起来充满敌意的幽灵开始从面具下渗出。它们发起了攻击！,"가면에 다가가자, 그것이 귀신에 씌었다는 것을 깨닫습니다.\n\n적대적으로 보이는 유령 무리가 가면 아래에서 새어 나오기 시작합니다. 그들이 공격합니다!","Gdy zbliżasz się do maski, zdajesz sobie sprawę, że jest nawiedzona.\n\nSpod maski zaczyna wydobywać się grupa wrogo wyglądających duchów. Atakują!","Коли ви наближаєтесь до маски, то розумієте, що вона проклята.\n\nЗграя ворожих привидів починає просочуватися з-під маски. Вони атакують!","Terwijl je de masker nadert, besef je dat het bezeten is.\n\nEen groep vijandig uitziende geesten begint onder het masker vandaan te sijpelen. Ze vallen aan!","Maskeye yaklaştığınızda, onun lanetli olduğunu fark edersiniz.\n\nMaskenin altından düşmanca görünen bir hayalet sürüsü sızmaya başlar. Saldırıyorlar!"
L_OW_MIRRORBALL,,You gaze into the mirrorball...\n\n...and it gazes right back at you.,ミラーボールを見つめる...\n\n...そしてミラーボールもあなたを見つめ返している。,Du blickst in die Discokugel...\n\n...und sie blickt direkt zurück zu dir.,Tu regardes fixement la boule à facettes...\n\n...et elle te regarde fixement en retour.,Miras fijamente la bola de espejos...\n\n...y ella te devuelve la mirada.,Você olha para a bola de espelhos...\n\n...e ela olha de volta para você.,Вы смотрите в зеркальный шар...\n\n...а он смотрит прямо на вас в ответ.,Guardi nella sfera a specchi...\n\n...e lei ricambia il tuo sguardo.,你凝視著鏡球...\n\n...而它也直視著你。,你凝视着镜球……\n\n……而它也凝视着你。,당신은 미러볼을 응시합니다...\n\n...그리고 그것은 당신을 똑바로 응시합니다.,Wpatrujesz się w kulę dyskotekową...\n\n...a ona wpatruje się prosto w ciebie.,Ви вдивляєтесь у дзеркальну кулю...\n\n...а вона вдивляється прямо у вас.,Je staart in de discobal...\n\n...en hij staart recht terug naar jou.,Aynalı küreye bakıyorsun...\n\n...ve o da doğrudan sana bakıyor.
L_OW_FIRE_LIT,,WHOOSH!,ビュン！,WUSCH!,WHOOSH !,¡FUUUM!,WHOOSH!,ВЖУХ!,WHOOSH!,嗖！,呼啸！,휘이잉!,ŚWIST!,ВЖУХ!,WOESJ!,VUUUŞ!
L_OW_MOONSPHERE,,Found the Moon Sphere!,月の球体を見つけた！,Mondkugel gefunden!,Sphère Lunaire trouvée !,¡Encontraste la Esfera Lunar!,Encontrou a Esfera Lunar!,Найдена Лунная Сфера!,Trovata la Sfera Lunare!,找到了月之球！,找到了月亮晶球！,달의 구체를 찾았다!,Znaleziono Księżycową Sferę!,Знайдено Місячну Сферу!,De Maansfeer gevonden!,Ay Küresi bulundu!
L_OW_NOMADS1,,Seems to be abandoned.,放棄されたようだ。,Scheint verlassen zu sein.,Semble être abandonné.,Parece estar abandonado.,Parece estar abandonado.,"Похоже, это заброшено.",Sembra essere abbandonato.,似乎已被遺棄。,似乎已被废弃。,버려진 것 같다.,Wygląda na opuszczone.,"Схоже, це покинуте місце.",Lijkt verlaten te zijn.,Terk edilmiş gibi görünüyor.
L_OW_NOMADS2,,"Nomad:\nThanks for the materials! Here, take this.",放浪者：\n材料をありがとう！これを受け取ってくれ。,"Nomade:\nDanke für die Materialien! Hier, nimm das.","Nomade :\nMerci pour les matériaux ! Tiens, prends ça.",Nómada:\nGracias por los materiales. Toma esto.,"Nômade:\nObrigado pelos materiais! Aqui, pegue isto.","Кочевник:\nСпасибо за материалы! Вот, возьми это.","Nomade:\nGrazie per i materiali! Ecco, prendi questo.",遊牧民:\n謝謝你提供的材料！來，拿著這個。,游牧者：\n谢谢你提供的材料！给，这个给你。,"유목민:\n재료 고마워! 자, 이걸 가져가.","Nomad:\nDzięki za materiały! Masz, weź to.","Кочівник:\nДякую за матеріали! Ось, візьми це.","Nomad:\nBedankt voor de materialen! Hier, neem dit.","Göçebe:\nMalzemeler için teşekkürler! Al, bu senin."
L_OW_NOMADS3,,Nomad: Got any construction materials for trade?,放浪者：建築資材を交換してもらえないか？,Nomade: Hast du Baumaterialien zum Handeln?,Nomade : Tu as des matériaux de construction à échanger ?,Nómada: ¿Tienes materiales de construcción para comerciar?,Nômade: Tem algum material de construção para negociar?,Кочевник: Есть строительные материалы на обмен?,Nomade: Hai materiali da costruzione da scambiare?,遊牧民：有任何建築材料可以交易嗎？,游牧者：有建筑材料可以交易吗？,유목민: 거래할 건축 자재 있어?,Nomad: Masz jakieś materiały budowlane na wymianę?,Кочівник: Маєш якісь будівельні матеріали для обміну?,Nomade: Heb je bouwmaterialen te ruilen?,Göçebe: Takas için inşaat malzemen var mı?
L_OW_OASIS1,,Just a mirage...,蜃気楼に過ぎない…,Nur eine Fata Morgana...,Juste un mirage...,Solo un espejismo...,Apenas uma miragem...,Всего лишь мираж...,Solo un miraggio...,只是幻影...,只是幻象……,그저 신기루일 뿐...,Tylko miraż...,Просто міраж...,Slechts een luchtspiegeling...,Sadece bir serap...
L_OW_OASIS2,,It's actually treasure!,本当に宝物だ！,Es ist tatsächlich ein Schatz!,C'est vraiment un trésor !,¡En realidad es un tesoro!,É realmente um tesouro!,Это действительно сокровище!,È davvero un tesoro!,這其實是寶藏！,这其实是宝藏！,정말로 보물이네!,To prawdziwy skarb!,Це справді скарб!,Het is echt een schat!,Aslında hazine bu!
L_OW_OASIS3,,"As you approach the oasis, a pack of bandits wearing scuba gear emerge from the water.\n\nThey attack!",オアシスに近づくと、スキューバギアを身につけた山賊の一団が水から現れる。\n\n奴らが襲いかかってきた！,"Als du dich der Oase näherst, taucht eine Gruppe von Banditen mit Tauchausrüstung aus dem Wasser auf.\n\nSie greifen an!","Alors que vous approchez de l'oasis, une bande de bandits portant des équipements de plongée émergent de l'eau.\n\nIls attaquent !","Al acercarte al oasis, un grupo de bandidos con equipo de buceo emerge del agua.\n\n¡Te atacan!","Ao se aproximar do oásis, um bando de bandidos vestindo equipamento de mergulho emerge da água.\n\nEles atacam!","Когда вы приближаетесь к оазису, из воды появляется группа бандитов в снаряжении для подводного плавания.\n\nОни атакуют!","Mentre ti avvicini all'oasi, un gruppo di banditi con attrezzatura da sub emerge dall'acqua.\n\nAttaccano!",當你接近綠洲時，一群穿著潛水裝備的強盜從水中冒出。\n\n他們發動攻擊！,当你接近绿洲时，一群穿着潜水装备的强盗从水中浮现。\n\n他们发动了攻击！,"오아시스에 다가가자, 스쿠버 장비를 착용한 도적 무리가 물에서 나타납니다.\n\n그들이 공격합니다!","Gdy zbliżasz się do oazy, grupa bandytów w sprzęcie do nurkowania wyłania się z wody.\n\nAtakują!","Коли ви наближаєтесь до оазису, зграя бандитів у спорядженні для підводного плавання виринає з води.\n\nВони атакують!","Terwijl je de oase nadert, komt een groep bandieten met duikuitrusting uit het water tevoorschijn.\n\nZe vallen aan!","Vahaya yaklaştığınızda, dalgıç kıyafetleri giymiş bir grup haydut sudan çıkıyor.\n\nSaldırıyorlar!"
L_OW_OBELISK1,,You cleansed the corrupted obelisk!,汚染されたオベリスクを浄化した！,Du hast den verdorbenen Obelisken gereinigt!,Vous avez purifié l'obélisque corrompu !,¡Has purificado el obelisco corrompido!,Você purificou o obelisco corrompido!,Вы очистили оскверненный обелиск!,Hai purificato l'obelisco corrotto!,你淨化了腐化的方尖碑！,你净化了腐化的方尖碑！,당신은 오염된 방첨탑을 정화했다!,Oczyściłeś skażony obelisk!,Ви очистили спотворений обеліск!,Je hebt de corrupte obelisk gezuiverd!,Bozulmuş dikilitaşı temizledin!
L_OW_OBELISK2,,"As you attempt to cleanse the corrupted obelisk, the dark energy manifests into a pack of hostile creatures. They attack!",腐敗したオベリスクを浄化しようとすると、闇のエネルギーが敵意ある生物の群れとなって現れる。奴らが襲いかかってきた！,"Als du versuchst, den verdorbenen Obelisken zu reinigen, manifestiert sich die dunkle Energie in einem Rudel feindseliger Kreaturen. Sie greifen an!","Alors que vous tentez de purifier l'obélisque corrompu, l'énergie sombre se manifeste sous la forme d'une meute de créatures hostiles. Elles attaquent !","Mientras intentas purificar el obelisco corrompido, la energía oscura se manifiesta en una manada de criaturas hostiles. ¡Te atacan!","Ao tentar purificar o obelisco corrompido, a energia sombria se manifesta como um bando de criaturas hostis. Elas atacam!","Когда вы пытаетесь очистить оскверненный обелиск, темная энергия материализуется в стаю враждебных существ. Они нападают!","Mentre tenti di purificare l'obelisco corrotto, l'energia oscura si manifesta in un branco di creature ostili. Attaccano!",當你試圖淨化被污染的方尖碑時，黑暗能量化為一群充滿敵意的生物。牠們發動攻擊！,当你试图净化被污染的方尖碑时，黑暗能量化作一群充满敌意的生物。它们发起了攻击！,"부패한 방첨탑을 정화하려 시도하는 순간, 어둠의 에너지가 적대적인 생물 무리로 실체화됩니다. 그들이 공격해옵니다!","Gdy próbujesz oczyścić skażony obelisk, mroczna energia materializuje się w stado wrogich stworzeń. Atakują!","Коли ви намагаєтесь очистити спотворений обеліск, темна енергія перетворюється на зграю ворожих істот. Вони атакують!","Terwijl je probeert de corrupte obelisk te zuiveren, manifesteert de duistere energie zich in een groep vijandige wezens. Ze vallen aan!","Bozulmuş dikilitaşı arındırmaya çalışırken, karanlık enerji düşmanca yaratıklar sürüsüne dönüşüyor. Saldırıyorlar!"
L_OW_OBELISK3,,You destroyed the obelisk!,オベリスクを破壊した！,Du hast den Obelisken zerstört!,Vous avez détruit l'obélisque !,¡Has destruido el obelisco!,Você destruiu o obelisco!,Вы уничтожили обелиск!,Hai distrutto l'obelisco!,你摧毀了方尖碑！,你摧毁了方尖碑！,석탑을 파괴했다!,Zniszczyłeś obelisk!,Ви знищили обеліск!,Je hebt de obelisk vernietigd!,Dikilitaşı yok ettin!
L_OW_ORANGEMUSHROOMS,,You obtained the orange mushrooms.,オレンジ色のキノコを手に入れた。,Du hast die orangen Pilze erhalten.,Vous avez obtenu les champignons orange.,Has obtenido las setas naranjas.,Você obteve os cogumelos laranja.,Вы получили оранжевые грибы.,Hai ottenuto i funghi arancioni.,你獲得了橘色蘑菇。,你获得了橙色蘑菇。,주황색 버섯을 획득했습니다.,Zdobyłeś pomarańczowe grzyby.,Ви отримали помаранчеві гриби.,Je hebt de oranje paddenstoelen verkregen.,Turuncu mantarları elde ettin.
L_OW_PAPER,,It's covered in blood and smells like the sea.,血で覆われていて、海の匂いがする。,Es ist mit Blut bedeckt und riecht nach Meer.,C'est couvert de sang et sent comme la mer.,Está cubierto de sangre y huele a mar.,Está coberto de sangue e cheira a mar.,Оно покрыто кровью и пахнет морем.,È coperto di sangue e odora di mare.,它沾滿了血跡，聞起來像海洋的氣味。,它沾满了血，闻起来像大海。,피로 덮여 있고 바다 냄새가 난다.,Jest pokryta krwią i pachnie morzem.,Воно вкрите кров'ю і пахне морем.,Het is bedekt met bloed en ruikt naar de zee.,Kan içinde ve deniz gibi kokuyor.
L_OW_PAPER_JOKE1,,It's a cheat code to give your creatures infinite health.,チートコードで、生物に無限の体力を与えることができます。,"Es ist ein Cheat-Code, um deinen Kreaturen unendliche Gesundheit zu geben.",C'est un code de triche pour donner une santé infinie à vos créatures.,Es un código de trucos para dar salud infinita a tus criaturas.,É um código de trapaça para dar saúde infinita às suas criaturas.,"Это чит-код, который дает вашим существам бесконечное здоровье.",È un codice di trucco per dare salute infinita alle tue creature.,這是一個讓你的生物擁有無限生命值的作弊碼。,这是一个作弊码，可以让你的生物拥有无限生命值。,당신의 생물들에게 무한한 체력을 부여하는 치트 코드입니다.,"To kod oszustwa, który daje twoim stworzeniom nieskończone zdrowie.","Це чит-код, щоб надати вашим істотам нескінченне здоров'я.",Het is een cheatcode om je wezens oneindige gezondheid te geven.,Yaratıklarına sonsuz can vermek için bir hile kodu.
L_OW_PAPER_JOKE2,,It contains a list of complex mathematical formulae.,複雑な数学的公式のリストが含まれています。,Es enthält eine Liste komplexer mathematischer Formeln.,Il contient une liste de formules mathématiques complexes.,Contiene una lista de fórmulas matemáticas complejas.,Contém uma lista de fórmulas matemáticas complexas.,Содержит список сложных математических формул.,Contiene un elenco di complesse formule matematiche.,它包含一系列複雜的數學公式。,它包含一系列复杂的数学公式。,복잡한 수학 공식 목록이 들어 있다.,Zawiera listę złożonych wzorów matematycznych.,Він містить список складних математичних формул.,Het bevat een lijst met complexe wiskundige formules.,Karmaşık matematiksel formüller listesi içerir.
L_OW_PAPER_ERROR,,You've already learned all you can from this parchment.,この羊皮紙からは、すでにすべてを学び尽くしている。,"Du hast bereits alles gelernt, was du von diesem Pergament lernen kannst.",Vous avez déjà appris tout ce que vous pouviez de ce parchemin.,Ya has aprendido todo lo que podías de este pergamino.,Você já aprendeu tudo o que podia deste pergaminho.,"Вы уже узнали всё, что могли, из этого пергамента.",Hai già appreso tutto ciò che potevi da questa pergamena.,你已經從這張羊皮紙上學到了所有能學的東西。,你已经从这张羊皮纸上学到了所有能学的东西。,당신은 이미 이 양피지에서 배울 수 있는 모든 것을 배웠습니다.,"Nauczyłeś się już wszystkiego, co mogłeś, z tego pergaminu.","Ви вже дізналися все, що могли, з цього пергаменту.",Je hebt alles geleerd wat je van dit perkament kunt leren.,Bu parşömenden öğrenebileceğin her şeyi zaten öğrendin.
L_OW_KEY,,Found a key!,鍵を見つけた！,Einen Schlüssel gefunden!,Trouvé une clé !,¡Encontraste una llave!,Encontrou uma chave!,Найден ключ!,Trovata una chiave!,找到一把鑰匙！,找到了一把钥匙！,열쇠를 찾았다!,Znaleziono klucz!,Знайдено ключ!,Sleutel gevonden!,Bir anahtar buldun!
L_OW_PINKMUSHROOMS,,You obtained some pink mushrooms.,ピンクのキノコを手に入れた。,Du hast einige rosa Pilze erhalten.,Vous avez obtenu des champignons roses.,Has obtenido algunas setas rosas.,Você obteve alguns cogumelos rosa.,Вы получили несколько розовых грибов.,Hai ottenuto alcuni funghi rosa.,你獲得了一些粉紅色蘑菇。,你获得了一些粉色蘑菇。,분홍색 버섯을 얻었습니다.,Zdobyłeś trochę różowych grzybów.,Ви отримали кілька рожевих грибів.,Je hebt wat roze paddenstoelen verkregen.,Biraz pembe mantar elde ettin.
L_OW_HUNTERS,,"You've arrived at a Hunter's Lodge. Unfortunately, its inhabitants aren't very happy to see you here. Before long, you're surrounded by a pack of vicious-looking creatures.\n\nThe creatures attack!",ハンターの宿に到着した。残念ながら、住人たちはあなたの訪問を喜んでいないようだ。すぐに、凶暴そうな生き物の群れに囲まれてしまう。\n\n生き物たちが襲いかかってきた！,"Du bist bei einer Jägerhütte angekommen. Leider sind ihre Bewohner nicht sehr erfreut, dich hier zu sehen. Schon bald bist du von einem Rudel bösartig aussehender Kreaturen umzingelt.\n\nDie Kreaturen greifen an!","Vous êtes arrivé à un Pavillon de Chasseurs. Malheureusement, ses habitants ne sont pas très heureux de vous voir ici. En un rien de temps, vous êtes encerclé par une meute de créatures à l'aspect féroce.\n\nLes créatures attaquent !","Has llegado a un Refugio de Cazadores. Desafortunadamente, sus habitantes no están muy contentos de verte aquí. En poco tiempo, te encuentras rodeado por una manada de criaturas de aspecto feroz.\n\n¡Las criaturas atacan!","Você chegou a um Alojamento de Caçadores. Infelizmente, seus habitantes não estão muito felizes em vê-lo aqui. Em pouco tempo, você está cercado por um bando de criaturas de aparência feroz.\n\nAs criaturas atacam!","Вы прибыли в Охотничью Ложу. К сожалению, её обитатели совсем не рады вас здесь видеть. Не проходит и минуты, как вас окружает стая свирепых на вид существ.\n\nСущества атакуют!","Sei arrivato a un Rifugio di Cacciatori. Sfortunatamente, i suoi abitanti non sono molto felici di vederti qui. In poco tempo, ti ritrovi circondato da un branco di creature dall'aspetto feroce.\n\nLe creature attaccano!",你抵達了一座獵人小屋。不幸的是，這裡的居民對你的到來並不太高興。不久後，你被一群兇惡的生物包圍。\n\n這些生物發動攻擊！,你来到了一个猎手小屋。不幸的是，这里的居民对你的到来并不欢迎。没过多久，你就被一群凶猛的生物包围了。\n\n这些生物发起了攻击！,"사냥꾼의 오두막에 도착했습니다. 불행히도, 이곳의 거주자들은 당신을 보고 그다지 기뻐하지 않습니다. 얼마 지나지 않아, 당신은 사나워 보이는 생물들의 무리에게 포위당합니다.\n\n생물들이 공격합니다!","Dotarłeś do Chaty Myśliwskiej. Niestety, jej mieszkańcy nie są zbyt zadowoleni z twojej obecności. Wkrótce otacza cię stado groźnie wyglądających stworzeń.\n\nStworzenia atakują!","Ви прибули до Мисливської Хатини. На жаль, її мешканці не дуже раді вас тут бачити. Не минає й хвилини, як вас оточує зграя хижих істот.\n\nІстоти атакують!","Je bent aangekomen bij een Jagersloge. Helaas zijn de bewoners niet erg blij om je hier te zien. Voor je het weet, word je omsingeld door een groep kwaadaardig uitziende wezens.\n\nDe wezens vallen aan!","Bir Avcı Kulübesi'ne vardın. Ne yazık ki, buranın sakinleri seni burada görmekten pek memnun değiller. Çok geçmeden, vahşi görünümlü yaratıkların bir sürüsü tarafından kuşatılıyorsun.\n\nYaratıklar saldırıyor!"
L_OW_IMCAVE,,"Imlers are notoriously protective over their Imling counterparts. Unfortunately for you, you've stumbled upon a whole cave filled with angry Ims.\n\nThe creatures attack!",イムラーは彼らのイムリング仲間に対して悪名高いほど保護的です。残念ながら、あなたは怒ったイムでいっぱいの洞窟に迷い込んでしまいました。\n\n生物たちが襲いかかってきた！,"Imlers sind bekannt dafür, ihre Imling-Gegenstücke äußerst beschützend zu behandeln. Unglücklicherweise für dich bist du in eine ganze Höhle voller wütender Ims geraten.\n\nDie Kreaturen greifen an!","Les Imlers sont notoirement protecteurs envers leurs homologues Imlings. Malheureusement pour vous, vous êtes tombé sur toute une grotte remplie d'Ims en colère.\n\nLes créatures attaquent !","Los Imlers son notoriamente protectores con sus contrapartes Imling. Desafortunadamente para ti, te has topado con toda una cueva llena de Ims furiosos.\n\n¡Las criaturas atacan!","Imlers são notoriamente protetores com seus equivalentes Imlings. Infelizmente para você, você tropeçou em uma caverna inteira cheia de Ims furiosos.\n\nAs criaturas atacam!","Имлеры печально известны своей защитой своих собратьев Имлингов. К несчастью для тебя, ты наткнулся на целую пещеру, полную разгневанных Имов.\n\nСоздания атакуют!","Gli Imlers sono notoriamente protettivi nei confronti dei loro simili Imling. Sfortunatamente per te, ti sei imbattuto in una grotta piena di Ims infuriati.\n\nLe creature attaccano!",伊姆勒對他們的伊姆靈同伴出了名的保護。不幸的是，你闖入了一整個充滿憤怒伊姆的洞穴。\n\n這些生物發動攻擊！,伊姆魔像对他们的伊姆同伴出了名的保护欲极强。不幸的是，你偶然闯入了一整个洞穴，里面全是愤怒的伊姆。\n\n这些生物发起了攻击！,임러들은 그들의 임링 동료들을 보호하는 것으로 악명이 높습니다. 불행히도 당신은 분노한 임들로 가득 찬 동굴에 우연히 들어섰습니다.\n\n생물들이 공격합니다!,"Imlery są powszechnie znane ze swojej opiekuńczości wobec swoich pobratymców Imlingów. Niestety dla ciebie, trafiłeś na całą jaskinię pełną wściekłych Imów.\n\nStworzenia atakują!","Імлери відомі своєю надмірною захисною поведінкою щодо своїх побратимів Імлінгів. На жаль для тебе, ти натрапив на цілу печеру, повну розлючених Імів.\n\nІстоти атакують!",Imlers staan erom bekend dat ze uiterst beschermend zijn over hun Imling-tegenhangers. Helaas voor jou ben je in een hele grot vol boze Ims terechtgekomen.\n\nDe wezens vallen aan!,"Imler, Imling karşıtları konusunda koruyuculuklarıyla ünlüdür. Ne yazık ki senin için, öfkeli Imlerle dolu bir mağaraya denk geldin.\n\nYaratıklar saldırıyor!"
L_OW_SHADOWCAGE,,The creatures attack!,魔物が襲いかかってきた！,Die Kreaturen greifen an!,Les créatures attaquent !,¡Las criaturas atacan!,As criaturas atacam!,Существа атакуют!,Le creature attaccano!,這些生物發動攻擊！,这些生物发起了攻击！,생물들이 공격해왔다!,Stworzenia atakują!,Істоти атакують!,De wezens vallen aan!,Yaratıklar saldırıyor!
L_OW_HORSESHOE,,It's a horseshoe! Today must be your lucky day.\n\nJust kidding! It magically summoned a pack of angry-looking creatures.\n\nThe creatures attack!,蹄鉄だ！今日はきっとついてる日だね。\n\n冗談だよ！魔法で怒り狂った生物の群れが召喚されてしまった。\n\n生物たちが襲いかかってくる！,Es ist ein Hufeisen! Heute muss dein Glückstag sein.\n\nNur ein Scherz! Es hat magisch ein Rudel wütend aussehender Kreaturen herbeigerufen.\n\nDie Kreaturen greifen an!,C'est un fer à cheval ! Aujourd'hui doit être votre jour de chance.\n\nJe plaisante ! Il a magiquement invoqué une meute de créatures à l'air furieux.\n\nLes créatures attaquent !,¡Es una herradura! Hoy debe ser tu día de suerte.\n\n¡Es broma! Ha invocado mágicamente a una manada de criaturas de aspecto furioso.\n\n¡Las criaturas atacan!,É uma ferradura! Hoje deve ser seu dia de sorte.\n\nBrincadeira! Ela magicamente invocou um bando de criaturas de aparência furiosa.\n\nAs criaturas atacam!,"Это подкова! Сегодня, должно быть, твой счастливый день.\n\nШучу! Она магическим образом призвала стаю злобных на вид существ.\n\nСущества атакуют!",È un ferro di cavallo! Oggi dev'essere il tuo giorno fortunato.\n\nScherzavo! Ha evocato magicamente un branco di creature dall'aspetto minaccioso.\n\nLe creature attaccano!,這是一個馬蹄鐵！今天一定是你的幸運日。\n\n開玩笑的！它神奇地召喚了一群看起來很憤怒的生物。\n\n這些生物發動攻擊！,这是个马掌！今天一定是你的幸运日。\n\n开玩笑的！它神奇地召唤了一群看起来很愤怒的生物。\n\n这些生物发起了攻击！,말굽이다! 오늘은 운이 좋은 날인가 보네.\n\n농담이야! 마법적으로 화가 난 모습의 생물 무리를 소환했어.\n\n생물들이 공격해온다!,To podkowa! Dziś musi być twój szczęśliwy dzień.\n\nŻartuję! Magicznie przywołała stado groźnie wyglądających stworów.\n\nStwory atakują!,"Це підкова! Сьогодні, мабуть, твій щасливий день.\n\nЖартую! Вона магічно викликала зграю злісних на вигляд істот.\n\nІстоти атакують!",Het is een hoefijzer! Vandaag moet je geluksdag zijn.\n\nGrapje! Het heeft op magische wijze een groep boos uitziende wezens opgeroepen.\n\nDe wezens vallen aan!,Bir at nalı! Bugün şanslı günün olmalı.\n\nŞaka yapıyorum! Sihirli bir şekilde bir sürü öfkeli görünümlü yaratık çağırdı.\n\nYaratıklar saldırıyor!
L_OW_OSSEINBONES,,"You approach what appear to be charred remains of a dead creature. Unfortunately, it was just a pack of skeletal creatures who were taking a nap, and your presence rudely awakened them.\n\nThe creatures attack!",焦げた死体のように見えるものに近づいた。残念ながら、それは単に休息を取っていた骸骨生物の群れで、あなたの存在が無礼にも彼らを目覚めさせてしまった。\n\n生物たちが襲いかかってくる！,"Du näherst dich dem, was verkohlte Überreste einer toten Kreatur zu sein scheinen. Leider war es nur ein Rudel skelettartiger Kreaturen, die ein Nickerchen machten, und deine Anwesenheit hat sie unhöflich geweckt.\n\nDie Kreaturen greifen an!","Vous vous approchez de ce qui semble être les restes carbonisés d'une créature morte. Malheureusement, il ne s'agissait que d'un groupe de créatures squelettiques qui faisaient une sieste, et votre présence les a réveillées de façon impolie.\n\nLes créatures attaquent !","Te acercas a lo que parecen ser restos carbonizados de una criatura muerta. Desafortunadamente, solo era un grupo de criaturas esqueléticas que estaban tomando una siesta, y tu presencia las despertó groseramente.\n\nLas criaturas atacan!","Você se aproxima do que parecem ser restos carbonizados de uma criatura morta. Infelizmente, era apenas um bando de criaturas esqueléticas que estavam tirando uma soneca, e sua presença as despertou de forma grosseira.\n\nAs criaturas atacam!","Вы приближаетесь к тому, что кажется обугленными останками мёртвого существа. К сожалению, это оказалась всего лишь стая скелетоподобных созданий, которые дремали, и ваше присутствие грубо разбудило их.\n\nСоздания атакуют!","Ti avvicini a quelli che sembrano essere i resti carbonizzati di una creatura morta. Sfortunatamente, era solo un gruppo di creature scheletriche che stavano facendo un pisolino, e la tua presenza le ha bruscamente svegliate.\n\nLe creature attaccano!",你走近看似是一具燒焦的生物遺骸。不幸的是，那只是一群正在小睡的骷髏生物，而你的出現粗魯地吵醒了牠們。\n\n這些生物發動攻擊！,你走近看似是一具烧焦的生物遗骸。不幸的是，这只是一群正在小憩的骷髅生物，而你的出现粗鲁地惊醒了它们。\n\n这些生物发起了攻击！,"당신은 죽은 생물의 그을린 잔해처럼 보이는 것에 다가갑니다. 불행히도, 그것은 단지 낮잠을 자고 있던 해골 생물들의 무리였고, 당신의 존재가 그들을 무례하게 깨워버렸습니다.\n\n생물들이 공격합니다!","Zbliżasz się do tego, co wygląda na zwęglone szczątki martwego stworzenia. Niestety, okazało się to jedynie grupą szkieletowych istot, które drzemały, a twoja obecność bezceremonialnie je obudziła.\n\nStworzenia atakują!","Ви підходите до того, що здається обвугленими рештками мертвої істоти. На жаль, це була лише зграя скелетних створінь, які дрімали, і ваша присутність грубо їх розбудила.\n\nСтворіння атакують!","Je nadert wat lijken op de verkoolde resten van een dood wezen. Helaas blijkt het slechts een groep skeletwezens te zijn die een dutje deden, en jouw aanwezigheid heeft hen onbeleefd gewekt.\n\nDe wezens vallen aan!","Yanmış bir ölü yaratığın kalıntıları gibi görünen bir şeye yaklaşıyorsun. Ne yazık ki, bu sadece kestiren bir grup iskelet yaratıktı ve senin varlığın onları kaba bir şekilde uyandırdı.\n\nYaratıklar saldırıyor!"
L_OW_FLUTE,,"You pick up the pipes and play a little tune. Unfortunately, your complete lack of musical talent appears to have attracted the attention of some nearby creatures.\n\nThe creatures attack!",パイプを拾って小さな曲を奏でてみた。残念ながら、あなたの音楽的才能の完全な欠如が近くの生物の注意を引いてしまったようだ。\n\n生物が襲いかかってきた！,Du nimmst die Pfeifen auf und spielst eine kleine Melodie. Leider scheint dein völliger Mangel an musikalischem Talent die Aufmerksamkeit einiger Kreaturen in der Nähe auf dich gezogen zu haben.\n\nDie Kreaturen greifen an!,"Vous ramassez les tuyaux et jouez un petit air. Malheureusement, votre manque total de talent musical semble avoir attiré l'attention de quelques créatures à proximité.\n\nLes créatures attaquent !","Recoges las flautas y tocas una pequeña melodía. Desafortunadamente, tu completa falta de talento musical parece haber atraído la atención de algunas criaturas cercanas.\n\nLas criaturas atacan!","Você pega as flautas e toca uma pequena melodia. Infelizmente, sua completa falta de talento musical parece ter atraído a atenção de algumas criaturas próximas.\n\nAs criaturas atacam!","Вы берете трубы и играете небольшую мелодию. К сожалению, ваше полное отсутствие музыкального таланта, похоже, привлекло внимание некоторых существ поблизости.\n\nСущества атакуют!","Raccogli i flauti e suoni una piccola melodia. Sfortunatamente, la tua totale mancanza di talento musicale sembra aver attirato l'attenzione di alcune creature nelle vicinanze.\n\nLe creature attaccano!",你拿起管子吹奏了一段小曲。不幸的是，你完全缺乏音樂天賦的表現似乎吸引了附近一些生物的注意。\n\n這些生物發動攻擊！,你捡起管子吹了一段小曲。不幸的是，你完全缺乏音乐天赋的表演似乎引起了附近一些生物的注意。\n\n这些生物发起了攻击！,"당신은 파이프를 집어들고 작은 멜로디를 연주합니다. 불행히도, 당신의 완전한 음악적 재능 부족이 근처에 있던 몇몇 생물체들의 주의를 끌어버린 것 같습니다.\n\n생물체들이 공격합니다!","Podnosisz piszczałki i grasz małą melodyjkę. Niestety, twój całkowity brak talentu muzycznego najwyraźniej przyciągnął uwagę pobliskich stworzeń.\n\nStworzenia atakują!","Ви підбираєте труби і граєте невелику мелодію. На жаль, ваша повна відсутність музичного таланту, здається, привернула увагу деяких істот поблизу.\n\nІстоти атакують!",Je pakt de pijpen op en speelt een klein deuntje. Helaas lijkt je volledige gebrek aan muzikaal talent de aandacht te hebben getrokken van enkele nabije wezens.\n\nDe wezens vallen aan!,"Boruları alıp küçük bir melodi çalıyorsun. Ne yazık ki, müzikal yeteneğinin tamamen eksik olması yakındaki bazı yaratıkların dikkatini çekmiş gibi görünüyor.\n\nYaratıklar saldırıyor!"
L_OW_SHADOWMIRROR,,"You gaze into the mirror. Strangely enough, you don't see your own reflection, but a group of hostile creatures.\n\nThe creatures attack!",鏡を覗き込む。奇妙なことに、自分の姿は映っておらず、敵意に満ちた生物の群れが見える。\n\n生物たちが襲いかかってきた！,"Du blickst in den Spiegel. Seltsamerweise siehst du nicht dein eigenes Spiegelbild, sondern eine Gruppe feindseliger Kreaturen.\n\nDie Kreaturen greifen an!","Tu regardes dans le miroir. Étrangement, tu ne vois pas ton propre reflet, mais un groupe de créatures hostiles.\n\nLes créatures attaquent !","Miras en el espejo. Extrañamente, no ves tu propio reflejo, sino un grupo de criaturas hostiles.\n\nLas criaturas atacan!","Você olha para o espelho. Estranhamente, não vê seu próprio reflexo, mas um grupo de criaturas hostis.\n\nAs criaturas atacam!","Вы смотрите в зеркало. Как ни странно, вы не видите своего отражения, а группу враждебных существ.\n\nСущества нападают!","Guardi nello specchio. Stranamente, non vedi il tuo riflesso, ma un gruppo di creature ostili.\n\nLe creature attaccano!",你凝視著鏡子。奇怪的是，你並沒有看到自己的倒影，而是一群充滿敵意的生物。\n\n這些生物發動攻擊！,你凝视着镜子。奇怪的是，你没有看到自己的倒影，而是看到了一群敌对的生物。\n\n这些生物发起了攻击！,"거울을 들여다봅니다. 이상하게도, 당신의 모습이 비치지 않고 적대적인 생물들의 무리가 보입니다.\n\n생물들이 공격해옵니다!","Spoglądasz w lustro. Co dziwne, nie widzisz własnego odbicia, lecz grupę wrogich stworzeń.\n\nStworzenia atakują!","Ви вдивляєтесь у дзеркало. Як не дивно, ви не бачите власного відображення, а групу ворожих істот.\n\nІстоти атакують!","Je staart in de spiegel. Vreemd genoeg zie je niet je eigen spiegelbeeld, maar een groep vijandige wezens.\n\nDe wezens vallen aan!","Aynaya bakıyorsun. Garip bir şekilde, kendi yansımanı değil, düşmanca bir yaratık grubunu görüyorsun.\n\nYaratıklar saldırıyor!"
L_OW_BLOODEFFIGY,,"The effigy appears to be dead, and yet alive at the same time. It seems to be enchanted by some sort of dark force. But what could be the source of such magic?\n\nIn answer to your question, you turn around to find a group of angry-looking creatures approaching you. The creatures attack!",人形は死んでいるようでありながら、同時に生きているようにも見える。何か暗黒の力によって魔法をかけられているようだ。しかし、そのような魔法の源は何なのだろうか？\n\nその疑問への答えとして、振り返ると怒り狂った生物の一団があなたに近づいてくるのが見える。生物たちが襲いかかってきた！,"Die Puppe scheint tot zu sein und doch gleichzeitig lebendig. Sie scheint von einer Art dunkler Kraft verzaubert zu sein. Aber was könnte die Quelle solcher Magie sein?\n\nAls Antwort auf deine Frage drehst du dich um und entdeckst eine Gruppe zornig aussehender Kreaturen, die sich dir nähern. Die Kreaturen greifen an!","L'effigie semble être morte, et pourtant vivante en même temps. Elle paraît être enchantée par une sorte de force obscure. Mais quelle pourrait être la source d'une telle magie ?\n\nEn réponse à votre question, vous vous retournez pour découvrir un groupe de créatures à l'air furieux qui s'approchent de vous. Les créatures attaquent !","La efigie parece estar muerta y, sin embargo, viva al mismo tiempo. Parece estar encantada por algún tipo de fuerza oscura. Pero, ¿cuál podría ser la fuente de tal magia?\n\nEn respuesta a tu pregunta, te das la vuelta para encontrar un grupo de criaturas de aspecto furioso acercándose a ti. ¡Las criaturas atacan!","A efígie parece estar morta, e ainda assim viva ao mesmo tempo. Parece estar encantada por algum tipo de força sombria. Mas qual poderia ser a fonte de tal magia?\n\nEm resposta à sua pergunta, você se vira e encontra um grupo de criaturas de aparência furiosa se aproximando. As criaturas atacam!","Истукан кажется мертвым, и в то же время живым. Похоже, он заколдован какой-то темной силой. Но что может быть источником такой магии?\n\nВ ответ на свой вопрос вы оборачиваетесь и видите группу злобных существ, приближающихся к вам. Существа нападают!","L'effigie sembra essere morta, eppure viva allo stesso tempo. Sembra essere incantata da una sorta di forza oscura. Ma quale potrebbe essere la fonte di tale magia?\n\nIn risposta alla tua domanda, ti giri e trovi un gruppo di creature dall'aspetto minaccioso che si avvicinano. Le creature attaccano!",這個雕像看起來既死亡又活著。它似乎被某種黑暗力量所附身。但這種魔法的來源會是什麼呢？\n\n正當你思考這個問題時，你轉身發現一群看起來憤怒的生物正向你靠近。這些生物發動攻擊！,这个雕像看起来既死亡又活着。它似乎被某种黑暗力量所附魔。但这种魔法的源头会是什么呢？\n\n正当你思考这个问题时，你转身发现一群看起来愤怒的生物正向你靠近。这些生物发起了攻击！,이 인형은 죽은 것 같으면서도 동시에 살아있는 것처럼 보입니다. 어떤 어둠의 힘에 의해 마법이 걸린 것 같습니다. 하지만 이런 마법의 원천은 무엇일까요?\n\n당신의 질문에 대한 답을 찾기 위해 뒤돌아보니 분노에 찬 모습의 생물 무리가 다가오고 있습니다. 생물들이 공격해옵니다!,"Kukła wydaje się martwa, a jednocześnie żywa. Wygląda na to, że jest zaczarowana jakąś mroczną siłą. Ale co mogłoby być źródłem takiej magii?\n\nW odpowiedzi na twoje pytanie, odwracasz się i widzisz grupę groźnie wyglądających stworzeń zbliżających się do ciebie. Stworzenia atakują!","Ця подоба здається мертвою, і водночас живою. Схоже, вона зачарована якоюсь темною силою. Але що може бути джерелом такої магії?\n\nУ відповідь на ваше запитання, ви обертаєтесь і бачите групу розлючених істот, що наближаються до вас. Істоти атакують!","De beeltenis lijkt dood te zijn, en toch tegelijkertijd levend. Het lijkt betoverd te zijn door een soort duistere kracht. Maar wat zou de bron van dergelijke magie kunnen zijn?\n\nAls antwoord op je vraag draai je je om en zie je een groep boos uitziende wezens op je afkomen. De wezens vallen aan!","Heykel hem ölü hem de aynı anda canlı görünüyor. Bir tür karanlık güç tarafından büyülenmiş gibi. Ama böyle bir büyünün kaynağı ne olabilir?\n\nSorunun cevabı olarak, arkana döndüğünde sana doğru yaklaşan öfkeli görünümlü yaratıklar grubuyla karşılaşırsın. Yaratıklar saldırıyor!"
L_OW_BRAIN,,"The pulsing, throbbing brain captivates the entirety of your attention. After an indeterminable amount of time, something tickles your conscience and snaps your mind back to reality.\n\nYou turn around and are startled to see a group of creatures preparing to attack you.",脈打ち、脈動する脳があなたの注意を完全に捉えている。測り知れない時間が経過した後、何かがあなたの良心をくすぐり、あなたの心を現実に引き戻す。\n\nあなたが振り向くと、攻撃の準備をしている生物の群れを見て驚愕する。,"Das pulsierende, pochende Gehirn fesselt deine gesamte Aufmerksamkeit. Nach einer unbestimmbaren Zeitspanne kitzelt etwas dein Bewusstsein und bringt deinen Verstand zurück in die Realität.\n\nDu drehst dich um und erschrickst, als du eine Gruppe von Kreaturen siehst, die sich darauf vorbereiten, dich anzugreifen.","Le cerveau palpitant et pulsant captive toute votre attention. Après un temps indéterminable, quelque chose titille votre conscience et ramène brusquement votre esprit à la réalité.\n\nVous vous retournez et êtes surpris de voir un groupe de créatures qui se préparent à vous attaquer.","El cerebro pulsante y palpitante cautiva toda tu atención. Después de un tiempo indeterminado, algo cosquillea tu conciencia y devuelve tu mente a la realidad.\n\nTe das la vuelta y te sobresaltas al ver a un grupo de criaturas preparándose para atacarte.","O cérebro pulsante e palpitante cativa toda a sua atenção. Após um período indeterminável de tempo, algo cutuca sua consciência e traz sua mente de volta à realidade.\n\nVocê se vira e fica assustado ao ver um grupo de criaturas se preparando para atacá-lo.","Пульсирующий, трепещущий мозг полностью захватывает все ваше внимание. После неопределенного количества времени что-то щекочет ваше сознание и возвращает ваш разум к реальности.\n\nВы оборачиваетесь и с испугом обнаруживаете группу существ, готовящихся напасть на вас.","Il cervello pulsante e palpitante cattura interamente la tua attenzione. Dopo un periodo di tempo indeterminabile, qualcosa solletica la tua coscienza e riporta la tua mente alla realtà.\n\nTi giri e sei spaventato nel vedere un gruppo di creature che si preparano ad attaccarti.",那顫動、搏動的大腦完全吸引了你的注意力。經過一段無法確定的時間後，某種東西觸動了你的意識，將你的思緒拉回現實。\n\n你轉過身，驚訝地發現一群生物正準備攻擊你。,跳动、搏动的大脑完全吸引了你的注意力。在一段无法确定的时间后，某种东西触动了你的意识，将你的思绪拉回现实。\n\n你转过身，惊讶地发现一群生物正准备攻击你。,"맥동하고 욱신거리는 뇌가 당신의 주의를 완전히 사로잡습니다. 알 수 없는 시간이 흐른 후, 무언가가 당신의 양심을 간질이며 당신의 정신을 현실로 돌려놓습니다.\n\n뒤돌아보니 당신을 공격하려고 준비 중인 생물 무리를 보고 깜짝 놀랍니다.","Pulsujący, tętniący mózg całkowicie pochłania twoją uwagę. Po nieokreślonym czasie, coś łaskocze twoje sumienie i przywraca twój umysł do rzeczywistości.\n\nOdwracasz się i ze zdumieniem dostrzegasz grupę stworzeń przygotowujących się do ataku na ciebie.","Пульсуючий, пульсуючий мозок повністю захоплює вашу увагу. Після невизначеної кількості часу щось лоскоче вашу свідомість і повертає ваш розум до реальності.\n\nВи обертаєтесь і вражено бачите групу істот, які готуються атакувати вас.","Het pulserende, kloppende brein neemt je volledige aandacht gevangen. Na een onbepaalbare hoeveelheid tijd kietelt iets je geweten en brengt je geest terug naar de werkelijkheid.\n\nJe draait je om en schrikt wanneer je een groep wezens ziet die zich klaarmaakt om je aan te vallen.","Titreşen, zonklayan beyin tüm dikkatini ele geçiriyor. Belirsiz bir süre sonra, bir şey vicdanını gıdıklıyor ve zihnini gerçeğe geri döndürüyor.\n\nArkanı döndüğünde, sana saldırmaya hazırlanan bir grup yaratığı görünce irkiliyorsun."
L_OW_CRUNCHERDUST,,"This is enough gem dust to enchant every Spell Gem you'll find in your lifetime! What luck!\n\nAs you start to gather the satchel of dust, it transforms into a bunch of turtles, because why the hell not?\n\nThe creatures attack!",これは一生で見つけるすべての魔法の宝石を魔法にかけるのに十分な宝石の粉です！なんて幸運なんだ！\n\n粉の袋を集め始めると、それはなぜかカメの群れに変わってしまいます！\n\n生物たちが襲いかかってきた！,"Das ist genug Zaubersteinstaub, um jeden Zauberstein zu verzaubern, den du in deinem Leben finden wirst! Was für ein Glück!\n\nAls du beginnst, den Beutel mit Staub einzusammeln, verwandelt er sich in einen Haufen Schildkröten, weil warum zum Teufel nicht?\n\nDie Kreaturen greifen an!","C'est assez de poussière de gemme pour enchanter chaque Gemme de Sort que vous trouverez de votre vivant ! Quelle chance !\n\nAlors que vous commencez à ramasser la sacoche de poussière, elle se transforme en un tas de tortues, parce que pourquoi pas, bordel ?\n\nLes créatures attaquent !","Este es suficiente polvo de gema para encantar cada Gema de Hechizo que encontrarás en toda tu vida. ¡Qué suerte!\n\nMientras empiezas a recoger la bolsa de polvo, se transforma en un montón de tortugas, porque ¿por qué diablos no?\n\n¡Las criaturas atacan!","Este é pó de gema suficiente para encantar todas as Gemas de Feitiço que você encontrará em sua vida! Que sorte!\n\nQuando você começa a recolher o saco de pó, ele se transforma em um monte de tartarugas, porque por que diabos não?\n\nAs criaturas atacam!","Это достаточно пыли самоцветов, чтобы зачаровать каждый Магический Самоцвет, который ты найдёшь за всю свою жизнь! Какая удача!\n\nКогда ты начинаешь собирать мешочек с пылью, он превращается в кучу черепах, потому что почему бы и нет, чёрт возьми?\n\nСоздания атакуют!","Questa è abbastanza polvere di gemme da incantare ogni Gemma Incantesimo che troverai nella tua vita! Che fortuna!\n\nMentre inizi a raccogliere la sacca di polvere, si trasforma in un gruppo di tartarughe, perché perché diavolo no?\n\nLe creature attaccano!",這是足夠的寶石粉末，可以為你一生中找到的每一顆法術寶石附魔！真是好運！\n\n當你開始收集這袋粉末時，它變成了一群烏龜，因為為什麼不呢？\n\n這些生物發動攻擊！,这是足够的宝石粉末，可以附魔你一生中找到的每一颗法术宝石！真是太幸运了！\n\n当你开始收集这袋粉末时，它变成了一堆乌龟，因为为什么不呢？\n\n这些生物发起了攻击！,"평생 동안 찾게 될 모든 주문 보석을 마법으로 부여할 수 있을 만큼의 보석 가루입니다! 정말 운이 좋군요!\n\n가루 주머니를 모으기 시작하자, 그것이 거북이 무리로 변해버립니다. 왜냐고요? 그냥 그런 거죠, 뭐!\n\n생물들이 공격해옵니다!","To wystarczająca ilość pyłu klejnotów, by zaczarować każdy Klejnot Zaklęć, jaki znajdziesz w swoim życiu! Co za szczęście!\n\nKiedy zaczynasz zbierać sakiewkę pyłu, zamienia się ona w grupę żółwi, bo czemu by nie?\n\nStworzenia atakują!","Це достатньо пилу самоцвітів, щоб зачарувати кожен Магічний Самоцвіт, який ти знайдеш за все своє життя! Яке щастя!\n\nКоли ти починаєш збирати мішечок з пилом, він перетворюється на купу черепах, бо якого біса ні?\n\nІстоти атакують!","Dit is genoeg edelsteenstof om elke Spreuksteen die je in je leven zult vinden te betoveren! Wat een geluk!\n\nZodra je de buidel met stof begint te verzamelen, verandert het in een hoop schildpadden, want waarom verdomme niet?\n\nDe wezens vallen aan!","Bu, hayatın boyunca bulacağın her Büyü Mücevherini büyülemek için yeterli mücevher tozu! Ne şans!\n\nToz kesesini toplamaya başladığında, neden olmasın ki diye bir sürü kaplumbağaya dönüşüyor?\n\nYaratıklar saldırıyor!"
L_OW_WISPS,,"Upon your approach, what appeared to be a cute little blue thing sprouted vicious teeth and began growling at you. It also summoned a pack of equally angry-looking creatures to its side.\n\nThe creatures attack!",あなたが近づくと、かわいらしい青い生き物に見えたものが突然鋭い歯を剥き出しにして、あなたに向かって唸り始めた。さらに、同じように怒り狂った仲間の群れを呼び寄せた。\n\n生物たちが襲いかかってきた！,"Bei deiner Annäherung entpuppte sich das, was wie ein niedliches kleines blaues Ding aussah, mit bösartigen Zähnen und begann, dich anzuknurren. Es rief auch ein Rudel ebenso wütend aussehender Kreaturen an seine Seite.\n\nDie Kreaturen greifen an!","À votre approche, ce qui semblait être une mignonne petite chose bleue a soudain dévoilé des dents féroces et s'est mise à grogner contre vous. Elle a également invoqué une meute de créatures à l'air tout aussi menaçant à ses côtés.\n\nLes créatures attaquent !","Al acercarte, lo que parecía ser una pequeña y adorable cosa azul mostró unos dientes feroces y comenzó a gruñirte. También convocó a una manada de criaturas de aspecto igualmente furioso a su lado.\n\n¡Las criaturas atacan!","Ao se aproximar, o que parecia ser uma coisinha azul fofa revelou dentes afiados e começou a rosnar para você. Também convocou um bando de criaturas com aparência igualmente furiosa para seu lado.\n\nAs criaturas atacam!","При вашем приближении то, что казалось милым маленьким синим существом, внезапно оскалило острые зубы и начало рычать на вас. Оно также призвало стаю таких же злобно выглядящих созданий себе на помощь.\n\nСущества атакуют!","Al tuo avvicinarti, quella che sembrava una graziosa cosetta blu ha mostrato denti affilati e ha iniziato a ringhiarti contro. Ha anche evocato un branco di creature dall'aspetto altrettanto minaccioso al suo fianco.\n\nLe creature attaccano!",當你靠近時，那看似可愛的小藍色東西突然長出了兇猛的牙齒，並開始對你咆哮。它還召喚了一群同樣看起來憤怒的生物到它身邊。\n\n這些生物發動攻擊！,当你靠近时，那个看起来可爱的蓝色小东西突然长出了尖利的牙齿，并开始对你咆哮。它还召唤了一群同样看起来愤怒的生物到它身边。\n\n这些生物发起了攻击！,"당신이 다가가자, 귀여운 작은 파란 물체처럼 보였던 것이 날카로운 이빨을 드러내며 당신에게 으르렁거리기 시작했습니다. 또한 똑같이 화가 난 모습의 생물들 무리를 자신의 곁으로 소환했습니다.\n\n생물들이 공격합니다!","Gdy się zbliżasz, to, co wydawało się uroczą małą niebieską istotką, wysunęło ostre zęby i zaczęło warczeć na ciebie. Przywołało też stado równie groźnie wyglądających stworzeń do swojego boku.\n\nStworzenia atakują!","Коли ви наблизились, те, що здавалося милою маленькою синьою істотою, вишкірило гострі зуби і почало гарчати на вас. Воно також викликало зграю таких самих розлючених створінь на підмогу.\n\nСтворіння атакують!",Bij je nadering veranderde wat een schattig klein blauw ding leek plotseling toen het venijnige tanden ontblootte en naar je begon te grommen. Het riep ook een groep even woest uitziende wezens op die zich bij hem voegden.\n\nDe wezens vallen aan!,"Yaklaştığınızda, sevimli küçük mavi bir şey gibi görünen varlık, keskin dişlerini çıkardı ve size doğru hırlamaya başladı. Ayrıca yanına eşit derecede öfkeli görünen yaratıklardan oluşan bir sürü çağırdı.\n\nYaratıklar saldırıyor!"
L_OW_BABYSLIME,,"It's a cute little ooze! Awkward as always, you stroke its cheek with the back of your index finger. Suddenly, it explodes into several pieces.\n\nThe pieces attack, because nothing can ever go smoothly for you.",かわいい小さなスライムだ！いつものように気まずく、人差し指の甲でその頬を撫でる。突然、それはいくつかの破片に爆発した。\n\n破片が攻撃してくる。あなたにとって物事が順調に進むことなど決してないのだから。,"Es ist ein niedlicher kleiner Schleim! Unbeholfen wie immer streichelst du seine Wange mit dem Handrücken deines Zeigefingers. Plötzlich explodiert er in mehrere Stücke.\n\nDie Stücke greifen an, weil bei dir nie etwas reibungslos laufen kann.","C'est un petit limon tout mignon ! Maladroit comme toujours, vous lui caressez la joue avec le dos de votre index. Soudain, il explose en plusieurs morceaux.\n\nLes morceaux attaquent, parce que rien ne peut jamais se passer simplement pour vous.","¡Es un pequeño limo adorable! Torpe como siempre, acaricias su mejilla con el dorso de tu dedo índice. De repente, explota en varios pedazos.\n\nLos pedazos atacan, porque nada puede salir bien para ti.","É uma gosma pequena e fofa! Desajeitado como sempre, você acaricia sua bochecha com as costas do seu dedo indicador. De repente, ela explode em vários pedaços.\n\nOs pedaços atacam, porque nada pode correr bem para você.","Это милая маленькая слизь! Неловко, как всегда, вы гладите её по щеке тыльной стороной указательного пальца. Внезапно она взрывается на несколько кусочков.\n\nКусочки атакуют, потому что у вас никогда ничего не может пройти гладко.","È un piccolo slime carino! Goffo come sempre, gli accarezzi la guancia con il dorso dell'indice. All'improvviso, esplode in diversi pezzi.\n\nI pezzi attaccano, perché per te niente può mai andare liscio.",這是一個可愛的小軟泥怪！一如既往地尷尬，你用食指的背面輕撫它的臉頰。突然，它爆裂成好幾塊。\n\n這些碎塊開始攻擊，因為對你來說事情總是不會順利。,这是一只可爱的小软泥怪！一如既往地尴尬，你用食指背面轻抚它的脸颊。突然，它爆炸成了好几块。\n\n这些碎块开始攻击，因为对你来说没有什么事情能够顺利进行。,"귀여운 작은 슬라임이다! 언제나처럼 어색하게, 당신은 검지 손가락 등으로 그것의 뺨을 쓰다듬는다. 갑자기, 그것이 여러 조각으로 폭발한다.\n\n조각들이 공격해온다, 당신에게는 아무것도 순탄하게 흘러갈 수 없으니까.","To mały, uroczy szlam! Niezręcznie jak zawsze, głaszczesz jego policzek grzbietem palca wskazującego. Nagle, eksploduje na kilka kawałków.\n\nKawałki atakują, bo nic nigdy nie może pójść dla ciebie gładko.","Це милий маленький слиз! Незграбно, як завжди, ви гладите його щоку тильною стороною вказівного пальця. Раптом він вибухає на кілька шматків.\n\nШматки атакують, бо у вас ніколи нічого не може йти гладко.","Het is een schattig klein slijmwezen! Onhandig als altijd, streel je zijn wang met de achterkant van je wijsvinger. Plotseling explodeert het in verschillende stukken.\n\nDe stukken vallen aan, want niets kan ooit soepel verlopen voor jou.","Sevimli küçük bir balçık! Her zamanki gibi garip bir şekilde, işaret parmağının arkasıyla yanağını okşuyorsun. Aniden, birkaç parçaya patlıyor.\n\nParçalar saldırıyor, çünkü senin için hiçbir şey asla yolunda gidemiyor."
L_OW_DRAGONEGG,,A pack of creatures burst out from the eggs!\n\nThe creatures attack!,卵から生物の群れが飛び出した！\n\n生物たちが攻撃してきた！,Ein Rudel Kreaturen bricht aus den Eiern hervor!\n\nDie Kreaturen greifen an!,Une meute de créatures jaillit des œufs !\n\nLes créatures attaquent !,¡Un grupo de criaturas emerge de los huevos!\n\n¡Las criaturas atacan!,Um bando de criaturas irrompe dos ovos!\n\nAs criaturas atacam!,Стая существ вырывается из яиц!\n\nСущества атакуют!,Un gruppo di creature esplode dalle uova!\n\nLe creature attaccano!,一群生物從蛋中爆出！\n\n這些生物發動攻擊！,一群生物从卵中爆出！\n\n这些生物发起了攻击！,알에서 생물 무리가 터져 나왔다!\n\n생물들이 공격한다!,Stado stworzeń wyskakuje z jaj!\n\nStworzenia atakują!,Зграя істот вилупилася з яєць!\n\nІстоти атакують!,Een groep wezens barst uit de eieren!\n\nDe wezens vallen aan!,Bir grup yaratık yumurtalardan fırlıyor!\n\nYaratıklar saldırıyor!
L_OW_DESERTARTIFACT,,What could this be?,これは何だろう？,Was könnte das sein?,Qu'est-ce que cela pourrait être ?,¿Qué podría ser esto?,O que poderia ser isso?,Что бы это могло быть?,Che cosa potrebbe essere?,這會是什麼呢？,这会是什么呢？,이게 뭘까?,Co to może być?,Що це може бути?,Wat zou dit kunnen zijn?,Bu ne olabilir?
L_OW_SCROLL,,It disintegrates as soon as you touch it.,触れた瞬間に崩れ去ってしまう。,"Es zerfällt, sobald du es berührst.",Il se désintègre dès que vous le touchez.,Se desintegra tan pronto como lo tocas.,Ele se desintegra assim que você o toca.,"Оно рассыпается, как только вы его касаетесь.",Si disintegra non appena lo tocchi.,你一碰到它，它就瓦解了。,你一碰它就分解了。,만지는 순간 분해됩니다.,"Rozpada się, gdy tylko go dotkniesz.","Воно розпадається, щойно ви його торкаєтесь.",Het valt uiteen zodra je het aanraakt.,Ona dokunur dokunmaz dağılıyor.
L_OW_SKULLPILE,,"These skulls were apparently used to conduct a dark, necromantic ritual. Their souls still yet linger, eager to exact revenge on the humans who took their lives.\n\nTime to lay them to rest.",これらの頭蓋骨は、闇の死霊術の儀式を行うために使われたようだ。彼らの魂はまだ残っており、命を奪った人間たちに復讐しようと切望している。\n\n彼らを安らかに眠らせる時だ。,"Diese Schädel wurden offenbar für ein dunkles, nekromantisches Ritual verwendet. Ihre Seelen verweilen noch immer, begierig darauf, Rache an den Menschen zu nehmen, die ihnen das Leben nahmen.\n\nZeit, sie zur Ruhe zu betten.","Ces crânes ont apparemment servi à conduire un sombre rituel nécromantique. Leurs âmes s'attardent encore, impatientes de se venger des humains qui ont pris leurs vies.\n\nIl est temps de les mettre au repos.","Estos cráneos aparentemente fueron usados para realizar un ritual oscuro y nigromante. Sus almas aún permanecen, ansiosas por vengarse de los humanos que les arrebataron sus vidas.\n\nEs hora de darles descanso.","Esses crânios aparentemente foram usados para conduzir um ritual necromântico sombrio. Suas almas ainda persistem, ansiosas para se vingar dos humanos que tiraram suas vidas.\n\nHora de dar-lhes descanso.","Эти черепа, по-видимому, использовались для проведения тёмного некромантического ритуала. Их души всё ещё задерживаются здесь, жаждущие отомстить людям, которые лишили их жизни.\n\nПора упокоить их с миром.","Questi teschi sono stati apparentemente usati per condurre un oscuro rituale necromantico. Le loro anime ancora persistono, desiderose di vendicarsi degli umani che hanno tolto loro la vita.\n\nÈ ora di dar loro pace.",這些頭骨顯然曾被用來進行一種黑暗的死靈儀式。他們的靈魂仍然徘徊不去，渴望向奪走他們生命的人類復仇。\n\n是時候讓他們安息了。,这些头骨显然曾被用于进行一种黑暗的死灵仪式。他们的灵魂仍然徘徊不去，渴望向夺走他们生命的人类复仇。\n\n是时候让他们安息了。,"이 해골들은 명백히 어둡고 사령술적인 의식을 수행하는 데 사용되었다. 그들의 영혼은 아직도 머물러 있으며, 그들의 목숨을 앗아간 인간들에게 복수하고자 열망하고 있다.\n\n그들을 영면에 들게 할 시간이다.","Te czaszki były najwyraźniej używane do przeprowadzenia mrocznego, nekromantycznego rytuału. Ich dusze wciąż trwają, pragnąc zemścić się na ludziach, którzy odebrali im życie.\n\nCzas, by pozwolić im spocząć w pokoju.","Ці черепи, очевидно, використовувалися для проведення темного некромантичного ритуалу. Їхні душі все ще блукають, прагнучи помститися людям, які забрали їхні життя.\n\nЧас упокоїти їх.","Deze schedels werden blijkbaar gebruikt voor een duister, necromantisch ritueel. Hun zielen dwalen nog steeds rond, verlangend om wraak te nemen op de mensen die hun levens namen.\n\nTijd om ze tot rust te laten komen.","Bu kafatasları görünüşe göre karanlık, nekromantik bir ritüel gerçekleştirmek için kullanılmış. Ruhları hala burada, hayatlarını alan insanlardan intikam almak için sabırsızlanıyor.\n\nOnları huzura kavuşturma vakti."
L_OW_SPIDEREGGS1,,This is pretty gross.,これはかなり気持ち悪いね。,Das ist ziemlich eklig.,C'est plutôt dégoûtant.,Esto es bastante asqueroso.,Isso é bem nojento.,Это довольно мерзко.,È piuttosto disgustoso.,這真的很噁心。,这真是太恶心了。,이거 꽤 역겹네.,To jest dość obrzydliwe.,Це доволі огидно.,Dit is behoorlijk smerig.,Bu oldukça iğrenç.
L_OW_SPIDEREGGS2,,A pack of creatures burst out from the eggs!\n\nThe creatures attack!,卵から生物の群れが飛び出した！\n\n生物たちが攻撃してきた！,Ein Rudel Kreaturen bricht aus den Eiern hervor!\n\nDie Kreaturen greifen an!,Une meute de créatures jaillit des œufs !\n\nLes créatures attaquent !,¡Un grupo de criaturas emerge de los huevos!\n\n¡Las criaturas atacan!,Um bando de criaturas irrompe dos ovos!\n\nAs criaturas atacam!,Стая существ вырывается из яиц!\n\nСущества атакуют!,Un gruppo di creature esplode dalle uova!\n\nLe creature attaccano!,一群生物從蛋中爆出！\n\n這些生物發動攻擊！,一群生物从卵中爆出！\n\n这些生物发起了攻击！,알에서 생물 무리가 터져 나왔다!\n\n생물들이 공격한다!,Stado stworzeń wyskakuje z jaj!\n\nStworzenia atakują!,Зграя істот вилупилася з яєць!\n\nІстоти атакують!,Een groep wezens barst uit de eieren!\n\nDe wezens vallen aan!,Bir grup yaratık yumurtalardan fırlıyor!\n\nYaratıklar saldırıyor!
L_OW_SPIDER,,"Ugh, a spider.",うわっ、クモか。,"Ugh, eine Spinne.","Beurk, une araignée.","Uf, una araña.","Ugh, uma aranha.","Фу, паук.","Ugh, un ragno.",唉，一隻蜘蛛。,呃，一只蜘蛛。,"으, 거미다.","Ugh, pająk.","Тьху, павук.","Bah, een spin.","Öff, bir örümcek."
L_OW_STAR_PROMPT,,"It's a Wishing Star. You can make a wish, but only {GODT_LIFE} can decide whether or not that wish is granted.",願いの星だ。願い事をすることができるが、その願いが叶うかどうかを決めるのは{GODT_LIFE}だけだ。,"Es ist ein Wunschstern. Du kannst einen Wunsch äußern, aber nur {GODT_LIFE} entscheidet, ob dieser Wunsch erfüllt wird oder nicht.","C'est une Étoile à Souhaits. Tu peux faire un vœu, mais seul {GODT_LIFE} peut décider si ce vœu sera exaucé ou non.","Es una Estrella de los Deseos. Puedes pedir un deseo, pero solo {GODT_LIFE} puede decidir si ese deseo se cumple o no.","É uma Estrela dos Desejos. Você pode fazer um pedido, mas apenas {GODT_LIFE} pode decidir se esse desejo será concedido ou não.","Это Звезда Желаний. Ты можешь загадать желание, но только {GODT_LIFE} решает, будет ли оно исполнено.","È una Stella dei Desideri. Puoi esprimere un desiderio, ma solo {GODT_LIFE} può decidere se quel desiderio verrà esaudito o meno.",這是一顆許願星。你可以許願，但只有{GODT_LIFE}能決定是否實現這個願望。,这是一颗许愿星。你可以许愿，但只有{GODT_LIFE}能决定是否实现这个愿望。,"소원별이다. 소원을 빌 수 있지만, 그 소원이 이루어질지 여부는 오직 {GODT_LIFE}만이 결정할 수 있다.","To gwiazda życzeń. Możesz wypowiedzieć życzenie, ale tylko {GODT_LIFE} może zdecydować, czy to życzenie zostanie spełnione.","Це Зірка Бажань. Ти можеш загадати бажання, але тільки {GODT_LIFE} вирішує, чи буде воно виконане.","Het is een Wenster. Je kunt een wens doen, maar alleen {GODT_LIFE} kan beslissen of die wens wordt vervuld of niet.","Bu bir Dilek Yıldızı. Bir dilek tutabilirsin, ancak bu dileğin gerçekleşip gerçekleşmeyeceğine yalnızca {GODT_LIFE} karar verebilir."
L_OW_STAR1,,I wish for strength.,力を望む。,Ich wünsche mir Stärke.,Je souhaite la force.,Deseo fuerza.,Eu desejo força.,Я желаю силы.,Desidero la forza.,我希望獲得力量。,我希望获得力量。,나는 힘을 원한다.,Pragnę siły.,Я бажаю сили.,Ik wens kracht.,Güç diliyorum.
L_OW_STAR2,,I wish for wealth.,富を願う。,Ich wünsche mir Reichtum.,Je souhaite la richesse.,Deseo riqueza.,Eu desejo riqueza.,Я желаю богатства.,Desidero ricchezza.,我希望擁有財富。,我希望获得财富。,부를 원합니다.,Pragnę bogactwa.,Я бажаю багатства.,Ik wens rijkdom.,Zenginlik diliyorum.
L_OW_STAR3,,I wish for glory.,栄光を望む。,Ich wünsche mir Ruhm.,Je souhaite la gloire.,Deseo la gloria.,Eu desejo glória.,Я жажду славы.,Desidero la gloria.,我渴望榮耀。,我渴望荣耀。,나는 영광을 바란다.,Pragnę chwały.,Я прагну слави.,Ik verlang naar roem.,Şan için dua ediyorum.
L_OW_STAR4,,Walk away.,立ち去る。,Weggehen.,S'éloigner.,Márchate.,Vá embora.,Уйти.,Allontanati.,離開。,离开。,떠나가기.,Odejdź.,Йти геть.,Wegwandelen.,Uzaklaş.
L_OW_STAR_OUTPUT1,,"Voice of Surathli:\nIt's strength you want, is it? Very well.",スラスリの声：\n力が欲しいのか？ よかろう。,"Stimme von Surathli:\nStärke ist es, was du begehrst, nicht wahr? Nun gut.","Voix de Surathli :\nC'est la force que tu désires, n'est-ce pas ? Très bien.","Voz de Surathli:\nEs fuerza lo que quieres, ¿verdad? Muy bien.","Voz de Surathli:\nÉ força que você quer, não é? Muito bem.","Голос Суратли:\nСилы желаешь, не так ли? Очень хорошо.","Voce di Surathli:\nÈ la forza che desideri, non è vero? Molto bene.",蘇拉斯利之聲：\n你想要力量，是嗎？很好。,苏拉斯莉的声音：\n你想要力量，是吗？很好。,수라틀리의 목소리:\n힘을 원하는 거냐? 좋아.,"Głos Surathli:\nTo siły pragniesz, czyż nie? Bardzo dobrze.","Голос Суратлі:\nСили бажаєш, чи не так? Дуже добре.","Stem van Surathli:\nHet is kracht die je wilt, nietwaar? Heel goed.","Surathli'nin Sesi:\nGüç istiyorsun, öyle mi? Pekala."
L_OW_STAR_OUTPUT2,,"Voice of Surathli:\nIt's wealth you want, is it? Very well.",スラスリの声：\n富が欲しいのか？ よかろう。,"Stimme von Surathli:\nReichtum ist es, was du begehrst, nicht wahr? Nun gut.","Voix de Surathli :\nC'est la richesse que vous voulez, n'est-ce pas ? Très bien.","Voz de Surathli:\nRiquezas es lo que quieres, ¿verdad? Muy bien.","Voz de Surathli:\nÉ riqueza que você quer, não é? Muito bem.","Голос Суратли:\nБогатства желаешь, не так ли? Очень хорошо.","Voce di Surathli:\nÈ ricchezza che vuoi, non è vero? Molto bene.",蘇拉斯利之聲：\n你想要的是財富，是嗎？很好。,苏拉斯莉的声音：\n你想要财富，是吗？很好。,수라틀리의 목소리:\n부를 원하는 거로군? 좋아.,"Głos Surathli:\nBogactwa pragniesz, czyż nie? Bardzo dobrze.","Голос Суратлі:\nБагатства бажаєш, чи не так? Дуже добре.","Stem van Surathli:\nRijkdom is wat je wilt, nietwaar? Heel goed.","Surathli'nin Sesi:\nServet istiyorsun, öyle mi? Pekala."
L_OW_STAR_OUTPUT3,,"Voice of Surathli:\nIt's glory you want, is it? Very well.",スラスリの声：\n栄光が欲しいのか？ よかろう。,"Stimme von Surathli:\nRuhm ist es, was du willst, nicht wahr? Nun gut.","Voix de Surathli :\nC'est la gloire que tu veux, n'est-ce pas ? Très bien.","Voz de Surathli:\nEs gloria lo que quieres, ¿verdad? Muy bien.","Voz de Surathli:\nÉ glória que você quer, não é? Muito bem.","Голос Суратли:\nСлавы желаешь, да? Что ж, хорошо.","Voce di Surathli:\nÈ la gloria che vuoi, non è vero? Molto bene.",蘇拉斯利之聲：\n你想要的是榮耀，是嗎？很好。,苏拉斯莉的声音：\n你想要荣耀，对吗？很好。,수라틀리의 목소리:\n영광을 원하는 거냐? 좋다.,"Głos Surathli:\nTo chwały pragniesz, tak? Bardzo dobrze.","Голос Суратлі:\nСлави бажаєш, чи не так? Дуже добре.","Stem van Surathli:\nRoem is wat je wilt, nietwaar? Heel goed.","Surathli'nin Sesi:\nİstediğin şey şan ve şöhret, öyle mi? Pekâlâ."
L_OW_SUNSPHERE,,You found the Sun Sphere! This powerful relic handsomely rewards those who can overcome its trial.\n\nLet the trial begin!,太陽の球体を見つけた！この強力な遺物は、その試練を乗り越えられる者に豪華な報酬を与える。\n\n試練の開始だ！,"Du hast die Sonnensphäre gefunden! Diese mächtige Reliquie belohnt jene großzügig, die ihre Prüfung bestehen können.\n\nLass die Prüfung beginnen!",Vous avez trouvé la Sphère Solaire ! Cette puissante relique récompense généreusement ceux qui peuvent surmonter son épreuve.\n\nQue l'épreuve commence !,¡Has encontrado la Esfera Solar! Esta poderosa reliquia recompensa generosamente a aquellos que pueden superar su prueba.\n\n¡Que comience la prueba!,Você encontrou a Esfera Solar! Esta poderosa relíquia recompensa generosamente aqueles que conseguem superar seu desafio.\n\nQue o desafio comece!,"Вы нашли Сферу Солнца! Этот могущественный артефакт щедро вознаграждает тех, кто сможет пройти его испытание.\n\nПусть начнётся испытание!",Hai trovato la Sfera del Sole! Questa potente reliquia ricompensa generosamente coloro che riescono a superare la sua prova.\n\nChe la prova abbia inizio!,你找到了太陽寶珠！這個強大的聖物會豐厚獎勵那些能夠通過它試煉的人。\n\n讓試煉開始吧！,你找到了太阳晶石！这件强大的圣物会丰厚地奖励那些能够通过它试炼的人。\n\n开始试炼吧！,태양의 구를 찾았습니다! 이 강력한 유물은 시련을 극복할 수 있는 자들에게 후한 보상을 내립니다.\n\n시련을 시작합시다!,"Znalazłeś Sferę Słońca! Ta potężna relikwia sowicie wynagradza tych, którzy zdołają przejść jej próbę.\n\nNiech próba się rozpocznie!","Ви знайшли Сферу Сонця! Ця могутня реліквія щедро винагороджує тих, хто зможе пройти її випробування.\n\nНехай випробування почнеться!",Je hebt de Zonnessfeer gevonden! Deze krachtige relikwie beloont rijkelijk degenen die haar beproeving kunnen doorstaan.\n\nLaat de beproeving beginnen!,"Güneş Küresini buldun! Bu güçlü emanet, onun sınavını aşabilenleri cömertçe ödüllendirir.\n\nSınav başlasın!"
L_OW_TELESCOPE,,What a strange contraption!,なんて奇妙な装置だ！,Was für eine seltsame Vorrichtung!,Quelle étrange machinerie !,¡Qué artilugio tan extraño!,Que aparelho estranho!,Что за странное устройство!,Che strano marchingegno!,多麼奇怪的裝置啊！,多么奇怪的装置！,이 얼마나 이상한 장치인가!,Co za dziwne urządzenie!,Який дивний пристрій!,Wat een vreemd apparaat!,Ne tuhaf bir alet!
L_OW_TENT1,,The tent is abandoned.,テントは放棄されている。,Das Zelt ist verlassen.,La tente est abandonnée.,La tienda está abandonada.,A tenda está abandonada.,Палатка заброшена.,La tenda è abbandonata.,帳篷已被遺棄。,帐篷已被遗弃。,텐트는 버려져 있다.,Namiot jest opuszczony.,Намет покинутий.,De tent is verlaten.,Çadır terk edilmiş.
L_OW_TENT2,,"Traveler:\nAh, you've brought lumber! Thank you! Please, take this.",旅人：\nあぁ、木材を持ってきてくれたのか！ありがとう！これを受け取ってくれ。,"Reisender:\nAh, du hast Holz mitgebracht! Danke! Bitte, nimm das.","Voyageur :\nAh, vous avez apporté du bois ! Merci ! S'il vous plaît, prenez ceci.","Viajero:\nAh, ¡has traído madera! ¡Gracias! Por favor, toma esto.","Viajante:\nAh, você trouxe madeira! Obrigado! Por favor, pegue isto.","Путешественник:\nА, вы принесли древесину! Спасибо! Пожалуйста, возьмите это.","Viaggiatore:\nAh, hai portato il legname! Grazie! Per favore, prendi questo.",旅行者：\n啊，你帶來了木材！謝謝你！請收下這個。,旅行者：\n啊，你带来了木材！谢谢你！请收下这个。,"여행자:\n아, 목재를 가져오셨군요! 감사합니다! 이것을 받아주세요.","Podróżnik:\nAch, przyniosłeś drewno! Dziękuję! Proszę, weź to.","Мандрівник:\nА, ти приніс деревину! Дякую! Будь ласка, візьми це.","Reiziger:\nAh, je hebt hout meegebracht! Dank je! Alsjeblieft, neem dit.","Gezgin:\nAh, kereste getirmişsin! Teşekkür ederim! Lütfen, bunu al."
L_OW_TENT3,,"Traveler: Have you any lumber to spare, friend?",旅人：友よ、余分な木材はありませんか？,"Reisender: Habt Ihr etwas Holz übrig, Freund?","Voyageur : Auriez-vous du bois à me céder, l'ami ?","Viajero: ¿Tienes algo de madera que puedas compartir, amigo?","Viajante: Você tem alguma madeira sobrando, amigo?","Путник: Не найдется ли у тебя лишней древесины, друг?","Viaggiatore: Hai del legname da condividere, amico?",旅行者：朋友，你有多餘的木材可以分享嗎？,旅行者：朋友，你有多余的木材可以分给我吗？,"여행자: 친구여, 혹시 남는 목재가 있으신가요?","Podróżnik: Masz może trochę drewna na zbyciu, przyjacielu?","Мандрівник: Чи не знайдеться у вас зайвої деревини, друже?","Reiziger: Heb je wat hout over, vriend?","Gezgin: Dostum, yedek keresteniz var mı?"
L_OW_GRAVE,,"As you approach the lonely grave, hands begin to sprout up from the ground. Before long, an army of vicious-looking creatures stands before you.\n\nThe creatures attack!",寂しい墓に近づくと、地面から手が生え始める。すぐに、凶悪な姿をした生物の軍団があなたの前に立ちはだかる。\n\n生物たちが襲いかかってきた！,"Als du dich dem einsamen Grab näherst, beginnen Hände aus dem Boden zu sprießen. Schon bald steht eine Armee bösartig aussehender Kreaturen vor dir.\n\nDie Kreaturen greifen an!","Alors que vous approchez de la tombe solitaire, des mains commencent à surgir du sol. Peu après, une armée de créatures à l'aspect féroce se dresse devant vous.\n\nLes créatures attaquent !","Al acercarte a la tumba solitaria, manos comienzan a brotar del suelo. En poco tiempo, un ejército de criaturas de aspecto feroz se alza ante ti.\n\nLas criaturas atacan!","Ao se aproximar da sepultura solitária, mãos começam a brotar do chão. Em pouco tempo, um exército de criaturas de aparência cruel se ergue diante de você.\n\nAs criaturas atacam!","Когда вы приближаетесь к одинокой могиле, из земли начинают появляться руки. Вскоре перед вами стоит целая армия злобных на вид существ.\n\nСущества атакуют!","Mentre ti avvicini alla tomba solitaria, delle mani iniziano a spuntare dal terreno. In breve tempo, un esercito di creature dall'aspetto feroce si erge davanti a te.\n\nLe creature attaccano!",當你接近這座孤獨的墳墓時，一隻隻手開始從地面冒出。不久後，一群兇惡的生物站在你面前。\n\n這些生物發動攻擊！,当你走近这座孤坟时，一双双手开始从地面冒出。不久，一群凶恶的生物出现在你面前。\n\n这些生物发起了攻击！,"외로운 무덤에 다가가자, 땅에서 손들이 솟아나기 시작합니다. 얼마 지나지 않아, 사나워 보이는 생물들의 군대가 당신 앞에 서 있습니다.\n\n생물들이 공격합니다!","Gdy zbliżasz się do samotnego grobu, z ziemi zaczynają wyrastać ręce. Wkrótce stoi przed tobą armia złowrogo wyglądających stworów.\n\nStwory atakują!","Коли ви наближаєтесь до самотньої могили, з землі починають проростати руки. Незабаром перед вами постає армія злісних на вигляд істот.\n\nІстоти атакують!","Terwijl je het eenzame graf nadert, beginnen handen uit de grond te komen. Al snel staat er een leger van kwaadaardige wezens voor je.\n\nDe wezens vallen aan!","Yalnız mezara yaklaştığınızda, yerden eller filizlenmeye başlar. Çok geçmeden, önünüzde vahşi görünümlü yaratıklardan oluşan bir ordu durmaktadır.\n\nYaratıklar saldırıyor!"
L_OW_TORTURE1,,These remains are freshly-mutilated.,これらの遺体は最近切り刻まれたものだ。,Diese Überreste sind frisch verstümmelt.,Ces restes sont fraîchement mutilés.,Estos restos están recién mutilados.,Estes restos foram recentemente mutilados.,Эти останки были недавно изуродованы.,Questi resti sono stati mutilati di recente.,這些殘骸是新鮮被肢解的。,这些尸体是刚被肢解的。,이 유해는 최근에 훼손되었다.,Te szczątki są świeżo okaleczone.,Ці останки нещодавно понівечені.,Deze overblijfselen zijn pas verminkt.,Bu kalıntılar yeni parçalanmış.
L_OW_TORTURE2,,The souls of the fallen creatures swarm around you before congealing into their original forms.\n\nThe creatures attack!,倒れた生物たちの魂があなたの周りを群れをなして漂い、やがて元の姿へと凝縮していく。\n\n生物たちが襲いかかってきた！,"Die Seelen der gefallenen Kreaturen schwärmen um dich herum, bevor sie sich wieder zu ihren ursprünglichen Formen verdichten.\n\nDie Kreaturen greifen an!",Les âmes des créatures tombées tourbillonnent autour de vous avant de se solidifier dans leurs formes originelles.\n\nLes créatures attaquent !,Las almas de las criaturas caídas se arremolinan a tu alrededor antes de condensarse en sus formas originales.\n\n¡Las criaturas atacan!,As almas das criaturas caídas enxameiam ao seu redor antes de se solidificarem em suas formas originais.\n\nAs criaturas atacam!,"Души павших существ роятся вокруг вас, прежде чем сгуститься в свои первоначальные формы.\n\nСущества атакуют!",Le anime delle creature cadute ti vorticano attorno prima di coagularsi nelle loro forme originali.\n\nLe creature attaccano!,墮落生物的靈魂在你周圍盤旋，然後凝聚成牠們原本的形態。\n\n這些生物發動攻擊！,倒下生物的灵魂在你周围盘旋，然后凝聚成它们原来的形态。\n\n这些生物发起了攻击！,쓰러진 생물들의 영혼이 당신 주위를 맴돌다가 원래 형태로 응집됩니다.\n\n생물들이 공격합니다!,"Dusze poległych stworzeń wirują wokół ciebie, zanim zleją się z powrotem w swoje pierwotne formy.\n\nStworzenia atakują!","Душі полеглих істот роєм кружляють навколо вас, перш ніж згуститися у свої первісні форми.\n\nІстоти атакують!",De zielen van de gevallen wezens zwermen om je heen voordat ze weer samensmelten tot hun oorspronkelijke vormen.\n\nDe wezens vallen aan!,"Düşen yaratıkların ruhları, orijinal formlarına dönüşmeden önce etrafınızda dolanıyor.\n\nYaratıklar saldırıyor!"
L_OW_TOTEM1,,An angry-looking totem!,怒った顔のトーテム！,Ein zornig dreinblickender Totem!,Un totem à l'air furieux !,¡Un tótem de aspecto furioso!,Um totem de aparência furiosa!,Злобно выглядящий тотем!,Un totem dall'aspetto arrabbiato!,一個看起來很憤怒的圖騰！,一个看起来很愤怒的图腾！,화가 난 모습의 토템!,Groźnie wyglądający totem!,Розлючений на вигляд тотем!,Een boos uitziende totem!,Öfkeli görünen bir totem!
L_OW_TOTEM2,,The totem summons a pack of angry-looking creatures!\n\nThe creatures attack!,トーテムが怒り狂った生物の群れを召喚した！\n\n生物たちが攻撃してきた！,Das Totem beschwört ein Rudel zornig aussehender Kreaturen!\n\nDie Kreaturen greifen an!,Le totem invoque une meute de créatures à l'air furieux !\n\nLes créatures attaquent !,El tótem invoca una manada de criaturas de aspecto furioso!\n\nLas criaturas atacan!,O totem invoca um bando de criaturas de aparência furiosa!\n\nAs criaturas atacam!,Тотем призывает стаю злобных на вид существ!\n\nСущества атакуют!,Il totem evoca un branco di creature dall'aspetto furioso!\n\nLe creature attaccano!,圖騰召喚了一群看起來憤怒的生物！\n\n這些生物發動攻擊！,图腾召唤了一群看起来愤怒的生物！\n\n这些生物发起了攻击！,토템이 성난 모습의 생물 무리를 소환합니다!\n\n생물들이 공격합니다!,Totem przywołuje stado groźnie wyglądających stworzeń!\n\nStworzenia atakują!,Тотем викликає зграю розлючених істот!\n\nІстоти атакують!,Het totem roept een groep woest uitziende wezens op!\n\nDe wezens vallen aan!,Totem öfkeli görünen bir sürü yaratık çağırıyor!\n\nYaratıklar saldırıyor!
L_OW_TOTEMPOLE,,The corruption surrounding the totem pole manifests into a pack of hostile creatures!\n\nThe creatures attack!,記念柱を取り巻く腐敗が敵対的な生物の群れとなって現れた！\n\n生物たちが襲いかかってきた！,"Die Verderbnis, die den Totempfahl umgibt, manifestiert sich als eine Gruppe feindseliger Kreaturen!\n\nDie Kreaturen greifen an!",La corruption entourant le totem se manifeste en une meute de créatures hostiles !\n\nLes créatures attaquent !,La corrupción que rodea al tótem se manifiesta en una manada de criaturas hostiles!\n\nLas criaturas atacan!,A corrupção ao redor do totem se manifesta em um bando de criaturas hostis!\n\nAs criaturas atacam!,"Порча, окружающая тотемный столб, превращается в стаю враждебных существ!\n\nСущества атакуют!",La corruzione che circonda il totem pole si manifesta in un branco di creature ostili!\n\nLe creature attaccano!,環繞著圖騰柱的腐化之力化為一群充滿敵意的生物！\n\n這些生物發動攻擊！,环绕图腾柱的腐化之力化作一群充满敌意的生物！\n\n这些生物发起了攻击！,토템 기둥을 둘러싼 부패가 적대적인 생물 무리로 실체화됩니다!\n\n생물들이 공격합니다!,Zepsucie otaczające totem przybiera formę stada wrogich stworzeń!\n\nStworzenia atakują!,Скверна навколо тотемного стовпа перетворюється на зграю ворожих істот!\n\nІстоти атакують!,De corruptie rondom de totempaal manifesteert zich als een groep vijandige wezens!\n\nDe wezens vallen aan!,"Totem direğini çevreleyen yozlaşma, düşmanca yaratıklardan oluşan bir sürüye dönüşüyor!\n\nYaratıklar saldırıyor!"
L_OW_YETI,,"As you approach the Yeti, the ice encasing it begins to crack.\n\nThe creature breaks free and attacks!",イエティに近づくと、それを包む氷がひび割れ始める。\n\n生物は氷から解き放たれ、襲いかかってくる！,"Als du dich dem Yeti näherst, beginnt das Eis, das ihn umhüllt, zu brechen.\n\nDie Kreatur befreit sich und greift an!","Alors que vous approchez du Yéti, la glace qui l'enveloppe commence à se fissurer.\n\nLa créature se libère et attaque !","Al acercarte al Yeti, el hielo que lo envuelve comienza a agrietarse.\n\nLa criatura se libera y ¡ataca!","Ao se aproximar do Yeti, o gelo que o envolve começa a rachar.\n\nA criatura se liberta e ataca!","Когда вы приближаетесь к Йети, лёд, сковывающий его, начинает трескаться.\n\nСущество освобождается и нападает!","Mentre ti avvicini allo Yeti, il ghiaccio che lo ricopre inizia a creparsi.\n\nLa creatura si libera e attacca!",當你接近雪怪時，包覆著牠的冰層開始破裂。\n\n這個生物掙脫束縛並發動攻擊！,当你靠近雪人时，包裹着它的冰开始破裂。\n\n这个生物挣脱束缚并发起了攻击！,"예티에게 다가가자, 그를 감싸고 있던 얼음이 갈라지기 시작합니다.\n\n생물체가 자유로워지며 공격해옵니다!","Gdy zbliżasz się do Yeti, lód, który go otacza, zaczyna pękać.\n\nStwór uwalnia się i atakuje!","Коли ви наближаєтесь до Єті, лід, що його оточує, починає тріскатися.\n\nІстота звільняється і атакує!","Terwijl je de Yeti nadert, begint het ijs eromheen te barsten.\n\nHet wezen breekt vrij en valt aan!","Yeti'ye yaklaştığınızda, onu saran buz çatlamaya başlar.\n\nYaratık serbest kalır ve saldırır!"
L_OW_INVASION1,,The invasion has ended.,侵攻は終わった。,Die Invasion ist vorbei.,L'invasion est terminée.,La invasión ha terminado.,A invasão terminou.,Вторжение закончилось.,L'invasione è terminata.,入侵已經結束。,入侵已结束。,침략이 끝났다.,Inwazja dobiegła końca.,Вторгнення закінчилося.,De invasie is voorbij.,İstila sona erdi.
L_OW_INVASION2,,Defeat the invaders!,侵略者を倒せ！,Besiege die Eindringlinge!,Repoussez les envahisseurs !,¡Derrota a los invasores!,Derrote os invasores!,Победите захватчиков!,Sconfiggi gli invasori!,擊敗入侵者！,击败入侵者！,침략자들을 물리쳐라!,Pokonaj najeźdźców!,Перемогти загарбників!,Versla de indringers!,İstilacıları yenin!
L_OW_INVASION3,,The invasion has begun...,侵攻が始まった…,Die Invasion hat begonnen...,L'invasion a commencé...,La invasión ha comenzado...,A invasão começou...,Вторжение началось...,L'invasione è iniziata...,入侵已經開始了...,入侵已经开始……,침략이 시작되었다...,Inwazja się rozpoczęła...,Вторгнення почалося...,De invasie is begonnen...,İstila başladı...
L_OW_SACRIFICE1,,The Phylactery hungers for a sacrifice.,聖遺物は生贄を求めている。,Das Phylakterium hungert nach einem Opfer.,Le Phylactère a faim d'un sacrifice.,El Filacterio ansía un sacrificio.,O Filactério tem fome de um sacrifício.,Филактерия жаждет жертвы.,Il Filatterio brama un sacrificio.,聖匣渴望著一個祭品。,魂匣渴望着一个祭品。,성물함이 제물을 갈망한다.,Filakterium łaknie ofiary.,Філактерій жадає жертви.,De Fylacterij hongert naar een offer.,"Muhafaza, bir kurban için açlık çekiyor."
L_OW_SACRIFICE2,,The Phylactery accepts your sacrifice.,聖遺物はあなたの生贄を受け入れた。,Das Phylakterium akzeptiert dein Opfer.,Le Phylactère accepte votre sacrifice.,El Filacterio acepta tu sacrificio.,O Filactério aceita seu sacrifício.,Филактерия принимает твою жертву.,Il Filatterio accetta il tuo sacrificio.,聖匣接受了你的祭品。,魂匣接受了你的祭品。,성물함이 당신의 희생을 받아들입니다.,Filakterium przyjmuje twoją ofiarę.,Філактерій приймає твою жертву.,Het Fylacterium aanvaardt je offer.,"Muhafız, kurbanını kabul ediyor."
L_OW_SACRIFICE3,,The Phylactery is thankful for your sacrifice.,聖遺物はあなたの犠牲に感謝する。,Das Phylakterium ist dankbar für dein Opfer.,Le Phylactère vous remercie pour votre sacrifice.,El Filacterio agradece tu sacrificio.,O Filactério agradece pelo seu sacrifício.,Филактерия благодарна за твою жертву.,Il Filatterio è grato per il tuo sacrificio.,聖匣感謝你的犧牲。,魂匣感谢你的牺牲。,성물함은 당신의 희생에 감사드립니다.,Filakterium jest wdzięczne za twoją ofiarę.,Філактерій вдячний за твою жертву.,De Fylacterij is dankbaar voor je offer.,Muhafaza Tılsımı kurbanın için minnettardır.
L_OW_PHYLACTERY1,,The Phylactery is empty and devoid of power.,聖遺物は空っぽで力が失われている。,Das Phylakterium ist leer und ohne Kraft.,Le Phylactère est vide et dépourvu de pouvoir.,El Filacterio está vacío y desprovisto de poder.,A Filactéria está vazia e desprovida de poder.,Филактерия пуста и лишена силы.,Il Filatterio è vuoto e privo di potere.,聖匣是空的，毫無力量。,魂匣是空的，没有任何力量。,성물함은 비어 있고 힘이 없다.,Filakterium jest puste i pozbawione mocy.,Філактерій порожній і позбавлений сили.,De Fylacterij is leeg en ontdaan van kracht.,Muhafaza boş ve güçten yoksun.
L_OW_PHYLACTERY2,,The Phylactery welcomes the spirit home.,聖遺物は魂を故郷へと迎え入れる。,Das Phylakterium heißt den Geist willkommen.,Le Phylactère accueille l'esprit chez lui.,El Filacterio da la bienvenida al espíritu a casa.,O Filactério recebe o espírito de volta ao lar.,Филактерий приветствует дух дома.,Il Filatterio accoglie lo spirito a casa.,聖匣歡迎靈魂回歸。,魂匣欢迎灵魂归家。,성물함이 영혼을 집으로 맞이한다.,Filakterium wita ducha w domu.,Філактерій вітає дух вдома.,De Fylacterij verwelkomt de geest thuis.,"Muhafaza, ruhu evine karşılar."
L_OW_PHYLACTERY3,,The spirit is grateful for your help.,霊はあなたの助けに感謝している。,Der Geist ist dankbar für deine Hilfe.,L'esprit est reconnaissant de ton aide.,El espíritu está agradecido por tu ayuda.,O espírito está grato pela sua ajuda.,Дух благодарен за вашу помощь.,Lo spirito è grato per il tuo aiuto.,靈魂感謝你的幫助。,灵魂感谢你的帮助。,영혼이 당신의 도움에 감사해합니다.,Duch jest wdzięczny za twoją pomoc.,Дух вдячний за твою допомогу.,De geest is dankbaar voor je hulp.,Ruh yardımın için minnettardır.
L_OW_TREASURE_BABY1,,"Crispi:\nSorry, but you already lost the game! Please show yourself out.",クリスピ：\n申し訳ありませんが、あなたはすでに負けています！どうぞお引き取りください。,"Crispi:\nTut mir leid, aber du hast das Spiel bereits verloren! Bitte zeig dir selbst den Ausgang.","Crispi:\nDésolé, mais vous avez déjà perdu la partie ! Veuillez vous montrer dehors.","Crispi:\nLo siento, pero ya has perdido el juego. Por favor, retírate.","Crispi:\nDesculpe, mas você já perdeu o jogo! Por favor, retire-se.","Криспи:\nИзвини, но ты уже проиграл! Будь добр, покажи себе на выход.","Crispi:\nMi dispiace, ma hai già perso la partita! Per favore, accomodati fuori.",克里斯皮：\n抱歉，但你已經輸掉遊戲了！請自行離開。,克里斯皮：\n抱歉，但你已经输掉了游戏！请自行离开。,"크리스피:\n죄송하지만, 당신은 이미 게임에서 졌어요! 스스로 나가주세요.","Crispi:\nPrzepraszam, ale już przegrałeś grę! Proszę, wyjdź stąd sam.","Кріспі:\nВибач, але ти вже програв гру! Будь ласка, покажи себе до виходу.","Crispi:\nSorry, maar je hebt het spel al verloren! Laat jezelf alsjeblieft uit.","Crispi:\nÜzgünüm, ama oyunu zaten kaybettin! Lütfen kendin çık."
L_OW_TREASURE_BABY2,,Crispi:\nNice! You found some treasure!,クリスピ:\nやったね！宝物を見つけたね！,Crispi:\nKlasse! Du hast einen Schatz gefunden!,Crispi :\nSuper ! Tu as trouvé un trésor !,Crispi:\n¡Genial! ¡Has encontrado un tesoro!,Crispi:\nÓtimo! Você encontrou um tesouro!,Криспи:\nОтлично! Ты нашёл сокровище!,Crispi:\nOttimo! Hai trovato un tesoro!,克里斯皮：\n太好了！你找到了一些寶藏！,克里斯皮：\n太好了！你找到了一些宝藏！,크리스피:\n좋았어! 보물을 찾았구나!,Crispi:\nŚwietnie! Znalazłeś jakiś skarb!,Кріспі:\nЧудово! Ти знайшов скарб!,Crispi:\nMooi! Je hebt een schat gevonden!,Crispi:\nHarika! Biraz hazine buldun!
L_OW_TREASURE_BABY3,,Crispi:\nUh oh... that's not good!,クリスピ:\nあっ…これはマズイ！,Crispi:\nOh je... das ist nicht gut!,Crispi :\nOh non... ce n'est pas bon !,Crispi:\n¡Uy... eso no es bueno!,Crispi:\nUh oh... isso não é bom!,Криспи:\nОй-ой... это нехорошо!,Crispi:\nOh no... questo non è buono!,克里斯皮：\n哎呀...這可不妙！,克里斯皮：\n哎呀……这可不妙！,"크리스피:\n어, 이런... 좋지 않은데!",Crispi:\nOjej... to nie wróży nic dobrego!,Кріспі:\nОй-ой... це недобре!,Crispi:\nOei... dat is niet goed!,Crispi:\nAh hayır... bu hiç iyi değil!
L_OW_TREASURE1,,The treasure chest is sealed by a godly force.,宝箱は神聖な力で封印されている。,Die Schatztruhe ist durch eine göttliche Kraft versiegelt.,Le coffre au trésor est scellé par une force divine.,El cofre del tesoro está sellado por una fuerza divina.,O baú do tesouro está selado por uma força divina.,Сундук с сокровищами запечатан божественной силой.,Il forziere è sigillato da una forza divina.,寶箱被神聖的力量封印著。,宝箱被神圣之力封印着。,보물 상자는 신성한 힘으로 봉인되어 있다.,Skrzynia ze skarbami jest zapieczętowana boską mocą.,Скриня зі скарбами запечатана божественною силою.,De schatkist is verzegeld door een goddelijke kracht.,Hazine sandığı ilahi bir güç tarafından mühürlenmiş.
L_OW_TREASURE2,,The treasure chest is sealed by a force of evil.,宝箱は邪悪な力によって封印されている。,Die Schatztruhe ist durch eine böse Macht versiegelt.,Le coffre au trésor est scellé par une force maléfique.,El cofre del tesoro está sellado por una fuerza maligna.,O baú do tesouro está selado por uma força maligna.,Сундук с сокровищами запечатан силой зла.,Il forziere è sigillato da una forza malvagia.,寶箱被一股邪惡的力量封印著。,宝箱被邪恶的力量封印着。,보물 상자는 사악한 힘에 의해 봉인되어 있다.,Skrzynia ze skarbami jest zapieczętowana przez siłę zła.,Скриня зі скарбами запечатана силою зла.,De schatkist is verzegeld door een kwade kracht.,Hazine sandığı kötü bir güç tarafından mühürlenmiş.
L_OW_TREASURE3,,This treasure chest is cursed! Destroy the defilers and claim the bounty within.,この宝箱は呪われている！冒涜者どもを倒して、中の報酬を手に入れろ。,Dieser Schatztruhe ist verflucht! Vernichte die Schänder und nimm die Belohnung im Inneren an dich.,Ce coffre au trésor est maudit ! Détruisez les profanateurs et réclamez la récompense à l'intérieur.,Este cofre del tesoro está maldito. Destruye a los profanadores y reclama la recompensa que contiene.,Este baú do tesouro está amaldiçoado! Destrua os profanadores e reivindique a recompensa em seu interior.,Этот сундук с сокровищами проклят! Уничтожь осквернителей и забери награду внутри.,Questo forziere è maledetto! Distruggi i profanatori e reclama il tesoro al suo interno.,這個寶箱被詛咒了！消滅褻瀆者並獲取其中的獎賞。,这个宝箱被诅咒了！消灭亵渎者，获取其中的赏赐。,이 보물 상자는 저주받았다! 모독자들을 물리치고 그 안의 보상을 차지하라.,"Ta skrzynia skarbów jest przeklęta! Zniszcz plugawców i zdobądź nagrodę, która się w niej znajduje.",Ця скриня зі скарбами проклята! Знищіть осквернителів і заберіть нагороду всередині.,Deze schatkist is vervloekt! Vernietig de ontwijders en claim de buit binnenin.,Bu hazine sandığı lanetli! Kirleticileri yok et ve içindeki ganimetleri ele geçir.
L_OW_TREASURE4,,The treasure chest is actually a Mimic!,宝箱は実はミミックだった！,Die Schatztruhe ist in Wirklichkeit ein Mimik!,Le coffre au trésor est en réalité un Mimique !,¡El cofre del tesoro es en realidad un Mímico!,O baú do tesouro é na verdade um Mímico!,Сундук с сокровищами на самом деле Мимик!,Il forziere è in realtà un Mimo!,寶箱其實是個擬寶箱怪！,这个宝箱其实是宝箱怪！,보물 상자는 사실 미믹이었다!,Skrzynia skarbów to tak naprawdę Mimik!,Скриня зі скарбами насправді Мімік!,De schatkist is eigenlijk een Mimic!,Hazine sandığı aslında bir Taklitçi!
L_OW_TREASURE5,,The treasure chest is actually a Pandora!,宝箱は実はパンドラだ！,Die Schatztruhe ist in Wirklichkeit ein Pandora!,Le coffre au trésor est en réalité un Pandora !,¡El cofre del tesoro es en realidad un Pandora!,O baú do tesouro é na verdade uma Pandora!,Сундук с сокровищами на самом деле Пандора!,Il forziere è in realtà un Pandora!,這個寶箱其實是個潘多拉！,这个宝箱其实是个潘多拉！,보물 상자는 사실 판도라였다!,Skrzynia skarbów to tak naprawdę Pandora!,Скриня зі скарбами насправді Пандора!,De schatkist is eigenlijk een Pandora!,Hazine sandığı aslında bir Pandora!
L_OW_TREASURE6,,There's nothing inside. Better luck next time!,中身は何もありません。次回はもっと運が良いといいですね！,Da ist nichts drin. Mehr Glück beim nächsten Mal!,Il n'y a rien à l'intérieur. Meilleure chance la prochaine fois !,No hay nada dentro. ¡Mejor suerte la próxima vez!,Não há nada dentro. Melhor sorte na próxima vez!,Внутри ничего нет. Повезёт в следующий раз!,Non c'è niente dentro. Più fortuna la prossima volta!,裡面什麼都沒有。下次好運！,里面什么都没有。下次运气会更好！,안에는 아무것도 없어요. 다음에는 더 좋은 운이 있길!,Nic tu nie ma. Powodzenia następnym razem!,Всередині нічого немає. Пощастить наступного разу!,Er zit niets in. Meer geluk de volgende keer!,İçinde hiçbir şey yok. Bir dahaki sefere daha şanslı olursun!
L_OW_TREASURE7,,There seems to be a decent amount of treasure inside...,中にはかなりの量の宝物があるようだ…,Es scheint eine ansehnliche Menge an Schätzen darin zu sein...,Il semble y avoir une quantité décente de trésors à l'intérieur...,Parece haber una buena cantidad de tesoro en el interior...,Parece haver uma boa quantidade de tesouro lá dentro...,"Похоже, внутри довольно много сокровищ...",Sembra esserci una discreta quantità di tesori all'interno...,裡面似乎有不少寶藏...,里面似乎有不少宝藏……,안에 꽤 많은 보물이 있는 것 같다...,"Wygląda na to, że w środku jest całkiem sporo skarbów...","Здається, всередині чимало скарбів...",Er lijkt een behoorlijke hoeveelheid schatten binnen te zijn...,İçeride hatırı sayılır miktarda hazine var gibi görünüyor...
L_OW_TREASURE8,,There seems to be a large amount of treasure inside...,中には大量の宝物があるようだ…,Es scheint eine große Menge Schätze darin zu sein...,Il semble y avoir une grande quantité de trésors à l'intérieur...,Parece haber una gran cantidad de tesoro en el interior...,Parece haver uma grande quantidade de tesouro dentro...,"Похоже, внутри находится большое количество сокровищ...",Sembra esserci una grande quantità di tesori all'interno...,裡面似乎有大量的寶藏...,里面似乎有大量的宝藏……,안에 많은 보물이 있는 것 같다...,"Wygląda na to, że w środku jest duża ilość skarbów...","Здається, всередині багато скарбів...",Er lijkt een grote hoeveelheid schatten binnen te zijn...,İçeride büyük miktarda hazine var gibi görünüyor...
L_OW_TREASURE9,,Whoa! There's a lot of treasure in here!,うわっ！ここには宝物がたくさんあるぞ！,Wow! Hier gibt es eine Menge Schätze!,Waouh ! Il y a un tas de trésors ici !,¡Vaya! ¡Hay un montón de tesoro aquí dentro!,Nossa! Tem um monte de tesouro aqui!,Ого! Здесь полно сокровищ!,Wow! C'è un sacco di tesoro qui dentro!,哇！這裡有好多寶藏！,哇！这里有好多宝藏！,와! 여기 보물이 엄청 많네!,Łał! Tutaj jest mnóstwo skarbów!,Ого! Тут повно скарбів!,Wauw! Er ligt hier een hoop schatten!,Vay canına! Burada çok fazla hazine var!
L_OW_TREASUREMAP,,"You found the treasure map. Now, find the treasure.",宝の地図を見つけた。さあ、宝を探しに行こう。,Du hast die Schatzkarte gefunden. Finde nun den Schatz.,"Vous avez trouvé la carte au trésor. Maintenant, trouvez le trésor.","Encontraste el mapa del tesoro. Ahora, encuentra el tesoro.","Você encontrou o mapa do tesouro. Agora, encontre o tesouro.",Вы нашли карту сокровищ. Теперь найдите сокровище.,"Hai trovato la mappa del tesoro. Ora, trova il tesoro.",你找到了藏寶圖。現在，去尋找寶藏吧。,你找到了藏宝图。现在，去寻找宝藏吧。,"보물지도를 찾았습니다. 이제, 보물을 찾으세요.",Znalazłeś mapę skarbów. Teraz znajdź skarb.,Ви знайшли карту скарбів. Тепер знайдіть скарб.,Je hebt de schatkaart gevonden. Vind nu de schat.,"Hazine haritasını buldun. Şimdi, hazineyi bul."
L_OW_TREASURE_FOUND,,You dug up the buried treasure!,埋められた宝物を掘り当てた！,Du hast den vergrabenen Schatz ausgegraben!,Tu as déterré le trésor enfoui !,¡Has desenterrado el tesoro escondido!,Você desenterrou o tesouro escondido!,Вы откопали зарытое сокровище!,Hai dissotterrato il tesoro nascosto!,你挖到了埋藏的寶藏！,你挖出了埋藏的宝藏！,묻혀있던 보물을 발굴했다!,Odkopałeś zakopany skarb!,Ви відкопали заховані скарби!,Je hebt de begraven schat opgegraven!,Gömülü hazineyi buldun!
L_OW_VICTIM1,,There's a treasure chest inside! But why was it moving?,中に宝箱がある！でも、なぜ動いていたのだろう？,Da ist eine Schatztruhe drinnen! Aber warum hat sie sich bewegt?,Il y a un coffre au trésor à l'intérieur ! Mais pourquoi bougeait-il ?,"¡Hay un cofre del tesoro adentro! Pero, ¿por qué se estaba moviendo?",Há um baú de tesouro lá dentro! Mas por que ele estava se movendo?,Внутри находится сундук с сокровищами! Но почему он двигался?,C'è un forziere all'interno! Ma perché si stava muovendo?,裡面有個寶箱！但為何它會動呢？,里面有个宝箱！但为什么它在动？,안에 보물 상자가 있어! 하지만 왜 움직이고 있었지?,W środku jest skrzynia skarbów! Ale dlaczego się ruszała?,Всередині скриня зі скарбами! Але чому вона рухалася?,Er is een schatkist binnen! Maar waarom bewoog die?,İçeride bir hazine sandığı var! Ama neden hareket ediyordu?
L_OW_VICTIM2,,A Dumpling appeared in the distance!,遠くにダンプリングが現れた！,Ein Knödel erschien in der Ferne!,Un Ravioli est apparu au loin !,¡Un Dumpling apareció en la distancia!,Um Bolinho apareceu à distância!,Пельмень появился вдалеке!,Un Raviolo è apparso in lontananza!,遠處出現了一個湯圓！,远处出现了一个团子！,멀리서 만두가 나타났다!,Pierożek pojawił się w oddali!,Пельмень з'явився вдалині!,Een Dumpling verscheen in de verte!,Uzakta bir Mantı belirdi!
L_OW_VICTIM3,,A Treasure Golem appeared in the distance!,遠くに宝物ゴーレムが現れた！,Ein Schatzgolem erschien in der Ferne!,Un Golem Trésor est apparu au loin !,¡Un Gólem del Tesoro apareció en la distancia!,Um Golem do Tesouro apareceu à distância!,Голем-сокровище появился вдалеке!,Un Golem del Tesoro è apparso in lontananza!,一個寶藏魔像出現在遠處！,远处出现了一个宝藏魔像！,보물 골렘이 저 멀리 나타났다!,Golem Skarbów pojawił się w oddali!,Скарбовий Голем з'явився вдалині!,Een Schatgolem verscheen in de verte!,Uzakta bir Hazine Golemi belirdi!
L_OW_VICTIM4,,???:\nThank you so much for freeing me! I thought I was going to be a spider's lunch.\n\nPlease accept this as a token of my gratitude!,???:\nご救出ありがとうございます！蜘蛛の餌食になるところでした。\n\n感謝の印にこれを受け取ってください！,"???:\nVielen Dank, dass du mich befreit hast! Ich dachte schon, ich würde als Mittagessen einer Spinne enden.\n\nBitte nimm dies als Zeichen meiner Dankbarkeit an!",???:\nMerci infiniment de m'avoir libéré ! Je pensais devenir le déjeuner d'une araignée.\n\nVeuillez accepter ceci comme marque de ma gratitude !,???:\n¡Muchas gracias por liberarme! Pensé que iba a ser el almuerzo de una araña.\n\n¡Por favor acepta esto como muestra de mi gratitud!,"???:\nMuito obrigado por me libertar! Pensei que seria o almoço de uma aranha.\n\nPor favor, aceite isto como um símbolo da minha gratidão!","???:\nОгромное спасибо, что освободили меня! Я думал, что стану обедом для паука.\n\nПожалуйста, примите это как знак моей благодарности!",???:\nGrazie mille per avermi liberato! Pensavo che sarei diventato il pranzo di un ragno.\n\nAccetta questo come segno della mia gratitudine!,???:\n非常感謝你救了我！我還以為自己要變成蜘蛛的午餐了。\n\n請收下這個，作為我感謝的心意！,？？？：\n非常感谢你救了我！我还以为自己要变成蜘蛛的午餐了。\n\n请收下这个，聊表我的谢意！,???:\n저를 구해주셔서 정말 감사합니다! 거미의 점심 식사가 될 뻔했어요.\n\n감사의 표시로 이것을 받아주세요!,"???:\nDziękuję bardzo za uwolnienie mnie! Myślałem, że stanę się obiadem pająka.\n\nProszę, przyjmij to jako wyraz mojej wdzięczności!","???:\nДякую тобі дуже за моє звільнення! Я думав, що стану обідом для павука.\n\nБудь ласка, прийми це як знак моєї вдячності!",???:\nHartelijk bedankt voor mijn bevrijding! Ik dacht dat ik het middagmaal van een spin zou worden.\n\nAccepteer dit alsjeblieft als teken van mijn dankbaarheid!,???:\nBeni kurtardığın için çok teşekkür ederim! Bir örümceğin öğle yemeği olacağımı düşünmüştüm.\n\nLütfen minnettarlığımın bir nişanesi olarak bunu kabul et!
L_OW_VICTIM5,,An angry-looking pack of creatures pop out of the cocoon and attack!,怒り狂った生物の群れが繭から飛び出して襲いかかってきた！,Eine wütend aussehende Gruppe von Kreaturen springt aus dem Kokon hervor und greift an!,Une meute de créatures à l'air furieux surgit du cocon et attaque !,¡Un grupo de criaturas de aspecto furioso sale del capullo y ataca!,Um bando de criaturas de aparência furiosa salta do casulo e ataca!,Разъяренная стая существ выскакивает из кокона и нападает!,Un branco di creature dall'aspetto furioso esce dal bozzolo e attacca!,一群看起來憤怒的生物從繭中跳出來並發動攻擊！,一群看起来愤怒的生物从茧中跳出来并发起了攻击！,화가 난 모습의 생물 무리가 고치에서 튀어나와 공격합니다!,Wściekle wyglądająca grupa stworzeń wyskakuje z kokonu i atakuje!,Розлючена зграя істот вистрибує з кокона і атакує!,Een kwaadaardig uitziende groep wezens springt uit de cocon en valt aan!,Öfkeli görünen bir yaratık sürüsü kozadan fırlayıp saldırıyor!
L_OW_BACKERNPC1,,"Greetings, traveler! It's good to see a friendly face around these parts.\n\nI found some interesting treasure nearby that I don't have any use for. Here, you can have it!",挨拶だ、旅人よ！この辺りで友好的な顔を見るとは嬉しいものだ。\n\n近くで面白い宝物を見つけたんだが、私には使い道がない。ほら、君にあげよう！,"Grüße, Reisender! Es ist gut, ein freundliches Gesicht in dieser Gegend zu sehen.\n\nIch habe einen interessanten Schatz in der Nähe gefunden, für den ich keine Verwendung habe. Hier, du kannst ihn haben!","Salutations, voyageur ! Ça fait du bien de voir un visage amical dans les parages.\n\nJ'ai trouvé un trésor intéressant tout près dont je n'ai pas l'utilité. Tenez, il est à vous !","Saludos, viajero! Es bueno ver un rostro amigable por estos lares.\n\nEncontré un tesoro interesante cerca de aquí que no me sirve para nada. ¡Toma, puedes quedártelo!","Saudações, viajante! É bom ver um rosto amigável por estas bandas.\n\nEncontrei um tesouro interessante aqui perto que não tem utilidade para mim. Aqui, pode ficar com ele!","Приветствую, путник! Приятно видеть дружелюбное лицо в этих краях.\n\nЯ нашёл неподалёку интересное сокровище, которое мне не нужно. Вот, можешь забрать его себе!","Saluti, viaggiatore! È bello vedere un volto amico da queste parti.\n\nHo trovato un interessante tesoro qui vicino di cui non ho alcun bisogno. Ecco, puoi prenderlo tu!",問候，旅行者！在這一帶看到友善的面孔真是太好了。\n\n我在附近發現了一些有趣的寶藏，對我來說沒什麼用處。來，你可以拿去！,你好，旅行者！在这片地区看到友善的面孔真是太好了。\n\n我在附近发现了一些有趣的宝藏，对我来说没什么用。给，你拿去吧！,"안녕하세요, 여행자님! 이런 곳에서 친근한 얼굴을 보니 반갑네요.\n\n근처에서 흥미로운 보물을 발견했는데 제게는 필요하지 않아요. 자, 가져가세요!","Witaj, wędrowcze! Miło widzieć przyjazną twarz w tych stronach.\n\nZnalazłem w pobliżu ciekawy skarb, który na nic mi się nie przyda. Masz, możesz go wziąć!","Вітаю, мандрівнику! Приємно бачити дружнє обличчя в цих краях.\n\nЯ знайшов неподалік цікавий скарб, який мені не потрібен. Ось, можеш забрати його!","Gegroet, reiziger! Het is fijn om een vriendelijk gezicht te zien in deze streken.\n\nIk heb wat interessante schatten in de buurt gevonden waar ik niets aan heb. Hier, jij mag ze hebben!","Selamlar, gezgin! Bu civarlarda dost bir yüz görmek güzel.\n\nYakınlarda benim işime yaramayan ilginç bir hazine buldum. Al, senin olsun!"
L_OW_BACKERNPC2,,Well met! I hope this day finds you well.\n\nYou look like you could use a bit of help on your journey. Take these items - I'm sure you'll find them useful.,よく会った！今日はお元気そうで何よりです。\n\n旅の途中で少し助けが必要そうですね。これらのアイテムを受け取ってください。きっとお役に立つでしょう。,"Seid gegrüßt! Ich hoffe, dieser Tag findet Euch wohlauf.\n\nIhr seht aus, als könntet Ihr auf Eurer Reise etwas Hilfe gebrauchen. Nehmt diese Gegenstände - ich bin sicher, Ihr werdet sie nützlich finden.",Bien le bonjour ! J'espère que cette journée vous trouve en bonne santé.\n\nVous semblez avoir besoin d'un peu d'aide pour votre voyage. Prenez ces objets - je suis sûr qu'ils vous seront utiles.,¡Bien hallado! Espero que este día te encuentre bien.\n\nPareces necesitar un poco de ayuda en tu viaje. Toma estos objetos - estoy seguro de que te resultarán útiles.,Bem-vindo! Espero que este dia o encontre bem.\n\nVocê parece precisar de um pouco de ajuda em sua jornada. Pegue estes itens - tenho certeza de que você os achará úteis.,"Приветствую! Надеюсь, этот день для тебя складывается удачно.\n\nТы выглядишь так, будто тебе не помешает помощь в твоём путешествии. Возьми эти предметы - уверен, они тебе пригодятся.",Ben incontrato! Spero che questa giornata ti trovi in salute.\n\nSembri aver bisogno di un po' d'aiuto nel tuo viaggio. Prendi questi oggetti - sono sicuro che ti torneranno utili.,幸會！希望你今天過得愉快。\n\n看起來你在旅途中需要一點幫助。拿著這些物品吧——我相信你會發現它們很有用。,幸会！希望你今天一切安好。\n\n看起来你在旅途中需要一些帮助。拿着这些物品吧——我相信它们会对你有用的。,반갑네! 오늘 하루가 좋기를 바라네.\n\n여행 중에 약간의 도움이 필요해 보이는군. 이 물건들을 가져가게 - 분명 유용하게 쓸 수 있을 걸세.,"Witaj, wędrowcze! Mam nadzieję, że dzień ci sprzyja.\n\nWyglądasz, jakbyś mógł potrzebować pomocy w swojej podróży. Weź te przedmioty - jestem pewien, że okażą się przydatne.","Вітаю! Сподіваюся, цей день для вас вдалий.\n\nВиглядає, що вам не завадила б допомога у вашій подорожі. Візьміть ці предмети - я впевнений, вони вам знадобляться.",Gegroet! Ik hoop dat het goed met je gaat vandaag.\n\nJe ziet eruit alsof je wat hulp kunt gebruiken op je reis. Neem deze voorwerpen - ik weet zeker dat je ze nuttig zult vinden.,İyi günler! Umarım bugün seni iyi bulmuştur.\n\nYolculuğunda biraz yardıma ihtiyacın varmış gibi görünüyorsun. Bu eşyaları al - eminim işine yarayacaktır.
L_OW_BACKERNPC3,,"I can't believe how much treasure I've found in this realm! My pockets are completely full.\n\nHere, take these items - you'll be doing me a favor by lightening my load!",この世界でこんなにも宝物を見つけるなんて信じられないわ！ポケットがすっかり一杯よ。\n\nほら、これらのアイテムを受け取って―あなたが持ってくれれば、荷物が軽くなって助かるわ！,"Ich kann nicht glauben, wie viele Schätze ich in diesem Reich gefunden habe! Meine Taschen sind komplett voll.\n\nHier, nimm diese Gegenstände - du tust mir einen Gefallen, wenn du meine Last erleichterst!","Je n'arrive pas à croire combien de trésors j'ai trouvés dans ce royaume ! Mes poches sont complètement pleines.\n\nTiens, prends ces objets - tu me rendras service en allégeant ma charge !","¡No puedo creer cuánto tesoro he encontrado en este reino! Mis bolsillos están completamente llenos.\n\nToma, llévate estos objetos - ¡me harás un favor aligerando mi carga!","Não acredito na quantidade de tesouro que encontrei neste reino! Meus bolsos estão completamente cheios.\n\nAqui, pegue estes itens - você estará me fazendo um favor ao aliviar minha carga!","Не могу поверить, сколько сокровищ я нашёл в этом мире! Мои карманы совершенно полны.\n\nВот, возьми эти предметы - ты окажешь мне услугу, облегчив мою ношу!","Non posso credere a quanti tesori ho trovato in questo regno! Le mie tasche sono completamente piene.\n\nTieni, prendi questi oggetti - mi farai un favore alleggerendo il mio carico!",我真不敢相信在這個境界裡找到這麼多寶藏！我的口袋已經完全裝滿了。\n\n來，拿走這些物品吧——你幫我減輕負擔，可是在幫我的忙呢！,我简直不敢相信在这个领域里找到了这么多宝藏！我的口袋已经完全装满了。\n\n来，拿着这些物品吧——帮我减轻负担，你可是在帮我的忙！,"이 세계에서 이렇게 많은 보물을 찾다니 믿을 수 없어! 내 주머니가 완전히 가득 찼어.\n\n여기, 이 아이템들을 가져가 - 내 짐을 덜어주는 거니까 오히려 나한테 도움이 될 거야!","Nie mogę uwierzyć, ile skarbów znalazłem w tej krainie! Moje kieszenie są kompletnie pełne.\n\nMasz, weź te przedmioty - wyświadczysz mi przysługę, odciążając mnie!","Не можу повірити, скільки скарбів я знайшов у цьому світі! Мої кишені повністю забиті.\n\nОсь, візьми ці речі - ти зробиш мені послугу, полегшивши мою ношу!","Ik kan niet geloven hoeveel schatten ik in dit rijk heb gevonden! Mijn zakken zitten helemaal vol.\n\nHier, neem deze spullen - je doet me een plezier door mijn last te verlichten!","Bu diyarda ne kadar hazine bulduğuma inanamıyorum! Ceplerim tamamen doldu.\n\nAl bakalım, şu eşyaları - yükümü hafifleterek bana iyilik yapmış olacaksın!"
L_OW_BACKERNPC4,,"This realm is rife with valuable treasure. By the time I return to my kingdom, I'll be rich!\n\nHere, I'd like you to share in my wealth. Enjoy!",この領域は貴重な宝物で溢れている。私が王国に戻るまでには、きっと金持ちになっているだろう！\n\nさあ、私の富をあなたにも分け与えたい。楽しんでくれ！,"Dieses Reich ist voller wertvoller Schätze. Bis ich in mein Königreich zurückkehre, werde ich reich sein!\n\nHier, ich möchte dich an meinem Reichtum teilhaben lassen. Genieße es!","Ce royaume regorge de trésors précieux. D'ici mon retour dans mon royaume, je serai riche !\n\nTenez, j'aimerais partager ma fortune avec vous. Profitez-en !","Este reino está repleto de valiosos tesoros. ¡Cuando regrese a mi reino, seré rico!\n\nAquí, me gustaría que compartieras mi riqueza. ¡Disfrútalo!","Este reino está repleto de tesouros valiosos. Quando eu voltar ao meu reino, estarei rico!\n\nAqui, gostaria que você compartilhasse da minha riqueza. Aproveite!","Это королевство полно ценных сокровищ. К тому времени, как я вернусь в своё королевство, я буду богат!\n\nВот, я хотел бы поделиться с тобой своим богатством. Наслаждайся!","Questo regno è pieno di tesori preziosi. Quando tornerò nel mio regno, sarò ricco!\n\nEcco, vorrei che tu condividessi la mia ricchezza. Goditi!",這個境界充滿了珍貴的寶藏。等我回到我的王國時，我將會變得非常富有！\n\n來，我想與你分享我的財富。請收下吧！,这个领域充满了珍贵的宝藏。等我回到我的王国时，我将变得富有！\n\n给，我想与你分享我的财富。尽情享用吧！,"이 영역은 귀중한 보물로 가득합니다. 내 왕국으로 돌아갈 때쯤이면, 나는 부자가 될 거야!\n\n여기, 내 부를 함께 나누고 싶어. 즐겨!","Ten świat obfituje w cenne skarby. Zanim wrócę do mojego królestwa, będę bogaty!\n\nProszę, chcę się z tobą podzielić moim bogactwem. Korzystaj!","Цей світ сповнений цінних скарбів. До того часу, як я повернуся у своє королівство, я стану багатим!\n\nОсь, я хотів би поділитися з тобою своїм багатством. Насолоджуйся!","Dit rijk zit vol waardevolle schatten. Tegen de tijd dat ik terugkeer naar mijn koninkrijk, zal ik rijk zijn!\n\nHier, ik wil graag dat je deelt in mijn rijkdom. Geniet ervan!","Bu diyar değerli hazinelerle dolu. Krallığıma döndüğümde zengin olacağım!\n\nBurada, zenginliğimi seninle paylaşmak istiyorum. Keyfini çıkar!"
L_OW_BACKERNPC5,,"D-d-don't hurt me! Please! I'll give you everything I've found in this realm - just leave me be, I beg of you!",い、い、怪我させないで！お願いだ！この領域で見つけたものは全部あげるから――ただ私を放っておいてくれ、頼む！,"T-t-tu mir nicht weh! Bitte! Ich gebe dir alles, was ich in diesem Reich gefunden habe - lass mich einfach in Ruhe, ich flehe dich an!","N-n-ne me faites pas de mal ! S'il vous plaît ! Je vous donnerai tout ce que j'ai trouvé dans ce royaume - laissez-moi tranquille, je vous en supplie !","¡N-n-no me hagas daño! ¡Por favor! ¡Te daré todo lo que he encontrado en este reino, solo déjame en paz, te lo suplico!","N-n-não me machuque! Por favor! Eu te darei tudo o que encontrei neste reino - só me deixe em paz, eu imploro!","Н-н-не трогай меня! Пожалуйста! Я отдам тебе всё, что нашёл в этом мире - только оставь меня в покое, умоляю тебя!","N-n-non farmi del male! Per favore! Ti darò tutto ciò che ho trovato in questo regno - lasciami stare, ti supplico!",別-別-別傷害我！拜託！我會把我在這個境界中找到的一切都給你——只求你放過我，我求求你！,别-别-别伤害我！求你了！我会把我在这个领域里找到的一切都给你——只要放过我，我求求你了！,"제-제-제발 다치게 하지 마세요! 제발요! 이 영역에서 제가 찾은 모든 것을 드릴게요 - 그냥 저를 내버려 두세요, 간청합니다!","N-n-nie rób mi krzywdy! Proszę! Oddam ci wszystko, co znalazłem w tej krainie - tylko zostaw mnie w spokoju, błagam cię!","Н-н-не кривдь мене! Будь ласка! Я віддам тобі все, що знайшов у цьому світі - просто залиш мене, благаю тебе!","D-d-doe me geen pijn! Alsjeblieft! Ik geef je alles wat ik in dit rijk heb gevonden - laat me gewoon met rust, ik smeek het je!","B-b-bana zarar verme! Lütfen! Bu diyarda bulduğum her şeyi sana vereceğim - sadece beni rahat bırak, yalvarıyorum sana!"
L_OW_FALSEGODRUNEMAX,,You already have 5 Runes!,すでに5つのルーンを持っています！,Du hast bereits 5 Runen!,Tu as déjà 5 Runes !,¡Ya tienes 5 Runas!,Você já tem 5 Runas!,У вас уже есть 5 Рун!,Hai già 5 Rune!,你已經有5個符文了！,你已经有5个符文了！,이미 5개의 룬을 가지고 있습니다!,Masz już 5 Run!,У вас вже є 5 Рун!,Je hebt al 5 Runen!,Zaten 5 Rün'e sahipsin!
L_OW_ANOINTMENTORB1,,The Nether Orb of {1} pulses vibrantly.,{1}の冥界オーブが鮮やかに脈動している。,Der Nether-Orb von {1} pulsiert lebendig.,L'Orbe des Abysses de {1} pulse avec éclat.,El Orbe Inferior de {1} pulsa con vibración.,O Orbe Inferior de {1} pulsa intensamente.,Потусторонняя сфера {1} ярко пульсирует.,La Sfera Infera di {1} pulsa in modo vibrante.,{1}的冥界寶珠強烈地脈動著。,{1}下界宝石剧烈地脉动着。,{1}의 네더 오브가 강렬하게 맥동합니다.,Kula Otchłani {1} pulsuje intensywnie.,Потойбічна сфера {1} яскраво пульсує.,De Nether Orb van {1} pulseert levendig.,{1}'nin Öte Küresi canlı bir şekilde titreşiyor.
L_OW_ANOINTMENTORB2,1 = favor amount,You gained {1} reputation with the Chaos Guild.,カオスギルドとの評判が{1}上がった。,Du hast {1} Ansehen bei der Chaos-Gilde erhalten.,Vous avez gagné {1} points de réputation auprès de la Guilde du Chaos.,Has ganado {1} de reputación con el Gremio del Caos.,Você ganhou {1} de reputação com a Guilda do Caos.,Вы получили {1} репутации с Гильдией Хаоса.,Hai guadagnato {1} reputazione con la Gilda del Caos.,你獲得了{1}點混沌公會的聲望。,你获得了{1}点混沌公会声望。,당신은 카오스 길드와의 평판을 {1} 얻었습니다.,Zyskałeś {1} reputacji u Gildii Chaosu.,Ви отримали {1} репутації з Гільдією Хаосу.,Je hebt {1} reputatie verdiend bij het Chaos Gilde.,Kaos Loncası ile {1} itibar kazandın.
L_OW_ANOINTMENTORB3,1 = favor amount,You gained {1} reputation with the Death Guild.,{1}のレピュテーションをデス・ギルドから獲得しました。,Du hast {1} Ansehen bei der Todesgilde erhalten.,Vous avez gagné {1} points de réputation auprès de la Guilde de la Mort.,Has ganado {1} de reputación con el Gremio de la Muerte.,Você ganhou {1} de reputação com a Guilda da Morte.,Вы получили {1} репутации у Гильдии Смерти.,Hai guadagnato {1} reputazione con la Gilda della Morte.,你獲得了{1}點死亡公會的聲望。,你获得了{1}点死亡公会声望。,당신은 데스 길드와의 평판을 {1} 얻었습니다.,Zyskałeś {1} reputacji u Gildii Śmierci.,Ви отримали {1} репутації з Гільдією Смерті.,Je hebt {1} reputatie verdiend bij het Doodsgilde.,{1} itibarı Ölüm Loncası ile kazandın.
L_OW_ANOINTMENTORB4,1 = favor amount,You gained {1} reputation with the Life Guild.,{1}のレピュテーションを生命ギルドで獲得しました。,Du hast {1} Ansehen bei der Lebensgilde erhalten.,Vous avez gagné {1} réputation auprès de la Guilde de la Vie.,Has ganado {1} de reputación con el Gremio de la Vida.,Você ganhou {1} de reputação com a Guilda da Vida.,Вы получили {1} репутации с Гильдией Жизни.,Hai guadagnato {1} reputazione con la Gilda della Vita.,你獲得了{1}點生命公會的聲望。,你获得了{1}点生命公会声望。,생명 길드와의 평판이 {1} 상승했습니다.,Zyskałeś {1} reputacji u Gildii Życia.,Ви отримали {1} репутації з Гільдією Життя.,Je hebt {1} reputatie verdiend bij het Levensgilde.,{1} itibarını Yaşam Loncası ile kazandın.
L_OW_ANOINTMENTORB5,1 = favor amount,You gained {1} reputation with the Nature Guild.,自然ギルドとの評判が{1}上がりました。,Du hast {1} Ansehen bei der Naturgilden erhalten.,Vous avez gagné {1} réputation auprès de la Guilde de la Nature.,Has ganado {1} de reputación con el Gremio de la Naturaleza.,Você ganhou {1} de reputação com a Guilda da Natureza.,Вы получили {1} репутации с Гильдией Природы.,Hai guadagnato {1} reputazione con la Gilda della Natura.,你獲得了{1}點自然公會的聲望。,你获得了{1}点自然公会声望。,자연 길드와의 평판이 {1} 상승했습니다.,Zyskałeś {1} reputacji u Gildii Natury.,Ви отримали {1} репутації з Гільдією Природи.,Je hebt {1} reputatie verdiend bij het Natuurgilde.,{1} itibarı Doğa Loncası ile kazandın.
L_OW_ANOINTMENTORB6,1 = favor amount,You gained {1} reputation with the Sorcery Guild.,ソーサリー・ギルドとの評判が{1}上がった。,Du hast {1} Ansehen bei der Magiergilde erhalten.,Vous avez gagné {1} réputation auprès de la Guilde de Sorcellerie.,Has ganado {1} de reputación con el Gremio de Hechicería.,Você ganhou {1} de reputação com a Guilda de Feitiçaria.,Вы получили {1} репутации с Гильдией Чародейства.,Hai guadagnato {1} reputazione con la Gilda della Stregoneria.,你獲得了{1}點巫術公會的聲望。,你获得了{1}点巫术公会声望。,당신은 마법 길드와의 평판을 {1} 얻었습니다.,Zyskałeś {1} reputacji u Gildii Magów.,Ви отримали {1} репутації з Гільдією Чаклунства.,Je hebt {1} reputatie verdiend bij het Toversgilde.,Büyücülük Loncası ile {1} itibar kazandın.
L_OW_ANOINTMENTORB7,1 = rank,Your reputation level with the Chaos Guild is now {1}.,カオスギルドでのあなたの評判レベルが{1}になりました。,Dein Ansehen bei der Chaos-Gilde ist jetzt {1}.,Votre niveau de réputation avec la Guilde du Chaos est maintenant {1}.,Tu nivel de reputación con el Gremio del Caos es ahora {1}.,Seu nível de reputação com a Guilda do Caos agora é {1}.,Ваш уровень репутации с Гильдией Хаоса теперь {1}.,Il tuo livello di reputazione con la Gilda del Caos è ora {1}.,你與混沌公會的聲望等級現在是{1}。,你与混沌公会的声望等级现在是{1}。,혼돈 길드와의 평판 수준이 이제 {1}입니다.,Twój poziom reputacji w Gildii Chaosu wynosi teraz {1}.,Ваш рівень репутації з Гільдією Хаосу тепер {1}.,Je reputatieniveau bij het Chaos Gilde is nu {1}.,Kaos Loncası ile itibar seviyeniz artık {1}.
L_OW_ANOINTMENTORB8,1 = rank,Your reputation level with the Death Guild is now {1}.,デス・ギルドとの評判レベルが{1}になりました。,Dein Ansehen bei der Todesgilde ist jetzt {1}.,Votre niveau de réputation avec la Guilde de la Mort est maintenant {1}.,Tu nivel de reputación con el Gremio de la Muerte es ahora {1}.,Seu nível de reputação com a Guilda da Morte agora é {1}.,Ваш уровень репутации с Гильдией Смерти теперь {1}.,Il tuo livello di reputazione con la Gilda della Morte è ora {1}.,你與死亡公會的聲望等級現在是{1}。,你与死亡公会的声望等级现在是{1}。,데스 길드와의 평판 레벨이 이제 {1}입니다.,Twój poziom reputacji z Gildią Śmierci wynosi teraz {1}.,Ваш рівень репутації з Гільдією Смерті тепер {1}.,Je reputatieniveau bij het Doodsgilde is nu {1}.,Ölüm Loncası ile itibar seviyeniz artık {1}.
L_OW_ANOINTMENTORB9,1 = rank,Your reputation level with the Life Guild is now {1}.,ライフギルドでのあなたの評判レベルは現在{1}です。,Dein Ansehen bei der Lebensgilde ist jetzt {1}.,Votre niveau de réputation avec la Guilde de la Vie est maintenant {1}.,Tu nivel de reputación con el Gremio de la Vida ahora es {1}.,Seu nível de reputação com a Guilda da Vida agora é {1}.,Ваш уровень репутации с Гильдией Жизни теперь {1}.,Il tuo livello di reputazione con la Gilda della Vita è ora {1}.,你與生命公會的聲望等級現在是{1}。,你与生命公会的声望等级现在是{1}。,생명 길드와의 평판 레벨이 이제 {1}입니다.,Twój poziom reputacji z Gildią Życia wynosi teraz {1}.,Ваш рівень репутації з Гільдією Життя тепер {1}.,Je reputatieniveau bij het Levensgilde is nu {1}.,Life Guild ile itibar seviyeniz artık {1}.
L_OW_ANOINTMENTORB10,1 = rank,Your reputation level with the Nature Guild is now {1}.,ネイチャーギルドでの評判レベルが{1}になりました。,Dein Ansehen bei der Naturgilden ist jetzt {1}.,Votre niveau de réputation auprès de la Guilde de la Nature est maintenant {1}.,Tu nivel de reputación con el Gremio de la Naturaleza es ahora {1}.,Seu nível de reputação com a Guilda da Natureza agora é {1}.,Ваш уровень репутации с Гильдией Природы теперь {1}.,Il tuo livello di reputazione con la Gilda della Natura è ora {1}.,你與自然公會的聲望等級現在是{1}。,你与自然公会的声望等级现在是{1}。,자연 길드와의 평판 레벨이 이제 {1}입니다.,Twój poziom reputacji z Gildią Natury wynosi teraz {1}.,Ваш рівень репутації з Гільдією Природи тепер {1}.,Je reputatieniveau bij het Natuurgilde is nu {1}.,Doğa Loncası ile itibar seviyeniz artık {1}.
L_OW_ANOINTMENTORB11,1 = rank,Your reputation level with the Sorcery Guild is now {1}.,ソーサリー・ギルドでのあなたの評判レベルが{1}になりました。,Dein Ansehen bei der Magiergilde ist jetzt {1}.,Votre niveau de réputation auprès de la Guilde de Sorcellerie est maintenant {1}.,Tu nivel de reputación con el Gremio de Hechicería es ahora {1}.,Seu nível de reputação com a Guilda de Feitiçaria agora é {1}.,Ваш уровень репутации с Гильдией Чародейства теперь {1}.,Il tuo livello di reputazione con la Gilda di Stregoneria è ora {1}.,你與巫術公會的聲望等級現在是{1}。,你与巫术公会的声望等级现在是{1}。,마법 길드와의 평판 수준이 이제 {1}입니다.,Twój poziom reputacji w Gildii Magów wynosi teraz {1}.,Ваш рівень репутації з Гільдією Чаклунства тепер {1}.,Je reputatieniveau bij het Tovenarijgilde is nu {1}.,Büyücülük Loncası ile itibar seviyeniz artık {1}.
L_OW_ANOINTMENTORB12,,You have already collected all the Anointments this False God can drop.,この偽神が落とす聖油はすべて既に収集済みです。,"Du hast bereits alle Salbungen gesammelt, die dieser Falsche Gott fallen lassen kann.",Vous avez déjà collecté tous les Onctions que ce Faux Dieu peut laisser tomber.,Ya has recolectado todas las Unciones que este Falso Dios puede soltar.,Você já coletou todos os Ungimentos que este Falso Deus pode soltar.,"Вы уже собрали все Помазания, которые может дать этот Лжебог.",Hai già raccolto tutte le Unzioni che questo Falso Dio può rilasciare.,你已經收集了這個偽神能掉落的所有塗油。,你已经收集了这个伪神可以掉落的所有圣油。,당신은 이 거짓 신이 드롭할 수 있는 모든 축성을 이미 수집했습니다.,"Zebrałeś już wszystkie Namaszczenia, które może upuścić ten Fałszywy Bóg.","Ви вже зібрали всі Помазання, які може скинути цей Фальшивий Бог.",Je hebt al alle Zalvingen verzameld die deze Valse God kan laten vallen.,Bu Sahte Tanrı'nın düşürebileceği tüm Kutsama'ları zaten topladın.
L_OW_ANOINTMENTORB13,,Check out the guild's shop to purchase new items!,ギルドのショップで新しいアイテムを購入してみよう！,"Schau im Laden der Gilde vorbei, um neue Gegenstände zu kaufen!",Consultez la boutique de la guilde pour acheter de nouveaux objets !,Visita la tienda del gremio para comprar nuevos objetos.,Confira a loja da guilda para comprar novos itens!,"Загляните в магазин гильдии, чтобы приобрести новые предметы!",Dai un'occhiata al negozio della gilda per acquistare nuovi oggetti!,查看公會商店以購買新物品！,去公会商店购买新物品吧！,길드의 상점을 확인하여 새로운 아이템을 구매하세요!,"Sprawdź sklepik gildii, aby kupić nowe przedmioty!","Загляньте до магазину гільдії, щоб придбати нові предмети!",Bekijk de winkel van het gilde om nieuwe voorwerpen te kopen!,Loncanın dükkanını ziyaret ederek yeni eşyalar satın al!
L_OW_ANOINTMENTORB14,,Your creatures gained +0.1% Attack Damage!,生物の攻撃ダメージが+0.1%上昇した！,"Deine Kreaturen haben +0,1% Angriffsschaden erhalten!","Vos créatures ont gagné +0,1% de Dégâts d'Attaque !",¡Tus criaturas ganaron +0.1% de Daño de Ataque!,"Suas criaturas ganharam +0,1% de Dano de Ataque!",Ваши существа получили +0.1% к урону атаки!,Le tue creature hanno guadagnato +0.1% di Danno d'Attacco!,你的生物獲得了+0.1%攻擊傷害！,你的生物获得了+0.1%攻击伤害！,당신의 생물들이 +0.1% 공격 피해를 얻었습니다!,"Twoje stworzenia zyskały +0,1% Obrażeń od Ataku!","Ваші істоти отримали +0,1% до Пошкодження Атаки!","Je wezens kregen +0,1% Aanvalsschade!",Yaratıkların +%0.1 Saldırı Hasarı kazandı!
L_OW_ANOINTMENTORB15,,Your creatures gained +0.1% Critical Chance!,クリーチャーたちのクリティカル率が+0.1%上昇した！,"Deine Kreaturen haben +0,1% kritische Trefferchance erhalten!","Vos créatures ont gagné +0,1% de Chance Critique !",¡Tus criaturas ganaron +0.1% de Probabilidad Crítica!,"Suas criaturas ganharam +0,1% de Chance Crítica!",Ваши существа получили +0.1% к шансу критического удара!,Le tue creature hanno guadagnato +0.1% di Probabilità Critica!,你的生物獲得了+0.1%暴擊率！,你的生物获得了+0.1%暴击几率！,당신의 생물들이 +0.1% 치명타 확률을 얻었습니다!,"Twoje stworzenia zyskały +0,1% Szansy na Trafienie Krytyczne!","Ваші істоти отримали +0,1% шансу критичного удару!","Je wezens hebben +0,1% Kritieke Kans gekregen!",Yaratıkların +%0.1 Kritik Şans kazandı!
L_OW_ANOINTMENTORB16,,Your creatures gained +0.1% Critical Damage!,クリーチャーたちのクリティカルダメージが+0.1%上昇した！,"Deine Kreaturen haben +0,1% kritischen Schaden erhalten!","Vos créatures ont gagné +0,1% de Dégâts Critiques !",¡Tus criaturas ganaron +0.1% de Daño Crítico!,"Suas criaturas ganharam +0,1% de Dano Crítico!",Ваши существа получили +0.1% к Критическому Урону!,Le tue creature hanno guadagnato +0.1% di Danno Critico!,你的生物獲得了+0.1%暴擊傷害！,你的生物获得了+0.1%暴击伤害！,당신의 생물들이 +0.1% 치명타 피해를 얻었습니다!,"Twoje stworzenia zyskały +0,1% Obrażeń Krytycznych!","Ваші істоти отримали +0,1% Критичної Шкоди!","Je wezens hebben +0,1% Kritieke Schade gekregen!",Yaratıkların +%0.1 Kritik Hasarı kazandı!
L_OW_ANOINTMENTORB17,,Your creatures gained +0.1% Stat Reduction Effects!,味方の生物は+0.1%のステータス低下効果を獲得した！,"Deine Kreaturen haben +0,1% Statusreduktionseffekte erhalten!","Vos créatures ont gagné +0,1% d'Effets de Réduction de Statistiques !",Tus criaturas ganaron +0.1% de Efectos de Reducción de Estadísticas.,"Suas criaturas ganharam +0,1% de Efeitos de Redução de Atributos!","Ваши существа получили +0,1% к эффектам снижения характеристик!","Le tue creature hanno ottenuto +0,1% di Effetti di Riduzione Statistiche!",你的生物獲得了+0.1%屬性減益效果！,你的生物获得了+0.1%属性值损失效果！,당신의 생물들이 +0.1% 능력치 감소 효과를 얻었습니다!,"Twoje stworzenia zyskały +0,1% Efektów Redukcji Statystyk!","Ваші істоти отримали +0,1% ефектів зниження характеристик!","Je wezens kregen +0,1% Statverminderingseffecten!",Yaratıklarınız +%0.1 İstatistik Azaltma Etkileri kazandı!
L_OW_ANOINTMENTORB18,,Your creatures gained +0.1% Minion Damage!,配下の攻撃力が+0.1%上昇した！,"Deine Kreaturen haben +0,1% Dienerschaden erhalten!","Vos créatures ont gagné +0,1% de Dégâts des Sbires !",¡Tus criaturas ganaron +0.1% de Daño de Esbirro!,"Suas criaturas ganharam +0,1% de Dano de Lacaio!",Ваши существа получили +0.1% к урону миньонов!,Le tue creature hanno guadagnato +0.1% Danno Servitore!,你的生物獲得了+0.1%僕從傷害！,你的生物获得了+0.1%仆从伤害！,당신의 생물들이 +0.1% 하수인 피해를 얻었습니다!,"Twoje stworzenia zyskały +0,1% Obrażeń Sługusa!",Ваші істоти отримали +0.1% Пошкодження Міньйонів!,"Je wezens kregen +0,1% Handlangerschade!",Yaratıkların +%0.1 Yardakçı Hasarı kazandı!
L_OW_ANOINTMENTORB19,,Your creatures gained +0.1% Debuff Potency!,生物たちのデバフ効果が+0.1%上昇した！,"Deine Kreaturen haben +0,1% Debuff-Effektstärke erhalten!","Vos créatures ont gagné +0,1% de Puissance d'Affaiblissement !",¡Tus criaturas ganaron +0.1% de Potencia de Debilitamiento!,"Suas criaturas ganharam +0,1% de Potência de Debuff!",Ваши существа получили +0.1% к Силе Дебаффов!,Le tue creature hanno guadagnato +0.1% di Potenza Debuff!,你的生物獲得了+0.1%減益效能！,你的生物获得了+0.1%减益效能！,당신의 생물들이 +0.1% 디버프 효능을 얻었습니다!,"Twoje stworzenia zyskały +0,1% Siły Osłabienia!",Ваші істоти отримали +0.1% Потужності Дебафу!,"Je wezens hebben +0,1% Verzwakkingskracht gekregen!",Yaratıkların +%0.1 Zayıflatma Gücü kazandı!
L_OW_ANOINTMENTORB20,,Your creatures gained -0.1% Damage From Attacks/Spells!,味方の生物は攻撃/呪文からのダメージが-0.1%になった！,"Deine Kreaturen erhalten -0,1% Schaden durch Angriffe/Zauber!","Vos créatures ont gagné -0,1% de Dégâts des Attaques/Sorts !",Tus criaturas obtuvieron -0.1% de Daño de Ataques/Hechizos.,"Suas criaturas ganharam -0,1% de Dano de Ataques/Magias!",Ваши существа получили -0.1% Урона от Атак/Заклинаний!,"Le tue creature hanno ottenuto -0,1% Danno da Attacchi/Incantesimi!",你的生物獲得 -0.1% 來自攻擊/法術的傷害！,你的生物获得了-0.1%来自攻击/法术的伤害！,당신의 생물들이 공격/주문으로부터 받는 피해가 -0.1% 감소했습니다!,"Twoje stworzenia zyskały -0,1% Obrażeń Od Ataków/Zaklęć!",Ваші істоти отримали -0.1% Пошкодження від Атак/Заклинань!,"Je wezens kregen -0,1% Schade Van Aanvallen/Spreuken!",Yaratıklarınız Saldırılardan/Büyülerden gelen hasarda -%0.1 kazandı!
L_OW_ANOINTMENTORB21,,Your creatures gained +0.1% Healing Given!,生物たちの与える回復量が+0.1%上昇した！,"Deine Kreaturen haben +0,1% Heilung Gegeben erhalten!","Vos créatures ont gagné +0,1% de Soins Prodigués !",Tus criaturas ganaron +0.1% de Curación Otorgada.,"Suas criaturas ganharam +0,1% de Cura Concedida!",Ваши существа получили +0.1% к Исцелению!,Le tue creature hanno guadagnato +0.1% Cura Fornita!,你的生物獲得了+0.1%治療輸出！,你的生物获得了+0.1%治疗给予！,당신의 생물들이 +0.1% 치유량 증가를 얻었습니다!,"Twoje stworzenia zyskały +0,1% Zadawanego Leczenia!","Ваші істоти отримали +0,1% до Зцілення, що Дається!","Je wezens kregen +0,1% Gegeven Genezing!",Yaratıkların +%0.1 İyileştirme Verme kazandı!
L_OW_ANOINTMENTORB22,,Your creatures gained +0.1% Healing Received!,味方の生物は回復量+0.1%を獲得した！,"Deine Kreaturen haben +0,1% erhaltene Heilung erhalten!","Vos créatures ont gagné +0,1% de Soins Reçus !",Tus criaturas ganaron +0.1% de Curación Recibida.,"Suas criaturas ganharam +0,1% de Cura Recebida!",Ваши существа получили +0.1% к Получаемому Лечению!,Le tue creature hanno guadagnato +0.1% Cura Ricevuta!,你的生物獲得了+0.1%治療效果！,你的生物获得了+0.1%治疗接受！,당신의 생물들이 +0.1% 치유 받음을 획득했습니다!,"Twoje stworzenia zyskały +0,1% Otrzymywanego Leczenia!",Ваші істоти отримали +0.1% до Отриманого Зцілення!,"Je wezens kregen +0,1% Ontvangen Genezing!",Yaratıkların +%0.1 İyileşme Alımı kazandı!
L_OW_ANOINTMENTORB23,,Your creatures gained +0.1% Dodge Chance!,生物たちの回避率が+0.1%上昇した！,"Deine Kreaturen haben +0,1% Ausweichchance erhalten!","Vos créatures ont gagné +0,1% de Chance d'Esquive !",¡Tus criaturas ganaron +0.1% de Probabilidad de Esquivar!,"Suas criaturas ganharam +0,1% de Chance de Esquiva!",Ваши существа получили +0.1% шанса уклонения!,Le tue creature hanno guadagnato +0.1% di Probabilità di Schivata!,你的生物獲得了+0.1%閃避機率！,你的生物获得了+0.1%闪避几率！,당신의 생물들이 +0.1% 회피 확률을 얻었습니다!,"Twoje stworzenia zyskały +0,1% Szansy na Unik!","Ваші істоти отримали +0,1% Шансу Ухилення!","Je wezens hebben +0,1% Ontwijkkans gekregen!",Yaratıklarınız +%0.1 Kaçınma Şansı kazandı!
L_OW_ANOINTMENTORB24,,Your creatures gained +0.1% Stat Increasing Effects!,生物たちのステータス上昇効果が+0.1%増加した！,"Deine Kreaturen haben +0,1% Attribut-Steigerungseffekte erhalten!","Vos créatures ont gagné +0,1% d'Effets d'Augmentation de Statistiques !",Tus criaturas ganaron +0.1% de Efectos de Aumento de Estadísticas.,"Suas criaturas ganharam +0,1% de Efeitos de Aumento de Atributos!",Ваши существа получили +0.1% к эффектам увеличения характеристик!,Le tue creature hanno guadagnato +0.1% di Effetti di Incremento Statistiche!,你的生物獲得了+0.1%的屬性增強效果！,你的生物获得了+0.1%属性值增加效果！,당신의 생물들이 +0.1% 능력치 증가 효과를 얻었습니다!,"Twoje stworzenia zyskały +0,1% Efektów Zwiększających Statystyki!","Ваші істоти отримали +0,1% ефектів збільшення характеристик!","Je wezens hebben +0,1% Statistiekverhogende Effecten gekregen!",Yaratıklarınız +%0.1 İstatistik Artırma Etkisi kazandı!
L_OW_ANOINTMENTORB25,,Your creatures gained -0.1% Indirect Damage Taken!,味方の生物の間接ダメージ被害が-0.1%になった！,"Deine Kreaturen erhalten -0,1% erlittenen indirekten Schaden!","Vos créatures ont gagné -0,1% de Dégâts Indirects Subis !",Tus criaturas obtuvieron -0.1% de Daño Indirecto Recibido.,"Suas criaturas ganharam -0,1% de Dano Indireto Recebido!",Ваши существа получили -0.1% Полученного Косвенного Урона!,"Le tue creature hanno ottenuto -0,1% di Danno Indiretto Subito!",你的生物獲得 -0.1% 間接傷害承受！,你的生物获得了-0.1%间接伤害承受！,당신의 생물들이 -0.1% 간접 피해 감소를 얻었습니다!,"Twoje stworzenia zyskały -0,1% Otrzymywanych Obrażeń Pośrednich!",Ваші істоти отримали -0.1% Отриманої Непрямої Шкоди!,"Je wezens kregen -0,1% Indirecte Schade Ontvangen!",Yaratıkların -%0.1 Dolaylı Hasar Alımı kazandı!
L_OW_ANOINTMENTORB26,,Your creatures gained +0.1% Spell Damage!,生物たちの呪文ダメージが+0.1%上昇した！,"Deine Kreaturen haben +0,1% Zauberschaden erhalten!","Vos créatures ont gagné +0,1% de Dégâts de Sort !",¡Tus criaturas ganaron +0.1% de Daño de Hechizo!,"Suas criaturas ganharam +0,1% de Dano de Magia!",Ваши существа получили +0.1% к урону от заклинаний!,Le tue creature hanno guadagnato +0.1% di Danno Incantesimo!,你的生物獲得了+0.1%法術傷害！,你的生物获得了+0.1%法术伤害！,당신의 생물들이 +0.1% 주문 피해를 얻었습니다!,"Twoje stworzenia zyskały +0,1% Obrażeń od Zaklęć!",Ваші істоти отримали +0.1% Пошкодження від заклинань!,"Je wezens kregen +0,1% Spreukschade!",Yaratıkların +%0.1 Büyü Hasarı kazandı!
L_OW_ANOINTMENTORB27,,Your creatures gained +0.1% Spell Healing!,生物たちが+0.1%の呪文回復力を獲得した！,"Deine Kreaturen haben +0,1% Zauberheilung erhalten!","Vos créatures ont gagné +0,1% de Guérison des Sorts !",Tus criaturas ganaron +0.1% de Curación de Hechizos.,"Suas criaturas ganharam +0,1% de Cura de Feitiço!",Ваши существа получили +0.1% к Исцелению Заклинаниями!,Le tue creature hanno guadagnato +0.1% Cura da Incantesimi!,你的生物獲得了+0.1%法術治療！,你的生物获得了+0.1%法术治疗！,당신의 생물들이 +0.1% 주문 치유력을 얻었습니다!,"Twoje stworzenia zyskały +0,1% Leczenia Zaklęciami!",Ваші істоти отримали +0.1% Зцілення від заклинань!,"Je wezens kregen +0,1% Spreukheling!",Yaratıkların +%0.1 Büyü İyileştirmesi kazandı!
L_OW_ANOINTMENTORB28,,Your creatures gained +0.1% Spell Stat Modification!,生物たちが+0.1%の呪文ステータス修正を獲得しました！,"Deine Kreaturen haben +0,1% Zauberstatistik-Modifikation erhalten!","Vos créatures ont gagné +0,1% de Modification de Statistique de Sort !",¡Tus criaturas ganaron +0.1% de Modificación de Estadística de Hechizo!,"Suas criaturas ganharam +0,1% de Modificação de Atributo de Magia!",Ваши существа получили +0.1% модификации параметра заклинаний!,Le tue creature hanno guadagnato +0.1% di Modifica Stat Incantesimo!,你的生物獲得了+0.1%法術屬性修正！,你的生物获得了+0.1%法术属性值修改！,당신의 생물들이 +0.1% 주문 능력치 수정을 얻었습니다!,"Twoje stworzenia zyskały +0,1% Modyfikacji Statystyk Zaklęć!","Ваші істоти отримали +0,1% модифікації характеристики заклинань!","Je wezens kregen +0,1% Spreukstatwijziging!",Yaratıklarınız +%0.1 Büyü İstatistiği Değişikliği kazandı!
L_OW_SPAWN_NEMESIS,,A Nemesis Creature appeared nearby!,近くに宿敵の生物が現れた！,Eine Nemesis-Kreatur ist in der Nähe aufgetaucht!,Une Créature Némésis est apparue à proximité !,¡Una Criatura Némesis apareció cerca!,Uma Criatura Nêmesis apareceu por perto!,Поблизости появилось Существо-Немезида!,Un Nemesis è apparso nelle vicinanze!,一隻宿敵生物出現在附近！,一群宿敌生物出现在附近！,근처에 천적 생물이 나타났다!,Stworzenie Nemezis pojawiło się w pobliżu!,Поблизу з'явилася Істота-Немезида!,Een Nemesis Wezen verscheen in de buurt!,Yakınlarda bir Nemesis Yaratığı belirdi!
L_OW_NEONROSES,,Neon-colored roses. Interesting!,ネオンカラーのバラ。面白い！,Neonfarben leuchtende Rosen. Interessant!,Des roses aux couleurs néon. Intéressant !,Rosas de color neón. ¡Interesante!,Rosas de cor neon. Interessante!,Неоновые розы. Интересно!,Rose al neon. Interessante!,霓虹色的玫瑰。有趣！,霓虹色的玫瑰。有趣！,네온색 장미. 흥미롭군!,Neony róże. Ciekawe!,Неонові троянди. Цікаво!,Neonkleurige rozen. Interessant!,Neon renkli güller. İlginç!
L_OW_BRAZIER,,The brazier emits a strangely colored yet oddly welcoming light. You and your creatures can't help but feel drawn to its flame. You're so enraptured by the sight of the vivid green flames that you almost failed to notice a pack of angry Wolpertingers closing in on your party.\n\nThey attack!,火鉢から奇妙な色をした、しかし不思議と心地よい光が放たれている。あなたも仲間の生き物たちも、その炎に引き寄せられるのを感じずにはいられない。鮮やかな緑色の炎の光景に魅了されるあまり、怒り狂ったウォルパーティンガーの群れがあなたの一行に迫っていることにほとんど気づかなかった。\n\n奴らが襲いかかってきた！,"Die Feuerschale strahlt ein seltsam gefärbtes, aber irgendwie einladendes Licht aus. Du und deine Kreaturen können nicht anders, als sich zu ihrer Flamme hingezogen zu fühlen. Du bist so verzaubert vom Anblick der leuchtend grünen Flammen, dass du fast nicht bemerkt hättest, wie sich eine Gruppe wütender Wolpertinger deiner Gruppe nähert.\n\nSie greifen an!",Le brasier émet une lumière étrangement colorée mais curieusement accueillante. Vous et vos créatures ne pouvez vous empêcher d'être attirés par sa flamme. Vous êtes tellement captivé par la vue des flammes vert vif que vous avez presque manqué de remarquer une meute de Wolpertingers furieux qui s'approche de votre groupe.\n\nIls attaquent !,El brasero emite una luz de color extraño pero curiosamente acogedora. Tú y tus criaturas no pueden evitar sentirse atraídos hacia su llama. Estás tan cautivado por la visión de las vívidas llamas verdes que casi no te das cuenta de una manada de Wolpertingers furiosos acercándose a tu grupo.\n\n¡Atacan!,"O braseiro emite uma luz de cor estranha, mas estranhamente acolhedora. Você e suas criaturas não conseguem evitar se sentir atraídos pela sua chama. Você está tão encantado pela visão das vívidas chamas verdes que quase não percebeu um bando de Wolpertingers furiosos se aproximando do seu grupo.\n\nEles atacam!","Жаровня излучает странно окрашенный, но удивительно притягательный свет. Вы и ваши существа не можете не чувствовать влечение к её пламени. Вы настолько очарованы видом ярко-зелёного пламени, что почти не заметили стаю разъярённых Вольпертингеров, приближающихся к вашему отряду.\n\nОни атакуют!",Il braciere emette una luce di strano colore ma stranamente accogliente. Tu e le tue creature non potete fare a meno di sentirvi attratti dalla sua fiamma. Sei così rapito dalla vista delle vivide fiamme verdi che quasi non ti accorgi di un branco di Wolpertinger furiosi che si avvicinano al tuo gruppo.\n\nAttaccano!,火盆散發出一種顏色奇特卻又莫名令人感到溫暖的光芒。你和你的生物們不禁被它的火焰所吸引。你被那鮮豔的綠色火焰景象迷住了，幾乎沒有注意到一群憤怒的鹿角兔正在逼近你的隊伍。\n\n牠們發動攻擊了！,火盆散发出一种颜色奇特却又莫名令人感到温暖的光芒。你和你的生物们不禁被它的火焰所吸引。你如此沉醉于这鲜艳的绿色火焰，以至于几乎没有注意到一群愤怒的鹿角翼兔正在逼近你的队伍。\n\n它们发起了攻击！,화로에서 이상한 색이지만 묘하게 반가운 빛이 나옵니다. 당신과 당신의 생물들은 그 불꽃에 이끌리는 것을 느낍니다. 당신은 선명한 녹색 불꽃의 광경에 너무 매료되어 당신의 일행에게 다가오는 분노한 울퍼팅거 무리를 거의 알아차리지 못했습니다.\n\n그들이 공격합니다!,"Palenisko emituje dziwnie zabarwione, a jednak osobliwie przyjemne światło. Ty i twoje stworzenia nie możecie oprzeć się przyciąganiu do jego płomienia. Jesteś tak zachwycony widokiem jaskrawozielonych płomieni, że prawie nie zauważyłeś stada wściekłych Wolpertingerów zbliżających się do twojej drużyny.\n\nAtakują!","Жаровня випромінює дивно забарвлене, але дивним чином привітне світло. Ви та ваші істоти не можете не відчувати потяг до її полум'я. Ви настільки зачаровані виглядом яскраво-зелених вогнів, що майже не помітили зграю розлючених Вольпертингерів, які наближаються до вашої групи.\n\nВони атакують!",De vuurkorf straalt een vreemd gekleurd maar toch merkwaardig uitnodigend licht uit. Jij en je wezens kunnen niet anders dan je aangetrokken voelen tot de vlam. Je bent zo betoverd door het zicht van de levendige groene vlammen dat je bijna niet opmerkt dat een groep woedende Wolpertingers je gezelschap nadert.\n\nZe vallen aan!,"Mangal garip bir renkte ama tuhaf bir şekilde davetkar bir ışık yayıyor. Sen ve yaratıkların kendini alevine çekilmiş hissetmekten alamıyorsunuz. Canlı yeşil alevlerin görüntüsüne o kadar kapılmışsın ki, öfkeli Wolpertinger sürüsünün grubunuza yaklaştığını neredeyse fark etmeyecektin.\n\nSaldırıyorlar!"
L_OW_MASTER_NETHER,"1 = name. Dialog is meant to be a reference to Pokemon's ""Elite Four"".",I am {1} of the Elite Three.,私はエリート3の{1}です。,Ich bin {1} der Elite Drei.,Je suis {1} des Trois d'Élite.,Soy {1} de los Tres Élite.,Eu sou {1} dos Três de Elite.,Я {1} из Элитной Тройки.,Sono {1} dei Tre Élite.,我是精英三人組的{1}。,我是精英三人组的{1}。,나는 엘리트 쓰리의 {1}입니다.,Jestem {1} z Elitarnej Trójki.,Я {1} з Елітної Трійки.,Ik ben {1} van de Elite Drie.,Ben Elit Üçlü'nün {1}'iyim.
L_OW_FAE1,,A little Fae is exploring the surrounding area. Let's leave her to it.,小さな妖精が周辺を探索している。そっとしておこう。,Eine kleine Fee erkundet die Umgebung. Lassen wir sie in Ruhe.,Une petite Fée explore les environs. Laissons-la tranquille.,Una pequeña Hada está explorando el área circundante. Dejémosla tranquila.,Uma pequena Fada está explorando a área ao redor. Vamos deixá-la em paz.,Маленькая фея исследует окрестности. Давайте не будем ей мешать.,Una piccola Fata sta esplorando l'area circostante. Lasciamola fare.,一個小精靈正在探索周圍的區域。讓我們別打擾她。,一个小仙灵正在探索周围的区域。让我们不要打扰她。,작은 요정이 주변 지역을 탐험하고 있다. 그냥 내버려 두자.,Mała Fae bada okoliczny teren. Zostawmy ją w spokoju.,Маленька фея досліджує навколишню місцевість. Залишмо її у спокої.,Een kleine Fee verkent het omliggende gebied. Laten we haar met rust laten.,Küçük bir Peri çevredeki alanı keşfediyor. Onu kendi haline bırakalım.
L_OW_FAE2,,Tee-hee-hee! You can't catch me!,てへへ！私を捕まえられないわよ！,Hihi! Du kannst mich nicht fangen!,Hi hi hi ! Tu ne peux pas m'attraper !,¡Ji-ji-ji! ¡No puedes atraparme!,Ri-ri-ri! Você não consegue me pegar!,Хи-хи-хи! Тебе меня не поймать!,Eh eh eh! Non puoi prendermi!,嘻嘻嘻！你抓不到我！,嘻嘻嘻！你抓不到我！,히히히! 날 잡을 수 없을걸!,Chi-chi-chi! Nie złapiesz mnie!,Хі-хі-хі! Ти мене не впіймаєш!,Hihihi! Je kunt me niet vangen!,Kıkır kıkır! Beni yakalayamazsın!
L_OW_MISCHIEF_FAIRY,,"A large group of Fae are playing a game with each other in the distance. Upon your approach, they turn their attention toward you and your creatures. They begin to point and giggle at you, while a few bold Fae approach you and begin to pull on your ears. You swat one of the Fae out of the air and stuff it in your mouth in an effort to assert dominance.\nAngrily, the surprisingly appetizing Fae's friends attack!",遠くで大勢の妖精たちが互いに遊んでいる。あなたが近づくと、彼らはあなたとあなたの生き物たちに注目し始める。彼らはあなたを指さして笑い、数人の大胆な妖精があなたに近づいてあなたの耳を引っ張り始める。あなたは妖精の一人を空中から払い落とし、支配力を示そうとして口に詰め込む。\n怒りに満ちた、驚くほど美味な妖精の仲間たちが攻撃してきた！,"Eine große Gruppe von Feen spielt in der Ferne ein Spiel miteinander. Als du dich näherst, wenden sie ihre Aufmerksamkeit dir und deinen Kreaturen zu. Sie beginnen, auf dich zu zeigen und zu kichern, während einige mutige Feen sich dir nähern und an deinen Ohren ziehen. Du schlägst eine der Feen aus der Luft und steckst sie in deinen Mund, um deine Dominanz zu behaupten.\nWütend greifen die überraschend schmackhaften Freunde der Fee an!","Un grand groupe de Fées joue à un jeu entre elles au loin. À votre approche, elles tournent leur attention vers vous et vos créatures. Elles commencent à vous pointer du doigt et à glousser, tandis que quelques Fées audacieuses s'approchent et commencent à tirer vos oreilles. Vous en chassez une d'un coup et la mettez dans votre bouche pour affirmer votre domination.\nEn colère, les amis de la Fée étonnamment appétissante attaquent !","Un gran grupo de Hadas están jugando entre ellas a lo lejos. Al acercarte, dirigen su atención hacia ti y tus criaturas. Comienzan a señalarte y reírse, mientras algunas Hadas atrevidas se acercan y empiezan a tirarte de las orejas. Golpeas a una de las Hadas en el aire y te la metes en la boca en un intento de afirmar tu dominio.\n¡Enfurecidos, los amigos de la Hada sorprendentemente apetitosa atacan!","Um grande grupo de Fae está jogando um jogo entre si à distância. Quando você se aproxima, eles voltam sua atenção para você e suas criaturas. Eles começam a apontar e dar risadinhas de você, enquanto alguns Fae ousados se aproximam e começam a puxar suas orelhas. Você dá um tapa em um dos Fae no ar e o coloca na boca em uma tentativa de impor dominância.\nCom raiva, os amigos do Fae surpreendentemente apetitoso atacam!","Большая группа фей играет друг с другом вдалеке. Когда вы приближаетесь, они обращают внимание на вас и ваших существ. Они начинают показывать на вас пальцами и хихикать, в то время как несколько смелых фей подходят к вам и начинают дергать вас за уши. Вы сбиваете одну из фей из воздуха и засовываете её в рот, пытаясь утвердить своё превосходство.\nВ гневе друзья неожиданно вкусной феи атакуют!","Un folto gruppo di Fate sta giocando tra loro in lontananza. Al tuo avvicinarti, rivolgono la loro attenzione verso te e le tue creature. Iniziano a indicarti e ridacchiare, mentre alcune Fate più audaci si avvicinano e cominciano a tirarti le orecchie. Ne colpisci una facendola cadere dall'aria e te la metti in bocca nel tentativo di affermare la tua dominanza.\nCon rabbia, gli amici della Fata sorprendentemente appetitosa attaccano!",遠處有一大群精靈正在互相玩遊戲。當你靠近時，他們將注意力轉向你和你的生物。他們開始指著你咯咯笑，幾個大膽的精靈走近你，開始拉扯你的耳朵。你拍打其中一個精靈，將牠塞進嘴裡，試圖展示你的支配地位。\n憤怒之下，那些意外美味的精靈的朋友們發動了攻擊！,远处有一大群仙灵正在互相玩耍。当你靠近时，他们将注意力转向你和你的生物。他们开始指着你咯咯笑，几个胆大的仙灵走近你，开始拉扯你的耳朵。你一巴掌将其中一个仙灵从空中打下来，然后塞进嘴里，试图展示你的威严。\n愤怒之下，这个意外美味的仙灵的朋友们发起了攻击！,"멀리서 요정들 무리가 서로 게임을 하고 있습니다. 당신이 다가가자, 그들은 당신과 당신의 생물들에게 주의를 돌립니다. 그들은 당신을 가리키며 킥킥거리기 시작하고, 몇몇 대담한 요정들이 다가와 당신의 귀를 잡아당기기 시작합니다. 당신은 요정 하나를 공중에서 쳐서 입에 넣어버리며 우위를 점하려 합니다.\n분노한 채로, 의외로 맛있는 요정의 친구들이 공격해옵니다!","Duża grupa Fae bawi się ze sobą w oddali. Gdy się zbliżasz, kierują swoją uwagę na ciebie i twoje stworzenia. Zaczynają wskazywać na ciebie i chichotać, podczas gdy kilka odważnych Fae podchodzi i zaczyna ciągnąć cię za uszy. Uderzasz jednego z Fae w powietrzu i wpychasz go do ust, próbując pokazać swoją dominację.\nRozgniewani przyjaciele zaskakująco smakowitego Fae atakują!","Велика група Фей грає в гру одна з одною вдалині. Коли ви наближаєтесь, вони звертають свою увагу на вас і ваших істот. Вони починають вказувати на вас і хихикати, а кілька сміливих Фей підходять до вас і починають смикати вас за вуха. Ви відмахуєтесь від однієї з Фей у повітрі і запихаєте її до рота, намагаючись утвердити своє домінування.\nРозгнівано, друзі несподівано смачної Феї атакують!","Een grote groep Fae speelt in de verte een spel met elkaar. Bij jouw nadering richten ze hun aandacht op jou en je wezens. Ze beginnen naar je te wijzen en te giechelen, terwijl een paar brutale Fae naar je toe komen en aan je oren beginnen te trekken. Je slaat een van de Fae uit de lucht en stopt het in je mond in een poging dominantie te tonen.\nWoedend vallen de verrassend smakelijke vrienden van de Fae aan!","Uzakta büyük bir Peri grubu birbirleriyle oyun oynuyor. Yaklaştığınızda, dikkatlerini size ve yaratıklarınıza çeviriyorlar. Size işaret edip kıkırdamaya başlıyorlar, birkaç cesur Peri size yaklaşıp kulaklarınızı çekmeye başlıyor. Hakimiyet kurmak için Perilerden birini havada yakalayıp ağzınıza tıkıyorsunuz.\nÖfkeyle, şaşırtıcı derecede lezzetli olan Perinin arkadaşları saldırıya geçiyor!"
L_OW_FAIRYORBS,,You sense great power in this orb.,この球体から強大な力を感じる。,Du spürst große Macht in dieser Kugel.,Tu sens un grand pouvoir dans cet orbe.,Sientes un gran poder en este orbe.,Você sente um grande poder neste orbe.,Вы чувствуете великую силу в этом шаре.,Percepisci un grande potere in questo globo.,你感覺到這個寶珠蘊含著強大的力量。,你感觉到这个宝石中蕴含着强大的力量。,당신은 이 구체에서 강력한 힘을 감지합니다.,Wyczuwasz wielką moc w tej kuli.,Ви відчуваєте велику силу в цій сфері.,Je voelt grote kracht in deze bol.,Bu kürede büyük bir güç hissediyorsun.
L_OW_GALLERY_MASOCHISTS,,This peculiar statue is carved with such vivid detail that you'd swear it was alive.\n\nOh. It is. It attacks!,この奇妙な像は、まるで生きているかのように鮮明な細部まで彫られている。\n\nあっ。本当に生きていた。襲ってきた！,"Diese seltsame Statue ist mit solch lebendigen Details geschnitzt, dass man schwören könnte, sie wäre lebendig.\n\nOh. Ist sie auch. Sie greift an!",Cette statue étrange est sculptée avec des détails si vifs que vous jureriez qu'elle est vivante.\n\nOh. Elle l'est. Elle attaque !,Esta peculiar estatua está tallada con un detalle tan vívido que jurarías que está viva.\n\n¡Oh! Lo está. ¡Te ataca!,Esta estátua peculiar é esculpida com detalhes tão vívidos que você juraria que ela está viva.\n\nAh. Ela está. Ela ataca!,"Эта странная статуя вырезана с такими яркими деталями, что можно поклясться, будто она живая.\n\nОх. Так и есть. Она атакует!",Questa strana statua è scolpita con dettagli così vividi che giureresti sia viva.\n\nOh. Lo è. Attacca!,這座奇特的雕像雕刻得如此栩栩如生，你幾乎要以為它是活的了。\n\n噢，它真的是活的。它發動攻擊了！,这座奇特的雕像雕刻得如此栩栩如生，你发誓它曾是活的。\n\n哦，它确实是活的。它发起了攻击！,이 기묘한 조각상은 너무나 생생한 디테일로 조각되어 있어서 살아있다고 맹세할 정도입니다.\n\n오. 정말 살아있네요. 공격해옵니다!,"Ta osobliwa statua jest wyrzeźbiona z tak żywymi detalami, że przysiągłbyś, że jest żywa.\n\nOch. Ona jest. Atakuje!","Ця дивна статуя вирізьблена з такими яскравими деталями, що ви могли б присягнутися, що вона жива.\n\nО. Так і є. Вона атакує!",Dit eigenaardige standbeeld is met zulk levendig detail gebeeldhouwd dat je zou zweren dat het leeft.\n\nOh. Dat doet het ook. Het valt aan!,Bu tuhaf heykel öyle canlı detaylarla oyulmuş ki yaşadığına yemin edebilirsin.\n\nAh. Zaten yaşıyor. Saldırıyor!
L_OW_GALLERY_ANIMATION,,"This statue seems to be enchanted with some manner of magic unlike any you've ever seen before. Upon your approach, the magic swirling around the statue seems to move more aggressively until at long last, you're blinded by a brilliant green hue.\n\nAfter regaining your vision, you realize that the statue has taken on a life of its own. It attacks!",この像は、あなたがこれまで見たことのないような魔法で魅了されているようだ。あなたが近づくと、像の周りを渦巻く魔法はより激しく動き始め、ついには眩しい緑色の光であなたの視界が奪われる。\n\n視力を取り戻すと、像が命を吹き込まれたことに気づく。像が攻撃してきた！,"Diese Statue scheint mit einer Art Magie verzaubert zu sein, wie du sie noch nie zuvor gesehen hast. Bei deiner Annäherung scheint die Magie, die um die Statue wirbelt, aggressiver zu werden, bis du schließlich von einem brillanten grünen Schimmer geblendet wirst.\n\nNachdem du deine Sehkraft wiedererlangt hast, erkennst du, dass die Statue ein Eigenleben entwickelt hat. Sie greift an!","Cette statue semble être enchantée par une forme de magie comme vous n'en avez jamais vue auparavant. À votre approche, la magie tourbillonnant autour de la statue semble s'agiter plus agressivement jusqu'à ce que, finalement, vous soyez aveuglé par une brillante teinte verte.\n\nAprès avoir retrouvé la vue, vous réalisez que la statue a pris vie. Elle attaque !","Esta estatua parece estar encantada con algún tipo de magia diferente a cualquiera que hayas visto antes. Al acercarte, la magia que gira alrededor de la estatua parece moverse más agresivamente hasta que, por fin, quedas cegado por un brillante resplandor verde.\n\nDespués de recuperar la visión, te das cuenta de que la estatua ha cobrado vida por sí misma. ¡Te ataca!","Esta estátua parece estar encantada com algum tipo de magia diferente de qualquer outra que você já tenha visto antes. Ao se aproximar, a magia que rodopia ao redor da estátua parece se mover mais agressivamente até que, por fim, você é cegado por um brilhante tom verde.\n\nDepois de recuperar sua visão, você percebe que a estátua ganhou vida própria. Ela ataca!","Эта статуя, кажется, зачарована каким-то видом магии, непохожим ни на что из того, что вы когда-либо видели. При вашем приближении магия, кружащаяся вокруг статуи, начинает двигаться более агрессивно, пока наконец вас не ослепляет яркое зеленое сияние.\n\nПосле того как зрение возвращается, вы понимаете, что статуя ожила. Она атакует!","Questa statua sembra essere incantata con un tipo di magia diverso da qualsiasi altro tu abbia mai visto prima. Al tuo avvicinarti, la magia che vortica attorno alla statua sembra muoversi più aggressivamente finché, alla fine, vieni accecato da un brillante bagliore verde.\n\nDopo aver recuperato la vista, ti rendi conto che la statua ha preso vita. Attacca!",這座雕像似乎被某種你從未見過的魔法所附魔。當你靠近時，環繞在雕像周圍的魔法似乎變得更加激烈，直到最後，你被一道耀眼的綠光所致盲。\n\n當你恢復視力後，你發現雕像已經有了自己的生命。它發動攻擊！,这座雕像似乎被某种你从未见过的魔法所附魔。当你靠近时，环绕在雕像周围的魔法似乎变得更加激烈，直到最后，你被一道耀眼的绿光所致盲。\n\n当你恢复视力后，你意识到雕像已经有了自己的生命。它发起了攻击！,"이 석상은 당신이 전에 본 적 없는 종류의 마법으로 마법이 걸린 것 같습니다. 당신이 다가가자, 석상 주위를 맴도는 마법이 더욱 공격적으로 움직이기 시작하더니 마침내 눈부신 녹색 빛에 당신의 시야가 가려집니다.\n\n시력을 되찾은 후, 당신은 석상이 생명을 얻었다는 것을 깨닫습니다. 석상이 공격해옵니다!","Ta statua wydaje się być zaklęta magią, jakiej nigdy wcześniej nie widziałeś. Gdy się zbliżasz, magia wirująca wokół posągu zaczyna poruszać się bardziej agresywnie, aż w końcu oślepia cię intensywna zielona poświata.\n\nPo odzyskaniu wzroku zdajesz sobie sprawę, że statua ożyła. Atakuje!","Ця статуя, здається, зачарована якимось видом магії, якого ви ніколи раніше не бачили. Коли ви наближаєтесь, магія, що кружляє навколо статуї, починає рухатися агресивніше, доки нарешті вас не засліплює яскраве зелене сяйво.\n\nПісля того, як до вас повертається зір, ви розумієте, що статуя ожила. Вона атакує!","Deze standbeeld lijkt betoverd te zijn met een soort magie die je nog nooit eerder hebt gezien. Bij je nadering lijkt de magie die rond het standbeeld wervelt agressiever te bewegen totdat je uiteindelijk verblind wordt door een briljante groene gloed.\n\nNadat je je zicht hebt teruggekregen, besef je dat het standbeeld tot leven is gekomen. Het valt aan!","Bu heykel, daha önce hiç görmediğiniz türden bir büyüyle büyülenmiş gibi görünüyor. Yaklaştığınızda, heykelin etrafında dönen büyü daha saldırgan bir şekilde hareket etmeye başlıyor ve sonunda parlak yeşil bir ışıkla gözleriniz kamaşıyor.\n\nGörüşünüzü geri kazandığınızda, heykelin canlandığını fark ediyorsunuz. Saldırıyor!"
L_OW_PAINTBRUSH1,,This paint brush seems to have taken on a life of its own.,この絵筆は自分の意思を持ったかのようだ。,Dieser Pinsel scheint ein Eigenleben entwickelt zu haben.,Ce pinceau semble avoir pris vie par lui-même.,Este pincel parece haber cobrado vida propia.,Este pincel parece ter ganhado vida própria.,"Эта кисть, похоже, зажила собственной жизнью.",Questo pennello sembra aver preso vita propria.,這支畫筆似乎有了自己的生命。,这支画笔似乎有了自己的生命。,이 붓은 마치 생명을 얻은 것처럼 보인다.,Ten pędzel wydaje się żyć własnym życiem.,"Цей пензлик, здається, зажив власним життям.",Dit penseel lijkt een eigen leven te hebben gekregen.,Bu boya fırçası sanki kendi hayatını kazanmış gibi görünüyor.
L_OW_PAINTBRUSH2,,Drat! It ran away. Better catch it!,しまった！逃げられてしまった。早く捕まえなきゃ！,Verflixt! Es ist weggelaufen. Fang es besser!,Zut ! Il s'est enfui. Il faut l'attraper !,¡Rayos! Se escapó. ¡Mejor atraparlo!,Droga! Fugiu. É melhor pegá-lo!,Черт! Оно убежало. Лучше поймать его!,Accidenti! È scappato. Meglio acchiapparlo!,可惡！牠跑掉了。快去抓住牠！,糟糕！它跑掉了。赶紧抓住它！,제기랄! 도망쳐 버렸어. 빨리 잡아야겠어!,Psiakrew! Uciekło. Lepiej je złap!,От халепа! Воно втекло. Краще спіймай його!,Verdorie! Het is weggerend. Vang het snel!,Hay aksi! Kaçtı. Onu yakalamalısın!
L_OW_CLOCK_PROMPT,,"As you approach the antique clock, the voice of Alexandria floods your mind.\n\n""What is it you desire most, my friend?"", he asks.",古い時計に近づくと、アレクサンドリアの声があなたの心に流れ込んでくる。\n\n「何を一番望んでいるのかね、友よ？」と彼は尋ねる。,"Als du dich der antiken Uhr näherst, durchflutet Alexandrias Stimme deinen Geist.\n\n""Was begehrst du am meisten, mein Freund?","Alors que vous vous approchez de l\'horloge antique, la voix d\'Alexandria envahit votre esprit.\n\n""Que désirez-vous le plus, mon ami ?","Al acercarte al reloj antiguo, la voz de Alexandria inunda tu mente.\n\n""¿Qué es lo que más deseas, mi amigo?","Ao se aproximar do relógio antigo, a voz de Alexandria inunda sua mente.\n\n""O que você mais deseja, meu amigo?","Когда вы приближаетесь к старинным часам, голос Александрии наполняет ваш разум.\n\n""Чего ты желаешь больше всего, мой друг?","Mentre ti avvicini all\'orologio antico, la voce di Alexandria inonda la tua mente.\n\n""Cosa desideri di più, amico mio?",當你走近這座古董鐘時，亞歷山大的聲音湧入你的腦海。\n\n「我的朋友，你最渴望的是什麼？」他問道。,"当你走近这座古董钟时，亚历山大的声音涌入你的脑海。\n\n""我的朋友，你最渴望的是什么？""他问道。","골동품 시계에 다가가자, 알렉산드리아의 목소리가 당신의 마음을 가득 채웁니다.\n\n""내 친구여, 당신이 가장 원하는 것은 무엇인가요?","Gdy zbliżasz się do zabytkowego zegara, głos Aleksandrii wypełnia twój umysł.\n\n""Czego pragniesz najbardziej, przyjacielu?","Коли ви наближаєтесь до старовинного годинника, голос Александрії заповнює ваш розум.\n\n""Чого ти бажаєш найбільше, мій друже?","Terwijl je de antieke klok nadert, overspoelt de stem van Alexandria je gedachten.\n\n""Wat is het dat je het meest verlangt, mijn vriend?","Antik saate yaklaştığınızda, Alexandria\'nın sesi zihninizi dolduruyor.\n\n""En çok neyi arzuluyorsun, dostum?"
L_OW_CLOCK1,,Aid me against the foes in your realm.,汝の領域に潜む敵に対し、我に力を貸せ。,Helft mir gegen die Feinde in eurem Reich.,Aidez-moi contre les ennemis de votre royaume.,Ayúdame contra los enemigos en tu reino.,Ajude-me contra os inimigos em seu reino.,Помоги мне против врагов в твоём мире.,Aiutami contro i nemici nel tuo regno.,協助我對抗你領域中的敵人。,帮助我对抗你领域中的敌人。,당신의 영역에 있는 적들을 상대로 나를 도와주시오.,Wspomóż mnie przeciwko wrogom w twym królestwie.,Допоможи мені проти ворогів у твоєму світі.,Help mij tegen de vijanden in jouw rijk.,Diyarınızdaki düşmanlara karşı bana yardım edin.
L_OW_CLOCK2,,Grant me wealth beyond my imagination.,想像を超える富を私に与えよ。,Gewähre mir Reichtum jenseits meiner Vorstellungskraft.,Accorde-moi une richesse au-delà de mon imagination.,Concédeme riqueza más allá de mi imaginación.,Conceda-me riqueza além da minha imaginação.,Даруй мне богатство за пределами моего воображения.,Concedimi ricchezze oltre ogni mia immaginazione.,賜予我超乎想像的財富。,赐予我超乎想象的财富。,상상을 초월하는 부를 내게 허락하소서.,Obdarz mnie bogactwem przekraczającym moje wyobrażenia.,"Даруй мені багатство, що перевершує мою уяву.",Schenk mij rijkdom voorbij mijn verbeelding.,Bana hayal edemeyeceğim kadar zenginlik bahşet.
L_OW_CLOCK3,,Allow me to train with you so that I might better understand the evils that lurk in Damarel.,私にあなたと共に修行させてください。そうすれば、ダマレルに潜む邪悪なものをより深く理解できるでしょう。,"Erlaubt mir, mit Euch zu trainieren, damit ich die Übel, die in Damarel lauern, besser verstehen kann.",Permettez-moi de m'entraîner avec vous afin que je puisse mieux comprendre les maux qui rôdent à Damarel.,Permíteme entrenar contigo para que pueda comprender mejor los males que acechan en Damarel.,Permita-me treinar com você para que eu possa entender melhor os males que espreitam em Damarel.,"Позвольте мне тренироваться с вами, чтобы я мог лучше понять зло, таящееся в Дамареле.",Permettimi di allenarmi con te così che io possa comprendere meglio i mali che si nascondono a Damarel.,請允許我與你一同訓練，好讓我能更加了解潛伏在達瑪雷爾的邪惡勢力。,请允许我与你一起训练，这样我才能更好地了解潜伏在达玛瑞尔的邪恶。,다마렐에 숨어있는 악을 더 잘 이해할 수 있도록 당신과 함께 훈련하게 해주십시오.,"Pozwól mi trenować z tobą, abym mógł lepiej zrozumieć zło czające się w Damarel.","Дозвольте мені тренуватися з вами, щоб я міг краще зрозуміти зло, яке причаїлося в Дамарелі.",Sta me toe om met je te trainen zodat ik de kwade krachten die in Damarel schuilen beter kan begrijpen.,Damarel'de pusuya yatmış kötülükleri daha iyi anlayabilmem için benimle antrenman yapmana izin ver.
L_OW_CLOCK4,,Walk away.,立ち去る。,Weggehen.,S'éloigner.,Márchate.,Vá embora.,Уйти.,Allontanati.,離開。,离开。,떠나가기.,Odejdź.,Йти геть.,Wegwandelen.,Uzaklaş.
L_OW_CLOCK5,,Voice of Alexandria:\nGranted. Use this power to cleanse Damarel of evil.,アレクサンドリアの声：\n承認する。この力を使ってダマレルから悪を浄化せよ。,"Stimme von Alexandria:\nGewährt. Nutze diese Macht, um Damarel vom Bösen zu reinigen.",Voix d'Alexandria :\nAccordé. Utilisez ce pouvoir pour purger Damarel du mal.,Voz de Alexandria:\nConcedido. Usa este poder para limpiar Damarel del mal.,Voz de Alexandria:\nConcedido. Use este poder para purificar Damarel do mal.,"Голос Александрии:\nДаровано. Используй эту силу, чтобы очистить Дамарель от зла.",Voce di Alexandria:\nAccordato. Usa questo potere per purificare Damarel dal male.,亞歷山卓之聲：\n准許。用此力量清除達瑪雷爾的邪惡。,亚历山大的声音：\n已赐予你力量。用此力量清除达玛瑞尔的邪恶。,알렉산드리아의 목소리:\n허락하노라. 이 힘으로 다마렐에서 악을 정화하라.,"Głos Aleksandrii:\nUdzielone. Użyj tej mocy, by oczyścić Damarel ze zła.","Голос Александрії:\nНадано. Використай цю силу, щоб очистити Дамарел від зла.",Stem van Alexandria:\nToegekend. Gebruik deze kracht om Damarel te zuiveren van het kwaad.,Alexandria'nın Sesi:\nKabul edildi. Bu gücü Damarel'i kötülükten arındırmak için kullan.
L_OW_CLOCK6,,"Voice of Alexandria:\nWealth beyond your imagination? I can hardly entertain such a greedy ask. Still, I will grant you a small token of my coffers.",アレクサンドリアの声：\n想像を超える富？そのような強欲な願いに応えるのは難しいわね。それでも、私の財宝から小さな贈り物を与えましょう。,Stimme von Alexandria:\nReichtum jenseits deiner Vorstellung? Ich kann eine so gierige Bitte kaum dulden. Dennoch werde ich dir eine kleine Gabe aus meinen Schatzkammern gewähren.,"Voix d'Alexandrie :\nUne richesse au-delà de votre imagination ? Je peux difficilement satisfaire une demande aussi cupide. Néanmoins, je vous accorderai un modeste témoignage de mes coffres.","Voz de Alejandría:\n¿Riqueza más allá de tu imaginación? Difícilmente puedo considerar una petición tan codiciosa. Aun así, te concederé una pequeña muestra de mis arcas.","Voz de Alexandria:\nRiqueza além da sua imaginação? Dificilmente posso considerar um pedido tão ganancioso. Ainda assim, conceder-lhe-ei uma pequena amostra dos meus cofres.","Голос Александрии:\nБогатство за пределами вашего воображения? Я едва ли могу потакать такой жадной просьбе. Тем не менее, я дарую вам небольшую часть из моих сокровищ.","Voce di Alessandria:\nRicchezza oltre ogni tua immaginazione? Posso a malapena considerare una richiesta così avida. Tuttavia, ti concederò un piccolo segno delle mie casse.",亞歷山大之聲：\n超乎你想像的財富？我幾乎無法接受如此貪婪的請求。不過，我還是會賜予你我寶庫中的一小份禮物。,亚历山大的声音：\n超乎你想象的财富？我很难满足如此贪婪的请求。不过，我会赐予你我宝库中的一点小小心意。,"알렉산드리아의 목소리:\n상상을 초월하는 부? 그런 탐욕스러운 요구는 도저히 받아들일 수 없군요. 그래도, 내 금고에서 작은 선물 하나는 주겠습니다.","Głos Aleksandrii:\nBogactwo poza twoją wyobraźnią? Trudno mi przystać na tak chciwą prośbę. Mimo to, udzielę ci niewielkiego datku z moich skarbców.","Голос Александрії:\nБагатство поза вашою уявою? Я навряд чи можу задовольнити таке жадібне прохання. Втім, я дарую вам невеличкий знак моєї скарбниці.",Stem van Alexandria:\nRijkdom voorbij je verbeelding? Ik kan zo'n hebzuchtig verzoek nauwelijks overwegen. Toch zal ik je een kleine gift uit mijn schatkist schenken.,"Alexandria'nın Sesi:\nHayal edebileceğinin ötesinde zenginlik mi? Böylesine açgözlü bir isteği kabul etmem zor. Yine de, hazinelerimden küçük bir armağan vereceğim sana."
L_OW_CLOCK7,,"Voice of Alexandria:\nA noble ask, indeed. Very well.\n\nPrepare yourself!",アレクサンドリアの声：\n高貴なお願いですね。よろしい。\n\n心の準備をしなさい！,"Stimme von Alexandria:\nEine edle Bitte, in der Tat. Nun gut.\n\nMach dich bereit!","Voix d'Alexandrie :\nUne noble requête, en effet. Très bien.\n\nPréparez-vous !","Voz de Alexandria:\nUna petición noble, sin duda. Muy bien.\n\nPrepárate!","Voz de Alexandria:\nUm pedido nobre, de fato. Muito bem.\n\nPrepare-se!",Голос Александрии:\nВоистину благородная просьба. Что ж.\n\nПриготовься!,"Voce di Alexandria:\nUna richiesta nobile, davvero. Molto bene.\n\nPreparati!",亞歷山卓之聲：\n確實是高尚的請求。很好。\n\n做好準備吧！,亚历山大的声音：\n确实是高尚的请求。很好。\n\n做好准备吧！,알렉산드리아의 목소리:\n고귀한 요청이군요. 좋아요.\n\n준비하세요!,Głos Aleksandrii:\nZaprawdę szlachetna prośba. Dobrze więc.\n\nPrzygotuj się!,Голос Александрії:\nВоістину шляхетне прохання. Дуже добре.\n\nПриготуйся!,"Stem van Alexandria:\nEen nobel verzoek, inderdaad. Zeer wel.\n\nBereid je voor!","Aleksandriya'nın Sesi:\nSoylu bir istek, gerçekten. Pekâlâ.\n\nHazırlan!"
L_OW_BATTERY,,This seems useful. Perhaps you should hold on to it.,これは役に立ちそうだ。持っておいた方がいいかもしれない。,Das scheint nützlich zu sein. Vielleicht solltest du es behalten.,Cela semble utile. Peut-être devriez-vous le garder.,Esto parece útil. Quizás deberías conservarlo.,Isso parece útil. Talvez você deva guardá-lo.,"Это выглядит полезным. Возможно, стоит сохранить это.",Sembra utile. Forse dovresti conservarlo.,這看起來很有用。也許你應該保留它。,这看起来很有用。也许你应该留着它。,이것은 유용해 보이네요. 아마도 가지고 있는 게 좋을 것 같습니다.,To wydaje się przydatne. Być może powinieneś to zatrzymać.,"Це здається корисним. Мабуть, варто це зберегти.",Dit lijkt nuttig. Misschien kun je het beter bewaren.,Bu faydalı görünüyor. Belki yanında tutmalısın.
L_OW_SCRAP,,It seems to be a pile of useless junk.,ただのガラクタの山のようだ。,Es scheint ein Haufen nutzloser Plunder zu sein.,Ça semble être un tas de déchets inutiles.,Parece ser un montón de basura inútil.,Parece ser uma pilha de lixo inútil.,"Похоже, это куча бесполезного хлама.",Sembra essere un mucchio di robaccia inutile.,這似乎是一堆沒用的垃圾。,看起来是一堆没用的垃圾。,쓸모없는 잡동사니 더미인 것 같다.,Wygląda na stertę bezużytecznych śmieci.,"Схоже, це купа непотрібного мотлоху.",Het lijkt een stapel nutteloze rommel te zijn.,Yararsız hurda yığını gibi görünüyor.
L_OW_GENERATOR1,,The machine hums with energy.,機械はエネルギーを帯びて唸っている。,Die Maschine summt vor Energie.,La machine bourdonne d'énergie.,La máquina vibra con energía.,A máquina vibra com energia.,Машина гудит от энергии.,La macchina ronza di energia.,這台機器嗡嗡作響，充滿能量。,这台机器嗡嗡作响，充满能量。,기계가 에너지로 윙윙거린다.,Maszyna brzęczy energią.,Машина гуде від енергії.,De machine zoemt van energie.,Makine enerjiyle uğulduyor.
L_OW_GENERATOR2,,You insert a battery into the machine. It begins to hum vibrantly and spits out a bag of treasure!,機械にバッテリーを挿入した。機械は活気づいて振動し始め、宝物の袋を吐き出した！,Du steckst eine Batterie in die Maschine. Sie beginnt lebendig zu summen und spuckt einen Beutel mit Schätzen aus!,Vous insérez une pile dans la machine. Elle commence à vibrer intensément et crache un sac de trésors !,Insertas una batería en la máquina. ¡Comienza a zumbar intensamente y escupe una bolsa de tesoro!,Você insere uma bateria na máquina. Ela começa a zumbir intensamente e cospe um saco de tesouros!,Вы вставляете батарейку в машину. Она начинает ярко гудеть и выплёвывает мешок с сокровищами!,Inserisci una batteria nella macchina. Inizia a ronzare intensamente e sputa fuori un sacchetto di tesori!,你將電池插入機器中。它開始充滿活力地嗡嗡作響，並吐出一袋寶藏！,你将电池插入机器。它开始充满活力地嗡嗡作响，吐出了一袋宝藏！,기계에 배터리를 넣었다. 기계가 활기차게 윙윙거리더니 보물 주머니를 뱉어냈다!,Wkładasz baterię do maszyny. Zaczyna ona intensywnie buczeć i wypluwa worek ze skarbami!,Ви вставляєте батарейку в машину. Вона починає яскраво гудіти і випльовує мішок зі скарбами!,Je plaatst een batterij in de machine. Deze begint levendig te zoemen en spuugt een zak met schatten uit!,Makineye bir pil takıyorsun. Canlı bir şekilde vızıldamaya başlıyor ve bir hazine çantası çıkarıyor!
L_OW_GENERATOR3,,"There's an empty slot on this machine, as if it's missing a part.",この機械には空きスロットがあり、部品が欠けているようだ。,"An dieser Maschine ist ein leerer Steckplatz, als würde ein Teil fehlen.","Il y a un emplacement vide sur cette machine, comme s'il lui manquait une pièce.","Hay un espacio vacío en esta máquina, como si le faltara una pieza.","Há um espaço vazio nesta máquina, como se estivesse faltando uma peça.","На этом механизме есть пустой слот, как будто в нём не хватает детали.","C'è uno spazio vuoto su questa macchina, come se mancasse un pezzo.",這台機器上有一個空槽，好像缺少了一個零件。,这台机器上有一个空槽，好像缺少了一个零件。,이 기계에는 부품이 빠진 것처럼 빈 슬롯이 있다.,"W tej maszynie jest puste miejsce, jakby brakowało jakiejś części.","На цьому механізмі є порожній слот, ніби в ньому не вистачає деталі.","Er is een lege gleuf op deze machine, alsof er een onderdeel ontbreekt.","Bu makinede boş bir yuva var, sanki bir parçası eksikmiş gibi."
L_OW_SHINYGEARS,,"As you approach the seemingly-harmless pile of cogs, they begin to emit a horrible grinding sound. As if by magic, they begin to congeal and connect, forming a frightening war machine right before your very eyes.\n\nThe machine attacks!",一見無害に見えた歯車の山に近づくと、それらは恐ろしい軋む音を発し始めた。まるで魔法のように、歯車たちは凝固し結合し始め、あなたの目の前で恐ろしい戦争マシンを形成していく。\n\nマシンが攻撃してきた！,"Als du dich dem scheinbar harmlosen Haufen von Zahnrädern näherst, beginnen sie ein schreckliches Mahlgeräusch von sich zu geben. Wie durch Zauberei beginnen sie zu verschmelzen und sich zu verbinden, und formen direkt vor deinen Augen eine furchterregende Kriegsmaschine.\n\nDie Maschine greift an!","Alors que vous vous approchez de ce qui semble être un inoffensif tas de rouages, ils commencent à émettre un horrible bruit de grincement. Comme par magie, ils se mettent à se coaguler et à se connecter, formant une effrayante machine de guerre juste sous vos yeux.\n\nLa machine attaque !","Al acercarte a la aparentemente inofensiva pila de engranajes, estos comienzan a emitir un horrible sonido chirriante. Como por arte de magia, empiezan a congelarse y conectarse, formando una aterradora máquina de guerra justo ante tus propios ojos.\n\n¡La máquina ataca!","Ao se aproximar da pilha aparentemente inofensiva de engrenagens, elas começam a emitir um som horrível de rangido. Como que por mágica, elas começam a se aglutinar e conectar, formando uma assustadora máquina de guerra bem diante dos seus olhos.\n\nA máquina ataca!","Когда вы приближаетесь к кажущейся безобидной куче шестерёнок, они начинают издавать ужасный скрежещущий звук. Словно по волшебству, они начинают сливаться и соединяться, формируя прямо на ваших глазах пугающую боевую машину.\n\nМашина атакует!","Mentre ti avvicini al cumulo di ingranaggi apparentemente innocuo, questi iniziano a emettere un terribile suono stridente. Come per magia, cominciano a coagularsi e connettersi, formando una spaventosa macchina da guerra proprio davanti ai tuoi occhi.\n\nLa macchina attacca!",當你接近這看似無害的齒輪堆時，它們開始發出可怕的磨擦聲。彷彿受到魔法驅使，齒輪們開始凝聚並相互連接，就在你眼前形成了一台駭人的戰爭機器。\n\n機器發動攻擊！,当你靠近这堆看似无害的齿轮时，它们开始发出可怕的摩擦声。仿佛被施了魔法一般，它们开始凝聚并连接在一起，就在你的眼前形成了一台恐怖的战争机器。\n\n机器发起了攻击！,"겉보기에 무해해 보이는 톱니바퀴 더미에 다가가자, 그것들이 끔찍한 갈리는 소리를 내기 시작합니다. 마법에 걸린 듯이, 그것들이 뭉치고 연결되어 당신의 눈앞에서 무시무시한 전쟁 기계로 변합니다.\n\n기계가 공격합니다!","Gdy zbliżasz się do pozornie niegroźnej sterty trybików, zaczynają one wydawać okropny, zgrzytliwy dźwięk. Jakby za sprawą magii, zaczynają się zlepiać i łączyć, tworząc przerażającą machinę wojenną na twoich oczach.\n\nMaszyna atakuje!","Коли ви наближаєтесь до начебто нешкідливої купи шестерень, вони починають видавати жахливий скрегіт. Ніби за допомогою магії, вони починають згущуватися та з'єднуватися, формуючи прямо перед вашими очима страхітливу бойову машину.\n\nМашина атакує!","Terwijl je de ogenschijnlijk ongevaarlijke stapel tandwielen nadert, beginnen ze een verschrikkelijk malend geluid te maken. Als door magie beginnen ze samen te klonteren en te verbinden, en vormen een angstaanjagend oorlogstuig recht voor je ogen.\n\nDe machine valt aan!","Görünüşte zararsız olan dişli yığınına yaklaştığınızda, korkunç bir öğütme sesi çıkarmaya başlarlar. Sanki sihirle, birleşip bağlanmaya başlarlar ve gözlerinizin önünde korkutucu bir savaş makinesine dönüşürler.\n\nMakine saldırıyor!"
L_OW_MUSIC_CRYSTALS_DONE,,You have already played this instrument.,この楽器はすでに演奏済みです。,Du hast dieses Instrument bereits gespielt.,Vous avez déjà joué de cet instrument.,Ya has tocado este instrumento.,Você já tocou este instrumento.,Вы уже играли на этом инструменте.,Hai già suonato questo strumento.,你已經演奏過這個樂器了。,你已经演奏过这个乐器了。,당신은 이미 이 악기를 연주했습니다.,Już grałeś na tym instrumencie.,Ви вже грали на цьому інструменті.,Je hebt dit instrument al bespeeld.,Bu enstrümanı zaten çaldın.
L_OW_MUSIC_CRYSTALS_OPT1,,playing Note A,ノートAを演奏中,Note A spielen,jouer la Note A,tocando Nota A,tocando Nota A,играя ноту А,suonando la Nota A,演奏音符A,演奏音符A,노트 A 연주 중,granie Nuty A,граю Ноту А,noot A spelen,nota A çalınıyor
L_OW_MUSIC_CRYSTALS_OPT2,,playing Note B,ノートBを演奏中,Note B spielen,jouer la Note Si,tocando Nota B,tocando Nota B,играя ноту B,suonando Nota B,演奏B音符,演奏音符B,B 음 연주하기,granie Nuty B,граємо ноту B,noot B spelen,B Notasını Çalma
L_OW_MUSIC_CRYSTALS_OPT3,,playing Note C,ノートCを演奏中,Note C spielen,jouer la Note Do,tocando Nota C,tocando Nota C,играя ноту До,suonando Nota Do,演奏C音,演奏音符C,C 음 연주하기,granie nuty C,граю ноту До,noot C spelen,Do notası çalınıyor
L_OW_MUSIC_CRYSTALS_OPT4,,playing Note D,ノートDを演奏中,Note D spielen,jouer la Note Ré,tocando Nota D,tocando Nota Ré,играя ноту Ре,suonando Nota D,演奏D音,演奏音符D,D 음 연주,granie nuty D,граю ноту Ре,noot D spelen,D Notasını Çalma
L_OW_MUSIC_CRYSTALS_OPT5,,smacking the instrument and hoping for the best,楽器を適当に叩いて最善を祈る,auf das Instrument einschlagen und auf das Beste hoffen,frapper l'instrument et espérer le meilleur,golpeando el instrumento y esperando lo mejor,batendo no instrumento e esperando pelo melhor,ударяя по инструменту и надеясь на лучшее,colpire lo strumento e sperare per il meglio,拍打樂器，期待最好的結果,胡乱敲打乐器，期待好运降临,악기를 마구 두드리며 최선의 결과를 바라다,uderzanie w instrument i liczenie na szczęście,гамселячи по інструменту і сподіваючись на краще,op het instrument slaan en hopen op het beste,enstrümana vurup en iyisini umut etmek
L_OW_MUSIC_CRYSTALS_CHOICE1,"1 = one of the options above (L_OW_MUSIC_CRYSTALS_OPT1, etc)",Let's try {1}.,{1}を試してみよう。,Versuchen wir {1}.,Essayons {1}.,Probemos {1}.,Vamos tentar {1}.,Давайте попробуем {1}.,Proviamo {1}.,讓我們試試{1}。,让我们尝试{1}。,{1}을(를) 시도해 봅시다.,Spróbujmy {1}.,Спробуймо {1}.,Laten we {1} proberen.,{1}'i deneyelim.
L_OW_MUSIC_CRYSTALS_CHOICE2,,I can't do this. I have performance anxiety.,こんなこと無理だよ。あがり症なんだ。,Ich kann das nicht. Ich habe Lampenfieber.,Je ne peux pas faire ça. J'ai le trac.,No puedo hacer esto. Tengo ansiedad escénica.,Não consigo fazer isso. Tenho ansiedade de desempenho.,Я не могу это сделать. У меня боязнь публичных выступлений.,Non posso farlo. Ho ansia da prestazione.,我做不到。我有表演焦慮。,我做不到。我有表演焦虑症。,난 이걸 못 해. 무대 공포증이 있어.,Nie dam rady. Mam tremę przed występami.,Я не можу це зробити. У мене страх перед виступом.,Ik kan dit niet doen. Ik heb plankenkoorts.,Bunu yapamam. Performans kaygım var.
L_OW_MUSIC_CRYSTALS_PROMPT,,This seems to be some sort of musical instrument. Perhaps you should give it a few taps and see what happens!,これは何らかの楽器のようだ。少し叩いてみて、何が起こるか見てみたらどうだろう！,"Dies scheint eine Art Musikinstrument zu sein. Vielleicht solltest du ein paar Mal darauf klopfen und sehen, was passiert!",Ceci semble être une sorte d'instrument de musique. Peut-être devriez-vous lui donner quelques petits coups pour voir ce qui se passe !,Este parece ser algún tipo de instrumento musical. ¡Quizás deberías darle unos golpecitos y ver qué sucede!,Isso parece ser algum tipo de instrumento musical. Talvez você deva dar alguns toques nele e ver o que acontece!,"Похоже, это какой-то музыкальный инструмент. Возможно, стоит постучать по нему пару раз и посмотреть, что произойдёт!",Questo sembra essere una sorta di strumento musicale. Forse dovresti dargli qualche colpetto e vedere cosa succede!,這似乎是某種樂器。也許你應該輕敲幾下，看看會發生什麼！,这似乎是某种乐器。也许你应该敲几下看看会发生什么！,이것은 일종의 악기인 것 같다. 몇 번 두드려보고 어떤 일이 일어나는지 확인해보는 게 어떨까!,"To wydaje się być jakiś instrument muzyczny. Może powinieneś go kilka razy stuknąć i zobaczyć, co się stanie!","Схоже, це якийсь музичний інструмент. Можливо, варто постукати по ньому кілька разів і подивитися, що станеться!",Dit lijkt een soort muziekinstrument te zijn. Misschien moet je er een paar keer op tikken en kijken wat er gebeurt!,Bu bir çeşit müzik aleti gibi görünüyor. Belki birkaç kez tıklatıp ne olacağını görmelisin!
L_OW_MUSIC_CRYSTALS_PROMPT2,,That sounded great! What's next?,それは素晴らしかった！次は何？,Das klang toll! Was kommt als Nächstes?,Ça sonnait super ! Quelle est la suite ?,¡Eso sonó genial! ¿Qué sigue?,Isso soou ótimo! O que vem a seguir?,Это звучит отлично! Что дальше?,Suonava fantastico! Cosa c'è dopo?,聽起來很棒！接下來是什麼？,听起来不错！接下来是什么？,정말 좋았어요! 다음은 뭐죠?,To świetnie brzmiało! Co dalej?,Це звучить чудово! Що далі?,Dat klonk geweldig! Wat is het volgende?,Harika duyuldu! Sırada ne var?
L_OW_MUSIC_CRYSTALS_RESULT,,"Upon concluding your beautiful masterpiece of a song, you turn and notice that your creatures are all weeping with joy.\n\nBefore long, a flock of beautiful angels who also happen to be weeping appear out of nowhere. It appears they'd like to bestow upon you a divine gift.",美しい傑作の歌を歌い終えると、あなたの生き物たちが皆、喜びで泣いていることに気づきます。\n\nほどなくして、同じく涙を流している美しい天使の群れがどこからともなく現れます。彼らはあなたに神聖な贈り物を授けたいようです。,"Nachdem du dein wunderschönes Meisterwerk eines Liedes beendet hast, drehst du dich um und bemerkst, dass all deine Kreaturen vor Freude weinen.\n\nSchon bald erscheint aus dem Nichts eine Schar wunderschöner Engel, die ebenfalls weinen. Es scheint, als wollten sie dir ein göttliches Geschenk überreichen.","Après avoir conclu votre magnifique chef-d'œuvre musical, vous vous retournez et remarquez que toutes vos créatures pleurent de joie.\n\nPeu après, une volée de beaux anges, qui pleurent également, apparaît de nulle part. Il semble qu'ils souhaitent vous accorder un don divin.","Al concluir tu hermosa obra maestra de canción, te giras y notas que todas tus criaturas están llorando de alegría.\n\nAl poco tiempo, una bandada de hermosos ángeles que también están llorando aparece de la nada. Parece que quieren otorgarte un regalo divino.","Ao concluir sua bela obra-prima de uma canção, você se vira e percebe que suas criaturas estão todas chorando de alegria.\n\nEm pouco tempo, um bando de belos anjos que também estão chorando aparecem do nada. Parece que eles gostariam de lhe conceder um presente divino.","Закончив свой прекрасный шедевр песни, вы оборачиваетесь и замечаете, что все ваши существа плачут от радости.\n\nВскоре из ниоткуда появляется стая прекрасных ангелов, которые тоже плачут. Похоже, они хотят одарить вас божественным подарком.","Dopo aver concluso il tuo splendido capolavoro di canzone, ti giri e noti che le tue creature stanno tutte piangendo di gioia.\n\nIn poco tempo, uno stormo di bellissimi angeli, anch'essi in lacrime, appare dal nulla. Sembra che vogliano conferirti un dono divino.",當你結束了這首美妙絕倫的傑作歌曲時，你轉身發現你的生物們都在喜極而泣。\n\n不久後，一群同樣在流淚的美麗天使憑空出現。看來他們想要賜予你一份神聖的禮物。,当你结束了这首美妙绝伦的杰作歌曲时，你转身发现你的生物们都在喜极而泣。\n\n不久，一群同样在流泪的美丽天使凭空出现。看来它们想要赐予你一份神圣的礼物。,"아름다운 명곡을 마치자, 당신은 돌아서서 당신의 생물들이 모두 기쁨의 눈물을 흘리고 있는 것을 발견합니다.\n\n얼마 지나지 않아, 어디선가 역시 눈물을 흘리고 있는 아름다운 천사들의 무리가 나타납니다. 그들이 당신에게 신성한 선물을 내리고 싶어하는 것 같습니다.","Po zakończeniu swojego pięknego arcydzieła pieśni, odwracasz się i zauważasz, że wszystkie twoje stworzenia płaczą z radości.\n\nNiebawem znikąd pojawia się stado pięknych aniołów, które również płaczą. Wygląda na to, że chcieliby obdarzyć cię boskim darem.","Завершивши свій прекрасний шедевр пісні, ви обертаєтесь і помічаєте, що всі ваші істоти плачуть від радості.\n\nНезабаром нізвідки з'являється зграя прекрасних ангелів, які також плачуть. Схоже, вони хочуть дарувати вам божественний дар.","Nadat je je prachtige meesterwerk van een lied hebt beëindigd, draai je je om en merk je dat al je wezens huilen van vreugde.\n\nAl snel verschijnt uit het niets een zwerm prachtige engelen die ook huilen. Het lijkt erop dat ze je een goddelijk geschenk willen schenken.","Muhteşem bir başyapıt olan şarkını bitirdiğinde, dönüp tüm yaratıklarının sevinçten ağladığını fark edersin.\n\nÇok geçmeden, aynı şekilde ağlayan güzel meleklerden oluşan bir sürü aniden ortaya çıkar. Görünüşe göre sana ilahi bir hediye vermek istiyorlar."
L_OW_PIT_DONE,,You've already made an offering at this pit.,この穴には既に供物を捧げています。,Du hast an dieser Grube bereits eine Opfergabe dargebracht.,Vous avez déjà fait une offrande à ce puits.,Ya has hecho una ofrenda en este pozo.,Você já fez uma oferenda neste poço.,Вы уже сделали подношение в эту яму.,Hai già fatto un'offerta in questa fossa.,你已經在這個坑洞獻過祭品了。,你已经在这个深坑处献祭过了。,당신은 이미 이 구덩이에 제물을 바쳤습니다.,Złożyłeś już ofiarę w tym dole.,Ви вже зробили підношення в цій ямі.,Je hebt al een offer gebracht bij deze put.,Bu çukura zaten bir adak sundun.
L_OW_PIT_NO,,Nothing to see here.,何も見るものはありません。,Hier gibt es nichts zu sehen.,Rien à voir ici.,Nada que ver aquí.,Nada para ver aqui.,Здесь нечего смотреть.,Non c'è niente da vedere qui.,這裡沒什麼好看的。,这里没什么可看的。,여기엔 볼 것이 없다.,Nie ma tu nic ciekawego.,Тут нічого цікавого.,Hier is niets te zien.,Burada görülecek bir şey yok.
L_OW_PIT_PROMPT,,"This pit serves as an alternative way to donate your hard-earned resources to {GODT_ANNELTHA}. It is said that if you make an offering of resources to her, you'll be handsomely rewarded.\n\n250 of each resource should be sufficient.",この穴は、あなたが苦労して得た資源を{GODT_ANNELTHA}に寄付する別の方法として機能します。彼女に資源を捧げれば、豪華な報酬が得られると言われています。\n\n各資源250ずつあれば十分でしょう。,"Diese Grube dient als alternative Möglichkeit, deine hart verdienten Ressourcen an {GODT_ANNELTHA} zu spenden. Es heißt, dass du großzügig belohnt wirst, wenn du ihr eine Opfergabe an Ressourcen darbringst.\n\n250 von jeder Ressource sollten ausreichen.","Ce puits sert de moyen alternatif pour faire don de vos ressources durement gagnées à {GODT_ANNELTHA}. On dit que si vous lui faites une offrande de ressources, vous serez généreusement récompensé.\n\n250 de chaque ressource devrait suffire.","Este pozo sirve como una forma alternativa de donar tus recursos duramente ganados a {GODT_ANNELTHA}. Se dice que si le haces una ofrenda de recursos, serás generosamente recompensado.\n\n250 de cada recurso debería ser suficiente.","Este poço serve como uma forma alternativa de doar seus recursos duramente conquistados para {GODT_ANNELTHA}. Dizem que se você fizer uma oferta de recursos para ela, será generosamente recompensado.\n\n250 de cada recurso deve ser suficiente.","Эта яма служит альтернативным способом пожертвовать ваши с трудом заработанные ресурсы {GODT_ANNELTHA}. Говорят, что если вы сделаете подношение ресурсов ей, вы будете щедро вознаграждены.\n\n250 каждого ресурса должно быть достаточно.","Questa fossa serve come modo alternativo per donare le tue risorse duramente guadagnate a {GODT_ANNELTHA}. Si dice che se le fai un'offerta di risorse, sarai ricompensato generosamente.\n\n250 di ogni risorsa dovrebbe essere sufficiente.",這個坑洞是向{GODT_ANNELTHA}捐獻你辛苦賺來資源的另一種方式。據說如果你向她獻上資源，你將獲得豐厚的回報。\n\n每種資源250個應該就足夠了。,这个深坑是向{GODT_ANNELTHA}捐献你辛苦赚来的资源的另一种方式。据说如果你向她献上资源，你将获得丰厚的回报。\n\n每种资源250个应该就足够了。,이 구덩이는 당신이 힘들게 번 자원을 {GODT_ANNELTHA}에게 기부하는 대체 방법으로 사용됩니다. 그녀에게 자원을 바치면 후한 보상을 받을 것이라고 합니다.\n\n각 자원 250개면 충분할 것입니다.,"Ta jama służy jako alternatywny sposób na ofiarowanie twoich ciężko zarobionych zasobów dla {GODT_ANNELTHA}. Mówi się, że jeśli złożysz jej ofiarę z zasobów, zostaniesz sowicie wynagrodzony.\n\n250 każdego zasobu powinno wystarczyć.","Ця яма слугує альтернативним способом пожертвувати ваші важко зароблені ресурси для {GODT_ANNELTHA}. Кажуть, що якщо ви зробите їй підношення ресурсів, вас щедро винагородять.\n\n250 кожного ресурсу має бути достатньо.","Deze put dient als een alternatieve manier om je zuurverdiende grondstoffen te doneren aan {GODT_ANNELTHA}. Er wordt gezegd dat als je haar een offer van grondstoffen brengt, je rijkelijk beloond zult worden.\n\n250 van elke grondstof zou voldoende moeten zijn.","Bu çukur, zorla kazandığınız kaynaklarınızı {GODT_ANNELTHA}'ya bağışlamanın alternatif bir yoludur. Ona kaynak sunarsanız, cömertçe ödüllendirileceğiniz söylenir.\n\nHer kaynaktan 250 adet yeterli olacaktır."
L_OW_PIT_CHOICE1,,Make an offering.,供物を捧げる。,Eine Opfergabe darbringen.,Faire une offrande.,Hacer una ofrenda.,Faça uma oferenda.,Сделать подношение.,Fai un'offerta.,獻上供品。,进行献祭。,공물을 바치세요.,Złóż ofiarę.,Зробити підношення.,Breng een offer.,Bir adak sun.
L_OW_PIT_CHOICE2,,Nope.,いいえ。,Nein.,Non.,No.,Não.,Нет.,No.,不行。,不。,아니.,Nie.,Ні.,Nee.,Hayır.
L_OW_PIT_NO_RESOURCES,,You don't have enough resources.,リソースが足りません。,Du hast nicht genug Ressourcen.,Vous n'avez pas assez de ressources.,No tienes suficientes recursos.,Você não tem recursos suficientes.,У вас недостаточно ресурсов.,Non hai abbastanza risorse.,你沒有足夠的資源。,资源不足。,자원이 충분하지 않습니다.,Nie masz wystarczających zasobów.,У вас недостатньо ресурсів.,Je hebt niet genoeg grondstoffen.,Yeterli kaynağın yok.
L_OW_WORMPIT,,"As you peer into the hole, you're nearly bowled over by a massive creature that apparently calls this pit its home. Before long, it is joined by several of its slithering friends. Frozen in startlement, you watch in horror as the giant creatures prise open their maws in preparation for their imminent feast.",穴の中を覗き込むと、どうやらこの穴を住処としている巨大な生物にほとんど吹き飛ばされそうになる。間もなく、それはいくつかの蠢く仲間たちと合流した。驚きで凍りついたまま、あなたは巨大な生物たちが迫り来る饗宴の準備として大きな口を開くのを恐怖とともに見つめる。,"Als du in das Loch spähst, wirst du fast von einer massiven Kreatur umgeworfen, die anscheinend diese Grube ihr Zuhause nennt. Schon bald wird sie von mehreren ihrer schleichenden Freunde begleitet. Vor Schreck erstarrt, siehst du mit Entsetzen zu, wie die riesigen Kreaturen ihre Mäuler öffnen, um sich auf ihr bevorstehendes Festmahl vorzubereiten.","Alors que vous scrutez le trou, vous êtes presque renversé par une créature massive qui semble considérer cette fosse comme son foyer. Peu après, elle est rejointe par plusieurs de ses amis rampants. Figé de stupeur, vous regardez avec horreur les créatures géantes ouvrir grand leurs mâchoires en préparation de leur festin imminent.","Mientras miras dentro del agujero, casi te derriba una criatura masiva que aparentemente llama a este pozo su hogar. En poco tiempo, se le unen varios de sus amigos serpenteantes. Paralizado por la sorpresa, observas con horror cómo las gigantescas criaturas abren sus fauces en preparación para su inminente festín.","Ao olhar para dentro do buraco, você quase é derrubado por uma criatura enorme que aparentemente chama este fosso de lar. Em pouco tempo, ela é acompanhada por vários de seus amigos rastejantes. Paralisado de susto, você observa com horror enquanto as criaturas gigantes abrem suas mandíbulas em preparação para seu banquete iminente.","Заглядывая в яму, вы чуть не падаете, когда огромное существо, которое, по-видимому, считает эту яму своим домом, выскакивает наружу. Вскоре к нему присоединяются несколько его извивающихся друзей. Застыв от неожиданности, вы с ужасом наблюдаете, как гигантские существа раскрывают свои пасти, готовясь к предстоящему пиршеству.","Mentre scruti nel buco, vieni quasi travolto da un'enorme creatura che apparentemente considera questa fossa la sua casa. In breve tempo, è raggiunta da diversi dei suoi amici striscianti. Paralizzato dallo stupore, osservi con orrore mentre le gigantesche creature spalancano le fauci in preparazione per il loro imminente banchetto.",當你窺視洞穴時，一隻巨大的生物差點將你撞倒，顯然牠把這個坑洞當作自己的家。不久後，牠的幾個蜿蜒的朋友也加入了牠。你因驚嚇而僵在原地，恐懼地看著這些巨大生物張開牠們的大口，準備享用即將到來的盛宴。,当你凝视坑洞时，一只巨大的生物几乎将你撞倒，显然它把这个深坑当作了自己的家。不久，它蜿蜒的同伴也加入了。你惊愕地僵在原地，恐惧地看着这些巨型生物张开它们的大嘴，准备享用即将到来的盛宴。,"구멍 안을 들여다보자, 이 구덩이를 집으로 삼고 있는 듯한 거대한 생물에 의해 거의 넘어질 뻔합니다. 얼마 지나지 않아, 그것은 여러 미끄러지는 친구들과 합류합니다. 놀라서 얼어붙은 채, 당신은 거대한 생물들이 곧 있을 feast를 준비하며 입을 벌리는 공포스러운 광경을 지켜봅니다.","Gdy zaglądasz do dziury, niemal przewraca cię ogromne stworzenie, które najwyraźniej nazywa ten dół swoim domem. Wkrótce dołącza do niego kilku jego wijących się przyjaciół. Znieruchomiały z zaskoczenia, patrzysz z przerażeniem, jak gigantyczne stworzenia rozchylają paszcze, przygotowując się do swojej nadchodzącej uczty.","Зазираючи в яму, ви ледь не падаєте від несподіванки, коли бачите величезну істоту, яка, схоже, вважає цю яму своїм домом. Невдовзі до неї приєднуються кілька її звивистих друзів. Заклякнувши від подиву, ви з жахом спостерігаєте, як гігантські істоти розкривають свої пащі, готуючись до неминучого бенкету.","Terwijl je in het gat tuurt, word je bijna omvergeblazen door een enorm wezen dat blijkbaar deze kuil zijn thuis noemt. Al snel wordt het vergezeld door enkele van zijn kronkelende vrienden. Verstijfd van schrik kijk je met afgrijzen toe hoe de reusachtige wezens hun kaken opensperren ter voorbereiding op hun aanstaande feestmaal.","Deliğe baktığınızda, görünüşe göre bu çukuru ev olarak benimsemiş devasa bir yaratık tarafından neredeyse devriliyorsunuz. Çok geçmeden, ona kıvrılarak hareket eden arkadaşlarından birkaçı katılıyor. Şaşkınlıktan donup kalmış halde, dev yaratıkların yaklaşan ziyafetleri için ağızlarını açışını dehşetle izliyorsunuz."
L_OW_HIVE,,Do you hear that?\n\nThat's the sound of a swarm of Waspids preparing to ruin your life.,聞こえるか？\n\nあれはワスピッドの群れが、お前の人生を台無しにしようと準備している音だ。,"Hörst du das?\n\nDas ist der Klang eines Schwarms Wespiden, die sich darauf vorbereiten, dein Leben zu ruinieren.",Tu entends ça ?\n\nC'est le bruit d'un essaim de Waspides qui se prépare à gâcher ta vie.,¿Oyes eso?\n\nEs el sonido de un enjambre de Waspids preparándose para arruinar tu vida.,Você está ouvindo isso?\n\nEsse é o som de um enxame de Vespídeos se preparando para arruinar sua vida.,"Ты это слышишь?\n\nЭто звук роя Оспидов, готовящихся испортить тебе жизнь.",Senti questo?\n\nÈ il suono di uno sciame di Vespidi che si prepara a rovinarti la vita.,你聽到了嗎？\n\n那是一群黃蜂獸正準備毀掉你生活的聲音。,你听到了吗？\n\n那是一群黄蜂正准备毁掉你生活的声音。,그 소리 들려?\n\n그건 네 인생을 망치려고 준비 중인 와스피드 떼의 소리야.,"Słyszysz to?\n\nTo dźwięk roju Osowców szykujących się, by zrujnować ci życie.","Ти чуєш це?\n\nЦе звук рою Оспідів, які готуються зіпсувати тобі життя.",Hoor je dat?\n\nDat is het geluid van een zwerm Waspiden die zich klaarmaken om je leven te verpesten.,"Bunu duyuyor musun?\n\nBu, hayatını mahvetmeye hazırlanan bir Waspid sürüsünün sesi."
L_OW_MODRON,,"Upon your approach, the machine comes to life. Unfortunately for you and your creatures, it doesn't seem all too friendly.\n\nThe machine attacks!",近づくと、機械が動き出した。残念ながら、あなたとあなたの生物たちにとって、それはあまり友好的ではないようだ。\n\n機械が攻撃してきた！,Bei deiner Annäherung erwacht die Maschine zum Leben. Unglücklicherweise für dich und deine Kreaturen scheint sie nicht allzu freundlich zu sein.\n\nDie Maschine greift an!,"À votre approche, la machine s'anime. Malheureusement pour vous et vos créatures, elle ne semble pas très amicale.\n\nLa machine attaque !","Al acercarte, la máquina cobra vida. Desafortunadamente para ti y tus criaturas, no parece ser muy amigable.\n\n¡La máquina ataca!","Ao se aproximar, a máquina ganha vida. Infelizmente para você e suas criaturas, ela não parece muito amigável.\n\nA máquina ataca!","При вашем приближении машина оживает. К сожалению для вас и ваших существ, она не выглядит особо дружелюбной.\n\nМашина атакует!","All'avvicinarsi, la macchina prende vita. Sfortunatamente per te e le tue creature, non sembra affatto amichevole.\n\nLa macchina attacca!",當你靠近時，機器甦醒了。不幸的是，對你和你的生物來說，它似乎並不友善。\n\n機器發動攻擊！,当你靠近时，机器苏醒了。不幸的是，对你和你的生物来说，它看起来并不太友好。\n\n机器发起了攻击！,"당신이 다가가자, 기계가 작동하기 시작합니다. 불행히도 당신과 당신의 생물들에게는, 그것이 그다지 우호적으로 보이지 않습니다.\n\n기계가 공격합니다!","Gdy się zbliżasz, maszyna ożywa. Niestety dla ciebie i twoich stworzeń, nie wygląda na zbyt przyjazną.\n\nMaszyna atakuje!","Коли ви наближаєтесь, машина оживає. На жаль для вас і ваших істот, вона не виглядає надто дружньою.\n\nМашина атакує!",Bij je nadering komt de machine tot leven. Helaas voor jou en je wezens lijkt hij niet al te vriendelijk.\n\nDe machine valt aan!,"Yaklaştığınızda, makine canlanıyor. Ne yazık ki sizin ve yaratıklarınız için, pek de dost canlısı görünmüyor.\n\nMakine saldırıyor!"
L_OW_AUTOMATON,,"Upon your approach, the machine comes to life and begins making horrible beeping noises. Clearly, your presence here is unwanted.\n\nThe machine attacks!",あなたが近づくと、機械が動き出し、恐ろしいビープ音を発し始めた。明らかに、あなたの存在はここでは歓迎されていない。\n\n機械が攻撃してきた！,"Bei deiner Annäherung erwacht die Maschine zum Leben und beginnt, schreckliche Pieptöne von sich zu geben. Offensichtlich ist deine Anwesenheit hier unerwünscht.\n\nDie Maschine greift an!","À votre approche, la machine s'anime et commence à émettre d'horribles bips sonores. De toute évidence, votre présence ici n'est pas désirée.\n\nLa machine attaque !","Al acercarte, la máquina cobra vida y comienza a emitir horribles ruidos de pitido. Claramente, tu presencia aquí no es bienvenida.\n\nLa máquina ataca!","Ao se aproximar, a máquina ganha vida e começa a fazer sons de bipe horríveis. Claramente, sua presença aqui é indesejada.\n\nA máquina ataca!","При вашем приближении машина оживает и начинает издавать ужасные пищащие звуки. Очевидно, ваше присутствие здесь нежелательно.\n\nМашина атакует!","All'avvicinarti, la macchina si anima e inizia a emettere orribili rumori di bip. Chiaramente, la tua presenza qui non è gradita.\n\nLa macchina attacca!",當你靠近時，機器突然啟動並開始發出可怕的嗶嗶聲。顯然，你在這裡並不受歡迎。\n\n機器發動攻擊！,当你靠近时，机器苏醒过来并开始发出可怕的哔哔声。显然，这里不欢迎你的存在。\n\n机器发起了攻击！,"당신이 다가가자, 기계가 살아나서 끔찍한 삐 소리를 내기 시작합니다. 분명히, 당신의 존재는 여기서 환영받지 못합니다.\n\n기계가 공격합니다!","Gdy się zbliżasz, maszyna ożywa i zaczyna wydawać okropne piszczące dźwięki. Najwyraźniej twoja obecność jest tu niepożądana.\n\nMaszyna atakuje!","При вашому наближенні машина оживає і починає видавати жахливі звукові сигнали. Очевидно, ваша присутність тут небажана.\n\nМашина атакує!",Bij je nadering komt de machine tot leven en begint vreselijke piepgeluiden te maken. Duidelijk is je aanwezigheid hier ongewenst.\n\nDe machine valt aan!,"Yaklaştığınızda, makine canlanıyor ve korkunç bip sesleri çıkarmaya başlıyor. Açıkça, buradaki varlığınız istenmiyor.\n\nMakine saldırıyor!"
L_OW_ROBOPARTS1,,It's a piece of some sort of machine. Perhaps you should look for more parts.,これは何らかの機械の部品のようだ。他のパーツも探してみるべきかもしれない。,Es ist ein Teil einer Art Maschine. Vielleicht solltest du nach weiteren Teilen suchen.,C'est un morceau d'une sorte de machine. Peut-être devriez-vous chercher d'autres pièces.,Es una pieza de algún tipo de máquina. Quizás deberías buscar más partes.,É uma peça de algum tipo de máquina. Talvez você deva procurar mais partes.,"Это часть какого-то механизма. Возможно, стоит поискать другие детали.",È un pezzo di qualche tipo di macchina. Forse dovresti cercare altre parti.,這是某種機器的一部分。也許你應該尋找更多零件。,这是某种机器的一部分。也许你应该寻找更多零件。,어떤 종류의 기계 부품인 것 같다. 더 많은 부품을 찾아보는 게 좋을 것 같다.,To jakiś element maszyny. Być może powinieneś poszukać więcej części.,"Це частина якогось механізму. Можливо, варто пошукати інші деталі.",Het is een onderdeel van een of andere machine. Misschien moet je naar meer onderdelen zoeken.,Bu bir tür makinenin parçası. Belki daha fazla parça aramalısın.
L_OW_ANNELTHA_MUSIC1,,"Anneltha also appears, and sure enough, she is crying as well. You are the very definition of a maestro.",アネルサも現れ、案の定、彼女も泣いている。あなたはまさに巨匠の定義そのものだ。,"Anneltha erscheint ebenfalls, und tatsächlich weint auch sie. Du bist die wahre Definition eines Maestros.","Anneltha apparaît également, et sans surprise, elle pleure aussi. Tu es la définition même d'un maestro.","Anneltha también aparece y, efectivamente, ella también está llorando. Eres la mismísima definición de un maestro.","Anneltha também aparece e, como esperado, ela também está chorando. Você é a própria definição de um maestro.","Аннельта тоже появляется, и, конечно же, она тоже плачет. Ты — само воплощение маэстро.","Appare anche Anneltha e, come previsto, sta piangendo anche lei. Sei la perfetta definizione di un maestro.",安妮爾莎也出現了，果然，她也在哭泣。你就是大師的完美典範。,安妮莎也出现了，果然，她也在哭泣。你完美诠释了什么是音乐大师。,"안넬타도 나타나고, 역시나 그녀도 울고 있다. 당신은 정말 명지휘자의 정의 그 자체다.","Anneltha również się pojawia i rzeczywiście, ona też płacze. Jesteś prawdziwą definicją maestro.","Аннельта також з'являється, і, звісно ж, вона теж плаче. Ти — саме втілення маестро.","Anneltha verschijnt ook, en inderdaad, ook zij huilt. Je bent de ware definitie van een maestro.","Anneltha da ortaya çıkıyor ve tahmin ettiğin gibi, o da ağlıyor. Sen tam anlamıyla bir maestrosun."
L_OW_ANNELTHA_FAVOR,,You gained {1} favor with {GODT_ANNELTHA}.,{1}の好感度を{GODT_ANNELTHA}から獲得しました。,Du hast {1} Gunst bei {GODT_ANNELTHA} erhalten.,Vous avez gagné {1} faveur avec {GODT_ANNELTHA}.,Has ganado {1} favor con {GODT_ANNELTHA}.,Você ganhou {1} favor com {GODT_ANNELTHA}.,Вы получили {1} расположения у {GODT_ANNELTHA}.,Hai guadagnato {1} favore con {GODT_ANNELTHA}.,你獲得了{1}點{GODT_ANNELTHA}的好感度。,你获得了{1}点{GODT_ANNELTHA}的恩惠。,{1}의 호감도를 {GODT_ANNELTHA}에게 얻었습니다.,Zyskałeś {1} przychylności u {GODT_ANNELTHA}.,Ви отримали {1} прихильності від {GODT_ANNELTHA}.,Je hebt {1} gunst verkregen bij {GODT_ANNELTHA}.,{1} lütfunu {GODT_ANNELTHA} ile kazandın.
L_OW_ROBOPARTS2,1 = favor amount,You gained {1} favor with {GODT_ROBO}.,{1}の好感度が{GODT_ROBO}に対して上がった。,Du hast {1} Gunst bei {GODT_ROBO} erhalten.,Vous avez gagné {1} faveur avec {GODT_ROBO}.,Has ganado {1} favor con {GODT_ROBO}.,Você ganhou {1} de favor com {GODT_ROBO}.,Вы получили {1} расположения у {GODT_ROBO}.,Hai guadagnato {1} favore con {GODT_ROBO}.,你獲得了 {1} 點對 {GODT_ROBO} 的好感度。,你获得了{1}点{GODT_ROBO}的恩惠。,{1}의 호감도를 {GODT_ROBO}에게 얻었습니다.,Zyskałeś {1} przychylności u {GODT_ROBO}.,Ви отримали {1} прихильності від {GODT_ROBO}.,Je hebt {1} gunst verkregen bij {GODT_ROBO}.,{1} {GODT_ROBO} ile iyilik kazandın.
L_OW_ROBOPARTS3,,"You've collected the final piece of the machine! After several moments of frustrating trial and error, you manage to assemble it into something that looks a bit like 4080!",機械の最後のパーツを集めた！何度も苛立たしい試行錯誤の末、なんとか組み立てることができた。それは少し4080に似た何かのようだ！,"Du hast das letzte Teil der Maschine gesammelt! Nach einigen Momenten frustrierender Versuche schaffst du es, sie zu etwas zusammenzubauen, das ein bisschen wie 4080 aussieht!","Tu as collecté la dernière pièce de la machine ! Après plusieurs moments d'essais et d'erreurs frustrants, tu parviens à l'assembler en quelque chose qui ressemble un peu à 4080 !","Has recolectado la última pieza de la máquina. Después de varios momentos de frustrante prueba y error, logras ensamblarla en algo que se parece un poco a 4080.","Você coletou a peça final da máquina! Após vários momentos de tentativa e erro frustrantes, você consegue montá-la em algo que se parece um pouco com 4080!","Вы собрали последнюю деталь машины! После нескольких моментов разочаровывающих проб и ошибок вам удаётся собрать её во что-то, что немного напоминает 4080!","Hai raccolto l'ultimo pezzo della macchina! Dopo diversi momenti di frustrante tentativi ed errori, riesci ad assemblarla in qualcosa che assomiglia un po' al 4080!",你已經收集了機器的最後一個零件！經過幾個令人沮喪的嘗試與錯誤後，你終於將它組裝成了一個看起來有點像4080的東西！,你已经收集了机器的最后一块零件！经过几分钟尴尬的反复尝试，你终于将它组装成了一个看起来有点像4080的东西！,"기계의 마지막 부품을 모았습니다! 몇 번의 좌절스러운 시행착오 끝에, 당신은 그것을 4080과 약간 비슷해 보이는 무언가로 조립하는 데 성공했습니다!","Zebrałeś ostatni element maszyny! Po kilku chwilach frustrujących prób i błędów, udaje ci się złożyć ją w coś, co wygląda trochę jak 4080!","Ви зібрали останню деталь машини! Після кількох моментів виснажливих спроб і помилок, вам вдалося скласти її в щось, що трохи нагадує 4080!","Je hebt het laatste onderdeel van de machine verzameld! Na enkele momenten van frustrerende pogingen en mislukkingen, slaag je erin om het samen te stellen tot iets dat een beetje lijkt op 4080!","Son makine parçasını topladın! Sinir bozucu birkaç deneme yanılma anından sonra, onu biraz 4080'e benzeyen bir şeye monte etmeyi başardın!"
L_OW_ROBOPARTS4,,Voice of 4080:\nIT IS A MASTERPIECE. THANK YOU FOR YOUR SERVICE.,Voice of 4080:\n傑作だ。ご奉仕ありがとう。,Stimme von 4080:\nES IST EIN MEISTERWERK. DANKE FÜR DEINEN DIENST.,Voix de 4080 :\nC'EST UN CHEF-D'ŒUVRE. MERCI POUR VOTRE SERVICE.,Voz de 4080:\nES UNA OBRA MAESTRA. GRACIAS POR TU SERVICIO.,Voz de 4080:\nÉ UMA OBRA-PRIMA. OBRIGADO PELO SEU SERVIÇO.,Голос 4080:\nЭТО ШЕДЕВР. БЛАГОДАРЮ ЗА ВАШУ СЛУЖБУ.,Voce di 4080:\nÈ UN CAPOLAVORO. GRAZIE PER IL TUO SERVIZIO.,Voice of 4080:\n這是一件傑作。感謝您的貢獻。,4080的声音：\n真是个杰作。感谢你的付出。,Voice of 4080:\n걸작입니다. 당신의 헌신에 감사드립니다.,Głos 4080:\nTO JEST ARCYDZIEŁO. DZIĘKUJĘ ZA TWOJĄ SŁUŻBĘ.,Голос 4080:\nЦЕ ШЕДЕВР. ДЯКУЮ ЗА ВАШУ СЛУЖБУ.,Stem van 4080:\nHET IS EEN MEESTERWERK. DANK VOOR UW DIENST.,Voice of 4080:\n4080'IN SESİ: BU BİR ŞAHESER. HİZMETİNİZ İÇİN TEŞEKKÜRLER.
L_OW_SCHEMATIC,,You've already learned all you can from this schematic.,この設計図からは、すでにすべてを学び尽くしている。,"Du hast bereits alles gelernt, was du aus diesem Bauplan lernen kannst.",Vous avez déjà appris tout ce que vous pouviez de ce schéma.,Ya has aprendido todo lo que podías de este esquema.,Você já aprendeu tudo o que podia com este esquema.,"Вы уже изучили всё, что можно, из этой схемы.",Hai già appreso tutto ciò che potevi da questo schema.,你已經從這個設計圖中學到了所有可學的東西。,你已经从这个图纸中学到了所有可学的东西。,이 설계도에서 배울 수 있는 것은 이미 모두 배웠습니다.,"Nauczyłeś się już wszystkiego, co możliwe z tego schematu.","Ви вже дізналися все, що могли, з цієї схеми.",Je hebt alles geleerd wat je kunt van dit schema.,Bu şematikten öğrenebileceğin her şeyi zaten öğrendin.
L_OW_SLOTMACHINE,,"You pull the lever on the machine and watch with glee as the reels spin faster and faster. Before long, the reels stop spinning, and the machine begins to make a bunch of loud noises. You won!",レバーを引くと、リールがどんどん速く回転するのを楽しげに見つめる。すぐにリールの回転が止まり、機械は大きな音を立て始めた。あなたの勝ちだ！,"Du ziehst den Hebel an der Maschine und beobachtest mit Freude, wie sich die Walzen immer schneller drehen. Schon bald hören die Walzen auf zu drehen, und die Maschine beginnt, eine Menge lauter Geräusche zu machen. Du hast gewonnen!","Vous tirez le levier de la machine et regardez avec joie les rouleaux tourner de plus en plus vite. Peu après, les rouleaux s'arrêtent de tourner, et la machine commence à émettre une série de bruits forts. Vous avez gagné !","Tiras de la palanca de la máquina y observas con alegría cómo los rodillos giran cada vez más rápido. Al poco tiempo, los rodillos dejan de girar y la máquina comienza a hacer un montón de ruidos fuertes. ¡Has ganado!","Você puxa a alavanca da máquina e observa com alegria enquanto os cilindros giram cada vez mais rápido. Em pouco tempo, os cilindros param de girar, e a máquina começa a fazer um monte de barulhos altos. Você ganhou!","Вы дергаете рычаг автомата и с восторгом наблюдаете, как барабаны крутятся все быстрее и быстрее. Вскоре барабаны останавливаются, и автомат начинает издавать множество громких звуков. Вы выиграли!","Tiri la leva della macchina e osservi con gioia mentre i rulli girano sempre più velocemente. In breve tempo, i rulli smettono di girare e la macchina inizia a fare un sacco di rumori forti. Hai vinto!",你拉下機器上的拉桿，興奮地看著轉輪越轉越快。不久後，轉輪停止旋轉，機器開始發出一連串響亮的聲音。你贏了！,你拉下机器上的拉杆，兴高采烈地看着转轮越转越快。不一会儿，转轮停止旋转，机器开始发出一连串响亮的声音。你赢了！,기계의 레버를 당기고 릴이 점점 더 빠르게 회전하는 것을 즐겁게 지켜봅니다. 얼마 지나지 않아 릴이 회전을 멈추고 기계가 시끄러운 소리를 내기 시작합니다. 당신이 이겼습니다!,"Pociągasz za dźwignię maszyny i z radością obserwujesz, jak bębny kręcą się coraz szybciej i szybciej. Wkrótce bębny przestają się kręcić, a maszyna zaczyna wydawać mnóstwo głośnych dźwięków. Wygrałeś!","Ви тягнете важіль на машині й із захватом спостерігаєте, як барабани крутяться все швидше й швидше. Невдовзі барабани зупиняються, і машина починає видавати купу гучних звуків. Ви виграли!",Je trekt aan de hendel van de machine en kijkt met plezier toe hoe de rollen steeds sneller draaien. Al snel stoppen de rollen met draaien en begint de machine een hoop lawaai te maken. Je hebt gewonnen!,Makinenin kolunu çekiyorsun ve çarkların giderek daha hızlı dönmesini sevinçle izliyorsun. Çok geçmeden çarklar dönmeyi durduruyor ve makine bir sürü yüksek ses çıkarmaya başlıyor. Kazandın!
L_OW_CARDS,,A totally inconspicuous deck of cards.,全く怪しくないトランプ一式。,Ein völlig unauffälliges Kartenspiel.,Un jeu de cartes totalement discret.,Una baraja de cartas totalmente discreta.,Um baralho de cartas totalmente despretensioso.,Совершенно неприметная колода карт.,Un mazzo di carte del tutto innocuo.,一副完全不起眼的紙牌。,一副完全不起眼的纸牌。,완전히 의심스럽지 않은 카드 한 벌.,Zupełnie niepodejrzana talia kart.,Абсолютно непримітна колода карт.,Een volkomen onopvallend kaartspel.,Tamamen göze çarpmayan bir deste kart.
L_OW_LUCKMANTRIAS,,"You can think of nothing more satisfying than destroying someone else's tediously-crafted work. You huff, you puff, and with all your might, you blow down the house of cards that some unfortuante soul likely spent countless hours building.\n\nUnfortunately, this particular house of cards just so happened to be the home of a family of Luckmantrias. They attack!",あなたは、誰かが苦労して作り上げた作品を破壊することほど満足できることはないと思っている。あなたは息を吸い、息を吐き、全力で、不運な誰かがおそらく何時間もかけて積み上げたトランプの家を吹き飛ばす。\n\n残念なことに、このトランプの家はたまたまラックマントリアの一家の住処だったようだ。彼らが襲いかかってくる！,"Du kannst dir nichts Befriedigenderes vorstellen, als die mühsam erstellte Arbeit eines anderen zu zerstören. Du schnaufst, du pustest, und mit all deiner Kraft bläst du das Kartenhaus um, das irgendeine unglückliche Seele wahrscheinlich unzählige Stunden lang gebaut hat.\n\nUnglücklicherweise war dieses bestimmte Kartenhaus ausgerechnet das Zuhause einer Familie von Luckmantrias. Sie greifen an!","Tu ne peux imaginer rien de plus satisfaisant que de détruire le travail laborieusement créé par quelqu'un d'autre. Tu souffles, tu t'époumones, et de toutes tes forces, tu renverses le château de cartes qu'une âme malheureuse a probablement passé d'innombrables heures à construire.\n\nMalheureusement, ce château de cartes particulier s'avérait être le foyer d'une famille de Luckmantrias. Ils attaquent !","Nada te parece más satisfactorio que destruir el trabajo tediosamente elaborado de otra persona. Resoplas, bufas y con todas tus fuerzas, derribas el castillo de naipes que algún alma desafortunada probablemente pasó incontables horas construyendo.\n\nDesafortunadamente, este castillo de naipes en particular resultó ser el hogar de una familia de Luckmantrias. ¡Te atacan!","Você não consegue pensar em nada mais satisfatório do que destruir o trabalho tediosamente elaborado de outra pessoa. Você sopra, bufa e, com toda a sua força, derruba o castelo de cartas que alguma alma infeliz provavelmente passou incontáveis horas construindo.\n\nInfelizmente, este castelo de cartas em particular acabou sendo o lar de uma família de Luckmantrias. Eles atacam!","Вы не можете представить ничего более удовлетворительного, чем уничтожение кропотливо созданной работы кого-то другого. Вы пыхтите, дуете, и со всей силы сдуваете карточный домик, на строительство которого какая-то несчастная душа, вероятно, потратила бесчисленные часы.\n\nК сожалению, этот конкретный карточный домик как раз оказался домом семейства Лакмантрий. Они атакуют!","Niente ti sembra più soddisfacente che distruggere il lavoro meticolosamente creato da qualcun altro. Sbuffi, soffi, e con tutta la tua forza, fai crollare il castello di carte che qualche anima sfortunata ha probabilmente impiegato innumerevoli ore a costruire.\n\nSfortunatamente, questo particolare castello di carte si è rivelato essere la casa di una famiglia di Luckmantria. Attaccano!",你想不出比摧毀別人辛苦製作的作品更令人滿足的事了。你深吸一口氣，鼓起腮幫子，使出全身力氣，將某個不幸靈魂可能花費無數小時搭建的紙牌屋吹倒。\n\n不幸的是，這座特殊的紙牌屋恰好是一家幸運蛾家族的家。牠們發動攻擊！,你想不出比毁掉别人辛苦制作的作品更令人满足的事了。你深吸一口气，鼓足全力，将某个不幸灵魂可能花费了无数小时搭建的纸牌屋吹倒。\n\n不幸的是，这座特殊的纸牌屋恰好是一家幸运蛾的家。它们发起了攻击！,"다른 사람이 공들여 만든 작품을 파괴하는 것보다 더 만족스러운 일은 없다고 생각합니다. 당신은 숨을 들이쉬고, 내쉬며, 온 힘을 다해 어떤 불운한 영혼이 아마도 수없이 많은 시간을 들여 쌓은 카드의 집을 날려버립니다.\n\n불행히도, 이 특별한 카드의 집은 우연히도 럭맨트리아 가족의 집이었습니다. 그들이 공격해옵니다!","Nie możesz sobie wyobrazić niczego bardziej satysfakcjonującego niż zniszczenie mozolnie tworzonego dzieła kogoś innego. Dmuchasz, chuchasz i z całej siły zdmuchujesz domek z kart, który jakaś nieszczęsna dusza prawdopodobnie budowała przez niezliczone godziny.\n\nNiestety, ten konkretny domek z kart okazał się być domem rodziny Luckmantrii. Atakują!","Ви не можете уявити нічого більш задовільного, ніж знищення чиєїсь старанно створеної роботи. Ви сопете, ви пихтите, і з усієї сили здуваєте картковий будиночок, який якась нещасна душа, ймовірно, будувала незліченні години.\n\nНа жаль, цей конкретний картковий будиночок виявився домівкою родини Лакмантрій. Вони атакують!","Je kunt aan niets bevredigenders denken dan het vernietigen van iemand anders' moeizaam gecreëerde werk. Je puft, je blaast, en met al je kracht blaas je het kaartenhuis omver dat een ongelukkige ziel waarschijnlijk talloze uren heeft besteed aan het bouwen.\n\nHelaas bleek dit specifieke kaartenhuis toevallig het thuis te zijn van een familie Luckmantria's. Ze vallen aan!","Başka birinin zahmetle yaptığı işi yok etmekten daha tatmin edici bir şey düşünemiyorsun. Soluyup püflüyorsun ve tüm gücünle, bir talihsiz ruhun muhtemelen sayısız saat harcayarak inşa ettiği iskambil kağıdı evini üflüyorsun.\n\nNe yazık ki, bu özel iskambil kağıdı evi tesadüfen bir Luckmantria ailesinin yuvasıymış. Saldırıyorlar!"
L_OW_BLOODSTAINED_ALTAR,,The blood on the altar congeals before taking on the form of a pack of powerful looking creatures.\n\nThe creatures attack!,祭壇の血が凝固し、強そうな生物の群れの姿を取り始める。\n\n生物たちが襲いかかってきた！,"Das Blut auf dem Altar gerinnt, bevor es die Form eines Rudels mächtig aussehender Kreaturen annimmt.\n\nDie Kreaturen greifen an!",Le sang sur l'autel se coagule avant de prendre la forme d'une meute de créatures à l'aspect redoutable.\n\nLes créatures attaquent !,La sangre en el altar se coagula antes de tomar la forma de una manada de criaturas de aspecto poderoso.\n\nLas criaturas atacan!,O sangue no altar coagula antes de assumir a forma de um bando de criaturas de aparência poderosa.\n\nAs criaturas atacam!,"Кровь на алтаре сгущается, прежде чем принять форму стаи могущественных на вид существ.\n\nСущества атакуют!",Il sangue sull'altare si coagula prima di assumere la forma di un branco di creature dall'aspetto potente.\n\nLe creature attaccano!,祭壇上的血液凝結，然後化為一群看起來強大的生物。\n\n這些生物發動攻擊！,祭坛上的血液凝结，随后变成了一群看起来强大的生物。\n\n这些生物发起了攻击！,제단 위의 피가 응고되더니 강력해 보이는 생물 무리의 형태를 갖추게 됩니다.\n\n생물들이 공격해옵니다!,"Krew na ołtarzu krzepnie, po czym przybiera formę stada potężnie wyglądających stworzeń.\n\nStworzenia atakują!","Кров на вівтарі згущується, перш ніж перетворитися на зграю могутніх на вигляд істот.\n\nІстоти атакують!",Het bloed op het altaar stolt voordat het de vorm aanneemt van een groep krachtig uitziende wezens.\n\nDe wezens vallen aan!,Mihrapta bulunan kan pıhtılaşıyor ve güçlü görünümlü yaratık sürüsü şeklini alıyor.\n\nYaratıklar saldırıyor!
L_OW_TEMPLEORBS,,"Upon your approach, the mysterious orb emits a blinding light that causes your creatures to squeal in agony. Before long, the light fades, and suddenly you realize that you're face to face with exact replicas of your own creatures.\n\nThey attack!",近づくと、謎の球体から眩しい光が放たれ、あなたの生物たちは苦悶の叫びを上げる。やがて光が消えると、突然、あなたは自分の生物たちの完全なコピーと向かい合っていることに気づく。\n\n彼らが襲いかかってくる！,"Bei deiner Annäherung strahlt die mysteriöse Kugel ein blendendes Licht aus, das deine Kreaturen vor Qual aufschreien lässt. Schon bald verblasst das Licht, und plötzlich wird dir bewusst, dass du exakten Kopien deiner eigenen Kreaturen gegenüberstehst.\n\nSie greifen an!","À votre approche, l'orbe mystérieux émet une lumière aveuglante qui fait hurler vos créatures d'agonie. Peu après, la lumière s'estompe, et soudain vous réalisez que vous vous retrouvez face à des répliques exactes de vos propres créatures.\n\nElles attaquent !","Al acercarte, el orbe misterioso emite una luz cegadora que hace que tus criaturas chillen de agonía. Al poco tiempo, la luz se desvanece, y de repente te das cuenta de que estás cara a cara con réplicas exactas de tus propias criaturas.\n\nÍAtacan!","Ao se aproximar, o orbe misterioso emite uma luz ofuscante que faz suas criaturas guincharem em agonia. Em pouco tempo, a luz desaparece, e de repente você percebe que está cara a cara com réplicas exatas das suas próprias criaturas.\n\nElas atacam!","Когда вы приближаетесь, таинственная сфера испускает ослепительный свет, заставляющий ваших существ визжать от агонии. Вскоре свет угасает, и внезапно вы понимаете, что стоите лицом к лицу с точными копиями ваших собственных существ.\n\nОни атакуют!","All'avvicinarti, la sfera misteriosa emette una luce accecante che fa strillare le tue creature in agonia. In breve tempo, la luce svanisce, e improvvisamente ti rendi conto di essere faccia a faccia con repliche esatte delle tue creature.\n\nAttaccano!",當你靠近時，那個神秘的球體發出一道刺眼的光芒，使你的生物痛苦地尖叫。不久後，光芒消退，你突然發現自己正面對著與你生物一模一樣的複製品。\n\n牠們發動攻擊！,当你靠近时，神秘的球体发出一道刺眼的光芒，使你的生物痛苦地尖叫起来。不久，光芒消失了，突然你意识到你正面对着与你自己的生物一模一样的复制品。\n\n它们发起了攻击！,"당신이 다가가자, 신비한 구체에서 눈부신 빛이 발산되어 당신의 생물들이 고통으로 비명을 지릅니다. 얼마 지나지 않아 빛이 사라지고, 갑자기 당신은 자신의 생물들과 똑같은 복제품들과 마주하고 있음을 깨닫습니다.\n\n그들이 공격해옵니다!","Gdy się zbliżasz, tajemnicza kula emituje oślepiające światło, które sprawia, że twoje stworzenia piszczą w agonii. Wkrótce światło zanika i nagle zdajesz sobie sprawę, że stoisz twarzą w twarz z dokładnymi replikami twoich własnych stworzeń.\n\nAtakują!","Коли ви наближаєтесь, таємнича сфера випромінює сліпуче світло, яке змушує ваших істот верещати від агонії. Невдовзі світло згасає, і раптом ви розумієте, що стоїте віч-на-віч з точними копіями ваших власних істот.\n\nВони атакують!","Bij je nadering straalt de mysterieuze bol een verblindend licht uit dat je wezens doet krijsen van pijn. Al snel vervaagt het licht, en plotseling besef je dat je oog in oog staat met exacte kopieën van je eigen wezens.\n\nZe vallen aan!","Yaklaştığınızda, gizemli küre yaratıklarınızın acı içinde çığlık atmasına neden olan göz kamaştırıcı bir ışık yayar. Çok geçmeden ışık söner ve aniden kendi yaratıklarınızın birebir kopyalarıyla yüz yüze olduğunuzu fark edersiniz.\n\nSaldırıyorlar!"
L_OW_SNAPTRAPS,,"This realm is overgrown with all manner of foliage. In an effort to make this area a bit more habitable, you order your creatures to hack away the vines ahead of you.\n\nExcept these aren't just any vines - no, they belong to a family of hungry Snaptraps. They attack!",この領域はあらゆる種類の植物で覆い尽くされている。この場所をもう少し住みやすくするために、あなたは配下の生物たちに前方の蔓を切り払うよう命じる。\n\nしかしこれらは普通の蔓ではない - いや、これらは飢えたスナップトラップの一族のものだ。奴らが襲いかかってくる！,"Dieses Reich ist überwuchert mit allerlei Pflanzen. In dem Bemühen, dieses Gebiet etwas bewohnbarer zu machen, befiehlst du deinen Kreaturen, die Ranken vor dir wegzuhacken.\n\nAber das sind nicht irgendwelche Ranken - nein, sie gehören zu einer Familie hungriger Schnappfallen. Sie greifen an!","Ce royaume est envahi par toutes sortes de végétation. Dans un effort pour rendre cette zone un peu plus habitable, vous ordonnez à vos créatures de tailler les lianes devant vous.\n\nSauf que ce ne sont pas de simples lianes - non, elles appartiennent à une famille de Gueule-pièges affamés. Ils attaquent !","Este reino está invadido por todo tipo de follaje. En un esfuerzo por hacer esta zona un poco más habitable, ordenas a tus criaturas que corten las enredaderas que hay delante de ti.\n\nExcepto que estas no son enredaderas cualquiera - no, pertenecen a una familia de hambrientas Atrapamordiscos. ¡Atacan!","Este reino está coberto por todo tipo de folhagem. Em um esforço para tornar esta área um pouco mais habitável, você ordena que suas criaturas cortem as vinhas à sua frente.\n\nExceto que estas não são vinhas comuns - não, elas pertencem a uma família de Abocanhas famintos. Eles atacam!","Эта область заросла всевозможной растительностью. В попытке сделать это место немного более пригодным для жизни, вы приказываете своим существам прорубить лианы перед вами.\n\nВот только это не просто лианы - нет, они принадлежат семейству голодных Хлополовок. Они атакуют!","Questo regno è invaso da ogni tipo di vegetazione. Nel tentativo di rendere quest'area un po' più abitabile, ordini alle tue creature di tagliare le liane davanti a te.\n\nSolo che queste non sono liane qualsiasi - no, appartengono a una famiglia di affamati Acchiappamorsi. Attaccano!",這個領域長滿了各種各樣的植物。為了使這個區域更適合居住，你命令你的生物砍掉前方的藤蔓。\n\n但這些可不是普通的藤蔓——不，它們屬於一群飢餓的捕捉陷阱家族。牠們發動攻擊！,这片领域长满了各种各样的植物。为了使这个区域更加宜居，你命令你的生物砍掉前方的藤蔓。\n\n但这些可不是普通的藤蔓——不，它们属于一群饥饿的捕噬草。它们发起了攻击！,"이 영역은 온갖 종류의 식물로 무성하게 뒤덮여 있습니다. 이 지역을 조금 더 살기 좋게 만들기 위해, 당신은 당신 앞에 있는 덩굴을 잘라내도록 당신의 생물들에게 명령합니다.\n\n그런데 이것들은 그냥 덩굴이 아닙니다 - 아니, 이것들은 배고픈 스냅트랩 가족의 일부입니다. 그들이 공격해옵니다!","Ten obszar jest porośnięty wszelkiego rodzaju roślinnością. W próbie uczynienia tego miejsca nieco bardziej nadającym się do zamieszkania, rozkazujesz swoim stworzeniom, by wyrąbały pnącza przed tobą.\n\nTyle że to nie są zwykłe pnącza - nie, należą one do rodziny głodnych Pułapkłapaczy. Atakują!","Ця область заросла всілякою рослинністю. Намагаючись зробити цю місцевість трохи більш придатною для життя, ви наказуєте своїм істотам прорубати ліани перед вами.\n\nОт тільки це не просто ліани - ні, вони належать родині голодних Клацапасток. Вони атакують!","Dit rijk is overwoekerd met allerlei soorten gebladerte. In een poging om dit gebied wat bewoonbaarder te maken, beveel je je wezens om de lianen voor je weg te hakken.\n\nBehalve dat dit niet zomaar lianen zijn - nee, ze behoren tot een familie van hongerige Klapvallen. Ze vallen aan!","Bu diyar her türlü bitki örtüsüyle kaplanmış. Bu bölgeyi biraz daha yaşanabilir kılmak için, yaratıklarına önündeki sarmaşıkları kesip atmalarını emredersin.\n\nAncak bunlar sıradan sarmaşıklar değil - hayır, onlar aç bir Kapantuzak ailesine ait. Saldırıyorlar!"
L_OW_ROBES,,"In the distance, you spot a set of snazzy robes. One of your creatures eagerly runs ahead of you to be the first to try them on.\n\nUnfortunately, these robes seem to have already been claimed by some other creatures. The creatures attack!",遠くに、おしゃれなローブの一式が見えます。あなたの生物の一体が、真っ先に着てみようと、あなたの前を熱心に走り出します。\n\n残念ながら、このローブはすでに他の生物たちに所有されているようです。生物たちが攻撃してきます！,"In der Ferne entdeckst du einen Satz schicker Roben. Eine deiner Kreaturen läuft eifrig vor dir her, um sie als Erste anzuprobieren.\n\nLeider scheinen diese Roben bereits von anderen Kreaturen beansprucht worden zu sein. Die Kreaturen greifen an!","Au loin, vous apercevez un ensemble de robes élégantes. L'une de vos créatures court avec enthousiasme devant vous pour être la première à les essayer.\n\nMalheureusement, ces robes semblent avoir déjà été revendiquées par d'autres créatures. Les créatures attaquent !","En la distancia, divisas un conjunto de túnicas elegantes. Una de tus criaturas corre ansiosamente delante de ti para ser la primera en probárselas.\n\nDesafortunadamente, estas túnicas parecen haber sido reclamadas ya por otras criaturas. ¡Las criaturas atacan!","Ao longe, você avista um conjunto de vestes elegantes. Uma de suas criaturas corre ansiosamente à sua frente para ser a primeira a experimentá-las.\n\nInfelizmente, essas vestes parecem já ter sido reivindicadas por outras criaturas. As criaturas atacam!","Вдалеке вы замечаете комплект шикарных мантий. Одно из ваших существ с энтузиазмом бежит вперед, чтобы первым их примерить.\n\nК сожалению, эти мантии, похоже, уже присвоены какими-то другими существами. Существа нападают!","In lontananza, scorgi un set di tuniche eleganti. Una delle tue creature corre avanti con entusiasmo per essere la prima a provarle.\n\nSfortunatamente, queste tuniche sembrano essere già state rivendicate da altre creature. Le creature attaccano!",遠處，你發現了一套時髦的長袍。你的其中一個生物急切地跑到你前面，想要搶先試穿。\n\n不幸的是，這些長袍似乎已經被其他生物佔有了。那些生物發動攻擊！,远处，你发现了一套时髦的长袍。你的一个生物急切地跑到你前面，想要第一个试穿它们。\n\n不幸的是，这些长袍似乎已经被其他生物占有了。这些生物发起了攻击！,"멀리서 멋진 로브 한 벌이 보입니다. 당신의 생물 중 하나가 그것을 먼저 입어보려고 열심히 앞으로 달려갑니다.\n\n불행히도, 이 로브는 이미 다른 생물들이 차지한 것 같습니다. 생물들이 공격해옵니다!","W oddali dostrzegasz zestaw eleganckich szat. Jedno z twoich stworzeń z zapałem wybiega przed ciebie, aby jako pierwsze je przymierzyć.\n\nNiestety, te szaty wydają się być już zajęte przez jakieś inne stworzenia. Stworzenia atakują!","Вдалині ви помічаєте комплект шикарних мантій. Одне з ваших створінь нетерпляче біжить попереду вас, щоб першим їх приміряти.\n\nНа жаль, ці мантії, схоже, вже привласнили якісь інші створіння. Створіння атакують!",In de verte zie je een set chique gewaden. Een van je wezens rent enthousiast voor je uit om ze als eerste te passen.\n\nHelaas lijken deze gewaden al opgeëist te zijn door andere wezens. De wezens vallen aan!,"Uzakta, şık bir cüppe takımı görüyorsun. Yaratıklarından biri onları ilk deneyen olmak için hevesle önünden koşuyor.\n\nNe yazık ki, bu cüppeler çoktan başka yaratıklar tarafından sahiplenilmiş gibi görünüyor. Yaratıklar saldırıyor!"
L_OW_TAROT1,,It's a card that depicts two kittens and a moon.,2匹の子猫と月が描かれたカードだ。,"Es ist eine Karte, die zwei Kätzchen und einen Mond zeigt.",C'est une carte qui représente deux chatons et une lune.,Es una carta que muestra dos gatitos y una luna.,É um cartão que retrata dois gatinhos e uma lua.,"Это карта, на которой изображены два котёнка и луна.",È una carta che raffigura due gattini e una luna.,這是一張描繪著兩隻小貓和一輪月亮的卡片。,这是一张描绘着两只小猫和一轮月亮的卡片。,두 마리의 고양이 새끼와 달이 그려진 카드입니다.,To karta przedstawiająca dwa kociaki i księżyc.,"Це картка, на якій зображено двох кошенят і місяць.",Het is een kaart met twee katjes en een maan erop.,İki yavru kedi ve bir ay tasvir eden bir kart.
L_OW_TAROT2,,It's a card that depicts some flowers worshipping a sun.,太陽を崇拝している花々が描かれたカードだ。,"Es ist eine Karte, die einige Blumen zeigt, die eine Sonne anbeten.",C'est une carte qui représente des fleurs adorant un soleil.,Es una carta que muestra algunas flores adorando un sol.,É um cartão que retrata algumas flores adorando um sol.,"Это карта, изображающая цветы, поклоняющиеся солнцу.",È una carta che raffigura alcuni fiori che adorano un sole.,這是一張描繪著一些花朵崇拜太陽的卡片。,这是一张描绘着一些花朝拜太阳的卡片。,태양을 숭배하는 꽃들을 묘사한 카드입니다.,To karta przedstawiająca kwiaty oddające cześć słońcu.,"Це картка, на якій зображені квіти, що поклоняються сонцю.",Het is een kaart die bloemen afbeeldt die een zon aanbidden.,Güneşe tapınan bazı çiçekleri tasvir eden bir kart.
L_OW_TAROT3,,It's a card that depicts a star gazing at its reflection in a lake.,湖に映る自分の姿を見つめる星を描いたカードだ。,"Es ist eine Karte, die einen Stern zeigt, der sein Spiegelbild in einem See betrachtet.",C'est une carte qui représente une étoile contemplant son reflet dans un lac.,Es una carta que muestra una estrella contemplando su reflejo en un lago.,É um cartão que retrata uma estrela contemplando seu reflexo em um lago.,"Это карта, изображающая звезду, которая смотрит на своё отражение в озере.",È una carta che raffigura una stella che contempla il suo riflesso in un lago.,這是一張描繪著一顆星星凝視著自己在湖中倒影的卡片。,这是一张描绘着星星凝视着湖中自己倒影的卡片。,호수에 비친 자신의 모습을 바라보는 별을 묘사한 카드입니다.,To karta przedstawiająca gwiazdę wpatrującą się w swoje odbicie w jeziorze.,"Це карта, що зображує зірку, яка дивиться на своє відображення в озері.",Het is een kaart die een ster afbeeldt die naar zijn spiegelbeeld in een meer staart.,Bir gölde yansımasına bakan bir yıldızı tasvir eden bir kart.
L_OW_TAROT_RESULT1,,"You've collected 3 Tarot Cards and it's time to learn your fate!\n\n""The rich grow richer...""",タロットカードを3枚集めました。運命を知る時が来ました！\n\n「富める者はさらに富む…」,"Du hast 3 Tarotkarten gesammelt und es ist Zeit, dein Schicksal zu erfahren!\n\n""Die Reichen werden reicher...""","Vous avez collecté 3 Cartes de Tarot et il est temps de connaître votre destin !\n\n""Les riches s\'enrichissent...""","Has recolectado 3 Cartas del Tarot y es hora de conocer tu destino!\n\n""Los ricos se hacen más ricos...""","Você coletou 3 Cartas de Tarô e é hora de conhecer seu destino!\n\n""Os ricos ficam mais ricos...""","Вы собрали 3 Карты Таро, и пришло время узнать свою судьбу!\n\n""Богатые становятся богаче...""","Hai raccolto 3 Carte dei Tarocchi ed è ora di conoscere il tuo destino!\n\n""I ricchi diventano più ricchi...""",你已收集了3張塔羅牌，是時候了解你的命運了！\n\n「富者越富……」,"你已收集了3张塔罗牌，是时候了解你的命运了！\n\n""富者愈富……""","타로 카드 3장을 모았으니 당신의 운명을 알아볼 시간입니다!\n\n""부자는 더 부자가 된다...""","Zebrałeś 3 Karty Tarota i nadszedł czas, by poznać swoje przeznaczenie!\n\n""Bogaci stają się jeszcze bogatsi...""","Ви зібрали 3 Карти Таро, і настав час дізнатися свою долю!\n\n""Багаті стають багатшими...""","Je hebt 3 Tarotkaarten verzameld en het is tijd om je lot te ontdekken!\n\n""De rijken worden rijker...""","3 Tarot Kartı topladın ve kaderini öğrenme zamanı!\n\n""Zenginler daha zengin olur..."""
L_OW_TAROT_RESULT2,,"You've collected 3 Tarot Cards and it's time to learn your fate!\n\n""The enemy is upon you...""",タロットカードを3枚集めました。運命を知る時が来ました！\n\n「敵があなたに迫っている…」,"Du hast 3 Tarotkarten gesammelt und es ist Zeit, dein Schicksal zu erfahren!\n\n""Der Feind ist über dir...""","Vous avez collecté 3 Cartes de Tarot et il est temps de connaître votre destin !\n\n""L\'ennemi est sur vous...""","Has recolectado 3 Cartas del Tarot y es hora de conocer tu destino!\n\n""El enemigo está sobre ti...""","Você coletou 3 Cartas de Tarô e é hora de conhecer seu destino!\n\n""O inimigo está sobre você...""","Вы собрали 3 Карты Таро, и пришло время узнать свою судьбу!\n\n""Враг уже близко...""","Hai raccolto 3 Carte dei Tarocchi ed è ora di conoscere il tuo destino!\n\n""Il nemico è su di te...""",你已收集了3張塔羅牌，是時候了解你的命運了！\n\n「敵人已經逼近你...」,"你已收集了3张塔罗牌，是时候了解你的命运了！\n\n""敌人已经逼近你……""","타로 카드 3장을 모았으니 당신의 운명을 알아볼 시간입니다!\n\n""적이 당신을 덮치고 있습니다...""","Zebrałeś 3 Karty Tarota i nadszedł czas, by poznać swoje przeznaczenie!\n\n""Wróg jest tuż obok ciebie...""","Ви зібрали 3 Карти Таро, і настав час дізнатися свою долю!\n\n""Ворог наближається до вас...""","Je hebt 3 Tarotkaarten verzameld en het is tijd om je lot te ontdekken!\n\n""De vijand is nabij...""","3 Tarot Kartı topladın ve kaderini öğrenme vakti geldi!\n\n""Düşman üzerine geliyor..."""
L_OW_TAROT_RESULT3,,"You've collected 3 Tarot Cards and it's time to learn your fate!\n\n""Ariamaki smiles upon you...""",タロットカードを3枚集めました。運命を知る時が来ました！\n\n「アリアマキがあなたに微笑んでいます…」,"Du hast 3 Tarotkarten gesammelt und es ist Zeit, dein Schicksal zu erfahren!\n\n""Ariamaki lächelt auf dich herab...""","Tu as collecté 3 Cartes de Tarot et il est temps de connaître ton destin !\n\n""Ariamaki te sourit...""","Has recolectado 3 Cartas del Tarot y es hora de conocer tu destino!\n\n""Ariamaki te sonríe...""","Você coletou 3 Cartas de Tarô e é hora de conhecer seu destino!\n\n""Ariamaki sorri para você...""","Вы собрали 3 карты Таро, и пришло время узнать свою судьбу!\n\n""Ариамаки улыбается вам...""","Hai raccolto 3 Carte dei Tarocchi ed è ora di conoscere il tuo destino!\n\n""Ariamaki ti sorride...""",你已收集了3張塔羅牌，是時候了解你的命運了！\n\n「艾莉亞瑪基對你微笑...」,"你已收集了3张塔罗牌，是时候了解你的命运了！\n\n""阿瑞玛基向你微笑……""","타로 카드 3장을 모았고 이제 당신의 운명을 알아볼 시간입니다!\n\n""아리아마키가 당신에게 미소를 짓습니다...""","Zebrałeś 3 Karty Tarota i nadszedł czas, by poznać swoje przeznaczenie!\n\n""Ariamaki uśmiecha się do ciebie...""","Ви зібрали 3 Карти Таро, і настав час дізнатися свою долю!\n\n""Аріамакі посміхається вам...""","Je hebt 3 Tarotkaarten verzameld en het is tijd om je lot te ontdekken!\n\n""Ariamaki glimlacht op je neer...""","3 Tarot Kartı topladın ve kaderini öğrenme zamanı!\n\n""Ariamaki sana gülümsüyor..."""
L_OW_TAROT_RESULT4,1 = favor amount,You gained {1} favor with {GODT_ARIAMAKI}.,{1}の好感度が{GODT_ARIAMAKI}に対して上昇した。,Du hast {1} Gunst bei {GODT_ARIAMAKI} erhalten.,Vous avez gagné {1} faveur avec {GODT_ARIAMAKI}.,Has ganado {1} favor con {GODT_ARIAMAKI}.,Você ganhou {1} de favor com {GODT_ARIAMAKI}.,Вы получили {1} расположения у {GODT_ARIAMAKI}.,Hai guadagnato {1} favore con {GODT_ARIAMAKI}.,你獲得了 {1} 點對{GODT_ARIAMAKI}的好感度。,你获得了{1}点{GODT_ARIAMAKI}的恩惠。,{1}의 {GODT_ARIAMAKI} 호감도를 얻었습니다.,Zyskałeś {1} przychylności u {GODT_ARIAMAKI}.,Ви отримали {1} прихильності від {GODT_ARIAMAKI}.,Je hebt {1} gunst verkregen bij {GODT_ARIAMAKI}.,{1} lütfunu {GODT_ARIAMAKI} ile kazandın.
L_OW_TAROT_RESULT5,,"You've collected 3 Tarot Cards and it's time to learn your fate!\n\n""Your might cannot be matched...""",タロットカードを3枚集めました。運命を知る時が来ました！\n\n「あなたの力は比類なき存在...」,"Du hast 3 Tarotkarten gesammelt und es ist Zeit, dein Schicksal zu erfahren!\n\n""Deine Macht ist unvergleichlich...""","Vous avez collecté 3 Cartes de Tarot et il est temps de connaître votre destin !\n\n""Votre puissance est sans égale...""","Has recolectado 3 Cartas del Tarot y es hora de conocer tu destino!\n\n""Tu poder no tiene igual...""","Você coletou 3 Cartas de Tarô e é hora de conhecer seu destino!\n\n""Sua força não pode ser igualada...""","Вы собрали 3 Карты Таро, и пришло время узнать свою судьбу!\n\n""Вашей силе нет равных...""","Hai raccolto 3 Carte dei Tarocchi ed è ora di conoscere il tuo destino!\n\n""La tua potenza non ha eguali...""",你已收集了3張塔羅牌，是時候了解你的命運了！\n\n「你的力量無人能敵...」,"你已收集了3张塔罗牌，是时候了解你的命运了！\n\n""你的力量无人能敌……""","타로 카드 3장을 모았으니 당신의 운명을 알아볼 시간입니다!\n\n""당신의 힘은 비할 데가 없군요...""","Zebrałeś 3 Karty Tarota i nadszedł czas, by poznać swoje przeznaczenie!\n\n""Twoja siła nie ma sobie równych...""","Ви зібрали 3 Карти Таро, і настав час дізнатися свою долю!\n\n""Вашій силі немає рівних...""","Je hebt 3 Tarotkaarten verzameld en het is tijd om je lot te ontdekken!\n\n""Je kracht is ongeëvenaard...""","3 Tarot Kartı topladın ve kaderini öğrenme zamanı!\n\n""Gücünün eşi benzeri yok..."""
L_OW_TAROT_RESULT6,,"You've collected 3 Tarot Cards and it's time to learn your fate!\n\n""Your foes tremble before you...""",あなたは3枚のタロットカードを集めました。運命を知る時が来ました！\n\n「敵はあなたの前で震え上がる…」,"Du hast 3 Tarotkarten gesammelt und es ist Zeit, dein Schicksal zu erfahren!\n\n""Deine Feinde zittern vor dir...""","Vous avez collecté 3 Cartes de Tarot et il est temps de connaître votre destin !\n\n""Vos ennemis tremblent devant vous...""","Has recolectado 3 Cartas del Tarot y es hora de conocer tu destino!\n\n""Tus enemigos tiemblan ante ti...""","Você coletou 3 Cartas de Tarô e é hora de conhecer seu destino!\n\n""Seus inimigos tremem diante de você...""","Вы собрали 3 карты Таро, и пришло время узнать свою судьбу!\n\n""Ваши враги трепещут перед вами...""","Hai raccolto 3 Carte dei Tarocchi ed è ora di conoscere il tuo destino!\n\n""I tuoi nemici tremano davanti a te...""",你已收集了3張塔羅牌，是時候了解你的命運了！\n\n「你的敵人在你面前顫抖...」,"你已收集了3张塔罗牌，是时候了解你的命运了！\n\n""你的敌人在你面前颤抖……""","타로 카드 3장을 모았으니 운명을 알아볼 시간입니다!\n\n""당신의 적들이 당신 앞에서 떨고 있습니다...""","Zebrałeś 3 Karty Tarota i nadszedł czas, by poznać swoje przeznaczenie!\n\n""Twoi wrogowie drżą przed tobą...""","Ви зібрали 3 Карти Таро, і настав час дізнатися свою долю!\n\n""Ваші вороги тремтять перед вами...""","Je hebt 3 Tarotkaarten verzameld en het is tijd om je lot te ontdekken!\n\n""Je vijanden beven voor je...""","3 Tarot Kartı topladın ve kaderini öğrenme zamanı!\n\n""Düşmanların karşında titriyor..."""
L_OW_TAROT_RESULT7,,"You've collected 3 Tarot Cards and it's time to learn your fate!\n\n""Your resolve must be tested...""",タロットカードを3枚集めました。運命を知る時が来ました！\n\n「あなたの決意が試されなければならない…」,"Du hast 3 Tarotkarten gesammelt und es ist Zeit, dein Schicksal zu erfahren!\n\n""Deine Entschlossenheit muss auf die Probe gestellt werden...""","Vous avez collecté 3 Cartes de Tarot et il est temps de connaître votre destin !\n\n""Votre détermination doit être mise à l\'épreuve...""","Has recolectado 3 Cartas del Tarot y es hora de conocer tu destino!\n\n""Tu determinación debe ser puesta a prueba...""","Você coletou 3 Cartas de Tarô e é hora de conhecer seu destino!\n\n""Sua determinação deve ser testada...""","Вы собрали 3 Карты Таро, и пришло время узнать свою судьбу!\n\n""Ваша решимость должна быть испытана...""","Hai raccolto 3 Carte dei Tarocchi ed è ora di conoscere il tuo destino!\n\n""La tua determinazione deve essere messa alla prova...""",你已收集了3張塔羅牌，是時候了解你的命運了！\n\n「你的決心必須接受考驗……」,"你已收集了3张塔罗牌，是时候了解你的命运了！\n\n""你的决心必须接受考验……""","타로 카드 3장을 모았으니 당신의 운명을 알아볼 시간입니다!\n\n""당신의 결의는 시험받아야 합니다...""","Zebrałeś 3 Karty Tarota i nadszedł czas, by poznać swoje przeznaczenie!\n\n""Twoja determinacja musi zostać poddana próbie...""","Ви зібрали 3 Карти Таро, і настав час дізнатися свою долю!\n\n""Ваша рішучість має бути випробувана...""","Je hebt 3 Tarotkaarten verzameld en het is tijd om je lot te ontdekken!\n\n""Je vastberadenheid moet op de proef worden gesteld...""","3 Tarot Kartı topladın ve kaderini öğrenme vakti geldi!\n\n""Kararlılığın sınanmalı..."""
L_OW_BOOKSHELF1,,This bookshelf is packed full of books!,この本棚は本でいっぱいだ！,Dieses Bücherregal ist vollgepackt mit Büchern!,Cette bibliothèque est remplie de livres !,Esta estantería está repleta de libros!,Esta estante está cheia de livros!,Этот книжный шкаф битком набит книгами!,Questa libreria è piena zeppa di libri!,這個書架上塞滿了書！,这个书架上摆满了书！,이 책장은 책으로 가득 차 있다!,Ta półka jest wypełniona po brzegi książkami!,Ця книжкова полиця повністю заповнена книгами!,Deze boekenkast zit helemaal vol met boeken!,Bu kitaplık kitaplarla tıka basa dolu!
L_OW_BOOKSHELF2,,"You carefully place the book back on the shelf. As you turn away, you notice a small cache of treasure at your feet.",本を丁寧に棚に戻した。振り向くと、足元に小さな宝物の隠し場所があることに気づく。,"Du stellst das Buch vorsichtig zurück ins Regal. Als du dich abwendest, bemerkst du einen kleinen Schatz zu deinen Füßen.","Vous replacez soigneusement le livre sur l'étagère. En vous détournant, vous remarquez un petit trésor caché à vos pieds.","Colocas el libro cuidadosamente de vuelta en el estante. Al darte la vuelta, notas un pequeño alijo de tesoro a tus pies.","Você coloca cuidadosamente o livro de volta na prateleira. Ao se virar, percebe um pequeno esconderijo de tesouro aos seus pés.","Вы аккуратно ставите книгу обратно на полку. Когда вы отворачиваетесь, то замечаете у своих ног небольшой тайник с сокровищами.","Riponi con cura il libro sullo scaffale. Mentre ti allontani, noti un piccolo nascondiglio di tesori ai tuoi piedi.",你小心地將書放回書架上。當你轉身離開時，你注意到腳邊有一小堆寶藏。,你小心地把书放回书架上。当你转身离开时，你注意到脚边有一小堆宝藏。,"당신은 조심스럽게 책을 다시 책장에 놓습니다. 돌아서는 순간, 발 밑에 작은 보물 상자가 있는 것을 발견합니다.","Ostrożnie odkładasz książkę z powrotem na półkę. Gdy się odwracasz, zauważasz u swoich stóp mały schowek ze skarbem.","Ви обережно повертаєте книгу на полицю. Коли ви відвертаєтесь, то помічаєте невеликий схов скарбів біля своїх ніг.","Je plaatst het boek voorzichtig terug op de plank. Terwijl je je omdraait, zie je een kleine voorraad schatten aan je voeten.","Kitabı dikkatlice rafa geri koyarsın. Arkana döndüğünde, ayaklarının dibinde küçük bir hazine yığını fark edersin."
L_OW_BOOKSHELF3,,There seems to be a book missing from the bookshelf.,本棚から本が1冊なくなっているようだ。,Es scheint ein Buch im Bücherregal zu fehlen.,Il semble qu'un livre manque dans la bibliothèque.,Parece que falta un libro en la estantería.,Parece que há um livro faltando na estante.,"Похоже, на книжной полке не хватает одной книги.",Sembra che manchi un libro dalla libreria.,書架上似乎少了一本書。,书架上似乎少了一本书。,책장에서 책 한 권이 없어진 것 같다.,"Wygląda na to, że brakuje jednej książki na półce.","Схоже, на книжковій полиці не вистачає однієї книги.",Er lijkt een boek te ontbreken in de boekenkast.,Kitaplıktan bir kitap eksik gibi görünüyor.
L_OW_BOOK,,You should find a home for this book.,この本の置き場所を見つけるべきだ。,Du solltest ein Zuhause für dieses Buch finden.,Tu devrais trouver un foyer pour ce livre.,Deberías encontrar un hogar para este libro.,Você deveria encontrar um lar para este livro.,Тебе стоит найти дом для этой книги.,Dovresti trovare una casa per questo libro.,你應該為這本書找個歸處。,你应该为这本书找个归宿。,이 책을 보관할 곳을 찾아야 해.,Powinieneś znaleźć dom dla tej książki.,Вам слід знайти місце для цієї книги.,Je zou een thuis moeten vinden voor dit boek.,Bu kitap için bir yuva bulmalısın.
L_OW_FIGURINE,,What a peculiar figurine!,なんて奇妙な小像だろう！,Was für eine seltsame Figur!,Quelle figurine étrange !,¡Qué figurilla tan peculiar!,Que estatueta peculiar!,Какая необычная статуэтка!,Che statuetta peculiare!,多麼奇特的小雕像！,多么奇特的小雕像！,정말 특이한 인형이군!,Co za osobliwa figurka!,Яка дивна статуетка!,Wat een merkwaardig beeldje!,Ne tuhaf bir heykelcik!
L_OW_DRUNKDWARF,,"Drunken Dwarf:\n*hic* It's a fight ye want, is it?\n\nWell then, I'll happily oblige! *burp*\n\nCome on out, friends! Dinner is served!",酔っ払いドワーフ：\n*しゃっくり* 戦いが欲しいってのか？\n\nならば、喜んで相手してやるぞ！ *げっぷ*\n\n出てこい、仲間たち！ 晩飯の時間だ！,"Betrunkener Zwerg:\n*hick* Willst du also einen Kampf?\n\nNun, dann komme ich dem gerne nach! *rülps*\n\nKommt raus, Freunde! Das Abendessen ist serviert!","Nain Ivre :\n*hic* C'est une bagarre que tu veux, hein ?\n\nEh bien, je vais t'arranger ça avec plaisir ! *rot*\n\nVenez, les amis ! Le dîner est servi !","Enano Borracho:\n*hic* ¿Es una pelea lo que quieres, eh?\n\nPues bien, ¡con gusto te complaceré! *eructo*\n\n¡Salgan, amigos! ¡La cena está servida!","Anão Bêbado:\n*hic* É uma briga que tu queres, é?\n\nBem, então, vou atender com prazer! *arroto*\n\nVenham, amigos! O jantar está servido!","Пьяный гном:\n*ик* Драки захотел, да?\n\nНу что ж, я с радостью уважу! *отрыжка*\n\nВыходите, друзья! Ужин подан!","Nano Ubriaco:\n*hic* È una rissa che vuoi, eh?\n\nBene allora, ti accontenterò volentieri! *rutto*\n\nVenite fuori, amici! La cena è servita!",醉酒矮人：\n*嗝* 你是想打架嗎？\n\n那麼，我很樂意奉陪！*打嗝*\n\n出來吧，朋友們！晚餐來了！,醉酒矮人：\n*嗝*你是想打架，对吧？\n\n那好，我很乐意奉陪！*嗝*\n\n出来吧，朋友们！晚餐准备好了！,"취한 드워프:\n*딸꾹* 싸움을 원하는 거냐?\n\n그렇다면, 기꺼이 들어주지! *트림*\n\n나와라, 친구들! 저녁 식사가 준비됐다!","Pijany Krasnolud:\n*hik* Walki ci się zachciało, co?\n\nNo to z przyjemnością ci dogodzę! *beknięcie*\n\nWyłaźcie, przyjaciele! Kolacja podana!","П'яний гном:\n*гик* Бійки захотів, так?\n\nНу що ж, я з радістю виконаю! *відрижка*\n\nВиходьте, друзі! Вечеря подана!","Dronken Dwerg:\n*hik* Is het een gevecht dat je wilt, hè?\n\nNou, dan help ik je graag! *boer*\n\nKom maar tevoorschijn, vrienden! Het eten wordt geserveerd!","Sarhoş Cüce:\n*hık* Kavga mı istiyorsun, öyle mi?\n\nPeki o zaman, seve seve kabul ederim! *geyir*\n\nHadi çıkın, dostlar! Yemek servisi başladı!"
L_OW_PROJITEM,,{1} (Project),{1} (プロジェクト),{1} (Projekt),{1} (Projet),{1} (Proyecto),{1} (Projeto),{1} (Проект),{1} (Progetto),{1} (專案),{1}（工程）,{1} (프로젝트),{1} (Projekt),{1} (Проєкт),{1} (Project),{1} (Proje)
L_OW_PIGFUCKER,,"As you draw near, the ice around the yeti begins to crack and melt. With a furious roar, it breaks free and attacks!",近づくと、イエティの周りの氷がひび割れ、溶け始める。怒りの咆哮とともに、イエティは氷から解き放たれ、襲いかかってくる！,"Als du dich näherst, beginnt das Eis um den Yeti zu brechen und zu schmelzen. Mit einem wütenden Brüllen befreit er sich und greift an!","Alors que vous vous approchez, la glace autour du yéti commence à se fissurer et à fondre. Avec un rugissement furieux, il se libère et attaque !","Al acercarte, el hielo alrededor del yeti comienza a agrietarse y derretirse. ¡Con un rugido furioso, se libera y ataca!","Ao se aproximar, o gelo ao redor do yeti começa a rachar e derreter. Com um rugido furioso, ele se liberta e ataca!","Когда вы приближаетесь, лёд вокруг йети начинает трескаться и таять. С яростным рёвом он освобождается и нападает!","Mentre ti avvicini, il ghiaccio attorno allo yeti inizia a creparsi e sciogliersi. Con un ruggito furioso, si libera e attacca!",當你靠近時，圍繞在雪怪周圍的冰開始破裂並融化。伴隨著憤怒的吼叫，牠掙脫束縛並發動攻擊！,当你靠近时，雪怪周围的冰开始破裂融化。伴随着一声愤怒的咆哮，它挣脱束缚向你发起了攻击！,"가까이 다가가자, 예티 주변의 얼음이 갈라지고 녹기 시작합니다. 분노에 찬 포효와 함께, 예티가 자유로워지며 공격해옵니다!","Gdy się zbliżasz, lód wokół yeti zaczyna pękać i topnieć. Z wściekłym rykiem, bestia uwalnia się i atakuje!","Коли ви наближаєтесь, лід навколо єті починає тріскатися і танути. З лютим ревом він звільняється і атакує!","Terwijl je dichterbij komt, begint het ijs rond de yeti te barsten en te smelten. Met een woedend gebrul breekt hij los en valt aan!","Yaklaştığınızda, yetinin etrafındaki buz çatlamaya ve erimeye başlar. Öfkeli bir kükreme ile, serbest kalır ve saldırır!"
L_OW_TREASURE_BABY_LOSE1,,"Crispi:\nOh, it's a piece of paper! Let's see what it says…\n\n""You're a loser!""",クリスピ:\nあ、紙切れだ！何が書いてあるか見てみよう…\n\n「お前は負け犬だ！」,"Crispi:\nOh, das ist ein Stück Papier! Mal sehen, was darauf steht...\n\n""Du bist ein Verlierer!""","Crispi :\nOh, c'est un morceau de papier ! Voyons ce qu'il dit...\n\n« Tu es un perdant ! »","Crispi:\n¡Oh, es un trozo de papel! Veamos qué dice...\n\n""¡Eres un perdedor!""","Crispi:\nAh, é um pedaço de papel! Vamos ver o que diz...\n\n""Você é um perdedor!""","Криспи:\nО, это кусочек бумаги! Давай посмотрим, что там написано...\n\n""Ты неудачник!""","Crispi:\nOh, è un pezzo di carta! Vediamo cosa dice...\n\n""Sei un perdente!""",Crispi:\n噢，這是一張紙條！讓我看看上面寫了什麼……\n\n「你是個魯蛇！」,"克里斯皮：\n哦，这是一张纸！让我们看看上面写了什么……\n\n""你是个失败者！""","크리스피:\n오, 종이 조각이네! 뭐라고 적혀 있는지 볼까...\n\n""넌 패배자야!""","Crispi:\nOch, to kawałek papieru! Zobaczmy, co na nim jest...\n\n""Jesteś przegranym!""","Кріспі:\nО, це клаптик паперу! Подивимось, що там написано...\n\n""Ти невдаха!""","Crispi:\nOh, het is een stukje papier! Laten we eens kijken wat er staat...\n\n""Je bent een loser!""","Crispi:\nAh, bir kağıt parçası! Bakalım ne yazıyor...\n\n""Sen bir kaybedenmişsin!"""
L_OW_TREASURE_BABY_LOSE2,,"Crispi:\nDon't look at me that way! I didn't write that. I'm just a baby.\n\nWith that said, it's game over for you. See you next time!",クリスピ:\nそんな目で見ないで！私はそれを書いてないよ。私はただの赤ちゃんだもん。\n\nとはいえ、あなたのゲームはおしまいだ。また次回会おう！,"Crispi:\nSchau mich nicht so an! Ich habe das nicht geschrieben. Ich bin doch nur ein Baby.\n\nDas gesagt, ist es Game Over für dich. Bis zum nächsten Mal!","Crispi :\nNe me regarde pas comme ça ! Ce n'est pas moi qui ai écrit ça. Je ne suis qu'un bébé.\n\nCela dit, c'est la fin de la partie pour toi. À la prochaine !","Crispi:\n¡No me mires así! Yo no escribí eso. Solo soy un bebé.\n\nDicho esto, es fin del juego para ti. ¡Hasta la próxima!","Crispi:\nNão me olhe desse jeito! Eu não escrevi isso. Sou apenas um bebê.\n\nDito isso, é fim de jogo para você. Até a próxima!","Криспи:\nНе смотри на меня так! Я этого не писал. Я всего лишь малыш.\n\nНа этом всё, для тебя игра окончена. Увидимся в следующий раз!","Crispi:\nNon guardarmi in quel modo! Non l'ho scritto io. Sono solo un bambino.\n\nDetto questo, è game over per te. Alla prossima!",Crispi:\n別那樣看著我！那不是我寫的。我只是個寶寶。\n\n話雖如此，你的遊戲結束了。下次見！,克里斯皮：\n别那样看着我！那不是我写的。我只是个宝宝。\n\n话虽如此，你的游戏结束了。下次见！,"크리스피:\n그렇게 쳐다보지 마! 내가 그걸 쓴 게 아니야. 난 그저 아기일 뿐이라고.\n\n그건 그렇고, 너는 게임 오버야. 다음에 보자!","Crispi:\nNie patrz tak na mnie! Nie ja to napisałem. Jestem tylko dzieckiem.\n\nTo powiedziawszy, koniec gry dla ciebie. Do zobaczenia następnym razem!","Кріспі:\nНе дивись на мене так! Я цього не писав. Я всього лише дитина.\n\nЦе сказавши, для тебе гра закінчена. Побачимось наступного разу!","Crispi:\nKijk me niet zo aan! Ik heb dat niet geschreven. Ik ben maar een baby.\n\nDat gezegd hebbende, het is game over voor jou. Tot de volgende keer!","Crispi:\nBana öyle bakma! Bunu ben yazmadım. Ben sadece bir bebeğim.\n\nBunu söyledikten sonra, senin için oyun bitti. Bir dahaki sefere görüşürüz!"
