Tag,Notes,English,Japanese,German,French,Spanish,Portuguese,Russian,Italian,Chinese (Traditional),Chinese (Simplified),Korean,Polish,Ukrainian,Dutch,Turkish
L_PROJN_BLACKSMITH_RANK_2,,Blacksmith (Rank 2),鍛冶屋（ランク2）,Schmied (Rang 2),Forgeron (Rang 2),Herrero (Rango 2),Ferreiro (Nível 2),Кузнец (Ранг 2),Fabbro (Grado 2),鐵匠（等級 2）,铁匠（等级2）,대장장이 (등급 2),Kowal (Ranga 2),Коваль (Ранг 2),Smid (Rang 2),Demirci (Rütbe 2)
L_PROJD_BLACKSMITH_RANK_2,,Allows you to upgrade your Artifacts even further.,アーティファクトをさらに強化することができます。,"Ermöglicht es dir, deine Artefakte noch weiter zu verbessern.",Vous permet d'améliorer vos Artéfacts encore davantage.,Te permite mejorar tus Artefactos aún más.,Permite que você aprimore seus Artefatos ainda mais.,Позволяет улучшать ваши Артефакты еще сильнее.,Ti permette di potenziare ulteriormente i tuoi Artefatti.,讓你能夠進一步強化你的神器。,允许你进一步给神器升阶。,유물을 더욱 강화할 수 있게 해줍니다.,Pozwala na jeszcze dalsze ulepszanie twoich Artefaktów.,Дозволяє вдосконалювати ваші Артефакти ще більше.,Hiermee kun je je Artefacten nog verder upgraden.,Eserlerini daha da yükseltmene olanak tanır.
L_PROJN_BLACKSMITH_RANK_3,,Blacksmith (Rank 3),鍛冶屋（ランク3）,Schmied (Rang 3),Forgeron (Rang 3),Herrero (Rango 3),Ferreiro (Nível 3),Кузнец (Ранг 3),Fabbro (Grado 3),鐵匠（等級 3）,铁匠（等级3）,대장장이 (3등급),Kowal (Ranga 3),Коваль (Ранг 3),Smid (Rang 3),Demirci (Rütbe 3)
L_PROJD_BLACKSMITH_RANK_3,,Allows you to upgrade your Artifacts even further.,アーティファクトをさらに強化することができます。,"Ermöglicht es dir, deine Artefakte noch weiter zu verbessern.",Vous permet d'améliorer vos Artéfacts encore davantage.,Te permite mejorar tus Artefactos aún más.,Permite que você aprimore seus Artefatos ainda mais.,Позволяет улучшать ваши Артефакты еще сильнее.,Ti permette di potenziare ulteriormente i tuoi Artefatti.,讓你能夠進一步強化你的神器。,允许你进一步给神器升阶。,유물을 더욱 강화할 수 있게 해줍니다.,Pozwala na jeszcze dalsze ulepszanie twoich Artefaktów.,Дозволяє вдосконалювати ваші Артефакти ще більше.,Hiermee kun je je Artefacten nog verder upgraden.,Eserlerini daha da yükseltmene olanak tanır.
L_PROJN_BLACKSMITH_RANK_4,,Blacksmith (Rank 4),鍛冶屋（ランク4）,Schmied (Rang 4),Forgeron (Rang 4),Herrero (Rango 4),Ferreiro (Nível 4),Кузнец (Ранг 4),Fabbro (Grado 4),鐵匠（等級 4）,铁匠（等级4）,대장장이 (랭크 4),Kowal (Ranga 4),Коваль (Ранг 4),Smid (Rang 4),Demirci (Rütbe 4)
L_PROJD_BLACKSMITH_RANK_4,,Allows you to upgrade your Artifacts even further.,アーティファクトをさらに強化することができます。,"Ermöglicht es dir, deine Artefakte noch weiter zu verbessern.",Vous permet d'améliorer vos Artéfacts encore davantage.,Te permite mejorar tus Artefactos aún más.,Permite que você aprimore seus Artefatos ainda mais.,Позволяет улучшать ваши Артефакты еще сильнее.,Ti permette di potenziare ulteriormente i tuoi Artefatti.,讓你能夠進一步強化你的神器。,允许你进一步给神器升阶。,유물을 더욱 강화할 수 있게 해줍니다.,Pozwala na jeszcze dalsze ulepszanie twoich Artefaktów.,Дозволяє вдосконалювати ваші Артефакти ще більше.,Hiermee kun je je Artefacten nog verder upgraden.,Eserlerini daha da yükseltmene olanak tanır.
L_PROJN_BLACKSMITH_RANK_5,,Blacksmith (Rank 5),鍛冶屋（ランク5）,Schmied (Rang 5),Forgeron (Rang 5),Herrero (Rango 5),Ferreiro (Nível 5),Кузнец (Ранг 5),Fabbro (Grado 5),鐵匠（等級 5）,铁匠（等级5）,대장장이 (랭크 5),Kowal (Ranga 5),Коваль (Ранг 5),Smid (Rang 5),Demirci (Rütbe 5)
L_PROJD_BLACKSMITH_RANK_5,,Allows you to upgrade your Artifacts even further.,アーティファクトをさらに強化することができます。,"Ermöglicht es dir, deine Artefakte noch weiter zu verbessern.",Vous permet d'améliorer vos Artéfacts encore davantage.,Te permite mejorar tus Artefactos aún más.,Permite que você aprimore seus Artefatos ainda mais.,Позволяет улучшать ваши Артефакты еще сильнее.,Ti permette di potenziare ulteriormente i tuoi Artefatti.,讓你能夠進一步強化你的神器。,允许你进一步给神器升阶。,유물을 더욱 강화할 수 있게 해줍니다.,Pozwala na jeszcze dalsze ulepszanie twoich Artefaktów.,Дозволяє вдосконалювати ваші Артефакти ще більше.,Hiermee kun je je Artefacten nog verder upgraden.,Eserlerini daha da yükseltmene olanak tanır.
L_PROJN_ENCHANTER_RANK_2,,Enchanter (Rank 2),エンチャンター（ランク2）,Verzauberer (Rang 2),Enchanteur (Rang 2),Encantador (Rango 2),Encantador (Nível 2),Чародей (Ранг 2),Incantatore (Grado 2),附魔師（等級 2）,附魔师（等级2）,마법부여사 (2등급),Zaklinacz (Ranga 2),Чарівник (Ранг 2),Bezweerder (Rang 2),Büyücü (Rütbe 2)
L_PROJD_ENCHANTER_RANK_2,,Allows you to upgrade your Spell Gems even further.,魔石をさらに強化することができます。,"Ermöglicht es dir, deine Zauber-Edelsteine noch weiter zu verbessern.",Vous permet d'améliorer vos Gemmes de Sort encore davantage.,Te permite mejorar aún más tus Gemas de Hechizo.,Permite que você aprimore suas Gemas de Feitiço ainda mais.,Позволяет улучшить ваши Камни Заклинаний еще сильнее.,Ti permette di potenziare ulteriormente le tue Gemme Incantesimo.,讓你能夠進一步強化你的法術寶石。,允许你进一步给法术宝石升阶。,주문 보석을 더욱 강화할 수 있게 해줍니다.,Pozwala na jeszcze dalsze ulepszanie Klejnotów Zaklęć.,Дозволяє вдосконалювати ваші Магічні Самоцвіти ще більше.,Hiermee kun je je Spreukstenen nog verder upgraden.,Büyü Taşlarını daha da yükseltmene olanak tanır.
L_PROJN_ENCHANTER_RANK_3,,Enchanter (Rank 3),エンチャンター（ランク3）,Verzauberer (Rang 3),Enchanteur (Rang 3),Encantador (Rango 3),Encantador (Nível 3),Чародей (Ранг 3),Incantatore (Grado 3),附魔師（等級 3）,附魔师（等级3）,마법부여사 (3등급),Zaklinacz (Ranga 3),Чарівник (Ранг 3),Bezweerder (Rang 3),Büyücü (Seviye 3)
L_PROJD_ENCHANTER_RANK_3,,Allows you to upgrade your Spell Gems even further.,魔石をさらに強化することができます。,"Ermöglicht es dir, deine Zauber-Edelsteine noch weiter zu verbessern.",Vous permet d'améliorer vos Gemmes de Sort encore davantage.,Te permite mejorar aún más tus Gemas de Hechizo.,Permite que você aprimore suas Gemas de Feitiço ainda mais.,Позволяет улучшить ваши Камни Заклинаний еще сильнее.,Ti permette di potenziare ulteriormente le tue Gemme Incantesimo.,讓你能夠進一步強化你的法術寶石。,允许你进一步给法术宝石升阶。,주문 보석을 더욱 강화할 수 있게 해줍니다.,Pozwala na jeszcze dalsze ulepszanie Klejnotów Zaklęć.,Дозволяє вдосконалювати ваші Магічні Самоцвіти ще більше.,Hiermee kun je je Spreukstenen nog verder upgraden.,Büyü Taşlarını daha da yükseltmene olanak tanır.
L_PROJN_TAVERN_BRAWLS,,Tavern Brawls,酒場の乱闘,Tavernenschlägereien,Bagarres de Taverne,Peleas de Taberna,Brigas de Taverna,Трактирные Драки,Risse da Taverna,酒館鬥毆,酒馆斗殴,선술집 난투,Bijatyki w Karczmie,Таверняні Бійки,Kroeggevechten,Meyhane Kavgaları
L_PROJD_TAVERN_BRAWLS,,"Unlocks the Tavern Brawl decoration, allowing you to fight against other players' creatures to win exclusive prizes.",酒場の乱闘装飾をアンロックし、他のプレイヤーのクリーチャーと戦って限定報酬を獲得できるようになります。,"Schaltet die Tavernenschlägerei-Dekoration frei, die es dir ermöglicht, gegen Kreaturen anderer Spieler zu kämpfen, um exklusive Preise zu gewinnen.","Débloque la décoration Bagarre de Taverne, vous permettant d'affronter les créatures d'autres joueurs pour gagner des prix exclusifs.","Desbloquea la decoración Pelea de Taberna, permitiéndote luchar contra las criaturas de otros jugadores para ganar premios exclusivos.","Desbloqueia a decoração Briga de Taverna, permitindo que você lute contra as criaturas de outros jogadores para ganhar prêmios exclusivos.","Разблокирует декорацию ""Трактирная драка","Sblocca la decorazione Rissa da Taverna, permettendoti di combattere contro le creature di altri giocatori per vincere premi esclusivi.",解鎖酒館大亂鬥裝飾，讓你能夠與其他玩家的生物對戰，贏取獨家獎勵。,解锁酒馆斗殴装饰，允许你与其他玩家的生物战斗，赢取独家奖励。,선술집 난투 장식을 해제하여 다른 플레이어의 생물과 싸워 독점 보상을 획득할 수 있습니다.,"Odblokowuje dekorację Bijatyka w Karczmie, umożliwiając walkę przeciwko stworom innych graczy, aby wygrać ekskluzywne nagrody.","Розблоковує декорацію ""Таверна для бійок","Ontgrendelt de Herberggevecht-decoratie, waarmee je tegen wezens van andere spelers kunt vechten om exclusieve prijzen te winnen.","Meyhane Kavgası dekorasyonunu açar, diğer oyuncuların yaratıklarına karşı savaşarak özel ödüller kazanmanızı sağlar."
L_PROJN_REFINERY,,Refinery,精製所,Raffinerie,Raffinerie,Refinería,Refinaria,Нефтеперерабатывающий завод,Raffineria,精煉廠,精炼机,정제소,Rafineria,Нафтопереробний завод,Raffinaderij,Rafineri
L_PROJD_REFINERY,,"Unlocks the Refinery decoration, allowing you to salvage your unwanted Artifacts and Spell Gems, as well as convert your resources into different ones.",精錬所の装飾をアンロックし、不要なアーティファクトやスペルジェムを分解したり、リソースを別のものに変換したりできるようになります。,"Schaltet die Raffinerie-Dekoration frei, mit der du unerwünschte Artefakte und Zaubergems verwerten sowie deine Ressourcen in andere umwandeln kannst.","Débloque la décoration Raffinerie, vous permettant de récupérer vos Artéfacts et Gemmes de Sort indésirables, ainsi que de convertir vos ressources en d'autres types.","Desbloquea la decoración Refinería, permitiéndote recuperar tus Artefactos y Gemas de Hechizo no deseados, así como convertir tus recursos en otros diferentes.","Desbloqueia a decoração Refinaria, permitindo que você recupere seus Artefatos e Gemas de Feitiço indesejados, além de converter seus recursos em outros diferentes.","Разблокирует украшение Очистительный завод, позволяющее перерабатывать ненужные Артефакты и Самоцветы заклинаний, а также конвертировать ресурсы в другие виды.","Sblocca la decorazione Raffineria, permettendoti di recuperare i tuoi Artefatti e Gemme Incantate indesiderati, oltre a convertire le tue risorse in altre diverse.",解鎖精煉廠裝飾，讓你能夠回收不需要的神器和法術寶石，以及將你的資源轉換成不同種類的資源。,解锁精炼机装饰，允许你分解不需要的神器和法术宝石，还能将资源互相转化。,제련소 장식을 해제하여 원하지 않는 유물과 주문 보석을 회수하고 자원을 다른 종류로 변환할 수 있습니다.,"Odblokowuje dekorację Rafineria, pozwalającą na odzyskiwanie niechcianych Artefaktów i Klejnotów Zaklęć, a także konwersję zasobów na inne.","Розблоковує декорацію Очисний завод, що дозволяє переробляти небажані Артефакти та Магічні Самоцвіти, а також перетворювати ваші ресурси на інші.","Ontgrendelt de Raffinaderij-decoratie, waarmee je ongewenste Artefacten en Spreukedelstenen kunt hergebruiken, en je grondstoffen kunt omzetten in andere.","Rafinerisi dekorasyonunu açar, istemediğiniz Eserlerinizi ve Büyü Taşlarınızı geri dönüştürmenize ve kaynaklarınızı farklı kaynaklara dönüştürmenize olanak tanır."
L_PROJN_GAMBLING_DWARVES,,Gambling Dwarves,ギャンブル好きなドワーフたち,Glücksspielende Zwerge,Nains Joueurs,Enanos Apostadores,Anões Apostadores,Азартные Гномы,Nani Giocatori d'Azzardo,賭博矮人,赌博矮人,도박하는 드워프들,Hazardujące Krasnoludy,Азартні Гноми,Goklustige Dwergen,Kumar Oynayan Cüceler
L_PROJD_GAMBLING_DWARVES,,Unlocks four different NPCs that you can place in your castle. Each one offers their own mini-games that reward you with valuable prizes. Also allows you to encounter Riddle Dwarves in realms.,城に配置できる4人の異なるNPCをアンロックします。それぞれが価値ある報酬を与えるミニゲームを提供します。また、領域内でなぞなしドワーフに遭遇できるようになります。,"Schaltet vier verschiedene NPCs frei, die du in deiner Burg platzieren kannst. Jeder bietet eigene Minispiele, die dich mit wertvollen Preisen belohnen. Ermöglicht dir außerdem, Rätselzwergen in den Reichen zu begegnen.",Débloque quatre PNJ différents que vous pouvez placer dans votre château. Chacun propose ses propres mini-jeux qui vous récompensent avec des prix précieux. Permet également de rencontrer des Nains Énigmatiques dans les royaumes.,Desbloquea cuatro PNJs diferentes que puedes colocar en tu castillo. Cada uno ofrece sus propios minijuegos que te recompensan con valiosos premios. También te permite encontrar Enanos Enigmáticos en los reinos.,Desbloqueia quatro NPCs diferentes que você pode colocar em seu castelo. Cada um oferece seus próprios minijogos que recompensam você com prêmios valiosos. Também permite que você encontre Anões Enigmáticos nos reinos.,"Разблокирует четырех разных NPC, которых вы можете разместить в своем замке. Каждый из них предлагает свои мини-игры, которые вознаграждают вас ценными призами. Также позволяет вам встречать Гномов-загадочников в мирах.",Sblocca quattro diversi NPC che puoi posizionare nel tuo castello. Ognuno offre i propri mini-giochi che ti premiano con preziosi premi. Permette anche di incontrare i Nani degli Enigmi nei reami.,解鎖四個不同的NPC，你可以將他們放置在你的城堡中。每個NPC都提供各自的小遊戲，完成後可獲得珍貴獎勵。同時也讓你能在各個領域中遇見謎語矮人。,解锁四个不同的NPC，你可以将他们放置在城堡中。每个NPC都提供各自的小游戏，完成后可获得珍贵的奖励。这也允许你在领域中遇到谜语矮人。,당신의 성에 배치할 수 있는 네 가지 다른 NPC를 해금합니다. 각각은 가치 있는 보상을 제공하는 자신만의 미니게임을 제공합니다. 또한 영역에서 수수께끼 드워프를 만날 수 있게 해줍니다.,"Odblokowuje czterech różnych NPC, których możesz umieścić w swoim zamku. Każdy z nich oferuje własne mini-gry, które nagradzają cię cennymi nagrodami. Pozwala również na spotkanie Zagadkowych Krasnoludów w krainach.","Розблоковує чотирьох різних NPC, яких можна розмістити у вашому замку. Кожен з них пропонує власні міні-ігри, які нагороджують вас цінними призами. Також дозволяє зустрічати Гномів-Загадок у світах.",Ontgrendelt vier verschillende NPC's die je in je kasteel kunt plaatsen. Elk biedt zijn eigen minigames die je belonen met waardevolle prijzen. Hiermee kun je ook Raadsel Dwergen tegenkomen in rijken.,Kalenize yerleştirebileceğiniz dört farklı NPC'nin kilidini açar. Her biri size değerli ödüller kazandıran kendi mini oyunlarını sunar. Ayrıca diyarlarda Bilmece Cüceleriyle karşılaşmanıza olanak tanır.
L_PROJN_ARENA,,Arena,アリーナ,Arena,Arène,Arena,Arena,Арена,Arena,競技場,竞技场,투기장,Arena,Арена,Arena,Arena
L_PROJD_ARENA,,"Unlocks the Arena decoration, which allows you to draft a team of creatures to fight against enemies and earn exclusive prizes.",アリーナの装飾を解除し、敵と戦って限定報酬を獲得するためのクリーチャーチームを編成できるようになります。,"Schaltet die Arena-Dekoration frei, mit der du ein Team aus Kreaturen zusammenstellen kannst, um gegen Feinde zu kämpfen und exklusive Preise zu gewinnen.","Débloque la décoration Arène, qui vous permet de constituer une équipe de créatures pour combattre des ennemis et gagner des récompenses exclusives.","Desbloquea la decoración de Arena, que te permite reclutar un equipo de criaturas para luchar contra enemigos y ganar premios exclusivos.","Desbloqueia a decoração Arena, que permite montar uma equipe de criaturas para lutar contra inimigos e ganhar prêmios exclusivos.","Разблокирует украшение Арена, которое позволяет вам набирать команду существ для сражения с врагами и получения эксклюзивных наград.","Sblocca la decorazione Arena, che ti permette di reclutare una squadra di creature per combattere contro nemici e guadagnare premi esclusivi.",解鎖競技場裝飾，讓你可以組建一支生物隊伍，與敵人對抗並贏取獨家獎勵。,解锁竞技场装饰，允许你组建一支生物团队与敌人战斗并赢取专属奖励。,아레나 장식을 해제하여 생물 팀을 구성해 적과 싸우고 독점 보상을 획득할 수 있습니다.,"Odblokowuje dekorację Areny, która pozwala na stworzenie drużyny stworów do walki z wrogami i zdobywanie ekskluzywnych nagród.","Розблоковує декорацію Арена, яка дозволяє набирати команду істот для боротьби проти ворогів та отримувати ексклюзивні нагороди.","Ontgrendelt de Arena-decoratie, waarmee je een team van wezens kunt samenstellen om tegen vijanden te vechten en exclusieve prijzen te verdienen.","Arena dekorasyonunu açar, bu sayede düşmanlara karşı savaşmak ve özel ödüller kazanmak için yaratıklardan oluşan bir takım oluşturabilirsiniz."
L_PROJN_GOBLET_OF_TRIALS,,Goblet of Trials,ゴブレット・オブ・トライアルズ,Kelch der Prüfungen,Coupe des Épreuves,Cáliz de Pruebas,Cálice de Provações,Кубок Испытаний,Calice delle Prove,試煉之杯,试炼之杯,시련의 성배,Kielich Prób,Келих Випробувань,Kelk der Beproevingen,Sınavlar Kadehi
L_PROJD_GOBLET_OF_TRIALS,,"Unlocks the Goblet of Trials decoration, which rewards you for completing Realm Quests under certain conditions.",特定の条件下でレルムクエストを完了することで報酬を得られる「試練の杯」の装飾を解放します。,"Schaltet die Dekoration „Kelch der Prüfungen"" frei, die dich für das Abschließen von Reichsquests unter bestimmten Bedingungen belohnt.","Débloque la décoration Coupe des Épreuves, qui vous récompense pour avoir terminé des Quêtes de Royaume sous certaines conditions.","Desbloquea la decoración Cáliz de Pruebas, que te recompensa por completar Misiones del Reino bajo ciertas condiciones.","Desbloqueia a decoração Cálice das Provações, que te recompensa por completar Missões do Reino sob certas condições.","Разблокирует украшение «Кубок Испытаний», которое вознаграждает вас за выполнение Заданий Мира при определённых условиях.","Sblocca la decorazione Calice delle Prove, che ti premia per aver completato le Missioni del Reame in determinate condizioni.",解鎖「試煉之杯」裝飾，當你在特定條件下完成領域任務時，將獲得獎勵。,解锁试炼之杯装饰，当你在特定条件下完成领域任务时可获得奖励。,특정 조건에서 영역 퀘스트를 완료하면 보상을 주는 시련의 성배 장식을 해금합니다.,"Odblokowuje dekorację Kielich Prób, która nagradza cię za ukończenie Zadań Krainy pod określonymi warunkami.","Розблоковує декорацію ""Келих Випробувань","Ontgrendelt de Kelk der Beproevingen-decoratie, die je beloont voor het voltooien van Rijksopdrachten onder bepaalde voorwaarden.",Belirli koşullar altında Diyar Görevlerini tamamladığınızda sizi ödüllendiren Sınavlar Kadehi dekorasyonunun kilidini açar.
L_PROJN_GATE_OF_THE_GODS,,Gate of the Gods,神々の門,Tor der Götter,Porte des Dieux,Puerta de los Dioses,Portão dos Deuses,Врата Богов,Porta degli Dei,神之門,众神之门,신들의 문,Brama Bogów,Брама Богів,Poort van de Goden,Tanrıların Kapısı
L_PROJD_GATE_OF_THE_GODS,,"Unlocks the Gate of the Gods decoration, which allows you to fight against the gods themselves!",神々の門の装飾品をアンロックし、神々自身と戦うことができるようになります！,"Schaltet die Dekoration „Tor der Götter"" frei, die es dir ermöglicht, gegen die Götter selbst zu kämpfen!","Débloque la décoration Porte des Dieux, qui vous permet d'affronter les dieux eux-mêmes !","Desbloquea la decoración Puerta de los Dioses, ¡que te permite luchar contra los propios dioses!","Desbloqueia a decoração Portão dos Deuses, que permite que você lute contra os próprios deuses!","Разблокирует украшение Врата Богов, которое позволяет сражаться против самих богов!","Sblocca la decorazione Porta degli Dei, che ti permette di combattere contro gli dei in persona!",解鎖「眾神之門」裝飾，讓你能夠與眾神本尊一較高下！,解锁众神之门装饰，允许你与众神本尊一决高下！,신들의 문 장식을 해제하여 신들 자신과 싸울 수 있게 됩니다!,"Odblokowuje dekorację Brama Bogów, która pozwala ci walczyć przeciwko samym bogom!","Розблоковує декорацію Брама Богів, яка дозволяє вам битися проти самих богів!","Ontgrendelt de Poort der Goden decoratie, waarmee je tegen de goden zelf kunt vechten!","Tanrıların Kapısı dekorasyonunu açar, bu da tanrıların kendilerine karşı savaşmanıza olanak tanır!"
L_PROJN_WILL_OF_THE_GODS,,Will of the Gods,神々の意志,Wille der Götter,Volonté des Dieux,Voluntad de los Dioses,Vontade dos Deuses,Воля Богов,Volontà degli Dei,神明的意志,众神之意志,신들의 의지,Wola Bogów,Воля Богів,Wil der Goden,Tanrıların İradesi
L_PROJD_WILL_OF_THE_GODS,,"Unlocks the Will of the Gods decoration, which instructs you to use certain traits each real-world week in exchange for valuable rewards.",神々の意志の装飾を解放します。これは、価値ある報酬と引き換えに、現実世界の毎週特定の特性を使用するよう指示します。,"Schaltet die Dekoration „Wille der Götter"" frei, die dir jede reale Woche bestimmte Eigenschaften vorgibt, die du im Austausch für wertvolle Belohnungen nutzen sollst.","Débloque la décoration Volonté des Dieux, qui vous demande d'utiliser certains traits chaque semaine réelle en échange de récompenses précieuses.","Desbloquea la decoración Voluntad de los Dioses, que te indica usar ciertos rasgos cada semana del mundo real a cambio de valiosas recompensas.","Desbloqueia a decoração Vontade dos Deuses, que te instrui a usar certos traços a cada semana do mundo real em troca de recompensas valiosas.","Разблокирует украшение «Воля Богов», которое указывает вам использовать определенные черты каждую реальную неделю в обмен на ценные награды.","Sblocca la decorazione Volontà degli Dei, che ti indica quali caratteristiche usare ogni settimana nel mondo reale in cambio di preziose ricompense.",解鎖「眾神之意志」裝飾，它會指示你在每個現實世界的週期內使用特定特質，以換取珍貴獎勵。,解锁众神之意志装饰，它会指导你在每个现实世界的一周内使用特定特性，以换取珍贵的奖励。,"신들의 의지 장식을 해제하여, 매주 현실 세계의 시간에 맞춰 특정 특성을 사용하도록 지시하고 그 대가로 가치 있는 보상을 제공합니다.","Odblokowuje dekorację Wola Bogów, która nakazuje ci używać określonych cech w każdym rzeczywistym tygodniu w zamian za cenne nagrody.","Розблоковує декорацію Воля Богів, яка щотижня в реальному світі дає вам завдання використовувати певні риси в обмін на цінні нагороди.","Ontgrendelt de decoratie Wil der Goden, die je opdraagt om elke echte-wereldweek bepaalde eigenschappen te gebruiken in ruil voor waardevolle beloningen.","Tanrıların İradesi dekorasyonunu açar, bu dekorasyon sana gerçek dünyada her hafta değerli ödüller karşılığında belirli özellikleri kullanmanı emreder."
L_PROJN_RELIQUARY,,Reliquary,聖遺物庫,Reliquiar,Reliquaire,Relicario,Relicário,Реликварий,Reliquiario,聖物室,圣物库,유물함,Relikwiarz,Реліквія,Reliekschrijn,Kutsal Emanetler
L_PROJD_RELIQUARY,,"Unlocks the Reliquary decoration, allowing you to partake in Prophecies. Prophecies are infinitely-repeatable quests that grant exclusive rewards. Also allows you to unlock and upgrade Relics of the Gods.",聖遺物の装飾を解放し、予言に参加できるようになります。予言は無限に繰り返し可能なクエストで、限定報酬を獲得できます。また、神々の遺物を解放し、アップグレードすることも可能になります。,"Schaltet die Reliquiendekoration frei, die es dir ermöglicht, an Prophezeiungen teilzunehmen. Prophezeiungen sind unendlich wiederholbare Quests, die exklusive Belohnungen gewähren. Ermöglicht dir außerdem, Relikte der Götter freizuschalten und aufzuwerten.","Débloque la décoration du Reliquaire, vous permettant de participer aux Prophéties. Les Prophéties sont des quêtes infiniment répétables qui accordent des récompenses exclusives. Permet également de débloquer et d'améliorer les Reliques des Dieux.","Desbloquea la decoración del Relicario, permitiéndote participar en Profecías. Las Profecías son misiones infinitamente repetibles que otorgan recompensas exclusivas. También te permite desbloquear y mejorar las Reliquias de los Dioses.","Desbloqueia a decoração Relicário, permitindo que você participe de Profecias. Profecias são missões infinitamente repetíveis que concedem recompensas exclusivas. Também permite que você desbloqueie e aprimore Relíquias dos Deuses.","Открывает украшение Реликварий, позволяющее вам участвовать в Пророчествах. Пророчества — это бесконечно повторяемые задания, которые дают эксклюзивные награды. Также позволяет разблокировать и улучшать Реликвии Богов.","Sblocca la decorazione Reliquiario, permettendoti di partecipare alle Profezie. Le Profezie sono missioni ripetibili all'infinito che garantiscono ricompense esclusive. Consente inoltre di sbloccare e potenziare le Reliquie degli Dei.",解鎖聖物庫裝飾，讓你能夠參與預言。預言是無限重複的任務，可獲得專屬獎勵。還允許你解鎖和升級諸神聖物。,解锁圣物库装饰，允许你使用预言。预言是无限重复的任务，提供专属奖励。这也允许你解锁和升级众神圣物。,유물고 장식을 해제하여 예언에 참여할 수 있게 합니다. 예언은 특별한 보상을 주는 무한 반복 가능한 퀘스트입니다. 또한 신들의 유물을 해제하고 업그레이드할 수 있게 합니다.,"Odblokowuje dekorację Relikwiarz, umożliwiając udział w Przepowiedniach. Przepowiednie to nieskończenie powtarzalne zadania, które zapewniają ekskluzywne nagrody. Pozwala również odblokować i ulepszać Relikwie Bogów.","Розблоковує декорацію Реліквій, що дозволяє вам брати участь у Пророцтвах. Пророцтва — це квести, які можна повторювати нескінченно та які дають ексклюзивні нагороди. Також дозволяє розблоковувати та покращувати Реліквії Богів.","Ontgrendelt de Reliekschrijn-decoratie, waardoor je kunt deelnemen aan Profetieën. Profetieën zijn oneindig herhaalbare quests die exclusieve beloningen opleveren. Hiermee kun je ook Relikwieën van de Goden ontgrendelen en upgraden.","Kalıntı dekorasyonunu açar, Kehanetlere katılmanıza olanak tanır. Kehanetler, özel ödüller veren sonsuz tekrarlanabilir görevlerdir. Ayrıca Tanrıların Kalıntılarını açmanıza ve yükseltmenize olanak sağlar."
L_PROJN_DIVINATION_CANDLE,,Divination Candle,占術の蝋燭,Wahrsagekerze,Bougie de Divination,Vela de Adivinación,Vela de Adivinhação,Свеча Прорицания,Candela della Divinazione,占卜蠟燭,占卜蜡烛,점술 양초,Świeca Wróżbiarska,Свічка Віщування,Waarzegkaarsen,Kehanet Mumu
L_PROJD_DIVINATION_CANDLE,,Allows you to find Divination Candles in realms. Divination Candles allow you to spawn your choice of creatures to fight against.,領域内で占いの蝋燭を見つけることができます。占いの蝋燭を使うと、戦いたい生物を自分で選んで出現させることができます。,"Ermöglicht es dir, Wahrsagekerzen in Reichen zu finden. Wahrsagekerzen erlauben es dir, Kreaturen deiner Wahl zu beschwören, gegen die du kämpfen kannst.",Vous permet de trouver des Bougies de Divination dans les royaumes. Les Bougies de Divination vous permettent de faire apparaître les créatures de votre choix pour les combattre.,Te permite encontrar Velas de Adivinación en los reinos. Las Velas de Adivinación te permiten invocar a las criaturas que elijas para luchar contra ellas.,Permite que você encontre Velas de Adivinhação nos reinos. Velas de Adivinhação permitem que você invoque criaturas de sua escolha para lutar contra elas.,Позволяет находить Гадальные Свечи в мирах. Гадальные Свечи позволяют призывать выбранных вами существ для сражения.,Ti permette di trovare Candele Divinatorie nei reami. Le Candele Divinatorie ti consentono di evocare creature a tua scelta contro cui combattere.,讓你能在領域中找到占卜蠟燭。占卜蠟燭可以讓你召喚自選的生物來對抗。,允许你在领域中找到占卜蜡烛。占卜蜡烛允许你生成自选的生物来对战。,영역에서 점술 양초를 찾을 수 있게 해줍니다. 점술 양초를 사용하면 원하는 생물을 소환하여 싸울 수 있습니다.,Pozwala ci znajdować Świece Wróżbiarskie w krainach. Świece Wróżbiarskie umożliwiają przyzywanie wybranych przez ciebie stworzeń do walki.,Дозволяє знаходити Віщувальні Свічки в світах. Віщувальні Свічки дозволяють викликати обраних вами істот для бою.,Hiermee kun je Waarzegkaarsen vinden in rijken. Waarzegkaarsen stellen je in staat om zelf te kiezen welke wezens je wilt oproepen om tegen te vechten.,"Diyarlarda Kehanet Mumları bulmanızı sağlar. Kehanet Mumları, karşı savaşmak için istediğiniz yaratıkları çağırmanıza olanak tanır."
L_PROJN_INCREASED_MAXIMUM_PROJECTS_1,,Increased Maximum Projects,プロジェクト上限増加,Erhöhte maximale Projekte,Augmentation du nombre maximal de projets,Aumento de Proyectos Máximos,Aumento de Projetos Máximos,Увеличение максимального количества проектов,Progetti Massimi Aumentati,提高最大專案數量,增加最大工程数,최대 프로젝트 증가,Zwiększona Maksymalna Liczba Projektów,Збільшено максимальну кількість проєктів,Verhoogd Maximaal Aantal Projecten,Maksimum Proje Sayısı Arttırıldı
L_PROJD_INCREASED_MAXIMUM_PROJECTS_1,,Increases the number of Projects you can take on simultaneously by 1.,プロジェクトを同時に受注できる数を1増加させる。,"Erhöht die Anzahl der Projekte, die du gleichzeitig übernehmen kannst, um 1.",Augmente de 1 le nombre de Projets que vous pouvez entreprendre simultanément.,Aumenta en 1 el número de Proyectos que puedes realizar simultáneamente.,Aumenta em 1 o número de Projetos que você pode assumir simultaneamente.,"Увеличивает количество Проектов, которые вы можете вести одновременно, на 1.",Aumenta di 1 il numero di Progetti che puoi intraprendere simultaneamente.,增加你可以同時進行的專案數量 1 個。,你可以同时接受的工程数增加1个。,동시에 수행할 수 있는 프로젝트 수를 1 증가시킵니다.,"Zwiększa liczbę Projektów, które możesz podjąć jednocześnie, o 1.","Збільшує кількість Проєктів, які ви можете виконувати одночасно, на 1.",Verhoogt het aantal Projecten dat je tegelijkertijd kunt ondernemen met 1.,Aynı anda üstlenebileceğin Proje sayısını 1 arttırır.
L_PROJN_INCREASED_MAXIMUM_PROJECTS_2,,Increased Maximum Projects,プロジェクト上限増加,Erhöhte maximale Projekte,Augmentation du nombre maximal de projets,Aumento de Proyectos Máximos,Aumento de Projetos Máximos,Увеличение максимального количества проектов,Progetti Massimi Aumentati,提高最大專案數量,增加最大工程数,최대 프로젝트 증가,Zwiększona Maksymalna Liczba Projektów,Збільшено максимальну кількість проєктів,Verhoogd Maximaal Aantal Projecten,Maksimum Proje Sayısı Arttırıldı
L_PROJD_INCREASED_MAXIMUM_PROJECTS_2,,Increases the number of Projects you can take on simultaneously by 1.,プロジェクトを同時に受注できる数を1増加させる。,"Erhöht die Anzahl der Projekte, die du gleichzeitig übernehmen kannst, um 1.",Augmente de 1 le nombre de Projets que vous pouvez entreprendre simultanément.,Aumenta en 1 el número de Proyectos que puedes realizar simultáneamente.,Aumenta em 1 o número de Projetos que você pode assumir simultaneamente.,"Увеличивает количество Проектов, которые вы можете вести одновременно, на 1.",Aumenta di 1 il numero di Progetti che puoi intraprendere simultaneamente.,增加你可以同時進行的專案數量 1 個。,你可以同时接受的工程数增加1个。,동시에 수행할 수 있는 프로젝트 수를 1 증가시킵니다.,"Zwiększa liczbę Projektów, które możesz podjąć jednocześnie, o 1.","Збільшує кількість Проєктів, які ви можете виконувати одночасно, на 1.",Verhoogt het aantal Projecten dat je tegelijkertijd kunt ondernemen met 1.,Aynı anda üstlenebileceğin Proje sayısını 1 arttırır.
L_PROJN_INCREASED_MAXIMUM_PROJECTS_3,,Increased Maximum Projects,プロジェクト上限増加,Erhöhte maximale Projekte,Augmentation du nombre maximal de projets,Aumento de Proyectos Máximos,Aumento de Projetos Máximos,Увеличение максимального количества проектов,Progetti Massimi Aumentati,提高最大專案數量,增加最大工程数,최대 프로젝트 증가,Zwiększona Maksymalna Liczba Projektów,Збільшено максимальну кількість проєктів,Verhoogd Maximaal Aantal Projecten,Maksimum Proje Sayısı Arttırıldı
L_PROJD_INCREASED_MAXIMUM_PROJECTS_3,,Increases the number of Projects you can take on simultaneously by 1.,プロジェクトを同時に受注できる数を1増加させる。,"Erhöht die Anzahl der Projekte, die du gleichzeitig übernehmen kannst, um 1.",Augmente de 1 le nombre de Projets que vous pouvez entreprendre simultanément.,Aumenta en 1 el número de Proyectos que puedes realizar simultáneamente.,Aumenta em 1 o número de Projetos que você pode assumir simultaneamente.,"Увеличивает количество Проектов, которые вы можете вести одновременно, на 1.",Aumenta di 1 il numero di Progetti che puoi intraprendere simultaneamente.,增加你可以同時進行的專案數量 1 個。,你可以同时接受的工程数增加1个。,동시에 수행할 수 있는 프로젝트 수를 1 증가시킵니다.,"Zwiększa liczbę Projektów, które możesz podjąć jednocześnie, o 1.","Збільшує кількість Проєктів, які ви можете виконувати одночасно, на 1.",Verhoogt het aantal Projecten dat je tegelijkertijd kunt ondernemen met 1.,Aynı anda üstlenebileceğin Proje sayısını 1 arttırır.
L_PROJN_INCREASED_MAXIMUM_PROJECTS_4,,Increased Maximum Projects,プロジェクト上限増加,Erhöhte maximale Projekte,Augmentation du nombre maximal de projets,Aumento de Proyectos Máximos,Aumento de Projetos Máximos,Увеличение максимального количества проектов,Progetti Massimi Aumentati,提高最大專案數量,增加最大工程数,최대 프로젝트 증가,Zwiększona Maksymalna Liczba Projektów,Збільшено максимальну кількість проєктів,Verhoogd Maximaal Aantal Projecten,Maksimum Proje Sayısı Arttırıldı
L_PROJD_INCREASED_MAXIMUM_PROJECTS_4,,Increases the number of Projects you can take on simultaneously by 1.,プロジェクトを同時に受注できる数を1増加させる。,"Erhöht die Anzahl der Projekte, die du gleichzeitig übernehmen kannst, um 1.",Augmente de 1 le nombre de Projets que vous pouvez entreprendre simultanément.,Aumenta en 1 el número de Proyectos que puedes realizar simultáneamente.,Aumenta em 1 o número de Projetos que você pode assumir simultaneamente.,"Увеличивает количество Проектов, которые вы можете вести одновременно, на 1.",Aumenta di 1 il numero di Progetti che puoi intraprendere simultaneamente.,增加你可以同時進行的專案數量 1 個。,你可以同时接受的工程数增加1个。,동시에 수행할 수 있는 프로젝트 수를 1 증가시킵니다.,"Zwiększa liczbę Projektów, które możesz podjąć jednocześnie, o 1.","Збільшує кількість Проєктів, які ви можете виконувати одночасно, на 1.",Verhoogt het aantal Projecten dat je tegelijkertijd kunt ondernemen met 1.,Aynı anda üstlenebileceğin Proje sayısını 1 arttırır.
L_PROJN_UNLOCK_MISSION_RAID,,Unlock Mission: Raid,ミッション解放：襲撃,Freischalten der Mission: Überfall,Débloquer Mission : Raid,Desbloquear misión: Incursión,Desbloquear Missão: Invasão,Разблокировать миссию: Рейд,Sblocca Missione: Incursione,解鎖任務：突襲,解锁任务：突袭,미션 해제: 습격,Odblokuj misję: Rajd,Розблокувати місію: Рейд,Ontgrendel Missie: Overval,Görevi Aç: Baskın
L_PROJD_UNLOCK_MISSION_RAID,,Allows you to take on Raid Missions. These are repeatable Projects that reward you with treasure.,レイドミッションに挑戦できるようになります。これらは繰り返し可能なプロジェクトで、報酬として宝物を獲得できます。,"Ermöglicht es dir, Raid-Missionen anzunehmen. Dies sind wiederholbare Projekte, die dich mit Schätzen belohnen.",Vous permet d'entreprendre des Missions de Raid. Ce sont des Projets répétables qui vous récompensent avec des trésors.,Te permite asumir Misiones de Incursión. Estos son Proyectos repetibles que te recompensan con tesoros.,Permite que você aceite Missões de Incursão. Estes são Projetos repetíveis que recompensam você com tesouros.,"Позволяет вам браться за Рейдовые Миссии. Это повторяемые Проекты, которые вознаграждают вас сокровищами.",Ti permette di intraprendere Missioni Incursione. Questi sono Progetti ripetibili che ti ricompensano con tesori.,讓你接受突襲任務。這些是可重複進行的計畫，會獎勵你寶藏。,允许你接受突袭任务。这些是可重复的工程，完成后会奖励你宝藏。,레이드 미션을 수행할 수 있게 해줍니다. 이것들은 보물로 보상을 주는 반복 가능한 프로젝트입니다.,"Pozwala ci podejmować Misje Rajdowe. Są to powtarzalne Projekty, które nagradzają cię skarbami.","Дозволяє вам брати Рейдові Місії. Це повторювані Проєкти, які винагороджують вас скарбами.",Hiermee kun je Raid-missies ondernemen. Dit zijn herhaalbare Projecten die je belonen met schatten.,"Baskın Görevleri almanızı sağlar. Bunlar, size hazine ödülleri veren tekrarlanabilir Projelerdir."
L_PROJN_UNLOCK_MISSION_FORAGE,,Unlock Mission: Forage,ミッション解放：採集,Freischalten der Mission: Sammeln,Débloquer Mission : Fourrage,Desbloquear misión: Forrajear,Desbloquear Missão: Forragear,Разблокировать задание: Добыча припасов,Sblocca Missione: Foraggiare,解鎖任務：採集,解锁任务：采集,임무 해제: 채집,Odblokuj misję: Zbieractwo,Розблокувати місію: Збір ресурсів,Missie Ontgrendeld: Foerageren,Görevi Aç: Yiyecek Topla
L_PROJD_UNLOCK_MISSION_FORAGE,,Allows you to take on Forage Missions. These are repeatable Projects that reward you with Artifact crafting materials.,採集ミッションに挑戦できるようになります。これらは繰り返し可能なプロジェクトで、アーティファクト作成素材を報酬として獲得できます。,"Ermöglicht es dir, Sammelaufträge anzunehmen. Dies sind wiederholbare Projekte, die dich mit Materialien für die Artefaktherstellung belohnen.",Vous permet d'entreprendre des Missions de Cueillette. Ce sont des Projets répétables qui vous récompensent avec des matériaux d'artisanat d'Artefact.,Te permite asumir Misiones de Recolección. Estos son Proyectos repetibles que te recompensan con materiales para fabricar Artefactos.,Permite que você aceite Missões de Forragem. Estes são Projetos repetíveis que recompensam você com materiais de criação de Artefatos.,"Позволяет вам брать Миссии Добычи. Это повторяемые Проекты, которые вознаграждают вас материалами для создания Артефактов.",Ti permette di intraprendere Missioni di Raccolta. Questi sono Progetti ripetibili che ti ricompensano con materiali per la creazione di Artefatti.,讓你接受採集任務。這些是可重複的項目，會獎勵你神器製作材料。,允许你接受采集任务。这些是可重复的工程，完成后会奖励你神器制作材料。,채집 임무를 수행할 수 있게 해줍니다. 이는 유물 제작 재료를 보상으로 주는 반복 가능한 프로젝트입니다.,"Pozwala ci podejmować Misje Zbierackie. Są to powtarzalne Projekty, które nagradzają cię materiałami do tworzenia Artefaktów.","Дозволяє вам брати Завдання з Пошуку Ресурсів. Це повторювані Проєкти, які винагороджують вас матеріалами для створення Артефактів.",Hiermee kun je Verzamelopdrachten aannemen. Dit zijn herhaalbare Projecten die je belonen met materialen voor het maken van Artefacten.,"Toplama Görevleri almanızı sağlar. Bunlar, size Eser üretim malzemeleri kazandıran tekrarlanabilir Projelerdir."
L_PROJN_UNLOCK_MISSION_EXPERIMENT,,Unlock Mission: Experiment,ミッション解放：実験,Freischalten der Mission: Experiment,Débloquer Mission : Expérience,Desbloquear Misión: Experimento,Desbloquear Missão: Experimento,Разблокировать миссию: Эксперимент,Sblocca Missione: Esperimento,解鎖任務：實驗,解锁任务：实验,미션 해제: 실험,Odblokuj misję: Eksperyment,Розблокувати місію: Експеримент,Ontgrendel Missie: Experiment,Görevi Aç: Deney
L_PROJD_UNLOCK_MISSION_EXPERIMENT,,Allows you to take on Experiment Missions. These are repeatable Projects that reward you with Spell Gem crafting materials.,実験ミッションに挑戦できるようになります。これらは繰り返し可能なプロジェクトで、呪文の宝石の素材を報酬として獲得できます。,"Ermöglicht es dir, Experiment-Missionen anzunehmen. Dies sind wiederholbare Projekte, die dich mit Materialien für die Herstellung von Zauberedelsteinen belohnen.",Vous permet d'entreprendre des Missions d'Expérimentation. Ce sont des Projets répétables qui vous récompensent avec des matériaux d'artisanat de Gemmes de Sort.,Te permite asumir Misiones de Experimento. Estos son Proyectos repetibles que te recompensan con materiales para fabricar Gemas de Hechizo.,Permite que você aceite Missões de Experimento. Estes são Projetos repetíveis que recompensam você com materiais de criação de Gemas de Feitiço.,"Позволяет вам браться за Экспериментальные Миссии. Это повторяемые Проекты, которые вознаграждают вас материалами для создания Самоцветов Заклинаний.",Consente di intraprendere Missioni Esperimento. Questi sono Progetti ripetibili che ti ricompensano con materiali per la creazione di Gemme Incantesimo.,讓你接受實驗任務。這些是可重複進行的計劃，完成後會獎勵你法術寶石製作材料。,允许你接受实验任务。这些是可重复的工程，完成后会奖励你法术宝石制作材料。,실험 임무를 수행할 수 있게 해줍니다. 이는 주문 보석 제작 재료를 보상으로 주는 반복 가능한 프로젝트입니다.,"Pozwala na podejmowanie Misji Eksperymentalnych. Są to powtarzalne Projekty, które nagradzają cię materiałami do tworzenia Klejnotów Zaklęć.","Дозволяє вам брати Експериментальні Місії. Це повторювані Проєкти, які нагороджують вас матеріалами для створення Самоцвітів Заклинань.",Hiermee kun je Experimentele Missies ondernemen. Dit zijn herhaalbare Projecten die je belonen met materialen voor het maken van Spreuksteen.,"Deney Görevlerini üstlenmenizi sağlar. Bunlar, size Büyü Taşı üretim malzemeleri kazandıran tekrarlanabilir Projelerdir."
L_PROJN_UNLOCK_MISSION_HUNT,,Unlock Mission: Hunt,ミッション解放：狩り,Freischalten Mission: Jagd,Débloquer Mission : Chasse,Desbloquear misión: Caza,Desbloquear Missão: Caçada,Разблокировать миссию: Охота,Sblocca Missione: Caccia,解鎖任務：狩獵,解锁任务：狩猎,미션 해제: 사냥,Odblokuj misję: Polowanie,Розблокувати місію: Полювання,Ontgrendel Missie: Jacht,Görevi Aç: Avlanma
L_PROJD_UNLOCK_MISSION_HUNT,,Allows you to take on Hunt Missions. These are repeatable Projects that reward you with Knowledge about the creature of your choice.,ハントミッションを引き受けることができます。これらは繰り返し可能なプロジェクトで、選んだ生物に関する知識を報酬として獲得できます。,"Ermöglicht es dir, Jagdmissionen anzunehmen. Dies sind wiederholbare Projekte, die dich mit Wissen über die Kreatur deiner Wahl belohnen.",Vous permet d'entreprendre des Missions de Chasse. Ce sont des Projets répétables qui vous récompensent avec des Connaissances sur la créature de votre choix.,Te permite asumir Misiones de Caza. Estos son Proyectos repetibles que te recompensan con Conocimiento sobre la criatura de tu elección.,Permite que você aceite Missões de Caça. Estes são Projetos repetíveis que recompensam você com Conhecimento sobre a criatura de sua escolha.,"Позволяет вам браться за Охотничьи Миссии. Это повторяемые Проекты, которые вознаграждают вас Знаниями о существе по вашему выбору.",Ti permette di intraprendere Missioni di Caccia. Questi sono Progetti ripetibili che ti ricompensano con Conoscenza sulla creatura di tua scelta.,讓你接受狩獵任務。這些是可重複進行的計畫，會獎勵你所選擇生物的相關知識。,允许你接受狩猎任务。这些是可重复的工程，完成后会奖励你所选生物的相关知识。,사냥 임무를 수행할 수 있게 해줍니다. 이는 당신이 선택한 생물에 대한 지식으로 보상을 주는 반복 가능한 프로젝트입니다.,"Pozwala ci podejmować Misje Łowieckie. Są to powtarzalne Projekty, które nagradzają cię Wiedzą o stworzeniu twojego wyboru.","Дозволяє вам брати Мисливські Завдання. Це повторювані Проєкти, які нагороджують вас Знаннями про істоту на ваш вибір.",Hiermee kun je Jachtmissies ondernemen. Dit zijn herhaalbare Projecten die je belonen met Kennis over het wezen naar keuze.,"Av Görevleri almanıza olanak tanır. Bunlar, seçtiğiniz yaratık hakkında Bilgi ile ödüllendiren tekrarlanabilir Projelerdir."
L_PROJN_UNLOCK_MISSION_PILGRIMAGE,,Unlock Mission: Pilgrimage,ミッション解放：巡礼,Freischalten der Mission: Pilgerreise,Débloquer Mission : Pèlerinage,Desbloquear misión: Peregrinación,Desbloquear Missão: Peregrinação,Разблокировать миссию: Паломничество,Sblocca Missione: Pellegrinaggio,解鎖任務：朝聖之旅,解锁任务：朝圣,임무 해제: 순례,Odblokuj misję: Pielgrzymka,Розблокувати місію: Паломництво,Missie Ontgrendeld: Bedevaart,Görevi Aç: Hac Yolculuğu
L_PROJD_UNLOCK_MISSION_PILGRIMAGE,,Allows you to take on Pilgrimage Missions. These are repeatable Projects that reward you with Favor with the god of your choice.,巡礼ミッションに挑戦できるようになります。これらは繰り返し可能なプロジェクトで、あなたが選んだ神との好意を報酬として得られます。,"Ermöglicht es dir, Pilgerschaftsmissionen anzunehmen. Dies sind wiederholbare Projekte, die dich mit Gunst bei der Gottheit deiner Wahl belohnen.",Vous permet d'entreprendre des Missions de Pèlerinage. Ce sont des Projets répétables qui vous récompensent avec de la Faveur auprès du dieu de votre choix.,Te permite asumir Misiones de Peregrinación. Estos son Proyectos repetibles que te recompensan con Favor del dios que elijas.,Permite que você aceite Missões de Peregrinação. Estes são Projetos repetíveis que recompensam você com Favor do deus de sua escolha.,"Позволяет вам брать Миссии Паломничества. Это повторяемые Проекты, которые вознаграждают вас Благосклонностью бога по вашему выбору.",Ti permette di intraprendere Missioni di Pellegrinaggio. Questi sono Progetti ripetibili che ti ricompensano con Favore presso il dio di tua scelta.,讓你接受朝聖任務。這些是可重複的計劃，完成後會獎勵你所選神明的青睞。,允许你接受朝圣任务。这些是可重复的工程，完成后会奖励你所选神明的恩惠。,순례 임무를 수행할 수 있게 해줍니다. 이는 당신이 선택한 신과의 호의를 보상으로 주는 반복 가능한 프로젝트입니다.,"Pozwala ci podejmować Misje Pielgrzymkowe. Są to powtarzalne Projekty, które nagradzają cię Przychylnością wybranego boga.","Дозволяє вам брати Паломницькі Місії. Це повторювані Проєкти, які нагороджують вас Прихильністю бога на ваш вибір.",Hiermee kun je Pelgrimsmissies ondernemen. Dit zijn herhaalbare Projecten die je belonen met Gunst bij de god van jouw keuze.,"Hac Görevlerini üstlenmenizi sağlar. Bunlar, seçtiğiniz tanrıyla Lütuf kazandıran tekrarlanabilir Projelerdir."
L_PROJN_UNLOCK_MISSION_TRAINING,,Unlock Mission: Training,ミッション解放：トレーニング,Freischalten der Mission: Training,Débloquer Mission : Entraînement,Desbloquear misión: Entrenamiento,Desbloquear Missão: Treinamento,Разблокировать миссию: Тренировка,Sblocca Missione: Addestramento,解鎖任務：訓練,解锁任务：训练,미션 해제: 훈련,Odblokuj misję: Trening,Розблокувати місію: Тренування,Ontgrendel Missie: Training,Görevi Aç: Eğitim
L_PROJD_UNLOCK_MISSION_TRAINING,,Allows you to take on Training Missions. These are repeatable Projects that reward you with Scrolls that can be used to boost your creatures' base stats.,トレーニングミッションに挑戦できるようになります。これらは繰り返し可能なプロジェクトで、クリーチャーの基本ステータスを強化するために使用できる巻物を報酬として獲得できます。,"Ermöglicht es dir, Trainingsmissionen zu übernehmen. Dies sind wiederholbare Projekte, die dich mit Schriftrollen belohnen, welche verwendet werden können, um die Basiswerte deiner Kreaturen zu verbessern.",Vous permet d'entreprendre des Missions d'Entraînement. Ce sont des Projets répétables qui vous récompensent avec des Parchemins pouvant être utilisés pour améliorer les statistiques de base de vos créatures.,Te permite realizar Misiones de Entrenamiento. Estos son Proyectos repetibles que te recompensan con Pergaminos que pueden usarse para mejorar las estadísticas base de tus criaturas.,Permite que você participe de Missões de Treinamento. Estes são Projetos repetíveis que recompensam você com Pergaminhos que podem ser usados para aumentar os atributos base das suas criaturas.,"Позволяет вам проходить Тренировочные Миссии. Это повторяемые Проекты, которые вознаграждают вас Свитками, которые можно использовать для улучшения базовых характеристик ваших существ.",Ti permette di intraprendere Missioni di Addestramento. Questi sono Progetti ripetibili che ti ricompensano con Pergamene utilizzabili per potenziare le statistiche base delle tue creature.,允許你接受訓練任務。這些是可重複的項目，會獎勵你卷軸，可用來提升你生物的基礎屬性。,允许你接受训练任务。这些是可重复的工程，完成后会奖励你可用于提升生物基础属性值的卷轴。,"훈련 임무를 수행할 수 있게 해줍니다. 이는 반복 가능한 프로젝트로, 생물의 기본 능력치를 강화하는 데 사용할 수 있는 두루마리를 보상으로 제공합니다.","Pozwala ci podejmować Misje Treningowe. Są to powtarzalne Projekty, które nagradzają cię Zwojami, których można użyć do zwiększenia podstawowych statystyk twoich stworzeń.","Дозволяє вам брати Тренувальні Місії. Це повторювані Проєкти, які нагороджують вас Сувоями, які можна використовувати для підвищення базових характеристик ваших істот.",Hiermee kun je Trainingsmissies ondernemen. Dit zijn herhaalbare Projecten die je belonen met Rollen die gebruikt kunnen worden om de basisstatistieken van je wezens te verbeteren.,"Eğitim Görevleri üstlenmenizi sağlar. Bunlar, yaratıklarınızın temel özelliklerini güçlendirmek için kullanılabilen Tomarlar ile ödüllendiren tekrarlanabilir Projelerdir."
L_PROJN_UNLOCK_MISSION_ASSASSINATION,,Unlock Mission: Assassination,ミッション解除：暗殺,Freischalten der Mission: Attentat,Débloquer Mission : Assassinat,Desbloquear misión: Asesinato,Desbloquear Missão: Assassinato,Разблокировать миссию: Убийство,Sblocca Missione: Assassinio,解鎖任務：暗殺,解锁任务：暗杀,미션 해제: 암살,Odblokuj Misję: Zabójstwo,Розблокувати місію: Вбивство,Ontgrendel Missie: Moordaanslag,Görevi Aç: Suikast
L_PROJD_UNLOCK_MISSION_ASSASSINATION,,Allows you to take on Assassination Missions. These are repeatable Projects that reward you with Trait Materials from the creature of your choice. You can only assassinate creatures that you have Rank S knowledge about.,暗殺ミッションを引き受けることができます。これらは繰り返し可能なプロジェクトで、選んだ生物からの特性素材を報酬として獲得できます。ランクSの知識を持っている生物のみ暗殺することができます。,"Ermöglicht es dir, Attentatsmissionen anzunehmen. Dies sind wiederholbare Projekte, die dich mit Eigenschaftsmaterialien der Kreatur deiner Wahl belohnen. Du kannst nur Kreaturen ermorden, über die du Wissen des Ranges S besitzt.",Vous permet d'accepter des Missions d'Assassinat. Ce sont des Projets répétables qui vous récompensent avec des Matériaux de Trait provenant de la créature de votre choix. Vous ne pouvez assassiner que des créatures dont vous avez une connaissance de Rang S.,Te permite aceptar Misiones de Asesinato. Estos son Proyectos repetibles que te recompensan con Materiales de Rasgo de la criatura que elijas. Solo puedes asesinar criaturas sobre las que tengas conocimiento de Rango S.,Permite que você aceite Missões de Assassinato. Estes são Projetos repetíveis que recompensam você com Materiais de Característica da criatura de sua escolha. Você só pode assassinar criaturas sobre as quais tenha conhecimento de Rank S.,"Позволяет вам браться за Миссии Убийства. Это повторяемые Проекты, которые вознаграждают вас Материалами Черт от выбранного вами существа. Вы можете убивать только тех существ, о которых у вас есть знания Ранга S.",Ti permette di accettare Missioni di Assassinio. Questi sono Progetti ripetibili che ti ricompensano con Materiali di Tratto della creatura di tua scelta. Puoi assassinare solo creature di cui hai conoscenza di Rango S.,允許你接受暗殺任務。這些是可重複的計劃，會根據你選擇的生物獎勵你特質材料。你只能暗殺那些你擁有S級知識的生物。,允许你接受暗杀任务。这些是可重复的工程，完成后会奖励你所选择生物的特性材料。你只能暗杀你拥有S级知识的生物。,암살 임무를 수행할 수 있게 해줍니다. 이는 당신이 선택한 생물로부터 특성 재료를 보상으로 받는 반복 가능한 프로젝트입니다. 당신은 S 등급 지식을 가진 생물만 암살할 수 있습니다.,"Pozwala ci podejmować Misje Zabójstwa. Są to powtarzalne Projekty, które nagradzają cię Materiałami Cech od wybranego przez ciebie stworzenia. Możesz zabijać tylko stworzenia, o których masz wiedzę na Randze S.","Дозволяє вам брати Місії з Вбивства. Це повторювані Проєкти, які нагороджують вас Матеріалами Рис від істоти на ваш вибір. Ви можете вбивати лише тих істот, про яких маєте знання Рангу S.",Hiermee kun je Moordopdrachten aannemen. Dit zijn herhaalbare Projecten die je belonen met Eigenschap Materialen van het wezen naar keuze. Je kunt alleen wezens vermoorden waarover je Rang S kennis hebt.,"Suikast Görevleri almanıza olanak tanır. Bunlar, seçtiğiniz yaratıktan Özellik Malzemeleri kazandıran tekrarlanabilir Projelerdir. Sadece Rütbe S bilgisine sahip olduğunuz yaratıkları suikast edebilirsiniz."
L_PROJN_UNLOCK_MISSION_SYNTHESIS,,Unlock Mission: Nether Synthesis,ミッション解放：冥界合成,Freischalten der Mission: Nether-Synthese,Débloquer Mission : Synthèse du Néant,Desbloquear Misión: Síntesis del Inframundo,Desbloquear Missão: Síntese do Nether,Разблокировать миссию: Синтез Нижнего мира,Sblocca Missione: Sintesi dell'Etere,解鎖任務：冥界合成,解锁任务：下界合成,미션 해제: 네더 합성,Odblokuj misję: Synteza Netheru,Розблокувати місію: Синтез Незер,Missie Ontgrendeld: Nether Synthese,Görevi Aç: Öte Sentez
L_PROJD_UNLOCK_MISSION_SYNTHESIS,,Allows you to take on Nether Synthesis Missions. These are repeatable Projects that reward you with a random Nether Stone.,ネザー合成ミッションに挑戦できるようになります。これらは繰り返し可能なプロジェクトで、ランダムなネザーストーンを報酬として獲得できます。,"Ermöglicht es dir, Nether-Synthese-Missionen anzunehmen. Dies sind wiederholbare Projekte, die dich mit einem zufälligen Nether-Stein belohnen.",Vous permet d'entreprendre des Missions de Synthèse du Néant. Ce sont des Projets répétables qui vous récompensent avec une Pierre du Néant aléatoire.,Te permite asumir Misiones de Síntesis del Inframundo. Estos son Proyectos repetibles que te recompensan con una Piedra del Inframundo aleatoria.,Permite que você aceite Missões de Síntese do Nether. Estes são Projetos repetíveis que recompensam você com uma Pedra do Nether aleatória.,"Позволяет вам браться за Миссии Синтеза Пустоты. Это повторяемые Проекты, которые вознаграждают вас случайным Камнем Пустоты.",Ti permette di intraprendere Missioni di Sintesi Nether. Questi sono Progetti ripetibili che ti ricompensano con una Pietra Nether casuale.,允許你接取冥界合成任務。這些是可重複的計畫，會獎勵你一顆隨機的冥界石。,允许你接受下界合成任务。这些是可重复的工程，完成后会奖励你一个随机下界石。,네더 합성 임무를 수행할 수 있게 해줍니다. 이는 무작위 네더 스톤을 보상으로 주는 반복 가능한 프로젝트입니다.,"Pozwala ci podejmować Misje Syntezy Netheru. Są to powtarzalne Projekty, które nagradzają cię losowym Kamieniem Netheru.","Дозволяє вам брати Місії Синтезу Незер. Це повторювані Проєкти, які нагороджують вас випадковим Каменем Незер.",Hiermee kun je Nether Synthese Missies ondernemen. Dit zijn herhaalbare Projecten die je belonen met een willekeurige Nether Steen.,"Nether Sentez Görevlerini üstlenmenizi sağlar. Bunlar, size rastgele bir Nether Taşı kazandıran tekrarlanabilir Projelerdir."
L_PROJN_CASTLE_EXPANSION,,Castle Expansion,城の拡張,Burgausbau,Extension du Château,Expansión del Castillo,Expansão do Castelo,Расширение замка,Espansione del Castello,城堡擴建,城堡扩建,성 확장,Rozbudowa Zamku,Розширення замку,Kasteeluitbreiding,Kale Genişletmesi
L_PROJD_CASTLE_EXPANSION,,Greatly increases the size of your castle.,城の規模を大幅に拡大する。,Vergrößert deine Burg erheblich.,Augmente considérablement la taille de votre château.,Aumenta enormemente el tamaño de tu castillo.,Aumenta consideravelmente o tamanho do seu castelo.,Значительно увеличивает размер вашего замка.,Aumenta notevolmente le dimensioni del tuo castello.,大幅增加你城堡的規模。,大幅增加你城堡的规模。,당신의 성의 크기를 크게 증가시킵니다.,Znacznie zwiększa rozmiar twojego zamku.,Значно збільшує розмір вашого замку.,Vergroot de grootte van je kasteel aanzienlijk.,Kalenizin boyutunu büyük ölçüde artırır.
L_PROJN_ARCANE_VAULT,,Arcane Vault,アーケイン・ヴォールト,Arkane Kammer,Voûte Arcanique,Bóveda Arcana,Cofre Arcano,Тайное Хранилище,Cripta Arcana,奧術寶庫,奥术宝库,비전 금고,Mistyczna Skarbnica,Магічне Сховище,Arcane Kluis,Büyülü Kasa
L_PROJD_ARCANE_VAULT,,"Unlocks the Arcane Vault decoration, which allows you to upgrade your Talisman.",アーケイン・ヴォールトの装飾を解除し、タリスマンをアップグレードできるようになります。,"Schaltet die Arkane Gruft-Dekoration frei, mit der du deinen Talisman verbessern kannst.","Débloque la décoration Chambre Forte Arcanique, qui vous permet d'améliorer votre Talisman.","Desbloquea la decoración Bóveda Arcana, que te permite mejorar tu Talismán.","Desbloqueia a decoração Cofre Arcano, que permite aprimorar seu Talismã.","Разблокирует украшение «Тайное хранилище», которое позволяет улучшить ваш Талисман.","Sblocca la decorazione Volta Arcana, che ti permette di potenziare il tuo Talismano.",解鎖奧術寶庫裝飾，讓你能夠升級你的護符。,解锁奥术宝库装饰，允许你升级护符。,마법 금고 장식을 해제하여 부적을 업그레이드할 수 있게 합니다.,"Odblokowuje dekorację Tajemnego Skarbca, która pozwala ulepszyć twój Talizman.","Розблоковує декорацію Таємничого Сховища, яка дозволяє вам покращувати свій Талісман.","Ontgrendelt de Arcane Vault-decoratie, waarmee je je Talisman kunt upgraden.",Tılsımını yükseltmene olanak sağlayan Gizemli Kasa dekorasyonunu açar.
L_PROJN_RAID,,Raid,レイド,Razzia,Raid,Incursión,Ataque,Рейд,Incursione,突襲,突袭,레이드,Najazd,Рейд,Raid,Baskın
L_PROJD_RAID,,"After completing this Project, you will receive treasure.",このプロジェクトを完了すると、宝物を獲得できます。,Nach Abschluss dieses Projekts erhältst du einen Schatz.,"Après avoir terminé ce Projet, vous recevrez un trésor.","Después de completar este Proyecto, recibirás un tesoro.","Após completar este Projeto, você receberá tesouro.",После завершения этого Проекта вы получите сокровище.,"Dopo aver completato questo Progetto, riceverai un tesoro.",完成此專案後，你將獲得寶藏。,完成此工程后，你将获得宝藏。,이 프로젝트를 완료하면 보물을 받게 됩니다.,Po ukończeniu tego Projektu otrzymasz skarb.,Після завершення цього Проєкту ви отримаєте скарб.,Na het voltooien van dit Project ontvang je een schat.,Bu Projeyi tamamladıktan sonra hazine alacaksın.
L_PROJN_FORAGE,,Forage,採集,Sammeln,Fourrager,Forrajear,Forragear,Добыча,Raccogliere,採集,采集,채집,Zbieractwo,Збирати,Foerageren,Yiyecek Topla
L_PROJD_FORAGE,,"After completing this Project, you will receive Artifact crafting materials.",このプロジェクトを完了すると、アーティファクト作成素材を獲得できます。,Nach Abschluss dieses Projekts erhältst du Materialien zur Artefaktherstellung.,"Après avoir terminé ce Projet, vous recevrez des matériaux de fabrication d'Artéfact.","Después de completar este Proyecto, recibirás materiales para fabricar Artefactos.","Após concluir este Projeto, você receberá materiais de criação de Artefatos.",После завершения этого Проекта вы получите материалы для создания Артефактов.,"Dopo aver completato questo Progetto, riceverai materiali per la creazione di Artefatti.",完成此專案後，你將獲得神器製作材料。,完成此工程后，你将获得神器制作材料。,이 프로젝트를 완료하면 유물 제작 재료를 받게 됩니다.,Po ukończeniu tego Projektu otrzymasz materiały do tworzenia Artefaktów.,Після завершення цього Проєкту ви отримаєте матеріали для створення Артефактів.,Na het voltooien van dit Project ontvang je materialen voor het maken van Artefacten.,"Bu Projeyi tamamladıktan sonra, Eser üretim malzemeleri alacaksın."
L_PROJN_EXPERIMENT,,Experiment,実験,Experiment,Expérience,Experimento,Experimento,Эксперимент,Esperimento,實驗,实验,실험,Eksperyment,Експеримент,Experiment,Deney
L_PROJD_EXPERIMENT,,"After completing this Project, you will receive Spell Gem crafting materials.",このプロジェクトを完了すると、呪文の宝石の製作素材を獲得できます。,Nach Abschluss dieses Projekts erhältst du Materialien zur Herstellung von Zauberedelsteinen.,"Après avoir terminé ce Projet, vous recevrez des matériaux de fabrication de Gemme de Sort.","Después de completar este Proyecto, recibirás materiales para fabricar Gemas de Hechizo.","Após concluir este Projeto, você receberá materiais de criação de Gema de Feitiço.",После завершения этого Проекта вы получите материалы для создания Самоцветов заклинаний.,"Dopo aver completato questo Progetto, riceverai materiali per la creazione di Gemme Incantesimo.",完成此專案後，你將獲得法術寶石製作材料。,完成此工程后，你将获得法术宝石制作材料。,이 프로젝트를 완료하면 주문 보석 제작 재료를 받게 됩니다.,Po ukończeniu tego Projektu otrzymasz materiały do tworzenia Klejnotów Zaklęć.,Після завершення цього Проєкту ви отримаєте матеріали для створення Магічних Самоцвітів.,Na het voltooien van dit Project ontvang je materialen voor het maken van Spreukedelstenen.,"Bu Projeyi tamamladıktan sonra, Büyü Taşı üretim malzemeleri alacaksın."
L_PROJN_HUNT,,Hunt,ハント,Jagen,Chasse,Cazar,Caçar,Охота,Caccia,狩獵,狩猎,사냥,Polowanie,Полювання,Jagen,Avla
L_PROJD_HUNT,,"After completing this Project, you will receive Knowledge about the creature of your choice. You can only hunt creatures that you have Rank D knowledge about, or higher.",このプロジェクトを完了すると、あなたが選んだ生物に関する知識を獲得します。ランクDかそれ以上の知識を持つ生物のみを狩ることができます。,"Nach Abschluss dieses Projekts erhältst du Wissen über die Kreatur deiner Wahl. Du kannst nur Kreaturen jagen, über die du Wissen des Rangs D oder höher besitzt.","Après avoir terminé ce Projet, vous recevrez des Connaissances sur la créature de votre choix. Vous ne pouvez chasser que les créatures dont vous avez des connaissances de Rang D ou supérieur.","Después de completar este Proyecto, recibirás Conocimiento sobre la criatura de tu elección. Solo puedes cazar criaturas de las que tengas Conocimiento de Rango D o superior.","Após completar este Projeto, você receberá Conhecimento sobre a criatura de sua escolha. Você só pode caçar criaturas sobre as quais tenha Conhecimento de Classificação D ou superior.","После завершения этого Проекта вы получите Знания о существе на ваш выбор. Вы можете охотиться только на существ, о которых у вас есть Знания Ранга D или выше.","Dopo aver completato questo Progetto, riceverai Conoscenza sulla creatura di tua scelta. Puoi cacciare solo creature di cui hai Conoscenza di Grado D o superiore.",完成此項目後，你將獲得關於你所選擇生物的知識。你只能獵捕你擁有D級或更高等級知識的生物。,完成此工程后，你将获得所选生物的相关知识。你只能狩猎你拥有D级或更高级别知识的生物。,이 프로젝트를 완료하면 당신이 선택한 생물에 대한 지식을 얻게 됩니다. 당신은 D 등급 이상의 지식을 가진 생물만 사냥할 수 있습니다.,"Po ukończeniu tego Projektu otrzymasz Wiedzę o stworzeniu według twojego wyboru. Możesz polować tylko na stworzenia, o których masz Wiedzę Rangi D lub wyższej.","Після завершення цього Проєкту ви отримаєте Знання про істоту на ваш вибір. Ви можете полювати лише на істот, про яких у вас є Знання Рангу D або вище.",Na het voltooien van dit Project ontvang je Kennis over het wezen van jouw keuze. Je kunt alleen wezens jagen waarover je Rang D kennis of hoger hebt.,"Bu Projeyi tamamladıktan sonra, seçtiğiniz yaratık hakkında Bilgi kazanacaksınız. Sadece D Rütbesi veya daha yüksek bilgiye sahip olduğunuz yaratıkları avlayabilirsiniz."
L_PROJN_PILGRIMAGE,,Pilgrimage,巡礼,Pilgerreise,Pèlerinage,Peregrinación,Peregrinação,Паломничество,Pellegrinaggio,朝聖之旅,朝圣,순례,Pielgrzymka,Паломництво,Bedevaart,Hac Yolculuğu
L_PROJD_PILGRIMAGE,,"After completing this Project, you will receive Favor with the god of your choice.",このプロジェクトを完了すると、あなたが選んだ神からの好意を得ることができます。,Nach Abschluss dieses Projekts erhältst du Gunst bei dem Gott deiner Wahl.,"Après avoir terminé ce Projet, vous recevrez une Faveur du dieu de votre choix.","Después de completar este Proyecto, recibirás Favor con el dios de tu elección.","Após completar este Projeto, você receberá Favor com o deus de sua escolha.",После завершения этого Проекта вы получите Благосклонность бога по вашему выбору.,"Dopo aver completato questo Progetto, riceverai Favore con il dio di tua scelta.",完成此計劃後，你將獲得你所選擇的神明的青睞。,完成此工程后，你将获得所选神明的恩惠。,"이 프로젝트를 완료하면, 당신이 선택한 신과의 호감도를 얻게 됩니다.",Po ukończeniu tego Projektu otrzymasz Przychylność wybranego przez siebie boga.,Після завершення цього Проєкту ви отримаєте Прихильність бога на ваш вибір.,Na het voltooien van dit Project ontvang je Gunst bij de god van jouw keuze.,"Bu Projeyi tamamladıktan sonra, seçtiğin tanrıdan Lütuf kazanacaksın."
L_PROJN_TRAINING,,Training,トレーニング,Training,Entraînement,Entrenamiento,Treinamento,Тренировка,Allenamento,訓練,训练,훈련,Trening,Тренування,Training,Eğitim
L_PROJD_TRAINING,,"After completing this Project, you will receive 3 Scrolls that can be used to boost your creatures' stats.",このプロジェクトを完了すると、クリーチャーのステータスを強化するために使用できる3つの巻物を獲得します。,"Nach Abschluss dieses Projekts erhältst du 3 Schriftrollen, die zur Verbesserung der Werte deiner Kreaturen verwendet werden können.","Après avoir terminé ce Projet, vous recevrez 3 Parchemins qui peuvent être utilisés pour améliorer les statistiques de vos créatures.","Después de completar este Proyecto, recibirás 3 Pergaminos que pueden usarse para mejorar las estadísticas de tus criaturas.","Após completar este Projeto, você receberá 3 Pergaminhos que podem ser usados para aumentar os atributos das suas criaturas.","После завершения этого Проекта вы получите 3 Свитка, которые можно использовать для усиления характеристик ваших существ.","Dopo aver completato questo Progetto, riceverai 3 Pergamene che possono essere utilizzate per potenziare le statistiche delle tue creature.",完成此專案後，你將獲得3個可用來提升生物能力值的卷軸。,完成此工程后，你将获得3个可用于提升生物属性值的卷轴。,이 프로젝트를 완료하면 생물의 능력치를 강화하는 데 사용할 수 있는 주문서 3개를 받게 됩니다.,"Po ukończeniu tego Projektu otrzymasz 3 Zwoje, które mogą być użyte do wzmocnienia statystyk twoich stworzeń.","Після завершення цього Проєкту ви отримаєте 3 Сувої, які можна використати для підвищення характеристик ваших істот.",Na het voltooien van dit Project ontvang je 3 Rollen die kunnen worden gebruikt om de statistieken van je wezens te verbeteren.,"Bu Projeyi tamamladıktan sonra, yaratıklarınızın özelliklerini güçlendirmek için kullanılabilecek 3 Tomar alacaksınız."
L_PROJN_SYNTHESIS,,Nether Synthesis,冥府合成,Äthersynthese,Synthèse du Néant,Síntesis del Inframundo,Síntese do Nether,Синтез Пустоты,Sintesi dell'Etere,冥界合成,下界合成,황천 합성,Synteza Otchłani,Синтез Пустоти,Nether Synthese,Öte Sentez
L_PROJD_SYNTHESIS,,"After completing this Project, you will receive a random Nether Stone.",このプロジェクトを完了すると、ランダムなネザーストーンを獲得します。,Nach Abschluss dieses Projekts erhältst du einen zufälligen Netherkristall.,"Après avoir terminé ce Projet, vous recevrez une Pierre du Néant aléatoire.","Después de completar este Proyecto, recibirás una Piedra del Inframundo aleatoria.","Após completar este Projeto, você receberá uma Pedra do Nether aleatória.",После завершения этого Проекта вы получите случайный Камень Нижнего мира.,"Dopo aver completato questo Progetto, riceverai una Pietra degli Inferi casuale.",完成此專案後，你將獲得一個隨機的冥界石。,完成此工程后，你将获得一个随机下界石。,이 프로젝트를 완료하면 무작위 네더 스톤을 받게 됩니다.,Po ukończeniu tego Projektu otrzymasz losowy Kamień Netheru.,Після завершення цього Проєкту ви отримаєте випадковий Камінь Незер.,Na het voltooien van dit Project ontvang je een willekeurige Nethersteen.,"Bu Projeyi tamamladıktan sonra, rastgele bir Nether Taşı kazanacaksın."
L_PROJN_ASSASSINATION,,Assassination,暗殺,Meuchelmord,Assassinat,Asesinato,Assassinato,Убийство,Assassinio,暗殺,暗杀,암살,Skrytobójstwo,Вбивство,Sluipmoord,Suikast
L_PROJD_ASSASSINATION,,"After completing this Project, you will receive the Trait material of your choice. You can only assassinate creatures that you have Rank S knowledge about.",このプロジェクトを完了すると、選択した特性素材を受け取ることができます。ランクSの知識を持つ生物のみ暗殺することができます。,"Nach Abschluss dieses Projekts erhältst du das Eigenschaftsmaterial deiner Wahl. Du kannst nur Kreaturen ermorden, über die du Rang-S-Wissen besitzt.","Après avoir terminé ce Projet, vous recevrez le matériau de Trait de votre choix. Vous ne pouvez assassiner que les créatures dont vous avez une connaissance de Rang S.","Después de completar este Proyecto, recibirás el material de Rasgo que elijas. Solo puedes asesinar a criaturas sobre las que tengas conocimiento de Rango S.","Após completar este Projeto, você receberá o material de Característica de sua escolha. Você só pode assassinar criaturas sobre as quais você tem conhecimento de Rank S.","После завершения этого Проекта вы получите материал Черты на ваш выбор. Вы можете убивать только существ, о которых у вас есть знания Ранга S.","Dopo aver completato questo Progetto, riceverai il materiale Tratto di tua scelta. Puoi assassinare solo creature di cui hai conoscenza di Rango S.",完成此計劃後，你將獲得自選的特性材料。你只能暗殺你擁有S級知識的生物。,完成此工程后，你将获得选定的特性材料。你只能暗杀你拥有S级知识的生物。,이 프로젝트를 완료하면 원하는 특성 재료를 받게 됩니다. 당신은 랭크 S 지식을 가진 생물만 암살할 수 있습니다.,"Po ukończeniu tego Projektu otrzymasz wybrany przez siebie materiał Cechy. Możesz zabijać tylko stworzenia, o których masz wiedzę na poziomie Rangi S.","Після завершення цього Проєкту ви отримаєте матеріал Риси на ваш вибір. Ви можете вбивати лише істот, про яких маєте знання Рангу S.",Na het voltooien van dit Project ontvang je het Trait-materiaal naar keuze. Je kunt alleen wezens vermoorden waarover je Rang S kennis hebt.,"Bu Projeyi tamamladıktan sonra, seçtiğiniz Özellik malzemesini alacaksınız. Sadece Rank S bilgisine sahip olduğunuz yaratıkları suikast edebilirsiniz."
L_PROJN_SPECIALIZATION_REAVER,,Specialization: Reaver,特化: リーヴァー,Spezialisierung: Häscher,Spécialisation : Ravageur,Especialización: Segador,Especialização: Ceifador,Специализация: Жнец,Specializzazione: Mietitore,專精：收割者,专精：掠夺者,전문화: 약탈자,Specjalizacja: Rozdzieracz,Спеціалізація: Жнець,Specialisatie: Reaver,Uzmanlık: Reaver
L_PROJD_SPECIALIZATION_REAVER,"1 = description of the spec, be sure to include this in your translated string!","After completing this Project, you can change your specialization to ""Reaver"".\n\n{1}",このプロジェクトを完了すると、専門を「リーヴァー」に変更できます。\n\n{1},"Nach Abschluss dieses Projekts kannst du deine Spezialisierung zu „Reaver"" ändern.\n\n{1}","Après avoir terminé ce Projet, vous pourrez changer votre spécialisation en ""Reaver"".\n\n{1}","Después de completar este Proyecto, puedes cambiar tu especialización a ""Segador"".\n\n{1}","Após completar este Projeto, você pode mudar sua especialização para ""Ceifador"".\n\n{1}","После завершения этого Проекта вы сможете изменить свою специализацию на ""Жнец"".\n\n{1}","Dopo aver completato questo Progetto, puoi cambiare la tua specializzazione in ""Reaver"".\n\n{1}",完成此專案後，你可以將你的專精變更為「收割者」。\n\n{1},"完成此工程后，你可以将你的专精更改为""掠夺者""。\n\n{1}","이 프로젝트를 완료하면 전문화를 ""리버""로 변경할 수 있습니다.\n\n{1}","Po ukończeniu tego Projektu możesz zmienić swoją specjalizację na ""Reaver"".\n\n{1}","Після завершення цього Проекту ви зможете змінити свою спеціалізацію на ""Жнець"".\n\n{1}","Na het voltooien van dit Project kun je je specialisatie veranderen naar ""Reaver"".\n\n{1}","Bu Projeyi tamamladıktan sonra, uzmanlığınızı ""Reaver"" olarak değiştirebilirsiniz.\n\n{1}"
L_PROJN_SPECIALIZATION_HELL_KNIGHT,,Specialization: Hell Knight,特化: ヘルナイト,Spezialisierung: Höllenritter,Spécialisation : Chevalier des Enfers,Especialización: Caballero Infernal,Especialização: Cavaleiro Infernal,Специализация: Адский Рыцарь,Specializzazione: Cavaliere Infernale,專精：地獄騎士,专精：地狱骑士,전문화: 지옥 기사,Specjalizacja: Piekielny Rycerz,Спеціалізація: Пекельний Лицар,Specialisatie: Helleridder,Uzmanlık: Cehennem Şövalyesi
L_PROJD_SPECIALIZATION_HELL_KNIGHT,,"After completing this Project, you can change your specialization to ""Hell Knight"".\n\n{1}",このプロジェクトを完了すると、専門を「ヘルナイト」に変更できます。\n\n{1},"Nach Abschluss dieses Projekts kannst du deine Spezialisierung zu ""Höllenritter"" ändern.\n\n{1}","Après avoir terminé ce Projet, vous pourrez changer votre spécialisation en ""Chevalier des Enfers"".\n\n{1}","Después de completar este Proyecto, puedes cambiar tu especialización a ""Caballero Infernal"".\n\n{1}","Após completar este Projeto, você pode mudar sua especialização para ""Cavaleiro Infernal"".\n\n{1}","После завершения этого Проекта вы сможете изменить свою специализацию на ""Адский Рыцарь"".\n\n{1}","Dopo aver completato questo Progetto, puoi cambiare la tua specializzazione in ""Cavaliere Infernale"".\n\n{1}",完成此專案後，你可以將你的專精變更為「地獄騎士」。\n\n{1},"完成此工程后，你可以将你的专精更改为""地狱骑士""。\n\n{1}","이 프로젝트를 완료하면 전문화를 ""헬 나이트""로 변경할 수 있습니다.\n\n{1}","Po ukończeniu tego Projektu możesz zmienić swoją specjalizację na „Rycerz Piekieł"".\n\n{1}","Після завершення цього Проекту ви зможете змінити свою спеціалізацію на ""Пекельний Лицар"".\n\n{1}","Na het voltooien van dit Project kun je je specialisatie veranderen naar ""Hell Knight"".\n\n{1}","Bu Projeyi tamamladıktan sonra, uzmanlığınızı ""Cehennem Şövalyesi""ne değiştirebilirsiniz.\n\n{1}"
L_PROJN_SPECIALIZATION_TRICKSTER,,Specialization: Trickster,専門化：トリックスター,Spezialisierung: Trickster,Spécialisation : Illusionniste,Especialización: Embaucador,Especialização: Trapaceiro,Специализация: Трикстер,Specializzazione: Imbroglione,專精：詭術師,专精：诡术师,전문화: 트릭스터,Specjalizacja: Oszust,Спеціалізація: Трікстер,Specialisatie: Bedrieger,Uzmanlık: Düzenbaz
L_PROJD_SPECIALIZATION_TRICKSTER,,"After completing this Project, you can change your specialization to ""Trickster"".\n\n{1}",このプロジェクトを完了すると、専門を「トリックスター」に変更できます。\n\n{1},"Nach Abschluss dieses Projekts kannst du deine Spezialisierung zu „Trickster"" ändern.\n\n{1}","Après avoir terminé ce Projet, vous pourrez changer votre spécialisation en ""Filou"".\n\n{1}","Después de completar este Proyecto, puedes cambiar tu especialización a ""Embaucador"".\n\n{1}","Após completar este Projeto, você pode mudar sua especialização para ""Trapaceiro"".\n\n{1}","После завершения этого Проекта вы сможете изменить свою специализацию на ""Трикстер"".\n\n{1}","Dopo aver completato questo Progetto, puoi cambiare la tua specializzazione in ""Trickster"".\n\n{1}",完成此專案後，你可以將你的專精變更為「詭術師」。\n\n{1},"完成此工程后，你可以将你的专精更改为""诡术师""。\n\n{1}","이 프로젝트를 완료하면 전문화를 ""트릭스터""로 변경할 수 있습니다.\n\n{1}","Po ukończeniu tego Projektu możesz zmienić swoją specjalizację na ""Trickster"".\n\n{1}","Після завершення цього Проекту ви зможете змінити свою спеціалізацію на ""Трікстер"".\n\n{1}","Na het voltooien van dit Project kun je je specialisatie veranderen naar ""Bedrieger"".\n\n{1}","Bu Projeyi tamamladıktan sonra, uzmanlığınızı ""Hilebaz""a değiştirebilirsiniz.\n\n{1}"
L_PROJN_SPECIALIZATION_ANIMATOR,,Specialization: Animator,専門化：アニメーター,Spezialisierung: Animator,Spécialisation : Animateur,Especialización: Animador,Especialização: Animador,Специализация: Аниматор,Specializzazione: Animatore,專精：動畫師,专精：塑灵师,전문화: 애니메이터,Specjalizacja: Animator,Спеціалізація: Аніматор,Specialisatie: Animator,Uzmanlık: Animatör
L_PROJD_SPECIALIZATION_ANIMATOR,,"After completing this Project, you can change your specialization to ""Animator"".\n\n{1}",このプロジェクトを完了すると、専門を「アニメーター」に変更できます。\n\n{1},"Nach Abschluss dieses Projekts kannst du deine Spezialisierung zu ""Animator"" ändern.\n\n{1}","Après avoir terminé ce Projet, vous pourrez changer votre spécialisation en ""Animateur"".\n\n{1}","Después de completar este Proyecto, puedes cambiar tu especialización a ""Animador"".\n\n{1}","Após completar este Projeto, você pode mudar sua especialização para ""Animador"".\n\n{1}","После завершения этого Проекта вы сможете изменить свою специализацию на ""Аниматор"".\n\n{1}","Dopo aver completato questo Progetto, puoi cambiare la tua specializzazione in ""Animatore"".\n\n{1}",完成此專案後，你可以將你的專精變更為「動畫師」。\n\n{1},"完成此工程后，你可以将你的专精更改为""塑灵师""。\n\n{1}","이 프로젝트를 완료하면 전문 분야를 ""애니메이터""로 변경할 수 있습니다.\n\n{1}","Po ukończeniu tego Projektu możesz zmienić swoją specjalizację na ""Animator"".\n\n{1}","Після завершення цього Проекту ви зможете змінити свою спеціалізацію на ""Аніматор"".\n\n{1}","Na het voltooien van dit Project kun je je specialisatie veranderen naar ""Animator"".\n\n{1}","Bu Projeyi tamamladıktan sonra, uzmanlığınızı ""Animatör"" olarak değiştirebilirsiniz.\n\n{1}"
L_PROJN_SPECIALIZATION_DEFILER,,Specialization: Defiler,専門化：穢し手,Spezialisierung: Schänder,Spécialisation : Profanateur,Especialización: Profanador,Especialização: Profanador,Специализация: Осквернитель,Specializzazione: Profanatore,專精：污染者,专精：亵渎者,전문화: 오염자,Specjalizacja: Kalający,Спеціалізація: Осквернитель,Specialisatie: Bezoedelaar,Uzmanlık: Kirletici
L_PROJD_SPECIALIZATION_DEFILER,,"After completing this Project, you can change your specialization to ""Defiler"".\n\n{1}",このプロジェクトを完了すると、専門を「穢し手」に変更できます。\n\n{1},"Nach Abschluss dieses Projekts kannst du deine Spezialisierung zu „Schänder"" ändern.\n\n{1}","Après avoir terminé ce Projet, vous pourrez changer votre spécialisation en ""Profanateur"".\n\n{1}","Después de completar este Proyecto, puedes cambiar tu especialización a ""Profanador"".\n\n{1}","Após completar este Projeto, você pode mudar sua especialização para ""Profanador"".\n\n{1}","После завершения этого Проекта вы сможете изменить свою специализацию на ""Осквернитель"".\n\n{1}","Dopo aver completato questo Progetto, puoi cambiare la tua specializzazione in ""Profanatore"".\n\n{1}",完成此專案後，你可以將你的專精變更為「污染者」。\n\n{1},"完成此工程后，你可以将你的专精更改为""亵渎者""。\n\n{1}","이 프로젝트를 완료하면 전문화를 ""파괴자""로 변경할 수 있습니다.\n\n{1}","Po ukończeniu tego Projektu możesz zmienić swoją specjalizację na ""Kalający"".\n\n{1}","Після завершення цього Проекту ви зможете змінити свою спеціалізацію на ""Осквернитель"".\n\n{1}","Na het voltooien van dit Project kun je je specialisatie veranderen naar ""Bezoedelaar"".\n\n{1}","Bu Projeyi tamamladıktan sonra, uzmanlığını ""Kirletici""ye değiştirebilirsin.\n\n{1}"
L_PROJN_SPECIALIZATION_NECROMANCER,,Specialization: Necromancer,専門化：ネクロマンサー,Spezialisierung: Totenbeschwörer,Spécialisation : Nécromancien,Especialización: Nigromante,Especialização: Necromante,Специализация: Некромант,Specializzazione: Negromante,專精：死靈法師,专精：死灵法师,전문화: 강령술사,Specjalizacja: Nekromanta,Спеціалізація: Некромант,Specialisatie: Necromancer,Uzmanlık: Nekromanser
L_PROJD_SPECIALIZATION_NECROMANCER,,"After completing this Project, you can change your specialization to ""Necromancer"".\n\n{1}",このプロジェクトを完了すると、専門を「ネクロマンサー」に変更できます。\n\n{1},"Nach Abschluss dieses Projekts kannst du deine Spezialisierung zu ""Nekromant"" ändern.\n\n{1}","Après avoir terminé ce Projet, vous pourrez changer votre spécialisation en ""Nécromancien"".\n\n{1}","Después de completar este Proyecto, puedes cambiar tu especialización a ""Nigromante"".\n\n{1}","Após completar este Projeto, você pode mudar sua especialização para ""Necromante"".\n\n{1}","После завершения этого Проекта вы сможете изменить свою специализацию на ""Некромант"".\n\n{1}","Dopo aver completato questo Progetto, puoi cambiare la tua specializzazione in ""Negromante"".\n\n{1}",完成此專案後，你可以將你的專精更改為「死靈法師」。\n\n{1},"完成此工程后，你可以将你的专精更改为""死灵法师""。\n\n{1}","이 프로젝트를 완료하면 전문화를 ""강령술사""로 변경할 수 있습니다.\n\n{1}","Po ukończeniu tego Projektu możesz zmienić swoją specjalizację na ""Nekromanta"".\n\n{1}","Після завершення цього Проекту ви зможете змінити свою спеціалізацію на ""Некромант"".\n\n{1}","Na het voltooien van dit Project kun je je specialisatie veranderen naar ""Necromancer"".\n\n{1}","Bu Projeyi tamamladıktan sonra, uzmanlığınızı ""Nekromanser"" olarak değiştirebilirsiniz.\n\n{1}"
L_PROJN_SPECIALIZATION_CLERIC,,Specialization: Cleric,専門化：クレリック,Spezialisierung: Kleriker,Spécialisation : Clerc,Especialización: Clérigo,Especialização: Clérigo,Специализация: Жрец,Specializzazione: Chierico,專精：牧師,专精：牧师,전문화: 성직자,Specjalizacja: Kleryk,Спеціалізація: Клірик,Specialisatie: Geestelijke,Uzmanlık: Rahip
L_PROJD_SPECIALIZATION_CLERIC,,"After completing this Project, you can change your specialization to ""Cleric"".\n\n{1}",このプロジェクトを完了すると、専門を「クレリック」に変更できます。\n\n{1},"Nach Abschluss dieses Projekts kannst du deine Spezialisierung zu „Kleriker"" ändern.\n\n{1}","Après avoir terminé ce Projet, vous pourrez changer votre spécialisation en ""Clerc"".\n\n{1}","Después de completar este Proyecto, puedes cambiar tu especialización a ""Clérigo"".\n\n{1}","Após completar este Projeto, você pode mudar sua especialização para ""Clérigo"".\n\n{1}","После завершения этого Проекта вы сможете изменить свою специализацию на ""Жрец"".\n\n{1}","Dopo aver completato questo Progetto, puoi cambiare la tua specializzazione in ""Chierico"".\n\n{1}",完成此專案後，你可以將你的專精變更為「牧師」。\n\n{1},"完成此工程后，你可以将你的专精更改为""牧师""。\n\n{1}","이 프로젝트를 완료하면 전문화를 ""성직자""로 변경할 수 있습니다.\n\n{1}","Po ukończeniu tego Projektu możesz zmienić swoją specjalizację na ""Kleryk"".\n\n{1}","Після завершення цього Проекту ви зможете змінити свою спеціалізацію на ""Клірик"".\n\n{1}","Na het voltooien van dit Project kun je je specialisatie veranderen naar ""Geestelijke"".\n\n{1}","Bu Projeyi tamamladıktan sonra, uzmanlığınızı ""Şifacı""ya değiştirebilirsiniz.\n\n{1}"
L_PROJN_SPECIALIZATION_INQUISITOR,,Specialization: Inquisitor,専門化：審問官,Spezialisierung: Inquisitor,Spécialisation : Inquisiteur,Especialización: Inquisidor,Especialização: Inquisidor,Специализация: Инквизитор,Specializzazione: Inquisitore,專精：審判官,专精：审判官,전문화: 심문관,Specjalizacja: Inkwizytor,Спеціалізація: Інквізитор,Specialisatie: Inquisiteur,Uzmanlık: Sorgucu
L_PROJD_SPECIALIZATION_INQUISITOR,,"After completing this Project, you can change your specialization to ""Inquisitor"".\n\n{1}",このプロジェクトを完了すると、専門を「審問官」に変更できます。\n\n{1},"Nach Abschluss dieses Projekts kannst du deine Spezialisierung zu „Inquisitor"" ändern.\n\n{1}","Après avoir terminé ce Projet, vous pourrez changer votre spécialisation en ""Inquisiteur"".\n\n{1}","Después de completar este Proyecto, puedes cambiar tu especialización a ""Inquisidor"".\n\n{1}","Após completar este Projeto, você pode mudar sua especialização para ""Inquisidor"".\n\n{1}","После завершения этого Проекта вы сможете изменить свою специализацию на ""Инквизитор"".\n\n{1}","Dopo aver completato questo Progetto, puoi cambiare la tua specializzazione in ""Inquisitore"".\n\n{1}",完成此專案後，你可以將你的專精變更為「審判官」。\n\n{1},"完成此工程后，你可以将你的专精更改为""审判官""。\n\n{1}","이 프로젝트를 완료하면 전문화를 ""심문관""으로 변경할 수 있습니다.\n\n{1}","Po ukończeniu tego Projektu możesz zmienić swoją specjalizację na „Inkwizytor"".\n\n{1}","Після завершення цього Проекту ви зможете змінити свою спеціалізацію на ""Інквізитор"".\n\n{1}","Na het voltooien van dit Project kun je je specialisatie veranderen naar ""Inquisiteur"".\n\n{1}","Bu Projeyi tamamladıktan sonra, uzmanlığınızı ""Sorgucu"" olarak değiştirebilirsiniz.\n\n{1}"
L_PROJN_SPECIALIZATION_PALADIN,,Specialization: Paladin,専門化：パラディン,Spezialisierung: Paladin,Spécialisation : Paladin,Especialización: Paladín,Especialização: Paladino,Специализация: Паладин,Specializzazione: Paladino,專精：聖騎士,专精：圣骑士,전문화: 팔라딘,Specjalizacja: Paladyn,Спеціалізація: Паладин,Specialisatie: Paladin,Uzmanlık: Paladin
L_PROJD_SPECIALIZATION_PALADIN,,"After completing this Project, you can change your specialization to ""Paladin"".\n\n{1}",このプロジェクトを完了すると、専門を「パラディン」に変更できます。\n\n{1},"Nach Abschluss dieses Projekts kannst du deine Spezialisierung zu ""Paladin"" ändern.\n\n{1}","Après avoir terminé ce Projet, vous pourrez changer votre spécialisation en ""Paladin"".\n\n{1}","Después de completar este Proyecto, puedes cambiar tu especialización a ""Paladín"".\n\n{1}","Após completar este Projeto, você pode mudar sua especialização para ""Paladino"".\n\n{1}","После завершения этого Проекта вы сможете изменить свою специализацию на ""Паладин"".\n\n{1}","Dopo aver completato questo Progetto, puoi cambiare la tua specializzazione in ""Paladino"".\n\n{1}",完成此專案後，你可以將你的專精變更為「聖騎士」。\n\n{1},"完成此工程后，你可以将你的专精更改为""圣骑士""。\n\n{1}","이 프로젝트를 완료하면 전문화를 ""팔라딘""으로 변경할 수 있습니다.\n\n{1}","Po ukończeniu tego Projektu możesz zmienić swoją specjalizację na ""Paladyn"".\n\n{1}","Після завершення цього Проекту ви зможете змінити свою спеціалізацію на ""Паладин"".\n\n{1}","Na het voltooien van dit Project kun je je specialisatie veranderen naar ""Paladin"".\n\n{1}","Bu Projeyi tamamladıktan sonra, uzmanlığınızı ""Paladin"" olarak değiştirebilirsiniz.\n\n{1}"
L_PROJN_SPECIALIZATION_DRUID,,Specialization: Druid,専門化：ドルイド,Spezialisierung: Druide,Spécialisation : Druide,Especialización: Druida,Especialização: Druida,Специализация: Друид,Specializzazione: Druido,專精：德魯伊,专精：德鲁伊,전문화: 드루이드,Specjalizacja: Druid,Спеціалізація: Друїд,Specialisatie: Druïde,Uzmanlık: Druid
L_PROJD_SPECIALIZATION_DRUID,,"After completing this Project, you can change your specialization to ""Druid"".\n\n{1}",このプロジェクトを完了すると、専門を「ドルイド」に変更できます。\n\n{1},"Nach Abschluss dieses Projekts kannst du deine Spezialisierung zu ""Druide"" ändern.\n\n{1}","Après avoir terminé ce Projet, vous pourrez changer votre spécialisation en ""Druide"".\n\n{1}","Después de completar este Proyecto, puedes cambiar tu especialización a ""Druida"".\n\n{1}","Após completar este Projeto, você pode mudar sua especialização para ""Druida"".\n\n{1}","После завершения этого Проекта вы сможете изменить свою специализацию на ""Друид"".\n\n{1}","Dopo aver completato questo Progetto, puoi cambiare la tua specializzazione in ""Druido"".\n\n{1}",完成此專案後，你可以將你的專精變更為「德魯伊」。\n\n{1},"完成此工程后，你可以将你的专精更改为""德鲁伊""。\n\n{1}","이 프로젝트를 완료하면 전문화를 ""드루이드""로 변경할 수 있습니다.\n\n{1}","Po ukończeniu tego Projektu możesz zmienić swoją specjalizację na ""Druid"".\n\n{1}","Після завершення цього Проекту ви зможете змінити свою спеціалізацію на ""Друїд"".\n\n{1}","Na het voltooien van dit Project kun je je specialisatie veranderen naar ""Druïde"".\n\n{1}","Bu Projeyi tamamladıktan sonra, uzmanlığınızı ""Druid"" olarak değiştirebilirsiniz.\n\n{1}"
L_PROJN_SPECIALIZATION_MONK,,Specialization: Monk,専門化：モンク,Spezialisierung: Mönch,Spécialisation : Moine,Especialización: Monje,Especialização: Monge,Специализация: Монах,Specializzazione: Monaco,專精：武僧,专精：武僧,전문화: 수도사,Specjalizacja: Mnich,Спеціалізація: Монах,Specialisatie: Monnik,Uzmanlık: Keşiş
L_PROJD_SPECIALIZATION_MONK,,"After completing this Project, you can change your specialization to ""Monk"".\n\n{1}",このプロジェクトを完了すると、専門を「モンク」に変更できます。\n\n{1},"Nach Abschluss dieses Projekts kannst du deine Spezialisierung zu ""Mönch"" ändern.\n\n{1}","Après avoir terminé ce Projet, vous pourrez changer votre spécialisation en ""Moine"".\n\n{1}","Después de completar este Proyecto, puedes cambiar tu especialización a ""Monje"".\n\n{1}","Após completar este Projeto, você pode mudar sua especialização para ""Monge"".\n\n{1}","После завершения этого Проекта вы сможете изменить свою специализацию на ""Монах"".\n\n{1}","Dopo aver completato questo Progetto, puoi cambiare la tua specializzazione in ""Monaco"".\n\n{1}",完成此專案後，你可以將你的專精變更為「武僧」。\n\n{1},"完成此工程后，你可以将你的专精更改为""武僧""。\n\n{1}","이 프로젝트를 완료하면 전문화를 ""수도사""로 변경할 수 있습니다.\n\n{1}","Po ukończeniu tego Projektu możesz zmienić swoją specjalizację na ""Mnich"".\n\n{1}","Після завершення цього Проекту ви зможете змінити свою спеціалізацію на ""Монах"".\n\n{1}","Na het voltooien van dit Project kun je je specialisatie veranderen naar ""Monnik"".\n\n{1}","Bu Projeyi tamamladıktan sonra, uzmanlığınızı ""Keşiş""e değiştirebilirsiniz.\n\n{1}"
L_PROJN_SPECIALIZATION_TRIBALIST,,Specialization: Tribalist,専門化：トライバリスト,Spezialisierung: Stammeskundiger,Spécialisation : Tribaliste,Especialización: Tribalista,Especialização: Tribalista,Специализация: Трайбалист,Specializzazione: Tribalista,專精：部族主義者,专精：部落使者,전문화: 부족주의자,Specjalizacja: Trybalista,Спеціалізація: Трайбаліст,Specialisatie: Stammenkenner,Uzmanlık: Kabileci
L_PROJD_SPECIALIZATION_TRIBALIST,,"After completing this Project, you can change your specialization to ""Tribalist"".\n\n{1}",このプロジェクトを完了すると、専門を「トライバリスト」に変更できます。\n\n{1},"Nach Abschluss dieses Projekts kannst du deine Spezialisierung zu „Stammeskundiger"" ändern.\n\n{1}","Après avoir terminé ce Projet, vous pourrez changer votre spécialisation en ""Tribaliste"".\n\n{1}","Después de completar este Proyecto, puedes cambiar tu especialización a ""Tribalista"".\n\n{1}","Após completar este Projeto, você pode mudar sua especialização para ""Tribalista"".\n\n{1}","После завершения этого Проекта вы сможете изменить свою специализацию на ""Трайбалист"".\n\n{1}","Dopo aver completato questo Progetto, puoi cambiare la tua specializzazione in ""Tribalista"".\n\n{1}",完成此專案後，你可以將你的專精變更為「部族主義者」。\n\n{1},"完成此工程后，你可以将你的专精更改为""部落使者""。\n\n{1}","이 프로젝트를 완료하면 전문화를 ""부족주의자""로 변경할 수 있습니다.\n\n{1}","Po ukończeniu tego Projektu możesz zmienić swoją specjalizację na „Trybalista"".\n\n{1}","Після завершення цього Проекту ви зможете змінити свою спеціалізацію на ""Трайбаліст"".\n\n{1}","Na het voltooien van dit Project kun je je specialisatie veranderen naar ""Stammenkenner"".\n\n{1}","Bu Projeyi tamamladıktan sonra, uzmanlığınızı ""Kabileci"" olarak değiştirebilirsiniz.\n\n{1}"
L_PROJN_SPECIALIZATION_CABALIST,,Specialization: Cabalist,専門化：秘術師,Spezialisierung: Kabalist,Spécialisation : Cabaliste,Especialización: Cabalista,Especialização: Cabalista,Специализация: Кабалист,Specializzazione: Cabalista,專精：秘法師,专精：秘术师,전문화: 카발리스트,Specjalizacja: Kabalista,Спеціалізація: Кабаліст,Specialisatie: Cabalist,Uzmanlık: Kabalist
L_PROJD_SPECIALIZATION_CABALIST,,"After completing this Project, you can change your specialization to ""Cabalist"".\n\n{1}",このプロジェクトを完了すると、専門を「カバリスト」に変更できます。\n\n{1},"Nach Abschluss dieses Projekts kannst du deine Spezialisierung zu ""Kabalist"" ändern.\n\n{1}","Après avoir terminé ce Projet, vous pourrez changer votre spécialisation en ""Cabaliste"".\n\n{1}","Después de completar este Proyecto, puedes cambiar tu especialización a ""Cabalista"".\n\n{1}","Após completar este Projeto, você pode mudar sua especialização para ""Cabalista"".\n\n{1}","После завершения этого Проекта вы сможете изменить свою специализацию на ""Кабалист"".\n\n{1}","Dopo aver completato questo Progetto, puoi cambiare la tua specializzazione in ""Cabalista"".\n\n{1}",完成此專案後，你可以將你的專精更改為「秘術師」。\n\n{1},"完成此工程后，你可以将你的专精更改为""秘术师""。\n\n{1}","이 프로젝트를 완료하면 전문화를 ""카발리스트""로 변경할 수 있습니다.\n\n{1}","Po ukończeniu tego Projektu możesz zmienić swoją specjalizację na ""Kabalista"".\n\n{1}","Після завершення цього Проекту ви зможете змінити свою спеціалізацію на ""Кабаліст"".\n\n{1}","Na het voltooien van dit Project kun je je specialisatie veranderen naar ""Cabalist"".\n\n{1}","Bu Projeyi tamamladıktan sonra, uzmanlığınızı ""Kabalist"" olarak değiştirebilirsiniz.\n\n{1}"
L_PROJN_SPECIALIZATION_EVOKER,,Specialization: Evoker,専門化：エヴォーカー,Spezialisierung: Beschwörer,Spécialisation : Évocateur,Especialización: Evocador,Especialização: Evocador,Специализация: Заклинатель,Specializzazione: Evocatore,專精：喚能師,专精：塑能师,전문화: 발현술사,Specjalizacja: Przywoływacz,Спеціалізація: Заклинатель,Specialisatie: Oproeper,Uzmanlık: Çağırıcı
L_PROJD_SPECIALIZATION_EVOKER,,"After completing this Project, you can change your specialization to ""Evoker"".\n\n{1}",このプロジェクトを完了すると、専門を「エヴォーカー」に変更できます。\n\n{1},"Nach Abschluss dieses Projekts kannst du deine Spezialisierung zu „Beschwörer"" ändern.\n\n{1}","Après avoir terminé ce Projet, vous pourrez changer votre spécialisation en ""Évocateur"".\n\n{1}","Después de completar este Proyecto, puedes cambiar tu especialización a ""Evocador"".\n\n{1}","Após completar este Projeto, você pode mudar sua especialização para ""Evocador"".\n\n{1}","После завершения этого Проекта вы сможете изменить свою специализацию на ""Заклинатель"".\n\n{1}","Dopo aver completato questo Progetto, puoi cambiare la tua specializzazione in ""Evocatore"".\n\n{1}",完成此專案後，你可以將你的專精變更為「喚術師」。\n\n{1},"完成此工程后，你可以将你的专精更改为""塑能师""。\n\n{1}","이 프로젝트를 완료하면 전문화를 ""에보커""로 변경할 수 있습니다.\n\n{1}","Po ukończeniu tego Projektu możesz zmienić swoją specjalizację na ""Przywoływacz"".\n\n{1}","Після завершення цього Проекту ви зможете змінити свою спеціалізацію на ""Заклинач"".\n\n{1}","Na het voltooien van dit Project kun je je specialisatie veranderen naar ""Evoker"".\n\n{1}","Bu Projeyi tamamladıktan sonra, uzmanlığınızı ""Çağırıcı""ya değiştirebilirsiniz.\n\n{1}"
L_PROJN_SPECIALIZATION_SORCERER,,Specialization: Sorcerer,専門化：ソーサラー,Spezialisierung: Zauberer,Spécialisation : Ensorceleur,Especialización: Hechicero,Especialização: Feiticeiro,Специализация: Чародей,Specializzazione: Stregone,專精：巫師,专精：术士,전문화: 마법사,Specjalizacja: Czarownik,Спеціалізація: Чародій,Specialisatie: Tovenaar,Uzmanlık: Büyücü
L_PROJD_SPECIALIZATION_SORCERER,,"After completing this Project, you can change your specialization to ""Sorcerer"".\n\n{1}",このプロジェクトを完了すると、専門を「ソーサラー」に変更できます。\n\n{1},"Nach Abschluss dieses Projekts kannst du deine Spezialisierung zu ""Zauberer"" ändern.\n\n{1}","Après avoir terminé ce Projet, vous pourrez changer votre spécialisation en ""Sorcier"".\n\n{1}","Después de completar este Proyecto, puedes cambiar tu especialización a ""Hechicero"".\n\n{1}","Após completar este Projeto, você pode mudar sua especialização para ""Feiticeiro"".\n\n{1}","После завершения этого Проекта вы сможете изменить свою специализацию на ""Чародей"".\n\n{1}","Dopo aver completato questo Progetto, puoi cambiare la tua specializzazione in ""Stregone"".\n\n{1}",完成此專案後，你可以將你的專精變更為「巫師」。\n\n{1},"完成此工程后，你可以将你的专精更改为""术士""。\n\n{1}","이 프로젝트를 완료하면 전문화를 ""마법사""로 변경할 수 있습니다.\n\n{1}","Po ukończeniu tego Projektu możesz zmienić swoją specjalizację na „Czarodziej"".\n\n{1}","Після завершення цього Проекту ви зможете змінити свою спеціалізацію на ""Чародій"".\n\n{1}","Na het voltooien van dit Project kun je je specialisatie veranderen naar ""Tovenaar"".\n\n{1}","Bu Projeyi tamamladıktan sonra, uzmanlığınızı ""Büyücü"" olarak değiştirebilirsiniz.\n\n{1}"
L_PROJN_GODSPAWN_AJA_BIRKU,,Godspawn: Aja Birku,ゴッドスポーン：アジャ・ビルク,Gottesbrut: Aja Birku,Progéniture Divine : Aja Birku,Vástago Divino: Aja Birku,Progênie Divina: Aja Birku,Богорожденный: Аджа Бирку,Progenie Divina: Aja Birku,神裔：阿嘉·比爾庫,神裔：阿贾·比尔库,신의 자손: 아자 비르쿠,Bożęta: Aja Birku,Богонароджений: Аджа Бірку,Godenkind: Aja Birku,Tanrıdoğumu: Aja Birku
L_PROJD_GODSPAWN_AJA_BIRKU,1 = location (god shop) the item can be purchased from,"After completing this Project, you will gain enough Mana to summon Aja Birku. In order to complete this Project, you must purchase an item from {1}.",このプロジェクトを完了すると、アジャ・ビルクを召喚するのに十分なマナを獲得できます。このプロジェクトを完了するには、{1}からアイテムを購入する必要があります。,"Nach Abschluss dieses Projekts erhältst du genug Mana, um Aja Birku zu beschwören. Um dieses Projekt abzuschließen, musst du einen Gegenstand von {1} kaufen.","Après avoir terminé ce Projet, vous gagnerez assez de Mana pour invoquer Aja Birku. Pour compléter ce Projet, vous devez acheter un objet auprès de {1}.","Después de completar este Proyecto, ganarás suficiente Maná para invocar a Aja Birku. Para completar este Proyecto, debes comprar un objeto de {1}.","Após completar este Projeto, você ganhará Mana suficiente para invocar Aja Birku. Para completar este Projeto, você deve comprar um item de {1}.","После завершения этого Проекта вы получите достаточно Маны, чтобы призвать Аджа Бирку. Для завершения этого Проекта вы должны приобрести предмет у {1}.","Dopo aver completato questo Progetto, otterrai abbastanza Mana per evocare Aja Birku. Per completare questo Progetto, devi acquistare un oggetto da {1}.",完成此計劃後，你將獲得足夠的魔力來召喚阿加·比爾庫。為了完成此計劃，你必須從{1}購買一件物品。,完成此工程后，你将获得足够的法力来召唤阿贾·比尔库。要完成此工程，你必须从{1}处购买一件物品。,이 프로젝트를 완료하면 아자 비르쿠를 소환할 만한 충분한 마나를 얻게 됩니다. 이 프로젝트를 완료하려면 {1}에서 아이템을 구매해야 합니다.,"Po ukończeniu tego Projektu, zyskasz wystarczająco dużo Many, aby przywołać Aja Birku. Aby ukończyć ten Projekt, musisz kupić przedmiot od {1}.","Після завершення цього Проєкту ви отримаєте достатньо Мани, щоб викликати Аджа Бірку. Щоб завершити цей Проєкт, ви повинні придбати предмет у {1}.","Na het voltooien van dit Project, krijg je genoeg Mana om Aja Birku op te roepen. Om dit Project te voltooien, moet je een item kopen van {1}.","Bu Projeyi tamamladıktan sonra, Aja Birku'yu çağırmak için yeterli Mana kazanacaksın. Bu Projeyi tamamlamak için {1}'den bir eşya satın alman gerekiyor."
L_PROJN_GODSPAWN_ALAKADAN,,Godspawn: Alakadan,ゴッドスポーン：アラカダン,Gottesbrut: Alakadan,Progéniture Divine : Alakadan,Vástago Divino: Alakadan,Progênie Divina: Alakadan,Богорожденный: Алакадан,Progenie Divina: Alakadan,神裔：阿拉卡丹,神裔：阿拉卡丹,신의 자손: 알라카단,Bożęta: Alakadan,Богонароджений: Алакадан,Godenkind: Alakadan,Tanrıdoğumu: Alakadan
L_PROJD_GODSPAWN_ALAKADAN,,"After completing this Project, you will gain enough Mana to summon Alakadan. In order to complete this Project, you must purchase an item from {1}.",このプロジェクトを完了すると、アラカダンを召喚するのに十分なマナを獲得できます。このプロジェクトを完了するには、{1}からアイテムを購入する必要があります。,"Nach Abschluss dieses Projekts erhältst du genug Mana, um Alakadan zu beschwören. Um dieses Projekt abzuschließen, musst du einen Gegenstand von {1} kaufen.","Après avoir terminé ce Projet, vous gagnerez assez de Mana pour invoquer Alakadan. Pour terminer ce Projet, vous devez acheter un objet à {1}.","Después de completar este Proyecto, ganarás suficiente Maná para invocar a Alakadan. Para completar este Proyecto, debes comprar un objeto de {1}.","Após completar este Projeto, você ganhará Mana suficiente para invocar Alakadan. Para completar este Projeto, você deve comprar um item de {1}.","После завершения этого Проекта вы получите достаточно Маны для призыва Алакадана. Чтобы завершить этот Проект, вы должны приобрести предмет у {1}.","Dopo aver completato questo Progetto, otterrai abbastanza Mana per evocare Alakadan. Per completare questo Progetto, devi acquistare un oggetto da {1}.",完成此計劃後，你將獲得足夠的魔力來召喚阿拉卡丹。要完成此計劃，你必須從{1}購買一件物品。,完成此工程后，你将获得足够的法力来召唤阿拉卡丹。要完成此工程，你必须从{1}处购买一件物品。,이 프로젝트를 완료하면 알라카단을 소환할 수 있는 충분한 마나를 얻게 됩니다. 이 프로젝트를 완료하려면 {1}에서 아이템을 구매해야 합니다.,"Po ukończeniu tego Projektu, zyskasz wystarczająco dużo Many, aby przywołać Alakadana. Aby ukończyć ten Projekt, musisz kupić przedmiot od {1}.","Після завершення цього Проєкту ви отримаєте достатньо Мани, щоб викликати Алакадана. Щоб завершити цей Проєкт, ви повинні придбати предмет у {1}.","Na het voltooien van dit Project, krijg je genoeg Mana om Alakadan op te roepen. Om dit Project te voltooien, moet je een item kopen van {1}.","Bu Projeyi tamamladıktan sonra, Alakadan'ı çağırmak için yeterli Mana kazanacaksın. Bu Projeyi tamamlamak için {1}'den bir eşya satın alman gerekiyor."
L_PROJN_GODSPAWN_COLG,,Godspawn: Colg,ゴッドスポーン：コルグ,Gottesbrut: Colg,Progéniture Divine : Colg,Vástago Divino: Colg,Progênie Divina: Colg,Богорожденный: Колг,Progenie Divina: Colg,神裔：科爾格,神裔：科尔格,신의 자손: 콜그,Bożęta: Colg,Богонароджений: Колг,Godenkind: Colg,Tanrıdoğumu: Colg
L_PROJD_GODSPAWN_COLG,,"After completing this Project, you will gain enough Mana to summon Colg.",このプロジェクトを完了すると、コルグを召喚するのに十分なマナを獲得できます。,"Nach Abschluss dieses Projekts erhältst du genug Mana, um Colg zu beschwören.","Après avoir terminé ce Projet, vous gagnerez assez de Mana pour invoquer Colg.","Después de completar este Proyecto, ganarás suficiente Maná para invocar a Colg.","Após completar este Projeto, você ganhará Mana suficiente para invocar Colg.",После завершения этого Проекта вы получите достаточно Маны для призыва Колга.,"Dopo aver completato questo Progetto, otterrai abbastanza Mana per evocare Colg.",完成此計劃後，你將獲得足夠的魔力來召喚科爾格。,完成此工程后，你将获得足够的法力来召唤科尔格。,이 프로젝트를 완료하면 콜그를 소환할 수 있는 충분한 마나를 얻게 됩니다.,"Po ukończeniu tego Projektu, zyskasz wystarczająco dużo Many, aby przywołać Colga.","Після завершення цього Проєкту ви отримаєте достатньо Мани, щоб викликати Колга.","Na het voltooien van dit Project, krijg je genoeg Mana om Colg op te roepen.","Bu Projeyi tamamladıktan sonra, Colg'u çağırmak için yeterli Mana kazanacaksın."
L_PROJN_GODSPAWN_DARKSULKER,,Godspawn: Darksulker,ゴッドスポーン：ダークサルカー,Gottesbrut: Dunkellauerer,Progéniture Divine : Rôdeur des Ténèbres,Vástago Divino: Acechador Oscuro,Progênie Divina: Espreitador Sombrio,Богорожденный: Темный Скрытень,Progenie Divina: Predatore Oscuro,神裔：暗潛者,神裔：暗潜者,신의 자손: 암흑잠행자,Bożęta: Mrocznyczyhacz,Богонароджений: Темний Переслідувач,Godenkind: Duisterkruiper,Tanrıdoğan: Karanlıkpuscu
L_PROJD_GODSPAWN_DARKSULKER,,"After completing this Project, you will gain enough Mana to summon Darksulker. In order to complete this Project, you must purchase an item from {1}.",このプロジェクトを完了すると、ダークサルカーを召喚するのに十分なマナを獲得できます。このプロジェクトを完了するには、{1}からアイテムを購入する必要があります。,"Nach Abschluss dieses Projekts erhältst du genug Mana, um Darksulker zu beschwören. Um dieses Projekt abzuschließen, musst du einen Gegenstand von {1} kaufen.","Après avoir terminé ce Projet, vous gagnerez assez de Mana pour invoquer Darksulker. Pour terminer ce Projet, vous devez acheter un objet à {1}.","Después de completar este Proyecto, ganarás suficiente Maná para invocar a Darksulker. Para completar este Proyecto, debes comprar un objeto de {1}.","Após completar este Projeto, você ganhará Mana suficiente para invocar Darksulker. Para completar este Projeto, você deve comprar um item de {1}.","После завершения этого Проекта вы получите достаточно Маны для призыва Темного Ловца. Чтобы завершить этот Проект, вы должны приобрести предмет у {1}.","Dopo aver completato questo Progetto, otterrai abbastanza Mana per evocare Darksulker. Per completare questo Progetto, devi acquistare un oggetto da {1}.",完成此計劃後，你將獲得足夠的魔力來召喚暗潛者。為了完成此計劃，你必須從{1}購買一件物品。,完成此工程后，你将获得足够的法力来召唤暗潜者。要完成此工程，你必须从{1}处购买一件物品。,이 프로젝트를 완료하면 다크설커를 소환할 만한 충분한 마나를 얻게 됩니다. 이 프로젝트를 완료하려면 {1}에서 아이템을 구매해야 합니다.,"Po ukończeniu tego Projektu, zyskasz wystarczająco dużo Many, aby przywołać Darksulkera. Aby ukończyć ten Projekt, musisz kupić przedmiot od {1}.","Після завершення цього Проєкту ви отримаєте достатньо Мани, щоб викликати Темношукача. Щоб завершити цей Проєкт, ви повинні придбати предмет у {1}.","Na het voltooien van dit Project, krijg je genoeg Mana om Darksulker op te roepen. Om dit Project te voltooien, moet je een voorwerp kopen van {1}.","Bu Projeyi tamamladıktan sonra, Darksulker'ı çağırmak için yeterli Mana kazanacaksın. Bu Projeyi tamamlamak için {1}'den bir eşya satın alman gerekiyor."
L_PROJN_GODSPAWN_DIAMANT,,Godspawn: Diamant,ゴッドスポーン：ディアマント,Gottesbrut: Diamant,Progéniture Divine : Diamant,Vástago Divino: Diamant,Progênie Divina: Diamant,Богорожденный: Диамант,Progenie Divina: Diamant,神裔：鑽石,神裔：晶簇灵,신의 자손: 디아망,Bożęta: Diament,Богонароджений: Діамант,Godskind: Diamant,Tanrıdoğumu: Diamant
L_PROJD_GODSPAWN_DIAMANT,,"After completing this Project, you will gain enough Mana to summon Diamant. In order to complete this Project, you must purchase an item from {1}.",このプロジェクトを完了すると、ディアマントを召喚するのに十分なマナを獲得できます。このプロジェクトを完了するには、{1}からアイテムを購入する必要があります。,"Nach Abschluss dieses Projekts erhältst du genug Mana, um Diamant zu beschwören. Um dieses Projekt abzuschließen, musst du einen Gegenstand von {1} kaufen.","Après avoir terminé ce Projet, vous gagnerez assez de Mana pour invoquer Diamant. Pour terminer ce Projet, vous devez acheter un objet à {1}.","Después de completar este Proyecto, ganarás suficiente Maná para invocar a Diamant. Para completar este Proyecto, debes comprar un objeto de {1}.","Após completar este Projeto, você ganhará Mana suficiente para invocar Diamant. Para completar este Projeto, você deve comprar um item de {1}.","После завершения этого Проекта вы получите достаточно Маны для призыва Диаманта. Чтобы завершить этот Проект, вы должны приобрести предмет у {1}.","Dopo aver completato questo Progetto, otterrai abbastanza Mana per evocare Diamant. Per completare questo Progetto, devi acquistare un oggetto da {1}.",完成此計劃後，你將獲得足夠的魔力來召喚鑽石獸。要完成此計劃，你必須從{1}購買一件物品。,完成此工程后，你将获得足够的法力来召唤晶簇灵。要完成此工程，你必须从{1}处购买一件物品。,이 프로젝트를 완료하면 디아망을 소환할 수 있는 충분한 마나를 얻게 됩니다. 이 프로젝트를 완료하려면 {1}에서 아이템을 구매해야 합니다.,"Po ukończeniu tego Projektu, zyskasz wystarczająco dużo Many, aby przywołać Diamanta. Aby ukończyć ten Projekt, musisz kupić przedmiot od {1}.","Після завершення цього Проєкту ви отримаєте достатньо Мани, щоб викликати Діаманта. Щоб завершити цей Проєкт, ви повинні придбати предмет у {1}.","Na het voltooien van dit Project krijg je genoeg Mana om Diamant op te roepen. Om dit Project te voltooien, moet je een item kopen van {1}.","Bu Projeyi tamamladıktan sonra, Diamant'ı çağırmak için yeterli Mana kazanacaksın. Bu Projeyi tamamlamak için {1}'den bir eşya satın alman gerekiyor."
L_PROJN_GODSPAWN_DIKYA,,Godspawn: Dikya,ゴッドスポーン：ディキャ,Gottesbrut: Dikya,Progéniture Divine : Dikya,Vástago divino: Dikya,Progênie Divina: Dikya,Богорожденный: Дикья,Progenie Divina: Dikya,神裔：迪卡亞,神裔：迪卡亚,신의 자손: 디키아,Bożęta: Dikya,Богонароджений: Дік'я,Godenkind: Dikya,Tanrıdoğumu: Dikya
L_PROJD_GODSPAWN_DIKYA,,"After completing this Project, you will gain enough Mana to summon Dikya. In order to complete this Project, you must purchase an item from {1}.",このプロジェクトを完了すると、ディキャを召喚するのに十分なマナを獲得できます。このプロジェクトを完了するには、{1}からアイテムを購入する必要があります。,"Nach Abschluss dieses Projekts erhältst du genug Mana, um Dikya zu beschwören. Um dieses Projekt abzuschließen, musst du einen Gegenstand von {1} kaufen.","Après avoir terminé ce Projet, vous gagnerez assez de Mana pour invoquer Dikya. Pour terminer ce Projet, vous devez acheter un objet à {1}.","Después de completar este Proyecto, ganarás suficiente Maná para invocar a Dikya. Para completar este Proyecto, debes comprar un objeto de {1}.","Após completar este Projeto, você ganhará Mana suficiente para invocar Dikya. Para completar este Projeto, você deve comprar um item de {1}.","После завершения этого Проекта вы получите достаточно Маны для призыва Дикьи. Чтобы завершить этот Проект, вы должны приобрести предмет у {1}.","Dopo aver completato questo Progetto, otterrai abbastanza Mana per evocare Dikya. Per completare questo Progetto, devi acquistare un oggetto da {1}.",完成此計劃後，你將獲得足夠的魔力來召喚迪卡亞。為了完成此計劃，你必須從{1}購買一件物品。,完成此工程后，你将获得足够的法力来召唤迪卡亚。要完成此工程，你必须从{1}处购买一件物品。,이 프로젝트를 완료하면 디키아를 소환할 만큼의 마나를 얻게 됩니다. 이 프로젝트를 완료하려면 {1}에서 아이템을 구매해야 합니다.,"Po ukończeniu tego Projektu, zyskasz wystarczająco dużo Many, aby przywołać Dikyę. Aby ukończyć ten Projekt, musisz kupić przedmiot od {1}.","Після завершення цього Проєкту ви отримаєте достатньо Мани, щоб викликати Дікью. Щоб завершити цей Проєкт, ви повинні придбати предмет у {1}.","Na het voltooien van dit Project krijg je genoeg Mana om Dikya op te roepen. Om dit Project te voltooien, moet je een item kopen van {1}.","Bu Projeyi tamamladıktan sonra, Dikya'yı çağırmak için yeterli Mana kazanacaksın. Bu Projeyi tamamlamak için {1}'den bir eşya satın alman gerekiyor."
L_PROJN_GODSPAWN_ELQOR,,Godspawn: Elqor,ゴッドスポーン：エルコア,Gottesbrut: Elqor,Progéniture Divine : Elqor,Vástago Divino: Elqor,Progênie Divina: Elqor,Богорожденный: Элкор,Progenie Divina: Elqor,神裔：艾爾科爾,神裔：艾尔科,신의 자손: 엘코르,Bożęta: Elqor,Богонароджений: Елкор,Godenkind: Elqor,Tanrıdoğumu: Elqor
L_PROJD_GODSPAWN_ELQOR,,"After completing this Project, you will gain enough Mana to summon Elqor. In order to complete this Project, you must purchase an item from {1}.",このプロジェクトを完了すると、エルコルを召喚するのに十分なマナを獲得できます。このプロジェクトを完了するには、{1}からアイテムを購入する必要があります。,"Nach Abschluss dieses Projekts erhältst du genug Mana, um Elqor zu beschwören. Um dieses Projekt abzuschließen, musst du einen Gegenstand von {1} kaufen.","Après avoir terminé ce Projet, vous gagnerez assez de Mana pour invoquer Elqor. Pour terminer ce Projet, vous devez acheter un objet à {1}.","Después de completar este Proyecto, ganarás suficiente Maná para invocar a Elqor. Para completar este Proyecto, debes comprar un objeto de {1}.","Após completar este Projeto, você ganhará Mana suficiente para invocar Elqor. Para completar este Projeto, você deve comprar um item de {1}.","После завершения этого Проекта вы получите достаточно Маны для призыва Элкора. Чтобы завершить этот Проект, вы должны приобрести предмет у {1}.","Dopo aver completato questo Progetto, otterrai abbastanza Mana per evocare Elqor. Per completare questo Progetto, devi acquistare un oggetto da {1}.",完成此計劃後，你將獲得足夠的魔力來召喚艾爾科爾。為了完成此計劃，你必須從{1}購買一個物品。,完成此工程后，你将获得足够的法力来召唤艾尔科。要完成此工程，你必须从{1}处购买一件物品。,이 프로젝트를 완료하면 엘코르를 소환할 만큼의 마나를 얻게 됩니다. 이 프로젝트를 완료하려면 {1}에서 아이템을 구매해야 합니다.,"Po ukończeniu tego Projektu, zyskasz wystarczająco dużo Many, aby przywołać Elqora. Aby ukończyć ten Projekt, musisz kupić przedmiot od {1}.","Після завершення цього Проєкту ви отримаєте достатньо Мани, щоб викликати Елкора. Щоб завершити цей Проєкт, ви повинні придбати предмет у {1}.","Na het voltooien van dit Project krijg je genoeg Mana om Elqor op te roepen. Om dit Project te voltooien, moet je een item kopen van {1}.","Bu Projeyi tamamladıktan sonra, Elqor'u çağırmak için yeterli Mana kazanacaksın. Bu Projeyi tamamlamak için {1}'den bir eşya satın alman gerekiyor."
L_PROJN_GODSPAWN_EMLAI,,Godspawn: Emlai,ゴッドスポーン：エムライ,Gottesbrut: Emlai,Progéniture Divine : Emlai,Vástago Divino: Emlai,Progênie Divina: Emlai,Богорожденный: Эмлай,Progenie Divina: Emlai,神裔：艾姆萊,神裔：恩来,신의 자손: 엠라이,Bożęta: Emlai,Богонароджений: Емлай,Godenkind: Emlai,Tanrıdoğumu: Emlai
L_PROJD_GODSPAWN_EMLAI,,"After completing this Project, you will gain enough Mana to summon Emlai. In order to complete this Project, you must purchase an item from {1}.",このプロジェクトを完了すると、エムライを召喚するのに十分なマナを獲得できます。このプロジェクトを完了するには、{1}からアイテムを購入する必要があります。,"Nach Abschluss dieses Projekts erhältst du genug Mana, um Emlai zu beschwören. Um dieses Projekt abzuschließen, musst du einen Gegenstand von {1} kaufen.","Après avoir terminé ce Projet, vous gagnerez assez de Mana pour invoquer Emlai. Pour terminer ce Projet, vous devez acheter un objet à {1}.","Después de completar este Proyecto, ganarás suficiente Maná para invocar a Emlai. Para completar este Proyecto, debes comprar un objeto de {1}.","Após completar este Projeto, você ganhará Mana suficiente para invocar Emlai. Para completar este Projeto, você deve comprar um item de {1}.","После завершения этого Проекта вы получите достаточно Маны для призыва Эмлай. Чтобы завершить этот Проект, вы должны приобрести предмет у {1}.","Dopo aver completato questo Progetto, otterrai abbastanza Mana per evocare Emlai. Per completare questo Progetto, devi acquistare un oggetto da {1}.",完成此計劃後，你將獲得足夠的魔力來召喚艾姆萊。要完成此計劃，你必須從{1}購買一個物品。,完成此工程后，你将获得足够的法力来召唤恩来。要完成此工程，你必须从{1}处购买一件物品。,이 프로젝트를 완료하면 엠라이를 소환할 수 있는 충분한 마나를 얻게 됩니다. 이 프로젝트를 완료하려면 {1}에서 아이템을 구매해야 합니다.,"Po ukończeniu tego Projektu, zyskasz wystarczająco dużo Many, aby przywołać Emlai. Aby ukończyć ten Projekt, musisz kupić przedmiot od {1}.","Після завершення цього Проєкту ви отримаєте достатньо Мани, щоб викликати Емлай. Щоб завершити цей Проєкт, ви повинні придбати предмет у {1}.","Na het voltooien van dit Project krijg je genoeg Mana om Emlai op te roepen. Om dit Project te voltooien, moet je een item kopen van {1}.","Bu Projeyi tamamladıktan sonra, Emlai'yi çağırmak için yeterli Mana kazanacaksın. Bu Projeyi tamamlamak için {1}'den bir eşya satın alman gerekiyor."
L_PROJN_GODSPAWN_ICONUS,,Godspawn: Iconus,ゴッドスポーン：イコナス,Gottesbrut: Iconus,Progéniture Divine : Iconus,Vástago Divino: Iconus,Progênie Divina: Iconus,Богорожденный: Иконус,Progenie Divina: Iconus,神裔：聖像,神裔：伊科洛斯,신의 자손: 이코누스,Bożęta: Iconus,Богонароджений: Іконус,Godskind: Iconus,Tanrıdoğan: İkonus
L_PROJD_GODSPAWN_ICONUS,,"After completing this Project, you will gain enough Mana to summon Iconus. In order to complete this Project, you must purchase an item from {1}.",このプロジェクトを完了すると、イコヌスを召喚するのに十分なマナを獲得できます。このプロジェクトを完了するには、{1}からアイテムを購入する必要があります。,"Nach Abschluss dieses Projekts erhältst du genug Mana, um Iconus zu beschwören. Um dieses Projekt abzuschließen, musst du einen Gegenstand von {1} kaufen.","Après avoir terminé ce Projet, vous gagnerez assez de Mana pour invoquer Iconus. Afin de compléter ce Projet, vous devez acheter un objet à {1}.","Después de completar este Proyecto, ganarás suficiente Maná para invocar a Iconus. Para completar este Proyecto, debes comprar un objeto de {1}.","Após completar este Projeto, você ganhará Mana suficiente para invocar Iconus. Para completar este Projeto, você deve comprar um item de {1}.","После завершения этого Проекта вы получите достаточно Маны для призыва Иконуса. Чтобы завершить этот Проект, вы должны приобрести предмет у {1}.","Dopo aver completato questo Progetto, otterrai abbastanza Mana per evocare Iconus. Per completare questo Progetto, devi acquistare un oggetto da {1}.",完成此專案後，你將獲得足夠的魔力來召喚艾科諾斯。要完成此專案，你必須從{1}購買一個物品。,完成此工程后，你将获得足够的法力来召唤伊科洛斯。要完成此工程，你必须从{1}处购买一件物品。,이 프로젝트를 완료하면 이코누스를 소환할 만한 충분한 마나를 얻게 됩니다. 이 프로젝트를 완료하려면 {1}에서 아이템을 구매해야 합니다.,"Po ukończeniu tego Projektu, zyskasz wystarczająco dużo Many, aby przywołać Iconusa. Aby ukończyć ten Projekt, musisz kupić przedmiot od {1}.","Після завершення цього Проєкту ви отримаєте достатньо Мани, щоб викликати Іконуса. Щоб завершити цей Проєкт, ви повинні придбати предмет у {1}.","Na het voltooien van dit Project, krijg je genoeg Mana om Iconus op te roepen. Om dit Project te voltooien, moet je een item kopen van {1}.","Bu Projeyi tamamladıktan sonra, Iconus'u çağırmak için yeterli Mana kazanacaksın. Bu Projeyi tamamlamak için {1}'den bir eşya satın alman gerekiyor."
L_PROJN_GODSPAWN_KALASAG,,Godspawn: Kalasag,ゴッドスポーン：カラサグ,Gottesbrut: Kalasag,Progéniture Divine : Kalasag,Vástago Divino: Kalasag,Progênie Divina: Kalasag,Богорожденный: Каласаг,Progenie Divina: Kalasag,神裔：卡拉薩格,神裔：卡拉萨格,신의 자손: 칼라삭,Bożęta: Kalasag,Богонароджений: Каласаг,Godenkind: Kalasag,Tanrıdoğumu: Kalasag
L_PROJD_GODSPAWN_KALASAG,,"After completing this Project, you will gain enough Mana to summon Kalasag. In order to complete this Project, you must purchase an item from {1}.",このプロジェクトを完了すると、カラサグを召喚するのに十分なマナを獲得できます。このプロジェクトを完了するには、{1}からアイテムを購入する必要があります。,"Nach Abschluss dieses Projekts erhältst du genug Mana, um Kalasag zu beschwören. Um dieses Projekt abzuschließen, musst du einen Gegenstand von {1} kaufen.","Après avoir terminé ce Projet, vous gagnerez assez de Mana pour invoquer Kalasag. Pour terminer ce Projet, vous devez acheter un objet à {1}.","Después de completar este Proyecto, ganarás suficiente Maná para invocar a Kalasag. Para completar este Proyecto, debes comprar un objeto de {1}.","Após completar este Projeto, você ganhará Mana suficiente para invocar Kalasag. Para completar este Projeto, você deve comprar um item de {1}.","После завершения этого Проекта вы получите достаточно Маны для призыва Каласага. Чтобы завершить этот Проект, вы должны приобрести предмет у {1}.","Dopo aver completato questo Progetto, otterrai abbastanza Mana per evocare Kalasag. Per completare questo Progetto, devi acquistare un oggetto da {1}.",完成此計劃後，你將獲得足夠的魔力來召喚卡拉薩格。為了完成此計劃，你必須從{1}購買一個物品。,完成此工程后，你将获得足够的法力来召唤卡拉萨格。要完成此工程，你必须从{1}处购买一件物品。,이 프로젝트를 완료하면 칼라삭을 소환할 수 있는 충분한 마나를 얻게 됩니다. 이 프로젝트를 완료하려면 {1}에서 아이템을 구매해야 합니다.,"Po ukończeniu tego Projektu, zyskasz wystarczająco dużo Many, aby przywołać Kalasag. Aby ukończyć ten Projekt, musisz kupić przedmiot od {1}.","Після завершення цього Проєкту ви отримаєте достатньо Мани, щоб викликати Каласаґа. Щоб завершити цей Проєкт, ви повинні придбати предмет у {1}.","Na het voltooien van dit Project, krijg je genoeg Mana om Kalasag op te roepen. Om dit Project te voltooien, moet je een item kopen van {1}.","Bu Projeyi tamamladıktan sonra, Kalasag'ı çağırmak için yeterli Mana kazanacaksın. Bu Projeyi tamamlamak için {1}'den bir eşya satın alman gerekiyor."
L_PROJN_GODSPAWN_KAPRE,,Godspawn: Kapre,ゴッドスポーン：カプレ,Gottesbrut: Kapre,Progéniture Divine : Kapre,Vástago Divino: Kapre,Progênie Divina: Kapre,Богорожденный: Капре,Progenie Divina: Kapre,神裔：卡普雷,神裔：卡普雷,신의 자손: 카프레,Boski Pomiot: Kapre,Богонароджений: Капре,Godenkind: Kapre,Tanrıdoğumu: Kapre
L_PROJD_GODSPAWN_KAPRE,,"After completing this Project, you will gain enough Mana to summon Kapre. In order to complete this Project, you must purchase an item from {1}.",このプロジェクトを完了すると、カプレを召喚するのに十分なマナを獲得できます。このプロジェクトを完了するには、{1}からアイテムを購入する必要があります。,"Nach Abschluss dieses Projekts erhältst du genug Mana, um Kapre zu beschwören. Um dieses Projekt abzuschließen, musst du einen Gegenstand von {1} kaufen.","Après avoir terminé ce Projet, vous gagnerez assez de Mana pour invoquer Kapre. Pour terminer ce Projet, vous devez acheter un objet à {1}.","Después de completar este Proyecto, ganarás suficiente Maná para invocar a Kapre. Para completar este Proyecto, debes comprar un objeto de {1}.","Após completar este Projeto, você ganhará Mana suficiente para invocar Kapre. Para completar este Projeto, você deve comprar um item de {1}.","После завершения этого Проекта вы получите достаточно Маны для призыва Капре. Чтобы завершить этот Проект, вы должны приобрести предмет у {1}.","Dopo aver completato questo Progetto, otterrai abbastanza Mana per evocare Kapre. Per completare questo Progetto, devi acquistare un oggetto da {1}.",完成此專案後，你將獲得足夠的魔力來召喚卡普雷。要完成此專案，你必須從{1}購買一個物品。,完成此工程后，你将获得足够的法力来召唤卡普雷。要完成此工程，你必须从{1}处购买一件物品。,이 프로젝트를 완료하면 카프레를 소환할 만한 충분한 마나를 얻게 됩니다. 이 프로젝트를 완료하려면 {1}에서 아이템을 구매해야 합니다.,"Po ukończeniu tego Projektu, zyskasz wystarczająco dużo Many, aby przywołać Kapre. Aby ukończyć ten Projekt, musisz kupić przedmiot od {1}.","Після завершення цього Проєкту ви отримаєте достатньо Мани, щоб викликати Капре. Щоб завершити цей Проєкт, ви повинні придбати предмет у {1}.","Na het voltooien van dit Project krijg je genoeg Mana om Kapre op te roepen. Om dit Project te voltooien, moet je een item kopen van {1}.","Bu Projeyi tamamladıktan sonra, Kapre'yi çağırmak için yeterli Mana kazanacaksın. Bu Projeyi tamamlamak için {1}'den bir eşya satın alman gerekiyor."
L_PROJN_GODSPAWN_LAGLOR,,Godspawn: Laglor,ゴッドスポーン：ラグロア,Gottesbrut: Laglor,Progéniture Divine : Laglor,Vástago Divino: Laglor,Progênie Divina: Laglor,Богорожденный: Лаглор,Progenie Divina: Laglor,神裔：拉格洛,神裔：拉格洛尔,신의 자손: 라글로르,Bożęta: Laglor,Богонароджений: Лаглор,Godenkind: Laglor,Tanrıdoğumu: Laglor
L_PROJD_GODSPAWN_LAGLOR,,"After completing this Project, you will gain enough Mana to summon Laglor. In order to complete this Project, you must purchase an item from {1}.",このプロジェクトを完了すると、ラグロールを召喚するのに十分なマナを獲得できます。このプロジェクトを完了するには、{1}からアイテムを購入する必要があります。,"Nach Abschluss dieses Projekts erhältst du genug Mana, um Laglor zu beschwören. Um dieses Projekt abzuschließen, musst du einen Gegenstand von {1} kaufen.","Après avoir terminé ce Projet, vous gagnerez assez de Mana pour invoquer Laglor. Pour terminer ce Projet, vous devez acheter un objet à {1}.","Después de completar este Proyecto, ganarás suficiente Maná para invocar a Laglor. Para completar este Proyecto, debes comprar un objeto de {1}.","Após completar este Projeto, você ganhará Mana suficiente para invocar Laglor. Para completar este Projeto, você deve comprar um item de {1}.","После завершения этого Проекта вы получите достаточно Маны для призыва Лаглора. Чтобы завершить этот Проект, вы должны приобрести предмет у {1}.","Dopo aver completato questo Progetto, otterrai abbastanza Mana per evocare Laglor. Per completare questo Progetto, devi acquistare un oggetto da {1}.",完成此專案後，你將獲得足夠的魔力來召喚拉格洛爾。為了完成此專案，你必須從{1}購買一個物品。,完成此工程后，你将获得足够的法力来召唤拉格洛尔。要完成此工程，你必须从{1}处购买一件物品。,이 프로젝트를 완료하면 라글로르를 소환할 만한 충분한 마나를 얻게 됩니다. 이 프로젝트를 완료하려면 {1}에서 아이템을 구매해야 합니다.,"Po ukończeniu tego Projektu, zyskasz wystarczająco dużo Many, aby przywołać Laglora. Aby ukończyć ten Projekt, musisz kupić przedmiot od {1}.","Після завершення цього Проєкту ви отримаєте достатньо Мани, щоб викликати Лаглора. Щоб завершити цей Проєкт, ви повинні придбати предмет у {1}.","Na het voltooien van dit Project krijg je genoeg Mana om Laglor op te roepen. Om dit Project te voltooien, moet je een item kopen van {1}.","Bu Projeyi tamamladıktan sonra, Laglor'u çağırmak için yeterli Mana kazanacaksın. Bu Projeyi tamamlamak için {1}'den bir eşya satın alman gerekiyor."
L_PROJN_GODSPAWN_LINTA,,Godspawn: Linta,ゴッドスポーン：リンタ,Gottesbrut: Linta,Progéniture Divine : Linta,Vástago Divino: Linta,Progênie Divina: Linta,Богорожденный: Линта,Progenie Divina: Linta,神裔：琳塔,神裔：林塔,신의 자손: 린타,Bożęta: Linta,Богонароджений: Лінта,Godenkind: Linta,Tanrıdoğumu: Linta
L_PROJD_GODSPAWN_LINTA,,"After completing this Project, you will gain enough Mana to summon Linta. In order to complete this Project, you must purchase an item from {1}.",このプロジェクトを完了すると、リンタを召喚するのに十分なマナを獲得できます。このプロジェクトを完了するには、{1}からアイテムを購入する必要があります。,"Nach Abschluss dieses Projekts erhältst du genug Mana, um Linta zu beschwören. Um dieses Projekt abzuschließen, musst du einen Gegenstand von {1} kaufen.","Après avoir terminé ce Projet, vous gagnerez assez de Mana pour invoquer Linta. Pour terminer ce Projet, vous devez acheter un objet à {1}.","Después de completar este Proyecto, ganarás suficiente Maná para invocar a Linta. Para completar este Proyecto, debes comprar un objeto de {1}.","Após completar este Projeto, você ganhará Mana suficiente para invocar Linta. Para completar este Projeto, você deve comprar um item de {1}.","После завершения этого Проекта вы получите достаточно Маны для призыва Линты. Чтобы завершить этот Проект, вы должны приобрести предмет у {1}.","Dopo aver completato questo Progetto, otterrai abbastanza Mana per evocare Linta. Per completare questo Progetto, devi acquistare un oggetto da {1}.",完成此計劃後，你將獲得足夠的魔力來召喚琳塔。為了完成此計劃，你必須從{1}購買一件物品。,完成此工程后，你将获得足够的法力来召唤林塔。要完成此工程，你必须从{1}处购买一件物品。,이 프로젝트를 완료하면 린타를 소환할 수 있는 충분한 마나를 얻게 됩니다. 이 프로젝트를 완료하려면 {1}에서 아이템을 구매해야 합니다.,"Po ukończeniu tego Projektu, zyskasz wystarczająco dużo Many, aby przywołać Lintę. Aby ukończyć ten Projekt, musisz kupić przedmiot od {1}.","Після завершення цього Проєкту ви отримаєте достатньо Мани, щоб викликати Лінту. Щоб завершити цей Проєкт, ви повинні придбати предмет у {1}.","Na het voltooien van dit Project krijg je genoeg Mana om Linta op te roepen. Om dit Project te voltooien, moet je een item kopen van {1}.","Bu Projeyi tamamladıktan sonra, Linta'yı çağırmak için yeterli Mana kazanacaksın. Bu Projeyi tamamlamak için {1}'den bir eşya satın alman gerekiyor."
L_PROJN_GODSPAWN_MUMU,,Godspawn: Mumu,ゴッドスポーン：ムム,Gottesbrut: Mumu,Progéniture Divine : Mumu,Vástago Divino: Mumu,Progênie Divina: Mumu,Богорожденный: Муму,Progenie Divina: Mumu,神之子：姆姆,神裔：姆姆,신의 자손: 무무,Boski Pomiot: Mumu,Богонароджений: Муму,Godenkind: Mumu,Tanrıdoğumu: Mumu
L_PROJD_GODSPAWN_MUMU,,"After completing this Project, you will gain enough Mana to summon Mumu. In order to complete this Project, you must purchase an item from {1}.",このプロジェクトを完了すると、ムムを召喚するのに十分なマナを獲得できます。このプロジェクトを完了するには、{1}からアイテムを購入する必要があります。,"Nach Abschluss dieses Projekts erhältst du genug Mana, um Mumu zu beschwören. Um dieses Projekt abzuschließen, musst du einen Gegenstand von {1} kaufen.","Après avoir terminé ce Projet, vous gagnerez assez de Mana pour invoquer Mumu. Pour terminer ce Projet, vous devez acheter un objet à {1}.","Después de completar este Proyecto, ganarás suficiente Maná para invocar a Mumu. Para completar este Proyecto, debes comprar un objeto de {1}.","Após completar este Projeto, você ganhará Mana suficiente para invocar Mumu. Para completar este Projeto, você deve comprar um item de {1}.","После завершения этого Проекта вы получите достаточно Маны для призыва Муму. Чтобы завершить этот Проект, вы должны приобрести предмет у {1}.","Dopo aver completato questo Progetto, otterrai abbastanza Mana per evocare Mumu. Per completare questo Progetto, devi acquistare un oggetto da {1}.",完成此專案後，你將獲得足夠的魔力來召喚姆姆。要完成此專案，你必須從{1}購買一個物品。,完成此工程后，你将获得足够的法力来召唤姆姆。要完成此工程，你必须从{1}处购买一件物品。,이 프로젝트를 완료하면 무무를 소환할 수 있는 충분한 마나를 얻게 됩니다. 이 프로젝트를 완료하려면 {1}에서 아이템을 구매해야 합니다.,"Po ukończeniu tego Projektu, zyskasz wystarczająco dużo Many, aby przywołać Mumu. Aby ukończyć ten Projekt, musisz kupić przedmiot od {1}.","Після завершення цього Проєкту ви отримаєте достатньо Мани, щоб викликати Муму. Щоб завершити цей Проєкт, ви повинні придбати предмет у {1}.","Na het voltooien van dit Project krijg je genoeg Mana om Mumu op te roepen. Om dit Project te voltooien, moet je een item kopen van {1}.","Bu Projeyi tamamladıktan sonra, Mumu'yu çağırmak için yeterli Mana kazanacaksın. Bu Projeyi tamamlamak için {1}'den bir eşya satın alman gerekiyor."
L_PROJN_GODSPAWN_NOXPIT,,Godspawn: Noxpit,ゴッドスポーン：ノックスピット,Gottesbrut: Noxpit,Progéniture Divine : Noxpit,Vástago Divino: Noxpit,Progênie Divina: Noxpit,Богорожденный: Ноксит,Progenie Divina: Noxpit,神裔：毒淵,神裔：诺克斯皮特,신의 자손: 녹스핏,Bożęta: Noxpit,Богонароджений: Нокспіт,Godenkind: Noxpit,Tanrıdoğan: Zehirçukur
L_PROJD_GODSPAWN_NOXPIT,,"After completing this Project, you will gain enough Mana to summon Noxpit. In order to complete this Project, you must purchase an item from {1}.",このプロジェクトを完了すると、ノックスピットを召喚するのに十分なマナを獲得できます。このプロジェクトを完了するには、{1}からアイテムを購入する必要があります。,"Nach Abschluss dieses Projekts erhältst du genug Mana, um Noxpit zu beschwören. Um dieses Projekt abzuschließen, musst du einen Gegenstand von {1} kaufen.","Après avoir terminé ce Projet, vous gagnerez assez de Mana pour invoquer Noxpit. Pour compléter ce Projet, vous devez acheter un objet à {1}.","Después de completar este Proyecto, ganarás suficiente Maná para invocar a Noxpit. Para completar este Proyecto, debes comprar un objeto de {1}.","Após completar este Projeto, você ganhará Mana suficiente para invocar Noxpit. Para completar este Projeto, você deve comprar um item de {1}.","После завершения этого Проекта вы получите достаточно Маны для призыва Ноксита. Чтобы завершить этот Проект, вы должны приобрести предмет у {1}.","Dopo aver completato questo Progetto, otterrai abbastanza Mana per evocare Noxpit. Per completare questo Progetto, devi acquistare un oggetto da {1}.",完成此計劃後，你將獲得足夠的魔力來召喚諾克斯皮特。為了完成此計劃，你必須從{1}購買一個物品。,完成此工程后，你将获得足够的法力来召唤诺克斯皮特。要完成此工程，你必须从{1}处购买一件物品。,이 프로젝트를 완료하면 녹스핏을 소환할 수 있는 충분한 마나를 얻게 됩니다. 이 프로젝트를 완료하려면 {1}에서 아이템을 구매해야 합니다.,"Po ukończeniu tego Projektu, zyskasz wystarczająco dużo Many, aby przywołać Noxpita. Aby ukończyć ten Projekt, musisz kupić przedmiot od {1}.","Після завершення цього Проєкту ви отримаєте достатньо Мани, щоб викликати Нокспіта. Щоб завершити цей Проєкт, ви повинні придбати предмет у {1}.","Na het voltooien van dit Project, krijg je genoeg Mana om Noxpit op te roepen. Om dit Project te voltooien, moet je een item kopen van {1}.","Bu Projeyi tamamladıktan sonra, Noxpit'i çağırmak için yeterli Mana kazanacaksın. Bu Projeyi tamamlamak için {1}'den bir eşya satın alman gerekiyor."
L_PROJN_GODSPAWN_OTTUM,,Godspawn: Ottum,ゴッドスポーン：オタム,Gottesbrut: Ottum,Progéniture Divine : Ottum,Vástago Divino: Ottum,Progênie Divina: Ottum,Богорожденный: Оттум,Progenie Divina: Ottum,神裔：奧特姆,神裔：奥图姆,신의 자손: 오텀,Bożęta: Ottum,Богонароджений: Оттум,Godenkind: Ottum,Tanrıdoğumu: Ottum
L_PROJD_GODSPAWN_OTTUM,,"After completing this Project, you will gain enough Mana to summon Ottum. In order to complete this Project, you must purchase an item from {1}.",このプロジェクトを完了すると、オッタムを召喚するのに十分なマナを獲得できます。このプロジェクトを完了するには、{1}からアイテムを購入する必要があります。,"Nach Abschluss dieses Projekts erhältst du genug Mana, um Ottum zu beschwören. Um dieses Projekt abzuschließen, musst du einen Gegenstand von {1} kaufen.","Après avoir terminé ce Projet, vous gagnerez assez de Mana pour invoquer Ottum. Pour terminer ce Projet, vous devez acheter un objet à {1}.","Después de completar este Proyecto, ganarás suficiente Maná para invocar a Ottum. Para completar este Proyecto, debes comprar un objeto de {1}.","Após completar este Projeto, você ganhará Mana suficiente para invocar Ottum. Para completar este Projeto, você deve comprar um item de {1}.","После завершения этого Проекта вы получите достаточно Маны для призыва Оттума. Чтобы завершить этот Проект, вы должны приобрести предмет у {1}.","Dopo aver completato questo Progetto, otterrai abbastanza Mana per evocare Ottum. Per completare questo Progetto, devi acquistare un oggetto da {1}.",完成此計劃後，你將獲得足夠的魔力來召喚奧特姆。為了完成此計劃，你必須從{1}購買一個物品。,完成此工程后，你将获得足够的法力来召唤奥图姆。要完成此工程，你必须从{1}处购买一件物品。,이 프로젝트를 완료하면 오툼을 소환할 수 있는 충분한 마나를 얻게 됩니다. 이 프로젝트를 완료하려면 {1}에서 아이템을 구매해야 합니다.,"Po ukończeniu tego Projektu, zyskasz wystarczająco dużo Many, aby przywołać Ottum. Aby ukończyć ten Projekt, musisz kupić przedmiot od {1}.","Після завершення цього Проєкту ви отримаєте достатньо Мани, щоб викликати Оттума. Щоб завершити цей Проєкт, ви повинні придбати предмет у {1}.","Na het voltooien van dit Project krijg je genoeg Mana om Ottum op te roepen. Om dit Project te voltooien, moet je een item kopen van {1}.","Bu Projeyi tamamladıktan sonra, Ottum'u çağırmak için yeterli Mana kazanacaksın. Bu Projeyi tamamlamak için {1}'den bir eşya satın alman gerekiyor."
L_PROJN_GODSPAWN_TENBRAN,,Godspawn: Tenbran,ゴッドスポーン：テンブラン,Gottesbrut: Tenbran,Progéniture Divine : Tenbran,Vástago Divino: Tenbran,Progênie Divina: Tenbran,Богорожденный: Тенбран,Progenie Divina: Tenbran,神裔：天燃,神裔：坦布兰,신의 자손: 텐브란,Bożęta: Tenbran,Богонароджений: Тенбран,Godskind: Tenbran,Tanrıdoğan: Tenbran
L_PROJD_GODSPAWN_TENBRAN,,"After completing this Project, you will gain enough Mana to summon Tenbran. In order to complete this Project, you must purchase an item from {1}.",このプロジェクトを完了すると、テンブランを召喚するのに十分なマナを獲得できます。このプロジェクトを完了するには、{1}からアイテムを購入する必要があります。,"Nach Abschluss dieses Projekts erhältst du genug Mana, um Tenbran zu beschwören. Um dieses Projekt abzuschließen, musst du einen Gegenstand von {1} kaufen.","Après avoir terminé ce Projet, vous gagnerez assez de Mana pour invoquer Tenbran. Pour terminer ce Projet, vous devez acheter un objet auprès de {1}.","Después de completar este Proyecto, obtendrás suficiente Maná para invocar a Tenbran. Para completar este Proyecto, debes comprar un objeto de {1}.","Após completar este Projeto, você ganhará Mana suficiente para invocar Tenbran. Para completar este Projeto, você deve comprar um item de {1}.","После завершения этого Проекта вы получите достаточно Маны для призыва Тенбрана. Чтобы завершить этот Проект, вы должны приобрести предмет у {1}.","Dopo aver completato questo Progetto, otterrai abbastanza Mana per evocare Tenbran. Per completare questo Progetto, devi acquistare un oggetto da {1}.",完成此計劃後，你將獲得足夠的魔力來召喚天布蘭。為了完成此計劃，你必須從{1}購買一個物品。,完成此工程后，你将获得足够的法力来召唤坦布兰。要完成此工程，你必须从{1}处购买一件物品。,이 프로젝트를 완료하면 텐브란을 소환할 수 있는 충분한 마나를 얻게 됩니다. 이 프로젝트를 완료하려면 {1}에서 아이템을 구매해야 합니다.,"Po ukończeniu tego Projektu, zyskasz wystarczająco dużo Many, aby przywołać Tenbrana. Aby ukończyć ten Projekt, musisz kupić przedmiot od {1}.","Після завершення цього Проєкту ви отримаєте достатньо Мани, щоб викликати Тенбрана. Щоб завершити цей Проєкт, ви повинні придбати предмет у {1}.","Na het voltooien van dit Project, krijg je genoeg Mana om Tenbran op te roepen. Om dit Project te voltooien, moet je een item kopen van {1}.","Bu Projeyi tamamladıktan sonra, Tenbran'ı çağırmak için yeterli Mana kazanacaksın. Bu Projeyi tamamlamak için {1}'den bir eşya satın alman gerekiyor."
L_PROJN_GODSPAWN_THE_LOST,,Godspawn: The Lost,ゴッドスポーン：ザ・ロスト,Gottesbrut: Die Verlorenen,Godspawn: Les Égarés,Godspawn: El Perdido,Progênie Divina: O Perdido,Богорожденные: Потерянные,Progenie Divina: I Perduti,神裔：失落者,神裔：迷失者,신의 자손: 잃어버린 자,Bożęta: Zagubieni,Богонароджені: Загублені,Godspawn: De Verlorene,Tanrıdoğan: Kayıp
L_PROJD_GODSPAWN_THE_LOST,,"After completing this Project, you will gain enough Mana to summon The Lost. In order to complete this Project, you must purchase an item from {1}.",このプロジェクトを完了すると、「迷いし者」を召喚するのに十分なマナを獲得できます。このプロジェクトを完了するには、{1}からアイテムを購入する必要があります。,"Nach Abschluss dieses Projekts erhältst du genug Mana, um Die Verlorenen zu beschwören. Um dieses Projekt abzuschließen, musst du einen Gegenstand von {1} kaufen.","Après avoir terminé ce Projet, vous gagnerez assez de Mana pour invoquer Les Perdus. Pour terminer ce Projet, vous devez acheter un objet à {1}.","Después de completar este Proyecto, obtendrás suficiente Maná para invocar a Los Perdidos. Para completar este Proyecto, debes comprar un objeto de {1}.","Após completar este Projeto, você ganhará Mana suficiente para invocar O Perdido. Para completar este Projeto, você deve comprar um item de {1}.","После завершения этого Проекта вы получите достаточно Маны для призыва Потерянного. Чтобы завершить этот Проект, вы должны приобрести предмет у {1}.","Dopo aver completato questo Progetto, otterrai abbastanza Mana per evocare Il Perduto. Per completare questo Progetto, devi acquistare un oggetto da {1}.",完成此計劃後，你將獲得足夠的魔力來召喚「迷失者」。要完成此計劃，你必須從{1}購買一件物品。,完成此工程后，你将获得足够的法力来召唤迷失者。要完成此工程，你必须从{1}处购买一件物品。,이 프로젝트를 완료하면 잃어버린 자를 소환할 수 있는 충분한 마나를 얻게 됩니다. 이 프로젝트를 완료하려면 {1}에서 아이템을 구매해야 합니다.,"Po ukończeniu tego Projektu, zyskasz wystarczająco dużo Many, aby przywołać Zagubionych. Aby ukończyć ten Projekt, musisz kupić przedmiot od {1}.","Після завершення цього Проєкту ви отримаєте достатньо Мани, щоб викликати Загубленого. Щоб завершити цей Проєкт, ви повинні придбати предмет у {1}.","Na het voltooien van dit Project, krijg je genoeg Mana om The Lost op te roepen. Om dit Project te voltooien, moet je een item kopen van {1}.","Bu Projeyi tamamladıktan sonra, Kayıp'ı çağırmak için yeterli Mana kazanacaksın. Bu Projeyi tamamlamak için {1}'den bir eşya satın alman gerekiyor."
L_PROJN_GODSPAWN_TISYA,,Godspawn: Tisya,ゴッドスポーン：ティシア,Gottgeborene: Tisya,Progéniture Divine : Tisya,Vástago divino: Tisya,Progênie Divina: Tisya,Богорожденная: Тисья,Progenie Divina: Tisya,神裔：提西亞,神裔：缇丝娅,신의 자손: 티시아,Bożę Nasienie: Tisya,Богонароджена: Тісія,Godenkind: Tisya,Tanrıdoğumu: Tisya
L_PROJD_GODSPAWN_TISYA,,"After completing this Project, you will gain enough Mana to summon Tisya. In order to complete this Project, you must purchase an item from {1}.",このプロジェクトを完了すると、ティシャを召喚するのに十分なマナを獲得できます。このプロジェクトを完了するには、{1}からアイテムを購入する必要があります。,"Nach Abschluss dieses Projekts erhältst du genug Mana, um Tisya zu beschwören. Um dieses Projekt abzuschließen, musst du einen Gegenstand von {1} kaufen.","Après avoir terminé ce Projet, vous gagnerez assez de Mana pour invoquer Tisya. Pour terminer ce Projet, vous devez acheter un objet à {1}.","Después de completar este Proyecto, ganarás suficiente Maná para invocar a Tisya. Para completar este Proyecto, debes comprar un objeto de {1}.","Após completar este Projeto, você ganhará Mana suficiente para invocar Tisya. Para completar este Projeto, você deve comprar um item de {1}.","После завершения этого Проекта вы получите достаточно Маны для призыва Тисьи. Чтобы завершить этот Проект, вы должны приобрести предмет у {1}.","Dopo aver completato questo Progetto, otterrai abbastanza Mana per evocare Tisya. Per completare questo Progetto, devi acquistare un oggetto da {1}.",完成此計劃後，你將獲得足夠的魔力來召喚提西亞。為了完成此計劃，你必須從{1}購買一件物品。,完成此工程后，你将获得足够的法力来召唤缇丝娅。要完成此工程，你必须从{1}处购买一件物品。,이 프로젝트를 완료하면 티샤를 소환할 수 있는 충분한 마나를 얻게 됩니다. 이 프로젝트를 완료하려면 {1}에서 아이템을 구매해야 합니다.,"Po ukończeniu tego Projektu, zyskasz wystarczająco dużo Many, aby przywołać Tisyę. Aby ukończyć ten Projekt, musisz kupić przedmiot od {1}.","Після завершення цього Проєкту ви отримаєте достатньо Мани, щоб викликати Тісю. Щоб завершити цей Проєкт, ви повинні придбати предмет у {1}.","Na het voltooien van dit Project krijg je genoeg Mana om Tisya op te roepen. Om dit Project te voltooien, moet je een item kopen van {1}.","Bu Projeyi tamamladıktan sonra, Tisya'yı çağırmak için yeterli Mana kazanacaksın. Bu Projeyi tamamlamak için {1}'den bir eşya satın alman gerekiyor."
L_PROJN_GODSPAWN_UGAT,,Godspawn: Ugat,ゴッドスポーン：ウガト,Gottesbrut: Ugat,Progéniture Divine : Ugat,Vástago Divino: Ugat,Progênie Divina: Ugat,Богорожденный: Угат,Progenie Divina: Ugat,神裔：烏加特,神裔：乌加特,신의 자손: 우갓,Bożęta: Ugat,Богонароджений: Угат,Godenkind: Ugat,Tanrıdoğumu: Ugat
L_PROJD_GODSPAWN_UGAT,,"After completing this Project, you will gain enough Mana to summon Ugat. In order to complete this Project, you must purchase an item from {1}.",このプロジェクトを完了すると、ウガトを召喚するのに十分なマナを獲得できます。このプロジェクトを完了するには、{1}からアイテムを購入する必要があります。,"Nach Abschluss dieses Projekts erhältst du genug Mana, um Ugat zu beschwören. Um dieses Projekt abzuschließen, musst du einen Gegenstand von {1} kaufen.","Après avoir terminé ce Projet, vous gagnerez assez de Mana pour invoquer Ugat. Pour terminer ce Projet, vous devez acheter un objet à {1}.","Después de completar este Proyecto, ganarás suficiente Maná para invocar a Ugat. Para completar este Proyecto, debes comprar un objeto de {1}.","Após completar este Projeto, você ganhará Mana suficiente para invocar Ugat. Para completar este Projeto, você deve comprar um item de {1}.","После завершения этого Проекта вы получите достаточно Маны для призыва Угата. Чтобы завершить этот Проект, вы должны приобрести предмет у {1}.","Dopo aver completato questo Progetto, otterrai abbastanza Mana per evocare Ugat. Per completare questo Progetto, devi acquistare un oggetto da {1}.",完成此計劃後，你將獲得足夠的魔力來召喚烏加特。為了完成此計劃，你必須從{1}購買一件物品。,完成此工程后，你将获得足够的法力来召唤乌加特。要完成此工程，你必须从{1}处购买一件物品。,이 프로젝트를 완료하면 우갓을 소환할 충분한 마나를 얻게 됩니다. 이 프로젝트를 완료하려면 {1}에서 아이템을 구매해야 합니다.,"Po ukończeniu tego Projektu, zyskasz wystarczająco dużo Many, aby przywołać Ugata. Aby ukończyć ten Projekt, musisz kupić przedmiot od {1}.","Після завершення цього Проєкту ви отримаєте достатньо Мани, щоб викликати Угата. Щоб завершити цей Проєкт, ви повинні придбати предмет у {1}.","Na het voltooien van dit Project, krijg je genoeg Mana om Ugat op te roepen. Om dit Project te voltooien, moet je een item kopen van {1}.","Bu Projeyi tamamladıktan sonra, Ugat'ı çağırmak için yeterli Mana kazanacaksın. Bu Projeyi tamamlamak için {1}'den bir eşya satın alman gerekiyor."
L_PROJN_GODSPAWN_WALKEN,,Godspawn: Walken,ゴッドスポーン：ウォーケン,Gottesbrut: Walken,Progéniture Divine : Walken,Vástago Divino: Walken,Progênie Divina: Walken,Богорожденный: Уолкен,Progenie Divina: Walken,神裔：沃肯,神裔：沃肯,신의 자손: 워큰,Bożęta: Walken,Богонароджений: Волкен,Godskind: Walken,Tanrıdoğumu: Walken
L_PROJD_GODSPAWN_WALKEN,,"After completing this Project, you will gain enough Mana to summon Walken. In order to complete this Project, you must purchase an item from {1}.",このプロジェクトを完了すると、ウォーケンを召喚するのに十分なマナを獲得できます。このプロジェクトを完了するには、{1}からアイテムを購入する必要があります。,"Nach Abschluss dieses Projekts erhältst du genug Mana, um Walken zu beschwören. Um dieses Projekt abzuschließen, musst du einen Gegenstand von {1} kaufen.","Après avoir terminé ce Projet, vous gagnerez assez de Mana pour invoquer Walken. Pour terminer ce Projet, vous devez acheter un objet à {1}.","Después de completar este Proyecto, obtendrás suficiente Maná para invocar a Walken. Para completar este Proyecto, debes comprar un objeto de {1}.","Após completar este Projeto, você ganhará Mana suficiente para invocar Walken. Para completar este Projeto, você deve comprar um item de {1}.","После завершения этого Проекта вы получите достаточно Маны для призыва Уолкена. Чтобы завершить этот Проект, вы должны приобрести предмет у {1}.","Dopo aver completato questo Progetto, otterrai abbastanza Mana per evocare Walken. Per completare questo Progetto, devi acquistare un oggetto da {1}.",完成此計劃後，你將獲得足夠的魔力來召喚沃肯。為了完成此計劃，你必須從{1}購買一個物品。,完成此工程后，你将获得足够的法力来召唤沃肯。要完成此工程，你必须从{1}处购买一件物品。,이 프로젝트를 완료하면 워큰을 소환할 수 있는 충분한 마나를 얻게 됩니다. 이 프로젝트를 완료하려면 {1}에서 아이템을 구매해야 합니다.,"Po ukończeniu tego Projektu, zyskasz wystarczająco dużo Many, aby przywołać Walkena. Aby ukończyć ten Projekt, musisz kupić przedmiot od {1}.","Після завершення цього Проєкту ви отримаєте достатньо Мани для виклику Волкена. Щоб завершити цей Проєкт, ви повинні придбати предмет у {1}.","Na het voltooien van dit Project, krijg je genoeg Mana om Walken op te roepen. Om dit Project te voltooien, moet je een item kopen van {1}.","Bu Projeyi tamamladıktan sonra, Walken'ı çağırmak için yeterli Mana kazanacaksın. Bu Projeyi tamamlamak için {1}'den bir eşya satın alman gerekiyor."
L_PROJN_GODSPAWN_YLLOR,,Godspawn: Yllor,ゴッドスポーン：イロール,Gottesbrut: Yllor,Progéniture Divine : Yllor,Vástago Divino: Yllor,Progênie Divina: Yllor,Богорожденный: Иллор,Progenie Divina: Yllor,神裔：伊洛爾,神裔：伊洛,신의 자손: 일로르,Bożęta: Yllor,Богонароджений: Іллор,Godskind: Yllor,Tanrıdoğumu: Yllor
L_PROJD_GODSPAWN_YLLOR,,"After completing this Project, you will gain enough Mana to summon Yllor. In order to complete this Project, you must purchase an item from {1}.",このプロジェクトを完了すると、イロルを召喚するのに十分なマナを獲得できます。このプロジェクトを完了するには、{1}からアイテムを購入する必要があります。,"Nach Abschluss dieses Projekts erhältst du genug Mana, um Yllor zu beschwören. Um dieses Projekt abzuschließen, musst du einen Gegenstand von {1} kaufen.","Après avoir terminé ce Projet, vous gagnerez assez de Mana pour invoquer Yllor. Pour terminer ce Projet, vous devez acheter un objet auprès de {1}.","Después de completar este Proyecto, ganarás suficiente Maná para invocar a Yllor. Para completar este Proyecto, debes comprar un objeto de {1}.","Após completar este Projeto, você ganhará Mana suficiente para invocar Yllor. Para completar este Projeto, você deve comprar um item de {1}.","После завершения этого Проекта вы получите достаточно Маны для призыва Иллора. Чтобы завершить этот Проект, вы должны приобрести предмет у {1}.","Dopo aver completato questo Progetto, otterrai abbastanza Mana per evocare Yllor. Per completare questo Progetto, devi acquistare un oggetto da {1}.",完成此計劃後，你將獲得足夠的魔力來召喚伊洛爾。為了完成此計劃，你必須從{1}購買一件物品。,完成此工程后，你将获得足够的法力来召唤伊洛。要完成此工程，你必须从{1}处购买一件物品。,이 프로젝트를 완료하면 일로르를 소환할 수 있는 충분한 마나를 얻게 됩니다. 이 프로젝트를 완료하려면 {1}에서 아이템을 구매해야 합니다.,"Po ukończeniu tego Projektu, zyskasz wystarczająco dużo Many, aby przywołać Yllora. Aby ukończyć ten Projekt, musisz kupić przedmiot od {1}.","Після завершення цього Проєкту ви отримаєте достатньо Мани, щоб викликати Іллора. Щоб завершити цей Проєкт, ви повинні придбати предмет у {1}.","Na het voltooien van dit Project krijg je genoeg Mana om Yllor op te roepen. Om dit Project te voltooien, moet je een item kopen van {1}.","Bu Projeyi tamamladıktan sonra, Yllor'u çağırmak için yeterli Mana kazanacaksın. Bu Projeyi tamamlamak için {1}'den bir eşya satın alman gerekiyor."
L_PROJN_COURT_JESTER,,Court Jester,道化師,Hofnarr,Bouffon de la Cour,Bufón de la Corte,Bobo da Corte,Придворный шут,Giullare di Corte,宮廷小丑,宫廷小丑,궁중 어릿광대,Błazen Dworski,Придворний Блазень,Hofnar,Saray Soytarısı
L_PROJD_COURT_JESTER,,Unlocks an NPC that you can place in your castle. The Court Jester sells wardrobe costumes that allow you to change the appearance of your character.,城に配置できるNPCのロックを解除します。道化師は、キャラクターの外見を変更できる衣装を販売しています。,"Schaltet einen NPC frei, den du in deiner Burg platzieren kannst. Der Hofnarr verkauft Garderoben-Kostüme, mit denen du das Aussehen deines Charakters verändern kannst.",Débloque un PNJ que vous pouvez placer dans votre château. Le Bouffon de la Cour vend des costumes de garde-robe qui vous permettent de changer l'apparence de votre personnage.,Desbloquea un PNJ que puedes colocar en tu castillo. El Bufón de la Corte vende trajes de vestuario que te permiten cambiar la apariencia de tu personaje.,Desbloqueia um NPC que você pode colocar em seu castelo. O Bobo da Corte vende trajes de guarda-roupa que permitem alterar a aparência do seu personagem.,"Разблокирует NPC, которого вы можете разместить в своём замке. Придворный шут продаёт костюмы для гардероба, позволяющие изменить внешний вид вашего персонажа.",Sblocca un PNG che puoi posizionare nel tuo castello. Il Giullare di Corte vende costumi da guardaroba che ti permettono di cambiare l'aspetto del tuo personaggio.,解鎖一個可以放置在你城堡中的NPC。宮廷小丑會販售衣櫥服裝，讓你能夠改變角色的外觀。,解锁一个可以放置在城堡中的NPC。宫廷小丑出售衣柜服装，允许你改变角色外观。,당신의 성에 배치할 수 있는 NPC를 해금합니다. 궁정 광대는 캐릭터의 외형을 변경할 수 있는 의상을 판매합니다.,"Odblokowuje BN-a, którego możesz umieścić w swoim zamku. Błazen Dworski sprzedaje kostiumy do garderoby, które pozwalają ci zmienić wygląd twojej postaci.","Розблоковує NPC, якого можна розмістити у вашому замку. Придворний блазень продає костюми для гардеробу, які дозволяють змінювати зовнішній вигляд вашого персонажа.",Ontgrendelt een NPC die je in je kasteel kunt plaatsen. De Hofnar verkoopt garderobekostuums waarmee je het uiterlijk van je personage kunt veranderen.,"Şatonuza yerleştirebileceğiniz bir NPC'nin kilidini açar. Saray Soytarısı, karakterinizin görünümünü değiştirmenize olanak tanıyan gardırop kostümleri satar."
L_PROJN_KEYFORGE,,Keyforge,キーフォージ,Keyforge,Keyforge,Keyforge,Keyforge,Кейфордж,Keyforge,鑰匙熔爐,锻匙,키포지,Keyforge,Keyforge,Keyforge,Keyforge
L_PROJD_KEYFORGE,,"After completing this Project, you will receive a key that can be used at the Gate of the Gods.",このプロジェクトを完了すると、神々の門で使用できる鍵を受け取ります。,"Nach Abschluss dieses Projekts erhältst du einen Schlüssel, der am Tor der Götter verwendet werden kann.","Après avoir terminé ce Projet, vous recevrez une clé qui peut être utilisée à la Porte des Dieux.","Después de completar este Proyecto, recibirás una llave que puede ser usada en la Puerta de los Dioses.","Após completar este Projeto, você receberá uma chave que pode ser usada no Portão dos Deuses.","После завершения этого Проекта вы получите ключ, который можно использовать у Врат Богов.","Dopo aver completato questo Progetto, riceverai una chiave che può essere usata al Cancello degli Dei.",完成此計劃後，你將獲得一把可在諸神之門使用的鑰匙。,完成此工程后，你将获得一把可以在众神之门处使用的钥匙。,이 프로젝트를 완료하면 신들의 문에서 사용할 수 있는 열쇠를 받게 됩니다.,"Po ukończeniu tego Projektu otrzymasz klucz, którego można użyć przy Bramie Bogów.","Після завершення цього Проєкту ви отримаєте ключ, який можна використати біля Брами Богів.",Na het voltooien van dit Project ontvang je een sleutel die gebruikt kan worden bij de Poort der Goden.,"Bu Projeyi tamamladıktan sonra, Tanrıların Kapısı'nda kullanılabilecek bir anahtar alacaksın."
L_PROJN_SPECIALIZATION_BLOODMAGE,,Specialization: Bloodmage,専門化：ブラッドメイジ,Spezialisierung: Blutmagier,Spécialisation : Mage de sang,Especialización: Mago de sangre,Especialização: Mago Sangrento,Специализация: Кровомаг,Specializzazione: Mago del Sangue,專精：血法師,专精：血法师,전문화: 혈마법사,Specjalizacja: Krwimag,Спеціалізація: Кровомаг,Specialisatie: Bloedmagiër,Uzmanlık: Kanmajı
L_PROJD_SPECIALIZATION_BLOODMAGE,,"After completing this Project, you can change your specialization to ""Bloodmage"".\n\n{1}",このプロジェクトを完了すると、専門を「ブラッドメイジ」に変更できます。\n\n{1},"Nach Abschluss dieses Projekts kannst du deine Spezialisierung zu ""Blutmagier"" ändern.\n\n{1}","Après avoir terminé ce Projet, vous pourrez changer votre spécialisation en ""Mage de sang"".\n\n{1}","Después de completar este Proyecto, puedes cambiar tu especialización a ""Mago de Sangre"".\n\n{1}","Após completar este Projeto, você pode mudar sua especialização para ""Mago Sangrento"".\n\n{1}","После завершения этого Проекта вы сможете изменить свою специализацию на ""Кровомаг"".\n\n{1}","Dopo aver completato questo Progetto, puoi cambiare la tua specializzazione in ""Mago del Sangue"".\n\n{1}",完成此專案後，你可以將你的專精變更為「血法師」。\n\n{1},"完成此工程后，你可以将你的专精更改为""血法师""。\n\n{1}","이 프로젝트를 완료하면 전문화를 ""블러드메이지""로 변경할 수 있습니다.\n\n{1}","Po ukończeniu tego Projektu możesz zmienić swoją specjalizację na ""Krwimag"".\n\n{1}","Після завершення цього Проекту ви зможете змінити свою спеціалізацію на ""Кровомаг"".\n\n{1}","Na het voltooien van dit Project kun je je specialisatie veranderen naar ""Bloedmagiër"".\n\n{1}","Bu Projeyi tamamladıktan sonra, uzmanlığınızı ""Kanmajı""na değiştirebilirsiniz.\n\n{1}"
L_PROJN_SPECIALIZATION_PYROMANCER,,Specialization: Pyromancer,専門化：パイロマンサー,Spezialisierung: Pyromant,Spécialisation : Pyromancien,Especialización: Piromante,Especialização: Piromante,Специализация: Пиромант,Specializzazione: Piromante,專精：火焰法師,专精：烈焰术士,전문화: 화염술사,Specjalizacja: Piromanta,Спеціалізація: Піромант,Specialisatie: Pyromancer,Uzmanlık: Ateşbüyücüsü
L_PROJD_SPECIALIZATION_PYROMANCER,,"After completing this Project, you can change your specialization to ""Pyromancer"".\n\n{1}",このプロジェクトを完了すると、専門を「パイロマンサー」に変更できます。\n\n{1},"Nach Abschluss dieses Projekts kannst du deine Spezialisierung zu „Pyromancer"" ändern.\n\n{1}","Après avoir terminé ce Projet, vous pourrez changer votre spécialisation en ""Pyromancien"".\n\n{1}","Después de completar este Proyecto, puedes cambiar tu especialización a ""Piromante"".\n\n{1}","Após completar este Projeto, você pode mudar sua especialização para ""Piromante"".\n\n{1}","После завершения этого Проекта вы сможете изменить свою специализацию на ""Пиромант"".\n\n{1}","Dopo aver completato questo Progetto, puoi cambiare la tua specializzazione in ""Piromante"".\n\n{1}",完成此專案後，你可以將你的專精變更為「火焰法師」。\n\n{1},"完成此工程后，你可以将你的专精更改为""烈焰术士""。\n\n{1}","이 프로젝트를 완료하면 전문화를 ""파이로맨서""로 변경할 수 있습니다.\n\n{1}","Po ukończeniu tego Projektu możesz zmienić swoją specjalizację na ""Piromanta"".\n\n{1}","Після завершення цього Проекту ви зможете змінити свою спеціалізацію на ""Піромант"".\n\n{1}","Na het voltooien van dit Project kun je je specialisatie veranderen naar ""Pyromancer"".\n\n{1}","Bu Projeyi tamamladıktan sonra, uzmanlığını ""Ateşbüyücüsü""ne değiştirebilirsin.\n\n{1}"
L_PROJN_SPECIALIZATION_DOOMBRINGER,,Specialization: Doombringer,専門化：ドゥームブリンガー,Spezialisierung: Unheilbringer,Spécialisation : Porteur de Fatalité,Especialización: Portador de la Perdición,Especialização: Arauto da Ruína,Специализация: Вестник Гибели,Specializzazione: Portatore di Sventura,專精：厄運使者,专精：厄运使者,전문화: 파멸인도자,Specjalizacja: Zwiastun Zagłady,Спеціалізація: Провісник Загибелі,Specialisatie: Onheilsbrenger,Uzmanlık: Kıyametgetiren
L_PROJD_SPECIALIZATION_DOOMBRINGER,,"After completing this Project, you can change your specialization to ""Doombringer"".\n\n{1}",このプロジェクトを完了すると、専門を「ドゥームブリンガー」に変更できます。\n\n{1},"Nach Abschluss dieses Projekts kannst du deine Spezialisierung zu „Doombringer"" ändern.\n\n{1}","Après avoir terminé ce Projet, vous pourrez changer votre spécialisation en ""Porteur de Ruine"".\n\n{1}","Después de completar este Proyecto, puedes cambiar tu especialización a ""Portador de la Muerte"".\n\n{1}","Após completar este Projeto, você pode mudar sua especialização para ""Doombringer"".\n\n{1}","После завершения этого Проекта вы сможете изменить свою специализацию на ""Вестник Гибели"".\n\n{1}","Dopo aver completato questo Progetto, puoi cambiare la tua specializzazione in ""Portatore di Sventura"".\n\n{1}",完成此專案後，你可以將你的專精變更為「厄運使者」。\n\n{1},"完成此工程后，你可以将你的专精更改为""厄运使者""。\n\n{1}","이 프로젝트를 완료하면 전문화를 ""둠브링어""로 변경할 수 있습니다.\n\n{1}","Po ukończeniu tego Projektu możesz zmienić swoją specjalizację na „Doombringer"".\n\n{1}","Після завершення цього Проекту ви зможете змінити свою спеціалізацію на ""Провісник Загибелі"".\n\n{1}","Na het voltooien van dit Project kun je je specialisatie veranderen naar ""Doombringer"".\n\n{1}","Bu Projeyi tamamladıktan sonra, uzmanlığınızı ""Doombringer"" olarak değiştirebilirsiniz.\n\n{1}"
L_PROJN_SPECIALIZATION_FANATIC,,Specialization: Fanatic,専門化：狂信者,Spezialisierung: Fanatiker,Spécialisation : Fanatique,Especialización: Fanático,Especialização: Fanático,Специализация: Фанатик,Specializzazione: Fanatico,專精：狂熱者,专精：狂信徒,전문화: 광신자,Specjalizacja: Fanatyk,Спеціалізація: Фанатик,Specialisatie: Fanaticus,Uzmanlık: Fanatik
L_PROJD_SPECIALIZATION_FANATIC,,"After completing this Project, you can change your specialization to ""Fanatic"".\n\n{1}",このプロジェクトを完了すると、専門を「ファナティック」に変更できます。\n\n{1},"Nach Abschluss dieses Projekts kannst du deine Spezialisierung zu ""Fanatiker"" ändern.\n\n{1}","Après avoir terminé ce Projet, vous pourrez changer votre spécialisation en ""Fanatique"".\n\n{1}","Después de completar este Proyecto, puedes cambiar tu especialización a ""Fanático"".\n\n{1}","Após completar este Projeto, você pode mudar sua especialização para ""Fanático"".\n\n{1}","После завершения этого Проекта вы сможете изменить свою специализацию на ""Фанатик"".\n\n{1}","Dopo aver completato questo Progetto, puoi cambiare la tua specializzazione in ""Fanatico"".\n\n{1}",完成此專案後，你可以將你的專精變更為「狂熱者」。\n\n{1},"完成此工程后，你可以将你的专精更改为""狂信徒""。\n\n{1}","이 프로젝트를 완료하면 전문화를 ""광신도""로 변경할 수 있습니다.\n\n{1}","Po ukończeniu tego Projektu możesz zmienić swoją specjalizację na ""Fanatyk"".\n\n{1}","Після завершення цього Проекту ви зможете змінити свою спеціалізацію на ""Фанатик"".\n\n{1}","Na het voltooien van dit Project kun je je specialisatie veranderen naar ""Fanaticus"".\n\n{1}","Bu Projeyi tamamladıktan sonra, uzmanlığınızı ""Fanatik"" olarak değiştirebilirsiniz.\n\n{1}"
L_PROJN_SPECIALIZATION_WARDEN,,Specialization: Warden,専門化：ウォーデン,Spezialisierung: Wächter,Spécialisation : Gardien,Especialización: Guardián,Especialização: Guardião,Специализация: Страж,Specializzazione: Custode,專精：守望者,专精：守护者,전문화: 감시자,Specjalizacja: Strażnik,Спеціалізація: Страж,Specialisatie: Bewaker,Uzmanlık: Muhafız
L_PROJD_SPECIALIZATION_WARDEN,,"After completing this Project, you can change your specialization to ""Warden"".\n\n{1}",このプロジェクトを完了すると、専門を「ウォーデン」に変更できます。\n\n{1},"Nach Abschluss dieses Projekts kannst du deine Spezialisierung zu ""Wächter"" ändern.\n\n{1}","Après avoir terminé ce Projet, vous pourrez changer votre spécialisation en ""Gardien"".\n\n{1}","Después de completar este Proyecto, puedes cambiar tu especialización a ""Guardián"".\n\n{1}","Após completar este Projeto, você pode mudar sua especialização para ""Guardião"".\n\n{1}","После завершения этого Проекта вы сможете изменить свою специализацию на ""Страж"".\n\n{1}","Dopo aver completato questo Progetto, puoi cambiare la tua specializzazione in ""Guardiano"".\n\n{1}",完成此專案後，你可以將你的專精變更為「守望者」。\n\n{1},"完成此工程后，你可以将你的专精更改为""守护者""。\n\n{1}","이 프로젝트를 완료하면 전문화를 ""감시자""로 변경할 수 있습니다.\n\n{1}","Po ukończeniu tego Projektu możesz zmienić swoją specjalizację na „Strażnik"".\n\n{1}","Після завершення цього Проекту ви зможете змінити свою спеціалізацію на ""Вартовий"".\n\n{1}","Na het voltooien van dit Project kun je je specialisatie veranderen naar ""Warden"".\n\n{1}","Bu Projeyi tamamladıktan sonra, uzmanlığınızı ""Muhafız""a değiştirebilirsiniz.\n\n{1}"
L_PROJN_SPECIALIZATION_SPELLWEAVER,,Specialization: Spellweaver,専門化：スペルウィーバー,Spezialisierung: Zauberweber,Spécialisation : Tisserand de sorts,Especialización: Tejehechizos,Especialização: Tecelão de Feitiços,Специализация: Плетущий заклинания,Specializzazione: Tessitore di Incantesimi,專精：法術編織者,专精：法术编织者,전문화: 주문술사,Specjalizacja: Tkacz Zaklęć,Спеціалізація: Плетій заклинань,Specialisatie: Toverspreider,Uzmanlık: Büyüdokuyucu
L_PROJD_SPECIALIZATION_SPELLWEAVER,,"After completing this Project, you can change your specialization to ""Spellweaver"".\n\n{1}",このプロジェクトを完了すると、専門を「スペルウィーバー」に変更できます。\n\n{1},"Nach Abschluss dieses Projekts kannst du deine Spezialisierung zu ""Zauberwirker"" ändern.\n\n{1}","Après avoir terminé ce Projet, vous pourrez changer votre spécialisation en ""Tisseur de sorts"".\n\n{1}","Después de completar este Proyecto, puedes cambiar tu especialización a ""Tejehechizos"".\n\n{1}","Após completar este Projeto, você pode mudar sua especialização para ""Tecelão de Feitiços"".\n\n{1}","После завершения этого Проекта вы сможете изменить свою специализацию на ""Заклинатель"".\n\n{1}","Dopo aver completato questo Progetto, puoi cambiare la tua specializzazione in ""Tessitore di Incantesimi"".\n\n{1}",完成此專案後，你可以將你的專精變更為「織法者」。\n\n{1},"完成此工程后，你可以将你的专精更改为""法术编织者""。\n\n{1}","이 프로젝트를 완료하면 전문화를 ""주문술사""로 변경할 수 있습니다.\n\n{1}","Po ukończeniu tego Projektu możesz zmienić swoją specjalizację na ""Tkacz Zaklęć"".\n\n{1}","Після завершення цього Проекту ви зможете змінити свою спеціалізацію на ""Заклинач"".\n\n{1}","Na het voltooien van dit Project kun je je specialisatie veranderen naar ""Toverspreider"".\n\n{1}","Bu Projeyi tamamladıktan sonra, uzmanlığını ""Büyüdokuyucu"" olarak değiştirebilirsin.\n\n{1}"
L_PROJN_SPECIALIZATION_GROVETENDER,,Specialization: Grovetender,専門化：森番,Spezialisierung: Hainwächter,Spécialisation : Sylviculteur,Especialización: Guardián del Bosque,Especialização: Guardião do Bosque,Специализация: Хранитель рощи,Specializzazione: Custode del Bosco,專精：林地守護者,专精：护林员,전문화: 숲지기,Specjalizacja: Opiekun Gaju,Спеціалізація: Хранитель гаю,Specialisatie: Boshoeder,Uzmanlık: Koru Bakıcısı
L_PROJD_SPECIALIZATION_GROVETENDER,,"After completing this Project, you can change your specialization to ""Grovetender"".\n\n{1}",このプロジェクトを完了すると、専門を「グローブテンダー」に変更できます。\n\n{1},"Nach Abschluss dieses Projekts kannst du deine Spezialisierung zu ""Hainwächter"" ändern.\n\n{1}","Après avoir terminé ce Projet, vous pourrez changer votre spécialisation en ""Sylviculteur"".\n\n{1}","Después de completar este Proyecto, puedes cambiar tu especialización a ""Guardián del Bosque"".\n\n{1}","Após completar este Projeto, você pode mudar sua especialização para ""Guardião do Bosque"".\n\n{1}","После завершения этого Проекта вы сможете изменить свою специализацию на ""Хранитель рощи"".\n\n{1}","Dopo aver completato questo Progetto, puoi cambiare la tua specializzazione in ""Custode del Bosco"".\n\n{1}",完成此專案後，你可以將你的專精更改為「林地守護者」。\n\n{1},"完成此工程后，你可以将你的专精更改为""护林员""。\n\n{1}","이 프로젝트를 완료하면 전문화를 ""숲지기""로 변경할 수 있습니다.\n\n{1}","Po ukończeniu tego Projektu możesz zmienić swoją specjalizację na „Opiekun Gaju"".\n\n{1}","Після завершення цього Проекту ви зможете змінити свою спеціалізацію на ""Хранитель гаю"".\n\n{1}","Na het voltooien van dit Project kun je je specialisatie veranderen naar ""Boshoeder"".\n\n{1}","Bu Projeyi tamamladıktan sonra, uzmanlığını ""Korucu""ya değiştirebilirsin.\n\n{1}"
L_PROJN_SPECIALIZATION_PURGATORIAN,,Specialization: Purgatorian,専門化：煉獄者,Spezialisierung: Purgatorier,Spécialisation : Purgatoire,Especialización: Purgatoriano,Especialização: Purgatório,Специализация: Чистилищник,Specializzazione: Purgatoriano,專精：煉獄者,专精：炼狱使者,전문화: 연옥사제,Specjalizacja: Czyściciel,Спеціалізація: Чистилищник,Specialisatie: Purgatorian,Uzmanlık: Arafçı
L_PROJD_SPECIALIZATION_PURGATORIAN,,"After completing this Project, you can change your specialization to ""Purgatorian"".\n\n{1}",このプロジェクトを完了すると、専門を「パーガトリアン」に変更できます。\n\n{1},"Nach Abschluss dieses Projekts kannst du deine Spezialisierung zu ""Purgatorian"" ändern.\n\n{1}","Après avoir terminé ce Projet, vous pourrez changer votre spécialisation en ""Purgatoire"".\n\n{1}","Después de completar este Proyecto, puedes cambiar tu especialización a ""Purgatoriano"".\n\n{1}","Após completar este Projeto, você pode mudar sua especialização para ""Purgatoriano"".\n\n{1}","После завершения этого Проекта вы сможете изменить свою специализацию на ""Чистилищник"".\n\n{1}","Dopo aver completato questo Progetto, puoi cambiare la tua specializzazione in ""Purgatoriano"".\n\n{1}",完成此專案後，你可以將你的專精變更為「煉獄者」。\n\n{1},"完成此工程后，你可以将你的专精更改为""炼狱使者""。\n\n{1}","이 프로젝트를 완료하면 전문화를 ""연옥사""로 변경할 수 있습니다.\n\n{1}","Po ukończeniu tego Projektu możesz zmienić swoją specjalizację na ""Czyściciel"".\n\n{1}","Після завершення цього Проекту ви зможете змінити свою спеціалізацію на ""Чистилищник"".\n\n{1}","Na het voltooien van dit Project kun je je specialisatie veranderen naar ""Purgatorian"".\n\n{1}","Bu Projeyi tamamladıktan sonra, uzmanlığınızı ""Purgatorian"" olarak değiştirebilirsiniz.\n\n{1}"
L_PROJN_SPECIALIZATION_ASTROLOGER,,Specialization: Astrologer,専門化：占星術師,Spezialisierung: Astrologe,Spécialisation : Astrologue,Especialización: Astrólogo,Especialização: Astrólogo,Специализация: Астролог,Specializzazione: Astrologo,專精：占星師,专精：星术师,전문화: 점성술사,Specjalizacja: Astrolog,Спеціалізація: Астролог,Specialisatie: Astroloog,Uzmanlık: Astrolog
L_PROJD_SPECIALIZATION_ASTROLOGER,,"After completing this Project, you can change your specialization to ""Astrologer"".\n\n{1}",このプロジェクトを完了すると、専門を「占星術師」に変更できます。\n\n{1},"Nach Abschluss dieses Projekts kannst du deine Spezialisierung zu ""Astrologe"" ändern.\n\n{1}","Après avoir terminé ce Projet, vous pourrez changer votre spécialisation en ""Astrologue"".\n\n{1}","Después de completar este Proyecto, puedes cambiar tu especialización a ""Astrólogo"".\n\n{1}","Após completar este Projeto, você pode mudar sua especialização para ""Astrólogo"".\n\n{1}","После завершения этого Проекта вы сможете изменить свою специализацию на ""Астролог"".\n\n{1}","Dopo aver completato questo Progetto, puoi cambiare la tua specializzazione in ""Astrologo"".\n\n{1}",完成此專案後，你可以將你的專精更改為「占星師」。\n\n{1},"完成此工程后，你可以将你的专精更改为""星术师""。\n\n{1}","이 프로젝트를 완료하면 전문화를 ""점성술사""로 변경할 수 있습니다.\n\n{1}","Po ukończeniu tego Projektu możesz zmienić swoją specjalizację na ""Astrolog"".\n\n{1}","Після завершення цього Проекту ви зможете змінити свою спеціалізацію на ""Астролог"".\n\n{1}","Na het voltooien van dit Project kun je je specialisatie veranderen naar ""Astroloog"".\n\n{1}","Bu Projeyi tamamladıktan sonra, uzmanlığınızı ""Astrolog"" olarak değiştirebilirsiniz.\n\n{1}"
L_PROJN_SPECIALIZATION_RUNE_KNIGHT,,Specialization: Rune Knight,専門化：ルーンナイト,Spezialisierung: Runenritter,Spécialisation : Chevalier des Runes,Especialización: Caballero de Runas,Especialização: Cavaleiro das Runas,Специализация: Рунный Рыцарь,Specializzazione: Cavaliere delle Rune,專精：符文騎士,专精：符文骑士,전문화: 룬 나이트,Specjalizacja: Rycerz Run,Спеціалізація: Рунічний Лицар,Specialisatie: Runenridder,Uzmanlık: Rün Şövalyesi
L_PROJD_SPECIALIZATION_RUNE_KNIGHT,,"After completing this Project, you can change your specialization to ""Rune Knight"".\n\n{1}",このプロジェクトを完了すると、専門を「ルーンナイト」に変更できます。\n\n{1},"Nach Abschluss dieses Projekts kannst du deine Spezialisierung zu ""Runenritter"" ändern.\n\n{1}","Après avoir terminé ce Projet, vous pourrez changer votre spécialisation en ""Chevalier des Runes"".\n\n{1}","Después de completar este Proyecto, puedes cambiar tu especialización a ""Caballero Rúnico"".\n\n{1}","Após completar este Projeto, você pode mudar sua especialização para ""Cavaleiro das Runas"".\n\n{1}","После завершения этого Проекта вы сможете изменить свою специализацию на ""Рунный Рыцарь"".\n\n{1}","Dopo aver completato questo Progetto, puoi cambiare la tua specializzazione in ""Cavaliere delle Rune"".\n\n{1}",完成此專案後，你可以將你的專精變更為「符文騎士」。\n\n{1},"完成此工程后，你可以将你的专精更改为""符文骑士""。\n\n{1}","이 프로젝트를 완료하면 전문화를 ""룬 나이트""로 변경할 수 있습니다.\n\n{1}","Po ukończeniu tego Projektu możesz zmienić swoją specjalizację na ""Rycerz Run"".\n\n{1}","Після завершення цього Проекту ви зможете змінити свою спеціалізацію на ""Рунічний Лицар"".\n\n{1}","Na het voltooien van dit Project kun je je specialisatie veranderen naar ""Rune Knight"".\n\n{1}","Bu Projeyi tamamladıktan sonra, uzmanlığınızı ""Rün Şövalyesi"" olarak değiştirebilirsiniz.\n\n{1}"
L_PROJN_CHAOS_GUILD,,Chaos Guild,カオスギルド,Chaos-Gilde,Guilde du Chaos,Gremio del Caos,Guilda do Caos,Гильдия Хаоса,Gilda del Caos,混沌公會,混沌公会,혼돈 길드,Gildia Chaosu,Гільдія Хаосу,Chaos Gilde,Kaos Loncası
L_PROJD_CHAOS_GUILD,,"Unlocks the Chaos Guild decoration, allowing you to take on Bounties and fight False Gods.",カオスギルドの装飾品をアンロックし、賞金首の討伐や偽神との戦いに挑むことができるようになります。,"Schaltet die Chaos-Gilde-Dekoration frei, die es dir ermöglicht, Kopfgelder anzunehmen und Falsche Götter zu bekämpfen.","Débloque la décoration de la Guilde du Chaos, vous permettant d'accepter des Primes et de combattre des Faux Dieux.","Desbloquea la decoración del Gremio del Caos, permitiéndote aceptar Recompensas y luchar contra Dioses Falsos.","Desbloqueia a decoração da Guilda do Caos, permitindo que você aceite Recompensas e lute contra Falsos Deuses.","Разблокирует украшение Гильдии Хаоса, позволяющее вам брать Контракты и сражаться с Лжебогами.","Sblocca la decorazione della Gilda del Caos, permettendoti di accettare Taglie e combattere Falsi Dei.",解鎖混沌公會裝飾，讓你能夠接受懸賞任務並與偽神戰鬥。,解锁混沌公会装饰，允许你接受赏金任务并与伪神战斗。,혼돈 길드 장식을 해제하여 현상금 사냥을 수행하고 거짓 신들과 싸울 수 있습니다.,"Odblokowuje dekorację Gildii Chaosu, umożliwiając podejmowanie Zleceń i walkę z Fałszywymi Bogami.","Розблоковує декорацію Гільдії Хаосу, що дозволяє вам брати Нагороди та битися з Фальшивими Богами.","Ontgrendelt de Chaos Gilde-decoratie, waardoor je Beloningen kunt aannemen en tegen Valse Goden kunt vechten.","Kaos Loncası dekorasyonunu açar, Ödül Avları üstlenmenize ve Sahte Tanrılarla savaşmanıza olanak tanır."
L_PROJN_DEATH_GUILD,,Death Guild,デスギルド,Todesgilde,Guilde de la Mort,Gremio de la Muerte,Guilda da Morte,Гильдия Смерти,Gilda della Morte,死亡公會,死亡公会,죽음의 길드,Gildia Śmierci,Гільдія Смерті,Doodsgilde,Ölüm Loncası
L_PROJD_DEATH_GUILD,,"Unlocks the Death Guild decoration, allowing you to take on Bounties and fight False Gods.",デスギルドの装飾品をアンロックし、賞金首の討伐や偽神との戦いに挑めるようになります。,"Schaltet die Dekoration der Todesgilde frei, wodurch du Kopfgelder annehmen und gegen Falsche Götter kämpfen kannst.","Débloque la décoration de la Guilde de la Mort, vous permettant d'accepter des Primes et de combattre des Faux Dieux.","Desbloquea la decoración del Gremio de la Muerte, permitiéndote aceptar Recompensas y luchar contra Dioses Falsos.","Desbloqueia a decoração da Guilda da Morte, permitindo que você aceite Recompensas e lute contra Falsos Deuses.","Разблокирует украшение Гильдии Смерти, позволяя вам брать Контракты и сражаться с Лжебогами.","Sblocca la decorazione della Gilda della Morte, permettendoti di accettare Taglie e combattere Falsi Dei.",解鎖死亡公會裝飾，讓你能夠接受懸賞任務並與偽神戰鬥。,解锁死亡公会装饰，允许你接受赏金任务并与伪神战斗。,데스 길드 장식을 해제하여 현상금 사냥을 수행하고 거짓 신들과 싸울 수 있습니다.,"Odblokowuje dekorację Gildia Śmierci, umożliwiając podejmowanie Zleceń i walkę z Fałszywymi Bogami.","Розблоковує декорацію Гільдії Смерті, що дозволяє вам брати Нагороди та битися з Фальшивими Богами.","Ontgrendelt de Doodsgilde-decoratie, waardoor je Premiejachten kunt aangaan en Valse Goden kunt bevechten.","Ölüm Loncası dekorasyonunu açar, Ödül Avları üstlenmenize ve Sahte Tanrılarla savaşmanıza olanak tanır."
L_PROJN_LIFE_GUILD,,Life Guild,生命ギルド,Lebensgilde,Guilde de la Vie,Gremio de la Vida,Guilda da Vida,Гильдия Жизни,Gilda della Vita,生命公會,生命公会,생명 길드,Gildia Życia,Гільдія Життя,Levensgilde,Yaşam Loncası
L_PROJD_LIFE_GUILD,,"Unlocks the Life Guild decoration, allowing you to take on Bounties and fight False Gods.",生命ギルドの装飾を解放し、賞金首の討伐や偽神との戦いが可能になります。,"Schaltet die Dekoration der Lebensgilde frei, wodurch du Kopfgelder annehmen und gegen Falsche Götter kämpfen kannst.","Débloque la décoration de la Guilde de la Vie, vous permettant d'accepter des Primes et de combattre les Faux Dieux.","Desbloquea la decoración del Gremio de la Vida, permitiéndote aceptar Recompensas y luchar contra Dioses Falsos.","Desbloqueia a decoração da Guilda da Vida, permitindo que você aceite Recompensas e lute contra Falsos Deuses.","Разблокирует украшение Гильдии Жизни, позволяя вам брать Контракты и сражаться с Лжебогами.","Sblocca la decorazione della Gilda della Vita, permettendoti di accettare Taglie e combattere Falsi Dei.",解鎖生命公會裝飾，讓你能夠接受懸賞任務並與偽神戰鬥。,解锁生命公会装饰，允许你接受赏金任务并与伪神战斗。,생명 길드 장식을 해제하여 현상금 임무를 수행하고 거짓 신들과 싸울 수 있습니다.,"Odblokowuje dekorację Gildii Życia, umożliwiając podejmowanie Zleceń i walkę z Fałszywymi Bogami.","Розблоковує декорацію Гільдії Життя, що дозволяє вам брати Завдання та битися з Фальшивими Богами.","Ontgrendelt de Levensgilde-decoratie, waardoor je Beloningen kunt aannemen en tegen Valse Goden kunt vechten.","Yaşam Loncası dekorasyonunu açar, Ödül Avları üstlenmenize ve Sahte Tanrılarla savaşmanıza olanak tanır."
L_PROJN_NATURE_GUILD,,Nature Guild,自然ギルド,Naturgilden,Guilde de la Nature,Gremio de la Naturaleza,Guilda da Natureza,Гильдия Природы,Gilda della Natura,自然公會,自然公会,자연 길드,Gildia Natury,Гільдія Природи,Natuurgilde,Doğa Loncası
L_PROJD_NATURE_GUILD,,"Unlocks the Nature Guild decoration, allowing you to take on Bounties and fight False Gods.",自然ギルドの装飾を解放し、賞金首の討伐や偽神との戦いが可能になります。,"Schaltet die Dekoration der Naturgilde frei, wodurch du Kopfgelder annehmen und gegen Falsche Götter kämpfen kannst.","Débloque la décoration de la Guilde de la Nature, vous permettant d'accepter des Primes et de combattre des Faux Dieux.","Desbloquea la decoración del Gremio de la Naturaleza, permitiéndote aceptar Recompensas y luchar contra Dioses Falsos.","Desbloqueia a decoração da Guilda da Natureza, permitindo que você aceite Recompensas e lute contra Falsos Deuses.","Разблокирует украшение Гильдии Природы, позволяя вам брать Заказы и сражаться с Лжебогами.","Sblocca la decorazione della Gilda della Natura, permettendoti di accettare Taglie e combattere Falsi Dei.",解鎖自然公會裝飾，讓你能夠接受懸賞任務並與偽神戰鬥。,解锁自然公会装饰，允许你接受赏金任务并与伪神战斗。,자연 길드 장식을 해제하여 현상금 임무를 수행하고 거짓 신들과 싸울 수 있습니다.,"Odblokowuje dekorację Gildii Natury, umożliwiając podejmowanie Zleceń i walkę z Fałszywymi Bogami.","Розблоковує прикрасу Гільдії Природи, що дозволяє вам брати Завдання та битися з Фальшивими Богами.","Ontgrendelt de Natuurgilde-decoratie, waardoor je Beloningen kunt aannemen en Valse Goden kunt bevechten.","Doğa Loncası dekorasyonunu açar, Ödül Avları üstlenmenize ve Sahte Tanrılarla savaşmanıza olanak tanır."
L_PROJN_SORCERY_GUILD,,Sorcery Guild,魔術師ギルド,Magiergilde,Guilde de Sorcellerie,Gremio de Hechicería,Guilda de Feitiçaria,Гильдия Чародейства,Gilda dei Maghi,巫術公會,巫术公会,마법사 길드,Gildia Magów,Гільдія Чаклунства,Magiërsgilde,Büyücülük Loncası
L_PROJD_SORCERY_GUILD,,"Unlocks the Sorcery Guild decoration, allowing you to take on Bounties and fight False Gods.",魔術師ギルドの装飾を解放し、賞金首の討伐や偽神との戦いに挑めるようになります。,"Schaltet die Dekoration der Zaubereigilde frei, wodurch du Kopfgelder annehmen und gegen Falsche Götter kämpfen kannst.","Débloque la décoration de la Guilde de Sorcellerie, vous permettant d'accepter des Primes et de combattre des Faux Dieux.","Desbloquea la decoración del Gremio de Hechicería, permitiéndote aceptar Recompensas y luchar contra Dioses Falsos.","Desbloqueia a decoração da Guilda de Feitiçaria, permitindo que você aceite Recompensas e lute contra Falsos Deuses.","Разблокирует украшение Гильдии Колдовства, позволяющее вам брать Контракты и сражаться с Лжебогами.","Sblocca la decorazione della Gilda di Stregoneria, permettendoti di accettare Taglie e combattere Falsi Dei.",解鎖巫術公會裝飾，讓你能夠接受懸賞任務並與偽神戰鬥。,解锁巫术公会装饰，允许你接受赏金任务并与伪神战斗。,마법 길드 장식을 해제하여 현상금 사냥을 수락하고 거짓 신들과 싸울 수 있습니다.,"Odblokowuje dekorację Gildii Magii, umożliwiając podejmowanie Zleceń i walkę z Fałszywymi Bogami.","Розблоковує декорацію Гільдії Чаклунства, що дозволяє вам брати Нагороди та битися з Фальшивими Богами.","Ontgrendelt de Toversgilde-decoratie, waardoor je Beloningen kunt aannemen en Valse Goden kunt bevechten.","Büyücülük Loncası dekorasyonunu açar, Ödül Avları üstlenmenize ve Sahte Tanrılarla savaşmanıza olanak tanır."
L_PROJN_SPECIALIZATION_ROYAL,,Specialization: Royal,専門化：ロイヤル,Spezialisierung: Königlich,Spécialisation : Royal,Especialización: Real,Especialização: Real,Специализация: Королевская,Specializzazione: Reale,專精：皇家,专精：皇室成员,전문화: 로열,Specjalizacja: Królewska,Спеціалізація: Королівська,Specialisatie: Koninklijk,Uzmanlık: Kraliyet
L_PROJD_SPECIALIZATION_ROYAL,,"After completing this Project, you can change your specialization to ""Royal"".\n\n{1}",このプロジェクトを完了すると、専門を「ロイヤル」に変更できます。\n\n{1},"Nach Abschluss dieses Projekts kannst du deine Spezialisierung zu ""Königlich"" ändern.\n\n{1}","Après avoir terminé ce Projet, vous pourrez changer votre spécialisation en ""Royal"".\n\n{1}","Después de completar este Proyecto, puedes cambiar tu especialización a ""Real"".\n\n{1}","Após completar este Projeto, você pode mudar sua especialização para ""Real"".\n\n{1}","После завершения этого Проекта вы сможете изменить свою специализацию на ""Королевскую"".\n\n{1}","Dopo aver completato questo Progetto, puoi cambiare la tua specializzazione in ""Reale"".\n\n{1}",完成此項目後，你可以將你的專精更改為「皇家」。\n\n{1},"完成此工程后，你可以将你的专精更改为""皇室成员""。\n\n{1}","이 프로젝트를 완료하면 전문화를 ""로열""로 변경할 수 있습니다.\n\n{1}","Po ukończeniu tego Projektu możesz zmienić swoją specjalizację na „Królewską"".\n\n{1}","Після завершення цього Проекту ви зможете змінити свою спеціалізацію на ""Королівську"".\n\n{1}","Na het voltooien van dit Project kun je je specialisatie veranderen naar ""Koninklijk"".\n\n{1}","Bu Projeyi tamamladıktan sonra, uzmanlığınızı ""Kraliyet"" olarak değiştirebilirsiniz.\n\n{1}"
L_PROJN_SPECIALIZATION_DREAMSHADE,,Specialization: Dreamshade,専門化：ドリームシェイド,Spezialisierung: Traumschatten,Spécialisation : Ombrerêve,Especialización: Sombra Onírica,Especialização: Sombra dos Sonhos,Специализация: Сновидная тень,Specializzazione: Dreamshade,專精：夢影,专精：梦影行者,전문화: 드림쉐이드,Specjalizacja: Cieniosnu,Спеціалізація: Сновотінь,Specialisatie: Droomschaduw,Uzmanlık: Düşgölgesi
L_PROJD_SPECIALIZATION_DREAMSHADE,,"After completing this Project, you can change your specialization to ""Dreamshade"".\n\n{1}",このプロジェクトを完了すると、専門分野を「ドリームシェイド」に変更できます。\n\n{1},"Nach Abschluss dieses Projekts kannst du deine Spezialisierung zu ""Traumschatten"" ändern.\n\n{1}","Après avoir terminé ce Projet, vous pourrez changer votre spécialisation en ""Ombressonge"".\n\n{1}","Después de completar este Proyecto, puedes cambiar tu especialización a ""Sombra de Sueño"".\n\n{1}","Após completar este Projeto, você pode mudar sua especialização para ""Sombra Onírica"".\n\n{1}","После завершения этого Проекта вы сможете изменить свою специализацию на ""Сумеречный яд"".\n\n{1}","Dopo aver completato questo Progetto, puoi cambiare la tua specializzazione in ""Ombrafantasma"".\n\n{1}",完成此專案後，你可以將你的專精變更為「夢影」。\n\n{1},"完成此工程后，你可以将你的专精更改为""梦影行者""。\n\n{1}","이 프로젝트를 완료하면 전문화를 ""드림쉐이드""로 변경할 수 있습니다.\n\n{1}","Po ukończeniu tego Projektu możesz zmienić swoją specjalizację na „Dreamshade"".\n\n{1}","Після завершення цього Проекту ви зможете змінити свою спеціалізацію на ""Тіньосон"".\n\n{1}","Na het voltooien van dit Project kun je je specialisatie veranderen naar ""Droomschaduw"".\n\n{1}","Bu Projeyi tamamladıktan sonra, uzmanlığınızı ""Düşgölgesi""ne değiştirebilirsiniz.\n\n{1}"
L_PROJN_SPECIALIZATION_WITCH_DOCTOR,,Specialization: Witch Doctor,専門化：ウィッチドクター,Spezialisierung: Hexendoktor,Spécialisation : Sorcier Vaudou,Especialización: Médico Brujo,Especialização: Médico Feiticeiro,Специализация: Знахарь,Specializzazione: Stregone,專精：巫醫,专精：巫医,전문화: 위치 닥터,Specjalizacja: Znachor,Спеціалізація: Знахар,Specialisatie: Medicijnman,Uzmanlık: Büyücü Doktor
L_PROJD_SPECIALIZATION_WITCH_DOCTOR,,"After completing this Project, you can change your specialization to ""Witch Doctor"".\n\n{1}",このプロジェクトを完了すると、専門を「ウィッチドクター」に変更できます。\n\n{1},"Nach Abschluss dieses Projekts kannst du deine Spezialisierung zu ""Hexendoktor"" ändern.\n\n{1}","Après avoir terminé ce Projet, vous pourrez changer votre spécialisation en ""Sorcier Vaudou"".\n\n{1}","Después de completar este Proyecto, puedes cambiar tu especialización a ""Médico Brujo"".\n\n{1}","Após completar este Projeto, você pode mudar sua especialização para ""Médico Bruxo"".\n\n{1}","После завершения этого Проекта вы сможете изменить свою специализацию на ""Знахарь"".\n\n{1}","Dopo aver completato questo Progetto, puoi cambiare la tua specializzazione in ""Witch Doctor"".\n\n{1}",完成此專案後，你可以將你的專精變更為「巫醫」。\n\n{1},"完成此工程后，你可以将你的专精更改为""巫医""。\n\n{1}","이 프로젝트를 완료하면 전문화를 ""위치 닥터""로 변경할 수 있습니다.\n\n{1}","Po ukończeniu tego Projektu możesz zmienić swoją specjalizację na ""Znachor"".\n\n{1}","Після завершення цього Проекту ви зможете змінити свою спеціалізацію на ""Знахар"".\n\n{1}","Na het voltooien van dit Project kun je je specialisatie veranderen naar ""Heksendokter"".\n\n{1}","Bu Projeyi tamamladıktan sonra, uzmanlığınızı ""Büyücü Doktor"" olarak değiştirebilirsiniz.\n\n{1}"
L_PROJN_SPECIALIZATION_WINDRUNNER,,Specialization: Windrunner,専門化：ウィンドランナー,Spezialisierung: Windläufer,Spécialisation : Coureur des vents,Especialización: Correvientos,Especialização: Correvento,Специализация: Ветрокрыл,Specializzazione: Corridore del Vento,專精：風行者,专精：风行者,전문화: 바람질주자,Specjalizacja: Wiatrobieżca,Спеціалізація: Вітрогон,Specialisatie: Windloper,Uzmanlık: Rüzgarkoşucu
L_PROJD_SPECIALIZATION_WINDRUNNER,,"After completing this Project, you can change your specialization to ""Windrunner"".\n\n{1}",このプロジェクトを完了すると、専門を「ウィンドランナー」に変更できます。\n\n{1},"Nach Abschluss dieses Projekts kannst du deine Spezialisierung zu ""Windläufer"" ändern.\n\n{1}","Après avoir terminé ce Projet, vous pourrez changer votre spécialisation en ""Coureur des vents"".\n\n{1}","Después de completar este Proyecto, puedes cambiar tu especialización a ""Windrunner"".\n\n{1}","Após completar este Projeto, você pode mudar sua especialização para ""Windrunner"".\n\n{1}","После завершения этого Проекта вы сможете изменить свою специализацию на ""Ветробег"".\n\n{1}","Dopo aver completato questo Progetto, puoi cambiare la tua specializzazione in ""Windrunner"".\n\n{1}",完成此專案後，你可以將你的專精變更為「風行者」。\n\n{1},"完成此工程后，你可以将你的专精更改为""风行者""。\n\n{1}","이 프로젝트를 완료하면 전문화를 ""윈드러너""로 변경할 수 있습니다.\n\n{1}","Po ukończeniu tego Projektu możesz zmienić swoją specjalizację na ""Windrunner"".\n\n{1}","Після завершення цього Проекту ви зможете змінити свою спеціалізацію на ""Вітробіг"".\n\n{1}","Na het voltooien van dit Project kun je je specialisatie veranderen naar ""Windrunner"".\n\n{1}","Bu Projeyi tamamladıktan sonra, uzmanlığınızı ""Rüzgarkoşucu"" olarak değiştirebilirsiniz.\n\n{1}"
L_PROJN_SPECIALIZATION_SIEGEMASTER,,Specialization: Siegemaster,専門化：攻城戦の達人,Spezialisierung: Belagerungsmeister,Spécialisation : Maître de siège,Especialización: Maestro de Asedio,Especialização: Mestre de Cerco,Специализация: Мастер осады,Specializzazione: Maestro d'Assedio,專精：攻城大師,专精：围城大师,전문화: 공성전문가,Specjalizacja: Mistrz Oblężenia,Спеціалізація: Майстер облоги,Specialisatie: Belegeringsmeester,Uzmanlık: Kuşatma Ustası
L_PROJD_SPECIALIZATION_SIEGEMASTER,,"After completing this Project, you can change your specialization to ""Siegemaster"".\n\n{1}",このプロジェクトを完了すると、専門を「攻城指揮官」に変更できます。\n\n{1},"Nach Abschluss dieses Projekts kannst du deine Spezialisierung zu ""Belagerungsmeister"" ändern.\n\n{1}","Après avoir terminé ce Projet, vous pourrez changer votre spécialisation en ""Maître de siège"".\n\n{1}","Después de completar este Proyecto, puedes cambiar tu especialización a ""Maestro de Asedio"".\n\n{1}","Após completar este Projeto, você pode mudar sua especialização para ""Mestre de Cerco"".\n\n{1}","После завершения этого Проекта вы сможете изменить свою специализацию на ""Мастер осады"".\n\n{1}","Dopo aver completato questo Progetto, puoi cambiare la tua specializzazione in ""Maestro d\'Assedio"".\n\n{1}",完成此專案後，你可以將你的專精變更為「攻城大師」。\n\n{1},"完成此工程后，你可以将你的专精更改为""围城大师""。\n\n{1}","이 프로젝트를 완료하면 전문화를 ""공성 전문가""로 변경할 수 있습니다.\n\n{1}","Po ukończeniu tego Projektu możesz zmienić swoją specjalizację na ""Mistrz Oblężenia"".\n\n{1}","Після завершення цього Проекту ви зможете змінити свою спеціалізацію на ""Майстер облоги"".\n\n{1}","Na het voltooien van dit Project kun je je specialisatie veranderen naar ""Belegeringsmeester"".\n\n{1}","Bu Projeyi tamamladıktan sonra, uzmanlığınızı ""Kuşatma Ustası""na değiştirebilirsiniz.\n\n{1}"
L_PROJN_GOBLET_OF_TRIALS_TIER_2,,Goblet of Trials (Tier 2),ゴブレット・オブ・トライアルズ（ランク2）,Kelch der Prüfungen (Stufe 2),Calice des Épreuves (Rang 2),Cáliz de Pruebas (Nivel 2),Cálice de Provações (Nível 2),Кубок Испытаний (Уровень 2),Calice delle Prove (Livello 2),試煉之杯（第二階）,试炼之杯（阶级2）,시련의 성배 (티어 2),Kielich Prób (Poziom 2),Келих Випробувань (Рівень 2),Kelk der Beproevingen (Niveau 2),Denemeler Kadehi (Kademe 2)
L_PROJD_GOBLET_OF_TRIALS_TIER_2,,"After completing this Project, you'll be able to fulfill the Goblet of Trials' requirements with 2 specializations instead of 1.",このプロジェクトを完了すると、試練の杯の要件を1つではなく2つの専門分野で満たすことができるようになります。,Nach Abschluss dieses Projekts kannst du die Anforderungen des Kelchs der Prüfungen mit 2 Spezialisierungen statt 1 erfüllen.,"Après avoir terminé ce Projet, vous pourrez satisfaire aux exigences de la Coupe des Épreuves avec 2 spécialisations au lieu d'une seule.","Después de completar este Proyecto, podrás cumplir los requisitos del Cáliz de Pruebas con 2 especializaciones en lugar de 1.","Após concluir este Projeto, você poderá cumprir os requisitos do Cálice de Provações com 2 especializações em vez de 1.",После завершения этого Проекта вы сможете выполнить требования Кубка Испытаний с 2 специализациями вместо 1.,"Dopo aver completato questo Progetto, potrai soddisfare i requisiti del Calice delle Prove con 2 specializzazioni invece di 1.",完成此專案後，你將能夠用2個專精而非1個來滿足試煉之杯的要求。,完成此项目后，你将能够用2个专精而非1个来满足试炼之杯的要求。,이 프로젝트를 완료하면 시련의 성배의 요구 사항을 1개 대신 2개의 전문화로 충족할 수 있게 됩니다.,Po ukończeniu tego Projektu będziesz w stanie spełnić wymagania Kielicha Prób z 2 specjalizacjami zamiast 1.,Після завершення цього Проекту ви зможете виконати вимоги Кубка Випробувань з 2 спеціалізаціями замість 1.,Na het voltooien van dit Project kun je aan de vereisten van de Kelk der Beproevingen voldoen met 2 specialisaties in plaats van 1.,"Bu Projeyi tamamladıktan sonra, Denemeler Kadehi'nin gereksinimlerini 1 yerine 2 uzmanlıkla yerine getirebileceksiniz."
L_PROJN_GOBLET_OF_TRIALS_TIER_3,,Goblet of Trials (Tier 3),ゴブレット・オブ・トライアルズ（ランク3）,Kelch der Prüfungen (Stufe 3),Coupe des Épreuves (Rang 3),Cáliz de Pruebas (Nivel 3),Cálice de Provações (Nível 3),Кубок Испытаний (Уровень 3),Calice delle Prove (Livello 3),試煉之杯（第3階）,试炼之杯（阶级3）,시련의 성배 (티어 3),Kielich Prób (Poziom 3),Келих Випробувань (Рівень 3),Kelk der Beproevingen (Niveau 3),Denemeler Kadehi (Kademe 3)
L_PROJD_GOBLET_OF_TRIALS_TIER_3,,"After completing this Project, you'll be able to fulfill the Goblet of Trials' requirements with 3 specializations instead of 2.",このプロジェクトを完了すると、試練の杯の要件を2つではなく3つの専門分野で満たすことができるようになります。,Nach Abschluss dieses Projekts kannst du die Anforderungen des Kelchs der Prüfungen mit 3 Spezialisierungen statt 2 erfüllen.,"Après avoir terminé ce Projet, vous pourrez satisfaire aux exigences de la Coupe des Épreuves avec 3 spécialisations au lieu de 2.","Después de completar este Proyecto, podrás cumplir los requisitos del Cáliz de Pruebas con 3 especializaciones en lugar de 2.","Após concluir este Projeto, você poderá cumprir os requisitos do Cálice de Provações com 3 especializações em vez de 2.",После завершения этого Проекта вы сможете выполнить требования Кубка Испытаний с 3 специализациями вместо 2.,"Dopo aver completato questo Progetto, sarai in grado di soddisfare i requisiti del Calice delle Prove con 3 specializzazioni invece di 2.",完成此專案後，你將能夠以3個專精而非2個來滿足試煉之杯的要求。,完成此项目后，你将能够用3个专精而非2个来满足试炼之杯的要求。,이 프로젝트를 완료하면 시련의 성배의 요구 사항을 2개 대신 3개의 전문화로 충족할 수 있게 됩니다.,Po ukończeniu tego Projektu będziesz w stanie spełnić wymagania Kielicha Prób z 3 specjalizacjami zamiast 2.,Після завершення цього Проекту ви зможете виконати вимоги Кубка Випробувань з 3 спеціалізаціями замість 2.,Na het voltooien van dit Project kun je aan de vereisten van de Kelk der Beproevingen voldoen met 3 specialisaties in plaats van 2.,"Bu Projeyi tamamladıktan sonra, Denemeler Kadehi'nin gereksinimlerini 2 yerine 3 uzmanlıkla yerine getirebileceksiniz."
L_PROJN_GODSPAWN_NALAS,,Godspawn: Nalas,ゴッドスポーン：ナラス,Gottesbrut: Nalas,Progéniture Divine : Nalas,Vástago Divino: Nalas,Progênie Divina: Nalas,Богорожденный: Налас,Progenie Divina: Nalas,神裔：納拉斯,神裔：娜拉丝,신의 자손: 날라스,Bożęta: Nalas,Богонароджений: Налас,Godenkind: Nalas,Tanrıdoğumu: Nalas
L_PROJD_GODSPAWN_NALAS,,"After completing this Project, you will gain enough Mana to summon Nalas. In order to complete this Project, you must purchase an item from {1}.",このプロジェクトを完了すると、ナラスを召喚するのに十分なマナを獲得できます。このプロジェクトを完了するには、{1}からアイテムを購入する必要があります。,"Nach Abschluss dieses Projekts erhältst du genug Mana, um Nalas zu beschwören. Um dieses Projekt abzuschließen, musst du einen Gegenstand von {1} kaufen.","Après avoir terminé ce Projet, vous gagnerez assez de Mana pour invoquer Nalas. Afin de compléter ce Projet, vous devez acheter un objet auprès de {1}.","Después de completar este Proyecto, ganarás suficiente Maná para invocar a Nalas. Para completar este Proyecto, debes comprar un objeto de {1}.","Após completar este Projeto, você ganhará Mana suficiente para invocar Nalas. Para completar este Projeto, você deve comprar um item de {1}.","После завершения этого Проекта вы получите достаточно Маны для призыва Наласа. Чтобы завершить этот Проект, вы должны приобрести предмет у {1}.","Dopo aver completato questo Progetto, otterrai abbastanza Mana per evocare Nalas. Per completare questo Progetto, devi acquistare un oggetto da {1}.",完成此計劃後，你將獲得足夠的魔力來召喚納拉斯。要完成此計劃，你必須從{1}購買一個物品。,完成此工程后，你将获得足够的法力来召唤娜拉丝。要完成此工程，你必须从{1}处购买一件物品。,이 프로젝트를 완료하면 날라스를 소환할 수 있는 충분한 마나를 얻게 됩니다. 이 프로젝트를 완료하려면 {1}에서 아이템을 구매해야 합니다.,"Po ukończeniu tego Projektu, zyskasz wystarczająco dużo Many, aby przywołać Nalas. Aby ukończyć ten Projekt, musisz kupić przedmiot od {1}.","Після завершення цього Проєкту ви отримаєте достатньо Мани, щоб викликати Наласа. Щоб завершити цей Проєкт, ви повинні придбати предмет у {1}.","Na het voltooien van dit Project krijg je genoeg Mana om Nalas op te roepen. Om dit Project te voltooien, moet je een item kopen van {1}.","Bu Projeyi tamamladıktan sonra, Nalas'ı çağırmak için yeterli Mana kazanacaksın. Bu Projeyi tamamlamak için {1}'den bir eşya satın alman gerekiyor."
L_PROJN_GODSPAWN_8004,,Godspawn: 8004,ゴッドスポーン: 8004,Gottesbrut: 8004,Progéniture divine : 8004,Vástago Divino: 8004,Progênie Divina: 8004,Богорожденный: 8004,Progenie Divina: 8004,神之子: 8004,神裔: 8004,신의 자손: 8004,Boski Pomiot: 8004,Богонароджений: 8004,Godenkind: 8004,Tanrıdoğumu: 8004
L_PROJD_GODSPAWN_8004,,"After completing this Project, you will gain enough Mana to summon 8004. In order to complete this Project, you must purchase an item from {1}.",このプロジェクトを完了すると、8004を召喚するのに十分なマナを獲得できます。このプロジェクトを完了するには、{1}からアイテムを購入する必要があります。,"Nach Abschluss dieses Projekts erhältst du genug Mana, um 8004 zu beschwören. Um dieses Projekt abzuschließen, musst du einen Gegenstand von {1} kaufen.","Après avoir terminé ce Projet, vous gagnerez assez de Mana pour invoquer 8004. Afin de compléter ce Projet, vous devez acheter un objet de {1}.","Después de completar este Proyecto, ganarás suficiente Maná para invocar 8004. Para completar este Proyecto, debes comprar un objeto de {1}.","Após completar este Projeto, você ganhará Mana suficiente para invocar 8004. Para completar este Projeto, você deve comprar um item de {1}.","После завершения этого Проекта вы получите достаточно Маны для призыва 8004. Чтобы завершить этот Проект, вы должны приобрести предмет из {1}.","Dopo aver completato questo Progetto, otterrai abbastanza Mana per evocare 8004. Per completare questo Progetto, devi acquistare un oggetto da {1}.",完成此專案後，你將獲得足夠的魔力來召喚8004。為了完成此專案，你必須從{1}購買一個物品。,完成此工程后，你将获得足够的法力来召唤8004。要完成此工程，你必须从{1}处购买一件物品。,이 프로젝트를 완료하면 8004를 소환할 수 있는 충분한 마나를 얻게 됩니다. 이 프로젝트를 완료하려면 {1}에서 아이템을 구매해야 합니다.,"Po ukończeniu tego Projektu, zyskasz wystarczająco dużo Many, aby przywołać 8004. Aby ukończyć ten Projekt, musisz kupić przedmiot z {1}.","Після завершення цього Проєкту ви отримаєте достатньо Мани, щоб викликати 8004. Щоб завершити цей Проєкт, ви повинні придбати предмет у {1}.","Na het voltooien van dit Project, krijg je genoeg Mana om 8004 op te roepen. Om dit Project te voltooien, moet je een item kopen van {1}.","Bu Projeyi tamamladıktan sonra, 8004'ü çağırmak için yeterli Mana kazanacaksın. Bu Projeyi tamamlamak için {1}'den bir eşya satın alman gerekiyor."
L_PROJN_GODSPAWN_SAUREL,,Godspawn: Saurel,ゴッドスポーン：ソーレル,Gottesbrut: Saurel,Progéniture Divine : Saurel,Vástago Divino: Saurel,Progênie Divina: Saurel,Богорожденный: Сорель,Progenie Divina: Saurel,神裔：索瑞爾,神裔：索雷尔,신의 자손: 소렐,Bożę Nasienie: Saurel,Богонароджений: Сорель,Godenkind: Saurel,Tanrıdoğan: Saurel
L_PROJD_GODSPAWN_SAUREL,,"After completing this Project, you will gain enough Mana to summon Saurel. In order to complete this Project, you must purchase an item from {1}.",このプロジェクトを完了すると、ソーレルを召喚するのに十分なマナを獲得できます。このプロジェクトを完了するには、{1}からアイテムを購入する必要があります。,"Nach Abschluss dieses Projekts erhältst du genug Mana, um Saurel zu beschwören. Um dieses Projekt abzuschließen, musst du einen Gegenstand von {1} kaufen.","Après avoir terminé ce Projet, vous gagnerez assez de Mana pour invoquer Saurel. Pour terminer ce Projet, vous devez acheter un objet à {1}.","Después de completar este Proyecto, ganarás suficiente Maná para invocar a Saurel. Para completar este Proyecto, debes comprar un objeto de {1}.","Após completar este Projeto, você ganhará Mana suficiente para invocar Saurel. Para completar este Projeto, você deve comprar um item de {1}.","После завершения этого Проекта вы получите достаточно Маны для призыва Сореля. Чтобы завершить этот Проект, вы должны приобрести предмет у {1}.","Dopo aver completato questo Progetto, otterrai abbastanza Mana per evocare Saurel. Per completare questo Progetto, devi acquistare un oggetto da {1}.",完成此專案後，你將獲得足夠的魔力來召喚索瑞爾。為了完成此專案，你必須從{1}購買一個物品。,完成此工程后，你将获得足够的法力来召唤索雷尔。要完成此工程，你必须从{1}处购买一件物品。,이 프로젝트를 완료하면 소렐을 소환할 수 있는 충분한 마나를 얻게 됩니다. 이 프로젝트를 완료하려면 {1}에서 아이템을 구매해야 합니다.,"Po ukończeniu tego Projektu, zyskasz wystarczająco dużo Many, aby przywołać Saurela. Aby ukończyć ten Projekt, musisz kupić przedmiot od {1}.","Після завершення цього Проєкту ви отримаєте достатньо Мани, щоб викликати Сореля. Щоб завершити цей Проєкт, ви повинні придбати предмет у {1}.","Na het voltooien van dit Project, krijg je genoeg Mana om Saurel op te roepen. Om dit Project te voltooien, moet je een item kopen van {1}.","Bu Projeyi tamamladıktan sonra, Saurel'i çağırmak için yeterli Mana kazanacaksın. Bu Projeyi tamamlamak için {1}'den bir eşya satın alman gerekiyor."
L_PROJN_GODSPAWN_ADAXIAL,,Godspawn: Adaxial,ゴッドスポーン：アダクシアル,Gottesbrut: Adaxial,Progéniture Divine : Adaxial,Vástago Divino: Adaxial,Progênie Divina: Adaxial,Богорожденный: Адаксиальный,Progenie Divina: Adassiale,神裔：向軸面,神裔：阿达克西尔,신의 자손: 아닥시얼,Bożęta: Adaksjalny,Богонароджений: Адаксіальний,Godenkind: Adaxiaal,Tanrıdoğumu: Adaksiyel
L_PROJD_GODSPAWN_ADAXIAL,,"After completing this Project, you will gain enough Mana to summon Adaxial. In order to complete this Project, you must purchase an item from {1}.",このプロジェクトを完了すると、アダクシアルを召喚するのに十分なマナを獲得できます。このプロジェクトを完了するには、{1}からアイテムを購入する必要があります。,"Nach Abschluss dieses Projekts erhältst du genug Mana, um Adaxial zu beschwören. Um dieses Projekt abzuschließen, musst du einen Gegenstand von {1} kaufen.","Après avoir terminé ce Projet, vous gagnerez assez de Mana pour invoquer Adaxial. Pour compléter ce Projet, vous devez acheter un objet à {1}.","Después de completar este Proyecto, ganarás suficiente Maná para invocar a Adaxial. Para completar este Proyecto, debes comprar un objeto de {1}.","Após completar este Projeto, você ganhará Mana suficiente para invocar Adaxial. Para completar este Projeto, você deve comprar um item de {1}.","После завершения этого Проекта вы получите достаточно Маны для призыва Адаксиала. Чтобы завершить этот Проект, вы должны приобрести предмет у {1}.","Dopo aver completato questo Progetto, otterrai abbastanza Mana per evocare Adaxial. Per completare questo Progetto, devi acquistare un oggetto da {1}.",完成此計劃後，你將獲得足夠的魔力來召喚艾達克西爾。為了完成此計劃，你必須從{1}購買一個物品。,完成此工程后，你将获得足够的法力来召唤阿达克西尔。要完成此工程，你必须从{1}处购买一件物品。,이 프로젝트를 완료하면 아닥시얼을 소환할 수 있는 충분한 마나를 얻게 됩니다. 이 프로젝트를 완료하려면 {1}에서 아이템을 구매해야 합니다.,"Po ukończeniu tego Projektu, zyskasz wystarczająco dużo Many, aby przywołać Adaxial. Aby ukończyć ten Projekt, musisz kupić przedmiot od {1}.","Після завершення цього Проєкту ви отримаєте достатньо Мани, щоб викликати Адаксіала. Щоб завершити цей Проєкт, ви повинні придбати предмет у {1}.","Na het voltooien van dit Project, krijg je genoeg Mana om Adaxial op te roepen. Om dit Project te voltooien, moet je een item kopen van {1}.","Bu Projeyi tamamladıktan sonra, Adaxial'ı çağırmak için yeterli Mana kazanacaksın. Bu Projeyi tamamlamak için {1}'den bir eşya satın alman gerekiyor."
L_PROJN_GODSPAWN_AKARA,,Godspawn: Akara,ゴッドスポーン：アカラ,Gottesbrut: Akara,Progéniture Divine : Akara,Vástago divino: Akara,Progênie Divina: Akara,Богорожденный: Акара,Progenie Divina: Akara,神裔：阿卡拉,神裔：阿卡拉,신의 자손: 아카라,Bożęta: Akara,Богонароджений: Акара,Godenkind: Akara,Tanrıdoğumu: Akara
L_PROJD_GODSPAWN_AKARA,,"After completing this Project, you will gain enough Mana to summon Akara. In order to complete this Project, you must purchase an item from {1}.",このプロジェクトを完了すると、アカラを召喚するのに十分なマナを獲得できます。このプロジェクトを完了するには、{1}からアイテムを購入する必要があります。,"Nach Abschluss dieses Projekts erhältst du genug Mana, um Akara zu beschwören. Um dieses Projekt abzuschließen, musst du einen Gegenstand von {1} kaufen.","Après avoir terminé ce Projet, vous gagnerez assez de Mana pour invoquer Akara. Pour terminer ce Projet, vous devez acheter un objet à {1}.","Después de completar este Proyecto, ganarás suficiente Maná para invocar a Akara. Para completar este Proyecto, debes comprar un objeto de {1}.","Após completar este Projeto, você ganhará Mana suficiente para invocar Akara. Para completar este Projeto, você deve comprar um item de {1}.","После завершения этого Проекта вы получите достаточно Маны для призыва Акары. Чтобы завершить этот Проект, вы должны приобрести предмет у {1}.","Dopo aver completato questo Progetto, otterrai abbastanza Mana per evocare Akara. Per completare questo Progetto, devi acquistare un oggetto da {1}.",完成此計劃後，你將獲得足夠的魔力來召喚阿卡拉。為了完成此計劃，你必須從{1}購買一個物品。,完成此工程后，你将获得足够的法力来召唤阿卡拉。要完成此工程，你必须从{1}处购买一件物品。,이 프로젝트를 완료하면 아카라를 소환할 수 있는 충분한 마나를 얻게 됩니다. 이 프로젝트를 완료하려면 {1}에서 아이템을 구매해야 합니다.,"Po ukończeniu tego Projektu, zyskasz wystarczająco dużo Many, aby przywołać Akarę. Aby ukończyć ten Projekt, musisz kupić przedmiot od {1}.","Після завершення цього Проєкту ви отримаєте достатньо Мани, щоб викликати Акару. Щоб завершити цей Проєкт, ви повинні придбати предмет у {1}.","Na het voltooien van dit Project, krijg je genoeg Mana om Akara op te roepen. Om dit Project te voltooien, moet je een item kopen van {1}.","Bu Projeyi tamamladıktan sonra, Akara'yı çağırmak için yeterli Mana kazanacaksın. Bu Projeyi tamamlamak için {1}'den bir eşya satın alman gerekiyor."
L_PROJN_GODSPAWN_EMUS,,Godspawn: Emus,ゴッドスポーン：エミュー,Gottesbrut: Emus,Progéniture Divine : Émus,Vástago Divino: Emús,Progênie Divina: Emus,Богорожденный: Эму,Progenie Divina: Emus,神裔：艾姆斯,神裔：伊穆丝,신의 자손: 에뮤,Bożęta: Emu,Богонароджений: Ему,Godenkind: Emus,Tanrıdoğumu: Emus
L_PROJD_GODSPAWN_EMUS,,"After completing this Project, you will gain enough Mana to summon Emus. In order to complete this Project, you must purchase an item from {1}.",このプロジェクトを完了すると、エミューを召喚するのに十分なマナを獲得できます。このプロジェクトを完了するには、{1}からアイテムを購入する必要があります。,"Nach Abschluss dieses Projekts erhältst du genug Mana, um Emus zu beschwören. Um dieses Projekt abzuschließen, musst du einen Gegenstand von {1} kaufen.","Après avoir terminé ce Projet, vous gagnerez assez de Mana pour invoquer des Émeus. Pour terminer ce Projet, vous devez acheter un objet à {1}.","Después de completar este Proyecto, ganarás suficiente Maná para invocar Emús. Para completar este Proyecto, debes comprar un objeto de {1}.","Após completar este Projeto, você ganhará Mana suficiente para invocar Emus. Para completar este Projeto, você deve comprar um item de {1}.","После завершения этого Проекта вы получите достаточно Маны для призыва Эму. Чтобы завершить этот Проект, вы должны приобрести предмет у {1}.","Dopo aver completato questo Progetto, otterrai abbastanza Mana per evocare Emu. Per completare questo Progetto, devi acquistare un oggetto da {1}.",完成此計劃後，你將獲得足夠的魔力來召喚鴯鶓。為了完成此計劃，你必須從{1}購買一個物品。,完成此工程后，你将获得足够的法力来召唤伊穆丝。要完成此工程，你必须从{1}处购买一件物品。,이 프로젝트를 완료하면 에뮤를 소환할 수 있는 충분한 마나를 얻게 됩니다. 이 프로젝트를 완료하려면 {1}에서 아이템을 구매해야 합니다.,"Po ukończeniu tego Projektu, zyskasz wystarczająco dużo Many, aby przyzwać Emu. Aby ukończyć ten Projekt, musisz kupić przedmiot z {1}.","Після завершення цього Проєкту ви отримаєте достатньо Мани для виклику Ему. Щоб завершити цей Проєкт, ви повинні придбати предмет у {1}.","Na het voltooien van dit Project krijg je genoeg Mana om Emus op te roepen. Om dit Project te voltooien, moet je een item kopen van {1}.","Bu Projeyi tamamladıktan sonra, Emuları çağırmak için yeterli Mana kazanacaksın. Bu Projeyi tamamlamak için {1}'den bir eşya satın alman gerekiyor."
L_PROJN_GODSPAWN_GROM_MET,,Godspawn: Grom'Met,ゴッドスポーン：グロム・メット,Gottesbrut: Grom'Met,Progéniture Divine : Grom'Met,Vástago Divino: Grom'Met,Progênie Divina: Grom'Met,Богорожденный: Гром'Мет,Progenie Divina: Grom'Met,神裔：葛洛姆'梅特,神裔：格罗姆梅特,신의 자손: 그롬'멧,Boski Pomiot: Grom'Met,Богонароджений: Гром'Мет,Godenkind: Grom'Met,Tanrıdoğumu: Grom'Met
L_PROJD_GODSPAWN_GROM_MET,,"After completing this Project, you will gain enough Mana to summon Grom'Met. In order to complete this Project, you must purchase an item from {1}.",このプロジェクトを完了すると、グロム・メットを召喚するのに十分なマナを獲得できます。このプロジェクトを完了するには、{1}からアイテムを購入する必要があります。,"Nach Abschluss dieses Projekts erhältst du genug Mana, um Grom'Met zu beschwören. Um dieses Projekt abzuschließen, musst du einen Gegenstand von {1} kaufen.","Après avoir terminé ce Projet, vous gagnerez assez de Mana pour invoquer Grom'Met. Pour terminer ce Projet, vous devez acheter un objet à {1}.","Después de completar este Proyecto, ganarás suficiente Maná para invocar a Grom'Met. Para completar este Proyecto, debes comprar un objeto de {1}.","Após completar este Projeto, você ganhará Mana suficiente para invocar Grom'Met. Para completar este Projeto, você deve comprar um item de {1}.","После завершения этого Проекта вы получите достаточно Маны для призыва Гром'Мета. Чтобы завершить этот Проект, вы должны приобрести предмет у {1}.","Dopo aver completato questo Progetto, otterrai abbastanza Mana per evocare Grom'Met. Per completare questo Progetto, devi acquistare un oggetto da {1}.",完成此計劃後，你將獲得足夠的魔力來召喚葛隆梅特。為了完成此計劃，你必須從{1}購買一件物品。,完成此工程后，你将获得足够的法力来召唤格罗姆梅特。要完成此工程，你必须从{1}处购买一件物品。,이 프로젝트를 완료하면 그롬'멧을 소환할 수 있는 충분한 마나를 얻게 됩니다. 이 프로젝트를 완료하려면 {1}에서 아이템을 구매해야 합니다.,"Po ukończeniu tego Projektu, zyskasz wystarczająco dużo Many, aby przywołać Grom'Meta. Aby ukończyć ten Projekt, musisz kupić przedmiot od {1}.","Після завершення цього Проєкту ви отримаєте достатньо Мани, щоб викликати Ґром'Мета. Щоб завершити цей Проєкт, ви повинні придбати предмет у {1}.","Na het voltooien van dit Project krijg je genoeg Mana om Grom'Met op te roepen. Om dit Project te voltooien, moet je een item kopen van {1}.","Bu Projeyi tamamladıktan sonra, Grom'Met'i çağırmak için yeterli Mana kazanacaksın. Bu Projeyi tamamlamak için {1}'den bir eşya satın alman gerekiyor."
L_PROJN_GODSPAWN_RENGAS,,Godspawn: Rengas,ゴッドスポーン：レンガス,Gottesbrut: Rengas,Progéniture Divine : Rengas,Vástago Divino: Rengas,Progênie Divina: Rengas,Богорожденный: Ренгас,Progenie Divina: Rengas,神裔：倫加斯,神裔：伦加斯,신의 자손: 렌가스,Bożęta: Rengas,Богонароджений: Ренгас,Godenkind: Rengas,Tanrıdoğumu: Rengas
L_PROJD_GODSPAWN_RENGAS,,"After completing this Project, you will gain enough Mana to summon Rengas. In order to complete this Project, you must purchase an item from {1}.",このプロジェクトを完了すると、レンガスを召喚するのに十分なマナを獲得できます。このプロジェクトを完了するには、{1}からアイテムを購入する必要があります。,"Nach Abschluss dieses Projekts erhältst du genug Mana, um Rengas zu beschwören. Um dieses Projekt abzuschließen, musst du einen Gegenstand von {1} kaufen.","Après avoir terminé ce Projet, vous gagnerez assez de Mana pour invoquer Rengas. Pour terminer ce Projet, vous devez acheter un objet à {1}.","Después de completar este Proyecto, ganarás suficiente Maná para invocar a Rengas. Para completar este Proyecto, debes comprar un objeto de {1}.","Após completar este Projeto, você ganhará Mana suficiente para invocar Rengas. Para completar este Projeto, você deve comprar um item de {1}.","После завершения этого Проекта вы получите достаточно Маны для призыва Ренгаса. Чтобы завершить этот Проект, вы должны приобрести предмет у {1}.","Dopo aver completato questo Progetto, otterrai abbastanza Mana per evocare Rengas. Per completare questo Progetto, devi acquistare un oggetto da {1}.",完成此計劃後，你將獲得足夠的魔力來召喚雷格斯。要完成此計劃，你必須從{1}購買一個物品。,完成此工程后，你将获得足够的法力来召唤伦加斯。要完成此工程，你必须从{1}处购买一件物品。,이 프로젝트를 완료하면 렝가스를 소환할 수 있는 충분한 마나를 얻게 됩니다. 이 프로젝트를 완료하려면 {1}에서 아이템을 구매해야 합니다.,"Po ukończeniu tego Projektu, zyskasz wystarczająco dużo Many, aby przywołać Rengasa. Aby ukończyć ten Projekt, musisz kupić przedmiot od {1}.","Після завершення цього Проєкту ви отримаєте достатньо Мани, щоб викликати Ренгаса. Щоб завершити цей Проєкт, ви повинні придбати предмет у {1}.","Na het voltooien van dit Project krijg je genoeg Mana om Rengas op te roepen. Om dit Project te voltooien, moet je een item kopen van {1}.","Bu Projeyi tamamladıktan sonra, Rengas'ı çağırmak için yeterli Mana kazanacaksın. Bu Projeyi tamamlamak için {1}'den bir eşya satın alman gerekiyor."
L_PROJN_GODSPAWN_THANA,,Godspawn: Thana,ゴッドスポーン：タナ,Gottesbrut: Thana,Progéniture Divine : Thana,Vástago Divino: Thana,Progênie Divina: Thana,Богорожденная: Тана,Progenie Divina: Thana,神裔：薩娜,神裔：萨娜,신의 자손: 타나,Bożęta: Thana,Богонароджений: Тана,Godenkind: Thana,Tanrıdoğumu: Thana
L_PROJD_GODSPAWN_THANA,,"After completing this Project, you will gain enough Mana to summon Thana. In order to complete this Project, you must purchase an item from {1}.",このプロジェクトを完了すると、タナを召喚するのに十分なマナを獲得できます。このプロジェクトを完了するには、{1}からアイテムを購入する必要があります。,"Nach Abschluss dieses Projekts erhältst du genug Mana, um Thana zu beschwören. Um dieses Projekt abzuschließen, musst du einen Gegenstand von {1} kaufen.","Après avoir terminé ce Projet, vous gagnerez assez de Mana pour invoquer Thana. Pour terminer ce Projet, vous devez acheter un objet à {1}.","Después de completar este Proyecto, ganarás suficiente Maná para invocar a Thana. Para completar este Proyecto, debes comprar un objeto de {1}.","Após completar este Projeto, você ganhará Mana suficiente para invocar Thana. Para completar este Projeto, você deve comprar um item de {1}.","После завершения этого Проекта вы получите достаточно Маны для призыва Таны. Чтобы завершить этот Проект, вы должны приобрести предмет у {1}.","Dopo aver completato questo Progetto, otterrai abbastanza Mana per evocare Thana. Per completare questo Progetto, devi acquistare un oggetto da {1}.",完成此計劃後，你將獲得足夠的魔力來召喚薩娜。為了完成此計劃，你必須從{1}購買一件物品。,完成此工程后，你将获得足够的法力来召唤萨娜。要完成此工程，你必须从{1}处购买一件物品。,이 프로젝트를 완료하면 타나를 소환할 수 있는 충분한 마나를 얻게 됩니다. 이 프로젝트를 완료하려면 {1}에서 아이템을 구매해야 합니다.,"Po ukończeniu tego Projektu, zyskasz wystarczająco dużo Many, aby przywołać Thanę. Aby ukończyć ten Projekt, musisz kupić przedmiot od {1}.","Після завершення цього Проєкту ви отримаєте достатньо Мани, щоб викликати Тану. Щоб завершити цей Проєкт, ви повинні придбати предмет у {1}.","Na het voltooien van dit Project, krijg je genoeg Mana om Thana op te roepen. Om dit Project te voltooien, moet je een item kopen van {1}.","Bu Projeyi tamamladıktan sonra, Thana'yı çağırmak için yeterli Mana kazanacaksın. Bu Projeyi tamamlamak için {1}'den bir eşya satın alman gerekiyor."
L_PROJN_REALM_FORBIDDEN_DEPTHS,,Realm: Forbidden Depths,レルム：禁断の深淵,Bereich: Verbotene Tiefen,Royaume : Profondeurs Interdites,Reino: Profundidades Prohibidas,Reino: Profundezas Proibidas,Мир: Запретные Глубины,Reame: Profondità Proibite,領域：禁忌深淵,领域：深渊禁地,영역: 금지된 심연,Kraina: Zakazane Głębie,Світ: Заборонені Глибини,Rijk: Verboden Diepten,Diyar: Yasak Derinlikler
L_PROJD_REALM_FORBIDDEN_DEPTHS,1 = realm name,"After completing this Project, you will be able to travel to a new Realm called {1}.",このプロジェクトを完了すると、{1}という新しい領域へ旅することができるようになります。,Nach Abschluss dieses Projekts kannst du in ein neues Reich namens {1} reisen.,"Après avoir terminé ce Projet, vous pourrez voyager vers un nouveau Royaume appelé {1}.","Después de completar este Proyecto, podrás viajar a un nuevo Reino llamado {1}.","Após completar este Projeto, você poderá viajar para um novo Reino chamado {1}.",После завершения этого Проекта вы сможете отправиться в новое Царство под названием {1}.,"Dopo aver completato questo Progetto, potrai viaggiare verso un nuovo Regno chiamato {1}.",完成此計劃後，你將能夠前往一個名為{1}的新領域。,完成此工程后，你将能够前往一个名为{1}的新领域。,이 프로젝트를 완료하면 {1}이라는 새로운 영역으로 여행할 수 있게 됩니다.,Po ukończeniu tego Projektu będziesz mógł podróżować do nowej Krainy zwanej {1}.,Після завершення цього Проєкту ви зможете подорожувати до нового Світу під назвою {1}.,Na het voltooien van dit Project kun je naar een nieuw Rijk genaamd {1} reizen.,"Bu Projeyi tamamladıktan sonra, {1} adlı yeni bir Diyara seyahat edebileceksiniz."
L_PROJN_REALM_FORGOTTEN_LAB,,Realm: Forgotten Lab,領域：忘れられた研究所,Realm: Vergessenes Labor,Royaume : Laboratoire Oublié,Ámbito: Laboratorio Olvidado,Reino: Laboratório Esquecido,Область: Забытая Лаборатория,Reame: Laboratorio Dimenticato,領域：遺忘實驗室,领域：被遗忘的实验室,영역: 잊혀진 연구실,Kraina: Zapomniane Laboratorium,Світ: Забута Лабораторія,Rijk: Vergeten Laboratorium,Diyar: Unutulmuş Laboratuvar
L_PROJD_REALM_FORGOTTEN_LAB,,"After completing this Project, you will be able to travel to a new Realm called {1}.",このプロジェクトを完了すると、{1}という新しい領域へ旅することができるようになります。,Nach Abschluss dieses Projekts kannst du in ein neues Reich namens {1} reisen.,"Après avoir terminé ce Projet, vous pourrez voyager vers un nouveau Royaume appelé {1}.","Después de completar este Proyecto, podrás viajar a un nuevo Reino llamado {1}.","Após completar este Projeto, você poderá viajar para um novo Reino chamado {1}.",После завершения этого Проекта вы сможете отправиться в новое Царство под названием {1}.,"Dopo aver completato questo Progetto, potrai viaggiare verso un nuovo Regno chiamato {1}.",完成此計劃後，你將能夠前往名為{1}的新領域。,完成此工程后，你将能够前往一个名为{1}的新领域。,이 프로젝트를 완료하면 {1}이라는 새로운 영역으로 여행할 수 있게 됩니다.,Po ukończeniu tego Projektu będziesz mógł podróżować do nowej Krainy zwanej {1}.,Після завершення цього Проєкту ви зможете подорожувати до нового Світу під назвою {1}.,Na het voltooien van dit Project kun je naar een nieuw Rijk genaamd {1} reizen.,"Bu Projeyi tamamladıktan sonra, {1} adlı yeni bir Diyara seyahat edebileceksiniz."
L_PROJN_REALM_DAMAREL,,Realm: Damarel,領域：ダマレル,Realm: Damarel,Royaume : Damarel,Realm: Damarel,Reino: Damarel,Мир: Дамарель,Reame: Damarel,領域：達瑪雷爾,领域：达玛瑞尔,영역: 다마렐,Kraina: Damarel,Світ: Дамарел,Rijk: Damarel,Diyar: Damarel
L_PROJD_REALM_DAMAREL,,"After completing this Project, you will be able to travel to a new Realm called {1}.",このプロジェクトを完了すると、{1}という新しい領域へ旅することができるようになります。,Nach Abschluss dieses Projekts kannst du in ein neues Reich namens {1} reisen.,"Après avoir terminé ce Projet, vous pourrez voyager vers un nouveau Royaume appelé {1}.","Después de completar este Proyecto, podrás viajar a un nuevo Reino llamado {1}.","Após completar este Projeto, você poderá viajar para um novo Reino chamado {1}.",После завершения этого Проекта вы сможете отправиться в новое Царство под названием {1}.,"Dopo aver completato questo Progetto, potrai viaggiare verso un nuovo Regno chiamato {1}.",完成此計劃後，你將能夠前往一個名為{1}的新領域。,完成此工程后，你将能够前往一个名为{1}的新领域。,이 프로젝트를 완료하면 {1}이라는 새로운 영역으로 여행할 수 있게 됩니다.,Po ukończeniu tego Projektu będziesz mógł podróżować do nowej Krainy zwanej {1}.,Після завершення цього Проєкту ви зможете подорожувати до нового Світу під назвою {1}.,Na het voltooien van dit Project kun je naar een nieuw Rijk genaamd {1} reizen.,"Bu Projeyi tamamladıktan sonra, {1} adlı yeni bir Diyara seyahat edebileceksiniz."
L_PROJN_REALM_LAND_OF_BREATH_AND_BALANCE,,Realm: Land of Breath & Balance,領域：息吹と均衡の地,Reich: Land des Atems & Gleichgewichts,Royaume : Terre de Souffle & d'Équilibre,Reino: Tierra de Aliento y Equilibrio,Reino: Terra do Sopro & Equilíbrio,Мир: Земля Дыхания и Равновесия,Reame: Terra del Respiro e dell'Equilibrio,領域：氣息與平衡之地,领域：调息之地,영역: 숨결과 균형의 땅,Kraina: Ziemia Oddechu i Równowagi,Світ: Земля Подиху і Рівноваги,Rijk: Land van Adem & Balans,Diyar: Nefes ve Denge Toprakları
L_PROJD_REALM_LAND_OF_BREATH_AND_BALANCE,,"After completing this Project, you will be able to travel to a new Realm called {1}.",このプロジェクトを完了すると、{1}という新しい領域へ旅することができるようになります。,Nach Abschluss dieses Projekts kannst du in ein neues Reich namens {1} reisen.,"Après avoir terminé ce Projet, vous pourrez voyager vers un nouveau Royaume appelé {1}.","Después de completar este Proyecto, podrás viajar a un nuevo Reino llamado {1}.","Após completar este Projeto, você poderá viajar para um novo Reino chamado {1}.",После завершения этого Проекта вы сможете отправиться в новое Царство под названием {1}.,"Dopo aver completato questo Progetto, potrai viaggiare verso un nuovo Regno chiamato {1}.",完成此計劃後，你將能夠前往一個名為{1}的新領域。,完成此工程后，你将能够前往一个名为{1}的新领域。,이 프로젝트를 완료하면 {1}이라는 새로운 영역으로 여행할 수 있게 됩니다.,Po ukończeniu tego Projektu będziesz mógł podróżować do nowej Krainy zwanej {1}.,Після завершення цього Проєкту ви зможете подорожувати до нового Світу під назвою {1}.,Na het voltooien van dit Project kun je naar een nieuw Rijk genaamd {1} reizen.,"Bu Projeyi tamamladıktan sonra, {1} adlı yeni bir Diyara seyahat edebileceksiniz."
L_PROJN_REALM_GAMBLERS_HIVE,,Realm: Gambler's Hive,領域：ギャンブラーの巣窟,Bereich: Spielerhöhle,Royaume : Ruche du Joueur,Ámbito: Colmena del Jugador,Reino: Colmeia do Apostador,Область: Улей Азартных Игроков,Reame: Alveare del Giocatore d'Azzardo,領域：賭徒巢穴,领域：赌徒蜂巢,영역: 도박꾼의 소굴,Kraina: Ul Hazardzisty,Світ: Вулик Гравця,Rijk: Gokkersnest,Diyar: Kumarbazın Kovanı
L_PROJD_REALM_GAMBLERS_HIVE,,"After completing this Project, you will be able to travel to a new Realm called {1}.",このプロジェクトを完了すると、{1}という新しい領域へ旅することができるようになります。,Nach Abschluss dieses Projekts kannst du in ein neues Reich namens {1} reisen.,"Après avoir terminé ce Projet, vous pourrez voyager vers un nouveau Royaume appelé {1}.","Después de completar este Proyecto, podrás viajar a un nuevo Reino llamado {1}.","Após completar este Projeto, você poderá viajar para um novo Reino chamado {1}.",После завершения этого Проекта вы сможете отправиться в новое Царство под названием {1}.,"Dopo aver completato questo Progetto, potrai viaggiare verso un nuovo Regno chiamato {1}.",完成此計劃後，你將能夠前往一個名為{1}的新領域。,完成此工程后，你将能够前往一个名为{1}的新领域。,이 프로젝트를 완료하면 {1}이라는 새로운 영역으로 여행할 수 있게 됩니다.,Po ukończeniu tego Projektu będziesz mógł podróżować do nowej Krainy zwanej {1}.,Після завершення цього Проєкту ви зможете подорожувати до нового Світу під назвою {1}.,Na het voltooien van dit Project kun je naar een nieuw Rijk genaamd {1} reizen.,"Bu Projeyi tamamladıktan sonra, {1} adlı yeni bir Diyara seyahat edebileceksiniz."
L_PROJN_REALM_OVERGROWN_TEMPLE,,Realm: Overgrown Temple,領域：生い茂った寺院,Bereich: Überwucherter Tempel,Royaume : Temple envahi par la végétation,Reino: Templo Invadido por la Vegetación,Reino: Templo Coberto de Vegetação,Область: Заросший Храм,Reame: Tempio Invaso dalla Vegetazione,領域：雜草叢生的神廟,领域：荒蔓神庙,영역: 우거진 사원,Kraina: Zarośnięta Świątynia,Область: Зарослий Храм,Rijk: Overwoekerde Tempel,Diyar: Aşırı Büyümüş Tapınak
L_PROJD_REALM_OVERGROWN_TEMPLE,,"After completing this Project, you will be able to travel to a new Realm called {1}.",このプロジェクトを完了すると、{1}という新しい領域へ旅することができるようになります。,Nach Abschluss dieses Projekts kannst du in ein neues Reich namens {1} reisen.,"Après avoir terminé ce Projet, vous pourrez voyager vers un nouveau Royaume appelé {1}.","Después de completar este Proyecto, podrás viajar a un nuevo Reino llamado {1}.","Após completar este Projeto, você poderá viajar para um novo Reino chamado {1}.",После завершения этого Проекта вы сможете отправиться в новое Царство под названием {1}.,"Dopo aver completato questo Progetto, potrai viaggiare verso un nuovo Regno chiamato {1}.",完成此計劃後，你將能夠前往名為{1}的新領域。,完成此工程后，你将能够前往一个名为{1}的新领域。,이 프로젝트를 완료하면 {1}이라는 새로운 영역으로 여행할 수 있게 됩니다.,Po ukończeniu tego Projektu będziesz mógł podróżować do nowej Krainy zwanej {1}.,Після завершення цього Проєкту ви зможете подорожувати до нового Світу під назвою {1}.,Na het voltooien van dit Project kun je naar een nieuw Rijk genaamd {1} reizen.,"Bu Projeyi tamamladıktan sonra, {1} adlı yeni bir Diyara seyahat edebileceksiniz."
L_PROJN_REALM_AMALGAM_GARDENS,,Realm: Amalgam Gardens,領域：アマルガム・ガーデン,Bereich: Amalgam-Gärten,Royaume : Jardins d'Amalgame,Ámbito: Jardines Amalgama,Reino: Jardins Amalgamados,Мир: Сплетенные Сады,Reame: Giardini Amalgama,領域：混合花園,领域：融合花园,영역: 혼합 정원,Kraina: Ogrody Amalgamatu,Світ: Сплавні Сади,Rijk: Amalgaam Tuinen,Diyar: Karışım Bahçeleri
L_PROJD_REALM_AMALGAM_GARDENS,,"After completing this Project, you will be able to travel to a new Realm called {1}.",このプロジェクトを完了すると、{1}という新しい領域へ旅することができるようになります。,Nach Abschluss dieses Projekts kannst du in ein neues Reich namens {1} reisen.,"Après avoir terminé ce Projet, vous pourrez voyager vers un nouveau Royaume appelé {1}.","Después de completar este Proyecto, podrás viajar a un nuevo Reino llamado {1}.","Após completar este Projeto, você poderá viajar para um novo Reino chamado {1}.",После завершения этого Проекта вы сможете отправиться в новое Царство под названием {1}.,"Dopo aver completato questo Progetto, potrai viaggiare verso un nuovo Regno chiamato {1}.",完成此計劃後，你將能夠前往名為{1}的新領域。,完成此工程后，你将能够前往一个名为{1}的新领域。,이 프로젝트를 완료하면 {1}이라는 새로운 영역으로 여행할 수 있게 됩니다.,Po ukończeniu tego Projektu będziesz mógł podróżować do nowej Krainy zwanej {1}.,Після завершення цього Проєкту ви зможете подорожувати до нового Світу під назвою {1}.,Na het voltooien van dit Project kun je naar een nieuw Rijk genaamd {1} reizen.,"Bu Projeyi tamamladıktan sonra, {1} adlı yeni bir Diyara seyahat edebileceksiniz."
L_PROJN_REALM_ASTRAL_GALLERY,,Realm: Astral Gallery,領域：星霊の回廊,Bereich: Astralgalerie,Royaume : Galerie Astrale,Reino: Galería Astral,Reino: Galeria Astral,Мир: Астральная Галерея,Reame: Galleria Astrale,領域：星界畫廊,领域：星界画廊,영역: 천체 갤러리,Kraina: Astralna Galeria,Світ: Астральна Галерея,Rijk: Astrale Galerij,Diyar: Astral Galeri
L_PROJD_REALM_ASTRAL_GALLERY,,"After completing this Project, you will be able to travel to a new Realm called {1}.",このプロジェクトを完了すると、{1}という新しい領域へ旅することができるようになります。,Nach Abschluss dieses Projekts kannst du in ein neues Reich namens {1} reisen.,"Après avoir terminé ce Projet, vous pourrez voyager vers un nouveau Royaume appelé {1}.","Después de completar este Proyecto, podrás viajar a un nuevo Reino llamado {1}.","Após completar este Projeto, você poderá viajar para um novo Reino chamado {1}.",После завершения этого Проекта вы сможете отправиться в новое Царство под названием {1}.,"Dopo aver completato questo Progetto, potrai viaggiare verso un nuovo Regno chiamato {1}.",完成此計劃後，你將能夠前往一個名為{1}的新領域。,完成此工程后，你将能够前往一个名为{1}的新领域。,이 프로젝트를 완료하면 {1}이라는 새로운 영역으로 여행할 수 있게 됩니다.,Po ukończeniu tego Projektu będziesz mógł podróżować do nowej Krainy zwanej {1}.,Після завершення цього Проєкту ви зможете подорожувати до нового Світу під назвою {1}.,Na het voltooien van dit Project kun je naar een nieuw Rijk genaamd {1} reizen.,"Bu Projeyi tamamladıktan sonra, {1} adlı yeni bir Diyara seyahat edebileceksiniz."
L_PROJN_REALM_FAE_LANDS,,Realm: Fae Lands,領域：フェイランド,Bereich: Feenländer,Royaume : Terres Féeriques,Reino: Tierras Feéricas,Reino: Terras Feéricas,Мир: Земли Фей,Reame: Terre Fatate,領域：精靈仙境,领域：仙灵秘境,영역: 페이 랜드,Kraina: Krainy Fae,Світ: Землі Фей,Rijk: Feeënlanden,Diyar: Peri Toprakları
L_PROJD_REALM_FAE_LANDS,,"After completing this Project, you will be able to travel to a new Realm called {1}.",このプロジェクトを完了すると、{1}という新しい領域へ旅することができるようになります。,Nach Abschluss dieses Projekts kannst du in ein neues Reich namens {1} reisen.,"Après avoir terminé ce Projet, vous pourrez voyager vers un nouveau Royaume appelé {1}.","Después de completar este Proyecto, podrás viajar a un nuevo Reino llamado {1}.","Após completar este Projeto, você poderá viajar para um novo Reino chamado {1}.",После завершения этого Проекта вы сможете отправиться в новое Царство под названием {1}.,"Dopo aver completato questo Progetto, potrai viaggiare verso un nuovo Regno chiamato {1}.",完成此計劃後，你將能夠前往一個名為{1}的新領域。,完成此工程后，你将能够前往一个名为{1}的新领域。,이 프로젝트를 완료하면 {1}이라는 새로운 영역으로 여행할 수 있게 됩니다.,Po ukończeniu tego Projektu będziesz mógł podróżować do nowej Krainy zwanej {1}.,Після завершення цього Проєкту ви зможете подорожувати до нового Світу під назвою {1}.,Na het voltooien van dit Project kun je naar een nieuw Rijk genaamd {1} reizen.,"Bu Projeyi tamamladıktan sonra, {1} adlı yeni bir Diyara seyahat edebileceksiniz."
L_PROJN_SPECIALIZATION_GLADIATOR,,Specialization: Gladiator,専門化：グラディエーター,Spezialisierung: Gladiator,Spécialisation : Gladiateur,Especialización: Gladiador,Especialização: Gladiador,Специализация: Гладиатор,Specializzazione: Gladiatore,專精：角鬥士,专精：角斗士,전문화: 검투사,Specjalizacja: Gladiator,Спеціалізація: Гладіатор,Specialisatie: Gladiator,Uzmanlık: Gladyatör
L_PROJD_SPECIALIZATION_GLADIATOR,,"After completing this Project, you can change your specialization to ""Gladiator"". In order to complete this Project, you must purchase an item from the Arena Shop.\n\n{1}",このプロジェクトを完了すると、専門を「グラディエーター」に変更できます。このプロジェクトを完了するには、アリーナショップからアイテムを購入する必要があります。\n\n{1},"Nach Abschluss dieses Projekts kannst du deine Spezialisierung zu ""Gladiator"" ändern. Um dieses Projekt abzuschließen, musst du einen Gegenstand aus dem Arena-Shop kaufen.\n\n{1}","Après avoir terminé ce Projet, vous pourrez changer votre spécialisation en ""Gladiateur"". Pour compléter ce Projet, vous devez acheter un objet dans la Boutique de l\'Arène.\n\n{1}","Después de completar este Proyecto, puedes cambiar tu especialización a ""Gladiador"". Para completar este Proyecto, debes comprar un objeto de la Tienda de la Arena.\n\n{1}","Após completar este Projeto, você pode mudar sua especialização para ""Gladiador"". Para completar este Projeto, você deve comprar um item na Loja da Arena.\n\n{1}","После завершения этого Проекта вы сможете изменить свою специализацию на ""Гладиатор"". Чтобы завершить этот Проект, вы должны приобрести предмет в Магазине Арены.\n\n{1}","Dopo aver completato questo Progetto, puoi cambiare la tua specializzazione in ""Gladiatore"". Per completare questo Progetto, devi acquistare un oggetto dal Negozio dell\'Arena.\n\n{1}",完成此項目後，你可以將你的專精更改為「角鬥士」。為了完成此項目，你必須從競技場商店購買一件物品。\n\n{1},"完成此工程后，你可以将你的专精更改为""角斗士""。要完成此工程，你必须从竞技场商店处购买一件物品。\n\n{1}","이 프로젝트를 완료하면 전문화를 ""검투사""로 변경할 수 있습니다. 이 프로젝트를 완료하려면 투기장 상점에서 아이템을 구매해야 합니다.\n\n{1}","Po ukończeniu tego Projektu możesz zmienić swoją specjalizację na ""Gladiator"". Aby ukończyć ten Projekt, musisz kupić przedmiot ze Sklepu Areny.\n\n{1}","Після завершення цього Проєкту ви зможете змінити свою спеціалізацію на ""Гладіатор"". Щоб завершити цей Проєкт, ви повинні придбати предмет у Магазині Арени.\n\n{1}","Na het voltooien van dit Project kun je je specialisatie veranderen naar ""Gladiator"". Om dit Project te voltooien, moet je een item kopen in de Arena Winkel.\n\n{1}","Bu Projeyi tamamladıktan sonra, uzmanlığınızı ""Gladyatör"" olarak değiştirebilirsiniz. Bu Projeyi tamamlamak için Arena Mağazası\'ndan bir eşya satın almanız gerekiyor.\n\n{1}"
L_PROJN_SPECIALIZATION_BREWMASTER,,Specialization: Brewmaster,専門化：醸造師,Spezialisierung: Braumeister,Spécialisation : Maître brasseur,Especialización: Maestro Cervecero,Especialização: Mestre Cervejeiro,Специализация: Хмелевар,Specializzazione: Mastro Birraio,專精：釀酒大師,专精：调酒师,전문화: 양조의 달인,Specjalizacja: Piwowar,Спеціалізація: Майстер варіння,Specialisatie: Brouwmeester,Uzmanlık: Biracı
L_PROJD_SPECIALIZATION_BREWMASTER,,"After completing this Project, you can change your specialization to ""Brewmaster"". In order to complete this Project, you must purchase an item from one of the Gambling Dwarves.\n\n{1}",このプロジェクトを完了すると、専門を「醸造師」に変更できます。このプロジェクトを完了するには、ギャンブル好きなドワーフの一人からアイテムを購入する必要があります。\n\n{1},"Nach Abschluss dieses Projekts kannst du deine Spezialisierung zu ""Braumeister"" ändern. Um dieses Projekt abzuschließen, musst du einen Gegenstand von einem der Glücksspiel-Zwerge kaufen.\n\n{1}","Après avoir terminé ce Projet, vous pourrez changer votre spécialisation en ""Maître Brasseur"". Pour compléter ce Projet, vous devez acheter un objet auprès d\'un des Nains Joueurs.\n\n{1}","Después de completar este Proyecto, puedes cambiar tu especialización a ""Maestro Cervecero"". Para completar este Proyecto, debes comprar un objeto a uno de los Enanos Apostadores.\n\n{1}","Após completar este Projeto, você pode mudar sua especialização para ""Mestre Cervejeiro"". Para completar este Projeto, você deve comprar um item de um dos Anões Apostadores.\n\n{1}","После завершения этого Проекта вы сможете изменить свою специализацию на ""Пивовар"". Чтобы завершить этот Проект, вы должны приобрести предмет у одного из Гномов-азартников.\n\n{1}","Dopo aver completato questo Progetto, puoi cambiare la tua specializzazione in ""Mastro Birraio"". Per completare questo Progetto, devi acquistare un oggetto da uno dei Nani Giocatori d\'Azzardo.\n\n{1}",完成此專案後，你可以將你的專精更改為「釀酒大師」。為了完成此專案，你必須從賭博矮人之一處購買一件物品。\n\n{1},"完成此工程后，你可以将你的专精更改为""调酒师""。要完成此工程，你必须从赌博矮人处购买一件物品。\n\n{1}","이 프로젝트를 완료하면 전문화를 ""양조장인""으로 변경할 수 있습니다. 이 프로젝트를 완료하려면 도박하는 드워프 중 한 명에게서 아이템을 구매해야 합니다.\n\n{1}","Po ukończeniu tego Projektu możesz zmienić swoją specjalizację na ""Mistrz Warzenia"". Aby ukończyć ten Projekt, musisz kupić przedmiot od jednego z Hazardowych Krasnoludów.\n\n{1}","Після завершення цього Проєкту ви зможете змінити свою спеціалізацію на ""Бровар"". Щоб завершити цей Проєкт, ви повинні придбати предмет у одного з Гномів-Азартників.\n\n{1}","Na het voltooien van dit Project kun je je specialisatie veranderen naar ""Brouwmeester"". Om dit Project te voltooien, moet je een item kopen van een van de Gokdwergen.\n\n{1}","Bu Projeyi tamamladıktan sonra, uzmanlığını ""Şıracı"" olarak değiştirebilirsin. Bu Projeyi tamamlamak için, Kumar Cüceleri\'nden birinden bir eşya satın alman gerekiyor.\n\n{1}"
L_PROJN_SPECIALIZATION_DEMONOLOGIST,,Specialization: Demonologist,専門化：悪魔術師,Spezialisierung: Dämonologe,Spécialisation : Démonologue,Especialización: Demonólogo,Especialização: Demonologista,Специализация: Демонолог,Specializzazione: Demonologo,專精：惡魔學者,专精：恶魔学家,전문화: 악마학자,Specjalizacja: Demonolog,Спеціалізація: Демонолог,Specialisatie: Demonoloog,Uzmanlık: Şeytanbilimci
L_PROJD_SPECIALIZATION_DEMONOLOGIST,,"After completing this Project, you can change your specialization to ""Demonologist"".\n\n{1}",このプロジェクトを完了すると、専門を「悪魔学者」に変更できます。\n\n{1},"Nach Abschluss dieses Projekts kannst du deine Spezialisierung zu ""Dämonologe"" ändern.\n\n{1}","Après avoir terminé ce Projet, vous pourrez changer votre spécialisation en ""Démonologue"".\n\n{1}","Después de completar este Proyecto, puedes cambiar tu especialización a ""Demonólogo"".\n\n{1}","Após completar este Projeto, você pode mudar sua especialização para ""Demonologista"".\n\n{1}","После завершения этого Проекта вы сможете изменить свою специализацию на ""Демонолог"".\n\n{1}","Dopo aver completato questo Progetto, puoi cambiare la tua specializzazione in ""Demonologo"".\n\n{1}",完成此專案後，你可以將你的專精更改為「惡魔學者」。\n\n{1},"完成此工程后，你可以将你的专精更改为""恶魔学家""。\n\n{1}","이 프로젝트를 완료하면 전문화를 ""악마학자""로 변경할 수 있습니다.\n\n{1}","Po ukończeniu tego Projektu możesz zmienić swoją specjalizację na ""Demonolog"".\n\n{1}","Після завершення цього Проекту ви зможете змінити свою спеціалізацію на ""Демонолог"".\n\n{1}","Na het voltooien van dit Project kun je je specialisatie veranderen naar ""Demonoloog"".\n\n{1}","Bu Projeyi tamamladıktan sonra, uzmanlığınızı ""Şeytanbilimci"" olarak değiştirebilirsiniz.\n\n{1}"
L_PROJN_SPECIALIZATION_ENGINEER,,Specialization: Engineer,専門化：エンジニア,Spezialisierung: Ingenieur,Spécialisation : Ingénieur,Especialización: Ingeniero,Especialização: Engenheiro,Специализация: Инженер,Specializzazione: Ingegnere,專精：工程師,专精：工程师,전문화: 기술자,Specjalizacja: Inżynier,Спеціалізація: Інженер,Specialisatie: Ingenieur,Uzmanlık: Mühendis
L_PROJD_SPECIALIZATION_ENGINEER,,"After completing this Project, you can change your specialization to ""Engineer"".\n\n{1}",このプロジェクトを完了すると、専門を「エンジニア」に変更できます。\n\n{1},"Nach Abschluss dieses Projekts kannst du deine Spezialisierung zu ""Ingenieur"" ändern.\n\n{1}","Après avoir terminé ce Projet, vous pourrez changer votre spécialisation en ""Ingénieur"".\n\n{1}","Después de completar este Proyecto, puedes cambiar tu especialización a ""Ingeniero"".\n\n{1}","Após completar este Projeto, você pode mudar sua especialização para ""Engenheiro"".\n\n{1}","После завершения этого Проекта вы сможете изменить свою специализацию на ""Инженер"".\n\n{1}","Dopo aver completato questo Progetto, puoi cambiare la tua specializzazione in ""Ingegnere"".\n\n{1}",完成此專案後，你可以將你的專精更改為「工程師」。\n\n{1},"完成此工程后，你可以将你的专精更改为""工程师""。\n\n{1}","이 프로젝트를 완료하면 전문 분야를 ""엔지니어""로 변경할 수 있습니다.\n\n{1}","Po ukończeniu tego Projektu możesz zmienić swoją specjalizację na ""Inżynier"".\n\n{1}","Після завершення цього Проекту ви зможете змінити свою спеціалізацію на ""Інженер"".\n\n{1}","Na het voltooien van dit Project kun je je specialisatie veranderen naar ""Ingenieur"".\n\n{1}","Bu Projeyi tamamladıktan sonra, uzmanlığınızı ""Mühendis"" olarak değiştirebilirsiniz.\n\n{1}"
L_PROJN_SPECIALIZATION_TOXICOLOGIST,,Specialization: Toxicologist,専門化：毒物学者,Spezialisierung: Toxikologe,Spécialisation : Toxicologue,Especialización: Toxicólogo,Especialização: Toxicologista,Специализация: Токсиколог,Specializzazione: Tossicologo,專精：毒物學家,专精：毒物学家,전문화: 독물학자,Specjalizacja: Toksykolog,Спеціалізація: Токсиколог,Specialisatie: Toxicoloog,Uzmanlık: Toksikolog
L_PROJD_SPECIALIZATION_TOXICOLOGIST,,"After completing this Project, you can change your specialization to ""Toxicologist"".\n\n{1}",このプロジェクトを完了すると、専門を「毒物学者」に変更できます。\n\n{1},"Nach Abschluss dieses Projekts kannst du deine Spezialisierung zu ""Toxikologe"" ändern.\n\n{1}","Après avoir terminé ce Projet, vous pourrez changer votre spécialisation en ""Toxicologue"".\n\n{1}","Después de completar este Proyecto, puedes cambiar tu especialización a ""Toxicólogo"".\n\n{1}","Após completar este Projeto, você pode mudar sua especialização para ""Toxicologista"".\n\n{1}","После завершения этого Проекта вы сможете изменить свою специализацию на ""Токсиколог"".\n\n{1}","Dopo aver completato questo Progetto, puoi cambiare la tua specializzazione in ""Tossicologo"".\n\n{1}",完成此專案後，你可以將你的專精變更為「毒物學家」。\n\n{1},"完成此工程后，你可以将你的专精更改为""毒物学家""。\n\n{1}","이 프로젝트를 완료하면 전문 분야를 ""독물학자""로 변경할 수 있습니다.\n\n{1}","Po ukończeniu tego Projektu możesz zmienić swoją specjalizację na ""Toksykolog"".\n\n{1}","Після завершення цього Проекту ви зможете змінити свою спеціалізацію на ""Токсиколог"".\n\n{1}","Na het voltooien van dit Project kun je je specialisatie veranderen naar ""Toxicoloog"".\n\n{1}","Bu Projeyi tamamladıktan sonra, uzmanlığınızı ""Toksikolog"" olarak değiştirebilirsiniz.\n\n{1}"
L_PROJN_SPECIALIZATION_MIME,,Specialization: Mime,専門化：マイム,Spezialisierung: Mime,Spécialisation : Mime,Especialización: Mimo,Especialização: Mímico,Специализация: Мим,Specializzazione: Mimo,專精：模仿師,专精：模仿者,전문화: 흉내쟁이,Specjalizacja: Mim,Спеціалізація: Мім,Specialisatie: Mime,Uzmanlık: Taklitçi
L_PROJD_SPECIALIZATION_MIME,,"After completing this Project, you can change your specialization to ""Mime"".\n\n{1}",このプロジェクトを完了すると、専門を「マイム」に変更できます。\n\n{1},"Nach Abschluss dieses Projekts kannst du deine Spezialisierung zu ""Mime"" ändern.\n\n{1}","Après avoir terminé ce Projet, vous pourrez changer votre spécialisation en ""Mime"".\n\n{1}","Después de completar este Proyecto, puedes cambiar tu especialización a ""Mimo"".\n\n{1}","Após completar este Projeto, você pode mudar sua especialização para ""Mímico"".\n\n{1}","После завершения этого Проекта вы сможете изменить свою специализацию на ""Мим"".\n\n{1}","Dopo aver completato questo Progetto, puoi cambiare la tua specializzazione in ""Mimo"".\n\n{1}",完成此專案後，你可以將你的專精變更為「模仿師」。\n\n{1},"完成此工程后，你可以将你的专精更改为""模仿者""。\n\n{1}","이 프로젝트를 완료하면 전문화를 ""마임""으로 변경할 수 있습니다.\n\n{1}","Po ukończeniu tego Projektu możesz zmienić swoją specjalizację na ""Mim"".\n\n{1}","Після завершення цього Проекту ви зможете змінити свою спеціалізацію на ""Мім"".\n\n{1}","Na het voltooien van dit Project kun je je specialisatie veranderen naar ""Mime"".\n\n{1}","Bu Projeyi tamamladıktan sonra, uzmanlığınızı ""Taklitçi""ye değiştirebilirsiniz.\n\n{1}"
L_PROJN_SPECIALIZATION_SHADOWBRINGER,,Specialization: Shadowbringer,専門化：シャドウブリンガー,Spezialisierung: Schattenbringer,Spécialisation : Porteur d'ombre,Especialización: Portador de Sombras,Especialização: Portador das Sombras,Специализация: Теневестник,Specializzazione: Portatore d'Ombra,專精：影裂者,专精：暗影使者,전문화: 그림자인도자,Specjalizacja: Niosący Cień,Спеціалізація: Тіньоносець,Specialisatie: Schaduwbrenger,Uzmanlık: Gölgegetiren
L_PROJD_SPECIALIZATION_SHADOWBRINGER,,"After completing this Project, you can change your specialization to ""Shadowbringer"".\n\n{1}",このプロジェクトを完了すると、専門を「シャドウブリンガー」に変更できます。\n\n{1},"Nach Abschluss dieses Projekts kannst du deine Spezialisierung zu „Schattenbringer"" ändern.\n\n{1}","Après avoir terminé ce Projet, vous pourrez changer votre spécialisation en ""Porteur d\'ombre"".\n\n{1}","Después de completar este Proyecto, puedes cambiar tu especialización a ""Portador de sombras"".\n\n{1}","Após completar este Projeto, você pode mudar sua especialização para ""Portador das Sombras"".\n\n{1}","После завершения этого Проекта вы сможете изменить свою специализацию на ""Теневестник"".\n\n{1}","Dopo aver completato questo Progetto, puoi cambiare la tua specializzazione in ""Portatore d\'Ombra"".\n\n{1}",完成此專案後，你可以將你的專精變更為「闇影使者」。\n\n{1},"完成此工程后，你可以将你的专精更改为""暗影使者""。\n\n{1}","이 프로젝트를 완료하면 전문화를 ""섀도우브링어""로 변경할 수 있습니다.\n\n{1}","Po ukończeniu tego Projektu możesz zmienić swoją specjalizację na „Shadowbringer"".\n\n{1}","Після завершення цього Проекту ви зможете змінити свою спеціалізацію на ""Тіньовий вісник"".\n\n{1}","Na het voltooien van dit Project kun je je specialisatie veranderen naar ""Schaduwbrenger"".\n\n{1}","Bu Projeyi tamamladıktan sonra, uzmanlığını ""Gölgegetiren""e değiştirebilirsin.\n\n{1}"
L_PROJN_SPECIALIZATION_GRAVEBORN,,Specialization: Graveborn,専門化：グレイヴボーン,Spezialisierung: Grabgeborener,Spécialisation : Mortnés,Especialización: Graveborn,Especialização: Mortífero,Специализация: Рождённый могилой,Specializzazione: Graveborn,專精：墓生者,专精：重生者,전문화: 그레이브본,Specjalizacja: Zrodzony z Grobu,Спеціалізація: Могутній,Specialisatie: Grafgeborene,Uzmanlık: Mezardoğan
L_PROJD_SPECIALIZATION_GRAVEBORN,,"After completing this Project, you can change your specialization to ""Graveborn"".\n\n{1}",このプロジェクトを完了すると、専門を「グレイブボーン」に変更できます。\n\n{1},"Nach Abschluss dieses Projekts kannst du deine Spezialisierung zu ""Grabgeborener"" ändern.\n\n{1}","Après avoir terminé ce Projet, vous pourrez changer votre spécialisation en ""Graveborn"".\n\n{1}","Después de completar este Proyecto, puedes cambiar tu especialización a ""Graveborn"".\n\n{1}","Após completar este Projeto, você pode mudar sua especialização para ""Graveborn"".\n\n{1}","После завершения этого Проекта вы сможете изменить свою специализацию на ""Рождённый могилой"".\n\n{1}","Dopo aver completato questo Progetto, puoi cambiare la tua specializzazione in ""Graveborn"".\n\n{1}",完成此專案後，你可以將你的專精變更為「墓生者」。\n\n{1},"完成此工程后，你可以将你的专精更改为""重生者""。\n\n{1}","이 프로젝트를 완료하면 전문화를 ""그레이브본""으로 변경할 수 있습니다.\n\n{1}","Po ukończeniu tego Projektu możesz zmienić swoją specjalizację na ""Graveborn"".\n\n{1}","Після завершення цього Проекту ви зможете змінити свою спеціалізацію на ""Могутній мрець"".\n\n{1}","Na het voltooien van dit Project kun je je specialisatie veranderen naar ""Graveborn"".\n\n{1}","Bu Projeyi tamamladıktan sonra, uzmanlığını ""Mezardan Doğan""a değiştirebilirsin.\n\n{1}"
L_PROJN_SPECIALIZATION_PARIAH,,Specialization: Pariah,専門化：パリア,Spezialisierung: Ausgestoßener,Spécialisation : Paria,Especialización: Paria,Especialização: Pária,Специализация: Изгой,Specializzazione: Paria,專精：棄民,专精：被弃者,전문화: 추방자,Specjalizacja: Paria,Спеціалізація: Вигнанець,Specialisatie: Paria,Uzmanlık: Parya
L_PROJD_SPECIALIZATION_PARIAH,,"After completing this Project, you can change your specialization to ""Pariah"". This is a Challenge Specialization and will make the game more difficult while you are playing it.\n\n{1}",このプロジェクトを完了すると、専門を「パリア」に変更できます。これはチャレンジ専門であり、プレイ中にゲームの難易度が上がります。\n\n{1},"Nach Abschluss dieses Projekts kannst du deine Spezialisierung zu ""Ausgestoßener"" ändern. Dies ist eine Herausforderungs-Spezialisierung und wird das Spiel schwieriger machen, während du es spielst.\n\n{1}","Après avoir terminé ce Projet, vous pourrez changer votre spécialisation en ""Paria"". C\'est une Spécialisation de Défi et rendra le jeu plus difficile pendant que vous y jouez.\n\n{1}","Después de completar este Proyecto, puedes cambiar tu especialización a ""Paria"". Esta es una Especialización de Desafío y hará que el juego sea más difícil mientras la estés jugando.\n\n{1}","Após completar este Projeto, você pode mudar sua especialização para ""Pária"". Esta é uma Especialização de Desafio e tornará o jogo mais difícil enquanto você estiver jogando.\n\n{1}","После завершения этого Проекта вы сможете изменить свою специализацию на ""Изгой"". Это Специализация-Испытание, которая сделает игру сложнее, пока вы играете с ней.\n\n{1}","Dopo aver completato questo Progetto, puoi cambiare la tua specializzazione in ""Paria"". Questa è una Specializzazione Sfida e renderà il gioco più difficile mentre ci giochi.\n\n{1}",完成此專案後，你可以將你的專精變更為「棄民」。這是一種挑戰專精，當你使用它時會使遊戲難度提高。\n\n{1},"完成此工程后，你可以将你的专精更改为""被弃者""。这是一个挑战专精，在使用其游玩时会提高游戏难度。\n\n{1}","이 프로젝트를 완료하면 전문화를 ""파리아""로 변경할 수 있습니다. 이것은 도전 전문화이며 플레이하는 동안 게임을 더 어렵게 만들 것입니다.\n\n{1}","Po ukończeniu tego Projektu możesz zmienić swoją specjalizację na ""Paria"". Jest to Specjalizacja Wyzwania i sprawi, że gra będzie trudniejsza podczas rozgrywki.\n\n{1}","Після завершення цього Проєкту ви зможете змінити свою спеціалізацію на ""Вигнанець"". Це Спеціалізація Виклику, яка зробить гру складнішою, поки ви граєте.\n\n{1}","Na het voltooien van dit Project kun je je specialisatie veranderen naar ""Paria"". Dit is een Uitdagingsspecialisatie en zal het spel moeilijker maken terwijl je het speelt.\n\n{1}","Bu Projeyi tamamladıktan sonra, uzmanlığınızı ""Parya"" olarak değiştirebilirsiniz. Bu bir Zorluk Uzmanlığıdır ve oynarken oyunu daha zor hale getirecektir.\n\n{1}"
L_PROJN_SPECIALIZATION_DEPRIVED,,Specialization: Deprived,特化: 貧者,Spezialisierung: Entbehrend,Spécialisation : Démuni,Especialización: Despojado,Especialização: Desprovido,Специализация: Обделённый,Specializzazione: Privato,專精：貧困者,专精：被剥夺者,특화: 빈곤자,Specjalizacja: Nędzarz,Спеціалізація: Знедолений,Specialisatie: Ontbeerde,Uzmanlık: Yoksun
L_PROJD_SPECIALIZATION_DEPRIVED,,"After completing this Project, you can change your specialization to ""Deprived"". This is a Challenge Specialization and will make the game more difficult while you are playing it.\n\n{1}",このプロジェクトを完了すると、特化を「剥奪者」に変更できます。これはチャレンジ特化であり、プレイ中のゲームの難易度が上がります。\n\n{1},"Nach Abschluss dieses Projekts kannst du deine Spezialisierung zu ""Entbehrung"" ändern. Dies ist eine Herausforderungs-Spezialisierung und wird das Spiel schwieriger machen, während du es spielst.\n\n{1}","Après avoir terminé ce Projet, vous pourrez changer votre spécialisation en ""Démuni"". C\'est une Spécialisation de Défi qui rendra le jeu plus difficile pendant que vous y jouez.\n\n{1}","Después de completar este Proyecto, puedes cambiar tu especialización a ""Despojado"". Esta es una Especialización de Desafío y hará que el juego sea más difícil mientras lo juegas.\n\n{1}","Após completar este Projeto, você pode mudar sua especialização para ""Desprovido"". Esta é uma Especialização de Desafio e tornará o jogo mais difícil enquanto você estiver jogando.\n\n{1}","После завершения этого Проекта вы сможете изменить свою специализацию на ""Обездоленный"". Это Специализация-Испытание, которая сделает игру более сложной, пока вы в ней играете.\n\n{1}","Dopo aver completato questo Progetto, puoi cambiare la tua specializzazione in ""Privato"". Questa è una Specializzazione Sfida e renderà il gioco più difficile mentre ci giochi.\n\n{1}",完成此專案後，你可以將你的專精變更為「貧困者」。這是一個挑戰專精，在你遊玩時會使遊戲難度提高。\n\n{1},"完成此工程后，你可以将你的专精更改为""被剥夺者""。这是一个挑战专精，在使用其游玩时会提高游戏难度。\n\n{1}","이 프로젝트를 완료하면 전문화를 ""빈곤자""로 변경할 수 있습니다. 이것은 도전 전문화로, 플레이하는 동안 게임을 더 어렵게 만듭니다.\n\n{1}","Po ukończeniu tego Projektu możesz zmienić swoją specjalizację na ""Nędzarz"". Jest to Specjalizacja Wyzwania i sprawi, że gra będzie trudniejsza podczas rozgrywki.\n\n{1}","Після завершення цього Проєкту ви зможете змінити свою спеціалізацію на ""Знедолений"". Це Спеціалізація-Виклик, яка зробить гру складнішою, поки ви граєте.\n\n{1}","Na het voltooien van dit Project kun je je specialisatie veranderen naar ""Ontbering"". Dit is een Uitdagingsspecialisatie en zal het spel moeilijker maken terwijl je het speelt.\n\n{1}","Bu Projeyi tamamladıktan sonra, uzmanlığınızı ""Yoksun"" olarak değiştirebilirsiniz. Bu bir Zorluk Uzmanlığıdır ve oynarken oyunu daha zor hale getirecektir.\n\n{1}"
L_PROJN_SPECIALIZATION_MERMAID,,Specialization: Mermaid,特化: マーメイド,Spezialisierung: Meerjungfrau,Spécialisation : Sirène,Especialización: Sirena,Especialização: Sereia,Специализация: Русалка,Specializzazione: Sirena,專精：人魚,专精：人鱼,전문화: 인어,Specjalizacja: Syrena,Спеціалізація: Русалка,Specialisatie: Zeemeermin,Uzmanlık: Denizkızı
L_PROJD_SPECIALIZATION_MERMAID,,"After completing this Project, you can change your specialization to ""Mermaid"".\n\n{1}",このプロジェクトを完了すると、専門を「マーメイド」に変更できます。\n\n{1},"Nach Abschluss dieses Projekts kannst du deine Spezialisierung zu „Meerjungfrau"" ändern.\n\n{1}","Après avoir terminé ce Projet, vous pourrez changer votre spécialisation en ""Sirène"".\n\n{1}","Después de completar este Proyecto, puedes cambiar tu especialización a ""Sirena"".\n\n{1}","Após completar este Projeto, você pode mudar sua especialização para ""Sereia"".\n\n{1}","После завершения этого Проекта вы сможете изменить свою специализацию на ""Русалка"".\n\n{1}","Dopo aver completato questo Progetto, puoi cambiare la tua specializzazione in ""Sirena"".\n\n{1}",完成此專案後，你可以將你的專精更改為「人魚」。\n\n{1},"完成此工程后，你可以将你的专精更改为""人鱼""。\n\n{1}","이 프로젝트를 완료하면 전문화를 ""인어""로 변경할 수 있습니다.\n\n{1}","Po ukończeniu tego Projektu możesz zmienić swoją specjalizację na ""Syrenka"".\n\n{1}","Після завершення цього Проєкту ви зможете змінити свою спеціалізацію на ""Русалка"".\n\n{1}","Na het voltooien van dit Project kun je je specialisatie veranderen naar ""Zeemeermin"".\n\n{1}","Bu Projeyi tamamladıktan sonra, uzmanlığını ""Denizkızı"" olarak değiştirebilirsin.\n\n{1}"
L_PROJN_SPECIALIZATION_MESMERIST,,Specialization: Mesmerist,専門化：メスメリスト,Spezialisierung: Mesmerist,Spécialisation : Hypnotiseur,Especialización: Hipnotizador,Especialização: Mesmerista,Специализация: Месмерист,Specializzazione: Mesmerista,專精：催眠師,专精：催眠师,전문화: 현혹술사,Specjalizacja: Mesmeryzator,Спеціалізація: Месмерист,Specialisatie: Mesmerist,Uzmanlık: Büyüleyici
L_PROJD_SPECIALIZATION_MESMERIST,,"After completing this Project, you can change your specialization to ""Mesmerist"".\n\n{1}",このプロジェクトを完了すると、専門を「メスメリスト」に変更できます。\n\n{1},"Nach Abschluss dieses Projekts kannst du deine Spezialisierung zu ""Mesmerist"" ändern.\n\n{1}","Après avoir terminé ce Projet, vous pourrez changer votre spécialisation en ""Hypnotiseur"".\n\n{1}","Después de completar este Proyecto, puedes cambiar tu especialización a ""Hipnotizador"".\n\n{1}","Após completar este Projeto, você pode mudar sua especialização para ""Mesmerista"".\n\n{1}","После завершения этого Проекта вы сможете изменить свою специализацию на ""Месмерист"".\n\n{1}","Dopo aver completato questo Progetto, puoi cambiare la tua specializzazione in ""Mesmerista"".\n\n{1}",完成此專案後，你可以將你的專精變更為「催眠師」。\n\n{1},"完成此工程后，你可以将你的专精更改为""催眠师""。\n\n{1}","이 프로젝트를 완료하면 전문화를 ""현혹술사""로 변경할 수 있습니다.\n\n{1}","Po ukończeniu tego Projektu możesz zmienić swoją specjalizację na ""Mesmerist"".\n\n{1}","Після завершення цього Проекту ви зможете змінити свою спеціалізацію на ""Месмерист"".\n\n{1}","Na het voltooien van dit Project kun je je specialisatie veranderen naar ""Mesmerist"".\n\n{1}","Bu Projeyi tamamladıktan sonra, uzmanlığınızı ""Mesmerist"" olarak değiştirebilirsiniz.\n\n{1}"
L_PROJN_SPECIALIZATION_ANTIQUARIAN,,Specialization: Antiquarian,専門化：骨董品収集家,Spezialisierung: Antiquar,Spécialisation : Antiquaire,Especialización: Anticuario,Especialização: Antiquário,Специализация: Антиквар,Specializzazione: Antiquario,專精：古董收藏家,专精：古物专家,전문화: 골동품 수집가,Specjalizacja: Antykwariusz,Спеціалізація: Антиквар,Specialisatie: Antiquair,Uzmanlık: Antikacı
L_PROJD_SPECIALIZATION_ANTIQUARIAN,,"After completing this Project, you can change your specialization to ""Antiquarian"".\n\n{1}",このプロジェクトを完了すると、専門を「骨董家」に変更できます。\n\n{1},"Nach Abschluss dieses Projekts kannst du deine Spezialisierung zu „Antiquar"" ändern.\n\n{1}","Après avoir terminé ce Projet, vous pourrez changer votre spécialisation en ""Antiquaire"".\n\n{1}","Después de completar este Proyecto, puedes cambiar tu especialización a ""Anticuario"".\n\n{1}","Após completar este Projeto, você pode mudar sua especialização para ""Antiquário"".\n\n{1}","После завершения этого Проекта вы сможете изменить свою специализацию на ""Антиквар"".\n\n{1}","Dopo aver completato questo Progetto, puoi cambiare la tua specializzazione in ""Antiquario"".\n\n{1}",完成此專案後，你可以將你的專精變更為「古董收藏家」。\n\n{1},"完成此工程后，你可以将你的专精更改为""古物专家""。\n\n{1}","이 프로젝트를 완료하면 전문화를 ""골동품 수집가""로 변경할 수 있습니다.\n\n{1}","Po ukończeniu tego Projektu możesz zmienić swoją specjalizację na „Antykwariusz"".\n\n{1}","Після завершення цього Проекту ви зможете змінити свою спеціалізацію на ""Антиквар"".\n\n{1}","Na het voltooien van dit Project kun je je specialisatie veranderen naar ""Antiquair"".\n\n{1}","Bu Projeyi tamamladıktan sonra, uzmanlığınızı ""Antikacı"" olarak değiştirebilirsiniz.\n\n{1}"
